alignment,beat_of_occurrence,crash_date,crash_day_of_week,crash_hour,crash_month,crash_record_id,crash_type,damage,device_condition,first_crash_type,latitude,lighting_condition,longitude,num_units,posted_speed_limit,prim_contributory_cause,road_defect,roadway_surface_cond,sec_contributory_cause,street_direction,street_no,traffic_control_device,trafficway_type,weather_condition,private_property_i,hit_and_run_i,intersection_related_i,crash_date_est_i,work_zone_i,workers_present_i,veh_count,ppl_count,veh_area_01_i_list_json,veh_area_02_i_list_json,veh_area_12_i_list_json,veh_crash_date_list_json,veh_crash_unit_id_list_json,veh_first_contact_point_list_json,veh_lic_plate_state_list_json,veh_make_list_json,veh_maneuver_list_json,veh_model_list_json,veh_occupant_cnt_list_json,veh_travel_direction_list_json,veh_unit_no_list_json,veh_unit_type_list_json,veh_vehicle_defect_list_json,veh_vehicle_id_list_json,veh_vehicle_type_list_json,veh_vehicle_use_list_json,veh_vehicle_year_list_json,veh_area_03_i_list_json,veh_area_04_i_list_json,veh_area_11_i_list_json,veh_towed_by_list_json,veh_towed_i_list_json,veh_area_07_i_list_json,veh_area_99_i_list_json,veh_area_09_i_list_json,veh_area_10_i_list_json,veh_cmrc_veh_i_list_json,veh_num_passengers_list_json,veh_area_08_i_list_json,veh_area_00_i_list_json,veh_area_05_i_list_json,veh_area_06_i_list_json,veh_towed_to_list_json,ppl_age_list_json,ppl_airbag_deployed_list_json,ppl_bac_result_list_json,ppl_city_list_json,ppl_crash_date_list_json,ppl_driver_action_list_json,ppl_driver_vision_list_json,ppl_drivers_license_class_list_json,ppl_drivers_license_state_list_json,ppl_ejection_list_json,ppl_hospital_list_json,ppl_person_id_list_json,ppl_person_type_list_json,ppl_physical_condition_list_json,ppl_safety_equipment_list_json,ppl_sex_list_json,ppl_state_list_json,ppl_vehicle_id_list_json,ppl_zipcode_list_json,ppl_ems_agency_list_json,ppl_seat_no_list_json,ppl_pedpedal_action_list_json,ppl_pedpedal_location_list_json,ppl_pedpedal_visibility_list_json,ppl_ems_run_no_list_json,year,month,hour,day,is_weekend,hour_bin,lat_bin,lng_bin,grid_id,ppl_age_mean,ppl_age_min,ppl_age_max,prim_contributory_cause_group,ksi_flag
STRAIGHT AND LEVEL,733,2025-10-10 20:00:00,6,20,10,BE1F6A7B8041639F7A03FFE477B2DB8A78E5B472E5D2FD7808F635932B0C6CBB200B34C0012693045811D4D42BBF0C5E8F43CA794BEAEA8C6A4586A8DA2BED44,NO INJURY / DRIVE AWAY,"OVER $1,500",NO CONTROLS,REAR END,41.7687116971,UNKNOWN,-87.6455777807,2,20,UNABLE TO DETERMINE,NO DEFECTS,UNKNOWN,NOT APPLICABLE,W,825,NO CONTROLS,PARKING LOT,CLEAR,0.0,1.0,0.0,0.0,0.0,1.0,1,1,[],[],[],"[""2025-10-10T20:00:00.000""]","[""2168182"", ""2168183""]","[""REAR"", ""UNKNOWN""]","[""IL""]","[""TOYOTA"", ""UNKNOWN""]","[""SLOW/STOP IN TRAFFIC"", ""STRAIGHT AHEAD""]","[""CAMRY"", ""OTHER (EXPLAIN IN NARRATIVE)""]","[""1""]","[""UNKNOWN""]","[""1"", ""2""]","[""DRIVER""]","[""UNKNOWN""]","[""2066804"", ""2066811""]","[""PASSENGER"", ""UNKNOWN/NA""]","[""UNKNOWN/NA""]","[""2025""]",[],[],[],[],[],[],"[""Y""]",[],[],[],[],[],[],[],[],[],['59'],"[""DEPLOYMENT UNKNOWN"", ""DID NOT DEPLOY""]","[""TEST NOT OFFERED""]","[""CHICAGO""]","[""2025-10-10T20:00:00.000""]","[""FAILED TO YIELD"", ""NONE""]","[""UNKNOWN""]","[""D""]","[""IL""]","[""NONE""]",[],"[""O2168182"", ""O2168183""]","[""DRIVER""]","[""NORMAL"", ""UNKNOWN""]","[""SAFETY BELT USED"", ""USAGE UNKNOWN""]","[""M""]","[""IL""]","[""2066804"", ""2066811""]","[""60617""]",[],[],[],[],[],[],2025,10,20,10,False,evening,41.77,-87.65,41.77_-87.65,59.0,59,59,OTHER,0
STRAIGHT AND LEVEL,235,2025-10-10 20:00:00,6,20,10,3BCB59BA4B511CCB341452A3CE53E796BF34820594BEAE17A541F9D2173D526E55728EAF1C7B8E017C645095E8A5A751BDC433F8B7B78A31BFD552C060632EAC,NO INJURY / DRIVE AWAY,"OVER $1,500",NO CONTROLS,SIDESWIPE SAME DIRECTION,41.794921069,DARKNESS,-87.5998520311,2,30,UNABLE TO DETERMINE,NO DEFECTS,DRY,NOT APPLICABLE,E,1055,NO CONTROLS,DIVIDED - W/MEDIAN (NOT RAISED),CLEAR,0.0,0.0,0.0,0.0,0.0,1.0,1,2,"[""Y""]","[""Y""]","[""Y""]","[""2025-10-10T20:00:00.000""]","[""2167952"", ""2167953""]","[""FRONT-LEFT-CORNER"", ""SIDE-RIGHT""]","[""IL""]","[""LEXUS"", ""UNKNOWN""]","[""ENTERING TRAFFIC LANE FROM PARKING"", ""PASSING/OVERTAKING""]","[""OTHER (EXPLAIN IN NARRATIVE)"", ""RX350""]","[""1"", ""2""]","[""E""]","[""1"", ""2""]","[""DRIVER""]","[""NONE"", ""UNKNOWN""]","[""2066587"", ""2066613""]","[""PASSENGER""]","[""PERSONAL""]","[""2022""]","[""Y""]",[],"[""Y""]",[],[],[],[],[],[],[],"[""1""]",[],[],[],[],[],"['12', '83']","[""NOT APPLICABLE""]","[""TEST NOT OFFERED""]","[""CHICAGO""]","[""2025-10-10T20:00:00.000""]","[""IMPROPER PASSING"", ""NONE""]","[""NOT OBSCURED"", ""PARKED VEHICLES""]","[""D""]","[""IL"", ""XX""]","[""NONE""]",[],"[""O2167952"", ""O2167953"", ""P478349""]","[""DRIVER"", ""PASSENGER""]","[""NORMAL"", ""UNKNOWN""]","[""SAFETY BELT USED"", ""USAGE UNKNOWN""]","[""F"", ""M""]","[""IL""]","[""2066587"", ""2066613""]","[""60637"", ""60643""]",[],"[""3""]",[],[],[],[],2025,10,20,10,False,evening,41.79,-87.6,41.79_-87.6,47.5,12,83,OTHER,0
STRAIGHT AND LEVEL,1913,2025-10-10 19:50:00,6,19,10,CB0533991A7C1AE249E1446EAFD15A227D9261B2425C1175C3AD1C2D606655AF3F14BECC041EB1BCAE5930FFBF60A56F770D3E3DBB2D4D60A29E7D9FBF3BF1A6,NO INJURY / DRIVE AWAY,"OVER $1,500",NO CONTROLS,PARKED MOTOR VEHICLE,41.9689141215,"DARKNESS, LIGHTED ROAD",-87.6597349219,2,30,UNABLE TO DETERMINE,NO DEFECTS,DRY,NOT APPLICABLE,W,1201,NO CONTROLS,NOT DIVIDED,CLEAR,0.0,1.0,0.0,0.0,0.0,1.0,2,0,[],[],[],"[""2025-10-10T19:50:00.000""]","[""2169439"", ""2169440""]","[""FRONT-LEFT-CORNER"", ""REAR-RIGHT-CORNER""]","[""IL""]","[""CHEVROLET"", ""TOYOTA""]","[""BACKING"", ""PARKED""]","[""RAV4"", ""TRAX""]","[""0"", ""1""]","[""E"", ""W""]","[""1"", ""2""]","[""DRIVER"", ""PARKED""]","[""NONE""]","[""2067988"", ""2067989""]","[""PASSENGER""]","[""PERSONAL""]","[""2015"", ""2019""]",[],[],"[""Y""]",[],[],[],[],[],[],[],[],[],[],"[""Y""]","[""Y""]",[],[],"[""DID NOT DEPLOY""]","[""TEST NOT OFFERED""]",[],"[""2025-10-10T19:50:00.000""]","[""NONE""]","[""NOT OBSCURED""]",[],[],"[""NONE""]",[],"[""O2169439""]","[""DRIVER""]","[""UNKNOWN""]","[""USAGE UNKNOWN""]","[""M""]",[],"[""2067988""]",[],[],[],[],[],[],[],2025,10,19,10,False,evening,41.97,-87.66,41.97_-87.66,0.0,0,0,OTHER,0
STRAIGHT AND LEVEL,433,2025-10-10 19:45:00,6,19,10,1F90261AC491956EAF8663164990489ABC6768F8F8D8924186CD7166A412E25050181951583D2449E8B23698DD0A98535D29392AF831B457B1ED5173F9B36391,NO INJURY / DRIVE AWAY,"OVER $1,500",NO CONTROLS,SIDESWIPE SAME DIRECTION,41.6917001581,UNKNOWN,-87.5260593173,2,30,UNABLE TO DETERMINE,UNKNOWN,UNKNOWN,NOT APPLICABLE,E,4023,STOP SIGN/FLASHER,UNKNOWN,CLEAR,0.0,0.0,0.0,0.0,0.0,1.0,1,2,[],[],[],"[""2025-10-10T19:45:00.000""]","[""2167747"", ""2167748""]","[""SIDE-LEFT-FRONT"", ""SIDE-RIGHT-REAR""]","[""IL""]","[""BUICK"", ""HONDA""]","[""SKIDDING/CONTROL LOSS"", ""STRAIGHT AHEAD""]","[""CIVIC"", ""ENCLAVE""]","[""1""]","[""E""]","[""1"", ""2""]","[""DRIVER""]","[""UNKNOWN""]","[""2066385"", ""2066390""]","[""PASSENGER""]","[""UNKNOWN/NA""]","[""2012"", ""2014""]",[],[],"[""Y""]",[],[],[],[],[],[],[],[],[],[],[],[],[],"['19', '28']","[""DID NOT DEPLOY""]","[""TEST NOT OFFERED""]","[""CHICAGO""]","[""2025-10-10T19:45:00.000""]","[""UNKNOWN""]","[""UNKNOWN""]","[""D""]","[""IL""]","[""NONE""]",[],"[""O2167747"", ""O2167748""]","[""DRIVER""]","[""NORMAL""]","[""SAFETY BELT USED""]","[""F"", ""M""]","[""IL""]","[""2066385"", ""2066390""]","[""60617""]",[],[],[],[],[],[],2025,10,19,10,False,evening,41.69,-87.53,41.69_-87.53,23.5,19,28,OTHER,0
STRAIGHT AND LEVEL,511,2025-10-10 19:44:00,6,19,10,65F8A6825F7D0C3C6A4D6F5AB9103C2A746A7603FF6C27548DD1E3788089F2695B10A466538110597ECEC88E89E268607B0E9A10227D49DCCAAF2152FACF4A92,INJURY AND / OR TOW DUE TO CRASH,"OVER $1,500",NO CONTROLS,FIXED OBJECT,41.7214980333,UNKNOWN,-87.6323224319,1,30,UNABLE TO DETERMINE,UNKNOWN,UNKNOWN,UNABLE TO DETERMINE,W,331,NO CONTROLS,DIVIDED - W/MEDIAN BARRIER,CLEAR,0.0,1.0,0.0,0.0,0.0,1.0,1,0,"[""Y""]",[],"[""Y""]","[""2025-10-10T19:44:00.000""]","[""2167791""]","[""FRONT""]","[""IL""]","[""CHEVROLET""]","[""UNKNOWN/NA""]","[""IMPALA""]","[""1""]","[""E""]","[""1""]","[""DRIVER""]","[""UNKNOWN""]","[""2066432""]","[""PASSENGER""]","[""UNKNOWN/NA""]","[""2016""]",[],[],"[""Y""]",[],[],[],[],[],"[""Y""]",[],[],[],[],[],[],[],[],"[""DEPLOYMENT UNKNOWN""]","[""TEST NOT OFFERED""]",[],"[""2025-10-10T19:44:00.000""]","[""UNKNOWN""]","[""UNKNOWN""]",[],[],"[""UNKNOWN""]",[],"[""O2167791""]","[""DRIVER""]","[""UNKNOWN""]","[""USAGE UNKNOWN""]","[""X""]",[],"[""2066432""]",[],[],[],[],[],[],[],2025,10,19,10,False,evening,41.72,-87.63,41.72_-87.63,0.0,0,0,OTHER,1
STRAIGHT AND LEVEL,1922,2025-10-10 19:41:00,6,19,10,BC33671FD3D4C9E6AEBABE80BB9BAFE4919D69859C8F31B663F824E1F60BB299B4AD080257C2C939D2857A524BCA99D8370EFC8E7915E8DD737CA13C16A0A33F,NO INJURY / DRIVE AWAY,"$501 - $1,500",NO CONTROLS,SIDESWIPE SAME DIRECTION,41.9397446157,DARKNESS,-87.6685161011,2,30,FAILING TO YIELD RIGHT-OF-WAY,UNKNOWN,DRY,FAILING TO YIELD RIGHT-OF-WAY,N,3201,NO CONTROLS,NOT DIVIDED,CLEAR,0.0,0.0,0.0,0.0,0.0,1.0,1,2,"[""Y""]",[],[],"[""2025-10-10T19:41:00.000""]","[""2167734"", ""2167735""]","[""FRONT-RIGHT-CORNER"", ""SIDE-LEFT""]","[""IL""]","[""CHEVROLET"", ""VOLKSWAGEN""]","[""STRAIGHT AHEAD""]","[""GOLF"", ""TRAVERSE""]","[""1""]","[""N""]","[""1"", ""2""]","[""DRIVER""]","[""UNKNOWN""]","[""2066383"", ""2066386""]","[""PASSENGER""]","[""PERSONAL""]","[""2018"", ""2023""]",[],[],[],[],[],[],[],"[""Y""]","[""Y""]",[],[],"[""Y""]",[],[],[],[],"['17', '34']","[""DID NOT DEPLOY""]","[""TEST NOT OFFERED""]","[""CHICAGO"", ""DES PLAINES""]","[""2025-10-10T19:41:00.000""]","[""FAILED TO YIELD"", ""NONE""]","[""UNKNOWN""]","[""D""]","[""IL""]","[""NONE""]",[],"[""O2167734"", ""O2167735""]","[""DRIVER""]","[""NORMAL""]","[""USAGE UNKNOWN""]","[""F"", ""M""]","[""IL""]","[""2066383"", ""2066386""]","[""60016"", ""60647""]",[],[],[],[],[],[],2025,10,19,10,False,evening,41.94,-87.67,41.94_-87.67,25.5,17,34,FAILURE-TO-YIELD,0
STRAIGHT AND LEVEL,2521,2025-10-10 19:40:00,6,19,10,F90F6EA29E32BC76E620CEF99D08FEB8D691FB03F9036CDE1647D4A0889EF3EB4AF5877E4688F02D7EE53AE65E82C4B9802813C7DF6404B4C85C49B28D12E87A,NO INJURY / DRIVE AWAY,"OVER $1,500",NO CONTROLS,PARKED MOTOR VEHICLE,41.9317030936,UNKNOWN,-87.74199681,2,30,NOT APPLICABLE,UNKNOWN,UNKNOWN,NOT APPLICABLE,W,4600,NO CONTROLS,PARKING LOT,CLEAR,1.0,0.0,0.0,0.0,0.0,1.0,2,1,"[""Y""]",[],"[""Y""]","[""2025-10-10T19:40:00.000""]","[""2167769"", ""2167770""]","[""FRONT"", ""SIDE-RIGHT-REAR""]","[""IL""]","[""HONDA"", ""JEEP""]","[""PARKED"", ""STRAIGHT AHEAD""]","[""CHEROKEE"", ""CIVIC""]","[""0"", ""1""]","[""UNKNOWN"", ""W""]","[""1"", ""2""]","[""DRIVER"", ""PARKED""]","[""UNKNOWN""]","[""2066406"", ""2066408""]","[""PASSENGER""]","[""UNKNOWN/NA""]","[""2008"", ""2012""]","[""Y""]","[""Y""]","[""Y""]",[],[],[],[],[],[],[],[],[],[],[],[],[],['23'],"[""DEPLOYMENT UNKNOWN""]","[""TEST NOT OFFERED""]","[""CHICAGO""]","[""2025-10-10T19:40:00.000""]","[""UNKNOWN""]","[""UNKNOWN""]","[""D""]","[""IL""]","[""UNKNOWN""]","[""COMMUNITY FIRST MEDICAL CENTER""]","[""O2167769""]","[""DRIVER""]","[""UNKNOWN""]","[""USAGE UNKNOWN""]","[""M""]","[""IL""]","[""2066406""]","[""60641""]",[],[],[],[],[],[],2025,10,19,10,False,evening,41.93,-87.74,41.93_-87.74,23.0,23,23,OTHER,0
STRAIGHT AND LEVEL,1532,2025-10-10 19:40:00,6,19,10,2793CB49BDECAF56DE96F28BE0A3C05FAFABD9F2B75FAA72976DEAB1E9E64A1C2CF61BD1F6DF9F25900F98392A792C44B6D806B913A0847354E8A92D41E1C3E3,NO INJURY / DRIVE AWAY,"OVER $1,500",NO CONTROLS,SIDESWIPE SAME DIRECTION,41.8913336778,DARKNESS,-87.7458246236,2,30,IMPROPER OVERTAKING/PASSING,NO DEFECTS,DRY,NOT APPLICABLE,N,556,NO CONTROLS,NOT DIVIDED,CLEAR,0.0,0.0,0.0,0.0,0.0,1.0,1,2,"[""Y""]",[],[],"[""2025-10-10T19:40:00.000""]","[""2167773"", ""2167774""]","[""FRONT-RIGHT-CORNER"", ""SIDE-LEFT""]","[""IL""]","[""FORD"", ""INFINITI""]","[""STRAIGHT AHEAD""]","[""ESCAPE"", ""OTHER (EXPLAIN IN NARRATIVE)""]","[""1"", ""3""]","[""N""]","[""1"", ""2""]","[""DRIVER""]","[""NONE""]","[""2066421"", ""2066423""]","[""SPORT UTILITY VEHICLE (SUV)""]","[""PERSONAL""]","[""2013"", ""2015""]",[],[],"[""Y""]",[],[],"[""Y""]",[],"[""Y""]","[""Y""]",[],"[""2""]","[""Y""]",[],[],[],[],"['31', '55']","[""DID NOT DEPLOY""]","[""TEST NOT OFFERED""]","[""CHICAGO""]","[""2025-10-10T19:40:00.000""]","[""IMPROPER LANE CHANGE"", ""NONE""]","[""NOT OBSCURED""]","[""D""]","[""IL""]","[""NONE""]",[],"[""O2167773"", ""O2167774"", ""P478301"", ""P478302""]","[""DRIVER"", ""PASSENGER""]","[""NORMAL""]","[""SAFETY BELT USED"", ""USAGE UNKNOWN""]","[""F"", ""M""]","[""IL""]","[""2066421"", ""2066423""]","[""60612"", ""60651""]",[],"[""3"", ""6""]",[],[],[],[],2025,10,19,10,False,evening,41.89,-87.75,41.89_-87.75,43.0,31,55,OTHER,0
STRAIGHT AND LEVEL,923,2025-10-10 19:30:00,6,19,10,A3F71941EF190139A0EB970407EFA6B8D13B4EBFB9CCC72AD4853D32620945EDFCD28A4DA1431C953A498A6D65F96E58CAD4C8DA4657C13D59DA044B74D9AE4A,NO INJURY / DRIVE AWAY,"OVER $1,500",NO CONTROLS,SIDESWIPE OPPOSITE DIRECTION,41.795174135,DUSK,-87.6839261096,2,10,IMPROPER BACKING,UNKNOWN,DRY,IMPROPER BACKING,S,5401,NO CONTROLS,PARKING LOT,CLEAR,0.0,0.0,0.0,1.0,0.0,1.0,1,2,[],[],[],"[""2025-10-10T19:30:00.000""]","[""2167730"", ""2167731""]","[""SIDE-LEFT"", ""SIDE-RIGHT""]","[""IL""]","[""DODGE"", ""JEEP""]","[""BACKING"", ""STRAIGHT AHEAD""]","[""CHEROKEE"", ""GRAND CARAVAN""]","[""1""]","[""N"", ""S""]","[""1"", ""2""]","[""DRIVER""]","[""NONE"", ""UNKNOWN""]","[""2066369"", ""2066382""]","[""SPORT UTILITY VEHICLE (SUV)""]","[""PERSONAL"", ""UNKNOWN/NA""]","[""2015"", ""2020""]","[""Y""]","[""Y""]",[],[],[],"[""Y""]",[],"[""Y""]","[""Y""]",[],[],"[""Y""]",[],"[""Y""]",[],[],"['20', '46']","[""NOT APPLICABLE""]","[""TEST NOT OFFERED""]","[""CHICAGO""]","[""2025-10-10T19:30:00.000""]","[""IMPROPER BACKING"", ""NONE""]","[""UNKNOWN""]","[""D""]","[""IL""]","[""NONE""]",[],"[""O2167730"", ""O2167731""]","[""DRIVER""]","[""UNKNOWN""]","[""SAFETY BELT USED"", ""USAGE UNKNOWN""]","[""M""]","[""IL""]","[""2066369"", ""2066382""]","[""60609"", ""60636""]",[],[],[],[],[],[],2025,10,19,10,False,evening,41.8,-87.68,41.8_-87.68,33.0,20,46,OTHER,0
STRAIGHT AND LEVEL,1712,2025-10-10 19:23:00,6,19,10,BD8C9FECE641E0C3B3ED304287CECF09A41D812A65D7A05037CA313571AC06D37F8626360C8AC0F9C76F7E4D5FBABBA2A1EDD93F2ED596FF6C1AAD68BB311FD4,NO INJURY / DRIVE AWAY,"OVER $1,500",NO CONTROLS,PARKED MOTOR VEHICLE,41.9708301936,"DARKNESS, LIGHTED ROAD",-87.7282497453,2,10,IMPROPER BACKING,NO DEFECTS,DRY,UNABLE TO DETERMINE,N,4924,NO CONTROLS,PARKING LOT,CLEAR,0.0,1.0,0.0,0.0,0.0,1.0,2,0,[],"[""Y""]",[],"[""2025-10-10T19:23:00.000""]","[""2167739"", ""2167740""]","[""REAR-LEFT-CORNER"", ""SIDE-RIGHT""]","[""IL""]","[""HYUNDAI"", ""SUBARU""]","[""BACKING"", ""PARKED""]","[""ACCENT"", ""OUTBACK""]","[""0"", ""1""]","[""E"", ""W""]","[""1"", ""2""]","[""DRIVER"", ""PARKED""]","[""NONE"", ""UNKNOWN""]","[""2066376"", ""2066387""]","[""PASSENGER""]","[""NOT IN USE"", ""UNKNOWN/NA""]","[""2011"", ""2013""]","[""Y""]","[""Y""]",[],[],[],"[""Y""]",[],[],[],[],[],[],[],[],[],[],[],"[""DEPLOYMENT UNKNOWN""]","[""TEST NOT OFFERED""]",[],"[""2025-10-10T19:23:00.000""]","[""IMPROPER BACKING""]","[""UNKNOWN""]",[],[],"[""NONE""]",[],"[""O2167739""]","[""DRIVER""]","[""UNKNOWN""]","[""USAGE UNKNOWN""]","[""M""]",[],"[""2066376""]",[],[],[],[],[],[],[],2025,10,19,10,False,evening,41.97,-87.73,41.97_-87.73,0.0,0,0,OTHER,0
STRAIGHT AND LEVEL,833,2025-10-10 19:16:00,6,19,10,7EDC481DB74171366A7D12C8BE7FAE9E5179FD2F8DB32398A9C3F70452DC402EF61CE6065A3E9E7E4088B692115DEDFF12146DEBF6A9039AF9A88B89F0C4F8E4,NO INJURY / DRIVE AWAY,"$501 - $1,500",FUNCTIONING PROPERLY,TURNING,41.7715577567,DUSK,-87.7177986964,2,30,NOT APPLICABLE,NO DEFECTS,DRY,NOT APPLICABLE,W,3800,STOP SIGN/FLASHER,NOT DIVIDED,CLEAR,0.0,0.0,0.0,0.0,0.0,1.0,1,2,[],[],[],"[""2025-10-10T19:16:00.000""]","[""2167714"", ""2167715""]","[""FRONT-LEFT-CORNER""]","[""IL""]","[""CHEVROLET"", ""HONDA""]","[""STRAIGHT AHEAD"", ""TURNING LEFT""]","[""CIVIC"", ""CORVETTE""]","[""1"", ""4""]","[""E"", ""W""]","[""1"", ""2""]","[""DRIVER""]","[""NONE""]","[""2066356"", ""2066364""]","[""PASSENGER""]","[""PERSONAL""]","[""2012"", ""2025""]",[],[],"[""Y""]",[],[],[],[],[],[],[],"[""3""]",[],[],[],[],[],"['22', '23']","[""DID NOT DEPLOY""]","[""TEST NOT OFFERED""]",[],"[""2025-10-10T19:16:00.000""]","[""NONE"", ""OTHER""]","[""NOT OBSCURED""]",[],"[""IL""]","[""NONE""]",[],"[""O2167714"", ""O2167715"", ""P478294"", ""P478295"", ""P478296""]","[""DRIVER"", ""PASSENGER""]","[""NORMAL""]","[""SAFETY BELT USED""]","[""F"", ""M""]",[],"[""2066356"", ""2066364""]",[],[],"[""3"", ""4"", ""5""]",[],[],[],[],2025,10,19,10,False,evening,41.77,-87.72,41.77_-87.72,22.5,22,23,OTHER,0
STRAIGHT AND LEVEL,1722,2025-10-10 19:07:00,6,19,10,E356C9D150FAFAA49E3BB5FD1E329237BC9BBD3B46795771F7AAEDBCD553941A91402211B659EC5F8DE508FF19875C32CACD0177FFFBACD484ADBD11C85375AC,INJURY AND / OR TOW DUE TO CRASH,"OVER $1,500",FUNCTIONING PROPERLY,ANGLE,41.9680927252,"DARKNESS, LIGHTED ROAD",-87.7365184744,2,30,FAILING TO YIELD RIGHT-OF-WAY,UNKNOWN,UNKNOWN,FAILING TO REDUCE SPEED TO AVOID CRASH,N,4799,STOP SIGN/FLASHER,FOUR WAY,CLEAR,0.0,0.0,1.0,0.0,0.0,1.0,1,4,"[""N"", ""Y""]",[],"[""Y""]","[""2025-10-10T19:07:00.000""]","[""2167756"", ""2167757""]","[""FRONT"", ""FRONT-LEFT-CORNER""]","[""IL""]","[""FORD"", ""TOYOTA""]","[""STRAIGHT AHEAD""]","[""FUSION"", ""RAV4""]","[""1"", ""3""]","[""E"", ""S""]","[""1"", ""2""]","[""DRIVER""]","[""NONE""]","[""2066395"", ""2066411""]","[""PASSENGER"", ""SPORT UTILITY VEHICLE (SUV)""]","[""PERSONAL""]","[""2014"", ""2017""]",[],[],"[""Y""]","[""Unknown""]","[""Y""]",[],[],[],"[""Y""]",[],"[""2""]",[],[],[],[],"[""Unknown""]","['17', '28', '33', '36']","[""DID NOT DEPLOY""]","[""TEST NOT OFFERED""]","[""CHICAGO"", ""MORTON GROVE""]","[""2025-10-10T19:07:00.000""]","[""FAILED TO YIELD"", ""NONE""]","[""NOT OBSCURED""]","[""D""]","[""IL""]","[""NONE""]","[""SWEDISH COVENANT HOSPITAL""]","[""O2167756"", ""O2167757"", ""P478299"", ""P478300""]","[""DRIVER"", ""PASSENGER""]","[""NORMAL""]","[""USAGE UNKNOWN""]","[""F"", ""M""]","[""IL""]","[""2066395"", ""2066411""]","[""60053"", ""60626""]","[""CFD AMBULANCE #47""]","[""3"", ""6""]",[],[],[],"[""47""]",2025,10,19,10,False,evening,41.97,-87.74,41.97_-87.74,28.5,17,36,FAILURE-TO-YIELD,1
STRAIGHT AND LEVEL,1233,2025-10-10 19:00:00,6,19,10,66917CA22736B8116C3AACCC9B60EEE388FA163703A6A44E3FDB5C6EF510DFFAE632F1EA3BA702B9025BAAA9FC71D595DE5E221365984DE9C9AE3A317B2BA244,NO INJURY / DRIVE AWAY,$500 OR LESS,NO CONTROLS,PARKED MOTOR VEHICLE,41.8593902507,UNKNOWN,-87.6600212672,2,25,UNABLE TO DETERMINE,UNKNOWN,UNKNOWN,NOT APPLICABLE,S,1612,NO CONTROLS,OTHER,CLEAR,0.0,1.0,0.0,1.0,0.0,1.0,2,0,[],[],[],"[""2025-10-10T19:00:00.000""]","[""2168002"", ""2168003""]","[""UNKNOWN""]",[],"[""CHEVROLET"", ""UNKNOWN""]","[""PARKED"", ""UNKNOWN/NA""]","[""EQUINOX"", ""OTHER (EXPLAIN IN NARRATIVE)""]","[""0"", ""1""]","[""S"", ""UNKNOWN""]","[""1"", ""2""]","[""DRIVER"", ""PARKED""]","[""UNKNOWN""]","[""2066636"", ""2066639""]","[""PASSENGER"", ""UNKNOWN/NA""]","[""UNKNOWN/NA""]","[""2020""]",[],[],[],[],[],"[""Y""]","[""Y""]",[],[],[],[],"[""Y""]",[],[],[],[],[],"[""DEPLOYMENT UNKNOWN""]","[""TEST NOT OFFERED""]",[],"[""2025-10-10T19:00:00.000""]","[""UNKNOWN""]","[""UNKNOWN""]",[],[],"[""UNKNOWN""]",[],"[""O2168002""]","[""DRIVER""]","[""UNKNOWN""]","[""USAGE UNKNOWN""]","[""X""]",[],"[""2066636""]",[],[],[],[],[],[],[],2025,10,19,10,False,evening,41.86,-87.66,41.86_-87.66,0.0,0,0,OTHER,0
STRAIGHT AND LEVEL,533,2025-10-10 19:00:00,6,19,10,01DEA2E025282D255568E749DDF032A4A731B56427B43BA780AB9D8F3064A03016B8EBE5D10ED9143FB43BCF997E20346C83611F227949D00B45B79A985D4300,NO INJURY / DRIVE AWAY,$500 OR LESS,FUNCTIONING PROPERLY,TURNING,41.6535880085,"DARKNESS, LIGHTED ROAD",-87.6173961228,2,30,UNABLE TO DETERMINE,NO DEFECTS,WET,NOT APPLICABLE,S,13300,STOP SIGN/FLASHER,NOT DIVIDED,CLEAR,0.0,1.0,1.0,0.0,0.0,1.0,1,1,[],[],[],"[""2025-10-10T19:00:00.000""]","[""2167726"", ""2167727""]","[""FRONT-LEFT-CORNER""]","[""IL""]","[""HONDA"", ""NOVA BUS""]","[""STRAIGHT AHEAD"", ""TURNING RIGHT""]","[""CR-V"", ""OTHER (EXPLAIN IN NARRATIVE)""]","[""1""]","[""S"", ""W""]","[""1"", ""2""]","[""DRIVER""]","[""NONE"", ""UNKNOWN""]","[""2066363"", ""2066377""]","[""BUS OVER 15 PASS."", ""PASSENGER""]","[""CTA"", ""PERSONAL""]","[""2017"", ""2025""]",[],[],"[""Y""]",[],[],[],[],[],[],[],[],[],[],[],[],[],['58'],"[""DEPLOYMENT UNKNOWN"", ""NOT APPLICABLE""]","[""TEST NOT OFFERED""]","[""LANSING""]","[""2025-10-10T19:00:00.000""]","[""DISREGARDED CONTROL DEVICES"", ""NONE""]","[""NOT OBSCURED"", ""UNKNOWN""]","[""B""]",[],"[""NONE""]",[],"[""O2167726"", ""O2167727""]","[""DRIVER""]","[""NORMAL"", ""UNKNOWN""]","[""USAGE UNKNOWN""]","[""F"", ""M""]","[""IL""]","[""2066363"", ""2066377""]","[""60438""]",[],[],[],[],[],[],2025,10,19,10,False,evening,41.65,-87.62,41.65_-87.62,58.0,58,58,OTHER,0