alignment,beat_of_occurrence,crash_date,crash_day_of_week,crash_hour,crash_month,crash_record_id,crash_type,damage,device_condition,first_crash_type,latitude,lighting_condition,longitude,num_units,posted_speed_limit,prim_contributory_cause,road_defect,roadway_surface_cond,sec_contributory_cause,street_direction,street_no,traffic_control_device,trafficway_type,weather_condition,private_property_i,hit_and_run_i,intersection_related_i,crash_date_est_i,work_zone_i,workers_present_i,veh_count,ppl_count,veh_area_01_i_list_json,veh_area_02_i_list_json,veh_area_12_i_list_json,veh_crash_date_list_json,veh_crash_unit_id_list_json,veh_first_contact_point_list_json,veh_lic_plate_state_list_json,veh_make_list_json,veh_maneuver_list_json,veh_model_list_json,veh_occupant_cnt_list_json,veh_travel_direction_list_json,veh_unit_no_list_json,veh_unit_type_list_json,veh_vehicle_defect_list_json,veh_vehicle_id_list_json,veh_vehicle_type_list_json,veh_vehicle_use_list_json,veh_vehicle_year_list_json,veh_area_03_i_list_json,veh_area_04_i_list_json,veh_area_11_i_list_json,veh_towed_by_list_json,veh_towed_i_list_json,veh_area_07_i_list_json,veh_area_99_i_list_json,veh_area_09_i_list_json,veh_area_10_i_list_json,veh_cmrc_veh_i_list_json,veh_num_passengers_list_json,veh_area_08_i_list_json,veh_area_00_i_list_json,veh_area_05_i_list_json,veh_area_06_i_list_json,veh_towed_to_list_json,ppl_age_list_json,ppl_airbag_deployed_list_json,ppl_bac_result_list_json,ppl_city_list_json,ppl_crash_date_list_json,ppl_driver_action_list_json,ppl_driver_vision_list_json,ppl_drivers_license_class_list_json,ppl_drivers_license_state_list_json,ppl_ejection_list_json,ppl_hospital_list_json,ppl_person_id_list_json,ppl_person_type_list_json,ppl_physical_condition_list_json,ppl_safety_equipment_list_json,ppl_sex_list_json,ppl_state_list_json,ppl_vehicle_id_list_json,ppl_zipcode_list_json,ppl_ems_agency_list_json,ppl_seat_no_list_json,ppl_pedpedal_action_list_json,ppl_pedpedal_location_list_json,ppl_pedpedal_visibility_list_json,ppl_ems_run_no_list_json,year,month,hour,day,is_weekend,hour_bin,lat_bin,lng_bin,grid_id,ppl_age_mean,ppl_age_min,ppl_age_max,prim_contributory_cause_group,ksi_flag
STRAIGHT AND LEVEL,532,2025-10-10 19:00:00,6,19,10,E6948EAFDF67A11262E3A3AE2FCD8FC853E6EB670EE898B4F4E39C527855B78D539BD70A1E75E6FF6ABABC1A3821E6BECC2D11D0C99BAB669DF64024DED7F309,INJURY AND / OR TOW DUE TO CRASH,"$501 - $1,500",NO CONTROLS,PARKED MOTOR VEHICLE,41.671000869,"DARKNESS, LIGHTED ROAD",-87.6201520942,2,30,UNABLE TO DETERMINE,NO DEFECTS,DRY,NOT APPLICABLE,S,12253,NO CONTROLS,NOT DIVIDED,CLEAR,0.0,1.0,0.0,0.0,0.0,1.0,2,0,[],[],"[""Y""]","[""2025-10-10T19:00:00.000""]","[""2167775"", ""2167776""]","[""FRONT"", ""REAR""]","[""IL""]","[""BUICK"", ""UNKNOWN""]","[""PARKED"", ""STRAIGHT AHEAD""]","[""LACROSSE"", ""MOTORIZED""]","[""0"", ""1""]","[""S""]","[""1"", ""2""]","[""DRIVER"", ""PARKED""]","[""NONE"", ""UNKNOWN""]","[""2066417"", ""2066420""]","[""PASSENGER"", ""UNKNOWN/NA""]","[""PERSONAL"", ""UNKNOWN/NA""]","[""2012""]",[],[],[],"[""AAA""]","[""Y""]","[""Y""]",[],[],[],[],[],[],[],"[""Y""]","[""Y""]",[],[],"[""DEPLOYMENT UNKNOWN""]","[""TEST NOT OFFERED""]",[],"[""2025-10-10T19:00:00.000""]","[""UNKNOWN""]","[""UNKNOWN""]",[],[],"[""UNKNOWN""]",[],"[""O2167775""]","[""DRIVER""]","[""UNKNOWN""]","[""USAGE UNKNOWN""]","[""X""]",[],"[""2066417""]",[],[],[],[],[],[],[],2025,10,19,10,False,evening,41.67,-87.62,41.67_-87.62,0.0,0,0,OTHER,0
STRAIGHT AND LEVEL,1834,2025-10-10 19:00:00,6,19,10,D529FB82FB8440C0C460F71366E569344FA0B217BB6F9EA3E89FD3C548220CE74204E2920CB87D72C819404BB8B4A52AB1369CBFC422D220695BCFF889D4C108,NO INJURY / DRIVE AWAY,"$501 - $1,500",FUNCTIONING PROPERLY,TURNING,41.891134614,"DARKNESS, LIGHTED ROAD",-87.6153220048,2,30,UNABLE TO DETERMINE,UNKNOWN,DRY,UNABLE TO DETERMINE,N,500,TRAFFIC SIGNAL,DIVIDED - W/MEDIAN (NOT RAISED),CLEAR,0.0,0.0,0.0,0.0,0.0,1.0,1,2,[],"[""Y""]",[],"[""2025-10-10T19:00:00.000""]","[""2169171"", ""2169172""]","[""TOTAL (ALL AREAS)""]","[""IL""]","[""TESLA"", ""TOYOTA""]","[""STRAIGHT AHEAD"", ""TURNING LEFT""]","[""MODEL 3"", ""RAV4""]","[""1""]","[""E""]","[""1"", ""2""]","[""DRIVER""]","[""UNKNOWN""]","[""2067728"", ""2067739""]","[""PASSENGER""]","[""PERSONAL"", ""UNKNOWN/NA""]","[""2017"", ""2023""]","[""Y""]",[],"[""Y""]",[],[],[],[],"[""Y""]","[""Y""]",[],[],[],[],[],[],[],"['43', '66']","[""DID NOT DEPLOY""]","[""TEST NOT OFFERED""]","[""CHICAGO"", ""LA GRANGE""]","[""2025-10-10T19:00:00.000""]","[""UNKNOWN""]","[""UNKNOWN""]","[""D""]","[""IL""]","[""NONE"", ""UNKNOWN""]",[],"[""O2169171"", ""O2169172""]","[""DRIVER""]","[""NORMAL""]","[""SAFETY BELT USED""]","[""F"", ""M""]","[""IL""]","[""2067728"", ""2067739""]","[""60525""]",[],[],[],[],[],[],2025,10,19,10,False,evening,41.89,-87.62,41.89_-87.62,54.5,43,66,OTHER,0
STRAIGHT AND LEVEL,1131,2025-10-10 18:53:00,6,18,10,7B227CAF47E10030DCD034515ED2C2596BCDDDC5AFEAA84D379C8016805A2C5A40386AC7B7F1248A4755F568E5E2123040ABDEADBF449CF5826588F1B728FE09,NO INJURY / DRIVE AWAY,"$501 - $1,500",NO CONTROLS,REAR TO FRONT,41.8659794863,DARKNESS,-87.7446098835,2,30,IMPROPER OVERTAKING/PASSING,UNKNOWN,DRY,IMPROPER LANE USAGE,S,1159,TRAFFIC SIGNAL,NOT DIVIDED,CLEAR,0.0,1.0,1.0,0.0,0.0,1.0,1,1,"[""Y""]",[],[],"[""2025-10-10T18:53:00.000""]","[""2167741"", ""2167742""]","[""FRONT-RIGHT-CORNER"", ""REAR-LEFT-CORNER""]","[""IL""]","[""LEXUS"", ""TOYOTA""]","[""STRAIGHT AHEAD""]","[""CAMRY"", ""RX""]","[""1""]","[""N"", ""S""]","[""1"", ""2""]","[""DRIVER""]","[""UNKNOWN""]","[""2066380"", ""2066389""]","[""PASSENGER""]","[""PERSONAL""]","[""2003"", ""2007""]",[],[],[],[],[],"[""Y""]","[""N"", ""Y""]",[],[],[],[],[],[],[],[],[],['24'],"[""DEPLOYMENT UNKNOWN"", ""NOT APPLICABLE""]","[""TEST NOT OFFERED""]","[""CHICAGO""]","[""2025-10-10T18:53:00.000""]","[""IMPROPER PASSING"", ""UNKNOWN""]","[""UNKNOWN""]","[""D""]","[""IL""]","[""NONE""]",[],"[""O2167741"", ""O2167742""]","[""DRIVER""]","[""NORMAL"", ""UNKNOWN""]","[""USAGE UNKNOWN""]","[""F"", ""X""]","[""IL""]","[""2066380"", ""2066389""]","[""60624""]",[],[],[],[],[],[],2025,10,18,10,False,afternoon,41.87,-87.74,41.87_-87.74,24.0,24,24,OTHER,0
STRAIGHT AND LEVEL,813,2025-10-10 18:41:00,6,18,10,D69095F0B1FF0718BE50CBFD6E1E83FE654A0103D9EADEAA6EA34DD70D0F5D2E4800A5EF0603D91D57F1AB36E4C6659F8211DB14EC8CDB94F7C5DEC7B55E6D0D,NO INJURY / DRIVE AWAY,"OVER $1,500",NO CONTROLS,PARKED MOTOR VEHICLE,41.7773530495,DUSK,-87.7491609275,2,15,UNABLE TO DETERMINE,NO DEFECTS,DRY,UNABLE TO DETERMINE,W,5103,NO CONTROLS,ONE-WAY,CLEAR,0.0,0.0,0.0,0.0,0.0,1.0,2,1,[],[],[],"[""2025-10-10T18:41:00.000""]","[""2167745"", ""2167746""]","[""REAR-RIGHT-CORNER"", ""SIDE-LEFT""]","[""IL""]","[""CHEVROLET"", ""KIA""]","[""PARKED"", ""STRAIGHT AHEAD""]","[""SILVERADO"", ""TELLURIDE""]","[""0"", ""1""]","[""W""]","[""1"", ""2""]","[""DRIVER"", ""PARKED""]","[""NONE""]","[""2066391"", ""2066393""]","[""BUS OVER 15 PASS."", ""PASSENGER""]","[""NOT IN USE"", ""OTHER""]","[""2023"", ""2024""]","[""Y""]","[""Y""]",[],[],[],[],[],"[""Y""]","[""Y""]",[],[],[],[],"[""Y""]",[],[],['56'],"[""DID NOT DEPLOY""]","[""TEST NOT OFFERED""]","[""CHICAGO""]","[""2025-10-10T18:41:00.000""]","[""OTHER""]","[""UNKNOWN""]",[],"[""IL""]","[""NONE""]",[],"[""O2167745""]","[""DRIVER""]","[""NORMAL""]","[""SAFETY BELT USED""]","[""F""]","[""IL""]","[""2066391""]","[""60621""]",[],[],[],[],[],[],2025,10,18,10,False,afternoon,41.78,-87.75,41.78_-87.75,56.0,56,56,OTHER,0
STRAIGHT AND LEVEL,1524,2025-10-10 18:39:00,6,18,10,9F343822CEF55FB679DD3E0A3CC14D54898F2E1FEBBDBDF1D1C7C11378A1B36A8B0AA6C47B9EDD79C66F9082FC16327632D60C4621375358169F7B18922E835C,NO INJURY / DRIVE AWAY,"OVER $1,500",NO CONTROLS,SIDESWIPE SAME DIRECTION,41.8950221706,"DARKNESS, LIGHTED ROAD",-87.7579135766,2,30,UNABLE TO DETERMINE,NO DEFECTS,DRY,NOT APPLICABLE,W,5256,NO CONTROLS,DIVIDED - W/MEDIAN (NOT RAISED),CLEAR,0.0,0.0,0.0,0.0,0.0,1.0,1,1,"[""Y""]","[""Y""]",[],"[""2025-10-10T18:39:00.000""]","[""2167709"", ""2167710""]","[""FRONT-RIGHT-CORNER"", ""REAR-LEFT-CORNER""]","[""IL""]","[""NOVA BUS"", ""UNKNOWN""]","[""UNKNOWN/NA""]","[""ENCLOSED BODY"", ""LFS""]","[""1""]","[""W""]","[""1"", ""2""]","[""DRIVER""]","[""UNKNOWN""]","[""2066339"", ""2066347""]","[""BUS OVER 15 PASS."", ""PICKUP""]","[""CTA"", ""PERSONAL""]","[""2015""]","[""Y""]","[""Y""]",[],[],[],"[""Y""]",[],[],[],[],[],"[""Y""]",[],"[""Y""]",[],[],['34'],"[""DEPLOYMENT UNKNOWN"", ""DID NOT DEPLOY""]","[""TEST NOT OFFERED""]","[""CHICAGO""]","[""2025-10-10T18:39:00.000""]","[""NONE"", ""UNKNOWN""]","[""UNKNOWN""]","[""B""]","[""IL""]","[""NONE""]",[],"[""O2167709"", ""O2167710""]","[""DRIVER""]","[""NORMAL"", ""UNKNOWN""]","[""SAFETY BELT USED"", ""USAGE UNKNOWN""]","[""F"", ""X""]","[""IL""]","[""2066339"", ""2066347""]","[""60661""]",[],[],[],[],[],[],2025,10,18,10,False,afternoon,41.9,-87.76,41.9_-87.76,34.0,34,34,OTHER,0
STRAIGHT AND LEVEL,815,2025-10-10 18:30:00,6,18,10,FCE6887A1A57D0AA31E38017F11443A7C7A06FF7B92A8A8A1DA172548F545F08D05511C922EF4AB68441D3D5FE7C067B6866B664C9D050480E968DE19A2C26B5,NO INJURY / DRIVE AWAY,"OVER $1,500",FUNCTIONING PROPERLY,REAR END,41.8020598062,DAWN,-87.7428544963,2,30,UNABLE TO DETERMINE,NO DEFECTS,DRY,NOT APPLICABLE,S,5001,TRAFFIC SIGNAL,NOT DIVIDED,CLEAR,0.0,0.0,0.0,0.0,0.0,1.0,1,2,[],[],"[""Y""]","[""2025-10-10T18:30:00.000""]","[""2167760"", ""2167761""]","[""FRONT"", ""REAR""]","[""IL""]","[""CHEVROLET"", ""KIA""]","[""STRAIGHT AHEAD""]","[""TELLURIDE"", ""TRAX""]","[""1"", ""2""]","[""N""]","[""1"", ""2""]","[""DRIVER""]","[""NONE""]","[""2066396"", ""2066403""]","[""PASSENGER"", ""SPORT UTILITY VEHICLE (SUV)""]","[""PERSONAL""]","[""2017"", ""2024""]",[],[],[],[],[],[],[],[],[],[],"[""1""]",[],[],[],"[""Y""]",[],"['13', '43']","[""DID NOT DEPLOY""]","[""TEST NOT OFFERED""]","[""ALSIP"", ""COUNTRY CLUB HILLS""]","[""2025-10-10T18:30:00.000""]","[""NONE""]","[""NOT OBSCURED""]",[],"[""IL""]","[""NONE""]",[],"[""O2167760"", ""O2167761"", ""P478298""]","[""DRIVER"", ""PASSENGER""]","[""NORMAL""]","[""SAFETY BELT USED""]","[""F"", ""M""]","[""IL""]","[""2066396"", ""2066403""]","[""60803""]",[],"[""3""]",[],[],[],[],2025,10,18,10,False,afternoon,41.8,-87.74,41.8_-87.74,28.0,13,43,OTHER,0
STRAIGHT AND LEVEL,431,2025-10-10 18:30:00,6,18,10,2CA054EBF775EABD8A11E2A77F9B2BE9AD943752C0D578AC86F0D2BBA8310E219A689ADE4404A2D3F9A00D1CBA9FCEB431C0CBA970219484AE2F6BB32B79BD62,NO INJURY / DRIVE AWAY,"OVER $1,500",NO CONTROLS,PARKED MOTOR VEHICLE,41.7211763119,DUSK,-87.5690450283,2,20,UNABLE TO DETERMINE,NO DEFECTS,DRY,UNABLE TO DETERMINE,S,9600,NO CONTROLS,OTHER,CLEAR,0.0,1.0,0.0,0.0,0.0,1.0,2,2,[],[],"[""Y""]","[""2025-10-10T18:30:00.000""]","[""2167728"", ""2167729""]","[""FRONT-LEFT-CORNER"", ""REAR""]","[""IL""]","[""CHEVROLET""]","[""BACKING"", ""PARKED""]","[""OTHER (EXPLAIN IN NARRATIVE)""]","[""1""]","[""N"", ""S""]","[""1"", ""2""]","[""DRIVER"", ""PARKED""]","[""NONE"", ""UNKNOWN""]","[""2066372"", ""2066378""]","[""PASSENGER""]","[""PERSONAL""]","[""2017"", ""2022""]",[],[],"[""Y""]",[],[],"[""N""]","[""Y""]",[],[],[],"[""1""]",[],[],"[""Y""]","[""N""]",[],"['16', '39']","[""DEPLOYMENT UNKNOWN"", ""DID NOT DEPLOY""]","[""TEST NOT OFFERED""]","[""CHICAGO""]","[""2025-10-10T18:30:00.000""]","[""IMPROPER BACKING""]","[""UNKNOWN""]",[],[],"[""NONE"", ""UNKNOWN""]",[],"[""O2167728"", ""P478297""]","[""DRIVER"", ""PASSENGER""]","[""UNKNOWN""]","[""SAFETY BELT USED"", ""USAGE UNKNOWN""]","[""M""]","[""IL""]","[""2066372"", ""2066378""]","[""60617""]",[],"[""4""]",[],[],[],[],2025,10,18,10,False,afternoon,41.72,-87.57,41.72_-87.57,27.5,16,39,OTHER,0
STRAIGHT AND LEVEL,1124,2025-10-10 18:30:00,6,18,10,16C2D16676E0DE90FBEB919F718727341AA9F0D0E6EC9749493577E2BC2BA29F2B4A67C512279132ABD03D2BF23F7D36F9B0F6DBBC6B80D89D8E009A99514E34,NO INJURY / DRIVE AWAY,"OVER $1,500",NO CONTROLS,PARKED MOTOR VEHICLE,41.8805058824,UNKNOWN,-87.7083436768,2,20,UNABLE TO DETERMINE,UNKNOWN,UNKNOWN,NOT APPLICABLE,S,13,NO CONTROLS,ONE-WAY,CLEAR,0.0,1.0,0.0,1.0,0.0,1.0,2,0,"[""Y""]","[""Y""]",[],"[""2025-10-10T18:30:00.000""]","[""2168732"", ""2168733""]","[""UNKNOWN""]","[""IL""]","[""GENERAL MOTORS CORPORATION (GMC)"", ""UNKNOWN""]","[""PARKED"", ""UNKNOWN/NA""]","[""OTHER (EXPLAIN IN NARRATIVE)"", ""TERRAIN""]","[""0"", ""1""]","[""UNKNOWN""]","[""1"", ""2""]","[""DRIVER"", ""PARKED""]","[""UNKNOWN""]","[""2067322"", ""2067327""]","[""SPORT UTILITY VEHICLE (SUV)"", ""UNKNOWN/NA""]","[""NOT IN USE"", ""UNKNOWN/NA""]","[""2022""]",[],[],[],[],[],[],"[""Y""]",[],[],[],[],[],[],[],"[""Y""]",[],[],"[""DEPLOYMENT UNKNOWN""]","[""TEST NOT OFFERED""]",[],"[""2025-10-10T18:30:00.000""]","[""UNKNOWN""]","[""UNKNOWN""]",[],[],"[""UNKNOWN""]",[],"[""O2168732""]","[""DRIVER""]","[""UNKNOWN""]","[""USAGE UNKNOWN""]","[""X""]",[],"[""2067322""]",[],[],[],[],[],[],[],2025,10,18,10,False,afternoon,41.88,-87.71,41.88_-87.71,0.0,0,0,OTHER,0
STRAIGHT AND LEVEL,1623,2025-10-10 18:28:00,6,18,10,71DE39C91AE1E3B31FC43A5C9FF403DCFA4E98CA5277910D58CC26165621D580853144CECC89495271D991076A63735DCCC9D4014A40640C66D6B600B6F2E5A3,NO INJURY / DRIVE AWAY,"$501 - $1,500",NO CONTROLS,REAR END,41.968938614,DAWN,-87.7479350513,2,35,UNABLE TO DETERMINE,NO DEFECTS,DRY,UNABLE TO DETERMINE,N,4830,NO CONTROLS,NOT DIVIDED,CLEAR,0.0,0.0,0.0,0.0,0.0,1.0,1,3,[],[],"[""Y""]","[""2025-10-10T18:28:00.000""]","[""2167688"", ""2167689""]","[""FRONT"", ""REAR""]","[""IL""]","[""JEEP"", ""TOYOTA""]","[""STRAIGHT AHEAD""]","[""SEQUOIA"", ""WRANGLER""]","[""1"", ""2""]","[""S""]","[""1"", ""2""]","[""DRIVER""]","[""UNKNOWN""]","[""2066327"", ""2066330""]","[""PASSENGER"", ""VAN/MINI-VAN""]","[""PERSONAL""]","[""2004"", ""2008""]",[],[],[],[],[],[],[],[],[],[],"[""1""]",[],[],[],"[""Y""]",[],"['13', '43', '48']","[""NOT APPLICABLE""]","[""TEST NOT OFFERED""]","[""CHICAGO""]","[""2025-10-10T18:28:00.000""]","[""NONE"", ""UNKNOWN""]","[""UNKNOWN""]","[""D""]","[""IL""]","[""NONE""]",[],"[""O2167688"", ""O2167689"", ""P478283""]","[""DRIVER"", ""PASSENGER""]","[""NORMAL""]","[""USAGE UNKNOWN""]","[""F"", ""M""]","[""IL""]","[""2066327"", ""2066330""]","[""60641""]",[],"[""3""]",[],[],[],[],2025,10,18,10,False,afternoon,41.97,-87.75,41.97_-87.75,34.666666666666664,13,48,OTHER,0
STRAIGHT AND LEVEL,811,2025-10-10 18:27:00,6,18,10,2B56FC8C9CB0CE462B1D0028534C6F24C34F6AF0D2003BFF8CEFF34434804DD78249958D07F2AF2773C870E6288CDBE8DE00F93FD60207376A21EC0313AC258C,INJURY AND / OR TOW DUE TO CRASH,"OVER $1,500",FUNCTIONING PROPERLY,TURNING,41.7928443135,DUSK,-87.7623666786,2,30,FAILING TO YIELD RIGHT-OF-WAY,UNKNOWN,DRY,NOT APPLICABLE,W,5600,TRAFFIC SIGNAL,FOUR WAY,CLEAR,0.0,0.0,1.0,0.0,0.0,1.0,1,2,"[""Y""]","[""Y""]","[""Y""]","[""2025-10-10T18:27:00.000""]","[""2167705"", ""2167706""]","[""FRONT"", ""FRONT-RIGHT-CORNER""]","[""IL""]","[""CHEVROLET"", ""DODGE""]","[""STRAIGHT AHEAD"", ""TURNING LEFT""]","[""DURANGO"", ""IMPALA""]","[""1""]","[""E"", ""SW""]","[""1"", ""2""]","[""DRIVER""]","[""UNKNOWN""]","[""2066341"", ""2066350""]","[""PASSENGER"", ""SPORT UTILITY VEHICLE (SUV)""]","[""UNKNOWN/NA""]","[""1999"", ""2013""]",[],[],"[""Y""]","[""Private Tow""]","[""Y""]",[],[],[],"[""Y""]",[],[],[],[],[],[],"[""Unknown""]","['55', '61']","[""DEPLOYED, COMBINATION"", ""NOT APPLICABLE""]","[""TEST NOT OFFERED""]","[""CHICAGO""]","[""2025-10-10T18:27:00.000""]","[""FAILED TO YIELD"", ""NONE""]","[""UNKNOWN""]","[""D""]","[""IL""]","[""NONE""]","[""MCNEAL""]","[""O2167705"", ""O2167706""]","[""DRIVER""]","[""NORMAL""]","[""USAGE UNKNOWN""]","[""M""]","[""IL""]","[""2066341"", ""2066350""]","[""60629"", ""60638""]","[""CFD""]",[],[],[],[],[],2025,10,18,10,False,afternoon,41.79,-87.76,41.79_-87.76,58.0,55,61,FAILURE-TO-YIELD,1
STRAIGHT AND LEVEL,1433,2025-10-10 18:26:00,6,18,10,ABB6B3D12F704D71FC615CED3B04E43634D7101195032793BDF354D2E6D0DF99D84492F5FB1B7C1B59E8D2E5D92A75EABCDB7A182113BF7514AD9F7F6C6731A1,NO INJURY / DRIVE AWAY,"$501 - $1,500",NO CONTROLS,PARKED MOTOR VEHICLE,41.9060506307,"DARKNESS, LIGHTED ROAD",-87.6704726354,2,15,UNABLE TO DETERMINE,NO DEFECTS,DRY,NOT APPLICABLE,N,1327,NO CONTROLS,ALLEY,CLEAR,0.0,1.0,0.0,0.0,0.0,1.0,2,0,[],[],[],"[""2025-10-10T18:26:00.000""]","[""2167781"", ""2167782""]","[""FRONT-LEFT-CORNER"", ""UNKNOWN""]","[""IL""]","[""TOYOTA"", ""UNKNOWN""]","[""BACKING"", ""PARKED""]","[""CAMRY"", ""OTHER (EXPLAIN IN NARRATIVE)""]","[""0"", ""1""]","[""UNKNOWN"", ""W""]","[""1"", ""2""]","[""DRIVER"", ""PARKED""]","[""NONE"", ""UNKNOWN""]","[""2066422"", ""2066424""]","[""PASSENGER"", ""UNKNOWN/NA""]","[""PERSONAL"", ""UNKNOWN/NA""]","[""2018""]",[],[],"[""Y""]",[],[],[],"[""Y""]",[],[],[],[],[],[],[],[],[],[],"[""DEPLOYMENT UNKNOWN""]","[""TEST NOT OFFERED""]",[],"[""2025-10-10T18:26:00.000""]","[""UNKNOWN""]","[""UNKNOWN""]",[],[],"[""UNKNOWN""]",[],"[""O2167781""]","[""DRIVER""]","[""UNKNOWN""]","[""USAGE UNKNOWN""]","[""X""]",[],"[""2066422""]",[],[],[],[],[],[],[],2025,10,18,10,False,afternoon,41.91,-87.67,41.91_-87.67,0.0,0,0,OTHER,0
STRAIGHT AND LEVEL,2511,2025-10-10 18:25:00,6,18,10,7D842C12B13FDF5240B5973E47120673C07DB01293ED11ABF6FB4ED3982638381C895CF166A4B28865E68A737FCBAEF27243D7A82AED67AA0F9CF127ABDF8FFA,NO INJURY / DRIVE AWAY,"$501 - $1,500",FUNCTIONING PROPERLY,REAR TO FRONT,41.9310284105,DAYLIGHT,-87.7956163853,2,30,IMPROPER BACKING,NO DEFECTS,DRY,DISTRACTION - FROM INSIDE VEHICLE,N,2802,TRAFFIC SIGNAL,FOUR WAY,CLEAR,0.0,0.0,1.0,0.0,0.0,1.0,1,2,[],[],"[""Y""]","[""2025-10-10T18:25:00.000""]","[""2169015"", ""2169016""]","[""FRONT"", ""REAR""]","[""IL"", ""KS""]","[""CHEVROLET"", ""NISSAN""]","[""BACKING"", ""SLOW/STOP IN TRAFFIC""]","[""EQUINOX"", ""SENTRA""]","[""1"", ""3""]","[""N"", ""S""]","[""1"", ""2""]","[""DRIVER""]","[""NONE"", ""UNKNOWN""]","[""2067607"", ""2067612""]","[""PASSENGER""]","[""PERSONAL""]","[""2013"", ""2019""]",[],[],"[""Y""]",[],[],[],[],[],[],[],"[""2""]",[],[],"[""Y""]","[""Y""]",[],"['27', '29']","[""DID NOT DEPLOY""]","[""TEST NOT OFFERED""]","[""CHICAGO""]","[""2025-10-10T18:25:00.000""]","[""IMPROPER BACKING"", ""NONE""]","[""NOT OBSCURED"", ""UNKNOWN""]","[""C"", ""D""]","[""IL"", ""KS""]","[""NONE""]",[],"[""O2169015"", ""O2169016"", ""P478602"", ""P478603""]","[""DRIVER"", ""PASSENGER""]","[""NORMAL"", ""UNKNOWN""]","[""SAFETY BELT USED"", ""USAGE UNKNOWN""]","[""F"", ""M""]","[""IL""]","[""2067607"", ""2067612""]","[""60610"", ""60707""]",[],"[""4"", ""6""]",[],[],[],[],2025,10,18,10,False,afternoon,41.93,-87.8,41.93_-87.8,28.0,27,29,OTHER,0
STRAIGHT AND LEVEL,1934,2025-10-10 18:24:00,6,18,10,5CD2C721B60CFBA7819B57E9211DBAA7C81E589072F5F0AC9D11DC16A75E6A8DD4D14006A32C353A00C0AD6B9928517BB4C0C941B85EA8FAF700FB82BD8E3219,NO INJURY / DRIVE AWAY,"OVER $1,500",NO CONTROLS,PARKED MOTOR VEHICLE,41.9344146105,"DARKNESS, LIGHTED ROAD",-87.6414121467,2,25,IMPROPER BACKING,NO DEFECTS,DRY,NOT APPLICABLE,W,450,NO CONTROLS,ONE-WAY,CLEAR,0.0,0.0,0.0,0.0,0.0,1.0,2,1,[],[],[],"[""2025-10-10T18:24:00.000""]","[""2167701"", ""2167702""]","[""REAR"", ""SIDE-RIGHT""]","[""IL""]","[""LEXUS"", ""NEW FLYER""]","[""BACKING"", ""PARKED""]","[""OTHER (EXPLAIN IN NARRATIVE)""]","[""0"", ""1""]","[""E"", ""S""]","[""1"", ""2""]","[""DRIVER"", ""PARKED""]","[""UNKNOWN""]","[""2066338"", ""2066346""]","[""BUS OVER 15 PASS."", ""PASSENGER""]","[""CTA"", ""PERSONAL""]","[""2002"", ""2024""]","[""Y""]",[],[],[],[],[],[],[],[],[],[],[],[],[],[],[],['30'],"[""DID NOT DEPLOY""]","[""TEST NOT OFFERED""]","[""CHICAGO""]","[""2025-10-10T18:24:00.000""]","[""IMPROPER BACKING""]","[""NOT OBSCURED""]","[""B""]","[""IL""]","[""NONE""]",[],"[""O2167701""]","[""DRIVER""]","[""NORMAL""]","[""SAFETY BELT USED""]","[""F""]","[""IL""]","[""2066338""]","[""60609""]",[],[],[],[],[],[],2025,10,18,10,False,afternoon,41.93,-87.64,41.93_-87.64,30.0,30,30,OTHER,0
STRAIGHT AND LEVEL,1713,2025-10-10 18:22:00,6,18,10,19AE80F08C6203E35A5551521FB7B380C5068959126FC30544A471F241F1E4616C3EC0C4EF39655D3F5E219149F7BF8EEDEA66D6C7DD54E456F754C4E450B265,INJURY AND / OR TOW DUE TO CRASH,"OVER $1,500",NO CONTROLS,PEDALCYCLIST,41.9754144338,"DARKNESS, LIGHTED ROAD",-87.7085277127,2,30,UNABLE TO DETERMINE,NO DEFECTS,DRY,UNABLE TO DETERMINE,N,5149,NO CONTROLS,DIVIDED - W/MEDIAN (NOT RAISED),CLEAR,0.0,0.0,0.0,0.0,0.0,1.0,2,1,[],[],[],"[""2025-10-10T18:22:00.000""]","[""2167743"", ""2167744""]","[""REAR-LEFT-CORNER""]","[""IL""]","[""TOYOTA""]","[""PARKED""]","[""PRIUS""]","[""0""]","[""N""]","[""1"", ""2""]","[""BICYCLE"", ""PARKED""]","[""NONE""]","[""2066384""]","[""PASSENGER""]","[""NOT IN USE""]","[""2014""]",[],[],[],[],[],"[""Y""]",[],[],[],[],[],"[""Y""]",[],[],"[""Y""]",[],['51'],[],"[""TEST NOT OFFERED""]","[""CHICAGO""]","[""2025-10-10T18:22:00.000""]","[""UNKNOWN""]","[""UNKNOWN""]",[],[],"[""UNKNOWN""]","[""MASONIC""]","[""O2167743""]","[""BICYCLE""]","[""UNKNOWN""]","[""HELMET NOT USED""]","[""M""]","[""IL""]",[],"[""60625""]",[],[],"[""UNKNOWN/NA""]","[""BIKEWAY""]","[""NO CONTRASTING CLOTHING""]",[],2025,10,18,10,False,afternoon,41.98,-87.71,41.98_-87.71,51.0,51,51,OTHER,1
STRAIGHT AND LEVEL,1512,2025-10-10 18:20:00,6,18,10,A8F75C29603301919522351CE4A3EDF354C1CE2298E146BFBB62F195DDC299CCCDC786180BEAE9F5BCA24118A91C5EB81C81DD4B8BB7572398442BEE67ABACCD,NO INJURY / DRIVE AWAY,"$501 - $1,500",OTHER,PARKED MOTOR VEHICLE,41.8881005785,"DARKNESS, LIGHTED ROAD",-87.7665639793,2,30,UNABLE TO DETERMINE,NO DEFECTS,DRY,UNABLE TO DETERMINE,N,430,OTHER,NOT DIVIDED,CLEAR,0.0,0.0,0.0,0.0,0.0,1.0,2,1,[],[],"[""N""]","[""2025-10-10T18:20:00.000""]","[""2167758"", ""2167759""]","[""FRONT-LEFT-CORNER""]","[""IL""]","[""HYUNDAI"", ""TOYOTA""]","[""PARKED"", ""STRAIGHT AHEAD""]","[""ELANTRA"", ""MATRIX""]","[""0"", ""1""]","[""N"", ""S""]","[""1"", ""2""]","[""DRIVER"", ""PARKED""]","[""NONE""]","[""2066399"", ""2066401""]","[""PASSENGER""]","[""NOT IN USE"", ""PERSONAL""]","[""2009"", ""2025""]",[],[],"[""Y""]",[],[],[],[],[],[],[],[],[],[],[],[],[],['47'],"[""NOT APPLICABLE""]","[""TEST NOT OFFERED""]","[""CHICAGO""]","[""2025-10-10T18:20:00.000""]","[""OTHER""]","[""NOT OBSCURED""]","[""D""]","[""IL""]","[""NONE""]",[],"[""O2167758""]","[""DRIVER""]","[""NORMAL""]","[""USAGE UNKNOWN""]","[""M""]","[""IL""]","[""2066399""]","[""60639""]",[],[],[],[],[],[],2025,10,18,10,False,afternoon,41.89,-87.77,41.89_-87.77,47.0,47,47,OTHER,0