alignment,beat_of_occurrence,crash_date,crash_day_of_week,crash_hour,crash_month,crash_record_id,crash_type,damage,device_condition,first_crash_type,latitude,lighting_condition,longitude,num_units,posted_speed_limit,prim_contributory_cause,road_defect,roadway_surface_cond,sec_contributory_cause,street_direction,street_no,traffic_control_device,trafficway_type,weather_condition,private_property_i,hit_and_run_i,intersection_related_i,crash_date_est_i,work_zone_i,workers_present_i,veh_count,ppl_count,veh_area_01_i_list_json,veh_area_02_i_list_json,veh_area_12_i_list_json,veh_crash_date_list_json,veh_crash_unit_id_list_json,veh_first_contact_point_list_json,veh_lic_plate_state_list_json,veh_make_list_json,veh_maneuver_list_json,veh_model_list_json,veh_occupant_cnt_list_json,veh_travel_direction_list_json,veh_unit_no_list_json,veh_unit_type_list_json,veh_vehicle_defect_list_json,veh_vehicle_id_list_json,veh_vehicle_type_list_json,veh_vehicle_use_list_json,veh_vehicle_year_list_json,veh_area_03_i_list_json,veh_area_04_i_list_json,veh_area_11_i_list_json,veh_towed_by_list_json,veh_towed_i_list_json,veh_area_07_i_list_json,veh_area_99_i_list_json,veh_area_09_i_list_json,veh_area_10_i_list_json,veh_cmrc_veh_i_list_json,veh_num_passengers_list_json,veh_area_08_i_list_json,veh_area_00_i_list_json,veh_area_05_i_list_json,veh_area_06_i_list_json,veh_towed_to_list_json,ppl_age_list_json,ppl_airbag_deployed_list_json,ppl_bac_result_list_json,ppl_city_list_json,ppl_crash_date_list_json,ppl_driver_action_list_json,ppl_driver_vision_list_json,ppl_drivers_license_class_list_json,ppl_drivers_license_state_list_json,ppl_ejection_list_json,ppl_hospital_list_json,ppl_person_id_list_json,ppl_person_type_list_json,ppl_physical_condition_list_json,ppl_safety_equipment_list_json,ppl_sex_list_json,ppl_state_list_json,ppl_vehicle_id_list_json,ppl_zipcode_list_json,ppl_ems_agency_list_json,ppl_seat_no_list_json,ppl_pedpedal_action_list_json,ppl_pedpedal_location_list_json,ppl_pedpedal_visibility_list_json,ppl_ems_run_no_list_json,year,month,hour,day,is_weekend,hour_bin,lat_bin,lng_bin,grid_id,ppl_age_mean,ppl_age_min,ppl_age_max,prim_contributory_cause_group,ksi_flag
STRAIGHT AND LEVEL,931,2025-10-10 18:19:00,6,18,10,E9AFD6743F1516004B2E8009D1CA905679C39556DD39DC534B1ABA7890AAD73C08A03BF8F397F3EC1C7400CE6DE690EE405F1066F854CE6F133EB92180B59465,INJURY AND / OR TOW DUE TO CRASH,"OVER $1,500",NO CONTROLS,SIDESWIPE SAME DIRECTION,41.8068887299,DUSK,-87.6747919093,4,30,IMPROPER OVERTAKING/PASSING,NO DEFECTS,DRY,NOT APPLICABLE,S,4754,NO CONTROLS,NOT DIVIDED,CLEAR,0.0,0.0,0.0,0.0,0.0,1.0,2,2,"[""Y""]","[""Y""]","[""Y""]","[""2025-10-10T18:19:00.000""]","[""2167720"", ""2167721"", ""2167722"", ""2167723""]","[""REAR"", ""SIDE-LEFT"", ""SIDE-RIGHT""]","[""IL""]","[""CHEVROLET"", ""HYUNDAI"", ""INFINITI"", ""TOYOTA""]","[""PARKED"", ""PASSING/OVERTAKING"", ""STRAIGHT AHEAD""]","[""ELANTRA"", ""EQUINOX"", ""I30"", ""RAV4""]","[""0"", ""1""]","[""S""]","[""1"", ""2"", ""3"", ""4""]","[""DRIVER"", ""PARKED""]","[""NONE"", ""UNKNOWN""]","[""2066357"", ""2066366"", ""2066368"", ""2066370""]","[""PASSENGER"", ""SPORT UTILITY VEHICLE (SUV)""]","[""NOT IN USE"", ""PERSONAL""]","[""2001"", ""2013"", ""2014"", ""2017""]","[""Y""]","[""Y""]","[""Y""]","[""PER OWNER""]","[""N"", ""Y""]","[""Y""]",[],"[""Y""]","[""Y""]",[],[],"[""Y""]",[],"[""Y""]","[""Y""]","[""PER OWNER""]","['25', '41']","[""DEPLOYED, COMBINATION"", ""DEPLOYMENT UNKNOWN""]","[""TEST NOT OFFERED""]","[""CHICAGO""]","[""2025-10-10T18:19:00.000""]","[""IMPROPER PASSING"", ""NONE""]","[""NOT OBSCURED"", ""UNKNOWN""]","[""D""]","[""IL""]","[""NONE""]",[],"[""O2167720"", ""O2167721""]","[""DRIVER""]","[""NORMAL""]","[""SAFETY BELT USED""]","[""F""]","[""IL""]","[""2066357"", ""2066366""]","[""60636""]",[],[],[],[],[],[],2025,10,18,10,False,afternoon,41.81,-87.67,41.81_-87.67,33.0,25,41,OTHER,0
STRAIGHT AND LEVEL,2412,2025-10-10 18:15:00,6,18,10,9085A45FFFC0AB9EF328307CF8F5E9E6CECFF6D0272774192D50B743163AA29F714C4BEC2B269B10DF5C90AF3A9F4889918E16B40EDA47CE901428988954AEB6,NO INJURY / DRIVE AWAY,"OVER $1,500",NO CONTROLS,ANGLE,41.9993075935,DAYLIGHT,-87.6776104642,2,30,IMPROPER LANE USAGE,NO DEFECTS,DRY,NOT APPLICABLE,N,6450,NO CONTROLS,NOT DIVIDED,CLEAR,0.0,0.0,0.0,0.0,0.0,1.0,1,2,[],[],[],"[""2025-10-10T18:15:00.000""]","[""2167675"", ""2167676""]","[""SIDE-LEFT-FRONT"", ""UNKNOWN""]","[""IL""]","[""FORD"", ""TOYOTA""]","[""CHANGING LANES"", ""STRAIGHT AHEAD""]","[""COROLLA"", ""ESCAPE""]","[""1"", ""2""]","[""N"", ""NE""]","[""1"", ""2""]","[""DRIVER""]","[""NONE""]","[""2066315"", ""2066318""]","[""PASSENGER"", ""SPORT UTILITY VEHICLE (SUV)""]","[""PERSONAL""]","[""2006"", ""2014""]",[],"[""Y""]","[""Y""]",[],[],"[""Y""]",[],[],"[""Y""]",[],"[""1""]",[],[],[],[],[],"['49', '62']","[""NOT APPLICABLE""]","[""TEST NOT OFFERED""]","[""CHICAGO"", ""LINDENHURST""]","[""2025-10-10T18:15:00.000""]","[""IMPROPER LANE CHANGE"", ""NONE""]","[""NOT OBSCURED"", ""UNKNOWN""]","[""D""]","[""IL""]","[""NONE""]",[],"[""O2167675"", ""O2167676"", ""P478279""]","[""DRIVER"", ""PASSENGER""]","[""NORMAL""]","[""SAFETY BELT USED""]","[""F"", ""M""]","[""IL""]","[""2066315"", ""2066318""]","[""60046"", ""60626""]",[],"[""3""]",[],[],[],[],2025,10,18,10,False,afternoon,42.0,-87.68,42.0_-87.68,55.5,49,62,OTHER,0
STRAIGHT ON GRADE,914,2025-10-10 18:15:00,6,18,10,C7D9D3CE9F21F095FD79729E14A7ECBB9920F9E933EB53C4EC989B346096BEEC2F60115C3398F75A2E1073A7529FAFBC009242DDD082DC19EDF786AFA1765108,INJURY AND / OR TOW DUE TO CRASH,"OVER $1,500",NO CONTROLS,ANGLE,41.8529915031,DAYLIGHT,-87.6355438546,2,30,UNABLE TO DETERMINE,NO DEFECTS,DRY,NOT APPLICABLE,W,316,NO CONTROLS,OTHER,CLEAR,0.0,0.0,0.0,0.0,0.0,1.0,1,3,"[""Y""]",[],"[""Y""]","[""2025-10-10T18:15:00.000""]","[""2167684"", ""2167685""]","[""FRONT"", ""SIDE-LEFT""]","[""IL""]","[""FORD""]","[""SLOW/STOP IN TRAFFIC"", ""STRAIGHT AHEAD""]","[""ESCAPE"", ""FOCUS""]","[""1"", ""2""]","[""N"", ""W""]","[""1"", ""2""]","[""DRIVER""]","[""NONE""]","[""2066329"", ""2066340""]","[""PASSENGER"", ""SPORT UTILITY VEHICLE (SUV)""]","[""PERSONAL""]","[""2012"", ""2017""]",[],[],"[""Y""]","[""OWNER""]","[""Y""]",[],[],"[""Y""]","[""Y""]",[],"[""1""]","[""Y""]",[],[],[],"[""OWNER""]","['19', '27', '43']","[""DID NOT DEPLOY""]","[""TEST NOT OFFERED""]","[""CHICAGO"", ""FOREST PARK""]","[""2025-10-10T18:15:00.000""]","[""NONE""]","[""NOT OBSCURED""]","[""B"", ""D""]","[""IL""]","[""NONE""]","[""REFUSED""]","[""O2167684"", ""O2167685"", ""P478282""]","[""DRIVER"", ""PASSENGER""]","[""NORMAL""]","[""USAGE UNKNOWN""]","[""F"", ""M""]","[""IL""]","[""2066329"", ""2066340""]","[""60130"", ""60632""]","[""42"", ""8""]","[""3""]",[],[],[],"[""42""]",2025,10,18,10,False,afternoon,41.85,-87.64,41.85_-87.64,29.666666666666668,19,43,OTHER,1
STRAIGHT AND LEVEL,1833,2025-10-10 18:15:00,6,18,10,9A01DA173BE0F05448A6860F21799AE417CFF019B20C9F767FD03AC14B2AFB8065767DEF488FFB90E40A93AF18A310CD0432D62A65D2E682FA66F105BBE5BA86,NO INJURY / DRIVE AWAY,"OVER $1,500",NO CONTROLS,SIDESWIPE SAME DIRECTION,41.8968049724,"DARKNESS, LIGHTED ROAD",-87.6170274232,2,45,UNABLE TO DETERMINE,UNKNOWN,DRY,NOT APPLICABLE,N,800,NO CONTROLS,OTHER,CLEAR,0.0,0.0,0.0,1.0,0.0,1.0,1,2,[],"[""N""]",[],"[""2025-10-10T18:15:00.000""]","[""2167653"", ""2167654""]","[""FRONT-RIGHT-CORNER"", ""SIDE-LEFT""]","[""IL""]","[""GENERAL MOTORS CORPORATION (GMC)"", ""HYUNDAI""]","[""CHANGING LANES""]","[""ELANTRA"", ""OTHER (EXPLAIN IN NARRATIVE)""]","[""1""]","[""N""]","[""1"", ""2""]","[""DRIVER""]","[""UNKNOWN""]","[""2066293"", ""2066302""]","[""PASSENGER""]","[""PERSONAL""]","[""2002"", ""2023""]","[""N""]","[""N""]",[],[],[],[],"[""N""]","[""Y""]","[""Y""]",[],[],"[""Y""]","[""Y""]",[],[],[],"['54', '59']","[""NOT APPLICABLE""]","[""TEST NOT OFFERED""]","[""CHICAGO""]","[""2025-10-10T18:15:00.000""]","[""UNKNOWN""]","[""UNKNOWN""]","[""A"", ""D""]","[""IL""]","[""NONE""]",[],"[""O2167653"", ""O2167654""]","[""DRIVER""]","[""UNKNOWN""]","[""USAGE UNKNOWN""]","[""M""]","[""IL""]","[""2066293"", ""2066302""]","[""60455"", ""60618""]",[],[],[],[],[],[],2025,10,18,10,False,afternoon,41.9,-87.62,41.9_-87.62,56.5,54,59,OTHER,0
STRAIGHT AND LEVEL,1821,2025-10-10 18:11:00,6,18,10,ED9C2823821C8339418D2AB6EF628EEE73DCD1A99F55FA605DB2CD99A65D0ED6291A221D025521D82B84C75EE246BD6A696FC347C68F9AC7DF16C224D77863FF,NO INJURY / DRIVE AWAY,"OVER $1,500",NO CONTROLS,REAR END,41.9077733432,"DARKNESS, LIGHTED ROAD",-87.6331949479,2,30,UNABLE TO DETERMINE,UNKNOWN,UNKNOWN,UNABLE TO DETERMINE,N,1400,NO CONTROLS,NOT DIVIDED,CLEAR,0.0,1.0,0.0,0.0,0.0,1.0,1,1,[],[],"[""Y""]","[""2025-10-10T18:11:00.000""]","[""2167636"", ""2167637""]","[""FRONT"", ""REAR""]","[""IL""]","[""FORD"", ""VOLKSWAGEN""]","[""STRAIGHT AHEAD""]","[""FUSION"", ""PASSAT""]","[""1""]","[""UNKNOWN""]","[""1"", ""2""]","[""DRIVER""]","[""UNKNOWN""]","[""2066273"", ""2066278""]","[""PASSENGER""]","[""PERSONAL""]","[""2007"", ""2012""]",[],[],[],[],[],[],[],[],[],[],[],[],[],[],"[""Y""]",[],['51'],"[""DEPLOYMENT UNKNOWN""]","[""TEST NOT OFFERED""]","[""CHICAGO""]","[""2025-10-10T18:11:00.000""]","[""FOLLOWED TOO CLOSELY"", ""UNKNOWN""]","[""UNKNOWN""]","[""D""]","[""IL""]","[""UNKNOWN""]",[],"[""O2167636"", ""O2167637""]","[""DRIVER""]","[""EMOTIONAL"", ""UNKNOWN""]","[""USAGE UNKNOWN""]","[""F"", ""M""]","[""IL""]","[""2066273"", ""2066278""]","[""60642""]",[],[],[],[],[],[],2025,10,18,10,False,afternoon,41.91,-87.63,41.91_-87.63,51.0,51,51,OTHER,0
STRAIGHT AND LEVEL,2413,2025-10-10 18:07:00,6,18,10,2BB8A20A2EC253BB1A3FE78D759AB8C40CE4DE8D25850DBDFAC6C70A3BFE3091232AB5EBC3F51937B9DA89F8A8A83C049DBCB76794EE9ED00F33E7CE25C206E6,NO INJURY / DRIVE AWAY,"OVER $1,500",NO CONTROLS,TURNING,41.9908491577,UNKNOWN,-87.6759930884,2,30,FAILING TO YIELD RIGHT-OF-WAY,UNKNOWN,UNKNOWN,UNABLE TO DETERMINE,W,1818,NO CONTROLS,DIVIDED - W/MEDIAN (NOT RAISED),CLEAR,0.0,0.0,1.0,0.0,0.0,1.0,1,2,"[""N""]",[],"[""Y""]","[""2025-10-10T18:07:00.000""]","[""2167679"", ""2167680""]","[""FRONT"", ""REAR-RIGHT-CORNER""]","[""IL""]","[""HONDA"", ""LEXUS""]","[""TURNING LEFT"", ""UNKNOWN/NA""]","[""CR-V"", ""RX350""]","[""1""]","[""W""]","[""1"", ""2""]","[""DRIVER""]","[""UNKNOWN""]","[""2066321"", ""2066335""]","[""UNKNOWN/NA""]","[""UNKNOWN/NA""]","[""2013"", ""2025""]",[],[],[],[],[],[],[],[],[],[],[],[],[],"[""Y""]",[],[],"['36', '46']","[""DEPLOYMENT UNKNOWN""]","[""TEST NOT OFFERED""]","[""CHICAGO"", ""SKOKIE""]","[""2025-10-10T18:07:00.000""]","[""UNKNOWN""]","[""UNKNOWN""]",[],"[""IL""]","[""NONE""]",[],"[""O2167679"", ""O2167680""]","[""DRIVER""]","[""UNKNOWN""]","[""USAGE UNKNOWN""]","[""F""]","[""IL""]","[""2066321"", ""2066335""]","[""60076"", ""60659""]",[],[],[],[],[],[],2025,10,18,10,False,afternoon,41.99,-87.68,41.99_-87.68,41.0,36,46,FAILURE-TO-YIELD,0
STRAIGHT AND LEVEL,2413,2025-10-10 18:05:00,6,18,10,E91EAD774C802236756F57F8C9C694D29B108A61B2891EE536C8344ADE98750EA599D490EDBC0A1B1085F25DCAAC9CA576E9D55B13CF23A87195EB32B622D680,NO INJURY / DRIVE AWAY,"OVER $1,500",NO CONTROLS,PARKED MOTOR VEHICLE,41.9956745357,DAYLIGHT,-87.6985865926,2,25,IMPROPER TURNING/NO SIGNAL,UNKNOWN,DRY,UNABLE TO DETERMINE,W,2735,NO CONTROLS,ALLEY,CLEAR,0.0,0.0,0.0,0.0,0.0,1.0,2,1,[],[],[],"[""2025-10-10T18:05:00.000""]","[""2167712"", ""2167713""]","[""REAR"", ""UNKNOWN""]","[""AZ""]","[""DODGE"", ""FORD""]","[""PARKED"", ""TURNING RIGHT""]","[""CARAVAN"", ""ECONOLINE E450""]","[""0"", ""1""]","[""N"", ""UNKNOWN""]","[""1"", ""2""]","[""DRIVER"", ""PARKED""]","[""UNKNOWN""]","[""2066352"", ""2066354""]","[""PASSENGER"", ""TRUCK - SINGLE UNIT""]","[""COMMERCIAL - SINGLE UNIT"", ""PERSONAL""]","[""2010"", ""2014""]","[""Y""]","[""Y""]",[],[],[],"[""Y""]",[],[],[],[],[],"[""Y""]",[],"[""Y""]","[""Y""]",[],['21'],"[""DID NOT DEPLOY""]","[""TEST NOT OFFERED""]","[""CHICAGO""]","[""2025-10-10T18:05:00.000""]","[""IMPROPER TURN""]","[""NOT OBSCURED""]","[""D""]","[""IL""]","[""NONE""]",[],"[""O2167712""]","[""DRIVER""]","[""NORMAL""]","[""USAGE UNKNOWN""]","[""M""]","[""IL""]","[""2066352""]","[""60645""]",[],[],[],[],[],[],2025,10,18,10,False,afternoon,42.0,-87.7,42.0_-87.7,21.0,21,21,OTHER,0
STRAIGHT AND LEVEL,123,2025-10-10 18:05:00,6,18,10,21FB8F13CCB761022CCF88042C597085AB299B95811D45E909EFC88064D9BBD3055C135F17777F4D3ECAC4ACFEF20AE9A7EC46A927E353FE7675D38182D0F721,NO INJURY / DRIVE AWAY,"OVER $1,500",NO CONTROLS,TURNING,41.8683050117,"DARKNESS, LIGHTED ROAD",-87.62425305,2,30,"VISION OBSCURED (SIGNS, TREE LIMBS, BUILDINGS, ETC.)",NO DEFECTS,DRY,NOT APPLICABLE,S,1130,NO CONTROLS,DIVIDED - W/MEDIAN BARRIER,CLEAR,0.0,0.0,0.0,0.0,0.0,1.0,1,2,"[""Y""]","[""Y""]","[""Y""]","[""2025-10-10T18:05:00.000""]","[""2167699"", ""2167700""]","[""FRONT-LEFT-CORNER"", ""FRONT-RIGHT-CORNER""]","[""IL""]","[""LINCOLN"", ""TOYOTA""]","[""STRAIGHT AHEAD"", ""TURNING LEFT""]","[""OTHER (EXPLAIN IN NARRATIVE)"", ""PRIUS""]","[""1"", ""3""]","[""NW"", ""S""]","[""1"", ""2""]","[""DRIVER""]","[""NONE""]","[""2066331"", ""2066344""]","[""OTHER"", ""PASSENGER""]","[""PERSONAL"", ""RIDESHARE SERVICE""]","[""2012"", ""2023""]","[""Y""]",[],"[""N"", ""Y""]",[],[],[],[],[],"[""Y""]",[],"[""2""]",[],[],[],[],[],"['27', '36']","[""NOT APPLICABLE""]","[""TEST NOT OFFERED""]","[""CHICAGO""]","[""2025-10-10T18:05:00.000""]","[""FAILED TO YIELD"", ""NONE""]","[""MOVING VEHICLES""]","[""D""]","[""IL"", ""RC""]","[""NONE""]",[],"[""O2167699"", ""O2167700"", ""P478284"", ""P478286""]","[""DRIVER"", ""PASSENGER""]","[""UNKNOWN""]","[""USAGE UNKNOWN""]","[""F"", ""M""]","[""IL""]","[""2066331"", ""2066344""]","[""60645""]",[],"[""4"", ""6""]",[],[],[],[],2025,10,18,10,False,afternoon,41.87,-87.62,41.87_-87.62,31.5,27,36,LIGHTING/VISIBILITY,0
STRAIGHT AND LEVEL,2515,2025-10-10 18:00:00,6,18,10,90E6DC4D5E8E281875A1F076792E5523F610C5D2348E867A028F7C9D5DA1D349314C2A3D63050D499AD46554281AABC7E3DA76E520075474913E0B177DF1DB76,NO INJURY / DRIVE AWAY,"OVER $1,500",NO CONTROLS,PARKED MOTOR VEHICLE,41.9216772117,DAYLIGHT,-87.7562237831,2,30,UNABLE TO DETERMINE,UNKNOWN,DRY,NOT APPLICABLE,N,2240,NO CONTROLS,ALLEY,CLEAR,0.0,0.0,0.0,0.0,0.0,1.0,2,1,"[""N""]",[],[],"[""2025-10-10T18:00:00.000""]","[""2168188"", ""2168189""]","[""FRONT-LEFT-CORNER""]","[""IL""]","[""CHEVROLET"", ""VOLKSWAGEN""]","[""PARKED"", ""TURNING RIGHT""]","[""C/K 1500"", ""TIGUAN""]","[""0"", ""1""]","[""E""]","[""1"", ""2""]","[""DRIVER"", ""PARKED""]","[""UNKNOWN""]","[""2066813"", ""2066815""]","[""PICKUP"", ""SPORT UTILITY VEHICLE (SUV)""]","[""NOT IN USE"", ""PERSONAL""]","[""2011"", ""2021""]",[],[],"[""Y""]",[],[],[],[],[],[],[],[],[],[],[],[],[],['53'],"[""NOT APPLICABLE""]","[""TEST NOT OFFERED""]","[""CHICAGO""]","[""2025-10-10T18:00:00.000""]","[""UNKNOWN""]","[""UNKNOWN""]",[],"[""IL""]","[""NONE""]",[],"[""O2168188""]","[""DRIVER""]","[""UNKNOWN""]","[""USAGE UNKNOWN""]","[""M""]","[""IL""]","[""2066813""]",[],[],[],[],[],[],[],2025,10,18,10,False,afternoon,41.92,-87.76,41.92_-87.76,53.0,53,53,OTHER,0
STRAIGHT AND LEVEL,2433,2025-10-10 18:00:00,6,18,10,8F40A53F47505E151B90CCE5E1438124E46C4EE4B2D6DAAE3AB0DE93539F26D78E3ADE2DEE05DCB470B019DCAF8B89C9C2F319457F646B253FEC379C270D4164,NO INJURY / DRIVE AWAY,"$501 - $1,500",NO CONTROLS,PARKED MOTOR VEHICLE,41.992706943,DARKNESS,-87.6732105967,2,30,UNABLE TO DETERMINE,NO DEFECTS,DRY,UNABLE TO DETERMINE,N,6067,NO CONTROLS,ONE-WAY,CLEAR,0.0,1.0,0.0,1.0,0.0,1.0,2,0,[],[],[],"[""2025-10-10T18:00:00.000""]","[""2167973"", ""2167974""]","[""REAR-RIGHT-CORNER"", ""UNKNOWN""]","[""IL""]","[""HONDA"", ""UNKNOWN""]","[""PARKED"", ""UNKNOWN/NA""]","[""ACCORD"", ""MOTORIZED""]","[""0"", ""1""]","[""N"", ""UNKNOWN""]","[""1"", ""2""]","[""DRIVER"", ""PARKED""]","[""NONE"", ""UNKNOWN""]","[""2066603"", ""2066608""]","[""PASSENGER"", ""UNKNOWN/NA""]","[""NOT IN USE"", ""UNKNOWN/NA""]","[""2021""]",[],"[""Y""]",[],[],[],[],"[""Y""]",[],[],[],[],[],[],"[""Y""]","[""Y""]",[],[],"[""NOT APPLICABLE""]","[""TEST NOT OFFERED""]",[],"[""2025-10-10T18:00:00.000""]","[""UNKNOWN""]","[""UNKNOWN""]",[],[],"[""NONE""]",[],"[""O2167973""]","[""DRIVER""]","[""UNKNOWN""]","[""SAFETY BELT USED""]","[""X""]",[],"[""2066603""]",[],[],[],[],[],[],[],2025,10,18,10,False,afternoon,41.99,-87.67,41.99_-87.67,0.0,0,0,OTHER,0
STRAIGHT AND LEVEL,2433,2025-10-10 18:00:00,6,18,10,4AE533D163F68471E116B2581A58EC232A02E9B08EDC6835D6B05180A9BDF20A439A274BDA430410181A444D33F9F3623216C1632C7869782923B68F847817C6,NO INJURY / DRIVE AWAY,"OVER $1,500",NO CONTROLS,ANGLE,41.9916492332,DAYLIGHT,-87.6604643872,2,15,IMPROPER BACKING,NO DEFECTS,DRY,NOT APPLICABLE,N,6022,NO CONTROLS,PARKING LOT,CLEAR,1.0,0.0,0.0,0.0,0.0,1.0,1,2,[],[],[],"[""2025-10-10T18:00:00.000""]","[""2167737"", ""2167738""]","[""REAR-LEFT-CORNER"", ""SIDE-LEFT""]","[""IL""]","[""AUDI"", ""HONDA""]","[""BACKING"", ""STRAIGHT AHEAD""]","[""CIVIC"", ""Q5""]","[""1""]","[""NW"", ""W""]","[""1"", ""2""]","[""DRIVER""]","[""NONE""]","[""2066375"", ""2066381""]","[""PASSENGER"", ""SPORT UTILITY VEHICLE (SUV)""]","[""PERSONAL"", ""UNKNOWN/NA""]","[""2012"", ""2021""]",[],[],[],[],[],"[""Y""]",[],"[""Y""]","[""Y""]",[],[],[],[],[],[],[],"['46', '57']","[""NOT APPLICABLE""]","[""TEST NOT OFFERED""]","[""CHICAGO""]","[""2025-10-10T18:00:00.000""]","[""IMPROPER BACKING"", ""NONE""]","[""NOT OBSCURED"", ""UNKNOWN""]","[""D""]","[""IL""]","[""NONE""]",[],"[""O2167737"", ""O2167738""]","[""DRIVER""]","[""NORMAL""]","[""SAFETY BELT USED""]","[""M""]","[""IL""]","[""2066375"", ""2066381""]","[""60657"", ""60660""]",[],[],[],[],[],[],2025,10,18,10,False,afternoon,41.99,-87.66,41.99_-87.66,51.5,46,57,OTHER,0
STRAIGHT AND LEVEL,1422,2025-10-10 17:59:00,6,17,10,E55FEC8C5FE80A0E431C5AD6BD6265EFA5B3421B84185B3F8DE04360ED54F0F6DFDCDD2851039729AD6632FA98DD36BF6B03365BBA203DB27D0B365E88AF5120,INJURY AND / OR TOW DUE TO CRASH,"$501 - $1,500",FUNCTIONING PROPERLY,PEDALCYCLIST,41.9028980933,DAYLIGHT,-87.7116243977,2,30,IMPROPER TURNING/NO SIGNAL,NO DEFECTS,DRY,NOT APPLICABLE,W,3398,TRAFFIC SIGNAL,FOUR WAY,CLEAR,0.0,0.0,1.0,0.0,0.0,1.0,2,2,"[""Y""]",[],"[""Y""]","[""2025-10-10T17:59:00.000""]","[""2167665"", ""2167666""]","[""FRONT""]","[""IL""]","[""MAZDA""]","[""TURNING LEFT""]","[""CX-5""]","[""1""]","[""E""]","[""1"", ""2""]","[""BICYCLE"", ""DRIVER""]","[""UNKNOWN""]","[""2066310""]","[""SPORT UTILITY VEHICLE (SUV)""]","[""PERSONAL""]","[""2018""]",[],[],"[""Y""]",[],[],[],[],[],[],[],[],[],[],[],[],[],"['28', '31']","[""DID NOT DEPLOY""]","[""TEST NOT OFFERED"", ""TEST REFUSED""]","[""CHICAGO""]","[""2025-10-10T17:59:00.000""]","[""FAILED TO YIELD"", ""NONE""]","[""NOT OBSCURED"", ""UNKNOWN""]","[""D""]","[""IL""]","[""NONE""]",[],"[""O2167665"", ""O2167666""]","[""BICYCLE"", ""DRIVER""]","[""NORMAL""]","[""HELMET NOT USED"", ""USAGE UNKNOWN""]","[""M""]","[""IL""]","[""2066310""]","[""60647"", ""60651""]","[""AMB 64""]",[],"[""CROSSING - WITH SIGNAL""]","[""SHOULDER""]","[""NO CONTRASTING CLOTHING""]",[],2025,10,17,10,False,afternoon,41.9,-87.71,41.9_-87.71,29.5,28,31,OTHER,1
STRAIGHT AND LEVEL,1133,2025-10-10 17:55:00,6,17,10,668DF2635ED71E46B263F81936DAE1B3AB688E38625721B2A18510013F4D9AD18AE4FAF654F05D46670449E9705BC7CD2FFC7583FC937B1C8C04FBA2AED1E3D4,INJURY AND / OR TOW DUE TO CRASH,"OVER $1,500",FUNCTIONING PROPERLY,TURNING,41.8719243608,DUSK,-87.7108470984,2,25,FAILING TO YIELD RIGHT-OF-WAY,NO DEFECTS,DRY,DISREGARDING STOP SIGN,W,3400,STOP SIGN/FLASHER,NOT DIVIDED,CLEAR,0.0,0.0,1.0,0.0,0.0,1.0,1,2,"[""Y""]","[""Y""]","[""Y""]","[""2025-10-10T17:55:00.000""]","[""2167657"", ""2167658""]","[""FRONT"", ""FRONT-LEFT-CORNER""]","[""IL""]","[""FORD"", ""MITSUBISHI""]","[""STRAIGHT AHEAD"", ""TURNING LEFT""]","[""ECLIPSE"", ""FUSION""]","[""1""]","[""S""]","[""1"", ""2""]","[""DRIVER""]","[""NONE""]","[""2066301"", ""2066311""]","[""PASSENGER""]","[""PERSONAL""]","[""2015"", ""2023""]",[],[],"[""N"", ""Y""]","[""CPD"", ""SNOWMAN AUTO""]","[""Y""]",[],[],[],"[""N""]",[],[],[],[],[],[],"[""4200 W CHICAGO AVE"", ""701 N SACRAMENTO""]","['27', '47']","[""DEPLOYED, COMBINATION""]","[""TEST NOT OFFERED""]","[""CHICAGO""]","[""2025-10-10T17:55:00.000""]","[""DISREGARDED CONTROL DEVICES"", ""NONE""]","[""NOT OBSCURED"", ""UNKNOWN""]","[""D""]","[""IL""]","[""NONE""]","[""MT SINAI"", ""REFUSED""]","[""O2167657"", ""O2167658""]","[""DRIVER""]","[""NORMAL"", ""UNKNOWN""]","[""USAGE UNKNOWN""]","[""F"", ""M""]","[""IL""]","[""2066301"", ""2066311""]","[""60622"", ""60623""]","[""33"", ""REFUSED""]",[],[],[],[],[],2025,10,17,10,False,afternoon,41.87,-87.71,41.87_-87.71,37.0,27,47,FAILURE-TO-YIELD,1