alignment,beat_of_occurrence,crash_date,crash_day_of_week,crash_hour,crash_month,crash_record_id,crash_type,damage,device_condition,first_crash_type,latitude,lighting_condition,longitude,num_units,posted_speed_limit,prim_contributory_cause,road_defect,roadway_surface_cond,sec_contributory_cause,street_direction,street_no,traffic_control_device,trafficway_type,weather_condition,private_property_i,hit_and_run_i,intersection_related_i,crash_date_est_i,work_zone_i,workers_present_i,veh_count,ppl_count,veh_area_01_i_list_json,veh_area_02_i_list_json,veh_area_12_i_list_json,veh_crash_date_list_json,veh_crash_unit_id_list_json,veh_first_contact_point_list_json,veh_lic_plate_state_list_json,veh_make_list_json,veh_maneuver_list_json,veh_model_list_json,veh_occupant_cnt_list_json,veh_travel_direction_list_json,veh_unit_no_list_json,veh_unit_type_list_json,veh_vehicle_defect_list_json,veh_vehicle_id_list_json,veh_vehicle_type_list_json,veh_vehicle_use_list_json,veh_vehicle_year_list_json,veh_area_03_i_list_json,veh_area_04_i_list_json,veh_area_11_i_list_json,veh_towed_by_list_json,veh_towed_i_list_json,veh_area_07_i_list_json,veh_area_99_i_list_json,veh_area_09_i_list_json,veh_area_10_i_list_json,veh_cmrc_veh_i_list_json,veh_num_passengers_list_json,veh_area_08_i_list_json,veh_area_00_i_list_json,veh_area_05_i_list_json,veh_area_06_i_list_json,veh_towed_to_list_json,ppl_age_list_json,ppl_airbag_deployed_list_json,ppl_bac_result_list_json,ppl_city_list_json,ppl_crash_date_list_json,ppl_driver_action_list_json,ppl_driver_vision_list_json,ppl_drivers_license_class_list_json,ppl_drivers_license_state_list_json,ppl_ejection_list_json,ppl_hospital_list_json,ppl_person_id_list_json,ppl_person_type_list_json,ppl_physical_condition_list_json,ppl_safety_equipment_list_json,ppl_sex_list_json,ppl_state_list_json,ppl_vehicle_id_list_json,ppl_zipcode_list_json,ppl_ems_agency_list_json,ppl_seat_no_list_json,ppl_pedpedal_action_list_json,ppl_pedpedal_location_list_json,ppl_pedpedal_visibility_list_json,ppl_ems_run_no_list_json,year,month,hour,day,is_weekend,hour_bin,lat_bin,lng_bin,grid_id,ppl_age_mean,ppl_age_min,ppl_age_max,prim_contributory_cause_group,ksi_flag
STRAIGHT AND LEVEL,1724,2025-10-10 17:55:00,6,17,10,A4E118BB431BA22BBA0D0D74A855BBBF7966B796AE2118AEE482B6F5AD34D3C5F2DDA0569616ABC55674DC97F528361F3C09E1142940AE91B8A75DC9ECD2ADDA,NO INJURY / DRIVE AWAY,"$501 - $1,500",NO CONTROLS,SIDESWIPE SAME DIRECTION,41.961273163,DUSK,-87.7102941071,2,30,UNABLE TO DETERMINE,NO DEFECTS,DRY,NOT APPLICABLE,W,3250,NO CONTROLS,NOT DIVIDED,CLEAR,0.0,0.0,0.0,0.0,0.0,1.0,1,2,[],[],[],"[""2025-10-10T17:55:00.000""]","[""2167695"", ""2167696""]","[""SIDE-LEFT"", ""SIDE-RIGHT-REAR""]","[""IL""]","[""FORD"", ""NEW FLYER""]","[""OTHER"", ""STRAIGHT AHEAD""]","[""MUSTANG"", ""OTHER (EXPLAIN IN NARRATIVE)""]","[""1""]","[""W""]","[""1"", ""2""]","[""DRIVER""]","[""UNKNOWN""]","[""2066337"", ""2066349""]","[""BUS OVER 15 PASS."", ""PASSENGER""]","[""CTA"", ""OTHER""]","[""2006"", ""2008""]",[],[],[],[],[],[],[],"[""Y""]",[],"[""N""]",[],[],[],"[""Y""]",[],[],"['60', '61']","[""NOT APPLICABLE""]","[""TEST NOT OFFERED""]","[""LINCOLNWOOD"", ""PARK FOREST""]","[""2025-10-10T17:55:00.000""]","[""OTHER"", ""UNKNOWN""]","[""NOT OBSCURED"", ""UNKNOWN""]","[""B"", ""D""]","[""IL""]","[""NONE""]",[],"[""O2167695"", ""O2167696""]","[""DRIVER""]","[""NORMAL"", ""UNKNOWN""]","[""SAFETY BELT USED"", ""USAGE UNKNOWN""]","[""F"", ""M""]","[""IL""]","[""2066337"", ""2066349""]","[""60466"", ""60712""]",[],[],[],[],[],[],2025,10,17,10,False,afternoon,41.96,-87.71,41.96_-87.71,60.5,60,61,OTHER,0
STRAIGHT AND LEVEL,1522,2025-10-10 17:51:00,6,17,10,2A326ED0751173E949995E0F7369DE6313165949ED3144553151F9B759C5815EC3343DD57665D5CF473ADD75ABC7BAEB789974EBDF5EFAB707F13C677ADFDC83,NO INJURY / DRIVE AWAY,"OVER $1,500",FUNCTIONING PROPERLY,SIDESWIPE SAME DIRECTION,41.8657774484,DAYLIGHT,-87.7601197722,2,30,UNABLE TO DETERMINE,NO DEFECTS,DRY,NOT APPLICABLE,W,5420,TRAFFIC SIGNAL,NOT DIVIDED,CLEAR,0.0,0.0,0.0,0.0,0.0,1.0,1,2,"[""Y""]","[""Y""]",[],"[""2025-10-10T17:51:00.000""]","[""2167707"", ""2167708""]","[""FRONT-LEFT-CORNER"", ""FRONT-RIGHT-CORNER""]","[""IL""]","[""BUICK"", ""CHRYSLER""]","[""STRAIGHT AHEAD""]","[""REGAL"", ""SEBRING""]","[""1"", ""2""]","[""W""]","[""1"", ""2""]","[""DRIVER""]","[""NONE"", ""UNKNOWN""]","[""2066343"", ""2066351""]","[""PASSENGER""]","[""PERSONAL""]","[""2008"", ""2016""]",[],[],"[""Y""]",[],[],[],[],[],"[""Y""]",[],"[""1""]",[],[],[],[],[],"['39', '59']","[""DID NOT DEPLOY""]","[""TEST NOT OFFERED""]","[""CICERO""]","[""2025-10-10T17:51:00.000""]","[""UNKNOWN""]","[""UNKNOWN""]","[""D""]","[""IL""]","[""NONE""]",[],"[""O2167707"", ""O2167708"", ""P478287""]","[""DRIVER"", ""PASSENGER""]","[""NORMAL""]","[""USAGE UNKNOWN""]","[""F"", ""M""]","[""IL""]","[""2066343"", ""2066351""]","[""60804""]",[],"[""2""]",[],[],[],[],2025,10,17,10,False,afternoon,41.87,-87.76,41.87_-87.76,49.0,39,59,OTHER,0
STRAIGHT AND LEVEL,411,2025-10-10 17:50:00,6,17,10,486B1B8281F07FA4B617FFAEBDA7DE923BFD50DE90BEECBE79EAE3E634893D215A78BFC26528EB6A40106BDEFA2301C34FD290406DA0B788E51EA7E520AB0BB8,NO INJURY / DRIVE AWAY,"OVER $1,500",FUNCTIONING PROPERLY,REAR END,41.756736099,DAYLIGHT,-87.5930709554,2,30,UNABLE TO DETERMINE,NO DEFECTS,DRY,UNABLE TO DETERMINE,S,7600,TRAFFIC SIGNAL,FOUR WAY,CLEAR,0.0,0.0,1.0,0.0,0.0,1.0,1,2,"[""Y""]",[],"[""Y""]","[""2025-10-10T17:50:00.000""]","[""2167659"", ""2167660""]","[""FRONT-RIGHT-CORNER"", ""REAR""]","[""IL""]","[""DODGE"", ""SUBARU""]","[""SLOW/STOP IN TRAFFIC""]","[""OUTBACK"", ""RAM 1500 PU""]","[""1""]","[""W""]","[""1"", ""2""]","[""DRIVER""]","[""UNKNOWN""]","[""2066297"", ""2066305""]","[""PASSENGER"", ""PICKUP""]","[""PERSONAL""]","[""2010"", ""2019""]",[],[],[],[],[],[],[],[],[],[],[],[],[],[],"[""Y""]",[],"['43', '60']","[""DID NOT DEPLOY""]","[""TEST NOT OFFERED""]","[""CHICAGO""]","[""2025-10-10T17:50:00.000""]","[""NONE"", ""OTHER""]","[""NOT OBSCURED"", ""UNKNOWN""]","[""D""]","[""IL""]","[""NONE""]",[],"[""O2167659"", ""O2167660""]","[""DRIVER""]","[""NORMAL""]","[""USAGE UNKNOWN""]","[""F"", ""M""]","[""IL""]","[""2066297"", ""2066305""]","[""60637"", ""60638""]",[],[],[],[],[],[],2025,10,17,10,False,afternoon,41.76,-87.59,41.76_-87.59,51.5,43,60,OTHER,0
STRAIGHT AND LEVEL,1934,2025-10-10 17:45:00,6,17,10,FC06A0183FA49BECFAA7C0297B3F7A3C3B4B3EC752E3CD5BA3872534D76999CF2C1A1AAD4F0B5DB3D5DFCD53F983242FF384E17B607577195FFDA4B6441BE40A,NO INJURY / DRIVE AWAY,"OVER $1,500",FUNCTIONING PROPERLY,SIDESWIPE SAME DIRECTION,41.9358101753,DUSK,-87.6444038838,2,30,UNABLE TO DETERMINE,UNKNOWN,DRY,NOT APPLICABLE,N,2930,STOP SIGN/FLASHER,NOT DIVIDED,CLEAR,0.0,1.0,0.0,1.0,0.0,1.0,1,1,[],[],[],"[""2025-10-10T17:45:00.000""]","[""2167611"", ""2167612""]","[""SIDE-LEFT"", ""SIDE-RIGHT""]","[""IL""]","[""HONDA"", ""VOLVO""]","[""ENTERING TRAFFIC LANE FROM PARKING"", ""STRAIGHT AHEAD""]","[""CIVIC"", ""XC60""]","[""1""]","[""S""]","[""1"", ""2""]","[""DRIVER""]","[""UNKNOWN""]","[""2066253"", ""2066267""]","[""PASSENGER""]","[""UNKNOWN/NA""]","[""2018"", ""2019""]",[],[],[],[],[],[],"[""Y""]","[""Y""]","[""Y""]",[],[],"[""Y""]",[],[],[],[],['36'],"[""DID NOT DEPLOY""]","[""TEST NOT OFFERED""]","[""CHICAGO""]","[""2025-10-10T17:45:00.000""]","[""UNKNOWN""]","[""UNKNOWN""]","[""D""]","[""IL""]","[""NONE""]",[],"[""O2167611"", ""O2167612""]","[""DRIVER""]","[""UNKNOWN""]","[""USAGE UNKNOWN""]","[""F"", ""M""]","[""IL""]","[""2066253"", ""2066267""]","[""60616""]",[],[],[],[],[],[],2025,10,17,10,False,afternoon,41.94,-87.64,41.94_-87.64,36.0,36,36,OTHER,0
STRAIGHT AND LEVEL,434,2025-10-10 17:45:00,6,17,10,74302CCAD500C151BE3196895CEF191E3426056170802D0962E2B5E2F524288574864378C8864FC06CC01057F4AE779D92F1AD2B83E279E248CAFCF0E922878D,NO INJURY / DRIVE AWAY,"OVER $1,500",FUNCTIONING PROPERLY,ANGLE,41.704495362,DAYLIGHT,-87.5609803899,2,30,FAILING TO YIELD RIGHT-OF-WAY,UNKNOWN,UNKNOWN,DRIVING SKILLS/KNOWLEDGE/EXPERIENCE,S,10500,STOP SIGN/FLASHER,NOT DIVIDED,CLEAR,0.0,0.0,0.0,0.0,0.0,1.0,1,3,"[""Y""]",[],"[""Y""]","[""2025-10-10T17:45:00.000""]","[""2167634"", ""2167635""]","[""FRONT"", ""SIDE-RIGHT-REAR""]","[""IL""]","[""CADILLAC"", ""GENERAL MOTORS CORPORATION (GMC)""]","[""STRAIGHT AHEAD""]","[""ENVOY"", ""XTS""]","[""1"", ""2""]","[""S"", ""W""]","[""1"", ""2""]","[""DRIVER""]","[""UNKNOWN""]","[""2066300"", ""2066319""]","[""PASSENGER"", ""PICKUP""]","[""PERSONAL""]","[""2007"", ""2016""]","[""Y""]","[""Y""]","[""Y""]",[],[],[],[],[],[],[],"[""1""]",[],[],"[""Y""]",[],[],"['40', '50', '77']","[""NOT APPLICABLE""]","[""TEST NOT OFFERED""]","[""CHICAGO""]","[""2025-10-10T17:45:00.000""]","[""FAILED TO YIELD"", ""NONE""]","[""UNKNOWN""]","[""D""]","[""IL""]","[""NONE""]","[""UNK""]","[""O2167634"", ""O2167635"", ""P478280""]","[""DRIVER"", ""PASSENGER""]","[""NORMAL""]","[""USAGE UNKNOWN""]","[""F"", ""M""]","[""IL""]","[""2066300"", ""2066319""]","[""60628"", ""60629"", ""60653""]",[],"[""3""]",[],[],[],[],2025,10,17,10,False,afternoon,41.7,-87.56,41.7_-87.56,55.666666666666664,40,77,FAILURE-TO-YIELD,0
STRAIGHT AND LEVEL,632,2025-10-10 17:40:00,6,17,10,99972AC7362CE73F9689B37D209060A9053D64389CAD3CF729BC9916B44C93D30C62E8BD5F60E5DCD37D71642CE7717FF2652E4E7CB819488682829A81609CF5,INJURY AND / OR TOW DUE TO CRASH,"OVER $1,500",FUNCTIONING PROPERLY,ANGLE,41.7435868283,DAYLIGHT,-87.6229453434,2,30,UNABLE TO DETERMINE,NO DEFECTS,DRY,UNABLE TO DETERMINE,S,8300,STOP SIGN/FLASHER,NOT DIVIDED,CLEAR,0.0,0.0,1.0,0.0,0.0,1.0,1,2,"[""Y""]","[""Y""]","[""Y""]","[""2025-10-10T17:40:00.000""]","[""2167677"", ""2167678""]","[""FRONT-LEFT-CORNER"", ""FRONT-RIGHT-CORNER""]","[""IL""]","[""CADILLAC"", ""JEEP""]","[""STRAIGHT AHEAD""]","[""GRAND CHEROKEE"", ""XTS""]","[""1""]","[""E"", ""S""]","[""1"", ""2""]","[""DRIVER""]","[""UNKNOWN""]","[""2066324"", ""2066332""]","[""PASSENGER"", ""SPORT UTILITY VEHICLE (SUV)""]","[""PERSONAL""]","[""2016"", ""2017""]",[],[],"[""Y""]","[""aaa""]","[""Y""]",[],[],"[""N""]","[""Y""]",[],[],[],[],[],[],"[""residence""]","['74', '76']","[""DEPLOYED, COMBINATION"", ""NOT APPLICABLE""]","[""TEST NOT OFFERED""]","[""CHICAGO""]","[""2025-10-10T17:40:00.000""]","[""FAILED TO YIELD"", ""UNKNOWN""]","[""UNKNOWN""]","[""D""]","[""IL""]","[""NONE""]",[],"[""O2167677"", ""O2167678""]","[""DRIVER""]","[""UNKNOWN""]","[""USAGE UNKNOWN""]","[""M""]","[""IL""]","[""2066324"", ""2066332""]","[""60619"", ""60628""]",[],[],[],[],[],[],2025,10,17,10,False,afternoon,41.74,-87.62,41.74_-87.62,75.0,74,76,OTHER,0
STRAIGHT AND LEVEL,833,2025-10-10 17:40:00,6,17,10,5A918142E92E30A4110B13F4DF09A1DEC7E9EBD966AD822B5716AB4C806EAD08C66B15075CAAEF7AD3D3ED2F1A113A4378611608C9EF51F83DA298DC1CA0AD3E,NO INJURY / DRIVE AWAY,"OVER $1,500",FUNCTIONING PROPERLY,REAR END,41.7715194535,DUSK,-87.7202502195,2,30,FAILING TO REDUCE SPEED TO AVOID CRASH,NO DEFECTS,DRY,NOT APPLICABLE,W,3900,STOP SIGN/FLASHER,NOT DIVIDED,CLOUDY/OVERCAST,0.0,0.0,0.0,0.0,0.0,1.0,1,2,[],[],"[""N""]","[""2025-10-10T17:40:00.000""]","[""2167644"", ""2167645""]","[""FRONT"", ""REAR""]","[""IL""]","[""ACURA"", ""LEXUS""]","[""AVOIDING VEHICLES/OBJECTS"", ""STRAIGHT AHEAD""]","[""ES330"", ""ZDX""]","[""1""]","[""W""]","[""1"", ""2""]","[""DRIVER""]","[""NONE""]","[""2066283"", ""2066298""]","[""PASSENGER""]","[""PERSONAL""]","[""2005"", ""2021""]",[],[],[],[],[],[],[],[],[],[],[],[],"[""Y""]",[],"[""Y""]",[],"['27', '61']","[""NOT APPLICABLE""]","[""TEST NOT OFFERED""]","[""CHICAGO""]","[""2025-10-10T17:40:00.000""]","[""NONE"", ""TEXTING""]","[""NOT OBSCURED""]","[""D""]","[""IL""]","[""NONE""]",[],"[""O2167644"", ""O2167645""]","[""DRIVER""]","[""NORMAL""]","[""USAGE UNKNOWN""]","[""M""]","[""IL""]","[""2066283"", ""2066298""]","[""60621"", ""60632""]",[],[],[],[],[],[],2025,10,17,10,False,afternoon,41.77,-87.72,41.77_-87.72,44.0,27,61,SPEEDING,0
STRAIGHT AND LEVEL,815,2025-10-10 17:38:00,6,17,10,01511B823460C76F9B9104AD0FE65133AD4F06ED6E7C4F6DC27927FF0E7DF9A49692C6378199E5B64BD39A8FDACAF51531F8CB5D78A6605B6C509E28E5590A76,NO INJURY / DRIVE AWAY,"OVER $1,500",NO CONTROLS,ANGLE,41.8079746944,"DARKNESS, LIGHTED ROAD",-87.7244800542,2,30,DRIVING SKILLS/KNOWLEDGE/EXPERIENCE,NO DEFECTS,DRY,DRIVING SKILLS/KNOWLEDGE/EXPERIENCE,W,4018,NO CONTROLS,DIVIDED - W/MEDIAN (NOT RAISED),CLEAR,0.0,0.0,0.0,0.0,0.0,1.0,1,2,"[""Y""]","[""Y""]","[""Y""]","[""2025-10-10T17:38:00.000""]","[""2167690"", ""2167691""]","[""FRONT-LEFT-CORNER"", ""FRONT-RIGHT-CORNER""]","[""IL""]","[""CHEVROLET"", ""JEEP""]","[""STRAIGHT AHEAD""]","[""MALIBU"", ""WRANGLER""]","[""1""]","[""E"", ""S""]","[""1"", ""2""]","[""DRIVER""]","[""NONE""]","[""2066323"", ""2066328""]","[""PASSENGER"", ""SPORT UTILITY VEHICLE (SUV)""]","[""PERSONAL""]","[""2017"", ""2021""]",[],[],"[""Y""]",[],[],[],[],[],[],[],[],[],[],[],[],[],"['26', '38']","[""DID NOT DEPLOY""]","[""TEST NOT OFFERED""]","[""CHICAGO""]","[""2025-10-10T17:38:00.000""]","[""NONE""]","[""NOT OBSCURED""]","[""D""]","[""IL""]","[""NONE""]",[],"[""O2167690"", ""O2167691""]","[""DRIVER""]","[""NORMAL""]","[""SAFETY BELT USED""]","[""F"", ""M""]","[""IL""]","[""2066323"", ""2066328""]","[""60632"", ""60641""]",[],[],[],[],[],[],2025,10,17,10,False,afternoon,41.81,-87.72,41.81_-87.72,32.0,26,38,OTHER,0
STRAIGHT AND LEVEL,1623,2025-10-10 17:32:00,6,17,10,2ACDAE63E6253F856CDD6DAF08B6F4A652D6FBC8AA303A6570245E87B0BB6E3298691E0F8EE6D4049826032BFB197A597607BC7FB637971B7F968FF6784FEB37,INJURY AND / OR TOW DUE TO CRASH,"OVER $1,500",FUNCTIONING PROPERLY,TURNING,41.969891699,DAYLIGHT,-87.7480074302,3,30,FAILING TO REDUCE SPEED TO AVOID CRASH,NO DEFECTS,DRY,UNABLE TO DETERMINE,N,4900,STOP SIGN/FLASHER,T-INTERSECTION,CLEAR,0.0,0.0,1.0,0.0,0.0,1.0,1,4,"[""Y""]","[""Y""]",[],"[""2025-10-10T17:32:00.000""]","[""2167648"", ""2167649"", ""2167650""]","[""FRONT-LEFT-CORNER"", ""FRONT-RIGHT-CORNER"", ""REAR-LEFT-CORNER""]","[""IL""]","[""KIA"", ""TOYOTA"", ""VOLKSWAGEN""]","[""STRAIGHT AHEAD"", ""TURNING RIGHT""]","[""CAMRY"", ""SOUL"", ""TIGUAN""]","[""1"", ""2""]","[""S"", ""SW"", ""W""]","[""1"", ""2"", ""3""]","[""DRIVER""]","[""UNKNOWN""]","[""2066291"", ""2066299"", ""2066312""]","[""PASSENGER"", ""SPORT UTILITY VEHICLE (SUV)""]","[""UNKNOWN/NA""]","[""2019"", ""2020""]",[],[],"[""Y""]","[""PRIVATE""]","[""Y""]","[""Y""]",[],[],"[""N"", ""Y""]",[],"[""1""]",[],[],[],"[""Y""]","[""UNKNOWN""]","['34', '45', '54', '67']","[""DID NOT DEPLOY""]","[""TEST NOT OFFERED""]","[""CHICAGO""]","[""2025-10-10T17:32:00.000""]","[""OTHER"", ""UNKNOWN""]","[""UNKNOWN""]","[""D""]","[""IL""]","[""NONE""]",[],"[""O2167648"", ""O2167649"", ""O2167650"", ""P478275""]","[""DRIVER"", ""PASSENGER""]","[""NORMAL""]","[""SAFETY BELT USED""]","[""F"", ""M""]","[""IL""]","[""2066291"", ""2066299"", ""2066312""]","[""60622"", ""60630""]",[],"[""3""]",[],[],[],[],2025,10,17,10,False,afternoon,41.97,-87.75,41.97_-87.75,50.0,34,67,SPEEDING,0
STRAIGHT AND LEVEL,1932,2025-10-10 17:31:00,6,17,10,B478C8F8FBA18D0BE0D16C915174F9FC9C8F2BC58BC9FF4434DDB7EBC2EB230528C6E045A9110F85081F894760A157A5A2D25002BBCABE8FC9629646F2CF960C,NO INJURY / DRIVE AWAY,"$501 - $1,500",NO CONTROLS,PARKED MOTOR VEHICLE,41.9315017174,DAYLIGHT,-87.6574438124,2,30,IMPROPER TURNING/NO SIGNAL,NO DEFECTS,DRY,UNABLE TO DETERMINE,N,2740,NO CONTROLS,NOT DIVIDED,CLEAR,0.0,1.0,0.0,0.0,0.0,1.0,2,0,[],[],[],"[""2025-10-10T17:31:00.000""]","[""2167646"", ""2167647""]","[""FRONT-RIGHT-CORNER"", ""SIDE-LEFT""]","[""IL""]","[""HONDA"", ""LAND ROVER""]","[""PARKED"", ""U-TURN""]","[""DEFENDER"", ""ODYSSEY""]","[""0"", ""1""]","[""N"", ""S""]","[""1"", ""2""]","[""DRIVER"", ""PARKED""]","[""NONE""]","[""2066284"", ""2066292""]","[""PASSENGER"", ""VAN/MINI-VAN""]","[""PERSONAL""]","[""2018"", ""2023""]",[],[],[],[],[],[],"[""Y""]","[""Y""]","[""Y""]",[],[],[],[],[],[],[],[],"[""DEPLOYMENT UNKNOWN""]","[""TEST NOT OFFERED""]",[],"[""2025-10-10T17:31:00.000""]","[""IMPROPER TURN""]","[""UNKNOWN""]",[],[],"[""NONE""]","[""REFUSED""]","[""O2167646""]","[""DRIVER""]","[""UNKNOWN""]","[""USAGE UNKNOWN""]","[""X""]",[],"[""2066284""]",[],[],[],[],[],[],[],2025,10,17,10,False,afternoon,41.93,-87.66,41.93_-87.66,0.0,0,0,OTHER,0
STRAIGHT AND LEVEL,823,2025-10-10 17:30:00,6,17,10,B4558BFD633B07D6DC1B47C35732D19246B94576D38027192165A0E7408D28E575BA6F9FEC64442A996B043D91F3059CCDD552A6245608E7F88D9DD8419E8B1A,INJURY AND / OR TOW DUE TO CRASH,"OVER $1,500",NO CONTROLS,SIDESWIPE OPPOSITE DIRECTION,41.7768066546,DAYLIGHT,-87.7029417476,2,30,UNABLE TO DETERMINE,NO DEFECTS,DRY,UNABLE TO DETERMINE,S,6411,NO CONTROLS,NOT DIVIDED,CLEAR,0.0,1.0,0.0,0.0,0.0,1.0,1,1,[],[],[],"[""2025-10-10T17:30:00.000""]","[""2167661"", ""2167662""]","[""FRONT-LEFT-CORNER"", ""UNKNOWN""]","[""IL""]","[""BMW"", ""TOYOTA""]","[""STRAIGHT AHEAD""]","[""COROLLA"", ""OTHER (EXPLAIN IN NARRATIVE)""]","[""1""]","[""N"", ""S""]","[""1"", ""2""]","[""DRIVER""]","[""NONE"", ""UNKNOWN""]","[""2066303"", ""2066314""]","[""PASSENGER"", ""SPORT UTILITY VEHICLE (SUV)""]","[""PERSONAL""]","[""2008"", ""2018""]",[],[],"[""Y""]",[],"[""Y""]",[],[],[],[],[],[],[],[],[],[],[],['32'],"[""DEPLOYMENT UNKNOWN"", ""DID NOT DEPLOY""]","[""TEST NOT OFFERED""]","[""CHICAGO RIDGE""]","[""2025-10-10T17:30:00.000""]","[""NONE"", ""OTHER""]","[""NOT OBSCURED"", ""UNKNOWN""]","[""D""]",[],"[""NONE""]",[],"[""O2167661"", ""O2167662""]","[""DRIVER""]","[""NORMAL"", ""UNKNOWN""]","[""SAFETY BELT USED"", ""USAGE UNKNOWN""]","[""M""]","[""IL""]","[""2066303"", ""2066314""]","[""60415""]",[],[],[],[],[],[],2025,10,17,10,False,afternoon,41.78,-87.7,41.78_-87.7,32.0,32,32,OTHER,0
STRAIGHT AND LEVEL,1412,2025-10-10 17:30:00,6,17,10,4ACB47C7A9CBC3A1EBC5067793C3D75F16997038652E9398C0C11F3682115E8ECECE3542008357BAAEDF718AB76E34CE4E9E8F08216312EDF761185D3C419500,NO INJURY / DRIVE AWAY,"$501 - $1,500",NO CONTROLS,REAR END,41.9298007425,DAYLIGHT,-87.7169895817,2,30,UNABLE TO DETERMINE,NO DEFECTS,DRY,NOT APPLICABLE,N,2651,STOP SIGN/FLASHER,NOT DIVIDED,CLEAR,0.0,0.0,0.0,0.0,0.0,1.0,1,2,[],[],[],"[""2025-10-10T17:30:00.000""]","[""2171664"", ""2171665""]","[""FRONT"", ""REAR""]","[""IL""]","[""HONDA"", ""TOYOTA""]","[""STRAIGHT AHEAD""]","[""OTHER (EXPLAIN IN NARRATIVE)"", ""RAV4""]","[""1""]","[""N""]","[""1"", ""2""]","[""DRIVER""]","[""NONE""]","[""2070127"", ""2070132""]","[""PASSENGER"", ""SPORT UTILITY VEHICLE (SUV)""]","[""PERSONAL""]","[""2012""]",[],[],[],[],[],[],[],[],[],[],[],[],[],[],"[""Y""]",[],"['33', '68']","[""DID NOT DEPLOY""]","[""TEST NOT OFFERED""]","[""CALUMET CITY"", ""CHICAGO""]","[""2025-10-10T17:30:00.000""]","[""NONE""]","[""NOT OBSCURED""]",[],"[""IL""]","[""NONE""]",[],"[""O2171664"", ""O2171665""]","[""DRIVER""]","[""NORMAL""]","[""NONE PRESENT"", ""SAFETY BELT USED""]","[""M""]","[""IL""]","[""2070127"", ""2070132""]","[""60409""]",[],[],[],[],[],[],2025,10,17,10,False,afternoon,41.93,-87.72,41.93_-87.72,50.5,33,68,OTHER,0
STRAIGHT AND LEVEL,1422,2025-10-10 17:27:00,6,17,10,AFB43406D153B1D10EB41DECF4FC9009E5C1BD78FF863F6C7C298FA6AF80024AC4D5321F05DD56BDBFE811C09EC4D220E4EBF86DF26F035D36016D4006A7620F,NO INJURY / DRIVE AWAY,"OVER $1,500",NO CONTROLS,ANGLE,41.9099597234,DAYLIGHT,-87.7104294975,2,15,FAILING TO YIELD RIGHT-OF-WAY,NO DEFECTS,DRY,DRIVING SKILLS/KNOWLEDGE/EXPERIENCE,W,3323,NO CONTROLS,PARKING LOT,CLEAR,1.0,0.0,0.0,0.0,0.0,1.0,1,2,[],[],[],"[""2025-10-10T17:27:00.000""]","[""2167638"", ""2167639""]","[""REAR-RIGHT-CORNER"", ""SIDE-RIGHT-REAR""]","[""IL""]","[""HONDA"", ""MITSUBISHI""]","[""BACKING"", ""STRAIGHT AHEAD""]","[""CIVIC"", ""MIRAGE""]","[""1"", ""2""]","[""E"", ""N""]","[""1"", ""2""]","[""DRIVER""]","[""NONE"", ""UNKNOWN""]","[""2066281"", ""2066296""]","[""PASSENGER""]","[""PERSONAL"", ""UNKNOWN/NA""]","[""2004"", ""2014""]","[""Y""]","[""Y""]",[],[],[],[],[],[],[],[],"[""1""]",[],[],"[""Y""]","[""Y""]",[],"['21', '35']","[""DID NOT DEPLOY""]","[""TEST NOT OFFERED""]","[""CHICAGO"", ""NORTH CHICAGO""]","[""2025-10-10T17:27:00.000""]","[""FAILED TO YIELD"", ""NONE""]","[""NOT OBSCURED""]",[],"[""IL"", ""WA""]","[""NONE""]",[],"[""O2167638"", ""O2167639"", ""P478271""]","[""DRIVER"", ""PASSENGER""]","[""NORMAL""]","[""SAFETY BELT USED"", ""USAGE UNKNOWN""]","[""F"", ""M""]","[""IL""]","[""2066281"", ""2066296""]","[""60064"", ""60625""]",[],"[""3""]",[],[],[],[],2025,10,17,10,False,afternoon,41.91,-87.71,41.91_-87.71,28.0,21,35,FAILURE-TO-YIELD,0
STRAIGHT AND LEVEL,2534,2025-10-10 17:20:00,6,17,10,E26C3B2F4C9DE37DA20C33DD4986732DA794C429DC0B76EB3CDBC87957CA8116D79125D95462447D2C1479DD79047927C07C2C501725D5C7B08D0AE40EC0CD0E,NO INJURY / DRIVE AWAY,"OVER $1,500",NO CONTROLS,PARKED MOTOR VEHICLE,41.9160026805,DARKNESS,-87.7352114141,2,25,UNABLE TO DETERMINE,UNKNOWN,DRY,UNABLE TO DETERMINE,N,1924,NO CONTROLS,NOT DIVIDED,CLEAR,0.0,0.0,0.0,0.0,0.0,1.0,2,1,"[""Y""]",[],"[""Y""]","[""2025-10-10T17:20:00.000""]","[""2167686"", ""2167687""]","[""SIDE-LEFT-REAR"", ""SIDE-RIGHT-FRONT""]","[""IL""]","[""FORD"", ""TOYOTA""]","[""LEAVING TRAFFIC LANE TO PARK"", ""PARKED""]","[""OTHER (EXPLAIN IN NARRATIVE)"", ""RAV4""]","[""0"", ""1""]","[""N""]","[""1"", ""2""]","[""DRIVER"", ""DRIVERLESS""]","[""UNKNOWN""]","[""2066322"", ""2066336""]","[""PASSENGER"", ""TRUCK - SINGLE UNIT""]","[""OTHER"", ""PERSONAL""]","[""2014"", ""2022""]",[],[],[],[],[],"[""Y""]",[],[],[],[],[],"[""Y""]",[],[],[],[],['27'],"[""NOT APPLICABLE""]","[""TEST NOT OFFERED""]","[""NORRIDGE""]","[""2025-10-10T17:20:00.000""]","[""UNKNOWN""]","[""UNKNOWN""]",[],"[""IL""]","[""NONE""]","[""N/A""]","[""O2167686""]","[""DRIVER""]","[""UNKNOWN""]","[""USAGE UNKNOWN""]","[""M""]","[""IL""]","[""2066322""]","[""60706""]","[""N/A""]",[],[],[],[],[],2025,10,17,10,False,afternoon,41.92,-87.74,41.92_-87.74,27.0,27,27,OTHER,0