alignment,beat_of_occurrence,crash_date,crash_day_of_week,crash_hour,crash_month,crash_record_id,crash_type,damage,device_condition,first_crash_type,latitude,lighting_condition,longitude,num_units,posted_speed_limit,prim_contributory_cause,road_defect,roadway_surface_cond,sec_contributory_cause,street_direction,street_no,traffic_control_device,trafficway_type,weather_condition,private_property_i,hit_and_run_i,intersection_related_i,crash_date_est_i,work_zone_i,workers_present_i,veh_count,ppl_count,veh_area_01_i_list_json,veh_area_02_i_list_json,veh_area_12_i_list_json,veh_crash_date_list_json,veh_crash_unit_id_list_json,veh_first_contact_point_list_json,veh_lic_plate_state_list_json,veh_make_list_json,veh_maneuver_list_json,veh_model_list_json,veh_occupant_cnt_list_json,veh_travel_direction_list_json,veh_unit_no_list_json,veh_unit_type_list_json,veh_vehicle_defect_list_json,veh_vehicle_id_list_json,veh_vehicle_type_list_json,veh_vehicle_use_list_json,veh_vehicle_year_list_json,veh_area_03_i_list_json,veh_area_04_i_list_json,veh_area_11_i_list_json,veh_towed_by_list_json,veh_towed_i_list_json,veh_area_07_i_list_json,veh_area_99_i_list_json,veh_area_09_i_list_json,veh_area_10_i_list_json,veh_cmrc_veh_i_list_json,veh_num_passengers_list_json,veh_area_08_i_list_json,veh_area_00_i_list_json,veh_area_05_i_list_json,veh_area_06_i_list_json,veh_towed_to_list_json,ppl_age_list_json,ppl_airbag_deployed_list_json,ppl_bac_result_list_json,ppl_city_list_json,ppl_crash_date_list_json,ppl_driver_action_list_json,ppl_driver_vision_list_json,ppl_drivers_license_class_list_json,ppl_drivers_license_state_list_json,ppl_ejection_list_json,ppl_hospital_list_json,ppl_person_id_list_json,ppl_person_type_list_json,ppl_physical_condition_list_json,ppl_safety_equipment_list_json,ppl_sex_list_json,ppl_state_list_json,ppl_vehicle_id_list_json,ppl_zipcode_list_json,ppl_ems_agency_list_json,ppl_seat_no_list_json,ppl_pedpedal_action_list_json,ppl_pedpedal_location_list_json,ppl_pedpedal_visibility_list_json,ppl_ems_run_no_list_json,year,month,hour,day,is_weekend,hour_bin,lat_bin,lng_bin,grid_id,ppl_age_mean,ppl_age_min,ppl_age_max,prim_contributory_cause_group,ksi_flag
STRAIGHT AND LEVEL,1411,2025-10-10 17:20:00,6,17,10,C4D1596B8F7293821E9CC71335FACF78BE52F7B17348C19B17B360DE5743BB841AF37787EF98B928C441B9838B3987F8249FDA88DD8EFB2306FC01AD9E76A228,NO INJURY / DRIVE AWAY,"OVER $1,500",NO CONTROLS,PARKED MOTOR VEHICLE,41.9322390055,DAYLIGHT,-87.6936334885,2,30,UNABLE TO DETERMINE,UNKNOWN,DRY,NOT APPLICABLE,W,2622,NO CONTROLS,NOT DIVIDED,CLEAR,0.0,0.0,0.0,1.0,0.0,1.0,2,0,[],[],[],"[""2025-10-10T17:20:00.000""]","[""2168000"", ""2168001""]","[""FRONT-LEFT-CORNER"", ""UNKNOWN""]","[""IL""]","[""FORD"", ""NEW FLYER""]","[""PARKED"", ""UNKNOWN/NA""]","[""MUSTANG"", ""OTHER (EXPLAIN IN NARRATIVE)""]","[""0"", ""1""]","[""E""]","[""1"", ""2""]","[""DRIVER"", ""PARKED""]","[""UNKNOWN""]","[""2066633"", ""2066635""]","[""BUS OVER 15 PASS."", ""PASSENGER""]","[""CTA"", ""PERSONAL""]","[""2007"", ""2015""]",[],[],"[""Y""]",[],[],[],"[""Y""]","[""Y""]","[""Y""]",[],[],[],[],[],[],[],[],"[""NOT APPLICABLE""]","[""TEST NOT OFFERED""]",[],"[""2025-10-10T17:20:00.000""]","[""UNKNOWN""]","[""UNKNOWN""]",[],[],"[""NONE""]",[],"[""O2168000""]","[""DRIVER""]","[""UNKNOWN""]","[""USAGE UNKNOWN""]","[""M""]",[],"[""2066633""]",[],[],[],[],[],[],[],2025,10,17,10,False,afternoon,41.93,-87.69,41.93_-87.69,0.0,0,0,OTHER,0
STRAIGHT AND LEVEL,815,2025-10-10 17:20:00,6,17,10,179DC0D56A58E3F53198C70546C8BF68991180811C106757E0BD313EFB9D49B5B2910D6342943FCF0F981BE02CA297925E7782724FD3795974F2447C09649510,NO INJURY / DRIVE AWAY,"OVER $1,500",FUNCTIONING PROPERLY,TURNING,41.8161369117,DAYLIGHT,-87.7432283427,2,30,IMPROPER OVERTAKING/PASSING,NO DEFECTS,DRY,IMPROPER OVERTAKING/PASSING,S,4219,TRAFFIC SIGNAL,DIVIDED - W/MEDIAN BARRIER,CLEAR,0.0,0.0,0.0,0.0,0.0,1.0,1,2,"[""Y""]","[""Y""]",[],"[""2025-10-10T17:20:00.000""]","[""2171314"", ""2171315""]","[""REAR-LEFT-CORNER"", ""SIDE-RIGHT""]","[""GA"", ""IL""]","[""HONDA"", ""MACK TRUCKS, INC.""]","[""TURNING LEFT""]","[""CR-V"", ""MACK TRUCKS, INC.""]","[""1""]","[""E""]","[""1"", ""2""]","[""DRIVER""]","[""NONE""]","[""2069782"", ""2069783""]","[""PASSENGER"", ""TRACTOR W/ SEMI-TRAILER""]","[""OTHER"", ""PERSONAL""]","[""2016""]","[""Y""]","[""N""]","[""N""]",[],[],"[""Y""]",[],[],"[""N""]",[],[],"[""Y""]",[],[],[],[],"['35', '52']","[""DEPLOYMENT UNKNOWN"", ""NOT APPLICABLE""]","[""TEST NOT OFFERED""]","[""CICERO"", ""MARKHAM""]","[""2025-10-10T17:20:00.000""]","[""NONE"", ""UNKNOWN""]","[""NOT OBSCURED"", ""UNKNOWN""]","[""A"", ""D""]","[""IL""]","[""NONE""]",[],"[""O2171314"", ""O2171315""]","[""DRIVER""]","[""NORMAL"", ""UNKNOWN""]","[""SAFETY BELT USED"", ""USAGE UNKNOWN""]","[""F"", ""M""]","[""IL""]","[""2069782"", ""2069783""]","[""60428"", ""60804""]",[],[],[],[],[],[],2025,10,17,10,False,afternoon,41.82,-87.74,41.82_-87.74,43.5,35,52,OTHER,0
STRAIGHT AND LEVEL,1824,2025-10-10 17:16:00,6,17,10,91F816546D71300CC8675962FED166DE008AE5B835E5BCC46A2170600B10D8F0FF27B17EA6DD775163F35B7F9B256606C281956D079D59DA720CD156ADDC27B6,NO INJURY / DRIVE AWAY,"OVER $1,500",NO CONTROLS,SIDESWIPE SAME DIRECTION,41.907876187,DAYLIGHT,-87.6314232785,2,30,IMPROPER OVERTAKING/PASSING,NO DEFECTS,DRY,FOLLOWING TOO CLOSELY,N,1401,NO CONTROLS,NOT DIVIDED,CLEAR,0.0,0.0,0.0,0.0,0.0,1.0,1,2,"[""Y""]","[""Y""]","[""Y""]","[""2025-10-10T17:16:00.000""]","[""2168081"", ""2168082""]","[""FRONT-RIGHT-CORNER"", ""REAR-LEFT-CORNER""]","[""IL""]","[""TESLA"", ""VOLKSWAGEN""]","[""MERGING"", ""STRAIGHT AHEAD""]","[""MODEL Y"", ""OTHER (EXPLAIN IN NARRATIVE)""]","[""1""]","[""S""]","[""1"", ""2""]","[""DRIVER""]","[""NONE""]","[""2066709"", ""2066715""]","[""PASSENGER""]","[""PERSONAL""]","[""2022"", ""2024""]",[],[],[],[],[],"[""Y""]",[],[],[],[],[],"[""Y""]",[],[],[],[],"['19', '46']","[""NOT APPLICABLE""]","[""TEST NOT OFFERED""]","[""CHICAGO"", ""MORTON GROVE""]","[""2025-10-10T17:16:00.000""]","[""FOLLOWED TOO CLOSELY"", ""NONE""]","[""NOT OBSCURED""]",[],"[""IL""]","[""NONE""]",[],"[""O2168081"", ""O2168082""]","[""DRIVER""]","[""NORMAL""]","[""SAFETY BELT USED""]","[""F"", ""M""]","[""IL""]","[""2066709"", ""2066715""]","[""60053"", ""60618""]",[],[],[],[],[],[],2025,10,17,10,False,afternoon,41.91,-87.63,41.91_-87.63,32.5,19,46,OTHER,0
STRAIGHT AND LEVEL,2413,2025-10-10 17:15:00,6,17,10,5A4D96095FE75B54ECED4645FAE0888F47137487AA12ECD8222366A2411E6D9500C19707C2B4CA7247FBBADB79ABA6B1FEFE4C3995B1911F8AC09B761BDFA620,NO INJURY / DRIVE AWAY,$500 OR LESS,NO CONTROLS,PARKED MOTOR VEHICLE,41.9910443709,UNKNOWN,-87.6956207901,2,15,UNABLE TO DETERMINE,UNKNOWN,UNKNOWN,UNABLE TO DETERMINE,N,6019,NO CONTROLS,PARKING LOT,CLEAR,1.0,1.0,0.0,0.0,0.0,1.0,2,0,[],[],[],"[""2025-10-10T17:15:00.000""]","[""2167621"", ""2167622""]","[""UNKNOWN""]","[""IL""]","[""TOYOTA"", ""UNKNOWN""]","[""PARKED"", ""UNKNOWN/NA""]","[""CAMRY"", ""OTHER (EXPLAIN IN NARRATIVE)""]","[""0"", ""1""]","[""N"", ""UNKNOWN""]","[""1"", ""2""]","[""DRIVER"", ""PARKED""]","[""UNKNOWN""]","[""2066261"", ""2066271""]","[""PASSENGER"", ""UNKNOWN/NA""]","[""NOT IN USE"", ""UNKNOWN/NA""]","[""2016""]",[],[],[],[],[],"[""Y""]","[""Y""]",[],[],[],[],[],[],[],"[""Y""]",[],[],"[""DEPLOYMENT UNKNOWN""]","[""TEST NOT OFFERED""]",[],"[""2025-10-10T17:15:00.000""]","[""UNKNOWN""]","[""UNKNOWN""]",[],[],"[""UNKNOWN""]",[],"[""O2167621""]","[""DRIVER""]","[""UNKNOWN""]","[""USAGE UNKNOWN""]","[""X""]",[],"[""2066261""]",[],[],[],[],[],[],[],2025,10,17,10,False,afternoon,41.99,-87.7,41.99_-87.7,0.0,0,0,OTHER,0
STRAIGHT AND LEVEL,2533,2025-10-10 17:10:00,6,17,10,9974CE75FFF17AC9308E55C59779235D2D00CF162C3E852378569F26E747BE55BB893F09F07B16F68F3BBA671E446E87A804938372EBC68365202A602A468AFC,INJURY AND / OR TOW DUE TO CRASH,"OVER $1,500",NO CONTROLS,REAR END,41.9094217672,DAYLIGHT,-87.7459679029,2,35,UNABLE TO DETERMINE,UNKNOWN,UNKNOWN,UNABLE TO DETERMINE,N,1555,TRAFFIC SIGNAL,NOT DIVIDED,CLEAR,0.0,0.0,0.0,0.0,0.0,1.0,1,4,"[""Y""]",[],"[""Y""]","[""2025-10-10T17:10:00.000""]","[""2167603"", ""2167604""]","[""FRONT"", ""REAR""]","[""IL""]","[""FORD"", ""NISSAN""]","[""STRAIGHT AHEAD""]","[""ALTIMA"", ""EXPEDITION""]","[""1"", ""3""]","[""N""]","[""1"", ""2""]","[""DRIVER""]","[""UNKNOWN""]","[""2066245"", ""2066254""]","[""PASSENGER""]","[""PERSONAL""]","[""2008"", ""2014""]",[],[],"[""Y""]",[],[],[],"[""Y""]",[],[],[],"[""2""]",[],[],[],"[""N""]",[],"['12', '19', '34', '8']","[""NOT APPLICABLE""]","[""TEST NOT OFFERED""]","[""CALUMET CITY"", ""CHICAGO""]","[""2025-10-10T17:10:00.000""]","[""UNKNOWN""]","[""UNKNOWN""]",[],"[""IL""]","[""NONE""]","[""N/A"", ""PARENT REFUSED  WILL SELF MEDICATE"", ""REFUSED"", ""REFUSED/ADVISED WILL TAKE SELF""]","[""O2167603"", ""O2167604"", ""P478268"", ""P478269""]","[""DRIVER"", ""PASSENGER""]","[""UNKNOWN""]","[""USAGE UNKNOWN""]","[""F"", ""M""]","[""IL""]","[""2066245"", ""2066254""]","[""60409"", ""60651""]","[""N/A""]","[""4"", ""6""]",[],[],[],[],2025,10,17,10,False,afternoon,41.91,-87.75,41.91_-87.75,18.25,8,34,OTHER,1
STRAIGHT AND LEVEL,1033,2025-10-10 17:05:00,6,17,10,41082F9F6484BE52CDCAF9F08C871075DB1101685ABEFCD8B69AA0963C91127D9A0A8E26D6E37A0D696996AB5B7B454C227169E330DCD09B292EE69762C07DAB,NO INJURY / DRIVE AWAY,"OVER $1,500",FUNCTIONING PROPERLY,PARKED MOTOR VEHICLE,41.8444082094,DAYLIGHT,-87.7049775732,2,30,"VISION OBSCURED (SIGNS, TREE LIMBS, BUILDINGS, ETC.)",NO DEFECTS,DRY,"VISION OBSCURED (SIGNS, TREE LIMBS, BUILDINGS, ETC.)",W,3159,TRAFFIC SIGNAL,DIVIDED - W/MEDIAN (NOT RAISED),CLEAR,0.0,0.0,0.0,0.0,0.0,1.0,2,1,[],[],[],"[""2025-10-10T17:05:00.000""]","[""2167605"", ""2167606""]","[""REAR-LEFT-CORNER"", ""REAR-RIGHT-CORNER""]","[""GA"", ""IL""]","[""FORD"", ""NOVA BUS""]","[""PARKED"", ""TURNING RIGHT""]","[""F450"", ""OTHER (EXPLAIN IN NARRATIVE)""]","[""0"", ""1""]","[""E"", ""N""]","[""1"", ""2""]","[""DRIVER"", ""PARKED""]","[""UNKNOWN""]","[""2066243"", ""2066250""]","[""BUS OVER 15 PASS."", ""SINGLE UNIT TRUCK WITH TRAILER""]","[""CTA"", ""OTHER""]","[""2014"", ""2022""]",[],"[""Y""]",[],[],[],"[""Y""]",[],[],[],[],[],[],[],[],[],[],['65'],"[""DID NOT DEPLOY""]","[""TEST NOT OFFERED""]","[""SAVANNAH""]","[""2025-10-10T17:05:00.000""]","[""IMPROPER TURN""]","[""OTHER""]","[""AM""]","[""GA""]","[""NONE""]",[],"[""O2167605""]","[""DRIVER""]","[""NORMAL""]","[""USAGE UNKNOWN""]","[""M""]","[""GA""]","[""2066243""]","[""31410""]",[],[],[],[],[],[],2025,10,17,10,False,afternoon,41.84,-87.7,41.84_-87.7,65.0,65,65,LIGHTING/VISIBILITY,0
STRAIGHT AND LEVEL,2211,2025-10-10 17:05:00,6,17,10,27CA85554BB24193B7ED3D0FF243A165234A23A9332BA603BFE7EBB0F57BFC0B6DB44CBB332AC8691C07E942F1FB639B2BACFA1946B2C1BC22AF6ADF7F3BA89C,NO INJURY / DRIVE AWAY,$500 OR LESS,NO CONTROLS,PARKED MOTOR VEHICLE,41.6839918156,DAYLIGHT,-87.7250172758,2,30,UNABLE TO DETERMINE,UNKNOWN,DRY,UNABLE TO DETERMINE,W,4200,NO CONTROLS,PARKING LOT,CLEAR,0.0,0.0,0.0,0.0,0.0,1.0,2,1,[],[],[],"[""2025-10-10T17:05:00.000""]","[""2167601"", ""2167602""]","[""SIDE-RIGHT"", ""UNKNOWN""]","[""IL""]","[""HONDA"", ""UNKNOWN""]","[""BACKING"", ""PARKED""]","[""CR-V"", ""OTHER (EXPLAIN IN NARRATIVE)""]","[""1"", ""2""]","[""S"", ""W""]","[""1"", ""2""]","[""DRIVER"", ""PARKED""]","[""UNKNOWN""]","[""2066236"", ""2066248""]","[""BUS OVER 15 PASS."", ""PASSENGER""]","[""PERSONAL"", ""SCHOOL BUS""]","[""2017"", ""2023""]","[""Y""]",[],[],[],[],[],[],[],[],[],"[""2""]",[],[],[],[],[],['41'],"[""DEPLOYMENT UNKNOWN"", ""NOT APPLICABLE""]","[""TEST NOT OFFERED""]","[""CHICAGO""]","[""2025-10-10T17:05:00.000""]","[""UNKNOWN""]","[""UNKNOWN""]","[""D""]","[""IL""]","[""NONE""]",[],"[""O2167601"", ""P478265"", ""P478266""]","[""DRIVER"", ""PASSENGER""]","[""NORMAL""]","[""USAGE UNKNOWN""]","[""M""]","[""IL""]","[""2066236"", ""2066248""]","[""60615""]",[],"[""5"", ""6""]",[],[],[],[],2025,10,17,10,False,afternoon,41.68,-87.73,41.68_-87.73,41.0,41,41,OTHER,0
STRAIGHT AND LEVEL,1935,2025-10-10 17:02:00,6,17,10,54F541D90661DD97A0DAF146230DFEBA339B6A8560BE9F9493E331B3C9844E56D00338AD19F423E35F60F810DDFD7107945B415DEE9F099E62EA18443778362E,NO INJURY / DRIVE AWAY,"OVER $1,500",NO CONTROLS,PARKED MOTOR VEHICLE,41.9304224637,DAYLIGHT,-87.6549610734,2,30,UNABLE TO DETERMINE,NO DEFECTS,DRY,NOT APPLICABLE,N,2713,NO CONTROLS,NOT DIVIDED,CLEAR,0.0,0.0,0.0,0.0,0.0,1.0,2,1,[],[],[],"[""2025-10-10T17:02:00.000""]","[""2167593"", ""2167594""]","[""FRONT-LEFT-CORNER"", ""SIDE-RIGHT-REAR""]","[""IL""]","[""BMW"", ""FORD""]","[""MERGING"", ""PARKED""]","[""OTHER (EXPLAIN IN NARRATIVE)""]","[""0"", ""1""]","[""N""]","[""1"", ""2""]","[""DRIVER"", ""PARKED""]","[""NONE""]","[""2066235"", ""2066242""]","[""PASSENGER"", ""TRUCK - SINGLE UNIT""]","[""COMMERCIAL - SINGLE UNIT"", ""NOT IN USE""]","[""2004"", ""2018""]",[],"[""Y""]","[""Y""]",[],[],[],[],[],"[""Y""]",[],[],[],[],"[""Y""]",[],[],['24'],"[""NOT APPLICABLE""]","[""TEST NOT OFFERED""]","[""CHICAGO""]","[""2025-10-10T17:02:00.000""]","[""NONE""]","[""NOT OBSCURED""]","[""D""]","[""IL""]","[""NONE""]",[],"[""O2167593""]","[""DRIVER""]","[""NORMAL""]","[""SAFETY BELT USED""]","[""M""]","[""IL""]","[""2066235""]","[""60608""]",[],[],[],[],[],[],2025,10,17,10,False,afternoon,41.93,-87.65,41.93_-87.65,24.0,24,24,OTHER,0
STRAIGHT AND LEVEL,312,2025-10-10 17:00:00,6,17,10,F305CB2686C137BE75FCEF232436FCB4ADF9036D35ABB5284D7AEA8807ADDA7A4870D11F2175AA1CCC38CB290255990DCABF465BA0864E6741B1F554ABC1037B,INJURY AND / OR TOW DUE TO CRASH,"OVER $1,500",NO CONTROLS,TURNING,41.7785017943,DAWN,-87.6060350864,2,30,UNABLE TO DETERMINE,NO DEFECTS,DRY,NOT APPLICABLE,S,6400,NO CONTROLS,DIVIDED - W/MEDIAN (NOT RAISED),CLEAR,0.0,0.0,0.0,0.0,0.0,1.0,1,1,"[""Y""]","[""Y""]","[""Y""]","[""2025-10-10T17:00:00.000""]","[""2168743"", ""2168762""]","[""FRONT-LEFT-CORNER"", ""FRONT-RIGHT-CORNER""]","[""IL""]","[""BUICK"", ""FORD""]","[""STRAIGHT AHEAD"", ""U-TURN""]","[""ESCAPE"", ""OTHER (EXPLAIN IN NARRATIVE)""]","[""2""]","[""N""]","[""1"", ""2""]","[""DRIVER""]","[""NONE""]","[""2067349"", ""2067358""]","[""PASSENGER"", ""UNKNOWN/NA""]","[""PERSONAL"", ""UNKNOWN/NA""]","[""2018"", ""2022""]","[""Y""]",[],"[""Y""]",[],[],[],[],[],[],[],"[""1""]",[],[],[],[],[],['70'],"[""DEPLOYMENT UNKNOWN"", ""NOT APPLICABLE""]","[""TEST NOT OFFERED""]","[""CHICAGO""]","[""2025-10-10T17:00:00.000""]","[""NONE""]","[""UNKNOWN""]","[""D""]","[""IL""]","[""NONE""]",[],"[""O2168743"", ""O2168762"", ""P478527"", ""P478530""]","[""DRIVER"", ""PASSENGER""]","[""NORMAL"", ""UNKNOWN""]","[""SAFETY BELT USED"", ""USAGE UNKNOWN""]","[""F""]","[""IL""]","[""2067349"", ""2067358""]",[],[],"[""3""]",[],[],[],[],2025,10,17,10,False,afternoon,41.78,-87.61,41.78_-87.61,70.0,70,70,OTHER,1
STRAIGHT AND LEVEL,632,2025-10-10 17:00:00,6,17,10,AE847CCB954FE8AA683E168A43F918771772717937DEC14364A564F424749067F26CAA6293BE1225DABDD26B2C156163B96557D708E5D26E9EF0BBA25BD249ED,NO INJURY / DRIVE AWAY,$500 OR LESS,FUNCTIONING PROPERLY,ANGLE,41.7328970278,DAYLIGHT,-87.6142859067,2,30,UNABLE TO DETERMINE,NO DEFECTS,DRY,UNABLE TO DETERMINE,S,8899,STOP SIGN/FLASHER,FOUR WAY,CLEAR,0.0,0.0,1.0,0.0,0.0,1.0,1,1,"[""Y""]",[],"[""Y""]","[""2025-10-10T17:00:00.000""]","[""2169593"", ""2169594""]","[""FRONT"", ""REAR""]","[""IL""]","[""LEXUS"", ""TOYOTA""]","[""STRAIGHT AHEAD""]","[""OTHER (EXPLAIN IN NARRATIVE)"", ""RAV4""]","[""1""]","[""S"", ""W""]","[""1"", ""2""]","[""DRIVER""]","[""UNKNOWN""]","[""2068142"", ""2068149""]","[""SPORT UTILITY VEHICLE (SUV)""]","[""PERSONAL"", ""UNKNOWN/NA""]","[""2009"", ""2013""]",[],[],"[""Y""]",[],[],"[""Y""]","[""N""]",[],[],[],[],[],[],"[""Y""]","[""Y""]",[],['47'],"[""DEPLOYMENT UNKNOWN"", ""DID NOT DEPLOY""]","[""TEST NOT OFFERED""]","[""CHICAGO""]","[""2025-10-10T17:00:00.000""]","[""UNKNOWN""]","[""NOT OBSCURED"", ""UNKNOWN""]",[],"[""IL""]","[""NONE""]",[],"[""O2169593"", ""O2169594""]","[""DRIVER""]","[""NORMAL"", ""UNKNOWN""]","[""SAFETY BELT USED"", ""USAGE UNKNOWN""]","[""F"", ""M""]","[""IL""]","[""2068142"", ""2068149""]","[""60617""]",[],[],[],[],[],[],2025,10,17,10,False,afternoon,41.73,-87.61,41.73_-87.61,47.0,47,47,OTHER,0
STRAIGHT AND LEVEL,112,2025-10-10 16:55:00,6,16,10,CB6DB453FEBE2DE8E35B9E295031BDA03FA1498B80AC305647F2ECAB118F77953406BE1F21DA0645EBD941E90EDD55805DCB58928419C1714F20EB6CE55A5911,NO INJURY / DRIVE AWAY,"OVER $1,500",FUNCTIONING PROPERLY,TURNING,41.8831205157,DAYLIGHT,-87.6244442554,2,30,IMPROPER TURNING/NO SIGNAL,NO DEFECTS,WET,DRIVING SKILLS/KNOWLEDGE/EXPERIENCE,E,99,TRAFFIC SIGNAL,T-INTERSECTION,CLEAR,0.0,0.0,1.0,0.0,0.0,1.0,1,2,"[""Y""]","[""Y""]","[""Y""]","[""2025-10-10T16:55:00.000""]","[""2167629"", ""2167630""]","[""FRONT-RIGHT-CORNER"", ""SIDE-LEFT""]","[""IL"", ""LA""]","[""JEEP"", ""TOYOTA""]","[""STRAIGHT AHEAD"", ""TURNING RIGHT""]","[""COROLLA"", ""WRANGLER""]","[""1""]","[""E"", ""SE""]","[""1"", ""2""]","[""DRIVER""]","[""NONE""]","[""2066275"", ""2066288""]","[""PASSENGER"", ""SPORT UTILITY VEHICLE (SUV)""]","[""PERSONAL""]","[""2022"", ""2024""]",[],[],[],[],[],[],[],[],"[""Y""]",[],[],[],[],[],[],[],"['37', '44']","[""DID NOT DEPLOY""]","[""TEST NOT OFFERED""]","[""CHICAGO"", ""HARVEST""]","[""2025-10-10T16:55:00.000""]","[""IMPROPER TURN"", ""NONE""]","[""UNKNOWN""]","[""D"", ""DV""]","[""AL"", ""IL""]","[""NONE""]",[],"[""O2167629"", ""O2167630""]","[""DRIVER""]","[""NORMAL""]","[""SAFETY BELT USED""]","[""M""]","[""AL"", ""IL""]","[""2066275"", ""2066288""]","[""35749"", ""60625""]",[],[],[],[],[],[],2025,10,16,10,False,afternoon,41.88,-87.62,41.88_-87.62,40.5,37,44,OTHER,0
STRAIGHT AND LEVEL,2535,2025-10-10 16:55:00,6,16,10,582655FACCC8E41CE728A3E515BBBF4F88742DA7AFB810100346EA7F7AD91E9D1380EE27F54A3E89A24749E2926B13F7C4CFE8444E172A10AC84686BC25BB2E7,INJURY AND / OR TOW DUE TO CRASH,"OVER $1,500",FUNCTIONING PROPERLY,REAR END,41.9101032513,DAYLIGHT,-87.7167561833,3,30,DISTRACTION - FROM INSIDE VEHICLE,NO DEFECTS,DRY,UNABLE TO DETERMINE,W,3600,TRAFFIC SIGNAL,NOT DIVIDED,CLEAR,0.0,0.0,0.0,0.0,0.0,1.0,1,3,[],[],[],"[""2025-10-10T16:55:00.000""]","[""2167631"", ""2167632"", ""2167633""]","[""FRONT-LEFT-CORNER"", ""REAR""]","[""IL""]","[""HONDA"", ""JEEP"", ""NISSAN""]","[""STRAIGHT AHEAD""]","[""ACCORD"", ""OTHER (EXPLAIN IN NARRATIVE)"", ""WRANGLER""]","[""1""]","[""UNKNOWN""]","[""1"", ""2"", ""3""]","[""DRIVER""]","[""NONE""]","[""2066274"", ""2066282"", ""2066289""]","[""PASSENGER""]","[""PERSONAL""]","[""2003"", ""2012"", ""2025""]",[],[],"[""Y""]","[""PRIVATE TOW""]","[""Y""]","[""Y""]",[],[],[],[],[],[],[],"[""Y""]","[""Y""]","[""UNKNOWN""]","['28', '31', '47']","[""DID NOT DEPLOY""]","[""TEST NOT OFFERED""]","[""CHICAGO"", ""PINGREE GROVE""]","[""2025-10-10T16:55:00.000""]","[""NONE"", ""OTHER""]","[""NOT OBSCURED"", ""OTHER""]","[""D"", ""DM""]","[""IL""]","[""NONE""]",[],"[""O2167631"", ""O2167632"", ""O2167633""]","[""DRIVER""]","[""NORMAL""]","[""SAFETY BELT USED""]","[""M""]","[""IL""]","[""2066274"", ""2066282"", ""2066289""]","[""60140"", ""60639"", ""60647""]",[],[],[],[],[],[],2025,10,16,10,False,afternoon,41.91,-87.72,41.91_-87.72,35.333333333333336,28,47,DISTRACTION/INATTENTION,0
STRAIGHT AND LEVEL,215,2025-10-10 16:50:00,6,16,10,AB8361AE84A4DCA13CCE63A10AFAC406D18200CA530D193A637948A4D585D4E337F2F193C76A78C8876ACA2983193936F99BBA6F41BCC53FA78F7116887DB312,NO INJURY / DRIVE AWAY,"OVER $1,500",NO CONTROLS,ANGLE,41.8164890341,DAYLIGHT,-87.6190236703,2,30,FAILING TO YIELD RIGHT-OF-WAY,NO DEFECTS,DRY,NOT APPLICABLE,E,317,NO CONTROLS,NOT DIVIDED,CLEAR,0.0,0.0,0.0,0.0,0.0,1.0,1,1,[],[],"[""Y""]","[""2025-10-10T16:50:00.000""]","[""2167642"", ""2167643""]","[""FRONT"", ""SIDE-RIGHT""]","[""IL""]","[""JEEP"", ""TOYOTA""]","[""ENTER FROM DRIVE/ALLEY"", ""STRAIGHT AHEAD""]","[""COROLLA"", ""PATRIOT""]","[""1""]","[""E"", ""N""]","[""1"", ""2""]","[""DRIVER""]","[""NONE"", ""UNKNOWN""]","[""2066280"", ""2066287""]","[""PASSENGER"", ""SPORT UTILITY VEHICLE (SUV)""]","[""PERSONAL"", ""UNKNOWN/NA""]","[""2010"", ""2015""]","[""Y""]","[""Y""]",[],[],[],[],[],[],[],[],[],[],[],[],[],[],['38'],"[""DEPLOYMENT UNKNOWN"", ""DID NOT DEPLOY""]","[""TEST NOT OFFERED""]","[""CHICAGO""]","[""2025-10-10T16:50:00.000""]","[""FAILED TO YIELD"", ""NONE""]","[""NOT OBSCURED"", ""UNKNOWN""]","[""D""]","[""IL""]","[""NONE""]",[],"[""O2167642"", ""O2167643""]","[""DRIVER""]","[""NORMAL"", ""UNKNOWN""]","[""SAFETY BELT USED"", ""USAGE UNKNOWN""]","[""F"", ""M""]","[""IL""]","[""2066280"", ""2066287""]","[""60636""]",[],[],[],[],[],[],2025,10,16,10,False,afternoon,41.82,-87.62,41.82_-87.62,38.0,38,38,FAILURE-TO-YIELD,0