alignment,beat_of_occurrence,crash_date,crash_day_of_week,crash_hour,crash_month,crash_record_id,crash_type,damage,device_condition,first_crash_type,latitude,lighting_condition,longitude,num_units,posted_speed_limit,prim_contributory_cause,road_defect,roadway_surface_cond,sec_contributory_cause,street_direction,street_no,traffic_control_device,trafficway_type,weather_condition,private_property_i,hit_and_run_i,intersection_related_i,crash_date_est_i,work_zone_i,workers_present_i,veh_count,ppl_count,veh_area_01_i_list_json,veh_area_02_i_list_json,veh_area_12_i_list_json,veh_crash_date_list_json,veh_crash_unit_id_list_json,veh_first_contact_point_list_json,veh_lic_plate_state_list_json,veh_make_list_json,veh_maneuver_list_json,veh_model_list_json,veh_occupant_cnt_list_json,veh_travel_direction_list_json,veh_unit_no_list_json,veh_unit_type_list_json,veh_vehicle_defect_list_json,veh_vehicle_id_list_json,veh_vehicle_type_list_json,veh_vehicle_use_list_json,veh_vehicle_year_list_json,veh_area_03_i_list_json,veh_area_04_i_list_json,veh_area_11_i_list_json,veh_towed_by_list_json,veh_towed_i_list_json,veh_area_07_i_list_json,veh_area_99_i_list_json,veh_area_09_i_list_json,veh_area_10_i_list_json,veh_cmrc_veh_i_list_json,veh_num_passengers_list_json,veh_area_08_i_list_json,veh_area_00_i_list_json,veh_area_05_i_list_json,veh_area_06_i_list_json,veh_towed_to_list_json,ppl_age_list_json,ppl_airbag_deployed_list_json,ppl_bac_result_list_json,ppl_city_list_json,ppl_crash_date_list_json,ppl_driver_action_list_json,ppl_driver_vision_list_json,ppl_drivers_license_class_list_json,ppl_drivers_license_state_list_json,ppl_ejection_list_json,ppl_hospital_list_json,ppl_person_id_list_json,ppl_person_type_list_json,ppl_physical_condition_list_json,ppl_safety_equipment_list_json,ppl_sex_list_json,ppl_state_list_json,ppl_vehicle_id_list_json,ppl_zipcode_list_json,ppl_ems_agency_list_json,ppl_seat_no_list_json,ppl_pedpedal_action_list_json,ppl_pedpedal_location_list_json,ppl_pedpedal_visibility_list_json,ppl_ems_run_no_list_json,year,month,hour,day,is_weekend,hour_bin,lat_bin,lng_bin,grid_id,ppl_age_mean,ppl_age_min,ppl_age_max,prim_contributory_cause_group,ksi_flag
STRAIGHT AND LEVEL,811,2025-10-10 16:44:00,6,16,10,BFE14EA649945BEE118A0F1E3D4E0F15A67EE1C4086C588EFFD635C97A5B99211BA233AB1DC079412F9816AECB30BDE24B17F813CFF63CADFEDAB6114E974D2B,INJURY AND / OR TOW DUE TO CRASH,"OVER $1,500",NO CONTROLS,PARKED MOTOR VEHICLE,41.7924216418,DAYLIGHT,-87.7726709115,2,30,DISTRACTION - FROM OUTSIDE VEHICLE,NO DEFECTS,DRY,NOT APPLICABLE,W,6013,NO CONTROLS,NOT DIVIDED,CLEAR,0.0,0.0,0.0,0.0,0.0,1.0,2,1,"[""Y""]",[],"[""Y""]","[""2025-10-10T16:44:00.000""]","[""2167599"", ""2167600""]","[""FRONT-RIGHT-CORNER"", ""SIDE-LEFT""]","[""IL""]","[""SUBARU"", ""TOYOTA""]","[""PARKED"", ""STRAIGHT AHEAD""]","[""COROLLA"", ""CROSSTREK""]","[""0"", ""1""]","[""E""]","[""1"", ""2""]","[""DRIVER"", ""PARKED""]","[""NONE"", ""TIRES""]","[""2066239"", ""2066252""]","[""PASSENGER""]","[""PERSONAL""]","[""2025""]",[],[],"[""Y""]","[""By owner""]","[""Y""]","[""Y""]",[],"[""Y""]","[""Y""]",[],[],"[""Y""]",[],[],[],"[""Owners request""]",['42'],"[""DID NOT DEPLOY""]","[""TEST NOT OFFERED""]","[""SUMMIT ARGO""]","[""2025-10-10T16:44:00.000""]","[""OVERCORRECTED""]","[""NOT OBSCURED""]","[""D""]","[""IL""]","[""NONE""]","[""DECLINED""]","[""O2167599""]","[""DRIVER""]","[""NORMAL""]","[""SAFETY BELT USED""]","[""M""]","[""IL""]","[""2066239""]","[""60501""]",[],[],[],[],[],[],2025,10,16,10,False,afternoon,41.79,-87.77,41.79_-87.77,42.0,42,42,DISTRACTION/INATTENTION,0
STRAIGHT AND LEVEL,1412,2025-10-10 16:41:00,6,16,10,C8FCA7D7596441C48B191FD3F13B28F92CF884E5D6F19A4F34D145613EF88585A2EB9A8376DE49B9DE59FE7D46E8C12D8E90495973D70F4D9954F0C6BB2368EF,NO INJURY / DRIVE AWAY,$500 OR LESS,NO CONTROLS,PEDALCYCLIST,41.9304965319,DAYLIGHT,-87.7095113245,2,25,FAILING TO YIELD RIGHT-OF-WAY,NO DEFECTS,DRY,DRIVING SKILLS/KNOWLEDGE/EXPERIENCE,N,2707,NO CONTROLS,DIVIDED - W/MEDIAN (NOT RAISED),CLEAR,0.0,0.0,0.0,0.0,0.0,1.0,2,2,"[""Y""]",[],[],"[""2025-10-10T16:41:00.000""]","[""2167576"", ""2167577""]","[""FRONT-RIGHT-CORNER""]","[""AZ""]","[""FORD""]","[""TURNING RIGHT""]","[""TRANSIT""]","[""1""]","[""NW""]","[""1"", ""2""]","[""BICYCLE"", ""DRIVER""]","[""UNKNOWN""]","[""2066227""]","[""VAN/MINI-VAN""]","[""COMMERCIAL - SINGLE UNIT""]","[""2025""]",[],[],[],[],[],[],[],[],[],[],[],[],[],[],[],[],"['40', '45']","[""NOT APPLICABLE""]","[""TEST NOT OFFERED""]","[""CHICAGO"", ""RIVER GROVE""]","[""2025-10-10T16:41:00.000""]","[""FAILED TO YIELD"", ""NONE""]","[""NOT OBSCURED"", ""UNKNOWN""]","[""D""]","[""IL""]","[""NONE""]",[],"[""O2167576"", ""O2167577""]","[""BICYCLE"", ""DRIVER""]","[""NORMAL""]","[""BICYCLE HELMET (PEDACYCLIST INVOLVED ONLY)"", ""SAFETY BELT USED""]","[""F"", ""M""]","[""IL""]","[""2066227""]","[""60171"", ""60622""]",[],[],"[""WITH TRAFFIC""]","[""BIKE LANE""]","[""NO CONTRASTING CLOTHING""]",[],2025,10,16,10,False,afternoon,41.93,-87.71,41.93_-87.71,42.5,40,45,FAILURE-TO-YIELD,0
STRAIGHT AND LEVEL,611,2025-10-10 16:40:00,6,16,10,897CCDD67666BC85FCCD38D2FE95709BD3416E4B4074B47BCDF7201802D3861DB145CD47AAF875A82110030F1AFC02B9457DC50548AC89C366FCB456594C728D,INJURY AND / OR TOW DUE TO CRASH,"OVER $1,500",FUNCTIONING PROPERLY,SIDESWIPE SAME DIRECTION,41.7501823555,DAYLIGHT,-87.6732788568,2,30,IMPROPER LANE USAGE,NO DEFECTS,DRY,HAD BEEN DRINKING (USE WHEN ARREST IS NOT MADE),S,7900,TRAFFIC SIGNAL,NOT DIVIDED,CLOUDY/OVERCAST,0.0,0.0,1.0,0.0,0.0,1.0,1,4,"[""Y""]",[],[],"[""2025-10-10T16:40:00.000""]","[""2167607"", ""2167608""]","[""FRONT-LEFT-CORNER"", ""SIDE-RIGHT-FRONT""]","[""IL""]","[""CHEVROLET"", ""LINCOLN""]","[""CHANGING LANES"", ""STRAIGHT AHEAD""]","[""BLAZER"", ""MKZ""]","[""1"", ""3""]","[""E""]","[""1"", ""2""]","[""DRIVER""]","[""NONE""]","[""2066238"", ""2066247""]","[""SPORT UTILITY VEHICLE (SUV)""]","[""PERSONAL""]","[""2012"", ""2022""]",[],[],"[""Y""]",[],[],[],[],[],[],[],"[""2""]",[],[],[],[],[],"['22', '41', '8', '83']","[""DID NOT DEPLOY""]","[""TEST NOT OFFERED""]","[""CHICAGO""]","[""2025-10-10T16:40:00.000""]","[""IMPROPER LANE CHANGE"", ""NONE""]","[""NOT OBSCURED""]","[""D""]","[""IL""]","[""NONE""]",[],"[""O2167607"", ""O2167608"", ""P478261"", ""P478262""]","[""DRIVER"", ""PASSENGER""]","[""IMPAIRED - ALCOHOL"", ""NORMAL""]","[""SAFETY BELT USED""]","[""F""]","[""IL""]","[""2066238"", ""2066247""]","[""60620"", ""60628""]",[],"[""4"", ""6""]",[],[],[],[],2025,10,16,10,False,afternoon,41.75,-87.67,41.75_-87.67,38.5,8,83,OTHER,1
STRAIGHT AND LEVEL,2013,2025-10-10 16:40:00,6,16,10,621D84FF21C25233CBAB86B355FAEACCF916BDC85DC0B2DC7E3FEFB1C90A82E14E7DFACFABA8D0F9B8604F114B775EAD06DD5252DA34B0539F153AD723001B6A,NO INJURY / DRIVE AWAY,"OVER $1,500",FUNCTIONING PROPERLY,SIDESWIPE SAME DIRECTION,41.9853573948,DAYLIGHT,-87.6602027835,2,30,FAILING TO YIELD RIGHT-OF-WAY,NO DEFECTS,DRY,UNABLE TO DETERMINE,W,1201,TRAFFIC SIGNAL,NOT DIVIDED,CLEAR,0.0,0.0,1.0,0.0,0.0,1.0,1,2,"[""Y""]",[],[],"[""2025-10-10T16:40:00.000""]","[""2167716"", ""2167717""]","[""FRONT-LEFT-CORNER"", ""FRONT-RIGHT-CORNER""]","[""IL""]","[""CHEVROLET"", ""TOYOTA""]","[""STRAIGHT AHEAD""]","[""ASTRO"", ""COROLLA""]","[""1""]","[""W""]","[""1"", ""2""]","[""DRIVER""]","[""NONE"", ""UNKNOWN""]","[""2066360"", ""2066374""]","[""PASSENGER""]","[""PERSONAL""]","[""2002"", ""2017""]",[],[],"[""Y""]",[],[],[],[],[],[],[],[],[],[],[],[],[],"['48', '50']","[""DID NOT DEPLOY""]","[""TEST NOT OFFERED""]","[""CHICAGO"", ""SKOKIE""]","[""2025-10-10T16:40:00.000""]","[""FAILED TO YIELD"", ""NONE""]","[""NOT OBSCURED""]","[""D""]","[""IL""]","[""NONE""]",[],"[""O2167716"", ""O2167717""]","[""DRIVER""]","[""NORMAL""]","[""SAFETY BELT USED"", ""USAGE UNKNOWN""]","[""F"", ""M""]","[""IL""]","[""2066360"", ""2066374""]","[""60077"", ""60659""]",[],[],[],[],[],[],2025,10,16,10,False,afternoon,41.99,-87.66,41.99_-87.66,49.0,48,50,FAILURE-TO-YIELD,0
STRAIGHT AND LEVEL,1225,2025-10-10 16:35:00,6,16,10,AC0C231FC8DC548207659167EFA2D82BEF1137C14768FEFA7ECCB6B0641DABAF5B899C4E712846FF07C6344BDBB18AEF024990C2B4DC4E875987E312331F1D99,NO INJURY / DRIVE AWAY,"OVER $1,500",FUNCTIONING PROPERLY,ANGLE,41.8761343708,UNKNOWN,-87.6815486501,2,30,FAILING TO YIELD RIGHT-OF-WAY,UNKNOWN,UNKNOWN,FAILING TO YIELD RIGHT-OF-WAY,S,400,TRAFFIC SIGNAL,DIVIDED - W/MEDIAN (NOT RAISED),CLEAR,0.0,0.0,1.0,0.0,0.0,1.0,1,2,"[""Y""]","[""Y""]","[""Y""]","[""2025-10-10T16:35:00.000""]","[""2167651"", ""2167652""]","[""FRONT"", ""SIDE-RIGHT""]","[""IL""]","[""HYUNDAI"", ""MERCEDES-BENZ""]","[""STRAIGHT AHEAD""]","[""GLK350"", ""SONATA""]","[""1"", ""2""]","[""N"", ""W""]","[""1"", ""2""]","[""DRIVER""]","[""UNKNOWN""]","[""2066290"", ""2066306""]","[""PASSENGER""]","[""UNKNOWN/NA""]","[""2013"", ""2014""]","[""Y""]","[""Y""]","[""Y""]",[],[],[],[],[],[],[],"[""1""]",[],[],[],[],[],"['59', '78']","[""NOT APPLICABLE""]","[""TEST NOT OFFERED""]","[""CHICAGO""]","[""2025-10-10T16:35:00.000""]","[""FAILED TO YIELD"", ""NONE""]","[""UNKNOWN""]","[""D""]","[""IL""]","[""NONE""]",[],"[""O2167651"", ""O2167652"", ""P478278""]","[""DRIVER"", ""PASSENGER""]","[""UNKNOWN""]","[""USAGE UNKNOWN""]","[""F""]","[""IL""]","[""2066290"", ""2066306""]","[""60612"", ""60623""]",[],"[""2""]",[],[],[],[],2025,10,16,10,False,afternoon,41.88,-87.68,41.88_-87.68,68.5,59,78,FAILURE-TO-YIELD,0
STRAIGHT AND LEVEL,225,2025-10-10 16:35:00,6,16,10,4249ED02D105F7C1C2A65CC7F0FA2E9AECEE1887182AC7D6342FC42FECB93633A40FE125666CC41CC103F02C2B12D5E225FAF939C3509E8640438B39E9AE24C9,NO INJURY / DRIVE AWAY,"OVER $1,500",FUNCTIONING PROPERLY,TURNING,41.7946931068,DAYLIGHT,-87.6295151088,2,30,DISREGARDING TRAFFIC SIGNALS,NO DEFECTS,DRY,NOT APPLICABLE,W,148,TRAFFIC SIGNAL,FOUR WAY,CLEAR,0.0,0.0,1.0,0.0,0.0,1.0,1,1,[],[],"[""Y""]","[""2025-10-10T16:35:00.000""]","[""2167555"", ""2167556""]","[""FRONT"", ""FRONT-LEFT-CORNER""]","[""IL""]","[""DODGE"", ""HONDA""]","[""STRAIGHT AHEAD"", ""TURNING RIGHT""]","[""CIVIC"", ""GRAND CARAVAN""]","[""1""]","[""SW"", ""W""]","[""1"", ""2""]","[""DRIVER""]","[""NONE"", ""UNKNOWN""]","[""2066194"", ""2066212""]","[""PASSENGER"", ""VAN/MINI-VAN""]","[""PERSONAL"", ""UNKNOWN/NA""]","[""2018"", ""2019""]",[],[],"[""Y""]",[],[],[],[],[],[],[],[],[],[],[],[],[],['37'],"[""DEPLOYMENT UNKNOWN"", ""DID NOT DEPLOY""]","[""TEST NOT OFFERED""]","[""CHICAGO""]","[""2025-10-10T16:35:00.000""]","[""DISREGARDED CONTROL DEVICES"", ""NONE""]","[""NOT OBSCURED"", ""UNKNOWN""]","[""AM""]","[""IL""]","[""NONE""]",[],"[""O2167555"", ""O2167556""]","[""DRIVER""]","[""NORMAL"", ""UNKNOWN""]","[""SAFETY BELT USED"", ""USAGE UNKNOWN""]","[""M""]","[""IL""]","[""2066194"", ""2066212""]","[""60636""]",[],[],[],[],[],[],2025,10,16,10,False,afternoon,41.79,-87.63,41.79_-87.63,37.0,37,37,OTHER,0
STRAIGHT AND LEVEL,332,2025-10-10 16:35:00,6,16,10,30EDB1EE95EC3C0FF07E2AACF39B96D7933A93F3C2BD83830615B9E3FA7A3BAEC5A2FB8E718A14A185BFBA55751BAFE97F59717E772325BB26061004B8D44DCE,NO INJURY / DRIVE AWAY,"OVER $1,500",FUNCTIONING PROPERLY,SIDESWIPE SAME DIRECTION,41.7685781537,DAYLIGHT,-87.5765120535,2,30,IMPROPER LANE USAGE,NO DEFECTS,DRY,NOT APPLICABLE,S,6940,NO CONTROLS,NOT DIVIDED,CLEAR,0.0,1.0,0.0,0.0,0.0,1.0,1,1,"[""Y""]","[""Y""]",[],"[""2025-10-10T16:35:00.000""]","[""2167597"", ""2167598""]","[""SIDE-LEFT""]","[""IL""]","[""FORD"", ""GENERAL MOTORS CORPORATION (GMC)""]","[""STRAIGHT AHEAD""]","[""OTHER (EXPLAIN IN NARRATIVE)"", ""TRANSIT""]","[""1"", ""2""]","[""S""]","[""1"", ""2""]","[""DRIVER""]","[""UNKNOWN""]","[""2066240"", ""2066256""]","[""SPORT UTILITY VEHICLE (SUV)"", ""VAN/MINI-VAN""]","[""UNKNOWN/NA""]","[""2014"", ""2017""]","[""Y""]",[],"[""Y""]",[],[],[],[],"[""Y""]","[""Y""]",[],"[""1""]",[],[],[],[],[],['23'],"[""DEPLOYMENT UNKNOWN"", ""DID NOT DEPLOY""]","[""TEST NOT OFFERED""]","[""CHICAGO""]","[""2025-10-10T16:35:00.000""]","[""IMPROPER PASSING"", ""NONE""]","[""NOT OBSCURED"", ""UNKNOWN""]",[],"[""IL""]","[""UNKNOWN""]",[],"[""O2167597"", ""O2167598"", ""P478263""]","[""DRIVER"", ""PASSENGER""]","[""UNKNOWN""]","[""USAGE UNKNOWN""]","[""F"", ""X""]","[""IL""]","[""2066240"", ""2066256""]","[""60649""]",[],"[""10""]",[],[],[],[],2025,10,16,10,False,afternoon,41.77,-87.58,41.77_-87.58,23.0,23,23,OTHER,0
STRAIGHT AND LEVEL,911,2025-10-10 16:30:00,6,16,10,6EE2BF08F1B77546817AD280DA7302B1B4E59872CABDF778B8D6E6D942098AE22ECEB58C23AA063DDE5BE4672E44277888E08308393611210FBE82F6B56AF22F,NO INJURY / DRIVE AWAY,"OVER $1,500",NO CONTROLS,TURNING,41.8227019927,DAYLIGHT,-87.7043217553,2,30,UNABLE TO DETERMINE,NO DEFECTS,DRY,UNABLE TO DETERMINE,W,3172,NO CONTROLS,NOT DIVIDED,CLEAR,0.0,0.0,0.0,0.0,0.0,1.0,1,2,[],[],"[""Y""]","[""2025-10-10T16:30:00.000""]","[""2171951"", ""2171952""]","[""FRONT"", ""SIDE-LEFT""]","[""IL""]","[""JEEP"", ""MAZDA""]","[""STRAIGHT AHEAD"", ""TURNING LEFT""]","[""CX-5"", ""LIBERTY""]","[""1""]","[""S"", ""W""]","[""1"", ""2""]","[""DRIVER""]","[""NONE""]","[""2070418"", ""2070424""]","[""PASSENGER""]","[""PERSONAL""]","[""2010"", ""2021""]",[],[],[],[],[],[],[],[],"[""Y""]",[],[],"[""Y""]",[],[],[],[],"['33', '57']","[""NOT APPLICABLE""]","[""TEST NOT OFFERED""]","[""CHICAGO""]","[""2025-10-10T16:30:00.000""]","[""NONE"", ""WRONG WAY/SIDE""]","[""NOT OBSCURED""]","[""D""]","[""IL""]","[""NONE""]",[],"[""O2171951"", ""O2171952""]","[""DRIVER""]","[""NORMAL""]","[""SAFETY BELT USED""]","[""M""]","[""IL""]","[""2070418"", ""2070424""]","[""60632""]",[],[],[],[],[],[],2025,10,16,10,False,afternoon,41.82,-87.7,41.82_-87.7,45.0,33,57,OTHER,0
STRAIGHT AND LEVEL,1111,2025-10-10 16:30:00,6,16,10,1188BFF6265931558EAE20760D80E12FE3BBD0F2FC625264861C78AE8D956DA4C0592F4084C8F5679CF533B2BA2A184CB6F12B419805616D39A1C07B616677FD,NO INJURY / DRIVE AWAY,"OVER $1,500",NO CONTROLS,REAR END,41.8949350055,DAYLIGHT,-87.7436346544,2,30,FOLLOWING TOO CLOSELY,NO DEFECTS,DRY,NOT APPLICABLE,W,4701,NO CONTROLS,DIVIDED - W/MEDIAN (NOT RAISED),CLEAR,0.0,0.0,0.0,0.0,0.0,1.0,1,2,[],[],"[""Y""]","[""2025-10-10T16:30:00.000""]","[""2168233"", ""2168234""]","[""FRONT"", ""REAR""]","[""IL""]","[""HONDA"", ""HYUNDAI""]","[""STRAIGHT AHEAD""]","[""CIVIC"", ""SANTA FE""]","[""1""]","[""W""]","[""1"", ""2""]","[""DRIVER""]","[""NONE"", ""UNKNOWN""]","[""2066864"", ""2066870""]","[""PASSENGER"", ""SPORT UTILITY VEHICLE (SUV)""]","[""PERSONAL""]","[""2007"", ""2017""]",[],[],[],[],[],[],[],[],[],[],[],[],[],[],"[""Y""]",[],"['30', '32']","[""DID NOT DEPLOY""]","[""TEST NOT OFFERED""]","[""CHICAGO""]","[""2025-10-10T16:30:00.000""]","[""NONE""]","[""NOT OBSCURED"", ""UNKNOWN""]","[""D""]","[""IL""]","[""NONE""]",[],"[""O2168233"", ""O2168234""]","[""DRIVER""]","[""NORMAL"", ""UNKNOWN""]","[""SAFETY BELT USED"", ""USAGE UNKNOWN""]","[""F"", ""M""]","[""IL""]","[""2066864"", ""2066870""]","[""60624"", ""60644""]",[],[],[],[],[],[],2025,10,16,10,False,afternoon,41.89,-87.74,41.89_-87.74,31.0,30,32,FOLLOWING TOO CLOSELY,0
STRAIGHT AND LEVEL,2221,2025-10-10 16:25:00,6,16,10,7D96A2298EDC21153B8A29BF2F842D99320F14EB462203F4CE805C6749A4E9FE6BE80B08A2C6548936B40CDFDCCD820A16CE29BFF38C98B458FEFFAEC1C2CE5C,NO INJURY / DRIVE AWAY,$500 OR LESS,NO CONTROLS,SIDESWIPE SAME DIRECTION,41.7210477089,DAYLIGHT,-87.6820048306,3,30,UNABLE TO DETERMINE,NO DEFECTS,DRY,UNABLE TO DETERMINE,W,2398,NO CONTROLS,DIVIDED - W/MEDIAN BARRIER,CLEAR,0.0,0.0,0.0,0.0,0.0,1.0,1,2,[],[],[],"[""2025-10-10T16:25:00.000""]","[""2167559"", ""2167560"", ""2167561""]","[""SIDE-LEFT"", ""SIDE-RIGHT"", ""UNKNOWN""]","[""IL""]","[""CHEVROLET"", ""UNKNOWN""]","[""SLOW/STOP IN TRAFFIC"", ""STRAIGHT AHEAD""]","[""EQUINOX"", ""OTHER (EXPLAIN IN NARRATIVE)""]","[""1""]","[""E""]","[""1"", ""2"", ""3""]","[""DRIVER""]","[""NONE"", ""UNKNOWN""]","[""2066200"", ""2066209"", ""2066215""]","[""BUS OVER 15 PASS."", ""PASSENGER"", ""PICKUP""]","[""OTHER"", ""PERSONAL"", ""UNKNOWN/NA""]","[""2016"", ""2023""]","[""Y""]",[],[],[],[],[],"[""Y""]",[],"[""Y""]",[],[],[],[],[],[],[],"['42', '52']","[""DEPLOYMENT UNKNOWN"", ""DID NOT DEPLOY"", ""NOT APPLICABLE""]","[""TEST NOT OFFERED""]","[""BRIDGEVIEW"", ""CHICAGO""]","[""2025-10-10T16:25:00.000""]","[""NONE"", ""TOO FAST FOR CONDITIONS"", ""UNKNOWN""]","[""NOT OBSCURED"", ""UNKNOWN""]","[""B"", ""D""]","[""IL""]","[""NONE"", ""UNKNOWN""]",[],"[""O2167559"", ""O2167560"", ""O2167561""]","[""DRIVER""]","[""NORMAL"", ""UNKNOWN""]","[""SAFETY BELT USED"", ""USAGE UNKNOWN""]","[""F"", ""M"", ""X""]","[""IL""]","[""2066200"", ""2066209"", ""2066215""]","[""60455"", ""60643""]",[],[],[],[],[],[],2025,10,16,10,False,afternoon,41.72,-87.68,41.72_-87.68,47.0,42,52,OTHER,0
STRAIGHT AND LEVEL,1034,2025-10-10 16:25:00,6,16,10,27ED8FC89612087CACA330C5DBE4217AD96910E1945790FD27C6F38BCC93B38D126B985B3AE571C1DB4F33D05301C37D4F63177133DBE392A97E9286F13891EB,NO INJURY / DRIVE AWAY,"OVER $1,500",NO CONTROLS,REAR TO FRONT,41.8512719093,DAYLIGHT,-87.6857658657,2,10,IMPROPER BACKING,NO DEFECTS,DRY,NOT APPLICABLE,S,2226,NO CONTROLS,PARKING LOT,CLEAR,1.0,0.0,0.0,0.0,0.0,1.0,1,5,[],[],"[""Y""]","[""2025-10-10T16:25:00.000""]","[""2167615"", ""2167616""]","[""FRONT"", ""REAR-LEFT-CORNER""]","[""IL""]","[""JEEP"", ""NISSAN""]","[""BACKING"", ""SLOW/STOP IN TRAFFIC""]","[""CHEROKEE"", ""ROGUE""]","[""1"", ""4""]","[""E"", ""W""]","[""1"", ""2""]","[""DRIVER""]","[""UNKNOWN""]","[""2066269"", ""2066285""]","[""SPORT UTILITY VEHICLE (SUV)""]","[""PERSONAL""]","[""2017"", ""2022""]",[],[],[],[],[],"[""Y""]",[],[],[],[],"[""3""]",[],[],[],[],[],"['11', '34', '36', '40', '7']","[""DID NOT DEPLOY""]","[""TEST NOT OFFERED""]","[""BRIDGEVIEW"", ""CHICAGO""]","[""2025-10-10T16:25:00.000""]","[""IMPROPER BACKING"", ""NONE""]","[""UNKNOWN""]","[""D""]","[""IL""]","[""NONE""]",[],"[""O2167615"", ""O2167616"", ""P478274"", ""P478276"", ""P478277""]","[""DRIVER"", ""PASSENGER""]","[""NORMAL""]","[""SAFETY BELT USED""]","[""F"", ""M""]","[""IL""]","[""2066269"", ""2066285""]","[""60455"", ""60623""]",[],"[""10"", ""12"", ""3""]",[],[],[],[],2025,10,16,10,False,afternoon,41.85,-87.69,41.85_-87.69,25.6,7,40,OTHER,0
STRAIGHT AND LEVEL,1621,2025-10-10 16:23:00,6,16,10,B2F5399A800BE00F271D1A9D011CBDEDCB13CB9E3F16DFDD674C1ACF17938F53CA33CBD986BB60C6C7F763AF7637AE6851912FDE903202EE202BEE07DFA2409F,NO INJURY / DRIVE AWAY,"OVER $1,500",FUNCTIONING PROPERLY,FIXED OBJECT,41.9817166392,DAYLIGHT,-87.7601258249,1,20,IMPROPER BACKING,NO DEFECTS,DRY,DRIVING SKILLS/KNOWLEDGE/EXPERIENCE,N,5535,STOP SIGN/FLASHER,NOT DIVIDED,CLEAR,0.0,1.0,0.0,0.0,0.0,1.0,1,0,[],[],[],"[""2025-10-10T16:23:00.000""]","[""2167527""]","[""REAR""]",[],"[""UNKNOWN""]","[""BACKING""]","[""OTHER (EXPLAIN IN NARRATIVE)""]","[""1""]","[""S""]","[""1""]","[""DRIVER""]","[""UNKNOWN""]","[""2066160""]","[""UNKNOWN/NA""]","[""UNKNOWN/NA""]",[],[],[],[],[],[],"[""N""]","[""Y""]",[],[],"[""Y""]",[],[],[],"[""N""]","[""N""]",[],[],"[""DEPLOYMENT UNKNOWN""]","[""TEST NOT OFFERED""]",[],"[""2025-10-10T16:23:00.000""]","[""IMPROPER BACKING""]","[""UNKNOWN""]",[],[],"[""UNKNOWN""]",[],"[""O2167527""]","[""DRIVER""]","[""UNKNOWN""]","[""USAGE UNKNOWN""]","[""M""]",[],"[""2066160""]",[],[],[],[],[],[],[],2025,10,16,10,False,afternoon,41.98,-87.76,41.98_-87.76,0.0,0,0,OTHER,0
STRAIGHT AND LEVEL,1912,2025-10-10 16:20:00,6,16,10,91BC79CF805A750874F7F00B9107825FCBC5B310621D6F1F98E74F5CA653187C3A8BEE2AC49F804B0C2D2B48A1962DABFDD7C7A655B69099F683D6D14AF198AB,NO INJURY / DRIVE AWAY,"OVER $1,500",FUNCTIONING PROPERLY,SIDESWIPE SAME DIRECTION,41.9543793262,DAYLIGHT,-87.6691991198,2,30,ROAD CONSTRUCTION/MAINTENANCE,NO DEFECTS,DRY,FAILING TO YIELD RIGHT-OF-WAY,N,4000,TRAFFIC SIGNAL,NOT DIVIDED,CLEAR,0.0,1.0,0.0,0.0,0.0,1.0,1,1,"[""Y""]","[""Y""]",[],"[""2025-10-10T16:20:00.000""]","[""2167543"", ""2167544""]","[""FRONT-RIGHT-CORNER"", ""REAR-RIGHT-CORNER""]","[""IL""]","[""GENERAL MOTORS CORPORATION (GMC)"", ""TOYOTA""]","[""MERGING"", ""STRAIGHT AHEAD""]","[""COROLLA"", ""YUKON""]","[""1""]","[""S""]","[""1"", ""2""]","[""DRIVER""]","[""NONE"", ""UNKNOWN""]","[""2066185"", ""2066195""]","[""PASSENGER"", ""SPORT UTILITY VEHICLE (SUV)""]","[""PERSONAL"", ""UNKNOWN/NA""]","[""2015"", ""2024""]",[],[],[],[],[],"[""Y""]",[],[],[],[],[],"[""Y""]",[],[],[],[],['31'],"[""DEPLOYMENT UNKNOWN"", ""NOT APPLICABLE""]","[""TEST NOT OFFERED""]","[""WAUKEGAN""]","[""2025-10-10T16:20:00.000""]","[""FAILED TO YIELD"", ""NONE""]","[""NOT OBSCURED"", ""UNKNOWN""]",[],"[""IL""]","[""NONE""]",[],"[""O2167543"", ""O2167544""]","[""DRIVER""]","[""NORMAL"", ""UNKNOWN""]","[""USAGE UNKNOWN""]","[""M"", ""X""]","[""IL""]","[""2066185"", ""2066195""]","[""60087""]",[],[],[],[],[],[],2025,10,16,10,False,afternoon,41.95,-87.67,41.95_-87.67,31.0,31,31,OTHER,0
STRAIGHT AND LEVEL,813,2025-10-10 16:20:00,6,16,10,9C8348F733A5FC2D237690F8C8AB8269A0FB134C7B215E123E62145F4C099CFB07935FF69AD03F2F5316E6E937DEB409A6247ADD26ED3C1CD861678E44987245,NO INJURY / DRIVE AWAY,"$501 - $1,500",NO CONTROLS,PARKED MOTOR VEHICLE,41.7805725438,DAYLIGHT,-87.732437775,2,30,NOT APPLICABLE,NO DEFECTS,DRY,NOT APPLICABLE,S,6155,NO CONTROLS,NOT DIVIDED,CLEAR,0.0,1.0,0.0,0.0,0.0,1.0,2,1,[],[],[],"[""2025-10-10T16:20:00.000""]","[""2167586"", ""2167587""]","[""SIDE-LEFT"", ""SIDE-RIGHT""]","[""IL""]","[""DODGE"", ""UNKNOWN""]","[""PARKED"", ""STRAIGHT AHEAD""]","[""CARAVAN"", ""OTHER (EXPLAIN IN NARRATIVE)""]","[""1""]","[""N""]","[""1"", ""2""]","[""DRIVER"", ""PARKED""]","[""NONE""]","[""2066220"", ""2066224""]","[""PASSENGER"", ""VAN/MINI-VAN""]","[""PERSONAL"", ""UNKNOWN/NA""]","[""2001""]","[""Y""]",[],[],[],[],[],[],"[""Y""]",[],[],"[""1""]",[],[],[],[],[],['56'],"[""DID NOT DEPLOY""]","[""TEST NOT OFFERED""]",[],"[""2025-10-10T16:20:00.000""]","[""NONE""]","[""NOT OBSCURED""]",[],[],"[""NONE""]",[],"[""O2167587"", ""P478260""]","[""DRIVER"", ""PASSENGER""]","[""NORMAL""]","[""SAFETY BELT USED""]","[""F""]",[],"[""2066220"", ""2066224""]",[],[],"[""1""]",[],[],[],[],2025,10,16,10,False,afternoon,41.78,-87.73,41.78_-87.73,56.0,56,56,OTHER,0