alignment,beat_of_occurrence,crash_date,crash_day_of_week,crash_hour,crash_month,crash_record_id,crash_type,damage,device_condition,first_crash_type,latitude,lighting_condition,longitude,num_units,posted_speed_limit,prim_contributory_cause,road_defect,roadway_surface_cond,sec_contributory_cause,street_direction,street_no,traffic_control_device,trafficway_type,weather_condition,private_property_i,hit_and_run_i,intersection_related_i,crash_date_est_i,work_zone_i,workers_present_i,veh_count,ppl_count,veh_area_01_i_list_json,veh_area_02_i_list_json,veh_area_12_i_list_json,veh_crash_date_list_json,veh_crash_unit_id_list_json,veh_first_contact_point_list_json,veh_lic_plate_state_list_json,veh_make_list_json,veh_maneuver_list_json,veh_model_list_json,veh_occupant_cnt_list_json,veh_travel_direction_list_json,veh_unit_no_list_json,veh_unit_type_list_json,veh_vehicle_defect_list_json,veh_vehicle_id_list_json,veh_vehicle_type_list_json,veh_vehicle_use_list_json,veh_vehicle_year_list_json,veh_area_03_i_list_json,veh_area_04_i_list_json,veh_area_11_i_list_json,veh_towed_by_list_json,veh_towed_i_list_json,veh_area_07_i_list_json,veh_area_99_i_list_json,veh_area_09_i_list_json,veh_area_10_i_list_json,veh_cmrc_veh_i_list_json,veh_num_passengers_list_json,veh_area_08_i_list_json,veh_area_00_i_list_json,veh_area_05_i_list_json,veh_area_06_i_list_json,veh_towed_to_list_json,ppl_age_list_json,ppl_airbag_deployed_list_json,ppl_bac_result_list_json,ppl_city_list_json,ppl_crash_date_list_json,ppl_driver_action_list_json,ppl_driver_vision_list_json,ppl_drivers_license_class_list_json,ppl_drivers_license_state_list_json,ppl_ejection_list_json,ppl_hospital_list_json,ppl_person_id_list_json,ppl_person_type_list_json,ppl_physical_condition_list_json,ppl_safety_equipment_list_json,ppl_sex_list_json,ppl_state_list_json,ppl_vehicle_id_list_json,ppl_zipcode_list_json,ppl_ems_agency_list_json,ppl_seat_no_list_json,ppl_pedpedal_action_list_json,ppl_pedpedal_location_list_json,ppl_pedpedal_visibility_list_json,ppl_ems_run_no_list_json,year,month,hour,day,is_weekend,hour_bin,lat_bin,lng_bin,grid_id,ppl_age_mean,ppl_age_min,ppl_age_max,prim_contributory_cause_group,ksi_flag
STRAIGHT AND LEVEL,1732,2025-10-10 16:15:00,6,16,10,785AF77E18AA434C56532A92CF33EDDB691BCA3E78E0773F1400CB8D5FFC98BE0E6791729B6F8919E6EB7BF70DEAC27A6FB0DCB45F95CDB94FA3EC642C0427F7,INJURY AND / OR TOW DUE TO CRASH,"OVER $1,500",NO CONTROLS,PEDALCYCLIST,41.9393196632,DAYLIGHT,-87.7126412851,2,30,IMPROPER LANE USAGE,NO DEFECTS,DRY,FAILING TO YIELD RIGHT-OF-WAY,N,3200,NO CONTROLS,PARKING LOT,CLEAR,1.0,0.0,0.0,0.0,0.0,1.0,2,2,[],[],"[""Y""]","[""2025-10-10T16:15:00.000""]","[""2168999"", ""2169000""]","[""FRONT""]",[],"[""DODGE""]","[""OTHER""]","[""CARAVAN""]","[""1""]","[""N""]","[""1"", ""2""]","[""BICYCLE"", ""DRIVER""]","[""NONE""]","[""2067602""]","[""PASSENGER""]","[""PERSONAL""]","[""2020""]",[],[],[],[],[],[],[],[],[],[],[],[],[],[],[],[],"['45', '61']","[""DID NOT DEPLOY""]","[""TEST NOT OFFERED""]","[""CHICAGO""]","[""2025-10-10T16:15:00.000""]","[""FAILED TO YIELD"", ""NONE""]","[""NOT OBSCURED""]","[""D""]","[""IL""]","[""NONE"", ""TOTALLY EJECTED""]",[],"[""O2168999"", ""O2169000""]","[""BICYCLE"", ""DRIVER""]","[""NORMAL""]","[""HELMET NOT USED"", ""SAFETY BELT USED""]","[""M""]","[""IL""]","[""2067602""]","[""60618"", ""60641""]",[],[],"[""OTHER ACTION""]","[""NOT IN ROADWAY""]","[""NO CONTRASTING CLOTHING""]",[],2025,10,16,10,False,afternoon,41.94,-87.71,41.94_-87.71,53.0,45,61,OTHER,1
STRAIGHT AND LEVEL,632,2025-10-10 16:15:00,6,16,10,264E3E89C110FF5F469A756501103023B10B3DE1C7BA75508D633BBFD0CDFAC8ACD41999EAC61B27F2C4CB0062477CA4035684B85B8511FCFB57F00BC2193ECF,NO INJURY / DRIVE AWAY,"$501 - $1,500",NO CONTROLS,TURNING,41.736469113,DAYLIGHT,-87.6230241242,2,30,UNABLE TO DETERMINE,NO DEFECTS,DRY,UNABLE TO DETERMINE,E,28,NO CONTROLS,DIVIDED - W/MEDIAN BARRIER,CLEAR,0.0,0.0,0.0,0.0,0.0,1.0,1,5,[],[],"[""Y""]","[""2025-10-10T16:15:00.000""]","[""2167697"", ""2167698""]","[""FRONT"", ""FRONT-LEFT-CORNER""]","[""IL""]","[""FORD"", ""KIA""]","[""STRAIGHT AHEAD"", ""TURNING LEFT""]","[""ESCAPE"", ""OPTIMA / K5""]","[""2"", ""4""]","[""E"", ""W""]","[""1"", ""2""]","[""DRIVER""]","[""NONE""]","[""2066334"", ""2066355""]","[""PASSENGER""]","[""PERSONAL""]","[""2016"", ""2023""]",[],[],"[""Y""]",[],[],[],[],[],[],[],"[""1"", ""3""]",[],[],[],[],[],"['10', '2', '35', '37', '8']","[""DID NOT DEPLOY""]","[""TEST NOT OFFERED""]","[""CALUMET"", ""CHICAGO""]","[""2025-10-10T16:15:00.000""]","[""FAILED TO YIELD"", ""NONE""]","[""UNKNOWN""]","[""D""]","[""IL""]","[""NONE""]",[],"[""O2167697"", ""O2167698"", ""P478293"", ""P478311"", ""P478313"", ""P478314""]","[""DRIVER"", ""PASSENGER""]","[""UNKNOWN""]","[""CHILD RESTRAINT - FORWARD FACING"", ""SAFETY BELT USED""]","[""F"", ""M""]","[""IL""]","[""2066334"", ""2066355""]","[""60409"", ""60615"", ""60619""]",[],"[""3"", ""4"", ""6""]",[],[],[],[],2025,10,16,10,False,afternoon,41.74,-87.62,41.74_-87.62,18.4,2,37,OTHER,0
STRAIGHT AND LEVEL,1224,2025-10-10 16:15:00,6,16,10,1E79409595656D8ABD24BCB5341F24F9D36D4616AB1F676354EBC23DE28BDDAEB04636BF00957AB9B3B30A9163DCF78F8E69C31493D9330082754C7D17860D55,INJURY AND / OR TOW DUE TO CRASH,"OVER $1,500",FUNCTIONING PROPERLY,ANGLE,41.8817812658,DAYLIGHT,-87.6510175845,2,30,FAILING TO REDUCE SPEED TO AVOID CRASH,NO DEFECTS,DRY,NOT APPLICABLE,N,2,STOP SIGN/FLASHER,FOUR WAY,CLEAR,0.0,0.0,1.0,0.0,0.0,1.0,1,2,"[""Y""]","[""Y""]","[""Y""]","[""2025-10-10T16:15:00.000""]","[""2167537"", ""2167538""]","[""FRONT"", ""SIDE-RIGHT-FRONT""]","[""IL""]","[""JEEP"", ""TOYOTA""]","[""STRAIGHT AHEAD""]","[""COROLLA"", ""LIBERTY""]","[""1""]","[""N"", ""W""]","[""1"", ""2""]","[""DRIVER""]","[""NONE""]","[""2066183"", ""2066187""]","[""PASSENGER"", ""SPORT UTILITY VEHICLE (SUV)""]","[""PERSONAL""]","[""2007"", ""2016""]",[],[],"[""Y""]","[""private""]","[""Y""]",[],"[""Y""]",[],"[""Y""]",[],[],[],[],[],[],"[""tow""]","['26', '40']","[""DID NOT DEPLOY""]","[""TEST NOT OFFERED""]","[""CHICAGO""]","[""2025-10-10T16:15:00.000""]","[""NONE""]","[""NOT OBSCURED""]","[""D""]","[""IL""]","[""NONE""]",[],"[""O2167537"", ""O2167538""]","[""DRIVER""]","[""NORMAL""]","[""USAGE UNKNOWN""]","[""M""]","[""IL""]","[""2066183"", ""2066187""]","[""60651"", ""60654""]",[],[],[],[],[],[],2025,10,16,10,False,afternoon,41.88,-87.65,41.88_-87.65,33.0,26,40,SPEEDING,0
STRAIGHT AND LEVEL,2213,2025-10-10 16:08:00,6,16,10,BFF190AC08EE8450F313D482D04E5A8925DB7BE77CB51C42B06164CAC208A2D18E08C3D7B08B3F6C75EEEE01FB13EA17DC4E41A8BBFAE7FE2690352FB8862440,NO INJURY / DRIVE AWAY,"OVER $1,500",NO CONTROLS,REAR END,41.7066950783,DAYLIGHT,-87.6691922202,2,30,FOLLOWING TOO CLOSELY,UNKNOWN,DRY,NOT APPLICABLE,W,1900,NO CONTROLS,NOT DIVIDED,CLEAR,0.0,0.0,0.0,0.0,0.0,1.0,1,0,[],[],[],"[""2025-10-10T16:08:00.000""]","[""2167498"", ""2167499""]","[""FRONT-RIGHT-CORNER"", ""REAR""]",[],"[""CHEVROLET"", ""MERCEDES-BENZ""]","[""STRAIGHT AHEAD""]","[""EQUINOX"", ""GLE""]","[""1""]","[""W""]","[""1"", ""2""]","[""DRIVER""]","[""UNKNOWN""]","[""2066134"", ""2066139""]","[""PASSENGER""]","[""PERSONAL""]",[],[],[],[],[],[],[],[],[],[],[],[],[],[],[],[],[],[],"[""DID NOT DEPLOY""]","[""TEST NOT OFFERED""]",[],"[""2025-10-10T16:08:00.000""]","[""FOLLOWED TOO CLOSELY"", ""NONE""]","[""UNKNOWN""]",[],"[""IL""]","[""NONE""]",[],"[""O2167498"", ""O2167499""]","[""DRIVER""]","[""NORMAL""]","[""SAFETY BELT USED""]","[""F""]",[],"[""2066134"", ""2066139""]",[],[],[],[],[],[],[],2025,10,16,10,False,afternoon,41.71,-87.67,41.71_-87.67,0.0,0,0,FOLLOWING TOO CLOSELY,0
STRAIGHT AND LEVEL,1922,2025-10-10 16:05:00,6,16,10,423BC40CBB3EFA81302F91C5A4246C04FCCF5ECB5DA46CC7B2849AD0A53847461565D7115133C39DCDB55D4C7882290B1DCB8FB8DAEDC11A7955FE8BDC54950E,NO INJURY / DRIVE AWAY,"OVER $1,500",NO CONTROLS,REAR END,41.9397395728,DAYLIGHT,-87.6688100555,2,25,NOT APPLICABLE,NO DEFECTS,DRY,NOT APPLICABLE,N,3200,NO CONTROLS,NOT DIVIDED,CLEAR,0.0,0.0,1.0,0.0,0.0,1.0,1,2,"[""Y""]",[],"[""Y""]","[""2025-10-10T16:05:00.000""]","[""2167489"", ""2167490""]","[""FRONT"", ""REAR""]","[""IL""]","[""CHEVROLET"", ""HONDA""]","[""STRAIGHT AHEAD""]","[""CIVIC"", ""EQUINOX""]","[""1"", ""2""]","[""N""]","[""1"", ""2""]","[""DRIVER""]","[""NONE""]","[""2066136"", ""2066141""]","[""PASSENGER""]","[""PERSONAL""]","[""2014"", ""2019""]",[],[],"[""Y""]",[],[],"[""Y""]",[],[],[],[],"[""1""]",[],[],"[""Y""]","[""Y""]",[],"['31', '63']","[""NOT APPLICABLE""]","[""TEST NOT OFFERED""]","[""CHICAGO""]","[""2025-10-10T16:05:00.000""]","[""NONE"", ""UNKNOWN""]","[""NOT OBSCURED"", ""UNKNOWN""]",[],"[""IL""]","[""NONE""]",[],"[""O2167489"", ""O2167490"", ""P478241""]","[""DRIVER"", ""PASSENGER""]","[""NORMAL"", ""UNKNOWN""]","[""USAGE UNKNOWN""]","[""F"", ""M""]","[""IL""]","[""2066136"", ""2066141""]","[""60626"", ""60657""]",[],"[""2""]",[],[],[],[],2025,10,16,10,False,afternoon,41.94,-87.67,41.94_-87.67,47.0,31,63,OTHER,0
STRAIGHT AND LEVEL,1223,2025-10-10 16:04:00,6,16,10,6743B2B78E74C30E97456EBAF7E52E04F21BAF70E12E11B21AF06C3D1C032F69F7FB091419659C17C14CF1DA679DF56726FFF54AC1E1B3D9014B428566A2EF12,NO INJURY / DRIVE AWAY,"OVER $1,500",FUNCTIONING PROPERLY,REAR END,41.8812733943,DAYLIGHT,-87.6863106507,2,30,UNABLE TO DETERMINE,NO DEFECTS,DRY,UNABLE TO DETERMINE,W,2358,STOP SIGN/FLASHER,NOT DIVIDED,CLEAR,0.0,0.0,1.0,0.0,0.0,1.0,1,2,"[""Y""]",[],"[""Y""]","[""2025-10-10T16:04:00.000""]","[""2167545"", ""2167546""]","[""FRONT"", ""REAR""]","[""IL""]","[""INFINITI"", ""SATURN""]","[""STRAIGHT AHEAD""]","[""I35"", ""ION""]","[""1""]","[""W""]","[""1"", ""2""]","[""DRIVER""]","[""NONE"", ""UNKNOWN""]","[""2066188"", ""2066198""]","[""PASSENGER""]","[""PERSONAL""]","[""2004"", ""2006""]",[],[],"[""Y""]",[],[],"[""N"", ""Y""]",[],[],[],[],[],[],[],"[""N"", ""Y""]","[""N"", ""Y""]",[],"['22', '38']","[""DID NOT DEPLOY""]","[""TEST NOT OFFERED""]","[""CHICAGO""]","[""2025-10-10T16:04:00.000""]","[""NONE"", ""UNKNOWN""]","[""NOT OBSCURED"", ""UNKNOWN""]","[""D""]","[""IL""]","[""NONE""]",[],"[""O2167545"", ""O2167546""]","[""DRIVER""]","[""NORMAL"", ""UNKNOWN""]","[""SAFETY BELT USED""]","[""F"", ""M""]","[""IL""]","[""2066188"", ""2066198""]","[""60652"", ""60707""]",[],[],[],[],[],[],2025,10,16,10,False,afternoon,41.88,-87.69,41.88_-87.69,30.0,22,38,OTHER,0
STRAIGHT AND LEVEL,114,2025-10-10 16:03:00,6,16,10,5B70CEBCA595AB089D1F8AC2F5CEF193D8A2F76F7AF822DEFAB866BB598B7625B40E648FF7C67299D871AE6D4564313D1A61FFDFFDDEFF2257671F126A6F1B13,NO INJURY / DRIVE AWAY,"$501 - $1,500",NO CONTROLS,SIDESWIPE SAME DIRECTION,41.8869236267,DAYLIGHT,-87.6205536283,2,30,IMPROPER OVERTAKING/PASSING,NO DEFECTS,DRY,IMPROPER OVERTAKING/PASSING,N,273,NO CONTROLS,DIVIDED - W/MEDIAN (NOT RAISED),CLEAR,0.0,0.0,0.0,0.0,0.0,1.0,1,1,"[""Y""]","[""Y""]",[],"[""2025-10-10T16:03:00.000""]","[""2167580"", ""2167581""]","[""FRONT-LEFT-CORNER"", ""FRONT-RIGHT-CORNER""]","[""IL""]","[""PORSCHE"", ""SUBARU""]","[""STRAIGHT AHEAD""]","[""MACAN"", ""OUTBACK""]","[""1""]","[""N""]","[""1"", ""2""]","[""DRIVER""]","[""NONE""]","[""2066231"", ""2066251""]","[""SPORT UTILITY VEHICLE (SUV)""]","[""PERSONAL""]","[""2015"", ""2024""]",[],[],"[""Y""]",[],[],[],[],[],[],[],[],[],[],[],[],[],['46'],"[""DEPLOYMENT UNKNOWN"", ""NOT APPLICABLE""]","[""TEST NOT OFFERED""]","[""CHICAGO""]","[""2025-10-10T16:03:00.000""]","[""NONE""]","[""NOT OBSCURED"", ""UNKNOWN""]","[""D""]","[""IL""]","[""NONE""]",[],"[""O2167580"", ""O2167581""]","[""DRIVER""]","[""NORMAL"", ""UNKNOWN""]","[""USAGE UNKNOWN""]","[""F"", ""M""]","[""IL""]","[""2066231"", ""2066251""]","[""60601""]",[],[],[],[],[],[],2025,10,16,10,False,afternoon,41.89,-87.62,41.89_-87.62,46.0,46,46,OTHER,0
STRAIGHT AND LEVEL,634,2025-10-10 16:02:00,6,16,10,F71995F40A6A27BB2C7EAF5F2A36C0961804D6C9599D94887C7BF0AAF3756469F20DE8C3F252D0A04E7E54546AD57A5F3833E0E1630514281D05A4F331BFA6E3,NO INJURY / DRIVE AWAY,"OVER $1,500",NO CONTROLS,REAR END,41.7359358711,DAYLIGHT,-87.6298265784,2,30,UNABLE TO DETERMINE,NO DEFECTS,DRY,UNABLE TO DETERMINE,W,233,NO CONTROLS,NOT DIVIDED,CLEAR,0.0,0.0,0.0,0.0,0.0,1.0,1,2,[],[],"[""N""]","[""2025-10-10T16:02:00.000""]","[""2167525"", ""2167526""]","[""FRONT-RIGHT-CORNER"", ""REAR-LEFT-CORNER""]","[""IL""]","[""CHRYSLER"", ""FORD""]","[""SLOW/STOP IN TRAFFIC"", ""STRAIGHT AHEAD""]","[""OTHER (EXPLAIN IN NARRATIVE)"", ""TOWN & COUNTRY""]","[""1"", ""2""]","[""E""]","[""1"", ""2""]","[""DRIVER""]","[""NONE"", ""UNKNOWN""]","[""2066163"", ""2066169""]","[""PASSENGER"", ""VAN/MINI-VAN""]","[""OTHER"", ""RIDESHARE SERVICE""]","[""2010"", ""2022""]",[],[],[],[],[],[],[],[],[],[],"[""1""]",[],"[""Y""]",[],"[""Y""]",[],"['36', '62']","[""DID NOT DEPLOY""]","[""TEST NOT OFFERED""]","[""CHICAGO""]","[""2025-10-10T16:02:00.000""]","[""NONE"", ""OTHER""]","[""NOT OBSCURED"", ""UNKNOWN""]","[""D""]","[""IL""]","[""NONE""]",[],"[""O2167525"", ""O2167526"", ""P478258""]","[""DRIVER"", ""PASSENGER""]","[""NORMAL""]","[""USAGE UNKNOWN""]","[""F"", ""M""]","[""IL""]","[""2066163"", ""2066169""]","[""60629"", ""60649""]",[],"[""10""]",[],[],[],[],2025,10,16,10,False,afternoon,41.74,-87.63,41.74_-87.63,49.0,36,62,OTHER,0
STRAIGHT AND LEVEL,423,2025-10-10 16:00:00,6,16,10,A973E1468CD2504C7668E3783DB47254224286CAAD67E3AC7A5A3A25EC1623A26193EFCAED7212DFBA5C186EB193A8F6D489FFD00CFA52F93778A9A88B2DEE9A,INJURY AND / OR TOW DUE TO CRASH,"OVER $1,500",NO CONTROLS,SIDESWIPE OPPOSITE DIRECTION,41.7452856627,DAYLIGHT,-87.5659902571,2,30,FAILING TO YIELD RIGHT-OF-WAY,NO DEFECTS,DRY,UNABLE TO DETERMINE,S,8233,NO CONTROLS,DIVIDED - W/MEDIAN BARRIER,CLEAR,0.0,0.0,0.0,0.0,0.0,1.0,1,5,"[""Y""]","[""Y""]","[""Y""]","[""2025-10-10T16:00:00.000""]","[""2167572"", ""2167573""]","[""FRONT"", ""FRONT-RIGHT-CORNER""]","[""IL"", ""WI""]","[""CHEVROLET"", ""HARLEY-DAVIDSON""]","[""STRAIGHT AHEAD""]","[""HARLEY-DAVIDSON"", ""TRAVERSE""]","[""1"", ""4""]","[""N"", ""S""]","[""1"", ""2""]","[""DRIVER""]","[""NONE""]","[""2066216"", ""2066307""]","[""MOTORCYCLE (OVER 150CC)"", ""PASSENGER""]","[""PERSONAL""]","[""2015""]",[],[],"[""Y""]","[""insurance company"", ""owner""]","[""Y""]",[],[],[],[],[],"[""3""]",[],[],[],[],"[""home"", ""shop""]","['13', '24', '28', '49', '70']","[""NOT APPLICABLE""]","[""TEST NOT OFFERED""]","[""CHICAGO""]","[""2025-10-10T16:00:00.000""]","[""FAILED TO YIELD"", ""OTHER""]","[""UNKNOWN""]","[""D""]","[""IL""]","[""NONE""]","[""TRINITY""]","[""O2167572"", ""O2167573"", ""P478255"", ""P478256"", ""P478257""]","[""DRIVER"", ""PASSENGER""]","[""NORMAL""]","[""HELMET NOT USED"", ""NONE PRESENT"", ""USAGE UNKNOWN""]","[""F"", ""M""]","[""IL""]","[""2066216"", ""2066307""]","[""60615"", ""60643""]","[""AMBO 09""]","[""3"", ""4"", ""6""]",[],[],[],[],2025,10,16,10,False,afternoon,41.75,-87.57,41.75_-87.57,36.8,13,70,FAILURE-TO-YIELD,1
STRAIGHT AND LEVEL,1831,2025-10-10 16:00:00,6,16,10,4A2B7197EC44F92EAABC421EA1E20ABD15215B7C63EE44A801F4AB4C66DA470EA19882F0C987330E204F94EE38784A5174B98FA2852EA795C487BB161B302986,NO INJURY / DRIVE AWAY,"OVER $1,500",NO CONTROLS,ANGLE,41.889125488,DAYLIGHT,-87.6294224888,2,30,FAILING TO YIELD RIGHT-OF-WAY,UNKNOWN,UNKNOWN,FAILING TO REDUCE SPEED TO AVOID CRASH,W,33,NO CONTROLS,DIVIDED - W/MEDIAN (NOT RAISED),CLOUDY/OVERCAST,0.0,0.0,0.0,0.0,0.0,1.0,1,2,"[""Y""]","[""Y""]","[""Y""]","[""2025-10-10T16:00:00.000""]","[""2167512"", ""2167513""]","[""FRONT-RIGHT-CORNER"", ""SIDE-RIGHT""]","[""IL"", ""IN""]","[""CHEVROLET"", ""TOYOTA""]","[""ENTER FROM DRIVE/ALLEY"", ""STRAIGHT AHEAD""]","[""CRUZE"", ""HIGHLANDER""]","[""1""]","[""E"", ""N""]","[""1"", ""2""]","[""DRIVER""]","[""NONE"", ""UNKNOWN""]","[""2066155"", ""2066159""]","[""PASSENGER"", ""SPORT UTILITY VEHICLE (SUV)""]","[""PERSONAL"", ""UNKNOWN/NA""]","[""2012"", ""2015""]","[""Y""]","[""Y""]","[""Y""]",[],[],[],[],[],[],[],[],[],[],[],[],[],"['20', '29']","[""DID NOT DEPLOY""]","[""TEST NOT OFFERED""]","[""ADDISON"", ""LARWILL""]","[""2025-10-10T16:00:00.000""]","[""FAILED TO YIELD"", ""NONE""]","[""NOT OBSCURED""]","[""D""]","[""IL"", ""IN""]","[""NONE""]",[],"[""O2167512"", ""O2167513""]","[""DRIVER""]","[""NORMAL""]","[""SAFETY BELT USED""]","[""F"", ""M""]","[""IL"", ""IN""]","[""2066155"", ""2066159""]","[""46764"", ""60101""]",[],[],[],[],[],[],2025,10,16,10,False,afternoon,41.89,-87.63,41.89_-87.63,24.5,20,29,FAILURE-TO-YIELD,0
STRAIGHT AND LEVEL,821,2025-10-10 16:00:00,6,16,10,9B717E90A2912DE0711B318AD1E243891449CEEE185E9BBDED4BC01ED294F8D81045143EB0EAB961ECABE60C2AC38EE6B090409FE366EA7A45C82D731993E93B,NO INJURY / DRIVE AWAY,"OVER $1,500",NO CONTROLS,SIDESWIPE SAME DIRECTION,41.8036205823,DAYLIGHT,-87.721075327,2,30,UNABLE TO DETERMINE,NO DEFECTS,DRY,UNABLE TO DETERMINE,S,4927,NO CONTROLS,NOT DIVIDED,CLEAR,0.0,0.0,0.0,0.0,0.0,1.0,1,2,[],"[""Y""]",[],"[""2025-10-10T16:00:00.000""]","[""2168166"", ""2168167""]","[""SIDE-LEFT"", ""SIDE-RIGHT""]","[""IL""]","[""KIA"", ""NISSAN""]","[""STRAIGHT AHEAD""]","[""OTHER (EXPLAIN IN NARRATIVE)""]","[""1""]","[""W""]","[""1"", ""2""]","[""DRIVER""]","[""NONE"", ""UNKNOWN""]","[""2066794"", ""2066797""]","[""SPORT UTILITY VEHICLE (SUV)""]","[""PERSONAL""]","[""2011"", ""2017""]","[""Y""]","[""Y""]",[],[],[],[],[],"[""N"", ""Y""]","[""N"", ""Y""]",[],[],"[""N"", ""Y""]",[],[],[],[],"['51', '74']","[""NOT APPLICABLE""]","[""TEST NOT OFFERED""]","[""CHICAGO""]","[""2025-10-10T16:00:00.000""]","[""IMPROPER LANE CHANGE"", ""NONE""]","[""NOT OBSCURED"", ""UNKNOWN""]","[""D""]","[""IL""]","[""NONE""]",[],"[""O2168166"", ""O2168167""]","[""DRIVER""]","[""NORMAL""]","[""SAFETY BELT USED""]","[""M""]","[""IL""]","[""2066794"", ""2066797""]","[""60629""]",[],[],[],[],[],[],2025,10,16,10,False,afternoon,41.8,-87.72,41.8_-87.72,62.5,51,74,OTHER,0
STRAIGHT AND LEVEL,233,2025-10-10 16:00:00,6,16,10,F95FACBF10825C6D97C43AA489055E70D658268128212BB942B89FC5B09CD178CC6D2474C4E697832A385625E9B8F10FC7155C8133A515D76CCA05F9056B748F,NO INJURY / DRIVE AWAY,"OVER $1,500",NO CONTROLS,PARKED MOTOR VEHICLE,41.8005485479,DAYLIGHT,-87.6062087843,2,30,UNABLE TO DETERMINE,NO DEFECTS,DRY,DRIVING SKILLS/KNOWLEDGE/EXPERIENCE,S,5155,NO CONTROLS,NOT DIVIDED,CLEAR,0.0,0.0,0.0,0.0,0.0,1.0,2,1,[],[],[],"[""2025-10-10T16:00:00.000""]","[""2167979"", ""2167980""]","[""SIDE-LEFT""]","[""AZ"", ""NY""]","[""FORD"", ""JEEP""]","[""BACKING"", ""PARKED""]","[""CHEROKEE"", ""ECONOLINE E350""]","[""0"", ""2""]","[""UNKNOWN""]","[""1"", ""2""]","[""DRIVER"", ""PARKED""]","[""NONE""]","[""2066611"", ""2066618""]","[""SPORT UTILITY VEHICLE (SUV)"", ""TRUCK - SINGLE UNIT""]","[""NOT IN USE"", ""PERSONAL""]","[""2017"", ""2025""]",[],[],[],[],[],[],[],"[""Y""]",[],[],"[""1""]",[],[],[],[],[],['51'],"[""NOT APPLICABLE""]","[""TEST NOT OFFERED""]","[""CHICAGO""]","[""2025-10-10T16:00:00.000""]","[""IMPROPER BACKING""]","[""UNKNOWN""]","[""D""]","[""IL""]","[""NONE""]",[],"[""O2167979"", ""P478341""]","[""DRIVER"", ""PASSENGER""]","[""UNKNOWN""]","[""SAFETY BELT USED""]","[""F"", ""M""]","[""IL""]","[""2066611""]","[""60615""]",[],"[""3""]",[],[],[],[],2025,10,16,10,False,afternoon,41.8,-87.61,41.8_-87.61,51.0,51,51,OTHER,0
STRAIGHT AND LEVEL,1222,2025-10-10 15:50:00,6,15,10,099D2CBAE98471DCFCAB89C563C91CC0021816ED29D97355151B38F7366F7E73FFEBDFCFDC21D0D326C16F7858F012CCA18F2594707F370052528FF5EF979EC4,INJURY AND / OR TOW DUE TO CRASH,"OVER $1,500",FUNCTIONING PROPERLY,TURNING,41.8845601425,DAYLIGHT,-87.7011569893,2,25,UNABLE TO DETERMINE,NO DEFECTS,DRY,UNABLE TO DETERMINE,N,215,TRAFFIC SIGNAL,NOT DIVIDED,CLEAR,0.0,0.0,0.0,0.0,0.0,1.0,1,2,[],[],[],"[""2025-10-10T15:50:00.000""]","[""2167533"", ""2167534""]","[""FRONT"", ""FRONT-LEFT-CORNER""]","[""IL""]","[""FORD"", ""NISSAN""]","[""STRAIGHT AHEAD"", ""TURNING LEFT""]","[""F150"", ""MAXIMA""]","[""1""]","[""N"", ""SE""]","[""1"", ""2""]","[""DRIVER""]","[""NONE""]","[""2066175"", ""2066199""]","[""PASSENGER"", ""PICKUP""]","[""PERSONAL""]","[""2012""]",[],[],"[""Y""]","[""Private tow.""]","[""Y""]",[],[],[],[],[],[],[],[],[],[],"[""Unknown.""]","['26', '59']","[""NOT APPLICABLE""]","[""TEST NOT OFFERED""]","[""CHICAGO""]","[""2025-10-10T15:50:00.000""]","[""UNKNOWN""]","[""NOT OBSCURED""]","[""D""]","[""IL""]","[""NONE""]",[],"[""O2167533"", ""O2167534""]","[""DRIVER""]","[""NORMAL""]","[""SAFETY BELT USED""]","[""M""]","[""IL""]","[""2066175"", ""2066199""]","[""60612"", ""60639""]",[],[],[],[],[],[],2025,10,15,10,False,afternoon,41.88,-87.7,41.88_-87.7,42.5,26,59,OTHER,0