alignment,beat_of_occurrence,crash_date,crash_day_of_week,crash_hour,crash_month,crash_record_id,crash_type,damage,device_condition,first_crash_type,latitude,lighting_condition,longitude,num_units,posted_speed_limit,prim_contributory_cause,road_defect,roadway_surface_cond,sec_contributory_cause,street_direction,street_no,traffic_control_device,trafficway_type,weather_condition,private_property_i,hit_and_run_i,intersection_related_i,crash_date_est_i,work_zone_i,workers_present_i,veh_count,ppl_count,veh_area_01_i_list_json,veh_area_02_i_list_json,veh_area_12_i_list_json,veh_crash_date_list_json,veh_crash_unit_id_list_json,veh_first_contact_point_list_json,veh_lic_plate_state_list_json,veh_make_list_json,veh_maneuver_list_json,veh_model_list_json,veh_occupant_cnt_list_json,veh_travel_direction_list_json,veh_unit_no_list_json,veh_unit_type_list_json,veh_vehicle_defect_list_json,veh_vehicle_id_list_json,veh_vehicle_type_list_json,veh_vehicle_use_list_json,veh_vehicle_year_list_json,veh_area_03_i_list_json,veh_area_04_i_list_json,veh_area_11_i_list_json,veh_towed_by_list_json,veh_towed_i_list_json,veh_area_07_i_list_json,veh_area_99_i_list_json,veh_area_09_i_list_json,veh_area_10_i_list_json,veh_cmrc_veh_i_list_json,veh_num_passengers_list_json,veh_area_08_i_list_json,veh_area_00_i_list_json,veh_area_05_i_list_json,veh_area_06_i_list_json,veh_towed_to_list_json,ppl_age_list_json,ppl_airbag_deployed_list_json,ppl_bac_result_list_json,ppl_city_list_json,ppl_crash_date_list_json,ppl_driver_action_list_json,ppl_driver_vision_list_json,ppl_drivers_license_class_list_json,ppl_drivers_license_state_list_json,ppl_ejection_list_json,ppl_hospital_list_json,ppl_person_id_list_json,ppl_person_type_list_json,ppl_physical_condition_list_json,ppl_safety_equipment_list_json,ppl_sex_list_json,ppl_state_list_json,ppl_vehicle_id_list_json,ppl_zipcode_list_json,ppl_ems_agency_list_json,ppl_seat_no_list_json,ppl_pedpedal_action_list_json,ppl_pedpedal_location_list_json,ppl_pedpedal_visibility_list_json,ppl_ems_run_no_list_json,year,month,hour,day,is_weekend,hour_bin,lat_bin,lng_bin,grid_id,ppl_age_mean,ppl_age_min,ppl_age_max,prim_contributory_cause_group,ksi_flag
STRAIGHT AND LEVEL,1834,2025-10-10 15:45:00,6,15,10,8F037E686D3253156517446320412EC76B172A304924D8D46AB95E79018F0D7A2CD89AAB43FD60F384965FCA842926296694BAB02B562144E136746C839B4803,NO INJURY / DRIVE AWAY,"OVER $1,500",NO CONTROLS,REAR END,41.8925494595,DAYLIGHT,-87.6145524555,2,30,UNABLE TO DETERMINE,NO DEFECTS,DRY,UNABLE TO DETERMINE,N,546,NO CONTROLS,DIVIDED - W/MEDIAN BARRIER,CLEAR,0.0,0.0,0.0,0.0,0.0,1.0,1,2,[],[],"[""Y""]","[""2025-10-10T15:45:00.000""]","[""2167619"", ""2167620""]","[""FRONT"", ""REAR""]","[""IL""]","[""HONDA"", ""VOLKSWAGEN""]","[""CHANGING LANES"", ""STRAIGHT AHEAD""]","[""ACCORD"", ""CC""]","[""1""]","[""S""]","[""1"", ""2""]","[""DRIVER""]","[""NONE""]","[""2066263"", ""2066276""]","[""PASSENGER""]","[""PERSONAL""]","[""2010"", ""2024""]",[],[],[],[],[],[],[],[],[],[],[],[],[],"[""N""]","[""Y""]",[],"['36', '37']","[""DID NOT DEPLOY"", ""NOT APPLICABLE""]","[""TEST NOT OFFERED""]","[""CHICAGO""]","[""2025-10-10T15:45:00.000""]","[""NONE"", ""OTHER""]","[""NOT OBSCURED""]","[""D""]","[""IL""]","[""NONE""]",[],"[""O2167619"", ""O2167620""]","[""DRIVER""]","[""NORMAL""]","[""SAFETY BELT USED""]","[""M""]","[""IL""]","[""2066263"", ""2066276""]","[""60620"", ""60632""]",[],[],[],[],[],[],2025,10,15,10,False,afternoon,41.89,-87.61,41.89_-87.61,36.5,36,37,OTHER,0
STRAIGHT AND LEVEL,1034,2025-10-10 15:45:00,6,15,10,7E6012218112BF5549C165FFECD48D5157A93A2275A1F6C645F9F702E4089290306D5B34E2C81CF184713EF3CBFEBDE3E59138AF414B4FDA9823C9D4F5D0289B,NO INJURY / DRIVE AWAY,"OVER $1,500",NO CONTROLS,TURNING,41.8457020922,DAYLIGHT,-87.6828309012,2,30,UNABLE TO DETERMINE,UNKNOWN,DRY,UNABLE TO DETERMINE,S,2553,NO CONTROLS,DIVIDED - W/MEDIAN (NOT RAISED),CLEAR,0.0,0.0,0.0,0.0,0.0,1.0,1,2,"[""Y""]",[],"[""Y""]","[""2025-10-10T15:45:00.000""]","[""2167557"", ""2167558""]","[""FRONT"", ""SIDE-RIGHT""]","[""IL""]","[""CHEVROLET"", ""HONDA""]","[""STRAIGHT AHEAD"", ""U-TURN""]","[""ACCORD"", ""EQUINOX""]","[""1""]","[""SW""]","[""1"", ""2""]","[""DRIVER""]","[""UNKNOWN""]","[""2066217"", ""2066230""]","[""PASSENGER"", ""SPORT UTILITY VEHICLE (SUV)""]","[""PERSONAL"", ""UNKNOWN/NA""]","[""2012"", ""2018""]",[],"[""Y""]",[],[],[],[],[],[],[],[],[],[],[],"[""Y""]",[],[],"['22', '33']","[""DID NOT DEPLOY""]","[""TEST NOT OFFERED"", ""TEST TAKEN""]","[""CHICAGO""]","[""2025-10-10T15:45:00.000""]","[""NONE"", ""UNKNOWN""]","[""NOT OBSCURED"", ""UNKNOWN""]","[""D""]","[""IL""]","[""NONE""]",[],"[""O2167557"", ""O2167558""]","[""DRIVER""]","[""NORMAL"", ""UNKNOWN""]","[""SAFETY BELT USED""]","[""F""]","[""IL""]","[""2066217"", ""2066230""]","[""60620"", ""60632""]",[],[],[],[],[],[],2025,10,15,10,False,afternoon,41.85,-87.68,41.85_-87.68,27.5,22,33,OTHER,0
STRAIGHT AND LEVEL,1634,2025-10-10 15:40:00,6,15,10,0CB35EC80BEDD53DD8012F9D339F5C00A172DC56CAD84A0C5F62102FDEC0ED80282C778B008B0DFFCD8621B5D7AED584943D0DD4144EA2C1293BB42B34E0FED4,NO INJURY / DRIVE AWAY,"OVER $1,500",NO CONTROLS,SIDESWIPE SAME DIRECTION,41.9459492899,DAYLIGHT,-87.7522040197,2,35,UNABLE TO DETERMINE,UNKNOWN,UNKNOWN,UNABLE TO DETERMINE,W,5003,TRAFFIC SIGNAL,NOT DIVIDED,CLEAR,0.0,0.0,1.0,0.0,0.0,1.0,1,2,"[""Y""]","[""Y""]","[""Y""]","[""2025-10-10T15:40:00.000""]","[""2167500"", ""2167501""]","[""SIDE-LEFT-REAR"", ""SIDE-RIGHT-FRONT""]","[""IL""]","[""TOYOTA""]","[""STRAIGHT AHEAD""]","[""COROLLA"", ""SIENNA""]","[""1""]","[""E""]","[""1"", ""2""]","[""DRIVER""]","[""UNKNOWN""]","[""2066144"", ""2066171""]","[""PASSENGER""]","[""PERSONAL""]","[""2013"", ""2021""]",[],[],[],[],[],"[""Y""]",[],[],[],[],[],"[""Y""]",[],[],[],[],"['45', '56']","[""NOT APPLICABLE""]","[""TEST NOT OFFERED""]","[""CHICAGO""]","[""2025-10-10T15:40:00.000""]","[""UNKNOWN""]","[""UNKNOWN""]",[],"[""IL""]","[""NONE"", ""UNKNOWN""]","[""REFUSED""]","[""O2167500"", ""O2167501""]","[""DRIVER""]","[""UNKNOWN""]","[""USAGE UNKNOWN""]","[""F"", ""M""]","[""IL""]","[""2066144"", ""2066171""]","[""60634""]","[""N/A""]",[],[],[],[],[],2025,10,15,10,False,afternoon,41.95,-87.75,41.95_-87.75,50.5,45,56,OTHER,0
STRAIGHT AND LEVEL,923,2025-10-10 15:30:00,6,15,10,C7103F39C7A6FA73B6C5771F44D72F9B72C9FB14893F80AFEE988657667AA011886307A3D9235E66F925157F15C5EF739D5071307D73E9888860A149EA1F9854,NO INJURY / DRIVE AWAY,"OVER $1,500",FUNCTIONING PROPERLY,REAR END,41.8014172651,DAYLIGHT,-87.6843778423,2,30,FAILING TO REDUCE SPEED TO AVOID CRASH,NO DEFECTS,DRY,NOT APPLICABLE,S,5048,TRAFFIC SIGNAL,NOT DIVIDED,CLOUDY/OVERCAST,0.0,0.0,0.0,0.0,0.0,1.0,1,2,[],[],"[""Y""]","[""2025-10-10T15:30:00.000""]","[""2167506"", ""2167507""]","[""FRONT"", ""REAR""]","[""IL""]","[""CHEVROLET"", ""GENERAL MOTORS CORPORATION (GMC)""]","[""SLOW/STOP IN TRAFFIC"", ""STRAIGHT AHEAD""]","[""MALIBU"", ""TERRAIN""]","[""1"", ""3""]","[""S""]","[""1"", ""2""]","[""DRIVER""]","[""NONE""]","[""2066150"", ""2066158""]","[""PASSENGER""]","[""PERSONAL""]","[""2013"", ""2019""]",[],[],"[""Y""]",[],[],[],[],[],[],[],"[""2""]",[],[],"[""Y""]","[""Y""]",[],"['49', '63']","[""DID NOT DEPLOY"", ""NOT APPLICABLE""]","[""TEST NOT OFFERED""]","[""CHICAGO""]","[""2025-10-10T15:30:00.000""]","[""NONE"", ""OTHER""]","[""NOT OBSCURED""]","[""D""]","[""IL""]","[""NONE""]",[],"[""O2167506"", ""O2167507"", ""P478247"", ""P478248""]","[""DRIVER"", ""PASSENGER""]","[""NORMAL""]","[""USAGE UNKNOWN""]","[""F"", ""M""]","[""IL""]","[""2066150"", ""2066158""]","[""60629"", ""60652""]",[],"[""3"", ""6""]",[],[],[],[],2025,10,15,10,False,afternoon,41.8,-87.68,41.8_-87.68,56.0,49,63,SPEEDING,0
STRAIGHT AND LEVEL,1634,2025-10-10 15:30:00,6,15,10,14FF306199D71E71D414CEDEDC0D7ACB66C211A6DD725C35442A17827B76F3B9AF439E0C7AE36082D5BDC5877AE98B4F8047D2A72100737C5BE5215E30755283,NO INJURY / DRIVE AWAY,"OVER $1,500",NO CONTROLS,ANGLE,41.9465201914,DAYLIGHT,-87.7595417666,2,30,UNABLE TO DETERMINE,UNKNOWN,DRY,UNABLE TO DETERMINE,N,3616,NO CONTROLS,OTHER,CLEAR,0.0,0.0,0.0,0.0,0.0,1.0,1,1,"[""Y""]",[],[],"[""2025-10-10T15:30:00.000""]","[""2167491"", ""2167492""]","[""FRONT-LEFT-CORNER"", ""FRONT-RIGHT-CORNER""]","[""IL""]","[""ACURA"", ""CHEVROLET""]","[""STRAIGHT AHEAD""]","[""ADX"", ""MALIBU""]","[""1""]","[""E"", ""N""]","[""1"", ""2""]","[""DRIVER""]","[""UNKNOWN""]","[""2066143"", ""2066152""]","[""PASSENGER"", ""SPORT UTILITY VEHICLE (SUV)""]","[""PERSONAL""]","[""2011"", ""2012""]",[],[],"[""Y""]",[],[],[],[],[],[],[],[],[],[],[],[],[],['48'],"[""DEPLOYMENT UNKNOWN""]","[""TEST NOT OFFERED""]","[""CHICAGO""]","[""2025-10-10T15:30:00.000""]","[""OTHER"", ""UNKNOWN""]","[""UNKNOWN""]","[""D""]","[""IL""]","[""NONE""]","[""REFUSED"", ""UNKNOWN""]","[""O2167491"", ""O2167492""]","[""DRIVER""]","[""NORMAL"", ""UNKNOWN""]","[""USAGE UNKNOWN""]","[""F""]","[""IL""]","[""2066143"", ""2066152""]","[""60641""]",[],[],[],[],[],[],2025,10,15,10,False,afternoon,41.95,-87.76,41.95_-87.76,48.0,48,48,OTHER,0
STRAIGHT AND LEVEL,2011,2025-10-10 15:28:00,6,15,10,7436DD9E2E556D91FACDD1FFABCC24F12F9C4F591F8A323C640A3146C3DDD0DE16F692D60F46E86F58B67DD564622677FFE3C8981D81A8C47C3DD21DF21C3794,NO INJURY / DRIVE AWAY,"$501 - $1,500",NO CONTROLS,PARKED MOTOR VEHICLE,41.9838803382,DAYLIGHT,-87.701463332,2,30,IMPROPER BACKING,NO DEFECTS,DRY,NOT APPLICABLE,N,5625,NO CONTROLS,ONE-WAY,CLEAR,0.0,1.0,0.0,0.0,0.0,1.0,2,1,"[""Y""]",[],"[""Y""]","[""2025-10-10T15:28:00.000""]","[""2167584"", ""2167585""]","[""FRONT"", ""REAR""]","[""IL""]","[""TOYOTA""]","[""LEAVING TRAFFIC LANE TO PARK"", ""PARKED""]","[""PRIUS"", ""RAV4""]","[""1""]","[""N""]","[""1"", ""2""]","[""DRIVER"", ""PARKED""]","[""NONE"", ""UNKNOWN""]","[""2066225"", ""2066233""]","[""PASSENGER""]","[""PERSONAL"", ""UNKNOWN/NA""]","[""2007""]",[],[],"[""Y""]",[],[],"[""Y""]",[],[],[],[],"[""1""]",[],[],[],"[""Y""]",[],['57'],"[""DEPLOYMENT UNKNOWN"", ""DID NOT DEPLOY""]","[""TEST NOT OFFERED""]","[""CHICAGO""]","[""2025-10-10T15:28:00.000""]","[""IMPROPER BACKING""]","[""UNKNOWN""]",[],[],"[""NONE""]",[],"[""O2167584"", ""P478259""]","[""DRIVER"", ""PASSENGER""]","[""UNKNOWN""]","[""SAFETY BELT USED"", ""USAGE UNKNOWN""]","[""F""]","[""IL""]","[""2066225"", ""2066233""]","[""60656""]",[],"[""1""]",[],[],[],[],2025,10,15,10,False,afternoon,41.98,-87.7,41.98_-87.7,57.0,57,57,OTHER,0
STRAIGHT AND LEVEL,423,2025-10-10 15:28:00,6,15,10,159D0C5BD4ABC5D7697F85776192533DFF38D3FB1A802FB223928CAC94B6CEAD80F00FEB638672EFE9741A2A5591710489ED9A926ECE1D77EA90F77CB489E8D2,INJURY AND / OR TOW DUE TO CRASH,"OVER $1,500",NO CONTROLS,HEAD ON,41.7349065647,DAYLIGHT,-87.5623022938,3,30,UNABLE TO DETERMINE,NO DEFECTS,DRY,UNABLE TO DETERMINE,S,8809,STOP SIGN/FLASHER,NOT DIVIDED,CLEAR,0.0,1.0,0.0,0.0,0.0,1.0,1,2,"[""Y""]","[""Y""]","[""Y""]","[""2025-10-10T15:28:00.000""]","[""2167495"", ""2167496"", ""2167497""]","[""FRONT"", ""TOTAL (ALL AREAS)""]","[""IL"", ""KY""]","[""CHEVROLET"", ""JEEP"", ""KIA""]","[""STRAIGHT AHEAD"", ""UNKNOWN/NA""]","[""CHEROKEE"", ""SPORTAGE"", ""TAHOE""]","[""1""]","[""S"", ""UNKNOWN""]","[""1"", ""2"", ""3""]","[""DRIVER""]","[""NONE""]","[""2066145"", ""2066164"", ""2066177""]","[""PASSENGER""]","[""PERSONAL""]","[""2018"", ""2024""]","[""Y""]","[""Y""]","[""Y""]",[],"[""Y""]","[""Y""]",[],"[""Y""]","[""Y""]",[],[],"[""Y""]",[],"[""Y""]","[""Y""]",[],"['22', '46']","[""DEPLOYMENT UNKNOWN"", ""NOT APPLICABLE""]","[""TEST NOT OFFERED""]","[""CHICAGO""]","[""2025-10-10T15:28:00.000""]","[""UNKNOWN""]","[""NOT OBSCURED"", ""UNKNOWN""]","[""D""]","[""IL""]","[""NONE""]",[],"[""O2167495"", ""O2167496"", ""O2167497""]","[""DRIVER""]","[""UNKNOWN""]","[""USAGE UNKNOWN""]","[""M"", ""X""]","[""IL""]","[""2066145"", ""2066164"", ""2066177""]","[""60617""]",[],[],[],[],[],[],2025,10,15,10,False,afternoon,41.73,-87.56,41.73_-87.56,34.0,22,46,OTHER,0
STRAIGHT AND LEVEL,423,2025-10-10 15:28:00,6,15,10,421F9B74CEE56EB803A015AECF5D33EE21D7E6F9EDBE10C1AA327B320D13374B6387B466A3D838995D1D8B7E2FC2AB478E6C190F9971C42330DC785FAEA7066D,NO INJURY / DRIVE AWAY,"OVER $1,500",FUNCTIONING PROPERLY,TURNING,41.7372699104,DAYLIGHT,-87.5529554699,2,30,UNABLE TO DETERMINE,UNKNOWN,DRY,IMPROPER TURNING/NO SIGNAL,S,8700,STOP SIGN/FLASHER,OTHER,CLEAR,0.0,0.0,0.0,0.0,0.0,1.0,1,3,"[""Y""]",[],[],"[""2025-10-10T15:28:00.000""]","[""2167508"", ""2167509""]","[""FRONT-LEFT-CORNER"", ""FRONT-RIGHT-CORNER""]","[""IL""]","[""FORD"", ""JEEP""]","[""STRAIGHT AHEAD"", ""U-TURN""]","[""GRAND CHEROKEE"", ""VAN""]","[""1"", ""2""]","[""W""]","[""1"", ""2""]","[""DRIVER""]","[""NONE""]","[""2066157"", ""2066172""]","[""SPORT UTILITY VEHICLE (SUV)"", ""VAN/MINI-VAN""]","[""PERSONAL""]","[""2002"", ""2011""]",[],[],"[""Y""]",[],"[""N""]",[],[],[],"[""Y""]",[],"[""1""]",[],[],[],[],[],"['23', '38', '68']","[""NOT APPLICABLE""]","[""TEST NOT OFFERED""]","[""CHICAGO"", ""HARVEY""]","[""2025-10-10T15:28:00.000""]","[""IMPROPER TURN"", ""UNKNOWN""]","[""NOT OBSCURED""]","[""D""]","[""IL""]","[""NONE""]",[],"[""O2167508"", ""O2167509"", ""P478249""]","[""DRIVER"", ""PASSENGER""]","[""NORMAL""]","[""USAGE UNKNOWN""]","[""F"", ""M""]","[""IL""]","[""2066157"", ""2066172""]","[""60426"", ""60617"", ""60619""]",[],"[""3""]",[],[],[],[],2025,10,15,10,False,afternoon,41.74,-87.55,41.74_-87.55,43.0,23,68,OTHER,0
STRAIGHT AND LEVEL,632,2025-10-10 15:28:00,6,15,10,ECDB46B3A2E7C71AA2E6EDECBF0C8B39CAF8243BEC0077BDB4869EAA1CA747F77F50DE65D812C96DE15A6B467E2C28AAC4353178E6577F4DFE95526DD1BA4883,INJURY AND / OR TOW DUE TO CRASH,"OVER $1,500",NO CONTROLS,REAR END,41.7364288959,DAYLIGHT,-87.6121322212,2,35,FAILING TO YIELD RIGHT-OF-WAY,NO DEFECTS,DRY,NOT APPLICABLE,E,499,NO CONTROLS,NOT DIVIDED,CLEAR,0.0,0.0,0.0,0.0,0.0,1.0,1,2,"[""Y""]","[""Y""]",[],"[""2025-10-10T15:28:00.000""]","[""2169693"", ""2169694""]","[""FRONT-RIGHT-CORNER"", ""REAR-LEFT-CORNER""]","[""IL""]","[""FORD"", ""TOYOTA""]","[""ENTERING TRAFFIC LANE FROM PARKING"", ""STRAIGHT AHEAD""]","[""ECONOLINE E450"", ""RAV4""]","[""1"", ""2""]","[""W""]","[""1"", ""2""]","[""DRIVER""]","[""UNKNOWN""]","[""2068223"", ""2068224""]","[""PASSENGER""]","[""OTHER"", ""PERSONAL""]","[""2020"", ""2024""]",[],[],[],[],[],"[""Y""]",[],[],[],[],"[""1""]",[],[],[],[],[],"['50', '63']","[""DID NOT DEPLOY""]","[""TEST NOT OFFERED""]","[""BURBANK"", ""CHICAGO""]","[""2025-10-10T15:28:00.000""]","[""UNKNOWN""]","[""UNKNOWN""]","[""D""]","[""IL""]","[""NONE""]","[""TRINITY HOSPITAL""]","[""O2169693"", ""O2169694"", ""P478706""]","[""DRIVER"", ""PASSENGER""]","[""NORMAL""]","[""USAGE UNKNOWN""]","[""F"", ""M""]","[""IL""]","[""2068223"", ""2068224""]","[""60459"", ""60609""]","[""CHICAGO FIRE DEPARTMENT AMBULANCE""]","[""3""]",[],[],[],"[""18""]",2025,10,15,10,False,afternoon,41.74,-87.61,41.74_-87.61,56.5,50,63,FAILURE-TO-YIELD,1
STRAIGHT AND LEVEL,1733,2025-10-10 15:20:00,6,15,10,B221C940ACD4F1A3497D10C28EDFDD6779667230DFC344E8FC5A706274637D9D359A15DD93C3FCB2516171DA4DB875B82EBDBD739C90D42881C2D25F0EC411DE,NO INJURY / DRIVE AWAY,"OVER $1,500",NO CONTROLS,PARKED MOTOR VEHICLE,41.9503561804,DAYLIGHT,-87.710428095,2,30,UNABLE TO DETERMINE,UNKNOWN,UNKNOWN,NOT APPLICABLE,W,3300,NO CONTROLS,NOT DIVIDED,CLOUDY/OVERCAST,0.0,0.0,0.0,0.0,0.0,1.0,2,1,[],[],[],"[""2025-10-10T15:20:00.000""]","[""2167535"", ""2167536""]","[""REAR-LEFT-CORNER"", ""SIDE-RIGHT""]","[""IL""]","[""FREIGHTLINER CORPORATION"", ""HYUNDAI""]","[""PARKED IN TRAFFIC LANE"", ""TURNING RIGHT""]","[""FREIGHTLINER CORP."", ""VENUE""]","[""0"", ""1""]","[""S"", ""W""]","[""1"", ""2""]","[""DRIVER"", ""PARKED""]","[""UNKNOWN""]","[""2066184"", ""2066207""]","[""BUS OVER 15 PASS."", ""PASSENGER""]","[""PERSONAL"", ""UNKNOWN/NA""]","[""2012""]","[""Y""]","[""Y""]",[],[],[],"[""Y""]",[],[],[],[],[],"[""Y""]",[],[],[],[],['78'],"[""DID NOT DEPLOY""]","[""TEST NOT OFFERED""]","[""CHICAGO""]","[""2025-10-10T15:20:00.000""]","[""UNKNOWN""]","[""UNKNOWN""]",[],"[""IL""]","[""NONE""]",[],"[""O2167535""]","[""DRIVER""]","[""NORMAL""]","[""SAFETY BELT USED""]","[""M""]","[""IL""]","[""2066207""]","[""60640""]",[],[],[],[],[],[],2025,10,15,10,False,afternoon,41.95,-87.71,41.95_-87.71,78.0,78,78,OTHER,0
STRAIGHT AND LEVEL,1131,2025-10-10 15:20:00,6,15,10,78321F6FE4F3853A4BC908D6D3A2CEC8D0A78A195B003E18350A26072BEFE30A921D8B2F223EAAD73A38B847908D276C85B510CC77E8685FE7A96D8D50E4B96F,NO INJURY / DRIVE AWAY,"OVER $1,500",NO CONTROLS,REAR END,41.8678215712,DAYLIGHT,-87.7446655469,2,30,FOLLOWING TOO CLOSELY,NO DEFECTS,DRY,FAILING TO YIELD RIGHT-OF-WAY,S,1021,NO CONTROLS,DIVIDED - W/MEDIAN (NOT RAISED),CLEAR,0.0,0.0,0.0,0.0,0.0,1.0,1,2,"[""Y""]",[],"[""Y""]","[""2025-10-10T15:20:00.000""]","[""2167502"", ""2167503""]","[""FRONT"", ""REAR""]","[""IL""]","[""JEEP"", ""NISSAN""]","[""STRAIGHT AHEAD""]","[""PATRIOT"", ""ROGUE""]","[""1""]","[""N""]","[""1"", ""2""]","[""DRIVER""]","[""NONE""]","[""2066149"", ""2066166""]","[""PASSENGER""]","[""PERSONAL""]","[""2012"", ""2016""]",[],"[""Y""]","[""Y""]",[],[],"[""Y""]",[],[],[],[],[],"[""Y""]",[],"[""Y""]","[""Y""]",[],"['23', '27']","[""DID NOT DEPLOY""]","[""TEST NOT OFFERED""]","[""CHICAGO"", ""CICERO""]","[""2025-10-10T15:20:00.000""]","[""FAILED TO YIELD"", ""NONE""]","[""NOT OBSCURED""]","[""D""]","[""IL""]","[""NONE""]",[],"[""O2167502"", ""O2167503""]","[""DRIVER""]","[""NORMAL""]","[""SAFETY BELT USED""]","[""F"", ""M""]","[""IL""]","[""2066149"", ""2066166""]","[""60651"", ""60804""]",[],[],[],[],[],[],2025,10,15,10,False,afternoon,41.87,-87.74,41.87_-87.74,25.0,23,27,FOLLOWING TOO CLOSELY,0
STRAIGHT AND LEVEL,831,2025-10-10 15:20:00,6,15,10,6E89CFECA2B6475BB197258282AF5EF95B0E49EA84EF6071E87BB3AB9D4ED6C0428882F403F2D3E6BF31E239F7BCAB22ACC7B87292C17D453757B9C1D294CFCC,NO INJURY / DRIVE AWAY,"$501 - $1,500",NO CONTROLS,SIDESWIPE SAME DIRECTION,41.7718438798,DAYLIGHT,-87.7028254317,2,30,IMPROPER OVERTAKING/PASSING,NO DEFECTS,DRY,NOT APPLICABLE,S,6655,NO CONTROLS,NOT DIVIDED,CLEAR,0.0,0.0,0.0,0.0,0.0,1.0,1,1,"[""Y""]","[""Y""]",[],"[""2025-10-10T15:20:00.000""]","[""2167466"", ""2167467""]","[""FRONT-LEFT-CORNER"", ""SIDE-RIGHT""]","[""IL""]","[""JEEP"", ""TESLA""]","[""PASSING/OVERTAKING"", ""STRAIGHT AHEAD""]","[""CHEROKEE"", ""MODEL 3""]","[""1"", ""3""]","[""N""]","[""1"", ""2""]","[""DRIVER""]","[""NONE""]","[""2066118"", ""2066122""]","[""PASSENGER"", ""SPORT UTILITY VEHICLE (SUV)""]","[""PERSONAL""]","[""2019"", ""2020""]",[],[],"[""Y""]",[],[],[],[],[],"[""Y""]",[],"[""2""]",[],[],[],[],[],['30'],"[""DEPLOYMENT UNKNOWN"", ""DID NOT DEPLOY"", ""NOT APPLICABLE""]","[""TEST NOT OFFERED""]",[],"[""2025-10-10T15:20:00.000""]","[""IMPROPER PASSING"", ""NONE""]","[""NOT OBSCURED"", ""UNKNOWN""]",[],"[""IL""]","[""NONE""]",[],"[""O2167466"", ""O2167467"", ""P478238"", ""P478239""]","[""DRIVER"", ""PASSENGER""]","[""NORMAL"", ""UNKNOWN""]","[""CHILD RESTRAINT - FORWARD FACING"", ""SAFETY BELT USED"", ""USAGE UNKNOWN""]","[""F"", ""M""]",[],"[""2066118"", ""2066122""]",[],[],"[""4"", ""6""]",[],[],[],[],2025,10,15,10,False,afternoon,41.77,-87.7,41.77_-87.7,30.0,30,30,OTHER,0
STRAIGHT AND LEVEL,1711,2025-10-10 15:19:00,6,15,10,364A3C468B15327612EACFF1C0EBAF08671FA0132820C46284692992CA1F59C3A83F62361F32546148210360245EE2BBC895732CD652F846A9420FE5BA3E2A9A,NO INJURY / DRIVE AWAY,"$501 - $1,500",NO CONTROLS,PARKED MOTOR VEHICLE,41.9926688068,DAYLIGHT,-87.721561964,2,30,UNABLE TO DETERMINE,NO DEFECTS,DRY,NOT APPLICABLE,N,6122,NO CONTROLS,NOT DIVIDED,CLEAR,0.0,1.0,0.0,0.0,0.0,1.0,2,0,[],[],"[""Y""]","[""2025-10-10T15:19:00.000""]","[""2167510"", ""2167511""]","[""FRONT-LEFT-CORNER"", ""REAR""]","[""IL""]","[""HONDA"", ""MAZDA""]","[""BACKING"", ""PARKED""]","[""CIVIC"", ""OTHER (EXPLAIN IN NARRATIVE)""]","[""0"", ""1""]","[""N"", ""S""]","[""1"", ""2""]","[""DRIVER"", ""PARKED""]","[""UNKNOWN""]","[""2066156"", ""2066165""]","[""PASSENGER""]","[""NOT IN USE"", ""UNKNOWN/NA""]","[""1998"", ""2012""]",[],[],"[""Y""]",[],[],[],"[""Y""]",[],"[""Y""]",[],[],[],[],[],[],[],[],"[""DEPLOYMENT UNKNOWN""]","[""TEST NOT OFFERED""]",[],"[""2025-10-10T15:19:00.000""]","[""UNKNOWN""]","[""UNKNOWN""]",[],[],"[""NONE""]",[],"[""O2167510""]","[""DRIVER""]","[""UNKNOWN""]","[""USAGE UNKNOWN""]","[""X""]",[],"[""2066156""]",[],[],[],[],[],[],[],2025,10,15,10,False,afternoon,41.99,-87.72,41.99_-87.72,0.0,0,0,OTHER,0
STRAIGHT AND LEVEL,2412,2025-10-10 15:16:00,6,15,10,9CFB0E925AA9B76FDACF57B71C1B7648F0F1A86BCB0BF0CE9B41B1F99E7DB8337115980D5401BAE83A00552475EBC88460A85A8B053AE8F8E75B7D729B6DC72E,NO INJURY / DRIVE AWAY,"OVER $1,500",NO CONTROLS,ANGLE,41.9980192582,DAYLIGHT,-87.6770194601,2,30,IMPROPER LANE USAGE,NO DEFECTS,DRY,NOT APPLICABLE,N,6400,NO CONTROLS,NOT DIVIDED,CLEAR,0.0,0.0,0.0,0.0,0.0,1.0,1,2,"[""Y""]",[],[],"[""2025-10-10T15:16:00.000""]","[""2167724"", ""2167725""]","[""SIDE-LEFT-FRONT"", ""SIDE-RIGHT-FRONT""]","[""IL"", ""OH""]","[""HYUNDAI"", ""TOYOTA""]","[""CHANGING LANES"", ""STRAIGHT AHEAD""]","[""RAV4"", ""SONATA""]","[""1""]","[""N"", ""NE""]","[""1"", ""2""]","[""DRIVER""]","[""NONE""]","[""2066358"", ""2066362""]","[""PASSENGER"", ""SPORT UTILITY VEHICLE (SUV)""]","[""PERSONAL""]","[""2015""]",[],[],"[""Y""]",[],[],"[""Y""]",[],"[""Y""]","[""Y""]",[],[],"[""Y""]",[],[],[],[],"['23', '31']","[""NOT APPLICABLE""]","[""TEST NOT OFFERED""]","[""CHICAGO"", ""KENT""]","[""2025-10-10T15:16:00.000""]","[""IMPROPER LANE CHANGE"", ""NONE""]","[""NOT OBSCURED""]","[""D""]","[""IL"", ""OH""]","[""NONE""]",[],"[""O2167724"", ""O2167725""]","[""DRIVER""]","[""NORMAL""]","[""SAFETY BELT USED""]","[""F""]","[""IL"", ""OH""]","[""2066358"", ""2066362""]","[""60645""]",[],[],[],[],[],[],2025,10,15,10,False,afternoon,42.0,-87.68,42.0_-87.68,27.0,23,31,OTHER,0