alignment,beat_of_occurrence,crash_date,crash_day_of_week,crash_hour,crash_month,crash_record_id,crash_type,damage,device_condition,first_crash_type,latitude,lighting_condition,longitude,num_units,posted_speed_limit,prim_contributory_cause,road_defect,roadway_surface_cond,sec_contributory_cause,street_direction,street_no,traffic_control_device,trafficway_type,weather_condition,private_property_i,hit_and_run_i,intersection_related_i,crash_date_est_i,work_zone_i,workers_present_i,veh_count,ppl_count,veh_area_01_i_list_json,veh_area_02_i_list_json,veh_area_12_i_list_json,veh_crash_date_list_json,veh_crash_unit_id_list_json,veh_first_contact_point_list_json,veh_lic_plate_state_list_json,veh_make_list_json,veh_maneuver_list_json,veh_model_list_json,veh_occupant_cnt_list_json,veh_travel_direction_list_json,veh_unit_no_list_json,veh_unit_type_list_json,veh_vehicle_defect_list_json,veh_vehicle_id_list_json,veh_vehicle_type_list_json,veh_vehicle_use_list_json,veh_vehicle_year_list_json,veh_area_03_i_list_json,veh_area_04_i_list_json,veh_area_11_i_list_json,veh_towed_by_list_json,veh_towed_i_list_json,veh_area_07_i_list_json,veh_area_99_i_list_json,veh_area_09_i_list_json,veh_area_10_i_list_json,veh_cmrc_veh_i_list_json,veh_num_passengers_list_json,veh_area_08_i_list_json,veh_area_00_i_list_json,veh_area_05_i_list_json,veh_area_06_i_list_json,veh_towed_to_list_json,ppl_age_list_json,ppl_airbag_deployed_list_json,ppl_bac_result_list_json,ppl_city_list_json,ppl_crash_date_list_json,ppl_driver_action_list_json,ppl_driver_vision_list_json,ppl_drivers_license_class_list_json,ppl_drivers_license_state_list_json,ppl_ejection_list_json,ppl_hospital_list_json,ppl_person_id_list_json,ppl_person_type_list_json,ppl_physical_condition_list_json,ppl_safety_equipment_list_json,ppl_sex_list_json,ppl_state_list_json,ppl_vehicle_id_list_json,ppl_zipcode_list_json,ppl_ems_agency_list_json,ppl_seat_no_list_json,ppl_pedpedal_action_list_json,ppl_pedpedal_location_list_json,ppl_pedpedal_visibility_list_json,ppl_ems_run_no_list_json,year,month,hour,day,is_weekend,hour_bin,lat_bin,lng_bin,grid_id,ppl_age_mean,ppl_age_min,ppl_age_max,prim_contributory_cause_group,ksi_flag
STRAIGHT AND LEVEL,1125,2025-10-10 15:10:00,6,15,10,C6408CF987B4513462EAA6817F061586670E10EB14367B349D7C5065BD98F4C94FDE6E68D88066F6CF7C5AC04065DE4D9D5C3D028882A5D5DCA858E68311B6D0,NO INJURY / DRIVE AWAY,"OVER $1,500",NO CONTROLS,SIDESWIPE SAME DIRECTION,41.8803005836,UNKNOWN,-87.6865597955,2,30,UNABLE TO DETERMINE,UNKNOWN,UNKNOWN,UNABLE TO DETERMINE,S,50,TRAFFIC SIGNAL,NOT DIVIDED,CLEAR,0.0,0.0,1.0,0.0,0.0,1.0,1,2,[],[],[],"[""2025-10-10T15:10:00.000""]","[""2169007"", ""2169008""]","[""REAR-RIGHT-CORNER"", ""SIDE-LEFT""]","[""IL""]","[""CHEVROLET"", ""SUBARU""]","[""CHANGING LANES"", ""SLOW/STOP IN TRAFFIC""]","[""EXPRESS"", ""FORESTER""]","[""1""]","[""S""]","[""1"", ""2""]","[""DRIVER""]","[""UNKNOWN""]","[""2067595"", ""2067603""]","[""SPORT UTILITY VEHICLE (SUV)"", ""TRUCK - SINGLE UNIT""]","[""PERSONAL""]","[""2004"", ""2018""]",[],"[""Y""]",[],[],[],[],"[""Y""]",[],[],[],[],[],[],"[""Y""]","[""Y""]",[],"['41', '60']","[""DEPLOYMENT UNKNOWN""]","[""TEST NOT OFFERED""]","[""CHICAGO"", ""ROLLING MEADOWS""]","[""2025-10-10T15:10:00.000""]","[""UNKNOWN""]","[""UNKNOWN""]","[""D""]","[""IL""]","[""NONE""]",[],"[""O2169007"", ""O2169008""]","[""DRIVER""]","[""UNKNOWN""]","[""USAGE UNKNOWN""]","[""F"", ""M""]","[""IL""]","[""2067595"", ""2067603""]","[""60633""]",[],[],[],[],[],[],2025,10,15,10,False,afternoon,41.88,-87.69,41.88_-87.69,50.5,41,60,OTHER,0
STRAIGHT AND LEVEL,1524,2025-10-10 15:10:00,6,15,10,05937B35AF7B7BA5B077C0BA87BF09339A0BE76D46FE363979ED3FE40CD5408A2A3F3028B534B761A02B4F771CBB763686C59C337BAF3C32C31930A4B2105FCA,NO INJURY / DRIVE AWAY,"OVER $1,500",FUNCTIONING PROPERLY,ANGLE,41.8950231464,DAYLIGHT,-87.7557497823,2,30,IMPROPER OVERTAKING/PASSING,UNKNOWN,DRY,IMPROPER OVERTAKING/PASSING,N,800,TRAFFIC SIGNAL,NOT DIVIDED,CLOUDY/OVERCAST,0.0,1.0,1.0,0.0,0.0,1.0,1,2,[],[],[],"[""2025-10-10T15:10:00.000""]","[""2167486"", ""2167487""]","[""REAR-LEFT-CORNER"", ""UNKNOWN""]","[""IL""]","[""AUDI"", ""BUICK""]","[""CHANGING LANES"", ""SLOW/STOP IN TRAFFIC""]","[""Q5"", ""VERANO""]","[""1"", ""2""]","[""S"", ""SE""]","[""1"", ""2""]","[""DRIVER""]","[""UNKNOWN""]","[""2066133"", ""2066140""]","[""PASSENGER""]","[""PERSONAL""]","[""2015""]",[],[],[],[],[],"[""Y""]","[""Y""]",[],[],[],"[""1""]",[],[],[],[],[],"['40', '57']","[""DEPLOYMENT UNKNOWN"", ""DID NOT DEPLOY""]","[""TEST NOT OFFERED""]","[""CHICAGO""]","[""2025-10-10T15:10:00.000""]","[""IMPROPER PASSING"", ""UNKNOWN""]","[""UNKNOWN""]","[""D""]","[""IL""]","[""NONE""]",[],"[""O2167486"", ""O2167487"", ""P478240""]","[""DRIVER"", ""PASSENGER""]","[""UNKNOWN""]","[""USAGE UNKNOWN""]","[""F"", ""M""]","[""IL""]","[""2066133"", ""2066140""]","[""60644"", ""60655""]",[],"[""3""]",[],[],[],[],2025,10,15,10,False,afternoon,41.9,-87.76,41.9_-87.76,48.5,40,57,OTHER,0
STRAIGHT AND LEVEL,122,2025-10-10 15:00:00,6,15,10,080A3AA55D648DB5BED2EDF2D2902D22EDDB541AF2BBD8B49B87DA8B283AD8A9FE3B8DBE6DB6B2496BAF8F5F0A1B094C31ABCEEBC4EB5E74ED94D2B8CA743E2E,INJURY AND / OR TOW DUE TO CRASH,"OVER $1,500",FUNCTIONING PROPERLY,PEDESTRIAN,41.88331838,DAYLIGHT,-87.6335146001,2,25,IMPROPER OVERTAKING/PASSING,UNKNOWN,UNKNOWN,FAILING TO REDUCE SPEED TO AVOID CRASH,W,188,TRAFFIC SIGNAL,ONE-WAY,CLEAR,0.0,1.0,0.0,0.0,0.0,1.0,2,1,[],[],[],"[""2025-10-10T15:00:00.000""]","[""2167655"", ""2167656""]","[""UNKNOWN""]","[""IL""]","[""FORD""]","[""PASSING/OVERTAKING""]","[""OTHER (EXPLAIN IN NARRATIVE)""]","[""1""]","[""S""]","[""1"", ""2""]","[""DRIVER"", ""PEDESTRIAN""]","[""UNKNOWN""]","[""2066304""]","[""PASSENGER""]","[""UNKNOWN/NA""]","[""2025""]",[],[],[],[],[],[],"[""Y""]",[],[],[],[],[],[],[],[],[],['24'],"[""DEPLOYMENT UNKNOWN""]","[""TEST NOT OFFERED""]","[""CHICAGO"", ""UNK""]","[""2025-10-10T15:00:00.000""]","[""DISREGARDED CONTROL DEVICES"", ""IMPROPER PASSING""]","[""UNKNOWN""]",[],"[""XX""]","[""NONE""]","[""NORTHWESTERN HOSPITAL"", ""UNK""]","[""O2167655"", ""O2167656""]","[""DRIVER"", ""PEDESTRIAN""]","[""NORMAL"", ""UNKNOWN""]","[""SAFETY BELT NOT USED"", ""USAGE UNKNOWN""]","[""M"", ""X""]","[""IL"", ""XX""]","[""2066304""]",[],"[""11""]",[],"[""CROSSING - AGAINST SIGNAL""]","[""IN CROSSWALK""]","[""NO CONTRASTING CLOTHING""]",[],2025,10,15,10,False,afternoon,41.88,-87.63,41.88_-87.63,24.0,24,24,OTHER,1
STRAIGHT AND LEVEL,1215,2025-10-10 15:00:00,6,15,10,02B3A2181DD1D4B8B3EA48689CAFF9A30756FC64A623D74814A95294533847A5CCE030CA23CB559FA2ECB33A588EBA077BC2A987A139737504309FB7571F5F89,INJURY AND / OR TOW DUE TO CRASH,"$501 - $1,500",NO CONTROLS,TURNING,41.8910872302,DAYLIGHT,-87.6670614415,3,30,UNABLE TO DETERMINE,UNKNOWN,DRY,UNABLE TO DETERMINE,W,1598,NO CONTROLS,NOT DIVIDED,CLEAR,0.0,0.0,0.0,0.0,0.0,1.0,2,3,[],[],"[""Y""]","[""2025-10-10T15:00:00.000""]","[""2167692"", ""2167693"", ""2167694""]","[""FRONT"", ""SIDE-LEFT""]","[""IL""]","[""DODGE"", ""FORD"", ""VOLKSWAGEN""]","[""STRAIGHT AHEAD"", ""TURNING LEFT""]","[""FUSION"", ""JETTA"", ""OTHER (EXPLAIN IN NARRATIVE)""]","[""0"", ""1"", ""2""]","[""E"", ""S"", ""W""]","[""1"", ""2"", ""3""]","[""DRIVER"", ""PARKED""]","[""UNKNOWN""]","[""2066348"", ""2066353"", ""2066359""]","[""PASSENGER"", ""PICKUP""]","[""PERSONAL""]","[""2013"", ""2017"", ""2020""]",[],[],[],"[""avondale collision"", ""limitless towing and recovery"", ""private""]","[""Y""]",[],[],"[""Y""]",[],[],"[""1""]",[],[],[],[],"[""unk""]","['18', '26', '30']","[""DEPLOYED, COMBINATION"", ""DEPLOYMENT UNKNOWN""]","[""TEST NOT OFFERED""]","[""CHICAGO""]","[""2025-10-10T15:00:00.000""]","[""UNKNOWN""]","[""UNKNOWN""]","[""D""]","[""IL""]","[""NONE""]","[""REFUSED"", ""ST.MARY'S""]","[""O2167692"", ""O2167693"", ""P478290""]","[""DRIVER"", ""PASSENGER""]","[""NORMAL""]","[""USAGE UNKNOWN""]","[""F"", ""M""]","[""IL""]","[""2066348"", ""2066353""]","[""60624"", ""60626"", ""60640""]","[""DNA""]","[""3""]",[],[],[],[],2025,10,15,10,False,afternoon,41.89,-87.67,41.89_-87.67,24.666666666666668,18,30,OTHER,1
STRAIGHT AND LEVEL,511,2025-10-10 15:00:00,6,15,10,10A6C6D4D34782B0151217E73413520DDE3908A2BE975B140043CC277AB4F03125DD4849DBFA03070DFB23FCA8A530D9E344F3B7057D0B6CDD2BDC85A2D44F35,NO INJURY / DRIVE AWAY,"OVER $1,500",NO CONTROLS,TURNING,41.7106577657,DAYLIGHT,-87.6285506561,2,25,FAILING TO YIELD RIGHT-OF-WAY,NO DEFECTS,DRY,UNABLE TO DETERMINE,S,10100,STOP SIGN/FLASHER,NOT DIVIDED,CLEAR,0.0,0.0,1.0,0.0,0.0,1.0,1,1,[],[],"[""Y""]","[""2025-10-10T15:00:00.000""]","[""2167523"", ""2167524""]","[""FRONT"", ""SIDE-LEFT-REAR""]","[""IL""]","[""MASERATI"", ""TOYOTA""]","[""STRAIGHT AHEAD"", ""TURNING LEFT""]","[""CAMRY"", ""OTHER (EXPLAIN IN NARRATIVE)""]","[""1""]","[""S"", ""W""]","[""1"", ""2""]","[""DRIVER""]","[""NONE""]","[""2069194"", ""2069201""]","[""PASSENGER""]","[""PERSONAL""]","[""2014"", ""2022""]",[],[],[],[],[],[],[],[],[],[],[],"[""Y""]",[],[],[],[],['65'],"[""DID NOT DEPLOY""]","[""TEST NOT OFFERED""]","[""GENOA"", ""OAK LAWN""]","[""2025-10-10T15:00:00.000""]","[""FAILED TO YIELD""]","[""NOT OBSCURED""]","[""D""]","[""IL""]","[""NONE""]",[],"[""O2167523"", ""O2167524""]","[""DRIVER""]","[""NORMAL""]","[""SAFETY BELT USED""]","[""F"", ""M""]","[""IL""]","[""2069194"", ""2069201""]","[""60135"", ""60453""]",[],[],[],[],[],[],2025,10,15,10,False,afternoon,41.71,-87.63,41.71_-87.63,65.0,65,65,FAILURE-TO-YIELD,0
STRAIGHT AND LEVEL,114,2025-10-10 15:00:00,6,15,10,93C9F295A33348350D520A56E8816F97AE5264D3988386AFCE77ACA13CFF62BCD06E27A2CBA4DF194EE70821E4360F39C542397358EEA27DD7AB322E0B7C58F0,INJURY AND / OR TOW DUE TO CRASH,"OVER $1,500",NO CONTROLS,FIXED OBJECT,41.8841674809,DAYLIGHT,-87.6223552354,1,40,NOT APPLICABLE,NO DEFECTS,DRY,NOT APPLICABLE,E,161,NO CONTROLS,NOT DIVIDED,CLEAR,0.0,0.0,0.0,0.0,0.0,1.0,1,1,[],[],[],"[""2025-10-10T15:00:00.000""]","[""2167736""]","[""UNDER CARRIAGE""]","[""IL""]","[""HONDA""]","[""STRAIGHT AHEAD""]","[""CR-V""]","[""1""]","[""W""]","[""1""]","[""DRIVER""]","[""NONE""]","[""2066373""]","[""PASSENGER""]","[""PERSONAL""]","[""2012""]",[],[],[],"[""INSURANCE""]","[""Y""]",[],[],[],[],[],[],[],[],[],[],"[""AUTO SHOP""]",['39'],"[""NOT APPLICABLE""]","[""TEST NOT OFFERED""]","[""DES PLAINES""]","[""2025-10-10T15:00:00.000""]","[""NONE""]","[""NOT OBSCURED""]",[],"[""IL""]","[""NONE""]",[],"[""O2167736""]","[""DRIVER""]","[""NORMAL""]","[""USAGE UNKNOWN""]","[""M""]","[""IL""]","[""2066373""]","[""60016""]",[],[],[],[],[],[],2025,10,15,10,False,afternoon,41.88,-87.62,41.88_-87.62,39.0,39,39,OTHER,0
STRAIGHT AND LEVEL,2525,2025-10-10 14:57:00,6,14,10,D3285F77388A26EF583A0A76E1DE752D2446D14D060FC700E13566B9419C26E69686C4EAC2B832876B234644CCC71B8CE02CE4956F89EBC2DE2F557D099E637D,INJURY AND / OR TOW DUE TO CRASH,"OVER $1,500",NO CONTROLS,PARKED MOTOR VEHICLE,41.9202052733,DAYLIGHT,-87.7280187105,2,30,FAILING TO REDUCE SPEED TO AVOID CRASH,NO DEFECTS,DRY,NOT APPLICABLE,N,2140,NO CONTROLS,ONE-WAY,CLEAR,0.0,0.0,0.0,0.0,0.0,1.0,2,1,[],"[""Y""]","[""Y""]","[""2025-10-10T14:57:00.000""]","[""2167640"", ""2167641""]","[""FRONT-LEFT-CORNER"", ""SIDE-RIGHT""]","[""IL""]","[""ACURA"", ""DODGE""]","[""PARKED"", ""STRAIGHT AHEAD""]","[""JOURNEY"", ""ZDX""]","[""0"", ""1""]","[""S""]","[""1"", ""2""]","[""DRIVER"", ""PARKED""]","[""NONE""]","[""2066277"", ""2066286""]","[""PASSENGER""]","[""PERSONAL""]","[""2007"", ""2014""]","[""Y""]","[""Y""]","[""Y""]","[""CITY OF CHICAGO""]","[""Y""]",[],[],[],"[""Y""]",[],[],[],[],[],[],"[""IMPOUND 6""]",['40'],"[""DID NOT DEPLOY""]","[""TEST NOT OFFERED""]","[""CHICAGO""]","[""2025-10-10T14:57:00.000""]","[""FAILED TO YIELD""]","[""NOT OBSCURED""]","[""D""]","[""IL""]","[""NONE""]","[""HUMBOLDT PARK HEALTH""]","[""O2167640""]","[""DRIVER""]","[""REMOVED BY EMS""]","[""USAGE UNKNOWN""]","[""F""]","[""IL""]","[""2066277""]","[""60639""]","[""CFD AMB 3""]",[],[],[],[],[],2025,10,14,10,False,afternoon,41.92,-87.73,41.92_-87.73,40.0,40,40,SPEEDING,1
STRAIGHT AND LEVEL,711,2025-10-10 14:57:00,6,14,10,0D5E3AD2CB710E758B20EC91955D9AE5034D64D44456E110FF4DC4A9404478795CDD7130EF275337A9F18B3467F9F2A8441F9788C924F9E23F342FE9AC1C49FD,NO INJURY / DRIVE AWAY,"OVER $1,500",FUNCTIONING PROPERLY,ANGLE,41.7871751726,DAYLIGHT,-87.6320955367,2,30,FAILING TO YIELD RIGHT-OF-WAY,NO DEFECTS,DRY,"VISION OBSCURED (SIGNS, TREE LIMBS, BUILDINGS, ETC.)",S,5900,TRAFFIC SIGNAL,FOUR WAY,CLOUDY/OVERCAST,0.0,0.0,1.0,0.0,0.0,1.0,1,2,"[""Y""]",[],[],"[""2025-10-10T14:57:00.000""]","[""2167457"", ""2167458""]","[""FRONT-RIGHT-CORNER"", ""SIDE-LEFT""]","[""IL""]","[""HYUNDAI"", ""NISSAN""]","[""STRAIGHT AHEAD""]","[""ELANTRA"", ""ROGUE""]","[""1""]","[""S"", ""W""]","[""1"", ""2""]","[""DRIVER""]","[""NONE""]","[""2066110"", ""2066111""]","[""PASSENGER"", ""SPORT UTILITY VEHICLE (SUV)""]","[""PERSONAL""]","[""2022"", ""2025""]",[],[],[],[],[],[],[],[],[],[],[],"[""Y""]",[],[],[],[],"['35', '63']","[""DID NOT DEPLOY""]","[""TEST NOT OFFERED""]","[""CHICAGO"", ""CHICAGO HEIGHTS""]","[""2025-10-10T14:57:00.000""]","[""NONE"", ""OTHER""]","[""MOVING VEHICLES""]","[""D""]","[""IL""]","[""NONE""]",[],"[""O2167457"", ""O2167458""]","[""DRIVER""]","[""NORMAL""]","[""SAFETY BELT USED""]","[""F"", ""M""]","[""IL""]","[""2066110"", ""2066111""]","[""60411"", ""60636""]",[],[],[],[],[],[],2025,10,14,10,False,afternoon,41.79,-87.63,41.79_-87.63,49.0,35,63,FAILURE-TO-YIELD,0
STRAIGHT AND LEVEL,1921,2025-10-10 14:56:00,6,14,10,1EBE20C2D9255C0B8C7FCDBDC0F278E90EAE5D07A6904A5EB0BD4588D12FC2CC4B07E4A7463DAFD85E093A4E9A60D16F47F1FB8C506F078E81F8C530F476935E,INJURY AND / OR TOW DUE TO CRASH,"OVER $1,500",FUNCTIONING PROPERLY,TURNING,41.9407286933,DAYLIGHT,-87.6878034747,2,30,UNABLE TO DETERMINE,NO DEFECTS,DRY,NOT APPLICABLE,N,3243,TRAFFIC SIGNAL,DIVIDED - W/MEDIAN (NOT RAISED),CLEAR,0.0,0.0,0.0,0.0,0.0,1.0,1,3,[],"[""Y""]","[""Y""]","[""2025-10-10T14:56:00.000""]","[""2167481"", ""2167482""]","[""FRONT"", ""TOTAL (ALL AREAS)""]","[""IL""]","[""HONDA"", ""LEXUS""]","[""STRAIGHT AHEAD"", ""U-TURN""]","[""CR-V"", ""OTHER (EXPLAIN IN NARRATIVE)""]","[""1"", ""2""]","[""N"", ""S""]","[""1"", ""2""]","[""DRIVER""]","[""UNKNOWN""]","[""2066196"", ""2066206""]","[""PASSENGER""]","[""PERSONAL""]","[""2008"", ""2019""]","[""Y""]","[""Y""]",[],[],"[""Y""]",[],[],[],[],[],"[""1""]",[],[],[],[],[],"['32', '35', '69']","[""DEPLOYED, FRONT"", ""DEPLOYED, SIDE""]","[""TEST NOT OFFERED""]","[""BERWYN"", ""CHICAGO""]","[""2025-10-10T14:56:00.000""]","[""OTHER"", ""UNKNOWN""]","[""UNKNOWN""]","[""D""]","[""IL""]","[""NONE""]","[""ILLINOIS MASONIC""]","[""O2167481"", ""O2167482"", ""P478253""]","[""DRIVER"", ""PASSENGER""]","[""NORMAL""]","[""SAFETY BELT USED""]","[""F"", ""M""]","[""IL""]","[""2066196"", ""2066206""]","[""60402"", ""60618"", ""60647""]","[""CFD""]","[""3""]",[],[],[],"[""48""]",2025,10,14,10,False,afternoon,41.94,-87.69,41.94_-87.69,45.333333333333336,32,69,OTHER,1
STRAIGHT AND LEVEL,1634,2025-10-10 14:50:00,6,14,10,76F2227FD0EC03260B08BDE090D2DDA96E6D679D37461D1E81EC7A69615D3AC825C765E3A4F8A3E34BD21A3EAEB1AA0976A8372594FAFB7BE509F56B09AAB45C,NO INJURY / DRIVE AWAY,"OVER $1,500",NO CONTROLS,ANGLE,41.9466468315,DAYLIGHT,-87.7595461293,2,30,FAILING TO YIELD RIGHT-OF-WAY,UNKNOWN,UNKNOWN,UNABLE TO DETERMINE,N,3620,NO CONTROLS,ONE-WAY,CLOUDY/OVERCAST,0.0,0.0,0.0,0.0,0.0,1.0,1,1,[],[],"[""Y""]","[""2025-10-10T14:50:00.000""]","[""2167566"", ""2167567""]","[""FRONT"", ""FRONT-LEFT-CORNER""]","[""IL""]","[""ACURA"", ""CHEVROLET""]","[""ENTER FROM DRIVE/ALLEY"", ""PASSING/OVERTAKING""]","[""ADX"", ""MALIBU""]","[""1""]","[""E"", ""N""]","[""1"", ""2""]","[""DRIVER""]","[""NONE"", ""UNKNOWN""]","[""2066201"", ""2066208""]","[""PASSENGER"", ""SPORT UTILITY VEHICLE (SUV)""]","[""UNKNOWN/NA""]","[""2011"", ""2012""]",[],[],"[""Y""]",[],[],[],"[""Y""]",[],"[""Y""]",[],[],[],[],[],[],[],['18'],"[""DEPLOYMENT UNKNOWN""]","[""TEST NOT OFFERED""]","[""CHGO""]","[""2025-10-10T14:50:00.000""]","[""NONE"", ""UNKNOWN""]","[""NOT OBSCURED"", ""UNKNOWN""]","[""D""]","[""IL""]","[""NONE""]",[],"[""O2167566"", ""O2167567""]","[""DRIVER""]","[""NORMAL"", ""UNKNOWN""]","[""USAGE UNKNOWN""]","[""F""]","[""IL""]","[""2066201"", ""2066208""]","[""60634""]",[],[],[],[],[],[],2025,10,14,10,False,afternoon,41.95,-87.76,41.95_-87.76,18.0,18,18,FAILURE-TO-YIELD,0
STRAIGHT AND LEVEL,322,2025-10-10 14:48:00,6,14,10,1A5EFCBE6934887C7B53AA47F5A429F56CEFA20BF2672331C11F0AD1B78A9976D83BE46CABF48F93DC4CCD337EE60FB566B93174428A8A6D956836DBE358494D,INJURY AND / OR TOW DUE TO CRASH,"OVER $1,500",FUNCTIONING PROPERLY,TURNING,41.7707732158,DAYLIGHT,-87.6126324764,2,30,DRIVING SKILLS/KNOWLEDGE/EXPERIENCE,NO DEFECTS,DRY,NOT APPLICABLE,S,6800,TRAFFIC SIGNAL,NOT DIVIDED,CLEAR,0.0,0.0,0.0,0.0,0.0,1.0,1,3,[],[],"[""Y""]","[""2025-10-10T14:48:00.000""]","[""2167547"", ""2167548""]","[""FRONT"", ""FRONT-RIGHT-CORNER""]","[""IL"", ""TX""]","[""BUICK"", ""DODGE""]","[""STRAIGHT AHEAD"", ""U-TURN""]","[""JOURNEY"", ""LACROSSE""]","[""1"", ""3""]","[""N""]","[""1"", ""2""]","[""DRIVER""]","[""NONE""]","[""2066186"", ""2066361""]","[""PASSENGER""]","[""PERSONAL""]","[""2012"", ""2013""]",[],[],[],"[""PRIVATE TOW""]","[""Y""]",[],[],[],[],[],"[""2""]",[],[],[],[],[],"['14', '17', '40']","[""NOT APPLICABLE""]","[""TEST NOT OFFERED""]","[""CHICAGO""]","[""2025-10-10T14:48:00.000""]","[""NONE"", ""OTHER""]","[""NOT OBSCURED""]",[],"[""IL""]","[""NONE""]","[""ST.BENARD""]","[""O2167547"", ""O2167548"", ""P478291"", ""P478292""]","[""DRIVER"", ""PASSENGER""]","[""NORMAL""]","[""NONE PRESENT"", ""SAFETY BELT USED""]","[""M""]","[""IL""]","[""2066186"", ""2066361""]","[""60619"", ""60643""]","[""AMBULANCE""]","[""12"", ""6""]",[],[],[],[],2025,10,14,10,False,afternoon,41.77,-87.61,41.77_-87.61,23.666666666666668,14,40,OTHER,0
STRAIGHT AND LEVEL,1933,2025-10-10 14:45:00,6,14,10,CF95972B5B7231EA51EBC6719E35A8DA5B0C3A2723530606869983407F6788495D02650C1DC89872138FB2E271AE4D717F05E571E7C325714369AF2B6EC4DDEF,INJURY AND / OR TOW DUE TO CRASH,"$501 - $1,500",FUNCTIONING PROPERLY,ANGLE,41.9327877001,DAYLIGHT,-87.6515018524,2,30,FAILING TO YIELD RIGHT-OF-WAY,NO DEFECTS,DRY,DRIVING SKILLS/KNOWLEDGE/EXPERIENCE,W,900,STOP SIGN/FLASHER,DIVIDED - W/MEDIAN (NOT RAISED),CLOUDY/OVERCAST,0.0,0.0,1.0,0.0,0.0,1.0,1,2,[],[],"[""Y""]","[""2025-10-10T14:45:00.000""]","[""2167478"", ""2167479""]","[""FRONT"", ""FRONT-LEFT-CORNER""]","[""IL""]","[""HONDA"", ""NISSAN""]","[""STRAIGHT AHEAD""]","[""CIVIC"", ""KICKS""]","[""1""]","[""E"", ""S""]","[""1"", ""2""]","[""DRIVER""]","[""NONE""]","[""2066126"", ""2066130""]","[""PASSENGER"", ""SPORT UTILITY VEHICLE (SUV)""]","[""PERSONAL""]","[""2022"", ""2025""]",[],[],"[""Y""]",[],[],[],[],[],"[""Y""]",[],[],[],"[""Y""]",[],[],[],"['24', '49']","[""NOT APPLICABLE""]","[""TEST NOT OFFERED""]","[""CHICAGO"", ""LEMONT""]","[""2025-10-10T14:45:00.000""]","[""FAILED TO YIELD"", ""NONE""]","[""NOT OBSCURED"", ""UNKNOWN""]","[""D""]","[""II"", ""IL""]","[""NONE""]",[],"[""O2167478"", ""O2167479""]","[""DRIVER""]","[""NORMAL"", ""UNKNOWN""]","[""NONE PRESENT"", ""USAGE UNKNOWN""]","[""M""]","[""IL""]","[""2066126"", ""2066130""]","[""60439"", ""60659""]",[],[],[],[],[],[],2025,10,14,10,False,afternoon,41.93,-87.65,41.93_-87.65,36.5,24,49,FAILURE-TO-YIELD,1
STRAIGHT AND LEVEL,1834,2025-10-10 14:43:00,6,14,10,08FD9C49EC0809D9DF11B7E174E247910DB0DD6578B6D135ACBA18F86750DD73C0D94ABFAB22C0C7055238165DF23856D4E82E4CD9FC113451700AEDC96A65A7,INJURY AND / OR TOW DUE TO CRASH,"OVER $1,500",FUNCTIONING PROPERLY,SIDESWIPE SAME DIRECTION,41.894172335,DAYLIGHT,-87.6154836211,2,30,FAILING TO YIELD RIGHT-OF-WAY,UNKNOWN,DRY,DRIVING SKILLS/KNOWLEDGE/EXPERIENCE,E,499,TRAFFIC SIGNAL,T-INTERSECTION,CLEAR,0.0,0.0,1.0,0.0,0.0,1.0,1,2,[],"[""Y""]",[],"[""2025-10-10T14:43:00.000""]","[""2167570"", ""2167571""]","[""FRONT-LEFT-CORNER"", ""SIDE-RIGHT-FRONT""]","[""IL""]","[""SUBARU"", ""TESLA""]","[""ENTERING TRAFFIC LANE FROM PARKING"", ""STRAIGHT AHEAD""]","[""FORESTER"", ""MODEL Y""]","[""1"", ""2""]","[""E""]","[""1"", ""2""]","[""DRIVER""]","[""UNKNOWN""]","[""2066213"", ""2066219""]","[""PASSENGER"", ""SPORT UTILITY VEHICLE (SUV)""]","[""PERSONAL""]","[""2015"", ""2022""]","[""Y""]",[],"[""Y""]","[""PRIVATE TOW""]","[""Y""]",[],[],[],"[""Y""]",[],"[""1""]",[],[],[],[],"[""UNKNOWN""]","['34', '59']","[""DID NOT DEPLOY""]","[""TEST NOT OFFERED""]","[""HOFFMAN ESTATES"", ""MORTON GROVE""]","[""2025-10-10T14:43:00.000""]","[""FAILED TO YIELD"", ""NONE""]","[""UNKNOWN""]","[""D""]","[""IL""]","[""NONE""]",[],"[""O2167570"", ""O2167571"", ""P478254""]","[""DRIVER"", ""PASSENGER""]","[""NORMAL""]","[""SAFETY BELT USED""]","[""F"", ""M""]","[""IL""]","[""2066213"", ""2066219""]","[""60053"", ""60169""]",[],"[""3""]",[],[],[],[],2025,10,14,10,False,afternoon,41.89,-87.62,41.89_-87.62,46.5,34,59,FAILURE-TO-YIELD,0