alignment,beat_of_occurrence,crash_date,crash_day_of_week,crash_hour,crash_month,crash_record_id,crash_type,damage,device_condition,first_crash_type,latitude,lighting_condition,longitude,num_units,posted_speed_limit,prim_contributory_cause,road_defect,roadway_surface_cond,sec_contributory_cause,street_direction,street_no,traffic_control_device,trafficway_type,weather_condition,private_property_i,hit_and_run_i,intersection_related_i,crash_date_est_i,work_zone_i,workers_present_i,veh_count,ppl_count,veh_area_01_i_list_json,veh_area_02_i_list_json,veh_area_12_i_list_json,veh_crash_date_list_json,veh_crash_unit_id_list_json,veh_first_contact_point_list_json,veh_lic_plate_state_list_json,veh_make_list_json,veh_maneuver_list_json,veh_model_list_json,veh_occupant_cnt_list_json,veh_travel_direction_list_json,veh_unit_no_list_json,veh_unit_type_list_json,veh_vehicle_defect_list_json,veh_vehicle_id_list_json,veh_vehicle_type_list_json,veh_vehicle_use_list_json,veh_vehicle_year_list_json,veh_area_03_i_list_json,veh_area_04_i_list_json,veh_area_11_i_list_json,veh_towed_by_list_json,veh_towed_i_list_json,veh_area_07_i_list_json,veh_area_99_i_list_json,veh_area_09_i_list_json,veh_area_10_i_list_json,veh_cmrc_veh_i_list_json,veh_num_passengers_list_json,veh_area_08_i_list_json,veh_area_00_i_list_json,veh_area_05_i_list_json,veh_area_06_i_list_json,veh_towed_to_list_json,ppl_age_list_json,ppl_airbag_deployed_list_json,ppl_bac_result_list_json,ppl_city_list_json,ppl_crash_date_list_json,ppl_driver_action_list_json,ppl_driver_vision_list_json,ppl_drivers_license_class_list_json,ppl_drivers_license_state_list_json,ppl_ejection_list_json,ppl_hospital_list_json,ppl_person_id_list_json,ppl_person_type_list_json,ppl_physical_condition_list_json,ppl_safety_equipment_list_json,ppl_sex_list_json,ppl_state_list_json,ppl_vehicle_id_list_json,ppl_zipcode_list_json,ppl_ems_agency_list_json,ppl_seat_no_list_json,ppl_pedpedal_action_list_json,ppl_pedpedal_location_list_json,ppl_pedpedal_visibility_list_json,ppl_ems_run_no_list_json,year,month,hour,day,is_weekend,hour_bin,lat_bin,lng_bin,grid_id,ppl_age_mean,ppl_age_min,ppl_age_max,prim_contributory_cause_group,ksi_flag
STRAIGHT AND LEVEL,611,2025-10-10 14:39:00,6,14,10,FF6094B6A76598BFD7B486F94FF91CBEA108D0008FE4F9949548A5E5DBF4A82E7E33E0C2E261FC8455451F8B0ACD24995E7D8DAAFCCF781B4B30EB47B44F5230,NO INJURY / DRIVE AWAY,"$501 - $1,500",OTHER,REAR END,41.7503084689,UNKNOWN,-87.6756435932,2,30,UNABLE TO DETERMINE,UNKNOWN,UNKNOWN,NOT APPLICABLE,W,2100,STOP SIGN/FLASHER,NOT DIVIDED,CLEAR,0.0,0.0,0.0,0.0,0.0,1.0,1,4,[],[],"[""Y""]","[""2025-10-10T14:39:00.000""]","[""2169262"", ""2169263""]","[""FRONT"", ""REAR""]","[""AR"", ""IL""]","[""AUDI"", ""CHEVROLET""]","[""STRAIGHT AHEAD""]","[""MALIBU"", ""Q7""]","[""1"", ""3""]","[""E""]","[""1"", ""2""]","[""DRIVER""]","[""NONE"", ""UNKNOWN""]","[""2067795"", ""2067796""]","[""PASSENGER""]","[""PERSONAL""]","[""2018"", ""2024""]",[],[],[],[],[],[],[],[],[],[],"[""2""]",[],[],[],"[""Y""]",[],"['43', '45', '49', '52']","[""DEPLOYMENT UNKNOWN"", ""DID NOT DEPLOY""]","[""TEST NOT OFFERED""]","[""CHICAGO""]","[""2025-10-10T14:39:00.000""]","[""UNKNOWN""]","[""UNKNOWN""]","[""D""]","[""IL""]","[""NONE""]",[],"[""O2169262"", ""O2169263"", ""P478624"", ""P478626""]","[""DRIVER"", ""PASSENGER""]","[""UNKNOWN""]","[""USAGE UNKNOWN""]","[""F"", ""M""]","[""IL""]","[""2067795"", ""2067796""]","[""60608"", ""60620""]",[],"[""3"", ""4""]",[],[],[],[],2025,10,14,10,False,afternoon,41.75,-87.68,41.75_-87.68,47.25,43,52,OTHER,0
STRAIGHT AND LEVEL,1423,2025-10-10 14:35:00,6,14,10,702719EF5DF74BD7CCF946F3C922EBF3AE04EFC7E904484D28FD9A46E2A9844DADCA817E00A7E7F4CB52E9EF6EB3E709678D72565061B3C6A6AE4BF14D908CDC,NO INJURY / DRIVE AWAY,"OVER $1,500",NO CONTROLS,ANGLE,41.9101322404,DAYLIGHT,-87.6946003939,2,30,FAILING TO YIELD RIGHT-OF-WAY,NO DEFECTS,DRY,NOT APPLICABLE,W,2701,NO CONTROLS,NOT DIVIDED,CLEAR,0.0,0.0,1.0,0.0,0.0,1.0,1,2,"[""Y""]","[""Y""]","[""Y""]","[""2025-10-10T14:35:00.000""]","[""2171123"", ""2171124""]","[""FRONT-RIGHT-CORNER""]","[""IL""]","[""CHEVROLET"", ""HYUNDAI""]","[""STRAIGHT AHEAD""]","[""ACCENT"", ""BLAZER""]","[""1""]","[""E"", ""N""]","[""1"", ""2""]","[""DRIVER""]","[""NONE""]","[""2069600"", ""2069608""]","[""PASSENGER""]","[""PERSONAL""]","[""2016"", ""2019""]",[],[],"[""Y""]",[],[],[],[],[],[],[],[],[],[],[],[],[],"['28', '62']","[""DID NOT DEPLOY""]","[""TEST NOT OFFERED""]","[""CHICAGO""]","[""2025-10-10T14:35:00.000""]","[""NONE""]","[""NOT OBSCURED""]","[""D""]","[""IL""]","[""NONE""]","[""REFUSED""]","[""O2171123"", ""O2171124""]","[""DRIVER""]","[""NORMAL""]","[""SAFETY BELT USED""]","[""F"", ""M""]","[""IL""]","[""2069600"", ""2069608""]","[""60634"", ""60639""]",[],[],[],[],[],[],2025,10,14,10,False,afternoon,41.91,-87.69,41.91_-87.69,45.0,28,62,FAILURE-TO-YIELD,0
STRAIGHT AND LEVEL,123,2025-10-10 14:30:00,6,14,10,8CF6D5068BE37D55CA9E92051652BFC9EAD52814A6A151AB3CE31C6B37D044F83284FE2AB3949BF8D4CBF84CFCF41A0BE942CC6BBC1D81528D0192B353521490,NO INJURY / DRIVE AWAY,"OVER $1,500",NO CONTROLS,PARKED MOTOR VEHICLE,41.8675710154,DAYLIGHT,-87.6305864739,2,30,UNABLE TO DETERMINE,NO DEFECTS,DRY,NOT APPLICABLE,S,1154,NO CONTROLS,NOT DIVIDED,CLEAR,0.0,1.0,0.0,0.0,0.0,1.0,2,0,[],[],[],"[""2025-10-10T14:30:00.000""]","[""2167521"", ""2167522""]","[""FRONT-LEFT-CORNER"", ""UNKNOWN""]","[""IL""]","[""HONDA"", ""UNKNOWN""]","[""PARKED"", ""UNKNOWN/NA""]","[""OTHER (EXPLAIN IN NARRATIVE)""]","[""0"", ""1""]","[""UNKNOWN""]","[""1"", ""2""]","[""DRIVER"", ""PARKED""]","[""NONE"", ""UNKNOWN""]","[""2066223"", ""2066237""]","[""PASSENGER"", ""UNKNOWN/NA""]","[""PERSONAL"", ""UNKNOWN/NA""]","[""2022""]",[],[],"[""Y""]",[],[],[],[],[],[],[],[],[],[],[],[],[],[],"[""DEPLOYMENT UNKNOWN""]","[""TEST NOT OFFERED""]",[],"[""2025-10-10T14:30:00.000""]","[""UNKNOWN""]","[""UNKNOWN""]",[],[],"[""NONE""]",[],"[""O2167521""]","[""DRIVER""]","[""UNKNOWN""]","[""USAGE UNKNOWN""]","[""X""]",[],"[""2066223""]",[],[],[],[],[],[],[],2025,10,14,10,False,afternoon,41.87,-87.63,41.87_-87.63,0.0,0,0,OTHER,0
STRAIGHT AND LEVEL,923,2025-10-10 14:30:00,6,14,10,1243832A38C321E9FEDC751EA4AE8D7C080DD86EA1A2662A4A93AB9CBA6DE9121DF2E962011039E1FCF19805F4004B0D2B70A821D7663E2CC01FBC2F22AC6A08,INJURY AND / OR TOW DUE TO CRASH,"OVER $1,500",NO CONTROLS,TURNING,41.8010380868,DAYLIGHT,-87.6842912591,2,30,UNABLE TO DETERMINE,NO DEFECTS,DRY,NOT APPLICABLE,W,2401,NO CONTROLS,NOT DIVIDED,CLEAR,0.0,0.0,0.0,0.0,0.0,1.0,1,2,"[""Y""]","[""Y""]","[""Y""]","[""2025-10-10T14:30:00.000""]","[""2167531"", ""2167532""]","[""FRONT"", ""SIDE-RIGHT""]","[""IL""]","[""DODGE"", ""HONDA""]","[""STRAIGHT AHEAD"", ""TURNING LEFT""]","[""CHARGER"", ""FIT""]","[""1""]","[""E""]","[""1"", ""2""]","[""DRIVER""]","[""NONE""]","[""2066168"", ""2066174""]","[""PASSENGER""]","[""PERSONAL""]","[""2015"", ""2022""]","[""Y""]","[""Y""]","[""Y""]",[],[],[],"[""Y""]",[],[],[],[],[],[],"[""Y""]",[],[],"['23', '26']","[""NOT APPLICABLE""]","[""TEST NOT OFFERED""]","[""CHICAGO""]","[""2025-10-10T14:30:00.000""]","[""OTHER""]","[""NOT OBSCURED""]","[""D""]","[""IL""]","[""NONE""]",[],"[""O2167531"", ""O2167532""]","[""DRIVER""]","[""NORMAL"", ""UNKNOWN""]","[""SAFETY BELT USED"", ""USAGE UNKNOWN""]","[""M""]","[""IL""]","[""2066168"", ""2066174""]","[""60632"", ""60637""]",[],[],[],[],[],[],2025,10,14,10,False,afternoon,41.8,-87.68,41.8_-87.68,24.5,23,26,OTHER,1
STRAIGHT AND LEVEL,912,2025-10-10 14:20:00,6,14,10,B56008B509A1926BC6E6B7BEF29C1FFAC3D78E149A4876A0C8B21D2D55F9DC04917D773CEAE2144C80357442EE6E6F71B73091B7996F46B7DC71376D57A2AC2C,NO INJURY / DRIVE AWAY,"OVER $1,500",NO CONTROLS,REAR END,41.8366832479,DAYLIGHT,-87.6719689657,2,30,FOLLOWING TOO CLOSELY,NO DEFECTS,DRY,NOT APPLICABLE,W,1835,NO CONTROLS,ONE-WAY,CLEAR,0.0,0.0,0.0,0.0,0.0,1.0,1,2,[],[],"[""Y""]","[""2025-10-10T14:20:00.000""]","[""2172336"", ""2172337""]","[""FRONT"", ""REAR""]","[""IL""]","[""FORD"", ""TOYOTA""]","[""SLOW/STOP IN TRAFFIC"", ""STRAIGHT AHEAD""]","[""OTHER (EXPLAIN IN NARRATIVE)"", ""RAV4""]","[""1""]","[""E""]","[""1"", ""2""]","[""DRIVER""]","[""NONE""]","[""2070741"", ""2070745""]","[""PASSENGER""]","[""PERSONAL""]","[""2011"", ""2017""]",[],[],[],[],[],[],[],[],[],[],[],[],[],[],"[""Y""]",[],"['30', '32']","[""DID NOT DEPLOY""]","[""TEST NOT OFFERED""]","[""CHICAGO""]","[""2025-10-10T14:20:00.000""]","[""FOLLOWED TOO CLOSELY"", ""NONE""]","[""NOT OBSCURED""]",[],[],"[""NONE""]",[],"[""O2172336"", ""O2172337""]","[""DRIVER""]","[""NORMAL""]","[""SAFETY BELT USED""]","[""F"", ""M""]","[""IL""]","[""2070741"", ""2070745""]","[""60608"", ""60609""]",[],[],[],[],[],[],2025,10,14,10,False,afternoon,41.84,-87.67,41.84_-87.67,31.0,30,32,FOLLOWING TOO CLOSELY,0
STRAIGHT AND LEVEL,2533,2025-10-10 14:20:00,6,14,10,8469BA42906D1E07275710F93D3B7BD1BBA1CED38CAC6C31B17280B50BF0B66B7A1AC07D3DFED0251D63B685C73E1E826BBE976A28907E828DE6A747F8BB914B,NO INJURY / DRIVE AWAY,"$501 - $1,500",NO CONTROLS,PEDESTRIAN,41.9023975537,DAYLIGHT,-87.7522408107,2,35,DRIVING ON WRONG SIDE/WRONG WAY,UNKNOWN,DRY,UNABLE TO DETERMINE,W,5032,NO CONTROLS,NOT DIVIDED,CLEAR,0.0,0.0,0.0,0.0,0.0,1.0,2,2,[],"[""Y""]",[],"[""2025-10-10T14:20:00.000""]","[""2167446"", ""2167447""]","[""SIDE-RIGHT""]","[""IL""]","[""TOYOTA""]","[""STRAIGHT AHEAD""]","[""CAMRY""]","[""1""]","[""E""]","[""1"", ""2""]","[""DRIVER"", ""PEDESTRIAN""]","[""UNKNOWN""]","[""2066101""]","[""PASSENGER""]","[""PERSONAL""]","[""2014""]","[""Y""]","[""Y""]",[],[],[],[],[],[],[],[],[],[],[],[],[],[],"['24', '26']","[""NOT APPLICABLE""]","[""TEST NOT OFFERED""]","[""CHICAGO""]","[""2025-10-10T14:20:00.000""]","[""UNKNOWN""]","[""UNKNOWN""]",[],"[""IL""]","[""NONE""]","[""N/A"", ""REFUSED/DECLINED TWICE""]","[""O2167446"", ""O2167447""]","[""DRIVER"", ""PEDESTRIAN""]","[""UNKNOWN""]","[""HELMET NOT USED"", ""USAGE UNKNOWN""]","[""F"", ""M""]","[""IL""]","[""2066101""]","[""60625"", ""60644""]","[""N/A""]",[],"[""WITH TRAFFIC""]","[""IN ROADWAY""]","[""NO CONTRASTING CLOTHING""]",[],2025,10,14,10,False,afternoon,41.9,-87.75,41.9_-87.75,25.0,24,26,OTHER,0
STRAIGHT AND LEVEL,711,2025-10-10 14:20:00,6,14,10,318F697FA05D6DF3A9F28282B63366DD25E54F4573E985DE7834B1938CD0308BD832D1E3DD146EADA40F1B3C4C781253AA9AD5BDFFC40C4EECB7F44F498AD707,NO INJURY / DRIVE AWAY,"OVER $1,500",NO CONTROLS,OTHER OBJECT,41.7851249261,DAYLIGHT,-87.6447709606,2,30,FAILING TO YIELD RIGHT-OF-WAY,NO DEFECTS,DRY,DRIVING SKILLS/KNOWLEDGE/EXPERIENCE,S,5965,NO CONTROLS,NOT DIVIDED,CLEAR,0.0,0.0,0.0,0.0,0.0,1.0,2,2,[],[],[],"[""2025-10-10T14:20:00.000""]","[""2169219"", ""2169220""]","[""REAR-RIGHT-CORNER""]","[""IL""]","[""KIA""]","[""STRAIGHT AHEAD""]","[""OPTIMA / K5""]","[""2""]","[""N""]","[""1"", ""2""]","[""DRIVER"", ""NON-MOTOR VEHICLE""]","[""NONE""]","[""2067776""]","[""PASSENGER""]","[""RIDESHARE SERVICE""]","[""2012""]",[],"[""Y""]",[],[],[],[],[],[],[],[],"[""1""]",[],[],"[""Y""]",[],[],"['19', '70']","[""DID NOT DEPLOY"", ""NOT APPLICABLE""]","[""TEST NOT OFFERED""]","[""CHICAGO"", ""SOUTH HOLLAND""]","[""2025-10-10T14:20:00.000""]","[""NONE"", ""TOO FAST FOR CONDITIONS""]","[""NOT OBSCURED""]","[""D""]","[""IL""]","[""NONE""]",[],"[""O2169219"", ""O2169220"", ""P478623""]","[""DRIVER"", ""NON-MOTOR VEHICLE"", ""PASSENGER""]","[""NORMAL""]","[""NONE PRESENT"", ""SAFETY BELT USED""]","[""F"", ""M""]","[""IL""]","[""2067776""]","[""60473"", ""60621"", ""60628""]",[],"[""6""]","[""CROSSING - AGAINST SIGNAL""]","[""IN ROADWAY""]","[""NO CONTRASTING CLOTHING""]",[],2025,10,14,10,False,afternoon,41.79,-87.64,41.79_-87.64,44.5,19,70,FAILURE-TO-YIELD,0
STRAIGHT AND LEVEL,214,2025-10-10 14:17:00,6,14,10,8489CC51E0406B95F9B0948097712D359C92B300A59CE783A52AC274F971D8ABE0F746E828C0D0766051623527D12C19110F4041BB382BC727A769BCB0D83DD0,INJURY AND / OR TOW DUE TO CRASH,"OVER $1,500",NO CONTROLS,FIXED OBJECT,41.8184973596,DAYLIGHT,-87.5966206683,1,45,EQUIPMENT - VEHICLE CONDITION,NO DEFECTS,DRY,EQUIPMENT - VEHICLE CONDITION,S,4200,NO CONTROLS,DIVIDED - W/MEDIAN BARRIER,CLEAR,0.0,0.0,0.0,0.0,0.0,1.0,1,1,"[""Y""]",[],"[""Y""]","[""2025-10-10T14:17:00.000""]","[""2167485""]","[""FRONT""]","[""IL""]","[""NISSAN""]","[""STRAIGHT AHEAD""]","[""LEAF""]","[""1""]","[""S""]","[""1""]","[""DRIVER""]","[""TIRES""]","[""2066153""]","[""PASSENGER""]","[""PERSONAL""]","[""2008""]",[],[],"[""Y""]",[],"[""Y""]","[""Y""]",[],[],[],[],[],[],[],"[""Y""]","[""Y""]",[],['24'],"[""NOT APPLICABLE""]","[""TEST NOT OFFERED""]","[""CHICAGO""]","[""2025-10-10T14:17:00.000""]","[""TOO FAST FOR CONDITIONS""]","[""NOT OBSCURED""]","[""D""]","[""IL""]","[""NONE""]","[""DNA""]","[""O2167485""]","[""DRIVER""]","[""NORMAL""]","[""SAFETY BELT USED""]","[""M""]","[""IL""]","[""2066153""]","[""60617""]","[""DNA""]",[],[],[],[],[],2025,10,14,10,False,afternoon,41.82,-87.6,41.82_-87.6,24.0,24,24,OTHER,0
STRAIGHT AND LEVEL,2524,2025-10-10 14:17:00,6,14,10,A6A83D10C2FABD9E3A5BA6D8AEE2097B4A3C394889962755948D4F538974C12684241817C7F297C67342E3FADB9FBED86AFF796860ACC0EDD2DB70586FCE60B2,NO INJURY / DRIVE AWAY,"OVER $1,500",NO CONTROLS,SIDESWIPE SAME DIRECTION,41.9246953372,DAYLIGHT,-87.7185147397,2,30,FAILING TO YIELD RIGHT-OF-WAY,NO DEFECTS,DRY,DRIVING SKILLS/KNOWLEDGE/EXPERIENCE,W,3636,NO CONTROLS,NOT DIVIDED,CLEAR,0.0,0.0,0.0,0.0,0.0,1.0,1,2,"[""Y""]","[""Y""]","[""Y""]","[""2025-10-10T14:17:00.000""]","[""2167450"", ""2167451""]","[""FRONT-LEFT-CORNER"", ""FRONT-RIGHT-CORNER""]","[""IL""]","[""CHEVROLET"", ""GENERAL MOTORS CORPORATION (GMC)""]","[""ENTERING TRAFFIC LANE FROM PARKING"", ""STRAIGHT AHEAD""]","[""ENVOY"", ""TAHOE""]","[""1"", ""2""]","[""W""]","[""1"", ""2""]","[""DRIVER""]","[""NONE""]","[""2066103"", ""2066105""]","[""SPORT UTILITY VEHICLE (SUV)""]","[""PERSONAL""]","[""2003"", ""2015""]","[""Y""]","[""Y""]","[""Y""]",[],[],[],[],[],"[""Y""]",[],"[""1""]",[],[],[],[],[],"['27', '55']","[""DID NOT DEPLOY""]","[""TEST NOT OFFERED""]","[""CHICAGO""]","[""2025-10-10T14:17:00.000""]","[""FAILED TO YIELD"", ""NONE""]","[""NOT OBSCURED""]","[""D""]","[""IL""]","[""NONE""]",[],"[""O2167450"", ""O2167451"", ""P478235""]","[""DRIVER"", ""PASSENGER""]","[""NORMAL""]","[""SAFETY BELT USED""]","[""M""]","[""IL""]","[""2066103"", ""2066105""]","[""60622"", ""60641""]",[],"[""3""]",[],[],[],[],2025,10,14,10,False,afternoon,41.92,-87.72,41.92_-87.72,41.0,27,55,FAILURE-TO-YIELD,0
STRAIGHT AND LEVEL,1922,2025-10-10 14:13:00,6,14,10,A926859B7CD7C9BBE1990AC7E9C53A2AD9BCDA6FD65F71504E064A43AB5289B4C8EF8EAF37EE02ABE8879BA43BA2E58B3FE995560F4B59C5A0451E2256154365,NO INJURY / DRIVE AWAY,"OVER $1,500",NO CONTROLS,PARKED MOTOR VEHICLE,41.9451524031,DAYLIGHT,-87.6726503545,2,30,UNABLE TO DETERMINE,UNKNOWN,UNKNOWN,UNABLE TO DETERMINE,N,3500,NO CONTROLS,NOT DIVIDED,CLEAR,0.0,1.0,0.0,0.0,0.0,1.0,2,0,[],[],"[""Y""]","[""2025-10-10T14:13:00.000""]","[""2169208"", ""2169209""]","[""FRONT-LEFT-CORNER"", ""UNKNOWN""]","[""IL""]","[""MERCEDES-BENZ"", ""UNKNOWN""]","[""PARKED"", ""UNKNOWN/NA""]","[""GLC"", ""OTHER (EXPLAIN IN NARRATIVE)""]","[""0"", ""1""]","[""UNKNOWN""]","[""1"", ""2""]","[""DRIVER"", ""PARKED""]","[""UNKNOWN""]","[""2067760"", ""2067762""]","[""SPORT UTILITY VEHICLE (SUV)"", ""TRUCK - SINGLE UNIT""]","[""COMMERCIAL - SINGLE UNIT"", ""NOT IN USE""]","[""2022""]",[],[],"[""Y""]",[],[],[],"[""Y""]",[],"[""Y""]",[],[],[],[],[],[],[],[],"[""DEPLOYMENT UNKNOWN""]","[""TEST NOT OFFERED""]",[],"[""2025-10-10T14:13:00.000""]","[""UNKNOWN""]","[""UNKNOWN""]",[],[],"[""UNKNOWN""]",[],"[""O2169208""]","[""DRIVER""]","[""UNKNOWN""]","[""USAGE UNKNOWN""]","[""X""]",[],"[""2067760""]",[],[],[],[],[],[],[],2025,10,14,10,False,afternoon,41.95,-87.67,41.95_-87.67,0.0,0,0,OTHER,0
STRAIGHT AND LEVEL,1423,2025-10-10 14:10:00,6,14,10,689C19BEDEB0232B5482A53227D069B4D5A55322B6611E518D59E6953B39F3878B6ECC60F17ED3B0F901E18B927ECE6D37EB6DD1F6981080774999E3A12EB552,INJURY AND / OR TOW DUE TO CRASH,"OVER $1,500",NO CONTROLS,PEDALCYCLIST,41.9030252441,DAYLIGHT,-87.6980710751,2,30,IMPROPER TURNING/NO SIGNAL,NO DEFECTS,DRY,NOT APPLICABLE,W,2830,NO CONTROLS,FOUR WAY,CLEAR,0.0,1.0,0.0,0.0,0.0,1.0,2,1,[],[],[],"[""2025-10-10T14:10:00.000""]","[""2167476"", ""2167477""]","[""UNKNOWN""]","[""IL""]","[""MITSUBISHI""]","[""TURNING RIGHT""]","[""GALANT""]","[""1""]","[""W""]","[""1"", ""2""]","[""BICYCLE"", ""DRIVER""]","[""UNKNOWN""]","[""2066124""]","[""PASSENGER""]","[""PERSONAL""]","[""2005""]",[],[],[],[],[],[],"[""Y""]",[],[],[],[],[],[],[],[],[],['18'],"[""DEPLOYMENT UNKNOWN""]","[""TEST NOT OFFERED""]","[""CHICAGO""]","[""2025-10-10T14:10:00.000""]","[""FAILED TO YIELD"", ""NONE""]","[""NOT OBSCURED"", ""UNKNOWN""]",[],[],"[""NONE""]","[""HUMBOLDT PARK HEALTH""]","[""O2167476"", ""O2167477""]","[""BICYCLE"", ""DRIVER""]","[""REMOVED BY EMS"", ""UNKNOWN""]","[""HELMET NOT USED"", ""USAGE UNKNOWN""]","[""M""]","[""IL""]","[""2066124""]","[""60651""]","[""CDF""]",[],"[""CROSSING - NO CONTROLS (AT INTERSECTION)""]","[""BIKE LANE""]","[""CONTRASTING CLOTHING""]",[],2025,10,14,10,False,afternoon,41.9,-87.7,41.9_-87.7,18.0,18,18,OTHER,1
STRAIGHT AND LEVEL,923,2025-10-10 14:09:00,6,14,10,C3183963CE3CC333A9F4217EFE2F83079FA28EF48F26FB9D46333DE0F66206A266420F328FA877012ED7669BBB67AEDE0B9B815E229B052E3B8F608FDCC263BF,NO INJURY / DRIVE AWAY,"$501 - $1,500",NO CONTROLS,REAR END,41.795174135,DAYLIGHT,-87.6839261096,2,30,FOLLOWING TOO CLOSELY,NO DEFECTS,DRY,FOLLOWING TOO CLOSELY,S,5401,NO CONTROLS,NOT DIVIDED,CLEAR,0.0,0.0,0.0,0.0,0.0,1.0,1,1,"[""Y""]",[],"[""Y""]","[""2025-10-10T14:09:00.000""]","[""2167529"", ""2167530""]","[""FRONT"", ""REAR""]","[""IL""]","[""FORD"", ""UNKNOWN""]","[""STRAIGHT AHEAD""]","[""MOTORIZED"", ""OTHER (EXPLAIN IN NARRATIVE)""]","[""1"", ""2""]","[""N""]","[""1"", ""2""]","[""DRIVER""]","[""NONE""]","[""2066170"", ""2066178""]","[""OTHER"", ""VAN/MINI-VAN""]","[""OTHER""]","[""2022""]",[],[],"[""Y""]",[],[],"[""Y""]",[],[],[],[],"[""1""]",[],[],"[""Y""]","[""Y""]",[],['31'],"[""NOT APPLICABLE""]","[""TEST NOT OFFERED""]","[""BLUE ISLAND"", ""CHICAGO""]","[""2025-10-10T14:09:00.000""]","[""FOLLOWED TOO CLOSELY"", ""NONE""]","[""NOT OBSCURED""]","[""D"", ""DM""]","[""IL""]","[""NONE""]",[],"[""O2167529"", ""O2167530"", ""P478251""]","[""DRIVER"", ""PASSENGER""]","[""NORMAL""]","[""SAFETY BELT NOT USED"", ""SAFETY BELT USED""]","[""M""]","[""IL""]","[""2066170"", ""2066178""]","[""60406"", ""60617"", ""60651""]",[],"[""12""]",[],[],[],[],2025,10,14,10,False,afternoon,41.8,-87.68,41.8_-87.68,31.0,31,31,FOLLOWING TOO CLOSELY,0
STRAIGHT AND LEVEL,1611,2025-10-10 14:00:00,6,14,10,6572174C24D6B4E0F65B1D63195E814E6C0800637DB055AF20D0FC3050E4A7E2BAE0C084762303B44614A4836230F8E2BB61E3B09B432C9871CCB9849DF98154,NO INJURY / DRIVE AWAY,"OVER $1,500",FUNCTIONING PROPERLY,REAR END,41.9973821735,DAYLIGHT,-87.7880776739,2,30,FOLLOWING TOO CLOSELY,NO DEFECTS,DRY,UNABLE TO DETERMINE,N,6400,TRAFFIC SIGNAL,NOT DIVIDED,CLEAR,0.0,0.0,0.0,0.0,0.0,1.0,1,0,[],[],"[""Y""]","[""2025-10-10T14:00:00.000""]","[""2167468"", ""2167469""]","[""FRONT"", ""REAR""]","[""IL""]","[""CADILLAC"", ""TESLA""]","[""SLOW/STOP IN TRAFFIC"", ""STRAIGHT AHEAD""]","[""ESCALADE"", ""MODEL Y""]","[""1""]","[""N""]","[""1"", ""2""]","[""DRIVER""]","[""NONE""]","[""2066120"", ""2066125""]","[""PASSENGER""]","[""PERSONAL""]","[""2021"", ""2025""]",[],[],[],[],[],[],[],[],[],[],[],[],[],[],"[""Y""]",[],[],"[""DID NOT DEPLOY""]","[""TEST NOT OFFERED""]","[""HOMER GLEN"", ""PARK RIDGE""]","[""2025-10-10T14:00:00.000""]","[""FOLLOWED TOO CLOSELY"", ""NONE""]","[""NOT OBSCURED""]","[""D""]","[""IL""]","[""NONE""]",[],"[""O2167468"", ""O2167469""]","[""DRIVER""]","[""NORMAL"", ""UNKNOWN""]","[""USAGE UNKNOWN""]","[""F"", ""M""]","[""IL""]","[""2066120"", ""2066125""]","[""60068"", ""60491""]",[],[],[],[],[],[],2025,10,14,10,False,afternoon,42.0,-87.79,42.0_-87.79,0.0,0,0,FOLLOWING TOO CLOSELY,0
STRAIGHT AND LEVEL,1111,2025-10-10 14:00:00,6,14,10,4D3136ECBC4B6C4C6B604A07B85033A04919DB0E208FB7885B0F98DA60B29E2E19756F3046FFAD5E53AFED63C1E58B9E8DC8B8B745C095E89CE8E2B0A1072288,NO INJURY / DRIVE AWAY,"OVER $1,500",FUNCTIONING PROPERLY,REAR END,41.8989583227,DAYLIGHT,-87.7361674738,2,35,FOLLOWING TOO CLOSELY,NO DEFECTS,DRY,NOT APPLICABLE,W,4400,TRAFFIC SIGNAL,NOT DIVIDED,CLEAR,0.0,0.0,1.0,0.0,0.0,1.0,1,1,[],[],"[""Y""]","[""2025-10-10T14:00:00.000""]","[""2171598"", ""2171599""]","[""FRONT"", ""REAR""]","[""IL""]","[""CHEVROLET""]","[""STRAIGHT AHEAD""]","[""EQUINOX"", ""TRAIL BLAZER""]","[""1""]","[""E""]","[""1"", ""2""]","[""DRIVER""]","[""NONE"", ""UNKNOWN""]","[""2070062"", ""2070068""]","[""PASSENGER"", ""UNKNOWN/NA""]","[""PERSONAL"", ""UNKNOWN/NA""]","[""2002"", ""2020""]",[],[],[],[],[],[],[],[],[],[],[],[],[],[],"[""Y""]",[],['45'],"[""DEPLOYMENT UNKNOWN"", ""DID NOT DEPLOY""]","[""TEST NOT OFFERED""]","[""CHICAGO"", ""RICHTON PARK""]","[""2025-10-10T14:00:00.000""]","[""FOLLOWED TOO CLOSELY"", ""NONE""]","[""NOT OBSCURED""]","[""D""]","[""IL"", ""XX""]","[""NONE"", ""UNKNOWN""]",[],"[""O2171598"", ""O2171599""]","[""DRIVER""]","[""NORMAL""]","[""USAGE UNKNOWN""]","[""F"", ""M""]","[""IL""]","[""2070062"", ""2070068""]","[""60471"", ""60644""]",[],[],[],[],[],[],2025,10,14,10,False,afternoon,41.9,-87.74,41.9_-87.74,45.0,45,45,FOLLOWING TOO CLOSELY,0