alignment,beat_of_occurrence,crash_date,crash_day_of_week,crash_hour,crash_month,crash_record_id,crash_type,damage,device_condition,first_crash_type,latitude,lighting_condition,longitude,num_units,posted_speed_limit,prim_contributory_cause,road_defect,roadway_surface_cond,sec_contributory_cause,street_direction,street_no,traffic_control_device,trafficway_type,weather_condition,private_property_i,hit_and_run_i,intersection_related_i,crash_date_est_i,work_zone_i,workers_present_i,veh_count,ppl_count,veh_area_01_i_list_json,veh_area_02_i_list_json,veh_area_12_i_list_json,veh_crash_date_list_json,veh_crash_unit_id_list_json,veh_first_contact_point_list_json,veh_lic_plate_state_list_json,veh_make_list_json,veh_maneuver_list_json,veh_model_list_json,veh_occupant_cnt_list_json,veh_travel_direction_list_json,veh_unit_no_list_json,veh_unit_type_list_json,veh_vehicle_defect_list_json,veh_vehicle_id_list_json,veh_vehicle_type_list_json,veh_vehicle_use_list_json,veh_vehicle_year_list_json,veh_area_03_i_list_json,veh_area_04_i_list_json,veh_area_11_i_list_json,veh_towed_by_list_json,veh_towed_i_list_json,veh_area_07_i_list_json,veh_area_99_i_list_json,veh_area_09_i_list_json,veh_area_10_i_list_json,veh_cmrc_veh_i_list_json,veh_num_passengers_list_json,veh_area_08_i_list_json,veh_area_00_i_list_json,veh_area_05_i_list_json,veh_area_06_i_list_json,veh_towed_to_list_json,ppl_age_list_json,ppl_airbag_deployed_list_json,ppl_bac_result_list_json,ppl_city_list_json,ppl_crash_date_list_json,ppl_driver_action_list_json,ppl_driver_vision_list_json,ppl_drivers_license_class_list_json,ppl_drivers_license_state_list_json,ppl_ejection_list_json,ppl_hospital_list_json,ppl_person_id_list_json,ppl_person_type_list_json,ppl_physical_condition_list_json,ppl_safety_equipment_list_json,ppl_sex_list_json,ppl_state_list_json,ppl_vehicle_id_list_json,ppl_zipcode_list_json,ppl_ems_agency_list_json,ppl_seat_no_list_json,ppl_pedpedal_action_list_json,ppl_pedpedal_location_list_json,ppl_pedpedal_visibility_list_json,ppl_ems_run_no_list_json,year,month,hour,day,is_weekend,hour_bin,lat_bin,lng_bin,grid_id,ppl_age_mean,ppl_age_min,ppl_age_max,prim_contributory_cause_group,ksi_flag
STRAIGHT AND LEVEL,323,2025-10-10 13:58:00,6,13,10,113B5932B25FA24520438323A2848A8319E463D08C2D4FEDF2541982AE9BCC7B33A2139C9B7F003A643FDA692AF87C09475577E80A9A9439A3E3C20E23A0E437,INJURY AND / OR TOW DUE TO CRASH,"OVER $1,500",FUNCTIONING PROPERLY,ANGLE,41.7586310989,DAYLIGHT,-87.5957503347,3,30,FAILING TO REDUCE SPEED TO AVOID CRASH,NO DEFECTS,DRY,NOT APPLICABLE,S,7498,TRAFFIC SIGNAL,T-INTERSECTION,CLEAR,0.0,0.0,1.0,0.0,0.0,1.0,1,2,"[""Y""]","[""Y""]","[""Y""]","[""2025-10-10T13:58:00.000""]","[""2167463"", ""2167464"", ""2167465""]","[""FRONT-RIGHT-CORNER"", ""REAR-RIGHT-CORNER"", ""SIDE-LEFT-FRONT""]","[""IL""]","[""HYUNDAI"", ""JEEP"", ""KIA""]","[""STRAIGHT AHEAD""]","[""CHEROKEE"", ""SPORTAGE"", ""TUCSON""]","[""1"", ""2""]","[""E"", ""N"", ""SW""]","[""1"", ""2"", ""3""]","[""DRIVER""]","[""UNKNOWN""]","[""2066121"", ""2066137"", ""2066167""]","[""PASSENGER""]","[""PERSONAL""]","[""2006"", ""2019"", ""2023""]","[""Y""]","[""Y""]","[""Y""]",[],"[""Y""]",[],"[""Y""]",[],"[""Y""]",[],"[""1""]",[],[],"[""Y""]","[""Y""]",[],"['25', '37']","[""DEPLOYED, FRONT"", ""NOT APPLICABLE""]","[""TEST NOT OFFERED""]","[""CHICAGO"", ""ELMHURST"", ""NEW LENOX""]","[""2025-10-10T13:58:00.000""]","[""OTHER""]","[""NOT OBSCURED""]","[""D""]","[""IL""]","[""NONE""]","[""UNIVERSITY OF CHICAGO""]","[""O2167463"", ""O2167464"", ""O2167465"", ""P478242""]","[""DRIVER"", ""PASSENGER""]","[""NORMAL""]","[""USAGE UNKNOWN""]","[""F"", ""M""]","[""IL""]","[""2066121"", ""2066137"", ""2066167""]","[""60126"", ""60451"", ""60628""]","[""9""]","[""2""]",[],[],[],[],2025,10,13,10,False,afternoon,41.76,-87.6,41.76_-87.6,31.0,25,37,SPEEDING,1
STRAIGHT AND LEVEL,235,2025-10-10 13:57:00,6,13,10,77711041C44955D2F8937D1510197653762F76F2ADF3EB427ABE83F0A93D2BCF54D01598BA47FA13203F3FE90B27A46A525F6F49C1C51AD91738C8C845699560,INJURY AND / OR TOW DUE TO CRASH,"OVER $1,500",FUNCTIONING PROPERLY,REAR END,41.7875915807,DAYLIGHT,-87.5867727538,2,30,NOT APPLICABLE,NO DEFECTS,DRY,NOT APPLICABLE,S,5900,TRAFFIC SIGNAL,NOT DIVIDED,CLEAR,0.0,1.0,0.0,0.0,0.0,1.0,1,1,[],[],[],"[""2025-10-10T13:57:00.000""]","[""2167562"", ""2167563""]","[""FRONT"", ""REAR""]","[""IL""]","[""HYUNDAI"", ""UNKNOWN""]","[""STRAIGHT AHEAD""]","[""OTHER (EXPLAIN IN NARRATIVE)"", ""VENUE""]","[""1""]","[""S""]","[""1"", ""2""]","[""DRIVER""]","[""UNKNOWN""]","[""2066205"", ""2066214""]","[""PASSENGER"", ""UNKNOWN/NA""]","[""PERSONAL"", ""UNKNOWN/NA""]","[""2020""]",[],[],[],[],[],"[""Y""]",[],[],[],[],[],[],[],"[""Y""]","[""Y""]",[],['40'],"[""DEPLOYMENT UNKNOWN"", ""DID NOT DEPLOY""]","[""TEST NOT OFFERED""]","[""CHICAGO""]","[""2025-10-10T13:57:00.000""]","[""NONE"", ""UNKNOWN""]","[""UNKNOWN""]","[""D""]","[""IL""]","[""NONE""]","[""UNIVERSITY OF CHICAGO""]","[""O2167562"", ""O2167563""]","[""DRIVER""]","[""UNKNOWN""]","[""USAGE UNKNOWN""]","[""F""]","[""IL""]","[""2066205"", ""2066214""]","[""60637""]","[""ABM 57""]",[],[],[],[],[],2025,10,13,10,False,afternoon,41.79,-87.59,41.79_-87.59,40.0,40,40,OTHER,1
STRAIGHT AND LEVEL,2022,2025-10-10 13:45:00,6,13,10,A8CF21FD1C8F8A735907317801220A532ABB2103FB21411D7DE79A862F205D86E66A37D129AB232AF3EE1E1A2FA348BF12DC46D15C44E174E8F2D1BE1B76B8CD,NO INJURY / DRIVE AWAY,$500 OR LESS,NO CONTROLS,PARKED MOTOR VEHICLE,41.9884680903,DAYLIGHT,-87.6554850125,2,30,IMPROPER OVERTAKING/PASSING,NO DEFECTS,DRY,UNABLE TO DETERMINE,N,5838,NO CONTROLS,DIVIDED - W/MEDIAN (NOT RAISED),CLEAR,0.0,0.0,0.0,1.0,0.0,1.0,2,0,[],[],[],"[""2025-10-10T13:45:00.000""]","[""2167551"", ""2167552""]","[""SIDE-LEFT-FRONT"", ""UNKNOWN""]","[""IL""]","[""MERCEDES-BENZ"", ""UNKNOWN""]","[""PARKED"", ""STRAIGHT AHEAD""]","[""MOTORIZED"", ""SPRINTER""]","[""0"", ""1""]","[""S"", ""UNKNOWN""]","[""1"", ""2""]","[""DRIVER"", ""PARKED""]","[""NONE"", ""UNKNOWN""]","[""2066192"", ""2066197""]","[""UNKNOWN/NA"", ""VAN/MINI-VAN""]","[""AMBULANCE"", ""UNKNOWN/NA""]","[""2013""]",[],[],[],[],[],[],"[""Y""]",[],"[""Y""]",[],[],[],[],[],[],[],[],"[""NOT APPLICABLE""]","[""TEST NOT OFFERED""]",[],"[""2025-10-10T13:45:00.000""]","[""UNKNOWN""]","[""UNKNOWN""]",[],[],"[""NONE""]",[],"[""O2167551""]","[""DRIVER""]","[""UNKNOWN""]","[""USAGE UNKNOWN""]","[""M""]",[],"[""2066192""]",[],[],[],[],[],[],[],2025,10,13,10,False,afternoon,41.99,-87.66,41.99_-87.66,0.0,0,0,OTHER,0
STRAIGHT AND LEVEL,914,2025-10-10 13:45:00,6,13,10,74E6B28AA5C1BD4D51C16C456C09A696B075091E0EF24A7A954409DE9738277E9ADF13087957F2C0D78F1DAC6102BE1E604EA3B0E914FE9CA2F40F0859309186,NO INJURY / DRIVE AWAY,"OVER $1,500",NO CONTROLS,TURNING,41.8531627309,DAYLIGHT,-87.6339292909,2,25,FAILING TO YIELD RIGHT-OF-WAY,UNKNOWN,DRY,IMPROPER TURNING/NO SIGNAL,S,2157,NO CONTROLS,CENTER TURN LANE,CLEAR,0.0,0.0,0.0,0.0,0.0,1.0,1,2,"[""N""]","[""N"", ""Y""]",[],"[""2025-10-10T13:45:00.000""]","[""2167455"", ""2167456""]","[""SIDE-LEFT-FRONT"", ""SIDE-RIGHT""]","[""IL""]","[""SUBARU"", ""TOYOTA""]","[""TURNING LEFT"", ""U-TURN""]","[""CAMRY"", ""LEGACY""]","[""1""]","[""S""]","[""1"", ""2""]","[""DRIVER""]","[""NONE"", ""UNKNOWN""]","[""2066108"", ""2066112""]","[""PASSENGER""]","[""PERSONAL""]","[""2017"", ""2024""]","[""N"", ""Y""]",[],"[""Y""]",[],[],[],[],"[""N""]","[""Y""]",[],[],[],[],[],[],[],"['25', '36']","[""NOT APPLICABLE""]","[""TEST NOT OFFERED""]","[""CHICAGO""]","[""2025-10-10T13:45:00.000""]","[""IMPROPER TURN"", ""NONE""]","[""UNKNOWN""]","[""A"", ""D""]","[""IL""]","[""NONE""]",[],"[""O2167455"", ""O2167456""]","[""DRIVER""]","[""NORMAL""]","[""USAGE UNKNOWN""]","[""M""]","[""IL""]","[""2066108"", ""2066112""]","[""60626"", ""60632""]",[],[],[],[],[],[],2025,10,13,10,False,afternoon,41.85,-87.63,41.85_-87.63,30.5,25,36,FAILURE-TO-YIELD,0
STRAIGHT ON GRADE,611,2025-10-10 13:30:00,6,13,10,37439FD96F97CE083A1B8C07FBCD0037CA59160602E839B54DD572FDBBCF7D510F0270914C27C7B759AC3DCE9BDCB7922ED9A797E3D8BAA76A954798D5DF2AAB,NO INJURY / DRIVE AWAY,"OVER $1,500",NO CONTROLS,PARKED MOTOR VEHICLE,41.7508649441,DAYLIGHT,-87.66602519,2,30,DRIVING SKILLS/KNOWLEDGE/EXPERIENCE,NO DEFECTS,DRY,EQUIPMENT - VEHICLE CONDITION,S,7842,NO CONTROLS,ONE-WAY,CLEAR,0.0,1.0,0.0,0.0,0.0,1.0,2,0,[],[],[],"[""2025-10-10T13:30:00.000""]","[""2167613"", ""2167614""]","[""FRONT-LEFT-CORNER"", ""UNKNOWN""]","[""IL""]","[""FORD"", ""MAZDA""]","[""PARKED"", ""STRAIGHT AHEAD""]","[""OTHER (EXPLAIN IN NARRATIVE)""]","[""0"", ""1""]","[""S"", ""UNKNOWN""]","[""1"", ""2""]","[""DRIVER"", ""PARKED""]","[""UNKNOWN""]","[""2066258"", ""2066270""]","[""SPORT UTILITY VEHICLE (SUV)"", ""TRUCK - SINGLE UNIT""]","[""CONSTRUCTION/MAINTENANCE"", ""NOT IN USE""]","[""2011"", ""2023""]",[],[],"[""Y""]",[],[],[],[],[],[],[],[],[],"[""Y""]",[],[],[],[],"[""DEPLOYMENT UNKNOWN""]","[""TEST NOT OFFERED""]",[],"[""2025-10-10T13:30:00.000""]","[""OTHER""]","[""UNKNOWN""]",[],[],"[""NONE""]",[],"[""O2167613""]","[""DRIVER""]","[""UNKNOWN""]","[""USAGE UNKNOWN""]","[""X""]",[],"[""2066258""]",[],[],[],[],[],[],[],2025,10,13,10,False,afternoon,41.75,-87.67,41.75_-87.67,0.0,0,0,OTHER,0
STRAIGHT ON GRADE,232,2025-10-10 13:30:00,6,13,10,0103BF0EA5A12A1F78E6B7B8EF304EB30A129A8D4A10698913082DAF0B268EBB05850653B76ABA3A74869A071760575401F59D747A70613346AD5A28BD27847B,INJURY AND / OR TOW DUE TO CRASH,"OVER $1,500",NO CONTROLS,SIDESWIPE SAME DIRECTION,41.7874581146,DAYLIGHT,-87.6264502073,2,30,IMPROPER OVERTAKING/PASSING,UNKNOWN,DRY,IMPROPER OVERTAKING/PASSING,W,20,NO CONTROLS,NOT DIVIDED,CLEAR,0.0,0.0,0.0,0.0,0.0,1.0,1,2,"[""Y""]","[""Y""]","[""Y""]","[""2025-10-10T13:30:00.000""]","[""2167438"", ""2167439""]","[""FRONT-LEFT-CORNER"", ""SIDE-RIGHT-FRONT""]","[""IL"", ""IN""]","[""BMW"", ""HYUNDAI""]","[""PASSING/OVERTAKING"", ""STRAIGHT AHEAD""]","[""ELANTRA"", ""OTHER (EXPLAIN IN NARRATIVE)""]","[""1""]","[""E""]","[""1"", ""2""]","[""DRIVER""]","[""UNKNOWN""]","[""2066089"", ""2066097""]","[""PASSENGER""]","[""PERSONAL""]","[""2013"", ""2022""]","[""Y""]",[],"[""Y""]","[""PRIVATE""]","[""Y""]",[],[],[],[],[],[],[],[],[],[],"[""UNKNOWN""]","['21', '34']","[""NOT APPLICABLE""]","[""TEST NOT OFFERED"", ""TEST REFUSED""]","[""CHICAGO""]","[""2025-10-10T13:30:00.000""]","[""IMPROPER PASSING"", ""OVERCORRECTED""]","[""NOT OBSCURED"", ""UNKNOWN""]","[""D""]","[""IL""]","[""NONE""]",[],"[""O2167438"", ""O2167439""]","[""DRIVER""]","[""NORMAL"", ""UNKNOWN""]","[""SAFETY BELT USED""]","[""F""]","[""IL""]","[""2066089"", ""2066097""]","[""60609"", ""60628""]",[],[],[],[],[],[],2025,10,13,10,False,afternoon,41.79,-87.63,41.79_-87.63,27.5,21,34,OTHER,0
STRAIGHT AND LEVEL,2234,2025-10-10 13:29:00,6,13,10,4608DB011C1150C5012C12878465332482F4EB1FF581467727684AA7B445671B48E7592263C2ED83FC42EDC342D4A561B509300C6F4F71EC5A36EEAE0D9EF532,NO INJURY / DRIVE AWAY,"OVER $1,500",NO CONTROLS,PARKED MOTOR VEHICLE,41.690304811,DAYLIGHT,-87.6523975024,2,30,UNABLE TO DETERMINE,NO DEFECTS,DRY,UNABLE TO DETERMINE,W,1207,NO CONTROLS,NOT DIVIDED,CLEAR,0.0,1.0,0.0,0.0,0.0,1.0,2,0,[],[],[],"[""2025-10-10T13:29:00.000""]","[""2167442"", ""2167443""]","[""SIDE-LEFT-REAR"", ""UNKNOWN""]","[""IL""]","[""CADILLAC"", ""UNKNOWN""]","[""PARKED"", ""STRAIGHT AHEAD""]","[""OTHER (EXPLAIN IN NARRATIVE)"", ""STS""]","[""0"", ""1""]","[""E"", ""UNKNOWN""]","[""1"", ""2""]","[""DRIVER"", ""PARKED""]","[""UNKNOWN""]","[""2066088"", ""2066094""]","[""PASSENGER"", ""UNKNOWN/NA""]","[""PERSONAL"", ""UNKNOWN/NA""]","[""2006""]",[],[],[],[],[],"[""Y""]","[""Y""]",[],[],[],[],"[""Y""]",[],[],"[""Y""]",[],[],"[""DEPLOYMENT UNKNOWN""]","[""TEST NOT OFFERED""]",[],"[""2025-10-10T13:29:00.000""]","[""UNKNOWN""]","[""UNKNOWN""]",[],[],"[""NONE""]",[],"[""O2167442""]","[""DRIVER""]","[""UNKNOWN""]","[""USAGE UNKNOWN""]","[""X""]",[],"[""2066088""]",[],[],[],[],[],[],[],2025,10,13,10,False,afternoon,41.69,-87.65,41.69_-87.65,0.0,0,0,OTHER,0
STRAIGHT AND LEVEL,1012,2025-10-10 13:28:00,6,13,10,559D4EBE57A1E7538EE12E8F53AF1B60B3DBFD15CCDC706BB34A2F422215AEE4BC467884091366B3FBDC237BBFAD9CCF5421EFC8D28EA4DBAA189D570BFD55B2,INJURY AND / OR TOW DUE TO CRASH,"OVER $1,500",FUNCTIONING PROPERLY,REAR TO FRONT,41.8589784946,DAYLIGHT,-87.7251076248,2,30,IMPROPER BACKING,UNKNOWN,DRY,NOT APPLICABLE,W,4002,TRAFFIC SIGNAL,NOT DIVIDED,CLEAR,0.0,1.0,0.0,0.0,0.0,1.0,1,3,"[""Y""]",[],"[""Y""]","[""2025-10-10T13:28:00.000""]","[""2167453"", ""2167454""]","[""FRONT"", ""REAR""]","[""IL""]","[""BMW"", ""HYUNDAI""]","[""BACKING"", ""SLOW/STOP IN TRAFFIC""]","[""OTHER (EXPLAIN IN NARRATIVE)"", ""X5""]","[""1"", ""3""]","[""E"", ""W""]","[""1"", ""2""]","[""DRIVER""]","[""UNKNOWN""]","[""2066107"", ""2066115""]","[""PASSENGER""]","[""PERSONAL"", ""UNKNOWN/NA""]","[""2014"", ""2020""]",[],[],"[""Y""]",[],[],"[""Y""]",[],[],[],[],"[""2""]",[],[],"[""Y""]","[""Y""]",[],"['24', '46', '84']","[""DEPLOYMENT UNKNOWN"", ""DID NOT DEPLOY""]","[""TEST NOT OFFERED""]","[""BERWYN"", ""CHICAGO"", ""UNK""]","[""2025-10-10T13:28:00.000""]","[""IMPROPER BACKING"", ""NONE""]","[""UNKNOWN""]","[""0"", ""D""]","[""IL"", ""XX""]","[""NONE""]","[""MT. SINAI""]","[""O2167453"", ""O2167454"", ""P478236"", ""P478237""]","[""DRIVER"", ""PASSENGER""]","[""UNKNOWN""]","[""SAFETY BELT USED"", ""USAGE UNKNOWN""]","[""F"", ""M""]","[""IL"", ""XX""]","[""2066107"", ""2066115""]","[""60402"", ""60623""]","[""CFD""]","[""3"", ""4""]",[],[],[],"[""80""]",2025,10,13,10,False,afternoon,41.86,-87.73,41.86_-87.73,51.333333333333336,24,84,OTHER,1
STRAIGHT AND LEVEL,713,2025-10-10 13:16:00,6,13,10,B81B7A95594130C5460C37DDBF29EF3243E84158AC9C97C9A96B603C45C8B2DBC6569E2E5E169A3D51EFB110926389EB558BD59126C92C02CE684F3C63C038CE,INJURY AND / OR TOW DUE TO CRASH,$500 OR LESS,NO CONTROLS,PEDESTRIAN,41.7839445304,DAYLIGHT,-87.659615906,2,30,FAILING TO YIELD RIGHT-OF-WAY,NO DEFECTS,DRY,NOT APPLICABLE,S,6034,NO CONTROLS,NOT DIVIDED,CLEAR,0.0,0.0,0.0,0.0,0.0,1.0,2,3,[],[],[],"[""2025-10-10T13:16:00.000""]","[""2167421"", ""2167422""]","[""SIDE-RIGHT""]","[""IL""]","[""CADILLAC""]","[""STRAIGHT AHEAD""]","[""FLEETWOOD""]","[""2""]","[""S""]","[""1"", ""2""]","[""DRIVER"", ""PEDESTRIAN""]","[""UNKNOWN""]","[""2066077""]","[""PASSENGER""]","[""PERSONAL""]","[""1996""]",[],[],[],[],[],[],[],[],[],[],"[""1""]",[],"[""Y""]",[],[],[],"['39', '62', '79']","[""NOT APPLICABLE""]","[""TEST NOT OFFERED""]","[""CHICAGO""]","[""2025-10-10T13:16:00.000""]","[""FAILED TO YIELD"", ""UNKNOWN""]","[""UNKNOWN""]","[""D""]","[""IL""]","[""NONE""]",[],"[""O2167421"", ""O2167422"", ""P478234""]","[""DRIVER"", ""PASSENGER"", ""PEDESTRIAN""]","[""NORMAL""]","[""NONE PRESENT"", ""USAGE UNKNOWN""]","[""F"", ""M""]","[""IL""]","[""2066077""]","[""60620""]","[""CFD""]","[""3""]","[""PARKED VEHICLE""]","[""IN ROADWAY""]","[""NO CONTRASTING CLOTHING""]",[],2025,10,13,10,False,afternoon,41.78,-87.66,41.78_-87.66,60.0,39,79,FAILURE-TO-YIELD,1
STRAIGHT AND LEVEL,1813,2025-10-10 13:09:00,6,13,10,8C86AE60C5815BB167DAACDE4A057DA3BD6B7086C56499BB070D764CD93B73D219A06EE3EBF338F629373C513E34FAFEC8B57EA150C96C321920FC8432AA6E73,NO INJURY / DRIVE AWAY,"OVER $1,500",NO CONTROLS,REAR TO FRONT,41.9110212289,DAYLIGHT,-87.6488472075,2,10,IMPROPER BACKING,NO DEFECTS,DRY,UNABLE TO DETERMINE,W,812,NO CONTROLS,PARKING LOT,CLEAR,0.0,0.0,0.0,0.0,0.0,1.0,1,2,[],[],[],"[""2025-10-10T13:09:00.000""]","[""2167493"", ""2167494""]","[""FRONT"", ""REAR-RIGHT-CORNER""]","[""IL""]","[""LEXUS"", ""MERCEDES-BENZ""]","[""BACKING""]","[""C350"", ""RX400H""]","[""1""]","[""N"", ""S""]","[""1"", ""2""]","[""DRIVER""]","[""NONE"", ""UNKNOWN""]","[""2066138"", ""2066151""]","[""PASSENGER""]","[""PERSONAL""]","[""2006"", ""2014""]",[],[],[],[],[],[],[],[],[],[],[],[],[],"[""Y""]",[],[],"['46', '68']","[""DID NOT DEPLOY"", ""NOT APPLICABLE""]","[""TEST NOT OFFERED""]","[""CHICAGO"", ""HILLSIDE""]","[""2025-10-10T13:09:00.000""]","[""IMPROPER BACKING"", ""NONE""]","[""UNKNOWN""]","[""D""]","[""IL""]","[""NONE""]",[],"[""O2167493"", ""O2167494""]","[""DRIVER""]","[""NORMAL""]","[""SAFETY BELT USED"", ""USAGE UNKNOWN""]","[""F"", ""M""]","[""IL""]","[""2066138"", ""2066151""]","[""60162"", ""60614""]",[],[],[],[],[],[],2025,10,13,10,False,afternoon,41.91,-87.65,41.91_-87.65,57.0,46,68,OTHER,0
STRAIGHT AND LEVEL,421,2025-10-10 13:05:00,6,13,10,8629B4360DA241A3F5808EB629FD160C48B86A9C8B021CE1EED8FBD7B2E2E230879470E20AF223068EB5A5B0E010CD610D5DFD9E81D8C0F42B32CE191F9B9AB5,NO INJURY / DRIVE AWAY,"OVER $1,500",NO CONTROLS,TURNING,41.7589927618,DAYLIGHT,-87.5603778108,2,20,UNABLE TO DETERMINE,UNKNOWN,DRY,UNABLE TO DETERMINE,S,7500,STOP SIGN/FLASHER,FOUR WAY,CLEAR,0.0,1.0,0.0,0.0,0.0,1.0,1,1,[],[],[],"[""2025-10-10T13:05:00.000""]","[""2169711"", ""2169712""]","[""SIDE-LEFT"", ""UNKNOWN""]","[""IL""]","[""CHEVROLET"", ""NISSAN""]","[""STRAIGHT AHEAD"", ""TURNING LEFT""]","[""ROGUE"", ""TAHOE""]","[""1""]","[""E"", ""S""]","[""1"", ""2""]","[""DRIVER""]","[""UNKNOWN""]","[""2068240"", ""2068267""]","[""SPORT UTILITY VEHICLE (SUV)""]","[""PERSONAL"", ""UNKNOWN/NA""]","[""2004"", ""2023""]",[],[],[],[],[],[],"[""Y""]","[""Y""]","[""Y""]",[],[],"[""Y""]",[],[],[],[],['35'],"[""DEPLOYMENT UNKNOWN"", ""DID NOT DEPLOY""]","[""TEST NOT OFFERED""]","[""CHICAGO""]","[""2025-10-10T13:05:00.000""]","[""UNKNOWN""]","[""NOT OBSCURED"", ""UNKNOWN""]",[],"[""IL""]","[""NONE""]",[],"[""O2169711"", ""O2169712""]","[""DRIVER""]","[""NORMAL"", ""UNKNOWN""]","[""USAGE UNKNOWN""]","[""F"", ""M""]","[""IL""]","[""2068240"", ""2068267""]","[""60621""]",[],[],[],[],[],[],2025,10,13,10,False,afternoon,41.76,-87.56,41.76_-87.56,35.0,35,35,OTHER,0
STRAIGHT AND LEVEL,1912,2025-10-10 13:00:00,6,13,10,D7B87E60B67941DAD1BE7B4E2B29BE8C18D02D2FB44D2B7576F3F06156477AB7F56CD67FFF241C0FD31C3FBC173B2F9A751E9161BB7487AB9688887D0F58573F,INJURY AND / OR TOW DUE TO CRASH,"OVER $1,500",NO CONTROLS,SIDESWIPE SAME DIRECTION,41.9544650858,DAYLIGHT,-87.6641846644,2,30,IMPROPER OVERTAKING/PASSING,NO DEFECTS,DRY,NOT APPLICABLE,W,1346,NO CONTROLS,NOT DIVIDED,CLEAR,0.0,0.0,0.0,0.0,0.0,1.0,1,2,"[""Y""]","[""Y""]","[""Y""]","[""2025-10-10T13:00:00.000""]","[""2167408"", ""2167409""]","[""FRONT-RIGHT-CORNER"", ""SIDE-LEFT""]","[""IL""]","[""DODGE"", ""HONDA""]","[""PASSING/OVERTAKING"", ""STRAIGHT AHEAD""]","[""CR-V"", ""RAM 2500 VAN""]","[""1""]","[""W""]","[""1"", ""2""]","[""DRIVER""]","[""NONE""]","[""2066067"", ""2066076""]","[""PASSENGER""]","[""COMMERCIAL - SINGLE UNIT"", ""PERSONAL""]","[""2018"", ""2020""]",[],[],[],[],[],[],[],"[""Y""]","[""Y""]",[],[],"[""Y""]",[],[],[],[],"['28', '79']","[""NOT APPLICABLE""]","[""TEST NOT OFFERED""]","[""CHICAGO""]","[""2025-10-10T13:00:00.000""]","[""IMPROPER PASSING"", ""NONE""]","[""NOT OBSCURED""]","[""C""]","[""IL""]","[""NONE""]",[],"[""O2167408"", ""O2167409""]","[""DRIVER""]","[""NORMAL""]","[""SAFETY BELT USED""]","[""M""]","[""IL""]","[""2066067"", ""2066076""]","[""60613"", ""60623""]",[],[],[],[],[],[],2025,10,13,10,False,afternoon,41.95,-87.66,41.95_-87.66,53.5,28,79,OTHER,1
STRAIGHT AND LEVEL,913,2025-10-10 13:00:00,6,13,10,603453F4787D1C8C6FFD5ED3DA84406AFCF9C032B8FC12D42EDB06AF51BCA28B2AF3095A5017FB6F2E532DE74747810CC8C647476A6671DAB0086A85696A2BA8,NO INJURY / DRIVE AWAY,"OVER $1,500",FUNCTIONING PROPERLY,SIDESWIPE SAME DIRECTION,41.8416313495,DAYLIGHT,-87.657717609,2,30,UNABLE TO DETERMINE,NO DEFECTS,DRY,NOT APPLICABLE,S,2903,TRAFFIC SIGNAL,NOT DIVIDED,CLEAR,0.0,1.0,1.0,0.0,0.0,1.0,1,1,[],"[""Y""]",[],"[""2025-10-10T13:00:00.000""]","[""2168107"", ""2168108""]","[""FRONT-LEFT-CORNER"", ""SIDE-RIGHT""]","[""IL""]","[""ACURA"", ""NISSAN""]","[""CHANGING LANES"", ""STRAIGHT AHEAD""]","[""RLX"", ""ROGUE""]","[""1""]","[""W""]","[""1"", ""2""]","[""DRIVER""]","[""NONE""]","[""2066737"", ""2066738""]","[""SPORT UTILITY VEHICLE (SUV)""]","[""PERSONAL"", ""UNKNOWN/NA""]","[""2018"", ""2020""]","[""Y""]","[""Y""]","[""Y""]",[],[],[],[],[],"[""Y""]",[],[],[],[],[],[],[],['58'],"[""DEPLOYMENT UNKNOWN"", ""NOT APPLICABLE""]","[""TEST NOT OFFERED""]","[""CHICAGO""]","[""2025-10-10T13:00:00.000""]","[""UNKNOWN""]","[""NOT OBSCURED"", ""UNKNOWN""]","[""D""]","[""IL""]","[""NONE""]",[],"[""O2168107"", ""O2168108""]","[""DRIVER""]","[""NORMAL"", ""UNKNOWN""]","[""USAGE UNKNOWN""]","[""F"", ""M""]","[""IL""]","[""2066737"", ""2066738""]","[""60632""]",[],[],[],[],[],[],2025,10,13,10,False,afternoon,41.84,-87.66,41.84_-87.66,58.0,58,58,OTHER,0
STRAIGHT AND LEVEL,1225,2025-10-10 12:57:00,6,12,10,2AE40CA381F1ADD4A77C1F0294EEBEF0F62CF43ED8A93E936CE7E3EBE18A1CA8E9C45241BD5CA3ABF971227D6FE3E11049F15271314E731447AC03AE87E47A60,NO INJURY / DRIVE AWAY,"OVER $1,500",NO CONTROLS,REAR TO FRONT,41.8765696132,DAYLIGHT,-87.6766858385,2,35,UNABLE TO DETERMINE,UNKNOWN,DRY,UNABLE TO DETERMINE,S,328,NO CONTROLS,NOT DIVIDED,CLEAR,0.0,0.0,0.0,0.0,0.0,1.0,1,2,"[""Y""]",[],"[""Y""]","[""2025-10-10T12:57:00.000""]","[""2167568"", ""2167569""]","[""FRONT"", ""REAR""]","[""IL""]","[""JEEP"", ""LEXUS""]","[""BACKING"", ""STRAIGHT AHEAD""]","[""COMMANDER"", ""OTHER (EXPLAIN IN NARRATIVE)""]","[""1""]","[""N"", ""S""]","[""1"", ""2""]","[""DRIVER""]","[""UNKNOWN""]","[""2066204"", ""2066210""]","[""PASSENGER""]","[""PERSONAL""]","[""2001"", ""2006""]",[],[],"[""Y""]",[],[],"[""Y""]",[],[],[],[],[],[],[],"[""Y""]","[""Y""]",[],"['47', '66']","[""NOT APPLICABLE""]","[""TEST NOT OFFERED""]","[""CHICAGO""]","[""2025-10-10T12:57:00.000""]","[""IMPROPER BACKING"", ""UNKNOWN""]","[""UNKNOWN""]","[""A"", ""D""]","[""IL""]","[""NONE""]","[""N/A"", ""REFUSED""]","[""O2167568"", ""O2167569""]","[""DRIVER""]","[""UNKNOWN""]","[""USAGE UNKNOWN""]","[""F""]","[""IL""]","[""2066204"", ""2066210""]","[""60641"", ""60647""]","[""N/A""]",[],[],[],[],[],2025,10,12,10,False,morning,41.88,-87.68,41.88_-87.68,56.5,47,66,OTHER,0