alignment,beat_of_occurrence,crash_date,crash_day_of_week,crash_hour,crash_month,crash_record_id,crash_type,damage,device_condition,first_crash_type,latitude,lighting_condition,longitude,num_units,posted_speed_limit,prim_contributory_cause,road_defect,roadway_surface_cond,sec_contributory_cause,street_direction,street_no,traffic_control_device,trafficway_type,weather_condition,private_property_i,hit_and_run_i,intersection_related_i,crash_date_est_i,work_zone_i,workers_present_i,veh_count,ppl_count,veh_area_01_i_list_json,veh_area_02_i_list_json,veh_area_12_i_list_json,veh_crash_date_list_json,veh_crash_unit_id_list_json,veh_first_contact_point_list_json,veh_lic_plate_state_list_json,veh_make_list_json,veh_maneuver_list_json,veh_model_list_json,veh_occupant_cnt_list_json,veh_travel_direction_list_json,veh_unit_no_list_json,veh_unit_type_list_json,veh_vehicle_defect_list_json,veh_vehicle_id_list_json,veh_vehicle_type_list_json,veh_vehicle_use_list_json,veh_vehicle_year_list_json,veh_area_03_i_list_json,veh_area_04_i_list_json,veh_area_11_i_list_json,veh_towed_by_list_json,veh_towed_i_list_json,veh_area_07_i_list_json,veh_area_99_i_list_json,veh_area_09_i_list_json,veh_area_10_i_list_json,veh_cmrc_veh_i_list_json,veh_num_passengers_list_json,veh_area_08_i_list_json,veh_area_00_i_list_json,veh_area_05_i_list_json,veh_area_06_i_list_json,veh_towed_to_list_json,ppl_age_list_json,ppl_airbag_deployed_list_json,ppl_bac_result_list_json,ppl_city_list_json,ppl_crash_date_list_json,ppl_driver_action_list_json,ppl_driver_vision_list_json,ppl_drivers_license_class_list_json,ppl_drivers_license_state_list_json,ppl_ejection_list_json,ppl_hospital_list_json,ppl_person_id_list_json,ppl_person_type_list_json,ppl_physical_condition_list_json,ppl_safety_equipment_list_json,ppl_sex_list_json,ppl_state_list_json,ppl_vehicle_id_list_json,ppl_zipcode_list_json,ppl_ems_agency_list_json,ppl_seat_no_list_json,ppl_pedpedal_action_list_json,ppl_pedpedal_location_list_json,ppl_pedpedal_visibility_list_json,ppl_ems_run_no_list_json,year,month,hour,day,is_weekend,hour_bin,lat_bin,lng_bin,grid_id,ppl_age_mean,ppl_age_min,ppl_age_max,prim_contributory_cause_group,ksi_flag
STRAIGHT AND LEVEL,833,2025-10-10 12:55:00,6,12,10,678A5C54386B51724B8B1E5B1461CCB81ED2B179E659B4B65D474AA44AADFA05EE522A90B472B51C43A7A5D6EAC3A38C544160AF90D5C73C020AF79D22C843CB,INJURY AND / OR TOW DUE TO CRASH,"OVER $1,500",FUNCTIONING PROPERLY,ANGLE,41.7712237009,DAYLIGHT,-87.7275975208,2,35,UNABLE TO DETERMINE,NO DEFECTS,DRY,DRIVING SKILLS/KNOWLEDGE/EXPERIENCE,S,6700,TRAFFIC SIGNAL,NOT DIVIDED,CLEAR,0.0,0.0,1.0,0.0,0.0,1.0,1,1,"[""Y""]","[""Y""]","[""Y""]","[""2025-10-10T12:55:00.000""]","[""2167435"", ""2167436""]","[""FRONT"", ""SIDE-LEFT""]","[""IL""]","[""CHEVROLET"", ""JEEP""]","[""STRAIGHT AHEAD""]","[""CAMARO"", ""CHEROKEE""]","[""1""]","[""S"", ""W""]","[""1"", ""2""]","[""DRIVER""]","[""NONE"", ""UNKNOWN""]","[""2066085"", ""2066086""]","[""PASSENGER"", ""SPORT UTILITY VEHICLE (SUV)""]","[""PERSONAL""]","[""2014"", ""2021""]","[""Y""]",[],"[""Y""]","[""PRIVATE TOW""]","[""Y""]","[""Y""]",[],"[""Y""]","[""Y""]",[],[],"[""Y""]",[],[],[],"[""UNN""]",['22'],"[""DEPLOYED, COMBINATION"", ""DID NOT DEPLOY""]","[""TEST NOT OFFERED""]","[""CHICAGO""]","[""2025-10-10T12:55:00.000""]","[""NONE""]","[""NOT OBSCURED"", ""UNKNOWN""]","[""D""]","[""IL""]","[""NONE""]",[],"[""O2167435"", ""O2167436""]","[""DRIVER""]","[""NORMAL""]","[""USAGE UNKNOWN""]","[""M""]","[""IL""]","[""2066085"", ""2066086""]","[""60623"", ""60638""]",[],[],[],[],[],[],2025,10,12,10,False,morning,41.77,-87.73,41.77_-87.73,22.0,22,22,OTHER,0
STRAIGHT AND LEVEL,914,2025-10-10 12:46:00,6,12,10,FECACB397C9E2D61C04A9953CBEE770F6E73268E7820AB6ACBAFF1566DBF55AA647699A35E6C893823C6BFE7CF57CFE261847665FDDBEA8F0F46C3906F4DC860,NO INJURY / DRIVE AWAY,"OVER $1,500",NO CONTROLS,PARKED MOTOR VEHICLE,41.8512593218,DAYLIGHT,-87.6386390685,2,10,UNABLE TO DETERMINE,UNKNOWN,UNKNOWN,NOT APPLICABLE,S,2248,NO CONTROLS,PARKING LOT,CLEAR,0.0,1.0,0.0,0.0,0.0,1.0,2,0,"[""Y""]",[],[],"[""2025-10-10T12:46:00.000""]","[""2179771"", ""2179772""]","[""FRONT-LEFT-CORNER"", ""FRONT-RIGHT-CORNER""]","[""IL""]","[""TESLA"", ""TOYOTA""]","[""OTHER"", ""PARKED""]","[""COROLLA"", ""OTHER (EXPLAIN IN NARRATIVE)""]","[""0"", ""1""]","[""N""]","[""1"", ""2""]","[""DRIVER"", ""PARKED""]","[""NONE"", ""UNKNOWN""]","[""2077791"", ""2077792""]","[""PASSENGER""]","[""PERSONAL"", ""UNKNOWN/NA""]","[""2011"", ""2024""]",[],[],"[""Y""]",[],[],[],[],[],[],[],[],[],[],[],[],[],[],"[""DEPLOYMENT UNKNOWN""]","[""TEST NOT OFFERED""]",[],"[""2025-10-10T12:46:00.000""]","[""OTHER""]","[""UNKNOWN""]",[],[],"[""NONE""]",[],"[""O2179771""]","[""DRIVER""]","[""UNKNOWN""]","[""USAGE UNKNOWN""]","[""X""]",[],"[""2077791""]",[],[],[],[],[],[],[],2025,10,12,10,False,morning,41.85,-87.64,41.85_-87.64,0.0,0,0,OTHER,0
STRAIGHT AND LEVEL,2512,2025-10-10 12:45:00,6,12,10,CBC04D83BA0C1A6371D48FCB4E743B0EC32ADE38135BDFEB34A66974BEFC5CFE44B31CB14A4747610077C597D0F08A573795707E025E7F2B3E5C99A4A943F944,NO INJURY / DRIVE AWAY,"OVER $1,500",NO CONTROLS,FIXED OBJECT,41.9236732565,DAYLIGHT,-87.7996266459,1,10,NOT APPLICABLE,UNKNOWN,WET,NOT APPLICABLE,W,6948,NO CONTROLS,RAMP,RAIN,0.0,0.0,0.0,0.0,0.0,1.0,1,1,[],[],[],"[""2025-10-10T12:45:00.000""]","[""2167414""]","[""SIDE-LEFT""]","[""IL""]","[""MERCEDES-BENZ""]","[""STRAIGHT AHEAD""]","[""OTHER (EXPLAIN IN NARRATIVE)""]","[""1""]","[""E""]","[""1""]","[""DRIVER""]","[""UNKNOWN""]","[""2066069""]","[""PASSENGER""]","[""PERSONAL""]","[""2017""]",[],[],[],[],[],[],[],[],"[""Y""]",[],[],[],[],[],[],[],['48'],"[""NOT APPLICABLE""]","[""TEST NOT OFFERED""]","[""CHICAGO""]","[""2025-10-10T12:45:00.000""]","[""UNKNOWN""]","[""UNKNOWN""]","[""D""]","[""IL""]","[""NONE""]","[""REFUSED""]","[""O2167414""]","[""DRIVER""]","[""UNKNOWN""]","[""USAGE UNKNOWN""]","[""F""]","[""IL""]","[""2066069""]","[""60634""]","[""N/A""]",[],[],[],[],[],2025,10,12,10,False,morning,41.92,-87.8,41.92_-87.8,48.0,48,48,OTHER,0
STRAIGHT AND LEVEL,513,2025-10-10 12:45:00,6,12,10,90392EED85075464940285B863E49CD7BBE0A3F6677CE84E6679346007C5C55B235F5F91DA6283389530231F06F78E552766FC63E90F9DB8913C08C7EBB94216,NO INJURY / DRIVE AWAY,"$501 - $1,500",NO CONTROLS,REAR TO REAR,41.696313684,DAYLIGHT,-87.5966322439,2,30,IMPROPER BACKING,NO DEFECTS,DRY,NOT APPLICABLE,S,10900,NO CONTROLS,PARKING LOT,CLEAR,0.0,0.0,0.0,0.0,0.0,1.0,1,1,[],[],[],"[""2025-10-10T12:45:00.000""]","[""2167504"", ""2167505""]","[""REAR""]","[""IL""]","[""INFINITI"", ""NISSAN""]","[""BACKING""]","[""QX50"", ""VERSA""]","[""1""]","[""E"", ""W""]","[""1"", ""2""]","[""DRIVER""]","[""NONE""]","[""2066142"", ""2066154""]","[""PASSENGER""]","[""PERSONAL""]","[""2014"", ""2025""]",[],[],[],[],[],[],[],[],[],[],[],[],[],[],"[""Y""]",[],['54'],"[""NOT APPLICABLE""]","[""TEST NOT OFFERED""]","[""RIVERDALE""]","[""2025-10-10T12:45:00.000""]","[""IMPROPER BACKING""]","[""NOT OBSCURED""]","[""D""]","[""IL""]","[""NONE""]",[],"[""O2167504"", ""O2167505""]","[""DRIVER""]","[""NORMAL""]","[""USAGE UNKNOWN""]","[""F""]","[""IL""]","[""2066142"", ""2066154""]","[""60827""]",[],[],[],[],[],[],2025,10,12,10,False,morning,41.7,-87.6,41.7_-87.6,54.0,54,54,OTHER,0
STRAIGHT AND LEVEL,833,2025-10-10 12:30:00,6,12,10,52E76F006C79C3D08CC2BA9F0D1F1C4A4533F695EF11E1C65F50D820253ACD7AB49A251F618A388BFCA038141195B845F506FFF9F3BF4A1EC07DF4DD389EEBA0,NO INJURY / DRIVE AWAY,$500 OR LESS,FUNCTIONING PROPERLY,SIDESWIPE SAME DIRECTION,41.7640183958,DAYLIGHT,-87.7225139918,2,10,FAILING TO YIELD RIGHT-OF-WAY,NO DEFECTS,DRY,IMPROPER OVERTAKING/PASSING,W,4001,TRAFFIC SIGNAL,FOUR WAY,CLEAR,0.0,1.0,0.0,0.0,0.0,1.0,1,1,"[""Y""]","[""Y""]",[],"[""2025-10-10T12:30:00.000""]","[""2167440"", ""2167441""]","[""FRONT-RIGHT-CORNER"", ""SIDE-LEFT-REAR""]","[""IL"", ""XX""]","[""MITSUBISHI"", ""UNKNOWN""]","[""CHANGING LANES"", ""SLOW/STOP IN TRAFFIC""]","[""OTHER (EXPLAIN IN NARRATIVE)"", ""OUTLANDER""]","[""1""]","[""E""]","[""1"", ""2""]","[""DRIVER""]","[""UNKNOWN""]","[""2066090"", ""2066092""]","[""SPORT UTILITY VEHICLE (SUV)"", ""UNKNOWN/NA""]","[""PERSONAL"", ""UNKNOWN/NA""]","[""2018""]",[],[],[],[],[],"[""Y""]",[],[],[],[],[],"[""Y""]",[],[],[],[],['25'],"[""DEPLOYMENT UNKNOWN"", ""DID NOT DEPLOY""]","[""TEST NOT OFFERED""]","[""CHICAGO"", ""UNKNOWN""]","[""2025-10-10T12:30:00.000""]","[""IMPROPER PASSING"", ""OTHER""]","[""NOT OBSCURED"", ""UNKNOWN""]",[],"[""XX""]","[""NONE""]",[],"[""O2167440"", ""O2167441""]","[""DRIVER""]","[""NORMAL"", ""UNKNOWN""]","[""SAFETY BELT USED"", ""USAGE UNKNOWN""]","[""F"", ""M""]","[""IL"", ""XX""]","[""2066090"", ""2066092""]","[""60637""]",[],[],[],[],[],[],2025,10,12,10,False,morning,41.76,-87.72,41.76_-87.72,25.0,25,25,FAILURE-TO-YIELD,0
STRAIGHT AND LEVEL,132,2025-10-10 12:30:00,6,12,10,BA30FEA2D4380A1F46D04D383035E45AD866A0818486C38A26D37FC3C01C6D43BEB1C01557AF66A6EE57C7FFB6C1114E3C3AF1D6D1D8190FD99F7AB6924111F0,NO INJURY / DRIVE AWAY,"OVER $1,500",FUNCTIONING PROPERLY,REAR END,41.8673683718,DAYLIGHT,-87.6239895865,2,30,FOLLOWING TOO CLOSELY,NO DEFECTS,DRY,UNABLE TO DETERMINE,S,1201,TRAFFIC SIGNAL,DIVIDED - W/MEDIAN (NOT RAISED),CLEAR,0.0,0.0,1.0,0.0,0.0,1.0,1,0,[],[],[],"[""2025-10-10T12:30:00.000""]","[""2168461"", ""2168462""]","[""FRONT"", ""REAR""]",[],"[""NISSAN"", ""TOYOTA""]","[""STRAIGHT AHEAD""]","[""4RUNNER"", ""MURANO""]","[""1""]","[""S""]","[""1"", ""2""]","[""DRIVER""]","[""NONE"", ""UNKNOWN""]","[""2067078"", ""2067086""]","[""SPORT UTILITY VEHICLE (SUV)""]","[""PERSONAL"", ""UNKNOWN/NA""]","[""2015"", ""2025""]",[],[],[],[],[],[],[],[],[],[],[],[],[],[],[],[],[],"[""DEPLOYMENT UNKNOWN"", ""DID NOT DEPLOY""]","[""TEST NOT OFFERED""]",[],"[""2025-10-10T12:30:00.000""]","[""FOLLOWED TOO CLOSELY"", ""NONE""]","[""NOT OBSCURED"", ""UNKNOWN""]",[],[],"[""NONE""]",[],"[""O2168461"", ""O2168462""]","[""DRIVER""]","[""NORMAL"", ""UNKNOWN""]","[""SAFETY BELT USED"", ""USAGE UNKNOWN""]","[""M""]",[],"[""2067078"", ""2067086""]",[],[],[],[],[],[],[],2025,10,12,10,False,morning,41.87,-87.62,41.87_-87.62,0.0,0,0,FOLLOWING TOO CLOSELY,0
STRAIGHT ON GRADE,234,2025-10-10 12:30:00,6,12,10,A0EA6471F174A3960908D56CAC6AA58A7593ACA6B69BF6FFFEB3163779AE7BD1331CC8229829117AFCE8D7BCF912BE45691A5966EA7DB1CEE7B5608A6298CC65,NO INJURY / DRIVE AWAY,"OVER $1,500",FUNCTIONING PROPERLY,TURNING,41.7996765113,DAYLIGHT,-87.586840242,2,30,FAILING TO YIELD RIGHT-OF-WAY,NO DEFECTS,DRY,FAILING TO REDUCE SPEED TO AVOID CRASH,E,1556,TRAFFIC SIGNAL,DIVIDED - W/MEDIAN (NOT RAISED),CLEAR,0.0,0.0,1.0,0.0,0.0,1.0,1,2,[],[],"[""Y""]","[""2025-10-10T12:30:00.000""]","[""2172519"", ""2172520""]","[""FRONT"", ""SIDE-LEFT-REAR""]","[""IL""]","[""MAZDA"", ""TOYOTA""]","[""STRAIGHT AHEAD"", ""TURNING RIGHT""]","[""CX-5"", ""OTHER (EXPLAIN IN NARRATIVE)""]","[""1""]","[""E"", ""N""]","[""1"", ""2""]","[""DRIVER""]","[""UNKNOWN""]","[""2070913"", ""2070914""]","[""PASSENGER"", ""SPORT UTILITY VEHICLE (SUV)""]","[""PERSONAL"", ""RIDESHARE SERVICE""]","[""2024"", ""2025""]",[],[],[],[],[],[],[],"[""Y""]",[],[],[],"[""Y""]",[],[],[],[],"['37', '88']","[""DID NOT DEPLOY""]","[""TEST NOT OFFERED""]","[""CHICAGO""]","[""2025-10-10T12:30:00.000""]","[""FAILED TO YIELD"", ""UNKNOWN""]","[""UNKNOWN""]","[""D""]","[""IL""]","[""NONE""]",[],"[""O2172519"", ""O2172520""]","[""DRIVER""]","[""UNKNOWN""]","[""SAFETY BELT USED"", ""USAGE UNKNOWN""]","[""F"", ""M""]","[""IL""]","[""2070913"", ""2070914""]","[""60620"", ""60637""]",[],[],[],[],[],[],2025,10,12,10,False,morning,41.8,-87.59,41.8_-87.59,62.5,37,88,FAILURE-TO-YIELD,0
STRAIGHT AND LEVEL,413,2025-10-10 12:30:00,6,12,10,D399D384211C6E52642ECF0652E533B1138FA77F3AE353D091F4B0AFC44F509BBEFD6B72EB4184810B81E006030A80CD5A1239A471AA520055485837EABAB28A,NO INJURY / DRIVE AWAY,"OVER $1,500",FUNCTIONING PROPERLY,ANGLE,41.7296779424,DAYLIGHT,-87.5756798403,2,30,DISREGARDING TRAFFIC SIGNALS,UNKNOWN,UNKNOWN,DRIVING SKILLS/KNOWLEDGE/EXPERIENCE,S,9100,TRAFFIC SIGNAL,NOT DIVIDED,CLEAR,0.0,1.0,0.0,0.0,0.0,1.0,1,1,"[""Y""]","[""Y""]","[""Y""]","[""2025-10-10T12:30:00.000""]","[""2170950"", ""2170951""]","[""FRONT-RIGHT-CORNER"", ""REAR-RIGHT-CORNER""]","[""IL""]","[""HYUNDAI"", ""UNKNOWN""]","[""STRAIGHT AHEAD""]","[""OTHER (EXPLAIN IN NARRATIVE)"", ""SONATA""]","[""1""]","[""E"", ""N""]","[""1"", ""2""]","[""DRIVER""]","[""UNKNOWN""]","[""2069444"", ""2069445""]","[""PASSENGER""]","[""PERSONAL"", ""UNKNOWN/NA""]","[""2023""]",[],"[""Y""]",[],[],[],[],[],[],[],[],[],[],[],"[""Y""]","[""Y""]",[],['35'],"[""DEPLOYMENT UNKNOWN"", ""NOT APPLICABLE""]","[""TEST NOT OFFERED""]","[""CHICAGO""]","[""2025-10-10T12:30:00.000""]","[""DISREGARDED CONTROL DEVICES"", ""NONE""]","[""UNKNOWN""]","[""D""]","[""IL"", ""XX""]","[""NONE""]",[],"[""O2170950"", ""O2170951""]","[""DRIVER""]","[""NORMAL"", ""UNKNOWN""]","[""USAGE UNKNOWN""]","[""M"", ""X""]","[""IL""]","[""2069444"", ""2069445""]","[""60649""]",[],[],[],[],[],[],2025,10,12,10,False,morning,41.73,-87.58,41.73_-87.58,35.0,35,35,OTHER,0
STRAIGHT AND LEVEL,133,2025-10-10 12:30:00,6,12,10,C0B55BEC00B63A7361D8B441D52E569E1C58501277F932702235CC8941DEBA238F1F1B63D91B136D9BBE5CE23DCE91CDFCC11A00DB5209774D450CC07736E7D3,NO INJURY / DRIVE AWAY,"OVER $1,500",FUNCTIONING PROPERLY,REAR END,41.8455203975,DAYLIGHT,-87.627106592,2,25,FOLLOWING TOO CLOSELY,UNKNOWN,DRY,FAILING TO YIELD RIGHT-OF-WAY,S,2600,TRAFFIC SIGNAL,FOUR WAY,CLEAR,0.0,0.0,1.0,0.0,0.0,1.0,1,2,"[""Y""]",[],"[""Y""]","[""2025-10-10T12:30:00.000""]","[""2167402"", ""2167403""]","[""FRONT"", ""REAR""]","[""IL""]","[""FORD"", ""JEEP""]","[""STRAIGHT AHEAD""]","[""F250"", ""GRAND CHEROKEE""]","[""1""]","[""E""]","[""1"", ""2""]","[""DRIVER""]","[""UNKNOWN""]","[""2066060"", ""2066063""]","[""PASSENGER"", ""PICKUP""]","[""PERSONAL"", ""UNKNOWN/NA""]","[""2016"", ""2022""]",[],[],"[""Y""]",[],[],"[""Y""]",[],[],[],[],[],[],[],"[""Y""]","[""Y""]",[],"['35', '51']","[""NOT APPLICABLE""]","[""TEST NOT OFFERED""]","[""CHICAGO""]","[""2025-10-10T12:30:00.000""]","[""FAILED TO YIELD"", ""NONE""]","[""NOT OBSCURED"", ""OTHER""]","[""D""]","[""IL""]","[""NONE""]",[],"[""O2167402"", ""O2167403""]","[""DRIVER""]","[""NORMAL""]","[""USAGE UNKNOWN""]","[""M""]","[""IL""]","[""2066060"", ""2066063""]","[""60616"", ""60641""]",[],[],[],[],[],[],2025,10,12,10,False,morning,41.85,-87.63,41.85_-87.63,43.0,35,51,FOLLOWING TOO CLOSELY,0
STRAIGHT AND LEVEL,513,2025-10-10 12:30:00,6,12,10,CB3BD661BEA5F17FC1DAD1CDED63E3B814B81931A8BD58B2ED75BC89BA3CBC0F3FAAD6D83EBDDF226C9046D1C6E5225AE94C7CE31A2B2D65367FFBFBEA0CBD1D,NO INJURY / DRIVE AWAY,"OVER $1,500",NO CONTROLS,REAR TO REAR,41.6962325277,DAYLIGHT,-87.5958061971,2,10,IMPROPER BACKING,UNKNOWN,UNKNOWN,NOT APPLICABLE,S,10900,NO CONTROLS,DIVIDED - W/MEDIAN (NOT RAISED),CLEAR,0.0,0.0,0.0,0.0,0.0,1.0,1,2,[],[],[],"[""2025-10-10T12:30:00.000""]","[""2167582"", ""2167583""]","[""NONE"", ""REAR-LEFT-CORNER""]","[""IL""]","[""INFINITI"", ""NISSAN""]","[""BACKING""]","[""QX50"", ""VERSA""]","[""1""]","[""UNKNOWN""]","[""1"", ""2""]","[""DRIVER""]","[""UNKNOWN""]","[""2066222"", ""2066232""]","[""PASSENGER"", ""SPORT UTILITY VEHICLE (SUV)""]","[""UNKNOWN/NA""]","[""2014"", ""2025""]",[],[],[],[],[],[],[],[],[],[],[],[],"[""Y""]",[],[],[],"['54', '65']","[""DID NOT DEPLOY""]","[""TEST NOT OFFERED""]","[""CHICAGO"", ""RIVERDALE""]","[""2025-10-10T12:30:00.000""]","[""FAILED TO YIELD"", ""UNKNOWN""]","[""UNKNOWN""]","[""D""]","[""IL""]","[""NONE""]",[],"[""O2167582"", ""O2167583""]","[""DRIVER""]","[""NORMAL"", ""UNKNOWN""]","[""SAFETY BELT USED""]","[""F""]","[""IL""]","[""2066222"", ""2066232""]","[""60628"", ""60827""]",[],[],[],[],[],[],2025,10,12,10,False,morning,41.7,-87.6,41.7_-87.6,59.5,54,65,OTHER,0
STRAIGHT AND LEVEL,833,2025-10-10 12:25:00,6,12,10,7DBEAA43ED2AC3054D70FFDE1EB077C70CDCF741CDA09D74508ABB478147A017673DD756834BA9380996F1D60ECAEB8AB299D59FBF583A1C837D77C3E53BE9BB,NO INJURY / DRIVE AWAY,"OVER $1,500",NO CONTROLS,REAR END,41.7546601244,DAYLIGHT,-87.7413847586,2,30,FOLLOWING TOO CLOSELY,NO DEFECTS,DRY,NOT APPLICABLE,S,7601,NO CONTROLS,NOT DIVIDED,CLEAR,0.0,0.0,0.0,0.0,0.0,1.0,1,0,"[""Y""]",[],"[""Y""]","[""2025-10-10T12:25:00.000""]","[""2167406"", ""2167407""]","[""FRONT"", ""REAR""]","[""IL""]","[""HONDA"", ""JEEP""]","[""STRAIGHT AHEAD""]","[""CR-V"", ""WRANGLER""]","[""1""]","[""N""]","[""1"", ""2""]","[""DRIVER""]","[""NONE""]","[""2066059"", ""2066062""]","[""PASSENGER""]","[""PERSONAL""]","[""2002"", ""2023""]",[],[],"[""Y""]",[],[],"[""Y""]",[],[],[],[],[],[],[],"[""Y""]","[""Y""]",[],[],"[""DID NOT DEPLOY""]","[""TEST NOT OFFERED""]","[""BLUE ISLAND"", ""CHICAGO""]","[""2025-10-10T12:25:00.000""]","[""NONE""]","[""NOT OBSCURED""]",[],"[""IL""]","[""NONE""]",[],"[""O2167406"", ""O2167407""]","[""DRIVER""]","[""NORMAL""]","[""SAFETY BELT USED""]","[""F""]","[""IL""]","[""2066059"", ""2066062""]",[],[],[],[],[],[],[],2025,10,12,10,False,morning,41.75,-87.74,41.75_-87.74,0.0,0,0,FOLLOWING TOO CLOSELY,0
STRAIGHT AND LEVEL,1623,2025-10-10 12:20:00,6,12,10,748C38504F797C00C4DD3C1CA0C80CE3550C9D145DB1A3E9B9EE3655E00E288F06BB84AD746AE90AFFCC5385527B34B0805A735FDB6461F0B7F8C07979889090,NO INJURY / DRIVE AWAY,"OVER $1,500",NO CONTROLS,TURNING,41.9684626681,DAYLIGHT,-87.7614161621,2,30,FAILING TO YIELD RIGHT-OF-WAY,NO DEFECTS,DRY,NOT APPLICABLE,N,4826,TRAFFIC SIGNAL,NOT DIVIDED,CLEAR,0.0,0.0,1.0,0.0,0.0,1.0,1,2,"[""Y""]",[],[],"[""2025-10-10T12:20:00.000""]","[""2167386"", ""2167387""]","[""FRONT-RIGHT-CORNER"", ""SIDE-LEFT""]","[""IL""]","[""NISSAN"", ""TOYOTA""]","[""STRAIGHT AHEAD"", ""TURNING RIGHT""]","[""PRIUS"", ""ROGUE""]","[""1""]","[""N"", ""W""]","[""1"", ""2""]","[""DRIVER""]","[""NONE""]","[""2066044"", ""2066046""]","[""PASSENGER"", ""SPORT UTILITY VEHICLE (SUV)""]","[""PERSONAL""]","[""2007"", ""2011""]",[],[],[],[],[],[],[],"[""Y""]",[],[],[],[],[],[],[],[],"['22', '33']","[""DID NOT DEPLOY""]","[""TEST NOT OFFERED""]","[""CHICAGO""]","[""2025-10-10T12:20:00.000""]","[""FAILED TO YIELD"", ""NONE""]","[""NOT OBSCURED""]","[""D""]","[""IL""]","[""NONE""]",[],"[""O2167386"", ""O2167387""]","[""DRIVER""]","[""NORMAL""]","[""SAFETY BELT USED""]","[""F"", ""M""]","[""IL""]","[""2066044"", ""2066046""]","[""60651"", ""60656""]",[],[],[],[],[],[],2025,10,12,10,False,morning,41.97,-87.76,41.97_-87.76,27.5,22,33,FAILURE-TO-YIELD,0
STRAIGHT AND LEVEL,1654,2025-10-10 12:15:00,6,12,10,49D6AFF9E41C5D5CE001B545C603C311029079327DF811865BFC6048ED058A15863AB3F7302A9127FECCC686001C785F978DEE57D720C3B27BD20F0131847A36,INJURY AND / OR TOW DUE TO CRASH,"OVER $1,500",NO CONTROLS,SIDESWIPE SAME DIRECTION,41.8736407663,DAYLIGHT,-87.6723897727,2,50,FAILING TO YIELD RIGHT-OF-WAY,NO DEFECTS,DRY,FAILING TO YIELD RIGHT-OF-WAY,W,2,NO CONTROLS,OTHER,CLEAR,0.0,0.0,0.0,0.0,0.0,1.0,1,2,[],"[""Y""]",[],"[""2025-10-10T12:15:00.000""]","[""2193873"", ""2193874""]","[""SIDE-LEFT"", ""SIDE-RIGHT""]","[""IL"", ""OH""]","[""ACURA"", ""VOLKSWAGEN""]","[""CHANGING LANES"", ""STRAIGHT AHEAD""]","[""ATLAS"", ""RL""]","[""1""]","[""E""]","[""1"", ""2""]","[""DRIVER""]","[""UNKNOWN""]","[""2091093"", ""2091094""]","[""SPORT UTILITY VEHICLE (SUV)""]","[""OTHER"", ""PERSONAL""]","[""2020"", ""2025""]","[""Y""]","[""Y""]","[""Y""]",[],"[""Y""]",[],[],"[""Y""]","[""Y""]",[],[],[],[],"[""Y""]","[""Y""]",[],"['65', '78']","[""DEPLOYED, SIDE"", ""DID NOT DEPLOY""]","[""TEST NOT OFFERED""]","[""CHERRY VALLRY"", ""LAKE ZURICH""]","[""2025-10-10T12:15:00.000""]","[""FAILED TO YIELD"", ""NONE""]","[""UNKNOWN""]","[""D""]","[""IL""]","[""NONE""]","[""RESURRECTION""]","[""O2193873"", ""O2193874""]","[""DRIVER""]","[""NORMAL""]","[""SAFETY BELT USED""]","[""F"", ""M""]","[""IL""]","[""2091093"", ""2091094""]","[""60047"", ""61016""]","[""#59""]",[],[],[],[],[],2025,10,12,10,False,morning,41.87,-87.67,NAN_NAN,71.5,65,78,FAILURE-TO-YIELD,1
STRAIGHT AND LEVEL,1824,2025-10-10 12:13:00,6,12,10,AF90F12D0D50876D8C63E63AA87F8CDA85B7E63D834D63E9AD44E8FB4DF88BA0735814E4518D97BCE6B4016D404D701ABA8B4D13F67D4937824B3D6DF362B24F,NO INJURY / DRIVE AWAY,"OVER $1,500",NO CONTROLS,SIDESWIPE SAME DIRECTION,41.9059807588,DAYLIGHT,-87.6247167968,2,30,IMPROPER LANE USAGE,UNKNOWN,UNKNOWN,FAILING TO REDUCE SPEED TO AVOID CRASH,N,1301,NO CONTROLS,DIVIDED - W/MEDIAN BARRIER,CLOUDY/OVERCAST,0.0,1.0,0.0,0.0,0.0,1.0,1,1,"[""Y""]",[],[],"[""2025-10-10T12:13:00.000""]","[""2167400"", ""2167401""]","[""FRONT-RIGHT-CORNER"", ""REAR-LEFT-CORNER""]","[""IL""]","[""ACURA"", ""AUDI""]","[""CHANGING LANES"", ""STRAIGHT AHEAD""]","[""A5"", ""TLX""]","[""1""]","[""N""]","[""1"", ""2""]","[""DRIVER""]","[""NONE"", ""UNKNOWN""]","[""2066056"", ""2066057""]","[""PASSENGER""]","[""PERSONAL"", ""UNKNOWN/NA""]","[""2015"", ""2024""]",[],[],[],[],[],"[""Y""]",[],[],[],[],[],[],[],[],[],[],['21'],"[""DEPLOYMENT UNKNOWN"", ""DID NOT DEPLOY""]","[""TEST NOT OFFERED""]","[""CHICAGO""]","[""2025-10-10T12:13:00.000""]","[""IMPROPER LANE CHANGE"", ""OTHER""]","[""NOT OBSCURED"", ""UNKNOWN""]","[""D""]","[""IL""]","[""NONE""]",[],"[""O2167400"", ""O2167401""]","[""DRIVER""]","[""NORMAL"", ""UNKNOWN""]","[""SAFETY BELT USED"", ""USAGE UNKNOWN""]","[""M""]","[""IL""]","[""2066056"", ""2066057""]","[""60611""]",[],[],[],[],[],[],2025,10,12,10,False,morning,41.91,-87.62,41.91_-87.62,21.0,21,21,OTHER,0