alignment,beat_of_occurrence,crash_date,crash_day_of_week,crash_hour,crash_month,crash_record_id,crash_type,damage,device_condition,first_crash_type,latitude,lighting_condition,longitude,num_units,posted_speed_limit,prim_contributory_cause,road_defect,roadway_surface_cond,sec_contributory_cause,street_direction,street_no,traffic_control_device,trafficway_type,weather_condition,private_property_i,hit_and_run_i,intersection_related_i,crash_date_est_i,work_zone_i,workers_present_i,veh_count,ppl_count,veh_area_01_i_list_json,veh_area_02_i_list_json,veh_area_12_i_list_json,veh_crash_date_list_json,veh_crash_unit_id_list_json,veh_first_contact_point_list_json,veh_lic_plate_state_list_json,veh_make_list_json,veh_maneuver_list_json,veh_model_list_json,veh_occupant_cnt_list_json,veh_travel_direction_list_json,veh_unit_no_list_json,veh_unit_type_list_json,veh_vehicle_defect_list_json,veh_vehicle_id_list_json,veh_vehicle_type_list_json,veh_vehicle_use_list_json,veh_vehicle_year_list_json,veh_area_03_i_list_json,veh_area_04_i_list_json,veh_area_11_i_list_json,veh_towed_by_list_json,veh_towed_i_list_json,veh_area_07_i_list_json,veh_area_99_i_list_json,veh_area_09_i_list_json,veh_area_10_i_list_json,veh_cmrc_veh_i_list_json,veh_num_passengers_list_json,veh_area_08_i_list_json,veh_area_00_i_list_json,veh_area_05_i_list_json,veh_area_06_i_list_json,veh_towed_to_list_json,ppl_age_list_json,ppl_airbag_deployed_list_json,ppl_bac_result_list_json,ppl_city_list_json,ppl_crash_date_list_json,ppl_driver_action_list_json,ppl_driver_vision_list_json,ppl_drivers_license_class_list_json,ppl_drivers_license_state_list_json,ppl_ejection_list_json,ppl_hospital_list_json,ppl_person_id_list_json,ppl_person_type_list_json,ppl_physical_condition_list_json,ppl_safety_equipment_list_json,ppl_sex_list_json,ppl_state_list_json,ppl_vehicle_id_list_json,ppl_zipcode_list_json,ppl_ems_agency_list_json,ppl_seat_no_list_json,ppl_pedpedal_action_list_json,ppl_pedpedal_location_list_json,ppl_pedpedal_visibility_list_json,ppl_ems_run_no_list_json,year,month,hour,day,is_weekend,hour_bin,lat_bin,lng_bin,grid_id,ppl_age_mean,ppl_age_min,ppl_age_max,prim_contributory_cause_group,ksi_flag
STRAIGHT AND LEVEL,934,2025-10-10 11:50:00,6,11,10,A30BECF5209253669852665C48E14488934ABF37B8D81F7FB012944D7D0DEBB6F486C62462BCF7CEB3C9E15065C01A0D4E103390A9D0C3BADBA6E349F70797D1,NO INJURY / DRIVE AWAY,"OVER $1,500",NO CONTROLS,SIDESWIPE SAME DIRECTION,41.7947570715,DAYLIGHT,-87.6596021756,2,30,"OPERATING VEHICLE IN ERRATIC, RECKLESS, CARELESS, NEGLIGENT OR AGGRESSIVE MANNER",NO DEFECTS,DRY,NOT APPLICABLE,S,5439,NO CONTROLS,NOT DIVIDED,CLEAR,0.0,0.0,0.0,0.0,0.0,1.0,1,2,"[""Y""]","[""Y""]",[],"[""2025-10-10T11:50:00.000""]","[""2167904"", ""2167905""]","[""FRONT-LEFT-CORNER"", ""FRONT-RIGHT-CORNER""]","[""IL""]","[""DODGE"", ""JEEP""]","[""STRAIGHT AHEAD""]","[""CARAVAN"", ""WRANGLER""]","[""1""]","[""N""]","[""1"", ""2""]","[""DRIVER""]","[""UNKNOWN""]","[""2066550"", ""2066553""]","[""PASSENGER"", ""VAN/MINI-VAN""]","[""PERSONAL""]","[""2011"", ""2012""]",[],[],"[""Y""]",[],[],[],[],[],"[""Y""]",[],[],[],[],[],[],[],"['38', '41']","[""NOT APPLICABLE""]","[""TEST NOT OFFERED""]","[""CHCIAGO"", ""CHICAGO""]","[""2025-10-10T11:50:00.000""]","[""UNKNOWN""]","[""UNKNOWN""]","[""D""]","[""IL""]","[""NONE""]","[""REFUSED""]","[""O2167904"", ""O2167905""]","[""DRIVER""]","[""IMPAIRED - DRUGS"", ""NORMAL""]","[""USAGE UNKNOWN""]","[""F"", ""M""]","[""IL""]","[""2066550"", ""2066553""]","[""60622"", ""60636""]",[],[],[],[],[],[],2025,10,11,10,False,morning,41.79,-87.66,41.79_-87.66,39.5,38,41,OTHER,0
STRAIGHT AND LEVEL,1021,2025-10-10 11:44:00,6,11,10,853FA827FF77EB7992524F87029FB2F674F85B041CD3A6BB823770FE0C7E9D3CC7897E84462D81558E268BAC94E77BEA0D7BF3881864DDA3CC05B6BDF06AFDB6,INJURY AND / OR TOW DUE TO CRASH,"OVER $1,500",FUNCTIONING PROPERLY,SIDESWIPE SAME DIRECTION,41.8662377688,DAYLIGHT,-87.7106621288,3,30,DISREGARDING TRAFFIC SIGNALS,NO DEFECTS,DRY,NOT APPLICABLE,W,3401,TRAFFIC SIGNAL,NOT DIVIDED,CLEAR,0.0,0.0,1.0,1.0,0.0,1.0,1,3,"[""Y""]","[""Y""]","[""Y""]","[""2025-10-10T11:44:00.000""]","[""2167423"", ""2167424"", ""2167425""]","[""FRONT"", ""SIDE-LEFT"", ""TOTAL (ALL AREAS)""]","[""IL""]","[""BMW"", ""KIA"", ""VOLKSWAGEN""]","[""STRAIGHT AHEAD""]","[""328I"", ""OTHER (EXPLAIN IN NARRATIVE)"", ""TIGUAN""]","[""1""]","[""N"", ""W""]","[""1"", ""2"", ""3""]","[""DRIVER""]","[""NONE""]","[""2066093"", ""2066099"", ""2066102""]","[""OTHER"", ""PASSENGER""]","[""OTHER"", ""PERSONAL""]","[""2009"", ""2022"", ""2024""]",[],[],"[""Y""]","[""PRIVATE TOW"", ""city of chicago""]","[""Y""]","[""Y""]",[],[],"[""Y""]",[],[],[],[],"[""Y""]","[""Y""]","[""701 n sacramento blvd""]","['29', '39', '54']","[""DEPLOYED, COMBINATION"", ""NOT APPLICABLE""]","[""TEST NOT OFFERED""]","[""CHICAGO"", ""FORESTPARK"", ""TINLEY PARK""]","[""2025-10-10T11:44:00.000""]","[""DISREGARDED CONTROL DEVICES"", ""NONE""]","[""NOT OBSCURED"", ""UNKNOWN""]","[""D""]","[""IL""]","[""NONE""]","[""STROGER HOSPITAL""]","[""O2167423"", ""O2167424"", ""O2167425""]","[""DRIVER""]","[""NORMAL"", ""OTHER""]","[""SAFETY BELT USED"", ""USAGE UNKNOWN""]","[""F"", ""M""]","[""IL""]","[""2066093"", ""2066099"", ""2066102""]","[""60130"", ""60477"", ""60653""]","[""64""]",[],[],[],[],[],2025,10,11,10,False,morning,41.87,-87.71,41.87_-87.71,40.666666666666664,29,54,OTHER,1
STRAIGHT AND LEVEL,1814,2025-10-10 11:40:00,6,11,10,794279ED3A2D7B016495EF5452C4D6A12FEAFBB4486E0AEE21A5E90E85E32A8E0FA7DAA652FA813A5327771252F8916BAD51FFCE1E83EB9F073AFF53F199286B,NO INJURY / DRIVE AWAY,"OVER $1,500",FUNCTIONING PROPERLY,TURNING,41.9120921539,DAYLIGHT,-87.6333040066,2,30,IMPROPER TURNING/NO SIGNAL,NO DEFECTS,DRY,IMPROPER TURNING/NO SIGNAL,N,1632,TRAFFIC SIGNAL,DIVIDED - W/MEDIAN BARRIER,CLEAR,0.0,1.0,1.0,0.0,0.0,1.0,1,2,"[""Y""]","[""Y""]",[],"[""2025-10-10T11:40:00.000""]","[""2167392"", ""2167393""]","[""SIDE-RIGHT"", ""UNKNOWN""]","[""IL"", ""WI""]","[""CHRYSLER"", ""MASERATI""]","[""STRAIGHT AHEAD"", ""TURNING LEFT""]","[""LEVANTE"", ""PACIFICA""]","[""1"", ""3""]","[""E""]","[""1"", ""2""]","[""DRIVER""]","[""UNKNOWN""]","[""2066048"", ""2066052""]","[""PASSENGER"", ""VAN/MINI-VAN""]","[""PERSONAL"", ""UNKNOWN/NA""]","[""2018"", ""2022""]","[""Y""]",[],[],[],[],[],"[""Y""]",[],[],[],"[""2""]",[],[],[],[],[],"['17', '36']","[""DEPLOYMENT UNKNOWN"", ""DID NOT DEPLOY""]","[""TEST NOT OFFERED""]","[""CHARLESTOWN"", ""UNKNOWN""]","[""2025-10-10T11:40:00.000""]","[""IMPROPER LANE CHANGE"", ""NONE""]","[""UNKNOWN""]",[],"[""IN"", ""XX""]","[""NONE""]",[],"[""O2167392"", ""O2167393"", ""P478229"", ""P478230""]","[""DRIVER"", ""PASSENGER""]","[""NORMAL"", ""UNKNOWN""]","[""USAGE UNKNOWN""]","[""F""]","[""IN"", ""XX""]","[""2066048"", ""2066052""]","[""47111""]",[],"[""3"", ""6""]",[],[],[],[],2025,10,11,10,False,morning,41.91,-87.63,41.91_-87.63,26.5,17,36,OTHER,0
STRAIGHT AND LEVEL,1231,2025-10-10 11:40:00,6,11,10,51A74A2D28188B458FBB8E90DE122755AE9395DE863510F68BF1FD0131994FAB43F3A1941F99D86C53BA1BE403D105F02269828B140EE4939DB5E6A50892F085,NO INJURY / DRIVE AWAY,"OVER $1,500",FUNCTIONING PROPERLY,SIDESWIPE SAME DIRECTION,41.8752840064,DAYLIGHT,-87.6732074112,2,30,UNABLE TO DETERMINE,NO DEFECTS,DRY,UNABLE TO DETERMINE,W,1869,STOP SIGN/FLASHER,NOT DIVIDED,CLEAR,0.0,1.0,0.0,0.0,0.0,1.0,1,1,[],[],[],"[""2025-10-10T11:40:00.000""]","[""2167412"", ""2167413""]","[""SIDE-RIGHT"", ""UNKNOWN""]","[""IL""]","[""HONDA"", ""UNKNOWN""]","[""STRAIGHT AHEAD""]","[""ACCORD"", ""MOTORIZED""]","[""1""]","[""W""]","[""1"", ""2""]","[""DRIVER""]","[""NONE"", ""UNKNOWN""]","[""2066068"", ""2066072""]","[""PASSENGER""]","[""PERSONAL""]","[""2023""]","[""Y""]","[""Y""]",[],[],[],[],[],[],[],[],[],[],[],"[""Y""]",[],[],['40'],"[""DEPLOYMENT UNKNOWN"", ""DID NOT DEPLOY""]","[""TEST NOT OFFERED""]","[""CHICAGO""]","[""2025-10-10T11:40:00.000""]","[""FAILED TO YIELD"", ""NONE""]","[""NOT OBSCURED"", ""UNKNOWN""]","[""D""]","[""IL"", ""XX""]","[""NONE""]",[],"[""O2167412"", ""O2167413""]","[""DRIVER""]","[""NORMAL"", ""UNKNOWN""]","[""SAFETY BELT USED"", ""USAGE UNKNOWN""]","[""M"", ""X""]","[""IL""]","[""2066068"", ""2066072""]","[""60645""]",[],[],[],[],[],[],2025,10,11,10,False,morning,41.88,-87.67,41.88_-87.67,40.0,40,40,OTHER,0
STRAIGHT AND LEVEL,823,2025-10-10 11:35:00,6,11,10,7AE21649DB39172753F7D52B964FCFE878EE79A0575CBBBECED5020A72403049D6CFF8843C157D088658FB7EBD8C1A6DDC44193A5049C93DBDF6668F0EEAC8F8,INJURY AND / OR TOW DUE TO CRASH,"OVER $1,500",NO CONTROLS,PEDALCYCLIST,41.7750587312,DAYLIGHT,-87.7225209305,2,30,UNABLE TO DETERMINE,UNKNOWN,DRY,UNABLE TO DETERMINE,S,6459,NO CONTROLS,FOUR WAY,CLEAR,0.0,0.0,1.0,0.0,0.0,1.0,2,2,"[""Y""]","[""Y""]",[],"[""2025-10-10T11:35:00.000""]","[""2167396"", ""2167397""]","[""SIDE-RIGHT-FRONT""]","[""IL""]","[""HONDA""]","[""TURNING RIGHT""]","[""CIVIC""]","[""1""]","[""W""]","[""1"", ""2""]","[""BICYCLE"", ""DRIVER""]","[""UNKNOWN""]","[""2066061""]","[""PASSENGER""]","[""PERSONAL""]","[""2025""]",[],[],[],[],[],[],[],[],[],[],[],[],[],[],[],[],"['26', '29']","[""NOT APPLICABLE""]","[""TEST NOT OFFERED""]","[""CHICAGO""]","[""2025-10-10T11:35:00.000""]","[""UNKNOWN""]","[""NOT OBSCURED"", ""UNKNOWN""]","[""D""]","[""IL""]","[""NONE""]","[""HOLY CROSS HOSPITAL""]","[""O2167396"", ""O2167397""]","[""BICYCLE"", ""DRIVER""]","[""NORMAL"", ""UNKNOWN""]","[""HELMET NOT USED"", ""SAFETY BELT USED""]","[""F"", ""M""]","[""IL""]","[""2066061""]","[""60629""]",[],[],"[""NOT AT INTERSECTION""]","[""IN CROSSWALK""]","[""NO CONTRASTING CLOTHING""]",[],2025,10,11,10,False,morning,41.78,-87.72,41.78_-87.72,27.5,26,29,OTHER,1
STRAIGHT AND LEVEL,1433,2025-10-10 11:34:00,6,11,10,1DEF59C23AAFF58EB57BBFA40E5E17E390ABDFC5F1BB1C7EFC972BAEC4DF2B27E2BAC976D78B99AE5621B40F46DE4CFEB31EF31D2FC6C5F12A8D4F13FF39D551,NO INJURY / DRIVE AWAY,"OVER $1,500",NO CONTROLS,REAR END,41.9106553277,DAYLIGHT,-87.6590174223,2,30,FOLLOWING TOO CLOSELY,UNKNOWN,UNKNOWN,FAILING TO REDUCE SPEED TO AVOID CRASH,W,1255,NO CONTROLS,DIVIDED - W/MEDIAN (NOT RAISED),CLOUDY/OVERCAST,0.0,0.0,0.0,0.0,0.0,1.0,1,2,"[""Y""]",[],"[""Y""]","[""2025-10-10T11:34:00.000""]","[""2167426"", ""2167427""]","[""FRONT"", ""REAR""]","[""IL""]","[""BUICK"", ""HONDA""]","[""SLOW/STOP IN TRAFFIC""]","[""CR-V"", ""ENCORE""]","[""1""]","[""E""]","[""1"", ""2""]","[""DRIVER""]","[""NONE"", ""UNKNOWN""]","[""2066079"", ""2066081""]","[""SPORT UTILITY VEHICLE (SUV)""]","[""PERSONAL"", ""UNKNOWN/NA""]","[""2010"", ""2020""]",[],[],"[""Y""]",[],[],"[""Y""]",[],[],[],[],[],[],[],"[""Y""]","[""Y""]",[],"['34', '63']","[""DID NOT DEPLOY""]","[""TEST NOT OFFERED""]","[""CHICAGO"", ""CHICAGOI""]","[""2025-10-10T11:34:00.000""]","[""FOLLOWED TOO CLOSELY"", ""OTHER""]","[""NOT OBSCURED"", ""UNKNOWN""]","[""D"", ""DM""]","[""IL""]","[""NONE""]",[],"[""O2167426"", ""O2167427""]","[""DRIVER""]","[""NORMAL"", ""UNKNOWN""]","[""SAFETY BELT USED"", ""USAGE UNKNOWN""]","[""F"", ""M""]","[""IL""]","[""2066079"", ""2066081""]","[""60639"", ""60642""]",[],[],[],[],[],[],2025,10,11,10,False,morning,41.91,-87.66,41.91_-87.66,48.5,34,63,FOLLOWING TOO CLOSELY,0
STRAIGHT AND LEVEL,122,2025-10-10 11:30:00,6,11,10,31F5FA1DB4E5ECEFFFB1EB42930F106DFA41B703748E2FEAB20ACA23D193448BEC411F175D848C8EA93E0F12607F090C434F8DBCE1C7CA7ABF2075498E19AEB5,NO INJURY / DRIVE AWAY,"OVER $1,500",FUNCTIONING PROPERLY,SIDESWIPE SAME DIRECTION,41.8830925193,DAYLIGHT,-87.6365042506,2,30,IMPROPER LANE USAGE,NO DEFECTS,DRY,FAILING TO REDUCE SPEED TO AVOID CRASH,W,341,TRAFFIC SIGNAL,FOUR WAY,CLEAR,0.0,0.0,1.0,0.0,0.0,1.0,1,2,"[""Y""]","[""Y""]",[],"[""2025-10-10T11:30:00.000""]","[""2167875"", ""2167876""]","[""FRONT-RIGHT-CORNER"", ""SIDE-LEFT""]","[""IL""]","[""FORD""]","[""AVOIDING VEHICLES/OBJECTS"", ""STRAIGHT AHEAD""]","[""FUSION"", ""TRANSIT""]","[""1"", ""2""]","[""E""]","[""1"", ""2""]","[""DRIVER""]","[""NONE""]","[""2066530"", ""2066534""]","[""PASSENGER"", ""VAN/MINI-VAN""]","[""COMMERCIAL - SINGLE UNIT"", ""PERSONAL""]","[""2013"", ""2016""]","[""Y""]",[],[],[],[],"[""Y""]",[],"[""Y""]",[],[],"[""1""]","[""Y""]",[],[],[],[],"['32', '35']","[""DID NOT DEPLOY""]","[""TEST NOT OFFERED""]","[""CHICAGO"", ""NILES""]","[""2025-10-10T11:30:00.000""]","[""IMPROPER LANE CHANGE"", ""NONE""]","[""NOT OBSCURED"", ""UNKNOWN""]","[""D""]","[""IL""]","[""NONE""]",[],"[""O2167875"", ""O2167876"", ""P478331""]","[""DRIVER"", ""PASSENGER""]","[""NORMAL"", ""UNKNOWN""]","[""SAFETY BELT NOT USED"", ""SAFETY BELT USED""]","[""F"", ""M""]","[""IL""]","[""2066530"", ""2066534""]","[""60639"", ""60714""]",[],"[""3""]",[],[],[],[],2025,10,11,10,False,morning,41.88,-87.64,41.88_-87.64,33.5,32,35,OTHER,0
STRAIGHT AND LEVEL,921,2025-10-10 11:30:00,6,11,10,C2967A699BFFC5B02F6176548E915C9D4D3E0298ADC7FE238CD4A8F335A76BFB0ED047375893F5E50A6F4216366A719DBCA0CC9E4D6F10D608FA2DCA9AA0AB94,NO INJURY / DRIVE AWAY,"OVER $1,500",FUNCTIONING PROPERLY,REAR END,41.8227482278,DAYLIGHT,-87.6947772933,2,30,FAILING TO REDUCE SPEED TO AVOID CRASH,NO DEFECTS,DRY,NOT APPLICABLE,S,3900,TRAFFIC SIGNAL,NOT DIVIDED,CLEAR,0.0,0.0,0.0,0.0,0.0,1.0,1,2,[],[],[],"[""2025-10-10T11:30:00.000""]","[""2167718"", ""2167719""]","[""FRONT"", ""REAR""]","[""IL""]","[""CHEVROLET"", ""VOLKSWAGEN""]","[""STARTING IN TRAFFIC"", ""STRAIGHT AHEAD""]","[""JETTA"", ""SILVERADO""]","[""1""]","[""N""]","[""1"", ""2""]","[""DRIVER""]","[""NONE""]","[""2066365"", ""2066367""]","[""PASSENGER"", ""PICKUP""]","[""PERSONAL""]","[""2013""]",[],[],[],[],[],[],"[""Y""]",[],[],[],[],[],[],[],"[""Y""]",[],"['33', '57']","[""NOT APPLICABLE""]","[""TEST NOT OFFERED""]","[""CHICAGO""]","[""2025-10-10T11:30:00.000""]","[""NONE"", ""OTHER""]","[""NOT OBSCURED""]","[""D""]","[""IL""]","[""NONE""]",[],"[""O2167718"", ""O2167719""]","[""DRIVER""]","[""NORMAL""]","[""NONE PRESENT"", ""USAGE UNKNOWN""]","[""F"", ""M""]","[""IL""]","[""2066365"", ""2066367""]","[""60629"", ""60632""]",[],[],[],[],[],[],2025,10,11,10,False,morning,41.82,-87.69,41.82_-87.69,45.0,33,57,SPEEDING,0
STRAIGHT AND LEVEL,123,2025-10-10 11:30:00,6,11,10,59BA4CE1A56DAD26074EA168F6790945996F8A237E6E3F30D26CD46C401458DB5F414388CBEC5D7BBA69B150E25D6B5190DF924C71B12D99C63AD44F5EFCA3F8,NO INJURY / DRIVE AWAY,"OVER $1,500",NO CONTROLS,SIDESWIPE SAME DIRECTION,41.8674829196,DAYLIGHT,-87.630492795,2,30,IMPROPER OVERTAKING/PASSING,NO DEFECTS,DRY,NOT APPLICABLE,W,100,NO CONTROLS,NOT DIVIDED,CLEAR,0.0,0.0,0.0,0.0,0.0,1.0,1,2,"[""Y""]",[],[],"[""2025-10-10T11:30:00.000""]","[""2167379"", ""2167380""]","[""FRONT-RIGHT-CORNER"", ""SIDE-LEFT-REAR""]","[""IL""]","[""FORD"", ""NISSAN""]","[""PASSING/OVERTAKING"", ""STRAIGHT AHEAD""]","[""MAVERICK TRUCK"", ""PATHFINDER""]","[""1""]","[""W""]","[""1"", ""2""]","[""DRIVER""]","[""NONE"", ""UNKNOWN""]","[""2066032"", ""2066035""]","[""PICKUP"", ""UNKNOWN/NA""]","[""PERSONAL"", ""UNKNOWN/NA""]","[""2017"", ""2025""]",[],[],[],[],[],"[""Y""]",[],"[""Y""]",[],[],[],"[""Y""]",[],[],[],[],"['42', '62']","[""DID NOT DEPLOY""]","[""TEST NOT OFFERED""]","[""CHICAGO"", ""HOMEWOOD""]","[""2025-10-10T11:30:00.000""]","[""IMPROPER PASSING"", ""NONE""]","[""NOT OBSCURED"", ""UNKNOWN""]","[""DM""]","[""IL""]","[""NONE""]",[],"[""O2167379"", ""O2167380""]","[""DRIVER""]","[""NORMAL"", ""UNKNOWN""]","[""SAFETY BELT USED"", ""USAGE UNKNOWN""]","[""M""]","[""IL""]","[""2066032"", ""2066035""]","[""60430"", ""60619""]",[],[],[],[],[],[],2025,10,11,10,False,morning,41.87,-87.63,41.87_-87.63,52.0,42,62,OTHER,0
STRAIGHT AND LEVEL,2534,2025-10-10 11:28:00,6,11,10,3499C1D0923EC8B173E914B418932E367F421F66DA27BE4936F6EFE22063BBA175FED958E45D4AA11EDDCC4999035252064DBC81C39C6E255242023D940FF1E8,NO INJURY / DRIVE AWAY,"OVER $1,500",FUNCTIONING PROPERLY,REAR END,41.909770483,DAYLIGHT,-87.7267900153,2,30,DISTRACTION - FROM INSIDE VEHICLE,NO DEFECTS,WET,NOT APPLICABLE,W,4009,TRAFFIC SIGNAL,NOT DIVIDED,CLEAR,0.0,0.0,0.0,0.0,0.0,1.0,1,2,[],[],"[""Y""]","[""2025-10-10T11:28:00.000""]","[""2167374"", ""2167375""]","[""FRONT-LEFT-CORNER"", ""REAR-RIGHT-CORNER""]","[""IL""]","[""FORD"", ""TOYOTA""]","[""SLOW/STOP IN TRAFFIC""]","[""ELITE"", ""RAV4""]","[""1""]","[""E""]","[""1"", ""2""]","[""DRIVER""]","[""NONE""]","[""2066030"", ""2066036""]","[""SPORT UTILITY VEHICLE (SUV)""]","[""PERSONAL""]","[""2009"", ""2017""]",[],[],"[""Y""]",[],[],[],[],[],"[""Y""]",[],[],[],[],"[""Y""]","[""Y""]",[],"['72', '76']","[""DID NOT DEPLOY""]","[""TEST NOT OFFERED""]","[""CHICAGO""]","[""2025-10-10T11:28:00.000""]","[""NONE"", ""OTHER""]","[""NOT OBSCURED""]","[""D""]","[""IL""]","[""NONE""]",[],"[""O2167374"", ""O2167375""]","[""DRIVER""]","[""NORMAL""]","[""SAFETY BELT USED""]","[""F"", ""M""]","[""IL""]","[""2066030"", ""2066036""]","[""60622""]",[],[],[],[],[],[],2025,10,11,10,False,morning,41.91,-87.73,41.91_-87.73,74.0,72,76,DISTRACTION/INATTENTION,0
STRAIGHT AND LEVEL,1621,2025-10-10 11:15:00,6,11,10,5669A88B1B061E825CEF35F196721F3B184B5E0B267886D568ADA5CACA8D9D5CD803C16CEB011B3B80499526AD695FD9EBA9869BFB6025C3896089FA802B4359,INJURY AND / OR TOW DUE TO CRASH,"$501 - $1,500",FUNCTIONING PROPERLY,REAR END,41.9971982833,DAYLIGHT,-87.7730315605,3,30,FOLLOWING TOO CLOSELY,NO DEFECTS,DRY,UNABLE TO DETERMINE,W,5801,TRAFFIC SIGNAL,DIVIDED - W/MEDIAN (NOT RAISED),CLEAR,0.0,0.0,0.0,0.0,0.0,1.0,1,3,[],[],"[""Y""]","[""2025-10-10T11:15:00.000""]","[""2167376"", ""2167377"", ""2167378""]","[""FRONT"", ""REAR""]","[""IL""]","[""CHEVROLET"", ""KIA"", ""MERCEDES-BENZ""]","[""SLOW/STOP IN TRAFFIC"", ""STRAIGHT AHEAD""]","[""CLARUS"", ""OTHER (EXPLAIN IN NARRATIVE)"", ""S-CLASS""]","[""1""]","[""E""]","[""1"", ""2"", ""3""]","[""DRIVER""]","[""NONE"", ""UNKNOWN""]","[""2066033"", ""2066040"", ""2066043""]","[""PASSENGER""]","[""PERSONAL""]","[""2003"", ""2013"", ""2018""]",[],[],[],[],[],[],[],[],[],[],[],[],[],[],"[""Y""]",[],"['19', '21', '46']","[""DID NOT DEPLOY""]","[""TEST NOT OFFERED""]","[""CHICAGO""]","[""2025-10-10T11:15:00.000""]","[""FOLLOWED TOO CLOSELY"", ""NONE"", ""UNKNOWN""]","[""NOT OBSCURED"", ""UNKNOWN""]","[""D""]","[""IL""]","[""NONE""]",[],"[""O2167376"", ""O2167377"", ""O2167378""]","[""DRIVER""]","[""NORMAL"", ""UNKNOWN""]","[""SAFETY BELT USED"", ""USAGE UNKNOWN""]","[""M""]","[""IL""]","[""2066033"", ""2066040"", ""2066043""]","[""60625"", ""60626"", ""60656""]",[],[],[],[],[],[],2025,10,11,10,False,morning,42.0,-87.77,42.0_-87.77,28.666666666666668,19,46,FOLLOWING TOO CLOSELY,1
STRAIGHT AND LEVEL,924,2025-10-10 11:08:00,6,11,10,2ED5B7C1E2E3F1EAC7C13A292FB1077B22D50189C1FB9FA88AA8721FAF65CA861F5712DAC97D3C526951A124E74364AFDF743418E047A11AA929C9920CB2D6AD,INJURY AND / OR TOW DUE TO CRASH,"OVER $1,500",NO CONTROLS,REAR END,41.8086199571,DAYLIGHT,-87.6651195801,2,30,DISTRACTION - FROM INSIDE VEHICLE,NO DEFECTS,DRY,FAILING TO REDUCE SPEED TO AVOID CRASH,S,4658,TRAFFIC SIGNAL,NOT DIVIDED,CLEAR,0.0,0.0,0.0,0.0,0.0,1.0,1,2,[],[],"[""Y""]","[""2025-10-10T11:08:00.000""]","[""2167360"", ""2167361""]","[""FRONT"", ""REAR""]","[""IL"", ""TX""]","[""BMW"", ""HYUNDAI""]","[""SLOW/STOP IN TRAFFIC"", ""STRAIGHT AHEAD""]","[""ELANTRA"", ""X3""]","[""1""]","[""S""]","[""1"", ""2""]","[""DRIVER""]","[""UNKNOWN""]","[""2066019"", ""2066034""]","[""PASSENGER""]","[""PERSONAL""]","[""2018"", ""2021""]",[],[],[],[],[],[],[],[],[],[],[],[],[],[],"[""Y""]",[],"['39', '54']","[""DEPLOYMENT UNKNOWN"", ""DID NOT DEPLOY""]","[""TEST NOT OFFERED""]","[""CHICAGO""]","[""2025-10-10T11:08:00.000""]","[""DISREGARDED CONTROL DEVICES"", ""NONE""]","[""UNKNOWN""]","[""D""]","[""IL""]","[""NONE""]",[],"[""O2167360"", ""O2167361""]","[""DRIVER""]","[""NORMAL""]","[""SAFETY BELT USED"", ""USAGE UNKNOWN""]","[""F""]","[""IL""]","[""2066019"", ""2066034""]","[""60615"", ""60647""]","[""CFD #8""]",[],[],[],[],[],2025,10,11,10,False,morning,41.81,-87.67,41.81_-87.67,46.5,39,54,DISTRACTION/INATTENTION,1
STRAIGHT AND LEVEL,1922,2025-10-10 11:00:00,6,11,10,EA34306AF6A4A54C5D135B9D383635D2D8C48046CF342A88E41E55F430FDEAAD9141BC14B44A8E86D3C7A6B72C322A43815F6564991541D32783C297760CF36C,NO INJURY / DRIVE AWAY,"OVER $1,500",NO CONTROLS,PARKED MOTOR VEHICLE,41.9529998378,DAYLIGHT,-87.6656646641,2,25,FOLLOWING TOO CLOSELY,NO DEFECTS,DRY,DRIVING SKILLS/KNOWLEDGE/EXPERIENCE,N,3915,NO CONTROLS,ONE-WAY,CLEAR,0.0,0.0,0.0,0.0,0.0,1.0,2,1,"[""Y""]",[],"[""Y""]","[""2025-10-10T11:00:00.000""]","[""2167394"", ""2167395""]","[""FRONT"", ""FRONT-LEFT-CORNER""]","[""IL""]","[""CHEVROLET"", ""KIA""]","[""PARKED"", ""STRAIGHT AHEAD""]","[""SILVERADO"", ""TELLURIDE""]","[""0"", ""1""]","[""S""]","[""1"", ""2""]","[""DRIVER"", ""PARKED""]","[""NONE""]","[""2066049"", ""2066051""]","[""PICKUP"", ""SPORT UTILITY VEHICLE (SUV)""]","[""NOT IN USE"", ""OTHER""]","[""2021"", ""2023""]",[],[],"[""Y""]",[],[],[],[],[],[],[],[],[],"[""Y""]",[],[],[],['37'],"[""NOT APPLICABLE""]","[""TEST NOT OFFERED""]","[""CHICAGO""]","[""2025-10-10T11:00:00.000""]","[""FOLLOWED TOO CLOSELY""]","[""UNKNOWN""]","[""D""]","[""IL""]","[""NONE""]",[],"[""O2167394""]","[""DRIVER""]","[""NORMAL""]","[""USAGE UNKNOWN""]","[""M""]","[""IL""]","[""2066049""]","[""60620""]",[],[],[],[],[],[],2025,10,11,10,False,morning,41.95,-87.67,41.95_-87.67,37.0,37,37,FOLLOWING TOO CLOSELY,0