alignment,beat_of_occurrence,crash_date,crash_day_of_week,crash_hour,crash_month,crash_record_id,crash_type,damage,device_condition,first_crash_type,latitude,lighting_condition,longitude,num_units,posted_speed_limit,prim_contributory_cause,road_defect,roadway_surface_cond,sec_contributory_cause,street_direction,street_no,traffic_control_device,trafficway_type,weather_condition,private_property_i,hit_and_run_i,intersection_related_i,crash_date_est_i,work_zone_i,workers_present_i,veh_count,ppl_count,veh_area_01_i_list_json,veh_area_02_i_list_json,veh_area_12_i_list_json,veh_crash_date_list_json,veh_crash_unit_id_list_json,veh_first_contact_point_list_json,veh_lic_plate_state_list_json,veh_make_list_json,veh_maneuver_list_json,veh_model_list_json,veh_occupant_cnt_list_json,veh_travel_direction_list_json,veh_unit_no_list_json,veh_unit_type_list_json,veh_vehicle_defect_list_json,veh_vehicle_id_list_json,veh_vehicle_type_list_json,veh_vehicle_use_list_json,veh_vehicle_year_list_json,veh_area_03_i_list_json,veh_area_04_i_list_json,veh_area_11_i_list_json,veh_towed_by_list_json,veh_towed_i_list_json,veh_area_07_i_list_json,veh_area_99_i_list_json,veh_area_09_i_list_json,veh_area_10_i_list_json,veh_cmrc_veh_i_list_json,veh_num_passengers_list_json,veh_area_08_i_list_json,veh_area_00_i_list_json,veh_area_05_i_list_json,veh_area_06_i_list_json,veh_towed_to_list_json,ppl_age_list_json,ppl_airbag_deployed_list_json,ppl_bac_result_list_json,ppl_city_list_json,ppl_crash_date_list_json,ppl_driver_action_list_json,ppl_driver_vision_list_json,ppl_drivers_license_class_list_json,ppl_drivers_license_state_list_json,ppl_ejection_list_json,ppl_hospital_list_json,ppl_person_id_list_json,ppl_person_type_list_json,ppl_physical_condition_list_json,ppl_safety_equipment_list_json,ppl_sex_list_json,ppl_state_list_json,ppl_vehicle_id_list_json,ppl_zipcode_list_json,ppl_ems_agency_list_json,ppl_seat_no_list_json,ppl_pedpedal_action_list_json,ppl_pedpedal_location_list_json,ppl_pedpedal_visibility_list_json,ppl_ems_run_no_list_json,year,month,hour,day,is_weekend,hour_bin,lat_bin,lng_bin,grid_id,ppl_age_mean,ppl_age_min,ppl_age_max,prim_contributory_cause_group,ksi_flag
STRAIGHT AND LEVEL,834,2025-10-10 11:00:00,6,11,10,BFDB3E2CB9B28BDDF4B7F67BBBE5B3B6EA1B4FAA498B77A09A45CF569E14EDC3B091C7B62F10E523B216D744DC64BF0BC8B114195F88F0D34D27A75A361357D5,NO INJURY / DRIVE AWAY,"OVER $1,500",NO CONTROLS,ANGLE,41.7424714376,DAYLIGHT,-87.7023443826,2,35,UNABLE TO DETERMINE,NO DEFECTS,DRY,NOT APPLICABLE,S,8300,NO CONTROLS,DIVIDED - W/MEDIAN (NOT RAISED),CLEAR,0.0,0.0,0.0,0.0,0.0,1.0,1,1,[],[],"[""Y""]","[""2025-10-10T11:00:00.000""]","[""2167470"", ""2167471""]","[""FRONT"", ""REAR-RIGHT-CORNER""]","[""IL""]","[""HYUNDAI"", ""JEEP""]","[""ENTERING TRAFFIC LANE FROM PARKING"", ""STRAIGHT AHEAD""]","[""GRAND CHEROKEE"", ""KONA""]","[""1""]","[""E"", ""S""]","[""1"", ""2""]","[""DRIVER""]","[""NONE""]","[""2066129"", ""2066135""]","[""PASSENGER""]","[""NOT IN USE"", ""PERSONAL""]","[""2005"", ""2024""]","[""N""]",[],[],[],[],[],[],[],[],[],[],[],[],"[""Y""]","[""Y""]",[],['68'],"[""DEPLOYMENT UNKNOWN"", ""NOT APPLICABLE""]","[""TEST NOT OFFERED""]","[""CHICAGO""]","[""2025-10-10T11:00:00.000""]","[""NONE"", ""OTHER""]","[""NOT OBSCURED"", ""UNKNOWN""]","[""D""]","[""IL""]","[""NONE""]",[],"[""O2167470"", ""O2167471""]","[""DRIVER""]","[""NORMAL"", ""UNKNOWN""]","[""USAGE UNKNOWN""]","[""F"", ""M""]","[""IL""]","[""2066129"", ""2066135""]",[],[],[],[],[],[],[],2025,10,11,10,False,morning,41.74,-87.7,41.74_-87.7,68.0,68,68,OTHER,0
STRAIGHT AND LEVEL,1131,2025-10-10 11:00:00,6,11,10,BD7A5B571047C52A9231877F110E75E2510F5780E13B929A8604B12E0D1A60894AD8576DA76E968AD85B2B4E167535AAE06DDE0020C12B1005B0558C54EDD243,INJURY AND / OR TOW DUE TO CRASH,"OVER $1,500",NO CONTROLS,PARKED MOTOR VEHICLE,41.8752097477,DAYLIGHT,-87.738958221,2,30,UNABLE TO DETERMINE,NO DEFECTS,DRY,UNABLE TO DETERMINE,W,4528,NO CONTROLS,ONE-WAY,CLEAR,0.0,1.0,0.0,0.0,0.0,1.0,2,0,[],[],[],"[""2025-10-10T11:00:00.000""]","[""2167366"", ""2167367""]","[""SIDE-LEFT-REAR"", ""UNKNOWN""]","[""IL""]","[""JEEP"", ""UNKNOWN""]","[""PARKED"", ""UNKNOWN/NA""]","[""CHEROKEE"", ""MOTORIZED""]","[""0"", ""1""]","[""E"", ""UNKNOWN""]","[""1"", ""2""]","[""DRIVER"", ""PARKED""]","[""NONE"", ""UNKNOWN""]","[""2066020"", ""2066029""]","[""PASSENGER"", ""UNKNOWN/NA""]","[""PERSONAL"", ""UNKNOWN/NA""]","[""2018""]",[],[],[],"[""rello towing""]","[""Y""]","[""Y""]",[],[],[],[],[],[],[],[],[],"[""3916 w washington""]",[],"[""DEPLOYMENT UNKNOWN""]","[""TEST NOT OFFERED""]",[],"[""2025-10-10T11:00:00.000""]","[""UNKNOWN""]","[""UNKNOWN""]",[],[],"[""UNKNOWN""]",[],"[""O2167366""]","[""DRIVER""]","[""UNKNOWN""]","[""USAGE UNKNOWN""]","[""X""]",[],"[""2066029""]",[],[],[],[],[],[],[],2025,10,11,10,False,morning,41.88,-87.74,41.88_-87.74,0.0,0,0,OTHER,0
STRAIGHT AND LEVEL,2525,2025-10-10 10:53:00,6,10,10,604F87A6FF4FC76E90AB83435B78EE4FD7EA182981968D3D0C734B2630E5648231BDFC578B3625D0C84CFDD9E5604511BDE5683090F8D5588C7DAA98F562F9D2,NO INJURY / DRIVE AWAY,$500 OR LESS,NO CONTROLS,PARKED MOTOR VEHICLE,41.9243345228,DAYLIGHT,-87.7302959789,2,30,UNABLE TO DETERMINE,UNKNOWN,WET,UNABLE TO DETERMINE,W,4125,NO CONTROLS,DIVIDED - W/MEDIAN (NOT RAISED),RAIN,0.0,1.0,0.0,0.0,0.0,1.0,2,0,[],[],[],"[""2025-10-10T10:53:00.000""]","[""2167355"", ""2167356""]","[""SIDE-LEFT"", ""UNKNOWN""]","[""IL""]","[""FORD"", ""UNKNOWN""]","[""PARKED"", ""STRAIGHT AHEAD""]","[""F150"", ""OTHER (EXPLAIN IN NARRATIVE)""]","[""0"", ""1""]","[""E""]","[""1"", ""2""]","[""DRIVER"", ""PARKED""]","[""UNKNOWN""]","[""2066007"", ""2066009""]","[""PICKUP"", ""UNKNOWN/NA""]","[""PERSONAL"", ""UNKNOWN/NA""]","[""2008""]",[],[],"[""N""]",[],[],[],"[""Y""]",[],"[""Y""]","[""N""]",[],[],[],[],[],[],[],"[""DEPLOYMENT UNKNOWN""]","[""TEST NOT OFFERED""]",[],"[""2025-10-10T10:53:00.000""]","[""NONE""]","[""UNKNOWN""]",[],[],"[""NONE""]",[],"[""O2167355""]","[""DRIVER""]","[""UNKNOWN""]","[""USAGE UNKNOWN""]","[""M""]",[],"[""2066007""]",[],[],[],[],[],[],[],2025,10,10,10,False,morning,41.92,-87.73,41.92_-87.73,0.0,0,0,OTHER,0
STRAIGHT AND LEVEL,2512,2025-10-10 10:50:00,6,10,10,44C8FF10E560AA6E77E5558EFE75A5AAE92A68E9E6DE336E05E31E9D626A3960219F9CD9AD793AD28248E3ED10707E1C48B0C27A8A77013DE79A836F0F5248BC,NO INJURY / DRIVE AWAY,"OVER $1,500",NO CONTROLS,FIXED OBJECT,41.9291852415,DAYLIGHT,-87.7928299373,1,25,UNABLE TO DETERMINE,UNKNOWN,UNKNOWN,UNABLE TO DETERMINE,N,2701,NO CONTROLS,DRIVEWAY,CLOUDY/OVERCAST,1.0,1.0,0.0,0.0,0.0,1.0,1,0,[],[],[],"[""2025-10-10T10:50:00.000""]","[""2167357""]","[""REAR""]","[""IL""]","[""INTERNATIONAL HARVESTER COMPANY""]","[""BACKING""]","[""INTERNATIONAL HARVESTER CO.""]","[""1""]","[""E""]","[""1""]","[""DRIVER""]","[""UNKNOWN""]","[""2066008""]","[""TRUCK - SINGLE UNIT""]","[""COMMERCIAL - SINGLE UNIT""]","[""2016""]",[],[],[],[],[],"[""N""]","[""Y""]",[],[],"[""Y""]",[],[],[],"[""N""]","[""N""]",[],[],"[""DEPLOYMENT UNKNOWN""]","[""TEST NOT OFFERED""]",[],"[""2025-10-10T10:50:00.000""]","[""IMPROPER BACKING""]","[""UNKNOWN""]",[],[],"[""NONE""]",[],"[""O2167357""]","[""DRIVER""]","[""UNKNOWN""]","[""USAGE UNKNOWN""]","[""F""]",[],"[""2066008""]",[],[],[],[],[],[],[],2025,10,10,10,False,morning,41.93,-87.79,41.93_-87.79,0.0,0,0,OTHER,0
STRAIGHT AND LEVEL,1924,2025-10-10 10:47:00,6,10,10,44CA57FF8AC2BD25F14DA3149AA394826BEEC7FB14796C6A1130783F80E37FFF372B8BCE32C2C08E2F35351B7D969519FAD322F71A0A191AC55E3001D4F0FC4B,INJURY AND / OR TOW DUE TO CRASH,"OVER $1,500",NO CONTROLS,REAR END,41.9420603606,"DARKNESS, LIGHTED ROAD",-87.6522092315,2,35,FAILING TO REDUCE SPEED TO AVOID CRASH,NO DEFECTS,DRY,NOT APPLICABLE,N,3309,NO CONTROLS,NOT DIVIDED,CLEAR,0.0,0.0,0.0,0.0,0.0,1.0,1,2,"[""Y""]",[],"[""Y""]","[""2025-10-10T10:47:00.000""]","[""2167888"", ""2167889""]","[""FRONT"", ""REAR-RIGHT-CORNER""]","[""IL""]","[""CHEVROLET"", ""HONDA""]","[""SLOW/STOP IN TRAFFIC"", ""STRAIGHT AHEAD""]","[""CR-V"", ""SUBURBAN""]","[""1""]","[""N""]","[""1"", ""2""]","[""DRIVER""]","[""NONE"", ""UNKNOWN""]","[""2066518"", ""2066519""]","[""SPORT UTILITY VEHICLE (SUV)""]","[""TAXI/FOR HIRE"", ""UNKNOWN/NA""]","[""2015"", ""2022""]",[],[],[],[],[],[],[],[],[],[],[],[],[],"[""Y""]","[""Y""]",[],"['24', '36']","[""DID NOT DEPLOY""]","[""TEST NOT OFFERED""]","[""CHICAGO""]","[""2025-10-10T10:47:00.000""]","[""NONE"", ""UNKNOWN""]","[""NOT OBSCURED"", ""UNKNOWN""]","[""D""]","[""IL""]","[""NONE""]",[],"[""O2167888"", ""O2167889""]","[""DRIVER""]","[""NORMAL"", ""UNKNOWN""]","[""SAFETY BELT USED"", ""USAGE UNKNOWN""]","[""M""]","[""IL""]","[""2066518"", ""2066519""]","[""60639"", ""60645""]",[],[],[],[],[],[],2025,10,10,10,False,morning,41.94,-87.65,41.94_-87.65,30.0,24,36,SPEEDING,1
STRAIGHT AND LEVEL,114,2025-10-10 10:45:00,6,10,10,00C0C45825A20097D2594C4B673047D62D551D04E733399084500B1D7F2EF49D224A2506597126E81841430A68E0C39E8AC2CB7DEBD876F72DA09F53E5B84E08,NO INJURY / DRIVE AWAY,"$501 - $1,500",FUNCTIONING PROPERLY,TURNING,41.888403032,DAYLIGHT,-87.6243964228,2,30,DRIVING SKILLS/KNOWLEDGE/EXPERIENCE,NO DEFECTS,DRY,NOT APPLICABLE,E,100,TRAFFIC SIGNAL,FOUR WAY,CLOUDY/OVERCAST,0.0,1.0,0.0,0.0,0.0,1.0,1,0,[],[],[],"[""2025-10-10T10:45:00.000""]","[""2167364"", ""2167365""]","[""REAR-RIGHT-CORNER"", ""SIDE-LEFT-REAR""]","[""IL""]","[""HONDA"", ""UNKNOWN""]","[""SLOW/STOP IN TRAFFIC"", ""TURNING LEFT""]","[""CR-V"", ""OTHER (EXPLAIN IN NARRATIVE)""]","[""1""]","[""E""]","[""1"", ""2""]","[""DRIVER""]","[""NONE""]","[""2066017"", ""2066022""]","[""PASSENGER"", ""TRUCK - SINGLE UNIT""]","[""OTHER"", ""UNKNOWN/NA""]","[""2014""]",[],[],[],[],[],"[""Y""]","[""Y""]",[],[],[],[],"[""Y""]",[],[],[],[],[],"[""DEPLOYMENT UNKNOWN"", ""NOT APPLICABLE""]","[""TEST NOT OFFERED""]","[""CHICAGO""]","[""2025-10-10T10:45:00.000""]","[""NONE"", ""OTHER""]","[""NOT OBSCURED"", ""UNKNOWN""]",[],"[""IL""]","[""NONE""]",[],"[""O2167364"", ""O2167365""]","[""DRIVER""]","[""NORMAL"", ""UNKNOWN""]","[""SAFETY BELT USED"", ""USAGE UNKNOWN""]","[""F"", ""X""]","[""IL""]","[""2066017"", ""2066022""]","[""60624""]",[],[],[],[],[],[],2025,10,10,10,False,morning,41.89,-87.62,41.89_-87.62,0.0,0,0,OTHER,0
STRAIGHT AND LEVEL,913,2025-10-10 10:40:00,6,10,10,83F2693AF9535AB9E89373120F3872F591173EB53E48B65E7EAB78E8E73B73519D8B11E5CB4430ECAA933EFF50007D2D171DA20626904EA269E43686DB8045BE,NO INJURY / DRIVE AWAY,$500 OR LESS,NO CONTROLS,REAR END,41.8436439048,DAYLIGHT,-87.6465609839,2,30,FOLLOWING TOO CLOSELY,NO DEFECTS,DRY,FOLLOWING TOO CLOSELY,S,2730,NO CONTROLS,NOT DIVIDED,CLEAR,0.0,0.0,0.0,0.0,0.0,1.0,1,2,[],[],"[""Y""]","[""2025-10-10T10:40:00.000""]","[""2167351"", ""2167352""]","[""FRONT"", ""REAR""]","[""IL""]","[""HONDA"", ""MAZDA""]","[""SLOW/STOP IN TRAFFIC"", ""STRAIGHT AHEAD""]","[""ACCORD"", ""CX-5""]","[""1""]","[""N""]","[""1"", ""2""]","[""DRIVER""]","[""NONE""]","[""2066045"", ""2066527""]","[""PASSENGER""]","[""PERSONAL""]","[""2016"", ""2025""]",[],[],[],[],[],[],[],[],[],[],[],[],[],[],"[""Y""]",[],"['18', '59']","[""NOT APPLICABLE""]","[""TEST NOT OFFERED""]","[""CHICAGO"", ""PARK RIDGE""]","[""2025-10-10T10:40:00.000""]","[""NONE""]","[""NOT OBSCURED""]","[""D"", ""IL""]","[""IL""]","[""NONE""]",[],"[""O2167351"", ""O2167352""]","[""DRIVER""]","[""NORMAL""]","[""SAFETY BELT USED""]","[""F"", ""M""]","[""IL""]","[""2066045"", ""2066527""]","[""60068"", ""60608""]",[],[],[],[],[],[],2025,10,10,10,False,morning,41.84,-87.65,41.84_-87.65,38.5,18,59,FOLLOWING TOO CLOSELY,0
STRAIGHT AND LEVEL,2211,2025-10-10 10:35:00,6,10,10,3EB252B046D6FE695153493E2202A2DCC80019F062514FB9327E6471984091402CC27D0CB86CC450267BE8078F2399F6E4BD2CFA0D3F00B02F300A1EDE29328B,INJURY AND / OR TOW DUE TO CRASH,"OVER $1,500",NO CONTROLS,ANGLE,41.6841378149,DAYLIGHT,-87.7055612258,2,30,NOT APPLICABLE,UNKNOWN,DRY,NOT APPLICABLE,S,11500,TRAFFIC SIGNAL,NOT DIVIDED,CLEAR,0.0,0.0,1.0,0.0,0.0,1.0,1,2,"[""Y""]",[],"[""Y""]","[""2025-10-10T10:35:00.000""]","[""2167338"", ""2167339""]","[""FRONT"", ""UNKNOWN""]","[""IL""]","[""FORD"", ""NOVA BUS""]","[""STRAIGHT AHEAD""]","[""EXPLORER"", ""OTHER (EXPLAIN IN NARRATIVE)""]","[""1""]","[""N"", ""W""]","[""1"", ""2""]","[""DRIVER""]","[""UNKNOWN""]","[""2065999"", ""2066004""]","[""BUS OVER 15 PASS."", ""SPORT UTILITY VEHICLE (SUV)""]","[""CTA"", ""PERSONAL""]","[""2014"", ""2018""]",[],[],"[""Y""]",[],[],[],"[""Y""]",[],[],[],[],[],[],[],[],[],"['28', '46']","[""NOT APPLICABLE""]","[""TEST NOT OFFERED""]","[""CHICAGO"", ""MERRIONETTE PARK""]","[""2025-10-10T10:35:00.000""]","[""UNKNOWN""]","[""UNKNOWN""]","[""B"", ""D""]","[""IL""]","[""NONE""]","[""LITTLE COMPANY OF MARY""]","[""O2167338"", ""O2167339""]","[""DRIVER""]","[""NORMAL""]","[""SAFETY BELT USED""]","[""F"", ""M""]","[""IL""]","[""2065999"", ""2066004""]","[""60619"", ""60803""]","[""CFD""]",[],[],[],[],[],2025,10,10,10,False,morning,41.68,-87.71,41.68_-87.71,37.0,28,46,OTHER,1
STRAIGHT AND LEVEL,113,2025-10-10 10:35:00,6,10,10,40EF935821E0B50230863E3397D125AE1AD08D28D8765162B3D2CB787FC31163BA0C659F7004BBA125AF93B04235332A1B09525752A6F383A3233E98B20CD539,NO INJURY / DRIVE AWAY,"OVER $1,500",NO CONTROLS,PARKED MOTOR VEHICLE,41.8780506808,DAYLIGHT,-87.6297810084,2,30,UNABLE TO DETERMINE,NO DEFECTS,DRY,UNABLE TO DETERMINE,W,53,NO CONTROLS,DIVIDED - W/MEDIAN (NOT RAISED),CLEAR,0.0,1.0,0.0,0.0,0.0,1.0,2,0,"[""N""]","[""Y""]",[],"[""2025-10-10T10:35:00.000""]","[""2167327"", ""2167328""]","[""SIDE-LEFT"", ""SIDE-RIGHT""]","[""IL""]","[""DODGE"", ""HYUNDAI""]","[""PARKED"", ""STRAIGHT AHEAD""]","[""RAM PROMASTER"", ""SANTA FE""]","[""0"", ""1""]","[""E""]","[""1"", ""2""]","[""DRIVER"", ""PARKED""]","[""NONE"", ""UNKNOWN""]","[""2065987"", ""2065988""]","[""SPORT UTILITY VEHICLE (SUV)"", ""VAN/MINI-VAN""]","[""OTHER"", ""UNKNOWN/NA""]","[""2020"", ""2023""]",[],[],[],[],[],[],[],[],"[""Y""]",[],[],[],[],[],[],[],[],"[""DID NOT DEPLOY""]","[""TEST NOT OFFERED""]",[],"[""2025-10-10T10:35:00.000""]","[""UNKNOWN""]","[""UNKNOWN""]",[],[],"[""NONE""]",[],"[""O2167327""]","[""DRIVER""]","[""UNKNOWN""]","[""USAGE UNKNOWN""]","[""X""]",[],"[""2065987""]",[],[],[],[],[],[],[],2025,10,10,10,False,morning,41.88,-87.63,41.88_-87.63,0.0,0,0,OTHER,0
STRAIGHT AND LEVEL,1925,2025-10-10 10:35:00,6,10,10,9E1D9226D11C72B159E8AEE9F033EF9A8CA62D3D36072212D77C2AD3189BE226E1820B768415BFBD426AF6CC05D9A7D1F2173B8CE98AEDAC26331EC29D2433DE,NO INJURY / DRIVE AWAY,$500 OR LESS,NO CONTROLS,PARKED MOTOR VEHICLE,41.9455677122,DAYLIGHT,-87.6471823545,2,30,UNABLE TO DETERMINE,NO DEFECTS,DRY,NOT APPLICABLE,W,700,NO CONTROLS,ONE-WAY,CLOUDY/OVERCAST,0.0,0.0,0.0,0.0,0.0,1.0,2,1,[],[],[],"[""2025-10-10T10:35:00.000""]","[""2167336"", ""2167337""]","[""FRONT-LEFT-CORNER"", ""REAR-RIGHT-CORNER""]","[""IL""]","[""ELGIN SWEEPER COMPANY. ELGIN, IL"", ""VOLVO""]","[""PARKED"", ""PASSING/OVERTAKING""]","[""ELGIN SWEEPER COMPANY. ELGIN, IL"", ""XC60""]","[""0"", ""1""]","[""E""]","[""1"", ""2""]","[""DRIVER"", ""PARKED""]","[""NONE""]","[""2065998"", ""2066000""]","[""OTHER"", ""SPORT UTILITY VEHICLE (SUV)""]","[""NOT IN USE"", ""STATE OWNED""]","[""2014"", ""2023""]",[],[],"[""Y""]",[],[],[],"[""Y""]",[],[],[],[],[],[],"[""Y""]",[],[],['54'],"[""NOT APPLICABLE""]","[""TEST NOT OFFERED""]","[""CHICAGO""]","[""2025-10-10T10:35:00.000""]","[""NONE""]","[""NOT OBSCURED""]","[""A""]","[""IL""]","[""NONE""]",[],"[""O2167336""]","[""DRIVER""]","[""NORMAL""]","[""SAFETY BELT USED""]","[""M""]","[""IL""]","[""2065998""]","[""60626""]",[],[],[],[],[],[],2025,10,10,10,False,morning,41.95,-87.65,41.95_-87.65,54.0,54,54,OTHER,0
STRAIGHT AND LEVEL,912,2025-10-10 10:30:00,6,10,10,F8F6124FC97DD6A27349B003F5E925B18F8EA1159B2F2A8EB461C6AE38DB1DEF9AF7BE4BA837B8F5E87014C4BBF7FF99912CF3D2C822CE2376AA1C517B75AEB7,INJURY AND / OR TOW DUE TO CRASH,"OVER $1,500",NO CONTROLS,FIXED OBJECT,41.8358618272,DAYLIGHT,-87.6703924632,1,30,UNABLE TO DETERMINE,UNKNOWN,DRY,UNABLE TO DETERMINE,S,3201,NO CONTROLS,NOT DIVIDED,CLEAR,0.0,0.0,0.0,1.0,0.0,1.0,1,1,[],[],"[""Y""]","[""2025-10-10T10:30:00.000""]","[""2167335""]","[""TOP""]","[""OH""]","[""FREIGHTLINER CORPORATION""]","[""STRAIGHT AHEAD""]","[""OTHER (EXPLAIN IN NARRATIVE)""]","[""1""]","[""S""]","[""1""]","[""DRIVER""]","[""UNKNOWN""]","[""2065995""]","[""OTHER""]","[""OTHER""]","[""2016""]",[],[],[],"[""PRIVATE""]","[""Y""]",[],[],[],[],"[""Y""]",[],[],[],[],"[""Y""]","[""PRIVATE""]",['60'],"[""DID NOT DEPLOY""]","[""TEST NOT OFFERED""]","[""COLUMBUS""]","[""2025-10-10T10:30:00.000""]","[""OTHER""]","[""NOT OBSCURED""]","[""A""]","[""OH""]","[""NONE""]",[],"[""O2167335""]","[""DRIVER""]","[""NORMAL""]","[""SAFETY BELT USED""]","[""M""]","[""OH""]","[""2065995""]","[""43231""]",[],[],[],[],[],[],2025,10,10,10,False,morning,41.84,-87.67,41.84_-87.67,60.0,60,60,OTHER,0
STRAIGHT AND LEVEL,1013,2025-10-10 10:30:00,6,10,10,E0814C7C07282273886AE922637C1B98C3000BDC31CABF28186B7257077968D0025C352D470A1E9DFD1B1DA40B47D14889052E71D71CB75B34493104B4446B0D,NO INJURY / DRIVE AWAY,"$501 - $1,500",FUNCTIONING PROPERLY,TURNING,41.8442941116,"DARKNESS, LIGHTED ROAD",-87.7294758413,2,25,UNABLE TO DETERMINE,UNKNOWN,DRY,UNABLE TO DETERMINE,W,4200,TRAFFIC SIGNAL,FOUR WAY,CLEAR,0.0,0.0,1.0,0.0,0.0,1.0,1,2,"[""Y""]",[],"[""Y""]","[""2025-10-10T10:30:00.000""]","[""2167930"", ""2167931""]","[""FRONT-RIGHT-CORNER"", ""SIDE-RIGHT-REAR""]","[""IL""]","[""HONDA"", ""MAZDA""]","[""STRAIGHT AHEAD"", ""TURNING LEFT""]","[""ACCORD"", ""MX-3""]","[""1""]","[""E"", ""W""]","[""1"", ""2""]","[""DRIVER""]","[""UNKNOWN""]","[""2066565"", ""2066569""]","[""PASSENGER"", ""PICKUP""]","[""PERSONAL""]","[""1995"", ""2016""]",[],"[""Y""]",[],[],[],[],[],[],[],[],[],[],[],[],[],[],"['20', '59']","[""NOT APPLICABLE""]","[""TEST NOT OFFERED""]","[""CHICAGO""]","[""2025-10-10T10:30:00.000""]","[""UNKNOWN""]","[""UNKNOWN""]","[""D""]","[""IL""]","[""NONE""]",[],"[""O2167930"", ""O2167931""]","[""DRIVER""]","[""UNKNOWN""]","[""USAGE UNKNOWN""]","[""F"", ""M""]","[""IL""]","[""2066565"", ""2066569""]","[""60623"", ""60649""]",[],[],[],[],[],[],2025,10,10,10,False,morning,41.84,-87.73,41.84_-87.73,39.5,20,59,OTHER,0
STRAIGHT AND LEVEL,1925,2025-10-10 10:30:00,6,10,10,9D3132AC7CBECE149585A55A11798B34F7D75821B2AE831E439CCA7B1A07664677EB94988C0F149E5C911897E20964A7F374B42C700092CE049BD559DE8B774B,NO INJURY / DRIVE AWAY,"$501 - $1,500",NO CONTROLS,SIDESWIPE SAME DIRECTION,41.9543606712,DAYLIGHT,-87.644929553,2,40,IMPROPER OVERTAKING/PASSING,UNKNOWN,DRY,UNABLE TO DETERMINE,N,3950,NO CONTROLS,FOUR WAY,CLEAR,0.0,1.0,0.0,0.0,0.0,1.0,1,1,"[""Y""]","[""Y""]",[],"[""2025-10-10T10:30:00.000""]","[""2167353"", ""2167354""]","[""SIDE-LEFT"", ""SIDE-RIGHT""]","[""IL""]","[""FORD"", ""UNKNOWN""]","[""STRAIGHT AHEAD"", ""UNKNOWN/NA""]","[""MOTORIZED"", ""OTHER (EXPLAIN IN NARRATIVE)""]","[""1""]","[""S""]","[""1"", ""2""]","[""DRIVER""]","[""UNKNOWN""]","[""2066002"", ""2066012""]","[""BUS UP TO 15 PASS."", ""UNKNOWN/NA""]","[""OTHER"", ""UNKNOWN/NA""]","[""2020""]","[""Y""]",[],"[""Y""]",[],[],[],[],"[""Y""]","[""Y""]",[],[],[],[],[],[],[],['71'],"[""DEPLOYMENT UNKNOWN"", ""NOT APPLICABLE""]","[""TEST NOT OFFERED""]","[""CHICAGO""]","[""2025-10-10T10:30:00.000""]","[""NONE"", ""UNKNOWN""]","[""UNKNOWN""]","[""D""]","[""IL""]","[""NONE""]",[],"[""O2167353"", ""O2167354""]","[""DRIVER""]","[""UNKNOWN""]","[""USAGE UNKNOWN""]","[""M"", ""X""]","[""IL""]","[""2066002"", ""2066012""]","[""60652""]",[],[],[],[],[],[],2025,10,10,10,False,morning,41.95,-87.64,41.95_-87.64,71.0,71,71,OTHER,0
STRAIGHT AND LEVEL,1935,2025-10-10 10:30:00,6,10,10,67A5E00140738596B59C8FFCF046EA1E37336F5DE9A582F1377453E2E7CFDCBC9C69129E1BAEFA7C881AE3154635D3230EF8925806ECDE1E86DE65027B58132C,NO INJURY / DRIVE AWAY,"$501 - $1,500",NO CONTROLS,SIDESWIPE SAME DIRECTION,41.9257370125,"DARKNESS, LIGHTED ROAD",-87.6380333592,2,25,UNABLE TO DETERMINE,UNKNOWN,DRY,UNABLE TO DETERMINE,W,338,NO CONTROLS,NOT DIVIDED,CLEAR,0.0,0.0,0.0,0.0,0.0,1.0,1,0,"[""Y""]","[""Y""]",[],"[""2025-10-10T10:30:00.000""]","[""2167996"", ""2167997""]","[""FRONT-LEFT-CORNER"", ""FRONT-RIGHT-CORNER""]","[""IL""]","[""BMW"", ""CHEVROLET""]","[""STRAIGHT AHEAD""]","[""M-5"", ""MALIBU""]","[""1""]","[""W""]","[""1"", ""2""]","[""DRIVER""]","[""UNKNOWN""]","[""2067073"", ""2067076""]","[""PASSENGER"", ""UNKNOWN/NA""]","[""PERSONAL""]","[""2021"", ""2024""]",[],[],"[""Y""]",[],[],[],[],[],"[""Y""]",[],[],[],[],[],[],[],[],"[""DEPLOYMENT UNKNOWN"", ""NOT APPLICABLE""]","[""TEST NOT OFFERED""]","[""CHICAGO""]","[""2025-10-10T10:30:00.000""]","[""UNKNOWN""]","[""UNKNOWN""]",[],"[""IL""]","[""NONE""]",[],"[""O2167996"", ""O2167997""]","[""DRIVER""]","[""UNKNOWN""]","[""USAGE UNKNOWN""]","[""M""]","[""IL""]","[""2067073"", ""2067076""]","[""60639""]",[],[],[],[],[],[],2025,10,10,10,False,morning,41.93,-87.64,41.93_-87.64,0.0,0,0,OTHER,0