alignment,beat_of_occurrence,crash_date,crash_day_of_week,crash_hour,crash_month,crash_record_id,crash_type,damage,device_condition,first_crash_type,latitude,lighting_condition,longitude,num_units,posted_speed_limit,prim_contributory_cause,road_defect,roadway_surface_cond,sec_contributory_cause,street_direction,street_no,traffic_control_device,trafficway_type,weather_condition,private_property_i,hit_and_run_i,intersection_related_i,crash_date_est_i,work_zone_i,workers_present_i,veh_count,ppl_count,veh_area_01_i_list_json,veh_area_02_i_list_json,veh_area_12_i_list_json,veh_crash_date_list_json,veh_crash_unit_id_list_json,veh_first_contact_point_list_json,veh_lic_plate_state_list_json,veh_make_list_json,veh_maneuver_list_json,veh_model_list_json,veh_occupant_cnt_list_json,veh_travel_direction_list_json,veh_unit_no_list_json,veh_unit_type_list_json,veh_vehicle_defect_list_json,veh_vehicle_id_list_json,veh_vehicle_type_list_json,veh_vehicle_use_list_json,veh_vehicle_year_list_json,veh_area_03_i_list_json,veh_area_04_i_list_json,veh_area_11_i_list_json,veh_towed_by_list_json,veh_towed_i_list_json,veh_area_07_i_list_json,veh_area_99_i_list_json,veh_area_09_i_list_json,veh_area_10_i_list_json,veh_cmrc_veh_i_list_json,veh_num_passengers_list_json,veh_area_08_i_list_json,veh_area_00_i_list_json,veh_area_05_i_list_json,veh_area_06_i_list_json,veh_towed_to_list_json,ppl_age_list_json,ppl_airbag_deployed_list_json,ppl_bac_result_list_json,ppl_city_list_json,ppl_crash_date_list_json,ppl_driver_action_list_json,ppl_driver_vision_list_json,ppl_drivers_license_class_list_json,ppl_drivers_license_state_list_json,ppl_ejection_list_json,ppl_hospital_list_json,ppl_person_id_list_json,ppl_person_type_list_json,ppl_physical_condition_list_json,ppl_safety_equipment_list_json,ppl_sex_list_json,ppl_state_list_json,ppl_vehicle_id_list_json,ppl_zipcode_list_json,ppl_ems_agency_list_json,ppl_seat_no_list_json,ppl_pedpedal_action_list_json,ppl_pedpedal_location_list_json,ppl_pedpedal_visibility_list_json,ppl_ems_run_no_list_json,year,month,hour,day,is_weekend,hour_bin,lat_bin,lng_bin,grid_id,ppl_age_mean,ppl_age_min,ppl_age_max,prim_contributory_cause_group,ksi_flag
STRAIGHT AND LEVEL,1213,2025-10-10 10:30:00,6,10,10,0E643DC9609024FBBBAC7D3F16EF7D050261FE5E58DF3923F6F71016381203605A4BDAF965C5880FB7ABADB5DEE40599768DC03C70584C2378B6C443EED2C496,NO INJURY / DRIVE AWAY,"OVER $1,500",NO CONTROLS,PARKED MOTOR VEHICLE,41.896415737,DAYLIGHT,-87.6650614526,2,10,FAILING TO REDUCE SPEED TO AVOID CRASH,NO DEFECTS,DRY,NOT APPLICABLE,N,808,NO CONTROLS,PARKING LOT,CLEAR,1.0,0.0,0.0,0.0,0.0,1.0,2,0,[],[],[],"[""2025-10-10T10:30:00.000""]","[""2170900"", ""2170901""]","[""SIDE-LEFT"", ""SIDE-RIGHT""]","[""IL""]","[""KIA"", ""NISSAN""]","[""PARKED"", ""UNKNOWN/NA""]","[""ALTIMA"", ""OTHER (EXPLAIN IN NARRATIVE)""]","[""0"", ""1""]","[""UNKNOWN""]","[""1"", ""2""]","[""DRIVER"", ""PARKED""]","[""NONE"", ""UNKNOWN""]","[""2069389"", ""2069394""]","[""PASSENGER""]","[""NOT IN USE"", ""PERSONAL""]","[""2013"", ""2025""]",[],[],"[""Y""]",[],[],"[""Y""]",[],"[""Y""]",[],[],[],[],[],[],[],[],[],"[""DID NOT DEPLOY""]","[""TEST NOT OFFERED""]","[""CHICAGO""]","[""2025-10-10T10:30:00.000""]","[""UNKNOWN""]","[""UNKNOWN""]",[],[],"[""NONE""]",[],"[""O2170900""]","[""DRIVER""]","[""UNKNOWN""]","[""USAGE UNKNOWN""]","[""F""]","[""IL""]","[""2069389""]","[""60651""]",[],[],[],[],[],[],2025,10,10,10,False,morning,41.9,-87.67,41.9_-87.67,0.0,0,0,SPEEDING,0
STRAIGHT AND LEVEL,1215,2025-10-10 10:10:00,6,10,10,63233FB8F4CDB993D4BE53B5352FDA289365C880D40B92E411B7735C091B2C03B0C331063552BF3C6C8AB68B80AEF18217FFF82B989F6634788647698F1E81D3,NO INJURY / DRIVE AWAY,"OVER $1,500",FUNCTIONING PROPERLY,SIDESWIPE SAME DIRECTION,41.8876061934,DAYLIGHT,-87.6668979936,2,30,IMPROPER LANE USAGE,UNKNOWN,DRY,UNABLE TO DETERMINE,N,341,TRAFFIC SIGNAL,DIVIDED - W/MEDIAN BARRIER,CLEAR,0.0,0.0,0.0,0.0,0.0,1.0,1,2,"[""Y""]","[""Y""]",[],"[""2025-10-10T10:10:00.000""]","[""2167345"", ""2167346""]","[""FRONT-LEFT-CORNER"", ""SIDE-RIGHT-FRONT""]","[""IL""]","[""TOYOTA""]","[""CHANGING LANES"", ""STRAIGHT AHEAD""]","[""CAMRY"", ""RAV4""]","[""1""]","[""S""]","[""1"", ""2""]","[""DRIVER""]","[""UNKNOWN""]","[""2066014"", ""2066025""]","[""PASSENGER"", ""SPORT UTILITY VEHICLE (SUV)""]","[""PERSONAL""]","[""2006"", ""2011""]","[""Y""]",[],"[""Y""]",[],[],[],[],"[""Y""]","[""Y""]",[],[],[],[],[],[],[],"['19', '67']","[""NOT APPLICABLE""]","[""TEST NOT OFFERED""]","[""CHICAGO""]","[""2025-10-10T10:10:00.000""]","[""IMPROPER LANE CHANGE"", ""NONE""]","[""NOT OBSCURED""]","[""D"", ""DM""]","[""IL""]","[""NONE""]","[""N/A""]","[""O2167345"", ""O2167346""]","[""DRIVER""]","[""NORMAL""]","[""SAFETY BELT USED""]","[""F"", ""M""]","[""IL""]","[""2066014"", ""2066025""]","[""60617""]","[""N/A""]",[],[],[],[],[],2025,10,10,10,False,morning,41.89,-87.67,41.89_-87.67,43.0,19,67,OTHER,0
STRAIGHT AND LEVEL,912,2025-10-10 10:05:00,6,10,10,B3E095FD0AF79F1268D08A5E295C0DA105E027D58EB4CB9D9BA926B42CA475901DA5E757B1A75673527988941FF4DA20C51E0920E434B4FF20E645C177629B53,INJURY AND / OR TOW DUE TO CRASH,"OVER $1,500",FUNCTIONING PROPERLY,ANGLE,41.8368878599,DAYLIGHT,-87.6670741592,2,30,DISREGARDING TRAFFIC SIGNALS,NO DEFECTS,DRY,NOT APPLICABLE,S,3130,TRAFFIC SIGNAL,NOT DIVIDED,CLEAR,0.0,0.0,1.0,0.0,0.0,1.0,1,3,"[""Y""]","[""Y""]","[""Y""]","[""2025-10-10T10:05:00.000""]","[""2167349"", ""2167350""]","[""FRONT-LEFT-CORNER"", ""FRONT-RIGHT-CORNER""]","[""IL""]","[""CHEVROLET"", ""TOYOTA""]","[""STRAIGHT AHEAD""]","[""RAV4"", ""TRAIL BLAZER""]","[""1"", ""2""]","[""N"", ""NE""]","[""1"", ""2""]","[""DRIVER""]","[""NONE""]","[""2066010"", ""2066024""]","[""SPORT UTILITY VEHICLE (SUV)""]","[""PERSONAL""]","[""2021"", ""2023""]","[""Y""]","[""Y""]","[""Y""]","[""private""]","[""Y""]",[],[],"[""Y""]","[""Y""]",[],"[""1""]",[],[],[],[],"[""private""]","['24', '28', '31']","[""NOT APPLICABLE""]","[""TEST NOT OFFERED""]","[""CHICAGO""]","[""2025-10-10T10:05:00.000""]","[""DISREGARDED CONTROL DEVICES"", ""NONE""]","[""NOT OBSCURED""]","[""A"", ""D""]","[""IL""]","[""NONE""]",[],"[""O2167349"", ""O2167350"", ""P478227""]","[""DRIVER"", ""PASSENGER""]","[""IMPAIRED - ALCOHOL"", ""NORMAL""]","[""SAFETY BELT USED""]","[""M""]","[""IL""]","[""2066010"", ""2066024""]","[""60616"", ""60632""]",[],"[""3""]",[],[],[],[],2025,10,10,10,False,morning,41.84,-87.67,41.84_-87.67,27.666666666666668,24,31,OTHER,0
STRAIGHT AND LEVEL,822,2025-10-10 10:00:00,6,10,10,A938E6C0B95FFB0B27FB8BE9735E6A6889CAF9766F2470BAB9E10B98CDB737A8BB2BAE14328AB7FDB8DD2D9EAEFBA450F1228553104B635688095BEE89394420,INJURY AND / OR TOW DUE TO CRASH,"OVER $1,500",FUNCTIONING PROPERLY,TURNING,41.8005635028,DAYLIGHT,-87.7161544228,2,30,FAILING TO YIELD RIGHT-OF-WAY,UNKNOWN,DRY,UNABLE TO DETERMINE,S,5100,TRAFFIC SIGNAL,FOUR WAY,CLEAR,0.0,0.0,1.0,0.0,0.0,1.0,1,2,[],[],[],"[""2025-10-10T10:00:00.000""]","[""2167343"", ""2167344""]","[""FRONT-LEFT-CORNER"", ""SIDE-LEFT""]","[""IL""]","[""FORD""]","[""STRAIGHT AHEAD"", ""TURNING LEFT""]","[""FUSION""]","[""1""]","[""N"", ""SE""]","[""1"", ""2""]","[""DRIVER""]","[""UNKNOWN""]","[""2066003"", ""2066013""]","[""PASSENGER""]","[""PERSONAL""]","[""2014"", ""2019""]",[],[],[],"[""OWNER""]","[""Y""]",[],[],[],[],[],[],[],[],[],[],"[""UNK""]","['20', '39']","[""DEPLOYED, COMBINATION"", ""DID NOT DEPLOY""]","[""TEST NOT OFFERED""]","[""BURBANK"", ""CHICAGO""]","[""2025-10-10T10:00:00.000""]","[""FAILED TO YIELD"", ""NONE""]","[""UNKNOWN""]","[""D""]","[""IL""]","[""NONE""]",[],"[""O2167343"", ""O2167344""]","[""DRIVER""]","[""NORMAL""]","[""SAFETY BELT USED""]","[""F"", ""M""]","[""IL""]","[""2066003"", ""2066013""]","[""60459"", ""60629""]",[],[],[],[],[],[],2025,10,10,10,False,morning,41.8,-87.72,41.8_-87.72,29.5,20,39,FAILURE-TO-YIELD,0
STRAIGHT AND LEVEL,1934,2025-10-10 10:00:00,6,10,10,9B3AC8BEF409B7003FB04EC8F1FDEF9EBE44D06DF44B96AFC3FB82E2418908F14E82883B393D5DB1724EC4737CD4B40589A0678BE552AE1B63E79CDDBB38AA60,NO INJURY / DRIVE AWAY,"OVER $1,500",NO CONTROLS,PARKED MOTOR VEHICLE,41.9364276844,UNKNOWN,-87.6430297847,2,25,UNABLE TO DETERMINE,UNKNOWN,UNKNOWN,NOT APPLICABLE,W,529,NO CONTROLS,ONE-WAY,CLEAR,0.0,1.0,0.0,1.0,0.0,1.0,2,0,[],[],[],"[""2025-10-10T10:00:00.000""]","[""2168141"", ""2168142""]","[""SIDE-LEFT-FRONT"", ""UNKNOWN""]","[""IL""]","[""SUBARU"", ""UNKNOWN""]","[""PARKED"", ""UNKNOWN/NA""]","[""MOTORIZED"", ""OUTBACK""]","[""0"", ""1""]","[""E""]","[""1"", ""2""]","[""DRIVER"", ""PARKED""]","[""NONE"", ""UNKNOWN""]","[""2066764"", ""2066766""]","[""PASSENGER"", ""UNKNOWN/NA""]","[""NOT IN USE"", ""UNKNOWN/NA""]","[""2018""]",[],[],[],[],[],[],"[""Y""]","[""Y""]","[""Y""]",[],[],[],[],[],[],[],[],"[""DEPLOYMENT UNKNOWN""]","[""TEST NOT OFFERED""]",[],"[""2025-10-10T10:00:00.000""]","[""UNKNOWN""]","[""UNKNOWN""]",[],[],"[""UNKNOWN""]",[],"[""O2168141""]","[""DRIVER""]","[""UNKNOWN""]","[""USAGE UNKNOWN""]","[""X""]",[],"[""2066764""]",[],[],[],[],[],[],[],2025,10,10,10,False,morning,41.94,-87.64,41.94_-87.64,0.0,0,0,OTHER,0
STRAIGHT AND LEVEL,1133,2025-10-10 10:00:00,6,10,10,CEC6ABB9E6ECBEC023EE108293EDF6F3348EB5BEDE52EEC37B50578BFC42BC79AA4B8828C4BB7A9516EF2BB9AD7BE2E7B305BD6E87DFECE5DAC26C1A319A7CDE,NO INJURY / DRIVE AWAY,"OVER $1,500",NO CONTROLS,TURNING,41.8698334792,DAYLIGHT,-87.7156783104,2,30,UNABLE TO DETERMINE,NO DEFECTS,DRY,UNABLE TO DETERMINE,S,902,NO CONTROLS,NOT DIVIDED,CLEAR,0.0,1.0,0.0,0.0,0.0,1.0,1,1,"[""Y""]",[],[],"[""2025-10-10T10:00:00.000""]","[""2169563"", ""2169564""]","[""SIDE-RIGHT""]","[""IL""]","[""CHEVROLET"", ""UNKNOWN""]","[""STRAIGHT AHEAD"", ""U-TURN""]","[""MALIBU"", ""OTHER (EXPLAIN IN NARRATIVE)""]","[""1""]","[""E"", ""S""]","[""1"", ""2""]","[""DRIVER""]","[""NONE"", ""UNKNOWN""]","[""2068112"", ""2068120""]","[""PASSENGER""]","[""PERSONAL"", ""UNKNOWN/NA""]","[""2016""]","[""Y""]",[],[],[],[],[],[],[],[],[],[],[],[],[],[],[],['51'],"[""DID NOT DEPLOY""]","[""TEST NOT OFFERED""]","[""MAYWOOD""]","[""2025-10-10T10:00:00.000""]","[""IMPROPER TURN"", ""NONE""]","[""NOT OBSCURED"", ""UNKNOWN""]","[""D""]","[""IL""]","[""NONE""]",[],"[""O2169563"", ""O2169564""]","[""DRIVER""]","[""NORMAL"", ""UNKNOWN""]","[""SAFETY BELT USED"", ""USAGE UNKNOWN""]","[""F"", ""M""]","[""IL""]","[""2068112"", ""2068120""]","[""60153""]",[],[],[],[],[],[],2025,10,10,10,False,morning,41.87,-87.72,41.87_-87.72,51.0,51,51,OTHER,0
STRAIGHT AND LEVEL,122,2025-10-10 09:55:00,6,9,10,4A3DF5177FF56BB631401E6850881E82BCA393500F6E542C8F3C4ED23DA368B42AE550ED299560996AE60A1A0A190E80ED18B6CC21EFDC3A8DB85479F33EDEC1,NO INJURY / DRIVE AWAY,"OVER $1,500",FUNCTIONING PROPERLY,TURNING,41.8833114105,DAYLIGHT,-87.6367232159,2,30,FOLLOWING TOO CLOSELY,NO DEFECTS,DRY,NOT APPLICABLE,W,350,TRAFFIC SIGNAL,ONE-WAY,CLEAR,0.0,1.0,0.0,1.0,0.0,1.0,1,1,[],[],[],"[""2025-10-10T09:55:00.000""]","[""2167448"", ""2167449""]","[""SIDE-LEFT"", ""SIDE-RIGHT""]","[""IL""]","[""LEXUS"", ""PORSCHE""]","[""TURNING LEFT""]","[""OTHER (EXPLAIN IN NARRATIVE)""]","[""1""]","[""N""]","[""1"", ""2""]","[""DRIVER""]","[""UNKNOWN""]","[""2066100"", ""2066104""]","[""PASSENGER"", ""UNKNOWN/NA""]","[""UNKNOWN/NA""]","[""2018"", ""2019""]",[],[],[],[],[],[],"[""Y""]","[""Y""]","[""Y""]",[],[],"[""Y""]",[],[],[],[],['57'],"[""DID NOT DEPLOY""]","[""TEST NOT OFFERED""]","[""CHICAGO""]","[""2025-10-10T09:55:00.000""]","[""FOLLOWED TOO CLOSELY"", ""NONE""]","[""UNKNOWN""]","[""D""]","[""IL""]","[""NONE""]",[],"[""O2167448"", ""O2167449""]","[""DRIVER""]","[""UNKNOWN""]","[""USAGE UNKNOWN""]","[""M"", ""X""]","[""IL""]","[""2066100"", ""2066104""]","[""60614""]",[],[],[],[],[],[],2025,10,9,10,False,morning,41.88,-87.64,41.88_-87.64,57.0,57,57,FOLLOWING TOO CLOSELY,0
STRAIGHT AND LEVEL,1422,2025-10-10 09:50:00,6,9,10,A4B2E991BE7890575512DADD5D8A4BEBE7B543C1BA2AB0CB56367E5C7BF2DDE0AC6F8D252FB93E3EF84CEBCC82A5B8400A40B4787DDF5A256D08593123D8C970,INJURY AND / OR TOW DUE TO CRASH,"OVER $1,500",FUNCTIONING PROPERLY,TURNING,41.9054742078,DAYLIGHT,-87.7116156774,2,30,FAILING TO YIELD RIGHT-OF-WAY,NO DEFECTS,DRY,FAILING TO YIELD RIGHT-OF-WAY,N,1327,STOP SIGN/FLASHER,FOUR WAY,CLOUDY/OVERCAST,0.0,0.0,0.0,0.0,0.0,1.0,1,3,"[""Y""]","[""Y""]","[""Y""]","[""2025-10-10T09:50:00.000""]","[""2167319"", ""2167320""]","[""FRONT-LEFT-CORNER"", ""FRONT-RIGHT-CORNER""]","[""IL""]","[""HONDA"", ""NISSAN""]","[""STRAIGHT AHEAD"", ""TURNING LEFT""]","[""ALTIMA"", ""CR-V""]","[""1"", ""2""]","[""N"", ""SW""]","[""1"", ""2""]","[""DRIVER""]","[""NONE""]","[""2065973"", ""2065982""]","[""PASSENGER""]","[""PERSONAL""]","[""2012"", ""2020""]",[],[],"[""Y""]",[],"[""Y""]",[],[],[],"[""Y""]",[],"[""1""]",[],[],[],[],[],"['29', '40', '64']","[""DEPLOYED, COMBINATION"", ""DID NOT DEPLOY""]","[""TEST NOT OFFERED""]","[""CHICAGO""]","[""2025-10-10T09:50:00.000""]","[""FAILED TO YIELD"", ""NONE""]","[""UNKNOWN""]",[],"[""IL""]","[""NONE""]","[""HUMBOLDT PARK HEALTH""]","[""O2167319"", ""O2167320"", ""P478223""]","[""DRIVER"", ""PASSENGER""]","[""NORMAL""]","[""SAFETY BELT USED""]","[""F"", ""M""]","[""IL""]","[""2065973"", ""2065982""]","[""60622"", ""60630"", ""60639""]","[""52""]","[""4""]",[],[],[],"[""64""]",2025,10,9,10,False,morning,41.91,-87.71,41.91_-87.71,44.333333333333336,29,64,FAILURE-TO-YIELD,1
STRAIGHT AND LEVEL,1113,2025-10-10 09:50:00,6,9,10,42E0141ED8BA8C8455F8ED03CAC004784861ABBDA8F5FC4C80CF6C0D08CFCA72F61502C8DFE178466A70FBFDCD4038BA16A60AFD411A9FF3617E80689A485BA2,INJURY AND / OR TOW DUE TO CRASH,$500 OR LESS,OTHER,PEDALCYCLIST,41.8806340554,DAYLIGHT,-87.7429547312,2,30,DRIVING ON WRONG SIDE/WRONG WAY,UNKNOWN,DRY,NOT APPLICABLE,W,4700,STOP SIGN/FLASHER,FOUR WAY,CLEAR,0.0,0.0,1.0,0.0,0.0,1.0,2,2,[],[],"[""Y""]","[""2025-10-10T09:50:00.000""]","[""2167483"", ""2167484""]","[""FRONT""]","[""IL""]","[""HYUNDAI""]","[""STRAIGHT AHEAD""]","[""ELANTRA""]","[""1""]","[""W""]","[""1"", ""2""]","[""BICYCLE"", ""DRIVER""]","[""UNKNOWN""]","[""2066132""]","[""PASSENGER""]","[""PERSONAL""]","[""2004""]",[],[],[],[],[],[],[],[],[],[],[],[],[],[],[],[],"['31', '36']","[""DID NOT DEPLOY""]","[""TEST NOT OFFERED""]","[""CHICAGO""]","[""2025-10-10T09:50:00.000""]","[""UNKNOWN"", ""WRONG WAY/SIDE""]","[""UNKNOWN""]","[""D""]","[""IL""]","[""NONE""]","[""MT. SINAI"", ""REFUSED""]","[""O2167483"", ""O2167484""]","[""BICYCLE"", ""DRIVER""]","[""NORMAL"", ""UNKNOWN""]","[""HELMET NOT USED"", ""USAGE UNKNOWN""]","[""F"", ""M""]","[""IL""]","[""2066132""]","[""60624"", ""60644""]","[""CFD AMB 10""]",[],"[""AGAINST TRAFFIC""]","[""IN ROADWAY""]","[""NO CONTRASTING CLOTHING""]",[],2025,10,9,10,False,morning,41.88,-87.74,41.88_-87.74,33.5,31,36,OTHER,1
STRAIGHT AND LEVEL,1922,2025-10-10 09:45:00,6,9,10,E1640CD2FE4FEB54AE5EE6C6A905B407306FC370F8BB7B60A8539AE5EF150EEFFF2FE9235A16524CC32B8B39EA5135B1D229036374EBEEDAA0196EFEFABA9DB3,NO INJURY / DRIVE AWAY,"OVER $1,500",NO CONTROLS,PARKED MOTOR VEHICLE,41.9499611711,DAYLIGHT,-87.6756711293,2,5,UNABLE TO DETERMINE,NO DEFECTS,DRY,UNABLE TO DETERMINE,N,3745,OTHER,PARKING LOT,CLEAR,0.0,0.0,0.0,0.0,0.0,1.0,2,1,[],[],"[""Y""]","[""2025-10-10T09:45:00.000""]","[""2167317"", ""2167318""]","[""FRONT-LEFT-CORNER"", ""REAR-RIGHT-CORNER""]","[""IL""]","[""FORD"", ""TOYOTA""]","[""BACKING"", ""PARKED""]","[""COROLLA"", ""TRANSIT""]","[""0"", ""1""]","[""E"", ""W""]","[""1"", ""2""]","[""DRIVER"", ""PARKED""]","[""NONE"", ""UNKNOWN""]","[""2065977"", ""2065985""]","[""PASSENGER"", ""UNKNOWN/NA""]","[""PERSONAL"", ""UNKNOWN/NA""]","[""2010"", ""2019""]",[],[],"[""Y""]",[],[],[],[],[],"[""Y""]",[],[],[],[],"[""Y""]","[""Y""]",[],['31'],"[""NOT APPLICABLE""]","[""TEST NOT OFFERED""]","[""CHICAGO""]","[""2025-10-10T09:45:00.000""]","[""IMPROPER BACKING""]","[""NOT OBSCURED""]","[""D""]","[""IL""]","[""NONE""]",[],"[""O2167317""]","[""DRIVER""]","[""NORMAL""]","[""USAGE UNKNOWN""]","[""F""]","[""IL""]","[""2065977""]","[""60625""]",[],[],[],[],[],[],2025,10,9,10,False,morning,41.95,-87.68,41.95_-87.68,31.0,31,31,OTHER,0
STRAIGHT AND LEVEL,2212,2025-10-10 09:45:00,6,9,10,78E85E072D57E3A41E7E165EF5E9E748E1A7DC041A111051B9685BE0884BF1C3646FF419C832D66E1094007141A339ADF6A1AD8BCD8F42AE1C82A9A91D659795,NO INJURY / DRIVE AWAY,"OVER $1,500",NO CONTROLS,PARKED MOTOR VEHICLE,41.6861445511,UNKNOWN,-87.6848189863,2,20,IMPROPER BACKING,UNKNOWN,UNKNOWN,UNABLE TO DETERMINE,S,11402,NO CONTROLS,NOT DIVIDED,CLEAR,0.0,0.0,0.0,1.0,0.0,1.0,2,1,[],[],[],"[""2025-10-10T09:45:00.000""]","[""2168911"", ""2168912""]","[""REAR"", ""REAR-LEFT-CORNER""]","[""IL""]","[""HYUNDAI"", ""LINCOLN""]","[""BACKING"", ""PARKED""]","[""MKS"", ""TUCSON""]","[""0"", ""1""]","[""N"", ""S""]","[""1"", ""2""]","[""DRIVER"", ""DRIVERLESS""]","[""NONE"", ""UNKNOWN""]","[""2067506"", ""2067507""]","[""PASSENGER"", ""SPORT UTILITY VEHICLE (SUV)""]","[""PERSONAL""]","[""2010"", ""2022""]",[],[],[],[],[],"[""Y""]",[],[],[],[],[],"[""Y""]",[],[],"[""Y""]",[],['37'],"[""DEPLOYMENT UNKNOWN""]","[""TEST NOT OFFERED""]","[""PALOS HEIGHTS""]","[""2025-10-10T09:45:00.000""]","[""IMPROPER BACKING""]","[""UNKNOWN""]","[""D""]","[""IL""]","[""NONE""]",[],"[""O2168911""]","[""DRIVER""]","[""UNKNOWN""]","[""USAGE UNKNOWN""]","[""F""]","[""IL""]","[""2067506""]","[""60463""]",[],[],[],[],[],[],2025,10,9,10,False,morning,41.69,-87.68,41.69_-87.68,37.0,37,37,OTHER,0
STRAIGHT AND LEVEL,331,2025-10-10 09:42:00,6,9,10,EF78773D861447681A641DC9C9A83990C327ED543AA2D3205ABB2C53278A1BC0743C4383E7BE70806259DDFD02A5809ACD7D184967A67EB2E7F05A10A9CFF79F,NO INJURY / DRIVE AWAY,"OVER $1,500",NO CONTROLS,PARKED MOTOR VEHICLE,41.7700094199,DAYLIGHT,-87.5670930366,3,15,FAILING TO REDUCE SPEED TO AVOID CRASH,UNKNOWN,DRY,UNABLE TO DETERMINE,E,2368,NO CONTROLS,ONE-WAY,CLEAR,0.0,1.0,0.0,0.0,0.0,1.0,2,0,[],[],[],"[""2025-10-10T09:42:00.000""]","[""2167590"", ""2167591"", ""2167592""]","[""FRONT"", ""FRONT-LEFT-CORNER"", ""REAR-LEFT-CORNER""]","[""IL""]","[""CHRYSLER"", ""NISSAN"", ""TOYOTA""]","[""PARKED"", ""STRAIGHT AHEAD""]","[""ALTIMA"", ""HIGHLANDER"", ""PACIFICA""]","[""0"", ""1""]","[""E"", ""N"", ""SE""]","[""1"", ""2"", ""3""]","[""DRIVER"", ""PARKED""]","[""UNKNOWN""]","[""2066226"", ""2066234"", ""2066246""]","[""PASSENGER""]","[""PERSONAL""]","[""2014"", ""2022""]",[],[],"[""Y""]",[],[],"[""Y""]","[""Y""]",[],[],[],[],[],[],[],[],[],[],"[""DEPLOYMENT UNKNOWN""]","[""TEST NOT OFFERED""]",[],"[""2025-10-10T09:42:00.000""]","[""OTHER""]","[""UNKNOWN""]",[],[],"[""NONE""]",[],"[""O2167590""]","[""DRIVER""]","[""UNKNOWN""]","[""USAGE UNKNOWN""]","[""F""]",[],"[""2066226""]",[],[],[],[],[],[],[],2025,10,9,10,False,morning,41.77,-87.57,41.77_-87.57,0.0,0,0,SPEEDING,0
STRAIGHT AND LEVEL,1411,2025-10-10 09:40:00,6,9,10,04F77D3092769072FF091C374F1723B1BAF6135519A1416DDD2FEF6E65DD27EE32E99A46D2E1F037F3365E2E6275742B25C91925479C427BA1172FE3063E9B5B,INJURY AND / OR TOW DUE TO CRASH,"OVER $1,500",FUNCTIONING PROPERLY,ANGLE,41.9287882438,DAYLIGHT,-87.697672173,2,30,DISREGARDING TRAFFIC SIGNALS,NO DEFECTS,DRY,DISREGARDING TRAFFIC SIGNALS,N,2600,TRAFFIC SIGNAL,NOT DIVIDED,CLOUDY/OVERCAST,0.0,0.0,1.0,0.0,0.0,1.0,1,2,"[""Y""]",[],"[""Y""]","[""2025-10-10T09:40:00.000""]","[""2167362"", ""2167363""]","[""FRONT"", ""SIDE-LEFT""]","[""IL""]","[""HYUNDAI"", ""INFINITI""]","[""STRAIGHT AHEAD""]","[""ELANTRA"", ""Q50""]","[""1"", ""2""]","[""E"", ""S""]","[""1"", ""2""]","[""DRIVER""]","[""NONE""]","[""2066021"", ""2066026""]","[""PASSENGER""]","[""PERSONAL""]","[""2018"", ""2024""]",[],[],"[""Y""]","[""PRIVATE""]","[""Y""]",[],[],[],"[""Y""]",[],"[""1""]",[],[],[],[],"[""UNK""]","['42', '69']","[""DEPLOYED, FRONT"", ""DEPLOYED, SIDE"", ""NOT APPLICABLE""]","[""TEST NOT OFFERED""]","[""CHICAGO""]","[""2025-10-10T09:40:00.000""]","[""DISREGARDED CONTROL DEVICES"", ""NONE""]","[""NOT OBSCURED""]","[""DL""]","[""IL""]","[""NONE""]",[],"[""O2167362"", ""O2167363"", ""P478228""]","[""DRIVER"", ""PASSENGER""]","[""NORMAL""]","[""SAFETY BELT USED""]","[""M""]","[""IL""]","[""2066021"", ""2066026""]","[""60626"", ""60639""]","[""CFD 62"", ""CFD62""]","[""3""]",[],[],[],[],2025,10,9,10,False,morning,41.93,-87.7,41.93_-87.7,55.5,42,69,OTHER,1
STRAIGHT AND LEVEL,1431,2025-10-10 09:32:00,6,9,10,FC00CC06C485EB6E7899C8ADB894B7E1D773876A0CE575F86077DE82294055387B1EC8814062A778F8A4A39B559D55CBF276C7B471BC32C6717FC0FBE9935D69,NO INJURY / DRIVE AWAY,"$501 - $1,500",NO CONTROLS,REAR END,41.9249184704,DAYLIGHT,-87.697275076,2,30,UNABLE TO DETERMINE,NO DEFECTS,DRY,NOT APPLICABLE,W,2756,NO CONTROLS,NOT DIVIDED,CLEAR,0.0,0.0,0.0,0.0,0.0,1.0,1,1,[],[],"[""Y""]","[""2025-10-10T09:32:00.000""]","[""2167312"", ""2167313""]","[""FRONT"", ""REAR""]","[""IL""]","[""FORD"", ""TOYOTA""]","[""STRAIGHT AHEAD""]","[""CAMRY"", ""TRANSIT""]","[""1""]","[""W""]","[""1"", ""2""]","[""DRIVER""]","[""NONE""]","[""2065972"", ""2065983""]","[""PASSENGER"", ""VAN/MINI-VAN""]","[""PERSONAL""]","[""2022""]",[],[],[],[],[],[],[],[],[],[],[],[],[],[],"[""Y""]",[],['48'],"[""DID NOT DEPLOY""]","[""TEST NOT OFFERED""]","[""CHICAGO""]","[""2025-10-10T09:32:00.000""]","[""NONE""]","[""NOT OBSCURED""]",[],"[""IL""]","[""NONE""]",[],"[""O2167312"", ""O2167313""]","[""DRIVER""]","[""NORMAL""]","[""NONE PRESENT"", ""SAFETY BELT USED""]","[""M""]","[""IL""]","[""2065972"", ""2065983""]",[],[],[],[],[],[],[],2025,10,9,10,False,morning,41.92,-87.7,41.92_-87.7,48.0,48,48,OTHER,0