alignment,beat_of_occurrence,crash_date,crash_day_of_week,crash_hour,crash_month,crash_record_id,crash_type,damage,device_condition,first_crash_type,latitude,lighting_condition,longitude,num_units,posted_speed_limit,prim_contributory_cause,road_defect,roadway_surface_cond,sec_contributory_cause,street_direction,street_no,traffic_control_device,trafficway_type,weather_condition,private_property_i,hit_and_run_i,intersection_related_i,crash_date_est_i,work_zone_i,workers_present_i,veh_count,ppl_count,veh_area_01_i_list_json,veh_area_02_i_list_json,veh_area_12_i_list_json,veh_crash_date_list_json,veh_crash_unit_id_list_json,veh_first_contact_point_list_json,veh_lic_plate_state_list_json,veh_make_list_json,veh_maneuver_list_json,veh_model_list_json,veh_occupant_cnt_list_json,veh_travel_direction_list_json,veh_unit_no_list_json,veh_unit_type_list_json,veh_vehicle_defect_list_json,veh_vehicle_id_list_json,veh_vehicle_type_list_json,veh_vehicle_use_list_json,veh_vehicle_year_list_json,veh_area_03_i_list_json,veh_area_04_i_list_json,veh_area_11_i_list_json,veh_towed_by_list_json,veh_towed_i_list_json,veh_area_07_i_list_json,veh_area_99_i_list_json,veh_area_09_i_list_json,veh_area_10_i_list_json,veh_cmrc_veh_i_list_json,veh_num_passengers_list_json,veh_area_08_i_list_json,veh_area_00_i_list_json,veh_area_05_i_list_json,veh_area_06_i_list_json,veh_towed_to_list_json,ppl_age_list_json,ppl_airbag_deployed_list_json,ppl_bac_result_list_json,ppl_city_list_json,ppl_crash_date_list_json,ppl_driver_action_list_json,ppl_driver_vision_list_json,ppl_drivers_license_class_list_json,ppl_drivers_license_state_list_json,ppl_ejection_list_json,ppl_hospital_list_json,ppl_person_id_list_json,ppl_person_type_list_json,ppl_physical_condition_list_json,ppl_safety_equipment_list_json,ppl_sex_list_json,ppl_state_list_json,ppl_vehicle_id_list_json,ppl_zipcode_list_json,ppl_ems_agency_list_json,ppl_seat_no_list_json,ppl_pedpedal_action_list_json,ppl_pedpedal_location_list_json,ppl_pedpedal_visibility_list_json,ppl_ems_run_no_list_json,year,month,hour,day,is_weekend,hour_bin,lat_bin,lng_bin,grid_id,ppl_age_mean,ppl_age_min,ppl_age_max,prim_contributory_cause_group,ksi_flag
STRAIGHT AND LEVEL,412,2025-10-10 09:30:00,6,9,10,40A0A61CF8FDDF1DEAF4AF169DD0DF0A524A760C816BF84079254659E6DAE625B30C7A3D29DD23192296B55160530B319ECD13DCCBCAC9F730D3FBB19299D5E8,INJURY AND / OR TOW DUE TO CRASH,"OVER $1,500",NO CONTROLS,PEDALCYCLIST,41.7422398836,DAYLIGHT,-87.5893380779,2,20,FAILING TO YIELD RIGHT-OF-WAY,NO DEFECTS,DRY,NOT APPLICABLE,S,8400,STOP SIGN/FLASHER,FOUR WAY,CLEAR,0.0,0.0,1.0,0.0,0.0,1.0,2,2,[],[],"[""Y""]","[""2025-10-10T09:30:00.000""]","[""2167703"", ""2167704""]","[""FRONT""]","[""IL""]","[""CHEVROLET""]","[""STRAIGHT AHEAD""]","[""MALIBU""]","[""1""]","[""N""]","[""1"", ""2""]","[""BICYCLE"", ""DRIVER""]","[""UNKNOWN""]","[""2066333""]","[""PASSENGER""]","[""PERSONAL""]","[""2014""]",[],[],[],[],[],[],[],[],[],[],[],[],[],[],[],[],"['17', '28']","[""DEPLOYMENT UNKNOWN""]","[""TEST NOT OFFERED""]","[""CHICAGO"", ""DOLTON""]","[""2025-10-10T09:30:00.000""]","[""NONE"", ""UNKNOWN""]","[""NOT OBSCURED"", ""UNKNOWN""]","[""D""]","[""IL""]","[""NONE""]",[],"[""O2167703"", ""O2167704""]","[""BICYCLE"", ""DRIVER""]","[""NORMAL"", ""UNKNOWN""]","[""HELMET NOT USED"", ""USAGE UNKNOWN""]","[""F"", ""M""]","[""IL""]","[""2066333""]","[""60419""]",[],[],"[""OTHER ACTION""]","[""IN ROADWAY""]","[""NO CONTRASTING CLOTHING""]",[],2025,10,9,10,False,morning,41.74,-87.59,41.74_-87.59,22.5,17,28,FAILURE-TO-YIELD,1
STRAIGHT AND LEVEL,1215,2025-10-10 09:15:00,6,9,10,FBF61E25F00A95E4B30F2C59B10A228BDBAEB757ECE90F41CDE9BF6DD5309162987BE264E2C5C5AF1A21BCF2B800BD6C7F17AAB28B0CE5A14A2A5DB6B11C94FB,INJURY AND / OR TOW DUE TO CRASH,"OVER $1,500",NO CONTROLS,SIDESWIPE SAME DIRECTION,41.8899705984,DAYLIGHT,-87.6687988538,2,25,IMPROPER OVERTAKING/PASSING,UNKNOWN,UNKNOWN,UNABLE TO DETERMINE,W,1640,NO CONTROLS,NOT DIVIDED,CLEAR,0.0,0.0,0.0,0.0,0.0,1.0,1,1,"[""Y""]","[""Y""]",[],"[""2025-10-10T09:15:00.000""]","[""2168816"", ""2168817""]","[""SIDE-LEFT-FRONT"", ""SIDE-RIGHT""]",[],"[""JEEP"", ""MERCEDES-BENZ""]","[""PASSING/OVERTAKING"", ""STRAIGHT AHEAD""]","[""GLK250"", ""WAGONEER""]","[""1"", ""6""]","[""W""]","[""1"", ""2""]","[""DRIVER""]","[""UNKNOWN""]","[""2067414"", ""2067415""]","[""PASSENGER""]","[""OTHER"", ""PERSONAL""]","[""2019"", ""2024""]","[""Y""]",[],"[""Y""]","[""S&S HAZARD TOW""]","[""Y""]",[],[],"[""Y""]","[""Y""]",[],"[""5""]",[],[],[],[],"[""ASHLAND AND HUBBARD""]",['31'],"[""DEPLOYMENT UNKNOWN"", ""NOT APPLICABLE""]","[""TEST NOT OFFERED""]","[""NORTHLAKE""]","[""2025-10-10T09:15:00.000""]","[""FAILED TO YIELD"", ""NONE""]","[""UNKNOWN""]",[],"[""IL""]","[""NONE""]",[],"[""O2168816"", ""O2168817"", ""P478552"", ""P478553"", ""P478554"", ""P478555"", ""P478556""]","[""DRIVER"", ""PASSENGER""]","[""UNKNOWN""]","[""SAFETY BELT USED"", ""USAGE UNKNOWN""]","[""F"", ""M""]","[""IL""]","[""2067414"", ""2067415""]","[""60164""]",[],"[""3"", ""4"", ""5"", ""6""]",[],[],[],[],2025,10,9,10,False,morning,41.89,-87.67,41.89_-87.67,31.0,31,31,OTHER,1
STRAIGHT AND LEVEL,1832,2025-10-10 09:13:00,6,9,10,A362A89A11AF0380FF952A38199BD69B7FAF2AFED89E944E76CF9F2CDDF7BB20D6403AB67FC5AF50AEFD1E9CDD58D05938F7CDEC26C0E2A4C79FF4DD85D557F2,INJURY AND / OR TOW DUE TO CRASH,"OVER $1,500",FUNCTIONING PROPERLY,REAR END,41.8933189813,DAYLIGHT,-87.6325686066,3,35,FOLLOWING TOO CLOSELY,NO DEFECTS,DRY,UNABLE TO DETERMINE,W,138,TRAFFIC SIGNAL,ONE-WAY,CLEAR,0.0,0.0,1.0,0.0,0.0,1.0,1,3,"[""Y""]",[],"[""Y""]","[""2025-10-10T09:13:00.000""]","[""2167309"", ""2167310"", ""2167311""]","[""FRONT"", ""REAR""]","[""IL""]","[""CHEVROLET"", ""JEEP"", ""TOYOTA""]","[""STRAIGHT AHEAD""]","[""CAMRY"", ""CHEROKEE"", ""IMPALA""]","[""1""]","[""W""]","[""1"", ""2"", ""3""]","[""DRIVER""]","[""NONE""]","[""2065964"", ""2065967"", ""2065969""]","[""PASSENGER""]","[""PERSONAL""]","[""2015"", ""2016"", ""2018""]",[],[],"[""Y""]","[""SSN""]","[""Y""]","[""Y""]",[],[],[],[],[],[],[],"[""Y""]","[""Y""]","[""UNKNOWN""]","['31', '46', '72']","[""DEPLOYED, COMBINATION"", ""NOT APPLICABLE""]","[""TEST NOT OFFERED""]","[""BARLETT"", ""CHICAGO""]","[""2025-10-10T09:13:00.000""]","[""FOLLOWED TOO CLOSELY"", ""NONE""]","[""NOT OBSCURED""]","[""D""]","[""IL""]","[""NONE""]","[""N/A""]","[""O2167309"", ""O2167310"", ""O2167311""]","[""DRIVER""]","[""NORMAL""]","[""SAFETY BELT USED""]","[""F"", ""M""]","[""IL""]","[""2065964"", ""2065967"", ""2065969""]","[""60103"", ""60610"", ""60637""]","[""N/A""]",[],[],[],[],[],2025,10,9,10,False,morning,41.89,-87.63,41.89_-87.63,49.666666666666664,31,72,FOLLOWING TOO CLOSELY,0
STRAIGHT AND LEVEL,1112,2025-10-10 09:10:00,6,9,10,C83299621FDDA97E29AE12D470DAB614A5693A430763C353E66C9899A1387C4EFFCB42A4823A61441DDDB949E93FB0313E4BAC682CC4A075A36A7E0F215F6500,NO INJURY / DRIVE AWAY,"$501 - $1,500",NO CONTROLS,PARKED MOTOR VEHICLE,41.9013788811,DAYLIGHT,-87.7212413886,2,30,FOLLOWING TOO CLOSELY,UNKNOWN,DRY,UNABLE TO DETERMINE,N,1115,NO CONTROLS,NOT DIVIDED,CLEAR,0.0,0.0,0.0,0.0,0.0,1.0,2,2,"[""Y""]",[],[],"[""2025-10-10T09:10:00.000""]","[""2167314"", ""2167315""]","[""FRONT-RIGHT-CORNER"", ""SIDE-LEFT-FRONT""]","[""IL""]","[""CHEVROLET"", ""CHRYSLER""]","[""PARKED"", ""STRAIGHT AHEAD""]","[""EQUINOX"", ""PACIFICA""]","[""1""]","[""N""]","[""1"", ""2""]","[""DRIVER"", ""PARKED""]","[""NONE"", ""UNKNOWN""]","[""2065989"", ""2065991""]","[""SPORT UTILITY VEHICLE (SUV)"", ""VAN/MINI-VAN""]","[""OTHER""]","[""2010"", ""2021""]",[],[],"[""Y""]",[],[],[],[],[],"[""Y""]",[],"[""1""]",[],"[""Y""]",[],[],[],"['43', '68']","[""DID NOT DEPLOY""]","[""TEST NOT OFFERED""]","[""CHICAGO""]","[""2025-10-10T09:10:00.000""]","[""FOLLOWED TOO CLOSELY""]","[""UNKNOWN""]","[""D""]","[""IL""]","[""NONE""]",[],"[""O2167314"", ""P478226""]","[""DRIVER"", ""PASSENGER""]","[""NORMAL""]","[""SAFETY BELT USED""]","[""M""]","[""IL""]","[""2065989"", ""2065991""]","[""60619"", ""60651""]",[],"[""1""]",[],[],[],[],2025,10,9,10,False,morning,41.9,-87.72,41.9_-87.72,55.5,43,68,FOLLOWING TOO CLOSELY,0
STRAIGHT AND LEVEL,1214,2025-10-10 09:10:00,6,9,10,A8E9BA0E84B120FC12BC52F9C3574B71F0E6A4545404BEA3E0AC399408EFC4BADCAB9D65E24C6F7EE14BA5DD0B6A01DA3D1802199071B277FC3CB3A947960DE2,INJURY AND / OR TOW DUE TO CRASH,"OVER $1,500",NO CONTROLS,PEDALCYCLIST,41.8913064111,DAYLIGHT,-87.6467262766,2,25,FAILING TO REDUCE SPEED TO AVOID CRASH,NO DEFECTS,DRY,DRIVING SKILLS/KNOWLEDGE/EXPERIENCE,W,720,NO CONTROLS,ALLEY,CLEAR,0.0,0.0,1.0,0.0,0.0,1.0,2,2,[],"[""Y""]",[],"[""2025-10-10T09:10:00.000""]","[""2167295"", ""2167296""]","[""SIDE-RIGHT""]","[""IL""]","[""MITSUBISHI""]","[""SLOW/STOP IN TRAFFIC""]","[""OUTLANDER""]","[""1""]","[""S""]","[""1"", ""2""]","[""BICYCLE"", ""DRIVER""]","[""NONE""]","[""2065955""]","[""SPORT UTILITY VEHICLE (SUV)""]","[""PERSONAL""]","[""2015""]",[],[],[],[],[],[],[],[],[],[],[],[],[],[],[],[],"['26', '36']","[""DID NOT DEPLOY""]","[""TEST NOT OFFERED""]","[""CHICAGO""]","[""2025-10-10T09:10:00.000""]","[""NONE"", ""OTHER""]","[""BUILDINGS""]","[""D""]","[""IL""]","[""NONE""]",[],"[""O2167295"", ""O2167296""]","[""BICYCLE"", ""DRIVER""]","[""NORMAL""]","[""HELMET NOT USED"", ""SAFETY BELT USED""]","[""F"", ""M""]","[""IL""]","[""2065955""]","[""60642"", ""60654""]",[],[],"[""OTHER ACTION""]","[""IN ROADWAY""]","[""NO CONTRASTING CLOTHING""]",[],2025,10,9,10,False,morning,41.89,-87.65,41.89_-87.65,31.0,26,36,SPEEDING,1
STRAIGHT AND LEVEL,421,2025-10-10 09:00:00,6,9,10,67793856488291AAEE178F6FDC8156E92D89E87EF30D414CE491DC52A63AEE60EDDC4EA63CBDE3058BC6843805F0F1134AD126C4A9FF9D4CE852B4393901DEEA,INJURY AND / OR TOW DUE TO CRASH,"OVER $1,500",FUNCTIONING PROPERLY,TURNING,41.752056123,DAYLIGHT,-87.5502679341,3,25,UNABLE TO DETERMINE,NO DEFECTS,DRY,UNABLE TO DETERMINE,E,3038,STOP SIGN/FLASHER,NOT DIVIDED,CLEAR,0.0,0.0,1.0,0.0,0.0,1.0,2,3,"[""Y""]","[""Y""]","[""Y""]","[""2025-10-10T09:00:00.000""]","[""2167340"", ""2167341"", ""2167342""]","[""FRONT"", ""REAR"", ""REAR-LEFT-CORNER""]","[""IL""]","[""FORD"", ""HONDA"", ""TOYOTA""]","[""PARKED"", ""STRAIGHT AHEAD"", ""TURNING LEFT""]","[""ACCORD"", ""COROLLA"", ""EDGE""]","[""0"", ""1"", ""2""]","[""N"", ""W""]","[""1"", ""2"", ""3""]","[""DRIVER"", ""DRIVERLESS""]","[""NONE""]","[""2066011"", ""2066064"", ""2066070""]","[""PASSENGER""]","[""NOT IN USE"", ""PERSONAL""]","[""2006"", ""2008"", ""2015""]",[],"[""Y""]","[""Y""]","[""STREETS AND SANITATION""]","[""Y""]","[""Y""]",[],[],"[""Y""]",[],"[""1""]","[""Y""]",[],"[""Y""]","[""Y""]","[""DOTY""]","['20', '43', '48']","[""DID NOT DEPLOY"", ""NOT APPLICABLE""]","[""TEST NOT OFFERED""]","[""CHICAGO""]","[""2025-10-10T09:00:00.000""]","[""UNKNOWN""]","[""NOT OBSCURED""]","[""D""]","[""IL""]","[""NONE""]","[""SOUTH SHORE HOSPITAL""]","[""O2167340"", ""O2167341"", ""P478233""]","[""DRIVER"", ""PASSENGER""]","[""NORMAL""]","[""USAGE UNKNOWN""]","[""F"", ""M""]","[""IL""]","[""2066011"", ""2066064""]","[""60619"", ""60636"", ""70717""]","[""24""]","[""3""]",[],[],[],[],2025,10,9,10,False,morning,41.75,-87.55,41.75_-87.55,37.0,20,48,OTHER,1
STRAIGHT AND LEVEL,1611,2025-10-10 09:00:00,6,9,10,C14F0FC3CF84D7F85BCCBD7FA0A4F94C72A62B60238242B6D20D0B3D3383DA100D0D401F6631417E40B536251DB524A2F43072BFBC75B203B51396278E71C3A2,NO INJURY / DRIVE AWAY,"OVER $1,500",FUNCTIONING PROPERLY,REAR END,41.9959239228,DAYLIGHT,-87.7876379918,2,30,FOLLOWING TOO CLOSELY,NO DEFECTS,DRY,NOT APPLICABLE,N,6310,TRAFFIC SIGNAL,FOUR WAY,CLEAR,0.0,0.0,1.0,0.0,0.0,1.0,1,2,[],[],"[""Y""]","[""2025-10-10T09:00:00.000""]","[""2167474"", ""2167475""]","[""FRONT"", ""REAR""]","[""IL""]","[""DODGE"", ""FORD""]","[""SLOW/STOP IN TRAFFIC"", ""STRAIGHT AHEAD""]","[""JOURNEY"", ""TRANSIT""]","[""1""]","[""N""]","[""1"", ""2""]","[""DRIVER""]","[""NONE""]","[""2066123"", ""2066127""]","[""PASSENGER"", ""VAN/MINI-VAN""]","[""PERSONAL"", ""UNKNOWN/NA""]","[""2015"", ""2017""]",[],[],[],[],[],"[""Y""]",[],[],[],[],[],[],[],"[""Y""]","[""Y""]",[],"['41', '47']","[""NOT APPLICABLE""]","[""TEST NOT OFFERED""]","[""ELMWOOD PARK"", ""HARWOOD HEIGHTS""]","[""2025-10-10T09:00:00.000""]","[""FOLLOWED TOO CLOSELY"", ""NONE""]","[""NOT OBSCURED"", ""UNKNOWN""]","[""D""]","[""IL""]","[""NONE""]",[],"[""O2167474"", ""O2167475""]","[""DRIVER""]","[""NORMAL""]","[""SAFETY BELT USED""]","[""F"", ""M""]","[""IL""]","[""2066123"", ""2066127""]","[""60706"", ""60707""]",[],[],[],[],[],[],2025,10,9,10,False,morning,42.0,-87.79,42.0_-87.79,44.0,41,47,FOLLOWING TOO CLOSELY,0
STRAIGHT AND LEVEL,1132,2025-10-10 09:00:00,6,9,10,C0D64279C2DDECAF9FEE7466F2FEE63C7E427A1BB585AC0085D132F7166E223DDFB49E799FBD3D2359CBBDEE3ACEF9274B70434331293B3A782591015FB1357F,NO INJURY / DRIVE AWAY,"OVER $1,500",NO CONTROLS,PARKED MOTOR VEHICLE,41.8760929626,DAYLIGHT,-87.7235742249,2,30,NOT APPLICABLE,NO DEFECTS,DRY,NOT APPLICABLE,W,3911,NO CONTROLS,ONE-WAY,CLEAR,0.0,1.0,0.0,1.0,0.0,1.0,2,0,[],"[""Y""]",[],"[""2025-10-10T09:00:00.000""]","[""2167321"", ""2167322""]","[""SIDE-RIGHT"", ""UNKNOWN""]","[""IL""]","[""CHEVROLET"", ""UNKNOWN""]","[""PARKED"", ""UNKNOWN/NA""]","[""OTHER (EXPLAIN IN NARRATIVE)"", ""TRAVERSE""]","[""0"", ""1""]","[""UNKNOWN"", ""W""]","[""1"", ""2""]","[""DRIVER"", ""PARKED""]","[""NONE"", ""UNKNOWN""]","[""2065975"", ""2065979""]","[""OTHER"", ""PASSENGER""]","[""PERSONAL"", ""UNKNOWN/NA""]","[""2019""]","[""Y""]","[""Y""]",[],[],[],[],"[""Y""]",[],[],[],[],[],[],[],[],[],[],"[""DEPLOYMENT UNKNOWN""]","[""TEST NOT OFFERED""]",[],"[""2025-10-10T09:00:00.000""]","[""OTHER""]","[""UNKNOWN""]",[],[],"[""UNKNOWN""]",[],"[""O2167321""]","[""DRIVER""]","[""UNKNOWN""]","[""USAGE UNKNOWN""]","[""X""]",[],"[""2065975""]",[],[],[],[],[],[],[],2025,10,9,10,False,morning,41.88,-87.72,41.88_-87.72,0.0,0,0,OTHER,0
STRAIGHT AND LEVEL,1733,2025-10-10 08:58:00,6,8,10,D9BC103571CBFF1B1F720F1A4E92D606319C57261ECA7DDFE663FF399CE3AE880063417368E9C1F211B8A36CA59658B7892B82BC57E4007176CA885561B08477,NO INJURY / DRIVE AWAY,"OVER $1,500",FUNCTIONING PROPERLY,SIDESWIPE SAME DIRECTION,41.9464943796,DAYLIGHT,-87.7098567162,2,30,IMPROPER OVERTAKING/PASSING,NO DEFECTS,DRY,NOT APPLICABLE,W,3251,TRAFFIC SIGNAL,CENTER TURN LANE,CLEAR,0.0,0.0,0.0,0.0,0.0,1.0,1,2,[],"[""Y""]",[],"[""2025-10-10T08:58:00.000""]","[""2167273"", ""2167274""]","[""FRONT-LEFT-CORNER"", ""SIDE-RIGHT-REAR""]","[""IL""]","[""GENESIS"", ""JEEP""]","[""PASSING/OVERTAKING"", ""STRAIGHT AHEAD""]","[""COMPASS"", ""GV80""]","[""1""]","[""E""]","[""1"", ""2""]","[""DRIVER""]","[""NONE""]","[""2065936"", ""2065944""]","[""PASSENGER""]","[""PERSONAL""]","[""2014"", ""2021""]","[""Y""]","[""Y""]","[""Y""]",[],[],[],[],[],[],[],[],[],[],[],[],[],"['52', '60']","[""DID NOT DEPLOY"", ""NOT APPLICABLE""]","[""TEST NOT OFFERED""]","[""GLENVIEW""]","[""2025-10-10T08:58:00.000""]","[""FAILED TO YIELD"", ""NONE""]","[""NOT OBSCURED""]","[""D""]","[""IL""]","[""NONE""]",[],"[""O2167273"", ""O2167274""]","[""DRIVER""]","[""NORMAL""]","[""SAFETY BELT USED""]","[""F"", ""M""]","[""IL""]","[""2065936"", ""2065944""]","[""60025"", ""60026""]",[],[],[],[],[],[],2025,10,8,10,False,morning,41.95,-87.71,41.95_-87.71,56.0,52,60,OTHER,0
STRAIGHT AND LEVEL,632,2025-10-10 08:51:00,6,8,10,4CCBCF6F1EC565273612CF2F27646F53FF4800346A4CA34A9EAEFC7DCF07CDB89322C7788D72506A99D542F69DBAE6D880E9F8E1C63E13B9304613E95375A438,NO INJURY / DRIVE AWAY,$500 OR LESS,FUNCTIONING PROPERLY,PEDALCYCLIST,41.7339840824,DAYLIGHT,-87.6073067302,2,30,FAILING TO YIELD RIGHT-OF-WAY,NO DEFECTS,DRY,FAILING TO YIELD RIGHT-OF-WAY,E,658,STOP SIGN/FLASHER,FOUR WAY,CLEAR,0.0,0.0,1.0,0.0,0.0,1.0,2,1,[],[],[],"[""2025-10-10T08:51:00.000""]","[""2167316"", ""2167417""]","[""FRONT""]",[],"[""UNKNOWN""]","[""STRAIGHT AHEAD""]","[""MOTORIZED""]","[""1""]","[""W""]","[""1"", ""2""]","[""BICYCLE"", ""DRIVER""]","[""UNKNOWN""]","[""2066075""]","[""UNKNOWN/NA""]","[""UNKNOWN/NA""]","[""9999""]",[],[],[],[],[],[],"[""Y""]",[],[],[],[],[],[],[],[],[],['52'],"[""DEPLOYMENT UNKNOWN""]","[""TEST NOT OFFERED"", ""TEST REFUSED""]","[""CHICAGO""]","[""2025-10-10T08:51:00.000""]","[""FAILED TO YIELD"", ""NONE""]","[""NOT OBSCURED"", ""UNKNOWN""]",[],"[""XX""]","[""NONE"", ""UNKNOWN""]",[],"[""O2167316"", ""O2167417""]","[""BICYCLE"", ""DRIVER""]","[""NORMAL"", ""UNKNOWN""]","[""BICYCLE HELMET (PEDACYCLIST INVOLVED ONLY)"", ""USAGE UNKNOWN""]","[""M"", ""X""]","[""IL""]","[""2066075""]","[""60619""]",[],[],"[""OTHER ACTION""]","[""IN ROADWAY""]","[""NO CONTRASTING CLOTHING""]",[],2025,10,8,10,False,morning,41.73,-87.61,41.73_-87.61,52.0,52,52,FAILURE-TO-YIELD,0
STRAIGHT AND LEVEL,1431,2025-10-10 08:50:00,6,8,10,1D38BE0C5D8483B322CEC71D31BEC4E86E17A0EF644D485CC3CCCDBAD327ECC4143A115AF0BDED4C587C49361E0625D913D2F71BAA908DC9ED660C7170E46F37,NO INJURY / DRIVE AWAY,"OVER $1,500",NO CONTROLS,SIDESWIPE SAME DIRECTION,41.9249641537,DAYLIGHT,-87.6925453519,2,25,UNABLE TO DETERMINE,NO DEFECTS,DRY,UNABLE TO DETERMINE,W,2600,NO CONTROLS,DIVIDED - W/MEDIAN (NOT RAISED),CLEAR,0.0,0.0,0.0,0.0,0.0,1.0,1,2,"[""Y""]","[""Y""]",[],"[""2025-10-10T08:50:00.000""]","[""2169025"", ""2169026""]","[""FRONT-LEFT-CORNER"", ""FRONT-RIGHT-CORNER""]","[""IL""]","[""LEXUS"", ""NISSAN""]","[""STRAIGHT AHEAD""]","[""ALTIMA"", ""NX""]","[""1""]","[""E""]","[""1"", ""2""]","[""DRIVER""]","[""NONE"", ""UNKNOWN""]","[""2067616"", ""2067619""]","[""PASSENGER""]","[""PERSONAL""]","[""2009"", ""2024""]",[],[],"[""Y""]",[],[],[],[],"[""Y""]","[""Y""]",[],[],[],[],[],[],[],"['25', '28']","[""DID NOT DEPLOY""]","[""TEST NOT OFFERED""]","[""CHICAGO""]","[""2025-10-10T08:50:00.000""]","[""NONE"", ""UNKNOWN""]","[""UNKNOWN""]","[""D""]","[""IL""]","[""UNKNOWN""]",[],"[""O2169025"", ""O2169026""]","[""DRIVER""]","[""NORMAL""]","[""SAFETY BELT USED""]","[""F"", ""M""]","[""IL""]","[""2067616"", ""2067619""]","[""60616"", ""60639""]",[],[],[],[],[],[],2025,10,8,10,False,morning,41.92,-87.69,41.92_-87.69,26.5,25,28,OTHER,0
STRAIGHT AND LEVEL,131,2025-10-10 08:45:00,6,8,10,FC827B4A9581885D33F970A189AD9BEDDF6834143E5F57F92858DCA6CF44EA2C25B241C9E2FDF83460189EFEBC1B55F69BEF1BA6C5E535C9D9974BA4EBB9622A,NO INJURY / DRIVE AWAY,"$501 - $1,500",FUNCTIONING PROPERLY,SIDESWIPE SAME DIRECTION,41.867377773,DAYLIGHT,-87.6242830157,2,30,IMPROPER OVERTAKING/PASSING,NO DEFECTS,DRY,NOT APPLICABLE,S,1200,TRAFFIC SIGNAL,DIVIDED - W/MEDIAN BARRIER,CLEAR,0.0,1.0,1.0,0.0,0.0,1.0,1,1,[],"[""Y""]",[],"[""2025-10-10T08:45:00.000""]","[""2167264"", ""2167265""]","[""SIDE-LEFT"", ""SIDE-RIGHT-FRONT""]","[""IN""]","[""FREIGHTLINER CORPORATION"", ""UNKNOWN""]","[""PASSING/OVERTAKING"", ""STRAIGHT AHEAD""]","[""FREIGHTLINER CORP."", ""MOTORIZED""]","[""1""]","[""N""]","[""1"", ""2""]","[""DRIVER""]","[""NONE""]","[""2065934"", ""2065937""]","[""BUS OVER 15 PASS."", ""TRUCK - SINGLE UNIT""]","[""CTA"", ""OTHER""]","[""2023""]",[],[],[],[],[],[],[],"[""Y""]",[],[],[],[],[],[],[],[],['34'],"[""DEPLOYMENT UNKNOWN"", ""DID NOT DEPLOY""]","[""TEST NOT OFFERED""]","[""VALPARAISO""]","[""2025-10-10T08:45:00.000""]","[""IMPROPER PASSING"", ""NONE""]","[""NOT OBSCURED"", ""UNKNOWN""]",[],"[""IN""]","[""NONE""]","[""NONE""]","[""O2167264"", ""O2167265""]","[""DRIVER""]","[""NORMAL"", ""UNKNOWN""]","[""SAFETY BELT USED"", ""USAGE UNKNOWN""]","[""M"", ""X""]","[""IN""]","[""2065934"", ""2065937""]","[""46383""]",[],[],[],[],[],[],2025,10,8,10,False,morning,41.87,-87.62,41.87_-87.62,34.0,34,34,OTHER,0
STRAIGHT AND LEVEL,2011,2025-10-10 08:40:00,6,8,10,BA752B89B28F5B59491A9644CE5EFAED032575CBFAE554164663C7F4A20DDBE78D16E755B5D7065BF9037222E3FA407F5171D79E3BED3D18D4541D2DD7706740,NO INJURY / DRIVE AWAY,"OVER $1,500",NO CONTROLS,HEAD ON,41.9759780821,DAYLIGHT,-87.6920592931,2,30,DRIVING ON WRONG SIDE/WRONG WAY,NO DEFECTS,DRY,DRIVING ON WRONG SIDE/WRONG WAY,W,2472,NO CONTROLS,NOT DIVIDED,CLEAR,0.0,1.0,0.0,0.0,0.0,1.0,1,1,[],[],[],"[""2025-10-10T08:40:00.000""]","[""2167307"", ""2167308""]","[""REAR-LEFT-CORNER"", ""UNKNOWN""]","[""IL"", ""NJ""]","[""CHEVROLET"", ""CHRYSLER""]","[""DRIVING WRONG WAY"", ""STRAIGHT AHEAD""]","[""BLAZER"", ""PACIFICA""]","[""1""]","[""E"", ""W""]","[""1"", ""2""]","[""DRIVER""]","[""UNKNOWN""]","[""2065965"", ""2065980""]","[""PASSENGER"", ""UNKNOWN/NA""]","[""PERSONAL"", ""UNKNOWN/NA""]","[""2019"", ""2026""]",[],[],[],[],[],"[""Y""]","[""Y""]",[],[],[],[],"[""Y""]",[],[],[],[],['37'],"[""DEPLOYMENT UNKNOWN"", ""DID NOT DEPLOY""]","[""TEST NOT OFFERED""]","[""MINNEAPOLIS""]","[""2025-10-10T08:40:00.000""]","[""UNKNOWN"", ""WRONG WAY/SIDE""]","[""UNKNOWN""]",[],"[""MN""]","[""NONE"", ""UNKNOWN""]",[],"[""O2167307"", ""O2167308""]","[""DRIVER""]","[""EMOTIONAL"", ""UNKNOWN""]","[""USAGE UNKNOWN""]","[""F"", ""X""]","[""MN""]","[""2065965"", ""2065980""]","[""55403""]",[],[],[],[],[],[],2025,10,8,10,False,morning,41.98,-87.69,41.98_-87.69,37.0,37,37,OTHER,0
STRAIGHT AND LEVEL,813,2025-10-10 08:30:00,6,8,10,9F25BF7169A7D11581C2377E7BE2F57751FDC811EE942E32463723B95F7B4A4DCFEEE1A4687E10F9248956AA3526611E349FA105F89706A91A7C3D613DE90FD0,NO INJURY / DRIVE AWAY,"OVER $1,500",NO CONTROLS,ANGLE,41.7878581396,DAYLIGHT,-87.7235127919,2,30,FAILING TO YIELD RIGHT-OF-WAY,NO DEFECTS,DRY,NOT APPLICABLE,W,4010,NO CONTROLS,NOT DIVIDED,CLEAR,0.0,0.0,1.0,0.0,0.0,1.0,1,2,"[""Y""]","[""Y""]",[],"[""2025-10-10T08:30:00.000""]","[""2167673"", ""2167674""]","[""FRONT"", ""SIDE-RIGHT""]","[""IL""]","[""CHEVROLET"", ""TOYOTA""]","[""STRAIGHT AHEAD""]","[""CAMRY"", ""EQUINOX""]","[""1""]","[""S"", ""W""]","[""1"", ""2""]","[""DRIVER""]","[""NONE""]","[""2066313"", ""2066342""]","[""PASSENGER"", ""SPORT UTILITY VEHICLE (SUV)""]","[""PERSONAL"", ""UNKNOWN/NA""]","[""2002"", ""2008""]","[""Y""]","[""Y""]",[],[],[],[],"[""Y""]",[],[],[],[],[],[],[],[],[],"['23', '31']","[""DID NOT DEPLOY""]","[""TEST NOT OFFERED""]","[""CHICAGO""]","[""2025-10-10T08:30:00.000""]","[""FAILED TO YIELD"", ""OTHER""]","[""NOT OBSCURED""]","[""D""]","[""IL""]","[""NONE""]",[],"[""O2167673"", ""O2167674""]","[""DRIVER""]","[""NORMAL""]","[""SAFETY BELT USED""]","[""F""]","[""IL""]","[""2066313"", ""2066342""]","[""60609"", ""60619""]",[],[],[],[],[],[],2025,10,8,10,False,morning,41.79,-87.72,41.79_-87.72,27.0,23,31,FAILURE-TO-YIELD,0