alignment,beat_of_occurrence,crash_date,crash_day_of_week,crash_hour,crash_month,crash_record_id,crash_type,damage,device_condition,first_crash_type,latitude,lighting_condition,longitude,num_units,posted_speed_limit,prim_contributory_cause,road_defect,roadway_surface_cond,sec_contributory_cause,street_direction,street_no,traffic_control_device,trafficway_type,weather_condition,private_property_i,hit_and_run_i,intersection_related_i,crash_date_est_i,work_zone_i,workers_present_i,veh_count,ppl_count,veh_area_01_i_list_json,veh_area_02_i_list_json,veh_area_12_i_list_json,veh_crash_date_list_json,veh_crash_unit_id_list_json,veh_first_contact_point_list_json,veh_lic_plate_state_list_json,veh_make_list_json,veh_maneuver_list_json,veh_model_list_json,veh_occupant_cnt_list_json,veh_travel_direction_list_json,veh_unit_no_list_json,veh_unit_type_list_json,veh_vehicle_defect_list_json,veh_vehicle_id_list_json,veh_vehicle_type_list_json,veh_vehicle_use_list_json,veh_vehicle_year_list_json,veh_area_03_i_list_json,veh_area_04_i_list_json,veh_area_11_i_list_json,veh_towed_by_list_json,veh_towed_i_list_json,veh_area_07_i_list_json,veh_area_99_i_list_json,veh_area_09_i_list_json,veh_area_10_i_list_json,veh_cmrc_veh_i_list_json,veh_num_passengers_list_json,veh_area_08_i_list_json,veh_area_00_i_list_json,veh_area_05_i_list_json,veh_area_06_i_list_json,veh_towed_to_list_json,ppl_age_list_json,ppl_airbag_deployed_list_json,ppl_bac_result_list_json,ppl_city_list_json,ppl_crash_date_list_json,ppl_driver_action_list_json,ppl_driver_vision_list_json,ppl_drivers_license_class_list_json,ppl_drivers_license_state_list_json,ppl_ejection_list_json,ppl_hospital_list_json,ppl_person_id_list_json,ppl_person_type_list_json,ppl_physical_condition_list_json,ppl_safety_equipment_list_json,ppl_sex_list_json,ppl_state_list_json,ppl_vehicle_id_list_json,ppl_zipcode_list_json,ppl_ems_agency_list_json,ppl_seat_no_list_json,ppl_pedpedal_action_list_json,ppl_pedpedal_location_list_json,ppl_pedpedal_visibility_list_json,ppl_ems_run_no_list_json,year,month,hour,day,is_weekend,hour_bin,lat_bin,lng_bin,grid_id,ppl_age_mean,ppl_age_min,ppl_age_max,prim_contributory_cause_group,ksi_flag
STRAIGHT AND LEVEL,1033,2025-10-10 08:30:00,6,8,10,3B8FD7978D6127FED3C9D89837608837CB4955DE4871CADAB8CEA75B885B0568358F1F070C3425F2BB22BE1066F040437E4F82E5A3A053FA8C38D7C30024CDDC,NO INJURY / DRIVE AWAY,"OVER $1,500",NO CONTROLS,PARKED MOTOR VEHICLE,41.8517296207,DAYLIGHT,-87.7002971217,2,30,DRIVING SKILLS/KNOWLEDGE/EXPERIENCE,NO DEFECTS,DRY,NOT APPLICABLE,W,2917,NO CONTROLS,DIVIDED - W/MEDIAN (NOT RAISED),CLOUDY/OVERCAST,0.0,0.0,0.0,0.0,0.0,1.0,2,1,[],[],[],"[""2025-10-10T08:30:00.000""]","[""2167256"", ""2167257""]","[""REAR-LEFT-CORNER"", ""SIDE-RIGHT""]","[""IL""]","[""HONDA"", ""VOLKSWAGEN""]","[""PARKED"", ""U-TURN""]","[""BEETLE"", ""ODYSSEY""]","[""0"", ""1""]","[""W""]","[""1"", ""2""]","[""DRIVER"", ""PARKED""]","[""NONE""]","[""2065917"", ""2065922""]","[""PASSENGER""]","[""PERSONAL""]","[""2005"", ""2018""]","[""Y""]","[""Y""]",[],[],[],"[""Y""]",[],[],[],[],[],"[""Y""]",[],"[""Y""]",[],[],['25'],"[""DID NOT DEPLOY""]","[""TEST NOT OFFERED""]","[""CHICAGO""]","[""2025-10-10T08:30:00.000""]","[""OTHER""]","[""NOT OBSCURED""]","[""D""]","[""IL""]","[""NONE""]",[],"[""O2167256""]","[""DRIVER""]","[""NORMAL""]","[""SAFETY BELT USED""]","[""F""]","[""IL""]","[""2065917""]","[""60629""]",[],[],[],[],[],[],2025,10,8,10,False,morning,41.85,-87.7,41.85_-87.7,25.0,25,25,OTHER,0
STRAIGHT AND LEVEL,1912,2025-10-10 08:30:00,6,8,10,1B76B34B277EFC593DBD0E697EB7856D50F05562FD8B5977B35245DC690CFEB5746AE0A9103BBA0F497808AFCA13DB1CB1C40A46BE5BBCC40AB6E1767890829C,NO INJURY / DRIVE AWAY,"OVER $1,500",NO CONTROLS,PARKED MOTOR VEHICLE,41.9632986224,UNKNOWN,-87.6710300185,2,30,NOT APPLICABLE,UNKNOWN,UNKNOWN,NOT APPLICABLE,N,4472,NO CONTROLS,UNKNOWN,CLEAR,0.0,1.0,0.0,0.0,0.0,1.0,2,0,[],[],[],"[""2025-10-10T08:30:00.000""]","[""2167459"", ""2167460""]","[""REAR-RIGHT-CORNER"", ""UNKNOWN""]","[""IL""]","[""CHEVROLET"", ""UNKNOWN""]","[""PARKED"", ""STRAIGHT AHEAD""]","[""EXPRESS"", ""OTHER (EXPLAIN IN NARRATIVE)""]","[""0"", ""1""]","[""N""]","[""1"", ""2""]","[""DRIVER"", ""PARKED""]","[""UNKNOWN""]","[""2066114"", ""2066117""]","[""PASSENGER"", ""UNKNOWN/NA""]","[""PERSONAL"", ""UNKNOWN/NA""]","[""2005""]","[""Y""]","[""Y""]",[],[],[],[],[],[],[],[],[],[],[],"[""Y""]",[],[],[],"[""DEPLOYMENT UNKNOWN""]","[""TEST NOT OFFERED""]",[],"[""2025-10-10T08:30:00.000""]","[""UNKNOWN""]","[""UNKNOWN""]",[],"[""XX""]","[""UNKNOWN""]",[],"[""O2167459""]","[""DRIVER""]","[""UNKNOWN""]","[""USAGE UNKNOWN""]","[""X""]",[],"[""2066114""]",[],[],[],[],[],[],[],2025,10,8,10,False,morning,41.96,-87.67,41.96_-87.67,0.0,0,0,OTHER,0
STRAIGHT AND LEVEL,735,2025-10-10 08:15:00,6,8,10,4BD28A41CBB4CD6FDB406492221ED8163BD25D23EAF8092C5D9EA54F4C9743334AAF7901135E6385BE01D883FC24FB45026534E5EA137F84BA8C00FDCB5E820B,NO INJURY / DRIVE AWAY,"OVER $1,500",NO CONTROLS,REAR END,41.7681641023,UNKNOWN,-87.6734706778,2,30,UNABLE TO DETERMINE,UNKNOWN,UNKNOWN,EQUIPMENT - VEHICLE CONDITION,S,6909,NO CONTROLS,NOT DIVIDED,CLEAR,0.0,0.0,0.0,0.0,0.0,1.0,1,4,[],[],"[""Y""]","[""2025-10-10T08:15:00.000""]","[""2167284"", ""2167285""]","[""FRONT"", ""REAR""]","[""GA"", ""IL""]","[""CHEVROLET"", ""MAZDA""]","[""STRAIGHT AHEAD""]","[""MALIBU"", ""OTHER (EXPLAIN IN NARRATIVE)""]","[""1"", ""3""]","[""N""]","[""1"", ""2""]","[""DRIVER""]","[""NONE"", ""UNKNOWN""]","[""2065949"", ""2065954""]","[""PASSENGER"", ""SPORT UTILITY VEHICLE (SUV)""]","[""PERSONAL"", ""UNKNOWN/NA""]","[""2011"", ""2023""]",[],[],[],[],[],[],[],[],[],[],"[""2""]",[],[],[],"[""Y""]",[],"['0', '21', '37', '38']","[""NOT APPLICABLE""]","[""TEST NOT OFFERED"", ""TEST REFUSED""]","[""CHICAGO"", ""HAMOND""]","[""2025-10-10T08:15:00.000""]","[""FAILED TO YIELD"", ""NONE""]","[""NOT OBSCURED"", ""UNKNOWN""]","[""D""]","[""IL"", ""IN""]","[""NONE""]",[],"[""O2167284"", ""O2167285"", ""P478217"", ""P478218""]","[""DRIVER"", ""PASSENGER""]","[""NORMAL"", ""UNKNOWN""]","[""SAFETY BELT USED""]","[""F"", ""M""]","[""IL"", ""IN""]","[""2065949"", ""2065954""]","[""46324"", ""60629""]",[],"[""4""]",[],[],[],[],2025,10,8,10,False,morning,41.77,-87.67,41.77_-87.67,24.0,0,38,OTHER,0
STRAIGHT AND LEVEL,1221,2025-10-10 08:11:00,6,8,10,871C612315372ADC5F25F3289A118AD3D8C29877C736883287C591433A2A6B610D2BAF3BA011730A205A045B4C23D800CE1FF0634328EE3AA2CD00B8BF5368A2,INJURY AND / OR TOW DUE TO CRASH,"$501 - $1,500",NO CONTROLS,PEDALCYCLIST,41.8940688738,DAYLIGHT,-87.6771466987,2,30,FAILING TO YIELD RIGHT-OF-WAY,NO DEFECTS,DRY,NOT APPLICABLE,N,658,NO CONTROLS,DIVIDED - W/MEDIAN (NOT RAISED),CLEAR,0.0,0.0,1.0,0.0,0.0,1.0,2,2,[],[],[],"[""2025-10-10T08:11:00.000""]","[""2167286"", ""2167287""]","[""SIDE-RIGHT""]","[""IL""]","[""HYUNDAI""]","[""LEAVING TRAFFIC LANE TO PARK""]","[""SANTA FE""]","[""1""]","[""S""]","[""1"", ""2""]","[""BICYCLE"", ""DRIVER""]","[""UNKNOWN""]","[""2065948""]","[""PASSENGER""]","[""PERSONAL""]","[""2021""]",[],[],[],[],[],[],[],[],[],[],[],[],[],[],[],[],"['36', '43']","[""NOT APPLICABLE""]","[""TEST NOT OFFERED""]","[""CHICAGO""]","[""2025-10-10T08:11:00.000""]","[""FAILED TO YIELD"", ""NONE""]","[""OTHER"", ""UNKNOWN""]","[""D""]","[""IL""]","[""NONE""]","[""COOK COUNTY STROGER""]","[""O2167286"", ""O2167287""]","[""BICYCLE"", ""DRIVER""]","[""NORMAL""]","[""HELMET NOT USED"", ""SAFETY BELT USED""]","[""F""]","[""IL""]","[""2065948""]","[""60611"", ""60651""]","[""CFD 53""]",[],"[""CROSSING - NO CONTROLS (NOT AT INTERSECTION)""]","[""BIKE LANE""]","[""NO CONTRASTING CLOTHING""]",[],2025,10,8,10,False,morning,41.89,-87.68,41.89_-87.68,39.5,36,43,FAILURE-TO-YIELD,1
STRAIGHT AND LEVEL,235,2025-10-10 08:09:00,6,8,10,EBCEC920C23AF4003C02B60F3ECCE1D7BE150BD622E1D7E798E747CC8126D365F9F1025A2647B9CE44A72883AB4D63C8ECB3EC9B70A9F0EBB89A5E4FB5A21C28,NO INJURY / DRIVE AWAY,"$501 - $1,500",NO CONTROLS,PEDESTRIAN,41.7864430905,DAYLIGHT,-87.6010554965,2,20,UNABLE TO DETERMINE,NO DEFECTS,DRY,NOT APPLICABLE,S,5947,NO CONTROLS,NOT DIVIDED,CLEAR,0.0,1.0,0.0,0.0,0.0,1.0,2,1,[],[],[],"[""2025-10-10T08:09:00.000""]","[""2167248"", ""2167249""]","[""UNKNOWN""]","[""IL""]","[""KIA""]","[""UNKNOWN/NA""]","[""SORENTO""]","[""1""]","[""N""]","[""1"", ""2""]","[""DRIVER"", ""PEDESTRIAN""]","[""UNKNOWN""]","[""2065912""]","[""PASSENGER""]","[""PERSONAL""]","[""2017""]",[],[],[],[],[],[],[],[],[],[],[],[],[],[],[],[],['36'],"[""DEPLOYMENT UNKNOWN""]","[""TEST NOT OFFERED""]","[""CHICAGO""]","[""2025-10-10T08:09:00.000""]","[""UNKNOWN""]","[""UNKNOWN""]",[],[],"[""NONE""]","[""U OF C""]","[""O2167248"", ""O2167249""]","[""DRIVER"", ""PEDESTRIAN""]","[""NORMAL"", ""UNKNOWN""]","[""USAGE UNKNOWN""]","[""M""]","[""IL""]","[""2065912""]","[""60617""]","[""70""]",[],"[""OTHER ACTION""]","[""NOT IN ROADWAY""]","[""OTHER LIGHT SOURCE USED""]",[],2025,10,8,10,False,morning,41.79,-87.6,41.79_-87.6,36.0,36,36,OTHER,0
STRAIGHT AND LEVEL,821,2025-10-10 08:00:00,6,8,10,6F3D74F1024DAC036C246F40EF4F8798BA099641EDC8B2D0DFEE02DEC190F0C7441E44A6DA181B5EE45B0AE43477CABB457F576BF084F441AC43FF476215C395,NO INJURY / DRIVE AWAY,"OVER $1,500",NO CONTROLS,PARKED MOTOR VEHICLE,41.8110356261,UNKNOWN,-87.7063547671,2,30,UNABLE TO DETERMINE,NO DEFECTS,DRY,UNABLE TO DETERMINE,S,4521,NO CONTROLS,ONE-WAY,CLEAR,0.0,1.0,0.0,0.0,0.0,1.0,2,0,[],[],[],"[""2025-10-10T08:00:00.000""]","[""2167325"", ""2167326""]","[""REAR-LEFT-CORNER"", ""UNKNOWN""]","[""IL""]","[""UNKNOWN"", ""VOLKSWAGEN""]","[""PARKED"", ""UNKNOWN/NA""]","[""OTHER (EXPLAIN IN NARRATIVE)"", ""TIGUAN""]","[""0"", ""1""]","[""SE"", ""W""]","[""1"", ""2""]","[""DRIVER"", ""PARKED""]","[""NONE"", ""UNKNOWN""]","[""2065978"", ""2065986""]","[""UNKNOWN/NA"", ""VAN/MINI-VAN""]","[""PERSONAL"", ""UNKNOWN/NA""]","[""2023""]",[],[],[],[],[],"[""Y""]","[""Y""]",[],[],[],[],[],[],[],"[""Y""]",[],[],"[""DEPLOYMENT UNKNOWN""]","[""TEST NOT OFFERED""]",[],"[""2025-10-10T08:00:00.000""]","[""OVERCORRECTED""]","[""UNKNOWN""]",[],[],"[""NONE""]",[],"[""O2167325""]","[""DRIVER""]","[""UNKNOWN""]","[""USAGE UNKNOWN""]","[""X""]",[],"[""2065978""]",[],[],[],[],[],[],[],2025,10,8,10,False,morning,41.81,-87.71,41.81_-87.71,0.0,0,0,OTHER,0
STRAIGHT AND LEVEL,1911,2025-10-10 08:00:00,6,8,10,39D80688A2452FF6DD825F6F01AA86C77AE6D39ECA05B3D08BD8F0977A4E73BD39EA3CBEAC0D0C892EEF37F47831864883A1D553A378692FDE39F0B0BBA4852B,NO INJURY / DRIVE AWAY,"OVER $1,500",NO CONTROLS,PARKED MOTOR VEHICLE,41.9683924089,DAYLIGHT,-87.696092549,2,30,IMPROPER OVERTAKING/PASSING,UNKNOWN,UNKNOWN,NOT APPLICABLE,N,4755,NO CONTROLS,PARKING LOT,CLEAR,1.0,1.0,0.0,0.0,0.0,1.0,2,0,"[""Y""]",[],[],"[""2025-10-10T08:00:00.000""]","[""2167330"", ""2167331""]","[""FRONT-RIGHT-CORNER"", ""REAR-LEFT-CORNER""]","[""IL""]","[""SUBARU"", ""UNKNOWN""]","[""PARKED"", ""UNKNOWN/NA""]","[""FORESTER"", ""OTHER (EXPLAIN IN NARRATIVE)""]","[""0"", ""1""]","[""UNKNOWN""]","[""1"", ""2""]","[""DRIVER"", ""PARKED""]","[""UNKNOWN""]","[""2065990"", ""2065994""]","[""SPORT UTILITY VEHICLE (SUV)"", ""UNKNOWN/NA""]","[""PERSONAL"", ""UNKNOWN/NA""]","[""2014""]",[],[],[],[],[],"[""Y""]",[],[],[],[],[],[],[],[],[],[],[],"[""DEPLOYMENT UNKNOWN""]","[""TEST NOT OFFERED""]",[],"[""2025-10-10T08:00:00.000""]","[""IMPROPER PARKING""]","[""UNKNOWN""]",[],[],"[""NONE""]",[],"[""O2167330""]","[""DRIVER""]","[""UNKNOWN""]","[""USAGE UNKNOWN""]","[""X""]",[],"[""2065990""]",[],[],[],[],[],[],[],2025,10,8,10,False,morning,41.97,-87.7,41.97_-87.7,0.0,0,0,OTHER,0
STRAIGHT AND LEVEL,931,2025-10-10 08:00:00,6,8,10,770139F74483F056EDECA78B52E2055D4D472715F5EE5F1F7D985576AF4C6EE7FED0878B1DC90FE9E86956C7676BAD14312AFB28EFC740630ABB0ABC8C513FD5,NO INJURY / DRIVE AWAY,"OVER $1,500",NO CONTROLS,SIDESWIPE SAME DIRECTION,41.8083774305,DAYLIGHT,-87.6778427195,2,30,UNABLE TO DETERMINE,NO DEFECTS,DRY,UNABLE TO DETERMINE,W,2119,NO CONTROLS,DIVIDED - W/MEDIAN (NOT RAISED),CLEAR,0.0,0.0,0.0,0.0,0.0,1.0,1,2,"[""Y""]","[""Y""]",[],"[""2025-10-10T08:00:00.000""]","[""2167250"", ""2167251""]","[""FRONT-LEFT-CORNER"", ""FRONT-RIGHT-CORNER""]","[""IL""]","[""FORD"", ""HYUNDAI""]","[""STRAIGHT AHEAD""]","[""FOCUS"", ""VENUE""]","[""1""]","[""E""]","[""1"", ""2""]","[""DRIVER""]","[""NONE""]","[""2065913"", ""2065915""]","[""PASSENGER""]","[""PERSONAL""]","[""2017"", ""2023""]",[],[],"[""Y""]",[],[],[],[],[],[],[],[],[],[],[],[],[],"['31', '59']","[""NOT APPLICABLE""]","[""TEST NOT OFFERED""]","[""CHICAGO"", ""CROWN POINT""]","[""2025-10-10T08:00:00.000""]","[""NONE"", ""UNKNOWN""]","[""NOT OBSCURED"", ""UNKNOWN""]","[""D""]","[""IL"", ""IN""]","[""NONE""]",[],"[""O2167250"", ""O2167251""]","[""DRIVER""]","[""NORMAL"", ""UNKNOWN""]","[""SAFETY BELT USED""]","[""F"", ""M""]","[""IL"", ""IN""]","[""2065913"", ""2065915""]","[""46307"", ""60644""]",[],[],[],[],[],[],2025,10,8,10,False,morning,41.81,-87.68,41.81_-87.68,45.0,31,59,OTHER,0
STRAIGHT AND LEVEL,812,2025-10-10 07:58:00,6,7,10,BFFD547B610B01E3FC07B6000A99CDC69CCDCCE10C3AB6D99A9617914B8C70E297C43BB9E9B5E847806B7B2B9ABFC30EEDE3062BD9A392C6473AF277D50EE63B,INJURY AND / OR TOW DUE TO CRASH,"OVER $1,500",FUNCTIONING PROPERLY,TURNING,41.7833443407,DAYLIGHT,-87.7681844651,2,25,FAILING TO YIELD RIGHT-OF-WAY,UNKNOWN,DRY,NOT APPLICABLE,S,6000,STOP SIGN/FLASHER,FOUR WAY,CLEAR,0.0,0.0,1.0,0.0,0.0,1.0,1,4,"[""Y""]","[""Y""]","[""Y""]","[""2025-10-10T07:58:00.000""]","[""2167268"", ""2167269""]","[""FRONT-LEFT-CORNER"", ""FRONT-RIGHT-CORNER""]","[""IL""]","[""ACURA"", ""CHEVROLET""]","[""STRAIGHT AHEAD"", ""TURNING LEFT""]","[""ADX"", ""COBALT""]","[""2""]","[""E"", ""S""]","[""1"", ""2""]","[""DRIVER""]","[""UNKNOWN""]","[""2065931"", ""2065942""]","[""PASSENGER"", ""SPORT UTILITY VEHICLE (SUV)""]","[""PERSONAL""]","[""2007"", ""2020""]",[],[],"[""Y""]","[""STATE FARM"", ""personal tow""]","[""Y""]",[],"[""Y""]",[],"[""Y""]",[],"[""1""]",[],[],[],[],[],"['11', '23', '46', '5']","[""DEPLOYED, COMBINATION"", ""NOT APPLICABLE""]","[""TEST NOT OFFERED""]","[""CHICAGO""]","[""2025-10-10T07:58:00.000""]","[""NONE"", ""OTHER""]","[""UNKNOWN""]",[],"[""IL""]","[""NONE""]","[""REFUSED"", ""REFUSED BY MOTHER""]","[""O2167268"", ""O2167269"", ""P478214"", ""P478216""]","[""DRIVER"", ""PASSENGER""]","[""NORMAL""]","[""CHILD RESTRAINT - FORWARD FACING"", ""SAFETY BELT USED""]","[""F""]","[""IL""]","[""2065931"", ""2065942""]","[""60632"", ""60638""]",[],"[""3"", ""6""]",[],[],[],[],2025,10,7,10,False,morning,41.78,-87.77,41.78_-87.77,21.25,5,46,FAILURE-TO-YIELD,0
STRAIGHT AND LEVEL,1724,2025-10-10 07:55:00,6,7,10,44FE45BA272923713C5348B5630217A13CA1EEA46994D5326C820BF4D2A8B6DD0BE6915728872779E58FC6F5D39C99C76FFB35BF17F3F5E3B3C62D320FE2815A,NO INJURY / DRIVE AWAY,"$501 - $1,500",NO CONTROLS,PARKED MOTOR VEHICLE,41.9589278287,DAYLIGHT,-87.7129251294,2,15,"VISION OBSCURED (SIGNS, TREE LIMBS, BUILDINGS, ETC.)",NO DEFECTS,DRY,NOT APPLICABLE,N,4247,NO CONTROLS,ALLEY,CLEAR,0.0,0.0,0.0,0.0,0.0,1.0,2,1,[],[],[],"[""2025-10-10T07:55:00.000""]","[""2167254"", ""2167255""]","[""SIDE-LEFT-REAR"", ""SIDE-RIGHT-REAR""]","[""IL""]","[""AUTOCAR"", ""DODGE""]","[""BACKING"", ""PARKED""]","[""AUTOCAR"", ""OTHER (EXPLAIN IN NARRATIVE)""]","[""0"", ""1""]","[""E"", ""W""]","[""1"", ""2""]","[""DRIVER"", ""PARKED""]","[""UNKNOWN""]","[""2065914"", ""2065916""]","[""PICKUP"", ""TRUCK - SINGLE UNIT""]","[""NOT IN USE"", ""OTHER""]","[""2010"", ""2023""]",[],"[""Y""]",[],[],[],[],[],"[""Y""]",[],[],[],"[""Y""]","[""Y""]","[""Y""]",[],[],['58'],"[""NOT APPLICABLE""]","[""TEST NOT OFFERED""]","[""CHICAGO""]","[""2025-10-10T07:55:00.000""]","[""OTHER""]","[""TREES, PLANTS""]","[""B""]","[""IL""]","[""NONE""]",[],"[""O2167254""]","[""DRIVER""]","[""NORMAL""]","[""USAGE UNKNOWN""]","[""M""]","[""IL""]","[""2065914""]","[""60630""]",[],[],[],[],[],[],2025,10,7,10,False,morning,41.96,-87.71,41.96_-87.71,58.0,58,58,LIGHTING/VISIBILITY,0
STRAIGHT AND LEVEL,215,2025-10-10 07:52:00,6,7,10,29FF29CED33B7FFD9A3CCE5F7BF409A8318EC506D0C01C0C7426371786F2ACD701AC9BE3F593F0D146AD5A65E74ABCEB0471FEC63F939A1A63D6EF52C7A2A142,NO INJURY / DRIVE AWAY,"OVER $1,500",NO CONTROLS,TURNING,41.8110845849,DAYLIGHT,-87.6180540551,2,30,FOLLOWING TOO CLOSELY,NO DEFECTS,DRY,FOLLOWING TOO CLOSELY,S,4601,STOP SIGN/FLASHER,FOUR WAY,CLEAR,0.0,0.0,1.0,0.0,0.0,1.0,1,3,"[""Y""]",[],"[""Y""]","[""2025-10-10T07:52:00.000""]","[""2177519"", ""2177520""]","[""FRONT"", ""REAR-RIGHT-CORNER""]","[""IL"", ""IN""]","[""AUDI"", ""VOLKSWAGEN""]","[""TURNING LEFT""]","[""ATLAS"", ""Q5""]","[""1"", ""2""]","[""W""]","[""1"", ""2""]","[""DRIVER""]","[""NONE""]","[""2075674"", ""2075675""]","[""PASSENGER""]","[""PERSONAL""]","[""2015"", ""2021""]",[],"[""Y""]","[""Y""]",[],[],[],[],[],[],[],"[""1""]",[],[],"[""Y""]",[],[],"['24', '28', '40']","[""DEPLOYED, COMBINATION"", ""DID NOT DEPLOY""]","[""TEST NOT OFFERED""]","[""CHICAGO"", ""EAST CHICAGO""]","[""2025-10-10T07:52:00.000""]","[""NONE""]","[""NOT OBSCURED""]","[""D""]","[""IL"", ""IN""]","[""NONE"", ""UNKNOWN""]",[],"[""O2177519"", ""O2177520"", ""P480360""]","[""DRIVER"", ""PASSENGER""]","[""NORMAL""]","[""USAGE UNKNOWN""]","[""M""]","[""IL"", ""IN""]","[""2075674"", ""2075675""]","[""46312"", ""60615"", ""60653""]",[],"[""3""]",[],[],[],[],2025,10,7,10,False,morning,41.81,-87.62,41.81_-87.62,30.666666666666668,24,40,FOLLOWING TOO CLOSELY,0
STRAIGHT AND LEVEL,1711,2025-10-10 07:51:00,6,7,10,49ED8C16343E90F33EFBDE9A7D5F5FBA613BF10179381F1B71391D7CA3299C6DC28600A731AD773CF1DDB20D72DDA44016A2AB6D471503000334AD1A4FD47218,NO INJURY / DRIVE AWAY,$500 OR LESS,FUNCTIONING PROPERLY,PEDALCYCLIST,41.9928405313,DAYLIGHT,-87.7476469724,2,30,FAILING TO YIELD RIGHT-OF-WAY,NO DEFECTS,DRY,NOT APPLICABLE,N,6155,NO CONTROLS,NOT DIVIDED,CLEAR,0.0,0.0,0.0,0.0,0.0,1.0,2,4,[],[],[],"[""2025-10-10T07:51:00.000""]","[""2167246"", ""2167247""]","[""FRONT-LEFT-CORNER""]","[""IL""]","[""FORD""]","[""STRAIGHT AHEAD""]","[""F150""]","[""3""]","[""E""]","[""1"", ""2""]","[""BICYCLE"", ""DRIVER""]","[""UNKNOWN""]","[""2065909""]","[""PICKUP""]","[""PERSONAL""]","[""2020""]",[],[],[],[],[],[],[],[],[],[],"[""2""]",[],"[""Y""]",[],[],[],"['11', '4', '41', '6']","[""DID NOT DEPLOY""]","[""TEST NOT OFFERED""]","[""CHICAGO"", ""MORTON GROVE""]","[""2025-10-10T07:51:00.000""]","[""FAILED TO YIELD"", ""NONE""]","[""NOT OBSCURED""]","[""D""]","[""NY""]","[""NONE""]","[""EMS DECLINED ON SCENE""]","[""O2167246"", ""O2167247"", ""P478208"", ""P478209""]","[""BICYCLE"", ""DRIVER"", ""PASSENGER""]","[""NORMAL""]","[""CHILD RESTRAINT - FORWARD FACING"", ""HELMET NOT USED"", ""SAFETY BELT USED""]","[""F"", ""M""]","[""IL""]","[""2065909""]","[""60053"", ""60645""]",[],"[""4"", ""5""]","[""ENTER FROM DRIVE/ALLEY""]","[""IN ROADWAY""]","[""NO CONTRASTING CLOTHING""]",[],2025,10,7,10,False,morning,41.99,-87.75,41.99_-87.75,15.5,4,41,FAILURE-TO-YIELD,0
STRAIGHT AND LEVEL,1235,2025-10-10 07:48:00,6,7,10,4D5C7A34BDF09ACF69F4C2BAA4D40845A390AE13976EDAF19CCF1A1210F02DC5E2345900F5CDE4CA4119423BDE3EEB38D35FBC9A24CEC6B8AF2ADFED5C74FE66,INJURY AND / OR TOW DUE TO CRASH,"OVER $1,500",FUNCTIONING PROPERLY,ANGLE,41.8525356854,DAYLIGHT,-87.6465746614,3,30,UNABLE TO DETERMINE,NO DEFECTS,DRY,NOT APPLICABLE,W,801,TRAFFIC SIGNAL,DIVIDED - W/MEDIAN (NOT RAISED),CLEAR,0.0,0.0,1.0,0.0,0.0,1.0,1,4,"[""Y""]","[""Y""]","[""Y""]","[""2025-10-10T07:48:00.000""]","[""2167292"", ""2167293"", ""2167294""]","[""FRONT"", ""SIDE-LEFT"", ""SIDE-RIGHT-FRONT""]","[""IL""]","[""BLUEBIRD INTERNATIONAL"", ""GENERAL MOTORS CORPORATION (GMC)"", ""VOLVO""]","[""SLOW/STOP IN TRAFFIC"", ""STRAIGHT AHEAD""]","[""OTHER (EXPLAIN IN NARRATIVE)"", ""S90"", ""TERRAIN""]","[""1"", ""2"", ""3""]","[""E"", ""N"", ""W""]","[""1"", ""2"", ""3""]","[""DRIVER""]","[""NONE""]","[""2065953"", ""2065963"", ""2065968""]","[""PASSENGER"", ""SPORT UTILITY VEHICLE (SUV)"", ""TRUCK - SINGLE UNIT""]","[""COMMERCIAL - SINGLE UNIT"", ""PERSONAL""]","[""2013"", ""2018"", ""2024""]","[""Y""]","[""Y""]",[],"[""CPD"", ""OWNER""]","[""Y""]","[""Y""]","[""N""]","[""Y""]","[""Y""]",[],"[""1"", ""2""]","[""Y""]",[],"[""Y""]","[""Y""]","[""701 N SACRAMENTO""]","['24', '36', '48', '69']","[""DEPLOYED, COMBINATION"", ""DID NOT DEPLOY""]","[""TEST NOT OFFERED""]","[""CHICAGO""]","[""2025-10-10T07:48:00.000""]","[""FAILED TO YIELD"", ""NONE""]","[""UNKNOWN""]","[""B"", ""D""]","[""IL""]","[""NONE""]",[],"[""O2167292"", ""O2167293"", ""O2167294"", ""P478220"", ""P478221"", ""P478222""]","[""DRIVER"", ""PASSENGER""]","[""EMOTIONAL"", ""NORMAL""]","[""USAGE UNKNOWN""]","[""F"", ""M""]","[""IL""]","[""2065953"", ""2065963"", ""2065968""]","[""60619"", ""60620"", ""60637"", ""60650""]",[],"[""2"", ""3""]",[],[],[],[],2025,10,7,10,False,morning,41.85,-87.65,41.85_-87.65,44.25,24,69,OTHER,1