alignment,beat_of_occurrence,crash_date,crash_day_of_week,crash_hour,crash_month,crash_record_id,crash_type,damage,device_condition,first_crash_type,latitude,lighting_condition,longitude,num_units,posted_speed_limit,prim_contributory_cause,road_defect,roadway_surface_cond,sec_contributory_cause,street_direction,street_no,traffic_control_device,trafficway_type,weather_condition,private_property_i,hit_and_run_i,intersection_related_i,crash_date_est_i,work_zone_i,workers_present_i,veh_count,ppl_count,veh_area_01_i_list_json,veh_area_02_i_list_json,veh_area_12_i_list_json,veh_crash_date_list_json,veh_crash_unit_id_list_json,veh_first_contact_point_list_json,veh_lic_plate_state_list_json,veh_make_list_json,veh_maneuver_list_json,veh_model_list_json,veh_occupant_cnt_list_json,veh_travel_direction_list_json,veh_unit_no_list_json,veh_unit_type_list_json,veh_vehicle_defect_list_json,veh_vehicle_id_list_json,veh_vehicle_type_list_json,veh_vehicle_use_list_json,veh_vehicle_year_list_json,veh_area_03_i_list_json,veh_area_04_i_list_json,veh_area_11_i_list_json,veh_towed_by_list_json,veh_towed_i_list_json,veh_area_07_i_list_json,veh_area_99_i_list_json,veh_area_09_i_list_json,veh_area_10_i_list_json,veh_cmrc_veh_i_list_json,veh_num_passengers_list_json,veh_area_08_i_list_json,veh_area_00_i_list_json,veh_area_05_i_list_json,veh_area_06_i_list_json,veh_towed_to_list_json,ppl_age_list_json,ppl_airbag_deployed_list_json,ppl_bac_result_list_json,ppl_city_list_json,ppl_crash_date_list_json,ppl_driver_action_list_json,ppl_driver_vision_list_json,ppl_drivers_license_class_list_json,ppl_drivers_license_state_list_json,ppl_ejection_list_json,ppl_hospital_list_json,ppl_person_id_list_json,ppl_person_type_list_json,ppl_physical_condition_list_json,ppl_safety_equipment_list_json,ppl_sex_list_json,ppl_state_list_json,ppl_vehicle_id_list_json,ppl_zipcode_list_json,ppl_ems_agency_list_json,ppl_seat_no_list_json,ppl_pedpedal_action_list_json,ppl_pedpedal_location_list_json,ppl_pedpedal_visibility_list_json,ppl_ems_run_no_list_json,year,month,hour,day,is_weekend,hour_bin,lat_bin,lng_bin,grid_id,ppl_age_mean,ppl_age_min,ppl_age_max,prim_contributory_cause_group,ksi_flag
STRAIGHT ON GRADE,813,2025-10-10 07:40:00,6,7,10,9B1C134F3C6337D9C1802A613F4304A38B593E1C5F5D3D4C60B5FF6FDC4A50FFF5825FB3D913C2BE02C2D3DB76EEF12705DC21B2C19FD8007454E89C4DAF95A2,NO INJURY / DRIVE AWAY,$500 OR LESS,OTHER,REAR END,41.7898248683,UNKNOWN,-87.7232125434,2,30,UNABLE TO DETERMINE,OTHER,OTHER,NOT APPLICABLE,S,5650,OTHER,OTHER,CLEAR,0.0,1.0,0.0,0.0,0.0,1.0,1,3,[],[],[],"[""2025-10-10T07:40:00.000""]","[""2167261"", ""2167262""]","[""FRONT"", ""REAR""]","[""IL""]","[""ACURA"", ""HONDA""]","[""SLOW/STOP IN TRAFFIC"", ""UNKNOWN/NA""]","[""CL"", ""FIT""]","[""1"", ""3""]","[""S""]","[""1"", ""2""]","[""DRIVER""]","[""NONE"", ""UNKNOWN""]","[""2065918"", ""2065925""]","[""PASSENGER"", ""SPORT UTILITY VEHICLE (SUV)""]","[""UNKNOWN/NA""]","[""2010"", ""2013""]",[],[],[],[],[],[],"[""N"", ""Y""]",[],[],[],"[""2""]",[],[],[],"[""Y""]",[],"['15', '28', '49']","[""DEPLOYMENT UNKNOWN""]","[""TEST NOT OFFERED""]","[""CHICAGO""]","[""2025-10-10T07:40:00.000""]","[""NONE"", ""UNKNOWN""]","[""NOT OBSCURED"", ""UNKNOWN""]","[""D""]","[""IL""]","[""NONE""]",[],"[""O2167261"", ""O2167262"", ""P478211"", ""P478212""]","[""DRIVER"", ""PASSENGER""]","[""NORMAL"", ""UNKNOWN""]","[""SAFETY BELT USED"", ""USAGE UNKNOWN""]","[""F"", ""M""]","[""IL""]","[""2065918"", ""2065925""]","[""60632""]",[],"[""3"", ""4""]",[],[],[],[],2025,10,7,10,False,morning,41.79,-87.72,41.79_-87.72,30.666666666666668,15,49,OTHER,0
STRAIGHT AND LEVEL,1722,2025-10-10 07:40:00,6,7,10,3081B48D6B7CD3E65808BB02D1427201E9AC582268B801C602E8C357A2B34B27B7A9FE03E77681092E24832E91FC2A4EDE3C7752AFDE47916B040CE48D650EA9,INJURY AND / OR TOW DUE TO CRASH,"OVER $1,500",NO CONTROLS,ANGLE,41.9670150726,DAYLIGHT,-87.7293596663,2,25,FAILING TO YIELD RIGHT-OF-WAY,NO DEFECTS,DRY,UNABLE TO DETERMINE,N,4746,NO CONTROLS,ONE-WAY,CLEAR,0.0,0.0,0.0,0.0,0.0,1.0,1,2,"[""Y""]",[],[],"[""2025-10-10T07:40:00.000""]","[""2167232"", ""2167233""]","[""FRONT-RIGHT-CORNER"", ""REAR-RIGHT-CORNER""]","[""IL""]","[""HONDA"", ""VOLVO""]","[""ENTER FROM DRIVE/ALLEY"", ""STRAIGHT AHEAD""]","[""ACCORD"", ""S40""]","[""1""]","[""E"", ""N""]","[""1"", ""2""]","[""DRIVER""]","[""NONE"", ""UNKNOWN""]","[""2065896"", ""2065900""]","[""PASSENGER""]","[""PERSONAL""]","[""2006"", ""2012""]",[],[],"[""Y""]","[""PRIVATE""]","[""Y""]",[],[],[],[],[],[],[],[],[],[],[],"['21', '29']","[""DID NOT DEPLOY""]","[""TEST NOT OFFERED""]","[""CHICAGO""]","[""2025-10-10T07:40:00.000""]","[""FAILED TO YIELD"", ""NONE""]","[""UNKNOWN""]","[""D""]","[""IL""]","[""NONE""]",[],"[""O2167232"", ""O2167233""]","[""DRIVER""]","[""NORMAL""]","[""USAGE UNKNOWN""]","[""M""]","[""IL""]","[""2065896"", ""2065900""]","[""60630""]",[],[],[],[],[],[],2025,10,7,10,False,morning,41.97,-87.73,41.97_-87.73,25.0,21,29,FAILURE-TO-YIELD,0
STRAIGHT AND LEVEL,1911,2025-10-10 07:39:00,6,7,10,0CB273315579B9EC8342B334821B4F143C715ADB0A46FA866DD72D5A247045119AEEEFB498C7DAF6531051AA919926273F44378744534C32E63CDA8CDD7DD958,NO INJURY / DRIVE AWAY,"OVER $1,500",FUNCTIONING PROPERLY,REAR END,41.9610941136,DAYLIGHT,-87.6885296769,2,30,FOLLOWING TOO CLOSELY,NO DEFECTS,DRY,DRIVING SKILLS/KNOWLEDGE/EXPERIENCE,N,4353,TRAFFIC SIGNAL,NOT DIVIDED,CLEAR,0.0,1.0,1.0,0.0,0.0,1.0,1,1,[],[],"[""Y""]","[""2025-10-10T07:39:00.000""]","[""2168052"", ""2168053""]","[""FRONT"", ""REAR""]","[""IL""]","[""HONDA"", ""JEEP""]","[""SLOW/STOP IN TRAFFIC"", ""STRAIGHT AHEAD""]","[""CIVIC"", ""COMPASS""]","[""1""]","[""N""]","[""1"", ""2""]","[""DRIVER""]","[""NONE"", ""UNKNOWN""]","[""2066685"", ""2066693""]","[""PASSENGER"", ""SPORT UTILITY VEHICLE (SUV)""]","[""PERSONAL"", ""UNKNOWN/NA""]","[""2016"", ""2024""]",[],[],[],[],[],[],[],[],[],[],[],[],[],[],"[""Y""]",[],['23'],"[""DEPLOYMENT UNKNOWN"", ""DID NOT DEPLOY""]","[""TEST NOT OFFERED""]","[""CHICAGO""]","[""2025-10-10T07:39:00.000""]","[""FOLLOWED TOO CLOSELY"", ""NONE""]","[""NOT OBSCURED"", ""UNKNOWN""]","[""D""]","[""IL""]","[""NONE""]",[],"[""O2168052"", ""O2168053""]","[""DRIVER""]","[""NORMAL"", ""UNKNOWN""]","[""SAFETY BELT USED"", ""USAGE UNKNOWN""]","[""F""]","[""IL""]","[""2066685"", ""2066693""]","[""60641""]",[],[],[],[],[],[],2025,10,7,10,False,morning,41.96,-87.69,41.96_-87.69,23.0,23,23,FOLLOWING TOO CLOSELY,0
STRAIGHT AND LEVEL,1011,2025-10-10 07:30:00,6,7,10,9F982E3D73EB03C0E1679A38EEFFA402A9F7D710B8BCADB5F6ADFABC535356BCC16D811E4C7CF65306C6862AF64675C5A308987443DECFB5CF85E689864630C0,NO INJURY / DRIVE AWAY,"OVER $1,500",NO CONTROLS,PARKED MOTOR VEHICLE,41.8608770481,DAWN,-87.7346544864,2,25,UNABLE TO DETERMINE,NO DEFECTS,DRY,UNABLE TO DETERMINE,S,1451,NO CONTROLS,NOT DIVIDED,CLEAR,0.0,1.0,0.0,1.0,0.0,1.0,2,0,[],[],[],"[""2025-10-10T07:30:00.000""]","[""2167323"", ""2167324""]","[""REAR-LEFT-CORNER"", ""UNKNOWN""]","[""IN"", ""XX""]","[""NISSAN"", ""UNKNOWN""]","[""PARKED"", ""UNKNOWN/NA""]","[""OTHER (EXPLAIN IN NARRATIVE)"", ""SENTRA""]","[""0"", ""1""]","[""UNKNOWN""]","[""1"", ""2""]","[""DRIVER"", ""PARKED""]","[""NONE"", ""UNKNOWN""]","[""2065976"", ""2065984""]","[""PASSENGER"", ""UNKNOWN/NA""]","[""NOT IN USE"", ""UNKNOWN/NA""]","[""2023""]",[],[],[],[],[],"[""Y""]","[""Y""]",[],[],[],[],"[""Y""]",[],"[""Y""]","[""Y""]",[],[],"[""DEPLOYMENT UNKNOWN""]","[""TEST NOT OFFERED""]",[],"[""2025-10-10T07:30:00.000""]","[""UNKNOWN""]","[""UNKNOWN""]",[],[],"[""UNKNOWN""]",[],"[""O2167323""]","[""DRIVER""]","[""UNKNOWN""]","[""USAGE UNKNOWN""]","[""X""]",[],"[""2065976""]",[],[],[],[],[],[],[],2025,10,7,10,False,morning,41.86,-87.73,41.86_-87.73,0.0,0,0,OTHER,0
STRAIGHT AND LEVEL,814,2025-10-10 07:30:00,6,7,10,62229EADEF6D545A74EDBACAD596BF341AF53AF7CE6E5503010711078D3FCE66B13C57B94EF53CC096081B36097315D7027E55B7789C69BDE93C69B26A1AF28F,INJURY AND / OR TOW DUE TO CRASH,"OVER $1,500",FUNCTIONING PROPERLY,REAR END,41.7967524478,DAYLIGHT,-87.754931882,3,30,FAILING TO REDUCE SPEED TO AVOID CRASH,NO DEFECTS,DRY,DRIVING SKILLS/KNOWLEDGE/EXPERIENCE,S,5719,TRAFFIC SIGNAL,FOUR WAY,CLEAR,0.0,0.0,1.0,0.0,0.0,1.0,1,3,"[""Y""]",[],"[""Y""]","[""2025-10-10T07:30:00.000""]","[""2167270"", ""2167271"", ""2167272""]","[""FRONT"", ""REAR""]","[""IL""]","[""CHEVROLET"", ""GENERAL MOTORS CORPORATION (GMC)""]","[""SLOW/STOP IN TRAFFIC""]","[""EQUINOX"", ""TRAVERSE"", ""YUKON""]","[""1""]","[""E""]","[""1"", ""2"", ""3""]","[""DRIVER""]","[""NONE""]","[""2065929"", ""2065935"", ""2065938""]","[""PASSENGER"", ""SPORT UTILITY VEHICLE (SUV)""]","[""PERSONAL""]","[""2013"", ""2014"", ""2018""]",[],[],"[""Y""]","[""OWNER""]","[""Y""]","[""Y""]",[],[],[],[],[],[],[],"[""Y""]","[""Y""]",[],"['22', '29', '42']","[""DEPLOYED, COMBINATION"", ""DID NOT DEPLOY""]","[""TEST NOT OFFERED""]","[""CHICAGO""]","[""2025-10-10T07:30:00.000""]","[""FAILED TO YIELD"", ""NONE""]","[""NOT OBSCURED""]","[""D""]","[""IL""]","[""NONE""]",[],"[""O2167270"", ""O2167271"", ""O2167272""]","[""DRIVER""]","[""NORMAL""]","[""USAGE UNKNOWN""]","[""F"", ""M""]","[""IL""]","[""2065929"", ""2065935"", ""2065938""]","[""60632"", ""60638""]",[],[],[],[],[],[],2025,10,7,10,False,morning,41.8,-87.75,41.8_-87.75,31.0,22,42,SPEEDING,1
STRAIGHT AND LEVEL,1932,2025-10-10 07:30:00,6,7,10,A7AA2BD275ABC7ECEA347315C584A4BFDD002DB99D127EE206AC7D16FF4217FC1CC4651EFAF9D4AB716B92902A104A40D66DE81326905D8D45E3E1D52BDC6F9E,INJURY AND / OR TOW DUE TO CRASH,"OVER $1,500",FUNCTIONING PROPERLY,TURNING,41.9253305553,DAYLIGHT,-87.6631224353,2,30,IMPROPER TURNING/NO SIGNAL,NO DEFECTS,DRY,FAILING TO YIELD RIGHT-OF-WAY,W,1366,TRAFFIC SIGNAL,NOT DIVIDED,CLEAR,0.0,1.0,0.0,0.0,0.0,1.0,1,2,"[""N""]",[],"[""N""]","[""2025-10-10T07:30:00.000""]","[""2168205"", ""2168206""]","[""FRONT-LEFT-CORNER""]","[""IL""]","[""HYUNDAI"", ""SUBARU""]","[""STRAIGHT AHEAD"", ""TURNING LEFT""]","[""ELANTRA"", ""RX""]","[""1""]","[""SE"", ""W""]","[""1"", ""2""]","[""DRIVER""]","[""NONE""]","[""2066821"", ""2066822""]","[""PASSENGER""]","[""PERSONAL""]","[""2009"", ""2024""]",[],[],"[""Y""]",[],[],[],[],[],[],[],[],[],"[""Y""]",[],[],[],"['29', '46']","[""DID NOT DEPLOY""]","[""TEST NOT OFFERED""]","[""CHICAGO"", ""SKOKIE""]","[""2025-10-10T07:30:00.000""]","[""NONE"", ""OTHER""]","[""NOT OBSCURED"", ""UNKNOWN""]","[""D""]","[""IL""]","[""NONE""]",[],"[""O2168205"", ""O2168206""]","[""DRIVER""]","[""NORMAL""]","[""SAFETY BELT USED"", ""USAGE UNKNOWN""]","[""F""]","[""IL""]","[""2066821"", ""2066822""]","[""60076"", ""60617""]",[],[],[],[],[],[],2025,10,7,10,False,morning,41.93,-87.66,41.93_-87.66,37.5,29,46,OTHER,1
STRAIGHT AND LEVEL,911,2025-10-10 07:30:00,6,7,10,C84F309A299721B3429934FB285C920BD2DE3D03C2C1C03FFB6F5D91C6FA5F8DDC4C000D46B85DD7DE2FE5A6A9ACDB35428BF0B8EC327A341B85B35636308DF4,INJURY AND / OR TOW DUE TO CRASH,"OVER $1,500",NO CONTROLS,TURNING,41.8285605437,DAYLIGHT,-87.6850435444,2,30,DRIVING SKILLS/KNOWLEDGE/EXPERIENCE,NO DEFECTS,DRY,DRIVING SKILLS/KNOWLEDGE/EXPERIENCE,W,2400,NO CONTROLS,T-INTERSECTION,CLEAR,0.0,0.0,1.0,0.0,0.0,1.0,1,2,[],[],"[""Y""]","[""2025-10-10T07:30:00.000""]","[""2167244"", ""2167245""]","[""FRONT-LEFT-CORNER""]","[""IL"", ""MO""]","[""HYUNDAI"", ""MAZDA""]","[""STRAIGHT AHEAD"", ""TURNING LEFT""]","[""MAZDA3"", ""TUCSON""]","[""1""]","[""N"", ""S""]","[""1"", ""2""]","[""DRIVER""]","[""NONE""]","[""2065919"", ""2065923""]","[""PASSENGER"", ""SPORT UTILITY VEHICLE (SUV)""]","[""PERSONAL""]","[""2013"", ""2022""]",[],[],"[""Y""]","[""OWNER'S CHOICE""]","[""Y""]",[],[],[],"[""Y""]",[],[],[],[],[],[],"[""OWNER'S CHOICE""]","['25', '54']","[""DID NOT DEPLOY""]","[""TEST NOT OFFERED""]","[""CHICAGO"", ""OAK LAWN""]","[""2025-10-10T07:30:00.000""]","[""FAILED TO YIELD"", ""NONE""]","[""MOVING VEHICLES""]","[""D"", ""F""]","[""IL"", ""MO""]","[""NONE""]",[],"[""O2167244"", ""O2167245""]","[""DRIVER""]","[""NORMAL""]","[""SAFETY BELT USED""]","[""M""]","[""IL""]","[""2065919"", ""2065923""]","[""60453"", ""60632""]",[],[],[],[],[],[],2025,10,7,10,False,morning,41.83,-87.69,41.83_-87.69,39.5,25,54,OTHER,1
STRAIGHT AND LEVEL,1215,2025-10-10 07:22:00,6,7,10,2F8520AEC90A63ACDC023923347C5ADBC1EF7C21984DF660F37A5EC2C6DB1B8056336C86CA5EB7E87D6EF3777985F4A03DADC1D748263D80CFAE0F747470A73D,INJURY AND / OR TOW DUE TO CRASH,"$501 - $1,500",NO CONTROLS,PARKED MOTOR VEHICLE,41.8940801995,DAYLIGHT,-87.6712301865,3,30,DISTRACTION - FROM INSIDE VEHICLE,NO DEFECTS,DRY,NOT APPLICABLE,W,1739,NO CONTROLS,ONE-WAY,CLEAR,0.0,0.0,0.0,0.0,0.0,1.0,2,1,"[""N""]",[],"[""Y""]","[""2025-10-10T07:22:00.000""]","[""2167383"", ""2167384"", ""2167385""]","[""FRONT-LEFT-CORNER"", ""REAR"", ""REAR-RIGHT-CORNER""]","[""IL"", ""TN""]","[""HONDA"", ""HYUNDAI"", ""TOYOTA""]","[""PARKED"", ""STRAIGHT AHEAD""]","[""CR-V"", ""SONATA"", ""VENZA""]","[""0"", ""1""]","[""E"", ""W""]","[""1"", ""2"", ""3""]","[""DRIVER"", ""PARKED""]","[""NONE"", ""UNKNOWN""]","[""2066038"", ""2066039"", ""2066042""]","[""PASSENGER"", ""SPORT UTILITY VEHICLE (SUV)""]","[""NOT IN USE"", ""PERSONAL""]","[""2012"", ""2021""]",[],"[""Y""]","[""Y""]","[""UNKNOWN""]","[""Y""]","[""Y""]",[],[],[],[],[],"[""Y""]",[],"[""Y""]","[""Y""]","[""UNKNOWN""]",['33'],"[""NOT APPLICABLE""]","[""TEST NOT OFFERED""]","[""CHICAGO""]","[""2025-10-10T07:22:00.000""]","[""OTHER""]","[""OTHER""]","[""D""]","[""IL""]","[""NONE""]",[],"[""O2167383""]","[""DRIVER""]","[""NORMAL""]","[""SAFETY BELT USED""]","[""F""]","[""IL""]","[""2066038""]","[""60622""]",[],[],[],[],[],[],2025,10,7,10,False,morning,41.89,-87.67,41.89_-87.67,33.0,33,33,DISTRACTION/INATTENTION,0
STRAIGHT AND LEVEL,821,2025-10-10 07:18:00,6,7,10,0427EE67F513426A887B3D5E12724997659974E124E9F08AF6B2A847699AAC3763B0FA29FBA487C952BC2742CE6CE86FCB443E55E2D24984DEAEECF9AB57CADF,NO INJURY / DRIVE AWAY,$500 OR LESS,NO CONTROLS,REAR END,41.8152568164,DAYLIGHT,-87.7237173418,2,30,UNABLE TO DETERMINE,NO DEFECTS,DRY,NOT APPLICABLE,S,4257,NO CONTROLS,DIVIDED - W/MEDIAN (NOT RAISED),CLEAR,0.0,0.0,0.0,0.0,0.0,1.0,1,2,[],[],[],"[""2025-10-10T07:18:00.000""]","[""2167225"", ""2167226""]","[""OTHER"", ""REAR""]","[""IL""]","[""BUICK"", ""HONDA""]","[""STRAIGHT AHEAD""]","[""ACCORD"", ""ENCORE""]","[""1"", ""2""]","[""N""]","[""1"", ""2""]","[""DRIVER""]","[""NONE""]","[""2065891"", ""2065903""]","[""PASSENGER""]","[""PERSONAL""]","[""2014"", ""2025""]",[],[],[],[],[],[],[],[],[],[],"[""1""]",[],"[""Y""]",[],"[""Y""]",[],"['17', '41']","[""DID NOT DEPLOY"", ""NOT APPLICABLE""]","[""TEST NOT OFFERED""]","[""CHICAGO""]","[""2025-10-10T07:18:00.000""]","[""NONE""]","[""NOT OBSCURED""]","[""D""]","[""IL""]","[""NONE""]",[],"[""O2167225"", ""O2167226"", ""P478206""]","[""DRIVER"", ""PASSENGER""]","[""NORMAL""]","[""SAFETY BELT USED"", ""USAGE UNKNOWN""]","[""F"", ""M""]","[""IL""]","[""2065891"", ""2065903""]","[""60638"", ""60652""]",[],"[""3""]",[],[],[],[],2025,10,7,10,False,morning,41.82,-87.72,41.82_-87.72,29.0,17,41,OTHER,0
STRAIGHT AND LEVEL,922,2025-10-10 07:15:00,6,7,10,77A27562833C85344A5913375414457ACE4F1C3020452CB114C7AF96C0DA1C225FD93B69A962F2DB3B1C8630FA7EC254AE5F745395789A6AC545A61397494114,INJURY AND / OR TOW DUE TO CRASH,"OVER $1,500",NO CONTROLS,SIDESWIPE SAME DIRECTION,41.8067951688,DAYLIGHT,-87.703791635,2,30,DRIVING SKILLS/KNOWLEDGE/EXPERIENCE,NO DEFECTS,DRY,IMPROPER OVERTAKING/PASSING,S,4747,NO CONTROLS,NOT DIVIDED,CLEAR,0.0,0.0,0.0,0.0,0.0,1.0,1,2,"[""Y""]",[],[],"[""2025-10-10T07:15:00.000""]","[""2167258"", ""2167259""]","[""FRONT-RIGHT-CORNER"", ""SIDE-LEFT""]","[""IL""]","[""FORD"", ""INTERNATIONAL TRAILER CORPORATION""]","[""PASSING/OVERTAKING"", ""STRAIGHT AHEAD""]","[""ESCAPE"", ""INTERNATIONAL TRAILER CORP.""]","[""1"", ""2""]","[""N""]","[""1"", ""2""]","[""DRIVER""]","[""NONE""]","[""2065921"", ""2065928""]","[""PASSENGER"", ""TRUCK - SINGLE UNIT""]","[""RIDESHARE SERVICE"", ""TOW TRUCK""]","[""2006"", ""2018""]",[],[],[],[],[],[],[],"[""Y""]","[""Y""]",[],"[""1""]","[""Y""]",[],[],[],[],"['60', '62']","[""DID NOT DEPLOY""]","[""TEST NOT OFFERED""]","[""CHICAGO"", ""CHICAGO RIDGE""]","[""2025-10-10T07:15:00.000""]","[""IMPROPER PASSING"", ""NONE""]","[""NOT OBSCURED""]","[""C""]","[""IL""]","[""NONE""]","[""ST. ANTHONY'S""]","[""O2167258"", ""O2167259"", ""P478213""]","[""DRIVER"", ""PASSENGER""]","[""NORMAL""]","[""USAGE UNKNOWN""]","[""M""]","[""IL""]","[""2065921"", ""2065928""]","[""60415"", ""60622""]","[""CFD""]","[""6""]",[],[],[],"[""37""]",2025,10,7,10,False,morning,41.81,-87.7,41.81_-87.7,61.0,60,62,OTHER,1
STRAIGHT AND LEVEL,1533,2025-10-10 07:15:00,6,7,10,4E6815DD57B6A90E8FDB90C5E568DA8644C40ABE2547D9540E3EDF34AC52628C0793A8DD824F8A89B472C4BE4EB37F6E56D237E7DE02319DE7A57372A363FEC4,NO INJURY / DRIVE AWAY,"OVER $1,500",FUNCTIONING PROPERLY,TURNING,41.873026274,DAYLIGHT,-87.7451007245,2,30,UNABLE TO DETERMINE,NO DEFECTS,DRY,NOT APPLICABLE,W,4801,TRAFFIC SIGNAL,NOT DIVIDED,CLEAR,0.0,1.0,0.0,0.0,0.0,1.0,1,2,"[""Y""]","[""Y""]","[""Y""]","[""2025-10-10T07:15:00.000""]","[""2167277"", ""2167278""]","[""FRONT"", ""FRONT-RIGHT-CORNER""]","[""IL""]","[""HONDA"", ""JEEP""]","[""SLOW/STOP IN TRAFFIC"", ""TURNING LEFT""]","[""GRAND CHEROKEE"", ""OTHER (EXPLAIN IN NARRATIVE)""]","[""1"", ""2""]","[""S"", ""W""]","[""1"", ""2""]","[""DRIVER""]","[""UNKNOWN""]","[""2065941"", ""2065945""]","[""PASSENGER"", ""SPORT UTILITY VEHICLE (SUV)""]","[""PERSONAL"", ""UNKNOWN/NA""]","[""2016""]",[],[],"[""Y""]",[],[],[],[],[],[],[],"[""1""]",[],[],"[""N""]",[],[],"['22', '24']","[""DEPLOYMENT UNKNOWN"", ""DID NOT DEPLOY""]","[""TEST NOT OFFERED""]","[""CHICAGO""]","[""2025-10-10T07:15:00.000""]","[""NONE"", ""UNKNOWN""]","[""UNKNOWN""]",[],[],"[""NONE""]",[],"[""O2167277"", ""O2167278"", ""P478215""]","[""DRIVER"", ""PASSENGER""]","[""NORMAL"", ""UNKNOWN""]","[""USAGE UNKNOWN""]","[""F"", ""M"", ""X""]","[""IL""]","[""2065941"", ""2065945""]","[""60624"", ""60644""]",[],"[""3""]",[],[],[],[],2025,10,7,10,False,morning,41.87,-87.75,41.87_-87.75,23.0,22,24,OTHER,0
STRAIGHT AND LEVEL,2413,2025-10-10 07:00:00,6,7,10,FCDB4F4FD194D0BA778B4D2A592F73124EB47E6EC2957EE5B4FE44F86FBA0FD3162FEEC2825D3922D4AFEAA8839B41D9F3C21FC4CB0094013C27FCAB5F739428,NO INJURY / DRIVE AWAY,"$501 - $1,500",NO CONTROLS,PARKED MOTOR VEHICLE,41.9964366588,DAYLIGHT,-87.6982327717,2,20,UNABLE TO DETERMINE,NO DEFECTS,DRY,UNABLE TO DETERMINE,N,6321,NO CONTROLS,ONE-WAY,CLEAR,0.0,1.0,0.0,0.0,0.0,1.0,2,0,[],[],[],"[""2025-10-10T07:00:00.000""]","[""2167266"", ""2167267""]","[""OTHER"", ""UNKNOWN""]","[""IL""]","[""UNKNOWN"", ""VOLKSWAGEN""]","[""PARKED"", ""UNKNOWN/NA""]","[""EOS"", ""OTHER (EXPLAIN IN NARRATIVE)""]","[""0"", ""1""]","[""N"", ""UNKNOWN""]","[""1"", ""2""]","[""DRIVER"", ""PARKED""]","[""NONE"", ""UNKNOWN""]","[""2065926"", ""2065927""]","[""PASSENGER"", ""UNKNOWN/NA""]","[""NOT IN USE"", ""UNKNOWN/NA""]","[""2016""]",[],[],[],[],[],[],[],[],[],[],[],[],[],[],[],[],[],"[""DEPLOYMENT UNKNOWN""]","[""TEST NOT OFFERED""]",[],"[""2025-10-10T07:00:00.000""]","[""UNKNOWN""]","[""UNKNOWN""]",[],"[""XX""]","[""UNKNOWN""]",[],"[""O2167266""]","[""DRIVER""]","[""UNKNOWN""]","[""USAGE UNKNOWN""]","[""X""]",[],"[""2065927""]",[],[],[],[],[],[],[],2025,10,7,10,False,morning,42.0,-87.7,42.0_-87.7,0.0,0,0,OTHER,0
STRAIGHT AND LEVEL,123,2025-10-10 06:56:00,6,6,10,0D6285622B2605FC547181DD58B03D2D798D877238C33F4CBC59EFACCB62AE338CDEC1BD6E07539CF72B2F2DAF235287BDEDF9B06B25D4E10C4465ADBD4655EC,NO INJURY / DRIVE AWAY,"OVER $1,500",NO CONTROLS,TURNING,41.8730954853,DAWN,-87.6243452478,2,30,UNABLE TO DETERMINE,NO DEFECTS,DRY,UNABLE TO DETERMINE,S,700,TRAFFIC SIGNAL,FOUR WAY,CLEAR,0.0,0.0,1.0,0.0,0.0,1.0,1,0,[],[],[],"[""2025-10-10T06:56:00.000""]","[""2167217"", ""2167218""]","[""REAR-RIGHT-CORNER"", ""SIDE-LEFT""]",[],"[""TOYOTA"", ""UNKNOWN""]","[""STRAIGHT AHEAD"", ""TURNING LEFT""]","[""CAMRY"", ""OTHER (EXPLAIN IN NARRATIVE)""]","[""1""]","[""S""]","[""1"", ""2""]","[""DRIVER""]","[""NONE""]","[""2065884"", ""2065888""]","[""OTHER"", ""PASSENGER""]","[""OTHER"", ""PERSONAL""]","[""2012""]",[],[],[],[],[],[],[],"[""Y""]","[""Y""]",[],[],[],[],[],[],[],[],"[""DID NOT DEPLOY""]","[""TEST NOT OFFERED""]",[],"[""2025-10-10T06:56:00.000""]","[""NONE""]","[""NOT OBSCURED""]",[],[],"[""NONE""]",[],"[""O2167217"", ""O2167218""]","[""DRIVER""]","[""NORMAL""]","[""SAFETY BELT USED"", ""USAGE UNKNOWN""]","[""M""]",[],"[""2065884"", ""2065888""]",[],[],[],[],[],[],[],2025,10,6,10,False,night,41.87,-87.62,41.87_-87.62,0.0,0,0,OTHER,0
STRAIGHT AND LEVEL,2012,2025-10-10 06:50:00,6,6,10,68A08E2FB91DB817995F47E57C6E0D76FC63FCC2733893CC4FB162246184FF1E3F3F97085218B4FC611455D01BA548192DEEEEDD2A5A231F9D3A3A3E32A97E0E,NO INJURY / DRIVE AWAY,"OVER $1,500",NO CONTROLS,PARKED MOTOR VEHICLE,41.9839522006,DAYLIGHT,-87.6690061635,2,25,UNABLE TO DETERMINE,NO DEFECTS,DRY,UNABLE TO DETERMINE,N,5614,NO CONTROLS,PARKING LOT,CLEAR,0.0,0.0,0.0,0.0,0.0,1.0,2,0,[],[],[],"[""2025-10-10T06:50:00.000""]","[""2167227"", ""2167228""]","[""REAR""]","[""IL""]","[""DODGE"", ""FORD""]","[""BACKING"", ""PARKED""]","[""OTHER (EXPLAIN IN NARRATIVE)"", ""VAN""]","[""0"", ""1""]","[""NW"", ""UNKNOWN""]","[""1"", ""2""]","[""DRIVER"", ""PARKED""]","[""NONE""]","[""2065894"", ""2065895""]","[""VAN/MINI-VAN""]","[""OTHER"", ""PERSONAL""]","[""1998"", ""2017""]",[],[],[],[],[],"[""Y""]",[],[],[],[],[],[],[],[],"[""Y""]",[],[],"[""DID NOT DEPLOY""]","[""TEST NOT OFFERED""]",[],"[""2025-10-10T06:50:00.000""]","[""NONE""]","[""UNKNOWN""]",[],[],"[""UNKNOWN""]",[],"[""O2167227""]","[""DRIVER""]","[""NORMAL""]","[""SAFETY BELT USED""]","[""M""]",[],"[""2065894""]",[],[],[],[],[],[],[],2025,10,6,10,False,night,41.98,-87.67,41.98_-87.67,0.0,0,0,OTHER,0