alignment,beat_of_occurrence,crash_date,crash_day_of_week,crash_hour,crash_month,crash_record_id,crash_type,damage,device_condition,first_crash_type,latitude,lighting_condition,longitude,num_units,posted_speed_limit,prim_contributory_cause,road_defect,roadway_surface_cond,sec_contributory_cause,street_direction,street_no,traffic_control_device,trafficway_type,weather_condition,private_property_i,hit_and_run_i,intersection_related_i,crash_date_est_i,work_zone_i,workers_present_i,veh_count,ppl_count,veh_area_01_i_list_json,veh_area_02_i_list_json,veh_area_12_i_list_json,veh_crash_date_list_json,veh_crash_unit_id_list_json,veh_first_contact_point_list_json,veh_lic_plate_state_list_json,veh_make_list_json,veh_maneuver_list_json,veh_model_list_json,veh_occupant_cnt_list_json,veh_travel_direction_list_json,veh_unit_no_list_json,veh_unit_type_list_json,veh_vehicle_defect_list_json,veh_vehicle_id_list_json,veh_vehicle_type_list_json,veh_vehicle_use_list_json,veh_vehicle_year_list_json,veh_area_03_i_list_json,veh_area_04_i_list_json,veh_area_11_i_list_json,veh_towed_by_list_json,veh_towed_i_list_json,veh_area_07_i_list_json,veh_area_99_i_list_json,veh_area_09_i_list_json,veh_area_10_i_list_json,veh_cmrc_veh_i_list_json,veh_num_passengers_list_json,veh_area_08_i_list_json,veh_area_00_i_list_json,veh_area_05_i_list_json,veh_area_06_i_list_json,veh_towed_to_list_json,ppl_age_list_json,ppl_airbag_deployed_list_json,ppl_bac_result_list_json,ppl_city_list_json,ppl_crash_date_list_json,ppl_driver_action_list_json,ppl_driver_vision_list_json,ppl_drivers_license_class_list_json,ppl_drivers_license_state_list_json,ppl_ejection_list_json,ppl_hospital_list_json,ppl_person_id_list_json,ppl_person_type_list_json,ppl_physical_condition_list_json,ppl_safety_equipment_list_json,ppl_sex_list_json,ppl_state_list_json,ppl_vehicle_id_list_json,ppl_zipcode_list_json,ppl_ems_agency_list_json,ppl_seat_no_list_json,ppl_pedpedal_action_list_json,ppl_pedpedal_location_list_json,ppl_pedpedal_visibility_list_json,ppl_ems_run_no_list_json,year,month,hour,day,is_weekend,hour_bin,lat_bin,lng_bin,grid_id,ppl_age_mean,ppl_age_min,ppl_age_max,prim_contributory_cause_group,ksi_flag
STRAIGHT AND LEVEL,1632,2025-10-10 06:50:00,6,6,10,D774DDA4D3BC7EF5AD59A44F89F0CD8B21F597D9BB89B6978F4843963134F8CE657B5CCB3BAC7AAF788AF772EAE6259F7785C5D699C3177EB69332B7D6E57E81,NO INJURY / DRIVE AWAY,"OVER $1,500",NO CONTROLS,REAR END,41.9382738709,DAYLIGHT,-87.7953240822,2,30,UNABLE TO DETERMINE,NO DEFECTS,DRY,UNABLE TO DETERMINE,W,6750,NO CONTROLS,DIVIDED - W/MEDIAN (NOT RAISED),CLEAR,0.0,0.0,0.0,0.0,0.0,1.0,1,2,[],[],"[""Y""]","[""2025-10-10T06:50:00.000""]","[""2167221"", ""2167222""]","[""FRONT"", ""REAR""]","[""IL""]","[""ACURA"", ""CHRYSLER""]","[""STRAIGHT AHEAD""]","[""200"", ""RLX""]","[""1""]","[""W""]","[""1"", ""2""]","[""DRIVER""]","[""NONE"", ""UNKNOWN""]","[""2065885"", ""2065889""]","[""PASSENGER""]","[""PERSONAL""]","[""2015""]",[],[],[],[],[],[],[],[],[],[],[],[],[],[],"[""Y""]",[],"['27', '58']","[""NOT APPLICABLE""]","[""TEST NOT OFFERED""]","[""CHICAGO""]","[""2025-10-10T06:50:00.000""]","[""NONE"", ""UNKNOWN""]","[""NOT OBSCURED"", ""UNKNOWN""]",[],"[""IL""]","[""NONE""]",[],"[""O2167221"", ""O2167222""]","[""DRIVER""]","[""NORMAL"", ""UNKNOWN""]","[""SAFETY BELT USED""]","[""F""]","[""IL""]","[""2065885"", ""2065889""]",[],[],[],[],[],[],[],2025,10,6,10,False,night,41.94,-87.8,41.94_-87.8,42.5,27,58,OTHER,0
STRAIGHT AND LEVEL,124,2025-10-10 06:44:00,6,6,10,CA4B1EBD9AE6E83C14BE51640464458CB407624CC420A2F12CCEA20827943D70F1B1DC1A15643486BE34804E66ED90B0036B01CF67A5B9C4D3445F2EBBD297ED,INJURY AND / OR TOW DUE TO CRASH,"OVER $1,500",FUNCTIONING PROPERLY,FIXED OBJECT,41.8744135661,DAYLIGHT,-87.6425722036,1,30,DRIVING SKILLS/KNOWLEDGE/EXPERIENCE,NO DEFECTS,DRY,UNABLE TO DETERMINE,S,598,OTHER REG. SIGN,NOT DIVIDED,CLEAR,0.0,1.0,0.0,0.0,0.0,1.0,1,0,"[""Y""]",[],"[""Y""]","[""2025-10-10T06:44:00.000""]","[""2167229""]","[""UNKNOWN""]","[""IL""]","[""BUICK""]","[""STRAIGHT AHEAD""]","[""ENCLAVE""]","[""1""]","[""N""]","[""1""]","[""DRIVER""]","[""UNKNOWN""]","[""2065897""]","[""SPORT UTILITY VEHICLE (SUV)""]","[""UNKNOWN/NA""]","[""2009""]",[],[],"[""Y""]","[""CITY OF CHICAGO""]","[""Y""]","[""N""]","[""Y""]",[],[],[],[],[],[],"[""N""]","[""N""]","[""400 E LOWER WACKER""]",[],"[""DEPLOYMENT UNKNOWN""]","[""TEST NOT OFFERED""]",[],"[""2025-10-10T06:44:00.000""]","[""UNKNOWN""]","[""UNKNOWN""]",[],[],"[""UNKNOWN""]",[],"[""O2167229""]","[""DRIVER""]","[""UNKNOWN""]","[""USAGE UNKNOWN""]","[""X""]",[],"[""2065897""]",[],[],[],[],[],[],[],2025,10,6,10,False,night,41.87,-87.64,41.87_-87.64,0.0,0,0,OTHER,0
STRAIGHT AND LEVEL,1911,2025-10-10 06:43:00,6,6,10,BF2CA5213FB136B754B7049A227AB1CC0068FF148608DDBE7FB92EB63610D67BC27BA09D284136B6A6FBC4B3AFDD924DF6B68D68415BD0D7F95E6EB9B702C540,INJURY AND / OR TOW DUE TO CRASH,"OVER $1,500",FUNCTIONING PROPERLY,TURNING,41.9649756182,DAYLIGHT,-87.6888580606,2,30,FAILING TO YIELD RIGHT-OF-WAY,NO DEFECTS,DRY,UNABLE TO DETERMINE,W,2400,TRAFFIC SIGNAL,DIVIDED - W/MEDIAN (NOT RAISED),CLEAR,0.0,1.0,1.0,0.0,0.0,1.0,1,1,"[""Y""]",[],[],"[""2025-10-10T06:43:00.000""]","[""2167213"", ""2167214""]","[""SIDE-LEFT-FRONT"", ""SIDE-LEFT-REAR""]","[""IL""]","[""HONDA"", ""NEW FLYER""]","[""STRAIGHT AHEAD"", ""TURNING LEFT""]","[""CIVIC"", ""D40LF""]","[""1""]","[""N"", ""SE""]","[""1"", ""2""]","[""DRIVER""]","[""NONE"", ""UNKNOWN""]","[""2065880"", ""2065890""]","[""BUS OVER 15 PASS."", ""PASSENGER""]","[""CTA"", ""UNKNOWN/NA""]","[""2007"", ""2018""]",[],[],[],[],[],[],[],[],[],[],[],[],[],"[""Y""]",[],[],['51'],"[""DEPLOYMENT UNKNOWN"", ""DID NOT DEPLOY""]","[""TEST NOT OFFERED""]","[""RIVERDALE""]","[""2025-10-10T06:43:00.000""]","[""FAILED TO YIELD"", ""NONE""]","[""NOT OBSCURED"", ""UNKNOWN""]","[""B""]","[""IL""]","[""NONE""]","[""SWEDISH COVENANT HOSP""]","[""O2167213"", ""O2167214""]","[""DRIVER""]","[""NORMAL"", ""UNKNOWN""]","[""SAFETY BELT USED"", ""USAGE UNKNOWN""]","[""F"", ""X""]","[""IL""]","[""2065880"", ""2065890""]","[""60827""]","[""CFD/EMS 40""]",[],[],[],[],[],2025,10,6,10,False,night,41.96,-87.69,41.96_-87.69,51.0,51,51,FAILURE-TO-YIELD,1
STRAIGHT AND LEVEL,821,2025-10-10 06:40:00,6,6,10,7582BA8C3CE9F1D99D002427DB46397A753F5BC213BDEBA678D7F896EFD069ED591F784B1C98237E54B3880DA62ADC59AE8F6384322081817A54BBBFDE6692AB,INJURY AND / OR TOW DUE TO CRASH,"OVER $1,500",FUNCTIONING PROPERLY,TURNING,41.8058308576,DAWN,-87.7174666731,2,30,FAILING TO YIELD RIGHT-OF-WAY,NO DEFECTS,DRY,UNABLE TO DETERMINE,S,4815,STOP SIGN/FLASHER,T-INTERSECTION,CLEAR,0.0,0.0,1.0,0.0,0.0,1.0,1,4,[],[],"[""Y""]","[""2025-10-10T06:40:00.000""]","[""2167215"", ""2167216""]","[""FRONT-LEFT-CORNER"", ""SIDE-LEFT""]","[""IL""]","[""GENERAL MOTORS CORPORATION (GMC)"", ""OLDSMOBILE""]","[""STRAIGHT AHEAD"", ""TURNING LEFT""]","[""BRAVADA"", ""YUKON""]","[""2""]","[""N"", ""NE""]","[""1"", ""2""]","[""DRIVER""]","[""NONE""]","[""2065882"", ""2065886""]","[""PASSENGER""]","[""PERSONAL""]","[""1997"", ""2009""]",[],[],"[""Y""]","[""Private""]","[""Y""]",[],[],"[""Y""]","[""N"", ""Y""]",[],"[""1""]","[""Y""]",[],[],[],[],"['32', '46', '47', '59']","[""DID NOT DEPLOY"", ""NOT APPLICABLE""]","[""TEST NOT OFFERED""]","[""CHICAGO""]","[""2025-10-10T06:40:00.000""]","[""FAILED TO YIELD"", ""NONE""]","[""UNKNOWN""]","[""D""]","[""IL""]","[""NONE""]",[],"[""O2167215"", ""O2167216"", ""P478204"", ""P478205""]","[""DRIVER"", ""PASSENGER""]","[""NORMAL""]","[""SAFETY BELT USED""]","[""F""]","[""IL""]","[""2065882"", ""2065886""]","[""60632"", ""60636""]",[],"[""3""]",[],[],[],[],2025,10,6,10,False,night,41.81,-87.72,41.81_-87.72,46.0,32,59,FAILURE-TO-YIELD,0
STRAIGHT AND LEVEL,2512,2025-10-10 06:30:00,6,6,10,026400FDC0D46AAACFA4AE53026ADDAF567E822649930C75ADBCBEEB15D2516A198B91E7170706A926562FB315717A7EBD12D5C8BE5D493CFBC4DEE54F92E1FF,NO INJURY / DRIVE AWAY,"$501 - $1,500",NO CONTROLS,TURNING,41.9255278107,DAYLIGHT,-87.7952380317,2,25,UNABLE TO DETERMINE,UNKNOWN,DRY,UNABLE TO DETERMINE,W,6768,NO CONTROLS,NOT DIVIDED,CLEAR,0.0,0.0,0.0,0.0,0.0,1.0,1,2,[],[],"[""Y""]","[""2025-10-10T06:30:00.000""]","[""2167910"", ""2167911""]","[""FRONT-LEFT-CORNER"", ""SIDE-LEFT""]","[""IL""]","[""JEEP"", ""NISSAN""]","[""STRAIGHT AHEAD"", ""TURNING LEFT""]","[""GRAND CHEROKEE"", ""MURANO""]","[""1""]","[""E"", ""W""]","[""1"", ""2""]","[""DRIVER""]","[""UNKNOWN""]","[""2066549"", ""2066552""]","[""PASSENGER"", ""SPORT UTILITY VEHICLE (SUV)""]","[""PERSONAL""]","[""2017""]",[],[],"[""Y""]",[],[],[],[],"[""Y""]","[""Y""]",[],[],[],[],[],[],[],"['28', '63']","[""DID NOT DEPLOY"", ""NOT APPLICABLE""]","[""TEST NOT OFFERED""]","[""CHICAGO""]","[""2025-10-10T06:30:00.000""]","[""UNKNOWN""]","[""UNKNOWN""]","[""D""]","[""IL""]","[""NONE""]",[],"[""O2167910"", ""O2167911""]","[""DRIVER""]","[""UNKNOWN""]","[""USAGE UNKNOWN""]","[""F"", ""M""]","[""IL""]","[""2066549"", ""2066552""]","[""60634"", ""60651""]",[],[],[],[],[],[],2025,10,6,10,False,night,41.93,-87.8,41.93_-87.8,45.5,28,63,OTHER,0
STRAIGHT AND LEVEL,2512,2025-10-10 06:25:00,6,6,10,B1CA1F3B3AEBDD28AA2761604B65C616E5D779B1E6433FBD848C5854D86F8B4304C5FC1CA3328184688ED43CBEBEECDB2E863E8EB6D10EED533FE229C034B070,NO INJURY / DRIVE AWAY,"OVER $1,500",NO CONTROLS,TURNING,41.9255336695,"DARKNESS, LIGHTED ROAD",-87.7948467694,2,30,UNABLE TO DETERMINE,UNKNOWN,UNKNOWN,NOT APPLICABLE,W,6748,NO CONTROLS,NOT DIVIDED,CLEAR,0.0,0.0,0.0,0.0,0.0,1.0,1,2,"[""Y""]",[],"[""Y""]","[""2025-10-10T06:25:00.000""]","[""2167564"", ""2167565""]","[""FRONT-RIGHT-CORNER"", ""SIDE-LEFT""]","[""IL""]","[""JEEP"", ""NISSAN""]","[""STRAIGHT AHEAD"", ""TURNING LEFT""]","[""RENEGADE"", ""SENTRA""]","[""1""]","[""N"", ""W""]","[""1"", ""2""]","[""DRIVER""]","[""UNKNOWN""]","[""2066203"", ""2066211""]","[""PASSENGER"", ""SPORT UTILITY VEHICLE (SUV)""]","[""PERSONAL"", ""UNKNOWN/NA""]","[""2017""]",[],[],[],[],[],[],[],"[""Y""]","[""Y""]",[],[],[],[],[],[],[],"['28', '63']","[""DID NOT DEPLOY""]","[""TEST NOT OFFERED""]","[""CHICAGO""]","[""2025-10-10T06:25:00.000""]","[""OTHER""]","[""UNKNOWN""]","[""D""]","[""IL""]","[""NONE""]",[],"[""O2167564"", ""O2167565""]","[""DRIVER""]","[""NORMAL"", ""UNKNOWN""]","[""SAFETY BELT USED"", ""USAGE UNKNOWN""]","[""F"", ""M""]","[""IL""]","[""2066203"", ""2066211""]","[""60707""]",[],[],[],[],[],[],2025,10,6,10,False,night,41.93,-87.79,41.93_-87.79,45.5,28,63,OTHER,0
STRAIGHT AND LEVEL,323,2025-10-10 05:45:00,6,5,10,A98EF13035418D2CD185E35F21F1C4464B61AD9C2B183F8B74442D8200B9C4B1E65BFE18E943AEE9042ECD379E84A60FACF634B15255AF24B57FDCF7BA42FD60,INJURY AND / OR TOW DUE TO CRASH,"OVER $1,500",FUNCTIONING PROPERLY,TURNING,41.7657167263,"DARKNESS, LIGHTED ROAD",-87.605584027,2,30,IMPROPER TURNING/NO SIGNAL,NO DEFECTS,DRY,NOT APPLICABLE,S,7100,TRAFFIC SIGNAL,Y-INTERSECTION,CLEAR,0.0,0.0,1.0,0.0,0.0,1.0,1,3,[],[],"[""Y""]","[""2025-10-10T05:45:00.000""]","[""2167667"", ""2167711""]","[""FRONT"", ""REAR""]","[""IL""]","[""FORD"", ""HYUNDAI""]","[""STRAIGHT AHEAD"", ""U-TURN""]","[""ELANTRA"", ""FUSION""]","[""2"", ""3""]","[""E"", ""SE""]","[""1"", ""2""]","[""DRIVER""]","[""NONE""]","[""2066326"", ""2066345""]","[""PASSENGER""]","[""PERSONAL""]","[""2011"", ""2022""]",[],[],[],[],[],[],[],[],[],[],"[""1"", ""2""]",[],[],[],"[""Y""]",[],"['36', '43', '8']","[""NOT APPLICABLE""]","[""TEST NOT OFFERED""]","[""CHICAGO"", ""LANSING"", ""MILWAUKEE""]","[""2025-10-10T05:45:00.000""]","[""IMPROPER TURN"", ""NONE""]","[""NOT OBSCURED""]","[""D""]","[""IL"", ""WI""]","[""NONE""]",[],"[""O2167667"", ""O2167711"", ""P478281"", ""P478288"", ""P478289""]","[""DRIVER"", ""PASSENGER""]","[""NORMAL""]","[""SAFETY BELT USED""]","[""F"", ""M""]","[""IL""]","[""2066326"", ""2066345""]","[""60438"", ""60615""]",[],"[""2"", ""5"", ""6""]",[],[],[],[],2025,10,5,10,False,night,41.77,-87.61,41.77_-87.61,29.0,8,43,OTHER,1
STRAIGHT ON GRADE,133,2025-10-10 05:30:00,6,5,10,3D74B942F831AC7CB1564F8A0B19FF624392DDDFB5906C04EF016D9A11A27502D19BB26F8DDEB78F74458FB13B42341D2A47D2087F4145BD0FF48992DF747024,INJURY AND / OR TOW DUE TO CRASH,"OVER $1,500",NO CONTROLS,OVERTURNED,41.8446043275,"DARKNESS, LIGHTED ROAD",-87.6107133334,1,55,UNDER THE INFLUENCE OF ALCOHOL/DRUGS (USE WHEN ARREST IS EFFECTED),NO DEFECTS,DRY,NOT APPLICABLE,S,2645,NO CONTROLS,RAMP,CLEAR,0.0,0.0,0.0,0.0,0.0,1.0,1,1,"[""Y""]","[""Y""]","[""N""]","[""2025-10-10T05:30:00.000""]","[""2167212""]","[""SIDE-RIGHT""]","[""IL""]","[""TOYOTA""]","[""UNKNOWN/NA""]","[""SIENNA""]","[""1""]","[""N""]","[""1""]","[""DRIVER""]","[""UNKNOWN""]","[""2065883""]","[""PASSENGER""]","[""PERSONAL""]","[""2004""]","[""Y""]","[""Y""]","[""Y""]","[""CITY OF CHICAGO""]","[""Y""]","[""Y""]",[],"[""Y""]","[""Y""]",[],[],"[""Y""]",[],"[""Y""]",[],"[""CENTRAL POUND""]",['28'],"[""DID NOT DEPLOY""]","[""TEST REFUSED""]","[""CHICAGO""]","[""2025-10-10T05:30:00.000""]","[""UNKNOWN""]","[""UNKNOWN""]","[""D""]","[""IL""]","[""NONE""]",[],"[""O2167212""]","[""DRIVER""]","[""IMPAIRED - ALCOHOL""]","[""USAGE UNKNOWN""]","[""M""]","[""IL""]","[""2065883""]","[""60608""]",[],[],[],[],[],[],2025,10,5,10,False,night,41.84,-87.61,41.84_-87.61,28.0,28,28,DUI/IMPAIRMENT,0
STRAIGHT AND LEVEL,131,2025-10-10 05:30:00,6,5,10,7F579D13CA9EB71A79A5886C1350383A32C2ABB012B2E32938671DF4C6FD60F4FF7F4461256FF3E6E67545745DB738977502D6D0D9E3F4B68A70772A4322BDD9,NO INJURY / DRIVE AWAY,"OVER $1,500",FUNCTIONING PROPERLY,REAR END,41.867377773,DAYLIGHT,-87.6242830157,2,30,DRIVING SKILLS/KNOWLEDGE/EXPERIENCE,NO DEFECTS,DRY,UNABLE TO DETERMINE,S,1200,OTHER REG. SIGN,FOUR WAY,CLEAR,0.0,0.0,1.0,0.0,0.0,1.0,1,1,"[""Y""]",[],"[""Y""]","[""2025-10-10T05:30:00.000""]","[""2176203"", ""2176204""]","[""FRONT"", ""REAR""]","[""IL""]","[""HYUNDAI"", ""TESLA""]","[""STRAIGHT AHEAD""]","[""MODEL Y"", ""OTHER (EXPLAIN IN NARRATIVE)""]","[""1""]","[""S""]","[""1"", ""2""]","[""DRIVER""]","[""UNKNOWN""]","[""2074441"", ""2074442""]","[""OTHER"", ""PASSENGER""]","[""PERSONAL""]","[""2007"", ""2024""]",[],[],"[""Y""]",[],[],"[""Y""]",[],[],[],[],[],[],[],"[""Y""]","[""Y""]",[],['43'],"[""DEPLOYMENT UNKNOWN"", ""NOT APPLICABLE""]","[""TEST NOT OFFERED""]","[""ORLAND PARK""]","[""2025-10-10T05:30:00.000""]","[""NONE"", ""OTHER""]","[""UNKNOWN""]","[""D""]","[""IL""]","[""NONE""]",[],"[""O2176203"", ""O2176204""]","[""DRIVER""]","[""UNKNOWN""]","[""NONE PRESENT"", ""USAGE UNKNOWN""]","[""F"", ""M""]","[""IL""]","[""2074441"", ""2074442""]","[""60462""]",[],[],[],[],[],[],2025,10,5,10,False,night,41.87,-87.62,41.87_-87.62,43.0,43,43,OTHER,0
STRAIGHT AND LEVEL,2022,2025-10-10 05:17:00,6,5,10,17C51F641F584D8D5F0AC0D77BBC2A649DD1B46161CAA418DECAB29194031F13398640C8778EF5EE30A2B7E917E6E5A33503A2D3E2BFDE9625E4A74F16F4CC8E,NO INJURY / DRIVE AWAY,"$501 - $1,500",FUNCTIONING PROPERLY,TURNING,41.9854327688,"DARKNESS, LIGHTED ROAD",-87.6552915364,2,35,IMPROPER TURNING/NO SIGNAL,NO DEFECTS,DRY,IMPROPER TURNING/NO SIGNAL,W,1001,TRAFFIC SIGNAL,NOT DIVIDED,CLEAR,0.0,0.0,1.0,0.0,0.0,1.0,1,2,"[""Y""]","[""Y""]","[""Y""]","[""2025-10-10T05:17:00.000""]","[""2167200"", ""2167201""]","[""FRONT-RIGHT-CORNER"", ""SIDE-LEFT-REAR""]","[""IL""]","[""KIA"", ""TOYOTA""]","[""STRAIGHT AHEAD"", ""TURNING LEFT""]","[""CAMRY"", ""SORENTO""]","[""1""]","[""E"", ""S""]","[""1"", ""2""]","[""DRIVER""]","[""NONE""]","[""2065870"", ""2065871""]","[""PASSENGER""]","[""PERSONAL""]","[""2012""]",[],[],[],[],[],"[""Y""]",[],[],[],[],[],"[""Y""]",[],[],[],[],"['33', '63']","[""DID NOT DEPLOY""]","[""TEST NOT OFFERED""]","[""CHICAGO""]","[""2025-10-10T05:17:00.000""]","[""IMPROPER TURN"", ""NONE""]","[""NOT OBSCURED""]",[],"[""IL""]","[""NONE""]",[],"[""O2167200"", ""O2167201""]","[""DRIVER""]","[""NORMAL""]","[""USAGE UNKNOWN""]","[""M""]","[""IL""]","[""2065870"", ""2065871""]",[],[],[],[],[],[],[],2025,10,5,10,False,night,41.99,-87.66,41.99_-87.66,48.0,33,63,OTHER,0
STRAIGHT AND LEVEL,434,2025-10-10 04:17:00,6,4,10,0BCDC39901B1173ECEB6FDEC7BC643438B42E1BEF27D5C6173C66400920C253922F39A2A752D83F32AC8CAC1BD3500B1C303DD278CA1DAAFCDB7089947551CAD,INJURY AND / OR TOW DUE TO CRASH,"OVER $1,500",NO CONTROLS,OTHER OBJECT,41.6738603602,"DARKNESS, LIGHTED ROAD",-87.559400436,2,30,ANIMAL,UNKNOWN,DRY,ANIMAL,S,12198,NO CONTROLS,NOT DIVIDED,CLEAR,0.0,0.0,0.0,0.0,0.0,1.0,1,1,"[""Y""]","[""Y""]","[""Y""]","[""2025-10-10T04:17:00.000""]","[""2167202"", ""2167205""]","[""FRONT""]","[""IL""]","[""CHEVROLET""]","[""STRAIGHT AHEAD""]","[""TAHOE""]","[""1""]","[""S""]","[""1""]","[""DRIVER""]","[""UNKNOWN""]","[""2065874""]","[""PASSENGER""]","[""PERSONAL""]","[""2020""]","[""Y""]","[""Y""]","[""Y""]","[""PERSONAL TOW""]","[""Y""]",[],[],"[""Y""]","[""Y""]",[],[],"[""Y""]",[],[],[],"[""PERSONAL""]",['50'],"[""DEPLOYED, COMBINATION""]","[""TEST NOT OFFERED""]","[""CHICAGO""]","[""2025-10-10T04:17:00.000""]","[""UNKNOWN""]","[""UNKNOWN""]","[""D""]","[""IL""]","[""UNKNOWN""]",[],"[""O2167205""]","[""DRIVER""]","[""UNKNOWN""]","[""USAGE UNKNOWN""]","[""M""]","[""IL""]","[""2065874""]",[],[],[],[],[],[],[],2025,10,4,10,False,night,41.67,-87.56,41.67_-87.56,50.0,50,50,OTHER,1
STRAIGHT AND LEVEL,1614,2025-10-10 04:13:00,6,4,10,A3DD173EC70380D54C4B0756674E23C8BCD85C7CEA9E6DB98F1D1B22BB8B1627D9EE5BCB389E6F7B921911B46620A0F606046E6025D9CD11E4EA7B091D9E4A00,NO INJURY / DRIVE AWAY,"OVER $1,500",NO CONTROLS,ANIMAL,41.9524491107,DARKNESS,-87.8416069406,1,30,ANIMAL,NO DEFECTS,DRY,UNABLE TO DETERMINE,W,8600,NO CONTROLS,DIVIDED - W/MEDIAN (NOT RAISED),CLEAR,0.0,0.0,0.0,0.0,0.0,1.0,1,1,"[""Y""]",[],"[""Y""]","[""2025-10-10T04:13:00.000""]","[""2167298""]","[""FRONT""]","[""IL""]","[""TOYOTA""]","[""STRAIGHT AHEAD""]","[""C-HR""]","[""1""]","[""W""]","[""1""]","[""DRIVER""]","[""NONE""]","[""2065960""]","[""PASSENGER""]","[""DRIVER EDUCATION""]","[""2020""]",[],[],"[""Y""]",[],[],[],[],[],[],[],[],[],[],[],[],[],['55'],"[""DID NOT DEPLOY""]","[""TEST NOT OFFERED""]","[""SCHILLER PARK""]","[""2025-10-10T04:13:00.000""]","[""NONE""]","[""NOT OBSCURED""]","[""D""]","[""IL""]","[""NONE""]",[],"[""O2167298""]","[""DRIVER""]","[""NORMAL""]","[""SAFETY BELT USED""]","[""F""]","[""IL""]","[""2065960""]","[""60176""]",[],[],[],[],[],[],2025,10,4,10,False,night,41.95,-87.84,41.95_-87.84,55.0,55,55,OTHER,0
STRAIGHT AND LEVEL,1222,2025-10-10 03:57:00,6,3,10,52DB811CCC165E7537DC8CCFC9AF988E928E979067DAC4629650809A48FC15EFDDE5F592D4EDC9000E8059D2884A6AA9795F15B83F72834855B74B2BDB4250C3,INJURY AND / OR TOW DUE TO CRASH,"OVER $1,500",FUNCTIONING IMPROPERLY,ANGLE,41.8841425185,"DARKNESS, LIGHTED ROAD",-87.7014398939,2,30,DISREGARDING OTHER TRAFFIC SIGNS,NO DEFECTS,DRY,FAILING TO REDUCE SPEED TO AVOID CRASH,N,200,TRAFFIC SIGNAL,FOUR WAY,CLEAR,0.0,1.0,1.0,0.0,0.0,1.0,1,1,"[""Y""]",[],"[""Y""]","[""2025-10-10T03:57:00.000""]","[""2167195"", ""2167196""]","[""FRONT"", ""REAR-RIGHT-CORNER""]","[""IL""]","[""JEEP""]","[""STRAIGHT AHEAD"", ""UNKNOWN/NA""]","[""CHEROKEE""]","[""1""]","[""N"", ""W""]","[""1"", ""2""]","[""DRIVER""]","[""NONE"", ""UNKNOWN""]","[""2065863"", ""2065864""]","[""PASSENGER""]","[""PERSONAL"", ""UNKNOWN/NA""]","[""2014"", ""2015""]",[],"[""Y""]","[""Y""]","[""PRIVATE TOW""]","[""Y""]",[],[],[],[],[],[],[],[],"[""Y""]",[],"[""HOUSE""]",['33'],"[""DEPLOYMENT UNKNOWN"", ""NOT APPLICABLE""]","[""TEST NOT OFFERED""]","[""CHICAGO""]","[""2025-10-10T03:57:00.000""]","[""DISREGARDED CONTROL DEVICES"", ""NONE""]","[""NOT OBSCURED"", ""UNKNOWN""]","[""D""]","[""IL""]","[""NONE""]",[],"[""O2167195"", ""O2167196""]","[""DRIVER""]","[""NORMAL"", ""UNKNOWN""]","[""SAFETY BELT USED"", ""USAGE UNKNOWN""]","[""M"", ""X""]","[""IL""]","[""2065863"", ""2065864""]","[""60651""]",[],[],[],[],[],[],2025,10,3,10,False,night,41.88,-87.7,41.88_-87.7,33.0,33,33,OTHER,0
STRAIGHT AND LEVEL,623,2025-10-10 03:48:00,6,3,10,6E5AF1571EDF3993DD87D971EB794D69C292635FFED8AAC8793CA30C425F9A57BA967A606BEDB6090765DAFA8158D721F94D149BCB0C9D74EC378562AEA45474,NO INJURY / DRIVE AWAY,"OVER $1,500",NO CONTROLS,SIDESWIPE SAME DIRECTION,41.7571611182,DARKNESS,-87.6329893753,2,30,"OPERATING VEHICLE IN ERRATIC, RECKLESS, CARELESS, NEGLIGENT OR AGGRESSIVE MANNER",NO DEFECTS,DRY,NOT APPLICABLE,S,7530,NO CONTROLS,ONE-WAY,CLEAR,0.0,1.0,0.0,0.0,0.0,1.0,1,2,"[""N"", ""Y""]","[""N""]","[""Y""]","[""2025-10-10T03:48:00.000""]","[""2167193"", ""2167194""]","[""FRONT-RIGHT-CORNER"", ""SIDE-LEFT""]","[""IL""]","[""DODGE"", ""FORD""]","[""OTHER"", ""STRAIGHT AHEAD""]","[""DURANGO"", ""EXPLORER""]","[""1"", ""2""]","[""S"", ""UNKNOWN""]","[""1"", ""2""]","[""DRIVER""]","[""NONE"", ""UNKNOWN""]","[""2065861"", ""2065862""]","[""SPORT UTILITY VEHICLE (SUV)""]","[""POLICE"", ""UNKNOWN/NA""]","[""2021""]","[""N""]",[],"[""Y""]",[],[],[],[],"[""Y""]","[""Y""]",[],"[""1""]",[],[],[],[],[],"['25', '38']","[""DEPLOYMENT UNKNOWN"", ""DID NOT DEPLOY"", ""NOT APPLICABLE""]","[""TEST NOT OFFERED""]","[""CHICAGO""]","[""2025-10-10T03:48:00.000""]","[""NONE"", ""OTHER""]","[""NOT OBSCURED"", ""UNKNOWN""]","[""D""]","[""IL""]","[""NONE""]",[],"[""O2167193"", ""O2167194"", ""P478203""]","[""DRIVER"", ""PASSENGER""]","[""NORMAL"", ""UNKNOWN""]","[""SAFETY BELT USED"", ""USAGE UNKNOWN""]","[""F"", ""M""]","[""IL""]","[""2065861"", ""2065862""]","[""60620"", ""60653""]",[],"[""3""]",[],[],[],[],2025,10,3,10,False,night,41.76,-87.63,41.76_-87.63,31.5,25,38,OTHER,0