alignment,beat_of_occurrence,crash_date,crash_day_of_week,crash_hour,crash_month,crash_record_id,crash_type,damage,device_condition,first_crash_type,latitude,lighting_condition,longitude,num_units,posted_speed_limit,prim_contributory_cause,road_defect,roadway_surface_cond,sec_contributory_cause,street_direction,street_no,traffic_control_device,trafficway_type,weather_condition,private_property_i,hit_and_run_i,intersection_related_i,crash_date_est_i,work_zone_i,workers_present_i,veh_count,ppl_count,veh_area_01_i_list_json,veh_area_02_i_list_json,veh_area_12_i_list_json,veh_crash_date_list_json,veh_crash_unit_id_list_json,veh_first_contact_point_list_json,veh_lic_plate_state_list_json,veh_make_list_json,veh_maneuver_list_json,veh_model_list_json,veh_occupant_cnt_list_json,veh_travel_direction_list_json,veh_unit_no_list_json,veh_unit_type_list_json,veh_vehicle_defect_list_json,veh_vehicle_id_list_json,veh_vehicle_type_list_json,veh_vehicle_use_list_json,veh_vehicle_year_list_json,veh_area_03_i_list_json,veh_area_04_i_list_json,veh_area_11_i_list_json,veh_towed_by_list_json,veh_towed_i_list_json,veh_area_07_i_list_json,veh_area_99_i_list_json,veh_area_09_i_list_json,veh_area_10_i_list_json,veh_cmrc_veh_i_list_json,veh_num_passengers_list_json,veh_area_08_i_list_json,veh_area_00_i_list_json,veh_area_05_i_list_json,veh_area_06_i_list_json,veh_towed_to_list_json,ppl_age_list_json,ppl_airbag_deployed_list_json,ppl_bac_result_list_json,ppl_city_list_json,ppl_crash_date_list_json,ppl_driver_action_list_json,ppl_driver_vision_list_json,ppl_drivers_license_class_list_json,ppl_drivers_license_state_list_json,ppl_ejection_list_json,ppl_hospital_list_json,ppl_person_id_list_json,ppl_person_type_list_json,ppl_physical_condition_list_json,ppl_safety_equipment_list_json,ppl_sex_list_json,ppl_state_list_json,ppl_vehicle_id_list_json,ppl_zipcode_list_json,ppl_ems_agency_list_json,ppl_seat_no_list_json,ppl_pedpedal_action_list_json,ppl_pedpedal_location_list_json,ppl_pedpedal_visibility_list_json,ppl_ems_run_no_list_json,year,month,hour,day,is_weekend,hour_bin,lat_bin,lng_bin,grid_id,ppl_age_mean,ppl_age_min,ppl_age_max,prim_contributory_cause_group,ksi_flag
STRAIGHT AND LEVEL,2232,2025-10-10 02:00:00,6,2,10,D91F24A2497E36523E269773ECCD224A4BAF28257495C92AA8D94CDFF8FA08BB95BCDD312CD74D9A522EC24334644911CB2A2D3EE9D891C3154064E2A40C0050,INJURY AND / OR TOW DUE TO CRASH,"OVER $1,500",NO CONTROLS,PARKED MOTOR VEHICLE,41.7097279003,"DARKNESS, LIGHTED ROAD",-87.6464090694,3,30,IMPROPER BACKING,NO DEFECTS,DRY,"OPERATING VEHICLE IN ERRATIC, RECKLESS, CARELESS, NEGLIGENT OR AGGRESSIVE MANNER",S,10125,NO CONTROLS,NOT DIVIDED,CLEAR,0.0,1.0,0.0,0.0,0.0,1.0,2,0,[],[],[],"[""2025-10-10T02:00:00.000""]","[""2167190"", ""2167191"", ""2167192""]","[""FRONT-LEFT-CORNER"", ""REAR-RIGHT-CORNER"", ""SIDE-LEFT""]","[""IL"", ""MO""]","[""CHEVROLET"", ""HONDA"", ""TOYOTA""]","[""BACKING"", ""PARKED""]","[""ACCORD"", ""COROLLA"", ""IMPALA""]","[""0"", ""2""]","[""S"", ""UNKNOWN""]","[""1"", ""2"", ""3""]","[""DRIVER"", ""PARKED""]","[""UNKNOWN""]","[""2065858"", ""2065859"", ""2065860""]","[""PASSENGER""]","[""PERSONAL""]","[""2014"", ""2019"", ""2021""]","[""Y""]","[""Y""]","[""Y""]","[""City of Chicago""]","[""Y""]","[""Y""]",[],"[""Y""]","[""Y""]",[],"[""1""]","[""Y""]",[],"[""Y""]","[""Y""]","[""Pound 2""]",[],"[""DID NOT DEPLOY""]","[""TEST NOT OFFERED""]",[],"[""2025-10-10T02:00:00.000""]","[""IMPROPER BACKING""]","[""UNKNOWN""]",[],[],"[""NONE""]",[],"[""O2167190"", ""P478202""]","[""DRIVER"", ""PASSENGER""]","[""UNKNOWN""]","[""USAGE UNKNOWN""]","[""M""]","[""IL""]","[""2065858""]",[],[],"[""3""]",[],[],[],[],2025,10,2,10,False,night,41.71,-87.65,41.71_-87.65,0.0,0,0,OTHER,0
STRAIGHT AND LEVEL,412,2025-10-10 00:49:00,6,0,10,4904574942D182949F58045B5A09AA9C8C19033DDB0973F6AF49D68255ADA3237CDB99AF72DBD0E0F540B57A5C8B35952FE1D51D98D0FB4318561E48B04AFAFD,NO INJURY / DRIVE AWAY,$500 OR LESS,NO CONTROLS,REAR END,41.8736407663,"DARKNESS, LIGHTED ROAD",-87.6723897727,2,10,"OPERATING VEHICLE IN ERRATIC, RECKLESS, CARELESS, NEGLIGENT OR AGGRESSIVE MANNER",NO DEFECTS,DRY,"OPERATING VEHICLE IN ERRATIC, RECKLESS, CARELESS, NEGLIGENT OR AGGRESSIVE MANNER",S,8800,NO CONTROLS,OTHER,CLEAR,0.0,0.0,0.0,0.0,0.0,1.0,1,4,[],[],"[""Y""]","[""2025-10-10T00:49:00.000""]","[""2167184"", ""2167185""]","[""FRONT"", ""REAR""]","[""IL""]","[""FORD"", ""HYUNDAI""]","[""STRAIGHT AHEAD""]","[""EXPLORER"", ""SONATA""]","[""2""]","[""S""]","[""1"", ""2""]","[""DRIVER""]","[""NONE""]","[""2065852"", ""2065854""]","[""PASSENGER""]","[""PERSONAL"", ""POLICE""]","[""2013"", ""2025""]",[],[],[],[],"[""N""]",[],[],[],[],[],"[""1""]",[],[],[],"[""Y""]",[],"['23', '25', '26', '29']","[""DID NOT DEPLOY""]","[""TEST NOT OFFERED""]","[""CHICAGO""]","[""2025-10-10T00:49:00.000""]","[""EVADING POLICE VEHICLE"", ""NONE""]","[""NOT OBSCURED"", ""UNKNOWN""]","[""D"", ""DM""]","[""IL""]","[""NONE""]",[],"[""O2167184"", ""O2167185"", ""P478198"", ""P478200""]","[""DRIVER"", ""PASSENGER""]","[""NORMAL"", ""UNKNOWN""]","[""SAFETY BELT NOT USED"", ""USAGE UNKNOWN""]","[""M""]","[""IL""]","[""2065852"", ""2065854""]","[""60620"", ""60628"", ""60653""]",[],"[""3""]",[],[],[],[],2025,10,0,10,False,afternoon,41.87,-87.67,NAN_NAN,25.75,23,29,OTHER,0
STRAIGHT AND LEVEL,622,2025-10-10 00:15:00,6,0,10,27A367DB84EB8C5207BC98E9ED351C783234F61462C9605EFB4E6489C025E5C561F9A9F8992D9B941E7EB29037517F78436D5FF61A732EF0ACBA56FBA6D12111,INJURY AND / OR TOW DUE TO CRASH,"OVER $1,500",FUNCTIONING PROPERLY,OTHER OBJECT,41.7437362162,DAWN,-87.6261952967,2,30,FAILING TO REDUCE SPEED TO AVOID CRASH,WORN SURFACE,DRY,NOT APPLICABLE,W,44,TRAFFIC SIGNAL,FOUR WAY,CLEAR,1.0,0.0,1.0,0.0,0.0,1.0,2,2,"[""Y""]",[],"[""Y""]","[""2025-10-10T00:15:00.000""]","[""2167178"", ""2167179""]","[""FRONT""]","[""IL""]","[""NISSAN""]","[""STRAIGHT AHEAD""]","[""ALTIMA""]","[""1""]","[""E""]","[""1"", ""2""]","[""DRIVER"", ""NON-MOTOR VEHICLE""]","[""UNKNOWN""]","[""2065849""]","[""PASSENGER""]","[""PERSONAL""]","[""2010""]",[],[],"[""Y""]","[""PRIVATE TOW""]","[""Y""]",[],[],[],[],[],[],[],[],[],[],[],"['26', '74']","[""DEPLOYED, FRONT"", ""NOT APPLICABLE""]","[""TEST NOT OFFERED""]","[""CHICAGO""]","[""2025-10-10T00:15:00.000""]","[""OTHER""]","[""UNKNOWN""]","[""D""]","[""IL""]","[""NONE""]",[],"[""O2167178"", ""O2167179""]","[""DRIVER"", ""NON-MOTOR VEHICLE""]","[""FATIGUED/ASLEEP""]","[""NONE PRESENT"", ""USAGE UNKNOWN""]","[""F"", ""M""]","[""IL""]","[""2065849""]","[""60620""]",[],[],[],[],"[""NO CONTRASTING CLOTHING""]",[],2025,10,0,10,False,afternoon,41.74,-87.63,41.74_-87.63,50.0,26,74,SPEEDING,1
STRAIGHT AND LEVEL,1924,2025-10-09 23:55:00,5,23,10,6F48E55FA8DC952A7DC0D9F2DCE1C7B116963B61D483E26812F9C98133CC7C770558CF651A6BE1BB59F87A0681BA2D2A3DDDDD7688E787A78B8D4030310479A9,NO INJURY / DRIVE AWAY,"OVER $1,500",FUNCTIONING PROPERLY,REAR END,41.9400872776,"DARKNESS, LIGHTED ROAD",-87.6509609305,2,25,UNABLE TO DETERMINE,NO DEFECTS,DRY,UNABLE TO DETERMINE,N,3204,TRAFFIC SIGNAL,DIVIDED - W/MEDIAN (NOT RAISED),CLEAR,0.0,0.0,0.0,0.0,0.0,1.0,1,2,[],[],[],"[""2025-10-09T23:55:00.000""]","[""2172509"", ""2172510""]","[""FRONT"", ""REAR""]","[""IL"", ""MD""]","[""KIA"", ""TOYOTA""]","[""STRAIGHT AHEAD""]","[""CAMRY"", ""OPTIMA / K5""]","[""1"", ""2""]","[""S""]","[""1"", ""2""]","[""DRIVER""]","[""NONE"", ""UNKNOWN""]","[""2070915"", ""2070925""]","[""PASSENGER""]","[""PERSONAL"", ""UNKNOWN/NA""]","[""2022"", ""2025""]",[],[],[],[],[],[],[],[],[],[],"[""1""]",[],"[""Y""]",[],"[""Y""]",[],"['31', '33']","[""DID NOT DEPLOY""]","[""TEST NOT OFFERED""]","[""CHICAGO""]","[""2025-10-09T23:55:00.000""]","[""NONE"", ""UNKNOWN""]","[""NOT OBSCURED"", ""UNKNOWN""]","[""D""]","[""IL""]","[""NONE""]",[],"[""O2172509"", ""O2172510"", ""P479262""]","[""DRIVER"", ""PASSENGER""]","[""NORMAL"", ""UNKNOWN""]","[""SAFETY BELT USED""]","[""M""]","[""IL""]","[""2070915"", ""2070925""]","[""60608"", ""60625""]",[],"[""6""]",[],[],[],[],2025,10,23,9,False,evening,41.94,-87.65,41.94_-87.65,32.0,31,33,OTHER,0
STRAIGHT AND LEVEL,1232,2025-10-09 23:53:00,5,23,10,740C5A41B9D3FBA1E81B4107716B02CDEF149E7D6EC3887C97446B74672ED5923A41F4C402187B1AC4E77C1073408B3C46ABD4FC56E65677E29021708077C37F,INJURY AND / OR TOW DUE TO CRASH,"OVER $1,500",NO CONTROLS,FIXED OBJECT,41.867050842,"DARKNESS, LIGHTED ROAD",-87.6464498748,1,30,FAILING TO REDUCE SPEED TO AVOID CRASH,NO DEFECTS,DRY,"OPERATING VEHICLE IN ERRATIC, RECKLESS, CARELESS, NEGLIGENT OR AGGRESSIVE MANNER",W,733,NO CONTROLS,NOT DIVIDED,CLEAR,0.0,1.0,0.0,0.0,0.0,1.0,1,1,"[""Y""]","[""Y""]","[""Y""]","[""2025-10-09T23:53:00.000""]","[""2167169""]","[""FRONT""]","[""IL""]","[""JEEP""]","[""STRAIGHT AHEAD""]","[""PATRIOT""]","[""2""]","[""E""]","[""1""]","[""DRIVER""]","[""UNKNOWN""]","[""2065839""]","[""PASSENGER""]","[""PERSONAL""]","[""2011""]","[""Y""]",[],"[""Y""]",[],"[""Y""]",[],[],[],"[""Y""]",[],"[""1""]",[],[],[],[],[],['25'],"[""DID NOT DEPLOY""]","[""TEST NOT OFFERED""]","[""CHICAGO""]","[""2025-10-09T23:53:00.000""]","[""OVERCORRECTED""]","[""UNKNOWN""]",[],[],"[""NONE""]",[],"[""O2167169"", ""P478190""]","[""DRIVER"", ""PASSENGER""]","[""UNKNOWN""]","[""USAGE UNKNOWN""]","[""F""]","[""IL""]","[""2065839""]","[""60621""]",[],"[""3""]",[],[],[],[],2025,10,23,9,False,evening,41.87,-87.65,41.87_-87.65,25.0,25,25,SPEEDING,0
STRAIGHT AND LEVEL,132,2025-10-09 23:50:00,5,23,10,FF41ABAB28DC209216CBC54E9F14D86363F336E41569189F7EB546C7C043EE30FBE7D4B23564618441046F4CE9FD6CB3ADA47C9F64E4D65897706316668E28DE,NO INJURY / DRIVE AWAY,"OVER $1,500",FUNCTIONING PROPERLY,ANGLE,41.8641530913,"DARKNESS, LIGHTED ROAD",-87.6186602973,2,45,DISREGARDING TRAFFIC SIGNALS,NO DEFECTS,DRY,NOT APPLICABLE,S,1401,TRAFFIC SIGNAL,T-INTERSECTION,CLEAR,0.0,0.0,1.0,0.0,0.0,1.0,1,2,"[""Y""]",[],"[""Y""]","[""2025-10-09T23:50:00.000""]","[""2167180"", ""2167181""]","[""FRONT-RIGHT-CORNER"", ""REAR-RIGHT-CORNER""]","[""IL""]","[""HONDA"", ""JEEP""]","[""STRAIGHT AHEAD""]","[""ACCORD"", ""LAREDO""]","[""1"", ""3""]","[""E"", ""N""]","[""1"", ""2""]","[""DRIVER""]","[""NONE""]","[""2065848"", ""2065851""]","[""PASSENGER"", ""SPORT UTILITY VEHICLE (SUV)""]","[""PERSONAL""]","[""2023"", ""2024""]",[],[],[],[],[],[],[],[],[],[],"[""2""]",[],[],"[""Y""]","[""Y""]",[],"['21', '29']","[""DID NOT DEPLOY""]","[""TEST NOT OFFERED""]","[""AURORA"", ""CHICAGO""]","[""2025-10-09T23:50:00.000""]","[""DISREGARDED CONTROL DEVICES"", ""NONE""]","[""NOT OBSCURED""]","[""D""]","[""IL""]","[""NONE""]",[],"[""O2167180"", ""O2167181"", ""P478196"", ""P478197""]","[""DRIVER"", ""PASSENGER""]","[""NORMAL""]","[""SAFETY BELT USED""]","[""M""]","[""IL""]","[""2065848"", ""2065851""]","[""60505"", ""60618""]",[],"[""3"", ""6""]",[],[],[],[],2025,10,23,9,False,evening,41.86,-87.62,41.86_-87.62,25.0,21,29,OTHER,0
STRAIGHT AND LEVEL,1923,2025-10-09 23:33:00,5,23,10,16A044A8432C697726D35035BDCAD474D86EC131628D020F7ABDC974B0D46585E4B9030B91B58E50064A9F98B4F558B7BE95A80E1A69F19CFBE8EB719B3576F6,NO INJURY / DRIVE AWAY,"OVER $1,500",NO CONTROLS,REAR END,41.9488526884,DAWN,-87.6595223429,2,25,NOT APPLICABLE,NO DEFECTS,DRY,NOT APPLICABLE,W,1207,NO CONTROLS,NOT DIVIDED,CLEAR,0.0,0.0,0.0,0.0,0.0,1.0,1,2,"[""Y""]",[],"[""Y""]","[""2025-10-09T23:33:00.000""]","[""2167625"", ""2167626""]","[""FRONT"", ""REAR""]","[""IL""]","[""CHEVROLET"", ""LINCOLN""]","[""STRAIGHT AHEAD""]","[""IMPALA"", ""NAUTILUS""]","[""2"", ""3""]","[""E""]","[""1"", ""2""]","[""DRIVER""]","[""NONE""]","[""2066268"", ""2066279""]","[""PASSENGER""]","[""PERSONAL""]","[""2016"", ""2025""]",[],[],"[""Y""]",[],[],"[""Y""]",[],[],[],[],"[""1"", ""2""]",[],[],"[""Y""]","[""Y""]",[],"['27', '62']","[""NOT APPLICABLE""]","[""TEST NOT OFFERED""]","[""CHICAGO"", ""WESTCHESTER""]","[""2025-10-09T23:33:00.000""]","[""NONE"", ""UNKNOWN""]","[""NOT OBSCURED"", ""UNKNOWN""]",[],"[""IL""]","[""NONE""]",[],"[""O2167625"", ""O2167626"", ""P478270"", ""P478272"", ""P478273""]","[""DRIVER"", ""PASSENGER""]","[""NORMAL"", ""UNKNOWN""]","[""USAGE UNKNOWN""]","[""F"", ""M""]","[""IL""]","[""2066268"", ""2066279""]","[""60154"", ""60654""]",[],"[""2"", ""4"", ""5""]",[],[],[],[],2025,10,23,9,False,evening,41.95,-87.66,41.95_-87.66,44.5,27,62,OTHER,0
STRAIGHT AND LEVEL,1232,2025-10-09 23:00:00,5,23,10,C84B6BAF67A2854E8108A748519B03785DB9FB6967D86B56002F41F7EBE97543874D21A342D876F3624EC56B6F6A0A2832016AC7A13433A2FA25E2AE9D684F8C,NO INJURY / DRIVE AWAY,"OVER $1,500",NO CONTROLS,FIXED OBJECT,41.8670382157,UNKNOWN,-87.6473376271,1,30,UNABLE TO DETERMINE,UNKNOWN,UNKNOWN,UNABLE TO DETERMINE,W,809,NO CONTROLS,DIVIDED - W/MEDIAN (NOT RAISED),CLEAR,0.0,0.0,0.0,0.0,0.0,1.0,1,0,[],[],[],"[""2025-10-09T23:00:00.000""]","[""2167297""]","[""UNKNOWN""]","[""XX""]","[""UNKNOWN""]","[""UNKNOWN/NA""]","[""OTHER (EXPLAIN IN NARRATIVE)""]","[""1""]","[""UNKNOWN""]","[""1""]","[""DRIVER""]","[""UNKNOWN""]","[""2065956""]","[""UNKNOWN/NA""]","[""UNKNOWN/NA""]",[],[],[],[],[],[],[],"[""Y""]",[],[],[],[],[],[],[],[],[],[],"[""DEPLOYMENT UNKNOWN""]","[""TEST NOT OFFERED""]",[],"[""2025-10-09T23:00:00.000""]","[""UNKNOWN""]","[""UNKNOWN""]","[""D""]","[""XX""]","[""UNKNOWN""]","[""DNA""]","[""O2167297""]","[""DRIVER""]","[""UNKNOWN""]","[""USAGE UNKNOWN""]","[""X""]",[],"[""2065956""]",[],"[""DNA""]",[],[],[],[],[],2025,10,23,9,False,evening,41.87,-87.65,41.87_-87.65,0.0,0,0,OTHER,0
STRAIGHT AND LEVEL,132,2025-10-09 22:58:00,5,22,10,50166A79EBCE6F985FED3F1A772AFC36D42BA1DDF40398668AE4F1FCE35194E07CE4AB6E9BB1B453E075B478BD53DA982B5A041790099A45431B808EB9C8C71B,NO INJURY / DRIVE AWAY,"OVER $1,500",FUNCTIONING PROPERLY,REAR END,41.8674707758,"DARKNESS, LIGHTED ROAD",-87.6202190599,2,30,FAILING TO REDUCE SPEED TO AVOID CRASH,NO DEFECTS,DRY,NOT APPLICABLE,S,1201,TRAFFIC SIGNAL,DIVIDED - W/MEDIAN BARRIER,CLEAR,0.0,0.0,1.0,0.0,0.0,1.0,1,2,[],[],[],"[""2025-10-09T22:58:00.000""]","[""2167170"", ""2167171""]","[""FRONT"", ""REAR""]","[""IL""]","[""HONDA"", ""VOLVO""]","[""SLOW/STOP IN TRAFFIC""]","[""CR-V"", ""XC90""]","[""1"", ""4""]","[""N""]","[""1"", ""2""]","[""DRIVER""]","[""NONE""]","[""2065840"", ""2065847""]","[""SPORT UTILITY VEHICLE (SUV)""]","[""PERSONAL""]","[""2014"", ""2020""]",[],[],[],[],[],[],[],[],[],[],"[""3""]",[],[],[],"[""Y""]",[],"['29', '66']","[""DID NOT DEPLOY""]","[""TEST NOT OFFERED""]","[""CHICAGO"", ""OTTAWA ONTARIO""]","[""2025-10-09T22:58:00.000""]","[""NONE"", ""OTHER""]","[""NOT OBSCURED""]","[""D"", ""G""]","[""IL"", ""ON""]","[""NONE""]",[],"[""O2167170"", ""O2167171"", ""P478193"", ""P478194"", ""P478195""]","[""DRIVER"", ""PASSENGER""]","[""NORMAL""]","[""SAFETY BELT USED""]","[""F"", ""M""]","[""IL""]","[""2065840"", ""2065847""]","[""60601""]",[],"[""3"", ""4"", ""6""]",[],[],[],[],2025,10,22,9,False,evening,41.87,-87.62,41.87_-87.62,47.5,29,66,SPEEDING,0
STRAIGHT AND LEVEL,614,2025-10-09 22:51:00,5,22,10,72C21D28E41FB922B544BCC7A1C4FA490A81E9174CAF771E37D11CD16DE983D3BB0C52FFA63C326606D7B79E308F5536A121CDDF3FFC39625D132CB5443B79B5,INJURY AND / OR TOW DUE TO CRASH,"OVER $1,500",NO CONTROLS,ANGLE,41.7450027031,"DARKNESS, LIGHTED ROAD",-87.6633664145,2,35,FAILING TO YIELD RIGHT-OF-WAY,NO DEFECTS,DRY,UNABLE TO DETERMINE,W,1600,NO CONTROLS,NOT DIVIDED,CLEAR,0.0,0.0,1.0,0.0,0.0,1.0,1,1,"[""Y""]",[],"[""Y""]","[""2025-10-09T22:51:00.000""]","[""2167182"", ""2167183""]","[""FRONT"", ""SIDE-LEFT""]",[],"[""FORD"", ""TOYOTA""]","[""STRAIGHT AHEAD""]","[""ESCAPE"", ""RAV4""]","[""1"", ""2""]","[""E"", ""S""]","[""1"", ""2""]","[""DRIVER""]","[""UNKNOWN""]","[""2065850"", ""2065853""]","[""PASSENGER"", ""UNKNOWN/NA""]","[""PERSONAL"", ""UNKNOWN/NA""]","[""2012"", ""2013""]",[],[],"[""Y""]","[""by city of chicago""]","[""Y""]","[""Y""]",[],"[""Y""]","[""Y""]",[],"[""1""]","[""Y""]",[],[],[],"[""doty road""]",['34'],"[""DEPLOYED, FRONT"", ""DEPLOYMENT UNKNOWN""]","[""TEST NOT OFFERED""]","[""CHICAGO"", ""DARIEN""]","[""2025-10-09T22:51:00.000""]","[""NONE"", ""OTHER""]","[""NOT OBSCURED"", ""UNKNOWN""]",[],"[""IL""]","[""NONE""]","[""CHRIST HOSPITAL""]","[""O2167182"", ""O2167183"", ""P478199""]","[""DRIVER"", ""PASSENGER""]","[""NORMAL"", ""UNKNOWN""]","[""USAGE UNKNOWN""]","[""M"", ""X""]","[""IL"", ""IN""]","[""2065850"", ""2065853""]","[""60561"", ""60629""]","[""AMB#29""]","[""3""]",[],[],[],[],2025,10,22,9,False,evening,41.75,-87.66,41.75_-87.66,34.0,34,34,FAILURE-TO-YIELD,1
STRAIGHT AND LEVEL,2011,2025-10-09 22:48:00,5,22,10,A5BDCFC9EB366A09356CFB83D67A71426FE9056B91E18A0B0651E40C1A64AF2843B9E8260F819DED5DC25519B774A4C2819B679A084F98853271AF2A6796BBB7,NO INJURY / DRIVE AWAY,"OVER $1,500",NO CONTROLS,REAR END,41.9778157615,UNKNOWN,-87.6892890824,2,30,NOT APPLICABLE,UNKNOWN,UNKNOWN,NOT APPLICABLE,W,2400,NO CONTROLS,UNKNOWN,CLEAR,0.0,0.0,0.0,0.0,0.0,1.0,1,2,"[""Y""]",[],"[""Y""]","[""2025-10-09T22:48:00.000""]","[""2167732"", ""2167733""]","[""FRONT"", ""REAR""]","[""IL""]","[""HONDA"", ""LINCOLN""]","[""STRAIGHT AHEAD""]","[""CR-V"", ""NAVIGATOR""]","[""1""]","[""W""]","[""1"", ""2""]","[""DRIVER""]","[""UNKNOWN""]","[""2066371"", ""2066379""]","[""PASSENGER"", ""UNKNOWN/NA""]","[""PERSONAL"", ""UNKNOWN/NA""]","[""2009"", ""2024""]",[],[],"[""Y""]",[],[],"[""Y""]",[],[],[],[],[],[],[],"[""Y""]","[""Y""]",[],"['35', '37']","[""DEPLOYMENT UNKNOWN""]","[""TEST NOT OFFERED""]","[""CHICAGO"", ""MOUNT PROSPECT""]","[""2025-10-09T22:48:00.000""]","[""UNKNOWN""]","[""UNKNOWN""]","[""D""]","[""IL""]","[""UNKNOWN""]",[],"[""O2167732"", ""O2167733""]","[""DRIVER""]","[""NORMAL"", ""UNKNOWN""]","[""USAGE UNKNOWN""]","[""M""]","[""IL""]","[""2066371"", ""2066379""]","[""60056"", ""60625""]",[],[],[],[],[],[],2025,10,22,9,False,evening,41.98,-87.69,41.98_-87.69,36.0,35,37,OTHER,0
STRAIGHT AND LEVEL,1024,2025-10-09 22:38:00,5,22,10,3287F4EA8660755F25B7AD2C2BCB1A9AB0EC29A7E5F40D65023183E242623C475957DC31C35539E8EB567627424DC957679C4265A28A748DB0B9422635F8B019,NO INJURY / DRIVE AWAY,"$501 - $1,500",NO CONTROLS,SIDESWIPE SAME DIRECTION,41.8494645574,DARKNESS,-87.7053308292,2,30,NOT APPLICABLE,NO DEFECTS,DRY,NOT APPLICABLE,S,2314,NO CONTROLS,NOT DIVIDED,CLEAR,0.0,1.0,0.0,0.0,0.0,1.0,1,1,[],[],[],"[""2025-10-09T22:38:00.000""]","[""2167151"", ""2167152""]","[""FRONT-LEFT-CORNER"", ""UNKNOWN""]","[""IL""]","[""FORD"", ""HYUNDAI""]","[""STRAIGHT AHEAD""]","[""OTHER (EXPLAIN IN NARRATIVE)""]","[""1""]","[""S""]","[""1"", ""2""]","[""DRIVER""]","[""UNKNOWN""]","[""2065820"", ""2065821""]","[""PASSENGER"", ""UNKNOWN/NA""]","[""PERSONAL"", ""UNKNOWN/NA""]","[""2018"", ""2021""]",[],[],"[""Y""]",[],[],[],"[""Y""]",[],[],[],[],[],[],[],[],[],['75'],"[""DEPLOYMENT UNKNOWN"", ""NOT APPLICABLE""]","[""TEST NOT OFFERED""]","[""WILLOWBROOK""]","[""2025-10-09T22:38:00.000""]","[""NONE"", ""UNKNOWN""]","[""NOT OBSCURED"", ""UNKNOWN""]",[],"[""IL""]","[""NONE"", ""UNKNOWN""]",[],"[""O2167151"", ""O2167152""]","[""DRIVER""]","[""NORMAL"", ""UNKNOWN""]","[""SAFETY BELT USED"", ""USAGE UNKNOWN""]","[""M"", ""X""]","[""IL""]","[""2065820"", ""2065821""]","[""60527""]",[],[],[],[],[],[],2025,10,22,9,False,evening,41.85,-87.71,41.85_-87.71,75.0,75,75,OTHER,0
STRAIGHT AND LEVEL,813,2025-10-09 22:30:00,5,22,10,72750F82B41F2E788C37377C792CD232F41996406D198B2BE6ED934F2E1F7599E68B819CDA60D4CEA6A3714D82D524356F9B639682C10D2F27A6A2AC6FC91CF0,NO INJURY / DRIVE AWAY,"OVER $1,500",NO CONTROLS,SIDESWIPE SAME DIRECTION,41.7783353905,"DARKNESS, LIGHTED ROAD",-87.7424364942,2,30,UNABLE TO DETERMINE,NO DEFECTS,DRY,NOT APPLICABLE,S,6300,NO CONTROLS,DIVIDED - W/MEDIAN (NOT RAISED),CLEAR,0.0,0.0,0.0,0.0,0.0,1.0,1,2,[],[],[],"[""2025-10-09T22:30:00.000""]","[""2169386"", ""2169387""]","[""SIDE-LEFT"", ""SIDE-RIGHT""]","[""IL""]","[""FREIGHTLINER CORPORATION"", ""TOYOTA""]","[""CHANGING LANES"", ""STRAIGHT AHEAD""]","[""CAMRY"", ""FREIGHTLINER CORP.""]","[""1""]","[""S""]","[""1"", ""2""]","[""DRIVER""]","[""NONE""]","[""2067931"", ""2067936""]","[""PASSENGER"", ""TRACTOR W/O SEMI-TRAILER""]","[""COMMERCIAL - SINGLE UNIT"", ""PERSONAL""]","[""2012"", ""2021""]",[],[],[],[],[],"[""Y""]","[""Y""]","[""Y""]","[""Y""]",[],[],"[""Y""]",[],[],[],[],"['31', '33']","[""DID NOT DEPLOY""]","[""TEST NOT OFFERED""]","[""CHICAGO RIDGE"", ""STREAMWOOD""]","[""2025-10-09T22:30:00.000""]","[""IMPROPER LANE CHANGE"", ""NONE""]","[""NOT OBSCURED""]",[],"[""IL""]","[""NONE""]",[],"[""O2169386"", ""O2169387""]","[""DRIVER""]","[""NORMAL""]","[""SAFETY BELT USED""]","[""M""]","[""IL""]","[""2067931"", ""2067936""]","[""60107"", ""60415""]",[],[],[],[],[],[],2025,10,22,9,False,evening,41.78,-87.74,41.78_-87.74,32.0,31,33,OTHER,0