alignment,beat_of_occurrence,crash_date,crash_day_of_week,crash_hour,crash_month,crash_record_id,crash_type,damage,device_condition,first_crash_type,latitude,lighting_condition,longitude,num_units,posted_speed_limit,prim_contributory_cause,road_defect,roadway_surface_cond,sec_contributory_cause,street_direction,street_no,traffic_control_device,trafficway_type,weather_condition,private_property_i,hit_and_run_i,intersection_related_i,crash_date_est_i,work_zone_i,workers_present_i,veh_count,ppl_count,veh_area_01_i_list_json,veh_area_02_i_list_json,veh_area_12_i_list_json,veh_crash_date_list_json,veh_crash_unit_id_list_json,veh_first_contact_point_list_json,veh_lic_plate_state_list_json,veh_make_list_json,veh_maneuver_list_json,veh_model_list_json,veh_occupant_cnt_list_json,veh_travel_direction_list_json,veh_unit_no_list_json,veh_unit_type_list_json,veh_vehicle_defect_list_json,veh_vehicle_id_list_json,veh_vehicle_type_list_json,veh_vehicle_use_list_json,veh_vehicle_year_list_json,veh_area_03_i_list_json,veh_area_04_i_list_json,veh_area_11_i_list_json,veh_towed_by_list_json,veh_towed_i_list_json,veh_area_07_i_list_json,veh_area_99_i_list_json,veh_area_09_i_list_json,veh_area_10_i_list_json,veh_cmrc_veh_i_list_json,veh_num_passengers_list_json,veh_area_08_i_list_json,veh_area_00_i_list_json,veh_area_05_i_list_json,veh_area_06_i_list_json,veh_towed_to_list_json,ppl_age_list_json,ppl_airbag_deployed_list_json,ppl_bac_result_list_json,ppl_city_list_json,ppl_crash_date_list_json,ppl_driver_action_list_json,ppl_driver_vision_list_json,ppl_drivers_license_class_list_json,ppl_drivers_license_state_list_json,ppl_ejection_list_json,ppl_hospital_list_json,ppl_person_id_list_json,ppl_person_type_list_json,ppl_physical_condition_list_json,ppl_safety_equipment_list_json,ppl_sex_list_json,ppl_state_list_json,ppl_vehicle_id_list_json,ppl_zipcode_list_json,ppl_ems_agency_list_json,ppl_seat_no_list_json,ppl_pedpedal_action_list_json,ppl_pedpedal_location_list_json,ppl_pedpedal_visibility_list_json,ppl_ems_run_no_list_json,year,month,hour,day,is_weekend,hour_bin,lat_bin,lng_bin,grid_id,ppl_age_mean,ppl_age_min,ppl_age_max,prim_contributory_cause_group,ksi_flag
STRAIGHT AND LEVEL,1232,2025-10-09 22:26:00,5,22,10,E48818E995154874A3FFBB825F664331809CC1A458A6667616F9D37DA3BD025C71BA659000E302FD047C9E5A9BB3DFA3BB93B70112033A834229784F18FEA639,NO INJURY / DRIVE AWAY,"OVER $1,500",FUNCTIONING PROPERLY,SIDESWIPE SAME DIRECTION,41.8767751634,"DARKNESS, LIGHTED ROAD",-87.6476134283,2,30,FOLLOWING TOO CLOSELY,NO DEFECTS,DRY,IMPROPER OVERTAKING/PASSING,W,808,NO CONTROLS,ONE-WAY,CLEAR,0.0,0.0,0.0,0.0,0.0,1.0,1,0,[],[],[],"[""2025-10-09T22:26:00.000""]","[""2167159"", ""2167160""]","[""FRONT-LEFT-CORNER"", ""SIDE-RIGHT-REAR""]","[""IL""]","[""BUICK"", ""TOYOTA""]","[""STRAIGHT AHEAD""]","[""ENCORE"", ""SIENNA""]","[""1""]","[""W""]","[""1"", ""2""]","[""DRIVER""]","[""NONE""]","[""2065826"", ""2065827""]","[""PASSENGER""]","[""PERSONAL"", ""TAXI/FOR HIRE""]","[""2018"", ""2019""]",[],"[""Y""]","[""Y""]",[],[],[],[],"[""Y""]","[""Y""]",[],[],[],[],"[""Y""]",[],[],[],"[""DID NOT DEPLOY""]","[""TEST NOT OFFERED""]",[],"[""2025-10-09T22:26:00.000""]","[""FOLLOWED TOO CLOSELY"", ""NONE""]","[""NOT OBSCURED""]","[""C"", ""D""]","[""IL""]","[""NONE""]",[],"[""O2167159"", ""O2167160""]","[""DRIVER""]","[""NORMAL"", ""UNKNOWN""]","[""SAFETY BELT USED""]","[""F"", ""M""]",[],"[""2065826"", ""2065827""]",[],[],[],[],[],[],[],2025,10,22,9,False,evening,41.88,-87.65,41.88_-87.65,0.0,0,0,FOLLOWING TOO CLOSELY,0
STRAIGHT AND LEVEL,724,2025-10-09 22:20:00,5,22,10,BF04DD8604C9C57A664D5FA5035A0B1FE010AFB8855D661E252673D2B29229C118DF5275D3FA1377503B8F3CF53195D0BBDC32E10502A1C10110154CDC190FB7,NO INJURY / DRIVE AWAY,"OVER $1,500",NO CONTROLS,REAR END,41.777938166,"DARKNESS, LIGHTED ROAD",-87.6519672761,2,35,UNABLE TO DETERMINE,NO DEFECTS,DRY,UNABLE TO DETERMINE,W,1098,NO CONTROLS,NOT DIVIDED,CLEAR,0.0,1.0,0.0,0.0,0.0,1.0,1,1,[],[],"[""Y""]","[""2025-10-09T22:20:00.000""]","[""2167149"", ""2167150""]","[""FRONT"", ""REAR""]","[""FL"", ""IL""]","[""HONDA"", ""JEEP""]","[""STRAIGHT AHEAD""]","[""CHEROKEE"", ""CIVIC""]","[""1"", ""5""]","[""UNKNOWN"", ""W""]","[""1"", ""2""]","[""DRIVER""]","[""NONE"", ""UNKNOWN""]","[""2065819"", ""2065824""]","[""PASSENGER"", ""SPORT UTILITY VEHICLE (SUV)""]","[""TAXI/FOR HIRE"", ""UNKNOWN/NA""]","[""2020""]",[],[],[],[],[],"[""Y""]",[],[],[],[],"[""4""]",[],[],[],"[""Y""]",[],['44'],"[""DEPLOYMENT UNKNOWN"", ""DID NOT DEPLOY"", ""NOT APPLICABLE""]","[""TEST NOT OFFERED""]","[""CHICAGO""]","[""2025-10-09T22:20:00.000""]","[""FAILED TO YIELD"", ""NONE""]","[""NOT OBSCURED"", ""UNKNOWN""]","[""D""]","[""IL""]","[""NONE""]",[],"[""O2167149"", ""O2167150"", ""P478184"", ""P478185"", ""P478186"", ""P478187""]","[""DRIVER"", ""PASSENGER""]","[""NORMAL"", ""UNKNOWN""]","[""SAFETY BELT USED"", ""USAGE UNKNOWN""]","[""M"", ""X""]","[""IL""]","[""2065819"", ""2065824""]","[""60649""]",[],"[""10"", ""11"", ""12"", ""3""]",[],[],[],[],2025,10,22,9,False,evening,41.78,-87.65,41.78_-87.65,44.0,44,44,OTHER,0
STRAIGHT AND LEVEL,834,2025-10-09 22:00:00,5,22,10,0D86480FFFBDC355EE4B7D87178CF8486F95946FDD3E53E55955F35F12846CB90BD6AE8FFFAC3E03280FFDC97021042BED37DD3DBE600A59B7B1E9F1AFA00AD1,NO INJURY / DRIVE AWAY,"OVER $1,500",NO CONTROLS,PARKED MOTOR VEHICLE,41.7458711968,DAYLIGHT,-87.7131594412,2,30,UNABLE TO DETERMINE,NO DEFECTS,DRY,UNABLE TO DETERMINE,W,3625,NO CONTROLS,NOT DIVIDED,CLEAR,0.0,1.0,0.0,0.0,0.0,1.0,2,0,[],[],[],"[""2025-10-09T22:00:00.000""]","[""2167372"", ""2167373""]","[""FRONT-LEFT-CORNER"", ""SIDE-LEFT""]","[""IL""]","[""CADILLAC"", ""JEEP""]","[""PARKED"", ""STRAIGHT AHEAD""]","[""FLEETWOOD"", ""GRAND CHEROKEE""]","[""0"", ""1""]","[""N"", ""S""]","[""1"", ""2""]","[""DRIVER"", ""PARKED""]","[""NONE"", ""UNKNOWN""]","[""2066027"", ""2066031""]","[""PASSENGER"", ""UNKNOWN/NA""]","[""PERSONAL"", ""UNKNOWN/NA""]","[""1985"", ""2021""]",[],[],"[""Y""]",[],[],[],[],"[""Y""]","[""Y""]",[],[],[],[],[],[],[],[],"[""DID NOT DEPLOY""]","[""TEST NOT OFFERED""]",[],"[""2025-10-09T22:00:00.000""]","[""FAILED TO YIELD""]","[""UNKNOWN""]",[],[],"[""NONE""]",[],"[""O2167372""]","[""DRIVER""]","[""NORMAL""]","[""USAGE UNKNOWN""]","[""M""]",[],"[""2066027""]",[],[],[],[],[],[],[],2025,10,22,9,False,evening,41.75,-87.71,41.75_-87.71,0.0,0,0,OTHER,0
STRAIGHT AND LEVEL,831,2025-10-09 21:50:00,5,21,10,3DE1FFFD275C6297B3AB4E83E62A4E206B97A942EE833110FD32625E0A47FF4D89EF9907EB4093DC9FCAE3A91F25044AAC193CD21CA464B80DD330A511802C8B,NO INJURY / DRIVE AWAY,"$501 - $1,500",FUNCTIONING PROPERLY,TURNING,41.7644468993,"DARKNESS, LIGHTED ROAD",-87.6931737199,2,30,UNABLE TO DETERMINE,NO DEFECTS,DRY,NOT APPLICABLE,S,7100,TRAFFIC SIGNAL,DIVIDED - W/MEDIAN (NOT RAISED),CLEAR,0.0,0.0,0.0,0.0,0.0,1.0,1,1,[],[],[],"[""2025-10-09T21:50:00.000""]","[""2167147"", ""2167148""]","[""FRONT-LEFT-CORNER"", ""REAR-RIGHT-CORNER""]","[""IL""]","[""HONDA"", ""VOLVO""]","[""TURNING RIGHT""]","[""CIVIC"", ""XC90""]","[""1""]","[""S""]","[""1"", ""2""]","[""DRIVER""]","[""NONE""]","[""2065813"", ""2065816""]","[""PASSENGER""]","[""PERSONAL""]","[""2005"", ""2023""]",[],[],"[""Y""]",[],[],[],[],[],[],[],[],[],"[""Y""]","[""N""]",[],[],['19'],"[""DID NOT DEPLOY""]","[""TEST NOT OFFERED""]","[""CHICAGO""]","[""2025-10-09T21:50:00.000""]","[""FAILED TO YIELD"", ""NONE""]","[""NOT OBSCURED""]",[],"[""CA"", ""IL""]","[""NONE""]",[],"[""O2167147"", ""O2167148""]","[""DRIVER""]","[""NORMAL""]","[""SAFETY BELT USED""]","[""F"", ""M""]","[""IL""]","[""2065813"", ""2065816""]","[""60620"", ""60623""]",[],[],[],[],[],[],2025,10,21,9,False,evening,41.76,-87.69,41.76_-87.69,19.0,19,19,OTHER,0
STRAIGHT AND LEVEL,623,2025-10-09 21:37:00,5,21,10,69BE0D9E06D00E9751A63E8FC9A1CFCE4CF061BFB865B3C86E2DDF35124A66D61733D11094F4A1AE0F4A265CC64C634FB3D0AD3488FA8F2111E132F4F54137D3,NO INJURY / DRIVE AWAY,"OVER $1,500",NO CONTROLS,PARKED MOTOR VEHICLE,41.7580961025,"DARKNESS, LIGHTED ROAD",-87.6242081331,2,15,UNABLE TO DETERMINE,UNKNOWN,DRY,NOT APPLICABLE,E,11,NO CONTROLS,PARKING LOT,CLEAR,0.0,1.0,0.0,0.0,0.0,1.0,2,0,[],[],"[""Y""]","[""2025-10-09T21:37:00.000""]","[""2167130"", ""2167131""]","[""FRONT-LEFT-CORNER"", ""SIDE-LEFT-REAR""]","[""IL"", ""OH""]","[""FORD"", ""MITSUBISHI""]","[""PARKED"", ""STRAIGHT AHEAD""]","[""ECLIPSE"", ""EXPLORER""]","[""0"", ""1""]","[""N"", ""W""]","[""1"", ""2""]","[""DRIVER"", ""PARKED""]","[""UNKNOWN""]","[""2065798"", ""2065801""]","[""PASSENGER""]","[""PERSONAL"", ""POLICE""]","[""2018"", ""2024""]",[],[],"[""Y""]",[],[],[],[],"[""Y""]","[""N""]",[],[],"[""Y""]",[],[],[],[],[],"[""DEPLOYMENT UNKNOWN""]","[""TEST NOT OFFERED""]",[],"[""2025-10-09T21:37:00.000""]","[""EVADING POLICE VEHICLE""]","[""UNKNOWN""]",[],[],"[""NONE""]",[],"[""O2167130""]","[""DRIVER""]","[""UNKNOWN""]","[""USAGE UNKNOWN""]","[""M""]",[],"[""2065798""]",[],[],[],[],[],[],[],2025,10,21,9,False,evening,41.76,-87.62,41.76_-87.62,0.0,0,0,OTHER,0
STRAIGHT AND LEVEL,1722,2025-10-09 21:35:00,5,21,10,B94300265FDE66D961784AC6CEE875213122C4C238106BAEBDBD75998B4A9D45B88AAE855E62FA290D1F5F9B746F6EF66C6C56241AD091C45731FB2FC70F2A2F,NO INJURY / DRIVE AWAY,"OVER $1,500",FUNCTIONING PROPERLY,TURNING,41.9537416769,"DARKNESS, LIGHTED ROAD",-87.7293429762,2,30,FAILING TO REDUCE SPEED TO AVOID CRASH,NO DEFECTS,DRY,UNABLE TO DETERMINE,W,4102,TRAFFIC SIGNAL,DIVIDED - W/MEDIAN (NOT RAISED),CLEAR,0.0,0.0,1.0,0.0,0.0,1.0,1,3,"[""Y""]",[],"[""Y""]","[""2025-10-09T21:35:00.000""]","[""2167128"", ""2167129""]","[""FRONT"", ""SIDE-LEFT""]","[""IL""]","[""SUBARU"", ""TOYOTA""]","[""STRAIGHT AHEAD"", ""TURNING LEFT""]","[""FORESTER"", ""PRIUS""]","[""1"", ""2""]","[""NW"", ""W""]","[""1"", ""2""]","[""DRIVER""]","[""UNKNOWN""]","[""2065793"", ""2065797""]","[""PASSENGER""]","[""PERSONAL""]","[""2014"", ""2016""]",[],[],"[""Y""]",[],[],"[""Y""]",[],"[""Y""]","[""Y""]",[],"[""1""]","[""Y""]",[],[],[],[],"['20', '61', '63']","[""DID NOT DEPLOY""]","[""TEST NOT OFFERED""]","[""CHICAGO"", ""SKOKIE""]","[""2025-10-09T21:35:00.000""]","[""FAILED TO YIELD"", ""NONE""]","[""NOT OBSCURED""]","[""D""]","[""IL""]","[""NONE""]",[],"[""O2167128"", ""O2167129"", ""P478174""]","[""DRIVER"", ""PASSENGER""]","[""NORMAL""]","[""USAGE UNKNOWN""]","[""F"", ""M""]","[""IL""]","[""2065793"", ""2065797""]","[""60076"", ""60634""]",[],"[""3""]",[],[],[],[],2025,10,21,9,False,evening,41.95,-87.73,41.95_-87.73,48.0,20,63,SPEEDING,0
STRAIGHT AND LEVEL,2534,2025-10-09 21:30:00,5,21,10,B1C3F76C28F65B8321356FEDBF2A0C5EFE5FEBB4E7EFEFC6E110141EC8851D8DEA9BC0B289C2BA246743D8695CC47399934FE42A2245AA3BCAB5B7DC39C456C3,INJURY AND / OR TOW DUE TO CRASH,"OVER $1,500",NO CONTROLS,ANGLE,41.9051911492,"DARKNESS, LIGHTED ROAD",-87.7314187012,2,20,FAILING TO YIELD RIGHT-OF-WAY,NO DEFECTS,DRY,IMPROPER OVERTAKING/PASSING,W,4201,TRAFFIC SIGNAL,ONE-WAY,CLEAR,0.0,1.0,1.0,0.0,0.0,1.0,1,2,"[""Y""]",[],"[""Y""]","[""2025-10-09T21:30:00.000""]","[""2167174"", ""2167175""]","[""FRONT"", ""REAR-LEFT-CORNER""]","[""IL""]","[""CHEVROLET"", ""HONDA""]","[""PASSING/OVERTAKING"", ""STRAIGHT AHEAD""]","[""ACCORD"", ""EQUINOX""]","[""2""]","[""E"", ""S""]","[""1"", ""2""]","[""DRIVER""]","[""NONE""]","[""2065841"", ""2065842""]","[""PASSENGER""]","[""PERSONAL"", ""UNKNOWN/NA""]","[""2002"", ""2018""]",[],[],"[""Y""]","[""FIVE STAR TOWING""]","[""Y""]","[""Y""]",[],[],[],[],"[""1""]","[""Y""]",[],[],[],"[""3907-11 W LAKE STREET""]","['32', '34']","[""DEPLOYMENT UNKNOWN"", ""NOT APPLICABLE""]","[""TEST NOT OFFERED""]","[""CHICAGO""]","[""2025-10-09T21:30:00.000""]","[""FAILED TO YIELD"", ""NONE""]","[""NOT OBSCURED"", ""UNKNOWN""]","[""D""]","[""IL""]","[""NONE"", ""UNKNOWN""]",[],"[""O2167174"", ""O2167175"", ""P478191"", ""P478192""]","[""DRIVER"", ""PASSENGER""]","[""NORMAL"", ""UNKNOWN""]","[""SAFETY BELT USED"", ""USAGE UNKNOWN""]","[""F"", ""M""]","[""IL""]","[""2065841"", ""2065842""]","[""60641"", ""60651""]",[],"[""2""]",[],[],[],[],2025,10,21,9,False,evening,41.91,-87.73,41.91_-87.73,33.0,32,34,FAILURE-TO-YIELD,0
STRAIGHT AND LEVEL,2412,2025-10-09 21:26:00,5,21,10,935AC221590D1994B18F9FA12DB1FA9C3EEA380A91DC9828F2A8B3F9EDB6FB5AAD5078A66CEEAB7FB9C84E6139722F40FB5B4B154B5517F914188E51A212947E,INJURY AND / OR TOW DUE TO CRASH,"OVER $1,500",NO CONTROLS,SIDESWIPE SAME DIRECTION,41.9975596787,"DARKNESS, LIGHTED ROAD",-87.7058798689,2,30,FAILING TO YIELD RIGHT-OF-WAY,NO DEFECTS,DRY,UNABLE TO DETERMINE,W,3034,NO CONTROLS,NOT DIVIDED,CLEAR,0.0,0.0,0.0,0.0,0.0,1.0,1,5,[],[],[],"[""2025-10-09T21:26:00.000""]","[""2167126"", ""2167127""]","[""OTHER"", ""UNKNOWN""]","[""IL""]","[""HONDA"", ""TOYOTA""]","[""STRAIGHT AHEAD""]","[""ODYSSEY"", ""SIENNA""]","[""1"", ""4""]","[""W""]","[""1"", ""2""]","[""DRIVER""]","[""UNKNOWN""]","[""2065794"", ""2065803""]","[""PASSENGER""]","[""PERSONAL""]","[""2013"", ""2019""]",[],[],"[""Y""]",[],[],[],[],"[""Y""]","[""Y""]",[],"[""3""]",[],"[""Y""]",[],[],[],"['3', '31', '45', '5', '8']","[""DID NOT DEPLOY""]","[""TEST NOT OFFERED""]","[""CHICAGO"", ""MACHESNEY PARK""]","[""2025-10-09T21:26:00.000""]","[""UNKNOWN""]","[""NOT OBSCURED""]","[""D""]","[""IL""]","[""NONE"", ""UNKNOWN""]","[""REFUSED""]","[""O2167126"", ""O2167127"", ""P478175"", ""P478176"", ""P478177""]","[""DRIVER"", ""PASSENGER""]","[""NORMAL""]","[""USAGE UNKNOWN""]","[""F"", ""M""]","[""IL""]","[""2065794"", ""2065803""]","[""60645"", ""61115""]",[],"[""4"", ""5"", ""6""]",[],[],[],[],2025,10,21,9,False,evening,42.0,-87.71,42.0_-87.71,18.4,3,45,FAILURE-TO-YIELD,1
STRAIGHT AND LEVEL,2031,2025-10-09 21:24:00,5,21,10,F79E94EEEE24A4F7B9BD809DA0945CD9D8AAD7E300774BFAAA6BE63BC1BEB62DE4646BF7951C21DCF82A0ADC7DB2E7A189E2E7F3DCDD940173A77486AD41F9B8,NO INJURY / DRIVE AWAY,"OVER $1,500",FUNCTIONING PROPERLY,PEDALCYCLIST,41.96872478,DUSK,-87.6888910972,2,30,UNABLE TO DETERMINE,NO DEFECTS,DRY,UNABLE TO DETERMINE,W,2398,TRAFFIC SIGNAL,NOT DIVIDED,CLEAR,0.0,0.0,1.0,0.0,0.0,1.0,2,2,[],[],[],"[""2025-10-09T21:24:00.000""]","[""2167124"", ""2167125""]","[""REAR""]","[""IL""]","[""NEW FLYER""]","[""STRAIGHT AHEAD""]","[""OTHER (EXPLAIN IN NARRATIVE)""]","[""1""]","[""E""]","[""1"", ""2""]","[""BICYCLE"", ""DRIVER""]","[""NONE""]","[""2065795""]","[""BUS OVER 15 PASS.""]","[""CTA""]","[""2008""]",[],[],[],[],[],"[""N""]","[""N""]",[],[],"[""Y""]",[],[],"[""Y""]","[""N""]","[""N""]",[],"['42', '48']","[""DID NOT DEPLOY""]","[""TEST NOT OFFERED""]","[""CHICAGO"", ""LOVESPARK""]","[""2025-10-09T21:24:00.000""]","[""UNKNOWN""]","[""NOT OBSCURED""]","[""B""]","[""IL""]","[""NONE""]",[],"[""O2167124"", ""O2167125""]","[""BICYCLE"", ""DRIVER""]","[""NORMAL""]","[""HELMET NOT USED"", ""SAFETY BELT USED""]","[""M""]","[""IL""]","[""2065795""]","[""60625"", ""61111""]",[],[],"[""TURNING RIGHT""]","[""IN ROADWAY""]","[""NO CONTRASTING CLOTHING""]",[],2025,10,21,9,False,evening,41.97,-87.69,41.97_-87.69,45.0,42,48,OTHER,0
STRAIGHT AND LEVEL,2022,2025-10-09 21:24:00,5,21,10,E56B6E1AA896B5C527A96915E6C31F3E6246741025649E6E1BE0C76E5D781CB8CC65959F6BD511EC5B3CF22CA8F811EC0A7B69C87BE439B443E8C5B334B0C8BE,INJURY AND / OR TOW DUE TO CRASH,"$501 - $1,500",NO CONTROLS,OTHER OBJECT,41.9874196072,"DARKNESS, LIGHTED ROAD",-87.656880519,2,30,DISREGARDING STOP SIGN,NO DEFECTS,DRY,DISREGARDING STOP SIGN,N,5800,STOP SIGN/FLASHER,FOUR WAY,CLEAR,0.0,1.0,1.0,0.0,0.0,1.0,1,1,[],[],[],"[""2025-10-09T21:24:00.000""]","[""2167136"", ""2167137""]","[""FRONT-LEFT-CORNER"", ""FRONT-RIGHT-CORNER""]","[""IL""]","[""UNKNOWN""]","[""STRAIGHT AHEAD""]","[""OTHER (EXPLAIN IN NARRATIVE)""]","[""1""]","[""E"", ""S""]","[""1"", ""2""]","[""DRIVER""]","[""NONE"", ""UNKNOWN""]","[""2066109"", ""2066113""]","[""OTHER""]","[""PERSONAL""]",[],[],[],"[""Y""]",[],[],[],[],[],[],[],[],[],[],[],[],[],['33'],"[""DEPLOYMENT UNKNOWN"", ""NOT APPLICABLE""]","[""TEST NOT OFFERED""]","[""CHICAGO""]","[""2025-10-09T21:24:00.000""]","[""FAILED TO YIELD"", ""NONE""]","[""NOT OBSCURED"", ""UNKNOWN""]","[""D""]","[""IL""]","[""NONE""]",[],"[""O2167136"", ""O2167137""]","[""DRIVER""]","[""OTHER"", ""UNKNOWN""]","[""USAGE UNKNOWN""]","[""M""]","[""IL""]","[""2066109"", ""2066113""]","[""60660""]",[],[],[],[],[],[],2025,10,21,9,False,evening,41.99,-87.66,41.99_-87.66,33.0,33,33,OTHER,1
STRAIGHT AND LEVEL,1235,2025-10-09 21:16:00,5,21,10,D586D3B63126CA3C78EE72BFC269888C6798DAFE9C2C2D9B4FB96BCDF4BBFB8B8EA5FB80504F4B5BE4E1645DC8C879E40EF7AD99915D691D5752171487B90730,NO INJURY / DRIVE AWAY,"OVER $1,500",NO CONTROLS,TURNING,41.8576870143,"DARKNESS, LIGHTED ROAD",-87.6387896262,2,25,IMPROPER OVERTAKING/PASSING,UNKNOWN,DRY,NOT APPLICABLE,S,1799,TRAFFIC SIGNAL,NOT DIVIDED,CLEAR,0.0,0.0,0.0,0.0,0.0,1.0,1,1,[],[],[],"[""2025-10-09T21:16:00.000""]","[""2167794"", ""2167795""]","[""FRONT-LEFT-CORNER"", ""SIDE-LEFT""]","[""IL""]","[""TOYOTA"", ""VOLKSWAGEN""]","[""TURNING RIGHT""]","[""ATLAS"", ""COROLLA""]","[""1""]","[""SW"", ""W""]","[""1"", ""2""]","[""DRIVER""]","[""UNKNOWN""]","[""2066434"", ""2066435""]","[""PASSENGER""]","[""UNKNOWN/NA""]","[""2004"", ""2021""]",[],[],"[""Y""]",[],[],[],[],[],"[""Y""]",[],[],[],[],[],[],[],['31'],"[""DEPLOYMENT UNKNOWN"", ""DID NOT DEPLOY""]","[""TEST NOT OFFERED""]","[""CHICAGO""]","[""2025-10-09T21:16:00.000""]","[""IMPROPER PASSING"", ""NONE""]","[""UNKNOWN""]","[""D""]","[""IL""]","[""NONE""]",[],"[""O2167794"", ""O2167795""]","[""DRIVER""]","[""UNKNOWN""]","[""SAFETY BELT USED"", ""USAGE UNKNOWN""]","[""F"", ""M""]","[""IL""]","[""2066434"", ""2066435""]","[""60644""]",[],[],[],[],[],[],2025,10,21,9,False,evening,41.86,-87.64,41.86_-87.64,31.0,31,31,OTHER,0
STRAIGHT AND LEVEL,411,2025-10-09 21:15:00,5,21,10,CF4341409F05A1CF8DDC98DEF6EEDF773BF850FD05B65001382E0E23C5C053F37D0F6FC2927D244B1FB2A5BD0F4735DFC058F3552030E2EAD40E58B13CA3A2A0,NO INJURY / DRIVE AWAY,"$501 - $1,500",NO CONTROLS,SIDESWIPE SAME DIRECTION,41.756894455,DUSK,-87.59286789,2,30,IMPROPER LANE USAGE,NO DEFECTS,DRY,UNABLE TO DETERMINE,S,7601,NO CONTROLS,NOT DIVIDED,CLEAR,0.0,1.0,0.0,0.0,0.0,1.0,1,1,[],[],[],"[""2025-10-09T21:15:00.000""]","[""2167157"", ""2167158""]","[""REAR""]","[""IL""]","[""FORD"", ""TOYOTA""]","[""STRAIGHT AHEAD""]","[""CAMRY"", ""OTHER (EXPLAIN IN NARRATIVE)""]","[""1""]","[""N""]","[""1"", ""2""]","[""DRIVER""]","[""NONE""]","[""2065829"", ""2065833""]","[""PASSENGER""]","[""PERSONAL""]","[""2011"", ""2012""]",[],[],[],[],[],"[""Y""]",[],[],[],[],[],[],[],"[""Y""]","[""Y""]",[],['73'],"[""DEPLOYMENT UNKNOWN"", ""NOT APPLICABLE""]","[""TEST NOT OFFERED""]","[""CHICAGO""]","[""2025-10-09T21:15:00.000""]","[""NONE""]","[""NOT OBSCURED"", ""UNKNOWN""]",[],[],"[""NONE"", ""UNKNOWN""]",[],"[""O2167157"", ""O2167158""]","[""DRIVER""]","[""NORMAL"", ""UNKNOWN""]","[""NONE PRESENT"", ""USAGE UNKNOWN""]","[""F"", ""M""]","[""IL""]","[""2065829"", ""2065833""]","[""60619""]",[],[],[],[],[],[],2025,10,21,9,False,evening,41.76,-87.59,41.76_-87.59,73.0,73,73,OTHER,0
STRAIGHT AND LEVEL,813,2025-10-09 21:05:00,5,21,10,77D2A6D18B728B38D26D51619A0A91BA6A90DF4E9B3FEC21167853387CF1432B3B8C7A233AA2084F0FCFD110FD1C291B0A2484ECF618F710A7D77B4BD4D0B742,NO INJURY / DRIVE AWAY,"$501 - $1,500",NO CONTROLS,SIDESWIPE SAME DIRECTION,41.7892932123,DARKNESS,-87.7397438927,2,15,IMPROPER OVERTAKING/PASSING,UNKNOWN,DRY,NOT APPLICABLE,S,5702,NO CONTROLS,ONE-WAY,CLEAR,0.0,0.0,0.0,0.0,0.0,1.0,1,3,[],"[""Y""]","[""Y""]","[""2025-10-09T21:05:00.000""]","[""2167134"", ""2167135""]","[""FRONT-LEFT-CORNER"", ""SIDE-RIGHT""]","[""IL""]","[""CHRYSLER"", ""MERCEDES-BENZ""]","[""MERGING"", ""PASSING/OVERTAKING""]","[""ML350"", ""PACIFICA""]","[""1"", ""2""]","[""S""]","[""1"", ""2""]","[""DRIVER""]","[""UNKNOWN""]","[""2065812"", ""2065814""]","[""SPORT UTILITY VEHICLE (SUV)"", ""VAN/MINI-VAN""]","[""COMMERCIAL - SINGLE UNIT"", ""PERSONAL""]","[""2015"", ""2023""]","[""Y""]","[""Y""]","[""Y""]",[],[],[],[],[],[],[],"[""1""]",[],[],"[""Y""]",[],[],"['51', '55', '63']","[""NOT APPLICABLE""]","[""TEST NOT OFFERED""]","[""CHICAGO"", ""DOLTON""]","[""2025-10-09T21:05:00.000""]","[""UNKNOWN""]","[""UNKNOWN""]","[""D""]","[""IL""]","[""NONE""]",[],"[""O2167134"", ""O2167135"", ""P478179""]","[""DRIVER"", ""PASSENGER""]","[""NORMAL""]","[""USAGE UNKNOWN""]","[""F"", ""M""]","[""IL""]","[""2065812"", ""2065814""]","[""60419"", ""60616""]",[],"[""3""]",[],[],[],[],2025,10,21,9,False,evening,41.79,-87.74,41.79_-87.74,56.333333333333336,51,63,OTHER,0
STRAIGHT AND LEVEL,1613,2025-10-09 21:02:00,5,21,10,EBDF986C29B3DBAC65A6BFE83740D333087FBD9D0F973E8B623A9E2981A1DBFFA414BE628A8C85CAFD304F60CE70C55A6F8136656D745777549BDC36117EA060,NO INJURY / DRIVE AWAY,"OVER $1,500",NO CONTROLS,PARKED MOTOR VEHICLE,41.9801639618,"DARKNESS, LIGHTED ROAD",-87.8020799429,2,10,UNABLE TO DETERMINE,NO DEFECTS,DRY,NOT APPLICABLE,W,6954,NO CONTROLS,PARKING LOT,CLEAR,1.0,1.0,0.0,0.0,0.0,1.0,2,0,[],[],[],"[""2025-10-09T21:02:00.000""]","[""2167122"", ""2167123""]","[""REAR-LEFT-CORNER"", ""UNKNOWN""]","[""IL""]","[""CHEVROLET"", ""FORD""]","[""PARKED"", ""UNKNOWN/NA""]","[""MUSTANG"", ""TRUCK""]","[""0"", ""1""]","[""NE"", ""UNKNOWN""]","[""1"", ""2""]","[""DRIVER"", ""DRIVERLESS""]","[""NONE""]","[""2065802"", ""2065806""]","[""PASSENGER"", ""PICKUP""]","[""NOT IN USE"", ""UNKNOWN/NA""]","[""2024"", ""2026""]",[],[],[],[],[],"[""Y""]",[],[],[],[],[],[],[],[],[],[],[],"[""DEPLOYMENT UNKNOWN""]","[""TEST NOT OFFERED""]",[],"[""2025-10-09T21:02:00.000""]","[""IMPROPER BACKING""]","[""UNKNOWN""]",[],[],"[""NONE""]",[],"[""O2167122""]","[""DRIVER""]","[""UNKNOWN""]","[""USAGE UNKNOWN""]","[""M""]",[],"[""2065802""]",[],[],[],[],[],[],[],2025,10,21,9,False,evening,41.98,-87.8,41.98_-87.8,0.0,0,0,OTHER,0