alignment,beat_of_occurrence,crash_date,crash_day_of_week,crash_hour,crash_month,crash_record_id,crash_type,damage,device_condition,first_crash_type,latitude,lighting_condition,longitude,num_units,posted_speed_limit,prim_contributory_cause,road_defect,roadway_surface_cond,sec_contributory_cause,street_direction,street_no,traffic_control_device,trafficway_type,weather_condition,private_property_i,hit_and_run_i,intersection_related_i,crash_date_est_i,work_zone_i,workers_present_i,veh_count,ppl_count,veh_area_01_i_list_json,veh_area_02_i_list_json,veh_area_12_i_list_json,veh_crash_date_list_json,veh_crash_unit_id_list_json,veh_first_contact_point_list_json,veh_lic_plate_state_list_json,veh_make_list_json,veh_maneuver_list_json,veh_model_list_json,veh_occupant_cnt_list_json,veh_travel_direction_list_json,veh_unit_no_list_json,veh_unit_type_list_json,veh_vehicle_defect_list_json,veh_vehicle_id_list_json,veh_vehicle_type_list_json,veh_vehicle_use_list_json,veh_vehicle_year_list_json,veh_area_03_i_list_json,veh_area_04_i_list_json,veh_area_11_i_list_json,veh_towed_by_list_json,veh_towed_i_list_json,veh_area_07_i_list_json,veh_area_99_i_list_json,veh_area_09_i_list_json,veh_area_10_i_list_json,veh_cmrc_veh_i_list_json,veh_num_passengers_list_json,veh_area_08_i_list_json,veh_area_00_i_list_json,veh_area_05_i_list_json,veh_area_06_i_list_json,veh_towed_to_list_json,ppl_age_list_json,ppl_airbag_deployed_list_json,ppl_bac_result_list_json,ppl_city_list_json,ppl_crash_date_list_json,ppl_driver_action_list_json,ppl_driver_vision_list_json,ppl_drivers_license_class_list_json,ppl_drivers_license_state_list_json,ppl_ejection_list_json,ppl_hospital_list_json,ppl_person_id_list_json,ppl_person_type_list_json,ppl_physical_condition_list_json,ppl_safety_equipment_list_json,ppl_sex_list_json,ppl_state_list_json,ppl_vehicle_id_list_json,ppl_zipcode_list_json,ppl_ems_agency_list_json,ppl_seat_no_list_json,ppl_pedpedal_action_list_json,ppl_pedpedal_location_list_json,ppl_pedpedal_visibility_list_json,ppl_ems_run_no_list_json,year,month,hour,day,is_weekend,hour_bin,lat_bin,lng_bin,grid_id,ppl_age_mean,ppl_age_min,ppl_age_max,prim_contributory_cause_group,ksi_flag
STRAIGHT AND LEVEL,1434,2025-10-09 20:45:00,5,20,10,B244E7F42E3B9A8742FE5BB531B00F6FD1E975D93541980AEA456E64C4E1C167E2A36ED5B7B2E8F4760A03C7DA04448BE477595F68BE6603F906CB90DB359E18,NO INJURY / DRIVE AWAY,"OVER $1,500",NO CONTROLS,SIDESWIPE SAME DIRECTION,41.9104330457,"DARKNESS, LIGHTED ROAD",-87.6870781353,2,35,UNABLE TO DETERMINE,UNKNOWN,UNKNOWN,NOT APPLICABLE,W,2356,NO CONTROLS,DIVIDED - W/MEDIAN (NOT RAISED),CLEAR,0.0,1.0,0.0,0.0,0.0,1.0,1,1,[],[],[],"[""2025-10-09T20:45:00.000""]","[""2167779"", ""2167780""]","[""FRONT-LEFT-CORNER"", ""SIDE-LEFT-REAR""]","[""IL""]","[""MERCEDES-BENZ"", ""TOYOTA""]","[""STRAIGHT AHEAD""]","[""OTHER (EXPLAIN IN NARRATIVE)""]","[""1""]","[""E""]","[""1"", ""2""]","[""DRIVER""]","[""UNKNOWN""]","[""2066415"", ""2066416""]","[""SPORT UTILITY VEHICLE (SUV)"", ""UNKNOWN/NA""]","[""PERSONAL"", ""UNKNOWN/NA""]","[""2015"", ""2020""]","[""Y""]","[""Y""]",[],[],[],[],"[""Y""]","[""Y""]","[""Y""]",[],[],"[""Y""]",[],"[""Y""]",[],[],['32'],"[""DEPLOYMENT UNKNOWN"", ""NOT APPLICABLE""]","[""TEST NOT OFFERED""]","[""CHICAGO""]","[""2025-10-09T20:45:00.000""]","[""OTHER"", ""UNKNOWN""]","[""UNKNOWN""]","[""D""]","[""IL""]","[""NONE""]",[],"[""O2167779"", ""O2167780""]","[""DRIVER""]","[""NORMAL"", ""UNKNOWN""]","[""USAGE UNKNOWN""]","[""F""]","[""IL""]","[""2066415"", ""2066416""]","[""60651""]",[],[],[],[],[],[],2025,10,20,9,False,evening,41.91,-87.69,41.91_-87.69,32.0,32,32,OTHER,0
STRAIGHT AND LEVEL,1724,2025-10-09 20:45:00,5,20,10,0CA5AA43C4C0A2EAB3BEAE71A7ADF22695C892428109DDBE289CEC60CCCF46562E6AFD5B6E0EA8FE8D2A820158484243A82A878A92F4D83E1EFDFB2A8107BA13,NO INJURY / DRIVE AWAY,"$501 - $1,500",FUNCTIONING PROPERLY,REAR END,41.9606458833,UNKNOWN,-87.7080815092,2,30,UNABLE TO DETERMINE,UNKNOWN,UNKNOWN,NOT APPLICABLE,N,4343,TRAFFIC SIGNAL,NOT DIVIDED,CLEAR,0.0,0.0,0.0,0.0,0.0,1.0,1,1,[],[],[],"[""2025-10-09T20:45:00.000""]","[""2172045"", ""2172046""]","[""FRONT"", ""REAR""]","[""IL""]","[""TOYOTA""]","[""OTHER"", ""STRAIGHT AHEAD""]","[""OTHER (EXPLAIN IN NARRATIVE)"", ""RAV4""]","[""1""]","[""N""]","[""1"", ""2""]","[""DRIVER""]","[""NONE""]","[""2070467"", ""2070471""]","[""PASSENGER""]","[""PERSONAL""]","[""2015"", ""2021""]",[],[],[],[],[],"[""Y""]",[],[],[],[],[],[],"[""Y""]","[""Y""]","[""Y""]",[],['34'],"[""DEPLOYMENT UNKNOWN"", ""NOT APPLICABLE""]","[""TEST NOT OFFERED""]","[""CHICAGO""]","[""2025-10-09T20:45:00.000""]","[""UNKNOWN""]","[""UNKNOWN""]","[""D""]","[""IL""]","[""NONE""]",[],"[""O2172045"", ""O2172046""]","[""DRIVER""]","[""UNKNOWN""]","[""SAFETY BELT USED"", ""USAGE UNKNOWN""]","[""F""]","[""IL""]","[""2070467"", ""2070471""]","[""60625""]",[],[],[],[],[],[],2025,10,20,9,False,evening,41.96,-87.71,41.96_-87.71,34.0,34,34,OTHER,0
STRAIGHT AND LEVEL,2521,2025-10-09 20:35:00,5,20,10,0F0A77E29AD0675E3EB9A529A99D36A386D0C79222E5FE9C2F6B0AA1EBE782D78AA36B04D982B1296A42116E9F04816418F4BE06AA4D010682D61A0EBD6A9D34,INJURY AND / OR TOW DUE TO CRASH,"$501 - $1,500",NO CONTROLS,PARKED MOTOR VEHICLE,41.938580133,"DARKNESS, LIGHTED ROAD",-87.7457530222,2,30,UNABLE TO DETERMINE,NO DEFECTS,DRY,UNABLE TO DETERMINE,N,3152,NO CONTROLS,ONE-WAY,CLEAR,0.0,0.0,0.0,0.0,0.0,1.0,2,1,"[""Y""]",[],[],"[""2025-10-09T20:35:00.000""]","[""2167118"", ""2167119""]","[""SIDE-LEFT-REAR"", ""SIDE-RIGHT-FRONT""]","[""IL""]","[""CHRYSLER"", ""HYUNDAI""]","[""PARKED"", ""UNKNOWN/NA""]","[""200"", ""SONATA""]","[""0"", ""1""]","[""S"", ""UNKNOWN""]","[""1"", ""2""]","[""DRIVER"", ""PARKED""]","[""UNKNOWN""]","[""2065787"", ""2065788""]","[""PASSENGER""]","[""PERSONAL""]","[""2013"", ""2015""]",[],[],[],"[""PRIVATE TOW""]","[""Y""]","[""Y""]",[],[],[],[],[],[],[],[],[],[],['25'],"[""DID NOT DEPLOY""]","[""TEST NOT OFFERED""]","[""CHICAGO""]","[""2025-10-09T20:35:00.000""]","[""UNKNOWN""]","[""UNKNOWN""]","[""A""]","[""IL""]","[""NONE""]",[],"[""O2167118""]","[""DRIVER""]","[""NORMAL""]","[""USAGE UNKNOWN""]","[""M""]","[""IL""]","[""2065787""]","[""60634""]",[],[],[],[],[],[],2025,10,20,9,False,evening,41.94,-87.75,41.94_-87.75,25.0,25,25,OTHER,0
STRAIGHT AND LEVEL,1813,2025-10-09 20:35:00,5,20,10,FB10F76B356ABBEF37FAD11C95E4A5FA68694681784876FF2A98B0D081BB6522106A1368DD42323F6837610FF33ADE2866B36F062ABFABC92C06F4BDBA03F228,INJURY AND / OR TOW DUE TO CRASH,"OVER $1,500",NO CONTROLS,PEDALCYCLIST,41.918139381,"DARKNESS, LIGHTED ROAD",-87.6439645014,2,30,FAILING TO YIELD RIGHT-OF-WAY,UNKNOWN,UNKNOWN,UNABLE TO DETERMINE,W,605,STOP SIGN/FLASHER,FOUR WAY,CLEAR,0.0,0.0,1.0,0.0,0.0,1.0,2,2,"[""Y""]",[],"[""Y""]","[""2025-10-09T20:35:00.000""]","[""2167113"", ""2167114""]","[""FRONT""]","[""IL""]","[""AUDI""]","[""STRAIGHT AHEAD""]","[""Q4""]","[""1""]","[""S""]","[""1"", ""2""]","[""BICYCLE"", ""DRIVER""]","[""UNKNOWN""]","[""2065790""]","[""PASSENGER""]","[""PERSONAL""]","[""2025""]",[],[],"[""Y""]",[],[],[],[],[],[],[],[],[],[],[],[],[],"['29', '75']","[""DEPLOYMENT UNKNOWN""]","[""TEST NOT OFFERED""]","[""CHICAGO""]","[""2025-10-09T20:35:00.000""]","[""FAILED TO YIELD"", ""UNKNOWN""]","[""UNKNOWN""]","[""D""]","[""IL""]","[""TOTALLY EJECTED"", ""UNKNOWN""]",[],"[""O2167113"", ""O2167114""]","[""BICYCLE"", ""DRIVER""]","[""UNKNOWN""]","[""BICYCLE HELMET (PEDACYCLIST INVOLVED ONLY)"", ""SAFETY BELT USED""]","[""F""]","[""IL""]","[""2065790""]","[""60610"", ""60614""]","[""CFD""]",[],"[""AGAINST TRAFFIC""]","[""IN ROADWAY""]","[""NO CONTRASTING CLOTHING""]",[],2025,10,20,9,False,evening,41.92,-87.64,41.92_-87.64,52.0,29,75,FAILURE-TO-YIELD,1
STRAIGHT AND LEVEL,1923,2025-10-09 20:30:00,5,20,10,1AE2C8C3E3D64A0E0EDC3ED43F93BD4A5069E1326E1DBFCFA4A0ED6130F6D1344A1C525E86C6430D240DA13B396A8FE6020065C1032DA4B249C892E9009E3304,NO INJURY / DRIVE AWAY,"OVER $1,500",NO CONTROLS,PARKED MOTOR VEHICLE,41.949784017,UNKNOWN,-87.6521274427,2,30,UNABLE TO DETERMINE,UNKNOWN,DRY,NOT APPLICABLE,N,3722,NO CONTROLS,ONE-WAY,CLEAR,0.0,1.0,0.0,0.0,0.0,1.0,2,0,[],[],[],"[""2025-10-09T20:30:00.000""]","[""2167671"", ""2167672""]","[""UNKNOWN""]","[""IL""]","[""BMW"", ""UNKNOWN""]","[""PARKED"", ""UNKNOWN/NA""]","[""OTHER (EXPLAIN IN NARRATIVE)""]","[""0"", ""1""]","[""UNKNOWN""]","[""1"", ""2""]","[""DRIVER"", ""PARKED""]","[""UNKNOWN""]","[""2066308"", ""2066316""]","[""PASSENGER"", ""UNKNOWN/NA""]","[""PERSONAL"", ""UNKNOWN/NA""]","[""2021""]",[],[],[],[],[],"[""Y""]","[""Y""]",[],[],[],[],[],[],"[""Y""]","[""Y""]",[],[],"[""DEPLOYMENT UNKNOWN""]","[""TEST NOT OFFERED""]",[],"[""2025-10-09T20:30:00.000""]","[""UNKNOWN""]","[""UNKNOWN""]",[],[],"[""NONE""]",[],"[""O2167671""]","[""DRIVER""]","[""UNKNOWN""]","[""USAGE UNKNOWN""]","[""X""]",[],"[""2066308""]",[],[],[],[],[],[],[],2025,10,20,9,False,evening,41.95,-87.65,41.95_-87.65,0.0,0,0,OTHER,0
STRAIGHT AND LEVEL,1924,2025-10-09 20:30:00,5,20,10,1D76CA1C89DFAC6226322BFD0FEFAB2EF7527A815350E83BFC4FCE7BD17009F171F5DF616139C3A1F9F2E0215E1861165B51BD9FF51E10C09BF5E407D0BE20EF,NO INJURY / DRIVE AWAY,"$501 - $1,500",FUNCTIONING IMPROPERLY,SIDESWIPE SAME DIRECTION,41.9399460298,"DARKNESS, LIGHTED ROAD",-87.6590776192,2,30,IMPROPER OVERTAKING/PASSING,NO DEFECTS,DRY,NOT APPLICABLE,W,1200,TRAFFIC SIGNAL,NOT DIVIDED,CLEAR,0.0,0.0,0.0,0.0,0.0,1.0,1,2,[],"[""Y""]",[],"[""2025-10-09T20:30:00.000""]","[""2167242"", ""2167243""]","[""SIDE-LEFT"", ""SIDE-RIGHT""]","[""IL""]","[""DODGE"", ""HONDA""]","[""PASSING/OVERTAKING"", ""SLOW/STOP IN TRAFFIC""]","[""CARAVAN"", ""FIT""]","[""1""]","[""W""]","[""1"", ""2""]","[""DRIVER""]","[""NONE"", ""UNKNOWN""]","[""2065930"", ""2065939""]","[""SPORT UTILITY VEHICLE (SUV)"", ""VAN/MINI-VAN""]","[""PERSONAL"", ""UNKNOWN/NA""]","[""2017"", ""2020""]","[""Y""]",[],"[""Y""]",[],[],[],[],"[""Y""]","[""Y""]",[],[],[],[],[],[],[],"['31', '50']","[""DID NOT DEPLOY""]","[""TEST NOT OFFERED""]","[""CHICAGO""]","[""2025-10-09T20:30:00.000""]","[""IMPROPER PASSING"", ""NONE""]","[""NOT OBSCURED"", ""UNKNOWN""]","[""D""]","[""IL""]","[""NONE""]",[],"[""O2167242"", ""O2167243""]","[""DRIVER""]","[""NORMAL"", ""UNKNOWN""]","[""SAFETY BELT USED"", ""USAGE UNKNOWN""]","[""M""]","[""IL""]","[""2065930"", ""2065939""]","[""60618"", ""60651""]",[],[],[],[],[],[],2025,10,20,9,False,evening,41.94,-87.66,41.94_-87.66,40.5,31,50,OTHER,0
STRAIGHT AND LEVEL,312,2025-10-09 20:26:00,5,20,10,A1D653A4EC4F1CD08D33260C215F6038F5ECE6D20F375975793C1F3A799B5048129083AF34790EED3A578A81E605BB26D1B32D2A0EC5133DEED67F99462CB22D,INJURY AND / OR TOW DUE TO CRASH,"OVER $1,500",FUNCTIONING PROPERLY,PEDESTRIAN,41.7803174705,DARKNESS,-87.6060745584,2,30,UNABLE TO DETERMINE,NO DEFECTS,DRY,NOT APPLICABLE,S,6300,TRAFFIC SIGNAL,NOT DIVIDED,CLEAR,0.0,0.0,0.0,0.0,0.0,1.0,2,1,[],[],"[""Y""]","[""2025-10-09T20:26:00.000""]","[""2167095"", ""2167096""]","[""FRONT-LEFT-CORNER""]","[""WV""]","[""VOLKSWAGEN""]","[""STRAIGHT AHEAD""]","[""JETTA""]","[""1""]","[""S""]","[""1"", ""2""]","[""DRIVER"", ""PEDESTRIAN""]","[""NONE""]","[""2065771""]","[""PASSENGER""]","[""PERSONAL""]","[""2024""]",[],[],"[""Y""]",[],[],[],[],[],"[""Y""]",[],[],[],[],[],[],[],['41'],"[""DID NOT DEPLOY""]","[""TEST NOT OFFERED""]","[""CHICAGO""]","[""2025-10-09T20:26:00.000""]","[""NONE"", ""UNKNOWN""]","[""UNKNOWN""]","[""D""]","[""IL""]","[""NONE""]","[""UNIVERSITY OF CHICAGO""]","[""O2167095"", ""O2167096""]","[""DRIVER"", ""PEDESTRIAN""]","[""NORMAL"", ""UNKNOWN""]","[""NONE PRESENT"", ""USAGE UNKNOWN""]","[""M""]","[""IL""]","[""2065771""]","[""60653""]","[""AMBO 36""]",[],"[""CROSSING - AGAINST SIGNAL""]","[""IN ROADWAY""]","[""NO CONTRASTING CLOTHING""]",[],2025,10,20,9,False,evening,41.78,-87.61,41.78_-87.61,41.0,41,41,OTHER,1
STRAIGHT AND LEVEL,1214,2025-10-09 20:18:00,5,20,10,61B4CB91C3626C1BC77E1F7DF9BA43894CBE40C7BD3C98CB15E7822E79BD748D9FDF6062DA7B4FF98EDCAECB9245626D24CAD0D8A3ECF0DDC334E54F8AE220A6,NO INJURY / DRIVE AWAY,"OVER $1,500",NO CONTROLS,TURNING,41.886087488,"DARKNESS, LIGHTED ROAD",-87.6414635124,2,30,IMPROPER LANE USAGE,NO DEFECTS,DRY,NOT APPLICABLE,N,210,NO CONTROLS,ONE-WAY,CLEAR,0.0,0.0,0.0,0.0,0.0,1.0,1,2,"[""Y""]","[""Y""]",[],"[""2025-10-09T20:18:00.000""]","[""2167099"", ""2167100""]","[""FRONT-RIGHT-CORNER"", ""SIDE-LEFT""]","[""IL""]","[""LEXUS""]","[""STRAIGHT AHEAD"", ""TURNING RIGHT""]","[""LX470"", ""RC""]","[""1""]","[""N""]","[""1"", ""2""]","[""DRIVER""]","[""NONE""]","[""2065772"", ""2065776""]","[""PASSENGER"", ""SPORT UTILITY VEHICLE (SUV)""]","[""PERSONAL""]","[""1998"", ""2017""]",[],[],"[""Y""]",[],[],"[""Y""]","[""Y""]","[""Y""]","[""Y""]",[],[],"[""Y""]",[],[],[],[],"['34', '40']","[""DID NOT DEPLOY""]","[""TEST NOT OFFERED""]","[""CHICAGO"", ""FRANKFORT""]","[""2025-10-09T20:18:00.000""]","[""NONE""]","[""NOT OBSCURED""]","[""D""]","[""IL""]","[""NONE""]",[],"[""O2167099"", ""O2167100""]","[""DRIVER""]","[""NORMAL""]","[""USAGE UNKNOWN""]","[""F"", ""M""]","[""IL""]","[""2065772"", ""2065776""]","[""60423"", ""60661""]",[],[],[],[],[],[],2025,10,20,9,False,evening,41.89,-87.64,41.89_-87.64,37.0,34,40,OTHER,0
STRAIGHT AND LEVEL,2534,2025-10-09 20:18:00,5,20,10,158080F4E26C3C597D3A9867FFAD20C6F178ADAADA69137FDAE6127D903309CF9D8A7AF936DDBC414473D3FAC3BF876D50FAD03665B74412FFB71CD2D83E427A,NO INJURY / DRIVE AWAY,"OVER $1,500",NO CONTROLS,SIDESWIPE SAME DIRECTION,41.9094150415,"DARKNESS, LIGHTED ROAD",-87.7343313328,2,30,IMPROPER OVERTAKING/PASSING,NO DEFECTS,DRY,NOT APPLICABLE,W,4312,NO CONTROLS,DIVIDED - W/MEDIAN (NOT RAISED),CLEAR,0.0,0.0,0.0,0.0,0.0,1.0,1,2,"[""Y""]",[],[],"[""2025-10-09T20:18:00.000""]","[""2167105"", ""2167106""]","[""FRONT-RIGHT-CORNER"", ""REAR-LEFT-CORNER""]","[""IL""]","[""KIA"", ""TOYOTA""]","[""PASSING/OVERTAKING"", ""STRAIGHT AHEAD""]","[""RAV4"", ""SOUL""]","[""1""]","[""W""]","[""1"", ""2""]","[""DRIVER""]","[""NONE""]","[""2065777"", ""2065782""]","[""PASSENGER""]","[""PERSONAL""]","[""2004"", ""2010""]",[],[],[],[],[],"[""Y""]",[],[],[],[],[],[],[],[],[],[],"['20', '69']","[""NOT APPLICABLE""]","[""TEST NOT OFFERED""]","[""CHICAGO""]","[""2025-10-09T20:18:00.000""]","[""NONE""]","[""NOT OBSCURED""]","[""D""]","[""IL""]","[""NONE""]",[],"[""O2167105"", ""O2167106""]","[""DRIVER""]","[""NORMAL""]","[""SAFETY BELT USED""]","[""F""]","[""IL""]","[""2065777"", ""2065782""]","[""60634"", ""60651""]",[],[],[],[],[],[],2025,10,20,9,False,evening,41.91,-87.73,41.91_-87.73,44.5,20,69,OTHER,0
STRAIGHT AND LEVEL,233,2025-10-09 20:18:00,5,20,10,E903A638CD0D6E0EB2F8B27ABDA06C2F142C4A51B9235FEEDC98E30C525781D281C63EB67DFAF7B9B00B5BE8F790A3A9858DF3FDB3A155E4BE3F34BA7FB34761,NO INJURY / DRIVE AWAY,"OVER $1,500",FUNCTIONING PROPERLY,SIDESWIPE SAME DIRECTION,41.7930618931,"DARKNESS, LIGHTED ROAD",-87.6081342269,2,20,DISREGARDING STOP SIGN,NO DEFECTS,DRY,FAILING TO YIELD RIGHT-OF-WAY,S,5600,STOP SIGN/FLASHER,DIVIDED - W/MEDIAN BARRIER,CLEAR,0.0,1.0,1.0,0.0,0.0,1.0,1,1,"[""Y""]",[],[],"[""2025-10-09T20:18:00.000""]","[""2167140"", ""2167141""]","[""FRONT-RIGHT-CORNER""]","[""IL""]","[""INFINITI"", ""UNKNOWN""]","[""MERGING"", ""STRAIGHT AHEAD""]","[""OTHER (EXPLAIN IN NARRATIVE)"", ""QX50""]","[""1""]","[""E""]","[""1"", ""2""]","[""DRIVER""]","[""NONE""]","[""2065810"", ""2065815""]","[""OTHER"", ""PASSENGER""]","[""PERSONAL"", ""UNKNOWN/NA""]","[""2020""]",[],[],"[""Y""]",[],[],[],[],[],[],[],[],[],[],[],[],[],['57'],"[""DEPLOYMENT UNKNOWN"", ""DID NOT DEPLOY""]","[""TEST NOT OFFERED""]","[""CHICAGO""]","[""2025-10-09T20:18:00.000""]","[""FAILED TO YIELD"", ""NONE""]","[""NOT OBSCURED"", ""UNKNOWN""]","[""D""]","[""IL""]","[""NONE""]",[],"[""O2167140"", ""O2167141""]","[""DRIVER""]","[""NORMAL"", ""UNKNOWN""]","[""SAFETY BELT USED"", ""USAGE UNKNOWN""]","[""F"", ""M""]","[""IL""]","[""2065810"", ""2065815""]","[""60615""]",[],[],[],[],[],[],2025,10,20,9,False,evening,41.79,-87.61,41.79_-87.61,57.0,57,57,OTHER,0
STRAIGHT AND LEVEL,1834,2025-10-09 20:05:00,5,20,10,E552E339330F3E682B509269F7871B436A6138EDDBBEAA22E308D7B62A7B72213832B30139C2535A825233514C85E13F7BBF7D5ACD82CA07BAA696C5903EEA27,NO INJURY / DRIVE AWAY,"OVER $1,500",NO CONTROLS,SIDESWIPE SAME DIRECTION,41.8932571853,"DARKNESS, LIGHTED ROAD",-87.62234986,2,30,FAILING TO REDUCE SPEED TO AVOID CRASH,NO DEFECTS,DRY,FAILING TO YIELD RIGHT-OF-WAY,E,211,NO CONTROLS,NOT DIVIDED,CLEAR,0.0,1.0,0.0,0.0,0.0,1.0,1,1,[],"[""Y""]","[""Y""]","[""2025-10-09T20:05:00.000""]","[""2167111"", ""2167112""]","[""FRONT-LEFT-CORNER"", ""SIDE-RIGHT""]","[""IL""]","[""TOYOTA"", ""VOLKSWAGEN""]","[""CHANGING LANES"", ""STRAIGHT AHEAD""]","[""JETTA"", ""SIENNA""]","[""1""]","[""NW"", ""W""]","[""1"", ""2""]","[""DRIVER""]","[""NONE"", ""UNKNOWN""]","[""2065786"", ""2065789""]","[""PASSENGER"", ""VAN/MINI-VAN""]","[""PERSONAL"", ""TAXI/FOR HIRE""]","[""2012"", ""2025""]","[""Y""]","[""Y""]","[""Y""]",[],[],[],[],[],[],[],[],[],[],[],[],[],['46'],"[""DEPLOYMENT UNKNOWN"", ""NOT APPLICABLE""]","[""TEST NOT OFFERED""]","[""OAK LAWN""]","[""2025-10-09T20:05:00.000""]","[""FAILED TO YIELD"", ""NONE""]","[""NOT OBSCURED"", ""UNKNOWN""]","[""A""]","[""IL""]","[""NONE""]",[],"[""O2167111"", ""O2167112""]","[""DRIVER""]","[""NORMAL"", ""UNKNOWN""]","[""SAFETY BELT USED"", ""USAGE UNKNOWN""]","[""F"", ""M""]","[""IL""]","[""2065786"", ""2065789""]","[""60453""]",[],[],[],[],[],[],2025,10,20,9,False,evening,41.89,-87.62,41.89_-87.62,46.0,46,46,SPEEDING,0
STRAIGHT AND LEVEL,1612,2025-10-09 20:00:00,5,20,10,26FEBEF808D86B7ABC6C4ACD5890202E55A8A38AB81943D67EC41AF593C8D912D46BBCA3C1802617E453105ED91A3BECC5FCE8DC92F3B11C1386113F223EB9FF,NO INJURY / DRIVE AWAY,"OVER $1,500",FUNCTIONING PROPERLY,REAR END,41.9828764684,DUSK,-87.8070768414,2,30,FOLLOWING TOO CLOSELY,NO DEFECTS,DRY,UNABLE TO DETERMINE,W,7200,TRAFFIC SIGNAL,NOT DIVIDED,CLEAR,0.0,1.0,0.0,0.0,0.0,1.0,1,0,[],[],"[""Y""]","[""2025-10-09T20:00:00.000""]","[""2167398"", ""2167399""]","[""FRONT"", ""REAR""]","[""IL""]","[""NISSAN"", ""UNKNOWN""]","[""STRAIGHT AHEAD""]","[""OTHER (EXPLAIN IN NARRATIVE)"", ""ROGUE""]","[""1""]","[""S""]","[""1"", ""2""]","[""DRIVER""]","[""NONE""]","[""2066053"", ""2066058""]","[""PASSENGER""]","[""PERSONAL""]","[""2012""]",[],[],[],[],[],[],[],[],[],[],[],[],[],[],"[""Y""]",[],[],"[""DEPLOYMENT UNKNOWN"", ""DID NOT DEPLOY""]","[""TEST NOT OFFERED""]","[""CHICAGO""]","[""2025-10-09T20:00:00.000""]","[""FOLLOWED TOO CLOSELY"", ""NONE""]","[""NOT OBSCURED"", ""UNKNOWN""]","[""D""]","[""IL""]","[""NONE""]",[],"[""O2167398"", ""O2167399""]","[""DRIVER""]","[""NORMAL"", ""UNKNOWN""]","[""USAGE UNKNOWN""]","[""M"", ""X""]","[""IL""]","[""2066053"", ""2066058""]","[""60656""]",[],[],[],[],[],[],2025,10,20,9,False,evening,41.98,-87.81,41.98_-87.81,0.0,0,0,FOLLOWING TOO CLOSELY,0
STRAIGHT AND LEVEL,1113,2025-10-09 19:59:00,5,19,10,0A06E1F22B327CEE6705B2BC0780EECD14DCDD967A48C27F615861A661F54872EDD5D9A7CCEBABD93D95A6D80A28F4362B79C5FA778A116CB6C77136985A5AA6,INJURY AND / OR TOW DUE TO CRASH,"OVER $1,500",NO CONTROLS,REAR END,41.8825796682,"DARKNESS, LIGHTED ROAD",-87.7452105496,2,30,FAILING TO REDUCE SPEED TO AVOID CRASH,UNKNOWN,DRY,NOT APPLICABLE,N,121,NO CONTROLS,NOT DIVIDED,CLEAR,0.0,0.0,0.0,0.0,0.0,1.0,1,3,"[""Y""]","[""Y""]","[""Y""]","[""2025-10-09T19:59:00.000""]","[""2167097"", ""2167098""]","[""FRONT"", ""REAR""]","[""IL""]","[""HONDA"", ""SATURN""]","[""STRAIGHT AHEAD""]","[""ACCORD"", ""ION""]","[""1"", ""2""]","[""S""]","[""1"", ""2""]","[""DRIVER""]","[""OTHER"", ""UNKNOWN""]","[""2065773"", ""2065785""]","[""PASSENGER""]","[""PERSONAL""]","[""2006"", ""2013""]",[],[],"[""Y""]","[""LOCAL TOW TRUCK""]","[""Y""]","[""Y""]",[],[],"[""Y""]",[],"[""1""]",[],[],"[""Y""]","[""Y""]","[""PARKED""]","['32', '33', '41']","[""DEPLOYED, COMBINATION"", ""DEPLOYMENT UNKNOWN"", ""DID NOT DEPLOY""]","[""TEST NOT OFFERED""]","[""JOLIET"", ""LOCKPORT"", ""STREAMWOOD""]","[""2025-10-09T19:59:00.000""]","[""NONE"", ""UNKNOWN""]","[""UNKNOWN""]","[""D""]","[""IL""]","[""NONE"", ""PARTIALLY EJECTED"", ""UNKNOWN""]","[""DECLINED""]","[""O2167097"", ""O2167098"", ""P478173""]","[""DRIVER"", ""PASSENGER""]","[""NORMAL""]","[""USAGE UNKNOWN""]","[""F"", ""M""]","[""IL""]","[""2065773"", ""2065785""]","[""60107"", ""60436"", ""60441""]","[""CFD ENG 1113""]","[""6""]",[],[],[],[],2025,10,19,9,False,evening,41.88,-87.75,41.88_-87.75,35.333333333333336,32,41,SPEEDING,0
STRAIGHT AND LEVEL,2213,2025-10-09 19:59:00,5,19,10,B2BFA35CE881D32F2C27A79F20508724F99B0F0E121AAC1445C5F2E2CA0867B86ED4F63671596D3E9CEC84350EEA5428842AA95FA51700E0AF31C627E9311EFC,NO INJURY / DRIVE AWAY,"OVER $1,500",NO CONTROLS,SIDESWIPE SAME DIRECTION,41.708430711,"DARKNESS, LIGHTED ROAD",-87.6566470242,2,30,FAILING TO YIELD RIGHT-OF-WAY,UNKNOWN,DRY,NOT APPLICABLE,S,10215,NO CONTROLS,NOT DIVIDED,CLEAR,0.0,0.0,0.0,0.0,0.0,1.0,1,0,[],[],[],"[""2025-10-09T19:59:00.000""]","[""2167087"", ""2167088""]","[""FRONT-LEFT-CORNER"", ""SIDE-RIGHT""]",[],"[""FORD"", ""TOYOTA""]","[""STRAIGHT AHEAD""]","[""FUSION"", ""RAV4""]","[""1""]","[""N""]","[""1"", ""2""]","[""DRIVER""]","[""NONE"", ""UNKNOWN""]","[""2065760"", ""2065763""]","[""PASSENGER""]","[""PERSONAL""]",[],[],[],"[""Y""]",[],[],[],[],[],"[""Y""]",[],[],[],[],[],[],[],[],"[""DID NOT DEPLOY""]","[""TEST NOT OFFERED""]",[],"[""2025-10-09T19:59:00.000""]","[""FAILED TO YIELD"", ""NONE""]","[""UNKNOWN""]",[],"[""IL""]","[""NONE""]",[],"[""O2167087"", ""O2167088""]","[""DRIVER""]","[""NORMAL"", ""UNKNOWN""]","[""SAFETY BELT USED""]","[""F"", ""M""]",[],"[""2065760"", ""2065763""]",[],[],[],[],[],[],[],2025,10,19,9,False,evening,41.71,-87.66,41.71_-87.66,0.0,0,0,FAILURE-TO-YIELD,0