alignment,beat_of_occurrence,crash_date,crash_day_of_week,crash_hour,crash_month,crash_record_id,crash_type,damage,device_condition,first_crash_type,latitude,lighting_condition,longitude,num_units,posted_speed_limit,prim_contributory_cause,road_defect,roadway_surface_cond,sec_contributory_cause,street_direction,street_no,traffic_control_device,trafficway_type,weather_condition,private_property_i,hit_and_run_i,intersection_related_i,crash_date_est_i,work_zone_i,workers_present_i,veh_count,ppl_count,veh_area_01_i_list_json,veh_area_02_i_list_json,veh_area_12_i_list_json,veh_crash_date_list_json,veh_crash_unit_id_list_json,veh_first_contact_point_list_json,veh_lic_plate_state_list_json,veh_make_list_json,veh_maneuver_list_json,veh_model_list_json,veh_occupant_cnt_list_json,veh_travel_direction_list_json,veh_unit_no_list_json,veh_unit_type_list_json,veh_vehicle_defect_list_json,veh_vehicle_id_list_json,veh_vehicle_type_list_json,veh_vehicle_use_list_json,veh_vehicle_year_list_json,veh_area_03_i_list_json,veh_area_04_i_list_json,veh_area_11_i_list_json,veh_towed_by_list_json,veh_towed_i_list_json,veh_area_07_i_list_json,veh_area_99_i_list_json,veh_area_09_i_list_json,veh_area_10_i_list_json,veh_cmrc_veh_i_list_json,veh_num_passengers_list_json,veh_area_08_i_list_json,veh_area_00_i_list_json,veh_area_05_i_list_json,veh_area_06_i_list_json,veh_towed_to_list_json,ppl_age_list_json,ppl_airbag_deployed_list_json,ppl_bac_result_list_json,ppl_city_list_json,ppl_crash_date_list_json,ppl_driver_action_list_json,ppl_driver_vision_list_json,ppl_drivers_license_class_list_json,ppl_drivers_license_state_list_json,ppl_ejection_list_json,ppl_hospital_list_json,ppl_person_id_list_json,ppl_person_type_list_json,ppl_physical_condition_list_json,ppl_safety_equipment_list_json,ppl_sex_list_json,ppl_state_list_json,ppl_vehicle_id_list_json,ppl_zipcode_list_json,ppl_ems_agency_list_json,ppl_seat_no_list_json,ppl_pedpedal_action_list_json,ppl_pedpedal_location_list_json,ppl_pedpedal_visibility_list_json,ppl_ems_run_no_list_json,year,month,hour,day,is_weekend,hour_bin,lat_bin,lng_bin,grid_id,ppl_age_mean,ppl_age_min,ppl_age_max,prim_contributory_cause_group,ksi_flag
STRAIGHT AND LEVEL,1034,2025-10-09 19:50:00,5,19,10,21D5D6F981AB7D086185A7D1B8F17855B66CA9B4D7BB10D151D910589177C7DED861B90F523E38E0DBDA7272CC38EBF84955E15E086402FCFD21443CD6EABBA3,NO INJURY / DRIVE AWAY,"OVER $1,500",FUNCTIONING PROPERLY,TURNING,41.8736407663,DAYLIGHT,-87.6723897727,2,30,IMPROPER TURNING/NO SIGNAL,NO DEFECTS,DRY,IMPROPER TURNING/NO SIGNAL,S,3059,TRAFFIC SIGNAL,NOT DIVIDED,CLEAR,0.0,0.0,0.0,0.0,0.0,1.0,1,2,"[""Y""]",[],[],"[""2025-10-09T19:50:00.000""]","[""2167071"", ""2167072""]","[""FRONT-RIGHT-CORNER"", ""SIDE-LEFT""]","[""IL""]","[""CHEVROLET"", ""NISSAN""]","[""STRAIGHT AHEAD"", ""TURNING RIGHT""]","[""OTHER (EXPLAIN IN NARRATIVE)""]","[""1""]","[""W""]","[""1"", ""2""]","[""DRIVER""]","[""NONE""]","[""2065745"", ""2065747""]","[""PASSENGER"", ""PICKUP""]","[""PERSONAL"", ""UNKNOWN/NA""]","[""2013"", ""2018""]",[],[],[],[],[],[],[],"[""Y""]","[""Y""]",[],[],[],[],[],[],[],"['55', '60']","[""DID NOT DEPLOY""]","[""TEST NOT OFFERED""]","[""CHICAGO"", ""CICERO""]","[""2025-10-09T19:50:00.000""]","[""IMPROPER LANE CHANGE"", ""NONE""]","[""NOT OBSCURED""]","[""D""]","[""IL""]","[""NONE""]",[],"[""O2167071"", ""O2167072""]","[""DRIVER""]","[""NORMAL""]","[""SAFETY BELT USED""]","[""M""]","[""IL""]","[""2065745"", ""2065747""]","[""60639"", ""60804""]",[],[],[],[],[],[],2025,10,19,9,False,evening,41.87,-87.67,NAN_NAN,57.5,55,60,OTHER,0
STRAIGHT AND LEVEL,911,2025-10-09 19:45:00,5,19,10,1665630F945E809EBB8FD2C7932B6C2803B6BCA792019C3F7B52DD79665E65C534D79E3B5CA24A4E3E9E48A47FF831A55DD087AB08B0A4EA900004519E865AFB,NO INJURY / DRIVE AWAY,"OVER $1,500",FUNCTIONING PROPERLY,SIDESWIPE SAME DIRECTION,41.832127133,"DARKNESS, LIGHTED ROAD",-87.6950214636,2,20,UNABLE TO DETERMINE,UNKNOWN,DRY,UNABLE TO DETERMINE,S,3400,TRAFFIC SIGNAL,FOUR WAY,CLEAR,0.0,1.0,1.0,0.0,0.0,1.0,1,1,[],"[""Y""]",[],"[""2025-10-09T19:45:00.000""]","[""2167236"", ""2167237""]","[""SIDE-RIGHT-REAR"", ""UNKNOWN""]","[""IL""]","[""HONDA"", ""STOUGHTON TRAILERS, INC.""]","[""UNKNOWN/NA""]","[""OTHER (EXPLAIN IN NARRATIVE)"", ""PILOT""]","[""1""]","[""E""]","[""1"", ""2""]","[""DRIVER""]","[""UNKNOWN""]","[""2065904"", ""2065907""]","[""PASSENGER"", ""TRACTOR W/ SEMI-TRAILER""]","[""PERSONAL"", ""UNKNOWN/NA""]","[""2015""]",[],[],[],[],[],[],"[""Y""]",[],[],[],[],[],[],"[""Y""]",[],[],['48'],"[""DEPLOYMENT UNKNOWN"", ""NOT APPLICABLE""]","[""TEST NOT OFFERED""]","[""WILLOW SPRINGS""]","[""2025-10-09T19:45:00.000""]","[""UNKNOWN""]","[""UNKNOWN""]","[""D""]","[""IL""]","[""NONE""]",[],"[""O2167236"", ""O2167237""]","[""DRIVER""]","[""NORMAL"", ""UNKNOWN""]","[""USAGE UNKNOWN""]","[""F"", ""X""]","[""IL""]","[""2065904"", ""2065907""]","[""60480""]",[],[],[],[],[],[],2025,10,19,9,False,evening,41.83,-87.7,41.83_-87.7,48.0,48,48,OTHER,0
STRAIGHT AND LEVEL,1513,2025-10-09 19:42:00,5,19,10,9D4A3BB293C767BB87EE4DAF3F119CF4E8C276A22D5F5D1DD636C8B2E08EA2E87A0C0D98D773E78DE00798AA9273454E34C0CF00C5281BCDD7BB546D987FC477,INJURY AND / OR TOW DUE TO CRASH,"OVER $1,500",NO CONTROLS,REAR END,41.8782304777,"DARKNESS, LIGHTED ROAD",-87.7744428668,2,30,UNABLE TO DETERMINE,NO DEFECTS,DRY,UNABLE TO DETERMINE,S,125,NO CONTROLS,NOT DIVIDED,CLEAR,0.0,1.0,0.0,0.0,0.0,1.0,1,1,"[""Y""]",[],"[""Y""]","[""2025-10-09T19:42:00.000""]","[""2167176"", ""2167177""]","[""FRONT"", ""REAR""]","[""IL""]","[""AUDI"", ""JEEP""]","[""STRAIGHT AHEAD""]","[""A6"", ""GRAND CHEROKEE""]","[""1""]","[""N""]","[""1"", ""2""]","[""DRIVER""]","[""UNKNOWN""]","[""2065843"", ""2065844""]","[""SPORT UTILITY VEHICLE (SUV)"", ""UNKNOWN/NA""]","[""PERSONAL"", ""UNKNOWN/NA""]","[""2006"", ""2015""]",[],[],"[""Y""]","[""private""]","[""Y""]",[],"[""Y""]",[],[],[],[],[],[],[],[],[],['27'],"[""DEPLOYED, FRONT"", ""DEPLOYMENT UNKNOWN""]","[""TEST NOT OFFERED""]","[""BERWYN""]","[""2025-10-09T19:42:00.000""]","[""UNKNOWN""]","[""UNKNOWN""]",[],"[""IL""]","[""NONE""]",[],"[""O2167176"", ""O2167177""]","[""DRIVER""]","[""UNKNOWN""]","[""USAGE UNKNOWN""]","[""M""]","[""IL""]","[""2065843"", ""2065844""]","[""60402""]",[],[],[],[],[],[],2025,10,19,9,False,evening,41.88,-87.77,41.88_-87.77,27.0,27,27,OTHER,1
STRAIGHT AND LEVEL,2212,2025-10-09 19:42:00,5,19,10,5F8FA8B75556EB1C8F5E881C06120AA57CE3E543AEF86A0E9F583F0369F0A00F6969599F9328E59B72AEC4CA4122BBE47FCFDED863329B02B2141FE91CC63146,NO INJURY / DRIVE AWAY,"OVER $1,500",NO CONTROLS,ANGLE,41.6994135033,DAYLIGHT,-87.6669991732,2,30,FAILING TO YIELD RIGHT-OF-WAY,NO DEFECTS,DRY,UNABLE TO DETERMINE,W,1800,STOP SIGN/FLASHER,FOUR WAY,CLEAR,0.0,0.0,1.0,0.0,0.0,1.0,1,2,"[""Y""]","[""Y""]","[""Y""]","[""2025-10-09T19:42:00.000""]","[""2167103"", ""2167104""]","[""FRONT-LEFT-CORNER""]","[""IL""]","[""CHEVROLET""]","[""STRAIGHT AHEAD""]","[""CRUZE"", ""EQUINOX""]","[""1""]","[""N"", ""W""]","[""1"", ""2""]","[""DRIVER""]","[""UNKNOWN""]","[""2065774"", ""2065779""]","[""PASSENGER""]","[""PERSONAL""]","[""2013"", ""2020""]","[""Y""]",[],"[""N"", ""Y""]",[],"[""N""]",[],[],"[""N""]","[""N""]",[],[],[],[],[],[],[],"['28', '34']","[""DEPLOYED, FRONT"", ""NOT APPLICABLE""]","[""TEST NOT OFFERED""]","[""CHICAGO""]","[""2025-10-09T19:42:00.000""]","[""FAILED TO YIELD"", ""NONE""]","[""UNKNOWN""]",[],[],"[""NONE""]",[],"[""O2167103"", ""O2167104""]","[""DRIVER""]","[""NORMAL""]","[""USAGE UNKNOWN""]","[""F"", ""M""]","[""IL""]","[""2065774"", ""2065779""]","[""60643"", ""60655""]",[],[],[],[],[],[],2025,10,19,9,False,evening,41.7,-87.67,41.7_-87.67,31.0,28,34,FAILURE-TO-YIELD,0
STRAIGHT AND LEVEL,2534,2025-10-09 19:40:00,5,19,10,649D74458F1CE810AEEBBDF58663E21C4BA0A14720929F9C261A7B30BA855B55FFD5671EE803A711ED05A28BB98014227639DDE19FF36A703B51F8ABA7BC50A4,NO INJURY / DRIVE AWAY,"OVER $1,500",NO CONTROLS,ANGLE,41.9117760468,"DARKNESS, LIGHTED ROAD",-87.7294431271,2,20,FAILING TO YIELD RIGHT-OF-WAY,NO DEFECTS,DRY,UNABLE TO DETERMINE,W,4112,NO CONTROLS,NOT DIVIDED,CLEAR,0.0,0.0,0.0,0.0,0.0,1.0,1,2,"[""Y""]","[""Y""]","[""Y""]","[""2025-10-09T19:40:00.000""]","[""2167553"", ""2167554""]","[""FRONT-LEFT-CORNER"", ""SIDE-RIGHT""]","[""IL""]","[""VOLVO""]","[""STRAIGHT AHEAD""]","[""S40"", ""XC60""]","[""1""]","[""E"", ""S""]","[""1"", ""2""]","[""DRIVER""]","[""NONE""]","[""2066189"", ""2066193""]","[""PASSENGER""]","[""PERSONAL""]","[""2006"", ""2025""]","[""Y""]","[""Y""]","[""Y""]",[],[],[],[],[],"[""Y""]",[],[],[],[],[],[],[],"['29', '33']","[""DID NOT DEPLOY""]","[""TEST NOT OFFERED""]","[""CHICAGO""]","[""2025-10-09T19:40:00.000""]","[""NONE""]","[""NOT OBSCURED""]","[""D""]","[""IL""]","[""NONE""]",[],"[""O2167553"", ""O2167554""]","[""DRIVER""]","[""NORMAL""]","[""USAGE UNKNOWN""]","[""F"", ""M""]","[""IL""]","[""2066189"", ""2066193""]","[""60639""]",[],[],[],[],[],[],2025,10,19,9,False,evening,41.91,-87.73,41.91_-87.73,31.0,29,33,FAILURE-TO-YIELD,0
STRAIGHT AND LEVEL,1224,2025-10-09 19:30:00,5,19,10,DCC809752350B779692235B77EF8C62EC5C448CD8116CD489A90057AB0B0D616DF5CF10667C5E060F89F99ED99EA4F3C457357FFF6A93F0B304952E1C0B9D046,NO INJURY / DRIVE AWAY,"$501 - $1,500",NO CONTROLS,TURNING,41.8818883397,"DARKNESS, LIGHTED ROAD",-87.6473210939,2,30,UNABLE TO DETERMINE,NO DEFECTS,DRY,UNABLE TO DETERMINE,W,750,NO CONTROLS,NOT DIVIDED,RAIN,0.0,0.0,0.0,0.0,0.0,1.0,1,2,[],[],"[""Y""]","[""2025-10-09T19:30:00.000""]","[""2167091"", ""2167092""]","[""FRONT"", ""SIDE-LEFT-FRONT""]","[""IL""]","[""HYUNDAI"", ""PORSCHE""]","[""PASSING/OVERTAKING"", ""TURNING LEFT""]","[""MACAN"", ""SANTA FE""]","[""1"", ""3""]","[""S"", ""W""]","[""1"", ""2""]","[""DRIVER""]","[""NONE""]","[""2065762"", ""2065765""]","[""SPORT UTILITY VEHICLE (SUV)""]","[""PERSONAL""]","[""2007"", ""2024""]",[],[],"[""Y""]",[],[],[],[],[],"[""Y""]",[],"[""2""]",[],[],[],[],[],"['38', '68']","[""DID NOT DEPLOY""]","[""TEST NOT OFFERED""]","[""CHICAGO""]","[""2025-10-09T19:30:00.000""]","[""NONE""]","[""NOT OBSCURED""]",[],"[""IL"", ""TX""]","[""NONE""]",[],"[""O2167091"", ""O2167092"", ""P478170"", ""P478171""]","[""DRIVER"", ""PASSENGER""]","[""NORMAL""]","[""SAFETY BELT USED""]","[""F"", ""M""]","[""IL""]","[""2065762"", ""2065765""]","[""60619"", ""60624"", ""60653""]",[],"[""3"", ""4""]",[],[],[],[],2025,10,19,9,False,evening,41.88,-87.65,41.88_-87.65,53.0,38,68,OTHER,0
STRAIGHT AND LEVEL,1113,2025-10-09 19:30:00,5,19,10,984427AB7BCE5ECA1F7CCABCD60E049D060466E9A4364DD74899B17B89137D8C7DEDB1B8CF6D91AB344FD48EEA2EA56E853B8A8F29B77254908E22469936BD44,NO INJURY / DRIVE AWAY,"OVER $1,500",NO CONTROLS,REAR END,41.8827187809,DUSK,-87.7452140898,3,30,FOLLOWING TOO CLOSELY,NO DEFECTS,DRY,NOT APPLICABLE,N,125,NO CONTROLS,NOT DIVIDED,CLEAR,0.0,0.0,0.0,0.0,0.0,1.0,1,3,"[""Y""]",[],"[""Y""]","[""2025-10-09T19:30:00.000""]","[""2167115"", ""2167116"", ""2167117""]","[""FRONT"", ""REAR""]","[""IL""]","[""DODGE"", ""FORD"", ""SUBARU""]","[""STRAIGHT AHEAD""]","[""CROSSTREK"", ""ESCAPE"", ""RAM 2500 PU""]","[""1""]","[""S""]","[""1"", ""2"", ""3""]","[""DRIVER""]","[""NONE""]","[""2065792"", ""2065796"", ""2065799""]","[""PICKUP"", ""SPORT UTILITY VEHICLE (SUV)""]","[""PERSONAL""]","[""2012"", ""2018"", ""2021""]",[],[],"[""Y""]",[],[],"[""Y""]",[],[],[],[],[],[],[],"[""Y""]","[""Y""]",[],"['18', '26', '39']","[""DID NOT DEPLOY""]","[""TEST NOT OFFERED""]","[""BRIDGEVIEW"", ""CHICAGI"", ""CHICAGO""]","[""2025-10-09T19:30:00.000""]","[""NONE""]","[""NOT OBSCURED""]","[""D""]","[""IL""]","[""NONE""]",[],"[""O2167115"", ""O2167116"", ""O2167117""]","[""DRIVER""]","[""NORMAL""]","[""SAFETY BELT USED"", ""USAGE UNKNOWN""]","[""F"", ""M""]","[""IL""]","[""2065792"", ""2065796"", ""2065799""]","[""60455"", ""60623"", ""60652""]",[],[],[],[],[],[],2025,10,19,9,False,evening,41.88,-87.75,41.88_-87.75,27.666666666666668,18,39,FOLLOWING TOO CLOSELY,0
STRAIGHT AND LEVEL,215,2025-10-09 19:29:00,5,19,10,1A0B4E2C055647F4CA89E5F9E460A4640321C8C5F7FC4F5525B04D780CB087A752C7C5675D187E3406B672304F9E20CDE488C0E98F7ED4E01C9ACB0389D600F2,INJURY AND / OR TOW DUE TO CRASH,"OVER $1,500",FUNCTIONING PROPERLY,TURNING,41.8164529406,"DARKNESS, LIGHTED ROAD",-87.6214854331,2,30,"OPERATING VEHICLE IN ERRATIC, RECKLESS, CARELESS, NEGLIGENT OR AGGRESSIVE MANNER",NO DEFECTS,DRY,DRIVING ON WRONG SIDE/WRONG WAY,E,159,TRAFFIC SIGNAL,L-INTERSECTION,CLEAR,0.0,1.0,1.0,0.0,0.0,1.0,1,3,"[""Y""]",[],[],"[""2025-10-09T19:29:00.000""]","[""2167132"", ""2167133""]","[""FRONT-LEFT-CORNER"", ""FRONT-RIGHT-CORNER""]","[""IL""]","[""TOYOTA"", ""UNKNOWN""]","[""STRAIGHT AHEAD"", ""TURNING LEFT""]","[""COROLLA"", ""OTHER (EXPLAIN IN NARRATIVE)""]","[""1"", ""4""]","[""N""]","[""1"", ""2""]","[""DRIVER""]","[""NONE"", ""OTHER""]","[""2065800"", ""2065811""]","[""PASSENGER"", ""UNKNOWN/NA""]","[""PERSONAL"", ""UNKNOWN/NA""]","[""2017""]",[],[],"[""Y""]","[""OWNER""]","[""Y""]",[],[],[],[],[],"[""3""]",[],[],[],[],"[""RESIDENCE""]","['1', '23', '50']","[""DID NOT DEPLOY""]","[""TEST NOT OFFERED""]","[""CHICAGO""]","[""2025-10-09T19:29:00.000""]","[""NONE"", ""UNKNOWN""]","[""NOT OBSCURED"", ""UNKNOWN""]","[""D""]","[""IL""]","[""NONE""]",[],"[""O2167132"", ""O2167133"", ""P478180"", ""P478181"", ""P478183""]","[""DRIVER"", ""PASSENGER""]","[""NORMAL"", ""UNKNOWN""]","[""CHILD RESTRAINT - TYPE UNKNOWN"", ""SAFETY BELT USED"", ""USAGE UNKNOWN""]","[""F"", ""X""]","[""IL""]","[""2065800"", ""2065811""]","[""60653""]",[],"[""3"", ""4"", ""6""]",[],[],[],[],2025,10,19,9,False,evening,41.82,-87.62,41.82_-87.62,24.666666666666668,1,50,OTHER,0
STRAIGHT AND LEVEL,1814,2025-10-09 19:20:00,5,19,10,D02E54261F263853A4949A33B885CA904C5EEB5C96D04E8ACD8C0CE95B9DC9C400A2B07229B7EC3EFC65CF9B467F48683B220DB697341B7F24F0387F200AA221,NO INJURY / DRIVE AWAY,"OVER $1,500",NO CONTROLS,TURNING,41.9112496561,"DARKNESS, LIGHTED ROAD",-87.6333002484,2,30,IMPROPER TURNING/NO SIGNAL,UNKNOWN,UNKNOWN,FAILING TO REDUCE SPEED TO AVOID CRASH,N,1600,TRAFFIC SIGNAL,FOUR WAY,CLEAR,0.0,0.0,1.0,0.0,0.0,1.0,1,1,[],"[""Y""]",[],"[""2025-10-09T19:20:00.000""]","[""2167040"", ""2167041""]","[""FRONT-LEFT-CORNER"", ""SIDE-RIGHT""]","[""IL""]","[""KIA"", ""TOYOTA""]","[""TURNING RIGHT""]","[""CAMRY"", ""SOUL""]","[""1""]","[""S""]","[""1"", ""2""]","[""DRIVER""]","[""NONE""]","[""2065720"", ""2065728""]","[""PASSENGER"", ""SPORT UTILITY VEHICLE (SUV)""]","[""PERSONAL""]","[""2011"", ""2019""]","[""Y""]","[""Y""]","[""Y""]",[],[],[],[],[],"[""Y""]",[],[],[],[],[],[],[],['39'],"[""DID NOT DEPLOY""]","[""TEST NOT OFFERED""]","[""CHICAGO"", ""EVANSTON""]","[""2025-10-09T19:20:00.000""]","[""IMPROPER TURN"", ""OTHER""]","[""NOT OBSCURED""]","[""D"", ""DM""]","[""IL""]","[""NONE""]",[],"[""O2167040"", ""O2167041""]","[""DRIVER""]","[""NORMAL""]","[""SAFETY BELT USED""]","[""F"", ""M""]","[""IL""]","[""2065720"", ""2065728""]","[""60202"", ""60640""]",[],[],[],[],[],[],2025,10,19,9,False,evening,41.91,-87.63,41.91_-87.63,39.0,39,39,OTHER,0
STRAIGHT AND LEVEL,1912,2025-10-09 19:20:00,5,19,10,5984A7BA3E95EB34C32DECF3006BC37376DE59174BE7E398FE1589CF966F1B31B87B0B4439CF84B0079D437457897D52E6A3F9600B9D67EA2CC4EDF9BBFBE75C,NO INJURY / DRIVE AWAY,"$501 - $1,500",NO CONTROLS,SIDESWIPE SAME DIRECTION,41.9617007713,"DARKNESS, LIGHTED ROAD",-87.6661237237,2,30,UNABLE TO DETERMINE,UNKNOWN,DRY,NOT APPLICABLE,N,4400,TRAFFIC SIGNAL,FOUR WAY,CLEAR,0.0,0.0,1.0,0.0,0.0,1.0,1,3,[],[],[],"[""2025-10-09T19:20:00.000""]","[""2167067"", ""2167068""]","[""FRONT-LEFT-CORNER"", ""SIDE-RIGHT-REAR""]","[""AZ"", ""IL""]","[""NEW FLYER"", ""TOYOTA""]","[""MERGING"", ""STRAIGHT AHEAD""]","[""OTHER (EXPLAIN IN NARRATIVE)"", ""PRIUS""]","[""1"", ""2""]","[""S""]","[""1"", ""2""]","[""DRIVER""]","[""OTHER"", ""UNKNOWN""]","[""2065740"", ""2065746""]","[""BUS OVER 15 PASS."", ""PASSENGER""]","[""CTA"", ""PERSONAL""]","[""2009"", ""2012""]",[],[],[],[],[],[],"[""Y""]",[],[],[],"[""1""]",[],[],"[""Y""]",[],[],"['24', '26', '38']","[""DID NOT DEPLOY""]","[""TEST NOT OFFERED""]","[""PRESCOTT""]","[""2025-10-09T19:20:00.000""]","[""UNKNOWN""]","[""UNKNOWN""]","[""B"", ""D""]","[""AZ"", ""IL""]","[""NONE""]",[],"[""O2167067"", ""O2167068"", ""P478164""]","[""DRIVER"", ""PASSENGER""]","[""NORMAL""]","[""USAGE UNKNOWN""]","[""F"", ""M""]","[""AZ""]","[""2065740"", ""2065746""]","[""86305""]",[],"[""3""]",[],[],[],[],2025,10,19,9,False,evening,41.96,-87.67,41.96_-87.67,29.333333333333332,24,38,OTHER,0
STRAIGHT AND LEVEL,1935,2025-10-09 19:20:00,5,19,10,3BDC68AB9105CE25C8D6785528203B80309BE8781D77CB42986A41ABF111BE018D8AA45986CF25290F71E8193C5C6E42CA5D750C6BB0DBF4C8AB7F59B8B74600,INJURY AND / OR TOW DUE TO CRASH,"OVER $1,500",NO CONTROLS,REAR END,41.9273859459,DUSK,-87.6313963961,2,40,FAILING TO REDUCE SPEED TO AVOID CRASH,NO DEFECTS,DRY,NOT APPLICABLE,N,2445,NO CONTROLS,DIVIDED - W/MEDIAN BARRIER,CLEAR,0.0,0.0,0.0,0.0,0.0,1.0,1,0,[],[],"[""Y""]","[""2025-10-09T19:20:00.000""]","[""2167085"", ""2167086""]","[""FRONT"", ""REAR""]","[""IL""]","[""LINCOLN"", ""TOYOTA""]","[""STRAIGHT AHEAD""]","[""NAVIGATOR"", ""PRIUS""]","[""1""]","[""N""]","[""1"", ""2""]","[""DRIVER""]","[""UNKNOWN""]","[""2065759"", ""2065770""]","[""PASSENGER"", ""SPORT UTILITY VEHICLE (SUV)""]","[""OTHER"", ""TAXI/FOR HIRE""]",[],[],[],[],"[""streets and san""]","[""Y""]",[],[],[],[],[],[],[],[],[],"[""Y""]","[""moved off the driver""]",[],"[""DID NOT DEPLOY""]","[""TEST NOT OFFERED""]","[""CHICAGO"", ""VILLA PARK""]","[""2025-10-09T19:20:00.000""]","[""NONE"", ""TOO FAST FOR CONDITIONS""]","[""UNKNOWN""]","[""D""]","[""IL""]","[""NONE""]","[""REFUSE ON SCENE"", ""REFUSE/ON-SCENE""]","[""O2167085"", ""O2167086""]","[""DRIVER""]","[""NORMAL""]","[""SAFETY BELT USED""]","[""M""]","[""IL""]","[""2065759"", ""2065770""]",[],[],[],[],[],[],[],2025,10,19,9,False,evening,41.93,-87.63,41.93_-87.63,0.0,0,0,SPEEDING,1
STRAIGHT AND LEVEL,1824,2025-10-09 19:15:00,5,19,10,815C8AE3F6AE9ED4B308EEA2EC1C97938103A74298E4759109D690702074C07DC523D2ACD526D4C88C407E4266522B973AF611A54B752895C9871E6AB0026D1B,NO INJURY / DRIVE AWAY,"OVER $1,500",NO CONTROLS,REAR END,41.9038773235,UNKNOWN,-87.6251180198,2,30,FOLLOWING TOO CLOSELY,UNKNOWN,UNKNOWN,UNABLE TO DETERMINE,N,1150,NO CONTROLS,DIVIDED - W/MEDIAN BARRIER,CLEAR,0.0,1.0,0.0,0.0,0.0,1.0,1,2,[],[],"[""Y""]","[""2025-10-09T19:15:00.000""]","[""2167093"", ""2167094""]","[""FRONT"", ""REAR""]","[""IL""]","[""LEXUS"", ""TOYOTA""]","[""UNKNOWN/NA""]","[""4RUNNER"", ""OTHER (EXPLAIN IN NARRATIVE)""]","[""1"", ""2""]","[""N""]","[""1"", ""2""]","[""DRIVER""]","[""UNKNOWN""]","[""2065767"", ""2065769""]","[""UNKNOWN/NA""]","[""UNKNOWN/NA""]","[""2011"", ""2023""]",[],[],[],[],[],[],[],[],[],[],"[""1""]",[],[],[],"[""Y""]",[],"['56', '60']","[""DEPLOYMENT UNKNOWN"", ""DID NOT DEPLOY""]","[""TEST NOT OFFERED""]","[""CHICAGO""]","[""2025-10-09T19:15:00.000""]","[""UNKNOWN""]","[""UNKNOWN""]",[],"[""IL""]","[""NONE""]",[],"[""O2167093"", ""O2167094"", ""P478172""]","[""DRIVER"", ""PASSENGER""]","[""UNKNOWN""]","[""SAFETY BELT USED"", ""USAGE UNKNOWN""]","[""F"", ""M""]","[""IL""]","[""2065767"", ""2065769""]","[""60626""]",[],"[""3""]",[],[],[],[],2025,10,19,9,False,evening,41.9,-87.63,41.9_-87.63,58.0,56,60,FOLLOWING TOO CLOSELY,0
STRAIGHT AND LEVEL,1631,2025-10-09 19:15:00,5,19,10,51B3FAE19AB90AA8B0FF83519F439EAC5EB3CB6E1E9924F38A65F292D1DDEAB81CD1D352C5F340BD69239A02B3B58C4BFBB10188D2F35758E7E208FFC570FDAC,NO INJURY / DRIVE AWAY,"OVER $1,500",FUNCTIONING PROPERLY,SIDESWIPE SAME DIRECTION,41.9398530599,"DARKNESS, LIGHTED ROAD",-87.8363230141,2,30,IMPROPER LANE USAGE,UNKNOWN,DRY,NOT APPLICABLE,N,3322,TRAFFIC SIGNAL,NOT DIVIDED,CLEAR,0.0,0.0,0.0,0.0,0.0,1.0,1,2,[],[],[],"[""2025-10-09T19:15:00.000""]","[""2167428"", ""2167429""]","[""SIDE-RIGHT-REAR"", ""UNKNOWN""]","[""IL""]","[""HONDA"", ""LEXUS""]","[""CHANGING LANES"", ""STRAIGHT AHEAD""]","[""ACCORD"", ""ES350""]","[""1""]","[""N""]","[""1"", ""2""]","[""DRIVER""]","[""UNKNOWN""]","[""2066082"", ""2066087""]","[""PASSENGER""]","[""PERSONAL"", ""UNKNOWN/NA""]","[""2007"", ""2008""]",[],"[""Y""]",[],[],[],[],"[""Y""]",[],[],[],[],[],[],"[""Y""]",[],[],"['28', '66']","[""DID NOT DEPLOY""]","[""TEST NOT OFFERED""]","[""CHICAGO"", ""WINFIELD""]","[""2025-10-09T19:15:00.000""]","[""IMPROPER LANE CHANGE"", ""OTHER""]","[""UNKNOWN""]","[""D""]","[""IL""]","[""NONE"", ""UNKNOWN""]",[],"[""O2167428"", ""O2167429""]","[""DRIVER""]","[""NORMAL"", ""UNKNOWN""]","[""SAFETY BELT USED"", ""USAGE UNKNOWN""]","[""M""]","[""IL""]","[""2066082"", ""2066087""]","[""60190"", ""60634""]",[],[],[],[],[],[],2025,10,19,9,False,evening,41.94,-87.84,41.94_-87.84,47.0,28,66,OTHER,0