alignment,beat_of_occurrence,crash_date,crash_day_of_week,crash_hour,crash_month,crash_record_id,crash_type,damage,device_condition,first_crash_type,latitude,lighting_condition,longitude,num_units,posted_speed_limit,prim_contributory_cause,road_defect,roadway_surface_cond,sec_contributory_cause,street_direction,street_no,traffic_control_device,trafficway_type,weather_condition,private_property_i,hit_and_run_i,intersection_related_i,crash_date_est_i,work_zone_i,workers_present_i,veh_count,ppl_count,veh_area_01_i_list_json,veh_area_02_i_list_json,veh_area_12_i_list_json,veh_crash_date_list_json,veh_crash_unit_id_list_json,veh_first_contact_point_list_json,veh_lic_plate_state_list_json,veh_make_list_json,veh_maneuver_list_json,veh_model_list_json,veh_occupant_cnt_list_json,veh_travel_direction_list_json,veh_unit_no_list_json,veh_unit_type_list_json,veh_vehicle_defect_list_json,veh_vehicle_id_list_json,veh_vehicle_type_list_json,veh_vehicle_use_list_json,veh_vehicle_year_list_json,veh_area_03_i_list_json,veh_area_04_i_list_json,veh_area_11_i_list_json,veh_towed_by_list_json,veh_towed_i_list_json,veh_area_07_i_list_json,veh_area_99_i_list_json,veh_area_09_i_list_json,veh_area_10_i_list_json,veh_cmrc_veh_i_list_json,veh_num_passengers_list_json,veh_area_08_i_list_json,veh_area_00_i_list_json,veh_area_05_i_list_json,veh_area_06_i_list_json,veh_towed_to_list_json,ppl_age_list_json,ppl_airbag_deployed_list_json,ppl_bac_result_list_json,ppl_city_list_json,ppl_crash_date_list_json,ppl_driver_action_list_json,ppl_driver_vision_list_json,ppl_drivers_license_class_list_json,ppl_drivers_license_state_list_json,ppl_ejection_list_json,ppl_hospital_list_json,ppl_person_id_list_json,ppl_person_type_list_json,ppl_physical_condition_list_json,ppl_safety_equipment_list_json,ppl_sex_list_json,ppl_state_list_json,ppl_vehicle_id_list_json,ppl_zipcode_list_json,ppl_ems_agency_list_json,ppl_seat_no_list_json,ppl_pedpedal_action_list_json,ppl_pedpedal_location_list_json,ppl_pedpedal_visibility_list_json,ppl_ems_run_no_list_json,year,month,hour,day,is_weekend,hour_bin,lat_bin,lng_bin,grid_id,ppl_age_mean,ppl_age_min,ppl_age_max,prim_contributory_cause_group,ksi_flag
STRAIGHT AND LEVEL,933,2025-10-09 19:10:00,5,19,10,9030A4247AF8E1C034047C3F008BE6AB3228478D547754314CEC5FBB08B2C46C30D6C2C24092B2C9835B5032BBA5492D5BA0DB609A40FC8D724D7614DB989EDA,NO INJURY / DRIVE AWAY,"$501 - $1,500",FUNCTIONING PROPERLY,REAR END,41.8033811629,DUSK,-87.6551688924,3,25,UNABLE TO DETERMINE,NO DEFECTS,DRY,UNABLE TO DETERMINE,W,1200,STOP SIGN/FLASHER,NOT DIVIDED,CLEAR,0.0,1.0,0.0,0.0,0.0,1.0,1,2,"[""Y""]","[""Y""]","[""Y""]","[""2025-10-09T19:10:00.000""]","[""2167051"", ""2167052"", ""2167053""]","[""FRONT"", ""REAR"", ""SIDE-RIGHT""]","[""IL""]","[""HYUNDAI"", ""NISSAN"", ""TOYOTA""]","[""STRAIGHT AHEAD""]","[""CAMRY"", ""SANTA FE"", ""SENTRA""]","[""1""]","[""N"", ""W""]","[""1"", ""2"", ""3""]","[""DRIVER""]","[""NONE""]","[""2065722"", ""2065730"", ""2065733""]","[""PASSENGER"", ""SPORT UTILITY VEHICLE (SUV)""]","[""PERSONAL""]","[""2005"", ""2017"", ""2023""]","[""Y""]","[""Y""]","[""N"", ""Y""]",[],[],"[""N"", ""Y""]",[],[],[],[],[],[],[],"[""N"", ""Y""]","[""N"", ""Y""]",[],"['20', '30']","[""DEPLOYMENT UNKNOWN"", ""DID NOT DEPLOY""]","[""TEST NOT OFFERED""]","[""CHICAGO""]","[""2025-10-09T19:10:00.000""]","[""NONE""]","[""NOT OBSCURED"", ""UNKNOWN""]","[""D""]","[""IL""]","[""NONE""]",[],"[""O2167051"", ""O2167052"", ""O2167053""]","[""DRIVER""]","[""NORMAL"", ""UNKNOWN""]","[""SAFETY BELT USED"", ""USAGE UNKNOWN""]","[""F"", ""M""]","[""IL""]","[""2065722"", ""2065730"", ""2065733""]","[""60609"", ""60636""]",[],[],[],[],[],[],2025,10,19,9,False,evening,41.8,-87.66,41.8_-87.66,25.0,20,30,OTHER,0
STRAIGHT AND LEVEL,1522,2025-10-09 19:10:00,5,19,10,AC266572AC4A5140EE89D96A5CB5722CDC7CEC42AD853DC327C305EB99C632CEA905975EE21726FF8CA590626D42D9DBFFFF777587C8663E5933B8D0418FB167,NO INJURY / DRIVE AWAY,"$501 - $1,500",OTHER,REAR END,41.8729949931,"DARKNESS, LIGHTED ROAD",-87.7549536398,2,30,FAILING TO YIELD RIGHT-OF-WAY,NO DEFECTS,DRY,FOLLOWING TOO CLOSELY,S,528,OTHER,NOT DIVIDED,CLEAR,0.0,0.0,0.0,0.0,0.0,1.0,1,2,"[""Y""]",[],"[""Y""]","[""2025-10-09T19:10:00.000""]","[""2167101"", ""2167102""]","[""FRONT"", ""REAR""]","[""IL""]","[""CHEVROLET"", ""TOYOTA""]","[""SLOW/STOP IN TRAFFIC"", ""STRAIGHT AHEAD""]","[""EQUINOX"", ""RAV4""]","[""1""]","[""S""]","[""1"", ""2""]","[""DRIVER""]","[""NONE""]","[""2065775"", ""2065780""]","[""PASSENGER""]","[""PERSONAL""]","[""2011"", ""2016""]",[],[],"[""Y""]",[],[],"[""Y""]",[],[],[],[],[],[],[],"[""Y""]","[""Y""]",[],"['31', '71']","[""NOT APPLICABLE""]","[""TEST NOT OFFERED""]","[""CHICAGO""]","[""2025-10-09T19:10:00.000""]","[""FAILED TO YIELD"", ""NONE""]","[""NOT OBSCURED""]","[""D""]","[""IL""]","[""NONE"", ""UNKNOWN""]",[],"[""O2167101"", ""O2167102""]","[""DRIVER""]","[""NORMAL""]","[""NONE PRESENT"", ""USAGE UNKNOWN""]","[""M""]","[""IL""]","[""2065775"", ""2065780""]","[""60639"", ""60660""]",[],[],[],[],[],[],2025,10,19,9,False,evening,41.87,-87.75,41.87_-87.75,51.0,31,71,FAILURE-TO-YIELD,0
STRAIGHT AND LEVEL,815,2025-10-09 19:05:00,5,19,10,E568A852223F3968CEC1536DB2BBD7DB67091D65D5F65019383ADA1BAB3C2717AA52B160B4B43DA5B172A3173723A35FDA3B4932C861EE17E7A8C41B47713683,NO INJURY / DRIVE AWAY,"$501 - $1,500",NO CONTROLS,SIDESWIPE OPPOSITE DIRECTION,41.8101518799,"DARKNESS, LIGHTED ROAD",-87.7394247954,2,30,IMPROPER BACKING,NO DEFECTS,DRY,UNABLE TO DETERMINE,S,4539,NO CONTROLS,NOT DIVIDED,CLEAR,0.0,0.0,0.0,0.0,0.0,1.0,1,2,"[""Y""]",[],[],"[""2025-10-09T19:05:00.000""]","[""2167073"", ""2167074""]","[""FRONT-RIGHT-CORNER"", ""REAR-LEFT-CORNER""]","[""IL""]","[""DODGE"", ""FORD""]","[""BACKING"", ""STRAIGHT AHEAD""]","[""F550"", ""OTHER (EXPLAIN IN NARRATIVE)""]","[""1""]","[""N"", ""S""]","[""1"", ""2""]","[""DRIVER""]","[""NONE""]","[""2065750"", ""2065756""]","[""PICKUP"", ""VAN/MINI-VAN""]","[""PERSONAL""]","[""2011"", ""2015""]",[],[],[],[],[],"[""Y""]",[],[],[],[],[],"[""Y""]",[],[],[],[],"['32', '40']","[""DID NOT DEPLOY""]","[""TEST NOT OFFERED""]","[""AURORA"", ""BURBANK""]","[""2025-10-09T19:05:00.000""]","[""IMPROPER BACKING"", ""NONE""]","[""NOT OBSCURED"", ""UNKNOWN""]","[""D""]","[""IL""]","[""NONE""]",[],"[""O2167073"", ""O2167074""]","[""DRIVER""]","[""NORMAL""]","[""SAFETY BELT USED""]","[""M""]","[""IL""]","[""2065750"", ""2065756""]","[""60459"", ""60505""]",[],[],[],[],[],[],2025,10,19,9,False,evening,41.81,-87.74,41.81_-87.74,36.0,32,40,OTHER,0
STRAIGHT AND LEVEL,1414,2025-10-09 19:00:00,5,19,10,222B309BAE861AEBBBC0930E579E509C62CD6AF9793154384AD4E0E922A48BD8689DCBEF621E819769C90E07AF1594A6918064E35E3E1344122A3D35A97A1E01,INJURY AND / OR TOW DUE TO CRASH,"$501 - $1,500",NO CONTROLS,OTHER OBJECT,41.9175184831,"DARKNESS, LIGHTED ROAD",-87.7057677765,2,30,FAILING TO YIELD RIGHT-OF-WAY,NO DEFECTS,DRY,DRIVING SKILLS/KNOWLEDGE/EXPERIENCE,W,3110,NO CONTROLS,NOT DIVIDED,CLEAR,0.0,0.0,0.0,0.0,0.0,1.0,2,2,[],[],"[""Y""]","[""2025-10-09T19:00:00.000""]","[""2167063"", ""2167064""]","[""FRONT""]","[""IL""]","[""NISSAN""]","[""TURNING LEFT""]","[""PATHFINDER""]","[""1""]","[""S""]","[""1"", ""2""]","[""DRIVER"", ""NON-MOTOR VEHICLE""]","[""NONE""]","[""2065742""]","[""PASSENGER""]","[""PERSONAL""]","[""2014""]",[],[],[],[],[],[],[],[],[],[],[],[],[],[],[],[],"['18', '32']","[""DID NOT DEPLOY"", ""NOT APPLICABLE""]","[""TEST NOT OFFERED""]","[""CHICAGO""]","[""2025-10-09T19:00:00.000""]","[""FAILED TO YIELD"", ""NONE""]","[""NOT OBSCURED"", ""PARKED VEHICLES""]","[""D""]","[""MA""]","[""NONE""]",[],"[""O2167063"", ""O2167064""]","[""DRIVER"", ""NON-MOTOR VEHICLE""]","[""NORMAL""]","[""BICYCLE HELMET (PEDACYCLIST INVOLVED ONLY)"", ""SAFETY BELT USED""]","[""F"", ""M""]","[""IL""]","[""2065742""]","[""60629"", ""60651""]",[],[],"[""WITH TRAFFIC""]","[""BIKE LANE""]","[""NO CONTRASTING CLOTHING""]",[],2025,10,19,9,False,evening,41.92,-87.71,41.92_-87.71,25.0,18,32,FAILURE-TO-YIELD,1
STRAIGHT AND LEVEL,1833,2025-10-09 19:00:00,5,19,10,83702019BE1C44A3CBBE440FF03B7958EFE46DBE1F68F398CD3F3FF69F7CEBD1C2B53CFCB668C70B97C51BA8D7CD1847CE7BED84EB523CE0774E4BA46FE14E83,NO INJURY / DRIVE AWAY,$500 OR LESS,FUNCTIONING IMPROPERLY,SIDESWIPE SAME DIRECTION,41.8983811242,DARKNESS,-87.6182880172,2,30,NOT APPLICABLE,NO DEFECTS,DRY,NOT APPLICABLE,N,860,NO CONTROLS,NOT DIVIDED,CLEAR,0.0,1.0,0.0,0.0,0.0,1.0,1,2,"[""N""]","[""N""]",[],"[""2025-10-09T19:00:00.000""]","[""2167187"", ""2167189""]","[""FRONT-LEFT-CORNER"", ""FRONT-RIGHT-CORNER""]","[""IL""]","[""CHEVROLET"", ""NISSAN""]","[""STRAIGHT AHEAD""]","[""SENTRA"", ""TRUCK""]","[""1""]","[""S""]","[""1"", ""2""]","[""DRIVER""]","[""NONE""]","[""2065856"", ""2065857""]","[""PASSENGER"", ""PICKUP""]","[""PERSONAL""]","[""2009"", ""2024""]",[],[],"[""Y""]",[],[],[],"[""Y""]",[],"[""Y""]",[],[],[],[],[],[],[],"['31', '47']","[""DEPLOYMENT UNKNOWN"", ""NOT APPLICABLE""]","[""TEST NOT OFFERED""]","[""CHICAGO""]","[""2025-10-09T19:00:00.000""]","[""IMPROPER LANE CHANGE"", ""NONE""]","[""NOT OBSCURED"", ""UNKNOWN""]","[""D""]","[""IL""]","[""NONE""]",[],"[""O2167187"", ""O2167189""]","[""DRIVER""]","[""NORMAL"", ""UNKNOWN""]","[""USAGE UNKNOWN""]","[""M""]","[""IL""]","[""2065856"", ""2065857""]","[""60621"", ""60636""]",[],[],[],[],[],[],2025,10,19,9,False,evening,41.9,-87.62,41.9_-87.62,39.0,31,47,OTHER,0
STRAIGHT AND LEVEL,824,2025-10-09 19:00:00,5,19,10,88BCEB5DA82ED2EA03B93E6442A3CA81937EB9B9FD379BC3F265B744B81B7F1C516E0A5BF5B6FB96E37C2303CFA6472DD08EE5D6C243329301781A702F32223C,NO INJURY / DRIVE AWAY,"OVER $1,500",FUNCTIONING PROPERLY,TURNING,41.7898302119,DUSK,-87.7011593854,2,30,UNABLE TO DETERMINE,NO DEFECTS,DRY,UNABLE TO DETERMINE,S,5700,STOP SIGN/FLASHER,FOUR WAY,CLEAR,0.0,1.0,1.0,0.0,0.0,1.0,1,1,[],[],"[""Y""]","[""2025-10-09T19:00:00.000""]","[""2167077"", ""2167078""]","[""FRONT"", ""SIDE-LEFT-REAR""]","[""IL""]","[""DODGE"", ""FORD""]","[""STRAIGHT AHEAD"", ""TURNING RIGHT""]","[""F150"", ""RAM 1500 PU""]","[""1""]","[""N"", ""W""]","[""1"", ""2""]","[""DRIVER""]","[""NONE"", ""UNKNOWN""]","[""2065752"", ""2065757""]","[""PICKUP""]","[""PERSONAL""]","[""2016""]",[],[],[],[],[],"[""Y""]",[],[],[],[],[],"[""Y""]",[],[],[],[],['33'],"[""DEPLOYMENT UNKNOWN"", ""NOT APPLICABLE""]","[""TEST NOT OFFERED""]","[""CHICAGO""]","[""2025-10-09T19:00:00.000""]","[""FAILED TO YIELD"", ""NONE""]","[""NOT OBSCURED"", ""UNKNOWN""]","[""D""]","[""IL""]","[""NONE""]",[],"[""O2167077"", ""O2167078""]","[""DRIVER""]","[""NORMAL"", ""UNKNOWN""]","[""SAFETY BELT USED"", ""USAGE UNKNOWN""]","[""M"", ""X""]","[""IL""]","[""2065752"", ""2065757""]","[""60628""]",[],[],[],[],[],[],2025,10,19,9,False,evening,41.79,-87.7,41.79_-87.7,33.0,33,33,OTHER,0
STRAIGHT AND LEVEL,1225,2025-10-09 18:58:00,5,18,10,D052CFD610E0BA65C620302033FC010CED1D243F4D6C863FCCF501C64E11C0E5413F65425E7EE64D46A721D7401B5AB01BDB99A686B05C2B65013B257AA68CD3,NO INJURY / DRIVE AWAY,$500 OR LESS,NO CONTROLS,PEDESTRIAN,41.8774528982,"DARKNESS, LIGHTED ROAD",-87.6851408872,2,5,DISREGARDING STOP SIGN,NO DEFECTS,DRY,UNABLE TO DETERMINE,W,2333,OTHER,DRIVEWAY,CLEAR,0.0,0.0,0.0,0.0,0.0,1.0,2,2,[],[],[],"[""2025-10-09T18:58:00.000""]","[""2167083"", ""2167084""]","[""SIDE-RIGHT""]","[""IL""]","[""TOYOTA""]","[""STRAIGHT AHEAD""]","[""CAMRY""]","[""1""]","[""W""]","[""1"", ""2""]","[""DRIVER"", ""PEDESTRIAN""]","[""NONE""]","[""2065768""]","[""PASSENGER""]","[""PERSONAL""]","[""2020""]",[],[],[],[],[],[],[],[],[],[],[],[],"[""Y""]",[],[],[],"['20', '33']","[""NOT APPLICABLE""]","[""TEST NOT OFFERED""]","[""CHICAGO"", ""PARK CITY""]","[""2025-10-09T18:58:00.000""]","[""NONE"", ""OTHER""]","[""NOT OBSCURED""]","[""D""]","[""IL""]","[""NONE""]",[],"[""O2167083"", ""O2167084""]","[""DRIVER"", ""PEDESTRIAN""]","[""NORMAL""]","[""NONE PRESENT"", ""SAFETY BELT USED""]","[""F"", ""M""]","[""IL""]","[""2065768""]","[""60085"", ""60637""]",[],[],"[""UNKNOWN/NA""]","[""DRIVEWAY ACCESS""]","[""NO CONTRASTING CLOTHING""]",[],2025,10,18,9,False,afternoon,41.88,-87.69,41.88_-87.69,26.5,20,33,OTHER,0
STRAIGHT AND LEVEL,1623,2025-10-09 18:55:00,5,18,10,CF7DF5CB608B0771376EFCE73D5E3677B0111E662697132198DCDDE7646E9E2C6C53B5180153349193F987488195252B162D1BBB9022D93490E7E62706C6779A,NO INJURY / DRIVE AWAY,"OVER $1,500",NO CONTROLS,REAR TO SIDE,41.9706775856,"DARKNESS, LIGHTED ROAD",-87.7634289442,2,5,IMPROPER BACKING,UNKNOWN,DRY,NOT APPLICABLE,N,4946,NO CONTROLS,PARKING LOT,CLEAR,0.0,0.0,0.0,0.0,0.0,1.0,1,5,"[""Y""]",[],[],"[""2025-10-09T18:55:00.000""]","[""2167057"", ""2167058""]","[""FRONT-RIGHT-CORNER"", ""REAR-RIGHT-CORNER""]","[""IL""]","[""CHEVROLET"", ""TOYOTA""]","[""BACKING"", ""STRAIGHT AHEAD""]","[""PRIUS"", ""TRAX""]","[""1"", ""5""]","[""E"", ""S""]","[""1"", ""2""]","[""DRIVER""]","[""UNKNOWN""]","[""2065732"", ""2065749""]","[""PASSENGER"", ""SPORT UTILITY VEHICLE (SUV)""]","[""PERSONAL""]","[""2011"", ""2025""]",[],[],[],[],[],[],[],[],[],[],"[""4""]",[],[],"[""Y""]",[],[],"['16', '27', '31', '6', '7']","[""DID NOT DEPLOY""]","[""TEST NOT OFFERED""]","[""CHICAGO""]","[""2025-10-09T18:55:00.000""]","[""IMPROPER BACKING"", ""OTHER""]","[""UNKNOWN""]","[""D""]","[""IL""]","[""NONE""]",[],"[""O2167057"", ""O2167058"", ""P478158"", ""P478159"", ""P478160"", ""P478161""]","[""DRIVER"", ""PASSENGER""]","[""NORMAL""]","[""SAFETY BELT USED"", ""USAGE UNKNOWN""]","[""F"", ""M""]","[""IL""]","[""2065732"", ""2065749""]","[""60394"", ""60624""]",[],"[""3"", ""4"", ""5"", ""6""]",[],[],[],[],2025,10,18,9,False,afternoon,41.97,-87.76,41.97_-87.76,17.4,6,31,OTHER,0
STRAIGHT AND LEVEL,213,2025-10-09 18:46:00,5,18,10,9DE46D0FBA6165D7E8143A312B541F38C13E62A3684DBD3C7FAD6D6B1F446B82D58EF096BA6D5D28620024D0887DB9EA0DE19EA1EE503D4C7953E52126365D0D,INJURY AND / OR TOW DUE TO CRASH,$500 OR LESS,NO CONTROLS,PEDESTRIAN,41.8166280141,"DARKNESS, LIGHTED ROAD",-87.6231791243,2,30,UNABLE TO DETERMINE,NO DEFECTS,DRY,NOT APPLICABLE,S,4298,NO CONTROLS,ONE-WAY,CLEAR,0.0,1.0,0.0,0.0,0.0,1.0,2,1,[],[],[],"[""2025-10-09T18:46:00.000""]","[""2167031"", ""2167032""]","[""UNKNOWN""]","[""IL""]","[""HONDA""]","[""STRAIGHT AHEAD""]","[""HR-V""]","[""1""]","[""S""]","[""1"", ""2""]","[""DRIVER"", ""PEDESTRIAN""]","[""UNKNOWN""]","[""2065709""]","[""SPORT UTILITY VEHICLE (SUV)""]","[""UNKNOWN/NA""]","[""2021""]",[],[],[],[],[],[],"[""Y""]",[],[],[],[],[],[],[],[],[],['31'],"[""DEPLOYMENT UNKNOWN""]","[""TEST NOT OFFERED""]","[""CHICAGO""]","[""2025-10-09T18:46:00.000""]","[""FOLLOWED TOO CLOSELY"", ""NONE""]","[""UNKNOWN""]",[],[],"[""NONE""]",[],"[""O2167031"", ""O2167032""]","[""DRIVER"", ""PEDESTRIAN""]","[""NORMAL"", ""UNKNOWN""]","[""NONE PRESENT"", ""USAGE UNKNOWN""]","[""M"", ""X""]","[""IL""]","[""2065709""]","[""60643"", ""60653""]","[""CFD AMBO #35""]",[],"[""WITH TRAFFIC""]","[""IN ROADWAY""]","[""NO CONTRASTING CLOTHING""]",[],2025,10,18,9,False,afternoon,41.82,-87.62,41.82_-87.62,31.0,31,31,OTHER,1
STRAIGHT AND LEVEL,1925,2025-10-09 18:45:00,5,18,10,E658C40AAB3D06DFC441B684A786E1F3855248ED68A7E2B4BAA110C6DDE778E9DF4A00F50C9B9F2B93E4B9DDF739D1353FCDDE2457A906D318915167D88BD405,INJURY AND / OR TOW DUE TO CRASH,"OVER $1,500",NO CONTROLS,REAR END,41.9443807644,"DARKNESS, LIGHTED ROAD",-87.6412088998,2,40,FOLLOWING TOO CLOSELY,NO DEFECTS,DRY,NOT APPLICABLE,N,3430,NO CONTROLS,DIVIDED - W/MEDIAN BARRIER,CLEAR,0.0,0.0,0.0,0.0,0.0,1.0,1,2,"[""Y""]",[],"[""Y""]","[""2025-10-09T18:45:00.000""]","[""2167045"", ""2167046""]","[""FRONT"", ""REAR""]","[""IL""]","[""AUDI"", ""MAZDA""]","[""STRAIGHT AHEAD""]","[""CX-30"", ""SQ5""]","[""1""]","[""S""]","[""1"", ""2""]","[""DRIVER""]","[""NONE""]","[""2065723"", ""2065731""]","[""PASSENGER""]","[""PERSONAL""]","[""2020"", ""2021""]",[],[],"[""Y""]","[""PRIVATE""]","[""Y""]","[""Y""]",[],[],[],[],[],[],[],"[""Y""]","[""Y""]",[],"['28', '55']","[""DEPLOYED, FRONT"", ""DID NOT DEPLOY""]","[""TEST NOT OFFERED""]","[""CHICAGO"", ""PARK RIDGE""]","[""2025-10-09T18:45:00.000""]","[""FOLLOWED TOO CLOSELY"", ""NONE""]","[""NOT OBSCURED""]","[""D""]","[""IL""]","[""NONE""]",[],"[""O2167045"", ""O2167046""]","[""DRIVER""]","[""NORMAL""]","[""SAFETY BELT USED""]","[""F"", ""M""]","[""IL""]","[""2065723"", ""2065731""]","[""60068"", ""60613""]",[],[],[],[],[],[],2025,10,18,9,False,afternoon,41.94,-87.64,41.94_-87.64,41.5,28,55,FOLLOWING TOO CLOSELY,1
STRAIGHT AND LEVEL,1421,2025-10-09 18:40:00,5,18,10,FE53892C89D8BD28FCF4376A824190F0794F033767DEAFAAD13A98510BB19CE263A69DC927618D2BE53AA01A9C79872D85CE6F95B055E97D66B96DAFBCEB571C,INJURY AND / OR TOW DUE TO CRASH,"$501 - $1,500",NO CONTROLS,PEDALCYCLIST,41.9172942446,"DARKNESS, LIGHTED ROAD",-87.7065452895,2,30,FAILING TO YIELD RIGHT-OF-WAY,UNKNOWN,DRY,DRIVING SKILLS/KNOWLEDGE/EXPERIENCE,W,3129,NO CONTROLS,NOT DIVIDED,CLEAR,0.0,1.0,0.0,0.0,0.0,1.0,2,2,"[""Y""]",[],"[""Y""]","[""2025-10-09T18:40:00.000""]","[""2167069"", ""2167070""]","[""REAR-RIGHT-CORNER""]","[""IL""]","[""HONDA""]","[""TURNING LEFT""]","[""CIVIC""]","[""1""]","[""W""]","[""1"", ""2""]","[""BICYCLE"", ""DRIVER""]","[""UNKNOWN""]","[""2065744""]","[""PASSENGER""]","[""PERSONAL""]","[""2008""]",[],[],[],[],[],[],[],[],[],[],[],[],[],[],[],[],"['26', '45']","[""DID NOT DEPLOY""]","[""TEST NOT OFFERED""]","[""CHICAGO""]","[""2025-10-09T18:40:00.000""]","[""FAILED TO YIELD"", ""NONE""]","[""NOT OBSCURED"", ""UNKNOWN""]","[""D""]","[""IL""]","[""NONE"", ""TOTALLY EJECTED""]","[""HUMBOLDT PARK HEALTH""]","[""O2167069"", ""O2167070""]","[""BICYCLE"", ""DRIVER""]","[""NORMAL"", ""UNKNOWN""]","[""HELMET NOT USED"", ""USAGE UNKNOWN""]","[""F"", ""M""]","[""IL""]","[""2065744""]","[""60622"", ""60647""]",[],[],"[""WITH TRAFFIC""]","[""BIKE LANE""]","[""NO CONTRASTING CLOTHING""]",[],2025,10,18,9,False,afternoon,41.92,-87.71,41.92_-87.71,35.5,26,45,FAILURE-TO-YIELD,1
STRAIGHT AND LEVEL,1711,2025-10-09 18:36:00,5,18,10,7AD67C49A656BFF56D321693C50FDE431F196BB9E7CEF93060C86BD4F6DC92116DC7901BA7B55C9D9A68B4A56F51207437051630802EA623C91656B4EF5664B6,INJURY AND / OR TOW DUE TO CRASH,"OVER $1,500",NO CONTROLS,SIDESWIPE SAME DIRECTION,41.985057876,DUSK,-87.7286420921,2,30,IMPROPER OVERTAKING/PASSING,NO DEFECTS,DRY,NOT APPLICABLE,N,5724,NO CONTROLS,NOT DIVIDED,CLEAR,0.0,0.0,0.0,0.0,0.0,1.0,1,3,"[""Y""]","[""Y""]",[],"[""2025-10-09T18:36:00.000""]","[""2167028"", ""2167029""]","[""FRONT-RIGHT-CORNER"", ""SIDE-LEFT""]","[""IL""]","[""HYUNDAI"", ""NISSAN""]","[""CHANGING LANES"", ""STRAIGHT AHEAD""]","[""SENTRA"", ""SONATA""]","[""1"", ""2""]","[""S""]","[""1"", ""2""]","[""DRIVER""]","[""NONE""]","[""2065707"", ""2065714""]","[""PASSENGER""]","[""PERSONAL""]","[""2020"", ""2023""]",[],[],[],[],[],[],[],"[""Y""]","[""Y""]",[],"[""1""]",[],[],[],[],[],"['37', '75', '78']","[""DID NOT DEPLOY"", ""NOT APPLICABLE""]","[""TEST NOT OFFERED""]","[""CHICAGO""]","[""2025-10-09T18:36:00.000""]","[""IMPROPER LANE CHANGE"", ""NONE""]","[""NOT OBSCURED""]","[""D""]","[""IL""]","[""NONE""]",[],"[""O2167028"", ""O2167029"", ""P478152""]","[""DRIVER"", ""PASSENGER""]","[""NORMAL""]","[""SAFETY BELT USED""]","[""F"", ""M""]","[""IL""]","[""2065707"", ""2065714""]","[""60613"", ""60640""]",[],"[""12""]",[],[],[],[],2025,10,18,9,False,afternoon,41.99,-87.73,41.99_-87.73,63.333333333333336,37,78,OTHER,1
STRAIGHT AND LEVEL,1432,2025-10-09 18:35:00,5,18,10,BD050B3D65E23E6B466E60C4DCB2788CED37762EE726CE43EEDEB643A52D4BFB35544357AA91F439C9B74B20F618605F505AC27680BAFF64E78E5185301E72C0,NO INJURY / DRIVE AWAY,"OVER $1,500",NO CONTROLS,SIDESWIPE SAME DIRECTION,41.9215587769,DAYLIGHT,-87.6744276581,2,30,FAILING TO REDUCE SPEED TO AVOID CRASH,UNKNOWN,UNKNOWN,UNABLE TO DETERMINE,W,1846,NO CONTROLS,DIVIDED - W/MEDIAN (NOT RAISED),CLEAR,0.0,0.0,0.0,0.0,0.0,1.0,1,2,"[""Y""]",[],[],"[""2025-10-09T18:35:00.000""]","[""2167609"", ""2167610""]","[""FRONT-RIGHT-CORNER"", ""REAR-LEFT-CORNER""]","[""IL""]","[""LEXUS"", ""TESLA""]","[""MERGING"", ""SLOW/STOP IN TRAFFIC""]","[""MODEL Y"", ""OTHER (EXPLAIN IN NARRATIVE)""]","[""1""]","[""E""]","[""1"", ""2""]","[""DRIVER""]","[""NONE""]","[""2066249"", ""2066260""]","[""PASSENGER""]","[""PERSONAL"", ""UNKNOWN/NA""]","[""2002"", ""2026""]",[],[],[],[],[],"[""Y""]",[],[],[],[],[],[],[],[],[],[],"['40', '49']","[""DID NOT DEPLOY""]","[""TEST NOT OFFERED"", ""TEST REFUSED""]","[""CHICAGO""]","[""2025-10-09T18:35:00.000""]","[""OTHER""]","[""NOT OBSCURED"", ""UNKNOWN""]","[""D""]","[""IL""]","[""NONE""]",[],"[""O2167609"", ""O2167610""]","[""DRIVER""]","[""NORMAL"", ""UNKNOWN""]","[""SAFETY BELT USED"", ""USAGE UNKNOWN""]","[""M""]","[""IL""]","[""2066249"", ""2066260""]","[""60614""]",[],[],[],[],[],[],2025,10,18,9,False,afternoon,41.92,-87.67,41.92_-87.67,44.5,40,49,SPEEDING,0