alignment,beat_of_occurrence,crash_date,crash_day_of_week,crash_hour,crash_month,crash_record_id,crash_type,damage,device_condition,first_crash_type,latitude,lighting_condition,longitude,num_units,posted_speed_limit,prim_contributory_cause,road_defect,roadway_surface_cond,sec_contributory_cause,street_direction,street_no,traffic_control_device,trafficway_type,weather_condition,private_property_i,hit_and_run_i,intersection_related_i,crash_date_est_i,work_zone_i,workers_present_i,veh_count,ppl_count,veh_area_01_i_list_json,veh_area_02_i_list_json,veh_area_12_i_list_json,veh_crash_date_list_json,veh_crash_unit_id_list_json,veh_first_contact_point_list_json,veh_lic_plate_state_list_json,veh_make_list_json,veh_maneuver_list_json,veh_model_list_json,veh_occupant_cnt_list_json,veh_travel_direction_list_json,veh_unit_no_list_json,veh_unit_type_list_json,veh_vehicle_defect_list_json,veh_vehicle_id_list_json,veh_vehicle_type_list_json,veh_vehicle_use_list_json,veh_vehicle_year_list_json,veh_area_03_i_list_json,veh_area_04_i_list_json,veh_area_11_i_list_json,veh_towed_by_list_json,veh_towed_i_list_json,veh_area_07_i_list_json,veh_area_99_i_list_json,veh_area_09_i_list_json,veh_area_10_i_list_json,veh_cmrc_veh_i_list_json,veh_num_passengers_list_json,veh_area_08_i_list_json,veh_area_00_i_list_json,veh_area_05_i_list_json,veh_area_06_i_list_json,veh_towed_to_list_json,ppl_age_list_json,ppl_airbag_deployed_list_json,ppl_bac_result_list_json,ppl_city_list_json,ppl_crash_date_list_json,ppl_driver_action_list_json,ppl_driver_vision_list_json,ppl_drivers_license_class_list_json,ppl_drivers_license_state_list_json,ppl_ejection_list_json,ppl_hospital_list_json,ppl_person_id_list_json,ppl_person_type_list_json,ppl_physical_condition_list_json,ppl_safety_equipment_list_json,ppl_sex_list_json,ppl_state_list_json,ppl_vehicle_id_list_json,ppl_zipcode_list_json,ppl_ems_agency_list_json,ppl_seat_no_list_json,ppl_pedpedal_action_list_json,ppl_pedpedal_location_list_json,ppl_pedpedal_visibility_list_json,ppl_ems_run_no_list_json,year,month,hour,day,is_weekend,hour_bin,lat_bin,lng_bin,grid_id,ppl_age_mean,ppl_age_min,ppl_age_max,prim_contributory_cause_group,ksi_flag
STRAIGHT AND LEVEL,1935,2025-10-09 18:35:00,5,18,10,ED9F29EDAEB0EB6FFB30FF317E88B39069307A325DAB8F1CA8F67DC25A62B3A21404681F3BCD2F20A248E6A0D0C103286DCC6883BF18E2006BE57CC33ED3DDD9,NO INJURY / DRIVE AWAY,"$501 - $1,500",NO CONTROLS,SIDESWIPE SAME DIRECTION,41.9262516097,DARKNESS,-87.6310449122,2,30,IMPROPER OVERTAKING/PASSING,NO DEFECTS,DRY,IMPROPER OVERTAKING/PASSING,N,2401,NO CONTROLS,DIVIDED - W/MEDIAN (NOT RAISED),CLEAR,0.0,0.0,0.0,0.0,0.0,1.0,1,2,[],"[""Y""]",[],"[""2025-10-09T18:35:00.000""]","[""2170664"", ""2170665""]","[""FRONT-LEFT-CORNER"", ""SIDE-RIGHT""]","[""IL"", ""PA""]","[""HONDA""]","[""MERGING""]","[""HR-V""]","[""1""]","[""N""]","[""1"", ""2""]","[""DRIVER""]","[""NONE""]","[""2069157"", ""2069164""]","[""PASSENGER""]","[""PERSONAL""]","[""2020"", ""2022""]","[""Y""]","[""Y""]","[""Y""]",[],[],[],[],[],[],[],[],[],[],[],[],[],"['25', '27']","[""NOT APPLICABLE""]","[""TEST NOT OFFERED""]","[""CHICAGO"", ""PITTSBURGH""]","[""2025-10-09T18:35:00.000""]","[""UNKNOWN""]","[""UNKNOWN""]",[],"[""IL"", ""PA""]","[""UNKNOWN""]",[],"[""O2170664"", ""O2170665""]","[""DRIVER""]","[""NORMAL"", ""UNKNOWN""]","[""SAFETY BELT USED"", ""USAGE UNKNOWN""]","[""M""]","[""IL"", ""PA""]","[""2069157"", ""2069164""]","[""15238"", ""60640""]",[],[],[],[],[],[],2025,10,18,9,False,afternoon,41.93,-87.63,41.93_-87.63,26.0,25,27,OTHER,0
STRAIGHT AND LEVEL,1823,2025-10-09 18:30:00,5,18,10,D23FD95D598B8C22E38420EB051887FCC01FDFA790DEDB7C35743741DE691A25261E27FD1B2AE032461793D4DCE4725AAB9D6C2C1FB58588AF4FAB3BD40E5A49,NO INJURY / DRIVE AWAY,"OVER $1,500",NO CONTROLS,SIDESWIPE SAME DIRECTION,41.8965911301,UNKNOWN,-87.6373192669,2,25,NOT APPLICABLE,UNKNOWN,UNKNOWN,NOT APPLICABLE,N,800,NO CONTROLS,NOT DIVIDED,CLEAR,0.0,0.0,0.0,0.0,0.0,1.0,1,1,"[""Y""]","[""Y""]",[],"[""2025-10-09T18:30:00.000""]","[""2167006"", ""2167007""]","[""FRONT-LEFT-CORNER"", ""SIDE-RIGHT""]","[""IL""]","[""HYUNDAI"", ""TOYOTA""]","[""UNKNOWN/NA""]","[""PRIUS"", ""SANTA FE""]","[""1""]","[""UNKNOWN""]","[""1"", ""2""]","[""DRIVER""]","[""UNKNOWN""]","[""2065688"", ""2065696""]","[""PASSENGER""]","[""PERSONAL""]","[""2009"", ""2014""]","[""Y""]","[""Y""]","[""Y""]",[],[],[],[],[],"[""Y""]",[],[],[],[],"[""Y""]",[],[],['29'],"[""DEPLOYMENT UNKNOWN"", ""NOT APPLICABLE""]","[""TEST NOT OFFERED""]","[""CHICAGO""]","[""2025-10-09T18:30:00.000""]","[""UNKNOWN""]","[""UNKNOWN""]",[],"[""IL""]","[""NONE"", ""UNKNOWN""]",[],"[""O2167006"", ""O2167007""]","[""DRIVER""]","[""UNKNOWN""]","[""USAGE UNKNOWN""]","[""M""]","[""IL""]","[""2065688"", ""2065696""]","[""60650""]",[],[],[],[],[],[],2025,10,18,9,False,afternoon,41.9,-87.64,41.9_-87.64,29.0,29,29,OTHER,0
STRAIGHT AND LEVEL,1633,2025-10-09 18:30:00,5,18,10,540AFDB73AC6B027B9CA69CD79737D02E7C30DA6AA7F3D053DCDDCAC05A616FBCDF6D42F68775A99A331971139906F81F8807312C284EF3E23C41DE238CF7BB5,INJURY AND / OR TOW DUE TO CRASH,"OVER $1,500",FUNCTIONING PROPERLY,ANGLE,41.9395313819,"DARKNESS, LIGHTED ROAD",-87.7666805051,2,30,FAILING TO YIELD RIGHT-OF-WAY,UNKNOWN,DRY,FAILING TO REDUCE SPEED TO AVOID CRASH,N,3230,STOP SIGN/FLASHER,FOUR WAY,CLEAR,0.0,0.0,1.0,0.0,0.0,1.0,1,5,[],[],"[""Y""]","[""2025-10-09T18:30:00.000""]","[""2167075"", ""2167076""]","[""FRONT"", ""FRONT-LEFT-CORNER""]","[""IL""]","[""CHEVROLET"", ""HYUNDAI""]","[""STRAIGHT AHEAD""]","[""EQUINOX"", ""OTHER (EXPLAIN IN NARRATIVE)""]","[""2"", ""3""]","[""E"", ""N""]","[""1"", ""2""]","[""DRIVER""]","[""UNKNOWN""]","[""2065751"", ""2065755""]","[""PASSENGER""]","[""UNKNOWN/NA""]","[""2014"", ""2019""]",[],[],"[""N"", ""Y""]","[""PRIVATE""]","[""Y""]",[],[],[],"[""Y""]",[],"[""1"", ""2""]",[],[],[],[],"[""UNKNOWN""]","['0', '24', '26', '27', '47']","[""DID NOT DEPLOY"", ""NOT APPLICABLE""]","[""TEST NOT OFFERED""]","[""CHICAGO""]","[""2025-10-09T18:30:00.000""]","[""FAILED TO YIELD"", ""NONE""]","[""UNKNOWN""]","[""D""]","[""IL""]","[""NONE""]",[],"[""O2167075"", ""O2167076"", ""P478166"", ""P478168"", ""P478169""]","[""DRIVER"", ""PASSENGER""]","[""NORMAL""]","[""CHILD RESTRAINT - TYPE UNKNOWN"", ""SAFETY BELT USED"", ""USAGE UNKNOWN""]","[""F""]","[""IL""]","[""2065751"", ""2065755""]","[""60632"", ""60639"", ""60640""]",[],"[""3"", ""4""]",[],[],[],[],2025,10,18,9,False,afternoon,41.94,-87.77,41.94_-87.77,24.8,0,47,FAILURE-TO-YIELD,0
STRAIGHT AND LEVEL,1411,2025-10-09 18:30:00,5,18,10,1807D2607364CDA9FD53B7251A6DC82CDE6D6F39C864C012F454099873E6011FBFEBC1C0BB64C885C6173D9B094D5CB887EC16804E33E009D204EABC3AF642CF,NO INJURY / DRIVE AWAY,"OVER $1,500",NO CONTROLS,TURNING,41.9322662169,DAYLIGHT,-87.6892669155,2,30,UNABLE TO DETERMINE,UNKNOWN,DRY,UNABLE TO DETERMINE,W,2432,NO CONTROLS,T-INTERSECTION,CLEAR,0.0,0.0,1.0,0.0,0.0,1.0,1,0,[],[],[],"[""2025-10-09T18:30:00.000""]","[""2167290"", ""2167291""]","[""FRONT-RIGHT-CORNER"", ""SIDE-LEFT""]",[],"[""SUBARU"", ""TOYOTA""]","[""STRAIGHT AHEAD"", ""TURNING LEFT""]","[""FORESTER"", ""SIENNA""]","[""1""]","[""W""]","[""1"", ""2""]","[""DRIVER""]","[""NONE"", ""UNKNOWN""]","[""2065951"", ""2065957""]","[""SPORT UTILITY VEHICLE (SUV)"", ""VAN/MINI-VAN""]","[""PERSONAL""]",[],[],[],[],[],[],[],[],[],[],[],[],[],[],[],[],[],[],"[""DID NOT DEPLOY""]","[""TEST NOT OFFERED""]",[],"[""2025-10-09T18:30:00.000""]","[""UNKNOWN""]","[""NOT OBSCURED""]",[],[],"[""NONE""]",[],"[""O2167290"", ""O2167291""]","[""DRIVER""]","[""NORMAL""]","[""SAFETY BELT USED"", ""USAGE UNKNOWN""]","[""F"", ""M""]",[],"[""2065951"", ""2065957""]",[],[],[],[],[],[],[],2025,10,18,9,False,afternoon,41.93,-87.69,41.93_-87.69,0.0,0,0,OTHER,0
STRAIGHT AND LEVEL,1924,2025-10-09 18:30:00,5,18,10,12ED2285C7FDB998AF90318EA1204FBB4BC7F1A48680D08BB0F7700813EA7C7C1AE5D388EBC2FEF4CC1B2771BB4FA78A7906D1A7C11351E828E2F5FDF5C5E578,NO INJURY / DRIVE AWAY,"OVER $1,500",NO CONTROLS,PARKED MOTOR VEHICLE,41.9443823328,UNKNOWN,-87.6518466538,2,30,UNABLE TO DETERMINE,UNKNOWN,UNKNOWN,NOT APPLICABLE,W,865,NO CONTROLS,ONE-WAY,CLEAR,0.0,1.0,0.0,0.0,0.0,1.0,2,0,[],[],[],"[""2025-10-09T18:30:00.000""]","[""2167347"", ""2167348""]","[""SIDE-LEFT-REAR"", ""UNKNOWN""]","[""IL""]","[""CHEVROLET""]","[""AVOIDING VEHICLES/OBJECTS"", ""PARKED""]","[""OTHER (EXPLAIN IN NARRATIVE)""]","[""0"", ""1""]","[""E""]","[""1"", ""2""]","[""DRIVER"", ""PARKED""]","[""NONE"", ""UNKNOWN""]","[""2066001"", ""2066018""]","[""PASSENGER"", ""TRUCK - SINGLE UNIT""]","[""PERSONAL"", ""UNKNOWN/NA""]","[""2005"", ""2012""]",[],[],[],[],[],"[""Y""]",[],[],[],"[""N""]",[],[],[],[],"[""Y""]",[],[],"[""DEPLOYMENT UNKNOWN""]","[""TEST NOT OFFERED""]","[""SKOKIE""]","[""2025-10-09T18:30:00.000""]","[""IMPROPER PASSING""]","[""UNKNOWN""]",[],[],"[""NONE""]",[],"[""O2167347""]","[""DRIVER""]","[""UNKNOWN""]","[""USAGE UNKNOWN""]","[""X""]","[""IL""]","[""2066018""]","[""60076""]",[],[],[],[],[],[],2025,10,18,9,False,afternoon,41.94,-87.65,41.94_-87.65,0.0,0,0,OTHER,0
STRAIGHT AND LEVEL,1235,2025-10-09 18:30:00,5,18,10,0BEE7F3ABD3A4DC609FD446BFE6D70CDCE99B284C3845087285B112BAB28F997566BE803FDF04817A16B528F2B8BD5AFAE56DFB8818726AE46F6322BB0EC373F,NO INJURY / DRIVE AWAY,"OVER $1,500",NO CONTROLS,PARKED MOTOR VEHICLE,41.8550582626,"DARKNESS, LIGHTED ROAD",-87.6546191131,2,30,NOT APPLICABLE,NO DEFECTS,DRY,NOT APPLICABLE,S,2005,NO CONTROLS,DIVIDED - W/MEDIAN (NOT RAISED),CLEAR,0.0,1.0,0.0,0.0,0.0,1.0,2,0,"[""Y""]",[],"[""Y""]","[""2025-10-09T18:30:00.000""]","[""2166997"", ""2166998""]","[""FRONT-RIGHT-CORNER"", ""REAR-LEFT-CORNER""]","[""IL"", ""XX""]","[""TOYOTA"", ""UNKNOWN""]","[""PARKED"", ""STRAIGHT AHEAD""]","[""CAMRY"", ""WHEELS ONLY""]","[""0"", ""1""]","[""N""]","[""1"", ""2""]","[""DRIVER"", ""PARKED""]","[""NONE""]","[""2065684"", ""2065687""]","[""PASSENGER""]","[""PERSONAL""]","[""2011""]",[],[],[],[],[],"[""Y""]",[],[],[],[],[],"[""Y""]",[],[],"[""N""]",[],[],"[""DEPLOYMENT UNKNOWN""]","[""TEST NOT OFFERED""]","[""UNKNOWN""]","[""2025-10-09T18:30:00.000""]","[""UNKNOWN""]","[""UNKNOWN""]",[],"[""XX""]","[""NONE""]",[],"[""O2166997""]","[""DRIVER""]","[""UNKNOWN""]","[""USAGE UNKNOWN""]","[""X""]","[""IL""]","[""2065684""]",[],[],[],[],[],[],[],2025,10,18,9,False,afternoon,41.86,-87.65,41.86_-87.65,0.0,0,0,OTHER,0
STRAIGHT AND LEVEL,321,2025-10-09 18:27:00,5,18,10,0F0ADDCC8840AAB4DF754DE47CEB413D74B62CCE3C396927982945D9F0F7E39CEA56D549D76B3E900530ACC924BCEFABFEC97E4860E5C50654B2A4C096DEFA86,INJURY AND / OR TOW DUE TO CRASH,"OVER $1,500",FUNCTIONING PROPERLY,SIDESWIPE OPPOSITE DIRECTION,41.7733844267,DUSK,-87.5864432027,2,30,UNABLE TO DETERMINE,NO DEFECTS,DRY,UNABLE TO DETERMINE,S,6658,TRAFFIC SIGNAL,DIVIDED - W/MEDIAN (NOT RAISED),CLEAR,0.0,0.0,1.0,0.0,0.0,1.0,1,2,[],[],"[""Y""]","[""2025-10-09T18:27:00.000""]","[""2167047"", ""2167048""]","[""FRONT-LEFT-CORNER""]","[""IL""]","[""DODGE""]","[""STRAIGHT AHEAD""]","[""CHARGER""]","[""1""]","[""N"", ""S""]","[""1"", ""2""]","[""DRIVER""]","[""NONE""]","[""2065739"", ""2065748""]","[""PASSENGER""]","[""PERSONAL""]","[""2014"", ""2022""]",[],[],"[""Y""]","[""CITY OF CHICAGO""]","[""Y""]",[],[],[],"[""Y""]",[],[],[],[],[],[],"[""103RD DOTY ROAD""]","['35', '54']","[""NOT APPLICABLE""]","[""TEST NOT OFFERED""]","[""CHICAGO""]","[""2025-10-09T18:27:00.000""]","[""FAILED TO YIELD"", ""NONE""]","[""NOT OBSCURED""]","[""D""]","[""IL""]","[""NONE""]",[],"[""O2167047"", ""O2167048""]","[""DRIVER""]","[""NORMAL""]","[""NONE PRESENT"", ""SAFETY BELT USED""]","[""F"", ""M""]","[""IL""]","[""2065739"", ""2065748""]","[""60609""]",[],[],[],[],[],[],2025,10,18,9,False,afternoon,41.77,-87.59,41.77_-87.59,44.5,35,54,OTHER,0
STRAIGHT AND LEVEL,915,2025-10-09 18:20:00,5,18,10,0E207E864CBB4FC11027D13CD70473425176AF34E92FDF56142C0B7950AAF6FA6D58172B4FCD3973BEBE8EBD3CDA6CD5B196F79018153CFBF617A6A507F7AFA6,NO INJURY / DRIVE AWAY,"OVER $1,500",NO CONTROLS,PARKED MOTOR VEHICLE,41.8369331207,DUSK,-87.6378713308,2,20,UNABLE TO DETERMINE,NO DEFECTS,"SAND, MUD, DIRT",NOT APPLICABLE,S,3140,NO CONTROLS,DIVIDED - W/MEDIAN (NOT RAISED),CLEAR,0.0,0.0,0.0,0.0,1.0,1.0,2,1,[],[],[],"[""2025-10-09T18:20:00.000""]","[""2167025"", ""2167026""]","[""REAR"", ""REAR-LEFT-CORNER""]","[""IL""]","[""CONSTRUCTION MACHINERY COMPANY"", ""TOYOTA""]","[""OTHER"", ""PARKED""]","[""CAMRY"", ""CONSTRUCTION MACHINERY CO.""]","[""0"", ""1""]","[""N"", ""S""]","[""1"", ""2""]","[""DRIVER"", ""PARKED""]","[""NONE""]","[""2065702"", ""2065711""]","[""OTHER"", ""PASSENGER""]","[""CONSTRUCTION/MAINTENANCE"", ""NOT IN USE""]","[""2004"", ""2023""]",[],[],[],[],[],"[""Y""]","[""Y""]","[""Y""]",[],"[""N""]",[],"[""Y""]",[],[],[],[],['55'],"[""NOT APPLICABLE""]","[""TEST NOT OFFERED""]","[""CHICAGO""]","[""2025-10-09T18:20:00.000""]","[""UNKNOWN""]","[""UNKNOWN""]","[""A""]","[""IL""]","[""NONE""]",[],"[""O2167025""]","[""DRIVER""]","[""NORMAL""]","[""USAGE UNKNOWN""]","[""M""]","[""IL""]","[""2065711""]","[""60602""]",[],[],[],[],[],[],2025,10,18,9,False,afternoon,41.84,-87.64,41.84_-87.64,55.0,55,55,OTHER,0
STRAIGHT AND LEVEL,1414,2025-10-09 18:15:00,5,18,10,6FAA960631C892FAFE567B836DE0D58CE8E8F4513692B3CF2F704795C047887BC58B939E64E662B74D10DB04328BB992262D85F2DAD7410C02EE8B3FAA5BB90F,NO INJURY / DRIVE AWAY,"OVER $1,500",NO CONTROLS,PARKED MOTOR VEHICLE,41.9175910208,DAYLIGHT,-87.698098527,2,15,DRIVING SKILLS/KNOWLEDGE/EXPERIENCE,NO DEFECTS,DRY,NOT APPLICABLE,W,2820,NO CONTROLS,PARKING LOT,CLEAR,0.0,1.0,0.0,0.0,0.0,1.0,2,0,[],[],[],"[""2025-10-09T18:15:00.000""]","[""2166986"", ""2166987""]","[""REAR"", ""SIDE-LEFT-FRONT""]","[""IL""]","[""HONDA""]","[""BACKING"", ""PARKED""]","[""ACCORD"", ""OTHER (EXPLAIN IN NARRATIVE)""]","[""0"", ""1""]","[""S"", ""W""]","[""1"", ""2""]","[""DRIVER"", ""PARKED""]","[""UNKNOWN""]","[""2065673"", ""2065678""]","[""PASSENGER""]","[""PERSONAL""]","[""2008"", ""2016""]",[],[],"[""Y""]",[],[],[],"[""Y""]","[""Y""]","[""Y""]",[],[],[],[],[],[],[],[],"[""NOT APPLICABLE""]","[""TEST NOT OFFERED""]",[],"[""2025-10-09T18:15:00.000""]","[""OTHER""]","[""UNKNOWN""]",[],[],"[""NONE""]",[],"[""O2166986""]","[""DRIVER""]","[""UNKNOWN""]","[""USAGE UNKNOWN""]","[""X""]",[],"[""2065673""]",[],[],[],[],[],[],[],2025,10,18,9,False,afternoon,41.92,-87.7,41.92_-87.7,0.0,0,0,OTHER,0
STRAIGHT AND LEVEL,815,2025-10-09 18:10:00,5,18,10,A44DA3A918CC2DC85F108957F8BA44AF1F345F27E68F5DD2327FFD6CC5A5966C75B7C774FC7B29A5E4970C1EF9B666FD0ADE21951950E2579D00A201ACC6DDA1,INJURY AND / OR TOW DUE TO CRASH,$500 OR LESS,NO CONTROLS,OTHER NONCOLLISION,41.7947149316,DUSK,-87.7405110891,1,15,NOT APPLICABLE,UNKNOWN,DRY,NOT APPLICABLE,S,5400,OTHER,NOT DIVIDED,CLEAR,0.0,0.0,0.0,0.0,0.0,1.0,1,3,[],[],[],"[""2025-10-09T18:10:00.000""]","[""2175160""]","[""NONE""]","[""IL""]","[""GILL MANUFACTURING COMPANY""]","[""TURNING LEFT""]","[""GILL MFG. CO.""]","[""3""]","[""W""]","[""1""]","[""DRIVER""]","[""UNKNOWN""]","[""2073430""]","[""BUS OVER 15 PASS.""]","[""OTHER""]","[""2023""]",[],[],[],[],[],[],[],[],[],"[""N""]","[""2""]",[],"[""Y""]",[],[],[],"['28', '47', '61']","[""NOT APPLICABLE""]","[""TEST NOT OFFERED""]","[""CALUMET"", ""CHICAGO""]","[""2025-10-09T18:10:00.000""]","[""UNKNOWN""]","[""UNKNOWN""]","[""A""]","[""IL""]","[""NONE""]",[],"[""O2175160"", ""P479885"", ""P479889""]","[""DRIVER"", ""PASSENGER""]","[""NORMAL""]","[""NONE PRESENT"", ""USAGE UNKNOWN""]","[""F"", ""M""]","[""IL""]","[""2073430""]","[""60409"", ""60607"", ""60628""]",[],"[""3"", ""5""]",[],[],[],[],2025,10,18,9,False,afternoon,41.79,-87.74,41.79_-87.74,45.333333333333336,28,61,OTHER,1
STRAIGHT AND LEVEL,1931,2025-10-09 18:09:00,5,18,10,3798291C40CE2FD97412920C29B8B1D528E4B2203B65B4D15F1B5A6B9AC8EBC5401C73C59A0CFCA6CCB9B5C52CF146A41A1C1C55DF6D85816F62ACD04EE497F3,NO INJURY / DRIVE AWAY,"OVER $1,500",NO CONTROLS,TURNING,41.930025458,DAYLIGHT,-87.6753335365,2,10,UNABLE TO DETERMINE,NO DEFECTS,DRY,NOT APPLICABLE,N,2675,NO CONTROLS,PARKING LOT,CLEAR,0.0,0.0,0.0,0.0,0.0,1.0,1,4,[],[],[],"[""2025-10-09T18:09:00.000""]","[""2167038"", ""2167039""]","[""SIDE-RIGHT"", ""SIDE-RIGHT-REAR""]","[""IL"", ""IN""]","[""TOYOTA"", ""VOLVO""]","[""TURNING RIGHT""]","[""CAMRY"", ""OTHER (EXPLAIN IN NARRATIVE)""]","[""1"", ""3""]","[""NW""]","[""1"", ""2""]","[""DRIVER""]","[""UNKNOWN""]","[""2065719"", ""2065725""]","[""PASSENGER"", ""TRACTOR W/ SEMI-TRAILER""]","[""OTHER"", ""RIDESHARE SERVICE""]","[""2017"", ""2025""]",[],"[""Y""]",[],[],[],[],[],"[""Y""]",[],[],"[""2""]",[],[],[],[],[],"['28', '59', '75', '80']","[""DID NOT DEPLOY""]","[""TEST NOT OFFERED""]","[""CHICAGO"", ""PALOS HILLS""]","[""2025-10-09T18:09:00.000""]","[""OTHER""]","[""NOT OBSCURED"", ""UNKNOWN""]","[""AM"", ""D""]","[""IL""]","[""NONE""]",[],"[""O2167038"", ""O2167039"", ""P478156"", ""P478157""]","[""DRIVER"", ""PASSENGER""]","[""NORMAL""]","[""SAFETY BELT USED""]","[""F"", ""M""]","[""IL""]","[""2065719"", ""2065725""]","[""60465"", ""60615"", ""60657""]",[],"[""4"", ""6""]",[],[],[],[],2025,10,18,9,False,afternoon,41.93,-87.68,41.93_-87.68,60.5,28,80,OTHER,0
STRAIGHT AND LEVEL,2512,2025-10-09 18:04:00,5,18,10,1C25A391838375831EBB4279DD8B7B2EF9D39459A4E492A89A52667C7229AA36FF784E3837EE391F82EC3B97D1913EB1D7AA96EA07376E78FF6939AFFDDA5F5B,NO INJURY / DRIVE AWAY,"OVER $1,500",NO CONTROLS,TURNING,41.9228756762,"DARKNESS, LIGHTED ROAD",-87.8024036029,3,20,FAILING TO YIELD RIGHT-OF-WAY,NO DEFECTS,DRY,FAILING TO YIELD RIGHT-OF-WAY,N,2359,NO CONTROLS,NOT DIVIDED,CLEAR,0.0,0.0,0.0,0.0,0.0,1.0,1,5,"[""Y""]",[],"[""Y""]","[""2025-10-09T18:04:00.000""]","[""2167022"", ""2167023"", ""2167024""]","[""FRONT""]","[""IL""]","[""HONDA"", ""HYUNDAI"", ""JEEP""]","[""STRAIGHT AHEAD"", ""TURNING LEFT""]","[""ACCORD"", ""CHEROKEE"", ""SANTA FE""]","[""1"", ""3""]","[""N"", ""S"", ""W""]","[""1"", ""2"", ""3""]","[""DRIVER""]","[""NONE"", ""UNKNOWN""]","[""2065700"", ""2065710"", ""2065718""]","[""PASSENGER""]","[""PERSONAL""]","[""2012"", ""2014"", ""2025""]",[],[],"[""Y""]",[],[],[],[],[],[],[],"[""2""]",[],[],[],[],[],"['10', '16', '22', '26', '40']","[""DID NOT DEPLOY"", ""NOT APPLICABLE""]","[""TEST NOT OFFERED""]","[""CHICAGO"", ""ELMWOOD PARK""]","[""2025-10-09T18:04:00.000""]","[""FAILED TO YIELD"", ""NONE""]","[""NOT OBSCURED"", ""UNKNOWN""]","[""D""]","[""IL""]","[""NONE""]",[],"[""O2167022"", ""O2167023"", ""O2167024"", ""P478148"", ""P478149""]","[""DRIVER"", ""PASSENGER""]","[""NORMAL""]","[""SAFETY BELT USED""]","[""F"", ""M""]","[""IL""]","[""2065700"", ""2065710"", ""2065718""]","[""60634"", ""60707""]",[],"[""4"", ""6""]",[],[],[],[],2025,10,18,9,False,afternoon,41.92,-87.8,41.92_-87.8,22.8,10,40,FAILURE-TO-YIELD,0
STRAIGHT AND LEVEL,612,2025-10-09 18:01:00,5,18,10,09C7C18548E88DA25A4080A8BA7DE384D787E7DE71E7C2AE91168F1843D0C4B505B4D12943521F4129FA49C196EEA51BA1CAB56BB4CCE8FF2C14D2AEF2F447E2,INJURY AND / OR TOW DUE TO CRASH,"OVER $1,500",FUNCTIONING PROPERLY,OTHER OBJECT,41.7558817984,DAYLIGHT,-87.6634311423,2,30,FAILING TO YIELD RIGHT-OF-WAY,NO DEFECTS,DRY,NOT APPLICABLE,S,7559,TRAFFIC SIGNAL,FOUR WAY,CLEAR,0.0,0.0,1.0,0.0,0.0,1.0,2,2,"[""Y""]",[],"[""Y""]","[""2025-10-09T18:01:00.000""]","[""2167016"", ""2167017""]","[""FRONT""]","[""IL""]","[""MAZDA""]","[""STRAIGHT AHEAD""]","[""CX-5""]","[""1""]","[""S""]","[""1"", ""2""]","[""DRIVER"", ""NON-MOTOR VEHICLE""]","[""NONE""]","[""2065703""]","[""VAN/MINI-VAN""]","[""PERSONAL""]","[""2023""]",[],[],"[""Y""]",[],[],[],[],[],[],[],[],[],[],[],[],[],"['16', '32']","[""NOT APPLICABLE""]","[""TEST NOT OFFERED""]","[""CHICAGO""]","[""2025-10-09T18:01:00.000""]","[""IMPROPER PASSING"", ""NONE""]","[""NOT OBSCURED"", ""UNKNOWN""]","[""D""]","[""IL""]","[""NONE"", ""UNKNOWN""]","[""UNIVERSITY OF CHICAGO""]","[""O2167016"", ""O2167017""]","[""DRIVER"", ""NON-MOTOR VEHICLE""]","[""NORMAL"", ""UNKNOWN""]","[""NONE PRESENT"", ""USAGE UNKNOWN""]","[""F""]","[""IL""]","[""2065703""]",[],"[""30""]",[],[],[],[],[],2025,10,18,9,False,afternoon,41.76,-87.66,41.76_-87.66,24.0,16,32,FAILURE-TO-YIELD,1
STRAIGHT AND LEVEL,524,2025-10-09 17:50:00,5,17,10,E44E9AB19B8D55BC5CBFD124622DFC3249EEAFC698A88CAB6E05F3E8079C5DAB84CC9B466A2957490A379EEDF90CE3E3754CFA440D2142E66073EE1940482AB3,NO INJURY / DRIVE AWAY,"OVER $1,500",FUNCTIONING PROPERLY,REAR END,41.6758813111,DAYLIGHT,-87.6419662821,2,30,FOLLOWING TOO CLOSELY,NO DEFECTS,DRY,FAILING TO REDUCE SPEED TO AVOID CRASH,W,801,TRAFFIC SIGNAL,DIVIDED - W/MEDIAN (NOT RAISED),CLEAR,0.0,1.0,0.0,0.0,0.0,1.0,1,1,"[""Y""]",[],"[""Y""]","[""2025-10-09T17:50:00.000""]","[""2166978"", ""2166979""]","[""FRONT"", ""REAR-LEFT-CORNER""]","[""IL""]","[""HYUNDAI"", ""UNKNOWN""]","[""SLOW/STOP IN TRAFFIC"", ""UNKNOWN/NA""]","[""MOTORIZED"", ""TUCSON""]","[""1""]","[""S""]","[""1"", ""2""]","[""DRIVER""]","[""NONE"", ""UNKNOWN""]","[""2065661"", ""2065668""]","[""PASSENGER""]","[""PERSONAL""]","[""2022""]",[],[],"[""Y""]",[],[],"[""Y""]",[],[],[],[],[],[],[],[],"[""Y""]",[],['31'],"[""DEPLOYMENT UNKNOWN"", ""DID NOT DEPLOY""]","[""TEST NOT OFFERED""]","[""CHICAGO""]","[""2025-10-09T17:50:00.000""]","[""FOLLOWED TOO CLOSELY"", ""OTHER""]","[""NOT OBSCURED"", ""UNKNOWN""]","[""D""]","[""IL""]","[""NONE""]",[],"[""O2166978"", ""O2166979""]","[""DRIVER""]","[""NORMAL"", ""UNKNOWN""]","[""USAGE UNKNOWN""]","[""F"", ""M""]","[""IL""]","[""2065661"", ""2065668""]","[""60620""]",[],[],[],[],[],[],2025,10,17,9,False,afternoon,41.68,-87.64,41.68_-87.64,31.0,31,31,FOLLOWING TOO CLOSELY,0