alignment,beat_of_occurrence,crash_date,crash_day_of_week,crash_hour,crash_month,crash_record_id,crash_type,damage,device_condition,first_crash_type,latitude,lighting_condition,longitude,num_units,posted_speed_limit,prim_contributory_cause,road_defect,roadway_surface_cond,sec_contributory_cause,street_direction,street_no,traffic_control_device,trafficway_type,weather_condition,private_property_i,hit_and_run_i,intersection_related_i,crash_date_est_i,work_zone_i,workers_present_i,veh_count,ppl_count,veh_area_01_i_list_json,veh_area_02_i_list_json,veh_area_12_i_list_json,veh_crash_date_list_json,veh_crash_unit_id_list_json,veh_first_contact_point_list_json,veh_lic_plate_state_list_json,veh_make_list_json,veh_maneuver_list_json,veh_model_list_json,veh_occupant_cnt_list_json,veh_travel_direction_list_json,veh_unit_no_list_json,veh_unit_type_list_json,veh_vehicle_defect_list_json,veh_vehicle_id_list_json,veh_vehicle_type_list_json,veh_vehicle_use_list_json,veh_vehicle_year_list_json,veh_area_03_i_list_json,veh_area_04_i_list_json,veh_area_11_i_list_json,veh_towed_by_list_json,veh_towed_i_list_json,veh_area_07_i_list_json,veh_area_99_i_list_json,veh_area_09_i_list_json,veh_area_10_i_list_json,veh_cmrc_veh_i_list_json,veh_num_passengers_list_json,veh_area_08_i_list_json,veh_area_00_i_list_json,veh_area_05_i_list_json,veh_area_06_i_list_json,veh_towed_to_list_json,ppl_age_list_json,ppl_airbag_deployed_list_json,ppl_bac_result_list_json,ppl_city_list_json,ppl_crash_date_list_json,ppl_driver_action_list_json,ppl_driver_vision_list_json,ppl_drivers_license_class_list_json,ppl_drivers_license_state_list_json,ppl_ejection_list_json,ppl_hospital_list_json,ppl_person_id_list_json,ppl_person_type_list_json,ppl_physical_condition_list_json,ppl_safety_equipment_list_json,ppl_sex_list_json,ppl_state_list_json,ppl_vehicle_id_list_json,ppl_zipcode_list_json,ppl_ems_agency_list_json,ppl_seat_no_list_json,ppl_pedpedal_action_list_json,ppl_pedpedal_location_list_json,ppl_pedpedal_visibility_list_json,ppl_ems_run_no_list_json,year,month,hour,day,is_weekend,hour_bin,lat_bin,lng_bin,grid_id,ppl_age_mean,ppl_age_min,ppl_age_max,prim_contributory_cause_group,ksi_flag
STRAIGHT AND LEVEL,1925,2025-10-09 17:46:00,5,17,10,B1B3B4986E9DA870BEE445A6907CD85DA506BF70A2BBBEAC070A1173EDD06F7BD954582AF376D45E3AFCD840CF53311F1F3A6E895FA239DD44F7F3EBE392C9DE,INJURY AND / OR TOW DUE TO CRASH,"OVER $1,500",OTHER,REAR END,41.9545539942,"DARKNESS, LIGHTED ROAD",-87.6449542315,3,40,UNABLE TO DETERMINE,DEBRIS ON ROADWAY,DRY,NOT APPLICABLE,N,3998,OTHER,ONE-WAY,CLEAR,0.0,0.0,0.0,0.0,0.0,1.0,1,3,"[""Y""]",[],"[""Y""]","[""2025-10-09T17:46:00.000""]","[""2167042"", ""2167043"", ""2167044""]","[""FRONT"", ""REAR"", ""TOTAL (ALL AREAS)""]","[""CA"", ""IL""]","[""JEEP"", ""TOYOTA"", ""VOLKSWAGEN""]","[""PASSING/OVERTAKING"", ""STRAIGHT AHEAD""]","[""GRAND CHEROKEE"", ""RAV4"", ""TIGUAN""]","[""1""]","[""N""]","[""1"", ""2"", ""3""]","[""DRIVER""]","[""UNKNOWN""]","[""2065721"", ""2065724"", ""2065735""]","[""PASSENGER""]","[""PERSONAL""]","[""1907"", ""2017"", ""2020""]",[],[],"[""Y""]","[""private company""]","[""Y""]","[""Y""]",[],[],[],[],[],[],[],"[""Y""]","[""Y""]",[],"['23', '27', '47']","[""DID NOT DEPLOY""]","[""TEST NOT OFFERED""]","[""CHICAGO""]","[""2025-10-09T17:46:00.000""]","[""UNKNOWN""]","[""UNKNOWN""]","[""C"", ""D""]","[""CA"", ""IL""]","[""NONE""]",[],"[""O2167042"", ""O2167043"", ""O2167044""]","[""DRIVER""]","[""NORMAL""]","[""SAFETY BELT USED""]","[""F""]","[""IL""]","[""2065721"", ""2065724"", ""2065735""]","[""60613"", ""60615"", ""60641""]",[],[],[],[],[],[],2025,10,17,9,False,afternoon,41.95,-87.64,41.95_-87.64,32.333333333333336,23,47,OTHER,0
STRAIGHT AND LEVEL,124,2025-10-09 17:42:00,5,17,10,AE1A76272C763C3B3823019BEE21BA2E8A7A0E7BA19A8397A760CB7596D0F14A22962FD34623AA3210D7BEDDCC3DFB84AE9DF6457B8AEEC7795125E1C01FB4E5,NO INJURY / DRIVE AWAY,"OVER $1,500",FUNCTIONING PROPERLY,REAR END,41.86735016,DAYLIGHT,-87.6407970803,2,30,FOLLOWING TOO CLOSELY,NO DEFECTS,DRY,UNABLE TO DETERMINE,W,540,TRAFFIC SIGNAL,NOT DIVIDED,CLEAR,0.0,0.0,0.0,0.0,1.0,0.0,1,2,[],[],"[""Y""]","[""2025-10-09T17:42:00.000""]","[""2167054"", ""2167055""]","[""FRONT"", ""REAR""]","[""IL""]","[""HYUNDAI"", ""KIA""]","[""STRAIGHT AHEAD""]","[""KONA"", ""SORENTO""]","[""1""]","[""E""]","[""1"", ""2""]","[""DRIVER""]","[""UNKNOWN""]","[""2065741"", ""2065753""]","[""SPORT UTILITY VEHICLE (SUV)""]","[""PERSONAL""]","[""2011"", ""2024""]",[],[],[],[],[],[],[],[],[],[],[],[],[],[],"[""Y""]",[],"['34', '47']","[""DID NOT DEPLOY""]","[""TEST NOT OFFERED""]","[""CHICAGO""]","[""2025-10-09T17:42:00.000""]","[""FOLLOWED TOO CLOSELY"", ""NONE""]","[""NOT OBSCURED""]","[""D""]","[""IL""]","[""NONE""]","[""N.A""]","[""O2167054"", ""O2167055""]","[""DRIVER""]","[""NORMAL""]","[""SAFETY BELT USED""]","[""F"", ""M""]","[""IL""]","[""2065741"", ""2065753""]","[""60608"", ""60609""]","[""N.A""]",[],[],[],[],[],2025,10,17,9,False,afternoon,41.87,-87.64,41.87_-87.64,40.5,34,47,FOLLOWING TOO CLOSELY,0
STRAIGHT AND LEVEL,1653,2025-10-09 17:41:00,5,17,10,BBFDF53764711452B018948F5F68D3C111DC2CEAC4624DD53FD99F5E8000A2F99E898EDD2769745A8624BC2F4E08625A06EAC0049E5E0BB675D95BCAEDA9E792,NO INJURY / DRIVE AWAY,"$501 - $1,500",NO CONTROLS,SIDESWIPE SAME DIRECTION,41.8736407663,DAYLIGHT,-87.6723897727,2,20,FAILING TO YIELD RIGHT-OF-WAY,NO DEFECTS,DRY,NOT APPLICABLE,W,3,NO CONTROLS,ONE-WAY,CLEAR,0.0,0.0,0.0,0.0,0.0,1.0,1,2,[],"[""Y""]",[],"[""2025-10-09T17:41:00.000""]","[""2166966"", ""2166967""]","[""FRONT-LEFT-CORNER"", ""SIDE-RIGHT""]","[""IL"", ""IN""]","[""KIA"", ""LEXUS""]","[""ENTERING TRAFFIC LANE FROM PARKING"", ""STRAIGHT AHEAD""]","[""CARNIVAL"", ""ES""]","[""1""]","[""E""]","[""1"", ""2""]","[""DRIVER""]","[""NONE""]","[""2065649"", ""2065656""]","[""PASSENGER""]","[""PERSONAL""]","[""2020"", ""2026""]","[""Y""]","[""Y""]","[""Y""]",[],[],[],[],[],[],[],[],[],[],[],[],[],"['55', '61']","[""NOT APPLICABLE""]","[""TEST NOT OFFERED""]","[""DYER"", ""LA GRANGE HIGHLANDS""]","[""2025-10-09T17:41:00.000""]","[""FAILED TO YIELD"", ""NONE""]","[""NOT OBSCURED""]","[""A"", ""D""]","[""IL"", ""IN""]","[""NONE""]",[],"[""O2166966"", ""O2166967""]","[""DRIVER""]","[""NORMAL""]","[""SAFETY BELT USED""]","[""M""]","[""IL"", ""IN""]","[""2065649"", ""2065656""]","[""46311"", ""60525""]",[],[],[],[],[],[],2025,10,17,9,False,afternoon,41.87,-87.67,NAN_NAN,58.0,55,61,FAILURE-TO-YIELD,0
STRAIGHT AND LEVEL,432,2025-10-09 17:41:00,5,17,10,10606873A15D01EBC7B98A51A2586FEF10056937CCB79821FDA92E855B0ED6E07DB61FC085641DD5BB275F010EA8335A180D6D3E7C6708D00CED0F07637122F2,INJURY AND / OR TOW DUE TO CRASH,$500 OR LESS,FUNCTIONING PROPERLY,PEDESTRIAN,41.7008332743,DAYLIGHT,-87.5366355347,2,30,UNABLE TO DETERMINE,NO DEFECTS,DRY,NOT APPLICABLE,S,10700,STOP SIGN/FLASHER,NOT DIVIDED,CLEAR,0.0,0.0,1.0,0.0,0.0,1.0,2,2,[],[],"[""Y""]","[""2025-10-09T17:41:00.000""]","[""2167010"", ""2167011""]","[""FRONT""]","[""IL""]","[""CHEVROLET""]","[""SLOW/STOP IN TRAFFIC""]","[""EQUINOX""]","[""1""]","[""S""]","[""1"", ""2""]","[""DRIVER"", ""PEDESTRIAN""]","[""NONE""]","[""2065715""]","[""SPORT UTILITY VEHICLE (SUV)""]","[""PERSONAL""]","[""2022""]",[],[],[],[],[],[],[],[],[],[],[],[],[],[],[],[],"['32', '78']","[""DID NOT DEPLOY""]","[""TEST NOT OFFERED""]","[""CHICAGO""]","[""2025-10-09T17:41:00.000""]","[""OTHER""]","[""NOT OBSCURED""]","[""C""]","[""IL""]","[""NONE""]","[""TRINITY HOSPITAL""]","[""O2167010"", ""O2167011""]","[""DRIVER"", ""PEDESTRIAN""]","[""NORMAL""]","[""USAGE UNKNOWN""]","[""M""]","[""IL""]","[""2065715""]","[""60617""]","[""AMB #9""]",[],"[""CROSSING - NO CONTROLS (AT INTERSECTION)""]","[""IN CROSSWALK""]","[""NO CONTRASTING CLOTHING""]",[],2025,10,17,9,False,afternoon,41.7,-87.54,41.7_-87.54,55.0,32,78,OTHER,1
STRAIGHT AND LEVEL,823,2025-10-09 17:37:00,5,17,10,2BBAA6B160BE37C5971E2A70089F1F475A4D8C0C04542349A05BBBE97B77785224301B01B9FC6B1B4C0EE17B672CDF35A903D0E24EA6F2AF01FC01E6E6332B41,NO INJURY / DRIVE AWAY,"OVER $1,500",FUNCTIONING PROPERLY,SIDESWIPE SAME DIRECTION,41.7788035284,DAYLIGHT,-87.7204329846,2,30,IMPROPER LANE USAGE,NO DEFECTS,DRY,NOT APPLICABLE,W,3900,TRAFFIC SIGNAL,NOT DIVIDED,CLEAR,0.0,0.0,0.0,0.0,0.0,1.0,1,2,"[""Y""]",[],"[""Y""]","[""2025-10-09T17:37:00.000""]","[""2166968"", ""2166969""]","[""FRONT-LEFT-CORNER"", ""FRONT-RIGHT-CORNER""]","[""IL"", ""KS""]","[""FORD"", ""KIA""]","[""CHANGING LANES"", ""STRAIGHT AHEAD""]","[""CARNIVAL"", ""ESCAPE""]","[""1""]","[""E""]","[""1"", ""2""]","[""DRIVER""]","[""NONE""]","[""2065677"", ""2065690""]","[""PASSENGER"", ""VAN/MINI-VAN""]","[""OTHER"", ""PERSONAL""]","[""2022"", ""2023""]",[],[],"[""Y""]",[],[],[],[],[],[],[],[],[],[],[],[],[],"['42', '54']","[""NOT APPLICABLE""]","[""TEST NOT OFFERED""]","[""CHICAGO""]","[""2025-10-09T17:37:00.000""]","[""OTHER""]","[""NOT OBSCURED""]","[""D""]","[""IL""]","[""NONE""]",[],"[""O2166968"", ""O2166969""]","[""DRIVER""]","[""NORMAL""]","[""NONE PRESENT"", ""USAGE UNKNOWN""]","[""F"", ""M""]","[""IL""]","[""2065677"", ""2065690""]","[""60629"", ""60638""]",[],[],[],[],[],[],2025,10,17,9,False,afternoon,41.78,-87.72,41.78_-87.72,48.0,42,54,OTHER,0
STRAIGHT AND LEVEL,2232,2025-10-09 17:37:00,5,17,10,29FB586C7CA9F31C8F81E69FDCA8C56DFF96F6CB068EDE9030F2D0772679333F73B75F219C6A478BC7BF56B4AF74BFA0FF95A1BE2E217C740731F9ABA7E84000,NO INJURY / DRIVE AWAY,"$501 - $1,500",NO CONTROLS,REAR END,41.7078350031,DUSK,-87.6350855928,2,30,IMPROPER LANE USAGE,NO DEFECTS,DRY,UNABLE TO DETERMINE,W,437,NO CONTROLS,NOT DIVIDED,CLEAR,0.0,1.0,0.0,0.0,0.0,1.0,1,1,[],[],[],"[""2025-10-09T17:37:00.000""]","[""2167172"", ""2167173""]","[""SIDE-LEFT-REAR"", ""SIDE-RIGHT-REAR""]","[""IL"", ""MD""]","[""TOYOTA"", ""UNKNOWN""]","[""STRAIGHT AHEAD""]","[""OTHER (EXPLAIN IN NARRATIVE)"", ""RAV4""]","[""1""]","[""W""]","[""1"", ""2""]","[""DRIVER""]","[""NONE""]","[""2065845"", ""2065846""]","[""PASSENGER""]","[""PERSONAL""]","[""2025""]",[],"[""Y""]",[],[],[],"[""Y""]",[],[],[],[],[],"[""Y""]",[],"[""Y""]",[],[],['46'],"[""DEPLOYMENT UNKNOWN"", ""NOT APPLICABLE""]","[""TEST NOT OFFERED""]","[""CHICAGO""]","[""2025-10-09T17:37:00.000""]","[""NONE""]","[""NOT OBSCURED"", ""UNKNOWN""]","[""D""]","[""IL""]","[""NONE"", ""UNKNOWN""]",[],"[""O2167172"", ""O2167173""]","[""DRIVER""]","[""NORMAL"", ""UNKNOWN""]","[""NONE PRESENT"", ""USAGE UNKNOWN""]","[""F"", ""X""]","[""IL""]","[""2065845"", ""2065846""]","[""60637""]",[],[],[],[],[],[],2025,10,17,9,False,afternoon,41.71,-87.64,41.71_-87.64,46.0,46,46,OTHER,0
STRAIGHT AND LEVEL,1832,2025-10-09 17:30:00,5,17,10,33977A6D2F0DD068EBE2BFF2612009AEB136CF38A9D9FC64308B9EC4011D813B07612CE3A95C4596C1D2809615F1632F19210FBD2A3A2757170DC36D99EBB557,NO INJURY / DRIVE AWAY,"OVER $1,500",NO CONTROLS,REAR END,41.8965537241,DAYLIGHT,-87.6291926926,2,30,FOLLOWING TOO CLOSELY,UNKNOWN,UNKNOWN,FAILING TO REDUCE SPEED TO AVOID CRASH,W,23,NO CONTROLS,DIVIDED - W/MEDIAN (NOT RAISED),CLEAR,0.0,0.0,0.0,0.0,0.0,1.0,1,2,"[""Y""]",[],"[""Y""]","[""2025-10-09T17:30:00.000""]","[""2166988"", ""2166989""]","[""FRONT"", ""REAR""]","[""IL""]","[""LAND ROVER"", ""TOYOTA""]","[""SLOW/STOP IN TRAFFIC""]","[""PRIUS"", ""RANGE ROVER (EVOQUE / SPORT / VELAR)""]","[""1""]","[""E""]","[""1"", ""2""]","[""DRIVER""]","[""NONE""]","[""2065675"", ""2065679""]","[""PASSENGER"", ""SPORT UTILITY VEHICLE (SUV)""]","[""PERSONAL""]","[""2010"", ""2013""]",[],[],"[""Y""]",[],[],"[""Y""]",[],[],[],[],[],[],[],"[""Y""]","[""Y""]",[],"['24', '38']","[""DID NOT DEPLOY""]","[""TEST NOT OFFERED""]","[""BOLINGBROOK"", ""CHICAGO""]","[""2025-10-09T17:30:00.000""]","[""FOLLOWED TOO CLOSELY"", ""NONE""]","[""NOT OBSCURED""]","[""D""]","[""IL"", ""PK""]","[""NONE""]",[],"[""O2166988"", ""O2166989""]","[""DRIVER""]","[""NORMAL""]","[""SAFETY BELT USED""]","[""F"", ""M""]","[""IL""]","[""2065675"", ""2065679""]","[""60440"", ""60645""]",[],[],[],[],[],[],2025,10,17,9,False,afternoon,41.9,-87.63,41.9_-87.63,31.0,24,38,FOLLOWING TOO CLOSELY,0
STRAIGHT AND LEVEL,1122,2025-10-09 17:30:00,5,17,10,EE3BF55B2B9EFD2100446346F4CEB49902AD91F2B7B69C209B3E5F687C8AA3B5EAAE22F07A4269D339EC55E3FF16CCFE6D260AA68B098FCCFFD459A7018854F1,INJURY AND / OR TOW DUE TO CRASH,"OVER $1,500",FUNCTIONING PROPERLY,TURNING,41.8899594317,DAWN,-87.7165075221,2,30,FAILING TO YIELD RIGHT-OF-WAY,UNKNOWN,UNKNOWN,NOT APPLICABLE,N,458,TRAFFIC SIGNAL,FOUR WAY,CLEAR,0.0,0.0,1.0,0.0,0.0,1.0,1,2,"[""Y""]",[],"[""Y""]","[""2025-10-09T17:30:00.000""]","[""2166990"", ""2166991""]","[""FRONT""]","[""IL""]","[""ACURA"", ""CADILLAC""]","[""STRAIGHT AHEAD"", ""TURNING LEFT""]","[""ESCALADE"", ""TLX""]","[""1""]","[""N"", ""S""]","[""1"", ""2""]","[""DRIVER""]","[""NONE""]","[""2065682"", ""2065692""]","[""PASSENGER"", ""SPORT UTILITY VEHICLE (SUV)""]","[""PERSONAL""]","[""2019""]",[],[],"[""Y""]","[""UNK""]","[""Y""]",[],[],[],[],[],[],[],[],[],[],"[""UNK""]","['23', '25']","[""DEPLOYED, COMBINATION"", ""DEPLOYMENT UNKNOWN""]","[""TEST NOT OFFERED""]","[""CHICAGO""]","[""2025-10-09T17:30:00.000""]","[""FAILED TO YIELD"", ""NONE""]","[""NOT OBSCURED"", ""UNKNOWN""]","[""D""]","[""IL""]","[""NONE""]",[],"[""O2166990"", ""O2166991""]","[""DRIVER""]","[""NORMAL""]","[""SAFETY BELT USED""]","[""F"", ""M""]","[""IL""]","[""2065682"", ""2065692""]","[""60623"", ""60632""]",[],[],[],[],[],[],2025,10,17,9,False,afternoon,41.89,-87.72,41.89_-87.72,24.0,23,25,FAILURE-TO-YIELD,0
STRAIGHT AND LEVEL,522,2025-10-09 17:27:00,5,17,10,48E89375A37730DA2F2982962617A4F2B04BAC135BE10DB221DBE621A091C7F8C1B6A86BB6E7D750BF41864D7265E8786FEB1DDC5F062339048562525BE7B0C9,NO INJURY / DRIVE AWAY,"$501 - $1,500",FUNCTIONING PROPERLY,TURNING,41.6851692166,DUSK,-87.6278337937,2,30,FAILING TO YIELD RIGHT-OF-WAY,NO DEFECTS,DRY,FAILING TO YIELD RIGHT-OF-WAY,S,11500,TRAFFIC SIGNAL,FOUR WAY,CLEAR,0.0,0.0,1.0,0.0,0.0,1.0,1,4,"[""Y""]",[],"[""Y""]","[""2025-10-09T17:27:00.000""]","[""2167012"", ""2167013""]","[""FRONT"", ""SIDE-LEFT""]","[""IL""]","[""CHEVROLET"", ""KIA""]","[""STRAIGHT AHEAD"", ""TURNING LEFT""]","[""CRUZE"", ""SORENTO""]","[""1"", ""3""]","[""E"", ""W""]","[""1"", ""2""]","[""DRIVER""]","[""NONE""]","[""2065694"", ""2065699""]","[""PASSENGER"", ""SPORT UTILITY VEHICLE (SUV)""]","[""PERSONAL""]","[""2018"", ""2021""]",[],[],"[""Y""]",[],[],[],[],"[""Y""]","[""Y""]",[],"[""2""]","[""Y""]",[],[],[],[],"['29', '50', '75', '78']","[""DID NOT DEPLOY"", ""NOT APPLICABLE""]","[""TEST NOT OFFERED""]","[""CHICAGO""]","[""2025-10-09T17:27:00.000""]","[""FAILED TO YIELD"", ""OTHER""]","[""BLINDED - SUNLIGHT"", ""NOT OBSCURED""]","[""D""]","[""IL""]","[""NONE""]","[""REFUSED""]","[""O2167012"", ""O2167013"", ""P478146"", ""P478147""]","[""DRIVER"", ""PASSENGER""]","[""NORMAL""]","[""SAFETY BELT USED"", ""USAGE UNKNOWN""]","[""F"", ""M""]","[""IL""]","[""2065694"", ""2065699""]","[""60628"", ""60643""]","[""CFD""]","[""2"", ""3""]",[],[],[],"[""5""]",2025,10,17,9,False,afternoon,41.69,-87.63,41.69_-87.63,58.0,29,78,FAILURE-TO-YIELD,0
STRAIGHT AND LEVEL,911,2025-10-09 17:22:00,5,17,10,E8B839BB22B2F12AB3D01696D9693B8CAFDFF7F318500A694DE427155A68FD3C53FF676DA8A8D277F41E6B037EB3ED2061FED53179B2DB4DC861162577BBD7DF,INJURY AND / OR TOW DUE TO CRASH,"OVER $1,500",NO CONTROLS,PARKED MOTOR VEHICLE,41.8260049299,DAYLIGHT,-87.706780766,2,15,UNABLE TO DETERMINE,NO DEFECTS,DRY,UNABLE TO DETERMINE,S,3701,NO CONTROLS,PARKING LOT,CLEAR,1.0,0.0,0.0,0.0,0.0,1.0,2,1,"[""Y""]",[],"[""Y""]","[""2025-10-09T17:22:00.000""]","[""2167002"", ""2167003""]","[""FRONT"", ""REAR-RIGHT-CORNER""]","[""IL""]","[""DODGE"", ""GREAT DANE TRAILERS INC.""]","[""PARKED"", ""STRAIGHT AHEAD""]","[""CHARGER"", ""GREAT DANE TRAILERS INC.""]","[""0"", ""1""]","[""E"", ""N""]","[""1"", ""2""]","[""DRIVER"", ""PARKED""]","[""UNKNOWN""]","[""2065686"", ""2065701""]","[""PASSENGER"", ""TRACTOR W/ SEMI-TRAILER""]","[""COMMERCIAL - MULTI-UNIT"", ""PERSONAL""]","[""2002"", ""2023""]",[],"[""Y""]","[""Y""]","[""owner""]","[""Y""]",[],[],[],[],"[""N""]",[],[],[],"[""Y""]",[],[],['60'],"[""NOT APPLICABLE""]","[""TEST NOT OFFERED""]","[""GLENDALE HEIGHTS""]","[""2025-10-09T17:22:00.000""]","[""UNKNOWN""]","[""UNKNOWN""]","[""A""]","[""IL""]","[""NONE""]","[""REFUSED""]","[""O2167002""]","[""DRIVER""]","[""NORMAL""]","[""USAGE UNKNOWN""]","[""M""]","[""IL""]","[""2065701""]","[""60139""]",[],[],[],[],[],[],2025,10,17,9,False,afternoon,41.83,-87.71,41.83_-87.71,60.0,60,60,OTHER,0
STRAIGHT AND LEVEL,1222,2025-10-09 17:18:00,5,17,10,5252055080696DFCB2FD770D6562E834E82A917F1060E4EB9E403CF9E35BCF14EFBB1EF40B1412A591E3ED2F85BF1B6EB80AB6EF4D88D5B3998694C559F06F43,INJURY AND / OR TOW DUE TO CRASH,"OVER $1,500",NO CONTROLS,FIXED OBJECT,41.8843343312,DAYLIGHT,-87.6968441824,1,30,DISTRACTION - FROM INSIDE VEHICLE,NO DEFECTS,DRY,NOT APPLICABLE,W,2810,NO CONTROLS,NOT DIVIDED,CLEAR,0.0,0.0,0.0,0.0,0.0,1.0,1,2,"[""Y""]","[""Y""]","[""Y""]","[""2025-10-09T17:18:00.000""]","[""2166999""]","[""FRONT-RIGHT-CORNER""]","[""IL""]","[""HONDA""]","[""STRAIGHT AHEAD""]","[""ACCORD""]","[""2""]","[""W""]","[""1""]","[""DRIVER""]","[""NONE""]","[""2065681""]","[""PASSENGER""]","[""PERSONAL""]","[""2018""]",[],[],[],"[""private""]","[""Y""]",[],"[""Y""]",[],[],[],"[""1""]",[],[],[],[],"[""tow""]","['21', '22']","[""DEPLOYED, COMBINATION""]","[""TEST NOT OFFERED""]","[""CHICAGO""]","[""2025-10-09T17:18:00.000""]","[""OTHER""]","[""NOT OBSCURED""]","[""D""]","[""IL""]","[""NONE""]","[""STROGER""]","[""O2166999"", ""P478144""]","[""DRIVER"", ""PASSENGER""]","[""NORMAL""]","[""SAFETY BELT USED""]","[""F"", ""M""]","[""IL""]","[""2065681""]","[""60612""]","[""AMB 45""]","[""2""]",[],[],[],"[""ANB 45""]",2025,10,17,9,False,afternoon,41.88,-87.7,41.88_-87.7,21.5,21,22,DISTRACTION/INATTENTION,1
STRAIGHT AND LEVEL,834,2025-10-09 17:18:00,5,17,10,5059BFBF5FE393A9CC728DA4063644A274568557B725C65E6D7E23F4B0BBAC0EDD8A240B36E05B8FFE3C4ADFA91CE9DC8F9B7812D3C3B0AB0776AAC60B839E71,NO INJURY / DRIVE AWAY,"$501 - $1,500",NO CONTROLS,TURNING,41.7377840556,DAYLIGHT,-87.7087251455,2,30,IMPROPER OVERTAKING/PASSING,NO DEFECTS,DRY,NOT APPLICABLE,W,3445,NO CONTROLS,NOT DIVIDED,CLEAR,0.0,0.0,0.0,0.0,0.0,1.0,1,2,[],[],[],"[""2025-10-09T17:18:00.000""]","[""2166972"", ""2166973""]","[""FRONT-LEFT-CORNER"", ""SIDE-LEFT""]","[""IL""]","[""MERCEDES-BENZ"", ""TOYOTA""]","[""PASSING/OVERTAKING"", ""TURNING RIGHT""]","[""C300"", ""RAV4""]","[""1""]","[""W""]","[""1"", ""2""]","[""DRIVER""]","[""NONE""]","[""2065653"", ""2065659""]","[""PASSENGER""]","[""PERSONAL""]","[""2021""]","[""Y""]",[],"[""Y""]",[],[],[],[],[],[],[],[],[],[],[],[],[],"['35', '42']","[""NOT APPLICABLE""]","[""TEST NOT OFFERED""]","[""CHICAGO""]","[""2025-10-09T17:18:00.000""]","[""IMPROPER LANE CHANGE"", ""NONE""]","[""NOT OBSCURED""]","[""D""]","[""IL""]","[""NONE""]",[],"[""O2166972"", ""O2166973""]","[""DRIVER""]","[""NORMAL""]","[""USAGE UNKNOWN""]","[""F"", ""M""]","[""IL""]","[""2065653"", ""2065659""]","[""60652""]",[],[],[],[],[],[],2025,10,17,9,False,afternoon,41.74,-87.71,41.74_-87.71,38.5,35,42,OTHER,0
STRAIGHT AND LEVEL,732,2025-10-09 17:17:00,5,17,10,565E59524F6CC882D3C66EFC62264229BA68A2C04BC89603CFE94BACDB504EAE80F674B8E4FD891B83BA2FD1EABABAE2F219F92473E4CC9421F10533C3769FD2,INJURY AND / OR TOW DUE TO CRASH,"OVER $1,500",NO CONTROLS,REAR END,41.7653521965,DAYLIGHT,-87.641935587,3,30,FAILING TO REDUCE SPEED TO AVOID CRASH,NO DEFECTS,DRY,NOT APPLICABLE,W,698,SCHOOL ZONE,DIVIDED - W/MEDIAN (NOT RAISED),CLEAR,0.0,0.0,0.0,1.0,0.0,1.0,1,2,"[""Y""]",[],"[""Y""]","[""2025-10-09T17:17:00.000""]","[""2166959"", ""2166960"", ""2166961""]","[""FRONT"", ""REAR"", ""UNKNOWN""]","[""IL""]","[""JEEP"", ""NISSAN"", ""UNKNOWN""]","[""STRAIGHT AHEAD"", ""UNKNOWN/NA""]","[""ALTIMA"", ""GRAND CHEROKEE"", ""OTHER (EXPLAIN IN NARRATIVE)""]","[""1""]","[""W""]","[""1"", ""2"", ""3""]","[""DRIVER""]","[""NONE"", ""UNKNOWN""]","[""2065647"", ""2065654"", ""2065657""]","[""PASSENGER"", ""SPORT UTILITY VEHICLE (SUV)"", ""UNKNOWN/NA""]","[""PERSONAL"", ""UNKNOWN/NA""]","[""2014"", ""2023""]",[],[],"[""Y""]",[],[],"[""Y""]",[],[],[],[],[],[],[],"[""Y""]","[""Y""]",[],"['26', '45']","[""DEPLOYED OTHER (KNEE, AIR, BELT, ETC.)"", ""DEPLOYMENT UNKNOWN"", ""DID NOT DEPLOY""]","[""TEST NOT OFFERED""]","[""CALUMET"", ""CHICAGO""]","[""2025-10-09T17:17:00.000""]","[""NONE"", ""UNKNOWN""]","[""NOT OBSCURED"", ""UNKNOWN""]","[""B"", ""D""]","[""IL""]","[""UNKNOWN""]",[],"[""O2166959"", ""O2166960"", ""O2166961""]","[""DRIVER""]","[""NORMAL"", ""UNKNOWN""]","[""USAGE UNKNOWN""]","[""M"", ""X""]","[""IL""]","[""2065647"", ""2065654"", ""2065657""]","[""60409"", ""60636""]","[""#14""]",[],[],[],[],[],2025,10,17,9,False,afternoon,41.77,-87.64,41.77_-87.64,35.5,26,45,SPEEDING,1
STRAIGHT AND LEVEL,1732,2025-10-09 17:15:00,5,17,10,05272437943B0CC54C14CCFB46161D916241CF5AA78AA9F9A98A63674409519CB2A044067B89DD54B1CB1F9A935FB77F6819A7B357A2FB65646AF5E61D6B5BDD,NO INJURY / DRIVE AWAY,"OVER $1,500",NO CONTROLS,SIDESWIPE OPPOSITE DIRECTION,41.9504805531,DAYLIGHT,-87.7306054506,2,10,UNABLE TO DETERMINE,UNKNOWN,DRY,NOT APPLICABLE,N,3815,NO CONTROLS,NOT DIVIDED,CLEAR,0.0,0.0,0.0,0.0,0.0,1.0,1,1,[],[],[],"[""2025-10-09T17:15:00.000""]","[""2166962"", ""2166963""]","[""FRONT-LEFT-CORNER"", ""SIDE-LEFT""]","[""IL""]","[""HONDA"", ""TOYOTA""]","[""OTHER""]","[""CR-V"", ""PRIUS""]","[""1""]","[""E"", ""W""]","[""1"", ""2""]","[""DRIVER""]","[""OTHER"", ""UNKNOWN""]","[""2065645"", ""2065662""]","[""PASSENGER"", ""SPORT UTILITY VEHICLE (SUV)""]","[""PERSONAL"", ""UNKNOWN/NA""]","[""2015"", ""2025""]",[],[],"[""Y""]",[],[],[],"[""Y""]",[],[],[],[],[],[],[],[],[],['42'],"[""DID NOT DEPLOY""]","[""TEST NOT OFFERED""]","[""CHICAGO""]","[""2025-10-09T17:15:00.000""]","[""OTHER""]","[""UNKNOWN""]","[""D""]","[""IL""]","[""NONE""]",[],"[""O2166962"", ""O2166963""]","[""DRIVER""]","[""NORMAL"", ""UNKNOWN""]","[""SAFETY BELT USED"", ""USAGE UNKNOWN""]","[""F""]","[""IL""]","[""2065645"", ""2065662""]","[""60630"", ""60639""]",[],[],[],[],[],[],2025,10,17,9,False,afternoon,41.95,-87.73,41.95_-87.73,42.0,42,42,OTHER,0