alignment,beat_of_occurrence,crash_date,crash_day_of_week,crash_hour,crash_month,crash_record_id,crash_type,damage,device_condition,first_crash_type,latitude,lighting_condition,longitude,num_units,posted_speed_limit,prim_contributory_cause,road_defect,roadway_surface_cond,sec_contributory_cause,street_direction,street_no,traffic_control_device,trafficway_type,weather_condition,private_property_i,hit_and_run_i,intersection_related_i,crash_date_est_i,work_zone_i,workers_present_i,veh_count,ppl_count,veh_area_01_i_list_json,veh_area_02_i_list_json,veh_area_12_i_list_json,veh_crash_date_list_json,veh_crash_unit_id_list_json,veh_first_contact_point_list_json,veh_lic_plate_state_list_json,veh_make_list_json,veh_maneuver_list_json,veh_model_list_json,veh_occupant_cnt_list_json,veh_travel_direction_list_json,veh_unit_no_list_json,veh_unit_type_list_json,veh_vehicle_defect_list_json,veh_vehicle_id_list_json,veh_vehicle_type_list_json,veh_vehicle_use_list_json,veh_vehicle_year_list_json,veh_area_03_i_list_json,veh_area_04_i_list_json,veh_area_11_i_list_json,veh_towed_by_list_json,veh_towed_i_list_json,veh_area_07_i_list_json,veh_area_99_i_list_json,veh_area_09_i_list_json,veh_area_10_i_list_json,veh_cmrc_veh_i_list_json,veh_num_passengers_list_json,veh_area_08_i_list_json,veh_area_00_i_list_json,veh_area_05_i_list_json,veh_area_06_i_list_json,veh_towed_to_list_json,ppl_age_list_json,ppl_airbag_deployed_list_json,ppl_bac_result_list_json,ppl_city_list_json,ppl_crash_date_list_json,ppl_driver_action_list_json,ppl_driver_vision_list_json,ppl_drivers_license_class_list_json,ppl_drivers_license_state_list_json,ppl_ejection_list_json,ppl_hospital_list_json,ppl_person_id_list_json,ppl_person_type_list_json,ppl_physical_condition_list_json,ppl_safety_equipment_list_json,ppl_sex_list_json,ppl_state_list_json,ppl_vehicle_id_list_json,ppl_zipcode_list_json,ppl_ems_agency_list_json,ppl_seat_no_list_json,ppl_pedpedal_action_list_json,ppl_pedpedal_location_list_json,ppl_pedpedal_visibility_list_json,ppl_ems_run_no_list_json,year,month,hour,day,is_weekend,hour_bin,lat_bin,lng_bin,grid_id,ppl_age_mean,ppl_age_min,ppl_age_max,prim_contributory_cause_group,ksi_flag
STRAIGHT AND LEVEL,2533,2025-10-09 17:15:00,5,17,10,F5B47E9C0779FA6E34472793467D6293F575440D399D18DB4AD954A64B81B7A0C97C5555934EFB2BAEA87A36EA4E7344D2C14C4E67A5732950FCE3C386E494EE,NO INJURY / DRIVE AWAY,"OVER $1,500",NO CONTROLS,TURNING,41.9095346699,DAYLIGHT,-87.7459676791,2,35,UNABLE TO DETERMINE,UNKNOWN,DRY,IMPROPER TURNING/NO SIGNAL,N,1599,TRAFFIC SIGNAL,NOT DIVIDED,CLEAR,0.0,1.0,1.0,0.0,0.0,1.0,1,1,"[""Y""]","[""Y""]","[""Y""]","[""2025-10-09T17:15:00.000""]","[""2166931"", ""2166932""]","[""SIDE-LEFT-FRONT"", ""SIDE-RIGHT-FRONT""]","[""IL""]","[""CHEVROLET"", ""HONDA""]","[""STRAIGHT AHEAD"", ""TURNING RIGHT""]","[""ODYSSEY"", ""VAN""]","[""1""]","[""N""]","[""1"", ""2""]","[""DRIVER""]","[""UNKNOWN""]","[""2065618"", ""2065634""]","[""PICKUP"", ""VAN/MINI-VAN""]","[""PERSONAL""]","[""1993"", ""2018""]",[],[],"[""Y""]",[],[],[],[],[],"[""Y""]",[],[],[],[],[],[],[],['52'],"[""DEPLOYMENT UNKNOWN"", ""NOT APPLICABLE""]","[""TEST NOT OFFERED""]","[""SKOKIE""]","[""2025-10-09T17:15:00.000""]","[""IMPROPER PASSING"", ""UNKNOWN""]","[""UNKNOWN""]","[""D""]","[""IL""]","[""NONE""]","[""N/A"", ""REFUSED""]","[""O2166931"", ""O2166932""]","[""DRIVER""]","[""UNKNOWN""]","[""USAGE UNKNOWN""]","[""F"", ""M""]","[""IL""]","[""2065618"", ""2065634""]","[""60077""]","[""N/A""]",[],[],[],[],[],2025,10,17,9,False,afternoon,41.91,-87.75,41.91_-87.75,52.0,52,52,OTHER,0
STRAIGHT AND LEVEL,2223,2025-10-09 17:15:00,5,17,10,4FD53F88E5B7D7987C74544C8FCD7535BBAE8D30C09C81B39F5FBC6E3FFEB60DCAD0FACF2C40258BD488C14B54A3ECFC622F53D2DA91EDFF382764F33BEC28D6,NO INJURY / DRIVE AWAY,"OVER $1,500",NO CONTROLS,REAR END,41.7215135683,DAYLIGHT,-87.6360803802,2,30,FOLLOWING TOO CLOSELY,UNKNOWN,DRY,NOT APPLICABLE,S,9500,NO CONTROLS,NOT DIVIDED,CLEAR,0.0,1.0,0.0,0.0,0.0,1.0,1,0,[],[],[],"[""2025-10-09T17:15:00.000""]","[""2166955"", ""2166956""]","[""FRONT"", ""REAR-RIGHT-CORNER""]","[""CA""]","[""FORD""]","[""STRAIGHT AHEAD""]","[""ECOSPORT"", ""VAN""]","[""1""]","[""E""]","[""1"", ""2""]","[""DRIVER""]","[""NONE"", ""UNKNOWN""]","[""2065639"", ""2065640""]","[""PASSENGER"", ""VAN/MINI-VAN""]","[""PERSONAL"", ""UNKNOWN/NA""]","[""2019"", ""2022""]",[],[],[],[],[],[],[],[],[],[],[],[],[],[],[],[],[],"[""DEPLOYMENT UNKNOWN"", ""DID NOT DEPLOY""]","[""TEST NOT OFFERED""]",[],"[""2025-10-09T17:15:00.000""]","[""FOLLOWED TOO CLOSELY"", ""NONE""]","[""UNKNOWN""]",[],"[""IL""]","[""NONE""]",[],"[""O2166955"", ""O2166956""]","[""DRIVER""]","[""NORMAL"", ""UNKNOWN""]","[""SAFETY BELT USED"", ""USAGE UNKNOWN""]","[""F""]",[],"[""2065639"", ""2065640""]",[],[],[],[],[],[],[],2025,10,17,9,False,afternoon,41.72,-87.64,41.72_-87.64,0.0,0,0,FOLLOWING TOO CLOSELY,0
STRAIGHT AND LEVEL,1413,2025-10-09 17:15:00,5,17,10,4C78658167FDF8B70075DDB190B81D31F420A46325DF6F6020DC7BC09A01398CDA16C3E0706E83D7A178476A7874E9FF91A10C9C8971166AF9E90FDD9AF6FBBC,NO INJURY / DRIVE AWAY,"$501 - $1,500",FUNCTIONING PROPERLY,SIDESWIPE SAME DIRECTION,41.9247681726,DAYLIGHT,-87.7122484231,2,30,NOT APPLICABLE,NO DEFECTS,DRY,NOT APPLICABLE,W,3402,TRAFFIC SIGNAL,DIVIDED - W/MEDIAN (NOT RAISED),CLEAR,0.0,0.0,0.0,0.0,0.0,1.0,1,3,[],[],[],"[""2025-10-09T17:15:00.000""]","[""2166948"", ""2166949""]","[""FRONT-LEFT-CORNER"", ""UNKNOWN""]","[""IL""]","[""CHEVROLET"", ""NOVA BUS""]","[""LEAVING TRAFFIC LANE TO PARK"", ""STRAIGHT AHEAD""]","[""OTHER (EXPLAIN IN NARRATIVE)"", ""TRAX""]","[""1"", ""2""]","[""W""]","[""1"", ""2""]","[""DRIVER""]","[""NONE""]","[""2065638"", ""2065642""]","[""BUS OVER 15 PASS."", ""SPORT UTILITY VEHICLE (SUV)""]","[""CTA"", ""PERSONAL""]","[""2018"", ""2022""]",[],[],"[""Y""]",[],[],[],[],[],[],[],"[""1""]",[],[],[],[],[],"['16', '42', '55']","[""DID NOT DEPLOY"", ""NOT APPLICABLE""]","[""TEST NOT OFFERED""]","[""CHICAGO"", ""LYONS""]","[""2025-10-09T17:15:00.000""]","[""NONE"", ""OTHER""]","[""NOT OBSCURED""]","[""B"", ""D""]","[""IL""]","[""NONE""]",[],"[""O2166948"", ""O2166949"", ""P478133""]","[""DRIVER"", ""PASSENGER""]","[""NORMAL""]","[""SAFETY BELT USED""]","[""F"", ""M""]","[""IL""]","[""2065638"", ""2065642""]","[""60624"", ""60634""]",[],"[""3""]",[],[],[],[],2025,10,17,9,False,afternoon,41.92,-87.71,41.92_-87.71,37.666666666666664,16,55,OTHER,0
STRAIGHT AND LEVEL,111,2025-10-09 17:10:00,5,17,10,8632C4917C43DF89BA02A15A03B0F99BDE73BCF19F9B14CEBC8C4284E43B4F3A262DB5E9FB09172D6FEA957AEF6609AF93778FCB5DBD91A3D7C86CABD649CF4A,NO INJURY / DRIVE AWAY,"OVER $1,500",NO CONTROLS,SIDESWIPE SAME DIRECTION,41.8853504636,UNKNOWN,-87.629337393,2,30,DRIVING SKILLS/KNOWLEDGE/EXPERIENCE,UNKNOWN,UNKNOWN,UNABLE TO DETERMINE,N,181,NO CONTROLS,ONE-WAY,CLEAR,0.0,0.0,0.0,0.0,0.0,1.0,1,1,[],[],[],"[""2025-10-09T17:10:00.000""]","[""2167008"", ""2167009""]","[""UNKNOWN""]","[""IL""]","[""MAZDA"", ""TOYOTA""]","[""STRAIGHT AHEAD""]","[""CX-5"", ""HIGHLANDER""]","[""1"", ""2""]","[""N""]","[""1"", ""2""]","[""DRIVER""]","[""UNKNOWN""]","[""2065691"", ""2065697""]","[""UNKNOWN/NA""]","[""UNKNOWN/NA""]","[""2021""]",[],[],"[""Y""]",[],[],[],[],[],[],[],"[""1""]",[],[],[],[],[],['32'],"[""DEPLOYMENT UNKNOWN""]","[""TEST NOT OFFERED""]","[""CHICAGO""]","[""2025-10-09T17:10:00.000""]","[""UNKNOWN""]","[""UNKNOWN""]","[""D""]","[""IL""]","[""UNKNOWN""]",[],"[""O2167008"", ""O2167009"", ""P478155""]","[""DRIVER"", ""PASSENGER""]","[""UNKNOWN""]","[""USAGE UNKNOWN""]","[""M"", ""X""]","[""IL""]","[""2065691"", ""2065697""]","[""60601""]",[],"[""12""]",[],[],[],[],2025,10,17,9,False,afternoon,41.89,-87.63,41.89_-87.63,32.0,32,32,OTHER,0
STRAIGHT AND LEVEL,114,2025-10-09 17:10:00,5,17,10,1905D2F878980902FB623BD88418DBB5A76BCFFAACEA6CE1D1A46568B65D128E76798981F562A54C7C2045648B1CE635330941F0BE111AB70A2920AD9618F661,NO INJURY / DRIVE AWAY,$500 OR LESS,FUNCTIONING PROPERLY,PEDALCYCLIST,41.8810297169,DAYLIGHT,-87.6172815664,2,40,DISREGARDING TRAFFIC SIGNALS,NO DEFECTS,DRY,NOT APPLICABLE,E,400,TRAFFIC SIGNAL,FOUR WAY,CLEAR,0.0,1.0,1.0,0.0,0.0,1.0,2,1,[],[],[],"[""2025-10-09T17:10:00.000""]","[""2166977"", ""2167030""]","[""UNKNOWN""]","[""IL""]","[""NISSAN""]","[""TURNING LEFT""]","[""ROGUE""]","[""1""]","[""N""]","[""1"", ""2""]","[""BICYCLE"", ""DRIVER""]","[""UNKNOWN""]","[""2065704""]","[""SPORT UTILITY VEHICLE (SUV)""]","[""UNKNOWN/NA""]","[""2025""]",[],[],[],[],[],[],"[""Y""]",[],[],[],[],[],[],[],[],[],['32'],"[""DEPLOYMENT UNKNOWN""]","[""TEST NOT OFFERED""]","[""CHICAGO""]","[""2025-10-09T17:10:00.000""]","[""DISREGARDED CONTROL DEVICES"", ""NONE""]","[""NOT OBSCURED"", ""UNKNOWN""]",[],[],"[""NONE""]",[],"[""O2166977"", ""O2167030""]","[""BICYCLE"", ""DRIVER""]","[""NORMAL"", ""UNKNOWN""]","[""BICYCLE HELMET (PEDACYCLIST INVOLVED ONLY)"", ""USAGE UNKNOWN""]","[""F""]","[""IL""]","[""2065704""]",[],[],[],"[""CROSSING - WITH SIGNAL""]","[""IN CROSSWALK""]","[""NO CONTRASTING CLOTHING""]",[],2025,10,17,9,False,afternoon,41.88,-87.62,41.88_-87.62,32.0,32,32,OTHER,0
STRAIGHT AND LEVEL,911,2025-10-09 17:10:00,5,17,10,DB85C744B6B6241EC9441035E9EA214A07C4C8AFC070EB9F1B942F5631293C493C0438B978B5B6E45DA216B62A018DA038361D43D1CD762E4404E197047B5116,INJURY AND / OR TOW DUE TO CRASH,"$501 - $1,500",FUNCTIONING PROPERLY,TURNING,41.8338864682,DAYLIGHT,-87.6853528715,3,30,FAILING TO YIELD RIGHT-OF-WAY,NO DEFECTS,DRY,FAILING TO YIELD RIGHT-OF-WAY,S,3300,STOP SIGN/FLASHER,NOT DIVIDED,CLEAR,0.0,1.0,0.0,0.0,0.0,1.0,2,3,[],[],"[""Y""]","[""2025-10-09T17:10:00.000""]","[""2167036"", ""2167037"", ""2167056""]","[""FRONT"", ""REAR""]","[""IL""]","[""HYUNDAI"", ""TOYOTA""]","[""SLOW/STOP IN TRAFFIC"", ""TURNING RIGHT""]","[""OTHER (EXPLAIN IN NARRATIVE)""]","[""1"", ""3""]","[""N"", ""W""]","[""1"", ""2"", ""3""]","[""DRIVER"", ""PEDESTRIAN""]","[""NONE""]","[""2065712"", ""2065716""]","[""PASSENGER""]","[""PERSONAL"", ""UNKNOWN/NA""]","[""2021"", ""2023""]",[],[],[],[],[],[],[],[],[],[],"[""2""]",[],[],[],"[""Y""]",[],"['0', '34', '8']","[""DEPLOYMENT UNKNOWN"", ""DID NOT DEPLOY""]","[""TEST NOT OFFERED""]","[""CHICAGO""]","[""2025-10-09T17:10:00.000""]","[""FAILED TO YIELD"", ""NONE""]","[""NOT OBSCURED"", ""UNKNOWN""]","[""D""]","[""IL""]","[""NONE""]",[],"[""O2167036"", ""O2167037"", ""O2167056"", ""P478150"", ""P478151""]","[""DRIVER"", ""PASSENGER"", ""PEDESTRIAN""]","[""NORMAL"", ""UNKNOWN""]","[""CHILD RESTRAINT - FORWARD FACING"", ""CHILD RESTRAINT - REAR FACING"", ""NONE PRESENT"", ""SAFETY BELT USED"", ""USAGE UNKNOWN""]","[""F"", ""M""]","[""IL""]","[""2065712"", ""2065716""]","[""60632""]",[],"[""4"", ""6""]","[""STANDING IN ROADWAY""]","[""IN ROADWAY""]","[""NO CONTRASTING CLOTHING""]",[],2025,10,17,9,False,afternoon,41.83,-87.69,41.83_-87.69,14.0,0,34,FAILURE-TO-YIELD,1
STRAIGHT AND LEVEL,122,2025-10-09 17:00:00,5,17,10,D519776BF355DD1DE82434C10E9EC2C12D97C261528E0EA03DF8A984AFAA83B85210E854124B78CE26FD82250178A20DF533B0A4AF240A40209A4DD846E55C08,NO INJURY / DRIVE AWAY,$500 OR LESS,NO CONTROLS,SIDESWIPE SAME DIRECTION,41.8845713511,DAYLIGHT,-87.6371113841,2,30,FOLLOWING TOO CLOSELY,NO DEFECTS,DRY,IMPROPER OVERTAKING/PASSING,W,360,TRAFFIC SIGNAL,FOUR WAY,CLEAR,0.0,0.0,1.0,0.0,0.0,1.0,1,1,"[""Y""]",[],[],"[""2025-10-09T17:00:00.000""]","[""2167260"", ""2167263""]","[""FRONT-RIGHT-CORNER"", ""REAR-LEFT-CORNER""]","[""IL""]","[""FORD"", ""HONDA""]","[""PASSING/OVERTAKING"", ""SLOW/STOP IN TRAFFIC""]","[""OTHER (EXPLAIN IN NARRATIVE)""]","[""1""]","[""W""]","[""1"", ""2""]","[""DRIVER""]","[""NONE"", ""OTHER""]","[""2065920"", ""2065924""]","[""BUS OVER 15 PASS."", ""PASSENGER""]","[""PERSONAL"", ""TAXI/FOR HIRE""]","[""2019"", ""2022""]",[],[],[],[],[],"[""Y""]",[],[],[],[],[],[],[],[],[],[],['65'],"[""DEPLOYMENT UNKNOWN"", ""DID NOT DEPLOY""]","[""TEST NOT OFFERED""]","[""HARWOOD HEIGHTS""]","[""2025-10-09T17:00:00.000""]","[""NONE"", ""OTHER""]","[""UNKNOWN""]","[""A""]","[""IL""]","[""NONE""]",[],"[""O2167260"", ""O2167263""]","[""DRIVER""]","[""UNKNOWN""]","[""SAFETY BELT USED"", ""USAGE UNKNOWN""]","[""M""]","[""IL""]","[""2065920"", ""2065924""]","[""60706""]",[],[],[],[],[],[],2025,10,17,9,False,afternoon,41.88,-87.64,41.88_-87.64,65.0,65,65,FOLLOWING TOO CLOSELY,0
STRAIGHT AND LEVEL,1223,2025-10-09 17:00:00,5,17,10,D00195410C110699CBF9CC2C2150078008ECE2249FBF1CAC03D1FB6CBF7DD191F29C7DA27ACF6B12DBE729E5E065404E032D7CEEB8B4C37802952F8F70653E80,NO INJURY / DRIVE AWAY,"OVER $1,500",FUNCTIONING PROPERLY,ANGLE,41.8820043405,UNKNOWN,-87.6841027151,2,30,FAILING TO YIELD RIGHT-OF-WAY,UNKNOWN,UNKNOWN,FAILING TO YIELD RIGHT-OF-WAY,W,2301,TRAFFIC SIGNAL,DIVIDED - W/MEDIAN (NOT RAISED),CLEAR,0.0,0.0,1.0,0.0,0.0,1.0,1,1,[],[],"[""Y""]","[""2025-10-09T17:00:00.000""]","[""2168241"", ""2168242""]","[""FRONT"", ""SIDE-LEFT""]","[""IL""]","[""CADILLAC"", ""TOYOTA""]","[""STRAIGHT AHEAD""]","[""CAMRY"", ""XTS""]","[""1""]","[""E"", ""S""]","[""1"", ""2""]","[""DRIVER""]","[""UNKNOWN""]","[""2066866"", ""2066867""]","[""PASSENGER"", ""VAN/MINI-VAN""]","[""COMMERCIAL - SINGLE UNIT"", ""UNKNOWN/NA""]","[""2013""]",[],[],"[""Y""]",[],[],[],[],"[""Y""]","[""Y""]",[],[],"[""Y""]",[],[],[],[],['50'],"[""NOT APPLICABLE""]","[""TEST NOT OFFERED"", ""TEST REFUSED""]","[""CHICAGO""]","[""2025-10-09T17:00:00.000""]","[""FAILED TO YIELD"", ""NONE""]","[""UNKNOWN""]","[""D""]","[""IL""]","[""NONE""]",[],"[""O2168241"", ""O2168242""]","[""DRIVER""]","[""UNKNOWN""]","[""USAGE UNKNOWN""]","[""M""]","[""IL""]","[""2066866"", ""2066867""]","[""60624"", ""60645""]",[],[],[],[],[],[],2025,10,17,9,False,afternoon,41.88,-87.68,41.88_-87.68,50.0,50,50,FAILURE-TO-YIELD,0
STRAIGHT AND LEVEL,1431,2025-10-09 17:00:00,5,17,10,C7153085E1004CD820C5A2816A562AB47A79E27D1B5F19E6AFB3BA1CBA7ECCBA454C55BE137476353CE32A0634489AA7A1DCE4F4CF8509C434A4F4144B2C4328,NO INJURY / DRIVE AWAY,"OVER $1,500",FUNCTIONING PROPERLY,ANGLE,41.9216530629,DAYLIGHT,-87.6876852195,2,35,DISREGARDING STOP SIGN,NO DEFECTS,DRY,NOT APPLICABLE,N,2200,STOP SIGN/FLASHER,NOT DIVIDED,CLEAR,0.0,0.0,1.0,0.0,0.0,1.0,1,2,[],[],"[""Y""]","[""2025-10-09T17:00:00.000""]","[""2167208"", ""2167209""]","[""FRONT"", ""SIDE-LEFT""]","[""IL"", ""VA""]","[""FORD"", ""NISSAN""]","[""STRAIGHT AHEAD""]","[""FAIRLANE"", ""MAXIMA""]","[""1""]","[""S"", ""W""]","[""1"", ""2""]","[""DRIVER""]","[""NONE"", ""UNKNOWN""]","[""2065875"", ""2065878""]","[""PASSENGER"", ""TRACTOR W/ SEMI-TRAILER""]","[""OTHER"", ""PERSONAL""]","[""2016"", ""2021""]",[],[],[],[],[],[],[],"[""Y""]","[""Y""]",[],[],[],[],[],[],[],"['25', '53']","[""DEPLOYMENT UNKNOWN"", ""DID NOT DEPLOY""]","[""TEST NOT OFFERED""]","[""CHICAGO"", ""MIDLOTHION""]","[""2025-10-09T17:00:00.000""]","[""NONE"", ""OTHER""]","[""NOT OBSCURED"", ""UNKNOWN""]","[""D""]","[""IL"", ""VA""]","[""NONE"", ""UNKNOWN""]",[],"[""O2167208"", ""O2167209""]","[""DRIVER""]","[""NORMAL"", ""UNKNOWN""]","[""USAGE UNKNOWN""]","[""F"", ""M""]","[""IL"", ""VA""]","[""2065875"", ""2065878""]","[""23113"", ""60632""]",[],[],[],[],[],[],2025,10,17,9,False,afternoon,41.92,-87.69,41.92_-87.69,39.0,25,53,OTHER,0
STRAIGHT AND LEVEL,832,2025-10-09 17:00:00,5,17,10,25DB3421D1F6CA6878222A6EB56CF136BA27EFC1483B49D2163A0AD9BC12AB65924B2E048963247AF1577CF83B4132F32B6C876600DDBCBD97326192F32B2E4C,NO INJURY / DRIVE AWAY,"OVER $1,500",NO CONTROLS,REAR END,41.7682384769,UNKNOWN,-87.6834869571,2,30,UNABLE TO DETERMINE,UNKNOWN,UNKNOWN,UNABLE TO DETERMINE,S,6900,NO CONTROLS,UNKNOWN,CLEAR,0.0,1.0,0.0,0.0,0.0,1.0,1,0,[],[],[],"[""2025-10-09T17:00:00.000""]","[""2166919"", ""2166920""]","[""SIDE-LEFT-REAR"", ""UNKNOWN""]",[],"[""CHEVROLET"", ""UNKNOWN""]","[""UNKNOWN/NA""]","[""MOTORIZED"", ""TRAVERSE""]","[""1""]","[""UNKNOWN""]","[""1"", ""2""]","[""DRIVER""]","[""UNKNOWN""]","[""2065598"", ""2065603""]","[""UNKNOWN/NA""]","[""UNKNOWN/NA""]","[""2016""]",[],[],[],[],[],"[""Y""]","[""N"", ""Y""]",[],[],[],[],"[""Y""]",[],[],"[""Y""]",[],[],"[""DEPLOYMENT UNKNOWN""]","[""TEST NOT OFFERED""]","[""CHICAGO""]","[""2025-10-09T17:00:00.000""]","[""UNKNOWN""]","[""UNKNOWN""]",[],"[""IL"", ""XX""]","[""UNKNOWN""]",[],"[""O2166919"", ""O2166920""]","[""DRIVER""]","[""UNKNOWN""]","[""USAGE UNKNOWN""]","[""X""]","[""IL""]","[""2065598"", ""2065603""]","[""60652""]",[],[],[],[],[],[],2025,10,17,9,False,afternoon,41.77,-87.68,41.77_-87.68,0.0,0,0,OTHER,0
STRAIGHT AND LEVEL,2212,2025-10-09 16:53:00,5,16,10,AE28117ECDFBCC07D9DDB38FD267D29961D8DD53CE1CE085F5772EF73F77238CB06900256F0E6DE40AC92A932B8E932BF950B787930A1C6B7771C68A2D8027AF,INJURY AND / OR TOW DUE TO CRASH,"OVER $1,500",NO CONTROLS,TURNING,41.6828188011,DAYLIGHT,-87.6689514295,2,30,IMPROPER OVERTAKING/PASSING,NO DEFECTS,DRY,DRIVING SKILLS/KNOWLEDGE/EXPERIENCE,S,11622,NO CONTROLS,NOT DIVIDED,CLEAR,0.0,0.0,0.0,0.0,0.0,1.0,1,2,[],"[""Y""]",[],"[""2025-10-09T16:53:00.000""]","[""2168651"", ""2168652""]","[""FRONT-LEFT-CORNER"", ""SIDE-RIGHT-FRONT""]","[""IN""]","[""KIA""]","[""STRAIGHT AHEAD"", ""U-TURN""]","[""OTHER (EXPLAIN IN NARRATIVE)"", ""SOUL""]","[""1"", ""2""]","[""S""]","[""1"", ""2""]","[""DRIVER""]","[""NONE"", ""UNKNOWN""]","[""2067259"", ""2067267""]","[""PASSENGER"", ""SPORT UTILITY VEHICLE (SUV)""]","[""PERSONAL"", ""UNKNOWN/NA""]","[""2015""]","[""Y""]","[""Y""]","[""Y""]","[""PERSONAL""]","[""Y""]","[""Y""]",[],[],"[""Y""]",[],"[""1""]",[],[],"[""Y""]","[""Y""]","[""PERSONAL""]","['20', '52']","[""DEPLOYMENT UNKNOWN"", ""DID NOT DEPLOY""]","[""TEST NOT OFFERED""]","[""CHICAGO"", ""EVERGREEN PARK""]","[""2025-10-09T16:53:00.000""]","[""IMPROPER PASSING"", ""NONE""]","[""NOT OBSCURED"", ""UNKNOWN""]","[""D""]","[""IL""]","[""NONE""]","[""DNA""]","[""O2168651"", ""O2168652"", ""P478507""]","[""DRIVER"", ""PASSENGER""]","[""NORMAL""]","[""SAFETY BELT USED"", ""USAGE UNKNOWN""]","[""F"", ""M""]","[""IL""]","[""2067259"", ""2067267""]","[""60629"", ""60805""]","[""DNA""]","[""3""]",[],[],[],"[""DNA""]",2025,10,16,9,False,afternoon,41.68,-87.67,41.68_-87.67,36.0,20,52,OTHER,0
STRAIGHT AND LEVEL,2532,2025-10-09 16:52:00,5,16,10,B49ADA0505672F009CBFF9657945E7CF3B260B28A9416D220150F7E826A49693491575E0A7F2E8092ACCA1EEB826EED70D9F348E59F03F9D8B146A7482DEC4F8,INJURY AND / OR TOW DUE TO CRASH,"OVER $1,500",NO CONTROLS,REAR END,41.9077737244,DAYLIGHT,-87.765708273,2,30,FOLLOWING TOO CLOSELY,NO DEFECTS,DRY,UNABLE TO DETERMINE,N,1505,NO CONTROLS,NOT DIVIDED,CLEAR,0.0,0.0,0.0,0.0,0.0,1.0,1,5,[],[],"[""Y""]","[""2025-10-09T16:52:00.000""]","[""2167061"", ""2167062""]","[""FRONT"", ""REAR""]","[""IL""]","[""FREIGHTLINER CORPORATION"", ""HONDA""]","[""STRAIGHT AHEAD""]","[""CR-V"", ""FREIGHTLINER CORP.""]","[""1"", ""4""]","[""N""]","[""1"", ""2""]","[""DRIVER""]","[""NONE""]","[""2065738"", ""2065743""]","[""SPORT UTILITY VEHICLE (SUV)"", ""TRUCK - SINGLE UNIT""]","[""OTHER"", ""PERSONAL""]","[""2012"", ""2025""]",[],[],[],[],[],[],[],[],[],[],"[""3""]",[],[],[],"[""Y""]",[],"['16', '19', '23', '24', '41']","[""DID NOT DEPLOY"", ""NOT APPLICABLE""]","[""TEST NOT OFFERED""]","[""CHICAGO""]","[""2025-10-09T16:52:00.000""]","[""FOLLOWED TOO CLOSELY"", ""NONE""]","[""UNKNOWN""]","[""C"", ""D""]","[""IL""]","[""NONE""]","[""IL MASONIC ER""]","[""O2167061"", ""O2167062"", ""P478162"", ""P478163"", ""P478165""]","[""DRIVER"", ""PASSENGER""]","[""NORMAL""]","[""SAFETY BELT USED""]","[""F"", ""M""]","[""IL""]","[""2065738"", ""2065743""]","[""60639"", ""60651""]","[""CFD AMB 52""]","[""3"", ""4"", ""6""]",[],[],[],[],2025,10,16,9,False,afternoon,41.91,-87.77,41.91_-87.77,24.6,16,41,FOLLOWING TOO CLOSELY,1
STRAIGHT AND LEVEL,1014,2025-10-09 16:45:00,5,16,10,0CFC752316CFDECF3FA1B3E20614688A8F8C05F84E9CE1497F97D3FB1EC9B71860153A9BB0793DE33C5E00FFF9B287A358155E110B9ADBB9B206A197581E535D,INJURY AND / OR TOW DUE TO CRASH,"OVER $1,500",FUNCTIONING PROPERLY,TURNING,41.8546457019,DAYLIGHT,-87.7152062518,2,30,DISREGARDING TRAFFIC SIGNALS,NO DEFECTS,DRY,NOT APPLICABLE,W,3600,TRAFFIC SIGNAL,DIVIDED - W/MEDIAN BARRIER,CLEAR,0.0,0.0,1.0,0.0,0.0,1.0,1,2,"[""Y""]",[],"[""Y""]","[""2025-10-09T16:45:00.000""]","[""2166980"", ""2166981""]","[""FRONT""]","[""IL""]","[""BMW"", ""HONDA""]","[""STRAIGHT AHEAD"", ""TURNING LEFT""]","[""CIVIC"", ""OTHER (EXPLAIN IN NARRATIVE)""]","[""1""]","[""N"", ""W""]","[""1"", ""2""]","[""DRIVER""]","[""UNKNOWN""]","[""2065667"", ""2065672""]","[""MOTORCYCLE (OVER 150CC)"", ""PASSENGER""]","[""PERSONAL""]","[""2020"", ""2024""]",[],[],"[""Y""]",[],"[""Y""]","[""Y""]",[],"[""Y""]","[""Y""]",[],[],"[""Y""]",[],[],[],"[""personal tow""]","['27', '36']","[""DID NOT DEPLOY"", ""NOT APPLICABLE""]","[""TEST NOT OFFERED""]","[""CHICAGO"", ""GRAHAM""]","[""2025-10-09T16:45:00.000""]","[""DISREGARDED CONTROL DEVICES"", ""NONE""]","[""UNKNOWN""]","[""9"", ""D""]","[""WA""]","[""NONE"", ""TOTALLY EJECTED""]","[""MT SINAI""]","[""O2166980"", ""O2166981""]","[""DRIVER""]","[""NORMAL""]","[""DOT COMPLIANT MOTORCYCLE HELMET"", ""SAFETY BELT USED""]","[""M""]","[""IL"", ""WA""]","[""2065667"", ""2065672""]","[""60647"", ""98338""]","[""34""]",[],[],[],[],[],2025,10,16,9,False,afternoon,41.85,-87.72,41.85_-87.72,31.5,27,36,OTHER,1