alignment,beat_of_occurrence,crash_date,crash_day_of_week,crash_hour,crash_month,crash_record_id,crash_type,damage,device_condition,first_crash_type,latitude,lighting_condition,longitude,num_units,posted_speed_limit,prim_contributory_cause,road_defect,roadway_surface_cond,sec_contributory_cause,street_direction,street_no,traffic_control_device,trafficway_type,weather_condition,private_property_i,hit_and_run_i,intersection_related_i,crash_date_est_i,work_zone_i,workers_present_i,veh_count,ppl_count,veh_area_01_i_list_json,veh_area_02_i_list_json,veh_area_12_i_list_json,veh_crash_date_list_json,veh_crash_unit_id_list_json,veh_first_contact_point_list_json,veh_lic_plate_state_list_json,veh_make_list_json,veh_maneuver_list_json,veh_model_list_json,veh_occupant_cnt_list_json,veh_travel_direction_list_json,veh_unit_no_list_json,veh_unit_type_list_json,veh_vehicle_defect_list_json,veh_vehicle_id_list_json,veh_vehicle_type_list_json,veh_vehicle_use_list_json,veh_vehicle_year_list_json,veh_area_03_i_list_json,veh_area_04_i_list_json,veh_area_11_i_list_json,veh_towed_by_list_json,veh_towed_i_list_json,veh_area_07_i_list_json,veh_area_99_i_list_json,veh_area_09_i_list_json,veh_area_10_i_list_json,veh_cmrc_veh_i_list_json,veh_num_passengers_list_json,veh_area_08_i_list_json,veh_area_00_i_list_json,veh_area_05_i_list_json,veh_area_06_i_list_json,veh_towed_to_list_json,ppl_age_list_json,ppl_airbag_deployed_list_json,ppl_bac_result_list_json,ppl_city_list_json,ppl_crash_date_list_json,ppl_driver_action_list_json,ppl_driver_vision_list_json,ppl_drivers_license_class_list_json,ppl_drivers_license_state_list_json,ppl_ejection_list_json,ppl_hospital_list_json,ppl_person_id_list_json,ppl_person_type_list_json,ppl_physical_condition_list_json,ppl_safety_equipment_list_json,ppl_sex_list_json,ppl_state_list_json,ppl_vehicle_id_list_json,ppl_zipcode_list_json,ppl_ems_agency_list_json,ppl_seat_no_list_json,ppl_pedpedal_action_list_json,ppl_pedpedal_location_list_json,ppl_pedpedal_visibility_list_json,ppl_ems_run_no_list_json,year,month,hour,day,is_weekend,hour_bin,lat_bin,lng_bin,grid_id,ppl_age_mean,ppl_age_min,ppl_age_max,prim_contributory_cause_group,ksi_flag
STRAIGHT AND LEVEL,1432,2025-10-09 16:40:00,5,16,10,EFF2816066A906303CFC463404B589B695C5D03E5CABAFD70AA09EEA813F6F1261EC5AB87CBB8923359D18E5F020DA8703CA79E3A93A3DDEC145AC44B0187A7F,NO INJURY / DRIVE AWAY,"OVER $1,500",NO CONTROLS,ANGLE,41.9329987449,DAYLIGHT,-87.6857565524,2,15,UNABLE TO DETERMINE,UNKNOWN,DRY,NOT APPLICABLE,W,2301,NO CONTROLS,ALLEY,CLEAR,0.0,0.0,0.0,0.0,0.0,1.0,1,2,[],"[""Y""]","[""Y""]","[""2025-10-09T16:40:00.000""]","[""2166939"", ""2166940""]","[""FRONT"", ""SIDE-RIGHT""]","[""IL""]","[""DODGE"", ""VOLVO""]","[""STRAIGHT AHEAD""]","[""RAM PROMASTER"", ""XC60""]","[""1""]","[""S"", ""W""]","[""1"", ""2""]","[""DRIVER""]","[""UNKNOWN""]","[""2065625"", ""2065635""]","[""SPORT UTILITY VEHICLE (SUV)"", ""VAN/MINI-VAN""]","[""OTHER"", ""PERSONAL""]","[""2023""]","[""Y""]","[""Y""]","[""Y""]",[],[],[],[],[],[],"[""N""]",[],[],[],[],[],[],"['31', '61']","[""DID NOT DEPLOY""]","[""TEST NOT OFFERED""]","[""CHICAGO"", ""NILES""]","[""2025-10-09T16:40:00.000""]","[""NONE"", ""UNKNOWN""]","[""NOT OBSCURED"", ""UNKNOWN""]","[""A"", ""D""]","[""IL""]","[""NONE""]",[],"[""O2166939"", ""O2166940""]","[""DRIVER""]","[""NORMAL""]","[""SAFETY BELT USED""]","[""M""]","[""IL""]","[""2065625"", ""2065635""]","[""60618"", ""60714""]",[],[],[],[],[],[],2025,10,16,9,False,afternoon,41.93,-87.69,41.93_-87.69,46.0,31,61,OTHER,0
STRAIGHT AND LEVEL,731,2025-10-09 16:40:00,5,16,10,B95A60C3A24975395528FF7FD1A3A01D15BF40B347A27FE39797CF32DDEA3CBC4CF73A366FE9A653513CA0AB191EDDA00B8850F7EF31FCDD52F9AB2C9D7308A1,NO INJURY / DRIVE AWAY,"OVER $1,500",FUNCTIONING PROPERLY,REAR END,41.7653985858,DAYLIGHT,-87.6266955007,2,30,FOLLOWING TOO CLOSELY,NO DEFECTS,DRY,NOT APPLICABLE,S,7100,TRAFFIC SIGNAL,FOUR WAY,CLEAR,0.0,0.0,0.0,0.0,0.0,1.0,1,2,[],[],"[""Y""]","[""2025-10-09T16:40:00.000""]","[""2167432"", ""2167433""]","[""FRONT"", ""REAR-RIGHT-CORNER""]","[""IL""]","[""KIA"", ""NISSAN""]","[""STRAIGHT AHEAD""]","[""MURANO"", ""OPTIMA / K5""]","[""1""]","[""S""]","[""1"", ""2""]","[""DRIVER""]","[""NONE"", ""UNKNOWN""]","[""2066096"", ""2066098""]","[""PASSENGER""]","[""PERSONAL""]","[""2008"", ""2025""]",[],[],"[""Y""]",[],[],[],[],[],[],[],[],[],[],"[""Y""]",[],[],"['27', '28']","[""DID NOT DEPLOY""]","[""TEST NOT OFFERED""]","[""CHICAGO""]","[""2025-10-09T16:40:00.000""]","[""FOLLOWED TOO CLOSELY"", ""NONE""]","[""NOT OBSCURED"", ""UNKNOWN""]","[""D""]","[""IL""]","[""NONE""]",[],"[""O2167432"", ""O2167433""]","[""DRIVER""]","[""NORMAL"", ""UNKNOWN""]","[""SAFETY BELT USED"", ""USAGE UNKNOWN""]","[""F""]","[""IL""]","[""2066096"", ""2066098""]","[""60643"", ""60653""]",[],[],[],[],[],[],2025,10,16,9,False,afternoon,41.77,-87.63,41.77_-87.63,27.5,27,28,FOLLOWING TOO CLOSELY,0
STRAIGHT AND LEVEL,813,2025-10-09 16:38:00,5,16,10,6AA1B060C35C32D196349464C740C2F58196046A27DE92D4D49B10A6AA8B0F7221CB8438B6E0E637610C964FF4F63FAAA55F0C36E3B69C3A091545D0AE78F077,INJURY AND / OR TOW DUE TO CRASH,$500 OR LESS,NO CONTROLS,SIDESWIPE SAME DIRECTION,41.7841764848,DAYLIGHT,-87.7413338643,2,30,UNABLE TO DETERMINE,NO DEFECTS,DRY,UNABLE TO DETERMINE,S,6001,NO CONTROLS,DIVIDED - W/MEDIAN BARRIER,CLEAR,0.0,1.0,0.0,0.0,0.0,1.0,1,1,[],"[""N""]",[],"[""2025-10-09T16:38:00.000""]","[""2167065"", ""2167066""]","[""SIDE-LEFT"", ""SIDE-RIGHT""]","[""IL""]","[""UNKNOWN""]","[""STRAIGHT AHEAD"", ""UNKNOWN/NA""]","[""OTHER (EXPLAIN IN NARRATIVE)""]","[""1""]","[""N""]","[""1"", ""2""]","[""DRIVER""]","[""NONE"", ""UNKNOWN""]","[""2065736"", ""2065737""]","[""BUS OVER 15 PASS."", ""SPORT UTILITY VEHICLE (SUV)""]","[""OTHER"", ""UNKNOWN/NA""]","[""2013""]","[""N""]",[],[],[],[],[],"[""Y""]","[""N""]","[""N""]","[""N""]",[],[],"[""Y""]",[],[],[],['49'],"[""DEPLOYMENT UNKNOWN"", ""DID NOT DEPLOY""]","[""TEST NOT OFFERED""]","[""ARLINGTON HEIGHTS"", ""UNKNOWN""]","[""2025-10-09T16:38:00.000""]","[""NONE"", ""UNKNOWN""]","[""NOT OBSCURED"", ""UNKNOWN""]","[""B""]","[""IL""]","[""NONE""]",[],"[""O2167065"", ""O2167066""]","[""DRIVER""]","[""NORMAL"", ""UNKNOWN""]","[""SAFETY BELT USED"", ""USAGE UNKNOWN""]","[""F"", ""M""]","[""IL"", ""XX""]","[""2065736"", ""2065737""]","[""60005""]",[],[],[],[],[],[],2025,10,16,9,False,afternoon,41.78,-87.74,41.78_-87.74,49.0,49,49,OTHER,1
STRAIGHT AND LEVEL,413,2025-10-09 16:36:00,5,16,10,9FDDD75E8CA5D0647066B711417B46815021EC623E6D6F57C4F5990A3138D239AF256DC48758DA6495098AA5F55627757EB60139B186FBF0BCEEB7C7272FBEB1,INJURY AND / OR TOW DUE TO CRASH,"OVER $1,500",NO CONTROLS,TURNING,41.7224091017,DAYLIGHT,-87.5882081194,2,30,IMPROPER TURNING/NO SIGNAL,UNKNOWN,DRY,UNABLE TO DETERMINE,E,1448,NO CONTROLS,DIVIDED - W/MEDIAN (NOT RAISED),CLEAR,0.0,1.0,0.0,0.0,0.0,1.0,1,1,"[""Y""]","[""Y""]",[],"[""2025-10-09T16:36:00.000""]","[""2166935"", ""2166936""]","[""FRONT-RIGHT-CORNER"", ""SIDE-LEFT""]","[""IL""]","[""GENERAL MOTORS CORPORATION (GMC)"", ""VOLVO""]","[""STRAIGHT AHEAD"", ""TURNING LEFT""]","[""TERRAIN"", ""XC90""]","[""1"", ""4""]","[""S"", ""W""]","[""1"", ""2""]","[""DRIVER""]","[""UNKNOWN""]","[""2065621"", ""2065644""]","[""SPORT UTILITY VEHICLE (SUV)""]","[""PERSONAL"", ""UNKNOWN/NA""]","[""2005"", ""2016""]",[],[],[],"[""CITY OF CHICAGO"", ""PRIVATE TOW""]","[""Y""]",[],[],"[""Y""]","[""Y""]",[],"[""3""]",[],[],[],[],"[""887 E 100TH ST"", ""AUTO POUND #2""]",['80'],"[""DEPLOYED, COMBINATION"", ""DEPLOYMENT UNKNOWN"", ""NOT APPLICABLE""]","[""TEST NOT OFFERED""]","[""CHICAGO""]","[""2025-10-09T16:36:00.000""]","[""IMPROPER TURN"", ""NONE""]","[""UNKNOWN""]","[""D""]","[""IL""]","[""NONE""]","[""REFUSED MEDICAL ASSISTANCE""]","[""O2166935"", ""O2166936"", ""P478125"", ""P478126"", ""P478127""]","[""DRIVER"", ""PASSENGER""]","[""NORMAL"", ""UNKNOWN""]","[""USAGE UNKNOWN""]","[""M""]","[""IL""]","[""2065621"", ""2065644""]","[""60628""]",[],"[""3"", ""4"", ""6""]",[],[],[],[],2025,10,16,9,False,afternoon,41.72,-87.59,41.72_-87.59,80.0,80,80,OTHER,1
STRAIGHT AND LEVEL,2515,2025-10-09 16:30:00,5,16,10,3445AC8BF85FC740541A0EE17C0303577D0B9C361A4ADF8E6520BECA69F649230A92262A6616546D836246026702FD5367D0FBFA8EDB1F67CF0E3793AC3B1587,NO INJURY / DRIVE AWAY,"$501 - $1,500",NO CONTROLS,SIDESWIPE SAME DIRECTION,41.9199889897,DAYLIGHT,-87.7720759108,2,30,FAILING TO YIELD RIGHT-OF-WAY,NO DEFECTS,DRY,NOT APPLICABLE,N,2200,NO CONTROLS,ONE-WAY,CLEAR,0.0,0.0,0.0,0.0,0.0,1.0,1,2,"[""N""]","[""N""]",[],"[""2025-10-09T16:30:00.000""]","[""2167332"", ""2167333""]","[""FRONT-RIGHT-CORNER"", ""SIDE-LEFT""]","[""IL""]","[""HONDA"", ""KIA""]","[""ENTERING TRAFFIC LANE FROM PARKING"", ""STRAIGHT AHEAD""]","[""CR-V"", ""OPTIMA / K5""]","[""1""]","[""S""]","[""1"", ""2""]","[""DRIVER""]","[""NONE"", ""UNKNOWN""]","[""2065993"", ""2065997""]","[""PASSENGER"", ""SPORT UTILITY VEHICLE (SUV)""]","[""PERSONAL"", ""UNKNOWN/NA""]","[""2007"", ""2021""]",[],[],[],[],[],[],"[""Y""]","[""Y""]","[""Y""]",[],[],"[""Y""]",[],[],[],[],"['37', '45']","[""DID NOT DEPLOY"", ""NOT APPLICABLE""]","[""TEST NOT OFFERED""]","[""CHICAGO"", ""MELROSE PARK""]","[""2025-10-09T16:30:00.000""]","[""FAILED TO YIELD"", ""NONE""]","[""NOT OBSCURED"", ""UNKNOWN""]","[""D""]","[""IL""]","[""NONE""]",[],"[""O2167332"", ""O2167333""]","[""DRIVER""]","[""NORMAL"", ""UNKNOWN""]","[""SAFETY BELT USED"", ""USAGE UNKNOWN""]","[""F"", ""M""]","[""IL""]","[""2065993"", ""2065997""]","[""60164"", ""60639""]",[],[],[],[],[],[],2025,10,16,9,False,afternoon,41.92,-87.77,41.92_-87.77,41.0,37,45,FAILURE-TO-YIELD,0
STRAIGHT AND LEVEL,711,2025-10-09 16:21:00,5,16,10,82B33334644927E1CE5C0303B355854EDFB70BF88F707C9E13E98403EACB0ECEBB4C84341F99B59A18976AA53C644EFBCE08E937ED7372B33EF6C918CD185BDD,NO INJURY / DRIVE AWAY,"OVER $1,500",NO CONTROLS,TURNING,41.7940534508,DAYLIGHT,-87.6328441226,2,30,IMPROPER TURNING/NO SIGNAL,NO DEFECTS,DRY,NOT APPLICABLE,W,257,NO CONTROLS,FOUR WAY,CLEAR,0.0,0.0,0.0,0.0,0.0,1.0,1,1,"[""Y""]","[""Y""]","[""Y""]","[""2025-10-09T16:21:00.000""]","[""2166957"", ""2166958""]","[""FRONT-RIGHT-CORNER"", ""SIDE-LEFT""]","[""IL""]","[""GENERAL MOTORS CORPORATION (GMC)"", ""NISSAN""]","[""STRAIGHT AHEAD"", ""TURNING LEFT""]","[""OTHER (EXPLAIN IN NARRATIVE)"", ""TERRAIN""]","[""1"", ""2""]","[""E""]","[""1"", ""2""]","[""DRIVER""]","[""NONE""]","[""2065643"", ""2065652""]","[""PASSENGER""]","[""PERSONAL"", ""UNKNOWN/NA""]","[""2015"", ""2022""]","[""N""]",[],[],[],[],[],[],"[""Y""]",[],[],"[""1""]","[""Y""]",[],[],[],[],['39'],"[""NOT APPLICABLE""]","[""TEST NOT OFFERED""]","[""CHICAGO""]","[""2025-10-09T16:21:00.000""]","[""IMPROPER TURN"", ""NONE""]","[""NOT OBSCURED"", ""UNKNOWN""]","[""D""]","[""IL""]","[""NONE""]",[],"[""O2166957"", ""O2166958"", ""P478136""]","[""DRIVER"", ""PASSENGER""]","[""NORMAL"", ""UNKNOWN""]","[""SAFETY BELT USED"", ""USAGE UNKNOWN""]","[""F"", ""M""]","[""IL""]","[""2065643"", ""2065652""]","[""60609"", ""60653""]",[],"[""2""]",[],[],[],[],2025,10,16,9,False,afternoon,41.79,-87.63,41.79_-87.63,39.0,39,39,OTHER,0
STRAIGHT AND LEVEL,2512,2025-10-09 16:20:00,5,16,10,14F20BDEF3BDD592C2C8691A5B221FC1031578F129AEB02D1010AC9D27F7590E6AB509F29C565A8199E7740702985C55BC3C0A3E51F77ADA0B7CF3094841A2D1,INJURY AND / OR TOW DUE TO CRASH,"OVER $1,500",NO CONTROLS,TURNING,41.9225572636,DAYLIGHT,-87.8060627948,2,20,FAILING TO YIELD RIGHT-OF-WAY,NO DEFECTS,DRY,FAILING TO YIELD RIGHT-OF-WAY,N,2351,NO CONTROLS,NOT DIVIDED,CLEAR,0.0,0.0,1.0,0.0,0.0,1.0,1,2,"[""Y""]",[],"[""Y""]","[""2025-10-09T16:20:00.000""]","[""2166927"", ""2166928""]","[""FRONT"", ""FRONT-LEFT-CORNER""]","[""IL""]","[""FORD"", ""JEEP""]","[""STRAIGHT AHEAD"", ""TURNING LEFT""]","[""CHEROKEE"", ""ESCAPE""]","[""1""]","[""N"", ""S""]","[""1"", ""2""]","[""DRIVER""]","[""UNKNOWN""]","[""2065612"", ""2065615""]","[""PASSENGER""]","[""PERSONAL""]","[""2010"", ""2019""]",[],[],"[""Y""]",[],[],[],[],[],[],[],[],[],[],[],[],[],"['39', '51']","[""DEPLOYED, COMBINATION"", ""NOT APPLICABLE""]","[""TEST NOT OFFERED""]","[""CHICAGO"", ""SKOKIE""]","[""2025-10-09T16:20:00.000""]","[""FAILED TO YIELD""]","[""NOT OBSCURED""]","[""B"", ""D""]","[""IL""]","[""NONE""]",[],"[""O2166927"", ""O2166928""]","[""DRIVER""]","[""NORMAL""]","[""SAFETY BELT USED""]","[""M""]","[""IL""]","[""2065612"", ""2065615""]","[""60077"", ""60634""]",[],[],[],[],[],[],2025,10,16,9,False,afternoon,41.92,-87.81,41.92_-87.81,45.0,39,51,FAILURE-TO-YIELD,1
STRAIGHT AND LEVEL,914,2025-10-09 16:20:00,5,16,10,A2AF7FB4D8CE79FF6DBF72F2D14F816EBC6EEAFC760CE2E47317A7787E35DB2FB3C97ED392E8EE50F9E6FB6432C4AD85FEF07C87B71EB6DE59F1C80AB9563A47,NO INJURY / DRIVE AWAY,"$501 - $1,500",FUNCTIONING PROPERLY,SIDESWIPE SAME DIRECTION,41.8478851265,DAYLIGHT,-87.645363419,2,30,UNABLE TO DETERMINE,NO DEFECTS,DRY,IMPROPER OVERTAKING/PASSING,S,2470,TRAFFIC SIGNAL,NOT DIVIDED,CLEAR,0.0,0.0,1.0,0.0,0.0,1.0,1,3,[],"[""Y""]",[],"[""2025-10-09T16:20:00.000""]","[""2166906"", ""2166907""]","[""SIDE-LEFT-REAR"", ""SIDE-RIGHT""]","[""IL"", ""WI""]","[""CHEVROLET"", ""TOYOTA""]","[""PASSING/OVERTAKING"", ""STRAIGHT AHEAD""]","[""HIGHLANDER"", ""MALIBU""]","[""1"", ""2""]","[""SW""]","[""1"", ""2""]","[""DRIVER""]","[""NONE""]","[""2065590"", ""2065599""]","[""PASSENGER""]","[""PERSONAL""]","[""2009"", ""2015""]","[""Y""]","[""Y""]",[],[],[],"[""Y""]",[],[],[],[],"[""1""]","[""Y""]",[],[],[],[],"['24', '27', '58']","[""DID NOT DEPLOY""]","[""TEST NOT OFFERED""]","[""CHICAGO"", ""INDIANTOWN"", ""PORT ST LUCIE""]","[""2025-10-09T16:20:00.000""]","[""IMPROPER LANE CHANGE"", ""NONE""]","[""NOT OBSCURED""]","[""A""]","[""FL"", ""IL""]","[""NONE""]",[],"[""O2166906"", ""O2166907"", ""P478118""]","[""DRIVER"", ""PASSENGER""]","[""NORMAL""]","[""SAFETY BELT USED""]","[""F"", ""M""]","[""FL"", ""IL""]","[""2065590"", ""2065599""]","[""34953"", ""34965"", ""60647""]",[],"[""3""]",[],[],[],[],2025,10,16,9,False,afternoon,41.85,-87.65,41.85_-87.65,36.333333333333336,24,58,OTHER,0
STRAIGHT AND LEVEL,1915,2025-10-09 16:20:00,5,16,10,1969E68C6983048A7679A7103A1A825436BBBB2D9809E9866A56AAC06A362727C83ADCE0DFF1CB5C206DBD1C8BBBC180802F516983500FADE148E09819AAF4CE,INJURY AND / OR TOW DUE TO CRASH,"$501 - $1,500",NO CONTROLS,REAR END,41.9599784128,DAYLIGHT,-87.6497122329,2,20,IMPROPER BACKING,UNKNOWN,UNKNOWN,IMPROPER BACKING,N,4251,NO CONTROLS,PARKING LOT,CLEAR,0.0,0.0,0.0,0.0,0.0,1.0,1,2,[],[],"[""Y""]","[""2025-10-09T16:20:00.000""]","[""2167751"", ""2167752""]","[""REAR-LEFT-CORNER""]","[""IL""]","[""FORD"", ""SUBARU""]","[""LEAVING TRAFFIC LANE TO PARK"", ""UNKNOWN/NA""]","[""EXPLORER"", ""LEGACY""]","[""1""]","[""N""]","[""1"", ""2""]","[""DRIVER""]","[""UNKNOWN""]","[""2066394"", ""2066398""]","[""PASSENGER"", ""SPORT UTILITY VEHICLE (SUV)""]","[""UNKNOWN/NA""]","[""2013"", ""2015""]",[],[],[],[],[],"[""Y""]",[],[],[],[],[],"[""Y""]",[],[],"[""Y""]",[],"['46', '50']","[""DID NOT DEPLOY""]","[""TEST NOT OFFERED""]","[""CHICAGO""]","[""2025-10-09T16:20:00.000""]","[""IMPROPER BACKING"", ""NONE""]","[""UNKNOWN""]","[""C"", ""D""]","[""IL""]","[""NONE""]","[""THOREK""]","[""O2167751"", ""O2167752""]","[""DRIVER""]","[""UNKNOWN""]","[""USAGE UNKNOWN""]","[""F"", ""M""]","[""IL""]","[""2066394"", ""2066398""]","[""60618"", ""60641""]",[],[],[],[],[],[],2025,10,16,9,False,afternoon,41.96,-87.65,41.96_-87.65,48.0,46,50,OTHER,1
STRAIGHT AND LEVEL,2522,2025-10-09 16:15:00,5,16,10,085E1C8C3C0CCF43D301D07A25E3C244BC009BEE3791A3482BA934484CB4564DDEA23632005539C4C536CC1E7AF4BFC85DAEA554F827C93156FD1E43C4DF8CCB,NO INJURY / DRIVE AWAY,"OVER $1,500",NO CONTROLS,SIDESWIPE SAME DIRECTION,41.924214023,DAYLIGHT,-87.7400068451,2,30,UNABLE TO DETERMINE,UNKNOWN,DRY,NOT APPLICABLE,W,4525,NO CONTROLS,DIVIDED - W/MEDIAN (NOT RAISED),CLEAR,0.0,0.0,0.0,0.0,0.0,1.0,1,1,"[""Y""]",[],[],"[""2025-10-09T16:15:00.000""]","[""2166912"", ""2166913""]","[""FRONT-RIGHT-CORNER"", ""SIDE-LEFT""]","[""IL""]","[""SUBARU"", ""TOYOTA""]","[""OTHER"", ""STRAIGHT AHEAD""]","[""COROLLA"", ""CROSSTREK""]","[""1""]","[""E""]","[""1"", ""2""]","[""DRIVER""]","[""UNKNOWN""]","[""2065606"", ""2065610""]","[""OTHER"", ""PASSENGER""]","[""PERSONAL"", ""UNKNOWN/NA""]","[""2019"", ""2024""]",[],[],"[""Y""]",[],[],[],[],"[""Y""]","[""Y""]",[],[],"[""Y""]",[],[],[],[],['29'],"[""DEPLOYMENT UNKNOWN"", ""NOT APPLICABLE""]","[""TEST NOT OFFERED""]","[""CHICAGO""]","[""2025-10-09T16:15:00.000""]","[""OTHER""]","[""UNKNOWN""]","[""D""]","[""IL""]","[""NONE""]",[],"[""O2166912"", ""O2166913""]","[""DRIVER""]","[""NORMAL"", ""UNKNOWN""]","[""USAGE UNKNOWN""]","[""F"", ""M""]","[""IL""]","[""2065606"", ""2065610""]","[""60639""]",[],[],[],[],[],[],2025,10,16,9,False,afternoon,41.92,-87.74,41.92_-87.74,29.0,29,29,OTHER,0
STRAIGHT AND LEVEL,1612,2025-10-09 16:15:00,5,16,10,E49C6D0BA170EC77CDBF6C7EF748D60318D7C4200B1FD3506FCECCDF95E92595D8F030953A3BE813741E43B9C6FF491A52486A5AADCB634F915A89BC52B2F1D3,NO INJURY / DRIVE AWAY,"OVER $1,500",NO CONTROLS,ANGLE,41.9894657994,DAYLIGHT,-87.8142106663,2,10,DRIVING SKILLS/KNOWLEDGE/EXPERIENCE,NO DEFECTS,DRY,UNABLE TO DETERMINE,W,7500,NO CONTROLS,PARKING LOT,CLEAR,1.0,0.0,0.0,0.0,0.0,1.0,1,2,[],"[""Y""]","[""Y""]","[""2025-10-09T16:15:00.000""]","[""2166903"", ""2166904""]","[""FRONT"", ""SIDE-RIGHT""]","[""IL""]","[""GENERAL MOTORS CORPORATION (GMC)"", ""TOYOTA""]","[""STRAIGHT AHEAD""]","[""ACADIA"", ""SIENNA""]","[""1""]","[""E"", ""N""]","[""1"", ""2""]","[""DRIVER""]","[""NONE""]","[""2065584"", ""2065588""]","[""SPORT UTILITY VEHICLE (SUV)"", ""VAN/MINI-VAN""]","[""PERSONAL""]","[""2011"", ""2013""]","[""Y""]","[""Y""]",[],[],[],[],[],[],[],[],[],[],[],[],[],[],"['16', '17']","[""DEPLOYED, SIDE"", ""DID NOT DEPLOY""]","[""TEST NOT OFFERED""]","[""CHICAGO""]","[""2025-10-09T16:15:00.000""]","[""NONE"", ""OVERCORRECTED""]","[""NOT OBSCURED""]",[],"[""IL""]","[""NONE""]",[],"[""O2166903"", ""O2166904""]","[""DRIVER""]","[""IMPAIRED - ALCOHOL"", ""NORMAL""]","[""SAFETY BELT USED""]","[""F""]","[""IL""]","[""2065584"", ""2065588""]","[""60631""]",[],[],[],[],[],[],2025,10,16,9,False,afternoon,41.99,-87.81,41.99_-87.81,16.5,16,17,OTHER,0
STRAIGHT AND LEVEL,614,2025-10-09 16:06:00,5,16,10,E6409C68359F6B7361DB4EF6790D873095858BBCCA4B17EBEDE8A585DBF61F5CEBA32438F3B8756E27C6BB4EE096C6CC32A8B92BF214E0DFE861CC318651882C,INJURY AND / OR TOW DUE TO CRASH,$500 OR LESS,FUNCTIONING PROPERLY,REAR END,41.7428499806,DAYLIGHT,-87.673107363,2,30,UNABLE TO DETERMINE,NO DEFECTS,DRY,UNABLE TO DETERMINE,S,8300,TRAFFIC SIGNAL,DIVIDED - W/MEDIAN (NOT RAISED),CLEAR,0.0,0.0,0.0,0.0,0.0,1.0,1,5,[],[],[],"[""2025-10-09T16:06:00.000""]","[""2166950"", ""2166951""]","[""FRONT"", ""REAR""]","[""IL""]","[""FORD"", ""NISSAN""]","[""STRAIGHT AHEAD""]","[""EXPLORER"", ""ROGUE""]","[""2"", ""3""]","[""N""]","[""1"", ""2""]","[""DRIVER""]","[""UNKNOWN""]","[""2065641"", ""2065646""]","[""PASSENGER""]","[""UNKNOWN/NA""]","[""2012"", ""2020""]",[],[],[],[],[],[],[],[],[],[],"[""1"", ""2""]",[],"[""Y""]",[],[],[],"['3', '36', '62', '63', '88']","[""NOT APPLICABLE""]","[""TEST NOT OFFERED""]","[""CHICAGO""]","[""2025-10-09T16:06:00.000""]","[""FAILED TO YIELD"", ""NONE""]","[""UNKNOWN""]",[],"[""IL""]","[""NONE""]","[""LCM""]","[""O2166950"", ""O2166951"", ""P478135"", ""P478137"", ""P478139""]","[""DRIVER"", ""PASSENGER""]","[""NORMAL""]","[""CHILD RESTRAINT - FORWARD FACING"", ""USAGE UNKNOWN""]","[""F"", ""M""]","[""IL""]","[""2065641"", ""2065646""]","[""60619"", ""60620"", ""60636""]",[],"[""3"", ""6""]",[],[],[],[],2025,10,16,9,False,afternoon,41.74,-87.67,41.74_-87.67,50.4,3,88,OTHER,1
STRAIGHT AND LEVEL,433,2025-10-09 16:04:00,5,16,10,96ED21837A04BCF0E3AF57149DFE6D2C0E0D6A424D0B64E6E4AF7E7DA6297B0EE3E71A3D7CC90A816CE78F9F985B68CF86DF11B9F481F052CA66DA9FF27097EA,NO INJURY / DRIVE AWAY,"$501 - $1,500",NO CONTROLS,PARKED MOTOR VEHICLE,41.657264637,DAYLIGHT,-87.5545640077,2,30,FOLLOWING TOO CLOSELY,NO DEFECTS,DRY,NOT APPLICABLE,S,13100,NO CONTROLS,NOT DIVIDED,CLEAR,0.0,0.0,0.0,0.0,0.0,1.0,2,2,"[""Y""]","[""Y""]",[],"[""2025-10-09T16:04:00.000""]","[""2166914"", ""2166915""]","[""REAR-LEFT-CORNER"", ""SIDE-RIGHT""]","[""IL""]","[""DODGE"", ""SIERRA CAMPERS MANUFACTURING""]","[""PARKED"", ""STRAIGHT AHEAD""]","[""JOURNEY"", ""SIERRA CAMPERS MFG.""]","[""0"", ""2""]","[""W""]","[""1"", ""2""]","[""DRIVER"", ""PARKED""]","[""NONE""]","[""2065611"", ""2065619""]","[""PASSENGER""]","[""PERSONAL""]","[""2014"", ""2019""]",[],[],[],[],[],"[""Y""]",[],[],[],[],"[""1""]",[],[],[],[],[],"['41', '69']","[""NOT APPLICABLE""]","[""TEST NOT OFFERED""]","[""CHICAGO""]","[""2025-10-09T16:04:00.000""]","[""FOLLOWED TOO CLOSELY""]","[""NOT OBSCURED""]","[""D""]","[""IL""]","[""NONE""]",[],"[""O2166914"", ""P478120""]","[""DRIVER"", ""PASSENGER""]","[""NORMAL""]","[""NONE PRESENT"", ""SAFETY BELT USED""]","[""F"", ""M""]","[""IL""]","[""2065611""]","[""60633""]",[],"[""2""]",[],[],[],[],2025,10,16,9,False,afternoon,41.66,-87.55,41.66_-87.55,55.0,41,69,FOLLOWING TOO CLOSELY,0