alignment,beat_of_occurrence,crash_date,crash_day_of_week,crash_hour,crash_month,crash_record_id,crash_type,damage,device_condition,first_crash_type,latitude,lighting_condition,longitude,num_units,posted_speed_limit,prim_contributory_cause,road_defect,roadway_surface_cond,sec_contributory_cause,street_direction,street_no,traffic_control_device,trafficway_type,weather_condition,private_property_i,hit_and_run_i,intersection_related_i,crash_date_est_i,work_zone_i,workers_present_i,veh_count,ppl_count,veh_area_01_i_list_json,veh_area_02_i_list_json,veh_area_12_i_list_json,veh_crash_date_list_json,veh_crash_unit_id_list_json,veh_first_contact_point_list_json,veh_lic_plate_state_list_json,veh_make_list_json,veh_maneuver_list_json,veh_model_list_json,veh_occupant_cnt_list_json,veh_travel_direction_list_json,veh_unit_no_list_json,veh_unit_type_list_json,veh_vehicle_defect_list_json,veh_vehicle_id_list_json,veh_vehicle_type_list_json,veh_vehicle_use_list_json,veh_vehicle_year_list_json,veh_area_03_i_list_json,veh_area_04_i_list_json,veh_area_11_i_list_json,veh_towed_by_list_json,veh_towed_i_list_json,veh_area_07_i_list_json,veh_area_99_i_list_json,veh_area_09_i_list_json,veh_area_10_i_list_json,veh_cmrc_veh_i_list_json,veh_num_passengers_list_json,veh_area_08_i_list_json,veh_area_00_i_list_json,veh_area_05_i_list_json,veh_area_06_i_list_json,veh_towed_to_list_json,ppl_age_list_json,ppl_airbag_deployed_list_json,ppl_bac_result_list_json,ppl_city_list_json,ppl_crash_date_list_json,ppl_driver_action_list_json,ppl_driver_vision_list_json,ppl_drivers_license_class_list_json,ppl_drivers_license_state_list_json,ppl_ejection_list_json,ppl_hospital_list_json,ppl_person_id_list_json,ppl_person_type_list_json,ppl_physical_condition_list_json,ppl_safety_equipment_list_json,ppl_sex_list_json,ppl_state_list_json,ppl_vehicle_id_list_json,ppl_zipcode_list_json,ppl_ems_agency_list_json,ppl_seat_no_list_json,ppl_pedpedal_action_list_json,ppl_pedpedal_location_list_json,ppl_pedpedal_visibility_list_json,ppl_ems_run_no_list_json,year,month,hour,day,is_weekend,hour_bin,lat_bin,lng_bin,grid_id,ppl_age_mean,ppl_age_min,ppl_age_max,prim_contributory_cause_group,ksi_flag
STRAIGHT AND LEVEL,734,2025-10-09 16:00:00,5,16,10,90B957E8501098B63B60933511622EBFE6046CC32714FCDF274D1060D21D1D759BA80D7885132123E9FC30E0FFC0A0280589055E4C5DDFC49CFE364E17B6DAE9,NO INJURY / DRIVE AWAY,"$501 - $1,500",NO CONTROLS,PARKED MOTOR VEHICLE,41.7586435289,DAYLIGHT,-87.6540938872,2,30,UNABLE TO DETERMINE,NO DEFECTS,DRY,UNABLE TO DETERMINE,S,7432,NO CONTROLS,NOT DIVIDED,CLEAR,0.0,1.0,0.0,0.0,0.0,1.0,2,0,[],[],[],"[""2025-10-09T16:00:00.000""]","[""2166888"", ""2166889""]","[""REAR-LEFT-CORNER"", ""UNKNOWN""]","[""IL""]","[""CHEVROLET"", ""UNKNOWN""]","[""PARKED"", ""UNKNOWN/NA""]","[""ENCLOSED BODY"", ""SILVERADO""]","[""0"", ""1""]","[""N""]","[""1"", ""2""]","[""DRIVER"", ""PARKED""]","[""NONE"", ""UNKNOWN""]","[""2065570"", ""2065587""]","[""TRUCK - SINGLE UNIT"", ""UNKNOWN/NA""]","[""NOT IN USE"", ""UNKNOWN/NA""]","[""2017""]",[],[],[],[],[],"[""Y""]","[""Y""]",[],[],[],[],[],[],[],[],[],[],"[""DEPLOYMENT UNKNOWN""]","[""TEST NOT OFFERED""]",[],"[""2025-10-09T16:00:00.000""]","[""UNKNOWN""]","[""UNKNOWN""]",[],[],"[""NONE""]",[],"[""O2166888""]","[""DRIVER""]","[""UNKNOWN""]","[""USAGE UNKNOWN""]","[""F""]",[],"[""2065570""]",[],[],[],[],[],[],[],2025,10,16,9,False,afternoon,41.76,-87.65,41.76_-87.65,0.0,0,0,OTHER,0
STRAIGHT AND LEVEL,2535,2025-10-09 16:00:00,5,16,10,13F442E5A183CFA21AD024ED1F10D49488E407CECEAF8BA763F571806F8D3242AC6643C488A98CF806A66CFAD437CDF82BD077D6DEDE88312930C47D8733E4C4,NO INJURY / DRIVE AWAY,"OVER $1,500",NO CONTROLS,SIDESWIPE SAME DIRECTION,41.9100119178,DAYLIGHT,-87.7250604495,2,30,UNABLE TO DETERMINE,UNKNOWN,DRY,NOT APPLICABLE,W,3932,NO CONTROLS,DIVIDED - W/MEDIAN (NOT RAISED),CLEAR,0.0,0.0,0.0,0.0,0.0,1.0,1,2,[],[],[],"[""2025-10-09T16:00:00.000""]","[""2166876"", ""2166877""]","[""FRONT-LEFT-CORNER"", ""SIDE-RIGHT-REAR""]","[""IL""]","[""CHEVROLET"", ""DODGE""]","[""OTHER"", ""SLOW/STOP IN TRAFFIC""]","[""EQUINOX"", ""JOURNEY""]","[""1""]","[""W""]","[""1"", ""2""]","[""DRIVER""]","[""UNKNOWN""]","[""2065556"", ""2065561""]","[""SPORT UTILITY VEHICLE (SUV)""]","[""PERSONAL"", ""UNKNOWN/NA""]","[""2007"", ""2014""]",[],[],"[""Y""]",[],[],[],"[""N""]",[],[],[],[],[],[],"[""Y""]",[],[],"['31', '66']","[""DEPLOYMENT UNKNOWN"", ""NOT APPLICABLE""]","[""TEST NOT OFFERED""]","[""CHICAGO""]","[""2025-10-09T16:00:00.000""]","[""NONE"", ""OTHER""]","[""UNKNOWN""]","[""D""]","[""IL""]","[""NONE""]",[],"[""O2166876"", ""O2166877""]","[""DRIVER""]","[""NORMAL"", ""UNKNOWN""]","[""USAGE UNKNOWN""]","[""F""]","[""IL""]","[""2065556"", ""2065561""]","[""60644""]",[],[],[],[],[],[],2025,10,16,9,False,afternoon,41.91,-87.73,41.91_-87.73,48.5,31,66,OTHER,0
STRAIGHT AND LEVEL,234,2025-10-09 16:00:00,5,16,10,D6DF74F3B89B53F051B617EB9CFD4D05A379F2D416B47235663DE0BEDC9DAB65EB9DC50A0A680E7ED31EE696DA7E111D0C93365B3F48967184089AAFF6E6EC55,NO INJURY / DRIVE AWAY,"OVER $1,500",NO CONTROLS,TURNING,41.7964938685,DAYLIGHT,-87.5871871296,2,30,FAILING TO YIELD RIGHT-OF-WAY,NO DEFECTS,DRY,NOT APPLICABLE,S,5455,NO CONTROLS,DIVIDED - W/MEDIAN BARRIER,CLEAR,0.0,0.0,0.0,0.0,0.0,1.0,1,2,"[""Y""]",[],[],"[""2025-10-09T16:00:00.000""]","[""2167461"", ""2167462""]","[""FRONT-LEFT-CORNER"", ""FRONT-RIGHT-CORNER""]","[""IL""]","[""NISSAN"", ""TOYOTA""]","[""STRAIGHT AHEAD"", ""TURNING RIGHT""]","[""CAMRY"", ""MURANO""]","[""1""]","[""S"", ""SE""]","[""1"", ""2""]","[""DRIVER""]","[""NONE"", ""UNKNOWN""]","[""2066116"", ""2066119""]","[""PASSENGER"", ""SPORT UTILITY VEHICLE (SUV)""]","[""PERSONAL""]","[""2015"", ""2025""]",[],[],"[""Y""]",[],[],[],[],[],[],[],[],[],[],[],[],[],"['20', '66']","[""DID NOT DEPLOY""]","[""TEST NOT OFFERED""]","[""CHICAGO"", ""OLYMPIA FIELDS""]","[""2025-10-09T16:00:00.000""]","[""NONE"", ""UNKNOWN""]","[""NOT OBSCURED""]",[],"[""IL""]","[""NONE""]",[],"[""O2167461"", ""O2167462""]","[""DRIVER""]","[""NORMAL"", ""UNKNOWN""]","[""NONE PRESENT"", ""USAGE UNKNOWN""]","[""F"", ""M""]","[""IL""]","[""2066116"", ""2066119""]","[""60461"", ""60645""]",[],[],[],[],[],[],2025,10,16,9,False,afternoon,41.8,-87.59,41.8_-87.59,43.0,20,66,FAILURE-TO-YIELD,0
STRAIGHT AND LEVEL,1914,2025-10-09 15:55:00,5,15,10,739091FCEE5B7822868E1CDA547B5B270BC7ACE2689049A13825A5336E08C51B6AB13D253438B1D05ED661281F2CAAB763AF0F5E361A736E3104E725990E5281,NO INJURY / DRIVE AWAY,"OVER $1,500",NO CONTROLS,PARKED MOTOR VEHICLE,41.9689873802,DAYLIGHT,-87.6542707867,2,30,FOLLOWING TOO CLOSELY,NO DEFECTS,DRY,NOT APPLICABLE,W,947,NO CONTROLS,NOT DIVIDED,CLEAR,0.0,0.0,0.0,0.0,0.0,1.0,2,1,[],[],[],"[""2025-10-09T15:55:00.000""]","[""2166890"", ""2166891""]","[""REAR-LEFT-CORNER"", ""REAR-RIGHT-CORNER""]","[""IL""]","[""FORD"", ""TOYOTA""]","[""ENTERING TRAFFIC LANE FROM PARKING"", ""PARKED""]","[""SIENNA"", ""TRANSIT""]","[""0"", ""1""]","[""E""]","[""1"", ""2""]","[""DRIVER"", ""PARKED""]","[""NONE""]","[""2065572"", ""2065577""]","[""PASSENGER"", ""VAN/MINI-VAN""]","[""PERSONAL""]","[""2006"", ""2020""]",[],[],[],[],[],"[""Y""]",[],[],[],[],[],[],[],"[""Y""]",[],[],['27'],"[""NOT APPLICABLE""]","[""TEST NOT OFFERED""]","[""CHICAGO""]","[""2025-10-09T15:55:00.000""]","[""FOLLOWED TOO CLOSELY""]","[""NOT OBSCURED""]","[""D""]","[""IL""]","[""NONE""]",[],"[""O2166890""]","[""DRIVER""]","[""NORMAL""]","[""SAFETY BELT USED""]","[""F""]","[""IL""]","[""2065577""]","[""60649""]",[],[],[],[],[],[],2025,10,15,9,False,afternoon,41.97,-87.65,41.97_-87.65,27.0,27,27,FOLLOWING TOO CLOSELY,0
STRAIGHT AND LEVEL,1814,2025-10-09 15:48:00,5,15,10,7E08E6C1115B501DBEEECF514B3D2558545A8C9C8B7FBDDA3D2BE2BDF7FFCBCE1ECD754C3091CFBA35ED5FCEFD0EBFA3A0FDB671D4261F8E1BE6D21A17355FC5,INJURY AND / OR TOW DUE TO CRASH,"OVER $1,500",NO CONTROLS,SIDESWIPE SAME DIRECTION,41.9202652637,DAYLIGHT,-87.6365525035,2,30,IMPROPER OVERTAKING/PASSING,UNKNOWN,UNKNOWN,FAILING TO YIELD RIGHT-OF-WAY,N,2100,NO CONTROLS,NOT DIVIDED,CLEAR,0.0,0.0,1.0,0.0,0.0,1.0,1,2,"[""Y""]","[""Y""]","[""Y""]","[""2025-10-09T15:48:00.000""]","[""2166894"", ""2166895""]","[""FRONT"", ""SIDE-RIGHT-REAR""]","[""IL""]","[""BMW"", ""NISSAN""]","[""PASSING/OVERTAKING"", ""STRAIGHT AHEAD""]","[""OTHER (EXPLAIN IN NARRATIVE)""]","[""1""]","[""S""]","[""1"", ""2""]","[""DRIVER""]","[""UNKNOWN""]","[""2065578"", ""2065593""]","[""PASSENGER""]","[""PERSONAL""]","[""1998"", ""2025""]","[""Y""]","[""Y""]","[""Y""]","[""INSURANCE""]","[""Y""]",[],[],[],[],[],[],[],[],[],[],"[""INSURANCE""]","['66', '67']","[""DEPLOYMENT UNKNOWN""]","[""TEST NOT OFFERED""]","[""CHICAGO""]","[""2025-10-09T15:48:00.000""]","[""IMPROPER PASSING"", ""NONE""]","[""UNKNOWN""]","[""C"", ""D""]","[""IL""]","[""UNKNOWN""]",[],"[""O2166894"", ""O2166895""]","[""DRIVER""]","[""UNKNOWN""]","[""SAFETY BELT USED"", ""USAGE UNKNOWN""]","[""F"", ""M""]","[""IL""]","[""2065578"", ""2065593""]","[""60610"", ""60629""]",[],[],[],[],[],[],2025,10,15,9,False,afternoon,41.92,-87.64,41.92_-87.64,66.5,66,67,OTHER,0
STRAIGHT AND LEVEL,413,2025-10-09 15:45:00,5,15,10,2366AF2FD5AC969FC106E51DCA0AE1E74AE4C0CAA39615945D763F6CBF47B31B11ACA65D49F71A02D3219647D5B42FB2BF7453508818C52258DB28C2E854F92D,NO INJURY / DRIVE AWAY,"OVER $1,500",NO CONTROLS,SIDESWIPE SAME DIRECTION,41.7225180406,DAYLIGHT,-87.5800157279,2,30,UNABLE TO DETERMINE,NO DEFECTS,DRY,NOT APPLICABLE,E,1800,NO CONTROLS,DIVIDED - W/MEDIAN (NOT RAISED),CLEAR,0.0,0.0,0.0,0.0,0.0,1.0,1,2,"[""Y""]",[],[],"[""2025-10-09T15:45:00.000""]","[""2167018"", ""2167019""]","[""FRONT-LEFT-CORNER"", ""FRONT-RIGHT-CORNER""]","[""IL""]","[""CHEVROLET"", ""TOYOTA""]","[""STRAIGHT AHEAD"", ""UNKNOWN/NA""]","[""CAMRY"", ""COBALT""]","[""1""]","[""W""]","[""1"", ""2""]","[""DRIVER""]","[""NONE"", ""UNKNOWN""]","[""2065698"", ""2065706""]","[""PASSENGER""]","[""PERSONAL"", ""UNKNOWN/NA""]","[""2007"", ""2009""]","[""Y""]",[],"[""Y""]",[],[],[],[],"[""Y""]","[""Y""]",[],[],[],[],[],[],[],"['24', '37']","[""DID NOT DEPLOY""]","[""TEST NOT OFFERED""]","[""CHICAGO""]","[""2025-10-09T15:45:00.000""]","[""NONE"", ""UNKNOWN""]","[""NOT OBSCURED"", ""UNKNOWN""]","[""D""]","[""IL""]","[""NONE""]",[],"[""O2167018"", ""O2167019""]","[""DRIVER""]","[""NORMAL"", ""UNKNOWN""]","[""SAFETY BELT USED"", ""USAGE UNKNOWN""]","[""F""]","[""IL""]","[""2065698"", ""2065706""]","[""60617"", ""60638""]",[],[],[],[],[],[],2025,10,15,9,False,afternoon,41.72,-87.58,41.72_-87.58,30.5,24,37,OTHER,0
STRAIGHT AND LEVEL,314,2025-10-09 15:45:00,5,15,10,FDD045AAEDE2D9170A830BB094A189308EA828687F839D2D9570FA3D7205EA5537F4FD03E4EC17D851096E4D58B6A804F64661FAB2DA6D6B567373C0A8B29A2D,NO INJURY / DRIVE AWAY,$500 OR LESS,NO CONTROLS,PARKED MOTOR VEHICLE,41.782218905,UNKNOWN,-87.5880172318,2,25,UNABLE TO DETERMINE,UNKNOWN,UNKNOWN,UNABLE TO DETERMINE,S,6220,NO CONTROLS,FOUR WAY,CLEAR,0.0,0.0,0.0,0.0,0.0,1.0,2,2,[],[],"[""Y""]","[""2025-10-09T15:45:00.000""]","[""2166910"", ""2166911""]","[""FRONT"", ""NONE""]","[""IL""]","[""THOMAS & COMPANY""]","[""PARKED"", ""STRAIGHT AHEAD""]","[""THOMAS & CO.""]","[""1""]","[""N""]","[""1"", ""2""]","[""DRIVER"", ""PARKED""]","[""UNKNOWN""]","[""2065596"", ""2065604""]","[""BUS OVER 15 PASS."", ""PASSENGER""]","[""NOT IN USE"", ""SCHOOL BUS""]","[""2015"", ""2017""]",[],[],[],[],[],[],[],[],[],[],"[""1""]",[],"[""Y""]",[],[],[],"['22', '32']","[""DID NOT DEPLOY""]","[""TEST NOT OFFERED""]","[""CHICAGO""]","[""2025-10-09T15:45:00.000""]","[""UNKNOWN""]","[""NOT OBSCURED""]","[""B""]","[""IL""]","[""NONE""]",[],"[""O2166910"", ""P478121""]","[""DRIVER"", ""PASSENGER""]","[""NORMAL""]","[""SAFETY BELT USED"", ""USAGE UNKNOWN""]","[""M""]","[""IL""]","[""2065596"", ""2065604""]",[],[],"[""1""]",[],[],[],[],2025,10,15,9,False,afternoon,41.78,-87.59,41.78_-87.59,27.0,22,32,OTHER,0
STRAIGHT AND LEVEL,1215,2025-10-09 15:45:00,5,15,10,922183D64EFB4EE8A44D119535873A42A7050E8278D4D287DC3E24B2F4359F6AA6CC83F4330EF73A3F80D4973A58DAB02D31426D55FF42AC05D004FBC07B3BC1,NO INJURY / DRIVE AWAY,"OVER $1,500",FUNCTIONING PROPERLY,SIDESWIPE SAME DIRECTION,41.8942572674,DAYLIGHT,-87.6641289641,2,30,FAILING TO YIELD RIGHT-OF-WAY,UNKNOWN,DRY,UNABLE TO DETERMINE,N,658,STOP SIGN/FLASHER,ONE-WAY,CLEAR,0.0,0.0,0.0,0.0,0.0,1.0,1,2,"[""Y""]","[""Y""]",[],"[""2025-10-09T15:45:00.000""]","[""2167230"", ""2167231""]","[""FRONT-RIGHT-CORNER"", ""SIDE-LEFT-FRONT""]","[""IL""]","[""MINI"", ""UNKNOWN""]","[""ENTERING TRAFFIC LANE FROM PARKING"", ""STRAIGHT AHEAD""]","[""COOPER"", ""OTHER (EXPLAIN IN NARRATIVE)""]","[""1"", ""2""]","[""N""]","[""1"", ""2""]","[""DRIVER""]","[""UNKNOWN""]","[""2065901"", ""2065906""]","[""PASSENGER"", ""SPORT UTILITY VEHICLE (SUV)""]","[""PERSONAL"", ""UNKNOWN/NA""]","[""2019""]",[],[],"[""Y""]",[],[],[],[],"[""Y""]","[""Y""]",[],"[""1""]",[],[],[],[],[],"['22', '51']","[""NOT APPLICABLE""]","[""TEST NOT OFFERED""]","[""CHICAGO"", ""GLENVIEW""]","[""2025-10-09T15:45:00.000""]","[""FAILED TO YIELD"", ""UNKNOWN""]","[""NOT OBSCURED"", ""UNKNOWN""]","[""D""]","[""IL""]","[""NONE""]","[""N/A""]","[""O2167230"", ""O2167231"", ""P478207""]","[""DRIVER"", ""PASSENGER""]","[""NORMAL""]","[""SAFETY BELT USED"", ""USAGE UNKNOWN""]","[""F"", ""M""]","[""IL""]","[""2065901"", ""2065906""]","[""60026"", ""60642""]","[""N/A""]","[""2""]",[],[],[],"[""N/A""]",2025,10,15,9,False,afternoon,41.89,-87.66,41.89_-87.66,36.5,22,51,FAILURE-TO-YIELD,0
STRAIGHT AND LEVEL,822,2025-10-09 15:45:00,5,15,10,2B512F28F619B98089226C9BDC0ED72AC6EC208E4FA275999497FBDC8D90285645F88B435D08759AEE99DC450DE7E38634DE5A4A9876B18F3FC47E924E3E8C82,NO INJURY / DRIVE AWAY,"OVER $1,500",NO CONTROLS,REAR END,41.7858938956,UNKNOWN,-87.7228133505,2,30,UNABLE TO DETERMINE,UNKNOWN,UNKNOWN,UNABLE TO DETERMINE,S,5901,NO CONTROLS,UNKNOWN,CLEAR,0.0,0.0,0.0,0.0,0.0,1.0,1,0,"[""Y""]",[],"[""Y""]","[""2025-10-09T15:45:00.000""]","[""2166849"", ""2166850""]","[""FRONT"", ""REAR""]",[],"[""UNKNOWN""]","[""UNKNOWN/NA""]","[""MOTORIZED""]","[""1""]","[""UNKNOWN""]","[""1"", ""2""]","[""DRIVER""]","[""UNKNOWN""]","[""2065531"", ""2065539""]","[""UNKNOWN/NA""]","[""UNKNOWN/NA""]",[],[],[],"[""Y""]",[],[],"[""Y""]","[""N""]",[],[],[],[],[],[],"[""Y""]","[""Y""]",[],[],"[""DEPLOYMENT UNKNOWN""]","[""TEST NOT OFFERED""]","[""CHICAGO""]","[""2025-10-09T15:45:00.000""]","[""UNKNOWN""]","[""UNKNOWN""]",[],"[""IL""]","[""UNKNOWN""]",[],"[""O2166849"", ""O2166850""]","[""DRIVER""]","[""UNKNOWN""]","[""USAGE UNKNOWN""]","[""M""]","[""IL""]","[""2065531"", ""2065539""]","[""60629""]",[],[],[],[],[],[],2025,10,15,9,False,afternoon,41.79,-87.72,41.79_-87.72,0.0,0,0,OTHER,0
STRAIGHT AND LEVEL,1932,2025-10-09 15:40:00,5,15,10,F8784C164F2F9B313D5148B4F220C9027B0D9E674FD1E754BBE675CE4F908530B9A23EE89631F11E4EF9FFD51F0F8201C9669BD2F2BE943985EC486F2274975E,NO INJURY / DRIVE AWAY,"OVER $1,500",NO CONTROLS,SIDESWIPE SAME DIRECTION,41.9255190991,DAYLIGHT,-87.6490701385,2,30,UNABLE TO DETERMINE,NO DEFECTS,DRY,NOT APPLICABLE,N,2404,NO CONTROLS,NOT DIVIDED,CLEAR,0.0,0.0,0.0,0.0,0.0,1.0,1,2,"[""Y""]","[""Y""]",[],"[""2025-10-09T15:40:00.000""]","[""2166860"", ""2166861""]","[""SIDE-LEFT-FRONT"", ""SIDE-RIGHT-FRONT""]","[""IL""]","[""FORD"", ""TOYOTA""]","[""MERGING"", ""STRAIGHT AHEAD""]","[""CAMRY"", ""FUSION""]","[""1""]","[""SE""]","[""1"", ""2""]","[""DRIVER""]","[""NONE""]","[""2065542"", ""2065558""]","[""PASSENGER""]","[""PERSONAL"", ""TAXI/FOR HIRE""]","[""2016""]",[],[],"[""Y""]",[],[],[],[],[],"[""Y""]",[],[],[],[],[],[],[],"['21', '68']","[""NOT APPLICABLE""]","[""TEST NOT OFFERED""]","[""CHICAGO"", ""PLAINFIELD""]","[""2025-10-09T15:40:00.000""]","[""IMPROPER PASSING"", ""NONE""]","[""NOT OBSCURED""]","[""D""]","[""IL""]","[""NONE""]",[],"[""O2166860"", ""O2166861""]","[""DRIVER""]","[""NORMAL""]","[""NONE PRESENT"", ""SAFETY BELT USED""]","[""M""]","[""IL""]","[""2065542"", ""2065558""]","[""60544"", ""60659""]",[],[],[],[],[],[],2025,10,15,9,False,afternoon,41.93,-87.65,41.93_-87.65,44.5,21,68,OTHER,0
STRAIGHT AND LEVEL,1135,2025-10-09 15:37:00,5,15,10,42DB8F9C9E0544A2EC83BE655E1A9010B5D796F0A927F33AEB763F534A1BF42FA441359AD8B130E351944FD2136457987C943C32F8A75B144CE07F3D76C5CA38,INJURY AND / OR TOW DUE TO CRASH,"OVER $1,500",FUNCTIONING PROPERLY,SIDESWIPE OPPOSITE DIRECTION,41.8735356983,DAYLIGHT,-87.6863758974,2,30,FAILING TO YIELD RIGHT-OF-WAY,NO DEFECTS,DRY,FAILING TO YIELD RIGHT-OF-WAY,S,610,TRAFFIC SIGNAL,NOT DIVIDED,CLEAR,0.0,0.0,1.0,0.0,0.0,1.0,1,2,[],[],"[""Y""]","[""2025-10-09T15:37:00.000""]","[""2166921"", ""2166922""]","[""FRONT-LEFT-CORNER""]","[""IL""]","[""HONDA"", ""JEEP""]","[""STRAIGHT AHEAD""]","[""CIVIC"", ""GRAND CHEROKEE""]","[""1""]","[""N"", ""S""]","[""1"", ""2""]","[""DRIVER""]","[""NONE""]","[""2065608"", ""2065613""]","[""PASSENGER""]","[""PERSONAL""]","[""2024""]",[],[],"[""Y""]","[""cpd"", ""private tow""]","[""Y""]",[],[],"[""Y""]","[""Y""]",[],[],[],[],[],[],"[""701 n. Sacramento""]","['34', '35']","[""DEPLOYED, FRONT"", ""DID NOT DEPLOY""]","[""TEST NOT OFFERED""]","[""CHICAGO""]","[""2025-10-09T15:37:00.000""]","[""FAILED TO YIELD"", ""NONE""]","[""NOT OBSCURED""]","[""D""]","[""IL""]","[""NONE""]","[""MT. SIANI""]","[""O2166921"", ""O2166922""]","[""DRIVER""]","[""NORMAL""]","[""SAFETY BELT USED""]","[""F"", ""M""]","[""IL""]","[""2065608"", ""2065613""]","[""60608"", ""60612""]",[],[],[],[],[],[],2025,10,15,9,False,afternoon,41.87,-87.69,41.87_-87.69,34.5,34,35,FAILURE-TO-YIELD,1
STRAIGHT AND LEVEL,331,2025-10-09 15:36:00,5,15,10,E50BE0D0F23E3589E51B91349778D0323755513B8F70768B511789752D0CC3056CD0175629690F41341C6D18614A7F231D68C31304905C6851BFF406B2078F30,NO INJURY / DRIVE AWAY,$500 OR LESS,FUNCTIONING PROPERLY,REAR END,41.7802823166,UNKNOWN,-87.581323692,2,30,UNABLE TO DETERMINE,UNKNOWN,UNKNOWN,UNABLE TO DETERMINE,E,1800,TRAFFIC SIGNAL,T-INTERSECTION,CLEAR,0.0,0.0,1.0,0.0,0.0,1.0,1,4,[],[],"[""Y""]","[""2025-10-09T15:36:00.000""]","[""2167014"", ""2167015""]","[""FRONT"", ""REAR""]","[""IL"", ""WI""]","[""CHRYSLER"", ""MAZDA""]","[""STRAIGHT AHEAD""]","[""200"", ""TRIBUTE""]","[""1"", ""3""]","[""E""]","[""1"", ""2""]","[""DRIVER""]","[""UNKNOWN""]","[""2065695"", ""2065705""]","[""PASSENGER""]","[""UNKNOWN/NA""]","[""2011"", ""2013""]",[],[],[],[],[],[],[],[],[],[],"[""2""]",[],[],"[""Y""]","[""Y""]",[],"['26', '40', '46', '60']","[""DID NOT DEPLOY""]","[""TEST NOT OFFERED""]","[""CHICAGO"", ""GREEN BAY""]","[""2025-10-09T15:36:00.000""]","[""UNKNOWN""]","[""NOT OBSCURED"", ""UNKNOWN""]","[""D""]","[""IL"", ""WI""]","[""NONE""]",[],"[""O2167014"", ""O2167015"", ""P478153"", ""P478154""]","[""DRIVER"", ""PASSENGER""]","[""NORMAL"", ""UNKNOWN""]","[""SAFETY BELT USED"", ""USAGE UNKNOWN""]","[""F"", ""M""]","[""IL"", ""WI""]","[""2065695"", ""2065705""]",[],[],"[""3"", ""6""]",[],[],[],[],2025,10,15,9,False,afternoon,41.78,-87.58,41.78_-87.58,43.0,26,60,OTHER,0
STRAIGHT AND LEVEL,1433,2025-10-09 15:35:00,5,15,10,222446C8A418AF5A9C7FE9C939561B828290D95AE3D93391E0378D8235ED71160B3EB930701119197A4B938F5CA80812555D4A5E9345B4561BFFD749C2C27CC1,NO INJURY / DRIVE AWAY,"OVER $1,500",NO CONTROLS,SIDESWIPE SAME DIRECTION,41.9076537728,DAYLIGHT,-87.6628935918,2,30,FAILING TO YIELD RIGHT-OF-WAY,NO DEFECTS,DRY,UNABLE TO DETERMINE,N,1436,NO CONTROLS,NOT DIVIDED,CLEAR,0.0,0.0,0.0,0.0,0.0,1.0,1,3,[],"[""Y""]",[],"[""2025-10-09T15:35:00.000""]","[""2166862"", ""2166863""]","[""SIDE-LEFT-FRONT"", ""SIDE-RIGHT""]","[""IL""]","[""LEXUS"", ""MINI""]","[""ENTERING TRAFFIC LANE FROM PARKING"", ""STRAIGHT AHEAD""]","[""COOPER"", ""RX350""]","[""1"", ""2""]","[""UNKNOWN""]","[""1"", ""2""]","[""DRIVER""]","[""NONE""]","[""2065546"", ""2065552""]","[""PASSENGER"", ""SPORT UTILITY VEHICLE (SUV)""]","[""DRIVER EDUCATION""]","[""2010"", ""2019""]","[""Y""]",[],"[""Y""]",[],[],[],[],[],"[""Y""]",[],"[""1""]",[],[],[],[],[],"['0', '44', '51']","[""DID NOT DEPLOY""]","[""TEST NOT OFFERED""]","[""CHICAGO"", ""GLENVIEW""]","[""2025-10-09T15:35:00.000""]","[""FAILED TO YIELD"", ""NONE""]","[""NOT OBSCURED""]",[],"[""IL""]","[""NONE""]",[],"[""O2166862"", ""O2166863"", ""P478110""]","[""DRIVER"", ""PASSENGER""]","[""NORMAL""]","[""SAFETY BELT USED""]","[""F"", ""M""]","[""IL""]","[""2065546"", ""2065552""]","[""60026"", ""60642""]",[],"[""3""]",[],[],[],[],2025,10,15,9,False,afternoon,41.91,-87.66,41.91_-87.66,31.666666666666668,0,51,FAILURE-TO-YIELD,0
STRAIGHT AND LEVEL,624,2025-10-09 15:30:00,5,15,10,A6961AB060EA0A505FC7BBCCDF459D270D2EDDC401D2DEA4892EEB05C58C34A8B0BE79FD5ECF11C526B7CFA53E86C1AF89674D6290B15C8CBCAB13A59BE9DC93,NO INJURY / DRIVE AWAY,"OVER $1,500",NO CONTROLS,PARKED MOTOR VEHICLE,41.7512882908,DAYLIGHT,-87.6113564314,2,30,UNABLE TO DETERMINE,UNKNOWN,UNKNOWN,UNABLE TO DETERMINE,E,526,NO CONTROLS,UNKNOWN,CLEAR,0.0,1.0,0.0,0.0,0.0,1.0,2,0,"[""N""]","[""N""]",[],"[""2025-10-09T15:30:00.000""]","[""2167588"", ""2167589""]","[""SIDE-LEFT-FRONT"", ""UNKNOWN""]","[""IL""]","[""TOYOTA"", ""UNKNOWN""]","[""PARKED"", ""UNKNOWN/NA""]","[""OTHER (EXPLAIN IN NARRATIVE)""]","[""0"", ""1""]","[""UNKNOWN""]","[""1"", ""2""]","[""DRIVER"", ""PARKED""]","[""UNKNOWN""]","[""2066221"", ""2066229""]","[""UNKNOWN/NA""]","[""UNKNOWN/NA""]","[""2017""]",[],[],"[""Y""]",[],[],[],"[""Y""]",[],"[""Y""]",[],[],[],[],[],[],[],[],"[""DEPLOYMENT UNKNOWN""]","[""TEST NOT OFFERED""]",[],"[""2025-10-09T15:30:00.000""]","[""UNKNOWN""]","[""UNKNOWN""]",[],[],"[""NONE""]",[],"[""O2167588""]","[""DRIVER""]","[""UNKNOWN""]","[""USAGE UNKNOWN""]","[""X""]",[],"[""2066221""]",[],[],[],[],[],[],[],2025,10,15,9,False,afternoon,41.75,-87.61,41.75_-87.61,0.0,0,0,OTHER,0