alignment,beat_of_occurrence,crash_date,crash_day_of_week,crash_hour,crash_month,crash_record_id,crash_type,damage,device_condition,first_crash_type,latitude,lighting_condition,longitude,num_units,posted_speed_limit,prim_contributory_cause,road_defect,roadway_surface_cond,sec_contributory_cause,street_direction,street_no,traffic_control_device,trafficway_type,weather_condition,private_property_i,hit_and_run_i,intersection_related_i,crash_date_est_i,work_zone_i,workers_present_i,veh_count,ppl_count,veh_area_01_i_list_json,veh_area_02_i_list_json,veh_area_12_i_list_json,veh_crash_date_list_json,veh_crash_unit_id_list_json,veh_first_contact_point_list_json,veh_lic_plate_state_list_json,veh_make_list_json,veh_maneuver_list_json,veh_model_list_json,veh_occupant_cnt_list_json,veh_travel_direction_list_json,veh_unit_no_list_json,veh_unit_type_list_json,veh_vehicle_defect_list_json,veh_vehicle_id_list_json,veh_vehicle_type_list_json,veh_vehicle_use_list_json,veh_vehicle_year_list_json,veh_area_03_i_list_json,veh_area_04_i_list_json,veh_area_11_i_list_json,veh_towed_by_list_json,veh_towed_i_list_json,veh_area_07_i_list_json,veh_area_99_i_list_json,veh_area_09_i_list_json,veh_area_10_i_list_json,veh_cmrc_veh_i_list_json,veh_num_passengers_list_json,veh_area_08_i_list_json,veh_area_00_i_list_json,veh_area_05_i_list_json,veh_area_06_i_list_json,veh_towed_to_list_json,ppl_age_list_json,ppl_airbag_deployed_list_json,ppl_bac_result_list_json,ppl_city_list_json,ppl_crash_date_list_json,ppl_driver_action_list_json,ppl_driver_vision_list_json,ppl_drivers_license_class_list_json,ppl_drivers_license_state_list_json,ppl_ejection_list_json,ppl_hospital_list_json,ppl_person_id_list_json,ppl_person_type_list_json,ppl_physical_condition_list_json,ppl_safety_equipment_list_json,ppl_sex_list_json,ppl_state_list_json,ppl_vehicle_id_list_json,ppl_zipcode_list_json,ppl_ems_agency_list_json,ppl_seat_no_list_json,ppl_pedpedal_action_list_json,ppl_pedpedal_location_list_json,ppl_pedpedal_visibility_list_json,ppl_ems_run_no_list_json,year,month,hour,day,is_weekend,hour_bin,lat_bin,lng_bin,grid_id,ppl_age_mean,ppl_age_min,ppl_age_max,prim_contributory_cause_group,ksi_flag
STRAIGHT AND LEVEL,211,2025-10-09 15:30:00,5,15,10,7CE74E5104ABF0E12524BE834AC69602351275D5F3929EB7C4E52DCB9306704705465E8722BE0DCEA7763F23C12936435CD0806AF5CD3A32852FECED0BEF56B2,INJURY AND / OR TOW DUE TO CRASH,$500 OR LESS,FUNCTIONING IMPROPERLY,PEDESTRIAN,41.8346562083,DAYLIGHT,-87.6169018131,2,30,FAILING TO YIELD RIGHT-OF-WAY,NO DEFECTS,DRY,NOT APPLICABLE,S,3303,TRAFFIC SIGNAL,FOUR WAY,CLEAR,0.0,0.0,0.0,0.0,0.0,1.0,2,2,[],[],"[""Y""]","[""2025-10-09T15:30:00.000""]","[""2166870"", ""2166871""]","[""FRONT""]","[""IN""]","[""JEEP""]","[""STRAIGHT AHEAD""]","[""COMPASS""]","[""2""]","[""S""]","[""1"", ""2""]","[""DRIVER"", ""PEDESTRIAN""]","[""NONE""]","[""2065576""]","[""UNKNOWN/NA""]","[""PERSONAL""]","[""2013""]",[],[],[],[],[],[],[],[],[],[],"[""1""]",[],[],[],[],[],"['43', '85']","[""DID NOT DEPLOY"", ""NOT APPLICABLE""]","[""TEST NOT OFFERED""]","[""CHICAGO"", ""NEW ALBANY""]","[""2025-10-09T15:30:00.000""]","[""FAILED TO YIELD"", ""NONE""]","[""NOT OBSCURED""]","[""NA""]","[""IN""]","[""NONE""]","[""NONE""]","[""O2166870"", ""O2166871"", ""P478117""]","[""DRIVER"", ""PASSENGER"", ""PEDESTRIAN""]","[""NORMAL""]","[""USAGE UNKNOWN"", ""WHEELCHAIR""]","[""M""]","[""IL"", ""IN""]","[""2065576""]","[""47150"", ""60616""]",[],"[""6""]","[""CROSSING - WITH SIGNAL""]","[""IN CROSSWALK""]","[""REFLECTIVE MATERIAL""]",[],2025,10,15,9,False,afternoon,41.83,-87.62,41.83_-87.62,64.0,43,85,FAILURE-TO-YIELD,1
STRAIGHT AND LEVEL,524,2025-10-09 15:30:00,5,15,10,29CD3AD3156F2F127EDB72690FB709B326BD72A3C9430D45B07870AF1FBE4F490B5BE5698E207B0E462D19574A206E306ADF39EAF3A9B8584CD17967A9CAC1AE,NO INJURY / DRIVE AWAY,"$501 - $1,500",FUNCTIONING PROPERLY,ANGLE,41.6848750773,DAYLIGHT,-87.6495040721,2,30,FOLLOWING TOO CLOSELY,NO DEFECTS,DRY,NOT APPLICABLE,W,1101,STOP SIGN/FLASHER,NOT DIVIDED,CLEAR,0.0,0.0,0.0,0.0,0.0,1.0,1,2,[],[],[],"[""2025-10-09T15:30:00.000""]","[""2166945"", ""2166952""]","[""SIDE-LEFT"", ""UNKNOWN""]","[""GA"", ""IL""]","[""CADILLAC"", ""CHEVROLET""]","[""STRAIGHT AHEAD""]","[""DEVILLE"", ""MALIBU""]","[""1""]","[""E"", ""UNKNOWN""]","[""1"", ""2""]","[""DRIVER""]","[""NONE""]","[""2065633"", ""2065636""]","[""PASSENGER""]","[""PERSONAL""]","[""1995""]",[],[],"[""Y""]",[],[],[],"[""Y""]",[],"[""Y""]",[],[],[],[],[],[],[],"['2', '24']","[""NOT APPLICABLE""]","[""TEST NOT OFFERED""]","[""CHICAGO""]","[""2025-10-09T15:30:00.000""]","[""NONE"", ""OTHER""]","[""NOT OBSCURED""]","[""D""]","[""IL""]","[""NONE""]",[],"[""O2166945"", ""O2166952""]","[""DRIVER""]","[""NORMAL""]","[""SAFETY BELT USED"", ""USAGE UNKNOWN""]","[""F"", ""M""]","[""IL""]","[""2065633"", ""2065636""]","[""60643""]",[],[],[],[],[],[],2025,10,15,9,False,afternoon,41.68,-87.65,41.68_-87.65,13.0,2,24,FOLLOWING TOO CLOSELY,0
STRAIGHT AND LEVEL,631,2025-10-09 15:30:00,5,15,10,D8F4EE9257FF99C57BFE24257B06CBE6E2C8FFEE9712BD6A2CBAC5948D9D0225AD80E38B57ACA02C74926A3CA257EFB67567F3900BAE0CC3376D90566BBF446B,INJURY AND / OR TOW DUE TO CRASH,"OVER $1,500",NO CONTROLS,ANGLE,41.7455438723,DAYLIGHT,-87.6149629651,2,30,FAILING TO YIELD RIGHT-OF-WAY,UNKNOWN,DRY,FAILING TO YIELD RIGHT-OF-WAY,S,8200,NO CONTROLS,FOUR WAY,CLEAR,0.0,0.0,1.0,1.0,0.0,1.0,1,2,"[""Y""]",[],"[""Y""]","[""2025-10-09T15:30:00.000""]","[""2166937"", ""2166938""]","[""FRONT"", ""SIDE-LEFT""]","[""IL"", ""IN""]","[""FORD"", ""NISSAN""]","[""STRAIGHT AHEAD""]","[""FUSION"", ""ROGUE""]","[""1""]","[""S"", ""W""]","[""1"", ""2""]","[""DRIVER""]","[""UNKNOWN""]","[""2065622"", ""2065627""]","[""PASSENGER""]","[""UNKNOWN/NA""]","[""2020""]",[],[],"[""Y""]","[""private tow""]","[""Y""]",[],[],[],"[""Y""]",[],[],[],[],[],[],[],"['20', '62']","[""DEPLOYMENT UNKNOWN"", ""DID NOT DEPLOY""]","[""TEST NOT OFFERED""]","[""CHICAGO""]","[""2025-10-09T15:30:00.000""]","[""NONE"", ""UNKNOWN""]","[""BLINDED - SUNLIGHT"", ""UNKNOWN""]","[""D""]","[""IL""]","[""NONE""]",[],"[""O2166937"", ""O2166938""]","[""DRIVER""]","[""NORMAL"", ""UNKNOWN""]","[""NONE PRESENT"", ""USAGE UNKNOWN""]","[""F"", ""M""]","[""IL""]","[""2065622"", ""2065627""]","[""60619"", ""60644""]",[],[],[],[],[],[],2025,10,15,9,False,afternoon,41.75,-87.61,41.75_-87.61,41.0,20,62,FAILURE-TO-YIELD,1
STRAIGHT AND LEVEL,2213,2025-10-09 15:30:00,5,15,10,5DDC80954AD712BFCD8D656D831014B70585EF5602B0F945DC1B0033016BD478F26B50D040804BDAE0A57282209691B36C956C9B49065BB34D820F23B72F2521,NO INJURY / DRIVE AWAY,"OVER $1,500",NO CONTROLS,SIDESWIPE SAME DIRECTION,41.7139794991,DAYLIGHT,-87.6535123131,2,30,UNABLE TO DETERMINE,NO DEFECTS,DRY,NOT APPLICABLE,S,9900,NO CONTROLS,NOT DIVIDED,CLEAR,0.0,0.0,0.0,0.0,0.0,1.0,1,0,[],[],[],"[""2025-10-09T15:30:00.000""]","[""2166831"", ""2166832""]","[""REAR-LEFT-CORNER"", ""SIDE-LEFT-REAR""]","[""IL""]","[""JEEP"", ""NISSAN""]","[""STRAIGHT AHEAD""]","[""PATRIOT"", ""ROGUE""]","[""1""]","[""W""]","[""1"", ""2""]","[""DRIVER""]","[""UNKNOWN""]","[""2065514"", ""2065519""]","[""PASSENGER""]","[""PERSONAL""]",[],[],[],[],[],[],[],[],[],[],[],[],[],[],[],[],[],[],"[""DID NOT DEPLOY""]","[""TEST NOT OFFERED""]",[],"[""2025-10-09T15:30:00.000""]","[""UNKNOWN""]","[""UNKNOWN""]",[],"[""IL""]","[""NONE""]",[],"[""O2166831"", ""O2166832""]","[""DRIVER""]","[""NORMAL""]","[""SAFETY BELT USED""]","[""F""]",[],"[""2065514"", ""2065519""]","[""60628""]",[],[],[],[],[],[],2025,10,15,9,False,afternoon,41.71,-87.65,41.71_-87.65,0.0,0,0,OTHER,0
STRAIGHT AND LEVEL,1225,2025-10-09 15:29:00,5,15,10,F42B3CE289EB0F03AC8D2264DDFDEC1410A1F703A9F50402AAD17C46E12BD18525C9FA7ADDD798CF3E43957F96FB4F314B35531B856F3ACD2CFADD32A793263D,NO INJURY / DRIVE AWAY,"OVER $1,500",FUNCTIONING PROPERLY,REAR END,41.868751317,DAYLIGHT,-87.6814158734,2,30,PHYSICAL CONDITION OF DRIVER,NO DEFECTS,DRY,UNABLE TO DETERMINE,W,2200,TRAFFIC SIGNAL,DIVIDED - W/MEDIAN (NOT RAISED),CLEAR,0.0,0.0,0.0,0.0,0.0,1.0,1,3,[],[],[],"[""2025-10-09T15:29:00.000""]","[""2166835"", ""2166836""]","[""FRONT"", ""REAR""]","[""IL""]","[""HYUNDAI"", ""TOYOTA""]","[""STRAIGHT AHEAD""]","[""PRIUS"", ""SONATA""]","[""1"", ""2""]","[""W""]","[""1"", ""2""]","[""DRIVER""]","[""NONE""]","[""2065529"", ""2065538""]","[""PASSENGER""]","[""PERSONAL""]","[""2012"", ""2021""]",[],[],[],[],[],[],[],[],[],[],"[""1""]",[],[],[],[],[],"['28', '54', '59']","[""NOT APPLICABLE""]","[""TEST NOT OFFERED""]","[""CHICAGO""]","[""2025-10-09T15:29:00.000""]","[""NONE"", ""OTHER""]","[""NOT OBSCURED"", ""UNKNOWN""]","[""D""]","[""IL""]","[""NONE""]",[],"[""O2166835"", ""O2166836"", ""P478109""]","[""DRIVER"", ""PASSENGER""]","[""ILLNESS/FAINTED"", ""NORMAL""]","[""SAFETY BELT USED"", ""USAGE UNKNOWN""]","[""F"", ""M""]","[""IL""]","[""2065529"", ""2065538""]","[""60623""]",[],"[""2""]",[],[],[],[],2025,10,15,9,False,afternoon,41.87,-87.68,41.87_-87.68,47.0,28,59,OTHER,0
STRAIGHT AND LEVEL,1654,2025-10-09 15:20:00,5,15,10,045987A7633E453E31E997F80CB33FB1154006F628B31E89B37A8590194558CEAC97C81580CAE904A681C6BEB14E0CB03FD955F0F4E64BCAAED2CC5ADEBFCF63,NO INJURY / DRIVE AWAY,"$501 - $1,500",FUNCTIONING PROPERLY,TURNING,41.95517597,DAYLIGHT,-87.8930788455,2,35,UNABLE TO DETERMINE,NO DEFECTS,DRY,UNABLE TO DETERMINE,W,10700,TRAFFIC SIGNAL,NOT DIVIDED,CLEAR,0.0,0.0,1.0,0.0,0.0,1.0,1,2,[],[],[],"[""2025-10-09T15:20:00.000""]","[""2166851"", ""2166852""]","[""SIDE-LEFT"", ""SIDE-RIGHT""]","[""IL""]","[""CHEVROLET"", ""HYUNDAI""]","[""TURNING RIGHT""]","[""TRAVERSE"", ""TUCSON""]","[""1""]","[""E""]","[""1"", ""2""]","[""DRIVER""]","[""NONE""]","[""2065597"", ""2065602""]","[""PASSENGER""]","[""PERSONAL""]","[""2017"", ""2024""]","[""Y""]","[""Y""]","[""Y""]",[],[],[],[],"[""Y""]","[""Y""]",[],[],[],[],"[""Y""]",[],[],"['49', '52']","[""DID NOT DEPLOY"", ""NOT APPLICABLE""]","[""TEST NOT OFFERED""]","[""CHICAGO"", ""GLENDALE HEIGHTS""]","[""2025-10-09T15:20:00.000""]","[""UNKNOWN""]","[""NOT OBSCURED""]","[""D""]","[""IL""]","[""NONE""]",[],"[""O2166851"", ""O2166852""]","[""DRIVER""]","[""NORMAL""]","[""SAFETY BELT USED""]","[""M""]","[""IL""]","[""2065597"", ""2065602""]","[""60139"", ""60647""]",[],[],[],[],[],[],2025,10,15,9,False,afternoon,41.96,-87.89,41.96_-87.89,50.5,49,52,OTHER,0
STRAIGHT AND LEVEL,921,2025-10-09 15:18:00,5,15,10,1F0EEA591937174069AA0C6D0BA5D8F290C89EBBD6A07A2317533928B601721321A57F76545F509EB48F2046D3161BBDBDCB4C79BCFF88D94FCF865F376659B1,NO INJURY / DRIVE AWAY,$500 OR LESS,FUNCTIONING PROPERLY,SIDESWIPE SAME DIRECTION,41.8229636279,DAYLIGHT,-87.6843847854,2,25,UNABLE TO DETERMINE,NO DEFECTS,DRY,UNABLE TO DETERMINE,S,3900,STOP SIGN/FLASHER,NOT DIVIDED,CLEAR,0.0,0.0,1.0,0.0,0.0,1.0,1,3,[],"[""Y""]",[],"[""2025-10-09T15:18:00.000""]","[""2166853"", ""2166854""]","[""SIDE-LEFT"", ""SIDE-LEFT-REAR""]","[""IL""]","[""CADILLAC"", ""FORD""]","[""STRAIGHT AHEAD""]","[""ESCALADE"", ""TRANSIT""]","[""1"", ""2""]","[""N""]","[""1"", ""2""]","[""DRIVER""]","[""NONE""]","[""2065537"", ""2065549""]","[""SPORT UTILITY VEHICLE (SUV)"", ""VAN/MINI-VAN""]","[""PERSONAL""]","[""2007"", ""2018""]",[],[],"[""Y""]",[],[],[],[],"[""Y""]","[""Y""]",[],"[""1""]",[],[],[],[],[],"['23', '27', '35']","[""NOT APPLICABLE""]","[""TEST NOT OFFERED""]","[""CHICAGO"", ""ELMHURST""]","[""2025-10-09T15:18:00.000""]","[""NONE""]","[""NOT OBSCURED""]","[""D""]","[""IL""]","[""NONE""]",[],"[""O2166853"", ""O2166854"", ""P478108""]","[""DRIVER"", ""PASSENGER""]","[""NORMAL""]","[""SAFETY BELT USED""]","[""F"", ""M""]","[""IL""]","[""2065537"", ""2065549""]","[""60126"", ""60623""]",[],"[""3""]",[],[],[],[],2025,10,15,9,False,afternoon,41.82,-87.68,41.82_-87.68,28.333333333333332,23,35,OTHER,0
STRAIGHT AND LEVEL,2412,2025-10-09 15:15:00,5,15,10,A3DFA0393205D11B5BFD3DC8A83ADC057ABD68797DCFA3B6BAA89134066ECA853739850286BC04025645FDA55CEC022D725D455195A440C0CCED0EE656533D47,NO INJURY / DRIVE AWAY,"OVER $1,500",NO CONTROLS,PARKED MOTOR VEHICLE,41.9978114881,UNKNOWN,-87.6916748806,2,30,UNABLE TO DETERMINE,UNKNOWN,UNKNOWN,DRIVING SKILLS/KNOWLEDGE/EXPERIENCE,W,2444,NO CONTROLS,DIVIDED - W/MEDIAN (NOT RAISED),CLEAR,0.0,0.0,0.0,0.0,0.0,1.0,2,2,[],[],[],"[""2025-10-09T15:15:00.000""]","[""2166879"", ""2166880""]","[""FRONT-LEFT-CORNER"", ""SIDE-RIGHT""]","[""IL""]","[""FORD"", ""HONDA""]","[""PARKED"", ""UNKNOWN/NA""]","[""ACCORD"", ""ECONOLINE E250""]","[""1""]","[""W""]","[""1"", ""2""]","[""DRIVER"", ""PARKED""]","[""UNKNOWN""]","[""2065586"", ""2065607""]","[""UNKNOWN/NA""]","[""NOT IN USE"", ""UNKNOWN/NA""]","[""2013"", ""2022""]","[""Y""]","[""Y""]","[""Y""]",[],[],[],[],[],"[""Y""]",[],"[""1""]",[],[],[],[],[],"['30', '35']","[""DEPLOYMENT UNKNOWN""]","[""TEST NOT OFFERED""]","[""CAROL STREAM""]","[""2025-10-09T15:15:00.000""]","[""UNKNOWN""]","[""UNKNOWN""]",[],"[""IL""]","[""NONE""]",[],"[""O2166879"", ""P478119""]","[""DRIVER"", ""PASSENGER""]","[""UNKNOWN""]","[""USAGE UNKNOWN""]","[""M""]","[""IL""]","[""2065586"", ""2065607""]","[""60188""]",[],"[""1""]",[],[],[],[],2025,10,15,9,False,afternoon,42.0,-87.69,42.0_-87.69,32.5,30,35,OTHER,0
STRAIGHT AND LEVEL,821,2025-10-09 15:15:00,5,15,10,0E4FB4BF396B79446724B9B1C965B9E88ECAE7D2EEBE300D785ED33F2E0F43656D1C0B351B22B6189CCDEFB025C3DE3F751FA8BBC8435E7A30A43E2B7DEFE94A,NO INJURY / DRIVE AWAY,"OVER $1,500",FUNCTIONING PROPERLY,TURNING,41.8008620206,DAYLIGHT,-87.7075982351,2,30,DRIVING SKILLS/KNOWLEDGE/EXPERIENCE,NO DEFECTS,UNKNOWN,NOT APPLICABLE,S,5058,STOP SIGN/FLASHER,NOT DIVIDED,CLEAR,0.0,0.0,0.0,0.0,0.0,1.0,1,2,"[""Y""]",[],[],"[""2025-10-09T15:15:00.000""]","[""2166829"", ""2166830""]","[""FRONT-RIGHT-CORNER"", ""SIDE-LEFT-FRONT""]","[""IL""]","[""CHRYSLER"", ""TOYOTA""]","[""STRAIGHT AHEAD"", ""TURNING LEFT""]","[""SIENNA"", ""TOWN & COUNTRY""]","[""2"", ""3""]","[""E""]","[""1"", ""2""]","[""DRIVER""]","[""NONE""]","[""2065513"", ""2065524""]","[""VAN/MINI-VAN""]","[""PERSONAL""]","[""2008"", ""2015""]",[],[],"[""Y""]",[],[],[],[],"[""Y""]","[""Y""]",[],"[""1"", ""2""]",[],[],[],[],[],"['28', '41']","[""DID NOT DEPLOY"", ""NOT APPLICABLE""]","[""TEST NOT OFFERED""]","[""CHICAGO""]","[""2025-10-09T15:15:00.000""]","[""NONE"", ""OTHER""]","[""NOT OBSCURED""]",[],"[""IL""]","[""NONE""]",[],"[""O2166829"", ""O2166830"", ""P478102"", ""P478103"", ""P478105""]","[""DRIVER"", ""PASSENGER""]","[""NORMAL""]","[""SAFETY BELT USED""]","[""F"", ""M""]","[""IL""]","[""2065513"", ""2065524""]","[""60609"", ""60632""]",[],"[""3"", ""4"", ""5""]",[],[],[],[],2025,10,15,9,False,afternoon,41.8,-87.71,41.8_-87.71,34.5,28,41,OTHER,0
STRAIGHT AND LEVEL,1933,2025-10-09 15:14:00,5,15,10,701B81F5A73624DADC4E705AE952671EE3DD14B155A68CD448282088663B617B5A37E61AB3ADABE2E3F6E27EE854647264B117CC0C4BCBC6DE280070475BF18E,NO INJURY / DRIVE AWAY,"OVER $1,500",NO CONTROLS,REAR TO FRONT,41.9396938733,DAYLIGHT,-87.6606677033,2,30,IMPROPER BACKING,UNKNOWN,UNKNOWN,FAILING TO REDUCE SPEED TO AVOID CRASH,W,1243,NO CONTROLS,DIVIDED - W/MEDIAN (NOT RAISED),CLEAR,0.0,0.0,0.0,0.0,0.0,1.0,1,1,"[""Y""]",[],"[""Y""]","[""2025-10-09T15:14:00.000""]","[""2171112"", ""2171113""]","[""FRONT"", ""REAR""]","[""IL""]","[""HINO"", ""MASERATI""]","[""BACKING"", ""SLOW/STOP IN TRAFFIC""]","[""HINO"", ""QUATTROPORTE""]","[""1""]","[""E"", ""W""]","[""1"", ""2""]","[""DRIVER""]","[""NONE""]","[""2069605"", ""2069610""]","[""PASSENGER"", ""TRUCK - SINGLE UNIT""]","[""PERSONAL"", ""UNKNOWN/NA""]","[""2018""]",[],[],"[""Y""]",[],[],"[""Y""]",[],[],[],[],[],[],[],"[""Y""]","[""Y""]",[],['49'],"[""DEPLOYMENT UNKNOWN"", ""DID NOT DEPLOY""]","[""TEST NOT OFFERED""]","[""CHICAGO""]","[""2025-10-09T15:14:00.000""]","[""IMPROPER BACKING"", ""NONE""]","[""NOT OBSCURED"", ""UNKNOWN""]","[""D""]","[""IL""]","[""NONE""]",[],"[""O2171112"", ""O2171113""]","[""DRIVER""]","[""NORMAL"", ""UNKNOWN""]","[""SAFETY BELT USED"", ""USAGE UNKNOWN""]","[""M""]","[""IL""]","[""2069605"", ""2069610""]","[""60654""]",[],[],[],[],[],[],2025,10,15,9,False,afternoon,41.94,-87.66,41.94_-87.66,49.0,49,49,OTHER,0
STRAIGHT AND LEVEL,1623,2025-10-09 15:10:00,5,15,10,FB07E97ABD6F9DD5AB4603D94B7096D7C81DD66C1A5693CA97B9486779424A7A51135F4167A46EB9C2FC5E816949526EC81FC3308975FDF39F2E7AAB9BAEC65F,NO INJURY / DRIVE AWAY,"OVER $1,500",NO CONTROLS,TURNING,41.9804359438,DAYLIGHT,-87.7604225694,2,30,FAILING TO YIELD RIGHT-OF-WAY,NO DEFECTS,DRY,UNABLE TO DETERMINE,N,5460,NO CONTROLS,T-INTERSECTION,CLEAR,0.0,0.0,0.0,0.0,0.0,1.0,1,1,"[""Y""]",[],[],"[""2025-10-09T15:10:00.000""]","[""2166929"", ""2166930""]","[""FRONT-LEFT-CORNER"", ""UNKNOWN""]","[""IL""]","[""BMW"", ""HONDA""]","[""STRAIGHT AHEAD"", ""TURNING LEFT""]","[""CR-V"", ""X3""]","[""1""]","[""NE"", ""S""]","[""1"", ""2""]","[""DRIVER""]","[""NONE"", ""UNKNOWN""]","[""2065628"", ""2065631""]","[""PASSENGER""]","[""PERSONAL"", ""UNKNOWN/NA""]","[""2010"", ""2016""]",[],[],[],[],[],[],"[""Y""]",[],[],[],[],[],[],[],[],[],['50'],"[""DEPLOYED, FRONT"", ""DEPLOYMENT UNKNOWN""]","[""TEST NOT OFFERED""]","[""CHICAGO""]","[""2025-10-09T15:10:00.000""]","[""FAILED TO YIELD"", ""NONE""]","[""NOT OBSCURED"", ""UNKNOWN""]","[""D""]","[""IL""]","[""NONE""]",[],"[""O2166929"", ""O2166930""]","[""DRIVER""]","[""NORMAL"", ""UNKNOWN""]","[""SAFETY BELT USED"", ""USAGE UNKNOWN""]","[""F"", ""M""]","[""IL""]","[""2065628"", ""2065631""]","[""60634"", ""60657""]",[],[],[],[],[],[],2025,10,15,9,False,afternoon,41.98,-87.76,41.98_-87.76,50.0,50,50,FAILURE-TO-YIELD,0
STRAIGHT AND LEVEL,1235,2025-10-09 15:10:00,5,15,10,ACDAC335632694ADEDCEFB39F6E3A62FAC2CAB36C6B61C691CD86F5D62D69BAC4384996A8473956301BC6132D40B026A106446C0343F257E5FDCB5BCAF46E211,NO INJURY / DRIVE AWAY,"OVER $1,500",FUNCTIONING PROPERLY,REAR END,41.8550528263,DAYLIGHT,-87.6455357644,2,30,FOLLOWING TOO CLOSELY,NO DEFECTS,DRY,FAILING TO YIELD RIGHT-OF-WAY,S,2029,TRAFFIC SIGNAL,NOT DIVIDED,CLEAR,0.0,0.0,0.0,0.0,0.0,1.0,1,2,"[""Y""]","[""Y""]","[""Y""]","[""2025-10-09T15:10:00.000""]","[""2166847"", ""2166848""]","[""FRONT-RIGHT-CORNER"", ""REAR-LEFT-CORNER""]","[""IL"", ""IN""]","[""FORD"", ""KIA""]","[""STRAIGHT AHEAD""]","[""OTHER (EXPLAIN IN NARRATIVE)"", ""TELLURIDE""]","[""1""]","[""NE""]","[""1"", ""2""]","[""DRIVER""]","[""NONE""]","[""2065534"", ""2065545""]","[""PASSENGER"", ""TRUCK - SINGLE UNIT""]","[""PERSONAL""]","[""2021"", ""2026""]",[],[],[],[],[],"[""Y""]",[],[],[],[],[],"[""Y""]",[],[],"[""Y""]",[],"['40', '42']","[""NOT APPLICABLE""]","[""TEST NOT OFFERED""]","[""CEDAR LAKE"", ""CHICAGO""]","[""2025-10-09T15:10:00.000""]","[""FOLLOWED TOO CLOSELY"", ""NONE""]","[""NOT OBSCURED""]","[""B"", ""D""]","[""IL"", ""IN""]","[""NONE""]","[""REFUSED""]","[""O2166847"", ""O2166848""]","[""DRIVER""]","[""NORMAL""]","[""USAGE UNKNOWN""]","[""M""]","[""IL"", ""IN""]","[""2065534"", ""2065545""]","[""46303"", ""60653""]","[""N/A""]",[],[],[],[],[],2025,10,15,9,False,afternoon,41.86,-87.65,41.86_-87.65,41.0,40,42,FOLLOWING TOO CLOSELY,0
STRAIGHT AND LEVEL,1121,2025-10-09 15:09:00,5,15,10,5489472923D5EDEF3D999CC2EB8189BBA19B06C7FBE1DA56091D756614EFE9D9DCAEB77BCD8427FD930C55B12D8928D6D764DF535336ECF587FA30A9D9F26E42,NO INJURY / DRIVE AWAY,"OVER $1,500",NO CONTROLS,REAR END,41.8958451781,UNKNOWN,-87.7115941413,2,35,UNABLE TO DETERMINE,UNKNOWN,UNKNOWN,UNABLE TO DETERMINE,N,810,NO CONTROLS,NOT DIVIDED,CLEAR,0.0,0.0,0.0,0.0,0.0,1.0,1,2,"[""Y""]",[],"[""Y""]","[""2025-10-09T15:09:00.000""]","[""2166898"", ""2166905""]","[""FRONT"", ""SIDE-LEFT-REAR""]","[""IL""]","[""CHEVROLET"", ""TOYOTA""]","[""STRAIGHT AHEAD""]","[""CAMRY"", ""TRAVERSE""]","[""1""]","[""N""]","[""1"", ""2""]","[""DRIVER""]","[""UNKNOWN""]","[""2065580"", ""2065583""]","[""PASSENGER"", ""SPORT UTILITY VEHICLE (SUV)""]","[""PERSONAL""]","[""2015"", ""2022""]",[],[],"[""Y""]",[],[],"[""Y""]",[],[],[],[],[],[],[],[],"[""Y""]",[],"['48', '53']","[""NOT APPLICABLE""]","[""TEST NOT OFFERED""]","[""CHICAGO"", ""MAYWOOD""]","[""2025-10-09T15:09:00.000""]","[""UNKNOWN""]","[""UNKNOWN""]",[],"[""IL""]","[""NONE""]","[""N/A"", ""REFUSED""]","[""O2166898"", ""O2166905""]","[""DRIVER""]","[""UNKNOWN""]","[""USAGE UNKNOWN""]","[""M""]","[""IL""]","[""2065580"", ""2065583""]","[""60153"", ""60639""]","[""N/A""]",[],[],[],[],[],2025,10,15,9,False,afternoon,41.9,-87.71,41.9_-87.71,50.5,48,53,OTHER,0
STRAIGHT AND LEVEL,621,2025-10-09 15:06:00,5,15,10,197649DE002269768C3394FD67A238FDDA9F4B392455B7166C7125369C6FFD638DDF85D347DE7CE925576D54751B8ECA02BAE1398AC2AC5E2F12A48532C199C5,NO INJURY / DRIVE AWAY,"OVER $1,500",NO CONTROLS,TURNING,41.756195139,DAYLIGHT,-87.6452524264,2,30,FAILING TO YIELD RIGHT-OF-WAY,NO DEFECTS,DRY,NOT APPLICABLE,W,824,NO CONTROLS,TRAFFIC ROUTE,CLEAR,0.0,0.0,1.0,0.0,0.0,1.0,1,1,"[""Y""]",[],"[""Y""]","[""2025-10-09T15:06:00.000""]","[""2166841"", ""2166842""]","[""FRONT-RIGHT-CORNER""]","[""IL""]","[""CHEVROLET"", ""JEEP""]","[""STRAIGHT AHEAD"", ""TURNING LEFT""]","[""COMPASS"", ""CRUZE""]","[""1""]","[""S"", ""W""]","[""1"", ""2""]","[""DRIVER""]","[""NONE""]","[""2065536"", ""2065551""]","[""PASSENGER""]","[""PERSONAL""]","[""2014"", ""2019""]",[],[],"[""Y""]",[],[],[],[],[],[],[],[],[],[],[],[],[],['21'],"[""DEPLOYMENT UNKNOWN"", ""NOT APPLICABLE""]","[""TEST NOT OFFERED""]","[""CHICAGO""]","[""2025-10-09T15:06:00.000""]","[""FAILED TO YIELD"", ""NONE""]","[""NOT OBSCURED"", ""UNKNOWN""]","[""D""]","[""IL""]","[""NONE""]",[],"[""O2166841"", ""O2166842""]","[""DRIVER""]","[""NORMAL"", ""UNKNOWN""]","[""SAFETY BELT USED"", ""USAGE UNKNOWN""]","[""F""]","[""IL""]","[""2065536"", ""2065551""]","[""60620""]",[],[],[],[],[],[],2025,10,15,9,False,afternoon,41.76,-87.65,41.76_-87.65,21.0,21,21,FAILURE-TO-YIELD,0