alignment,beat_of_occurrence,crash_date,crash_day_of_week,crash_hour,crash_month,crash_record_id,crash_type,damage,device_condition,first_crash_type,latitude,lighting_condition,longitude,num_units,posted_speed_limit,prim_contributory_cause,road_defect,roadway_surface_cond,sec_contributory_cause,street_direction,street_no,traffic_control_device,trafficway_type,weather_condition,private_property_i,hit_and_run_i,intersection_related_i,crash_date_est_i,work_zone_i,workers_present_i,veh_count,ppl_count,veh_area_01_i_list_json,veh_area_02_i_list_json,veh_area_12_i_list_json,veh_crash_date_list_json,veh_crash_unit_id_list_json,veh_first_contact_point_list_json,veh_lic_plate_state_list_json,veh_make_list_json,veh_maneuver_list_json,veh_model_list_json,veh_occupant_cnt_list_json,veh_travel_direction_list_json,veh_unit_no_list_json,veh_unit_type_list_json,veh_vehicle_defect_list_json,veh_vehicle_id_list_json,veh_vehicle_type_list_json,veh_vehicle_use_list_json,veh_vehicle_year_list_json,veh_area_03_i_list_json,veh_area_04_i_list_json,veh_area_11_i_list_json,veh_towed_by_list_json,veh_towed_i_list_json,veh_area_07_i_list_json,veh_area_99_i_list_json,veh_area_09_i_list_json,veh_area_10_i_list_json,veh_cmrc_veh_i_list_json,veh_num_passengers_list_json,veh_area_08_i_list_json,veh_area_00_i_list_json,veh_area_05_i_list_json,veh_area_06_i_list_json,veh_towed_to_list_json,ppl_age_list_json,ppl_airbag_deployed_list_json,ppl_bac_result_list_json,ppl_city_list_json,ppl_crash_date_list_json,ppl_driver_action_list_json,ppl_driver_vision_list_json,ppl_drivers_license_class_list_json,ppl_drivers_license_state_list_json,ppl_ejection_list_json,ppl_hospital_list_json,ppl_person_id_list_json,ppl_person_type_list_json,ppl_physical_condition_list_json,ppl_safety_equipment_list_json,ppl_sex_list_json,ppl_state_list_json,ppl_vehicle_id_list_json,ppl_zipcode_list_json,ppl_ems_agency_list_json,ppl_seat_no_list_json,ppl_pedpedal_action_list_json,ppl_pedpedal_location_list_json,ppl_pedpedal_visibility_list_json,ppl_ems_run_no_list_json,year,month,hour,day,is_weekend,hour_bin,lat_bin,lng_bin,grid_id,ppl_age_mean,ppl_age_min,ppl_age_max,prim_contributory_cause_group,ksi_flag
STRAIGHT AND LEVEL,2233,2025-10-09 15:00:00,5,15,10,8E266F7B2A6EB9833082C5DF888FB2560F0EBE86FBF673F20C35067D0B04756728A7335FD43820CDF265420810F122A6FCE29C5B94F1542E8906898E3713858F,NO INJURY / DRIVE AWAY,"$501 - $1,500",FUNCTIONING PROPERLY,TURNING,41.6995474147,DAYLIGHT,-87.6427519151,2,30,UNABLE TO DETERMINE,NO DEFECTS,DRY,NOT APPLICABLE,S,10700,TRAFFIC SIGNAL,NOT DIVIDED,CLEAR,0.0,0.0,0.0,0.0,0.0,1.0,1,2,"[""Y""]","[""Y""]","[""Y""]","[""2025-10-09T15:00:00.000""]","[""2166881"", ""2166882""]","[""FRONT-RIGHT-CORNER"", ""SIDE-RIGHT""]","[""IL""]","[""CADILLAC"", ""CHRYSLER""]","[""STRAIGHT AHEAD"", ""TURNING LEFT""]","[""300"", ""CTS""]","[""1""]","[""S"", ""UNKNOWN""]","[""1"", ""2""]","[""DRIVER""]","[""NONE"", ""UNKNOWN""]","[""2065568"", ""2065585""]","[""PASSENGER""]","[""PERSONAL""]","[""2013"", ""2014""]","[""Y""]","[""Y""]",[],[],[],[],[],[],[],[],[],[],[],"[""Y""]",[],[],"['25', '35']","[""NOT APPLICABLE""]","[""TEST NOT OFFERED""]","[""CHICAGO"", ""MARKHAM""]","[""2025-10-09T15:00:00.000""]","[""FOLLOWED TOO CLOSELY"", ""OTHER""]","[""NOT OBSCURED""]","[""C"", ""D""]","[""IA"", ""IL""]","[""NONE""]",[],"[""O2166881"", ""O2166882""]","[""DRIVER""]","[""NORMAL""]","[""SAFETY BELT USED""]","[""F"", ""M""]","[""IL""]","[""2065568"", ""2065585""]","[""60428"", ""60643""]",[],[],[],[],[],[],2025,10,15,9,False,afternoon,41.7,-87.64,41.7_-87.64,30.0,25,35,OTHER,0
STRAIGHT AND LEVEL,2212,2025-10-09 15:00:00,5,15,10,71B40274E9AD9D084E9F2FD7CD4828FA511EB5F4C0F10ECD8CF815B8CB48647B19FA20663DE1F7D612EF13FCD2F0E4BD81FA9365BC5C4821F316572A7F12CF3E,NO INJURY / DRIVE AWAY,"OVER $1,500",NO CONTROLS,ANGLE,41.6923615188,DAYLIGHT,-87.6810264382,2,30,FAILING TO YIELD RIGHT-OF-WAY,NO DEFECTS,DRY,NOT APPLICABLE,S,11055,NO CONTROLS,NOT DIVIDED,CLEAR,0.0,0.0,0.0,0.0,0.0,1.0,1,0,[],"[""Y""]",[],"[""2025-10-09T15:00:00.000""]","[""2166814"", ""2166815""]","[""FRONT"", ""SIDE-RIGHT""]",[],"[""GENERAL MOTORS CORPORATION (GMC)"", ""LEXUS""]","[""STRAIGHT AHEAD""]","[""ES"", ""SIERRA""]","[""1""]","[""S"", ""W""]","[""1"", ""2""]","[""DRIVER""]","[""UNKNOWN""]","[""2065507"", ""2065509""]","[""PASSENGER"", ""PICKUP""]","[""PERSONAL""]",[],"[""Y""]","[""Y""]",[],[],[],[],[],[],[],[],[],[],[],[],[],[],[],"[""DID NOT DEPLOY""]","[""TEST NOT OFFERED""]",[],"[""2025-10-09T15:00:00.000""]","[""FAILED TO YIELD"", ""NONE""]","[""UNKNOWN""]",[],"[""IL""]","[""NONE""]",[],"[""O2166814"", ""O2166815""]","[""DRIVER""]","[""NORMAL"", ""UNKNOWN""]","[""SAFETY BELT USED"", ""USAGE UNKNOWN""]","[""F"", ""M""]",[],"[""2065507"", ""2065509""]",[],[],[],[],[],[],[],2025,10,15,9,False,afternoon,41.69,-87.68,41.69_-87.68,0.0,0,0,FAILURE-TO-YIELD,0
STRAIGHT AND LEVEL,1622,2025-10-09 15:00:00,5,15,10,379EA4285F01F2E36DE9A2402E526D9067B14072E4B3650A1723780E047A53EC8F1CA24906CBD5AC1D27C2D61E2E9B9319DEC9C315ECFEDB1C62243AFEFB37E6,NO INJURY / DRIVE AWAY,"OVER $1,500",FUNCTIONING PROPERLY,REAR END,41.9828347117,DAYLIGHT,-87.7823535856,2,30,FOLLOWING TOO CLOSELY,NO DEFECTS,DRY,UNABLE TO DETERMINE,N,5600,TRAFFIC SIGNAL,NOT DIVIDED,CLEAR,0.0,0.0,0.0,0.0,0.0,1.0,1,0,[],[],"[""Y""]","[""2025-10-09T15:00:00.000""]","[""2166825"", ""2166826""]","[""FRONT"", ""REAR""]","[""IL""]","[""CHEVROLET"", ""LEXUS""]","[""SLOW/STOP IN TRAFFIC"", ""STRAIGHT AHEAD""]","[""RX"", ""TRAIL BLAZER""]","[""1""]","[""N""]","[""1"", ""2""]","[""DRIVER""]","[""NONE"", ""UNKNOWN""]","[""2065512"", ""2065521""]","[""PASSENGER""]","[""PERSONAL""]","[""2004"", ""2021""]",[],[],[],[],[],[],[],[],[],[],[],[],[],[],"[""Y""]",[],[],"[""DID NOT DEPLOY""]","[""TEST NOT OFFERED""]","[""CHICAGO""]","[""2025-10-09T15:00:00.000""]","[""FOLLOWED TOO CLOSELY"", ""NONE""]","[""NOT OBSCURED""]","[""D""]","[""IL""]","[""NONE""]",[],"[""O2166825"", ""O2166826""]","[""DRIVER""]","[""NORMAL"", ""UNKNOWN""]","[""USAGE UNKNOWN""]","[""F"", ""M""]","[""IL""]","[""2065512"", ""2065521""]","[""60630""]",[],[],[],[],[],[],2025,10,15,9,False,afternoon,41.98,-87.78,41.98_-87.78,0.0,0,0,FOLLOWING TOO CLOSELY,0
STRAIGHT AND LEVEL,1921,2025-10-09 15:00:00,5,15,10,060A4AF091B5DDD67734ADB7BA2CBCD9E78C964DB6EFE5538E18CE5DE23597361F74BB1CBBFE544807A0E32772743634AF0EF8A3D0F8E10DB205EA6F1A57CEEA,NO INJURY / DRIVE AWAY,"OVER $1,500",NO CONTROLS,PARKED MOTOR VEHICLE,41.9484855154,UNKNOWN,-87.6854836562,2,25,UNABLE TO DETERMINE,UNKNOWN,DRY,NOT APPLICABLE,W,2251,NO CONTROLS,ONE-WAY,CLEAR,0.0,1.0,0.0,1.0,0.0,1.0,2,0,[],[],[],"[""2025-10-09T15:00:00.000""]","[""2167539"", ""2167540""]","[""FRONT-LEFT-CORNER"", ""UNKNOWN""]","[""IL""]","[""ACURA"", ""UNKNOWN""]","[""PARKED"", ""UNKNOWN/NA""]","[""ADX"", ""MOTORIZED""]","[""0"", ""1""]","[""E"", ""UNKNOWN""]","[""1"", ""2""]","[""DRIVER"", ""PARKED""]","[""UNKNOWN""]","[""2066176"", ""2066181""]","[""PASSENGER"", ""UNKNOWN/NA""]","[""PERSONAL"", ""UNKNOWN/NA""]","[""2008""]",[],[],"[""Y""]",[],[],[],"[""Y""]",[],"[""Y""]",[],[],[],[],[],[],[],[],"[""DEPLOYMENT UNKNOWN""]","[""TEST NOT OFFERED""]",[],"[""2025-10-09T15:00:00.000""]","[""UNKNOWN""]","[""UNKNOWN""]",[],[],"[""NONE""]",[],"[""O2167539""]","[""DRIVER""]","[""UNKNOWN""]","[""USAGE UNKNOWN""]","[""X""]",[],"[""2066176""]",[],[],[],[],[],[],[],2025,10,15,9,False,afternoon,41.95,-87.69,41.95_-87.69,0.0,0,0,OTHER,0
STRAIGHT AND LEVEL,213,2025-10-09 14:58:00,5,14,10,9A49E4B7A13767E4ADF6D16BC11A1C0FBECAA8819EE93B9135BD13CFB158294AA004CB50D0AA2B27D5ABE0416489A5BE3280A265FF73F1B6DE2EB002D15BF987,INJURY AND / OR TOW DUE TO CRASH,"OVER $1,500",NO CONTROLS,SIDESWIPE SAME DIRECTION,41.8167400676,DAYLIGHT,-87.6231811372,2,30,FOLLOWING TOO CLOSELY,NO DEFECTS,DRY,UNABLE TO DETERMINE,S,4254,NO CONTROLS,ONE-WAY,CLEAR,0.0,0.0,0.0,0.0,0.0,1.0,1,3,"[""Y""]","[""Y""]","[""Y""]","[""2025-10-09T14:58:00.000""]","[""2166868"", ""2166869""]","[""SIDE-RIGHT-FRONT"", ""SIDE-RIGHT-REAR""]","[""IL"", ""NM""]","[""CHEVROLET""]","[""STRAIGHT AHEAD""]","[""EXPRESS"", ""SILVERADO""]","[""1"", ""2""]","[""S""]","[""1"", ""2""]","[""DRIVER""]","[""NONE"", ""OTHER""]","[""2065554"", ""2065564""]","[""PICKUP"", ""VAN/MINI-VAN""]","[""PERSONAL""]","[""2003"", ""2006""]","[""Y""]","[""Y""]","[""Y""]","[""PERSONAL TOW - AAA""]","[""Y""]","[""Y""]",[],"[""Y""]","[""Y""]",[],"[""1""]","[""Y""]",[],"[""Y""]",[],[],"['29', '49', '53']","[""DID NOT DEPLOY"", ""NOT APPLICABLE""]","[""TEST NOT OFFERED""]","[""ALBUQUERQUE"", ""CHICAGO""]","[""2025-10-09T14:58:00.000""]","[""FOLLOWED TOO CLOSELY"", ""UNKNOWN""]","[""UNKNOWN""]","[""D""]","[""IL"", ""NM""]","[""NONE""]",[],"[""O2166868"", ""O2166869"", ""P478113""]","[""DRIVER"", ""PASSENGER""]","[""NORMAL"", ""OTHER""]","[""SAFETY BELT USED""]","[""F"", ""M""]","[""IL"", ""NM""]","[""2065554"", ""2065564""]","[""60617"", ""87120""]",[],"[""3""]",[],[],[],[],2025,10,14,9,False,afternoon,41.82,-87.62,41.82_-87.62,43.666666666666664,29,53,FOLLOWING TOO CLOSELY,0
STRAIGHT AND LEVEL,2535,2025-10-09 14:57:00,5,14,10,67343739EEE6F3FCA78A02C78E0B7F2C8C09208B0C6BE34BAF7DA72365EF715BF53FB19742E069DA7B18115680F5C6A199EA5D877720AC28B98640FABFC625A6,NO INJURY / DRIVE AWAY,$500 OR LESS,FUNCTIONING PROPERLY,PEDALCYCLIST,41.908290289,DAYLIGHT,-87.7167979617,2,30,FAILING TO YIELD RIGHT-OF-WAY,NO DEFECTS,DRY,NOT APPLICABLE,W,3600,STOP SIGN/FLASHER,NOT DIVIDED,CLEAR,0.0,1.0,1.0,0.0,0.0,1.0,2,1,[],[],[],"[""2025-10-09T14:57:00.000""]","[""2166964"", ""2166965""]","[""FRONT-LEFT-CORNER""]","[""IL""]","[""FORD""]","[""STRAIGHT AHEAD""]","[""TRANSIT""]","[""1""]","[""S""]","[""1"", ""2""]","[""BICYCLE"", ""DRIVER""]","[""NONE""]","[""2065650""]","[""VAN/MINI-VAN""]","[""PERSONAL""]","[""2020""]",[],[],"[""Y""]",[],[],[],[],[],"[""Y""]",[],[],[],[],[],[],[],['53'],"[""NOT APPLICABLE""]","[""TEST NOT OFFERED""]","[""CHICAGO""]","[""2025-10-09T14:57:00.000""]","[""FAILED TO YIELD"", ""NONE""]","[""NOT OBSCURED""]","[""D""]","[""IL""]","[""NONE""]",[],"[""O2166964"", ""O2166965""]","[""BICYCLE"", ""DRIVER""]","[""NORMAL"", ""UNKNOWN""]","[""BICYCLE HELMET (PEDACYCLIST INVOLVED ONLY)"", ""USAGE UNKNOWN""]","[""M""]","[""IL""]","[""2065650""]","[""60453""]",[],[],"[""AGAINST TRAFFIC""]","[""IN ROADWAY""]","[""NO CONTRASTING CLOTHING""]",[],2025,10,14,9,False,afternoon,41.91,-87.72,41.91_-87.72,53.0,53,53,FAILURE-TO-YIELD,0
STRAIGHT AND LEVEL,1114,2025-10-09 14:56:00,5,14,10,63372E59C46F90E7D3588768FA6CC5541F75E183C9FB5930E63DA5CC71E6687A500FD49F9788A9A448CEEE44338281F49EF66CD8485B5C799EF4E2154A8FBD66,INJURY AND / OR TOW DUE TO CRASH,"OVER $1,500",FUNCTIONING PROPERLY,ANGLE,41.8821223021,DAYLIGHT,-87.7282835811,3,30,DISREGARDING TRAFFIC SIGNALS,NO DEFECTS,DRY,UNABLE TO DETERMINE,W,4100,TRAFFIC SIGNAL,T-INTERSECTION,CLEAR,0.0,0.0,1.0,0.0,0.0,1.0,1,4,"[""Y""]","[""Y""]","[""Y""]","[""2025-10-09T14:56:00.000""]","[""2166883"", ""2166884"", ""2166885""]","[""FRONT"", ""FRONT-LEFT-CORNER""]","[""IL""]","[""FORD"", ""KIA"", ""PONTIAC""]","[""STRAIGHT AHEAD""]","[""CARNIVAL"", ""F250"", ""G6""]","[""1"", ""2""]","[""E"", ""N"", ""W""]","[""1"", ""2"", ""3""]","[""DRIVER""]","[""NONE"", ""UNKNOWN""]","[""2065569"", ""2065575"", ""2065581""]","[""PASSENGER"", ""PICKUP""]","[""PERSONAL""]","[""2007"", ""2015"", ""2022""]","[""Y""]",[],"[""Y""]","[""personal""]","[""Y""]",[],[],"[""Y""]","[""Y""]",[],"[""1""]",[],[],[],[],[],"['18', '19', '34', '56']","[""DEPLOYED, COMBINATION"", ""NOT APPLICABLE""]","[""TEST NOT OFFERED""]","[""CHICAGO"", ""GLENVIEW""]","[""2025-10-09T14:56:00.000""]","[""DISREGARDED CONTROL DEVICES"", ""NONE""]","[""NOT OBSCURED""]","[""D""]","[""IL"", ""NJ""]","[""NONE""]","[""JOHN H. STROGER COOK COUNTY"", ""MOUNT SINAI"", ""REFUSED""]","[""O2166883"", ""O2166884"", ""O2166885"", ""P478115""]","[""DRIVER"", ""PASSENGER""]","[""NORMAL""]","[""USAGE UNKNOWN""]","[""F"", ""M""]","[""IL""]","[""2065569"", ""2065575"", ""2065581""]","[""60025"", ""60624"", ""60628"", ""60639""]","[""10"", ""44"", ""CFD""]","[""3""]",[],[],[],"[""23""]",2025,10,14,9,False,afternoon,41.88,-87.73,41.88_-87.73,31.75,18,56,OTHER,1
STRAIGHT AND LEVEL,2223,2025-10-09 14:54:00,5,14,10,F72110EC1B367FA9BF7834AE21D8A6764F3316CE1E4FD2C9DB140FD5F1E4962597F0BF20FDC2D7C3355D1DA0D0CE50EE2094521D2139424AF4BC58FD380CA0DD,INJURY AND / OR TOW DUE TO CRASH,"OVER $1,500",FUNCTIONING PROPERLY,ANGLE,41.7344188424,DAYLIGHT,-87.6458177618,2,30,UNABLE TO DETERMINE,UNKNOWN,DRY,NOT APPLICABLE,W,898,STOP SIGN/FLASHER,FOUR WAY,CLEAR,0.0,0.0,1.0,0.0,0.0,1.0,1,3,"[""Y""]",[],"[""Y""]","[""2025-10-09T14:54:00.000""]","[""2166827"", ""2166828""]","[""FRONT-RIGHT-CORNER"", ""REAR-LEFT-CORNER""]","[""IL""]","[""HONDA"", ""MITSUBISHI""]","[""STRAIGHT AHEAD""]","[""CIVIC"", ""OUTLANDER""]","[""1"", ""2""]","[""E"", ""N""]","[""1"", ""2""]","[""DRIVER""]","[""UNKNOWN""]","[""2065520"", ""2065526""]","[""PASSENGER""]","[""PERSONAL""]","[""2012"", ""2022""]",[],[],"[""Y""]","[""INSURANCE""]","[""Y""]","[""Y""]",[],[],[],[],"[""1""]",[],[],"[""Y""]","[""Y""]","[""HOME""]","['2', '25', '35']","[""DEPLOYED, COMBINATION"", ""DID NOT DEPLOY""]","[""TEST NOT OFFERED""]","[""CHICAGO""]","[""2025-10-09T14:54:00.000""]","[""UNKNOWN""]","[""UNKNOWN""]","[""D""]","[""IL""]","[""NONE""]",[],"[""O2166827"", ""O2166828"", ""P478104""]","[""DRIVER"", ""PASSENGER""]","[""UNKNOWN""]","[""CHILD RESTRAINT - FORWARD FACING"", ""SAFETY BELT USED""]","[""M""]","[""IL""]","[""2065520"", ""2065526""]","[""60619"", ""60651""]",[],"[""12""]",[],[],[],[],2025,10,14,9,False,afternoon,41.73,-87.65,41.73_-87.65,20.666666666666668,2,35,OTHER,0
STRAIGHT AND LEVEL,531,2025-10-09 14:52:00,5,14,10,F0A3B998E8974CC34E621290BC4AC3307C48F75B9DE42778FE09DCCCC3128E5A385AE8BC9A25696CEFEAD77CD7A72F7DFED4E31D62552EE71D898B7552FCB7B6,INJURY AND / OR TOW DUE TO CRASH,"OVER $1,500",FUNCTIONING PROPERLY,TURNING,41.6925597626,DAYLIGHT,-87.6211936954,3,30,IMPROPER TURNING/NO SIGNAL,NO DEFECTS,DRY,FAILING TO YIELD RIGHT-OF-WAY,S,11100,TRAFFIC SIGNAL,T-INTERSECTION,CLEAR,0.0,0.0,1.0,0.0,0.0,1.0,1,8,"[""Y""]","[""Y""]","[""Y""]","[""2025-10-09T14:52:00.000""]","[""2166916"", ""2166917"", ""2166918""]","[""FRONT-LEFT-CORNER"", ""REAR-RIGHT-CORNER""]","[""IL""]","[""DODGE"", ""HYUNDAI"", ""NEW FLYER""]","[""OTHER"", ""STRAIGHT AHEAD"", ""TURNING LEFT""]","[""CHARGER"", ""OTHER (EXPLAIN IN NARRATIVE)"", ""SONATA""]","[""1"", ""3"", ""4""]","[""N"", ""S""]","[""1"", ""2"", ""3""]","[""DRIVER""]","[""NONE""]","[""2065605"", ""2065617"", ""2065629""]","[""BUS OVER 15 PASS."", ""PASSENGER""]","[""CTA"", ""UNKNOWN/NA""]","[""2006"", ""2009"", ""2023""]","[""Y""]","[""Y""]","[""Y""]",[],[],[],[],[],[],[],"[""2"", ""3""]",[],[],"[""Y""]",[],[],"['0', '18', '25', '27', '31', '41', '50', '64']","[""DID NOT DEPLOY""]","[""TEST NOT OFFERED""]","[""BLUE ISLAND"", ""CHICAGO""]","[""2025-10-09T14:52:00.000""]","[""DISREGARDED CONTROL DEVICES"", ""IMPROPER TURN"", ""OTHER""]","[""NOT OBSCURED"", ""UNKNOWN""]","[""B"", ""D""]","[""IL""]","[""NONE""]","[""NONE"", ""ROSELAND""]","[""O2166916"", ""O2166917"", ""O2166918"", ""P478123"", ""P478124"", ""P478129"", ""P478130"", ""P478131""]","[""DRIVER"", ""PASSENGER""]","[""NORMAL""]","[""SAFETY BELT USED"", ""USAGE UNKNOWN""]","[""F"", ""M""]","[""IL""]","[""2065605"", ""2065617"", ""2065629""]","[""60406"", ""60612"", ""60628"", ""60649""]","[""CFD""]","[""10"", ""12"", ""3"", ""4"", ""7""]",[],[],[],"[""AMB24""]",2025,10,14,9,False,afternoon,41.69,-87.62,41.69_-87.62,32.0,0,64,OTHER,1
STRAIGHT AND LEVEL,1631,2025-10-09 14:50:00,5,14,10,D43AFC9CE63209D416AD01D1145C47695BC3856A6DAB69E09AD9931F0F0D385E1654FDF776B239B52CD89B8CAA93134DE72B70838BAF4A81F929709D55AB918B,NO INJURY / DRIVE AWAY,"OVER $1,500",FUNCTIONING PROPERLY,REAR END,41.9381054794,DAYLIGHT,-87.8068095524,2,30,UNABLE TO DETERMINE,UNKNOWN,UNKNOWN,NOT APPLICABLE,W,7200,TRAFFIC SIGNAL,NOT DIVIDED,CLEAR,0.0,0.0,0.0,0.0,0.0,1.0,1,2,"[""Y""]",[],"[""Y""]","[""2025-10-09T14:50:00.000""]","[""2168207"", ""2168208""]","[""FRONT"", ""REAR""]","[""IL""]","[""LEXUS"", ""VOLKSWAGEN""]","[""STRAIGHT AHEAD""]","[""OTHER (EXPLAIN IN NARRATIVE)"", ""PASSAT""]","[""1""]","[""E""]","[""1"", ""2""]","[""DRIVER""]","[""NONE""]","[""2066825"", ""2066826""]","[""PASSENGER""]","[""PERSONAL""]","[""2013"", ""2019""]",[],[],"[""Y""]",[],[],"[""Y""]",[],[],[],[],[],[],[],"[""Y""]","[""Y""]",[],"['21', '35']","[""NOT APPLICABLE""]","[""TEST NOT OFFERED""]","[""CHICAGO""]","[""2025-10-09T14:50:00.000""]","[""NONE""]","[""NOT OBSCURED""]","[""D""]","[""IL""]","[""NONE""]",[],"[""O2168207"", ""O2168208""]","[""DRIVER""]","[""NORMAL""]","[""SAFETY BELT USED""]","[""F""]","[""IL""]","[""2066825"", ""2066826""]","[""60641"", ""60656""]",[],[],[],[],[],[],2025,10,14,9,False,afternoon,41.94,-87.81,41.94_-87.81,28.0,21,35,OTHER,0
STRAIGHT AND LEVEL,821,2025-10-09 14:40:00,5,14,10,3D248D22FC1F3A7B04B661643B762FA429FA01A6FE17BD4D84A65F771364E5EE5D187EA687C8595D190C7FAAF1429ACAD67F6EEDBCF2FC0B1AF5536DA484CCB5,NO INJURY / DRIVE AWAY,"OVER $1,500",FUNCTIONING PROPERLY,REAR END,41.8140834934,DAYLIGHT,-87.7043569016,2,30,FAILING TO REDUCE SPEED TO AVOID CRASH,NO DEFECTS,DRY,FAILING TO YIELD RIGHT-OF-WAY,S,4348,TRAFFIC SIGNAL,DIVIDED - W/MEDIAN (NOT RAISED),CLEAR,0.0,0.0,1.0,0.0,0.0,1.0,1,1,[],[],"[""Y""]","[""2025-10-09T14:40:00.000""]","[""2167846"", ""2167847""]","[""FRONT"", ""REAR""]","[""IL""]","[""AUDI"", ""NISSAN""]","[""SLOW/STOP IN TRAFFIC"", ""STRAIGHT AHEAD""]","[""ALTIMA"", ""S4""]","[""1""]","[""N""]","[""1"", ""2""]","[""DRIVER""]","[""NONE"", ""UNKNOWN""]","[""2066483"", ""2066486""]","[""PASSENGER""]","[""PERSONAL"", ""UNKNOWN/NA""]","[""2013"", ""2019""]",[],[],[],[],[],[],[],[],[],[],[],[],[],[],"[""Y""]",[],['35'],"[""DID NOT DEPLOY""]","[""TEST NOT OFFERED""]","[""CHICAGO""]","[""2025-10-09T14:40:00.000""]","[""FAILED TO YIELD"", ""NONE""]","[""NOT OBSCURED"", ""OTHER""]","[""D""]","[""IL""]","[""NONE""]",[],"[""O2167846"", ""O2167847""]","[""DRIVER""]","[""NORMAL"", ""UNKNOWN""]","[""SAFETY BELT USED"", ""USAGE UNKNOWN""]","[""M""]","[""IL""]","[""2066483"", ""2066486""]","[""60626"", ""60629""]",[],[],[],[],[],[],2025,10,14,9,False,afternoon,41.81,-87.7,41.81_-87.7,35.0,35,35,SPEEDING,0
STRAIGHT AND LEVEL,2432,2025-10-09 14:40:00,5,14,10,43EE3E1F76B1C72A559A2309F1AA70D13D3E64E4533453F0B061EA6559408425A4E9DDC28060F97D7BFD14D43CCF7EBEDEDA4A115432A16C272526D8BA508FA0,NO INJURY / DRIVE AWAY,"OVER $1,500",NO CONTROLS,REAR END,41.9981957204,UNKNOWN,-87.6697589317,2,30,FOLLOWING TOO CLOSELY,UNKNOWN,UNKNOWN,UNABLE TO DETERMINE,W,1548,NO CONTROLS,DIVIDED - W/MEDIAN (NOT RAISED),CLEAR,0.0,1.0,0.0,0.0,0.0,1.0,1,1,[],[],"[""N""]","[""2025-10-09T14:40:00.000""]","[""2169138"", ""2169139""]","[""FRONT"", ""REAR-LEFT-CORNER""]","[""IL""]","[""HONDA"", ""TOYOTA""]","[""UNKNOWN/NA""]","[""CR-Z"", ""OTHER (EXPLAIN IN NARRATIVE)""]","[""1""]","[""W""]","[""1"", ""2""]","[""DRIVER""]","[""UNKNOWN""]","[""2067688"", ""2067697""]","[""UNKNOWN/NA""]","[""UNKNOWN/NA""]","[""2008"", ""2026""]",[],[],[],[],[],"[""Y""]","[""Y""]",[],[],[],[],[],[],[],[],[],['71'],"[""DEPLOYMENT UNKNOWN""]","[""TEST NOT OFFERED""]","[""CHICAGO""]","[""2025-10-09T14:40:00.000""]","[""UNKNOWN""]","[""UNKNOWN""]",[],"[""IL""]","[""NONE""]",[],"[""O2169138"", ""O2169139""]","[""DRIVER""]","[""UNKNOWN""]","[""USAGE UNKNOWN""]","[""F"", ""M""]","[""IL""]","[""2067688"", ""2067697""]","[""60645""]",[],[],[],[],[],[],2025,10,14,9,False,afternoon,42.0,-87.67,42.0_-87.67,71.0,71,71,FOLLOWING TOO CLOSELY,0
STRAIGHT AND LEVEL,1524,2025-10-09 14:36:00,5,14,10,10120ECBED4B278B19255E9D55CE420EB9B18DAB33A4A1468F0BCE20EF25585C6615C70E31B97C3C8E2466252779DD251A6A8A9A962744F435800BF666E79EDA,INJURY AND / OR TOW DUE TO CRASH,"OVER $1,500",FUNCTIONING PROPERLY,TURNING,41.8949018818,DAYLIGHT,-87.765249515,2,30,FAILING TO YIELD RIGHT-OF-WAY,UNKNOWN,DRY,IMPROPER TURNING/NO SIGNAL,N,801,TRAFFIC SIGNAL,FOUR WAY,CLEAR,0.0,0.0,1.0,0.0,0.0,1.0,1,2,"[""Y""]",[],"[""Y""]","[""2025-10-09T14:36:00.000""]","[""2166843"", ""2166844""]","[""FRONT"", ""SIDE-LEFT""]","[""IL""]","[""CHEVROLET"", ""HYUNDAI""]","[""STRAIGHT AHEAD"", ""TURNING LEFT""]","[""KONA"", ""TRAIL BLAZER""]","[""2""]","[""NW"", ""S""]","[""1"", ""2""]","[""DRIVER""]","[""UNKNOWN""]","[""2065533"", ""2065553""]","[""SPORT UTILITY VEHICLE (SUV)""]","[""PERSONAL""]","[""2025"", ""2026""]",[],[],"[""Y""]","[""PRIVATE""]","[""Y""]","[""Y""]",[],"[""Y""]","[""Y""]",[],"[""1""]","[""Y""]",[],[],[],"[""UNKNOWN""]","['30', '48']","[""DID NOT DEPLOY""]","[""TEST NOT OFFERED""]","[""CHICAGO""]","[""2025-10-09T14:36:00.000""]","[""FAILED TO YIELD"", ""NONE""]","[""UNKNOWN""]","[""D""]","[""IL""]","[""NONE""]","[""DECLINED"", ""UNKNOWN""]","[""O2166843"", ""O2166844"", ""P478107"", ""P478112""]","[""DRIVER"", ""PASSENGER""]","[""NORMAL""]","[""CHILD RESTRAINT - TYPE UNKNOWN"", ""SAFETY BELT USED"", ""USAGE UNKNOWN""]","[""F"", ""M""]","[""IL""]","[""2065533"", ""2065553""]","[""60621"", ""60644""]","[""CFD""]","[""11"", ""3""]",[],[],[],"[""52""]",2025,10,14,9,False,afternoon,41.89,-87.77,41.89_-87.77,39.0,30,48,FAILURE-TO-YIELD,0