alignment,beat_of_occurrence,crash_date,crash_day_of_week,crash_hour,crash_month,crash_record_id,crash_type,damage,device_condition,first_crash_type,latitude,lighting_condition,longitude,num_units,posted_speed_limit,prim_contributory_cause,road_defect,roadway_surface_cond,sec_contributory_cause,street_direction,street_no,traffic_control_device,trafficway_type,weather_condition,private_property_i,hit_and_run_i,intersection_related_i,crash_date_est_i,work_zone_i,workers_present_i,veh_count,ppl_count,veh_area_01_i_list_json,veh_area_02_i_list_json,veh_area_12_i_list_json,veh_crash_date_list_json,veh_crash_unit_id_list_json,veh_first_contact_point_list_json,veh_lic_plate_state_list_json,veh_make_list_json,veh_maneuver_list_json,veh_model_list_json,veh_occupant_cnt_list_json,veh_travel_direction_list_json,veh_unit_no_list_json,veh_unit_type_list_json,veh_vehicle_defect_list_json,veh_vehicle_id_list_json,veh_vehicle_type_list_json,veh_vehicle_use_list_json,veh_vehicle_year_list_json,veh_area_03_i_list_json,veh_area_04_i_list_json,veh_area_11_i_list_json,veh_towed_by_list_json,veh_towed_i_list_json,veh_area_07_i_list_json,veh_area_99_i_list_json,veh_area_09_i_list_json,veh_area_10_i_list_json,veh_cmrc_veh_i_list_json,veh_num_passengers_list_json,veh_area_08_i_list_json,veh_area_00_i_list_json,veh_area_05_i_list_json,veh_area_06_i_list_json,veh_towed_to_list_json,ppl_age_list_json,ppl_airbag_deployed_list_json,ppl_bac_result_list_json,ppl_city_list_json,ppl_crash_date_list_json,ppl_driver_action_list_json,ppl_driver_vision_list_json,ppl_drivers_license_class_list_json,ppl_drivers_license_state_list_json,ppl_ejection_list_json,ppl_hospital_list_json,ppl_person_id_list_json,ppl_person_type_list_json,ppl_physical_condition_list_json,ppl_safety_equipment_list_json,ppl_sex_list_json,ppl_state_list_json,ppl_vehicle_id_list_json,ppl_zipcode_list_json,ppl_ems_agency_list_json,ppl_seat_no_list_json,ppl_pedpedal_action_list_json,ppl_pedpedal_location_list_json,ppl_pedpedal_visibility_list_json,ppl_ems_run_no_list_json,year,month,hour,day,is_weekend,hour_bin,lat_bin,lng_bin,grid_id,ppl_age_mean,ppl_age_min,ppl_age_max,prim_contributory_cause_group,ksi_flag
STRAIGHT AND LEVEL,913,2025-10-09 14:35:00,5,14,10,57659F394F8FA79C7009D18E782C6288373688E788C9D3381DC24E089E814C1CCAD593EEB2EAE3E4B818B9D41C9591219031BA72535FCCB69761C6FE4CF170F1,INJURY AND / OR TOW DUE TO CRASH,"OVER $1,500",FUNCTIONING PROPERLY,TURNING,41.8444859444,DAYLIGHT,-87.6518470631,2,30,"VISION OBSCURED (SIGNS, TREE LIMBS, BUILDINGS, ETC.)",NO DEFECTS,DRY,"VISION OBSCURED (SIGNS, TREE LIMBS, BUILDINGS, ETC.)",S,2701,STOP SIGN/FLASHER,NOT DIVIDED,CLEAR,0.0,0.0,1.0,0.0,0.0,1.0,1,2,"[""Y""]","[""Y""]","[""Y""]","[""2025-10-09T14:35:00.000""]","[""2166933"", ""2166934""]","[""FRONT"", ""UNKNOWN""]","[""IL""]","[""HONDA"", ""TESLA""]","[""STRAIGHT AHEAD"", ""TURNING LEFT""]","[""MODEL Y"", ""ODYSSEY""]","[""1""]","[""N"", ""NE""]","[""1"", ""2""]","[""DRIVER""]","[""UNKNOWN""]","[""2065616"", ""2065623""]","[""SPORT UTILITY VEHICLE (SUV)"", ""VAN/MINI-VAN""]","[""PERSONAL""]","[""2011"", ""2023""]","[""Y""]","[""Y""]","[""Y""]","[""PRIVATE TOW""]","[""Y""]",[],[],[],"[""Y""]",[],[],[],[],"[""Y""]",[],"[""PRIVATE LOT""]","['28', '34']","[""DEPLOYED, FRONT"", ""DID NOT DEPLOY""]","[""TEST NOT OFFERED""]","[""CHICAGO""]","[""2025-10-09T14:35:00.000""]","[""NONE"", ""OTHER""]","[""BLINDED - SUNLIGHT"", ""NOT OBSCURED""]","[""D""]","[""IL""]","[""NONE""]",[],"[""O2166933"", ""O2166934""]","[""DRIVER""]","[""NORMAL""]","[""USAGE UNKNOWN""]","[""F"", ""M""]","[""IL""]","[""2065616"", ""2065623""]","[""60608""]",[],[],[],[],[],[],2025,10,14,9,False,afternoon,41.84,-87.65,41.84_-87.65,31.0,28,34,LIGHTING/VISIBILITY,1
STRAIGHT AND LEVEL,1833,2025-10-09 14:34:00,5,14,10,8E9A5D804170B05C3E91B946B554A6927CD3A422B86D6371AAA2D918FEB9FAC5A4214C32EBFBA905A4F23C5013411E14423E66EF8782DF6E543743637CE9FFBB,INJURY AND / OR TOW DUE TO CRASH,"OVER $1,500",FUNCTIONING PROPERLY,TURNING,41.9003527721,DAYLIGHT,-87.6243329189,2,30,DISREGARDING TRAFFIC SIGNALS,NO DEFECTS,DRY,NOT APPLICABLE,N,950,TRAFFIC SIGNAL,DIVIDED - W/MEDIAN BARRIER,CLEAR,0.0,0.0,0.0,0.0,0.0,1.0,1,3,"[""Y""]","[""Y""]","[""Y""]","[""2025-10-09T14:34:00.000""]","[""2166839"", ""2166840""]","[""FRONT-RIGHT-CORNER"", ""REAR-LEFT-CORNER""]","[""IL""]","[""JEEP"", ""VOLKSWAGEN""]","[""STRAIGHT AHEAD"", ""TURNING RIGHT""]","[""PASSAT"", ""WRANGLER""]","[""1"", ""2""]","[""N"", ""W""]","[""1"", ""2""]","[""DRIVER""]","[""UNKNOWN""]","[""2065525"", ""2065535""]","[""PASSENGER""]","[""PERSONAL""]","[""2020"", ""2022""]",[],[],"[""Y""]","[""PRIVATE""]","[""Y""]",[],[],[],"[""Y""]",[],"[""1""]",[],[],[],[],[],"['56', '69', '83']","[""DEPLOYED, SIDE"", ""NOT APPLICABLE""]","[""TEST NOT OFFERED""]","[""CHICAGO""]","[""2025-10-09T14:34:00.000""]","[""DISREGARDED CONTROL DEVICES"", ""NONE""]","[""UNKNOWN""]","[""D""]","[""IL""]","[""NONE""]",[],"[""O2166839"", ""O2166840"", ""P478122""]","[""DRIVER"", ""PASSENGER""]","[""NORMAL"", ""UNKNOWN""]","[""USAGE UNKNOWN""]","[""F"", ""M""]","[""IL""]","[""2065525"", ""2065535""]","[""60605"", ""60611""]",[],"[""3""]",[],[],[],[],2025,10,14,9,False,afternoon,41.9,-87.62,41.9_-87.62,69.33333333333333,56,83,OTHER,0
STRAIGHT AND LEVEL,124,2025-10-09 14:30:00,5,14,10,2CCA2D802E4121BD3C604620D089B8179C61684B1DC47D80C2DE48DD28F26F585BE984BFB234C35C034F5998AD5BF4483E0B299C0715FFD5CE4F005818C2B771,NO INJURY / DRIVE AWAY,"$501 - $1,500",FUNCTIONING PROPERLY,TURNING,41.8674241202,UNKNOWN,-87.6347648454,2,30,FAILING TO YIELD RIGHT-OF-WAY,UNKNOWN,UNKNOWN,FAILING TO YIELD RIGHT-OF-WAY,W,300,TRAFFIC SIGNAL,DIVIDED - W/MEDIAN BARRIER,CLEAR,0.0,0.0,1.0,0.0,0.0,1.0,1,2,[],[],"[""Y""]","[""2025-10-09T14:30:00.000""]","[""2166953"", ""2166954""]","[""FRONT"", ""SIDE-LEFT-REAR""]","[""IL""]","[""BMW"", ""HYUNDAI""]","[""STRAIGHT AHEAD"", ""TURNING LEFT""]","[""TUCSON"", ""X5""]","[""1"", ""2""]","[""N"", ""W""]","[""1"", ""2""]","[""DRIVER""]","[""UNKNOWN""]","[""2065651"", ""2065664""]","[""PASSENGER"", ""PICKUP""]","[""UNKNOWN/NA""]","[""2015"", ""2020""]",[],[],[],[],[],[],[],"[""Y""]",[],[],"[""1""]","[""Y""]",[],[],[],[],"['47', '52']","[""NOT APPLICABLE""]","[""TEST NOT OFFERED""]","[""CHICAGO"", ""PALOS PARK""]","[""2025-10-09T14:30:00.000""]","[""FAILED TO YIELD"", ""NONE""]","[""UNKNOWN""]","[""D""]","[""IL""]","[""NONE""]",[],"[""O2166953"", ""O2166954"", ""P478145""]","[""DRIVER"", ""PASSENGER""]","[""OTHER"", ""UNKNOWN""]","[""USAGE UNKNOWN""]","[""F"", ""M""]","[""IL""]","[""2065651"", ""2065664""]","[""60464"", ""60623"", ""60651""]",[],"[""2""]",[],[],[],[],2025,10,14,9,False,afternoon,41.87,-87.63,41.87_-87.63,49.5,47,52,FAILURE-TO-YIELD,0
STRAIGHT AND LEVEL,614,2025-10-09 14:30:00,5,14,10,A2317E9FED4CDF6D136946098441C8C582860410DF69401579B1A773D348FB8AD971F6897DB8B060835F07E6360055D57134E3A1870E9D5C86B87D5F7AE46133,NO INJURY / DRIVE AWAY,$500 OR LESS,FUNCTIONING PROPERLY,SIDESWIPE SAME DIRECTION,41.7431917099,DAYLIGHT,-87.6631144151,2,30,UNABLE TO DETERMINE,NO DEFECTS,DRY,UNABLE TO DETERMINE,W,1556,TRAFFIC SIGNAL,DIVIDED - W/MEDIAN (NOT RAISED),CLEAR,0.0,0.0,0.0,0.0,0.0,1.0,1,3,[],"[""Y""]",[],"[""2025-10-09T14:30:00.000""]","[""2166943"", ""2166944""]","[""SIDE-RIGHT"", ""UNKNOWN""]","[""IL""]","[""ICL CARGO TRAILER"", ""TOYOTA""]","[""SLOW/STOP IN TRAFFIC"", ""STRAIGHT AHEAD""]","[""ICL CARGO TRAILER"", ""YARIS""]","[""1"", ""2""]","[""W""]","[""1"", ""2""]","[""DRIVER""]","[""NONE"", ""UNKNOWN""]","[""2065626"", ""2065630""]","[""BUS OVER 15 PASS."", ""PASSENGER""]","[""SCHOOL BUS"", ""UNKNOWN/NA""]","[""2012"", ""2019""]",[],[],[],[],[],"[""Y""]",[],[],[],[],"[""1""]",[],[],[],[],[],"['36', '38', '52']","[""NOT APPLICABLE""]","[""TEST NOT OFFERED""]","[""CHICAGO"", ""CHICAGO RIDGE""]","[""2025-10-09T14:30:00.000""]","[""NONE"", ""OTHER""]","[""NOT OBSCURED"", ""UNKNOWN""]","[""B"", ""D""]","[""IL""]","[""NONE""]",[],"[""O2166943"", ""O2166944"", ""P478128""]","[""DRIVER"", ""PASSENGER""]","[""NORMAL"", ""UNKNOWN""]","[""SAFETY BELT USED"", ""USAGE UNKNOWN""]","[""F"", ""M""]","[""IL""]","[""2065626"", ""2065630""]","[""60415"", ""60620""]",[],"[""6""]",[],[],[],[],2025,10,14,9,False,afternoon,41.74,-87.66,41.74_-87.66,42.0,36,52,OTHER,0
STRAIGHT AND LEVEL,813,2025-10-09 14:30:00,5,14,10,8B51BBA9171800AB951914B9379507085770BA50CEC631BFD39548F69692C9E85E849781C0C672E4CFF4C99043CA8437C01283A8E8C123A178AE081C6C934785,NO INJURY / DRIVE AWAY,"OVER $1,500",NO CONTROLS,SIDESWIPE SAME DIRECTION,41.7765116011,UNKNOWN,-87.7423723414,2,30,UNABLE TO DETERMINE,UNKNOWN,UNKNOWN,UNABLE TO DETERMINE,S,6400,NO CONTROLS,UNKNOWN,CLEAR,0.0,0.0,0.0,0.0,0.0,1.0,1,0,"[""Y""]","[""Y""]","[""Y""]","[""2025-10-09T14:30:00.000""]","[""2166801"", ""2166802""]","[""FRONT"", ""SIDE-RIGHT""]","[""IL""]","[""DODGE"", ""MAZDA""]","[""UNKNOWN/NA""]","[""CX-9"", ""RAM 1500 PU""]","[""1""]","[""UNKNOWN""]","[""1"", ""2""]","[""DRIVER""]","[""UNKNOWN""]","[""2065492"", ""2065494""]","[""UNKNOWN/NA""]","[""UNKNOWN/NA""]","[""2007"", ""2020""]","[""Y""]","[""Y""]","[""Y""]",[],[],[],[],[],[],[],[],[],[],"[""Y""]",[],[],[],"[""DEPLOYMENT UNKNOWN""]","[""TEST NOT OFFERED""]","[""CHICAGO""]","[""2025-10-09T14:30:00.000""]","[""UNKNOWN""]","[""UNKNOWN""]",[],"[""IL""]","[""UNKNOWN""]",[],"[""O2166801"", ""O2166802""]","[""DRIVER""]","[""UNKNOWN""]","[""USAGE UNKNOWN""]","[""M""]","[""IL""]","[""2065492"", ""2065494""]","[""60652""]",[],[],[],[],[],[],2025,10,14,9,False,afternoon,41.78,-87.74,41.78_-87.74,0.0,0,0,OTHER,0
STRAIGHT AND LEVEL,1632,2025-10-09 14:30:00,5,14,10,3E4F12C739B1ABC1E090C1B8502338C21DCAC140F97ADFD16146E09F35DA12A47AA3031A0172D0BE43F0DE30A1EB966BB9233D7E2AD55FF6409C4CC1773856D9,NO INJURY / DRIVE AWAY,"OVER $1,500",NO CONTROLS,REAR TO REAR,41.938237376,DAYLIGHT,-87.7977603483,2,10,UNABLE TO DETERMINE,UNKNOWN,UNKNOWN,UNABLE TO DETERMINE,W,6850,NO CONTROLS,PARKING LOT,CLEAR,0.0,1.0,0.0,0.0,0.0,1.0,1,1,[],[],[],"[""2025-10-09T14:30:00.000""]","[""2167444"", ""2167445""]","[""REAR""]","[""IL""]","[""CHEVROLET"", ""NISSAN""]","[""BACKING""]","[""ALTIMA"", ""OTHER (EXPLAIN IN NARRATIVE)""]","[""1""]","[""E"", ""W""]","[""1"", ""2""]","[""DRIVER""]","[""NONE"", ""UNKNOWN""]","[""2066091"", ""2066095""]","[""PASSENGER"", ""SPORT UTILITY VEHICLE (SUV)""]","[""PERSONAL""]","[""2007"", ""2011""]",[],[],[],[],[],"[""Y""]",[],[],[],[],[],[],[],[],"[""Y""]",[],['19'],"[""DEPLOYMENT UNKNOWN"", ""NOT APPLICABLE""]","[""TEST NOT OFFERED""]","[""ELMWOOD PARK""]","[""2025-10-09T14:30:00.000""]","[""IMPROPER BACKING""]","[""NOT OBSCURED"", ""UNKNOWN""]","[""D""]","[""IL""]","[""NONE""]","[""EMS DECLINED""]","[""O2167444"", ""O2167445""]","[""DRIVER""]","[""NORMAL"", ""UNKNOWN""]","[""SAFETY BELT USED"", ""USAGE UNKNOWN""]","[""F"", ""M""]","[""IL""]","[""2066091"", ""2066095""]","[""60707""]",[],[],[],[],[],[],2025,10,14,9,False,afternoon,41.94,-87.8,41.94_-87.8,19.0,19,19,OTHER,0
STRAIGHT AND LEVEL,1834,2025-10-09 14:30:00,5,14,10,A3430C3B1E426EF4D9C7011CBED2CF1EEB1CBCF6DB88B3260ABB42973DE891F290092005D48EAF5DDEA82D16357FE9A0056ECC2860487B6BC774B45FEE93E11C,INJURY AND / OR TOW DUE TO CRASH,"OVER $1,500",FUNCTIONING PROPERLY,PEDESTRIAN,41.8909758043,DAYLIGHT,-87.6227976737,2,30,FAILING TO YIELD RIGHT-OF-WAY,NO DEFECTS,DRY,NOT APPLICABLE,N,500,TRAFFIC SIGNAL,FOUR WAY,CLEAR,0.0,0.0,1.0,0.0,0.0,1.0,2,0,[],[],[],"[""2025-10-09T14:30:00.000""]","[""2175000"", ""2175001""]","[""FRONT""]","[""IL""]","[""CHEVROLET""]","[""TURNING RIGHT""]","[""SILVERADO""]","[""1""]","[""N""]","[""1"", ""2""]","[""DRIVER"", ""PEDESTRIAN""]","[""NONE""]","[""2073284""]","[""PICKUP""]","[""PERSONAL""]","[""2014""]",[],[],[],[],[],[],"[""Y""]",[],[],[],[],[],[],[],[],[],[],"[""NOT APPLICABLE""]","[""TEST NOT OFFERED""]","[""ATLANTA"", ""ELGIN""]","[""2025-10-09T14:30:00.000""]","[""FAILED TO YIELD"", ""NONE""]","[""NOT OBSCURED""]",[],"[""IL""]","[""NONE""]","[""IMMEDIATE CARE 635 N FAIRBANKS""]","[""O2175000"", ""O2175001""]","[""DRIVER"", ""PEDESTRIAN""]","[""NORMAL"", ""UNKNOWN""]","[""NONE PRESENT"", ""USAGE UNKNOWN""]","[""M""]","[""GA"", ""IL""]","[""2073284""]","[""30309"", ""60120""]",[],[],"[""CROSSING - WITH SIGNAL""]","[""IN CROSSWALK""]","[""CONTRASTING CLOTHING""]",[],2025,10,14,9,False,afternoon,41.89,-87.62,41.89_-87.62,0.0,0,0,FAILURE-TO-YIELD,1
STRAIGHT AND LEVEL,331,2025-10-09 14:30:00,5,14,10,C9FD46DDB24A0F487A2B627DB65C3FDE67653DFB9F0A6339BDC972E50FEFF57325A0D327AF3F6C7E630185132A43021492F563DDFEBB30435E7064A4D4705225,NO INJURY / DRIVE AWAY,"OVER $1,500",FUNCTIONING PROPERLY,ANGLE,41.7663735063,DAYLIGHT,-87.5737967771,2,30,FAILING TO YIELD RIGHT-OF-WAY,NO DEFECTS,DRY,DRIVING SKILLS/KNOWLEDGE/EXPERIENCE,E,2100,YIELD,FOUR WAY,CLEAR,0.0,0.0,1.0,0.0,0.0,1.0,1,2,"[""Y""]",[],"[""Y""]","[""2025-10-09T14:30:00.000""]","[""2167059"", ""2167060""]","[""FRONT"", ""SIDE-LEFT""]","[""IL""]","[""HYUNDAI"", ""LEXUS""]","[""STRAIGHT AHEAD""]","[""ES350"", ""OTHER (EXPLAIN IN NARRATIVE)""]","[""1""]","[""E"", ""S""]","[""1"", ""2""]","[""DRIVER""]","[""NONE""]","[""2065726"", ""2065727""]","[""PASSENGER"", ""SPORT UTILITY VEHICLE (SUV)""]","[""PERSONAL"", ""UNKNOWN/NA""]","[""2008""]",[],[],"[""Y""]",[],[],"[""Y""]",[],"[""Y""]",[],[],[],"[""Y""]",[],[],[],[],"['73', '76']","[""DEPLOYMENT UNKNOWN"", ""DID NOT DEPLOY""]","[""TEST NOT OFFERED""]","[""CHICAGO""]","[""2025-10-09T14:30:00.000""]","[""NONE"", ""OTHER""]","[""NOT OBSCURED"", ""UNKNOWN""]","[""D""]","[""IL""]","[""NONE""]",[],"[""O2167059"", ""O2167060""]","[""DRIVER""]","[""NORMAL"", ""UNKNOWN""]","[""SAFETY BELT USED"", ""USAGE UNKNOWN""]","[""F"", ""M""]","[""IL""]","[""2065726"", ""2065727""]","[""60615"", ""60617""]",[],[],[],[],[],[],2025,10,14,9,False,afternoon,41.77,-87.57,41.77_-87.57,74.5,73,76,FAILURE-TO-YIELD,0
STRAIGHT AND LEVEL,124,2025-10-09 14:25:00,5,14,10,CF3962D074A33756E8B2E5F50E4BD7D0114650AC4F690F10B4704264DA458DAAAA169F216B631AA8F39687BAD5EFDF13AF224F5E7CBBC15CF6D94C06E59A28E3,NO INJURY / DRIVE AWAY,"OVER $1,500",NO CONTROLS,SIDESWIPE SAME DIRECTION,41.8671946542,DAYLIGHT,-87.6355434621,2,25,UNABLE TO DETERMINE,UNKNOWN,UNKNOWN,UNABLE TO DETERMINE,W,313,NO CONTROLS,DIVIDED - W/MEDIAN (NOT RAISED),CLEAR,0.0,0.0,0.0,0.0,0.0,1.0,1,2,"[""Y""]","[""Y""]",[],"[""2025-10-09T14:25:00.000""]","[""2166812"", ""2166813""]","[""SIDE-RIGHT-FRONT"", ""UNKNOWN""]","[""IL""]","[""SATURN"", ""TOYOTA""]","[""STRAIGHT AHEAD""]","[""RAV4"", ""VUE""]","[""1""]","[""E""]","[""1"", ""2""]","[""DRIVER""]","[""NONE"", ""UNKNOWN""]","[""2065508"", ""2065518""]","[""PASSENGER""]","[""COMMERCIAL - SINGLE UNIT"", ""UNKNOWN/NA""]","[""2004"", ""2025""]","[""Y""]",[],[],[],[],[],"[""Y""]",[],[],[],[],[],[],[],[],[],"['54', '58']","[""DEPLOYMENT UNKNOWN""]","[""TEST NOT OFFERED""]","[""BURBANK"", ""EAST CHICAGO""]","[""2025-10-09T14:25:00.000""]","[""UNKNOWN""]","[""UNKNOWN""]","[""D""]","[""IL"", ""IN""]","[""UNKNOWN""]",[],"[""O2166812"", ""O2166813""]","[""DRIVER""]","[""UNKNOWN""]","[""USAGE UNKNOWN""]","[""M""]","[""IL"", ""IN""]","[""2065508"", ""2065518""]","[""46312"", ""60459""]",[],[],[],[],[],[],2025,10,14,9,False,afternoon,41.87,-87.64,41.87_-87.64,56.0,54,58,OTHER,0
STRAIGHT AND LEVEL,1231,2025-10-09 14:25:00,5,14,10,309C60B9ECE1E07BA26AF7E41D2BF9151D7A97502E0DD6318673B389435757D8640E4AB4953D45374CA27067969DEEA3C158361D45896FDCDFF049402644382F,NO INJURY / DRIVE AWAY,"OVER $1,500",NO CONTROLS,PARKED MOTOR VEHICLE,41.8712486141,DAYLIGHT,-87.6688803066,2,30,UNABLE TO DETERMINE,NO DEFECTS,DRY,NOT APPLICABLE,S,811,NO CONTROLS,PARKING LOT,CLEAR,1.0,0.0,0.0,0.0,0.0,1.0,2,3,[],[],[],"[""2025-10-09T14:25:00.000""]","[""2166899"", ""2166900""]","[""FRONT-LEFT-CORNER"", ""REAR-RIGHT-CORNER""]","[""IL""]","[""HYUNDAI"", ""NISSAN""]","[""BACKING"", ""PARKED""]","[""ROGUE"", ""TUCSON""]","[""1"", ""2""]","[""UNKNOWN""]","[""1"", ""2""]","[""DRIVER"", ""PARKED""]","[""NONE""]","[""2065592"", ""2065595""]","[""SPORT UTILITY VEHICLE (SUV)""]","[""PERSONAL""]","[""2015"", ""2024""]",[],[],"[""Y""]",[],[],[],"[""Y""]",[],[],[],"[""2""]",[],[],[],[],[],"['37', '41', '55']","[""DID NOT DEPLOY""]","[""TEST NOT OFFERED""]","[""CHICAGO"", ""GRAYSLAKE""]","[""2025-10-09T14:25:00.000""]","[""UNKNOWN""]","[""NOT OBSCURED""]",[],"[""IL""]","[""NONE""]",[],"[""O2166899"", ""P478132"", ""P478134""]","[""DRIVER"", ""PASSENGER""]","[""NORMAL""]","[""SAFETY BELT USED""]","[""F"", ""M""]","[""IL""]","[""2065592"", ""2065595""]","[""60030"", ""60632""]",[],"[""1"", ""3""]",[],[],[],[],2025,10,14,9,False,afternoon,41.87,-87.67,41.87_-87.67,44.333333333333336,37,55,OTHER,0
STRAIGHT AND LEVEL,2012,2025-10-09 14:20:00,5,14,10,D87111D3AB3AD62C1EC625CB48EAD63AD5D42655A438A5A8AF013C1EE50B0A0037AF65844EB95EC25F61930C7E0BF5A13238A31267B4622CB863FF0C89906528,NO INJURY / DRIVE AWAY,$500 OR LESS,NO CONTROLS,REAR END,41.9762991844,UNKNOWN,-87.6684805556,2,30,UNABLE TO DETERMINE,UNKNOWN,UNKNOWN,UNABLE TO DETERMINE,W,1500,NO CONTROLS,NOT DIVIDED,CLEAR,0.0,1.0,1.0,0.0,0.0,1.0,1,0,[],[],[],"[""2025-10-09T14:20:00.000""]","[""2166821"", ""2166822""]","[""UNKNOWN""]","[""IL""]","[""ACURA"", ""UNKNOWN""]","[""SLOW/STOP IN TRAFFIC"", ""UNKNOWN/NA""]","[""OTHER (EXPLAIN IN NARRATIVE)"", ""RL""]","[""1""]","[""W""]","[""1"", ""2""]","[""DRIVER""]","[""UNKNOWN""]","[""2065510"", ""2065516""]","[""PASSENGER"", ""UNKNOWN/NA""]","[""PERSONAL"", ""UNKNOWN/NA""]","[""2013""]",[],[],[],[],[],"[""Y""]","[""Y""]",[],[],[],[],[],[],[],[],[],[],"[""DEPLOYMENT UNKNOWN"", ""DID NOT DEPLOY""]","[""TEST NOT OFFERED""]","[""CHICAGO""]","[""2025-10-09T14:20:00.000""]","[""UNKNOWN""]","[""UNKNOWN""]",[],"[""IL""]","[""NONE""]",[],"[""O2166821"", ""O2166822""]","[""DRIVER""]","[""UNKNOWN""]","[""USAGE UNKNOWN""]","[""F"", ""M""]","[""IL""]","[""2065510"", ""2065516""]","[""60660""]",[],[],[],[],[],[],2025,10,14,9,False,afternoon,41.98,-87.67,41.98_-87.67,0.0,0,0,OTHER,0
STRAIGHT AND LEVEL,2412,2025-10-09 14:15:00,5,14,10,EA7176FCB898022CEC8383BEC6474917255F9AB8A16E06235BDB98BEDD8A948F33FEC8AEFB77F7E09F9A0F5C12F0718A0CDBECD401A8626D94FDBFB6E264CA56,NO INJURY / DRIVE AWAY,"$501 - $1,500",NO CONTROLS,FIXED OBJECT,41.9976770767,DAYLIGHT,-87.6992489782,1,15,"VISION OBSCURED (SIGNS, TREE LIMBS, BUILDINGS, ETC.)",NO DEFECTS,DRY,UNABLE TO DETERMINE,W,2750,NO CONTROLS,ALLEY,CLEAR,0.0,0.0,0.0,0.0,0.0,1.0,1,0,[],[],[],"[""2025-10-09T14:15:00.000""]","[""2166780""]","[""SIDE-RIGHT-FRONT""]","[""IL""]","[""FORD""]","[""TURNING RIGHT""]","[""EXPLORER""]","[""1""]","[""NW""]","[""1""]","[""DRIVER""]","[""NONE""]","[""2065474""]","[""SPORT UTILITY VEHICLE (SUV)""]","[""POLICE""]","[""2025""]","[""Y""]",[],[],[],[],[],[],[],[],[],[],[],[],[],[],[],[],"[""NOT APPLICABLE""]","[""TEST NOT OFFERED""]","[""CHICAGO""]","[""2025-10-09T14:15:00.000""]","[""UNKNOWN""]","[""OTHER""]",[],"[""IL""]","[""NONE""]",[],"[""O2166780""]","[""DRIVER""]","[""NORMAL""]","[""SAFETY BELT NOT USED""]","[""M""]","[""IL""]","[""2065474""]","[""60626""]",[],[],[],[],[],[],2025,10,14,9,False,afternoon,42.0,-87.7,42.0_-87.7,0.0,0,0,LIGHTING/VISIBILITY,0
STRAIGHT AND LEVEL,2512,2025-10-09 14:15:00,5,14,10,8F437B7BFA0EA92BA20F5CDDD7F2B761C044B68BE0E8AD339EE813AF85BEA67839A987850866E2FD2AE3842E197FBEB2BC3B1FB073F9762F28DB268E6AA8CECE,NO INJURY / DRIVE AWAY,"OVER $1,500",NO CONTROLS,REAR END,41.9237283237,DAYLIGHT,-87.7927766139,2,35,UNABLE TO DETERMINE,UNKNOWN,OTHER,UNABLE TO DETERMINE,W,6698,TRAFFIC SIGNAL,NOT DIVIDED,CLEAR,0.0,1.0,1.0,0.0,0.0,1.0,1,1,"[""Y""]",[],"[""Y""]","[""2025-10-09T14:15:00.000""]","[""2166789"", ""2166790""]","[""FRONT"", ""SIDE-RIGHT-REAR""]","[""IL""]","[""HONDA"", ""TOYOTA""]","[""STRAIGHT AHEAD""]","[""CAMRY"", ""CR-V""]","[""1""]","[""W""]","[""1"", ""2""]","[""DRIVER""]","[""UNKNOWN""]","[""2065479"", ""2065481""]","[""PASSENGER""]","[""PERSONAL""]","[""1997"", ""2017""]",[],[],"[""Y""]",[],[],"[""Y""]",[],[],[],[],[],[],[],[],"[""Y""]",[],['37'],"[""DEPLOYMENT UNKNOWN"", ""NOT APPLICABLE""]","[""TEST NOT OFFERED""]","[""CHICAGO""]","[""2025-10-09T14:15:00.000""]","[""UNKNOWN""]","[""UNKNOWN""]","[""D""]","[""IL""]","[""NONE""]","[""N/A"", ""REFUSED""]","[""O2166789"", ""O2166790""]","[""DRIVER""]","[""UNKNOWN""]","[""USAGE UNKNOWN""]","[""M"", ""X""]","[""IL""]","[""2065479"", ""2065481""]","[""60624""]","[""N/A""]",[],[],[],[],[],2025,10,14,9,False,afternoon,41.92,-87.79,41.92_-87.79,37.0,37,37,OTHER,0