alignment,beat_of_occurrence,crash_date,crash_day_of_week,crash_hour,crash_month,crash_record_id,crash_type,damage,device_condition,first_crash_type,latitude,lighting_condition,longitude,num_units,posted_speed_limit,prim_contributory_cause,road_defect,roadway_surface_cond,sec_contributory_cause,street_direction,street_no,traffic_control_device,trafficway_type,weather_condition,private_property_i,hit_and_run_i,intersection_related_i,crash_date_est_i,work_zone_i,workers_present_i,veh_count,ppl_count,veh_area_01_i_list_json,veh_area_02_i_list_json,veh_area_12_i_list_json,veh_crash_date_list_json,veh_crash_unit_id_list_json,veh_first_contact_point_list_json,veh_lic_plate_state_list_json,veh_make_list_json,veh_maneuver_list_json,veh_model_list_json,veh_occupant_cnt_list_json,veh_travel_direction_list_json,veh_unit_no_list_json,veh_unit_type_list_json,veh_vehicle_defect_list_json,veh_vehicle_id_list_json,veh_vehicle_type_list_json,veh_vehicle_use_list_json,veh_vehicle_year_list_json,veh_area_03_i_list_json,veh_area_04_i_list_json,veh_area_11_i_list_json,veh_towed_by_list_json,veh_towed_i_list_json,veh_area_07_i_list_json,veh_area_99_i_list_json,veh_area_09_i_list_json,veh_area_10_i_list_json,veh_cmrc_veh_i_list_json,veh_num_passengers_list_json,veh_area_08_i_list_json,veh_area_00_i_list_json,veh_area_05_i_list_json,veh_area_06_i_list_json,veh_towed_to_list_json,ppl_age_list_json,ppl_airbag_deployed_list_json,ppl_bac_result_list_json,ppl_city_list_json,ppl_crash_date_list_json,ppl_driver_action_list_json,ppl_driver_vision_list_json,ppl_drivers_license_class_list_json,ppl_drivers_license_state_list_json,ppl_ejection_list_json,ppl_hospital_list_json,ppl_person_id_list_json,ppl_person_type_list_json,ppl_physical_condition_list_json,ppl_safety_equipment_list_json,ppl_sex_list_json,ppl_state_list_json,ppl_vehicle_id_list_json,ppl_zipcode_list_json,ppl_ems_agency_list_json,ppl_seat_no_list_json,ppl_pedpedal_action_list_json,ppl_pedpedal_location_list_json,ppl_pedpedal_visibility_list_json,ppl_ems_run_no_list_json,year,month,hour,day,is_weekend,hour_bin,lat_bin,lng_bin,grid_id,ppl_age_mean,ppl_age_min,ppl_age_max,prim_contributory_cause_group,ksi_flag
STRAIGHT AND LEVEL,922,2025-10-09 14:15:00,5,14,10,0C9F385117F3494DB0E8866A6AA65EA970213C95848CDB3375E5F108D90FB8CA55E1F6A9DD1D48ADDE66EFEA6F281FFAF88E1680B136A669E888B57D3C526636,INJURY AND / OR TOW DUE TO CRASH,"$501 - $1,500",NO CONTROLS,PEDALCYCLIST,41.8083092273,DAYLIGHT,-87.6991568076,2,30,NOT APPLICABLE,WORN SURFACE,DRY,NOT APPLICABLE,W,3000,NO CONTROLS,OTHER,CLEAR,0.0,0.0,0.0,0.0,0.0,1.0,2,1,[],[],[],"[""2025-10-09T14:15:00.000""]","[""2166941"", ""2166942""]","[""UNKNOWN""]","[""IL""]","[""UNKNOWN""]","[""STRAIGHT AHEAD""]","[""OTHER (EXPLAIN IN NARRATIVE)""]","[""1""]","[""S""]","[""1"", ""2""]","[""BICYCLE"", ""DRIVER""]","[""UNKNOWN""]","[""2065620""]","[""PASSENGER""]","[""PERSONAL""]",[],[],[],[],[],[],[],[],[],[],[],[],[],[],[],[],[],['18'],"[""NOT APPLICABLE""]","[""TEST NOT OFFERED""]","[""CHICAGO""]","[""2025-10-09T14:15:00.000""]","[""NONE"", ""UNKNOWN""]","[""NOT OBSCURED"", ""OTHER""]",[],[],"[""NONE""]","[""ST. ANTHONY'S""]","[""O2166941"", ""O2166942""]","[""BICYCLE"", ""DRIVER""]","[""NORMAL"", ""UNKNOWN""]","[""HELMET NOT USED"", ""USAGE UNKNOWN""]","[""F"", ""M""]","[""IL""]","[""2065620""]","[""60632""]",[],[],"[""WITH TRAFFIC""]","[""IN ROADWAY""]","[""NO CONTRASTING CLOTHING""]",[],2025,10,14,9,False,afternoon,41.81,-87.7,41.81_-87.7,18.0,18,18,OTHER,1
STRAIGHT AND LEVEL,2521,2025-10-09 14:10:00,5,14,10,50D7C35C3FB574152D6C850A946AAFC1977ED7FF92D6E3478B96DC0ECF39A0A62BF01DAEA77BEF6FA85CA167C9E5F2EECC94EBA2593A9028C6A01EE41B313746,NO INJURY / DRIVE AWAY,"$501 - $1,500",NO CONTROLS,PARKED MOTOR VEHICLE,41.9316889194,DAYLIGHT,-87.7430169468,2,10,IMPROPER BACKING,NO DEFECTS,DRY,NOT APPLICABLE,W,4626,NO CONTROLS,PARKING LOT,CLEAR,0.0,0.0,0.0,0.0,0.0,1.0,2,1,[],[],[],"[""2025-10-09T14:10:00.000""]","[""2169583"", ""2169584""]","[""REAR"", ""REAR-LEFT-CORNER""]","[""IL""]","[""JEEP"", ""LINCOLN""]","[""BACKING"", ""PARKED""]","[""GRAND CHEROKEE"", ""TOWNCAR""]","[""0"", ""1""]","[""E"", ""UNKNOWN""]","[""1"", ""2""]","[""DRIVER"", ""PARKED""]","[""NONE"", ""UNKNOWN""]","[""2068130"", ""2068139""]","[""PASSENGER"", ""SPORT UTILITY VEHICLE (SUV)""]","[""NOT IN USE"", ""UNKNOWN/NA""]","[""2000"", ""2010""]",[],[],[],[],[],"[""Y""]","[""Y""]",[],[],[],[],[],[],[],"[""Y""]",[],['22'],"[""DID NOT DEPLOY""]","[""TEST NOT OFFERED""]","[""CHICAGO""]","[""2025-10-09T14:10:00.000""]","[""IMPROPER BACKING""]","[""UNKNOWN""]","[""D""]","[""IL""]","[""NONE""]",[],"[""O2169583""]","[""DRIVER""]","[""UNKNOWN""]","[""USAGE UNKNOWN""]","[""M""]","[""IL""]","[""2068130""]","[""60639""]",[],[],[],[],[],[],2025,10,14,9,False,afternoon,41.93,-87.74,41.93_-87.74,22.0,22,22,OTHER,0
STRAIGHT AND LEVEL,132,2025-10-09 14:10:00,5,14,10,AADF29BE8497D61D1C93AC696DAC935911CCF453F64BBA6BD5F738159E46AA47CAB79461FC1F5C68777B604BD9E006175F9FCE07E11E49AEF1ED2F833B0257A2,NO INJURY / DRIVE AWAY,"OVER $1,500",OTHER,TURNING,41.8673879139,DAYLIGHT,-87.6204910341,2,25,UNABLE TO DETERMINE,NO DEFECTS,DRY,UNABLE TO DETERMINE,S,1200,OTHER,FOUR WAY,CLEAR,0.0,0.0,0.0,0.0,0.0,1.0,1,3,"[""Y""]","[""Y""]","[""N""]","[""2025-10-09T14:10:00.000""]","[""2166858"", ""2166859""]","[""FRONT-LEFT-CORNER"", ""FRONT-RIGHT-CORNER""]","[""IL""]","[""BMW"", ""HYUNDAI""]","[""STRAIGHT AHEAD"", ""TURNING LEFT""]","[""TUCSON"", ""X5""]","[""1"", ""2""]","[""N"", ""W""]","[""1"", ""2""]","[""DRIVER""]","[""NONE""]","[""2065541"", ""2065550""]","[""SPORT UTILITY VEHICLE (SUV)""]","[""PERSONAL""]","[""2015"", ""2020""]",[],[],"[""Y""]",[],[],[],[],[],"[""Y""]",[],"[""1""]",[],[],[],[],[],"['20', '47', '73']","[""DID NOT DEPLOY"", ""NOT APPLICABLE""]","[""TEST NOT OFFERED""]","[""CHICAGO""]","[""2025-10-09T14:10:00.000""]","[""NONE"", ""OTHER""]","[""NOT OBSCURED"", ""UNKNOWN""]","[""D""]","[""IL""]","[""NONE""]",[],"[""O2166858"", ""O2166859"", ""P478111""]","[""DRIVER"", ""PASSENGER""]","[""NORMAL"", ""UNKNOWN""]","[""SAFETY BELT USED""]","[""F"", ""M""]","[""IL""]","[""2065541"", ""2065550""]","[""60464"", ""60608"", ""60651""]",[],"[""3""]",[],[],[],[],2025,10,14,9,False,afternoon,41.87,-87.62,41.87_-87.62,46.666666666666664,20,73,OTHER,0
STRAIGHT AND LEVEL,714,2025-10-09 14:06:00,5,14,10,5E4D031462602BFA2C1AC372B7A37989DABA878E26D0C9814E7A6552698759533E6C53B47B9127BB8866367BC06E6B1F38459DD907EEEAFB8C9FFBB8D2163B90,NO INJURY / DRIVE AWAY,"OVER $1,500",NO CONTROLS,TURNING,41.7866277167,DAYLIGHT,-87.6650438736,2,30,UNABLE TO DETERMINE,UNKNOWN,DRY,NOT APPLICABLE,W,1615,NO CONTROLS,NOT DIVIDED,CLEAR,0.0,1.0,0.0,0.0,0.0,1.0,1,2,[],[],[],"[""2025-10-09T14:06:00.000""]","[""2166837"", ""2166838""]","[""REAR-LEFT-CORNER"", ""REAR-RIGHT-CORNER""]","[""IL""]","[""BUICK"", ""TOYOTA""]","[""TURNING RIGHT"", ""UNKNOWN/NA""]","[""COROLLA"", ""ENCORE""]","[""1"", ""2""]","[""N"", ""W""]","[""1"", ""2""]","[""DRIVER""]","[""OTHER"", ""UNKNOWN""]","[""2065528"", ""2065540""]","[""PASSENGER""]","[""PERSONAL""]","[""2011"", ""2018""]",[],"[""Y""]",[],[],[],"[""N""]","[""Y""]",[],[],[],"[""1""]",[],[],"[""Y""]",[],[],"['15', '32']","[""DEPLOYMENT UNKNOWN"", ""NOT APPLICABLE""]","[""TEST NOT OFFERED""]","[""CHICAGO""]","[""2025-10-09T14:06:00.000""]","[""OTHER"", ""UNKNOWN""]","[""UNKNOWN""]",[],"[""IL""]","[""NONE""]",[],"[""O2166837"", ""O2166838"", ""P478106""]","[""DRIVER"", ""PASSENGER""]","[""NORMAL"", ""UNKNOWN""]","[""USAGE UNKNOWN""]","[""F""]","[""IL""]","[""2065528"", ""2065540""]","[""60636""]",[],"[""3""]",[],[],[],[],2025,10,14,9,False,afternoon,41.79,-87.67,41.79_-87.67,23.5,15,32,OTHER,0
STRAIGHT AND LEVEL,1235,2025-10-09 14:05:00,5,14,10,872F862D271837FCC60592D4ED291514E8D6CEC3AB86759968CDD58A1657ECB5D03B2483CD8289B5EA30756B98E241B4E94FB1FB2DA6210EF460A22C16AA3AFE,NO INJURY / DRIVE AWAY,"$501 - $1,500",NO CONTROLS,REAR END,41.8538589401,DAYLIGHT,-87.6466740732,2,30,FOLLOWING TOO CLOSELY,NO DEFECTS,DRY,FOLLOWING TOO CLOSELY,S,2110,NO CONTROLS,NOT DIVIDED,CLEAR,0.0,0.0,0.0,0.0,0.0,1.0,1,2,[],[],"[""Y""]","[""2025-10-09T14:05:00.000""]","[""2166805"", ""2166806""]","[""FRONT"", ""REAR""]","[""IL""]","[""FORD"", ""TOYOTA""]","[""SLOW/STOP IN TRAFFIC"", ""STRAIGHT AHEAD""]","[""ESCAPE"", ""OTHER (EXPLAIN IN NARRATIVE)""]","[""1""]","[""S""]","[""1"", ""2""]","[""DRIVER""]","[""UNKNOWN""]","[""2065495"", ""2065498""]","[""PASSENGER""]","[""PERSONAL""]","[""2009"", ""2022""]",[],[],[],[],[],[],[],[],[],[],[],[],[],[],"[""Y""]",[],"['18', '62']","[""DID NOT DEPLOY"", ""NOT APPLICABLE""]","[""TEST NOT OFFERED""]","[""CHICAGO"", ""CHICAGO HEIGHTS""]","[""2025-10-09T14:05:00.000""]","[""FAILED TO YIELD"", ""NONE""]","[""NOT OBSCURED""]","[""D""]","[""IL""]","[""NONE""]",[],"[""O2166805"", ""O2166806""]","[""DRIVER""]","[""NORMAL""]","[""SAFETY BELT USED""]","[""F"", ""M""]","[""IL""]","[""2065495"", ""2065498""]","[""60411"", ""60608""]",[],[],[],[],[],[],2025,10,14,9,False,afternoon,41.85,-87.65,41.85_-87.65,40.0,18,62,FOLLOWING TOO CLOSELY,0
STRAIGHT AND LEVEL,2512,2025-10-09 14:05:00,5,14,10,889DD191B997C8692BC84252271223EF99DF45846EF78A8BA68188C242A542737590BC6943CD1B3D8924626F77E8AE193DAB3E1A42513B6804FB5C75751C6869,NO INJURY / DRIVE AWAY,"OVER $1,500",NO CONTROLS,REAR TO FRONT,41.923750201,DAYLIGHT,-87.7898808596,2,10,IMPROPER BACKING,UNKNOWN,DRY,NOT APPLICABLE,W,6560,NO CONTROLS,PARKING LOT,CLEAR,1.0,0.0,0.0,0.0,0.0,1.0,1,2,[],[],"[""Y""]","[""2025-10-09T14:05:00.000""]","[""2166819"", ""2166820""]","[""FRONT"", ""REAR""]","[""IL""]","[""HONDA"", ""JEEP""]","[""BACKING"", ""SLOW/STOP IN TRAFFIC""]","[""COMMANDER"", ""PILOT""]","[""1""]","[""N"", ""S""]","[""1"", ""2""]","[""DRIVER""]","[""UNKNOWN""]","[""2065517"", ""2065527""]","[""SPORT UTILITY VEHICLE (SUV)""]","[""PERSONAL"", ""UNKNOWN/NA""]","[""2008"", ""2014""]",[],[],[],[],[],[],"[""Y""]",[],[],[],[],[],[],[],[],[],"['39', '48']","[""DID NOT DEPLOY""]","[""TEST NOT OFFERED""]","[""ELMWOOD PARK"", ""GLENVIEW""]","[""2025-10-09T14:05:00.000""]","[""IMPROPER BACKING"", ""OTHER""]","[""NOT OBSCURED"", ""UNKNOWN""]","[""D""]","[""IL""]","[""NONE""]",[],"[""O2166819"", ""O2166820""]","[""DRIVER""]","[""NORMAL"", ""UNKNOWN""]","[""SAFETY BELT USED"", ""USAGE UNKNOWN""]","[""F""]","[""IL""]","[""2065517"", ""2065527""]","[""60025"", ""60707""]",[],[],[],[],[],[],2025,10,14,9,False,afternoon,41.92,-87.79,41.92_-87.79,43.5,39,48,OTHER,0
STRAIGHT AND LEVEL,2234,2025-10-09 14:00:00,5,14,10,11EBECADBF1F99E5CD6C7A0164122D367029535D1E6C344335A263FA33D2776E2967D76C57EB66E3FAEC0D4FBB9AEC996945C9F16C752CD10CAF555A1340144E,NO INJURY / DRIVE AWAY,"OVER $1,500",NO CONTROLS,REAR TO SIDE,41.6775770806,DAYLIGHT,-87.6653430456,2,10,UNABLE TO DETERMINE,NO DEFECTS,DRY,NOT APPLICABLE,W,1738,NO CONTROLS,PARKING LOT,CLEAR,1.0,0.0,0.0,0.0,0.0,1.0,1,0,"[""Y""]","[""Y""]",[],"[""2025-10-09T14:00:00.000""]","[""2166795"", ""2166796""]","[""FRONT-RIGHT-CORNER"", ""REAR""]","[""IL"", ""OK""]","[""BMW"", ""NISSAN""]","[""BACKING"", ""STRAIGHT AHEAD""]","[""KICKS"", ""OTHER (EXPLAIN IN NARRATIVE)""]","[""1""]","[""UNKNOWN""]","[""1"", ""2""]","[""DRIVER""]","[""NONE""]","[""2065482"", ""2065486""]","[""PASSENGER"", ""SPORT UTILITY VEHICLE (SUV)""]","[""PERSONAL""]","[""2009"", ""2021""]",[],[],[],[],[],[],[],[],[],[],[],[],[],[],"[""Y""]",[],[],"[""NOT APPLICABLE""]","[""TEST NOT OFFERED""]","[""CHICAGO""]","[""2025-10-09T14:00:00.000""]","[""FAILED TO YIELD"", ""NONE""]","[""NOT OBSCURED""]","[""AM""]","[""IL"", ""OK""]","[""NONE""]",[],"[""O2166795"", ""O2166796""]","[""DRIVER""]","[""NORMAL""]","[""SAFETY BELT USED""]","[""F"", ""M""]","[""IL""]","[""2065482"", ""2065486""]","[""60628"", ""60643""]",[],[],[],[],[],[],2025,10,14,9,False,afternoon,41.68,-87.67,41.68_-87.67,0.0,0,0,OTHER,0
STRAIGHT AND LEVEL,914,2025-10-09 13:52:00,5,13,10,A21EB7DE7F3449B91B2EC9CF4E7A87FEF5BC8335F9FF3D6A61861D43F2BEF52531A3A98835EF5E6F8537AF855834165CA60C9F6111709C88DAC6624E3A56EC8B,NO INJURY / DRIVE AWAY,"$501 - $1,500",FUNCTIONING PROPERLY,REAR END,41.8538382216,"DARKNESS, LIGHTED ROAD",-87.6346110667,2,30,FOLLOWING TOO CLOSELY,NO DEFECTS,DRY,FOLLOWING TOO CLOSELY,S,2133,TRAFFIC SIGNAL,NOT DIVIDED,CLEAR,0.0,0.0,0.0,0.0,0.0,1.0,1,2,[],[],[],"[""2025-10-09T13:52:00.000""]","[""2166866"", ""2166867""]","[""FRONT"", ""REAR""]","[""IL""]","[""CHEVROLET"", ""TOYOTA""]","[""SLOW/STOP IN TRAFFIC""]","[""COROLLA"", ""MALIBU""]","[""1"", ""2""]","[""S""]","[""1"", ""2""]","[""DRIVER""]","[""NONE""]","[""2065559"", ""2065567""]","[""PASSENGER""]","[""PERSONAL""]","[""2013"", ""2022""]",[],[],[],[],[],[],[],[],[],[],"[""1""]",[],[],[],[],[],"['23', '24']","[""NOT APPLICABLE""]","[""TEST NOT OFFERED""]","[""ELK GROVE VILLAGE"", ""FORSYTH""]","[""2025-10-09T13:52:00.000""]","[""FOLLOWED TOO CLOSELY"", ""NONE""]","[""UNKNOWN""]","[""D""]","[""IL""]","[""NONE""]",[],"[""O2166866"", ""O2166867"", ""P478116""]","[""DRIVER"", ""PASSENGER""]","[""UNKNOWN""]","[""USAGE UNKNOWN""]","[""F"", ""M""]","[""IL""]","[""2065559"", ""2065567""]","[""60007"", ""62535""]",[],"[""3""]",[],[],[],[],2025,10,13,9,False,afternoon,41.85,-87.63,41.85_-87.63,23.5,23,24,FOLLOWING TOO CLOSELY,0
STRAIGHT AND LEVEL,614,2025-10-09 13:43:00,5,13,10,0242291806B2CC86BB35952EF9A6637DA748CFB25F5E8DCC62B350D93767854F1BF4E2D01E7727D9FF5DEB7BDF95401BDBEABC55AD731DAAD575A09DA3CC79E6,NO INJURY / DRIVE AWAY,"OVER $1,500",NO CONTROLS,FIXED OBJECT,41.7358851523,DAYLIGHT,-87.6641427166,1,30,UNABLE TO DETERMINE,NO DEFECTS,DRY,UNABLE TO DETERMINE,W,1626,NO CONTROLS,DIVIDED - W/MEDIAN (NOT RAISED),CLEAR,1.0,1.0,0.0,0.0,0.0,1.0,1,0,"[""Y""]","[""Y""]","[""Y""]","[""2025-10-09T13:43:00.000""]","[""2167452""]","[""FRONT""]","[""IL""]","[""FORD""]","[""STRAIGHT AHEAD""]","[""FUSION""]","[""1""]","[""W""]","[""1""]","[""DRIVER""]","[""UNKNOWN""]","[""2066106""]","[""PASSENGER""]","[""PERSONAL""]","[""2016""]","[""Y""]","[""N""]","[""Y""]",[],[],"[""N""]",[],"[""Y""]","[""Y""]",[],[],"[""N""]",[],"[""N""]",[],[],[],"[""DEPLOYMENT UNKNOWN""]","[""TEST NOT OFFERED""]",[],"[""2025-10-09T13:43:00.000""]","[""UNKNOWN""]","[""UNKNOWN""]",[],[],"[""NONE""]",[],"[""O2167452""]","[""DRIVER""]","[""UNKNOWN""]","[""USAGE UNKNOWN""]","[""F""]",[],"[""2066106""]",[],[],[],[],[],[],[],2025,10,13,9,False,afternoon,41.74,-87.66,41.74_-87.66,0.0,0,0,OTHER,0
STRAIGHT AND LEVEL,131,2025-10-09 13:30:00,5,13,10,DE333A3DA88C4DBF123CEF7CC2F7C06153E25198138A6553935EB233520420093BCA995D5C71BF67A1DA71E39E9279CD8AA7A127B157A3FF91DC1E194F91F96E,INJURY AND / OR TOW DUE TO CRASH,"$501 - $1,500",NO CONTROLS,REAR END,41.8569365436,DAYLIGHT,-87.6273229232,2,30,DISTRACTION - FROM INSIDE VEHICLE,NO DEFECTS,DRY,NOT APPLICABLE,S,1840,NO CONTROLS,NOT DIVIDED,CLEAR,0.0,0.0,0.0,0.0,0.0,1.0,1,2,[],[],"[""Y""]","[""2025-10-09T13:30:00.000""]","[""2166785"", ""2166786""]","[""FRONT"", ""REAR""]","[""IL""]","[""FREIGHTLINER CORPORATION"", ""VOLKSWAGEN""]","[""STRAIGHT AHEAD""]","[""FREIGHTLINER CORP."", ""OTHER (EXPLAIN IN NARRATIVE)""]","[""1""]","[""S""]","[""1"", ""2""]","[""DRIVER""]","[""NONE""]","[""2065488"", ""2065523""]","[""PASSENGER"", ""TRUCK - SINGLE UNIT""]","[""COMMERCIAL - SINGLE UNIT"", ""PERSONAL""]","[""2015"", ""2017""]",[],[],[],[],[],"[""N""]",[],[],[],"[""Y""]",[],[],[],[],"[""N""]",[],"['27', '50']","[""NOT APPLICABLE""]","[""TEST NOT OFFERED""]","[""CHICAGO"", ""LYONS""]","[""2025-10-09T13:30:00.000""]","[""NONE""]","[""NOT OBSCURED""]",[],"[""IL""]","[""NONE""]",[],"[""O2166785"", ""O2166786""]","[""DRIVER""]","[""NORMAL""]","[""SAFETY BELT USED""]","[""F"", ""M""]","[""IL""]","[""2065488"", ""2065523""]","[""60534"", ""60629""]",[],[],[],[],[],[],2025,10,13,9,False,afternoon,41.86,-87.63,41.86_-87.63,38.5,27,50,DISTRACTION/INATTENTION,1
STRAIGHT AND LEVEL,1923,2025-10-09 13:30:00,5,13,10,B1F4020785AC3CB3EF3F29978DEBC986C8E1FFE7E8FB95AAA7CA1B5B6235AD19E1CAABA5CE5DDA9D8E4C1116515704F17693E38F694A9DC39E166EFA84CE0088,NO INJURY / DRIVE AWAY,"OVER $1,500",NO CONTROLS,PARKED MOTOR VEHICLE,41.9480728436,DAYLIGHT,-87.6496570432,2,30,IMPROPER BACKING,NO DEFECTS,DRY,NOT APPLICABLE,N,3624,NO CONTROLS,PARKING LOT,CLEAR,0.0,0.0,0.0,0.0,0.0,1.0,2,1,[],[],[],"[""2025-10-09T13:30:00.000""]","[""2166793"", ""2166794""]","[""REAR-RIGHT-CORNER"", ""SIDE-LEFT-FRONT""]","[""IL""]","[""FORD"", ""INTERNATIONAL TRAILER CORPORATION""]","[""BACKING"", ""PARKED""]","[""OTHER (EXPLAIN IN NARRATIVE)"", ""TRANSIT""]","[""0"", ""1""]","[""E"", ""W""]","[""1"", ""2""]","[""DRIVER"", ""PARKED""]","[""NONE""]","[""2065489"", ""2065491""]","[""TRUCK - SINGLE UNIT"", ""VAN/MINI-VAN""]","[""OTHER""]","[""2019"", ""2023""]",[],[],"[""Y""]",[],[],[],[],[],"[""Y""]",[],[],[],"[""Y""]",[],[],[],['56'],"[""DID NOT DEPLOY""]","[""TEST NOT OFFERED""]","[""FOREST PARK""]","[""2025-10-09T13:30:00.000""]","[""IMPROPER BACKING""]","[""OTHER""]",[],"[""IL""]","[""NONE""]",[],"[""O2166793""]","[""DRIVER""]","[""NORMAL""]","[""SAFETY BELT USED""]","[""M""]","[""IL""]","[""2065489""]","[""60130""]",[],[],[],[],[],[],2025,10,13,9,False,afternoon,41.95,-87.65,41.95_-87.65,56.0,56,56,OTHER,0
STRAIGHT AND LEVEL,1233,2025-10-09 13:20:00,5,13,10,377A767930A0E0E028D956BBFC220FE988480092608E3596B96CD3F2FB01C47150238752DEB9524C71402E621840ACCC4077A2F8E0BBE1085A5C2D42E29E2697,NO INJURY / DRIVE AWAY,"OVER $1,500",NO CONTROLS,TURNING,41.8639642856,DAYLIGHT,-87.6735985811,2,25,FAILING TO YIELD RIGHT-OF-WAY,NO DEFECTS,DRY,DRIVING SKILLS/KNOWLEDGE/EXPERIENCE,W,1899,STOP SIGN/FLASHER,NOT DIVIDED,CLEAR,0.0,0.0,1.0,0.0,0.0,1.0,1,3,"[""Y""]","[""Y""]",[],"[""2025-10-09T13:20:00.000""]","[""2166781"", ""2166782""]","[""FRONT-LEFT-CORNER"", ""FRONT-RIGHT-CORNER""]","[""IL""]","[""CHEVROLET"", ""DODGE""]","[""STRAIGHT AHEAD"", ""TURNING LEFT""]","[""EQUINOX"", ""RAM 2500 VAN""]","[""1"", ""2""]","[""S"", ""SW""]","[""1"", ""2""]","[""DRIVER""]","[""NONE""]","[""2065477"", ""2065485""]","[""SPORT UTILITY VEHICLE (SUV)"", ""VAN/MINI-VAN""]","[""OTHER"", ""PERSONAL""]","[""2014"", ""2024""]",[],[],"[""Y""]",[],[],[],[],[],"[""Y""]",[],"[""1""]",[],[],[],[],[],"['11', '25', '31']","[""DID NOT DEPLOY""]","[""TEST NOT OFFERED""]","[""CHICAGO""]","[""2025-10-09T13:20:00.000""]","[""FAILED TO YIELD"", ""NONE""]","[""NOT OBSCURED""]","[""D""]","[""IL""]","[""NONE""]",[],"[""O2166781"", ""O2166782"", ""P478100""]","[""DRIVER"", ""PASSENGER""]","[""NORMAL""]","[""SAFETY BELT USED""]","[""F"", ""M""]","[""IL""]","[""2065477"", ""2065485""]","[""60608""]",[],"[""3""]",[],[],[],[],2025,10,13,9,False,afternoon,41.86,-87.67,41.86_-87.67,22.333333333333332,11,31,FAILURE-TO-YIELD,0
STRAIGHT AND LEVEL,122,2025-10-09 13:20:00,5,13,10,21C6E711EFBC001FFB43C586214E4D777EBFFE67C29D54BC4585A86F0019F8B3709DFF171E2EA513CA2C1B9910489AD415DAB171C2B5A9BFDEC48A860AB4D214,NO INJURY / DRIVE AWAY,"$501 - $1,500",NO CONTROLS,REAR END,41.8857846721,DAYLIGHT,-87.6355569245,2,30,FOLLOWING TOO CLOSELY,NO DEFECTS,DRY,FOLLOWING TOO CLOSELY,N,200,NO CONTROLS,ONE-WAY,CLEAR,0.0,0.0,0.0,0.0,0.0,1.0,1,3,"[""Y""]",[],[],"[""2025-10-09T13:20:00.000""]","[""2166768"", ""2166769""]","[""FRONT-RIGHT-CORNER"", ""SIDE-LEFT-REAR""]","[""IL""]","[""CHEVROLET"", ""FREIGHTLINER CORPORATION""]","[""MERGING"", ""STRAIGHT AHEAD""]","[""FREIGHTLINER CORP."", ""SILVERADO""]","[""1"", ""2""]","[""N""]","[""1"", ""2""]","[""DRIVER""]","[""NONE""]","[""2065458"", ""2065473""]","[""PICKUP"", ""TRACTOR W/ SEMI-TRAILER""]","[""COMMERCIAL - SINGLE UNIT"", ""PERSONAL""]","[""2013"", ""2015""]",[],[],[],[],[],"[""Y""]",[],[],[],[],"[""1""]",[],[],[],[],[],"['39', '47', '54']","[""NOT APPLICABLE""]","[""TEST NOT OFFERED""]","[""CHICAGO"", ""DES PLAINES""]","[""2025-10-09T13:20:00.000""]","[""NONE""]","[""NOT OBSCURED""]","[""AM"", ""D""]","[""IL""]","[""NONE""]",[],"[""O2166768"", ""O2166769"", ""P478099""]","[""DRIVER"", ""PASSENGER""]","[""NORMAL""]","[""USAGE UNKNOWN""]","[""M""]","[""IL""]","[""2065458"", ""2065473""]","[""60016"", ""60101"", ""60436""]",[],"[""3""]",[],[],[],[],2025,10,13,9,False,afternoon,41.89,-87.64,41.89_-87.64,46.666666666666664,39,54,FOLLOWING TOO CLOSELY,0
STRAIGHT AND LEVEL,725,2025-10-09 13:10:00,5,13,10,984416C92F54E6787A436E7A0FB083A2A782ED4B2E11F21D7DDE6E3B2161D0B66C935D584CAC1B97B4DD6BB67652EEC9464DDE9C2F1F763BB98771B9A46DB40F,NO INJURY / DRIVE AWAY,"$501 - $1,500",NO CONTROLS,TURNING,41.7722798967,DAYLIGHT,-87.6657366637,2,30,NOT APPLICABLE,NO DEFECTS,DRY,NOT APPLICABLE,W,1642,NO CONTROLS,NOT DIVIDED,CLEAR,0.0,1.0,0.0,0.0,0.0,1.0,1,1,[],"[""Y""]",[],"[""2025-10-09T13:10:00.000""]","[""2166797"", ""2166798""]","[""FRONT"", ""SIDE-RIGHT""]","[""IL""]","[""CHEVROLET"", ""UNKNOWN""]","[""STRAIGHT AHEAD"", ""TURNING LEFT""]","[""EQUINOX"", ""MOTORIZED""]","[""1""]","[""E"", ""W""]","[""1"", ""2""]","[""DRIVER""]","[""NONE"", ""UNKNOWN""]","[""2065490"", ""2065497""]","[""MOTORCYCLE (OVER 150CC)"", ""PASSENGER""]","[""PERSONAL""]","[""2013""]","[""Y""]","[""Y""]",[],[],[],[],[],[],[],[],[],[],[],[],[],[],['69'],"[""NOT APPLICABLE""]","[""TEST NOT OFFERED""]","[""CHICAGO""]","[""2025-10-09T13:10:00.000""]","[""NONE"", ""OTHER""]","[""NOT OBSCURED""]","[""D""]","[""IL""]","[""NONE""]",[],"[""O2166797"", ""O2166798""]","[""DRIVER""]","[""NORMAL""]","[""DOT COMPLIANT MOTORCYCLE HELMET"", ""NONE PRESENT""]","[""F"", ""M""]","[""IL""]","[""2065490"", ""2065497""]","[""60620""]",[],[],[],[],[],[],2025,10,13,9,False,afternoon,41.77,-87.67,41.77_-87.67,69.0,69,69,OTHER,0