alignment,beat_of_occurrence,crash_date,crash_day_of_week,crash_hour,crash_month,crash_record_id,crash_type,damage,device_condition,first_crash_type,latitude,lighting_condition,longitude,num_units,posted_speed_limit,prim_contributory_cause,road_defect,roadway_surface_cond,sec_contributory_cause,street_direction,street_no,traffic_control_device,trafficway_type,weather_condition,private_property_i,hit_and_run_i,intersection_related_i,crash_date_est_i,work_zone_i,workers_present_i,veh_count,ppl_count,veh_area_01_i_list_json,veh_area_02_i_list_json,veh_area_12_i_list_json,veh_crash_date_list_json,veh_crash_unit_id_list_json,veh_first_contact_point_list_json,veh_lic_plate_state_list_json,veh_make_list_json,veh_maneuver_list_json,veh_model_list_json,veh_occupant_cnt_list_json,veh_travel_direction_list_json,veh_unit_no_list_json,veh_unit_type_list_json,veh_vehicle_defect_list_json,veh_vehicle_id_list_json,veh_vehicle_type_list_json,veh_vehicle_use_list_json,veh_vehicle_year_list_json,veh_area_03_i_list_json,veh_area_04_i_list_json,veh_area_11_i_list_json,veh_towed_by_list_json,veh_towed_i_list_json,veh_area_07_i_list_json,veh_area_99_i_list_json,veh_area_09_i_list_json,veh_area_10_i_list_json,veh_cmrc_veh_i_list_json,veh_num_passengers_list_json,veh_area_08_i_list_json,veh_area_00_i_list_json,veh_area_05_i_list_json,veh_area_06_i_list_json,veh_towed_to_list_json,ppl_age_list_json,ppl_airbag_deployed_list_json,ppl_bac_result_list_json,ppl_city_list_json,ppl_crash_date_list_json,ppl_driver_action_list_json,ppl_driver_vision_list_json,ppl_drivers_license_class_list_json,ppl_drivers_license_state_list_json,ppl_ejection_list_json,ppl_hospital_list_json,ppl_person_id_list_json,ppl_person_type_list_json,ppl_physical_condition_list_json,ppl_safety_equipment_list_json,ppl_sex_list_json,ppl_state_list_json,ppl_vehicle_id_list_json,ppl_zipcode_list_json,ppl_ems_agency_list_json,ppl_seat_no_list_json,ppl_pedpedal_action_list_json,ppl_pedpedal_location_list_json,ppl_pedpedal_visibility_list_json,ppl_ems_run_no_list_json,year,month,hour,day,is_weekend,hour_bin,lat_bin,lng_bin,grid_id,ppl_age_mean,ppl_age_min,ppl_age_max,prim_contributory_cause_group,ksi_flag
STRAIGHT AND LEVEL,122,2025-10-09 13:07:00,5,13,10,6C45261E32836475281A666A49C80A0E5D07DF9F6724F3F95438371575B34A8925B3464DE89C1F80113A3EFE694026356F4665A6D10FDC608EA278E7E436CDB3,NO INJURY / DRIVE AWAY,"OVER $1,500",NO CONTROLS,SIDESWIPE SAME DIRECTION,41.8830942075,DAYLIGHT,-87.6357960825,2,25,IMPROPER LANE USAGE,NO DEFECTS,DRY,IMPROPER OVERTAKING/PASSING,W,315,NO CONTROLS,NOT DIVIDED,CLEAR,0.0,0.0,0.0,0.0,0.0,1.0,1,2,"[""Y""]","[""Y""]",[],"[""2025-10-09T13:07:00.000""]","[""2166896"", ""2166897""]","[""FRONT-RIGHT-CORNER"", ""REAR-LEFT-CORNER""]","[""IL""]","[""FORD""]","[""PASSING/OVERTAKING"", ""STRAIGHT AHEAD""]","[""FUSION"", ""TRANSIT""]","[""1""]","[""E""]","[""1"", ""2""]","[""DRIVER""]","[""NONE""]","[""2065579"", ""2065589""]","[""PASSENGER"", ""VAN/MINI-VAN""]","[""PERSONAL""]","[""2013"", ""2016""]",[],[],"[""N""]",[],[],"[""Y""]",[],[],[],[],[],[],[],[],[],[],"['32', '35']","[""DID NOT DEPLOY""]","[""TEST NOT OFFERED"", ""TEST REFUSED""]","[""CHICAGO"", ""NILES""]","[""2025-10-09T13:07:00.000""]","[""IMPROPER LANE CHANGE"", ""NONE""]","[""NOT OBSCURED"", ""UNKNOWN""]","[""D""]","[""IL""]","[""NONE""]",[],"[""O2166896"", ""O2166897""]","[""DRIVER""]","[""NORMAL"", ""UNKNOWN""]","[""SAFETY BELT USED"", ""USAGE UNKNOWN""]","[""F"", ""M""]","[""IL""]","[""2065579"", ""2065589""]","[""60639"", ""60714""]",[],[],[],[],[],[],2025,10,13,9,False,afternoon,41.88,-87.64,41.88_-87.64,33.5,32,35,OTHER,0
STRAIGHT AND LEVEL,1834,2025-10-09 13:00:00,5,13,10,9D255E6DFB009ACA76A541CC7AF69F428B7F5191D5FACE80B93B609FE3EAAF7BB04C7ACCF8DEACA50FEE5529AC6647E49CBAA9150D843B2CF045D6EFD0CE117C,NO INJURY / DRIVE AWAY,"OVER $1,500",NO CONTROLS,PARKED MOTOR VEHICLE,41.8940537138,DAYLIGHT,-87.6219261644,2,30,UNABLE TO DETERMINE,NO DEFECTS,DRY,NOT APPLICABLE,E,219,NO CONTROLS,NOT DIVIDED,CLEAR,0.0,0.0,0.0,0.0,0.0,1.0,2,1,[],[],[],"[""2025-10-09T13:00:00.000""]","[""2166776"", ""2166777""]","[""FRONT"", ""REAR""]","[""IL""]","[""HONDA"", ""TOYOTA""]","[""PARKED"", ""STRAIGHT AHEAD""]","[""CAMRY"", ""OTHER (EXPLAIN IN NARRATIVE)""]","[""0"", ""1""]","[""E""]","[""1"", ""2""]","[""DRIVER"", ""PARKED""]","[""NONE"", ""UNKNOWN""]","[""2065466"", ""2065471""]","[""PASSENGER""]","[""PERSONAL""]","[""2023""]",[],[],[],[],[],"[""Y""]","[""Y""]",[],[],[],[],[],[],"[""Y""]","[""Y""]",[],['74'],"[""NOT APPLICABLE""]","[""TEST NOT OFFERED""]","[""WESTERN SPRINGS""]","[""2025-10-09T13:00:00.000""]","[""UNKNOWN""]","[""UNKNOWN""]","[""D""]","[""IL""]","[""NONE""]",[],"[""O2166776""]","[""DRIVER""]","[""UNKNOWN""]","[""USAGE UNKNOWN""]","[""F""]","[""IL""]","[""2065471""]","[""60558""]",[],[],[],[],[],[],2025,10,13,9,False,afternoon,41.89,-87.62,41.89_-87.62,74.0,74,74,OTHER,0
STRAIGHT AND LEVEL,915,2025-10-09 13:00:00,5,13,10,7FFDFAF6F34D429F90EE1EB48FD4D4BC19B5F24C3332389417EE91D2196106BA9E43AE579AAB3995451A590CD5191982C67BDF9EFF780FEB75615383039EB83B,NO INJURY / DRIVE AWAY,"OVER $1,500",NO CONTROLS,TURNING,41.8292916636,DAYLIGHT,-87.6459259111,2,30,IMPROPER TURNING/NO SIGNAL,NO DEFECTS,DRY,NOT APPLICABLE,S,3549,NO CONTROLS,DIVIDED - W/MEDIAN (NOT RAISED),CLEAR,0.0,0.0,0.0,0.0,0.0,1.0,1,2,"[""Y""]","[""Y""]",[],"[""2025-10-09T13:00:00.000""]","[""2166753"", ""2166754""]","[""FRONT-LEFT-CORNER"", ""FRONT-RIGHT-CORNER""]","[""IL""]","[""AUDI"", ""BUICK""]","[""STRAIGHT AHEAD"", ""U-TURN""]","[""LACROSSE"", ""Q5""]","[""1""]","[""N"", ""SE""]","[""1"", ""2""]","[""DRIVER""]","[""NONE"", ""UNKNOWN""]","[""2065442"", ""2065445""]","[""PASSENGER"", ""SPORT UTILITY VEHICLE (SUV)""]","[""PERSONAL""]","[""2014"", ""2017""]",[],[],"[""Y""]",[],[],[],[],[],"[""Y""]",[],[],[],[],[],[],[],"['27', '61']","[""NOT APPLICABLE""]","[""TEST NOT OFFERED""]","[""CHICAGO""]","[""2025-10-09T13:00:00.000""]","[""IMPROPER TURN"", ""NONE""]","[""NOT OBSCURED"", ""UNKNOWN""]","[""D""]","[""IL""]","[""NONE""]","[""REFUSED""]","[""O2166753"", ""O2166754""]","[""DRIVER""]","[""NORMAL"", ""UNKNOWN""]","[""SAFETY BELT USED"", ""USAGE UNKNOWN""]","[""F""]","[""IL""]","[""2065442"", ""2065445""]","[""60609"", ""60643""]",[],[],[],[],[],[],2025,10,13,9,False,afternoon,41.83,-87.65,41.83_-87.65,44.0,27,61,OTHER,0
STRAIGHT AND LEVEL,522,2025-10-09 13:00:00,5,13,10,28D9AABE354AC7808537E6FA244C54AEA26EDF8B33C6A558D0C69EA068C96F42FA920237978914125D6C1E354B56918108C3B7BEC52700C64E5255BFF564B3DE,NO INJURY / DRIVE AWAY,"OVER $1,500",NO CONTROLS,PARKED MOTOR VEHICLE,41.6851359927,DAYLIGHT,-87.6266602575,2,25,UNABLE TO DETERMINE,NO DEFECTS,DRY,UNABLE TO DETERMINE,S,11500,NO CONTROLS,ONE-WAY,CLEAR,0.0,1.0,0.0,1.0,0.0,1.0,2,0,[],[],[],"[""2025-10-09T13:00:00.000""]","[""2171451"", ""2171452""]","[""SIDE-LEFT-REAR"", ""UNKNOWN""]","[""IL""]","[""BMW"", ""UNKNOWN""]","[""PARKED"", ""UNKNOWN/NA""]","[""OTHER (EXPLAIN IN NARRATIVE)""]","[""0"", ""1""]","[""N""]","[""1"", ""2""]","[""DRIVER"", ""PARKED""]","[""NONE"", ""UNKNOWN""]","[""2069917"", ""2069920""]","[""PASSENGER"", ""UNKNOWN/NA""]","[""PERSONAL"", ""UNKNOWN/NA""]","[""2019""]",[],[],[],[],[],[],"[""Y""]",[],[],[],[],[],[],[],[],[],[],"[""DEPLOYMENT UNKNOWN""]","[""TEST NOT OFFERED""]",[],"[""2025-10-09T13:00:00.000""]","[""UNKNOWN""]","[""UNKNOWN""]",[],[],"[""NONE""]",[],"[""O2171451""]","[""DRIVER""]","[""UNKNOWN""]","[""USAGE UNKNOWN""]","[""X""]",[],"[""2069917""]",[],[],[],[],[],[],[],2025,10,13,9,False,afternoon,41.69,-87.63,41.69_-87.63,0.0,0,0,OTHER,0
STRAIGHT AND LEVEL,931,2025-10-09 12:59:00,5,12,10,9FB4445B6494FA31839F7729EEF30A7483B270C2B64D56BC8ED4C2AB0E727BBF200617C7B0AFEA3EAC20C9BF7E6E842C21589E6A7B41A372C244CBA48A4EBA8D,INJURY AND / OR TOW DUE TO CRASH,"$501 - $1,500",NO CONTROLS,PEDALCYCLIST,41.8064073914,DAYLIGHT,-87.665058151,2,30,UNABLE TO DETERMINE,UNKNOWN,DRY,UNABLE TO DETERMINE,S,4810,NO CONTROLS,OTHER,CLEAR,0.0,0.0,0.0,0.0,0.0,1.0,2,2,[],[],[],"[""2025-10-09T12:59:00.000""]","[""2166778"", ""2166779""]","[""FRONT""]","[""IN""]","[""KIA""]","[""ENTER FROM DRIVE/ALLEY""]","[""SORENTO""]","[""1""]","[""E""]","[""1"", ""2""]","[""BICYCLE"", ""DRIVER""]","[""UNKNOWN""]","[""2065472""]","[""SPORT UTILITY VEHICLE (SUV)""]","[""UNKNOWN/NA""]","[""2019""]",[],[],[],[],[],[],"[""Y""]",[],[],[],[],[],[],[],[],[],"['20', '41']","[""DEPLOYMENT UNKNOWN""]","[""TEST NOT OFFERED""]","[""CHICAGO""]","[""2025-10-09T12:59:00.000""]","[""OTHER"", ""UNKNOWN""]","[""NOT OBSCURED"", ""UNKNOWN""]","[""D""]","[""IL""]","[""NONE""]","[""ST BERNARD""]","[""O2166778"", ""O2166779""]","[""BICYCLE"", ""DRIVER""]","[""NORMAL"", ""UNKNOWN""]","[""HELMET NOT USED"", ""USAGE UNKNOWN""]","[""F"", ""M""]","[""IL""]","[""2065472""]","[""60632"", ""60636""]","[""CFD""]",[],"[""OTHER ACTION""]","[""NOT IN ROADWAY""]","[""NO CONTRASTING CLOTHING""]",[],2025,10,12,9,False,morning,41.81,-87.67,41.81_-87.67,30.5,20,41,OTHER,1
STRAIGHT AND LEVEL,2223,2025-10-09 12:45:00,5,12,10,4D1834289C8358C3B4B8D61ED7B4B2F2504DFB5DC6A80B1A51511BE2918B4A2C0E46FC4FD5E77C5BF8D0429668381064D219E21C74DA615A17ACBB81F7CB3DCB,NO INJURY / DRIVE AWAY,"OVER $1,500",FUNCTIONING PROPERLY,SIDESWIPE SAME DIRECTION,41.7357852665,DAYLIGHT,-87.6437588296,2,30,FAILING TO YIELD RIGHT-OF-WAY,NO DEFECTS,DRY,"OPERATING VEHICLE IN ERRATIC, RECKLESS, CARELESS, NEGLIGENT OR AGGRESSIVE MANNER",S,8700,TRAFFIC SIGNAL,DIVIDED - W/MEDIAN BARRIER,CLEAR,0.0,0.0,1.0,0.0,0.0,1.0,1,2,[],[],[],"[""2025-10-09T12:45:00.000""]","[""2166733"", ""2166734""]","[""SIDE-LEFT-FRONT"", ""SIDE-RIGHT""]","[""IL""]","[""CHEVROLET"", ""HONDA""]","[""CHANGING LANES"", ""STRAIGHT AHEAD""]","[""CIVIC"", ""EQUINOX""]","[""1"", ""2""]","[""E""]","[""1"", ""2""]","[""DRIVER""]","[""NONE""]","[""2065423"", ""2065425""]","[""PASSENGER"", ""SPORT UTILITY VEHICLE (SUV)""]","[""PERSONAL""]","[""2006"", ""2019""]","[""Y""]",[],[],[],[],[],[],[],"[""Y""]",[],"[""1""]",[],[],[],[],[],"['48', '49']","[""DID NOT DEPLOY""]","[""TEST NOT OFFERED""]","[""CHICAGO""]","[""2025-10-09T12:45:00.000""]","[""NONE"", ""OTHER""]","[""NOT OBSCURED""]","[""D""]","[""IL""]","[""NONE""]",[],"[""O2166733"", ""O2166734"", ""P478091""]","[""DRIVER"", ""PASSENGER""]","[""NORMAL""]","[""SAFETY BELT USED"", ""USAGE UNKNOWN""]","[""F"", ""M""]","[""IL""]","[""2065423"", ""2065425""]","[""60619""]",[],"[""3""]",[],[],[],[],2025,10,12,9,False,morning,41.74,-87.64,41.74_-87.64,48.5,48,49,FAILURE-TO-YIELD,0
STRAIGHT AND LEVEL,924,2025-10-09 12:42:00,5,12,10,038BF077D62A97929887A8C1BF3ECDCAA2F7DD0C3489723C0AEAC86C5A3118D8C5AFFE159BDED582C0B7A9B51F7B9F0F72315F5B5E70D4D3AECB421DD20A1A3F,NO INJURY / DRIVE AWAY,"OVER $1,500",FUNCTIONING PROPERLY,TURNING,41.8159170062,DAYLIGHT,-87.6723897727,2,30,IMPROPER TURNING/NO SIGNAL,NO DEFECTS,DRY,NOT APPLICABLE,W,1898,STOP SIGN/FLASHER,NOT DIVIDED,CLEAR,0.0,0.0,1.0,0.0,0.0,1.0,1,2,[],[],"[""Y""]","[""2025-10-09T12:42:00.000""]","[""2166770"", ""2166771""]","[""FRONT-LEFT-CORNER"", ""FRONT-RIGHT-CORNER""]","[""IL""]","[""CHEVROLET"", ""TOYOTA""]","[""STRAIGHT AHEAD"", ""TURNING LEFT""]","[""CAMRY"", ""SILVERADO""]","[""1""]","[""E"", ""W""]","[""1"", ""2""]","[""DRIVER""]","[""NONE"", ""OTHER""]","[""2065461"", ""2065468""]","[""PASSENGER""]","[""PERSONAL""]","[""2011"", ""2019""]",[],[],"[""Y""]",[],[],[],[],[],[],[],[],[],[],[],[],[],"['40', '58']","[""DID NOT DEPLOY""]","[""TEST NOT OFFERED""]","[""CHICAGO""]","[""2025-10-09T12:42:00.000""]","[""UNKNOWN""]","[""NOT OBSCURED"", ""UNKNOWN""]","[""A""]","[""IL""]","[""NONE""]",[],"[""O2166770"", ""O2166771""]","[""DRIVER""]","[""NORMAL""]","[""USAGE UNKNOWN""]","[""M""]","[""IL""]","[""2065461"", ""2065468""]","[""60629""]",[],[],[],[],[],[],2025,10,12,9,False,morning,41.82,-87.67,41.82_-87.67,49.0,40,58,OTHER,0
STRAIGHT AND LEVEL,2522,2025-10-09 12:42:00,5,12,10,934AE950FEFFB808A580709CD7519C246CE86328F08C9CADD2005E0C20F87ABFE8F191195D9903F2F7D7370CCC4589E6F4B9B180C1E04AB6D230633FE976FB9B,INJURY AND / OR TOW DUE TO CRASH,"OVER $1,500",FUNCTIONING PROPERLY,REAR END,41.9188002149,DAYLIGHT,-87.7463166161,2,30,UNABLE TO DETERMINE,NO DEFECTS,DRY,NOT APPLICABLE,N,2100,TRAFFIC SIGNAL,NOT DIVIDED,CLEAR,0.0,0.0,0.0,0.0,0.0,1.0,1,3,[],[],[],"[""2025-10-09T12:42:00.000""]","[""2166745"", ""2166746""]","[""FRONT"", ""REAR""]","[""IL""]","[""FREIGHTLINER CORPORATION"", ""NISSAN""]","[""STRAIGHT AHEAD"", ""UNKNOWN/NA""]","[""ALTIMA"", ""FREIGHTLINER CORP.""]","[""1"", ""3""]","[""S""]","[""1"", ""2""]","[""DRIVER""]","[""UNKNOWN""]","[""2065435"", ""2065441""]","[""PASSENGER"", ""TRUCK - SINGLE UNIT""]","[""COMMERCIAL - SINGLE UNIT"", ""UNKNOWN/NA""]","[""2015"", ""2018""]",[],"[""Y""]","[""Y""]",[],[],[],[],[],[],[],"[""2""]",[],[],"[""Y""]","[""Y""]",[],"['37', '41', '58']","[""DID NOT DEPLOY""]","[""TEST NOT OFFERED""]","[""CHICAGO"", ""WHEELING""]","[""2025-10-09T12:42:00.000""]","[""UNKNOWN""]","[""UNKNOWN""]","[""B"", ""D""]","[""IL""]","[""NONE""]","[""DECLINED"", ""UNKNOWN HOSP""]","[""O2166745"", ""O2166746"", ""P478093"", ""P478094""]","[""DRIVER"", ""PASSENGER""]","[""NORMAL""]","[""USAGE UNKNOWN""]","[""F"", ""M""]","[""IL""]","[""2065435"", ""2065441""]","[""60090"", ""60624""]","[""CFD"", ""CFD #07/63""]","[""3"", ""6""]",[],[],[],[],2025,10,12,9,False,morning,41.92,-87.75,41.92_-87.75,45.333333333333336,37,58,OTHER,1
STRAIGHT AND LEVEL,622,2025-10-09 12:36:00,5,12,10,04B3DFD3747B312676857FBF26E20A7F53020AA591A2971AD5A87998A703CA520B52A6B7D0693FE2B4E5099EE54B2FE2D6E654E105F56FF029A05B330A642078,INJURY AND / OR TOW DUE TO CRASH,"OVER $1,500",NO CONTROLS,ANGLE,41.7455447864,DAYLIGHT,-87.6268309903,2,30,UNABLE TO DETERMINE,UNKNOWN,DRY,UNABLE TO DETERMINE,W,98,NO CONTROLS,NOT DIVIDED,CLEAR,0.0,0.0,1.0,0.0,0.0,1.0,1,2,"[""Y""]","[""Y""]","[""Y""]","[""2025-10-09T12:36:00.000""]","[""2166762"", ""2166763""]","[""FRONT"", ""FRONT-RIGHT-CORNER""]","[""IL""]","[""DODGE"", ""TOYOTA""]","[""STRAIGHT AHEAD""]","[""CHARGER"", ""SIENNA""]","[""1""]","[""N"", ""W""]","[""1"", ""2""]","[""DRIVER""]","[""UNKNOWN""]","[""2065450"", ""2065454""]","[""PASSENGER""]","[""PERSONAL""]","[""2019""]","[""Y""]",[],"[""Y""]",[],[],[],"[""Y""]","[""Y""]","[""Y""]",[],[],[],[],[],[],[],"['33', '36']","[""NOT APPLICABLE""]","[""TEST NOT OFFERED""]","[""CHICAGO""]","[""2025-10-09T12:36:00.000""]","[""UNKNOWN""]","[""UNKNOWN""]","[""D""]","[""IL""]","[""NONE""]",[],"[""O2166762"", ""O2166763""]","[""DRIVER""]","[""NORMAL""]","[""USAGE UNKNOWN""]","[""M""]","[""IL""]","[""2065450"", ""2065454""]","[""60600"", ""60620""]",[],[],[],[],[],[],2025,10,12,9,False,morning,41.75,-87.63,41.75_-87.63,34.5,33,36,OTHER,1
STRAIGHT AND LEVEL,1434,2025-10-09 12:30:00,5,12,10,BD81A21BAEF56FF1A5D38B944FA237616B065859B19E10BE5CB31AC7CC745B78DEBF47D91E51C26C6B3B7D58D852C7114CA0FDC26FA68853906BADBB7BB7B1EF,NO INJURY / DRIVE AWAY,"OVER $1,500",NO CONTROLS,PARKED MOTOR VEHICLE,41.9152811527,DAYLIGHT,-87.6818113927,2,30,IMPROPER TURNING/NO SIGNAL,NO DEFECTS,DRY,NOT APPLICABLE,W,2145,NO CONTROLS,ALLEY,CLEAR,0.0,0.0,0.0,0.0,0.0,1.0,2,1,[],[],"[""N""]","[""2025-10-09T12:30:00.000""]","[""2166741"", ""2166742""]","[""FRONT"", ""SIDE-LEFT-REAR""]","[""IL""]","[""BUICK"", ""CCC (CRAIN CARRIER)""]","[""PARKED"", ""TURNING LEFT""]","[""CCC (CRAIN CARRIER)"", ""REGAL""]","[""0"", ""1""]","[""E"", ""S""]","[""1"", ""2""]","[""DRIVER"", ""PARKED""]","[""NONE"", ""UNKNOWN""]","[""2065436"", ""2065439""]","[""OTHER"", ""PASSENGER""]","[""NOT IN USE"", ""OTHER""]","[""2003"", ""2017""]",[],[],[],[],[],[],[],"[""Y""]",[],[],[],"[""Y""]","[""Y""]",[],[],[],['33'],"[""NOT APPLICABLE""]","[""TEST NOT OFFERED""]","[""CHICAGO""]","[""2025-10-09T12:30:00.000""]","[""IMPROPER TURN""]","[""NOT OBSCURED""]","[""A""]","[""IL""]","[""NONE""]",[],"[""O2166741""]","[""DRIVER""]","[""NORMAL""]","[""NONE PRESENT""]","[""M""]","[""IL""]","[""2065436""]","[""60649""]",[],[],[],[],[],[],2025,10,12,9,False,morning,41.92,-87.68,41.92_-87.68,33.0,33,33,OTHER,0
STRAIGHT AND LEVEL,925,2025-10-09 12:30:00,5,12,10,0627F63458ADE8DDD8F71CEA996EB636FAFE73EEFE679348A30DD7A6401DCC7506BCA4526C19A14B2195F707AC9F05A5BC4E884E57629BA8715DE6A05E2B4422,NO INJURY / DRIVE AWAY,"OVER $1,500",NO CONTROLS,PARKED MOTOR VEHICLE,41.8110882897,DAYLIGHT,-87.6550616414,3,10,DRIVING SKILLS/KNOWLEDGE/EXPERIENCE,NO DEFECTS,DRY,NOT APPLICABLE,S,4545,NO CONTROLS,OTHER,CLEAR,0.0,0.0,0.0,0.0,0.0,1.0,2,1,[],[],[],"[""2025-10-09T12:30:00.000""]","[""2166759"", ""2166760"", ""2166761""]","[""FRONT-LEFT-CORNER"", ""REAR-RIGHT-CORNER"", ""SIDE-LEFT-FRONT""]","[""IL"", ""OK""]","[""CHEVROLET"", ""FREIGHTLINER CORPORATION"", ""HYUNDAI""]","[""PARKED IN TRAFFIC LANE"", ""TURNING LEFT""]","[""EXPRESS"", ""FREIGHTLINER CORP."", ""SONATA""]","[""0"", ""1""]","[""S"", ""UNKNOWN"", ""W""]","[""1"", ""2"", ""3""]","[""DRIVER"", ""PARKED""]","[""NONE""]","[""2065446"", ""2065455"", ""2065462""]","[""PASSENGER"", ""TRACTOR W/ SEMI-TRAILER"", ""VAN/MINI-VAN""]","[""COMMERCIAL - MULTI-UNIT"", ""PERSONAL""]","[""2011"", ""2014"", ""2022""]",[],[],"[""Y""]",[],[],[],[],[],[],"[""Y""]",[],[],[],"[""Y""]",[],[],['25'],"[""NOT APPLICABLE""]","[""TEST NOT OFFERED""]","[""CHICAGO""]","[""2025-10-09T12:30:00.000""]","[""IMPROPER TURN""]","[""NOT OBSCURED""]","[""A""]","[""IL""]","[""NONE""]",[],"[""O2166759""]","[""DRIVER""]","[""NORMAL""]","[""USAGE UNKNOWN""]","[""M""]","[""IL""]","[""2065446""]","[""60628""]",[],[],[],[],[],[],2025,10,12,9,False,morning,41.81,-87.66,41.81_-87.66,25.0,25,25,OTHER,0
STRAIGHT AND LEVEL,1723,2025-10-09 12:30:00,5,12,10,4FBFF6EF10ACC3FF58E88C901E13B5B24F1F47A69994DAEA7AE90F7B7A2DDFEE38BB19FCEA3ECD7D14C5D55571F50E3D062868902366E739BD1F9BC18A97D343,NO INJURY / DRIVE AWAY,"OVER $1,500",NO CONTROLS,PARKED MOTOR VEHICLE,41.957215556,DAYLIGHT,-87.7143881355,4,25,UNABLE TO DETERMINE,NO DEFECTS,DRY,UNABLE TO DETERMINE,N,4152,NO CONTROLS,ONE-WAY,CLEAR,0.0,1.0,0.0,0.0,0.0,1.0,2,0,"[""Y""]","[""Y""]","[""Y""]","[""2025-10-09T12:30:00.000""]","[""2166749"", ""2166750"", ""2166751"", ""2166752""]","[""REAR"", ""REAR-RIGHT-CORNER"", ""UNKNOWN""]","[""IL"", ""WI""]","[""DODGE"", ""HONDA"", ""NISSAN"", ""TOYOTA""]","[""PARKED"", ""UNKNOWN/NA""]","[""CARAVAN"", ""CIVIC"", ""COROLLA"", ""MURANO""]","[""0"", ""1""]","[""N""]","[""1"", ""2"", ""3"", ""4""]","[""DRIVER"", ""PARKED""]","[""UNKNOWN""]","[""2065443"", ""2065452"", ""2065464"", ""2065470""]","[""PASSENGER"", ""SPORT UTILITY VEHICLE (SUV)"", ""VAN/MINI-VAN""]","[""UNKNOWN/NA""]","[""2006"", ""2009"", ""2013"", ""2014""]","[""Y""]","[""Y""]","[""Y""]",[],[],[],[],[],[],[],[],[],[],"[""Y""]","[""Y""]",[],[],"[""DEPLOYMENT UNKNOWN""]","[""TEST NOT OFFERED""]",[],"[""2025-10-09T12:30:00.000""]","[""OTHER""]","[""UNKNOWN""]",[],[],"[""NONE""]",[],"[""O2166749""]","[""DRIVER""]","[""UNKNOWN""]","[""USAGE UNKNOWN""]","[""X""]",[],"[""2065443""]",[],[],[],[],[],[],[],2025,10,12,9,False,morning,41.96,-87.71,41.96_-87.71,0.0,0,0,OTHER,0
STRAIGHT AND LEVEL,1011,2025-10-09 12:15:00,5,12,10,0C941AD2316B3A72F0D44B2F18F2410D34E31ED013FCCFDAC66F81410B7736110C06803BF99693C7100D2A237E33E0AF2816057300C0B023FA36569F113C90BF,NO INJURY / DRIVE AWAY,"OVER $1,500",FUNCTIONING PROPERLY,SIDESWIPE SAME DIRECTION,41.8660827491,DAYLIGHT,-87.7250123343,2,30,UNABLE TO DETERMINE,NO DEFECTS,DRY,UNABLE TO DETERMINE,S,1201,TRAFFIC SIGNAL,FOUR WAY,CLEAR,0.0,1.0,1.0,0.0,0.0,1.0,1,1,"[""Y""]","[""Y""]","[""Y""]","[""2025-10-09T12:15:00.000""]","[""2169549"", ""2169550""]","[""FRONT-RIGHT-CORNER"", ""REAR-LEFT-CORNER""]","[""IL""]","[""BLUE BIRD BODY COMPANY"", ""CHRYSLER""]","[""CHANGING LANES"", ""SLOW/STOP IN TRAFFIC""]","[""BLUE BIRD BODY CO."", ""OTHER (EXPLAIN IN NARRATIVE)""]","[""1""]","[""N""]","[""1"", ""2""]","[""DRIVER""]","[""NONE"", ""UNKNOWN""]","[""2068095"", ""2068102""]","[""BUS OVER 15 PASS."", ""PASSENGER""]","[""PERSONAL"", ""SCHOOL BUS""]","[""2013"", ""2014""]",[],[],[],[],[],"[""Y""]",[],[],[],[],[],"[""Y""]",[],[],"[""Y""]",[],['28'],"[""DEPLOYMENT UNKNOWN"", ""DID NOT DEPLOY""]","[""TEST NOT OFFERED""]","[""CHICAGO""]","[""2025-10-09T12:15:00.000""]","[""IMPROPER LANE CHANGE"", ""NONE""]","[""UNKNOWN""]","[""B""]","[""IL""]","[""NONE""]","[""NONE"", ""UNK""]","[""O2169549"", ""O2169550""]","[""DRIVER""]","[""UNKNOWN""]","[""SAFETY BELT USED"", ""USAGE UNKNOWN""]","[""F"", ""X""]","[""IL""]","[""2068095"", ""2068102""]","[""60624""]",[],[],[],[],[],[],2025,10,12,9,False,morning,41.87,-87.73,41.87_-87.73,28.0,28,28,OTHER,0
STRAIGHT AND LEVEL,1434,2025-10-09 12:15:00,5,12,10,D84FA00C98BCEC4756E743A9EF140EDEB8F3EEBFD1399C995EAC58CA3E0BE3B1EB3267EFED3770F0859928B11BDE612DB8E1F8FEBB956EE844FCF4D85D2C61DB,NO INJURY / DRIVE AWAY,"OVER $1,500",FUNCTIONING PROPERLY,REAR END,41.9175471208,DAYLIGHT,-87.6826372777,2,30,DRIVING SKILLS/KNOWLEDGE/EXPERIENCE,NO DEFECTS,DRY,NOT APPLICABLE,W,2201,TRAFFIC SIGNAL,T-INTERSECTION,CLEAR,0.0,1.0,0.0,0.0,0.0,1.0,1,1,[],[],[],"[""2025-10-09T12:15:00.000""]","[""2166737"", ""2166738""]","[""FRONT"", ""REAR""]","[""IL""]","[""FORD"", ""TOYOTA""]","[""STRAIGHT AHEAD""]","[""CAMRY"", ""FUSION""]","[""1""]","[""E""]","[""1"", ""2""]","[""DRIVER""]","[""UNKNOWN""]","[""2065426"", ""2065428""]","[""PASSENGER""]","[""PERSONAL""]","[""2017""]",[],[],[],[],[],"[""Y""]",[],[],[],[],[],[],[],"[""Y""]","[""Y""]",[],['19'],"[""NOT APPLICABLE""]","[""TEST NOT OFFERED""]","[""LOCKPORT""]","[""2025-10-09T12:15:00.000""]","[""OTHER""]","[""UNKNOWN""]","[""D""]","[""IL""]","[""NONE""]",[],"[""O2166737"", ""O2166738""]","[""DRIVER""]","[""NORMAL"", ""UNKNOWN""]","[""USAGE UNKNOWN""]","[""M""]","[""IL""]","[""2065426"", ""2065428""]","[""60441""]",[],[],[],[],[],[],2025,10,12,9,False,morning,41.92,-87.68,41.92_-87.68,19.0,19,19,OTHER,0