alignment,beat_of_occurrence,crash_date,crash_day_of_week,crash_hour,crash_month,crash_record_id,crash_type,damage,device_condition,first_crash_type,latitude,lighting_condition,longitude,num_units,posted_speed_limit,prim_contributory_cause,road_defect,roadway_surface_cond,sec_contributory_cause,street_direction,street_no,traffic_control_device,trafficway_type,weather_condition,private_property_i,hit_and_run_i,intersection_related_i,crash_date_est_i,work_zone_i,workers_present_i,veh_count,ppl_count,veh_area_01_i_list_json,veh_area_02_i_list_json,veh_area_12_i_list_json,veh_crash_date_list_json,veh_crash_unit_id_list_json,veh_first_contact_point_list_json,veh_lic_plate_state_list_json,veh_make_list_json,veh_maneuver_list_json,veh_model_list_json,veh_occupant_cnt_list_json,veh_travel_direction_list_json,veh_unit_no_list_json,veh_unit_type_list_json,veh_vehicle_defect_list_json,veh_vehicle_id_list_json,veh_vehicle_type_list_json,veh_vehicle_use_list_json,veh_vehicle_year_list_json,veh_area_03_i_list_json,veh_area_04_i_list_json,veh_area_11_i_list_json,veh_towed_by_list_json,veh_towed_i_list_json,veh_area_07_i_list_json,veh_area_99_i_list_json,veh_area_09_i_list_json,veh_area_10_i_list_json,veh_cmrc_veh_i_list_json,veh_num_passengers_list_json,veh_area_08_i_list_json,veh_area_00_i_list_json,veh_area_05_i_list_json,veh_area_06_i_list_json,veh_towed_to_list_json,ppl_age_list_json,ppl_airbag_deployed_list_json,ppl_bac_result_list_json,ppl_city_list_json,ppl_crash_date_list_json,ppl_driver_action_list_json,ppl_driver_vision_list_json,ppl_drivers_license_class_list_json,ppl_drivers_license_state_list_json,ppl_ejection_list_json,ppl_hospital_list_json,ppl_person_id_list_json,ppl_person_type_list_json,ppl_physical_condition_list_json,ppl_safety_equipment_list_json,ppl_sex_list_json,ppl_state_list_json,ppl_vehicle_id_list_json,ppl_zipcode_list_json,ppl_ems_agency_list_json,ppl_seat_no_list_json,ppl_pedpedal_action_list_json,ppl_pedpedal_location_list_json,ppl_pedpedal_visibility_list_json,ppl_ems_run_no_list_json,year,month,hour,day,is_weekend,hour_bin,lat_bin,lng_bin,grid_id,ppl_age_mean,ppl_age_min,ppl_age_max,prim_contributory_cause_group,ksi_flag
STRAIGHT AND LEVEL,715,2025-10-09 12:08:00,5,12,10,EC6354783FBC46575C46942790DC7D4BF22072EB9C18862E12E4D2AD6B4AD3E8E9538FCE8F1409912A1FF6806048B1F66D0C93F02A9452DFEB067865B12602CD,INJURY AND / OR TOW DUE TO CRASH,"OVER $1,500",FUNCTIONING PROPERLY,ANGLE,41.7935901159,DAYLIGHT,-87.6647209959,2,30,NOT APPLICABLE,NO DEFECTS,DRY,NOT APPLICABLE,S,5500,TRAFFIC SIGNAL,DIVIDED - W/MEDIAN (NOT RAISED),CLEAR,0.0,1.0,1.0,0.0,0.0,1.0,1,3,"[""Y""]",[],"[""Y""]","[""2025-10-09T12:08:00.000""]","[""2166755"", ""2166756""]","[""FRONT"", ""FRONT-RIGHT-CORNER""]","[""FL"", ""IL""]","[""FORD"", ""KIA""]","[""STRAIGHT AHEAD""]","[""ESCAPE"", ""OPTIMA / K5""]","[""1"", ""3""]","[""N"", ""W""]","[""1"", ""2""]","[""DRIVER""]","[""UNKNOWN""]","[""2065453"", ""2065460""]","[""PASSENGER""]","[""PERSONAL"", ""UNKNOWN/NA""]","[""2014"", ""2016""]",[],[],"[""N"", ""Y""]","[""PRIVATE""]","[""Y""]",[],"[""Y""]",[],[],[],"[""2""]",[],[],[],[],"[""UNK""]","['32', '78', '89']","[""DEPLOYMENT UNKNOWN""]","[""TEST NOT OFFERED""]","[""CHICAGO""]","[""2025-10-09T12:08:00.000""]","[""OTHER""]","[""UNKNOWN""]","[""D""]","[""IL""]","[""UNKNOWN""]",[],"[""O2166755"", ""O2166756"", ""P478096"", ""P478097""]","[""DRIVER"", ""PASSENGER""]","[""NORMAL"", ""UNKNOWN""]","[""SAFETY BELT USED"", ""USAGE UNKNOWN""]","[""F"", ""M""]","[""IL""]","[""2065453"", ""2065460""]","[""60619""]",[],"[""3"", ""6""]",[],[],[],[],2025,10,12,9,False,morning,41.79,-87.66,41.79_-87.66,66.33333333333333,32,89,OTHER,0
STRAIGHT AND LEVEL,1524,2025-10-09 12:00:00,5,12,10,8F4206208A601709E6308ACB2B5C6D0486A7D9FE68943F39A7F424CFA47B1833ABDC06124649DEA898D958D747A6F34961127953E5F6232F7EF7AF9A0E5CEDA8,NO INJURY / DRIVE AWAY,"OVER $1,500",NO CONTROLS,PARKED MOTOR VEHICLE,41.8912505694,DAYLIGHT,-87.7593508054,2,25,UNABLE TO DETERMINE,NO DEFECTS,DRY,UNABLE TO DETERMINE,N,600,NO CONTROLS,ONE-WAY,CLEAR,0.0,1.0,0.0,0.0,0.0,1.0,2,0,"[""Y""]","[""Y""]","[""Y""]","[""2025-10-09T12:00:00.000""]","[""2166901"", ""2166902""]","[""SIDE-RIGHT-FRONT"", ""UNKNOWN""]",[],"[""NISSAN"", ""UNKNOWN""]","[""PARKED"", ""UNKNOWN/NA""]","[""ALTIMA"", ""MOTORIZED""]","[""0"", ""1""]","[""S""]","[""1"", ""2""]","[""DRIVER"", ""PARKED""]","[""NONE"", ""UNKNOWN""]","[""2065582"", ""2065624""]","[""PASSENGER"", ""UNKNOWN/NA""]","[""PERSONAL"", ""UNKNOWN/NA""]","[""2014""]",[],[],[],[],[],[],"[""Y""]",[],[],[],[],[],[],[],[],[],[],"[""DID NOT DEPLOY""]","[""TEST NOT OFFERED""]",[],"[""2025-10-09T12:00:00.000""]","[""UNKNOWN""]","[""UNKNOWN""]",[],[],"[""NONE""]",[],"[""O2166901""]","[""DRIVER""]","[""UNKNOWN""]","[""USAGE UNKNOWN""]","[""X""]",[],"[""2065582""]",[],[],[],[],[],[],[],2025,10,12,9,False,morning,41.89,-87.76,41.89_-87.76,0.0,0,0,OTHER,0
STRAIGHT AND LEVEL,511,2025-10-09 11:55:00,5,11,10,82B70EE6D477968E08BF97685B720ECBFD8F06EA7D03294E8F39E0AAE05B6E667D00984237FEDC905B7F8C32114405461FC7E27042AE8A28FB85153DD4832904,NO INJURY / DRIVE AWAY,"OVER $1,500",NO CONTROLS,REAR TO FRONT,41.722195988,DAYLIGHT,-87.5905058523,2,25,IMPROPER BACKING,NO DEFECTS,DRY,NOT APPLICABLE,S,9501,NO CONTROLS,NOT DIVIDED,CLEAR,0.0,0.0,1.0,0.0,0.0,1.0,1,0,[],[],"[""Y""]","[""2025-10-09T11:55:00.000""]","[""2170634"", ""2170635""]","[""FRONT"", ""REAR""]","[""IL"", ""OK""]","[""CHEVROLET"", ""UNKNOWN""]","[""BACKING"", ""SLOW/STOP IN TRAFFIC""]","[""OTHER (EXPLAIN IN NARRATIVE)"", ""TRAX""]","[""1""]","[""N"", ""S""]","[""1"", ""2""]","[""DRIVER""]","[""NONE"", ""UNKNOWN""]","[""2069133"", ""2069136""]","[""SPORT UTILITY VEHICLE (SUV)"", ""TRACTOR W/ SEMI-TRAILER""]","[""OTHER"", ""PERSONAL""]","[""2025"", ""2026""]",[],[],[],[],[],[],"[""Y""]",[],[],[],[],[],[],[],[],[],[],"[""NOT APPLICABLE""]","[""TEST NOT OFFERED""]","[""CHATTANOOGA"", ""CHICAGO""]","[""2025-10-09T11:55:00.000""]","[""IMPROPER BACKING"", ""NONE""]","[""NOT OBSCURED"", ""UNKNOWN""]",[],"[""IL"", ""TN""]","[""NONE""]",[],"[""O2170634"", ""O2170635""]","[""DRIVER""]","[""NORMAL"", ""UNKNOWN""]","[""SAFETY BELT USED"", ""USAGE UNKNOWN""]","[""F""]","[""IL""]","[""2069133"", ""2069136""]","[""37421"", ""60628""]",[],[],[],[],[],[],2025,10,11,9,False,morning,41.72,-87.59,41.72_-87.59,0.0,0,0,OTHER,0
STRAIGHT AND LEVEL,932,2025-10-09 11:50:00,5,11,10,239F22C8E95EE94B535FAEAB3C5F31C5484AEDC9B9E55DE13FF756E3BD150EE3B746C880DF20D93F8245957556BC4CC635165306AE05540059D129B0557B363E,NO INJURY / DRIVE AWAY,"OVER $1,500",NO CONTROLS,FIXED OBJECT,41.7987280738,DAYLIGHT,-87.6827903919,1,30,UNABLE TO DETERMINE,NO DEFECTS,DRY,UNABLE TO DETERMINE,W,2323,NO CONTROLS,DIVIDED - W/MEDIAN (NOT RAISED),CLEAR,0.0,0.0,0.0,0.0,0.0,1.0,1,1,[],[],[],"[""2025-10-09T11:50:00.000""]","[""2167334""]","[""SIDE-RIGHT-REAR""]","[""IL""]","[""FORD""]","[""TURNING RIGHT""]","[""E-TRANSIT""]","[""1""]","[""S""]","[""1""]","[""DRIVER""]","[""NONE""]","[""2065992""]","[""VAN/MINI-VAN""]","[""COMMERCIAL - SINGLE UNIT""]","[""2022""]",[],"[""Y""]",[],[],[],[],[],[],[],[],[],[],[],"[""Y""]",[],[],['57'],"[""NOT APPLICABLE""]","[""TEST NOT OFFERED""]","[""CHICAGO""]","[""2025-10-09T11:50:00.000""]","[""NONE""]","[""NOT OBSCURED""]","[""D""]","[""IL""]","[""NONE""]","[""DNA""]","[""O2167334""]","[""DRIVER""]","[""NORMAL""]","[""NONE PRESENT""]","[""M""]","[""IL""]","[""2065992""]","[""60641""]","[""DNA""]",[],[],[],[],[],2025,10,11,9,False,morning,41.8,-87.68,41.8_-87.68,57.0,57,57,OTHER,0
STRAIGHT AND LEVEL,821,2025-10-09 11:45:00,5,11,10,51D1FBE6F7B595D33ACEE81BC540DA24DBD77E068F25EBB1BA46822FFF7961EEC90389C5C44E3F6A7FA2450F2FA4B1E91C90C751E76C8CC199BAB19FCB5EBC8C,NO INJURY / DRIVE AWAY,"OVER $1,500",FUNCTIONING PROPERLY,ANGLE,41.8091956094,DAYLIGHT,-87.7124554253,2,30,UNABLE TO DETERMINE,NO DEFECTS,DRY,UNABLE TO DETERMINE,S,4640,STOP SIGN/FLASHER,T-INTERSECTION,CLEAR,0.0,0.0,1.0,0.0,0.0,1.0,1,2,"[""Y""]","[""Y""]","[""Y""]","[""2025-10-09T11:45:00.000""]","[""2166723"", ""2166724""]","[""FRONT-RIGHT-CORNER"", ""SIDE-RIGHT""]","[""IL""]","[""NISSAN"", ""VOLKSWAGEN""]","[""STRAIGHT AHEAD""]","[""JETTA"", ""SENTRA""]","[""1""]","[""N"", ""W""]","[""1"", ""2""]","[""DRIVER""]","[""NONE""]","[""2065412"", ""2065416""]","[""PASSENGER""]","[""PERSONAL""]","[""2016"", ""2025""]","[""Y""]","[""Y""]",[],[],[],[],[],[],[],[],[],[],[],[],[],[],"['17', '63']","[""DEPLOYED, SIDE"", ""DID NOT DEPLOY""]","[""TEST NOT OFFERED""]","[""CHICAGO"", ""OAK LAWN""]","[""2025-10-09T11:45:00.000""]","[""NONE""]","[""NOT OBSCURED""]","[""D""]","[""IL""]","[""NONE""]","[""REFUSED""]","[""O2166723"", ""O2166724""]","[""DRIVER""]","[""NORMAL""]","[""SAFETY BELT USED""]","[""M""]","[""IL""]","[""2065412"", ""2065416""]","[""60453"", ""60632""]",[],[],[],[],[],[],2025,10,11,9,False,morning,41.81,-87.71,41.81_-87.71,40.0,17,63,OTHER,0
STRAIGHT ON GRADE,1215,2025-10-09 11:36:00,5,11,10,4AE7C13BCEBBAE93475C93111AA9FC300266B20D7591528EAC9189BF5811660A3E93E289AD85A4CB1AF461F04B84BA5E4DB8D2ED4156DF36BEC6DB942C7A3908,INJURY AND / OR TOW DUE TO CRASH,"OVER $1,500",FUNCTIONING PROPERLY,ANGLE,41.8899960018,DAYLIGHT,-87.6671603665,2,30,FAILING TO YIELD RIGHT-OF-WAY,NO DEFECTS,DRY,NOT APPLICABLE,W,1600,STOP SIGN/FLASHER,DIVIDED - W/MEDIAN BARRIER,CLEAR,0.0,0.0,1.0,0.0,0.0,1.0,1,2,"[""Y""]",[],"[""Y""]","[""2025-10-09T11:36:00.000""]","[""2166714"", ""2166715""]","[""FRONT"", ""SIDE-RIGHT""]","[""IL""]","[""BMW"", ""NISSAN""]","[""STRAIGHT AHEAD""]","[""OTHER (EXPLAIN IN NARRATIVE)"", ""SENTRA""]","[""1""]","[""S"", ""W""]","[""1"", ""2""]","[""DRIVER""]","[""UNKNOWN""]","[""2065411"", ""2065456""]","[""PASSENGER""]","[""PERSONAL""]","[""2015"", ""2024""]","[""Y""]","[""Y""]","[""Y""]",[],"[""Y""]",[],[],[],[],[],[],[],[],[],[],[],"['28', '45']","[""DEPLOYED, SIDE"", ""DID NOT DEPLOY""]","[""TEST NOT OFFERED""]","[""CHICAGO""]","[""2025-10-09T11:36:00.000""]","[""FAILED TO YIELD"", ""NONE""]","[""UNKNOWN""]","[""D""]","[""IL""]","[""NONE""]","[""ST MARY OF NAZARETH""]","[""O2166714"", ""O2166715""]","[""DRIVER""]","[""NORMAL""]","[""SAFETY BELT USED""]","[""F""]","[""IL""]","[""2065411"", ""2065456""]","[""60607"", ""60629""]","[""CFD AMB 53""]",[],[],[],[],[],2025,10,11,9,False,morning,41.89,-87.67,41.89_-87.67,36.5,28,45,FAILURE-TO-YIELD,1
STRAIGHT AND LEVEL,1925,2025-10-09 11:30:00,5,11,10,5C1A1141C2F0339AAE992688CC75976F351F255F81E590A3B7DC64CDE1A674B197B9B8F1E80B95DFC1B83EAC4E6F3D2AC265C79657778A6DC5182DE9EA2172F4,NO INJURY / DRIVE AWAY,"OVER $1,500",FUNCTIONING PROPERLY,TURNING,41.9409091633,DAYLIGHT,-87.63936916,2,30,UNABLE TO DETERMINE,NO DEFECTS,DRY,NOT APPLICABLE,N,3200,TRAFFIC SIGNAL,NOT DIVIDED,CLEAR,0.0,0.0,0.0,0.0,0.0,1.0,1,2,[],[],[],"[""2025-10-09T11:30:00.000""]","[""2167370"", ""2167371""]","[""FRONT-LEFT-CORNER"", ""SIDE-RIGHT""]","[""IL""]","[""AUDI"", ""VOLKSWAGEN""]","[""TURNING RIGHT""]","[""JETTA"", ""OTHER (EXPLAIN IN NARRATIVE)""]","[""1""]","[""S""]","[""1"", ""2""]","[""DRIVER""]","[""NONE""]","[""2066015"", ""2066016""]","[""PASSENGER""]","[""PERSONAL""]","[""2019"", ""2020""]","[""Y""]","[""Y""]","[""Y""]",[],[],[],[],[],"[""Y""]",[],[],[],[],"[""Y""]",[],[],"['29', '34']","[""DID NOT DEPLOY""]","[""TEST NOT OFFERED""]","[""CHICAGO""]","[""2025-10-09T11:30:00.000""]","[""NONE""]","[""NOT OBSCURED""]",[],"[""IL""]","[""NONE""]",[],"[""O2167370"", ""O2167371""]","[""DRIVER""]","[""NORMAL""]","[""SAFETY BELT USED""]","[""F"", ""M""]","[""IL""]","[""2066015"", ""2066016""]","[""60640"", ""60660""]",[],[],[],[],[],[],2025,10,11,9,False,morning,41.94,-87.64,41.94_-87.64,31.5,29,34,OTHER,0
STRAIGHT AND LEVEL,711,2025-10-09 11:30:00,5,11,10,F786491A474ABD5E7628CFEC6B6BB2E43CCF7F3109CEAFD85E8B6388621B64371DB1A6A8B6C66D580781F2279BD34E26C4D95758EEF53DF1614B43D082DFAB48,NO INJURY / DRIVE AWAY,"$501 - $1,500",FUNCTIONING PROPERLY,SIDESWIPE SAME DIRECTION,41.7798609771,DAYLIGHT,-87.6447319199,2,30,UNABLE TO DETERMINE,NO DEFECTS,DRY,UNABLE TO DETERMINE,W,748,TRAFFIC SIGNAL,NOT DIVIDED,CLEAR,0.0,0.0,0.0,0.0,0.0,1.0,1,2,[],[],[],"[""2025-10-09T11:30:00.000""]","[""2166710"", ""2166711""]","[""REAR-LEFT-CORNER"", ""SIDE-RIGHT-REAR""]","[""IL"", ""IN""]","[""CHEVROLET"", ""JEEP""]","[""CHANGING LANES"", ""SLOW/STOP IN TRAFFIC""]","[""COMPASS"", ""MALIBU""]","[""1""]","[""W""]","[""1"", ""2""]","[""DRIVER""]","[""UNKNOWN""]","[""2065402"", ""2065406""]","[""PASSENGER""]","[""PERSONAL""]","[""2014"", ""2024""]","[""Y""]","[""Y""]",[],[],[],"[""Y""]",[],[],[],[],[],"[""Y""]",[],"[""Y""]",[],[],"['31', '70']","[""NOT APPLICABLE""]","[""TEST NOT OFFERED""]","[""CHICAGO""]","[""2025-10-09T11:30:00.000""]","[""NONE"", ""OTHER""]","[""NOT OBSCURED""]","[""D""]","[""IL""]","[""NONE""]",[],"[""O2166710"", ""O2166711""]","[""DRIVER""]","[""NORMAL""]","[""USAGE UNKNOWN""]","[""M""]","[""IL""]","[""2065402"", ""2065406""]","[""60620"", ""60621""]",[],[],[],[],[],[],2025,10,11,9,False,morning,41.78,-87.64,41.78_-87.64,50.5,31,70,OTHER,0
STRAIGHT AND LEVEL,734,2025-10-09 11:30:00,5,11,10,605F198DB922B4356227AF44BD0FC7D34CB703A4430AD54BD731482B24340D4D75A83B4877D77A49C92CD36E7F38C599F64F18F0028E6B15D218B26614D40A90,INJURY AND / OR TOW DUE TO CRASH,"$501 - $1,500",FUNCTIONING PROPERLY,TURNING,41.7684665914,DAYLIGHT,-87.6637456,2,30,IMPROPER TURNING/NO SIGNAL,NO DEFECTS,DRY,FAILING TO REDUCE SPEED TO AVOID CRASH,S,6901,TRAFFIC SIGNAL,NOT DIVIDED,CLEAR,0.0,0.0,0.0,0.0,0.0,1.0,1,3,"[""Y""]",[],[],"[""2025-10-09T11:30:00.000""]","[""2166731"", ""2166732""]","[""FRONT-RIGHT-CORNER"", ""SIDE-LEFT""]","[""IL""]","[""MACK TRUCKS, INC."", ""TOYOTA""]","[""STRAIGHT AHEAD"", ""TURNING LEFT""]","[""CAMRY"", ""OTHER (EXPLAIN IN NARRATIVE)""]","[""1"", ""2""]","[""N""]","[""1"", ""2""]","[""DRIVER""]","[""NONE""]","[""2065424"", ""2065438""]","[""PASSENGER"", ""TRACTOR W/ SEMI-TRAILER""]","[""OTHER""]","[""2025""]",[],[],[],[],[],[],[],"[""Y""]","[""Y""]","[""Y""]","[""1""]",[],"[""Y""]",[],[],[],"['26', '39', '41']","[""NOT APPLICABLE""]","[""TEST NOT OFFERED""]","[""CHICAGO"", ""HINSDALE"", ""NORTHFIELD""]","[""2025-10-09T11:30:00.000""]","[""IMPROPER TURN"", ""NONE""]","[""NOT OBSCURED"", ""UNKNOWN""]","[""A"", ""D""]","[""IL""]","[""NONE""]","[""HOLY CROSS""]","[""O2166731"", ""O2166732"", ""P478092""]","[""DRIVER"", ""PASSENGER""]","[""NORMAL""]","[""USAGE UNKNOWN""]","[""F"", ""M""]","[""IL""]","[""2065424"", ""2065438""]","[""60093"", ""60521"", ""60637""]","[""CFD""]","[""6""]",[],[],[],[],2025,10,11,9,False,morning,41.77,-87.66,41.77_-87.66,35.333333333333336,26,41,OTHER,1
STRAIGHT AND LEVEL,1134,2025-10-09 11:20:00,5,11,10,AB74DDE33DCA3493180C37F94BA0D30C3A8B13C2DB03C7DFE516F81CBAF4BCA49832808D1DF75637E47885855E0AEDED036221791F4D0D49169986E4C309154A,NO INJURY / DRIVE AWAY,"OVER $1,500",NO CONTROLS,TURNING,41.8672270777,DAYLIGHT,-87.7058393029,2,20,UNABLE TO DETERMINE,NO DEFECTS,DRY,UNABLE TO DETERMINE,S,1132,NO CONTROLS,NOT DIVIDED,CLEAR,0.0,0.0,0.0,0.0,0.0,1.0,1,2,"[""Y""]",[],[],"[""2025-10-09T11:20:00.000""]","[""2166719"", ""2166720""]","[""FRONT-RIGHT-CORNER"", ""REAR-LEFT-CORNER""]","[""IL""]","[""DODGE"", ""JEEP""]","[""STRAIGHT AHEAD"", ""TURNING RIGHT""]","[""JEEP"", ""JOURNEY""]","[""1""]","[""E""]","[""1"", ""2""]","[""DRIVER""]","[""NONE""]","[""2065408"", ""2065413""]","[""PASSENGER""]","[""PERSONAL""]","[""2016"", ""2018""]",[],[],[],[],[],"[""Y""]",[],[],[],[],[],[],[],[],[],[],"['33', '44']","[""DID NOT DEPLOY"", ""NOT APPLICABLE""]","[""TEST NOT OFFERED""]","[""CHICAGO""]","[""2025-10-09T11:20:00.000""]","[""NONE"", ""UNKNOWN""]","[""NOT OBSCURED""]","[""D""]","[""IL""]","[""NONE""]",[],"[""O2166719"", ""O2166720""]","[""DRIVER""]","[""NORMAL""]","[""SAFETY BELT USED""]","[""M""]","[""IL""]","[""2065408"", ""2065413""]","[""60612"", ""60624""]",[],[],[],[],[],[],2025,10,11,9,False,morning,41.87,-87.71,41.87_-87.71,38.5,33,44,OTHER,0
STRAIGHT AND LEVEL,632,2025-10-09 11:20:00,5,11,10,6BB88DF54E92ABA327746EAF85EB4937CC9AE69139EF8096140EE2ACCBCA41DE1BA7590F2D7F29A09684143354F7B7BE865E111C23A8E18E440AD8264A54871C,NO INJURY / DRIVE AWAY,"$501 - $1,500",FUNCTIONING PROPERLY,REAR END,41.7366450112,DAYLIGHT,-87.6123378674,2,25,DRIVING SKILLS/KNOWLEDGE/EXPERIENCE,NO DEFECTS,DRY,NOT APPLICABLE,E,456,TRAFFIC SIGNAL,NOT DIVIDED,CLEAR,0.0,0.0,1.0,0.0,0.0,1.0,1,2,[],[],[],"[""2025-10-09T11:20:00.000""]","[""2166725"", ""2166726""]","[""FRONT"", ""REAR""]","[""IL""]","[""CHEVROLET""]","[""STRAIGHT AHEAD""]","[""MALIBU"", ""VAN""]","[""1"", ""2""]","[""W""]","[""1"", ""2""]","[""DRIVER""]","[""NONE"", ""UNKNOWN""]","[""2065414"", ""2065419""]","[""PASSENGER"", ""VAN/MINI-VAN""]","[""PERSONAL""]","[""2018"", ""2022""]",[],[],[],[],[],[],[],[],[],[],"[""1""]",[],[],[],"[""Y""]",[],"['31', '51']","[""DID NOT DEPLOY""]","[""TEST NOT OFFERED""]","[""CHICAGO""]","[""2025-10-09T11:20:00.000""]","[""NONE"", ""OTHER""]","[""NOT OBSCURED"", ""UNKNOWN""]","[""D""]","[""IL""]","[""NONE""]",[],"[""O2166725"", ""O2166726"", ""P478088""]","[""DRIVER"", ""PASSENGER""]","[""NORMAL"", ""UNKNOWN""]","[""USAGE UNKNOWN""]","[""M""]","[""IL""]","[""2065414"", ""2065419""]","[""60607"", ""60649""]",[],"[""2""]",[],[],[],[],2025,10,11,9,False,morning,41.74,-87.61,41.74_-87.61,41.0,31,51,OTHER,0
STRAIGHT AND LEVEL,1834,2025-10-09 11:20:00,5,11,10,C1919F03DFD4C268BE1B820960E02B59400A7FDE617A40CD998EEE22BF14F8BE0A33CDE7F64BFC31884E8B5E61C0ECF7EA0E7FD20257B405ED7CAB87D945C5F4,NO INJURY / DRIVE AWAY,"OVER $1,500",NO CONTROLS,SIDESWIPE SAME DIRECTION,41.8927155909,DAYLIGHT,-87.6240443336,2,30,UNABLE TO DETERMINE,NO DEFECTS,DRY,UNABLE TO DETERMINE,N,605,NO CONTROLS,DIVIDED - W/MEDIAN BARRIER,CLEAR,0.0,0.0,0.0,0.0,0.0,1.0,1,2,"[""Y""]","[""Y""]",[],"[""2025-10-09T11:20:00.000""]","[""2166757"", ""2166758""]","[""FRONT-RIGHT-CORNER"", ""SIDE-LEFT""]","[""IL"", ""IN""]","[""CHEVROLET"", ""FORD""]","[""CHANGING LANES"", ""STRAIGHT AHEAD""]","[""CAMARO"", ""EXPEDITION""]","[""1"", ""2""]","[""N""]","[""1"", ""2""]","[""DRIVER""]","[""NONE""]","[""2065449"", ""2065459""]","[""PASSENGER"", ""SPORT UTILITY VEHICLE (SUV)""]","[""PERSONAL""]","[""2011"", ""2024""]",[],[],[],[],[],"[""Y""]",[],"[""Y""]","[""Y""]",[],"[""1""]","[""Y""]",[],[],[],[],"['50', '63']","[""DID NOT DEPLOY""]","[""TEST NOT OFFERED""]","[""CHICAGO"", ""PORTAGE""]","[""2025-10-09T11:20:00.000""]","[""NONE"", ""UNKNOWN""]","[""UNKNOWN""]","[""D""]","[""IL"", ""IN""]","[""NONE""]",[],"[""O2166757"", ""O2166758"", ""P478098""]","[""DRIVER"", ""PASSENGER""]","[""NORMAL""]","[""SAFETY BELT USED""]","[""M""]","[""IL"", ""IN""]","[""2065449"", ""2065459""]","[""46368"", ""60630""]",[],"[""3""]",[],[],[],[],2025,10,11,9,False,morning,41.89,-87.62,41.89_-87.62,56.5,50,63,OTHER,0
STRAIGHT AND LEVEL,1624,2025-10-09 11:16:00,5,11,10,EBE8F71E1E794C305F32491F24F126A995F6D91A12F9EFD84AA94A5E30F917A57D56B7A9AF57673ED539E94E4460086B6FCECC4FD4C6010EC762DD6FA51F0E5D,NO INJURY / DRIVE AWAY,"$501 - $1,500",NO CONTROLS,PARKED MOTOR VEHICLE,41.9605236243,DAYLIGHT,-87.7541381521,2,30,DRIVING SKILLS/KNOWLEDGE/EXPERIENCE,UNKNOWN,DRY,DRIVING SKILLS/KNOWLEDGE/EXPERIENCE,W,5043,NO CONTROLS,NOT DIVIDED,CLEAR,0.0,0.0,0.0,0.0,0.0,1.0,2,1,"[""Y""]","[""Y""]",[],"[""2025-10-09T11:16:00.000""]","[""2167358"", ""2167359""]","[""FRONT-RIGHT-CORNER"", ""SIDE-RIGHT""]","[""IL""]","[""CHEVROLET"", ""SUZUKI""]","[""ENTERING TRAFFIC LANE FROM PARKING"", ""PARKED""]","[""MOTORCYCLE"", ""TRUCK""]","[""0"", ""1""]","[""E""]","[""1"", ""2""]","[""DRIVER"", ""PARKED""]","[""UNKNOWN""]","[""2066005"", ""2066006""]","[""MOTORCYCLE (OVER 150CC)"", ""PICKUP""]","[""NOT IN USE"", ""PERSONAL""]","[""2019"", ""2021""]","[""Y""]","[""Y""]",[],[],[],[],[],[],[],[],[],[],[],"[""Y""]",[],[],['35'],"[""DID NOT DEPLOY""]","[""TEST NOT OFFERED""]","[""CHICAGO""]","[""2025-10-09T11:16:00.000""]","[""IMPROPER PARKING""]","[""UNKNOWN""]","[""D""]","[""IL""]","[""NONE""]",[],"[""O2167358""]","[""DRIVER""]","[""NORMAL""]","[""SAFETY BELT USED""]","[""M""]","[""IL""]","[""2066005""]","[""60629""]",[],[],[],[],[],[],2025,10,11,9,False,morning,41.96,-87.75,41.96_-87.75,35.0,35,35,OTHER,0
STRAIGHT AND LEVEL,411,2025-10-09 11:15:00,5,11,10,82E7757374E90B741BB4638242848FC55F1F3921C4B06D1E07FFFC15B8CED73D94C0E5D90FCE69FEAEBA81D2965B659A39E6DC7E824177868CFB4D9BC8042AB7,NO INJURY / DRIVE AWAY,"OVER $1,500",FUNCTIONING PROPERLY,TURNING,41.7587154667,DAYLIGHT,-87.5862809648,2,0,UNABLE TO DETERMINE,NO DEFECTS,DRY,NOT APPLICABLE,S,7500,TRAFFIC SIGNAL,DIVIDED - W/MEDIAN (NOT RAISED),CLEAR,0.0,1.0,0.0,0.0,0.0,1.0,1,1,[],[],"[""Y""]","[""2025-10-09T11:15:00.000""]","[""2167390"", ""2167391""]","[""FRONT"", ""SIDE-RIGHT""]","[""IL""]","[""KIA"", ""UNKNOWN""]","[""STRAIGHT AHEAD"", ""TURNING RIGHT""]","[""OTHER (EXPLAIN IN NARRATIVE)"", ""TELLURIDE""]","[""1""]","[""S"", ""W""]","[""1"", ""2""]","[""DRIVER""]","[""NONE""]","[""2067510"", ""2067518""]","[""MOPED OR MOTORIZED BICYCLE"", ""SPORT UTILITY VEHICLE (SUV)""]","[""PERSONAL""]","[""2020""]","[""Y""]","[""Y""]",[],[],[],[],[],[],[],[],[],[],[],[],[],[],['74'],"[""DID NOT DEPLOY""]","[""TEST NOT OFFERED""]","[""CHICAGO""]","[""2025-10-09T11:15:00.000""]","[""FAILED TO YIELD"", ""NONE""]","[""NOT OBSCURED""]","[""D""]","[""IL""]","[""NONE""]",[],"[""O2167390"", ""O2167391""]","[""DRIVER""]","[""NORMAL""]","[""HELMET NOT USED"", ""SAFETY BELT USED""]","[""F"", ""M""]","[""IL""]","[""2067510"", ""2067518""]","[""60619""]",[],[],[],[],[],[],2025,10,11,9,False,morning,41.76,-87.59,41.76_-87.59,74.0,74,74,OTHER,0