alignment,beat_of_occurrence,crash_date,crash_day_of_week,crash_hour,crash_month,crash_record_id,crash_type,damage,device_condition,first_crash_type,latitude,lighting_condition,longitude,num_units,posted_speed_limit,prim_contributory_cause,road_defect,roadway_surface_cond,sec_contributory_cause,street_direction,street_no,traffic_control_device,trafficway_type,weather_condition,private_property_i,hit_and_run_i,intersection_related_i,crash_date_est_i,work_zone_i,workers_present_i,veh_count,ppl_count,veh_area_01_i_list_json,veh_area_02_i_list_json,veh_area_12_i_list_json,veh_crash_date_list_json,veh_crash_unit_id_list_json,veh_first_contact_point_list_json,veh_lic_plate_state_list_json,veh_make_list_json,veh_maneuver_list_json,veh_model_list_json,veh_occupant_cnt_list_json,veh_travel_direction_list_json,veh_unit_no_list_json,veh_unit_type_list_json,veh_vehicle_defect_list_json,veh_vehicle_id_list_json,veh_vehicle_type_list_json,veh_vehicle_use_list_json,veh_vehicle_year_list_json,veh_area_03_i_list_json,veh_area_04_i_list_json,veh_area_11_i_list_json,veh_towed_by_list_json,veh_towed_i_list_json,veh_area_07_i_list_json,veh_area_99_i_list_json,veh_area_09_i_list_json,veh_area_10_i_list_json,veh_cmrc_veh_i_list_json,veh_num_passengers_list_json,veh_area_08_i_list_json,veh_area_00_i_list_json,veh_area_05_i_list_json,veh_area_06_i_list_json,veh_towed_to_list_json,ppl_age_list_json,ppl_airbag_deployed_list_json,ppl_bac_result_list_json,ppl_city_list_json,ppl_crash_date_list_json,ppl_driver_action_list_json,ppl_driver_vision_list_json,ppl_drivers_license_class_list_json,ppl_drivers_license_state_list_json,ppl_ejection_list_json,ppl_hospital_list_json,ppl_person_id_list_json,ppl_person_type_list_json,ppl_physical_condition_list_json,ppl_safety_equipment_list_json,ppl_sex_list_json,ppl_state_list_json,ppl_vehicle_id_list_json,ppl_zipcode_list_json,ppl_ems_agency_list_json,ppl_seat_no_list_json,ppl_pedpedal_action_list_json,ppl_pedpedal_location_list_json,ppl_pedpedal_visibility_list_json,ppl_ems_run_no_list_json,year,month,hour,day,is_weekend,hour_bin,lat_bin,lng_bin,grid_id,ppl_age_mean,ppl_age_min,ppl_age_max,prim_contributory_cause_group,ksi_flag
STRAIGHT AND LEVEL,1133,2025-10-09 11:13:00,5,11,10,4BAD210E913F9050A07B3B95FDA222BA0C893D1263692CB1FEC2ED88B0F6003FAA1B08E342F16BE274CAE6BC78EFCBD1BB252514BF42F29E398F78E7B350575F,NO INJURY / DRIVE AWAY,$500 OR LESS,FUNCTIONING PROPERLY,SIDESWIPE SAME DIRECTION,41.8745518803,DAYLIGHT,-87.7204536586,2,30,IMPROPER OVERTAKING/PASSING,NO DEFECTS,DRY,IMPROPER LANE USAGE,W,3800,TRAFFIC SIGNAL,ONE-WAY,CLEAR,0.0,0.0,1.0,0.0,0.0,1.0,1,3,[],"[""Y""]",[],"[""2025-10-09T11:13:00.000""]","[""2166706"", ""2166707""]","[""SIDE-LEFT"", ""SIDE-RIGHT-FRONT""]","[""IL""]","[""CHEVROLET"", ""PONTIAC""]","[""PASSING/OVERTAKING"", ""STRAIGHT AHEAD""]","[""EQUINOX"", ""GRAND AM""]","[""1"", ""2""]","[""W""]","[""1"", ""2""]","[""DRIVER""]","[""NONE""]","[""2065403"", ""2065409""]","[""PASSENGER"", ""SPORT UTILITY VEHICLE (SUV)""]","[""PERSONAL""]","[""2004"", ""2024""]",[],[],[],[],[],[],[],[],[],[],"[""1""]","[""Y""]",[],[],[],[],"['33', '73', '93']","[""DID NOT DEPLOY""]","[""TEST NOT OFFERED""]","[""CHICAGO"", ""NORTH RIVERS"", ""NORTH RIVERSIDE""]","[""2025-10-09T11:13:00.000""]","[""IMPROPER LANE CHANGE"", ""NONE""]","[""NOT OBSCURED""]","[""D""]","[""IL""]","[""NONE""]",[],"[""O2166706"", ""O2166707"", ""P478087""]","[""DRIVER"", ""PASSENGER""]","[""NORMAL""]","[""SAFETY BELT USED"", ""USAGE UNKNOWN""]","[""F"", ""M""]","[""IL""]","[""2065403"", ""2065409""]","[""60546"", ""60547"", ""60644""]",[],"[""4""]",[],[],[],[],2025,10,11,9,False,morning,41.87,-87.72,41.87_-87.72,66.33333333333333,33,93,OTHER,0
STRAIGHT AND LEVEL,1651,2025-10-09 11:06:00,5,11,10,E9A10CBCD54110FCBD2951C43B1538F064EA69CFF0D4BEDDA703233843F60596D72771BB0479A360435034D8921B734DF4F400B8F1DC21C72F15CAD8C7C9B778,NO INJURY / DRIVE AWAY,"OVER $1,500",NO CONTROLS,PARKED MOTOR VEHICLE,41.8736407663,DAYLIGHT,-87.6723897727,2,20,FOLLOWING TOO CLOSELY,NO DEFECTS,DRY,FOLLOWING TOO CLOSELY,W,1,NO CONTROLS,ONE-WAY,CLEAR,0.0,0.0,0.0,0.0,0.0,1.0,2,1,"[""Y""]","[""Y""]",[],"[""2025-10-09T11:06:00.000""]","[""2166704"", ""2166705""]","[""FRONT-RIGHT-CORNER"", ""REAR-LEFT-CORNER""]","[""IL""]","[""HONDA"", ""TOYOTA""]","[""PARKED"", ""STRAIGHT AHEAD""]","[""CR-V"", ""HIGHLANDER""]","[""0"", ""1""]","[""E""]","[""1"", ""2""]","[""DRIVER"", ""PARKED""]","[""NONE"", ""UNKNOWN""]","[""2065394"", ""2065398""]","[""PASSENGER""]","[""NOT IN USE"", ""PERSONAL""]","[""2018"", ""2021""]",[],[],[],[],[],"[""Y""]",[],[],[],[],[],[],[],[],[],[],['60'],"[""DEPLOYMENT UNKNOWN""]","[""TEST NOT OFFERED""]","[""BURBANK""]","[""2025-10-09T11:06:00.000""]","[""FOLLOWED TOO CLOSELY""]","[""UNKNOWN""]","[""D""]","[""IL""]","[""UNKNOWN""]",[],"[""O2166704""]","[""DRIVER""]","[""UNKNOWN""]","[""USAGE UNKNOWN""]","[""M""]","[""IL""]","[""2065394""]","[""60459""]",[],[],[],[],[],[],2025,10,11,9,False,morning,41.87,-87.67,NAN_NAN,60.0,60,60,FOLLOWING TOO CLOSELY,0
STRAIGHT AND LEVEL,2211,2025-10-09 11:05:00,5,11,10,5A1A4AD934D3CAA376BD9CA6891F26EA40E74CD11B5C8F3AE54DF733D4156FB7A77C540B65B6BA0C28BFC5DE2C83D0CA3D73A43D1B6741E51166A88980835369,NO INJURY / DRIVE AWAY,"OVER $1,500",NO CONTROLS,REAR END,41.6913959947,DAYLIGHT,-87.719444268,2,30,FOLLOWING TOO CLOSELY,UNKNOWN,WET,NOT APPLICABLE,W,3938,NO CONTROLS,NOT DIVIDED,CLEAR,0.0,0.0,0.0,0.0,0.0,1.0,1,0,[],[],[],"[""2025-10-09T11:05:00.000""]","[""2166747"", ""2166748""]","[""FRONT"", ""REAR-RIGHT-CORNER""]",[],"[""KIA"", ""MITSUBISHI""]","[""STRAIGHT AHEAD""]","[""GALANT"", ""SPORTAGE""]","[""1""]","[""W""]","[""1"", ""2""]","[""DRIVER""]","[""UNKNOWN""]","[""2065433"", ""2065437""]","[""PASSENGER""]","[""PERSONAL""]","[""2010""]",[],[],[],[],[],[],[],[],[],[],[],[],[],[],[],[],[],"[""DID NOT DEPLOY""]","[""TEST NOT OFFERED""]",[],"[""2025-10-09T11:05:00.000""]","[""FOLLOWED TOO CLOSELY"", ""NONE""]","[""UNKNOWN""]",[],"[""IL""]","[""NONE""]",[],"[""O2166747"", ""O2166748""]","[""DRIVER""]","[""NORMAL"", ""UNKNOWN""]","[""SAFETY BELT USED""]","[""F"", ""M""]",[],"[""2065433"", ""2065437""]",[],[],[],[],[],[],[],2025,10,11,9,False,morning,41.69,-87.72,41.69_-87.72,0.0,0,0,FOLLOWING TOO CLOSELY,0
STRAIGHT AND LEVEL,2514,2025-10-09 11:00:00,5,11,10,90CCF9A9343F1C74D643DDC70E7677515062B2876EA69A4D4232B30CB71CE1FD8D3048DBB6F59F4ED365E43D189111D184FFDC1050C96D56634CC5A006D39B89,NO INJURY / DRIVE AWAY,"$501 - $1,500",NO CONTROLS,SIDESWIPE SAME DIRECTION,41.9384572072,DAYLIGHT,-87.7671814667,2,30,FAILING TO YIELD RIGHT-OF-WAY,NO DEFECTS,DRY,NOT APPLICABLE,W,5617,NO CONTROLS,NOT DIVIDED,CLEAR,0.0,0.0,0.0,0.0,0.0,1.0,1,2,"[""Y""]","[""Y""]",[],"[""2025-10-09T11:00:00.000""]","[""2167203"", ""2167204""]","[""SIDE-LEFT"", ""SIDE-RIGHT""]","[""IL""]","[""TOYOTA""]","[""ENTERING TRAFFIC LANE FROM PARKING"", ""LEAVING TRAFFIC LANE TO PARK""]","[""COROLLA"", ""PRIUS""]","[""1""]","[""E""]","[""1"", ""2""]","[""DRIVER""]","[""NONE""]","[""2065872"", ""2065873""]","[""PASSENGER""]","[""PERSONAL""]","[""2008"", ""2017""]","[""Y""]","[""Y""]","[""Y""]",[],[],[],[],"[""Y""]","[""Y""]",[],[],"[""Y""]",[],[],[],[],"['38', '42']","[""DID NOT DEPLOY"", ""NOT APPLICABLE""]","[""TEST NOT OFFERED""]","[""BOLINGBROOK"", ""CHICAGO""]","[""2025-10-09T11:00:00.000""]","[""FAILED TO YIELD"", ""NONE""]","[""NOT OBSCURED""]","[""D""]","[""IL""]","[""NONE""]",[],"[""O2167203"", ""O2167204""]","[""DRIVER""]","[""NORMAL""]","[""SAFETY BELT USED""]","[""M""]","[""IL""]","[""2065872"", ""2065873""]","[""60440"", ""60639""]",[],[],[],[],[],[],2025,10,11,9,False,morning,41.94,-87.77,41.94_-87.77,40.0,38,42,FAILURE-TO-YIELD,0
STRAIGHT AND LEVEL,1231,2025-10-09 10:46:00,5,10,10,1564508644520C89392906FF5C0112FA9FE0FB4A6F1B84492A89DAA1EEF93D787C8E188753EC834776EBA72C7AB65BBC4E3D1E1C7BCBBF4DEA2C12B674EAC32F,NO INJURY / DRIVE AWAY,"OVER $1,500",NO CONTROLS,REAR TO FRONT,41.8740163353,DAYLIGHT,-87.6702608284,2,15,IMPROPER BACKING,NO DEFECTS,DRY,IMPROPER BACKING,W,1725,NO CONTROLS,RAMP,CLEAR,0.0,1.0,0.0,0.0,0.0,1.0,1,1,[],[],"[""Y""]","[""2025-10-09T10:46:00.000""]","[""2166693"", ""2166694""]","[""FRONT"", ""REAR""]","[""IL""]","[""SUBARU"", ""TOYOTA""]","[""BACKING"", ""OTHER""]","[""OTHER (EXPLAIN IN NARRATIVE)"", ""OUTBACK""]","[""1""]","[""N"", ""S""]","[""1"", ""2""]","[""DRIVER""]","[""NONE""]","[""2065388"", ""2065391""]","[""PASSENGER""]","[""PERSONAL""]","[""2014"", ""2015""]",[],[],[],[],[],[],[],[],[],[],[],[],[],[],"[""Y""]",[],['53'],"[""DEPLOYMENT UNKNOWN"", ""DID NOT DEPLOY""]","[""TEST NOT OFFERED""]","[""CHICAGO""]","[""2025-10-09T10:46:00.000""]","[""IMPROPER BACKING"", ""NONE""]","[""NOT OBSCURED"", ""UNKNOWN""]",[],"[""IL""]","[""NONE""]",[],"[""O2166693"", ""O2166694""]","[""DRIVER""]","[""NORMAL"", ""UNKNOWN""]","[""SAFETY BELT USED"", ""USAGE UNKNOWN""]","[""F"", ""M""]","[""IL""]","[""2065388"", ""2065391""]",[],[],[],[],[],[],[],2025,10,10,9,False,morning,41.87,-87.67,41.87_-87.67,53.0,53,53,OTHER,0
STRAIGHT AND LEVEL,1232,2025-10-09 10:45:00,5,10,10,3851F2B2AAE09C77D9DE6666A5C797DE24EDB13CD6C12F76EDA249DF19E396219A385E5F7DEDFF76AB3469617E9C770D4D76F4F73A0104E40D53D40A29ADAF72,NO INJURY / DRIVE AWAY,"OVER $1,500",NO CONTROLS,REAR TO FRONT,41.8810215952,DAYLIGHT,-87.647189474,2,15,DRIVING SKILLS/KNOWLEDGE/EXPERIENCE,NO DEFECTS,UNKNOWN,NOT APPLICABLE,S,25,NO CONTROLS,NOT DIVIDED,CLEAR,0.0,1.0,0.0,0.0,0.0,1.0,1,1,"[""Y""]",[],"[""Y""]","[""2025-10-09T10:45:00.000""]","[""2166772"", ""2166773""]","[""FRONT"", ""REAR""]","[""IL""]","[""TOYOTA""]","[""BACKING"", ""STRAIGHT AHEAD""]","[""COROLLA"", ""VENZA""]","[""1""]","[""N"", ""S""]","[""1"", ""2""]","[""DRIVER""]","[""UNKNOWN""]","[""2065463"", ""2065467""]","[""PASSENGER"", ""SPORT UTILITY VEHICLE (SUV)""]","[""PERSONAL""]","[""2013"", ""2021""]",[],[],"[""Y""]",[],[],[],"[""Y""]",[],[],[],[],[],[],[],[],[],['55'],"[""NOT APPLICABLE""]","[""TEST NOT OFFERED""]","[""CHICAGO""]","[""2025-10-09T10:45:00.000""]","[""OTHER""]","[""UNKNOWN""]","[""D""]","[""IL""]","[""NONE""]",[],"[""O2166772"", ""O2166773""]","[""DRIVER""]","[""NORMAL"", ""UNKNOWN""]","[""USAGE UNKNOWN""]","[""F"", ""M""]","[""IL""]","[""2065463"", ""2065467""]","[""60651""]",[],[],[],[],[],[],2025,10,10,9,False,morning,41.88,-87.65,41.88_-87.65,55.0,55,55,OTHER,0
STRAIGHT AND LEVEL,1231,2025-10-09 10:45:00,5,10,10,5D81BC8DE990056A32976A31A669A0A491115E50B02AB846DA734FEF0C63CD4CFEDF93B57F58C518B781A399F67C8BBAC613435BA194D6A823643BB75127EAA3,NO INJURY / DRIVE AWAY,"$501 - $1,500",FUNCTIONING PROPERLY,TURNING,41.8739821472,DAYLIGHT,-87.6689588261,2,30,FAILING TO YIELD RIGHT-OF-WAY,NO DEFECTS,DRY,DRIVING SKILLS/KNOWLEDGE/EXPERIENCE,S,605,TRAFFIC SIGNAL,DIVIDED - W/MEDIAN (NOT RAISED),CLEAR,0.0,0.0,0.0,1.0,0.0,1.0,1,5,"[""Y""]",[],[],"[""2025-10-09T10:45:00.000""]","[""2166684"", ""2166685""]","[""FRONT-RIGHT-CORNER"", ""SIDE-LEFT""]","[""IL""]","[""FORD"", ""NISSAN""]","[""SLOW/STOP IN TRAFFIC"", ""U-TURN""]","[""OTHER (EXPLAIN IN NARRATIVE)"", ""SENTRA""]","[""2"", ""3""]","[""N""]","[""1"", ""2""]","[""DRIVER""]","[""UNKNOWN""]","[""2065376"", ""2065384""]","[""PASSENGER"", ""VAN/MINI-VAN""]","[""AMBULANCE"", ""PERSONAL""]","[""2020""]",[],[],"[""N""]",[],[],[],[],"[""Y""]","[""Y""]",[],"[""1"", ""2""]","[""Y""]",[],[],[],[],"['19', '23', '26', '28', '29']","[""DID NOT DEPLOY""]","[""TEST NOT OFFERED""]","[""ARLINGTON HEIGHTS"", ""CHICAGO"", ""HILLSIDE"", ""MELROSE PARK""]","[""2025-10-09T10:45:00.000""]","[""FAILED TO YIELD"", ""NONE""]","[""NOT OBSCURED""]","[""D""]","[""IL""]","[""NONE""]",[],"[""O2166684"", ""O2166685"", ""P478080"", ""P478081"", ""P478082""]","[""DRIVER"", ""PASSENGER""]","[""NORMAL""]","[""USAGE UNKNOWN""]","[""F"", ""M""]","[""IL""]","[""2065376"", ""2065384""]","[""60004"", ""60153"", ""601621"", ""60615"", ""60636""]",[],"[""3"", ""4""]",[],[],[],[],2025,10,10,9,False,morning,41.87,-87.67,41.87_-87.67,25.0,19,29,FAILURE-TO-YIELD,0
STRAIGHT AND LEVEL,1232,2025-10-09 10:40:00,5,10,10,AE965D6313DED01B114D84AABD0819E19908BE2BA7081CDF81C04563449337B000012C60174649D620E130F1D57D618EBB019DDE0F0F602AFD1CCAE4840DAC89,NO INJURY / DRIVE AWAY,"OVER $1,500",NO CONTROLS,PARKED MOTOR VEHICLE,41.8797065073,DAYLIGHT,-87.6471505635,2,30,IMPROPER OVERTAKING/PASSING,NO DEFECTS,DRY,NOT APPLICABLE,S,125,NO CONTROLS,NOT DIVIDED,CLEAR,0.0,1.0,0.0,0.0,0.0,1.0,2,1,[],[],[],"[""2025-10-09T10:40:00.000""]","[""2166717"", ""2166718""]","[""FRONT"", ""REAR""]","[""IL""]","[""TOYOTA""]","[""LEAVING TRAFFIC LANE TO PARK"", ""PARKED""]","[""OTHER (EXPLAIN IN NARRATIVE)"", ""VENZA""]","[""1""]","[""UNKNOWN""]","[""1"", ""2""]","[""DRIVER"", ""PARKED""]","[""NONE"", ""UNKNOWN""]","[""2065401"", ""2065407""]","[""PASSENGER""]","[""PERSONAL"", ""UNKNOWN/NA""]","[""2013"", ""2021""]",[],[],[],[],[],[],"[""Y""]",[],[],[],"[""1""]",[],[],[],"[""Y""]",[],['62'],"[""DID NOT DEPLOY""]","[""TEST NOT OFFERED""]","[""HAZEL CREST""]","[""2025-10-09T10:40:00.000""]","[""IMPROPER PARKING""]","[""UNKNOWN""]",[],[],"[""NONE""]",[],"[""O2166717"", ""P478085""]","[""DRIVER"", ""PASSENGER""]","[""UNKNOWN""]","[""SAFETY BELT USED"", ""USAGE UNKNOWN""]","[""F"", ""M""]","[""IL""]","[""2065401"", ""2065407""]","[""60429""]",[],"[""1""]",[],[],[],[],2025,10,10,9,False,morning,41.88,-87.65,41.88_-87.65,62.0,62,62,OTHER,0
STRAIGHT AND LEVEL,2211,2025-10-09 10:40:00,5,10,10,8DC2A620DF608C4CB71A028FBFB7214C0624D07FB10B4C021A7114EEC0ADE3BCC5F35E477E9F9C1A59263D1D736E713503CDCF32DB98296D81132884EBD5A7AC,NO INJURY / DRIVE AWAY,$500 OR LESS,NO CONTROLS,REAR TO FRONT,41.7058525217,DAYLIGHT,-87.7170620732,2,10,IMPROPER OVERTAKING/PASSING,NO DEFECTS,DRY,DRIVING SKILLS/KNOWLEDGE/EXPERIENCE,W,3825,NO CONTROLS,PARKING LOT,CLEAR,0.0,0.0,0.0,0.0,0.0,1.0,1,1,[],[],"[""Y""]","[""2025-10-09T10:40:00.000""]","[""2170714"", ""2170715""]","[""FRONT"", ""REAR""]","[""IL""]","[""FORD"", ""LEXUS""]","[""BACKING"", ""PASSING/OVERTAKING""]","[""ES300"", ""ESCAPE""]","[""1""]","[""E"", ""W""]","[""1"", ""2""]","[""DRIVER""]","[""UNKNOWN""]","[""2069209"", ""2069211""]","[""PASSENGER"", ""SPORT UTILITY VEHICLE (SUV)""]","[""PERSONAL"", ""UNKNOWN/NA""]","[""2003"", ""2012""]",[],[],[],[],[],[],[],[],[],[],[],[],"[""Y""]",[],[],[],['21'],"[""DID NOT DEPLOY""]","[""TEST NOT OFFERED""]","[""CHICAGO""]","[""2025-10-09T10:40:00.000""]","[""IMPROPER PASSING"", ""NONE""]","[""NOT OBSCURED"", ""UNKNOWN""]","[""D""]","[""IL""]","[""NONE""]",[],"[""O2170714"", ""O2170715""]","[""DRIVER""]","[""NORMAL"", ""UNKNOWN""]","[""SAFETY BELT USED"", ""USAGE UNKNOWN""]","[""F""]","[""IL""]","[""2069209"", ""2069211""]","[""60655""]",[],[],[],[],[],[],2025,10,10,9,False,morning,41.71,-87.72,41.71_-87.72,21.0,21,21,OTHER,0
STRAIGHT AND LEVEL,911,2025-10-09 10:40:00,5,10,10,C5A8DD215193DFE3E3942B33A58D428A4045599FD766FFB7051FB7D6793954BB13BDC3E96A572FAE17B01B636E1AD53E17E31B5135E7132B83F67BB4C80A37BE,NO INJURY / DRIVE AWAY,"OVER $1,500",NO CONTROLS,SIDESWIPE SAME DIRECTION,41.8231029397,DAYLIGHT,-87.6849261804,2,30,UNABLE TO DETERMINE,UNKNOWN,DRY,UNABLE TO DETERMINE,W,2382,NO CONTROLS,NOT DIVIDED,CLEAR,0.0,0.0,0.0,0.0,0.0,1.0,1,1,"[""Y""]","[""Y""]",[],"[""2025-10-09T10:40:00.000""]","[""2166721"", ""2166722""]","[""SIDE-LEFT-FRONT"", ""SIDE-RIGHT""]","[""IL""]","[""MERCEDES-BENZ"", ""TOYOTA""]","[""STRAIGHT AHEAD""]","[""COROLLA"", ""OTHER (EXPLAIN IN NARRATIVE)""]","[""1""]","[""E""]","[""1"", ""2""]","[""DRIVER""]","[""OTHER""]","[""2065410"", ""2065415""]","[""PASSENGER""]","[""PERSONAL""]","[""2006""]","[""Y""]","[""Y""]","[""Y""]",[],[],[],[],[],[],[],[],[],[],"[""Y""]",[],[],['24'],"[""NOT APPLICABLE""]","[""TEST NOT OFFERED""]","[""CHICAGO""]","[""2025-10-09T10:40:00.000""]","[""UNKNOWN""]","[""NOT OBSCURED"", ""UNKNOWN""]","[""D""]","[""IL"", ""XX""]","[""NONE""]",[],"[""O2166721"", ""O2166722""]","[""DRIVER""]","[""NORMAL"", ""UNKNOWN""]","[""SAFETY BELT USED"", ""USAGE UNKNOWN""]","[""F"", ""M""]","[""IL""]","[""2065410"", ""2065415""]","[""60629""]",[],[],[],[],[],[],2025,10,10,9,False,morning,41.82,-87.68,41.82_-87.68,24.0,24,24,OTHER,0
STRAIGHT AND LEVEL,2232,2025-10-09 10:35:00,5,10,10,B913073EBA1F1C10520C4630CCD6DFE39CC621B33D55E54DE5E118D7E53FDB418A5E344C8D93BBD17DB0BBD3725488B63B1F837F847E906B9BD325E0817F1A54,INJURY AND / OR TOW DUE TO CRASH,"OVER $1,500",FUNCTIONING PROPERLY,REAR END,41.7141038258,DAYLIGHT,-87.6430620798,2,35,FOLLOWING TOO CLOSELY,NO DEFECTS,DRY,FAILING TO REDUCE SPEED TO AVOID CRASH,W,801,TRAFFIC SIGNAL,FOUR WAY,CLEAR,0.0,0.0,1.0,0.0,0.0,1.0,1,1,"[""Y""]",[],"[""Y""]","[""2025-10-09T10:35:00.000""]","[""2166687"", ""2166688""]","[""FRONT"", ""REAR""]","[""IL""]","[""HONDA"", ""JEEP""]","[""SLOW/STOP IN TRAFFIC"", ""STRAIGHT AHEAD""]","[""COMPASS"", ""CR-V""]","[""1""]","[""E""]","[""1"", ""2""]","[""DRIVER""]","[""UNKNOWN""]","[""2065377"", ""2065379""]","[""SPORT UTILITY VEHICLE (SUV)""]","[""PERSONAL""]","[""2014"", ""2017""]",[],"[""Y""]","[""Y""]","[""UNKNOWN""]","[""Y""]","[""Y""]",[],[],"[""Y""]",[],[],[],[],"[""Y""]","[""Y""]","[""UNKNOWN""]",['18'],"[""DEPLOYED, FRONT"", ""DID NOT DEPLOY""]","[""TEST NOT OFFERED""]","[""CHICAGO"", ""OAK LAWN""]","[""2025-10-09T10:35:00.000""]","[""FOLLOWED TOO CLOSELY"", ""OTHER""]","[""NOT OBSCURED""]","[""D""]","[""IL""]","[""NONE""]",[],"[""O2166687"", ""O2166688""]","[""DRIVER""]","[""NORMAL""]","[""USAGE UNKNOWN""]","[""M""]","[""IL""]","[""2065377"", ""2065379""]","[""60453"", ""60617""]",[],[],[],[],[],[],2025,10,10,9,False,morning,41.71,-87.64,41.71_-87.64,18.0,18,18,FOLLOWING TOO CLOSELY,0
STRAIGHT AND LEVEL,1651,2025-10-09 10:30:00,5,10,10,D8C3D08ADD60ABA1F8A443CE5761C73703398EAE1C270EC1EB448BB357D2AD15FA3FB143C8EAAF87C96E1B5A884BDB2E6BEF871ACF6623E922EEEF6C6D9177EA,NO INJURY / DRIVE AWAY,"$501 - $1,500",NO CONTROLS,PARKED MOTOR VEHICLE,41.976201139,DAYLIGHT,-87.9053091251,2,20,IMPROPER BACKING,NO DEFECTS,DRY,NOT APPLICABLE,W,10000,NO CONTROLS,PARKING LOT,CLEAR,0.0,0.0,0.0,0.0,0.0,1.0,2,1,[],[],"[""Y""]","[""2025-10-09T10:30:00.000""]","[""2166674"", ""2166675""]","[""FRONT"", ""REAR""]","[""IL"", ""MN""]","[""INTERNATIONAL HARVESTER"", ""VOLVO""]","[""BACKING"", ""PARKED""]","[""INTERNATIONAL HARVESTER"", ""TRUCK""]","[""0"", ""1""]","[""N"", ""S""]","[""1"", ""2""]","[""DRIVER"", ""PARKED""]","[""NONE"", ""UNKNOWN""]","[""2065367"", ""2065372""]","[""TRACTOR W/ SEMI-TRAILER""]","[""COMMERCIAL - SINGLE UNIT"", ""NOT IN USE""]","[""2019"", ""2020""]",[],[],[],[],[],[],[],[],[],"[""Y""]",[],[],[],[],"[""Y""]",[],['48'],"[""DID NOT DEPLOY""]","[""TEST NOT OFFERED""]","[""MAPLE GROVE""]","[""2025-10-09T10:30:00.000""]","[""IMPROPER BACKING""]","[""UNKNOWN""]","[""A""]","[""MN""]","[""NONE""]",[],"[""O2166674""]","[""DRIVER""]","[""NORMAL""]","[""USAGE UNKNOWN""]","[""M""]","[""MN""]","[""2065367""]","[""55311""]",[],[],[],[],[],[],2025,10,10,9,False,morning,41.98,-87.91,41.98_-87.91,48.0,48,48,OTHER,0
STRAIGHT AND LEVEL,1934,2025-10-09 10:18:00,5,10,10,A560BC6959CEE0AC4616B3CF9F1AECE82ADCFFC3066B4D9EDDD7F4BDE3A315512B931595677A6D5B7FFA861E0A6AF5A782CAF0D34A1F61C22992F5BC169608FB,NO INJURY / DRIVE AWAY,"OVER $1,500",NO CONTROLS,TURNING,41.9330575288,DAYLIGHT,-87.6381060881,2,30,UNABLE TO DETERMINE,UNKNOWN,UNKNOWN,NOT APPLICABLE,N,2802,NO CONTROLS,NOT DIVIDED,CLEAR,0.0,0.0,0.0,0.0,0.0,1.0,1,0,[],[],[],"[""2025-10-09T10:18:00.000""]","[""2166672"", ""2166673""]","[""REAR-LEFT-CORNER""]","[""FL"", ""IL""]","[""CHEVROLET"", ""RIVIAN""]","[""STRAIGHT AHEAD"", ""TURNING LEFT""]","[""OTHER (EXPLAIN IN NARRATIVE)"", ""R1T""]","[""1""]","[""N"", ""S""]","[""1"", ""2""]","[""DRIVER""]","[""UNKNOWN""]","[""2065370"", ""2065390""]","[""PASSENGER""]","[""UNKNOWN/NA""]","[""2018"", ""2024""]",[],[],[],[],[],"[""Y""]",[],[],[],[],[],[],[],[],[],[],[],"[""NOT APPLICABLE""]","[""TEST NOT OFFERED""]","[""KEY WEST""]","[""2025-10-09T10:18:00.000""]","[""UNKNOWN""]","[""UNKNOWN""]",[],"[""FL"", ""IL""]","[""NONE""]",[],"[""O2166672"", ""O2166673""]","[""DRIVER""]","[""UNKNOWN""]","[""USAGE UNKNOWN""]","[""M""]","[""FL""]","[""2065370"", ""2065390""]","[""33040""]",[],[],[],[],[],[],2025,10,10,9,False,morning,41.93,-87.64,41.93_-87.64,0.0,0,0,OTHER,0