alignment,beat_of_occurrence,crash_date,crash_day_of_week,crash_hour,crash_month,crash_record_id,crash_type,damage,device_condition,first_crash_type,latitude,lighting_condition,longitude,num_units,posted_speed_limit,prim_contributory_cause,road_defect,roadway_surface_cond,sec_contributory_cause,street_direction,street_no,traffic_control_device,trafficway_type,weather_condition,private_property_i,hit_and_run_i,intersection_related_i,crash_date_est_i,work_zone_i,workers_present_i,veh_count,ppl_count,veh_area_01_i_list_json,veh_area_02_i_list_json,veh_area_12_i_list_json,veh_crash_date_list_json,veh_crash_unit_id_list_json,veh_first_contact_point_list_json,veh_lic_plate_state_list_json,veh_make_list_json,veh_maneuver_list_json,veh_model_list_json,veh_occupant_cnt_list_json,veh_travel_direction_list_json,veh_unit_no_list_json,veh_unit_type_list_json,veh_vehicle_defect_list_json,veh_vehicle_id_list_json,veh_vehicle_type_list_json,veh_vehicle_use_list_json,veh_vehicle_year_list_json,veh_area_03_i_list_json,veh_area_04_i_list_json,veh_area_11_i_list_json,veh_towed_by_list_json,veh_towed_i_list_json,veh_area_07_i_list_json,veh_area_99_i_list_json,veh_area_09_i_list_json,veh_area_10_i_list_json,veh_cmrc_veh_i_list_json,veh_num_passengers_list_json,veh_area_08_i_list_json,veh_area_00_i_list_json,veh_area_05_i_list_json,veh_area_06_i_list_json,veh_towed_to_list_json,ppl_age_list_json,ppl_airbag_deployed_list_json,ppl_bac_result_list_json,ppl_city_list_json,ppl_crash_date_list_json,ppl_driver_action_list_json,ppl_driver_vision_list_json,ppl_drivers_license_class_list_json,ppl_drivers_license_state_list_json,ppl_ejection_list_json,ppl_hospital_list_json,ppl_person_id_list_json,ppl_person_type_list_json,ppl_physical_condition_list_json,ppl_safety_equipment_list_json,ppl_sex_list_json,ppl_state_list_json,ppl_vehicle_id_list_json,ppl_zipcode_list_json,ppl_ems_agency_list_json,ppl_seat_no_list_json,ppl_pedpedal_action_list_json,ppl_pedpedal_location_list_json,ppl_pedpedal_visibility_list_json,ppl_ems_run_no_list_json,year,month,hour,day,is_weekend,hour_bin,lat_bin,lng_bin,grid_id,ppl_age_mean,ppl_age_min,ppl_age_max,prim_contributory_cause_group,ksi_flag
STRAIGHT AND LEVEL,1934,2025-10-09 10:18:00,5,10,10,2188CBDEFD8E2D6B88E67FCED957C5EEC48F7E3075FD77204B592B95820A8A7E31C1A2EFE17C4849C1A9CD3F50807A70F71B99AFBC819F3572C66C52E379C9A9,NO INJURY / DRIVE AWAY,"OVER $1,500",NO CONTROLS,TURNING,41.933683366,DAYLIGHT,-87.6378345316,2,25,UNABLE TO DETERMINE,UNKNOWN,DRY,UNABLE TO DETERMINE,N,2825,NO CONTROLS,NOT DIVIDED,CLEAR,0.0,0.0,0.0,0.0,0.0,1.0,1,2,[],[],"[""N""]","[""2025-10-09T10:18:00.000""]","[""2168284"", ""2168285""]","[""FRONT-LEFT-CORNER"", ""REAR-LEFT-CORNER""]","[""FL"", ""IL""]","[""CHEVROLET"", ""RIVIAN""]","[""OTHER"", ""TURNING LEFT""]","[""R1T"", ""SILVERADO""]","[""1""]","[""N"", ""S""]","[""1"", ""2""]","[""DRIVER""]","[""UNKNOWN""]","[""2066905"", ""2066909""]","[""PICKUP"", ""VAN/MINI-VAN""]","[""PERSONAL"", ""UNKNOWN/NA""]","[""2018"", ""2024""]",[],[],"[""Y""]",[],[],"[""Y""]",[],"[""Y""]","[""Y""]",[],[],"[""Y""]",[],"[""Y""]","[""Y""]",[],"['48', '60']","[""NOT APPLICABLE""]","[""TEST NOT OFFERED""]","[""CHICAGO"", ""KEY WEST""]","[""2025-10-09T10:18:00.000""]","[""OTHER""]","[""UNKNOWN""]","[""B"", ""E""]","[""FL"", ""IL""]","[""NONE""]",[],"[""O2168284"", ""O2168285""]","[""DRIVER""]","[""NORMAL"", ""UNKNOWN""]","[""SAFETY BELT USED""]","[""M""]","[""FL"", ""IL""]","[""2066905"", ""2066909""]","[""33040"", ""60639""]",[],[],[],[],[],[],2025,10,10,9,False,morning,41.93,-87.64,41.93_-87.64,54.0,48,60,OTHER,0
STRAIGHT AND LEVEL,912,2025-10-09 10:15:00,5,10,10,F6B188B1376046A8998FCE3E10A31569CCCC23476A06F312572573D1A05BDA93C4A390763D475F46C9471E24B3EDDDA815D0ACCFC424E12E5D1FB06D69B5F7A7,NO INJURY / DRIVE AWAY,"OVER $1,500",NO CONTROLS,PARKED MOTOR VEHICLE,41.8341473875,DAYLIGHT,-87.6745978564,2,15,UNABLE TO DETERMINE,NO DEFECTS,DRY,UNABLE TO DETERMINE,W,1940,NO CONTROLS,PARKING LOT,CLEAR,1.0,0.0,0.0,0.0,0.0,1.0,2,1,[],[],[],"[""2025-10-09T10:15:00.000""]","[""2166676"", ""2166677""]","[""REAR-LEFT-CORNER"", ""SIDE-RIGHT""]","[""IL""]","[""HONDA"", ""UNKNOWN""]","[""PARKED"", ""TURNING RIGHT""]","[""CR-V"", ""JET PROPELLED""]","[""0"", ""1""]","[""E"", ""S""]","[""1"", ""2""]","[""DRIVER"", ""PARKED""]","[""NONE""]","[""2065382"", ""2065387""]","[""SPORT UTILITY VEHICLE (SUV)"", ""TRACTOR W/ SEMI-TRAILER""]","[""NOT IN USE"", ""OTHER""]","[""2018"", ""2023""]","[""Y""]","[""Y""]",[],[],[],"[""Y""]",[],"[""Y""]",[],"[""Y""]",[],"[""Y""]",[],"[""Y""]","[""Y""]",[],['46'],"[""NOT APPLICABLE""]","[""TEST NOT OFFERED""]","[""NEW CASTLE""]","[""2025-10-09T10:15:00.000""]","[""OTHER""]","[""NOT OBSCURED""]","[""CA""]","[""DE""]","[""NONE""]",[],"[""O2166676""]","[""DRIVER""]","[""NORMAL""]","[""SAFETY BELT USED""]","[""M""]","[""DE""]","[""2065382""]","[""19720""]",[],[],[],[],[],[],2025,10,10,9,False,morning,41.83,-87.67,41.83_-87.67,46.0,46,46,OTHER,0
STRAIGHT AND LEVEL,611,2025-10-09 10:15:00,5,10,10,F64BF8A5B3A2F28B6B06094CEA42FEE2C785349CA0A2204D988A3D86D370721D81390D0C8E018AB01597FEB80F08B259AB7C2D45AC14FD07D1A0734EE159137F,NO INJURY / DRIVE AWAY,"OVER $1,500",NO CONTROLS,FIXED OBJECT,41.7573182763,DAYLIGHT,-87.6731866673,1,35,IMPROPER LANE USAGE,NO DEFECTS,DRY,IMPROPER LANE USAGE,S,7509,NO CONTROLS,NOT DIVIDED,CLEAR,1.0,0.0,0.0,0.0,0.0,1.0,1,1,[],[],[],"[""2025-10-09T10:15:00.000""]","[""2166695""]","[""REAR""]","[""KS""]","[""DART, KW""]","[""U-TURN""]","[""DART, KW""]","[""1""]","[""N""]","[""1""]","[""DRIVER""]","[""OTHER""]","[""2065417""]","[""SINGLE UNIT TRUCK WITH TRAILER""]","[""OTHER""]","[""2025""]",[],[],[],[],[],[],[],[],[],"[""N""]",[],[],"[""Y""]",[],[],[],['47'],"[""DID NOT DEPLOY""]","[""TEST NOT OFFERED""]","[""TEMPLE""]","[""2025-10-09T10:15:00.000""]","[""IMPROPER BACKING""]","[""NOT OBSCURED""]","[""A""]","[""TX""]","[""NONE""]","[""REFUSED""]","[""O2166695""]","[""DRIVER""]","[""NORMAL""]","[""USAGE UNKNOWN""]","[""F""]","[""TX""]","[""2065417""]","[""76504""]",[],[],[],[],[],[],2025,10,10,9,False,morning,41.76,-87.67,41.76_-87.67,47.0,47,47,OTHER,0
STRAIGHT AND LEVEL,1132,2025-10-09 10:13:00,5,10,10,9DA695DCD635C5BCA5BFD0F16CB8BFC085B7AD4CE05DE860249AB74EC37EA326758E17C550AF6CD4D27F98EA010F09EC4C869E6786AB4A49768DF4E00FE777D1,NO INJURY / DRIVE AWAY,"OVER $1,500",NO CONTROLS,PARKED MOTOR VEHICLE,41.8666608863,DAYLIGHT,-87.7323496177,2,30,UNABLE TO DETERMINE,NO DEFECTS,DRY,UNABLE TO DETERMINE,S,1141,NO CONTROLS,NOT DIVIDED,CLEAR,0.0,0.0,0.0,0.0,0.0,1.0,2,1,"[""Y""]",[],"[""Y""]","[""2025-10-09T10:13:00.000""]","[""2167908"", ""2167909""]","[""FRONT"", ""REAR""]","[""IL""]","[""FREIGHTLINER CORPORATION"", ""GENERAL MOTORS CORPORATION (GMC)""]","[""BACKING"", ""PARKED""]","[""FREIGHTLINER CORP."", ""TERRAIN""]","[""0"", ""1""]","[""S"", ""UNKNOWN""]","[""1"", ""2""]","[""DRIVER"", ""PARKED""]","[""NONE""]","[""2066545"", ""2066546""]","[""PASSENGER"", ""TRUCK - SINGLE UNIT""]","[""NOT IN USE"", ""OTHER""]","[""2007"", ""2019""]",[],[],[],[],[],[],[],[],[],[],[],[],[],[],"[""Y""]",[],['54'],"[""NOT APPLICABLE""]","[""TEST NOT OFFERED""]","[""CHICAGO""]","[""2025-10-09T10:13:00.000""]","[""NONE""]","[""NOT OBSCURED""]","[""A""]","[""IL""]","[""NONE""]",[],"[""O2167908""]","[""DRIVER""]","[""NORMAL""]","[""SAFETY BELT USED""]","[""M""]","[""IL""]","[""2066545""]","[""60609""]",[],[],[],[],[],[],2025,10,10,9,False,morning,41.87,-87.73,41.87_-87.73,54.0,54,54,OTHER,0
STRAIGHT AND LEVEL,1651,2025-10-09 10:10:00,5,10,10,767823B888CA50A3FD3796C66055DA598B792DE78AE58D73DBFE41049DF7526A7443FD1E42EE5A1B67B13AD3AC06269A63C9A079EA4AC6DB804BB5B1CFED2A91,NO INJURY / DRIVE AWAY,"OVER $1,500",NO CONTROLS,SIDESWIPE SAME DIRECTION,41.8736407663,DAYLIGHT,-87.6723897727,2,25,FAILING TO YIELD RIGHT-OF-WAY,NO DEFECTS,DRY,NOT APPLICABLE,W,1,NO CONTROLS,ONE-WAY,CLEAR,0.0,0.0,0.0,0.0,0.0,1.0,1,2,[],[],[],"[""2025-10-09T10:10:00.000""]","[""2166648"", ""2166649""]","[""SIDE-LEFT"", ""SIDE-RIGHT-REAR""]","[""IL""]","[""BUICK"", ""TOYOTA""]","[""LEAVING TRAFFIC LANE TO PARK"", ""STRAIGHT AHEAD""]","[""ENCLAVE"", ""SIENNA""]","[""1""]","[""SE""]","[""1"", ""2""]","[""DRIVER""]","[""NONE""]","[""2065343"", ""2065347""]","[""PASSENGER"", ""VAN/MINI-VAN""]","[""PERSONAL""]","[""2021"", ""2022""]","[""Y""]","[""Y""]",[],[],[],[],[],"[""Y""]","[""Y""]",[],[],[],[],[],[],[],"['49', '62']","[""NOT APPLICABLE""]","[""TEST NOT OFFERED""]","[""CHICAGO""]","[""2025-10-09T10:10:00.000""]","[""FAILED TO YIELD"", ""NONE""]","[""NOT OBSCURED""]","[""D""]","[""IL""]","[""NONE""]",[],"[""O2166648"", ""O2166649""]","[""DRIVER""]","[""NORMAL""]","[""SAFETY BELT USED""]","[""M""]","[""IL""]","[""2065343"", ""2065347""]","[""60632"", ""60659""]",[],[],[],[],[],[],2025,10,10,9,False,morning,41.87,-87.67,NAN_NAN,55.5,49,62,FAILURE-TO-YIELD,0
STRAIGHT AND LEVEL,112,2025-10-09 10:00:00,5,10,10,11D5A93143177B5139557D76C60630AF1410D1048261927D751B0D8F74616BAEB0A1D7319FF3B5A95F9246CA1ECFB7E7E11959E5F80BAB02780BC46677BAC0EB,NO INJURY / DRIVE AWAY,"OVER $1,500",NO CONTROLS,SIDESWIPE SAME DIRECTION,41.8818069601,DAYLIGHT,-87.6295431154,2,30,UNABLE TO DETERMINE,UNKNOWN,UNKNOWN,UNABLE TO DETERMINE,S,10,NO CONTROLS,ONE-WAY,CLEAR,0.0,0.0,0.0,0.0,0.0,1.0,1,2,"[""Y""]","[""Y""]",[],"[""2025-10-09T10:00:00.000""]","[""2167410"", ""2167411""]","[""FRONT-RIGHT-CORNER"", ""SIDE-LEFT""]","[""IL"", ""IN""]","[""JEEP"", ""MERCEDES-BENZ""]","[""CHANGING LANES"", ""STRAIGHT AHEAD""]","[""GLA"", ""GRAND CHEROKEE""]","[""1""]","[""UNKNOWN""]","[""1"", ""2""]","[""DRIVER""]","[""UNKNOWN""]","[""2066071"", ""2066073""]","[""SPORT UTILITY VEHICLE (SUV)""]","[""PERSONAL""]","[""2015"", ""2023""]",[],[],[],[],[],"[""Y""]",[],"[""Y""]","[""Y""]",[],[],"[""Y""]",[],[],[],[],"['60', '62']","[""DEPLOYMENT UNKNOWN""]","[""TEST NOT OFFERED""]","[""PLAINFIELD"", ""VALPARAISO""]","[""2025-10-09T10:00:00.000""]","[""IMPROPER LANE CHANGE"", ""UNKNOWN""]","[""UNKNOWN""]","[""D""]","[""IL"", ""IN""]","[""UNKNOWN""]",[],"[""O2167410"", ""O2167411""]","[""DRIVER""]","[""EMOTIONAL""]","[""USAGE UNKNOWN""]","[""M""]","[""IL"", ""IN""]","[""2066071"", ""2066073""]","[""46385"", ""60585""]",[],[],[],[],[],[],2025,10,10,9,False,morning,41.88,-87.63,41.88_-87.63,61.0,60,62,OTHER,0
STRAIGHT AND LEVEL,832,2025-10-09 10:00:00,5,10,10,D6DA7A5CDA708595402651AC787313BEB0E852D89988EC09EB2F5C9053A6CBF2CFB7D4DD61A0F5CDC8B8083E0257A3D5D45F20D9A4F881B39825FDB1FCB6FBD0,NO INJURY / DRIVE AWAY,"$501 - $1,500",NO CONTROLS,REAR TO REAR,41.7751165659,DAYLIGHT,-87.6833858389,2,35,UNABLE TO DETERMINE,UNKNOWN,DRY,NOT APPLICABLE,S,6515,NO CONTROLS,PARKING LOT,CLEAR,1.0,0.0,0.0,0.0,0.0,1.0,1,1,[],[],[],"[""2025-10-09T10:00:00.000""]","[""2180026"", ""2180027""]","[""REAR"", ""REAR-RIGHT-CORNER""]","[""IL"", ""TX""]","[""FORD"", ""TOYOTA""]","[""BACKING"", ""STRAIGHT AHEAD""]","[""COROLLA"", ""OTHER (EXPLAIN IN NARRATIVE)""]","[""1""]","[""E"", ""UNKNOWN""]","[""1"", ""2""]","[""DRIVER""]","[""NONE""]","[""2078025"", ""2078026""]","[""PASSENGER""]","[""PERSONAL"", ""UNKNOWN/NA""]","[""2013"", ""2021""]",[],"[""Y""]",[],[],[],[],[],[],[],[],[],[],[],"[""Y""]","[""Y""]",[],['23'],"[""DEPLOYMENT UNKNOWN"", ""NOT APPLICABLE""]","[""TEST NOT OFFERED""]","[""CHICAGO""]","[""2025-10-09T10:00:00.000""]","[""NONE""]","[""NOT OBSCURED"", ""UNKNOWN""]",[],"[""TX""]","[""NONE""]",[],"[""O2180026"", ""O2180027""]","[""DRIVER""]","[""NORMAL"", ""UNKNOWN""]","[""NONE PRESENT"", ""USAGE UNKNOWN""]","[""F"", ""M""]","[""IL""]","[""2078025"", ""2078026""]",[],[],[],[],[],[],[],2025,10,10,9,False,morning,41.78,-87.68,41.78_-87.68,23.0,23,23,OTHER,0
STRAIGHT AND LEVEL,431,2025-10-09 10:00:00,5,10,10,2C883844C7F75C937E7EAA3CA1D18E697B6E7D69E1C7B5804F5AF75BE0DB25EF37DEF8964DBAB17A7505F6366DB27A35B5462FA926E6BEAE9A1479C74C04D059,NO INJURY / DRIVE AWAY,"OVER $1,500",OTHER,ANGLE,41.7135997511,DAYLIGHT,-87.5659448883,2,30,FAILING TO YIELD RIGHT-OF-WAY,NO DEFECTS,DRY,DRIVING SKILLS/KNOWLEDGE/EXPERIENCE,S,9958,STOP SIGN/FLASHER,FOUR WAY,CLEAR,0.0,0.0,1.0,0.0,0.0,1.0,1,3,"[""Y""]",[],"[""Y""]","[""2025-10-09T10:00:00.000""]","[""2166669"", ""2166670""]","[""FRONT"", ""SIDE-RIGHT-REAR""]","[""IL"", ""IN""]","[""FORD"", ""HYUNDAI""]","[""STARTING IN TRAFFIC""]","[""ESCAPE"", ""SONATA""]","[""1"", ""3""]","[""E"", ""S""]","[""1"", ""2""]","[""DRIVER""]","[""UNKNOWN""]","[""2065374"", ""2065431""]","[""PASSENGER"", ""SPORT UTILITY VEHICLE (SUV)""]","[""PERSONAL""]","[""2014"", ""2015""]",[],"[""Y""]","[""Y""]",[],[],[],[],[],[],[],"[""2""]",[],[],"[""Y""]",[],[],"['0', '57', '75']","[""DID NOT DEPLOY"", ""NOT APPLICABLE""]","[""TEST NOT OFFERED""]","[""CHICAGO"", ""MERRILLVILLE""]","[""2025-10-09T10:00:00.000""]","[""FAILED TO YIELD"", ""NONE""]","[""NOT OBSCURED"", ""UNKNOWN""]","[""A"", ""D""]","[""IL""]","[""NONE""]",[],"[""O2166669"", ""O2166670"", ""P478083"", ""P478086""]","[""DRIVER"", ""PASSENGER""]","[""NORMAL""]","[""NONE PRESENT"", ""USAGE UNKNOWN""]","[""F"", ""M""]","[""IL"", ""IN""]","[""2065374"", ""2065431""]","[""46410"", ""60628""]",[],"[""3"", ""6""]",[],[],[],[],2025,10,10,9,False,morning,41.71,-87.57,41.71_-87.57,44.0,0,75,FAILURE-TO-YIELD,0
STRAIGHT AND LEVEL,1522,2025-10-09 10:00:00,5,10,10,1A9262F0A1ED361AF7E84CF35548027ABEA04CED46A9E9B0CBB7F4CEC6436A0D0CC0EDE940E42483626D14421CA6E7F4AC4B78959C798504D36F1FEDE9AFB140,NO INJURY / DRIVE AWAY,"OVER $1,500",FUNCTIONING PROPERLY,SIDESWIPE SAME DIRECTION,41.8657230652,DAYLIGHT,-87.7638499151,2,35,IMPROPER LANE USAGE,OTHER,DRY,NOT APPLICABLE,W,5550,TRAFFIC SIGNAL,NOT DIVIDED,CLEAR,0.0,0.0,0.0,0.0,1.0,1.0,1,2,"[""Y""]","[""Y""]",[],"[""2025-10-09T10:00:00.000""]","[""2166663"", ""2166664""]","[""FRONT-RIGHT-CORNER"", ""REAR-LEFT-CORNER""]","[""IL""]","[""CHEVROLET"", ""VOLKSWAGEN""]","[""CHANGING LANES"", ""STRAIGHT AHEAD""]","[""411 / 412"", ""EQUINOX""]","[""1"", ""2""]","[""W""]","[""1"", ""2""]","[""DRIVER""]","[""NONE""]","[""2065356"", ""2065363""]","[""PASSENGER"", ""SPORT UTILITY VEHICLE (SUV)""]","[""PERSONAL""]","[""2021"", ""2022""]",[],"[""N""]",[],[],[],"[""Y""]",[],[],[],[],"[""1""]","[""Y""]",[],"[""N""]",[],[],"['77', '89']","[""DID NOT DEPLOY""]","[""TEST NOT OFFERED""]","[""CHICAGO""]","[""2025-10-09T10:00:00.000""]","[""IMPROPER LANE CHANGE"", ""NONE""]","[""NOT OBSCURED""]","[""D""]","[""IL""]","[""NONE""]",[],"[""O2166663"", ""O2166664"", ""P478078""]","[""DRIVER"", ""PASSENGER""]","[""NORMAL""]","[""SAFETY BELT USED""]","[""F"", ""M""]","[""IL""]","[""2065356"", ""2065363""]","[""60638"", ""60653""]",[],"[""3""]",[],[],[],[],2025,10,10,9,False,morning,41.87,-87.76,41.87_-87.76,83.0,77,89,OTHER,0
STRAIGHT AND LEVEL,1634,2025-10-09 09:55:00,5,9,10,55240F90809D81E3BD61E1A6B8A00503F6308452F3F23B697E7BDDE6C1D190F760E52E48993DE4F65021E597771E183493958432E38BD7173F4B6853115BE842,NO INJURY / DRIVE AWAY,$500 OR LESS,NO CONTROLS,PARKED MOTOR VEHICLE,41.9532740216,DAYLIGHT,-87.749912576,2,15,UNABLE TO DETERMINE,NO DEFECTS,DRY,NOT APPLICABLE,W,4901,NO CONTROLS,PARKING LOT,CLEAR,0.0,1.0,0.0,0.0,0.0,1.0,2,0,[],[],[],"[""2025-10-09T09:55:00.000""]","[""2166641"", ""2166642""]","[""SIDE-LEFT"", ""SIDE-RIGHT-REAR""]","[""IL""]","[""BMW"", ""KIA""]","[""BACKING"", ""PARKED""]","[""535 SERIES"", ""SORENTO""]","[""0"", ""1""]","[""N"", ""S""]","[""1"", ""2""]","[""DRIVER"", ""PARKED""]","[""NONE"", ""UNKNOWN""]","[""2065334"", ""2065338""]","[""PASSENGER"", ""SPORT UTILITY VEHICLE (SUV)""]","[""NOT IN USE"", ""UNKNOWN/NA""]","[""2013"", ""2021""]",[],[],[],[],[],[],"[""Y""]",[],[],[],[],[],[],"[""Y""]",[],[],[],"[""DEPLOYMENT UNKNOWN""]","[""TEST NOT OFFERED""]","[""CHICAGO""]","[""2025-10-09T09:55:00.000""]","[""IMPROPER BACKING""]","[""UNKNOWN""]",[],"[""IL""]","[""NONE""]",[],"[""O2166641""]","[""DRIVER""]","[""UNKNOWN""]","[""USAGE UNKNOWN""]","[""M""]","[""IL""]","[""2065334""]","[""60641""]",[],[],[],[],[],[],2025,10,9,9,False,morning,41.95,-87.75,41.95_-87.75,0.0,0,0,OTHER,0
STRAIGHT AND LEVEL,225,2025-10-09 09:52:00,5,9,10,5DC40E60192B764863136029963C7E23448A0D935A9FD448B2C57A0798E29EB4F9D64AA4EE79387797918ECF0DF64C3774BFBC7DF4ABE439659F62FC581FBD94,NO INJURY / DRIVE AWAY,"OVER $1,500",NO CONTROLS,REAR END,41.7947940243,UNKNOWN,-87.6229151036,2,15,UNABLE TO DETERMINE,UNKNOWN,UNKNOWN,UNABLE TO DETERMINE,E,70,NO CONTROLS,DRIVEWAY,CLEAR,0.0,0.0,0.0,0.0,0.0,1.0,1,2,"[""Y""]",[],"[""Y""]","[""2025-10-09T09:52:00.000""]","[""2166691"", ""2166692""]","[""FRONT"", ""REAR""]","[""IL""]","[""FORD"", ""HYUNDAI""]","[""STRAIGHT AHEAD""]","[""OTHER (EXPLAIN IN NARRATIVE)""]","[""1""]","[""S""]","[""1"", ""2""]","[""DRIVER""]","[""UNKNOWN""]","[""2065386"", ""2065395""]","[""PASSENGER""]","[""PERSONAL""]","[""2011"", ""2016""]",[],[],"[""Y""]",[],[],"[""Y""]",[],[],[],[],[],[],[],"[""Y""]","[""Y""]",[],"['42', '70']","[""NOT APPLICABLE""]","[""TEST NOT OFFERED""]","[""CHICAGO""]","[""2025-10-09T09:52:00.000""]","[""UNKNOWN""]","[""UNKNOWN""]","[""D""]","[""IL""]","[""UNKNOWN""]",[],"[""O2166691"", ""O2166692""]","[""DRIVER""]","[""UNKNOWN""]","[""USAGE UNKNOWN""]","[""F"", ""M""]","[""IL""]","[""2065386"", ""2065395""]","[""60619"", ""60649""]",[],[],[],[],[],[],2025,10,9,9,False,morning,41.79,-87.62,41.79_-87.62,56.0,42,70,OTHER,0
STRAIGHT AND LEVEL,215,2025-10-09 09:45:00,5,9,10,8E2F88076A28F69FD5A8031AC728A22A01198044169BC0287E01E834DA8B0B014CAD5DCACA9E7380B0783971CEC2BB421C673611F7CB85DBE8071098B032B17C,INJURY AND / OR TOW DUE TO CRASH,"OVER $1,500",FUNCTIONING PROPERLY,ANGLE,41.8093981696,DAYLIGHT,-87.6227573197,2,30,"VISION OBSCURED (SIGNS, TREE LIMBS, BUILDINGS, ETC.)",NO DEFECTS,DRY,UNABLE TO DETERMINE,E,100,STOP SIGN/FLASHER,T-INTERSECTION,CLEAR,0.0,0.0,1.0,0.0,0.0,1.0,1,1,"[""Y""]","[""Y""]","[""Y""]","[""2025-10-09T09:45:00.000""]","[""2166645"", ""2166646""]","[""FRONT"", ""SIDE-LEFT-FRONT""]","[""IL""]","[""KIA"", ""PONTIAC""]","[""STRAIGHT AHEAD""]","[""SPORTAGE"", ""TORRENT""]","[""1""]","[""E"", ""S""]","[""1"", ""2""]","[""DRIVER""]","[""UNKNOWN""]","[""2065349"", ""2065361""]","[""PASSENGER""]","[""PERSONAL""]","[""2008"", ""2019""]","[""Y""]","[""Y""]","[""Y""]","[""PERSONAL TOW""]","[""Y""]",[],[],[],[],[],[],[],[],"[""Y""]",[],"[""UNKNOWN""]",['48'],"[""DEPLOYED, COMBINATION""]","[""TEST NOT OFFERED""]","[""CHICAGO""]","[""2025-10-09T09:45:00.000""]","[""OTHER"", ""UNKNOWN""]","[""OTHER"", ""UNKNOWN""]","[""D""]","[""IL""]","[""NONE""]",[],"[""O2166645"", ""O2166646""]","[""DRIVER""]","[""NORMAL""]","[""SAFETY BELT USED"", ""USAGE UNKNOWN""]","[""M""]","[""IL""]","[""2065349"", ""2065361""]","[""60615"", ""60617""]",[],[],[],[],[],[],2025,10,9,9,False,morning,41.81,-87.62,41.81_-87.62,48.0,48,48,LIGHTING/VISIBILITY,0
STRAIGHT AND LEVEL,835,2025-10-09 09:45:00,5,9,10,5A1D051652B9A74C1908336502A47DCFDE5C1703C61D55C34573E27F14BA0CFD77B5B642D6CD6B54F23EB806170D77E0DAFEFF251375B43A5D2092DE214FAD89,NO INJURY / DRIVE AWAY,"OVER $1,500",NO CONTROLS,SIDESWIPE SAME DIRECTION,41.7533621486,DAYLIGHT,-87.7023494509,2,30,IMPROPER OVERTAKING/PASSING,NO DEFECTS,DRY,FAILING TO YIELD RIGHT-OF-WAY,S,7701,NO CONTROLS,NOT DIVIDED,CLEAR,0.0,0.0,0.0,0.0,0.0,1.0,1,2,"[""Y""]","[""Y""]",[],"[""2025-10-09T09:45:00.000""]","[""2166667"", ""2166668""]","[""SIDE-LEFT"", ""SIDE-RIGHT""]",[],"[""ACURA"", ""NISSAN""]","[""CHANGING LANES"", ""STRAIGHT AHEAD""]","[""ADX"", ""VERSA""]","[""1""]","[""S""]","[""1"", ""2""]","[""DRIVER""]","[""NONE""]","[""2065364"", ""2065368""]","[""PASSENGER""]","[""PERSONAL""]","[""2010"", ""2015""]","[""Y""]","[""Y""]","[""Y""]",[],[],[],[],"[""Y""]","[""Y""]",[],[],"[""Y""]",[],[],[],[],"['38', '40']","[""DID NOT DEPLOY""]","[""TEST NOT OFFERED""]","[""CHICAGO"", ""MELROSE PARK""]","[""2025-10-09T09:45:00.000""]","[""IMPROPER LANE CHANGE"", ""NONE""]","[""NOT OBSCURED""]",[],"[""IL""]","[""NONE""]",[],"[""O2166667"", ""O2166668""]","[""DRIVER""]","[""NORMAL""]","[""SAFETY BELT USED""]","[""F"", ""M""]","[""IL""]","[""2065364"", ""2065368""]",[],[],[],[],[],[],[],2025,10,9,9,False,morning,41.75,-87.7,41.75_-87.7,39.0,38,40,OTHER,0
STRAIGHT AND LEVEL,1213,2025-10-09 09:45:00,5,9,10,A5D6D362C6DEBADBD273F0F1ED972B85F29D4A36A87716F85E4441B2C60F3DF9B3909A230AC93CCE78202E8F036400C543750350DBC087518B5F61D4DE21EA8D,NO INJURY / DRIVE AWAY,"OVER $1,500",FUNCTIONING PROPERLY,TURNING,41.9034135016,DAYLIGHT,-87.6663453165,2,30,UNABLE TO DETERMINE,NO DEFECTS,DRY,NOT APPLICABLE,N,1199,TRAFFIC SIGNAL,FOUR WAY,CLEAR,0.0,1.0,0.0,0.0,0.0,1.0,1,0,[],[],[],"[""2025-10-09T09:45:00.000""]","[""2166653"", ""2166654""]","[""REAR-LEFT-CORNER"", ""SIDE-RIGHT-REAR""]","[""IL""]","[""CHEVROLET"", ""FREIGHTLINER CORPORATION""]","[""SLOW/STOP IN TRAFFIC"", ""TURNING RIGHT""]","[""EQUINOX"", ""FREIGHTLINER CORP.""]","[""1"", ""2""]","[""N""]","[""1"", ""2""]","[""DRIVER""]","[""NONE"", ""UNKNOWN""]","[""2065348"", ""2065359""]","[""SPORT UTILITY VEHICLE (SUV)"", ""TRUCK - SINGLE UNIT""]","[""PERSONAL"", ""UNKNOWN/NA""]",[],[],[],[],[],[],"[""Y""]",[],[],[],[],"[""1""]",[],[],"[""Y""]",[],[],[],"[""DEPLOYMENT UNKNOWN"", ""DID NOT DEPLOY""]","[""TEST NOT OFFERED""]","[""BURBANK""]","[""2025-10-09T09:45:00.000""]","[""NONE"", ""UNKNOWN""]","[""NOT OBSCURED"", ""UNKNOWN""]",[],"[""IL""]","[""NONE""]",[],"[""O2166653"", ""O2166654"", ""P478079""]","[""DRIVER"", ""PASSENGER""]","[""NORMAL"", ""UNKNOWN""]","[""SAFETY BELT USED"", ""USAGE UNKNOWN""]","[""F"", ""M""]","[""IL""]","[""2065348"", ""2065359""]","[""60459""]",[],"[""3""]",[],[],[],[],2025,10,9,9,False,morning,41.9,-87.67,41.9_-87.67,0.0,0,0,OTHER,0