alignment,beat_of_occurrence,crash_date,crash_day_of_week,crash_hour,crash_month,crash_record_id,crash_type,damage,device_condition,first_crash_type,latitude,lighting_condition,longitude,num_units,posted_speed_limit,prim_contributory_cause,road_defect,roadway_surface_cond,sec_contributory_cause,street_direction,street_no,traffic_control_device,trafficway_type,weather_condition,private_property_i,hit_and_run_i,intersection_related_i,crash_date_est_i,work_zone_i,workers_present_i,veh_count,ppl_count,veh_area_01_i_list_json,veh_area_02_i_list_json,veh_area_12_i_list_json,veh_crash_date_list_json,veh_crash_unit_id_list_json,veh_first_contact_point_list_json,veh_lic_plate_state_list_json,veh_make_list_json,veh_maneuver_list_json,veh_model_list_json,veh_occupant_cnt_list_json,veh_travel_direction_list_json,veh_unit_no_list_json,veh_unit_type_list_json,veh_vehicle_defect_list_json,veh_vehicle_id_list_json,veh_vehicle_type_list_json,veh_vehicle_use_list_json,veh_vehicle_year_list_json,veh_area_03_i_list_json,veh_area_04_i_list_json,veh_area_11_i_list_json,veh_towed_by_list_json,veh_towed_i_list_json,veh_area_07_i_list_json,veh_area_99_i_list_json,veh_area_09_i_list_json,veh_area_10_i_list_json,veh_cmrc_veh_i_list_json,veh_num_passengers_list_json,veh_area_08_i_list_json,veh_area_00_i_list_json,veh_area_05_i_list_json,veh_area_06_i_list_json,veh_towed_to_list_json,ppl_age_list_json,ppl_airbag_deployed_list_json,ppl_bac_result_list_json,ppl_city_list_json,ppl_crash_date_list_json,ppl_driver_action_list_json,ppl_driver_vision_list_json,ppl_drivers_license_class_list_json,ppl_drivers_license_state_list_json,ppl_ejection_list_json,ppl_hospital_list_json,ppl_person_id_list_json,ppl_person_type_list_json,ppl_physical_condition_list_json,ppl_safety_equipment_list_json,ppl_sex_list_json,ppl_state_list_json,ppl_vehicle_id_list_json,ppl_zipcode_list_json,ppl_ems_agency_list_json,ppl_seat_no_list_json,ppl_pedpedal_action_list_json,ppl_pedpedal_location_list_json,ppl_pedpedal_visibility_list_json,ppl_ems_run_no_list_json,year,month,hour,day,is_weekend,hour_bin,lat_bin,lng_bin,grid_id,ppl_age_mean,ppl_age_min,ppl_age_max,prim_contributory_cause_group,ksi_flag
STRAIGHT AND LEVEL,834,2025-10-09 09:45:00,5,9,10,E57FABC2AA66546DEC918A7279092CBA9BDA38F5D87E8B33A85D7E222272A3EE144AF5716E9C4E74F65052A13A26F96053B57B3FC234CF6FFF40F6E0E21C0BEF,NO INJURY / DRIVE AWAY,$500 OR LESS,FUNCTIONING PROPERLY,SIDESWIPE SAME DIRECTION,41.7350158512,DAYLIGHT,-87.7215901454,2,30,UNABLE TO DETERMINE,NO DEFECTS,DRY,UNABLE TO DETERMINE,S,8654,TRAFFIC SIGNAL,NOT DIVIDED,CLEAR,0.0,1.0,0.0,0.0,0.0,1.0,1,1,[],[],[],"[""2025-10-09T09:45:00.000""]","[""2166616"", ""2166617""]","[""SIDE-LEFT"", ""SIDE-RIGHT""]","[""IL""]","[""NOVA BUS"", ""UNKNOWN""]","[""SLOW/STOP IN TRAFFIC"", ""STRAIGHT AHEAD""]","[""LFS"", ""MOTORIZED""]","[""1""]","[""S""]","[""1"", ""2""]","[""DRIVER""]","[""NONE"", ""UNKNOWN""]","[""2065313"", ""2065316""]","[""BUS OVER 15 PASS."", ""PICKUP""]","[""CTA"", ""UNKNOWN/NA""]","[""2023""]",[],[],[],[],[],[],"[""Y""]",[],"[""Y""]",[],[],[],[],[],[],[],['66'],"[""DEPLOYMENT UNKNOWN"", ""DID NOT DEPLOY""]","[""TEST NOT OFFERED""]","[""LANSING""]","[""2025-10-09T09:45:00.000""]","[""NONE"", ""UNKNOWN""]","[""NOT OBSCURED"", ""UNKNOWN""]","[""B""]","[""IL""]","[""NONE""]",[],"[""O2166616"", ""O2166617""]","[""DRIVER""]","[""NORMAL"", ""UNKNOWN""]","[""SAFETY BELT USED"", ""USAGE UNKNOWN""]","[""F"", ""X""]","[""IL""]","[""2065313"", ""2065316""]","[""60438""]",[],[],[],[],[],[],2025,10,9,9,False,morning,41.74,-87.72,41.74_-87.72,66.0,66,66,OTHER,0
STRAIGHT AND LEVEL,1612,2025-10-09 09:40:00,5,9,10,69C6E203824BDF58B8DD4EEE5CAE24E961F77BB2B7D24DE6BFBB17FBD7C160959165CE483CD4F2BD620C7457613FB0ED18FF2489B37959AD348896E7B90735E9,NO INJURY / DRIVE AWAY,"OVER $1,500",FUNCTIONING PROPERLY,REAR END,41.9960312871,DAYLIGHT,-87.8069561042,2,30,FOLLOWING TOO CLOSELY,NO DEFECTS,DRY,FAILING TO REDUCE SPEED TO AVOID CRASH,N,6316,TRAFFIC SIGNAL,NOT DIVIDED,CLEAR,0.0,0.0,0.0,0.0,0.0,1.0,1,2,[],[],"[""Y""]","[""2025-10-09T09:40:00.000""]","[""2166639"", ""2166640""]","[""FRONT"", ""REAR""]","[""IL""]","[""HYUNDAI"", ""TOYOTA""]","[""SLOW/STOP IN TRAFFIC"", ""STRAIGHT AHEAD""]","[""CAMRY"", ""SONATA""]","[""1""]","[""S""]","[""1"", ""2""]","[""DRIVER""]","[""NONE""]","[""2065335"", ""2065340""]","[""PASSENGER""]","[""PERSONAL""]","[""2010"", ""2023""]",[],[],[],[],[],[],[],[],[],[],[],[],[],[],"[""Y""]",[],"['38', '55']","[""DID NOT DEPLOY""]","[""TEST NOT OFFERED""]","[""CHICAGO""]","[""2025-10-09T09:40:00.000""]","[""FAILED TO YIELD"", ""NONE""]","[""NOT OBSCURED"", ""UNKNOWN""]","[""D""]","[""IL""]","[""NONE""]",[],"[""O2166639"", ""O2166640""]","[""DRIVER""]","[""NORMAL"", ""UNKNOWN""]","[""SAFETY BELT USED""]","[""M""]","[""IL""]","[""2065335"", ""2065340""]","[""60630"", ""60631""]",[],[],[],[],[],[],2025,10,9,9,False,morning,42.0,-87.81,42.0_-87.81,46.5,38,55,FOLLOWING TOO CLOSELY,0
STRAIGHT AND LEVEL,1412,2025-10-09 09:39:00,5,9,10,97B4C5BCA15C51144EB28BBEFB54F0EF34A18455BB2567BCE84DCB5BFBA686B2263FE3D46CA2E1C2766C8D90DD4F9B81993DF266A48F09EE1DA100441AD9C037,INJURY AND / OR TOW DUE TO CRASH,"OVER $1,500",FUNCTIONING PROPERLY,FIXED OBJECT,41.9309063399,DAYLIGHT,-87.7121223653,1,30,UNABLE TO DETERMINE,UNKNOWN,DRY,UNABLE TO DETERMINE,N,2725,STOP SIGN/FLASHER,NOT DIVIDED,CLEAR,1.0,0.0,0.0,0.0,0.0,1.0,1,1,"[""Y""]",[],"[""Y""]","[""2025-10-09T09:39:00.000""]","[""2170821""]","[""FRONT""]","[""IL""]","[""HONDA""]","[""STRAIGHT AHEAD""]","[""ACCORD""]","[""1""]","[""E""]","[""1""]","[""DRIVER""]","[""UNKNOWN""]","[""2069316""]","[""PASSENGER""]","[""PERSONAL""]","[""2015""]",[],[],"[""Y""]",[],"[""Y""]",[],[],[],[],[],[],[],[],[],[],[],['42'],"[""DEPLOYMENT UNKNOWN""]","[""TEST NOT OFFERED""]","[""CHICAGO""]","[""2025-10-09T09:39:00.000""]","[""UNKNOWN""]","[""UNKNOWN""]",[],"[""IL""]","[""NONE""]",[],"[""O2170821""]","[""DRIVER""]","[""UNKNOWN""]","[""USAGE UNKNOWN""]","[""F""]","[""IL""]","[""2069316""]","[""60647""]",[],[],[],[],[],[],2025,10,9,9,False,morning,41.93,-87.71,41.93_-87.71,42.0,42,42,OTHER,0
STRAIGHT AND LEVEL,613,2025-10-09 09:30:00,5,9,10,E9B62DCAFD6B909C35A933869CF568CE33CEC5CB2FFA5DCB0A45EACA0C5626C6F75666AF0D25FA848596A16C44B92660582B13A5AD6A7D89BD936F4FA0E1C31A,NO INJURY / DRIVE AWAY,"OVER $1,500",NO CONTROLS,PARKED MOTOR VEHICLE,41.7376412448,DAYLIGHT,-87.6536176491,2,30,UNABLE TO DETERMINE,NO DEFECTS,DRY,UNABLE TO DETERMINE,W,1205,NO CONTROLS,ONE-WAY,CLEAR,0.0,1.0,0.0,0.0,0.0,1.0,2,0,[],[],[],"[""2025-10-09T09:30:00.000""]","[""2166712"", ""2166713""]","[""FRONT-LEFT-CORNER"", ""REAR-RIGHT-CORNER""]","[""IL""]","[""FORD"", ""UNKNOWN""]","[""PARKED"", ""STRAIGHT AHEAD""]","[""ECOSPORT"", ""OTHER (EXPLAIN IN NARRATIVE)""]","[""0"", ""1""]","[""UNKNOWN"", ""W""]","[""1"", ""2""]","[""DRIVER"", ""PARKED""]","[""NONE""]","[""2065399"", ""2065404""]","[""SPORT UTILITY VEHICLE (SUV)"", ""UNKNOWN/NA""]","[""NOT IN USE"", ""UNKNOWN/NA""]","[""2020"", ""9999""]",[],[],"[""Y""]",[],[],[],[],[],[],[],[],[],[],"[""Y""]",[],[],[],"[""DEPLOYMENT UNKNOWN""]","[""TEST NOT OFFERED""]",[],"[""2025-10-09T09:30:00.000""]","[""NONE""]","[""UNKNOWN""]",[],[],"[""NONE""]",[],"[""O2166712""]","[""DRIVER""]","[""UNKNOWN""]","[""USAGE UNKNOWN""]","[""X""]",[],"[""2065399""]",[],[],[],[],[],[],[],2025,10,9,9,False,morning,41.74,-87.65,41.74_-87.65,0.0,0,0,OTHER,0
STRAIGHT AND LEVEL,1215,2025-10-09 09:11:00,5,9,10,8DE718243DCF4C809719346BC3AD6A636EC87283275500CD784AA22337D1785165BF0213FC675B660C39D63F96FA4CFEF0053AB12D0B31A2417C259411E7F54C,NO INJURY / DRIVE AWAY,"$501 - $1,500",FUNCTIONING PROPERLY,ANGLE,41.8935247034,DAYLIGHT,-87.6624124211,2,30,DISREGARDING STOP SIGN,NO DEFECTS,DRY,NOT APPLICABLE,W,1400,STOP SIGN/FLASHER,NOT DIVIDED,CLEAR,0.0,0.0,1.0,0.0,0.0,1.0,1,2,"[""Y""]","[""Y""]","[""Y""]","[""2025-10-09T09:11:00.000""]","[""2166595"", ""2166596""]","[""FRONT"", ""SIDE-RIGHT""]","[""IL""]","[""HYUNDAI"", ""KIA""]","[""STRAIGHT AHEAD""]","[""ELANTRA"", ""SOUL""]","[""1""]","[""E"", ""N""]","[""1"", ""2""]","[""DRIVER""]","[""UNKNOWN""]","[""2065295"", ""2065307""]","[""PASSENGER""]","[""PERSONAL""]","[""2020""]","[""Y""]","[""Y""]","[""Y""]",[],[],[],[],[],[],[],[],[],[],"[""Y""]",[],[],"['46', '77']","[""DID NOT DEPLOY""]","[""TEST NOT OFFERED""]","[""CHICAGO""]","[""2025-10-09T09:11:00.000""]","[""DISREGARDED CONTROL DEVICES"", ""NONE""]","[""UNKNOWN""]","[""D"", ""DM""]","[""IL""]","[""NONE""]",[],"[""O2166595"", ""O2166596""]","[""DRIVER""]","[""NORMAL""]","[""SAFETY BELT USED""]","[""F"", ""M""]","[""IL""]","[""2065295"", ""2065307""]","[""60642""]",[],[],[],[],[],[],2025,10,9,9,False,morning,41.89,-87.66,41.89_-87.66,61.5,46,77,OTHER,0
STRAIGHT AND LEVEL,131,2025-10-09 09:08:00,5,9,10,A053FF21FA9331B2D82DD61E810BC6AC95AE1C6985B8A0DF65BADAB8BD400C786A12835B18B9BEDEF22606AC6838BCC1572C58065EB05E1BE8B7F252184C6448,INJURY AND / OR TOW DUE TO CRASH,$500 OR LESS,FUNCTIONING PROPERLY,PEDESTRIAN,41.8555036521,DAYLIGHT,-87.6270006168,2,35,UNABLE TO DETERMINE,NO DEFECTS,DRY,FAILING TO YIELD RIGHT-OF-WAY,S,1999,TRAFFIC SIGNAL,FOUR WAY,CLEAR,0.0,1.0,0.0,0.0,0.0,1.0,2,1,[],[],[],"[""2025-10-09T09:08:00.000""]","[""2166647"", ""2166686""]","[""UNKNOWN""]","[""IL""]","[""HONDA""]","[""TURNING LEFT""]","[""OTHER (EXPLAIN IN NARRATIVE)""]","[""1""]","[""SE""]","[""1"", ""2""]","[""DRIVER"", ""PEDESTRIAN""]","[""UNKNOWN""]","[""2065345""]","[""PASSENGER""]","[""UNKNOWN/NA""]","[""2018""]",[],[],[],[],[],[],[],[],[],[],[],[],[],[],[],[],['25'],"[""DEPLOYMENT UNKNOWN""]","[""TEST NOT OFFERED""]","[""CHICAGO""]","[""2025-10-09T09:08:00.000""]","[""FAILED TO YIELD"", ""NONE""]","[""OTHER"", ""UNKNOWN""]",[],[],"[""NONE""]",[],"[""O2166647"", ""O2166686""]","[""DRIVER"", ""PEDESTRIAN""]","[""NORMAL"", ""UNKNOWN""]","[""USAGE UNKNOWN""]","[""F"", ""X""]","[""IL""]","[""2065345""]",[],[],[],"[""CROSSING - WITH SIGNAL""]","[""IN CROSSWALK""]","[""CONTRASTING CLOTHING""]",[],2025,10,9,9,False,morning,41.86,-87.63,41.86_-87.63,25.0,25,25,OTHER,1
STRAIGHT AND LEVEL,614,2025-10-09 09:05:00,5,9,10,D2E89E4A49E286F49552134ABACEF783A822A837D405DEFD244EC0964C3AEBCB62AEE5544F2E25A9B46DADFDA5DA0A321918898C38B41FDDD2D2C0A46AB134F1,NO INJURY / DRIVE AWAY,$500 OR LESS,FUNCTIONING PROPERLY,TURNING,41.7357436175,DAYLIGHT,-87.6729339147,2,30,UNABLE TO DETERMINE,NO DEFECTS,DRY,UNABLE TO DETERMINE,S,8658,TRAFFIC SIGNAL,NOT DIVIDED,CLEAR,0.0,1.0,0.0,0.0,0.0,1.0,1,0,[],"[""Y""]",[],"[""2025-10-09T09:05:00.000""]","[""2166593"", ""2166594""]","[""SIDE-RIGHT"", ""UNKNOWN""]","[""IL""]","[""CHEVROLET"", ""FORD""]","[""TURNING RIGHT""]","[""COURIER"", ""VAN""]","[""1""]","[""NW""]","[""1"", ""2""]","[""DRIVER""]","[""UNKNOWN""]","[""2065287"", ""2065293""]","[""BUS UP TO 15 PASS."", ""VAN/MINI-VAN""]","[""PERSONAL"", ""UNKNOWN/NA""]","[""2004"", ""2020""]",[],[],[],[],[],[],"[""Y""]",[],[],[],[],[],[],[],[],[],[],"[""DEPLOYMENT UNKNOWN"", ""NOT APPLICABLE""]","[""TEST NOT OFFERED""]","[""RIVERDALE""]","[""2025-10-09T09:05:00.000""]","[""UNKNOWN""]","[""UNKNOWN""]","[""D""]","[""IL""]","[""NONE""]",[],"[""O2166593"", ""O2166594""]","[""DRIVER""]","[""NORMAL"", ""UNKNOWN""]","[""USAGE UNKNOWN""]","[""F"", ""M""]","[""IL""]","[""2065287"", ""2065293""]","[""60827""]",[],[],[],[],[],[],2025,10,9,9,False,morning,41.74,-87.67,41.74_-87.67,0.0,0,0,OTHER,0
STRAIGHT AND LEVEL,1832,2025-10-09 09:03:00,5,9,10,9FCDDDF4C1150FEA1003E5F7B559A7FC57EB93265A902DDBF9B7307CE1531B138428DFE442F42AB860DA651E184C73B7CC49981D3CF5CCDA0EB401F3D3B01C71,INJURY AND / OR TOW DUE TO CRASH,"$501 - $1,500",NO CONTROLS,PEDALCYCLIST,41.8979820239,DAYLIGHT,-87.6283821732,2,30,IMPROPER TURNING/NO SIGNAL,NO DEFECTS,DRY,NOT APPLICABLE,N,842,NO CONTROLS,NOT DIVIDED,CLEAR,0.0,0.0,0.0,0.0,0.0,1.0,2,2,[],[],[],"[""2025-10-09T09:03:00.000""]","[""2166597"", ""2166598""]","[""FRONT-LEFT-CORNER""]","[""IL""]","[""TOYOTA""]","[""U-TURN""]","[""SIENNA""]","[""1""]","[""S""]","[""1"", ""2""]","[""BICYCLE"", ""DRIVER""]","[""UNKNOWN""]","[""2065380""]","[""UNKNOWN/NA""]","[""UNKNOWN/NA""]","[""2021""]",[],[],"[""Y""]",[],[],[],[],[],[],[],[],[],[],[],[],[],"['27', '52']","[""NOT APPLICABLE""]","[""TEST NOT OFFERED""]","[""CHICAGO""]","[""2025-10-09T09:03:00.000""]","[""IMPROPER TURN"", ""NONE""]","[""NOT OBSCURED"", ""UNKNOWN""]","[""D""]","[""IL""]","[""NONE"", ""TOTALLY EJECTED""]","[""NORTHWESTERN HOSPITAL""]","[""O2166597"", ""O2166598""]","[""BICYCLE"", ""DRIVER""]","[""NORMAL""]","[""BICYCLE HELMET (PEDACYCLIST INVOLVED ONLY)"", ""USAGE UNKNOWN""]","[""M""]","[""IL""]","[""2065380""]","[""60611"", ""60641""]","[""EMS""]",[],"[""NO ACTION""]","[""IN ROADWAY""]","[""NO CONTRASTING CLOTHING""]",[],2025,10,9,9,False,morning,41.9,-87.63,41.9_-87.63,39.5,27,52,OTHER,1
STRAIGHT AND LEVEL,2032,2025-10-09 08:57:00,5,8,10,4F8762F63E1271DB90F4033453C1ACF029D1E173271F8CE477F156199BD8DE408A61382A7E641A291E783C84E20A5E1B9F8641746A5808640EF28A18098E9E5E,INJURY AND / OR TOW DUE TO CRASH,"OVER $1,500",NO CONTROLS,PEDALCYCLIST,41.9689533057,DAYLIGHT,-87.6725221166,2,30,UNABLE TO DETERMINE,NO DEFECTS,DRY,NOT APPLICABLE,W,1736,NO CONTROLS,FOUR WAY,CLEAR,0.0,0.0,1.0,0.0,0.0,1.0,2,2,[],[],[],"[""2025-10-09T08:57:00.000""]","[""2166703"", ""2166716""]","[""FRONT""]","[""IL""]","[""TOYOTA""]","[""TURNING LEFT""]","[""PRIUS""]","[""1""]","[""E""]","[""1"", ""2""]","[""BICYCLE"", ""DRIVER""]","[""UNKNOWN""]","[""2065405""]","[""PASSENGER""]","[""PERSONAL""]","[""2012""]",[],[],[],[],[],[],[],[],[],[],[],[],[],[],[],[],"['15', '31']","[""DID NOT DEPLOY""]","[""TEST NOT OFFERED""]","[""CHICAGO""]","[""2025-10-09T08:57:00.000""]","[""UNKNOWN""]","[""NOT OBSCURED"", ""UNKNOWN""]","[""D""]","[""IL""]","[""NONE""]","[""THOREK""]","[""O2166703"", ""O2166716""]","[""BICYCLE"", ""DRIVER""]","[""NORMAL""]","[""HELMET NOT USED"", ""USAGE UNKNOWN""]","[""F"", ""M""]","[""IL""]","[""2065405""]","[""60625""]","[""CFD""]",[],"[""CROSSING - NO CONTROLS (NOT AT INTERSECTION)""]","[""IN CROSSWALK""]","[""NO CONTRASTING CLOTHING""]",[],2025,10,8,9,False,morning,41.97,-87.67,41.97_-87.67,23.0,15,31,OTHER,1
STRAIGHT AND LEVEL,531,2025-10-09 08:55:00,5,8,10,E42F87110D075D3446424B1773A35297E420141E2565076144BB32E011699EE2BF2E0B5DDC6A547F44EB1C8870F6C81C619858EB19FAFCD2E6069B884782B41A,INJURY AND / OR TOW DUE TO CRASH,"OVER $1,500",NO CONTROLS,TURNING,41.6927421487,DAYLIGHT,-87.6100155361,2,35,FAILING TO YIELD RIGHT-OF-WAY,NO DEFECTS,DRY,FAILING TO YIELD RIGHT-OF-WAY,S,11100,NO CONTROLS,FOUR WAY,CLEAR,0.0,0.0,1.0,0.0,0.0,1.0,1,4,[],[],[],"[""2025-10-09T08:55:00.000""]","[""2166637"", ""2166638""]","[""FRONT-LEFT-CORNER"", ""REAR-LEFT-CORNER""]","[""IL""]","[""CHEVROLET"", ""NEW FLYER""]","[""STRAIGHT AHEAD"", ""TURNING LEFT""]","[""BLAZER"", ""OTHER (EXPLAIN IN NARRATIVE)""]","[""1"", ""3""]","[""E"", ""W""]","[""1"", ""2""]","[""DRIVER""]","[""NONE""]","[""2065336"", ""2065351""]","[""BUS OVER 15 PASS."", ""SPORT UTILITY VEHICLE (SUV)""]","[""CTA"", ""PERSONAL""]","[""2006"", ""2019""]",[],[],"[""Y""]","[""PRIVATE TOW""]","[""Y""]","[""Y""]",[],"[""Y""]","[""Y""]",[],"[""2""]","[""Y""]",[],"[""Y""]","[""Y""]","[""UNKNOWN""]","['15', '16', '18', '51']","[""DEPLOYED, COMBINATION"", ""DID NOT DEPLOY""]","[""TEST NOT OFFERED""]","[""CHICAGO"", ""CRETE""]","[""2025-10-09T08:55:00.000""]","[""FAILED TO YIELD"", ""NONE""]","[""NOT OBSCURED"", ""UNKNOWN""]","[""A"", ""D""]","[""IL""]","[""NONE""]","[""LITTLE COMPANY OF MARY"", ""ROSELAND HOSPITAL""]","[""O2166637"", ""O2166638"", ""P478072"", ""P478073""]","[""DRIVER"", ""PASSENGER""]","[""NORMAL""]","[""NONE PRESENT"", ""USAGE UNKNOWN""]","[""F"", ""M""]","[""IL""]","[""2065336"", ""2065351""]","[""60417"", ""60628"", ""60805""]","[""CFD"", ""CFD #60""]","[""10"", ""11""]",[],[],[],[],2025,10,8,9,False,morning,41.69,-87.61,41.69_-87.61,25.0,15,51,FAILURE-TO-YIELD,1
CURVE ON GRADE,114,2025-10-09 08:46:00,5,8,10,ACC3C7686E36468A5508E4CE3A75874F32B3B10CA87A67099DC9FF4F5F652F3D2F979C74EA6FEEABA884215B911FC08C38F006F23F2934BFAE3FAD8A73D1D35F,NO INJURY / DRIVE AWAY,"OVER $1,500",FUNCTIONING PROPERLY,TURNING,41.8813145641,DAYLIGHT,-87.6176292132,2,40,IMPROPER TURNING/NO SIGNAL,NO DEFECTS,DRY,FAILING TO YIELD RIGHT-OF-WAY,S,50,TRAFFIC SIGNAL,DIVIDED - W/MEDIAN BARRIER,CLEAR,0.0,1.0,1.0,0.0,0.0,1.0,1,1,"[""Y""]",[],[],"[""2025-10-09T08:46:00.000""]","[""2166619"", ""2166620""]","[""FRONT-RIGHT-CORNER"", ""SIDE-LEFT""]","[""IL""]","[""CHEVROLET"", ""HONDA""]","[""STRAIGHT AHEAD"", ""TURNING RIGHT""]","[""CIVIC"", ""MALIBU""]","[""1""]","[""S""]","[""1"", ""2""]","[""DRIVER""]","[""NONE"", ""UNKNOWN""]","[""2065315"", ""2065317""]","[""PASSENGER""]","[""PERSONAL"", ""UNKNOWN/NA""]","[""2023""]",[],[],[],[],[],[],[],"[""Y""]","[""Y""]",[],[],"[""Y""]",[],[],[],[],['32'],"[""DEPLOYMENT UNKNOWN"", ""NOT APPLICABLE""]","[""TEST NOT OFFERED""]","[""CHICAGO""]","[""2025-10-09T08:46:00.000""]","[""IMPROPER TURN"", ""NONE""]","[""NOT OBSCURED"", ""UNKNOWN""]","[""D""]","[""IL""]","[""NONE""]",[],"[""O2166619"", ""O2166620""]","[""DRIVER""]","[""NORMAL"", ""UNKNOWN""]","[""SAFETY BELT USED"", ""USAGE UNKNOWN""]","[""F"", ""M""]","[""IL""]","[""2065315"", ""2065317""]","[""60619""]",[],[],[],[],[],[],2025,10,8,9,False,morning,41.88,-87.62,41.88_-87.62,32.0,32,32,OTHER,0
STRAIGHT AND LEVEL,2212,2025-10-09 08:45:00,5,8,10,4A3866408DD50731229076F30258935AB438244F221322BE1A7132D1BE8A55295D7FB379D1A5C7D5893BDA3E70A2A9732844BDAECE2C953E6A19314CC7701F03,NO INJURY / DRIVE AWAY,"OVER $1,500",NO CONTROLS,REAR END,41.7062881165,DAYLIGHT,-87.68147073,2,30,UNABLE TO DETERMINE,UNKNOWN,UNKNOWN,UNABLE TO DETERMINE,S,10301,TRAFFIC SIGNAL,NOT DIVIDED,CLEAR,0.0,1.0,0.0,0.0,0.0,1.0,1,1,[],[],"[""Y""]","[""2025-10-09T08:45:00.000""]","[""2166589"", ""2166590""]","[""FRONT"", ""REAR""]","[""IL""]","[""JEEP"", ""NISSAN""]","[""STRAIGHT AHEAD""]","[""CHEROKEE"", ""KICKS""]","[""1""]","[""S""]","[""1"", ""2""]","[""DRIVER""]","[""UNKNOWN""]","[""2065288"", ""2065294""]","[""SPORT UTILITY VEHICLE (SUV)""]","[""PERSONAL""]","[""2015"", ""2025""]",[],[],[],[],[],[],[],[],[],[],[],[],[],[],"[""Y""]",[],['46'],"[""DEPLOYMENT UNKNOWN"", ""DID NOT DEPLOY""]","[""TEST NOT OFFERED""]","[""CHICAGO""]","[""2025-10-09T08:45:00.000""]","[""UNKNOWN""]","[""UNKNOWN""]","[""D""]","[""IL""]","[""NONE"", ""UNKNOWN""]",[],"[""O2166589"", ""O2166590""]","[""DRIVER""]","[""UNKNOWN""]","[""SAFETY BELT USED"", ""USAGE UNKNOWN""]","[""F""]","[""IL""]","[""2065288"", ""2065294""]","[""60620""]",[],[],[],[],[],[],2025,10,8,9,False,morning,41.71,-87.68,41.71_-87.68,46.0,46,46,OTHER,0
STRAIGHT AND LEVEL,1814,2025-10-09 08:36:00,5,8,10,56FF8F55207745BC8F0D205007E722CE9A60BF03BE328D6FB2D2FB90B2A2D3CC612FAC36AD850A503145E32A97555E60F102AB9946E225B1B56CE2D426546637,NO INJURY / DRIVE AWAY,$500 OR LESS,FUNCTIONING PROPERLY,PARKED MOTOR VEHICLE,41.914705258,DAYLIGHT,-87.6343431228,2,30,UNABLE TO DETERMINE,NO DEFECTS,DRY,NOT APPLICABLE,W,165,STOP SIGN/FLASHER,ONE-WAY,CLEAR,0.0,0.0,0.0,0.0,0.0,1.0,2,2,[],[],[],"[""2025-10-09T08:36:00.000""]","[""2166606"", ""2166607""]","[""SIDE-LEFT-FRONT"", ""SIDE-RIGHT-FRONT""]","[""IL"", ""IN""]","[""CHEVROLET"", ""JEEP""]","[""PARKED"", ""STRAIGHT AHEAD""]","[""COMPASS"", ""OTHER (EXPLAIN IN NARRATIVE)""]","[""0"", ""2""]","[""E""]","[""1"", ""2""]","[""DRIVER"", ""PARKED""]","[""UNKNOWN""]","[""2065309"", ""2065321""]","[""PASSENGER"", ""TRUCK - SINGLE UNIT""]","[""COMMERCIAL - SINGLE UNIT"", ""PERSONAL""]","[""2025""]",[],[],"[""Y""]",[],[],[],[],[],[],"[""Y""]","[""1""]",[],"[""Y""]",[],[],[],"['20', '37']","[""DEPLOYMENT UNKNOWN"", ""DID NOT DEPLOY""]","[""TEST NOT OFFERED""]","[""CHICAGO""]","[""2025-10-09T08:36:00.000""]","[""UNKNOWN""]","[""UNKNOWN""]","[""C""]","[""IL""]","[""NONE"", ""UNKNOWN""]",[],"[""O2166606"", ""P478077""]","[""DRIVER"", ""PASSENGER""]","[""NORMAL""]","[""USAGE UNKNOWN""]","[""M""]","[""IL""]","[""2065309""]","[""60614"", ""60629""]",[],"[""3""]",[],[],[],[],2025,10,8,9,False,morning,41.91,-87.63,41.91_-87.63,28.5,20,37,OTHER,0
STRAIGHT AND LEVEL,1134,2025-10-09 08:35:00,5,8,10,B9FC056874822D5A7985EA3587D49F199920F219BFBC2B6CC13731DF991D358251A35E912F22FA240C656EC2C3F35DF986CF7F833B91F1E9E37F214E99AE448A,NO INJURY / DRIVE AWAY,"OVER $1,500",NO CONTROLS,SIDESWIPE OPPOSITE DIRECTION,41.8710879828,DAYLIGHT,-87.7038028797,2,30,UNABLE TO DETERMINE,NO DEFECTS,DRY,UNABLE TO DETERMINE,W,3108,NO CONTROLS,NOT DIVIDED,CLEAR,0.0,1.0,0.0,0.0,0.0,1.0,1,1,[],[],[],"[""2025-10-09T08:35:00.000""]","[""2166633"", ""2166634""]","[""OTHER"", ""REAR-LEFT-CORNER""]","[""IL""]","[""FORD"", ""UNKNOWN""]","[""OTHER"", ""STRAIGHT AHEAD""]","[""OTHER (EXPLAIN IN NARRATIVE)""]","[""1""]","[""E"", ""W""]","[""1"", ""2""]","[""DRIVER""]","[""NONE"", ""UNKNOWN""]","[""2065327"", ""2065331""]","[""BUS UP TO 15 PASS."", ""SPORT UTILITY VEHICLE (SUV)""]","[""OTHER"", ""UNKNOWN/NA""]","[""2020""]",[],[],[],[],[],"[""Y""]",[],[],[],[],[],"[""Y""]",[],[],[],[],['47'],"[""DEPLOYMENT UNKNOWN"", ""DID NOT DEPLOY""]","[""TEST NOT OFFERED""]","[""ALSIP""]","[""2025-10-09T08:35:00.000""]","[""NONE"", ""UNKNOWN""]","[""NOT OBSCURED"", ""UNKNOWN""]","[""C""]","[""IL""]","[""NONE""]",[],"[""O2166633"", ""O2166634""]","[""DRIVER""]","[""NORMAL"", ""UNKNOWN""]","[""SAFETY BELT USED"", ""USAGE UNKNOWN""]","[""F"", ""X""]","[""IL""]","[""2065327"", ""2065331""]","[""60803""]",[],[],[],[],[],[],2025,10,8,9,False,morning,41.87,-87.7,41.87_-87.7,47.0,47,47,OTHER,0