alignment,beat_of_occurrence,crash_date,crash_day_of_week,crash_hour,crash_month,crash_record_id,crash_type,damage,device_condition,first_crash_type,latitude,lighting_condition,longitude,num_units,posted_speed_limit,prim_contributory_cause,road_defect,roadway_surface_cond,sec_contributory_cause,street_direction,street_no,traffic_control_device,trafficway_type,weather_condition,private_property_i,hit_and_run_i,intersection_related_i,crash_date_est_i,work_zone_i,workers_present_i,veh_count,ppl_count,veh_area_01_i_list_json,veh_area_02_i_list_json,veh_area_12_i_list_json,veh_crash_date_list_json,veh_crash_unit_id_list_json,veh_first_contact_point_list_json,veh_lic_plate_state_list_json,veh_make_list_json,veh_maneuver_list_json,veh_model_list_json,veh_occupant_cnt_list_json,veh_travel_direction_list_json,veh_unit_no_list_json,veh_unit_type_list_json,veh_vehicle_defect_list_json,veh_vehicle_id_list_json,veh_vehicle_type_list_json,veh_vehicle_use_list_json,veh_vehicle_year_list_json,veh_area_03_i_list_json,veh_area_04_i_list_json,veh_area_11_i_list_json,veh_towed_by_list_json,veh_towed_i_list_json,veh_area_07_i_list_json,veh_area_99_i_list_json,veh_area_09_i_list_json,veh_area_10_i_list_json,veh_cmrc_veh_i_list_json,veh_num_passengers_list_json,veh_area_08_i_list_json,veh_area_00_i_list_json,veh_area_05_i_list_json,veh_area_06_i_list_json,veh_towed_to_list_json,ppl_age_list_json,ppl_airbag_deployed_list_json,ppl_bac_result_list_json,ppl_city_list_json,ppl_crash_date_list_json,ppl_driver_action_list_json,ppl_driver_vision_list_json,ppl_drivers_license_class_list_json,ppl_drivers_license_state_list_json,ppl_ejection_list_json,ppl_hospital_list_json,ppl_person_id_list_json,ppl_person_type_list_json,ppl_physical_condition_list_json,ppl_safety_equipment_list_json,ppl_sex_list_json,ppl_state_list_json,ppl_vehicle_id_list_json,ppl_zipcode_list_json,ppl_ems_agency_list_json,ppl_seat_no_list_json,ppl_pedpedal_action_list_json,ppl_pedpedal_location_list_json,ppl_pedpedal_visibility_list_json,ppl_ems_run_no_list_json,year,month,hour,day,is_weekend,hour_bin,lat_bin,lng_bin,grid_id,ppl_age_mean,ppl_age_min,ppl_age_max,prim_contributory_cause_group,ksi_flag
STRAIGHT AND LEVEL,2521,2025-10-09 08:35:00,5,8,10,47155FDB05EF20A10377A82D4D3B6DE9AA7DC3EE355501048EF2514259BDB22E3F6E6E8229C4D71F363F70316CFA0CB56E9B533CE46CA70997984C610E9EA1E6,INJURY AND / OR TOW DUE TO CRASH,"OVER $1,500",FUNCTIONING PROPERLY,PEDALCYCLIST,41.9388178999,DAYLIGHT,-87.7395558679,2,30,UNABLE TO DETERMINE,NO DEFECTS,DRY,UNABLE TO DETERMINE,W,4501,STOP SIGN/FLASHER,NOT DIVIDED,CLEAR,0.0,0.0,0.0,0.0,0.0,1.0,2,2,"[""Y""]","[""Y""]",[],"[""2025-10-09T08:35:00.000""]","[""2166610"", ""2166611""]","[""SIDE-RIGHT""]","[""IL""]","[""TOYOTA""]","[""STRAIGHT AHEAD""]","[""RAV4""]","[""1""]","[""E""]","[""1"", ""2""]","[""BICYCLE"", ""DRIVER""]","[""UNKNOWN""]","[""2065312""]","[""PASSENGER""]","[""PERSONAL""]","[""2018""]",[],[],[],[],[],[],[],[],[],[],[],[],[],[],[],[],"['13', '50']","[""DID NOT DEPLOY""]","[""TEST NOT OFFERED""]","[""CHICAGO""]","[""2025-10-09T08:35:00.000""]","[""NONE""]","[""OTHER""]",[],"[""IL""]","[""NONE"", ""TOTALLY EJECTED""]","[""COMMUNITY FIRST"", ""UNK""]","[""O2166610"", ""O2166611""]","[""BICYCLE"", ""DRIVER""]","[""NORMAL""]","[""HELMET NOT USED"", ""SAFETY BELT USED""]","[""F"", ""M""]","[""IL""]","[""2065312""]","[""60639"", ""60641""]","[""CFD #07""]",[],"[""CROSSING - CONTROLS PRESENT (NOT AT INTERSECTION)""]","[""IN ROADWAY""]","[""OTHER LIGHT SOURCE USED""]",[],2025,10,8,9,False,morning,41.94,-87.74,41.94_-87.74,31.5,13,50,OTHER,1
STRAIGHT AND LEVEL,1034,2025-10-09 08:30:00,5,8,10,66B4EF937822D984D34760A6B88C145FF73A1885F10ABD21309A925CE2636A697BCE20967A9EEA0E7AA55EFD51652A39A9D7B232E65D418F1B5061E0F3CA7D51,NO INJURY / DRIVE AWAY,"$501 - $1,500",FUNCTIONING PROPERLY,REAR END,41.8483891456,DAYLIGHT,-87.6755965013,2,30,UNABLE TO DETERMINE,NO DEFECTS,DRY,UNABLE TO DETERMINE,S,2405,TRAFFIC SIGNAL,NOT DIVIDED,CLEAR,0.0,0.0,0.0,0.0,0.0,1.0,1,2,[],[],"[""Y""]","[""2025-10-09T08:30:00.000""]","[""2166631"", ""2166632""]","[""FRONT"", ""REAR-RIGHT-CORNER""]","[""IL""]","[""FORD"", ""KENWORTH MOTOR TRUCK COMPANY""]","[""BACKING"", ""SLOW/STOP IN TRAFFIC""]","[""FOCUS"", ""KENWORTH MOTOR TRUCK CO.""]","[""1""]","[""N""]","[""1"", ""2""]","[""DRIVER""]","[""UNKNOWN""]","[""2065342"", ""2065371""]","[""OTHER"", ""PASSENGER""]","[""COMMERCIAL - MULTI-UNIT"", ""PERSONAL""]","[""2016"", ""2020""]",[],[],[],[],[],[],"[""Y""]",[],[],"[""N""]",[],[],"[""Y""]",[],[],[],"['30', '33']","[""NOT APPLICABLE""]","[""TEST NOT OFFERED""]","[""CHICAGO""]","[""2025-10-09T08:30:00.000""]","[""IMPROPER BACKING"", ""NONE""]","[""UNKNOWN""]","[""A"", ""D""]","[""IL""]","[""NONE""]",[],"[""O2166631"", ""O2166632""]","[""DRIVER""]","[""NORMAL""]","[""SAFETY BELT USED""]","[""M""]","[""IL""]","[""2065342"", ""2065371""]","[""60634"", ""60638""]",[],[],[],[],[],[],2025,10,8,9,False,morning,41.85,-87.68,41.85_-87.68,31.5,30,33,OTHER,0
STRAIGHT AND LEVEL,813,2025-10-09 08:25:00,5,8,10,D841C4FD9D1B371515233FB3A4FE451E97152608D8C60922C238DB35F4C6735AA8DDC22FFA4B1EE79E2A62491CB32875B35CFF23590E09BDE4F1742A71DDB489,NO INJURY / DRIVE AWAY,"OVER $1,500",FUNCTIONING PROPERLY,REAR END,41.7769364561,DAYLIGHT,-87.7227739228,2,20,FOLLOWING TOO CLOSELY,NO DEFECTS,DRY,UNABLE TO DETERMINE,W,4000,STOP SIGN/FLASHER,NOT DIVIDED,CLEAR,0.0,0.0,0.0,0.0,0.0,1.0,1,2,"[""Y""]",[],"[""Y""]","[""2025-10-09T08:25:00.000""]","[""2166576"", ""2166577""]","[""FRONT"", ""REAR""]","[""IL""]","[""TESLA"", ""VOLKSWAGEN""]","[""STRAIGHT AHEAD""]","[""JETTA"", ""MODEL 3""]","[""1""]","[""E""]","[""1"", ""2""]","[""DRIVER""]","[""NONE""]","[""2065267"", ""2065276""]","[""PASSENGER""]","[""PERSONAL""]","[""2022"", ""2025""]",[],[],"[""N""]",[],[],"[""Y""]",[],[],[],[],[],"[""Y""]",[],[],"[""Y""]",[],"['25', '45']","[""DID NOT DEPLOY""]","[""TEST NOT OFFERED""]","[""CHICAGO""]","[""2025-10-09T08:25:00.000""]","[""FOLLOWED TOO CLOSELY"", ""NONE""]","[""NOT OBSCURED""]","[""D""]","[""IL""]","[""NONE""]",[],"[""O2166576"", ""O2166577""]","[""DRIVER""]","[""NORMAL""]","[""SAFETY BELT USED""]","[""F""]","[""IL""]","[""2065267"", ""2065276""]","[""60629"", ""60652""]",[],[],[],[],[],[],2025,10,8,9,False,morning,41.78,-87.72,41.78_-87.72,35.0,25,45,FOLLOWING TOO CLOSELY,0
STRAIGHT AND LEVEL,112,2025-10-09 08:21:00,5,8,10,DF2C346A75093DFF42D3BC0D43005FBDF662DD43167079A2EE61D43D747F0E30F34F772D7C6EF40C2B8EC71EA86A2407A02B9409922204E126508D2B69098ED8,INJURY AND / OR TOW DUE TO CRASH,"OVER $1,500",FUNCTIONING PROPERLY,REAR END,41.8828062266,DAYLIGHT,-87.6292814957,2,30,DRIVING SKILLS/KNOWLEDGE/EXPERIENCE,UNKNOWN,DRY,FOLLOWING TOO CLOSELY,N,33,TRAFFIC SIGNAL,ONE-WAY,CLEAR,0.0,1.0,0.0,0.0,0.0,1.0,1,1,[],[],[],"[""2025-10-09T08:21:00.000""]","[""2166629"", ""2166630""]","[""SIDE-LEFT"", ""SIDE-RIGHT-REAR""]","[""IL""]","[""NEW FLYER"", ""NISSAN""]","[""CHANGING LANES"", ""STRAIGHT AHEAD""]","[""ALTIMA"", ""OTHER (EXPLAIN IN NARRATIVE)""]","[""1"", ""3""]","[""N"", ""NE""]","[""1"", ""2""]","[""DRIVER""]","[""UNKNOWN""]","[""2065330"", ""2065341""]","[""BUS OVER 15 PASS."", ""PASSENGER""]","[""CTA"", ""UNKNOWN/NA""]","[""2008""]",[],[],"[""Y""]",[],[],[],"[""Y""]","[""Y""]","[""Y""]",[],"[""2""]","[""Y""]",[],"[""Y""]","[""Y""]",[],['33'],"[""DEPLOYMENT UNKNOWN"", ""NOT APPLICABLE""]","[""TEST NOT OFFERED""]","[""CHICAGO"", ""UNKNOWN""]","[""2025-10-09T08:21:00.000""]","[""NONE"", ""OVERCORRECTED""]","[""UNKNOWN""]","[""B""]","[""IL""]","[""NONE""]","[""NORTHWESTERN""]","[""O2166629"", ""O2166630"", ""P478074"", ""P478075""]","[""DRIVER"", ""PASSENGER""]","[""NORMAL"", ""UNKNOWN""]","[""USAGE UNKNOWN""]","[""F"", ""X""]","[""IL""]","[""2065330"", ""2065341""]","[""60661""]","[""41""]","[""11"", ""12""]",[],[],[],[],2025,10,8,9,False,morning,41.88,-87.63,41.88_-87.63,33.0,33,33,OTHER,1
STRAIGHT AND LEVEL,1231,2025-10-09 08:20:00,5,8,10,066ECD605F6DC57F3BA687D0CF5E2DDF6F36B1D4DD8A699676A86C7422D1BE4576A4D69402A0C8844BF57E2EB815774D2EB82827ACB9E9C1515F67F9D4F04D2D,NO INJURY / DRIVE AWAY,"OVER $1,500",FUNCTIONING PROPERLY,SIDESWIPE SAME DIRECTION,41.8766250556,DAYLIGHT,-87.6665227987,2,30,UNABLE TO DETERMINE,UNKNOWN,DRY,UNABLE TO DETERMINE,S,333,TRAFFIC SIGNAL,FOUR WAY,CLEAR,0.0,0.0,1.0,0.0,1.0,1.0,1,2,[],"[""Y""]",[],"[""2025-10-09T08:20:00.000""]","[""2166591"", ""2166592""]","[""FRONT-LEFT-CORNER"", ""SIDE-RIGHT""]","[""IL""]","[""LEXUS"", ""TOYOTA""]","[""STRAIGHT AHEAD"", ""UNKNOWN/NA""]","[""RAV4"", ""RX350""]","[""1""]","[""S""]","[""1"", ""2""]","[""DRIVER""]","[""UNKNOWN""]","[""2065292"", ""2065296""]","[""PASSENGER""]","[""PERSONAL"", ""UNKNOWN/NA""]","[""2021"", ""2025""]","[""Y""]","[""Y""]","[""Y""]",[],[],[],[],[],"[""Y""]",[],[],[],[],[],[],[],"['37', '42']","[""DID NOT DEPLOY""]","[""TEST NOT OFFERED""]","[""FLOSSMOOR"", ""ROBBINS""]","[""2025-10-09T08:20:00.000""]","[""UNKNOWN""]","[""UNKNOWN""]",[],"[""IL""]","[""NONE""]",[],"[""O2166591"", ""O2166592""]","[""DRIVER""]","[""NORMAL"", ""UNKNOWN""]","[""SAFETY BELT USED"", ""USAGE UNKNOWN""]","[""F"", ""M""]","[""IL""]","[""2065292"", ""2065296""]","[""60422"", ""60472""]",[],[],[],[],[],[],2025,10,8,9,False,morning,41.88,-87.67,41.88_-87.67,39.5,37,42,OTHER,0
STRAIGHT AND LEVEL,1612,2025-10-09 08:15:00,5,8,10,879515054269B282A873AF4462DA40FC523C39D3C2F7BD65CCFAB357B3894AB959B329449DF7C05CEBDE2EDC38DF216BA85A2A26961368C0A3BA47F78CCDAE72,INJURY AND / OR TOW DUE TO CRASH,"OVER $1,500",FUNCTIONING PROPERLY,ANGLE,41.9954120841,DAYLIGHT,-87.8069650269,2,30,FAILING TO YIELD RIGHT-OF-WAY,NO DEFECTS,DRY,UNABLE TO DETERMINE,N,6300,STOP SIGN/FLASHER,FOUR WAY,CLEAR,0.0,0.0,1.0,0.0,0.0,1.0,1,2,[],[],"[""Y""]","[""2025-10-09T08:15:00.000""]","[""2166574"", ""2166575""]","[""FRONT"", ""SIDE-LEFT""]","[""IL""]","[""FORD"", ""TOYOTA""]","[""STRAIGHT AHEAD""]","[""COROLLA"", ""EXPLORER""]","[""1""]","[""S"", ""W""]","[""1"", ""2""]","[""DRIVER""]","[""UNKNOWN""]","[""2065272"", ""2065282""]","[""PASSENGER""]","[""OTHER"", ""PERSONAL""]","[""2023"", ""2024""]",[],[],[],"[""PRIVATE TOW""]","[""Y""]",[],[],"[""Y""]","[""Y""]",[],[],[],[],[],[],"[""UNKNOWN""]","['33', '56']","[""DID NOT DEPLOY""]","[""TEST NOT OFFERED""]","[""CHICAGO""]","[""2025-10-09T08:15:00.000""]","[""FAILED TO YIELD"", ""OTHER""]","[""MOVING VEHICLES"", ""UNKNOWN""]","[""D""]","[""IL""]","[""NONE""]",[],"[""O2166574"", ""O2166575""]","[""DRIVER""]","[""NORMAL""]","[""USAGE UNKNOWN""]","[""F""]","[""IL""]","[""2065272"", ""2065282""]","[""60631""]",[],[],[],[],[],[],2025,10,8,9,False,morning,42.0,-87.81,42.0_-87.81,44.5,33,56,FAILURE-TO-YIELD,0
STRAIGHT AND LEVEL,1413,2025-10-09 08:15:00,5,8,10,54272C402BACE23391498088FC07D2176541AD73E71A276B42F70477B58B957ABF1009B481F0D91EE4356C55DA230441072CE06606EC6D83B32F4DF4FB47FF7C,NO INJURY / DRIVE AWAY,"OVER $1,500",NO CONTROLS,SIDESWIPE SAME DIRECTION,41.9239730472,DAYLIGHT,-87.7168280726,3,30,IMPROPER OVERTAKING/PASSING,NO DEFECTS,DRY,NOT APPLICABLE,N,2339,NO CONTROLS,NOT DIVIDED,CLEAR,0.0,0.0,0.0,0.0,0.0,1.0,2,2,"[""Y""]","[""Y""]","[""Y""]","[""2025-10-09T08:15:00.000""]","[""2166559"", ""2166560"", ""2166561""]","[""FRONT"", ""REAR"", ""SIDE-LEFT""]","[""IL""]","[""HONDA"", ""VOLKSWAGEN""]","[""BACKING"", ""PARKED"", ""PASSING/OVERTAKING""]","[""OTHER (EXPLAIN IN NARRATIVE)""]","[""0"", ""1""]","[""N""]","[""1"", ""2"", ""3""]","[""DRIVER"", ""PARKED""]","[""UNKNOWN""]","[""2065253"", ""2065269"", ""2065273""]","[""PASSENGER"", ""SPORT UTILITY VEHICLE (SUV)""]","[""NOT IN USE"", ""UNKNOWN/NA""]","[""2009"", ""2019"", ""2023""]",[],[],"[""Y""]",[],[],"[""Y""]",[],"[""Y""]","[""Y""]",[],[],"[""Y""]",[],[],[],[],"['46', '65']","[""DID NOT DEPLOY""]","[""TEST NOT OFFERED""]","[""CHICAGO""]","[""2025-10-09T08:15:00.000""]","[""IMPROPER PASSING"", ""NONE""]","[""UNKNOWN""]","[""D""]","[""IL""]","[""NONE""]",[],"[""O2166559"", ""O2166560""]","[""DRIVER""]","[""NORMAL""]","[""USAGE UNKNOWN""]","[""F"", ""M""]","[""IL""]","[""2065253"", ""2065269""]","[""60632"", ""60641""]",[],[],[],[],[],[],2025,10,8,9,False,morning,41.92,-87.72,41.92_-87.72,55.5,46,65,OTHER,0
STRAIGHT AND LEVEL,1231,2025-10-09 08:15:00,5,8,10,51B239EC8D9438C685CCC73DDF5A42490BCC9711E178D9BCDCECA47BBD8D22FB3B69ECE6FDFED8593455F3324B7E3A1465436DCF577E1EF945C1C0D983AE48F9,INJURY AND / OR TOW DUE TO CRASH,"$501 - $1,500",FUNCTIONING PROPERLY,PEDALCYCLIST,41.8669317531,DAYLIGHT,-87.6714711072,2,30,FAILING TO YIELD RIGHT-OF-WAY,NO DEFECTS,DRY,UNABLE TO DETERMINE,W,1800,TRAFFIC SIGNAL,FOUR WAY,CLEAR,0.0,1.0,1.0,0.0,0.0,1.0,2,1,[],[],[],"[""2025-10-09T08:15:00.000""]","[""2166783"", ""2166784""]","[""SIDE-RIGHT""]","[""AZ""]","[""HONDA""]","[""TURNING RIGHT""]","[""FIT""]","[""1""]","[""W""]","[""1"", ""2""]","[""BICYCLE"", ""DRIVER""]","[""NONE""]","[""2065476""]","[""PASSENGER""]","[""PERSONAL""]","[""2017""]","[""Y""]",[],[],[],[],[],[],[],[],[],[],[],[],[],[],[],['52'],"[""DEPLOYMENT UNKNOWN""]","[""TEST NOT OFFERED""]","[""CHICAGO""]","[""2025-10-09T08:15:00.000""]","[""FAILED TO YIELD"", ""NONE""]","[""NOT OBSCURED"", ""UNKNOWN""]",[],[],"[""NONE"", ""PARTIALLY EJECTED""]",[],"[""O2166783"", ""O2166784""]","[""BICYCLE"", ""DRIVER""]","[""NORMAL"", ""UNKNOWN""]","[""BICYCLE HELMET (PEDACYCLIST INVOLVED ONLY)"", ""USAGE UNKNOWN""]","[""F"", ""M""]","[""IL""]","[""2065476""]","[""60608""]",[],[],"[""WITH TRAFFIC""]","[""BIKEWAY""]","[""CONTRASTING CLOTHING""]",[],2025,10,8,9,False,morning,41.87,-87.67,41.87_-87.67,52.0,52,52,FAILURE-TO-YIELD,1
STRAIGHT AND LEVEL,1432,2025-10-09 08:15:00,5,8,10,05AD2B4BEE21B3242B1710C80454F4B5DAEC30A59203DF447CE9A3FA65449D6242CCD643F6F51B8A889734054F24255674C8B7AAF96F28692F87A908CED450A2,NO INJURY / DRIVE AWAY,"OVER $1,500",FUNCTIONING PROPERLY,PARKED MOTOR VEHICLE,41.9228111748,DAYLIGHT,-87.6812549139,2,15,DRIVING SKILLS/KNOWLEDGE/EXPERIENCE,UNKNOWN,DRY,NOT APPLICABLE,W,2122,STOP SIGN/FLASHER,NOT DIVIDED,CLEAR,0.0,0.0,0.0,0.0,0.0,1.0,2,2,[],[],[],"[""2025-10-09T08:15:00.000""]","[""2166803"", ""2166804""]","[""REAR-RIGHT-CORNER"", ""SIDE-LEFT-FRONT""]","[""IL""]","[""MAZDA"", ""TOYOTA""]","[""BACKING"", ""PARKED""]","[""CX-5"", ""VENZA""]","[""1""]","[""E"", ""W""]","[""1"", ""2""]","[""DRIVER"", ""PARKED""]","[""UNKNOWN""]","[""2065493"", ""2065496""]","[""PASSENGER"", ""SPORT UTILITY VEHICLE (SUV)""]","[""PERSONAL""]","[""2015"", ""2021""]",[],[],"[""Y""]",[],[],[],"[""Y""]","[""Y""]","[""Y""]",[],"[""1""]",[],[],[],[],[],"['32', '40']","[""NOT APPLICABLE""]","[""TEST NOT OFFERED""]","[""CHICAGO""]","[""2025-10-09T08:15:00.000""]","[""OTHER""]","[""UNKNOWN""]","[""D""]","[""IL""]","[""NONE""]",[],"[""O2166803"", ""P478101""]","[""DRIVER"", ""PASSENGER""]","[""UNKNOWN""]","[""USAGE UNKNOWN""]","[""F"", ""M""]","[""IL""]","[""2065493"", ""2065496""]","[""60623"", ""60647""]",[],"[""1""]",[],[],[],[],2025,10,8,9,False,morning,41.92,-87.68,41.92_-87.68,36.0,32,40,OTHER,0
STRAIGHT AND LEVEL,2222,2025-10-09 08:15:00,5,8,10,AC28AE0C6CFDB7501DA0A6571D060CBF0E23FEDCEAD0CB549780968C54C63B8E0388021206C782589B4D1765282FE549FB72D07C9A9CE8DB55D36F61D0A8F37A,NO INJURY / DRIVE AWAY,"OVER $1,500",NO CONTROLS,TURNING,41.7358416433,DAYLIGHT,-87.6534839498,2,30,IMPROPER OVERTAKING/PASSING,NO DEFECTS,DRY,IMPROPER LANE USAGE,S,8700,TRAFFIC SIGNAL,NOT DIVIDED,CLEAR,0.0,0.0,0.0,0.0,0.0,1.0,1,1,[],[],[],"[""2025-10-09T08:15:00.000""]","[""2169269"", ""2169270""]","[""FRONT-LEFT-CORNER"", ""UNKNOWN""]","[""IL""]","[""CHEVROLET"", ""FORD""]","[""STRAIGHT AHEAD"", ""TURNING RIGHT""]","[""EQUINOX"", ""EXPEDITION""]","[""1""]","[""E""]","[""1"", ""2""]","[""DRIVER""]","[""NONE""]","[""2067810"", ""2067824""]","[""SPORT UTILITY VEHICLE (SUV)""]","[""PERSONAL""]","[""2011"", ""2022""]",[],[],"[""Y""]",[],[],[],"[""Y""]",[],[],[],[],[],[],[],[],[],['25'],"[""DID NOT DEPLOY""]","[""TEST NOT OFFERED""]","[""CHICAGO""]","[""2025-10-09T08:15:00.000""]","[""FAILED TO YIELD"", ""NONE""]","[""NOT OBSCURED""]","[""D""]","[""IL""]","[""NONE""]",[],"[""O2169269"", ""O2169270""]","[""DRIVER""]","[""NORMAL""]","[""SAFETY BELT USED""]","[""M""]","[""IL""]","[""2067810"", ""2067824""]","[""60628""]",[],[],[],[],[],[],2025,10,8,9,False,morning,41.74,-87.65,41.74_-87.65,25.0,25,25,OTHER,0
STRAIGHT AND LEVEL,1533,2025-10-09 08:13:00,5,8,10,704559AF7F69DAA4F95FCF158F0BE911831A6AABEBCA1DEA5BAD739F244219943F1C064A35F0D2418E5CA4FED531E3A65943CB09C589C71D86B0FB5E9895B391,NO INJURY / DRIVE AWAY,"OVER $1,500",NO CONTROLS,SIDESWIPE SAME DIRECTION,41.877530659,DAYLIGHT,-87.7492172659,2,30,FAILING TO YIELD RIGHT-OF-WAY,NO DEFECTS,DRY,NOT APPLICABLE,W,4951,NO CONTROLS,ONE-WAY,CLEAR,0.0,0.0,0.0,0.0,0.0,1.0,1,2,"[""Y""]","[""Y""]",[],"[""2025-10-09T08:13:00.000""]","[""2166566"", ""2166567""]","[""FRONT-LEFT-CORNER"", ""FRONT-RIGHT-CORNER""]","[""IL""]","[""CADILLAC"", ""NISSAN""]","[""ENTERING TRAFFIC LANE FROM PARKING"", ""STRAIGHT AHEAD""]","[""MURANO"", ""SRX""]","[""1""]","[""E""]","[""1"", ""2""]","[""DRIVER""]","[""UNKNOWN""]","[""2065263"", ""2065271""]","[""SPORT UTILITY VEHICLE (SUV)""]","[""PERSONAL""]","[""2011"", ""2021""]",[],[],"[""Y""]",[],[],[],[],[],"[""Y""]",[],[],[],[],[],[],[],"['52', '71']","[""DID NOT DEPLOY""]","[""TEST NOT OFFERED""]","[""BELLWOOD"", ""CHICAGO""]","[""2025-10-09T08:13:00.000""]","[""FAILED TO YIELD"", ""OTHER""]","[""UNKNOWN""]",[],"[""IL""]","[""NONE""]",[],"[""O2166566"", ""O2166567""]","[""DRIVER""]","[""NORMAL""]","[""USAGE UNKNOWN""]","[""M""]","[""IL""]","[""2065263"", ""2065271""]","[""60104"", ""60644""]",[],[],[],[],[],[],2025,10,8,9,False,morning,41.88,-87.75,41.88_-87.75,61.5,52,71,FAILURE-TO-YIELD,0
STRAIGHT AND LEVEL,1412,2025-10-09 08:10:00,5,8,10,07AE5D4959264CD261C91CDE6621EBA1DADB7186B37A308898BCC8E4975FA45330164002C2A6D262A0839D878896ECBB5589131EE306AF0D553486EC0DD21C9E,NO INJURY / DRIVE AWAY,"OVER $1,500",NO CONTROLS,SIDESWIPE SAME DIRECTION,41.9391569489,DAYLIGHT,-87.7130552966,2,30,UNABLE TO DETERMINE,UNKNOWN,DRY,UNABLE TO DETERMINE,W,3413,NO CONTROLS,NOT DIVIDED,CLEAR,0.0,0.0,1.0,0.0,0.0,1.0,1,2,"[""Y""]","[""Y""]",[],"[""2025-10-09T08:10:00.000""]","[""2166571"", ""2166572""]","[""FRONT-LEFT-CORNER"", ""FRONT-RIGHT-CORNER""]","[""IL""]","[""FORD"", ""NISSAN""]","[""STRAIGHT AHEAD""]","[""KICKS"", ""SUPER DUTY""]","[""1""]","[""E""]","[""1"", ""2""]","[""DRIVER""]","[""NONE"", ""UNKNOWN""]","[""2065262"", ""2065275""]","[""OTHER"", ""SPORT UTILITY VEHICLE (SUV)""]","[""CONSTRUCTION/MAINTENANCE"", ""PERSONAL""]","[""2017"", ""2025""]",[],[],"[""Y""]",[],[],[],[],"[""Y""]","[""Y""]",[],[],[],[],[],[],[],"['39', '62']","[""DID NOT DEPLOY""]","[""TEST NOT OFFERED""]","[""CHICAGO""]","[""2025-10-09T08:10:00.000""]","[""FAILED TO YIELD"", ""NONE""]","[""UNKNOWN""]","[""D""]","[""IL""]","[""NONE""]",[],"[""O2166571"", ""O2166572""]","[""DRIVER""]","[""NORMAL""]","[""NONE PRESENT""]","[""M""]","[""IL""]","[""2065262"", ""2065275""]","[""60626"", ""60629""]",[],[],[],[],[],[],2025,10,8,9,False,morning,41.94,-87.71,41.94_-87.71,50.5,39,62,OTHER,0
STRAIGHT AND LEVEL,1024,2025-10-09 08:09:00,5,8,10,1870B2B63696B77CF06002FFCEE65CFD08563A9D7A95583BE697AB0B8EB838C4BC6D678EDE313A55AE43C0E974FDCAD380E0FDC4B5616A911F2A4A5E519B14A5,NO INJURY / DRIVE AWAY,"OVER $1,500",FUNCTIONING PROPERLY,SIDESWIPE SAME DIRECTION,41.8461479031,DAYLIGHT,-87.7125463625,3,30,NOT APPLICABLE,UNKNOWN,DRY,NOT APPLICABLE,S,2500,STOP SIGN/FLASHER,NOT DIVIDED,CLEAR,0.0,1.0,1.0,0.0,0.0,1.0,2,2,"[""Y""]","[""Y""]","[""Y""]","[""2025-10-09T08:09:00.000""]","[""2168451"", ""2168452"", ""2168453""]","[""TOTAL (ALL AREAS)""]","[""IL"", ""IN""]","[""CHEVROLET"", ""HONDA"", ""UNKNOWN""]","[""PARKED"", ""STRAIGHT AHEAD""]","[""CR-V"", ""OTHER (EXPLAIN IN NARRATIVE)"", ""TRAX""]","[""0"", ""1"", ""2""]","[""E""]","[""1"", ""2"", ""3""]","[""DRIVER"", ""PARKED""]","[""UNKNOWN""]","[""2067070"", ""2067071"", ""2067072""]","[""PASSENGER"", ""SPORT UTILITY VEHICLE (SUV)""]","[""PERSONAL"", ""UNKNOWN/NA""]","[""2005"", ""2025""]",[],[],"[""Y""]",[],[],"[""Y""]",[],[],[],[],"[""1""]","[""Y""]",[],[],"[""Y""]",[],"['68', '70']","[""NOT APPLICABLE""]","[""TEST NOT OFFERED""]","[""CHICAGO""]","[""2025-10-09T08:09:00.000""]","[""UNKNOWN""]","[""UNKNOWN""]","[""D""]","[""IL"", ""XX""]","[""NONE""]",[],"[""O2168451"", ""O2168452"", ""P478467""]","[""DRIVER"", ""PASSENGER""]","[""NORMAL"", ""UNKNOWN""]","[""SAFETY BELT USED"", ""USAGE UNKNOWN""]","[""F"", ""M""]","[""IL""]","[""2067070"", ""2067071""]","[""60623""]",[],"[""3""]",[],[],[],[],2025,10,8,9,False,morning,41.85,-87.71,41.85_-87.71,69.0,68,70,OTHER,0
STRAIGHT AND LEVEL,735,2025-10-09 08:05:00,5,8,10,8A3AA303F6F9D112D75BDFD6E6246949A307F17FB2CF22D35F6DB2222D3C30394C8FACF3596C2538A6439CCBF13F3572B5913620BA55BB601B17CF070EDC4DD4,NO INJURY / DRIVE AWAY,"OVER $1,500",NO CONTROLS,SIDESWIPE SAME DIRECTION,41.7593441093,DAYLIGHT,-87.6637825109,2,30,UNABLE TO DETERMINE,NO DEFECTS,DRY,UNABLE TO DETERMINE,W,1603,NO CONTROLS,NOT DIVIDED,CLEAR,0.0,0.0,0.0,0.0,0.0,1.0,1,2,[],"[""Y""]",[],"[""2025-10-09T08:05:00.000""]","[""2166545"", ""2166546""]","[""SIDE-LEFT-FRONT"", ""SIDE-RIGHT""]","[""IL""]","[""FORD"", ""HYUNDAI""]","[""STRAIGHT AHEAD""]","[""ELANTRA"", ""ESCAPE""]","[""1""]","[""E""]","[""1"", ""2""]","[""DRIVER""]","[""NONE""]","[""2065243"", ""2065255""]","[""PASSENGER"", ""SPORT UTILITY VEHICLE (SUV)""]","[""PERSONAL""]","[""2022"", ""2023""]",[],[],"[""Y""]",[],[],[],[],[],[],[],[],[],[],[],[],[],"['49', '51']","[""DID NOT DEPLOY""]","[""TEST NOT OFFERED""]","[""CHICAGO"", ""EVERGREEN PARK""]","[""2025-10-09T08:05:00.000""]","[""NONE""]","[""NOT OBSCURED""]","[""D""]","[""IL""]","[""NONE""]",[],"[""O2166545"", ""O2166546""]","[""DRIVER""]","[""NORMAL""]","[""SAFETY BELT USED""]","[""F"", ""M""]","[""IL""]","[""2065243"", ""2065255""]","[""60615"", ""60805""]",[],[],[],[],[],[],2025,10,8,9,False,morning,41.76,-87.66,41.76_-87.66,50.0,49,51,OTHER,0