alignment,beat_of_occurrence,crash_date,crash_day_of_week,crash_hour,crash_month,crash_record_id,crash_type,damage,device_condition,first_crash_type,latitude,lighting_condition,longitude,num_units,posted_speed_limit,prim_contributory_cause,road_defect,roadway_surface_cond,sec_contributory_cause,street_direction,street_no,traffic_control_device,trafficway_type,weather_condition,private_property_i,hit_and_run_i,intersection_related_i,crash_date_est_i,work_zone_i,workers_present_i,veh_count,ppl_count,veh_area_01_i_list_json,veh_area_02_i_list_json,veh_area_12_i_list_json,veh_crash_date_list_json,veh_crash_unit_id_list_json,veh_first_contact_point_list_json,veh_lic_plate_state_list_json,veh_make_list_json,veh_maneuver_list_json,veh_model_list_json,veh_occupant_cnt_list_json,veh_travel_direction_list_json,veh_unit_no_list_json,veh_unit_type_list_json,veh_vehicle_defect_list_json,veh_vehicle_id_list_json,veh_vehicle_type_list_json,veh_vehicle_use_list_json,veh_vehicle_year_list_json,veh_area_03_i_list_json,veh_area_04_i_list_json,veh_area_11_i_list_json,veh_towed_by_list_json,veh_towed_i_list_json,veh_area_07_i_list_json,veh_area_99_i_list_json,veh_area_09_i_list_json,veh_area_10_i_list_json,veh_cmrc_veh_i_list_json,veh_num_passengers_list_json,veh_area_08_i_list_json,veh_area_00_i_list_json,veh_area_05_i_list_json,veh_area_06_i_list_json,veh_towed_to_list_json,ppl_age_list_json,ppl_airbag_deployed_list_json,ppl_bac_result_list_json,ppl_city_list_json,ppl_crash_date_list_json,ppl_driver_action_list_json,ppl_driver_vision_list_json,ppl_drivers_license_class_list_json,ppl_drivers_license_state_list_json,ppl_ejection_list_json,ppl_hospital_list_json,ppl_person_id_list_json,ppl_person_type_list_json,ppl_physical_condition_list_json,ppl_safety_equipment_list_json,ppl_sex_list_json,ppl_state_list_json,ppl_vehicle_id_list_json,ppl_zipcode_list_json,ppl_ems_agency_list_json,ppl_seat_no_list_json,ppl_pedpedal_action_list_json,ppl_pedpedal_location_list_json,ppl_pedpedal_visibility_list_json,ppl_ems_run_no_list_json,year,month,hour,day,is_weekend,hour_bin,lat_bin,lng_bin,grid_id,ppl_age_mean,ppl_age_min,ppl_age_max,prim_contributory_cause_group,ksi_flag
STRAIGHT AND LEVEL,1431,2025-10-09 08:05:00,5,8,10,4C9567512ABAF6730E6A84FCA9F3E0168E605DABA2B36AFC395B3E132A99917472D51CD953EF75E1D794A48476147EFE7D15C309CAA4325FF4F4C7D03D084CB1,NO INJURY / DRIVE AWAY,"OVER $1,500",NO CONTROLS,SIDESWIPE SAME DIRECTION,41.9284046705,DAYLIGHT,-87.6902528855,2,35,DRIVING SKILLS/KNOWLEDGE/EXPERIENCE,NO DEFECTS,DRY,UNABLE TO DETERMINE,W,2501,NO CONTROLS,NOT DIVIDED,CLEAR,0.0,0.0,0.0,0.0,0.0,1.0,1,3,"[""Y""]","[""Y""]",[],"[""2025-10-09T08:05:00.000""]","[""2166539"", ""2166540""]","[""FRONT-RIGHT-CORNER"", ""REAR-LEFT-CORNER""]","[""IL""]","[""BMW"", ""FORD""]","[""SLOW/STOP IN TRAFFIC"", ""STRAIGHT AHEAD""]","[""FUSION"", ""OTHER (EXPLAIN IN NARRATIVE)""]","[""1"", ""2""]","[""E""]","[""1"", ""2""]","[""DRIVER""]","[""NONE""]","[""2065237"", ""2065249""]","[""PASSENGER"", ""SPORT UTILITY VEHICLE (SUV)""]","[""PERSONAL"", ""UNKNOWN/NA""]","[""2019"", ""2021""]","[""Y""]",[],[],[],[],"[""Y""]",[],[],[],[],"[""1""]","[""Y""]",[],[],[],[],"['35', '7', '76']","[""DID NOT DEPLOY""]","[""TEST NOT OFFERED""]","[""CHICAGO"", ""SKOKIE""]","[""2025-10-09T08:05:00.000""]","[""NONE"", ""UNKNOWN""]","[""NOT OBSCURED""]","[""D""]","[""IL""]","[""NONE""]",[],"[""O2166539"", ""O2166540"", ""P478060""]","[""DRIVER"", ""PASSENGER""]","[""NORMAL""]","[""SAFETY BELT USED""]","[""F"", ""M""]","[""IL""]","[""2065237"", ""2065249""]","[""60076"", ""60657""]",[],"[""6""]",[],[],[],[],2025,10,8,9,False,morning,41.93,-87.69,41.93_-87.69,39.333333333333336,7,76,OTHER,0
STRAIGHT AND LEVEL,1414,2025-10-09 08:03:00,5,8,10,B2843044BAE2A779E4B6530B9626D1FEEC8CAF0FBCB0C4852A2D85B47A683458A85EABE80AF90223E87D9603D255CE58D4102EEDCBD029A874673D3EE6F289A5,NO INJURY / DRIVE AWAY,"OVER $1,500",NO CONTROLS,ANGLE,41.9258931016,DAYLIGHT,-87.7012684342,2,15,UNABLE TO DETERMINE,UNKNOWN,DRY,UNABLE TO DETERMINE,N,2434,NO CONTROLS,ALLEY,CLEAR,0.0,0.0,0.0,0.0,0.0,1.0,1,2,"[""Y""]",[],"[""Y""]","[""2025-10-09T08:03:00.000""]","[""2166582"", ""2166583""]","[""FRONT"", ""SIDE-LEFT""]","[""IA"", ""IL""]","[""HONDA"", ""TOYOTA""]","[""ENTER FROM DRIVE/ALLEY"", ""STRAIGHT AHEAD""]","[""CIVIC"", ""COROLLA""]","[""1""]","[""E"", ""S""]","[""1"", ""2""]","[""DRIVER""]","[""NONE"", ""UNKNOWN""]","[""2065283"", ""2065290""]","[""PASSENGER""]","[""PERSONAL""]","[""2013"", ""2024""]",[],[],"[""Y""]",[],[],[],[],"[""Y""]","[""Y""]",[],[],"[""Y""]",[],[],[],[],"['30', '46']","[""DEPLOYMENT UNKNOWN"", ""DID NOT DEPLOY""]","[""TEST NOT OFFERED""]","[""CHICAGO"", ""ELMWOOD PARK""]","[""2025-10-09T08:03:00.000""]","[""UNKNOWN""]","[""UNKNOWN""]","[""D""]","[""IL""]","[""NONE""]",[],"[""O2166582"", ""O2166583""]","[""DRIVER""]","[""NORMAL"", ""UNKNOWN""]","[""USAGE UNKNOWN""]","[""F""]","[""IL""]","[""2065283"", ""2065290""]","[""60625"", ""60707""]",[],[],[],[],[],[],2025,10,8,9,False,morning,41.93,-87.7,41.93_-87.7,38.0,30,46,OTHER,0
STRAIGHT AND LEVEL,2521,2025-10-09 08:00:00,5,8,10,861FFB050AA3DFE0CB55ED33E03366BEA2C7BEBEE4517551DE0D4A5E418E89CF2A381D9B99ECDFEC4D39C3A8B750E707F98F6074DC6744052AD0BD72F87D1B69,NO INJURY / DRIVE AWAY,"OVER $1,500",NO CONTROLS,SIDESWIPE SAME DIRECTION,41.9242797677,DAYLIGHT,-87.7516578842,2,30,NOT APPLICABLE,NO DEFECTS,DRY,NOT APPLICABLE,W,5008,NO CONTROLS,DIVIDED - W/MEDIAN (NOT RAISED),CLEAR,0.0,0.0,0.0,1.0,0.0,1.0,1,2,"[""Y""]",[],[],"[""2025-10-09T08:00:00.000""]","[""2166584"", ""2166585""]","[""SIDE-LEFT"", ""SIDE-RIGHT""]","[""IL""]","[""NISSAN"", ""NOVA BUS""]","[""STRAIGHT AHEAD""]","[""OTHER (EXPLAIN IN NARRATIVE)"", ""ROGUE""]","[""1"", ""2""]","[""W""]","[""1"", ""2""]","[""DRIVER""]","[""NONE""]","[""2065278"", ""2065284""]","[""BUS OVER 15 PASS."", ""SPORT UTILITY VEHICLE (SUV)""]","[""CTA"", ""PERSONAL""]",[],[],[],"[""Y""]",[],[],[],[],[],[],[],"[""1""]",[],[],[],[],[],"['26', '52']","[""DID NOT DEPLOY""]","[""TEST NOT OFFERED"", ""TEST PERFORMED, RESULTS UNKNOWN""]","[""CHICAGO""]","[""2025-10-09T08:00:00.000""]","[""NONE"", ""OTHER""]","[""NOT OBSCURED""]","[""B"", ""D""]","[""IL""]","[""NONE""]",[],"[""O2166584"", ""O2166585"", ""P478065""]","[""DRIVER"", ""PASSENGER""]","[""NORMAL""]","[""NONE PRESENT"", ""SAFETY BELT USED""]","[""F""]","[""IL""]","[""2065278"", ""2065284""]",[],[],"[""4""]",[],[],[],[],2025,10,8,9,False,morning,41.92,-87.75,41.92_-87.75,39.0,26,52,OTHER,0
STRAIGHT AND LEVEL,1831,2025-10-09 08:00:00,5,8,10,700644CECDC6D53FC257E54C7B43D14BF145332B27FD81918406FF3404140B9F31B044B07DCAF261BC6876246B10C1BAF3A3AAF846C439044C8E81FC653B6730,NO INJURY / DRIVE AWAY,"OVER $1,500",NO CONTROLS,PARKED MOTOR VEHICLE,41.8902024618,DAYLIGHT,-87.6368469746,2,10,UNABLE TO DETERMINE,NO DEFECTS,DRY,UNABLE TO DETERMINE,N,437,NO CONTROLS,PARKING LOT,CLEAR,0.0,1.0,0.0,0.0,0.0,1.0,2,0,[],[],[],"[""2025-10-09T08:00:00.000""]","[""2169227"", ""2169228""]","[""SIDE-RIGHT-REAR"", ""UNKNOWN""]","[""IL""]","[""JEEP"", ""UNKNOWN""]","[""PARKED"", ""UNKNOWN/NA""]","[""OTHER (EXPLAIN IN NARRATIVE)"", ""WAGONEER""]","[""0"", ""1""]","[""UNKNOWN""]","[""1"", ""2""]","[""DRIVER"", ""PARKED""]","[""NONE"", ""UNKNOWN""]","[""2067782"", ""2067787""]","[""SPORT UTILITY VEHICLE (SUV)"", ""UNKNOWN/NA""]","[""PERSONAL"", ""UNKNOWN/NA""]","[""2024""]",[],[],[],[],[],[],"[""Y""]",[],[],[],[],[],[],"[""Y""]",[],[],[],"[""DEPLOYMENT UNKNOWN""]","[""TEST NOT OFFERED""]",[],"[""2025-10-09T08:00:00.000""]","[""UNKNOWN""]","[""UNKNOWN""]",[],[],"[""UNKNOWN""]",[],"[""O2169227""]","[""DRIVER""]","[""UNKNOWN""]","[""USAGE UNKNOWN""]","[""X""]",[],"[""2067782""]",[],[],[],[],[],[],[],2025,10,8,9,False,morning,41.89,-87.64,41.89_-87.64,0.0,0,0,OTHER,0
STRAIGHT AND LEVEL,1732,2025-10-09 08:00:00,5,8,10,3F109E05452A2282D97393BAD3605A7A0E8568CD69DEEF1EEBCDD6E13266E9E7634AA204043CCDAB4CAF6EE683180F0DDCA4F8880B6254EF1EB00C0B32F9724A,NO INJURY / DRIVE AWAY,"OVER $1,500",NO CONTROLS,PARKED MOTOR VEHICLE,41.9514456335,DAYLIGHT,-87.7282109624,2,25,"VISION OBSCURED (SIGNS, TREE LIMBS, BUILDINGS, ETC.)",NO DEFECTS,DRY,UNABLE TO DETERMINE,N,3873,NO CONTROLS,ONE-WAY,CLEAR,0.0,0.0,0.0,0.0,0.0,1.0,2,1,[],"[""Y""]",[],"[""2025-10-09T08:00:00.000""]","[""2166557"", ""2166558""]","[""REAR-RIGHT-CORNER"", ""SIDE-LEFT""]","[""IL""]","[""DODGE"", ""MACK TRUCKS, INC.""]","[""PARKED"", ""STRAIGHT AHEAD""]","[""GRAND CARAVAN"", ""MACK TRUCKS, INC.""]","[""0"", ""1""]","[""SE""]","[""1"", ""2""]","[""DRIVER"", ""PARKED""]","[""NONE"", ""UNKNOWN""]","[""2065266"", ""2065277""]","[""TRUCK - SINGLE UNIT"", ""VAN/MINI-VAN""]","[""COMMERCIAL - SINGLE UNIT"", ""NOT IN USE""]","[""2013"", ""2022""]","[""Y""]","[""Y""]",[],[],[],[],[],"[""Y""]",[],[],[],[],[],"[""Y""]",[],[],['34'],"[""DID NOT DEPLOY""]","[""TEST NOT OFFERED""]","[""CHICAGO""]","[""2025-10-09T08:00:00.000""]","[""NONE""]","[""PARKED VEHICLES""]","[""A""]","[""IL""]","[""NONE""]","[""REFUSED""]","[""O2166557""]","[""DRIVER""]","[""NORMAL""]","[""SAFETY BELT USED""]","[""M""]","[""IL""]","[""2065266""]","[""60641""]",[],[],[],[],[],[],2025,10,8,9,False,morning,41.95,-87.73,41.95_-87.73,34.0,34,34,LIGHTING/VISIBILITY,0
STRAIGHT ON GRADE,513,2025-10-09 07:50:00,5,7,10,CEEEB1A45DECF76EC021B66EB9867960E728B0A43EB8136E34BFB96CF31FE7994E5C07152A6012AA160C8E20F6194C058E034F2CD59A257F1079EEB621AC65A9,INJURY AND / OR TOW DUE TO CRASH,"OVER $1,500",FUNCTIONING PROPERLY,REAR TO FRONT,41.6927153195,DAYLIGHT,-87.6209765364,2,35,UNABLE TO DETERMINE,NO DEFECTS,DRY,UNABLE TO DETERMINE,E,100,TRAFFIC SIGNAL,NOT DIVIDED,CLEAR,0.0,0.0,0.0,0.0,0.0,1.0,1,5,[],[],"[""Y""]","[""2025-10-09T07:50:00.000""]","[""2166578"", ""2166579""]","[""FRONT"", ""REAR""]","[""IL""]","[""FORD"", ""HONDA""]","[""SLOW/STOP IN TRAFFIC""]","[""ACCORD"", ""DELUXE""]","[""1"", ""5""]","[""E"", ""W""]","[""1"", ""2""]","[""DRIVER""]","[""NONE"", ""UNKNOWN""]","[""2065285"", ""2065302""]","[""PASSENGER"", ""TRUCK - SINGLE UNIT""]","[""PERSONAL"", ""STATE OWNED""]","[""2024"", ""2026""]",[],[],[],[],[],[],[],[],[],"[""N""]","[""4""]",[],"[""N""]",[],"[""Y""]",[],"['31', '49', '58', '60', '67']","[""DID NOT DEPLOY"", ""NOT APPLICABLE""]","[""TEST NOT OFFERED""]","[""CHICAGO""]","[""2025-10-09T07:50:00.000""]","[""NONE"", ""UNKNOWN""]","[""NOT OBSCURED"", ""UNKNOWN""]",[],"[""IL""]","[""NONE""]","[""REFUSED""]","[""O2166578"", ""O2166579"", ""P478066"", ""P478068"", ""P478069"", ""P478071""]","[""DRIVER"", ""PASSENGER""]","[""NORMAL""]","[""USAGE UNKNOWN""]","[""F"", ""M""]","[""IL""]","[""2065285"", ""2065302""]","[""60628"", ""60637"", ""60643""]",[],"[""3"", ""4"", ""5"", ""6""]",[],[],[],[],2025,10,7,9,False,morning,41.69,-87.62,41.69_-87.62,53.0,31,67,OTHER,1
STRAIGHT AND LEVEL,1632,2025-10-09 07:50:00,5,7,10,8BB4FEEA81605BEDA0A1A796E93AA593430D6D1C82895A7E2D76A75AC05E1EE05267C92F86D2C709284A7CF62E4CDE56457F16C1578E85CA10FB1187663557D8,NO INJURY / DRIVE AWAY,"$501 - $1,500",FUNCTIONING PROPERLY,REAR END,41.9452853798,DAYLIGHT,-87.8002650467,2,25,FOLLOWING TOO CLOSELY,NO DEFECTS,DRY,FAILING TO YIELD RIGHT-OF-WAY,W,6949,TRAFFIC SIGNAL,NOT DIVIDED,CLEAR,0.0,0.0,0.0,0.0,0.0,1.0,1,2,"[""Y""]",[],"[""Y""]","[""2025-10-09T07:50:00.000""]","[""2166531"", ""2166532""]","[""FRONT"", ""REAR""]","[""IL""]","[""NISSAN"", ""TOYOTA""]","[""STRAIGHT AHEAD""]","[""HIGHLANDER"", ""ROGUE""]","[""1""]","[""W""]","[""1"", ""2""]","[""DRIVER""]","[""NONE""]","[""2065231"", ""2065234""]","[""SPORT UTILITY VEHICLE (SUV)""]","[""PERSONAL""]","[""2016"", ""2025""]",[],[],"[""Y""]",[],[],"[""Y""]",[],[],[],[],[],[],[],"[""Y""]","[""Y""]",[],"['43', '61']","[""NOT APPLICABLE""]","[""TEST NOT OFFERED""]","[""CHICAGO""]","[""2025-10-09T07:50:00.000""]","[""FAILED TO YIELD""]","[""NOT OBSCURED""]","[""D"", ""DM""]","[""IL""]","[""NONE""]",[],"[""O2166531"", ""O2166532""]","[""DRIVER""]","[""NORMAL""]","[""SAFETY BELT USED""]","[""M""]","[""IL""]","[""2065231"", ""2065234""]","[""60631"", ""60634""]",[],[],[],[],[],[],2025,10,7,9,False,morning,41.95,-87.8,41.95_-87.8,52.0,43,61,FOLLOWING TOO CLOSELY,0
STRAIGHT AND LEVEL,225,2025-10-09 07:49:00,5,7,10,CE05CDC9A2876E4D7D61CB246AC869613688178C9CDAB588EE998AB2A97F00C598AEADE731CC22B58475CF9B2942D5E48E90CAA3ED76D55BCF288A7FE97960B7,NO INJURY / DRIVE AWAY,"OVER $1,500",FUNCTIONING PROPERLY,REAR END,41.7930729125,DAYLIGHT,-87.6306116849,2,30,UNABLE TO DETERMINE,NO DEFECTS,DRY,UNABLE TO DETERMINE,S,5536,TRAFFIC SIGNAL,ONE-WAY,CLEAR,0.0,0.0,0.0,0.0,0.0,1.0,1,2,"[""Y""]",[],"[""Y""]","[""2025-10-09T07:49:00.000""]","[""2166551"", ""2166552""]","[""FRONT"", ""REAR""]","[""IL""]","[""DODGE"", ""NISSAN""]","[""STRAIGHT AHEAD"", ""UNKNOWN/NA""]","[""ALTIMA"", ""OTHER (EXPLAIN IN NARRATIVE)""]","[""1""]","[""N""]","[""1"", ""2""]","[""DRIVER""]","[""UNKNOWN""]","[""2065244"", ""2065259""]","[""PASSENGER"", ""PICKUP""]","[""PERSONAL""]","[""1997"", ""2024""]",[],[],"[""Y""]",[],[],"[""Y""]","[""Y""]",[],[],[],[],[],[],"[""Y""]","[""Y""]",[],"['22', '49']","[""DID NOT DEPLOY""]","[""TEST NOT OFFERED""]","[""BERWYN"", ""CHICAGO""]","[""2025-10-09T07:49:00.000""]","[""UNKNOWN""]","[""UNKNOWN""]",[],"[""IL""]","[""NONE""]",[],"[""O2166551"", ""O2166552""]","[""DRIVER""]","[""UNKNOWN""]","[""USAGE UNKNOWN""]","[""M""]","[""IL""]","[""2065244"", ""2065259""]","[""60402"", ""60620""]",[],[],[],[],[],[],2025,10,7,9,False,morning,41.79,-87.63,41.79_-87.63,35.5,22,49,OTHER,0
STRAIGHT AND LEVEL,1651,2025-10-09 07:49:00,5,7,10,27CA9DBA5D2B680CD6F8E3D62DF8FE2713473C5CD9EA1A3744BEBC61562CC0F93B4C4AB1C9B31633737D4A7DE6AB31B8943131C748F698C85A858A2250DA6CBF,NO INJURY / DRIVE AWAY,"OVER $1,500",NO CONTROLS,SIDESWIPE SAME DIRECTION,41.8736407663,DAYLIGHT,-87.6723897727,2,25,IMPROPER LANE USAGE,NO DEFECTS,DRY,NOT APPLICABLE,W,1,NO CONTROLS,ONE-WAY,CLEAR,0.0,0.0,0.0,0.0,0.0,1.0,1,2,"[""Y""]","[""Y""]",[],"[""2025-10-09T07:49:00.000""]","[""2166535"", ""2166536""]","[""FRONT-RIGHT-CORNER"", ""SIDE-LEFT-FRONT""]","[""IL""]","[""CHEVROLET"", ""TOYOTA""]","[""LEAVING TRAFFIC LANE TO PARK"", ""STRAIGHT AHEAD""]","[""CAMRY"", ""SUBURBAN""]","[""1"", ""2""]","[""SE""]","[""1"", ""2""]","[""DRIVER""]","[""NONE""]","[""2065239"", ""2065245""]","[""PASSENGER""]","[""TAXI/FOR HIRE""]","[""2020"", ""2023""]",[],[],"[""Y""]",[],[],[],[],[],"[""Y""]",[],"[""1""]",[],[],[],[],[],"['44', '61']","[""NOT APPLICABLE""]","[""TEST NOT OFFERED""]","[""MORTON GROVE"", ""NORTHBROOK""]","[""2025-10-09T07:49:00.000""]","[""IMPROPER LANE CHANGE"", ""NONE""]","[""NOT OBSCURED""]","[""D""]","[""IL""]","[""NONE""]",[],"[""O2166535"", ""O2166536"", ""P478059""]","[""DRIVER"", ""PASSENGER""]","[""NORMAL""]","[""SAFETY BELT USED""]","[""M""]","[""IL""]","[""2065239"", ""2065245""]","[""60053"", ""60062""]",[],"[""6""]",[],[],[],[],2025,10,7,9,False,morning,41.87,-87.67,NAN_NAN,52.5,44,61,OTHER,0
STRAIGHT AND LEVEL,825,2025-10-09 07:47:00,5,7,10,742655146E36858D24CC33EDB143F0D8192DA111BB0CA487958DB0A8C9F97CE443F330A3ACEE826F21E14E679E205B1EBA2AFF40B4052017E68BC4A100526E5B,NO INJURY / DRIVE AWAY,"OVER $1,500",FUNCTIONING PROPERLY,REAR END,41.7792809902,DAYLIGHT,-87.6896794864,2,30,FOLLOWING TOO CLOSELY,NO DEFECTS,DRY,FOLLOWING TOO CLOSELY,W,2626,TRAFFIC SIGNAL,NOT DIVIDED,CLEAR,0.0,0.0,0.0,0.0,0.0,1.0,1,2,[],[],"[""Y""]","[""2025-10-09T07:47:00.000""]","[""2166608"", ""2166609""]","[""FRONT"", ""REAR""]","[""IL""]","[""HONDA"", ""NISSAN""]","[""SLOW/STOP IN TRAFFIC"", ""STRAIGHT AHEAD""]","[""CR-V"", ""MURANO""]","[""1""]","[""E""]","[""1"", ""2""]","[""DRIVER""]","[""NONE""]","[""2065298"", ""2065304""]","[""PASSENGER""]","[""PERSONAL""]","[""2008"", ""2009""]",[],[],[],[],[],[],[],[],[],[],[],[],[],[],"[""Y""]",[],"['18', '23']","[""NOT APPLICABLE""]","[""TEST NOT OFFERED""]","[""CHICAGO""]","[""2025-10-09T07:47:00.000""]","[""FOLLOWED TOO CLOSELY"", ""NONE""]","[""NOT OBSCURED""]","[""D""]","[""IL""]","[""NONE""]",[],"[""O2166608"", ""O2166609""]","[""DRIVER""]","[""NORMAL""]","[""SAFETY BELT USED""]","[""F"", ""M""]","[""IL""]","[""2065298"", ""2065304""]","[""60607"", ""60629""]",[],[],[],[],[],[],2025,10,7,9,False,morning,41.78,-87.69,41.78_-87.69,20.5,18,23,FOLLOWING TOO CLOSELY,0
STRAIGHT AND LEVEL,1915,2025-10-09 07:45:00,5,7,10,810EB6ADD612A676B71AA533B1396B9AA4061AC2DD64437567E527131AC31AE9ADCCCDEA51A7990518DA5A5E509FD5F7609691143FCF0BD1B0F6B83C60DCBEA4,NO INJURY / DRIVE AWAY,"OVER $1,500",FUNCTIONING PROPERLY,SIDESWIPE SAME DIRECTION,41.9546408254,DAYLIGHT,-87.6515690124,2,25,FAILING TO REDUCE SPEED TO AVOID CRASH,NO DEFECTS,DRY,UNABLE TO DETERMINE,W,850,TRAFFIC SIGNAL,NOT DIVIDED,CLEAR,0.0,1.0,0.0,0.0,0.0,1.0,1,0,"[""Y""]","[""Y""]",[],"[""2025-10-09T07:45:00.000""]","[""2166549"", ""2166550""]","[""FRONT-RIGHT-CORNER"", ""SIDE-LEFT""]","[""IL""]","[""CHEVROLET"", ""JAGUAR""]","[""PASSING/OVERTAKING"", ""STRAIGHT AHEAD""]","[""EQUINOX"", ""OTHER (EXPLAIN IN NARRATIVE)""]","[""1""]","[""W""]","[""1"", ""2""]","[""DRIVER""]","[""UNKNOWN""]","[""2065242"", ""2065264""]","[""PASSENGER""]","[""PERSONAL"", ""UNKNOWN/NA""]","[""2021""]",[],[],[],[],[],[],[],"[""Y""]","[""Y""]",[],[],"[""Y""]",[],[],[],[],[],"[""DEPLOYMENT UNKNOWN"", ""DID NOT DEPLOY""]","[""TEST NOT OFFERED""]",[],"[""2025-10-09T07:45:00.000""]","[""NONE"", ""UNKNOWN""]","[""NOT OBSCURED"", ""UNKNOWN""]",[],[],"[""NONE""]",[],"[""O2166549"", ""O2166550""]","[""DRIVER""]","[""NORMAL"", ""UNKNOWN""]","[""USAGE UNKNOWN""]","[""M""]",[],"[""2065242"", ""2065264""]",[],[],[],[],[],[],[],2025,10,7,9,False,morning,41.95,-87.65,41.95_-87.65,0.0,0,0,SPEEDING,0
STRAIGHT AND LEVEL,812,2025-10-09 07:45:00,5,7,10,CC318458C164E1BED033429763872E870FC4A3C733ECCCED6BC8FA5BB8FB180AD329C37FBB65AB5B731A09C1CC6DEDE8FE34104FC75C71F9DB6C39AC8ADB2C5A,INJURY AND / OR TOW DUE TO CRASH,"OVER $1,500",FUNCTIONING PROPERLY,PARKED MOTOR VEHICLE,41.7749770953,DAYLIGHT,-87.7861673537,3,20,IMPROPER LANE USAGE,NO DEFECTS,DRY,UNABLE TO DETERMINE,W,6600,STOP SIGN/FLASHER,FOUR WAY,CLEAR,0.0,0.0,1.0,0.0,0.0,1.0,2,1,"[""Y""]",[],[],"[""2025-10-09T07:45:00.000""]","[""2166603"", ""2166604"", ""2166605""]","[""FRONT-LEFT-CORNER"", ""FRONT-RIGHT-CORNER"", ""SIDE-RIGHT-REAR""]","[""IL""]","[""FREIGHTLINER CORPORATION"", ""LEXUS"", ""MAZDA""]","[""PARKED"", ""TURNING LEFT""]","[""FREIGHTLINER CORP."", ""MAZDA6"", ""RX350""]","[""0"", ""1""]","[""N"", ""W""]","[""1"", ""2"", ""3""]","[""DRIVER"", ""PARKED""]","[""NONE""]","[""2065299"", ""2065308"", ""2065311""]","[""PASSENGER"", ""TRACTOR W/ SEMI-TRAILER""]","[""COMMERCIAL - MULTI-UNIT"", ""PERSONAL""]","[""2013"", ""2016"", ""2020""]",[],"[""Y""]","[""Y""]","[""private""]","[""Y""]",[],[],[],[],"[""Y""]",[],[],[],"[""Y""]",[],[],['55'],"[""DID NOT DEPLOY""]","[""TEST NOT OFFERED""]","[""PHOENIX""]","[""2025-10-09T07:45:00.000""]","[""IMPROPER TURN""]","[""NOT OBSCURED""]","[""A""]","[""AZ""]","[""NONE""]",[],"[""O2166603""]","[""DRIVER""]","[""NORMAL""]","[""SAFETY BELT USED""]","[""M""]","[""AZ""]","[""2065299""]","[""85051""]",[],[],[],[],[],[],2025,10,7,9,False,morning,41.77,-87.79,41.77_-87.79,55.0,55,55,OTHER,0
STRAIGHT AND LEVEL,2534,2025-10-09 07:34:00,5,7,10,FA4B4690444C089583E8F817CDFBCE4DA272D851191E35FAC91EE124BE3FA9A1FB183506D463444DA534439DAB0DEFF19AB55F36E8EE95EDC91516833907D840,NO INJURY / DRIVE AWAY,"$501 - $1,500",NO CONTROLS,PARKED MOTOR VEHICLE,41.9027796711,DAYLIGHT,-87.7263690269,2,30,NOT APPLICABLE,NO DEFECTS,DRY,NOT APPLICABLE,W,4000,STOP SIGN/FLASHER,NOT DIVIDED,CLEAR,0.0,0.0,0.0,0.0,0.0,1.0,2,1,"[""Y""]",[],[],"[""2025-10-09T07:34:00.000""]","[""2166658"", ""2166659""]","[""FRONT-RIGHT-CORNER"", ""SIDE-LEFT-REAR""]","[""IL""]","[""CHEVROLET"", ""KIA""]","[""AVOIDING VEHICLES/OBJECTS"", ""PARKED""]","[""SPORTAGE"", ""TRAX""]","[""0"", ""1""]","[""W""]","[""1"", ""2""]","[""DRIVER"", ""PARKED""]","[""NONE"", ""UNKNOWN""]","[""2065357"", ""2065360""]","[""SPORT UTILITY VEHICLE (SUV)""]","[""NOT IN USE"", ""PERSONAL""]","[""2019"", ""2025""]",[],[],[],[],[],"[""N""]","[""Y""]",[],[],[],[],[],[],[],[],[],['2'],"[""DID NOT DEPLOY""]","[""TEST NOT OFFERED""]","[""CHICAGO""]","[""2025-10-09T07:34:00.000""]","[""OTHER""]","[""NOT OBSCURED""]","[""DM""]","[""IL""]","[""NONE""]",[],"[""O2166658""]","[""DRIVER""]","[""NORMAL""]","[""SAFETY BELT USED""]","[""F""]","[""IL""]","[""2065357""]","[""60639""]",[],[],[],[],[],[],2025,10,7,9,False,morning,41.9,-87.73,41.9_-87.73,2.0,2,2,OTHER,0