alignment,beat_of_occurrence,crash_date,crash_day_of_week,crash_hour,crash_month,crash_record_id,crash_type,damage,device_condition,first_crash_type,latitude,lighting_condition,longitude,num_units,posted_speed_limit,prim_contributory_cause,road_defect,roadway_surface_cond,sec_contributory_cause,street_direction,street_no,traffic_control_device,trafficway_type,weather_condition,private_property_i,hit_and_run_i,intersection_related_i,crash_date_est_i,work_zone_i,workers_present_i,veh_count,ppl_count,veh_area_01_i_list_json,veh_area_02_i_list_json,veh_area_12_i_list_json,veh_crash_date_list_json,veh_crash_unit_id_list_json,veh_first_contact_point_list_json,veh_lic_plate_state_list_json,veh_make_list_json,veh_maneuver_list_json,veh_model_list_json,veh_occupant_cnt_list_json,veh_travel_direction_list_json,veh_unit_no_list_json,veh_unit_type_list_json,veh_vehicle_defect_list_json,veh_vehicle_id_list_json,veh_vehicle_type_list_json,veh_vehicle_use_list_json,veh_vehicle_year_list_json,veh_area_03_i_list_json,veh_area_04_i_list_json,veh_area_11_i_list_json,veh_towed_by_list_json,veh_towed_i_list_json,veh_area_07_i_list_json,veh_area_99_i_list_json,veh_area_09_i_list_json,veh_area_10_i_list_json,veh_cmrc_veh_i_list_json,veh_num_passengers_list_json,veh_area_08_i_list_json,veh_area_00_i_list_json,veh_area_05_i_list_json,veh_area_06_i_list_json,veh_towed_to_list_json,ppl_age_list_json,ppl_airbag_deployed_list_json,ppl_bac_result_list_json,ppl_city_list_json,ppl_crash_date_list_json,ppl_driver_action_list_json,ppl_driver_vision_list_json,ppl_drivers_license_class_list_json,ppl_drivers_license_state_list_json,ppl_ejection_list_json,ppl_hospital_list_json,ppl_person_id_list_json,ppl_person_type_list_json,ppl_physical_condition_list_json,ppl_safety_equipment_list_json,ppl_sex_list_json,ppl_state_list_json,ppl_vehicle_id_list_json,ppl_zipcode_list_json,ppl_ems_agency_list_json,ppl_seat_no_list_json,ppl_pedpedal_action_list_json,ppl_pedpedal_location_list_json,ppl_pedpedal_visibility_list_json,ppl_ems_run_no_list_json,year,month,hour,day,is_weekend,hour_bin,lat_bin,lng_bin,grid_id,ppl_age_mean,ppl_age_min,ppl_age_max,prim_contributory_cause_group,ksi_flag
STRAIGHT AND LEVEL,211,2025-10-09 07:33:00,5,7,10,3945B2CA535C79AACE2566835E85250E2DA5A4716BF16B2D95C0AECA8FA6E2AF911568250622953CC74E60CC51E5C8ED56C82683CCA67CDA00D70439E188BCFF,INJURY AND / OR TOW DUE TO CRASH,$500 OR LESS,FUNCTIONING PROPERLY,PEDALCYCLIST,41.8382513911,DAYLIGHT,-87.6232948105,2,30,UNABLE TO DETERMINE,NO DEFECTS,DRY,NOT APPLICABLE,S,3101,TRAFFIC SIGNAL,NOT DIVIDED,CLEAR,0.0,1.0,1.0,0.0,0.0,1.0,2,1,"[""Y""]","[""Y""]",[],"[""2025-10-09T07:33:00.000""]","[""2166643"", ""2166644""]","[""SIDE-RIGHT-FRONT""]",[],"[""FORD""]","[""TURNING RIGHT""]","[""OTHER (EXPLAIN IN NARRATIVE)""]","[""1""]","[""E""]","[""1"", ""2""]","[""BICYCLE"", ""DRIVER""]","[""UNKNOWN""]","[""2065337""]","[""TRUCK - SINGLE UNIT""]","[""UNKNOWN/NA""]",[],"[""Y""]",[],[],[],[],[],"[""Y""]",[],[],[],[],[],[],[],[],[],['49'],"[""DEPLOYMENT UNKNOWN""]","[""TEST NOT OFFERED""]","[""CHICAGO""]","[""2025-10-09T07:33:00.000""]","[""FAILED TO YIELD"", ""NONE""]","[""NOT OBSCURED"", ""UNKNOWN""]",[],[],"[""NONE""]","[""NORTHWESTERN""]","[""O2166643"", ""O2166644""]","[""BICYCLE"", ""DRIVER""]","[""NORMAL"", ""UNKNOWN""]","[""HELMET NOT USED"", ""USAGE UNKNOWN""]","[""F"", ""M""]","[""IL""]","[""2065337""]","[""60609""]","[""CFD""]",[],"[""WITH TRAFFIC""]","[""BIKE LANE""]","[""NO CONTRASTING CLOTHING""]",[],2025,10,7,9,False,morning,41.84,-87.62,41.84_-87.62,49.0,49,49,OTHER,1
STRAIGHT AND LEVEL,2023,2025-10-09 07:30:00,5,7,10,105196E93E9D9F5D0CEEA3FB12EC19C13DECD479440F4D64189B98A1928A35BCF2982A5B40B7096EC87B319D42D2FD4801CC9671BAB307E5BD0E0426C0DF4C91,NO INJURY / DRIVE AWAY,$500 OR LESS,NO CONTROLS,REAR TO FRONT,41.9819719391,UNKNOWN,-87.6561556929,2,30,UNABLE TO DETERMINE,UNKNOWN,UNKNOWN,UNABLE TO DETERMINE,W,1022,NO CONTROLS,UNKNOWN,CLEAR,0.0,1.0,0.0,0.0,0.0,1.0,1,0,[],[],[],"[""2025-10-09T07:30:00.000""]","[""2166982"", ""2166983""]","[""UNKNOWN""]","[""IL""]","[""TOYOTA"", ""UNKNOWN""]","[""BACKING"", ""UNKNOWN/NA""]","[""OTHER (EXPLAIN IN NARRATIVE)"", ""TUNDRA""]","[""1""]","[""UNKNOWN"", ""W""]","[""1"", ""2""]","[""DRIVER""]","[""UNKNOWN""]","[""2065669"", ""2065674""]","[""PICKUP"", ""UNKNOWN/NA""]","[""PERSONAL"", ""UNKNOWN/NA""]","[""2021""]",[],[],[],[],[],"[""Y""]","[""Y""]",[],[],[],[],[],[],"[""Y""]","[""Y""]",[],[],"[""DEPLOYMENT UNKNOWN"", ""DID NOT DEPLOY""]","[""TEST NOT OFFERED""]","[""CHICAGO""]","[""2025-10-09T07:30:00.000""]","[""UNKNOWN""]","[""UNKNOWN""]",[],"[""IL""]","[""NONE""]",[],"[""O2166982"", ""O2166983""]","[""DRIVER""]","[""UNKNOWN""]","[""USAGE UNKNOWN""]","[""M"", ""X""]","[""IL""]","[""2065669"", ""2065674""]","[""60640""]",[],[],[],[],[],[],2025,10,7,9,False,morning,41.98,-87.66,41.98_-87.66,0.0,0,0,OTHER,0
STRAIGHT AND LEVEL,735,2025-10-09 07:30:00,5,7,10,728AEE3C0C79E7768CB1297F163A8CBD3F3DC9B12221BD77F0E2C094703BDA127D72F023898890024D56EDD82E07EEAD1C31CDAC272EE3927A4ED52B41DABEE1,INJURY AND / OR TOW DUE TO CRASH,"OVER $1,500",FUNCTIONING PROPERLY,HEAD ON,41.7596111172,DAYLIGHT,-87.6637911195,3,30,FAILING TO REDUCE SPEED TO AVOID CRASH,OTHER,DRY,IMPROPER OVERTAKING/PASSING,S,7354,TRAFFIC SIGNAL,FOUR WAY,CLEAR,0.0,0.0,1.0,0.0,0.0,1.0,1,3,"[""Y""]",[],"[""Y""]","[""2025-10-09T07:30:00.000""]","[""2166599"", ""2166600"", ""2166601""]","[""FRONT"", ""FRONT-LEFT-CORNER"", ""SIDE-RIGHT-FRONT""]","[""IL""]","[""CHEVROLET"", ""FORD"", ""HONDA""]","[""PASSING/OVERTAKING"", ""STRAIGHT AHEAD""]","[""CIVIC"", ""EQUINOX"", ""ESCAPE""]","[""1"", ""2""]","[""E"", ""S"", ""W""]","[""1"", ""2"", ""3""]","[""DRIVER""]","[""NONE"", ""UNKNOWN""]","[""2065305"", ""2065320"", ""2065329""]","[""PASSENGER""]","[""PERSONAL""]","[""2010"", ""2018"", ""2024""]",[],[],"[""N"", ""Y""]","[""cs towing"", ""unknown""]","[""Y""]",[],[],"[""Y""]","[""Y""]",[],"[""1""]",[],[],[],[],"[""unknown""]","['42', '67', '71']","[""DEPLOYED, FRONT"", ""DEPLOYED, SIDE"", ""DID NOT DEPLOY""]","[""TEST NOT OFFERED""]","[""CHICAGO""]","[""2025-10-09T07:30:00.000""]","[""IMPROPER PASSING"", ""NONE"", ""UNKNOWN""]","[""NOT OBSCURED"", ""UNKNOWN""]","[""D""]","[""IL""]","[""NONE""]","[""HOLY CROSS"", ""UNIVERSITY OF CHICAGO""]","[""O2166599"", ""O2166600"", ""O2166601"", ""P478067""]","[""DRIVER"", ""PASSENGER""]","[""NORMAL""]","[""SAFETY BELT USED""]","[""F"", ""M""]","[""IL""]","[""2065305"", ""2065320"", ""2065329""]","[""60620"", ""60628"", ""60629""]","[""CFD""]","[""2""]",[],[],[],"[""30""]",2025,10,7,9,False,morning,41.76,-87.66,41.76_-87.66,60.0,42,71,SPEEDING,1
STRAIGHT AND LEVEL,924,2025-10-09 07:30:00,5,7,10,0A2EC42AF9D54F09B2C31DDC90C126FD3F4957AACC75BA4E5BB7F75F8CD297D49276C931066E49596C66E3640581C047159C843FECCFBEEB6B7AD8EAE57FB4AD,NO INJURY / DRIVE AWAY,"OVER $1,500",FUNCTIONING PROPERLY,ANGLE,41.8105656774,DAYLIGHT,-87.6651705169,2,30,DISREGARDING TRAFFIC SIGNALS,UNKNOWN,DRY,DISREGARDING TRAFFIC SIGNALS,S,4556,TRAFFIC SIGNAL,FOUR WAY,CLEAR,0.0,0.0,1.0,0.0,0.0,1.0,1,2,[],[],"[""Y""]","[""2025-10-09T07:30:00.000""]","[""2166568"", ""2166573""]","[""FRONT"", ""SIDE-LEFT""]","[""IL""]","[""TOYOTA""]","[""STRAIGHT AHEAD""]","[""RAV4""]","[""1""]","[""N"", ""W""]","[""1"", ""2""]","[""DRIVER""]","[""UNKNOWN""]","[""2065250"", ""2065257""]","[""PASSENGER""]","[""PERSONAL"", ""UNKNOWN/NA""]","[""2020""]",[],[],[],[],[],[],[],"[""Y""]","[""Y""]",[],[],[],[],[],[],[],"['26', '30']","[""DID NOT DEPLOY""]","[""TEST NOT OFFERED""]","[""CALUMET CITY"", ""CHICAGO""]","[""2025-10-09T07:30:00.000""]","[""DISREGARDED CONTROL DEVICES""]","[""UNKNOWN""]",[],"[""IL""]","[""NONE"", ""UNKNOWN""]",[],"[""O2166568"", ""O2166573""]","[""DRIVER""]","[""NORMAL"", ""UNKNOWN""]","[""USAGE UNKNOWN""]","[""F"", ""M""]","[""IL""]","[""2065250"", ""2065257""]","[""60409"", ""60632""]",[],[],[],[],[],[],2025,10,7,9,False,morning,41.81,-87.67,41.81_-87.67,28.0,26,30,OTHER,0
STRAIGHT AND LEVEL,823,2025-10-09 07:30:00,5,7,10,4ECF0C5449562489AFECDE195CC72CDE73C1E4F4182F0610880E4912108C25147D675A200FE0D84335BA4F0C350EBBE0103F4B6C8F053811891AF3C0D03452B0,NO INJURY / DRIVE AWAY,"OVER $1,500",FUNCTIONING PROPERLY,ANGLE,41.7800638379,DAYLIGHT,-87.7033126221,2,30,UNABLE TO DETERMINE,NO DEFECTS,DRY,UNABLE TO DETERMINE,S,6222,STOP SIGN/FLASHER,NOT DIVIDED,CLEAR,0.0,1.0,0.0,0.0,0.0,1.0,1,1,"[""Y""]",[],"[""Y""]","[""2025-10-09T07:30:00.000""]","[""2166655"", ""2166656""]","[""FRONT-LEFT-CORNER"", ""FRONT-RIGHT-CORNER""]","[""IL""]","[""NISSAN"", ""UNKNOWN""]","[""STRAIGHT AHEAD""]","[""OTHER (EXPLAIN IN NARRATIVE)"", ""SENTRA""]","[""1"", ""2""]","[""E"", ""S""]","[""1"", ""2""]","[""DRIVER""]","[""NONE"", ""UNKNOWN""]","[""2065346"", ""2065352""]","[""PASSENGER"", ""SPORT UTILITY VEHICLE (SUV)""]","[""PERSONAL"", ""UNKNOWN/NA""]","[""2014""]",[],[],"[""Y""]",[],[],"[""N""]",[],[],"[""Y""]",[],"[""1""]","[""N""]",[],[],[],[],['23'],"[""DEPLOYMENT UNKNOWN"", ""DID NOT DEPLOY""]","[""TEST NOT OFFERED""]","[""CHICAGO"", ""CICERO""]","[""2025-10-09T07:30:00.000""]","[""DISREGARDED CONTROL DEVICES"", ""NONE""]","[""NOT OBSCURED"", ""UNKNOWN""]","[""D""]","[""IL""]","[""NONE""]",[],"[""O2166655"", ""O2166656"", ""P478076""]","[""DRIVER"", ""PASSENGER""]","[""NORMAL"", ""UNKNOWN""]","[""SAFETY BELT USED"", ""USAGE UNKNOWN""]","[""F"", ""M""]","[""IL""]","[""2065346"", ""2065352""]","[""60629"", ""60804""]",[],"[""3""]",[],[],[],[],2025,10,7,9,False,morning,41.78,-87.7,41.78_-87.7,23.0,23,23,OTHER,0
STRAIGHT AND LEVEL,1235,2025-10-09 07:30:00,5,7,10,15024D43FABD68FA10622AB2B1F66934B27D4E1858AC353731BD7C3145BF4224F89D30070051D6C174BC7952945096CBEE775E96B25B421B2F5A81EFC435EFD4,NO INJURY / DRIVE AWAY,"$501 - $1,500",NO CONTROLS,SIDESWIPE SAME DIRECTION,41.855953459,DAYLIGHT,-87.6438923204,2,30,NOT APPLICABLE,UNKNOWN,DRY,UNABLE TO DETERMINE,S,1950,NO CONTROLS,FOUR WAY,CLEAR,0.0,1.0,0.0,0.0,0.0,1.0,1,1,[],[],[],"[""2025-10-09T07:30:00.000""]","[""2166562"", ""2166563""]","[""SIDE-LEFT"", ""UNKNOWN""]","[""IL""]","[""DODGE"", ""HONDA""]","[""PASSING/OVERTAKING"", ""STRAIGHT AHEAD""]","[""ACCORD"", ""OTHER (EXPLAIN IN NARRATIVE)""]","[""1""]","[""S""]","[""1"", ""2""]","[""DRIVER""]","[""UNKNOWN""]","[""2065258"", ""2065268""]","[""PASSENGER"", ""PICKUP""]","[""PERSONAL"", ""UNKNOWN/NA""]","[""2007""]",[],[],"[""Y""]",[],[],[],"[""Y""]","[""Y""]","[""Y""]",[],[],[],[],[],[],[],['37'],"[""DEPLOYMENT UNKNOWN"", ""DID NOT DEPLOY""]","[""TEST NOT OFFERED""]","[""CHICAGO""]","[""2025-10-09T07:30:00.000""]","[""IMPROPER PASSING"", ""UNKNOWN""]","[""UNKNOWN""]","[""D""]","[""IL""]","[""NONE""]","[""99""]","[""O2166562"", ""O2166563""]","[""DRIVER""]","[""NORMAL"", ""UNKNOWN""]","[""SAFETY BELT USED"", ""USAGE UNKNOWN""]","[""M"", ""X""]","[""IL""]","[""2065258"", ""2065268""]","[""60608""]","[""99""]",[],[],[],[],[],2025,10,7,9,False,morning,41.86,-87.64,41.86_-87.64,37.0,37,37,OTHER,0
STRAIGHT AND LEVEL,1925,2025-10-09 07:30:00,5,7,10,95FC6495D5950012B895B068614843BDD8A8ECFE3A562B6A76FC835CB284198CE1874D38EFF3695ACD1AEFEB61DF5EC385B0324254FC48EB4156FD61239B84BA,NO INJURY / DRIVE AWAY,"OVER $1,500",NO CONTROLS,PARKED MOTOR VEHICLE,41.9479597292,DAYLIGHT,-87.6451049571,2,30,UNABLE TO DETERMINE,NO DEFECTS,DRY,NOT APPLICABLE,W,547,NO CONTROLS,NOT DIVIDED,CLEAR,0.0,1.0,0.0,1.0,0.0,1.0,2,0,[],"[""Y""]",[],"[""2025-10-09T07:30:00.000""]","[""2166696"", ""2166697""]","[""UNKNOWN""]","[""IL""]","[""UNKNOWN"", ""VESPA""]","[""PARKED"", ""UNKNOWN/NA""]","[""OTHER (EXPLAIN IN NARRATIVE)"", ""PRIMAVERA""]","[""0"", ""1""]","[""E"", ""UNKNOWN""]","[""1"", ""2""]","[""DRIVER"", ""PARKED""]","[""NONE"", ""UNKNOWN""]","[""2065868"", ""2065869""]","[""MOPED OR MOTORIZED BICYCLE"", ""UNKNOWN/NA""]","[""NOT IN USE"", ""UNKNOWN/NA""]",[],[],[],"[""Y""]",[],[],[],"[""Y""]","[""Y""]",[],[],[],[],[],[],"[""Y""]",[],[],"[""DEPLOYMENT UNKNOWN""]","[""TEST NOT OFFERED""]",[],"[""2025-10-09T07:30:00.000""]","[""NONE""]","[""UNKNOWN""]",[],[],"[""NONE""]",[],"[""O2166696""]","[""DRIVER""]","[""UNKNOWN""]","[""USAGE UNKNOWN""]","[""X""]",[],"[""2065868""]",[],[],[],[],[],[],[],2025,10,7,9,False,morning,41.95,-87.65,41.95_-87.65,0.0,0,0,OTHER,0
STRAIGHT AND LEVEL,1232,2025-10-09 07:30:00,5,7,10,BD8A6BE3BFB181943C9728AA578FA9E6F87EF703E6A9216EACC1B9987B043FC03745AE7F16AC37C28874B0C16CA8B5802AD03BBD4D5D1579A5EB6D077F998429,INJURY AND / OR TOW DUE TO CRASH,"OVER $1,500",FUNCTIONING PROPERLY,ANGLE,41.8671196607,DAYLIGHT,-87.6452815,2,30,DISREGARDING TRAFFIC SIGNALS,NO DEFECTS,DRY,UNABLE TO DETERMINE,S,1200,TRAFFIC SIGNAL,NOT DIVIDED,CLEAR,0.0,0.0,1.0,0.0,0.0,1.0,1,3,"[""Y""]","[""Y""]","[""Y""]","[""2025-10-09T07:30:00.000""]","[""2166553"", ""2166554""]","[""FRONT-LEFT-CORNER"", ""SIDE-RIGHT-FRONT""]","[""IL"", ""MI""]","[""CHEVROLET"", ""LEXUS""]","[""STRAIGHT AHEAD""]","[""EQUINOX"", ""ES350""]","[""1"", ""2""]","[""S"", ""W""]","[""1"", ""2""]","[""DRIVER""]","[""UNKNOWN""]","[""2065247"", ""2065260""]","[""PASSENGER""]","[""PERSONAL""]","[""2015"", ""2025""]",[],[],"[""Y""]","[""insurance""]","[""Y""]",[],[],[],"[""Y""]",[],"[""1""]",[],[],[],[],"[""unknown""]","['18', '27', '53']","[""DID NOT DEPLOY"", ""NOT APPLICABLE""]","[""TEST NOT OFFERED""]","[""CHICAGO"", ""DEARBORN HEIGHTS""]","[""2025-10-09T07:30:00.000""]","[""DISREGARDED CONTROL DEVICES"", ""NONE""]","[""UNKNOWN""]","[""D""]","[""IL"", ""MI""]","[""NONE""]",[],"[""O2166553"", ""O2166554"", ""P478058""]","[""DRIVER"", ""PASSENGER""]","[""NORMAL""]","[""SAFETY BELT USED""]","[""F"", ""M""]","[""IL"", ""MI""]","[""2065247"", ""2065260""]","[""48127"", ""60632""]",[],"[""3""]",[],[],[],[],2025,10,7,9,False,morning,41.87,-87.65,41.87_-87.65,32.666666666666664,18,53,OTHER,0
STRAIGHT AND LEVEL,1215,2025-10-09 07:30:00,5,7,10,C2D1352CE8D5584AAAE379C2248ACCEA641801C2A2526433D5F443CF0CAF0B26E71963DDA6662A85039674DD73ED54C7AD9D970BBF4DD829238B28C9CBD180D6,NO INJURY / DRIVE AWAY,"OVER $1,500",NO CONTROLS,SIDESWIPE SAME DIRECTION,41.8854423657,DAYLIGHT,-87.6668084259,2,35,FAILING TO YIELD RIGHT-OF-WAY,UNKNOWN,UNKNOWN,UNABLE TO DETERMINE,W,1564,TRAFFIC SIGNAL,NOT DIVIDED,CLEAR,0.0,0.0,0.0,0.0,0.0,1.0,1,1,"[""Y""]","[""Y""]","[""Y""]","[""2025-10-09T07:30:00.000""]","[""2167034"", ""2167035""]","[""SIDE-LEFT"", ""SIDE-RIGHT-FRONT""]","[""IL""]","[""JEEP"", ""MERCEDES-BENZ""]","[""ENTERING TRAFFIC LANE FROM PARKING"", ""STRAIGHT AHEAD""]","[""OTHER (EXPLAIN IN NARRATIVE)"", ""WRANGLER""]","[""1""]","[""W""]","[""1"", ""2""]","[""DRIVER""]","[""UNKNOWN""]","[""2065713"", ""2065717""]","[""PASSENGER"", ""SPORT UTILITY VEHICLE (SUV)""]","[""PERSONAL""]","[""2009"", ""2021""]",[],[],[],[],[],[],[],"[""Y""]","[""Y""]",[],[],[],[],[],[],[],['35'],"[""DEPLOYMENT UNKNOWN"", ""NOT APPLICABLE""]","[""TEST NOT OFFERED""]","[""CHICAGO""]","[""2025-10-09T07:30:00.000""]","[""UNKNOWN""]","[""UNKNOWN""]","[""D""]","[""IL""]","[""NONE""]","[""N/A"", ""REFUSED""]","[""O2167034"", ""O2167035""]","[""DRIVER""]","[""UNKNOWN""]","[""USAGE UNKNOWN""]","[""M"", ""X""]","[""IL""]","[""2065713"", ""2065717""]","[""60651""]","[""N/A""]",[],[],[],[],[],2025,10,7,9,False,morning,41.89,-87.67,41.89_-87.67,35.0,35,35,FAILURE-TO-YIELD,0
STRAIGHT AND LEVEL,815,2025-10-09 07:30:00,5,7,10,D1BEFBB8D859AB8AA151031BA141A14EC9338EC05DD21008605355F932DE1505B1F799E4EABFD7195A90282499051EB291590E2754B457E03F583724176DFEAB,NO INJURY / DRIVE AWAY,"OVER $1,500",NO CONTROLS,SIDESWIPE SAME DIRECTION,41.8188405804,DAWN,-87.7241129298,2,30,IMPROPER LANE USAGE,NO DEFECTS,DRY,NOT APPLICABLE,S,4060,NO CONTROLS,NOT DIVIDED,CLEAR,0.0,0.0,0.0,0.0,0.0,1.0,1,2,"[""Y""]","[""Y""]",[],"[""2025-10-09T07:30:00.000""]","[""2166994"", ""2166995""]","[""SIDE-LEFT"", ""SIDE-RIGHT""]","[""IL""]","[""CHEVROLET"", ""FORD""]","[""OTHER"", ""STRAIGHT AHEAD""]","[""EQUINOX"", ""MUSTANG""]","[""1""]","[""S""]","[""1"", ""2""]","[""DRIVER""]","[""NONE"", ""UNKNOWN""]","[""2065676"", ""2065680""]","[""PASSENGER""]","[""PERSONAL"", ""UNKNOWN/NA""]","[""2007"", ""2016""]","[""Y""]","[""Y""]","[""Y""]",[],[],"[""Y""]",[],"[""Y""]","[""Y""]",[],[],"[""Y""]",[],"[""Y""]",[],[],"['23', '35']","[""DEPLOYMENT UNKNOWN"", ""DID NOT DEPLOY""]","[""TEST NOT OFFERED""]","[""CHICAGO""]","[""2025-10-09T07:30:00.000""]","[""NONE"", ""OTHER""]","[""NOT OBSCURED"", ""UNKNOWN""]","[""D""]","[""IL""]","[""NONE""]",[],"[""O2166994"", ""O2166995""]","[""DRIVER""]","[""NORMAL"", ""UNKNOWN""]","[""SAFETY BELT USED"", ""USAGE UNKNOWN""]","[""F"", ""M""]","[""IL""]","[""2065676"", ""2065680""]","[""60623"", ""60629""]",[],[],[],[],[],[],2025,10,7,9,False,morning,41.82,-87.72,41.82_-87.72,29.0,23,35,OTHER,0
STRAIGHT AND LEVEL,114,2025-10-09 07:26:00,5,7,10,B433D8F0F124FAEC160BBF1B95A5E4573156EDFBC60D749F8C17402377C8C3C8F6A023F84131EC233F08340B1A84CBB9325CD37558CDE0E2F374D68B33C0340A,NO INJURY / DRIVE AWAY,$500 OR LESS,FUNCTIONING PROPERLY,SIDESWIPE SAME DIRECTION,41.8844995106,DAYLIGHT,-87.6137481524,2,30,UNABLE TO DETERMINE,NO DEFECTS,DRY,UNABLE TO DETERMINE,E,500,TRAFFIC SIGNAL,FOUR WAY,CLEAR,0.0,1.0,0.0,0.0,0.0,1.0,1,1,[],[],[],"[""2025-10-09T07:26:00.000""]","[""2166974"", ""2166975""]","[""SIDE-LEFT-REAR"", ""UNKNOWN""]","[""IL""]","[""TOYOTA"", ""UNKNOWN""]","[""STRAIGHT AHEAD"", ""UNKNOWN/NA""]","[""MOTORIZED"", ""MR2""]","[""1""]","[""E"", ""UNKNOWN""]","[""1"", ""2""]","[""DRIVER""]","[""NONE"", ""UNKNOWN""]","[""2065655"", ""2065658""]","[""PASSENGER"", ""UNKNOWN/NA""]","[""PERSONAL"", ""UNKNOWN/NA""]","[""2018""]",[],[],[],[],[],[],"[""Y""]",[],[],[],[],"[""Y""]",[],[],[],[],['31'],"[""DEPLOYMENT UNKNOWN"", ""DID NOT DEPLOY""]","[""TEST NOT OFFERED""]","[""CHICAGO""]","[""2025-10-09T07:26:00.000""]","[""NONE"", ""UNKNOWN""]","[""NOT OBSCURED"", ""UNKNOWN""]",[],"[""IL""]","[""NONE""]",[],"[""O2166974"", ""O2166975""]","[""DRIVER""]","[""NORMAL"", ""UNKNOWN""]","[""SAFETY BELT USED"", ""USAGE UNKNOWN""]","[""F"", ""X""]","[""IL""]","[""2065655"", ""2065658""]","[""60608""]",[],[],[],[],[],[],2025,10,7,9,False,morning,41.88,-87.61,41.88_-87.61,31.0,31,31,OTHER,0
STRAIGHT AND LEVEL,915,2025-10-09 07:25:00,5,7,10,FD62C2EA06D686F625413649872F2D81B6F2FB7415EE2BA2C6626D15CBF0A0F6C6638C21ED275CE51C6D456F8A5DB58A986F93AC2E7EA092C3AFA78B442B0C84,NO INJURY / DRIVE AWAY,"OVER $1,500",NO CONTROLS,ANGLE,41.8374207505,DAYLIGHT,-87.6461147915,2,30,IMPROPER OVERTAKING/PASSING,NO DEFECTS,DRY,FAILING TO YIELD RIGHT-OF-WAY,S,3121,NO CONTROLS,NOT DIVIDED,CLEAR,0.0,0.0,0.0,0.0,0.0,1.0,1,2,"[""Y""]",[],[],"[""2025-10-09T07:25:00.000""]","[""2166533"", ""2166534""]","[""FRONT-LEFT-CORNER"", ""FRONT-RIGHT-CORNER""]","[""IL""]","[""SATURN"", ""TOYOTA""]","[""MERGING"", ""PASSING/OVERTAKING""]","[""ION"", ""PRIUS""]","[""1""]","[""N"", ""NW""]","[""1"", ""2""]","[""DRIVER""]","[""NONE""]","[""2065300"", ""2065369""]","[""PASSENGER""]","[""PERSONAL""]","[""2006"", ""2010""]",[],[],"[""Y""]",[],[],[],[],[],"[""Y""]",[],[],[],[],[],[],[],"['19', '61']","[""DEPLOYMENT UNKNOWN"", ""DID NOT DEPLOY""]","[""TEST NOT OFFERED""]","[""CHICAGO""]","[""2025-10-09T07:25:00.000""]","[""IMPROPER PASSING"", ""NONE""]","[""MOVING VEHICLES"", ""NOT OBSCURED""]","[""D""]","[""IL""]","[""NONE""]",[],"[""O2166533"", ""O2166534""]","[""DRIVER""]","[""NORMAL""]","[""SAFETY BELT NOT USED"", ""SAFETY BELT USED""]","[""F"", ""M""]","[""IL""]","[""2065300"", ""2065369""]","[""60608""]",[],[],[],[],[],[],2025,10,7,9,False,morning,41.84,-87.65,41.84_-87.65,40.0,19,61,OTHER,0
STRAIGHT AND LEVEL,2512,2025-10-09 07:25:00,5,7,10,B4762E1477625BA0177637FE5553AED8C6E9F2D85EDDD3AC25D1DE86C377F30AC40D15896CF9F043D03FE6BA01F316C2CEB39C67D492B8BBCD6561F7F8E49723,NO INJURY / DRIVE AWAY,"OVER $1,500",NO CONTROLS,REAR TO REAR,41.9186285063,DAYLIGHT,-87.7878850554,2,15,UNABLE TO DETERMINE,NO DEFECTS,DRY,NOT APPLICABLE,N,2112,NO CONTROLS,ALLEY,CLEAR,0.0,0.0,0.0,0.0,0.0,1.0,1,2,[],[],[],"[""2025-10-09T07:25:00.000""]","[""2166525"", ""2166526""]","[""REAR-LEFT-CORNER"", ""REAR-RIGHT-CORNER""]","[""IL""]","[""TESLA"", ""TOYOTA""]","[""BACKING""]","[""COROLLA"", ""MODEL Y""]","[""1""]","[""N"", ""SE""]","[""1"", ""2""]","[""DRIVER""]","[""NONE""]","[""2065228"", ""2065230""]","[""PASSENGER""]","[""PERSONAL""]","[""2021"", ""2023""]",[],[],[],[],[],"[""Y""]",[],[],[],[],[],[],[],"[""Y""]","[""Y""]",[],"['23', '50']","[""NOT APPLICABLE""]","[""TEST NOT OFFERED""]","[""CHICAGO""]","[""2025-10-09T07:25:00.000""]","[""NONE""]","[""NOT OBSCURED""]","[""D""]","[""IL""]","[""NONE""]",[],"[""O2166525"", ""O2166526""]","[""DRIVER""]","[""NORMAL""]","[""SAFETY BELT USED""]","[""F"", ""M""]","[""IL""]","[""2065228"", ""2065230""]",[],[],[],[],[],[],[],2025,10,7,9,False,morning,41.92,-87.79,41.92_-87.79,36.5,23,50,OTHER,0
STRAIGHT AND LEVEL,2511,2025-10-09 07:20:00,5,7,10,69E82D5699FD3A743109DB54642DD791F8491A9DCA4A2F14C0B68C51F476452F6651CA754D6E20694E81D0FCEDB38377D1FB5F2F6A4630A4A4D7878640BB0462,INJURY AND / OR TOW DUE TO CRASH,$500 OR LESS,NO CONTROLS,SIDESWIPE SAME DIRECTION,41.9380189048,DAYLIGHT,-87.7976760443,2,30,FAILING TO YIELD RIGHT-OF-WAY,NO DEFECTS,DRY,UNABLE TO DETERMINE,W,6849,NO CONTROLS,DIVIDED - W/MEDIAN (NOT RAISED),CLEAR,0.0,0.0,0.0,0.0,0.0,1.0,1,2,"[""Y""]","[""Y""]","[""Y""]","[""2025-10-09T07:20:00.000""]","[""2166547"", ""2166548""]","[""FRONT-LEFT-CORNER"", ""FRONT-RIGHT-CORNER""]","[""IL""]","[""HONDA"", ""NISSAN""]","[""ENTERING TRAFFIC LANE FROM PARKING"", ""STRAIGHT AHEAD""]","[""ALTIMA"", ""CR-V""]","[""1""]","[""E""]","[""1"", ""2""]","[""DRIVER""]","[""NONE""]","[""2065238"", ""2065246""]","[""PASSENGER"", ""SPORT UTILITY VEHICLE (SUV)""]","[""PERSONAL""]","[""2011"", ""2017""]",[],[],"[""Y""]",[],"[""Y""]",[],[],[],"[""Y""]",[],[],[],[],[],[],[],"['46', '50']","[""DID NOT DEPLOY""]","[""TEST NOT OFFERED""]","[""CHICAGO""]","[""2025-10-09T07:20:00.000""]","[""FAILED TO YIELD"", ""NONE""]","[""NOT OBSCURED""]","[""D""]","[""IL""]","[""NONE""]",[],"[""O2166547"", ""O2166548""]","[""DRIVER""]","[""NORMAL""]","[""SAFETY BELT USED""]","[""F"", ""M""]","[""IL""]","[""2065238"", ""2065246""]","[""60630"", ""60634""]",[],[],[],[],[],[],2025,10,7,9,False,morning,41.94,-87.8,41.94_-87.8,48.0,46,50,FAILURE-TO-YIELD,0