alignment,beat_of_occurrence,crash_date,crash_day_of_week,crash_hour,crash_month,crash_record_id,crash_type,damage,device_condition,first_crash_type,latitude,lighting_condition,longitude,num_units,posted_speed_limit,prim_contributory_cause,road_defect,roadway_surface_cond,sec_contributory_cause,street_direction,street_no,traffic_control_device,trafficway_type,weather_condition,private_property_i,hit_and_run_i,intersection_related_i,crash_date_est_i,work_zone_i,workers_present_i,veh_count,ppl_count,veh_area_01_i_list_json,veh_area_02_i_list_json,veh_area_12_i_list_json,veh_crash_date_list_json,veh_crash_unit_id_list_json,veh_first_contact_point_list_json,veh_lic_plate_state_list_json,veh_make_list_json,veh_maneuver_list_json,veh_model_list_json,veh_occupant_cnt_list_json,veh_travel_direction_list_json,veh_unit_no_list_json,veh_unit_type_list_json,veh_vehicle_defect_list_json,veh_vehicle_id_list_json,veh_vehicle_type_list_json,veh_vehicle_use_list_json,veh_vehicle_year_list_json,veh_area_03_i_list_json,veh_area_04_i_list_json,veh_area_11_i_list_json,veh_towed_by_list_json,veh_towed_i_list_json,veh_area_07_i_list_json,veh_area_99_i_list_json,veh_area_09_i_list_json,veh_area_10_i_list_json,veh_cmrc_veh_i_list_json,veh_num_passengers_list_json,veh_area_08_i_list_json,veh_area_00_i_list_json,veh_area_05_i_list_json,veh_area_06_i_list_json,veh_towed_to_list_json,ppl_age_list_json,ppl_airbag_deployed_list_json,ppl_bac_result_list_json,ppl_city_list_json,ppl_crash_date_list_json,ppl_driver_action_list_json,ppl_driver_vision_list_json,ppl_drivers_license_class_list_json,ppl_drivers_license_state_list_json,ppl_ejection_list_json,ppl_hospital_list_json,ppl_person_id_list_json,ppl_person_type_list_json,ppl_physical_condition_list_json,ppl_safety_equipment_list_json,ppl_sex_list_json,ppl_state_list_json,ppl_vehicle_id_list_json,ppl_zipcode_list_json,ppl_ems_agency_list_json,ppl_seat_no_list_json,ppl_pedpedal_action_list_json,ppl_pedpedal_location_list_json,ppl_pedpedal_visibility_list_json,ppl_ems_run_no_list_json,year,month,hour,day,is_weekend,hour_bin,lat_bin,lng_bin,grid_id,ppl_age_mean,ppl_age_min,ppl_age_max,prim_contributory_cause_group,ksi_flag
STRAIGHT AND LEVEL,815,2025-10-09 07:20:00,5,7,10,525E4C87FAAEB3145A9AD05D2C02ACE637BDC63E9A2CB9371240242217977915B0314DE95866A35A956B1EBAA8B4090FEF97FF2DF009D25409272C12CB348F04,NO INJURY / DRIVE AWAY,"OVER $1,500",NO CONTROLS,SIDESWIPE SAME DIRECTION,41.8133735454,DAYLIGHT,-87.7422388409,2,20,IMPROPER OVERTAKING/PASSING,NO DEFECTS,DRY,NOT APPLICABLE,S,4352,NO CONTROLS,ALLEY,CLEAR,0.0,0.0,0.0,0.0,0.0,1.0,1,4,"[""Y""]",[],[],"[""2025-10-09T07:20:00.000""]","[""2166527"", ""2166528""]","[""FRONT-RIGHT-CORNER"", ""SIDE-RIGHT""]","[""IL""]","[""HONDA"", ""KIA""]","[""PASSING/OVERTAKING"", ""STRAIGHT AHEAD""]","[""CIVIC"", ""FORTE""]","[""2""]","[""N""]","[""1"", ""2""]","[""DRIVER""]","[""NONE""]","[""2065227"", ""2065236""]","[""PASSENGER""]","[""PERSONAL""]","[""2017"", ""2020""]",[],[],[],[],[],[],"[""Y""]",[],[],[],"[""1""]",[],[],[],[],[],"['27', '34', '43', '8']","[""DID NOT DEPLOY"", ""NOT APPLICABLE""]","[""TEST NOT OFFERED""]","[""CHICAGO""]","[""2025-10-09T07:20:00.000""]","[""IMPROPER PASSING"", ""NONE""]","[""NOT OBSCURED""]","[""D""]","[""IL""]","[""NONE""]",[],"[""O2166527"", ""O2166528"", ""P478056"", ""P478057""]","[""DRIVER"", ""PASSENGER""]","[""NORMAL""]","[""USAGE UNKNOWN""]","[""F"", ""M""]","[""IL""]","[""2065227"", ""2065236""]","[""60619"", ""60638"", ""6629""]",[],"[""3"", ""6""]",[],[],[],[],2025,10,7,9,False,morning,41.81,-87.74,41.81_-87.74,28.0,8,43,OTHER,0
STRAIGHT AND LEVEL,1235,2025-10-09 07:14:00,5,7,10,333AA81045CF42F6F1E6528B5DC38B0891A74E396A0553111D17E3336A85DC566AADC356A9D7C1D8C24E5EC9976C0B00C49BDA86C11A9267ED7123459AE4186E,NO INJURY / DRIVE AWAY,"OVER $1,500",FUNCTIONING PROPERLY,SIDESWIPE SAME DIRECTION,41.8579070133,DAYLIGHT,-87.6436609262,2,30,IMPROPER OVERTAKING/PASSING,NO DEFECTS,DRY,IMPROPER LANE USAGE,S,1745,TRAFFIC SIGNAL,ONE-WAY,CLEAR,0.0,0.0,0.0,0.0,0.0,1.0,1,2,"[""Y""]","[""Y""]",[],"[""2025-10-09T07:14:00.000""]","[""2166529"", ""2166530""]","[""SIDE-LEFT"", ""SIDE-RIGHT-FRONT""]","[""IL""]","[""CHEVROLET"", ""FREIGHTLINER CORPORATION""]","[""MERGING"", ""STRAIGHT AHEAD""]","[""FREIGHTLINER CORP."", ""TRAX""]","[""1""]","[""N""]","[""1"", ""2""]","[""DRIVER""]","[""UNKNOWN""]","[""2065235"", ""2065240""]","[""PASSENGER"", ""TRACTOR W/ SEMI-TRAILER""]","[""COMMERCIAL - MULTI-UNIT"", ""PERSONAL""]","[""2022"", ""2025""]",[],[],[],[],[],"[""Y""]",[],"[""Y""]",[],[],[],"[""Y""]",[],[],[],[],"['48', '64']","[""NOT APPLICABLE""]","[""TEST NOT OFFERED""]","[""BERWYN"", ""BURBANK""]","[""2025-10-09T07:14:00.000""]","[""IMPROPER PASSING"", ""NONE""]","[""UNKNOWN""]","[""A"", ""D""]","[""IL""]","[""NONE""]",[],"[""O2166529"", ""O2166530""]","[""DRIVER""]","[""NORMAL""]","[""SAFETY BELT USED""]","[""F"", ""M""]","[""IL""]","[""2065235"", ""2065240""]","[""60402"", ""60459""]",[],[],[],[],[],[],2025,10,7,9,False,morning,41.86,-87.64,41.86_-87.64,56.0,48,64,OTHER,0
STRAIGHT AND LEVEL,1711,2025-10-09 07:06:00,5,7,10,5409361E10449FA45239932CB4DC70A123AC789A511077F1D79342C34587C80E7797FE599528490272998A57364F2F761F7DB7598579158752359B0CFE235373,NO INJURY / DRIVE AWAY,"OVER $1,500",FUNCTIONING PROPERLY,REAR END,41.9901794919,DAYLIGHT,-87.7339081116,2,30,UNABLE TO DETERMINE,NO DEFECTS,DRY,NOT APPLICABLE,W,4200,TRAFFIC SIGNAL,FOUR WAY,CLEAR,0.0,0.0,0.0,0.0,0.0,1.0,1,2,"[""Y""]",[],"[""Y""]","[""2025-10-09T07:06:00.000""]","[""2168997"", ""2168998""]","[""FRONT"", ""REAR""]","[""IL""]","[""FORD"", ""VOLKSWAGEN""]","[""STRAIGHT AHEAD""]","[""TOURAN"", ""VAN""]","[""1""]","[""E""]","[""1"", ""2""]","[""DRIVER""]","[""NONE""]","[""2067587"", ""2067590""]","[""PASSENGER"", ""VAN/MINI-VAN""]","[""PERSONAL""]","[""2016"", ""2024""]",[],[],"[""Y""]",[],[],"[""Y""]",[],[],[],[],[],[],[],"[""Y""]","[""Y""]",[],"['50', '53']","[""DID NOT DEPLOY""]","[""TEST NOT OFFERED""]","[""CHICAGO""]","[""2025-10-09T07:06:00.000""]","[""UNKNOWN""]","[""NOT OBSCURED""]","[""D""]","[""IL""]","[""NONE""]",[],"[""O2168997"", ""O2168998""]","[""DRIVER""]","[""NORMAL""]","[""SAFETY BELT USED""]","[""M""]","[""IL""]","[""2067587"", ""2067590""]","[""60645"", ""60651""]",[],[],[],[],[],[],2025,10,7,9,False,morning,41.99,-87.73,41.99_-87.73,51.5,50,53,OTHER,0
STRAIGHT AND LEVEL,1215,2025-10-09 07:00:00,5,7,10,92131C473A5F638AD87CDCBEFAEA25E0985E6BF52EF5F3DB71DE14F1826940C976B7AF4B617A803F1DAF8C3E8B0343618582324CB33B817ABE1861D1C88C5FDD,NO INJURY / DRIVE AWAY,"OVER $1,500",NO CONTROLS,FIXED OBJECT,41.8907051351,UNKNOWN,-87.6672830952,1,30,UNABLE TO DETERMINE,NO DEFECTS,UNKNOWN,UNABLE TO DETERMINE,N,464,NO CONTROLS,DIVIDED - W/MEDIAN (NOT RAISED),CLEAR,0.0,0.0,0.0,1.0,0.0,1.0,1,0,[],[],[],"[""2025-10-09T07:00:00.000""]","[""2167281""]","[""UNKNOWN""]","[""XX""]","[""UNKNOWN""]","[""UNKNOWN/NA""]","[""OTHER (EXPLAIN IN NARRATIVE)""]","[""1""]","[""UNKNOWN""]","[""1""]","[""DRIVER""]","[""UNKNOWN""]","[""2065943""]","[""UNKNOWN/NA""]","[""UNKNOWN/NA""]",[],[],[],[],[],[],[],"[""Y""]",[],[],[],[],[],[],[],[],[],[],"[""NOT APPLICABLE""]","[""TEST NOT OFFERED""]",[],"[""2025-10-09T07:00:00.000""]","[""OVERCORRECTED""]","[""UNKNOWN""]","[""D""]","[""XX""]","[""NONE""]","[""DNA""]","[""O2167281""]","[""DRIVER""]","[""UNKNOWN""]","[""USAGE UNKNOWN""]","[""X""]",[],"[""2065943""]",[],"[""DNA""]",[],[],[],[],[],2025,10,7,9,False,morning,41.89,-87.67,41.89_-87.67,0.0,0,0,OTHER,0
STRAIGHT AND LEVEL,411,2025-10-09 07:00:00,5,7,10,973E0599F7531292B31DB74F7552A551B178CD406600B1B6304BD903B853F98FA6EF5592B75C7113DF97DB1EA7ACE41EFEBAA1ECF06A156D539CC49038C0E606,INJURY AND / OR TOW DUE TO CRASH,"OVER $1,500",NO CONTROLS,REAR END,41.7508148371,DAYLIGHT,-87.5855050324,2,30,FOLLOWING TOO CLOSELY,UNKNOWN,DRY,NOT APPLICABLE,S,7925,NO CONTROLS,DIVIDED - W/MEDIAN (NOT RAISED),CLEAR,0.0,0.0,0.0,0.0,0.0,1.0,1,4,"[""Y""]","[""Y""]",[],"[""2025-10-09T07:00:00.000""]","[""2166515"", ""2166516""]","[""FRONT-RIGHT-CORNER"", ""REAR-LEFT-CORNER""]","[""IL""]","[""FORD"", ""HYUNDAI""]","[""STRAIGHT AHEAD""]","[""MUSTANG"", ""TUCSON""]","[""1"", ""3""]","[""N""]","[""1"", ""2""]","[""DRIVER""]","[""NONE"", ""UNKNOWN""]","[""2065221"", ""2065223""]","[""PASSENGER""]","[""UNKNOWN/NA""]","[""2016"", ""2021""]",[],[],[],"[""PRIVATE""]","[""Y""]","[""Y""]",[],"[""Y""]",[],[],"[""2""]","[""Y""]",[],[],[],[],"['1', '27', '28', '3']","[""NOT APPLICABLE""]","[""TEST NOT OFFERED""]","[""HAMMOND"", ""LANSING""]","[""2025-10-09T07:00:00.000""]","[""FOLLOWED TOO CLOSELY"", ""NONE""]","[""UNKNOWN""]","[""D""]","[""IL"", ""IN""]","[""NONE""]",[],"[""O2166515"", ""O2166516"", ""P478054"", ""P478055""]","[""DRIVER"", ""PASSENGER""]","[""NORMAL""]","[""CHILD RESTRAINT - FORWARD FACING"", ""SAFETY BELT USED""]","[""F"", ""M""]","[""IL"", ""IN""]","[""2065221"", ""2065223""]","[""46323"", ""60438""]",[],"[""4"", ""6""]",[],[],[],[],2025,10,7,9,False,morning,41.75,-87.59,41.75_-87.59,14.75,1,28,FOLLOWING TOO CLOSELY,0
STRAIGHT AND LEVEL,331,2025-10-09 06:52:00,5,6,10,F2E1817B77BCC91C1E987E0EB91BA582D5FAED21FF15A4B85AE63C1E8C17A31E83F4B1B9198CE8C7AA74204867BE152E2E48123C6BC105A0488A10C1C7E17A6F,INJURY AND / OR TOW DUE TO CRASH,$500 OR LESS,FUNCTIONING PROPERLY,REAR END,41.7722325268,DAYLIGHT,-87.5763144382,2,30,FOLLOWING TOO CLOSELY,NO DEFECTS,DRY,UNABLE TO DETERMINE,S,6741,TRAFFIC SIGNAL,NOT DIVIDED,CLEAR,0.0,0.0,0.0,0.0,0.0,1.0,1,2,"[""Y""]",[],"[""Y""]","[""2025-10-09T06:52:00.000""]","[""2166519"", ""2166520""]","[""FRONT"", ""REAR""]","[""IL""]","[""CHEVROLET"", ""MAZDA""]","[""STRAIGHT AHEAD""]","[""CX-5"", ""TRAVERSE""]","[""1""]","[""N""]","[""1"", ""2""]","[""DRIVER""]","[""NONE""]","[""2065224"", ""2065225""]","[""SPORT UTILITY VEHICLE (SUV)""]","[""OTHER"", ""PERSONAL""]","[""2022"", ""2023""]",[],[],"[""Y""]",[],[],"[""Y""]",[],[],[],[],[],[],[],"[""Y""]","[""Y""]",[],"['26', '38']","[""NOT APPLICABLE""]","[""TEST NOT OFFERED""]","[""CHICAGO"", ""EVENSTON""]","[""2025-10-09T06:52:00.000""]","[""FOLLOWED TOO CLOSELY"", ""NONE""]","[""NOT OBSCURED""]","[""D""]","[""IL""]","[""NONE""]",[],"[""O2166519"", ""O2166520""]","[""DRIVER""]","[""NORMAL""]","[""SAFETY BELT USED""]","[""F"", ""M""]","[""IL""]","[""2065224"", ""2065225""]","[""60471"", ""60617""]",[],[],[],[],[],[],2025,10,6,9,False,night,41.77,-87.58,41.77_-87.58,32.0,26,38,FOLLOWING TOO CLOSELY,1
STRAIGHT AND LEVEL,133,2025-10-09 06:46:00,5,6,10,C23F5C32F77243EF7CEB13B67387CE2ADCEE9E6C9761702E4E8152A0FB56B92C00AA6CD95FCEA7EABC49B37F98D2B47C1432728421F14C7C8A2D8F4A9DFCE2E9,INJURY AND / OR TOW DUE TO CRASH,"OVER $1,500",FUNCTIONING PROPERLY,ANGLE,41.8385115628,DAYLIGHT,-87.6176148746,2,30,DISREGARDING TRAFFIC SIGNALS,NO DEFECTS,DRY,DISREGARDING TRAFFIC SIGNALS,S,3098,TRAFFIC SIGNAL,FOUR WAY,CLEAR,0.0,0.0,1.0,0.0,0.0,1.0,1,2,"[""Y""]","[""Y""]","[""Y""]","[""2025-10-09T06:46:00.000""]","[""2166523"", ""2166524""]","[""FRONT"", ""SIDE-RIGHT-REAR""]","[""IL""]","[""HYUNDAI"", ""LEXUS""]","[""STRAIGHT AHEAD""]","[""ELANTRA"", ""RX350""]","[""1""]","[""E"", ""N""]","[""1"", ""2""]","[""DRIVER""]","[""UNKNOWN""]","[""2065291"", ""2065297""]","[""PASSENGER""]","[""PERSONAL""]","[""2017"", ""2019""]","[""Y""]","[""Y""]","[""Y""]","[""CHICAGO TOW"", ""PRIVATE""]","[""Y""]",[],[],[],[],[],[],[],[],[],[],[],"['26', '56']","[""DEPLOYED, COMBINATION"", ""DEPLOYED, FRONT""]","[""TEST NOT OFFERED""]","[""CHICAGO""]","[""2025-10-09T06:46:00.000""]","[""DISREGARDED CONTROL DEVICES"", ""NONE""]","[""NOT OBSCURED""]","[""D""]","[""IL""]","[""NONE""]","[""REFUSED""]","[""O2166523"", ""O2166524""]","[""DRIVER""]","[""NORMAL""]","[""USAGE UNKNOWN""]","[""F"", ""M""]","[""IL""]","[""2065291"", ""2065297""]","[""60616"", ""60653""]",[],[],[],[],[],[],2025,10,6,9,False,night,41.84,-87.62,41.84_-87.62,41.0,26,56,OTHER,0
STRAIGHT AND LEVEL,1925,2025-10-09 06:45:00,5,6,10,704B32C0F1D35DB66E994B6C8BAF27411ECF3B5BC09BE8BE21FA5C36C51C810C16E7FBE8B7A5E5E0689A846D39091D842FC2E5F40658B2BA781169C6810CC358,NO INJURY / DRIVE AWAY,"OVER $1,500",NO CONTROLS,PARKED MOTOR VEHICLE,41.947418094,UNKNOWN,-87.6487855967,2,30,UNABLE TO DETERMINE,UNKNOWN,UNKNOWN,UNABLE TO DETERMINE,W,740,NO CONTROLS,DIVIDED - W/MEDIAN (NOT RAISED),CLEAR,0.0,1.0,0.0,0.0,0.0,1.0,2,0,[],[],[],"[""2025-10-09T06:45:00.000""]","[""2166511"", ""2166512""]","[""SIDE-LEFT-FRONT"", ""UNKNOWN""]","[""IL"", ""XX""]","[""HYUNDAI"", ""UNKNOWN""]","[""PARKED"", ""UNKNOWN/NA""]","[""OTHER (EXPLAIN IN NARRATIVE)"", ""SONATA""]","[""0"", ""1""]","[""W""]","[""1"", ""2""]","[""DRIVER"", ""PARKED""]","[""UNKNOWN""]","[""2065218"", ""2065220""]","[""PASSENGER"", ""UNKNOWN/NA""]","[""NOT IN USE"", ""UNKNOWN/NA""]","[""2022""]",[],[],[],[],[],[],"[""Y""]",[],"[""Y""]",[],[],[],[],[],[],[],[],"[""DEPLOYMENT UNKNOWN""]","[""TEST NOT OFFERED""]",[],"[""2025-10-09T06:45:00.000""]","[""UNKNOWN""]","[""UNKNOWN""]",[],"[""XX""]","[""UNKNOWN""]",[],"[""O2166511""]","[""DRIVER""]","[""UNKNOWN""]","[""USAGE UNKNOWN""]","[""X""]",[],"[""2065218""]",[],[],[],[],[],[],[],2025,10,6,9,False,night,41.95,-87.65,41.95_-87.65,0.0,0,0,OTHER,0
STRAIGHT AND LEVEL,835,2025-10-09 06:45:00,5,6,10,68B5F08F2DD2ACB12C7812A72C8453F17A249821600AEEBCF29F426116750B2B397EAE712EC8CBA209A6B080F6196996B3D57799049E30164A7D7936278034DC,INJURY AND / OR TOW DUE TO CRASH,"OVER $1,500",NO CONTROLS,ANGLE,41.7464037756,DAYLIGHT,-87.6829072106,4,30,UNABLE TO DETERMINE,NO DEFECTS,DRY,UNABLE TO DETERMINE,S,8100,NO CONTROLS,NOT DIVIDED,CLEAR,0.0,1.0,0.0,0.0,0.0,1.0,2,1,"[""Y""]",[],"[""Y""]","[""2025-10-09T06:45:00.000""]","[""2166555"", ""2166556"", ""2166588"", ""2166602""]","[""REAR"", ""UNKNOWN""]","[""IA"", ""IL""]","[""LINCOLN"", ""UNKNOWN"", ""VOLKSWAGEN""]","[""STRAIGHT AHEAD""]","[""JETTA"", ""MKZ"", ""MOTORIZED""]","[""0"", ""1""]","[""S"", ""SW""]","[""1"", ""2"", ""3"", ""4""]","[""DRIVER"", ""PARKED""]","[""NONE"", ""UNKNOWN""]","[""2065265"", ""2065281"", ""2065289"", ""2065303""]","[""PASSENGER"", ""UNKNOWN/NA""]","[""NOT IN USE"", ""PERSONAL"", ""UNKNOWN/NA""]","[""2010"", ""2013"", ""2015""]",[],[],"[""Y""]","[""qUICK TOWING""]","[""Y""]","[""Y""]","[""Y""]",[],[],[],[],[],"[""Y""]","[""Y""]","[""Y""]","[""RESIDENCE""]",['27'],"[""DEPLOYED, FRONT"", ""DEPLOYMENT UNKNOWN""]","[""TEST NOT OFFERED"", ""TEST REFUSED""]","[""CLINTON""]","[""2025-10-09T06:45:00.000""]","[""NONE"", ""UNKNOWN""]","[""NOT OBSCURED"", ""UNKNOWN""]","[""D""]","[""IA""]","[""NONE""]",[],"[""O2166555"", ""O2166556""]","[""DRIVER""]","[""NORMAL"", ""UNKNOWN""]","[""SAFETY BELT USED"", ""USAGE UNKNOWN""]","[""M"", ""X""]","[""IA""]","[""2065265"", ""2065281""]","[""52732""]",[],[],[],[],[],[],2025,10,6,9,False,night,41.75,-87.68,41.75_-87.68,27.0,27,27,OTHER,0
STRAIGHT AND LEVEL,213,2025-10-09 06:45:00,5,6,10,195945A8E3D7D1D4682EECDA6964C9B2884082D6D12FA1A79413F1025BDDC66D84259A25713AB0F929FA33B5B94025975CEDB686B624B482AC6BCC91AC2624F5,INJURY AND / OR TOW DUE TO CRASH,"OVER $1,500",FUNCTIONING PROPERLY,ANGLE,41.8184535177,DAYLIGHT,-87.6231585693,2,40,FAILING TO REDUCE SPEED TO AVOID CRASH,NO DEFECTS,DRY,UNABLE TO DETERMINE,E,98,TRAFFIC SIGNAL,FOUR WAY,CLEAR,0.0,0.0,1.0,0.0,0.0,1.0,1,3,[],[],[],"[""2025-10-09T06:45:00.000""]","[""2166541"", ""2166542""]","[""FRONT"", ""FRONT-LEFT-CORNER""]","[""IL""]","[""NISSAN"", ""TOYOTA""]","[""STRAIGHT AHEAD""]","[""COROLLA"", ""SENTRA""]","[""1"", ""2""]","[""E"", ""S""]","[""1"", ""2""]","[""DRIVER""]","[""NONE""]","[""2065256"", ""2065270""]","[""PASSENGER""]","[""PERSONAL""]","[""2013"", ""2017""]",[],[],"[""Y""]","[""PERSONAL""]","[""Y""]",[],[],[],"[""Y""]",[],"[""1""]",[],[],[],[],"[""PERSONAL""]","['2', '31', '32']","[""DEPLOYED, COMBINATION"", ""NOT APPLICABLE""]","[""TEST NOT OFFERED""]","[""CHICAGO""]","[""2025-10-09T06:45:00.000""]","[""NONE"", ""UNKNOWN""]","[""NOT OBSCURED""]","[""D""]","[""IL""]","[""NONE""]","[""REFUSED""]","[""O2166541"", ""O2166542"", ""P478061""]","[""DRIVER"", ""PASSENGER""]","[""NORMAL""]","[""SAFETY BELT USED""]","[""F""]","[""IL""]","[""2065256"", ""2065270""]","[""60645"", ""60649""]","[""CFD 57""]","[""6""]",[],[],[],[],2025,10,6,9,False,night,41.82,-87.62,41.82_-87.62,21.666666666666668,2,32,SPEEDING,1
STRAIGHT AND LEVEL,2222,2025-10-09 06:45:00,5,6,10,0D444614CA55E53D42BF9EF15B8D7DDBC71D4BAB52315E083B818B3BBD936F852A9AA402C31D2A286428E45702F213547DF15323C422B96DBA558BA9D0EA71DF,NO INJURY / DRIVE AWAY,"OVER $1,500",NO CONTROLS,SIDESWIPE SAME DIRECTION,41.7358416433,DAYLIGHT,-87.6534839498,2,30,FOLLOWING TOO CLOSELY,NO DEFECTS,DRY,IMPROPER LANE USAGE,S,8700,NO CONTROLS,NOT DIVIDED,CLEAR,0.0,0.0,0.0,0.0,0.0,1.0,1,1,"[""Y""]","[""Y""]",[],"[""2025-10-09T06:45:00.000""]","[""2166650"", ""2166651""]","[""FRONT-LEFT-CORNER"", ""FRONT-RIGHT-CORNER""]","[""IL""]","[""FORD"", ""UNKNOWN""]","[""STRAIGHT AHEAD""]","[""EXPEDITION"", ""MOTORIZED""]","[""1""]","[""E""]","[""1"", ""2""]","[""DRIVER""]","[""NONE""]","[""2065354"", ""2065362""]","[""PASSENGER""]","[""PERSONAL""]","[""2011"", ""2022""]","[""Y""]","[""Y""]","[""Y""]",[],[],"[""Y""]",[],"[""Y""]","[""Y""]",[],[],"[""Y""]",[],"[""Y""]",[],[],['58'],"[""DEPLOYMENT UNKNOWN"", ""NOT APPLICABLE""]","[""TEST NOT OFFERED"", ""TEST REFUSED""]",[],"[""2025-10-09T06:45:00.000""]","[""NONE"", ""UNKNOWN""]","[""NOT OBSCURED"", ""UNKNOWN""]","[""D""]","[""IL""]","[""NONE""]",[],"[""O2166650"", ""O2166651""]","[""DRIVER""]","[""NORMAL"", ""UNKNOWN""]","[""SAFETY BELT USED"", ""USAGE UNKNOWN""]","[""M""]",[],"[""2065354"", ""2065362""]",[],[],[],[],[],[],[],2025,10,6,9,False,night,41.74,-87.65,41.74_-87.65,58.0,58,58,FOLLOWING TOO CLOSELY,0
STRAIGHT AND LEVEL,835,2025-10-09 06:30:00,5,6,10,35EEB21CA3E9EDBB8C2C121C9678502E8B8F9015103D537BF5C04B7D95415E7742E55A376198FD86FC07D0D48B5507A7CFC8B45E386D9AAE67C9B5DFBB6CCABD,NO INJURY / DRIVE AWAY,$500 OR LESS,FUNCTIONING PROPERLY,REAR TO FRONT,41.7499517265,DAYLIGHT,-87.7022309432,2,30,UNABLE TO DETERMINE,NO DEFECTS,DRY,UNABLE TO DETERMINE,W,3158,TRAFFIC SIGNAL,NOT DIVIDED,CLEAR,0.0,0.0,0.0,0.0,0.0,1.0,1,2,[],[],[],"[""2025-10-09T06:30:00.000""]","[""2166505"", ""2166506""]","[""FRONT"", ""REAR""]","[""IL""]","[""FORD"", ""JEEP""]","[""BACKING"", ""STRAIGHT AHEAD""]","[""CHEROKEE"", ""F150""]","[""1""]","[""E"", ""W""]","[""1"", ""2""]","[""DRIVER""]","[""NONE""]","[""2065211"", ""2065215""]","[""PASSENGER"", ""PICKUP""]","[""PERSONAL""]","[""2011"", ""2016""]",[],[],[],[],[],[],[],[],[],[],[],[],"[""Y""]",[],[],[],"['28', '47']","[""DID NOT DEPLOY""]","[""TEST NOT OFFERED""]","[""CHICAGO""]","[""2025-10-09T06:30:00.000""]","[""IMPROPER BACKING"", ""NONE""]","[""NOT OBSCURED""]","[""B"", ""D""]","[""IL""]","[""NONE""]",[],"[""O2166505"", ""O2166506""]","[""DRIVER""]","[""NORMAL""]","[""SAFETY BELT USED""]","[""M""]","[""IL""]","[""2065211"", ""2065215""]","[""60633"", ""60652""]",[],[],[],[],[],[],2025,10,6,9,False,night,41.75,-87.7,41.75_-87.7,37.5,28,47,OTHER,0
STRAIGHT AND LEVEL,421,2025-10-09 06:10:00,5,6,10,1389B68615135EBAF44F574140238945F73214CB83BE23E172FA246E589A48874B20E3EBC24691ABB4A073CEF67F24DDFE1840EB064298B550ABDC827E9D35E4,NO INJURY / DRIVE AWAY,"OVER $1,500",NO CONTROLS,SIDESWIPE SAME DIRECTION,41.7555019444,DAYLIGHT,-87.5638185121,2,30,UNABLE TO DETERMINE,NO DEFECTS,DRY,NOT APPLICABLE,E,2500,NO CONTROLS,ONE-WAY,CLEAR,0.0,1.0,0.0,0.0,0.0,1.0,1,1,[],[],[],"[""2025-10-09T06:10:00.000""]","[""2166612"", ""2166613""]","[""SIDE-LEFT-FRONT"", ""SIDE-RIGHT-REAR""]","[""IL""]","[""DODGE"", ""UNKNOWN""]","[""STRAIGHT AHEAD""]","[""ENCLOSED BODY"", ""JOURNEY""]","[""1""]","[""W""]","[""1"", ""2""]","[""DRIVER""]","[""NONE""]","[""2065301"", ""2065306""]","[""PASSENGER""]","[""PERSONAL""]","[""2016""]","[""Y""]","[""Y""]","[""Y""]",[],[],[],[],"[""Y""]","[""Y""]",[],[],"[""Y""]",[],"[""Y""]",[],[],['56'],"[""DEPLOYMENT UNKNOWN"", ""DID NOT DEPLOY""]","[""TEST NOT OFFERED""]","[""CHICAGO""]","[""2025-10-09T06:10:00.000""]","[""NONE""]","[""NOT OBSCURED"", ""UNKNOWN""]",[],"[""IL""]","[""NONE""]",[],"[""O2166612"", ""O2166613""]","[""DRIVER""]","[""NORMAL"", ""UNKNOWN""]","[""NONE PRESENT"", ""USAGE UNKNOWN""]","[""F"", ""M""]","[""IL""]","[""2065301"", ""2065306""]","[""60649""]",[],[],[],[],[],[],2025,10,6,9,False,night,41.76,-87.56,41.76_-87.56,56.0,56,56,OTHER,0