alignment,beat_of_occurrence,crash_date,crash_day_of_week,crash_hour,crash_month,crash_record_id,crash_type,damage,device_condition,first_crash_type,latitude,lighting_condition,longitude,num_units,posted_speed_limit,prim_contributory_cause,road_defect,roadway_surface_cond,sec_contributory_cause,street_direction,street_no,traffic_control_device,trafficway_type,weather_condition,private_property_i,hit_and_run_i,intersection_related_i,crash_date_est_i,work_zone_i,workers_present_i,veh_count,ppl_count,veh_area_01_i_list_json,veh_area_02_i_list_json,veh_area_12_i_list_json,veh_crash_date_list_json,veh_crash_unit_id_list_json,veh_first_contact_point_list_json,veh_lic_plate_state_list_json,veh_make_list_json,veh_maneuver_list_json,veh_model_list_json,veh_occupant_cnt_list_json,veh_travel_direction_list_json,veh_unit_no_list_json,veh_unit_type_list_json,veh_vehicle_defect_list_json,veh_vehicle_id_list_json,veh_vehicle_type_list_json,veh_vehicle_use_list_json,veh_vehicle_year_list_json,veh_area_03_i_list_json,veh_area_04_i_list_json,veh_area_11_i_list_json,veh_towed_by_list_json,veh_towed_i_list_json,veh_area_07_i_list_json,veh_area_99_i_list_json,veh_area_09_i_list_json,veh_area_10_i_list_json,veh_cmrc_veh_i_list_json,veh_num_passengers_list_json,veh_area_08_i_list_json,veh_area_00_i_list_json,veh_area_05_i_list_json,veh_area_06_i_list_json,veh_towed_to_list_json,ppl_age_list_json,ppl_airbag_deployed_list_json,ppl_bac_result_list_json,ppl_city_list_json,ppl_crash_date_list_json,ppl_driver_action_list_json,ppl_driver_vision_list_json,ppl_drivers_license_class_list_json,ppl_drivers_license_state_list_json,ppl_ejection_list_json,ppl_hospital_list_json,ppl_person_id_list_json,ppl_person_type_list_json,ppl_physical_condition_list_json,ppl_safety_equipment_list_json,ppl_sex_list_json,ppl_state_list_json,ppl_vehicle_id_list_json,ppl_zipcode_list_json,ppl_ems_agency_list_json,ppl_seat_no_list_json,ppl_pedpedal_action_list_json,ppl_pedpedal_location_list_json,ppl_pedpedal_visibility_list_json,ppl_ems_run_no_list_json,year,month,hour,day,is_weekend,hour_bin,lat_bin,lng_bin,grid_id,ppl_age_mean,ppl_age_min,ppl_age_max,prim_contributory_cause_group,ksi_flag
STRAIGHT AND LEVEL,834,2025-10-09 06:00:00,5,6,10,81BC85ADFEF2A4A9989C21B5CEC7286D6054D4685E6F33BF1734BBFF8572FFB6990FEAAA095AB608CBBD4570BB708304A2EDBC8B28B79C1651B3796339338B89,NO INJURY / DRIVE AWAY,"OVER $1,500",NO CONTROLS,PARKED MOTOR VEHICLE,41.7351734373,DAYLIGHT,-87.7313022409,2,30,UNABLE TO DETERMINE,NO DEFECTS,DRY,NOT APPLICABLE,S,8642,NO CONTROLS,NOT DIVIDED,CLEAR,0.0,1.0,0.0,1.0,0.0,1.0,2,0,[],[],"[""Y""]","[""2025-10-09T06:00:00.000""]","[""2166509"", ""2166510""]","[""REAR-LEFT-CORNER"", ""UNKNOWN""]","[""IL""]","[""TOYOTA"", ""UNKNOWN""]","[""PARKED"", ""UNKNOWN/NA""]","[""COROLLA"", ""OTHER (EXPLAIN IN NARRATIVE)""]","[""0"", ""1""]","[""S"", ""UNKNOWN""]","[""1"", ""2""]","[""DRIVER"", ""PARKED""]","[""NONE"", ""UNKNOWN""]","[""2065213"", ""2065216""]","[""PASSENGER"", ""UNKNOWN/NA""]","[""PERSONAL"", ""UNKNOWN/NA""]","[""2022""]",[],[],"[""Y""]",[],[],[],"[""Y""]",[],[],[],[],[],[],[],[],[],[],"[""DEPLOYMENT UNKNOWN""]","[""TEST NOT OFFERED""]",[],"[""2025-10-09T06:00:00.000""]","[""UNKNOWN""]","[""UNKNOWN""]",[],[],"[""NONE""]",[],"[""O2166509""]","[""DRIVER""]","[""UNKNOWN""]","[""USAGE UNKNOWN""]","[""X""]",[],"[""2065213""]",[],[],[],[],[],[],[],2025,10,6,9,False,night,41.74,-87.73,41.74_-87.73,0.0,0,0,OTHER,0
STRAIGHT AND LEVEL,423,2025-10-09 05:56:00,5,5,10,F37292E264318C45D728CBEBC47832B27CE4C2C05CC803A42859D73DBDD970C8516A15F0ACBBDF5869A37DD586FB52EF78AABDF90B0CAC37DC6A7B79158AB4C9,INJURY AND / OR TOW DUE TO CRASH,"OVER $1,500",NO CONTROLS,PARKED MOTOR VEHICLE,41.7289923452,"DARKNESS, LIGHTED ROAD",-87.5622849834,3,30,ANIMAL,NO DEFECTS,DRY,ANIMAL,S,9130,NO CONTROLS,ONE-WAY,CLEAR,0.0,0.0,0.0,0.0,0.0,1.0,2,1,"[""Y""]",[],"[""Y""]","[""2025-10-09T05:56:00.000""]","[""2167197"", ""2167198"", ""2167199""]","[""REAR"", ""SIDE-LEFT-FRONT"", ""SIDE-RIGHT-REAR""]","[""IL""]","[""CHEVROLET"", ""HYUNDAI"", ""NISSAN""]","[""OTHER"", ""PARKED""]","[""AVALANCHE"", ""ELANTRA"", ""SENTRA""]","[""0"", ""1""]","[""S""]","[""1"", ""2"", ""3""]","[""DRIVER"", ""PARKED""]","[""NONE""]","[""2065865"", ""2065866"", ""2065867""]","[""PASSENGER"", ""PICKUP""]","[""PERSONAL""]","[""2007"", ""2018"", ""2024""]",[],[],"[""Y""]","[""CITY OF CHICAGO""]","[""Y""]","[""N"", ""Y""]",[],"[""Y""]","[""Y""]",[],[],[],[],"[""Y""]","[""Y""]","[""103RD DOTY""]",['22'],"[""DEPLOYED, FRONT""]","[""TEST NOT OFFERED""]","[""CHICAGO""]","[""2025-10-09T05:56:00.000""]","[""OTHER""]","[""NOT OBSCURED""]","[""D""]","[""IL""]","[""NONE""]",[],"[""O2167197""]","[""DRIVER""]","[""NORMAL""]","[""USAGE UNKNOWN""]","[""F""]","[""IL""]","[""2065865""]","[""60617""]",[],[],[],[],[],[],2025,10,5,9,False,night,41.73,-87.56,41.73_-87.56,22.0,22,22,OTHER,0
STRAIGHT AND LEVEL,814,2025-10-09 05:30:00,5,5,10,55C14BFEE2D24B017DB4EB84EE1805B265D9E642A0C150E66F2405533160370200ACD5A844EF135EBEB0F2806FEF8D719D39F6C4EAD1E77F15CAB881B08A4A29,NO INJURY / DRIVE AWAY,"OVER $1,500",FUNCTIONING PROPERLY,REAR END,41.8167293867,DAWN,-87.7435367125,2,30,UNABLE TO DETERMINE,NO DEFECTS,DRY,UNABLE TO DETERMINE,S,4200,TRAFFIC SIGNAL,FOUR WAY,CLEAR,0.0,1.0,1.0,0.0,0.0,1.0,1,2,"[""Y""]",[],"[""Y""]","[""2025-10-09T05:30:00.000""]","[""2166787"", ""2166788""]","[""FRONT"", ""REAR""]","[""IL""]","[""MERCEDES-BENZ"", ""SUBARU""]","[""SLOW/STOP IN TRAFFIC"", ""STRAIGHT AHEAD""]","[""GLC"", ""OUTBACK""]","[""1""]","[""S""]","[""1"", ""2""]","[""DRIVER""]","[""NONE"", ""UNKNOWN""]","[""2065478"", ""2065483""]","[""PASSENGER"", ""UNKNOWN/NA""]","[""PERSONAL"", ""UNKNOWN/NA""]","[""2016"", ""2019""]",[],[],"[""Y""]",[],[],"[""Y""]",[],[],[],[],[],[],[],"[""Y""]","[""Y""]",[],"['32', '55']","[""DID NOT DEPLOY""]","[""TEST NOT OFFERED""]","[""CHICAGO"", ""CICERO""]","[""2025-10-09T05:30:00.000""]","[""NONE"", ""UNKNOWN""]","[""NOT OBSCURED"", ""UNKNOWN""]","[""D""]","[""IL""]","[""NONE""]","[""REFUSED""]","[""O2166787"", ""O2166788""]","[""DRIVER""]","[""NORMAL"", ""UNKNOWN""]","[""SAFETY BELT USED"", ""USAGE UNKNOWN""]","[""M""]","[""IL""]","[""2065478"", ""2065483""]","[""60651"", ""60804""]",[],[],[],[],[],[],2025,10,5,9,False,night,41.82,-87.74,41.82_-87.74,43.5,32,55,OTHER,0
STRAIGHT AND LEVEL,1654,2025-10-09 05:24:00,5,5,10,DA5A5622CFE2B0A16742EE0A1EB401E7CA127CFF83305669F8E3E0E5FFCCD7072CB638803E0F2A082F760E836E150FAB26A95A6021E2316EF4E332E267EC1F54,NO INJURY / DRIVE AWAY,"$501 - $1,500",NO CONTROLS,SIDESWIPE SAME DIRECTION,41.9537660771,DARKNESS,-87.9141970727,2,45,IMPROPER LANE USAGE,NO DEFECTS,DRY,DRIVING SKILLS/KNOWLEDGE/EXPERIENCE,W,11600,NO CONTROLS,DIVIDED - W/MEDIAN BARRIER,CLEAR,0.0,0.0,0.0,0.0,0.0,1.0,1,2,[],[],[],"[""2025-10-09T05:24:00.000""]","[""2166500"", ""2166501""]","[""SIDE-LEFT-FRONT"", ""SIDE-RIGHT-REAR""]","[""IL""]","[""BMW"", ""KIA""]","[""STRAIGHT AHEAD""]","[""M-3"", ""SORENTO""]","[""1""]","[""W""]","[""1"", ""2""]","[""DRIVER""]","[""NONE""]","[""2065206"", ""2065207""]","[""PASSENGER""]","[""PERSONAL""]","[""2012"", ""2026""]","[""Y""]","[""Y""]",[],[],[],[],[],"[""Y""]","[""Y""]",[],[],[],[],"[""Y""]",[],[],"['21', '56']","[""NOT APPLICABLE""]","[""TEST NOT OFFERED""]","[""CHICAGO"", ""ITASCA""]","[""2025-10-09T05:24:00.000""]","[""IMPROPER LANE CHANGE"", ""NONE""]","[""NOT OBSCURED""]","[""D""]","[""IL""]","[""NONE""]",[],"[""O2166500"", ""O2166501""]","[""DRIVER""]","[""NORMAL""]","[""SAFETY BELT USED""]","[""F""]","[""IL""]","[""2065206"", ""2065207""]","[""60143"", ""60647""]",[],[],[],[],[],[],2025,10,5,9,False,night,41.95,-87.91,41.95_-87.91,38.5,21,56,OTHER,0
STRAIGHT AND LEVEL,614,2025-10-09 05:20:00,5,5,10,B048ACA1E21508DD9EEDEE1E47DCB75800AEC2B007A4EC1A0491F4A229BE1DBC2241429E02C208987750358F20F01D7D329A7DB1935B5D35D42A36975F92467F,NO INJURY / DRIVE AWAY,"OVER $1,500",FUNCTIONING PROPERLY,REAR END,41.7427298426,DAWN,-87.6825316718,2,30,UNABLE TO DETERMINE,UNKNOWN,UNKNOWN,UNABLE TO DETERMINE,S,8301,TRAFFIC SIGNAL,DIVIDED - W/MEDIAN (NOT RAISED),CLEAR,0.0,1.0,0.0,0.0,0.0,1.0,1,1,"[""Y""]",[],"[""Y""]","[""2025-10-09T05:20:00.000""]","[""2166580"", ""2166581""]","[""FRONT"", ""REAR""]","[""IL""]","[""CHEVROLET""]","[""SLOW/STOP IN TRAFFIC"", ""STRAIGHT AHEAD""]","[""OTHER (EXPLAIN IN NARRATIVE)"", ""TAHOE""]","[""1""]","[""N""]","[""1"", ""2""]","[""DRIVER""]","[""UNKNOWN""]","[""2065274"", ""2065279""]","[""SPORT UTILITY VEHICLE (SUV)""]","[""OTHER"", ""PERSONAL""]","[""2015""]",[],[],"[""Y""]",[],[],"[""Y""]",[],[],[],[],[],[],[],"[""Y""]","[""Y""]",[],['41'],"[""DEPLOYMENT UNKNOWN"", ""DID NOT DEPLOY""]","[""TEST NOT OFFERED""]","[""CHICAGO""]","[""2025-10-09T05:20:00.000""]","[""NONE"", ""OTHER""]","[""UNKNOWN""]","[""D""]","[""IL""]","[""NONE""]",[],"[""O2166580"", ""O2166581""]","[""DRIVER""]","[""NORMAL"", ""UNKNOWN""]","[""USAGE UNKNOWN""]","[""M""]","[""IL""]","[""2065274"", ""2065279""]","[""60620""]",[],[],[],[],[],[],2025,10,5,9,False,night,41.74,-87.68,41.74_-87.68,41.0,41,41,OTHER,0
STRAIGHT ON GRADE,2022,2025-10-09 04:30:00,5,4,10,6D6B49066A3D9B525B0FE82F11F39CC07D80C2CBE08CC836F853ED8F42660B049390EC0D7317F92A240F2A4E545572E29E04BC2A567C53E125786326B9D81CA5,NO INJURY / DRIVE AWAY,"OVER $1,500",NO CONTROLS,SIDESWIPE SAME DIRECTION,41.9851935541,DUSK,-87.6550931005,2,30,UNABLE TO DETERMINE,NO DEFECTS,DRY,UNABLE TO DETERMINE,N,5649,NO CONTROLS,OTHER,CLEAR,0.0,0.0,0.0,1.0,0.0,1.0,1,2,"[""Y""]","[""Y""]",[],"[""2025-10-09T04:30:00.000""]","[""2166498"", ""2166499""]","[""FRONT"", ""SIDE-RIGHT-FRONT""]","[""IL""]","[""NISSAN"", ""TOYOTA""]","[""OTHER"", ""PASSING/OVERTAKING""]","[""PRIUS"", ""ROGUE""]","[""1""]","[""E""]","[""1"", ""2""]","[""DRIVER""]","[""NONE""]","[""2065202"", ""2065205""]","[""PASSENGER""]","[""PERSONAL"", ""TAXI/FOR HIRE""]","[""2014"", ""2018""]",[],[],[],[],[],[],[],[],[],[],[],[],[],[],[],[],"['47', '51']","[""DID NOT DEPLOY""]","[""TEST NOT OFFERED""]","[""CHICAGO""]","[""2025-10-09T04:30:00.000""]","[""IMPROPER LANE CHANGE"", ""NONE""]","[""NOT OBSCURED"", ""UNKNOWN""]","[""D""]","[""IL"", ""XX""]","[""NONE""]",[],"[""O2166498"", ""O2166499""]","[""DRIVER""]","[""NORMAL"", ""UNKNOWN""]","[""SAFETY BELT USED"", ""USAGE UNKNOWN""]","[""M""]","[""IL""]","[""2065202"", ""2065205""]","[""60630"", ""60652""]",[],[],[],[],[],[],2025,10,4,9,False,night,41.99,-87.66,41.99_-87.66,49.0,47,51,OTHER,0
STRAIGHT AND LEVEL,2532,2025-10-09 04:00:00,5,4,10,77707DDED9909A6F697A93CD859F6D7ACD45761DA52D7C24B9972C76ADEECE8D69047366E3BA175252BF5F98B9B4E14705DEB26C490534EA5E34F265F1FC051B,NO INJURY / DRIVE AWAY,"OVER $1,500",NO CONTROLS,PARKED MOTOR VEHICLE,41.9094377274,"DARKNESS, LIGHTED ROAD",-87.765549406,2,30,UNABLE TO DETERMINE,NO DEFECTS,UNKNOWN,UNABLE TO DETERMINE,N,1601,NO CONTROLS,DIVIDED - W/MEDIAN (NOT RAISED),CLEAR,0.0,1.0,0.0,1.0,0.0,1.0,2,0,[],[],[],"[""2025-10-09T04:00:00.000""]","[""2166621"", ""2166622""]","[""REAR-LEFT-CORNER"", ""UNKNOWN""]","[""IL""]","[""GENERAL MOTORS CORPORATION (GMC)"", ""UNKNOWN""]","[""PARKED"", ""UNKNOWN/NA""]","[""ENGINE"", ""TRUCK""]","[""0"", ""1""]","[""UNKNOWN""]","[""1"", ""2""]","[""DRIVER"", ""PARKED""]","[""NONE"", ""UNKNOWN""]","[""2065325"", ""2065328""]","[""PICKUP"", ""UNKNOWN/NA""]","[""PERSONAL"", ""UNKNOWN/NA""]","[""2007""]",[],[],[],[],[],"[""Y""]","[""Y""]",[],[],[],[],[],[],"[""Y""]","[""Y""]",[],[],"[""DEPLOYMENT UNKNOWN""]","[""TEST NOT OFFERED""]",[],"[""2025-10-09T04:00:00.000""]","[""UNKNOWN""]","[""UNKNOWN""]",[],[],"[""UNKNOWN""]",[],"[""O2166621""]","[""DRIVER""]","[""UNKNOWN""]","[""USAGE UNKNOWN""]","[""X""]",[],"[""2065325""]",[],[],[],[],[],[],[],2025,10,4,9,False,night,41.91,-87.77,41.91_-87.77,0.0,0,0,OTHER,0
STRAIGHT AND LEVEL,834,2025-10-09 02:45:00,5,2,10,D8D2B4FCBBC7AC16611852F3806E3593372B5344D820AE9DDF365AC8A453E0F4CED082B4749E22DC9BCAA0427093F588272290520B9D0B77227CF8D20921C6E5,INJURY AND / OR TOW DUE TO CRASH,"OVER $1,500",FUNCTIONING PROPERLY,ANGLE,41.7493390001,"DARKNESS, LIGHTED ROAD",-87.7220520909,3,30,DISREGARDING TRAFFIC SIGNALS,NO DEFECTS,DRY,UNABLE TO DETERMINE,S,7900,TRAFFIC SIGNAL,NOT DIVIDED,CLEAR,0.0,1.0,1.0,0.0,0.0,1.0,1,6,"[""Y""]","[""Y""]","[""Y""]","[""2025-10-09T02:45:00.000""]","[""2166492"", ""2166493"", ""2166494""]","[""FRONT"", ""FRONT-LEFT-CORNER""]","[""IL"", ""OK""]","[""CHEVROLET"", ""NISSAN""]","[""STRAIGHT AHEAD""]","[""ALTIMA"", ""IMPALA"", ""VERSA""]","[""1"", ""2"", ""3""]","[""E"", ""S""]","[""1"", ""2"", ""3""]","[""DRIVER""]","[""NONE""]","[""2065198"", ""2065199"", ""2065200""]","[""PASSENGER""]","[""NOT IN USE"", ""PERSONAL""]","[""2019"", ""2025""]","[""Y""]",[],"[""Y""]","[""CITY OF CHICAGO"", ""CITY OFCHICAGO""]","[""Y""]",[],[],"[""Y""]","[""Y""]",[],"[""1"", ""2""]","[""Y""]",[],[],[],"[""10301 S DOTY""]","['0', '21', '24', '28', '29', '34']","[""DEPLOYED, COMBINATION""]","[""TEST NOT OFFERED""]","[""CHICAGO"", ""PARK FOREST""]","[""2025-10-09T02:45:00.000""]","[""NONE"", ""UNKNOWN""]","[""NOT OBSCURED""]","[""D""]","[""IL""]","[""NONE""]","[""CHRIST"", ""REFUSED"", ""SELF TRANSPORTED""]","[""O2166492"", ""O2166493"", ""O2166494"", ""P478051"", ""P478052"", ""P478053""]","[""DRIVER"", ""PASSENGER""]","[""NORMAL"", ""UNKNOWN""]","[""CHILD RESTRAINT - TYPE UNKNOWN"", ""USAGE UNKNOWN""]","[""F"", ""M""]","[""IL""]","[""2065198"", ""2065199"", ""2065200""]","[""60466"", ""60652"", ""60827""]","[""18"", ""27""]","[""2"", ""4""]",[],[],[],"[""18""]",2025,10,2,9,False,night,41.75,-87.72,41.75_-87.72,22.666666666666668,0,34,OTHER,1
STRAIGHT AND LEVEL,1633,2025-10-09 02:30:00,5,2,10,B988B47778E675010515D4A34068F1DC183F162FD47133C6275FDDBC5E956898816592514176D39182B24A8552FA626519021C4EF0E07C421B51BCB04A16BDE6,INJURY AND / OR TOW DUE TO CRASH,"OVER $1,500",NO CONTROLS,PEDALCYCLIST,41.9441567263,"DARKNESS, LIGHTED ROAD",-87.7619236686,2,30,DISREGARDING STOP SIGN,NO DEFECTS,DRY,NOT APPLICABLE,N,3500,NO CONTROLS,FOUR WAY,CLEAR,0.0,1.0,0.0,0.0,0.0,1.0,2,1,[],[],[],"[""2025-10-09T02:30:00.000""]","[""2166486"", ""2166487""]","[""UNKNOWN""]","[""IL""]","[""UNKNOWN""]","[""UNKNOWN/NA""]","[""MOTORIZED""]","[""1""]","[""UNKNOWN""]","[""1"", ""2""]","[""BICYCLE"", ""DRIVER""]","[""UNKNOWN""]","[""2065193""]","[""UNKNOWN/NA""]","[""PERSONAL""]",[],[],[],[],[],[],[],[],[],[],[],[],[],[],[],[],[],['23'],"[""DEPLOYMENT UNKNOWN""]","[""TEST NOT OFFERED""]","[""CHICAGO""]","[""2025-10-09T02:30:00.000""]","[""NONE"", ""UNKNOWN""]","[""NOT OBSCURED"", ""UNKNOWN""]",[],[],"[""NONE"", ""UNKNOWN""]",[],"[""O2166486"", ""O2166487""]","[""BICYCLE"", ""DRIVER""]","[""NORMAL"", ""UNKNOWN""]","[""HELMET NOT USED"", ""USAGE UNKNOWN""]","[""M"", ""X""]","[""IL""]","[""2065193""]",[],[],[],"[""CROSSING - NO CONTROLS (AT INTERSECTION)""]","[""IN ROADWAY""]","[""NO CONTRASTING CLOTHING""]",[],2025,10,2,9,False,night,41.94,-87.76,41.94_-87.76,23.0,23,23,OTHER,1
STRAIGHT AND LEVEL,2532,2025-10-09 02:30:00,5,2,10,CDA11AA7CC1889AB0241D1C56081C8215DFA2B3A62201DE7A3B45C618EAA296FFC336D55509CAB0F9F8FDFCC555453ED8BFEFDF9B3E55DEB89582806CB3ACD92,INJURY AND / OR TOW DUE TO CRASH,"OVER $1,500",FUNCTIONING PROPERLY,REAR END,41.9059629058,"DARKNESS, LIGHTED ROAD",-87.7560094017,2,30,FAILING TO REDUCE SPEED TO AVOID CRASH,UNKNOWN,DRY,NOT APPLICABLE,N,1400,TRAFFIC SIGNAL,FOUR WAY,CLEAR,0.0,1.0,0.0,1.0,0.0,1.0,1,3,[],[],[],"[""2025-10-09T02:30:00.000""]","[""2166490"", ""2166491""]","[""FRONT"", ""REAR""]","[""IL""]","[""HONDA"", ""UNKNOWN""]","[""SLOW/STOP IN TRAFFIC"", ""STRAIGHT AHEAD""]","[""ACCORD"", ""MOTORIZED""]","[""1"", ""4""]","[""S"", ""UNKNOWN""]","[""1"", ""2""]","[""DRIVER""]","[""NONE"", ""UNKNOWN""]","[""2065194"", ""2065196""]","[""PASSENGER""]","[""RIDESHARE SERVICE"", ""UNKNOWN/NA""]","[""2019""]",[],[],[],[],[],"[""Y""]","[""Y""]",[],[],[],"[""3""]",[],[],[],"[""Y""]",[],"['22', '24', '56']","[""DEPLOYMENT UNKNOWN"", ""DID NOT DEPLOY""]","[""TEST NOT OFFERED""]","[""CHICAGO""]","[""2025-10-09T02:30:00.000""]","[""NONE"", ""UNKNOWN""]","[""UNKNOWN""]","[""D""]","[""IL""]","[""NONE"", ""UNKNOWN""]","[""HUMBOLDT PARK HEALTH""]","[""O2166490"", ""O2166491"", ""P478048"", ""P478049"", ""P478050""]","[""DRIVER"", ""PASSENGER""]","[""NORMAL"", ""UNKNOWN""]","[""SAFETY BELT USED"", ""USAGE UNKNOWN""]","[""M"", ""X""]","[""IL""]","[""2065194"", ""2065196""]","[""60619"", ""60639"", ""60644""]","[""CFD AMB 15"", ""CFD AMB 63""]","[""4"", ""5"", ""6""]",[],[],[],[],2025,10,2,9,False,night,41.91,-87.76,41.91_-87.76,34.0,22,56,SPEEDING,1
STRAIGHT AND LEVEL,1033,2025-10-09 01:50:00,5,1,10,D63CA351171BEDF724AAFA3C9377AD6E63ECD1EC61E4CC830A61B7F7EEE94EDE07103CAA68123D6AC3288E0144D5C8CE7120F59DAE956FA38A5E52A8E6B7467F,INJURY AND / OR TOW DUE TO CRASH,"OVER $1,500",NO CONTROLS,PARKED MOTOR VEHICLE,41.8516368416,"DARKNESS, LIGHTED ROAD",-87.7001981576,3,30,UNABLE TO DETERMINE,NO DEFECTS,DRY,UNABLE TO DETERMINE,S,2205,NO CONTROLS,ONE-WAY,CLEAR,0.0,1.0,0.0,0.0,0.0,1.0,2,0,[],[],[],"[""2025-10-09T01:50:00.000""]","[""2171833"", ""2171834"", ""2171852""]","[""FRONT-LEFT-CORNER"", ""REAR"", ""REAR-RIGHT-CORNER""]","[""IL""]","[""ACURA"", ""CHEVROLET"", ""NISSAN""]","[""PARKED"", ""STRAIGHT AHEAD""]","[""ALTIMA"", ""EQUINOX"", ""RLX""]","[""0"", ""1""]","[""S""]","[""1"", ""2"", ""3""]","[""DRIVER"", ""PARKED""]","[""UNKNOWN""]","[""2070290"", ""2070291"", ""2070304""]","[""PASSENGER"", ""SPORT UTILITY VEHICLE (SUV)""]","[""NOT IN USE"", ""UNKNOWN/NA""]","[""2011"", ""2015"", ""2017""]",[],[],"[""Y""]",[],"[""Y""]",[],[],[],[],[],[],[],[],"[""Y""]","[""Y""]",[],[],"[""DEPLOYMENT UNKNOWN""]","[""TEST NOT OFFERED""]",[],"[""2025-10-09T01:50:00.000""]","[""UNKNOWN""]","[""UNKNOWN""]",[],[],"[""NONE""]",[],"[""O2171833""]","[""DRIVER""]","[""UNKNOWN""]","[""USAGE UNKNOWN""]","[""X""]",[],"[""2070290""]",[],[],[],[],[],[],[],2025,10,1,9,False,night,41.85,-87.7,41.85_-87.7,0.0,0,0,OTHER,0
STRAIGHT AND LEVEL,722,2025-10-09 01:45:00,5,1,10,51C862F11ADEA59CFF4D5E629B2C485A4B953483AEDF35BF7D302070F54C154CCFDCA7C8806647525A02B7B0C62F7B173B28A28D9A22E768AB05EAC2EDFA81EF,INJURY AND / OR TOW DUE TO CRASH,"OVER $1,500",NO CONTROLS,FIXED OBJECT,41.7782151561,"DARKNESS, LIGHTED ROAD",-87.633464426,1,30,UNABLE TO DETERMINE,UNKNOWN,DRY,UNABLE TO DETERMINE,W,326,NO CONTROLS,CENTER TURN LANE,CLEAR,0.0,0.0,0.0,0.0,0.0,1.0,1,1,"[""Y""]",[],[],"[""2025-10-09T01:45:00.000""]","[""2166618""]","[""FRONT-RIGHT-CORNER""]","[""IL""]","[""CHEVROLET""]","[""TURNING LEFT""]","[""CRUZE""]","[""1""]","[""W""]","[""1""]","[""DRIVER""]","[""UNKNOWN""]","[""2065323""]","[""UNKNOWN/NA""]","[""UNKNOWN/NA""]","[""2016""]",[],[],[],"[""CITY OF CHICAGO""]","[""Y""]",[],"[""Y""]",[],[],[],[],[],[],[],[],"[""10300 S DOTY RD""]",['53'],"[""DEPLOYMENT UNKNOWN""]","[""TEST NOT OFFERED""]","[""CHICAGO""]","[""2025-10-09T01:45:00.000""]","[""UNKNOWN""]","[""UNKNOWN""]",[],[],"[""NONE""]","[""ST BERNARD""]","[""O2166618""]","[""DRIVER""]","[""UNKNOWN""]","[""USAGE UNKNOWN""]","[""M""]","[""IL""]","[""2065323""]",[],[],[],[],[],[],[],2025,10,1,9,False,night,41.78,-87.63,41.78_-87.63,53.0,53,53,OTHER,1
STRAIGHT AND LEVEL,1613,2025-10-09 00:00:00,5,0,10,232F6793B149E9BE067AB1DA45C4D0393C0D6036720DF4F298E756D7A69369E0431DF510A6E0C2BF34CB77923B2FD4171DC44A5375D206ED9AF249747F3CC696,NO INJURY / DRIVE AWAY,"OVER $1,500",NO CONTROLS,PARKED MOTOR VEHICLE,41.9762649875,"DARKNESS, LIGHTED ROAD",-87.8167540517,2,30,IMPROPER OVERTAKING/PASSING,NO DEFECTS,DRY,UNABLE TO DETERMINE,N,5305,NO CONTROLS,NOT DIVIDED,CLEAR,0.0,1.0,0.0,0.0,0.0,1.0,2,0,"[""Y""]",[],[],"[""2025-10-09T00:00:00.000""]","[""2167004"", ""2167005""]","[""FRONT-LEFT-CORNER"", ""FRONT-RIGHT-CORNER""]","[""IL""]","[""CHEVROLET"", ""DODGE""]","[""PARKED"", ""PASSING/OVERTAKING""]","[""OTHER (EXPLAIN IN NARRATIVE)"", ""RAM 1500 PU""]","[""0"", ""1""]","[""N""]","[""1"", ""2""]","[""DRIVER"", ""PARKED""]","[""NONE"", ""UNKNOWN""]","[""2065683"", ""2065689""]","[""PASSENGER""]","[""PERSONAL""]","[""2015"", ""2017""]",[],[],"[""Y""]",[],[],[],[],[],"[""Y""]",[],[],[],[],[],[],[],[],"[""DEPLOYMENT UNKNOWN""]","[""TEST NOT OFFERED""]",[],"[""2025-10-09T00:00:00.000""]","[""IMPROPER PASSING""]","[""UNKNOWN""]",[],[],"[""NONE""]",[],"[""O2167004""]","[""DRIVER""]","[""UNKNOWN""]","[""USAGE UNKNOWN""]","[""X""]",[],"[""2065683""]",[],[],[],[],[],[],[],2025,10,0,9,False,afternoon,41.98,-87.82,41.98_-87.82,0.0,0,0,OTHER,0
STRAIGHT AND LEVEL,1623,2025-10-08 23:45:00,4,23,10,20FE0A8155DC75D5841A93C56BC3A0BEDAD98A2E5357C8ADCD47F408FCB6CD32C9AD5025D3A042BFFFCFD6D4E79B83E85E0BDABD41C6E447F887A757C39ABE0D,NO INJURY / DRIVE AWAY,"OVER $1,500",FUNCTIONING PROPERLY,TURNING,41.9608443686,"DARKNESS, LIGHTED ROAD",-87.7476946367,2,30,IMPROPER LANE USAGE,NO DEFECTS,DRY,NOT APPLICABLE,N,4402,TRAFFIC SIGNAL,NOT DIVIDED,CLEAR,0.0,1.0,0.0,0.0,0.0,1.0,1,1,"[""Y""]","[""Y""]",[],"[""2025-10-08T23:45:00.000""]","[""2166477"", ""2166478""]","[""SIDE-LEFT-REAR"", ""SIDE-RIGHT-FRONT""]","[""IL""]","[""FORD"", ""MITSUBISHI""]","[""CHANGING LANES"", ""TURNING RIGHT""]","[""FUSION"", ""OTHER (EXPLAIN IN NARRATIVE)""]","[""1""]","[""S""]","[""1"", ""2""]","[""DRIVER""]","[""NONE""]","[""2065182"", ""2065184""]","[""PASSENGER"", ""SPORT UTILITY VEHICLE (SUV)""]","[""PERSONAL"", ""UNKNOWN/NA""]","[""2012"", ""2019""]","[""Y""]",[],"[""N""]",[],[],"[""Y""]",[],"[""Y""]","[""N""]",[],[],"[""Y""]",[],[],[],[],['28'],"[""DEPLOYMENT UNKNOWN"", ""NOT APPLICABLE""]","[""TEST NOT OFFERED""]","[""CHICAGO""]","[""2025-10-08T23:45:00.000""]","[""IMPROPER LANE CHANGE"", ""NONE""]","[""NOT OBSCURED"", ""UNKNOWN""]","[""D""]","[""IL""]","[""NONE""]",[],"[""O2166477"", ""O2166478""]","[""DRIVER""]","[""NORMAL"", ""UNKNOWN""]","[""SAFETY BELT USED"", ""USAGE UNKNOWN""]","[""M""]","[""IL""]","[""2065182"", ""2065184""]","[""60634""]",[],[],[],[],[],[],2025,10,23,8,False,evening,41.96,-87.75,41.96_-87.75,28.0,28,28,OTHER,0