alignment,beat_of_occurrence,crash_date,crash_day_of_week,crash_hour,crash_month,crash_record_id,crash_type,damage,device_condition,first_crash_type,latitude,lighting_condition,longitude,num_units,posted_speed_limit,prim_contributory_cause,road_defect,roadway_surface_cond,sec_contributory_cause,street_direction,street_no,traffic_control_device,trafficway_type,weather_condition,private_property_i,hit_and_run_i,intersection_related_i,crash_date_est_i,work_zone_i,workers_present_i,veh_count,ppl_count,veh_area_01_i_list_json,veh_area_02_i_list_json,veh_area_12_i_list_json,veh_crash_date_list_json,veh_crash_unit_id_list_json,veh_first_contact_point_list_json,veh_lic_plate_state_list_json,veh_make_list_json,veh_maneuver_list_json,veh_model_list_json,veh_occupant_cnt_list_json,veh_travel_direction_list_json,veh_unit_no_list_json,veh_unit_type_list_json,veh_vehicle_defect_list_json,veh_vehicle_id_list_json,veh_vehicle_type_list_json,veh_vehicle_use_list_json,veh_vehicle_year_list_json,veh_area_03_i_list_json,veh_area_04_i_list_json,veh_area_11_i_list_json,veh_towed_by_list_json,veh_towed_i_list_json,veh_area_07_i_list_json,veh_area_99_i_list_json,veh_area_09_i_list_json,veh_area_10_i_list_json,veh_cmrc_veh_i_list_json,veh_num_passengers_list_json,veh_area_08_i_list_json,veh_area_00_i_list_json,veh_area_05_i_list_json,veh_area_06_i_list_json,veh_towed_to_list_json,ppl_age_list_json,ppl_airbag_deployed_list_json,ppl_bac_result_list_json,ppl_city_list_json,ppl_crash_date_list_json,ppl_driver_action_list_json,ppl_driver_vision_list_json,ppl_drivers_license_class_list_json,ppl_drivers_license_state_list_json,ppl_ejection_list_json,ppl_hospital_list_json,ppl_person_id_list_json,ppl_person_type_list_json,ppl_physical_condition_list_json,ppl_safety_equipment_list_json,ppl_sex_list_json,ppl_state_list_json,ppl_vehicle_id_list_json,ppl_zipcode_list_json,ppl_ems_agency_list_json,ppl_seat_no_list_json,ppl_pedpedal_action_list_json,ppl_pedpedal_location_list_json,ppl_pedpedal_visibility_list_json,ppl_ems_run_no_list_json,year,month,hour,day,is_weekend,hour_bin,lat_bin,lng_bin,grid_id,ppl_age_mean,ppl_age_min,ppl_age_max,prim_contributory_cause_group,ksi_flag
STRAIGHT AND LEVEL,1833,2025-10-08 23:40:00,4,23,10,974D3D973B5F0B5294FB5EFA297C377F6520DFFC13E104780926325825E16A1F85D09EED350E6C55AF786B3D3E83D3AFC65280034B73FBEC46B29BD1407033E2,NO INJURY / DRIVE AWAY,"$501 - $1,500",FUNCTIONING PROPERLY,SIDESWIPE SAME DIRECTION,41.9006316469,"DARKNESS, LIGHTED ROAD",-87.6282724136,2,30,IMPROPER OVERTAKING/PASSING,UNKNOWN,DRY,UNABLE TO DETERMINE,E,1,TRAFFIC SIGNAL,FOUR WAY,CLEAR,0.0,1.0,1.0,0.0,0.0,1.0,1,0,"[""Y""]","[""Y""]",[],"[""2025-10-08T23:40:00.000""]","[""2166475"", ""2166476""]","[""FRONT-RIGHT-CORNER"", ""SIDE-LEFT""]","[""IL""]","[""MERCEDES-BENZ"", ""TOYOTA""]","[""OTHER"", ""PASSING/OVERTAKING""]","[""CAMRY"", ""OTHER (EXPLAIN IN NARRATIVE)""]","[""1"", ""2""]","[""N""]","[""1"", ""2""]","[""DRIVER""]","[""UNKNOWN""]","[""2065180"", ""2065183""]","[""PASSENGER""]","[""RIDESHARE SERVICE"", ""UNKNOWN/NA""]","[""2020""]",[],[],"[""Y""]",[],[],[],[],"[""Y""]","[""Y""]",[],"[""1""]",[],[],[],[],[],[],"[""DEPLOYMENT UNKNOWN"", ""NOT APPLICABLE""]","[""TEST NOT OFFERED""]",[],"[""2025-10-08T23:40:00.000""]","[""OTHER""]","[""NOT OBSCURED"", ""UNKNOWN""]",[],"[""IL""]","[""NONE""]",[],"[""O2166475"", ""O2166476"", ""P478047""]","[""DRIVER"", ""PASSENGER""]","[""NORMAL"", ""UNKNOWN""]","[""USAGE UNKNOWN""]","[""F"", ""M""]",[],"[""2065180"", ""2065183""]","[""60609""]",[],"[""3""]",[],[],[],[],2025,10,23,8,False,evening,41.9,-87.63,41.9_-87.63,0.0,0,0,OTHER,0
STRAIGHT AND LEVEL,2514,2025-10-08 23:20:00,4,23,10,D60F05A1437DAFFCBC867340450EDFE0A30764E2A78C8646106C3779CB876B3A85C87C10F4528FB07CB86DA42B15A456E669AD7E3BEBA0723A0D2F4E816DDD0B,INJURY AND / OR TOW DUE TO CRASH,"OVER $1,500",FUNCTIONING PROPERLY,TURNING,41.9287086995,"DARKNESS, LIGHTED ROAD",-87.7660040091,3,30,FAILING TO YIELD RIGHT-OF-WAY,NO DEFECTS,DRY,UNABLE TO DETERMINE,N,2635,STOP SIGN/FLASHER,T-INTERSECTION,CLEAR,0.0,0.0,0.0,0.0,0.0,1.0,1,2,"[""Y""]","[""Y""]","[""Y""]","[""2025-10-08T23:20:00.000""]","[""2166479"", ""2166480"", ""2166481""]","[""FRONT"", ""FRONT-LEFT-CORNER"", ""FRONT-RIGHT-CORNER""]","[""IL""]","[""GENERAL MOTORS CORPORATION (GMC)"", ""NISSAN"", ""TOYOTA""]","[""STRAIGHT AHEAD"", ""TURNING RIGHT""]","[""PRIUS"", ""SENTRA"", ""SIERRA""]","[""1""]","[""N"", ""NW""]","[""1"", ""2"", ""3""]","[""DRIVER""]","[""UNKNOWN""]","[""2065186"", ""2065187"", ""2065188""]","[""PASSENGER"", ""PICKUP""]","[""PERSONAL""]","[""2005"", ""2007"", ""2019""]","[""Y""]",[],"[""Y""]","[""PRIVATE TOW""]","[""Y""]",[],[],[],"[""Y""]",[],[],[],[],[],[],[],"['20', '72']","[""DEPLOYMENT UNKNOWN""]","[""TEST NOT OFFERED""]","[""CHICAG"", ""CHICAGO""]","[""2025-10-08T23:20:00.000""]","[""FAILED TO YIELD"", ""NONE""]","[""NOT OBSCURED"", ""UNKNOWN""]","[""D""]","[""IL""]","[""NONE""]",[],"[""O2166479"", ""O2166480"", ""O2166481""]","[""DRIVER""]","[""NORMAL""]","[""USAGE UNKNOWN""]","[""M""]","[""IL""]","[""2065186"", ""2065187"", ""2065188""]","[""60630"", ""60639""]",[],[],[],[],[],[],2025,10,23,8,False,evening,41.93,-87.77,41.93_-87.77,46.0,20,72,FAILURE-TO-YIELD,0
STRAIGHT AND LEVEL,223,2025-10-08 23:00:00,4,23,10,32F3BDDD3EF313FEA0F10FE2BCF93BE4465086CC94E2FCE20314023DCCA5939C7AE9B766D22F98DD1ED2701080BF74C549733C9C2E6190D48DADC4D21ED0F46E,NO INJURY / DRIVE AWAY,"OVER $1,500",NO CONTROLS,PARKED MOTOR VEHICLE,41.8032443496,UNKNOWN,-87.6086357905,2,30,UNABLE TO DETERMINE,NO DEFECTS,UNKNOWN,UNABLE TO DETERMINE,E,702,NO CONTROLS,ALLEY,CLEAR,0.0,1.0,0.0,0.0,0.0,1.0,2,0,[],[],[],"[""2025-10-08T23:00:00.000""]","[""2166823"", ""2166824""]","[""SIDE-RIGHT-REAR"", ""UNKNOWN""]","[""IL""]","[""TOYOTA"", ""UNKNOWN""]","[""PARKED"", ""UNKNOWN/NA""]","[""CAMRY"", ""OTHER (EXPLAIN IN NARRATIVE)""]","[""0"", ""1""]","[""S"", ""UNKNOWN""]","[""1"", ""2""]","[""DRIVER"", ""PARKED""]","[""UNKNOWN""]","[""2065511"", ""2065515""]","[""PASSENGER"", ""UNKNOWN/NA""]","[""NOT IN USE"", ""UNKNOWN/NA""]","[""2025""]",[],[],[],[],[],[],"[""Y""]",[],[],[],[],[],[],"[""Y""]",[],[],[],"[""DEPLOYMENT UNKNOWN""]","[""TEST NOT OFFERED""]",[],"[""2025-10-08T23:00:00.000""]","[""OTHER""]","[""UNKNOWN""]",[],[],"[""NONE""]",[],"[""O2166823""]","[""DRIVER""]","[""UNKNOWN""]","[""USAGE UNKNOWN""]","[""X""]",[],"[""2065511""]",[],[],[],[],[],[],[],2025,10,23,8,False,evening,41.8,-87.61,41.8_-87.61,0.0,0,0,OTHER,0
STRAIGHT AND LEVEL,2413,2025-10-08 22:50:00,4,22,10,C8C42DE5504D2524B30BF4062F3D626005C0683F091507D48F1A1547F32CAC2FDE857035E1FAC40E4A7567894821245D03F431DCB2B27B71120325F849E2CD2B,INJURY AND / OR TOW DUE TO CRASH,"OVER $1,500",NO CONTROLS,TURNING,41.9956307531,"DARKNESS, LIGHTED ROAD",-87.7016881244,2,30,FAILING TO YIELD RIGHT-OF-WAY,NO DEFECTS,DRY,NOT APPLICABLE,W,2853,NO CONTROLS,ONE-WAY,CLEAR,0.0,0.0,0.0,0.0,0.0,1.0,1,3,"[""Y""]","[""Y""]","[""Y""]","[""2025-10-08T22:50:00.000""]","[""2166466"", ""2166467""]","[""FRONT"", ""FRONT-RIGHT-CORNER""]","[""IL""]","[""HONDA"", ""TOYOTA""]","[""STRAIGHT AHEAD"", ""TURNING RIGHT""]","[""CAMRY"", ""ODYSSEY""]","[""1"", ""2""]","[""E"", ""N""]","[""1"", ""2""]","[""DRIVER""]","[""NONE"", ""UNKNOWN""]","[""2065171"", ""2065174""]","[""PASSENGER"", ""VAN/MINI-VAN""]","[""PERSONAL""]","[""2001"", ""2007""]",[],[],"[""Y""]","[""PRIVATE TOW""]","[""Y""]",[],[],[],[],[],"[""1""]",[],[],[],[],[],"['24', '32', '49']","[""DID NOT DEPLOY""]","[""TEST NOT OFFERED""]","[""CHICAGO""]","[""2025-10-08T22:50:00.000""]","[""FAILED TO YIELD"", ""UNKNOWN""]","[""NOT OBSCURED""]","[""D""]","[""IL""]","[""NONE""]",[],"[""O2166466"", ""O2166467"", ""P478045""]","[""DRIVER"", ""PASSENGER""]","[""NORMAL""]","[""USAGE UNKNOWN""]","[""M""]","[""IL""]","[""2065171"", ""2065174""]","[""60645"", ""60659""]",[],"[""3""]",[],[],[],[],2025,10,22,8,False,evening,42.0,-87.7,42.0_-87.7,35.0,24,49,FAILURE-TO-YIELD,0
STRAIGHT AND LEVEL,1654,2025-10-08 22:45:00,4,22,10,AB28265B6960EDCD4C8A8A8CB6C44A4D4ADFB330C6B2A412E445B15A543A1C1D8950ED135CA76719ABF73E4EB83E00349E41EE93FAC6306BA8004253120B1D67,NO INJURY / DRIVE AWAY,$500 OR LESS,FUNCTIONING PROPERLY,SIDESWIPE SAME DIRECTION,41.8736407663,"DARKNESS, LIGHTED ROAD",-87.6723897727,2,30,FAILING TO YIELD RIGHT-OF-WAY,NO DEFECTS,DRY,FAILING TO YIELD RIGHT-OF-WAY,W,10532,STOP SIGN/FLASHER,DIVIDED - W/MEDIAN (NOT RAISED),CLEAR,0.0,0.0,0.0,0.0,0.0,1.0,1,2,[],[],[],"[""2025-10-08T22:45:00.000""]","[""2168942"", ""2168943""]","[""FRONT-LEFT-CORNER"", ""SIDE-RIGHT""]","[""IL""]","[""FORD"", ""KIA""]","[""STRAIGHT AHEAD""]","[""BRONCO / BRONCO II"", ""OPTIMA / K5""]","[""1""]","[""E""]","[""1"", ""2""]","[""DRIVER""]","[""NONE""]","[""2067534"", ""2067535""]","[""PASSENGER""]","[""PERSONAL""]","[""2020"", ""2022""]","[""Y""]",[],[],[],[],[],[],"[""Y""]",[],[],[],[],[],[],[],[],"['63', '65']","[""NOT APPLICABLE""]","[""TEST NOT OFFERED""]","[""ARLINGTON HGTS"", ""ITASCA""]","[""2025-10-08T22:45:00.000""]","[""FAILED TO YIELD"", ""NONE""]","[""NOT OBSCURED""]","[""C"", ""D""]","[""IL""]","[""NONE""]","[""DNA""]","[""O2168942"", ""O2168943""]","[""DRIVER""]","[""NORMAL""]","[""SAFETY BELT USED""]","[""F"", ""M""]","[""IL""]","[""2067534"", ""2067535""]","[""60004""]","[""DNA""]",[],[],[],[],[],2025,10,22,8,False,evening,41.87,-87.67,NAN_NAN,64.0,63,65,FAILURE-TO-YIELD,0
STRAIGHT AND LEVEL,733,2025-10-08 22:30:00,4,22,10,8B691C4B04E34DC986B0B85DD948767739C779EBB6F827E259702E44C6377410D7D87F530E620A452F77125B7EBD38386638C2BA1EAEF0B5848316DE820110EC,NO INJURY / DRIVE AWAY,"OVER $1,500",OTHER,SIDESWIPE SAME DIRECTION,41.7687443409,"DARKNESS, LIGHTED ROAD",-87.6446513782,2,35,IMPROPER OVERTAKING/PASSING,NO DEFECTS,DRY,NOT APPLICABLE,S,6900,OTHER,FOUR WAY,CLEAR,0.0,0.0,1.0,0.0,0.0,1.0,1,2,"[""Y""]",[],[],"[""2025-10-08T22:30:00.000""]","[""2166460"", ""2166461""]","[""FRONT-RIGHT-CORNER"", ""UNKNOWN""]","[""IL""]","[""CHEVROLET"", ""KIA""]","[""PASSING/OVERTAKING""]","[""FORTE"", ""TAHOE""]","[""1""]","[""W""]","[""1"", ""2""]","[""DRIVER""]","[""NONE"", ""UNKNOWN""]","[""2065170"", ""2065179""]","[""PASSENGER""]","[""PERSONAL""]","[""2013"", ""2019""]",[],[],[],[],[],[],"[""Y""]",[],[],[],[],[],[],[],[],[],"['31', '40']","[""DID NOT DEPLOY"", ""NOT APPLICABLE""]","[""TEST NOT OFFERED""]","[""CHICAGO""]","[""2025-10-08T22:30:00.000""]","[""IMPROPER PASSING"", ""UNKNOWN""]","[""NOT OBSCURED""]","[""D""]","[""IL""]","[""NONE""]",[],"[""O2166460"", ""O2166461""]","[""DRIVER""]","[""NORMAL""]","[""NONE PRESENT"", ""USAGE UNKNOWN""]","[""M""]","[""IL""]","[""2065170"", ""2065179""]","[""60629""]",[],[],[],[],[],[],2025,10,22,8,False,evening,41.77,-87.64,41.77_-87.64,35.5,31,40,OTHER,0
STRAIGHT AND LEVEL,523,2025-10-08 22:25:00,4,22,10,BB71828CDDA0B23CFFC3AB4C1C5FD41F31980892AAABADD61FAD2E5534510FF43616729E74DF9AE8E26C60192880BFE4C6D601010927E39FB565151AB0BB3D64,NO INJURY / DRIVE AWAY,"OVER $1,500",FUNCTIONING PROPERLY,REAR END,41.6631345332,"DARKNESS, LIGHTED ROAD",-87.6414798673,2,30,FAILING TO REDUCE SPEED TO AVOID CRASH,NO DEFECTS,DRY,"OPERATING VEHICLE IN ERRATIC, RECKLESS, CARELESS, NEGLIGENT OR AGGRESSIVE MANNER",W,801,TRAFFIC SIGNAL,DIVIDED - W/MEDIAN (NOT RAISED),CLEAR,0.0,1.0,0.0,0.0,0.0,1.0,1,1,[],[],"[""Y""]","[""2025-10-08T22:25:00.000""]","[""2166468"", ""2166469""]","[""FRONT"", ""REAR""]","[""IL""]","[""CHEVROLET"", ""UNKNOWN""]","[""PASSING/OVERTAKING"", ""STRAIGHT AHEAD""]","[""OTHER (EXPLAIN IN NARRATIVE)""]","[""1""]","[""E"", ""UNKNOWN""]","[""1"", ""2""]","[""DRIVER""]","[""NONE""]","[""2065173"", ""2065178""]","[""PASSENGER""]","[""PERSONAL"", ""UNKNOWN/NA""]","[""2025""]",[],[],[],[],[],[],[],[],[],[],[],[],[],[],"[""Y""]",[],['0'],"[""DEPLOYMENT UNKNOWN"", ""DID NOT DEPLOY""]","[""TEST NOT OFFERED""]","[""CHICAGO""]","[""2025-10-08T22:25:00.000""]","[""NONE"", ""TOO FAST FOR CONDITIONS""]","[""NOT OBSCURED"", ""UNKNOWN""]","[""D""]","[""IL""]","[""NONE""]",[],"[""O2166468"", ""O2166469""]","[""DRIVER""]","[""NORMAL"", ""UNKNOWN""]","[""SAFETY BELT USED"", ""USAGE UNKNOWN""]","[""F"", ""M""]","[""IL""]","[""2065173"", ""2065178""]","[""60635""]",[],[],[],[],[],[],2025,10,22,8,False,evening,41.66,-87.64,41.66_-87.64,0.0,0,0,SPEEDING,0
STRAIGHT AND LEVEL,1021,2025-10-08 22:05:00,4,22,10,9FEEB3F0A73FD18AE2DE9C910DF3841884B7E8A5E09EC3DEEEB6FC8007A767FB0B8AA52D9E20AFC821557E7673BC7AD2627487A79602D40F3D90FD86ABE5023E,NO INJURY / DRIVE AWAY,"OVER $1,500",NO CONTROLS,SIDESWIPE SAME DIRECTION,41.8662457814,"DARKNESS, LIGHTED ROAD",-87.7100570806,2,30,IMPROPER OVERTAKING/PASSING,NO DEFECTS,DRY,NOT APPLICABLE,W,3349,NO CONTROLS,NOT DIVIDED,CLEAR,0.0,0.0,0.0,0.0,0.0,1.0,1,2,[],[],[],"[""2025-10-08T22:05:00.000""]","[""2166473"", ""2166474""]","[""REAR-RIGHT-CORNER"", ""SIDE-LEFT""]","[""IL""]","[""FORD"", ""NOVA BUS""]","[""PASSING/OVERTAKING"", ""SLOW/STOP IN TRAFFIC""]","[""ESCAPE"", ""OTHER (EXPLAIN IN NARRATIVE)""]","[""1""]","[""E""]","[""1"", ""2""]","[""DRIVER""]","[""NONE""]","[""2065181"", ""2065185""]","[""BUS OVER 15 PASS."", ""SPORT UTILITY VEHICLE (SUV)""]","[""CTA"", ""RIDESHARE SERVICE""]","[""2014"", ""2023""]",[],"[""Y""]","[""Y""]",[],[],"[""Y""]",[],"[""Y""]","[""Y""]",[],[],"[""Y""]",[],"[""Y""]",[],[],"['28', '57']","[""DID NOT DEPLOY""]","[""TEST NOT OFFERED""]","[""CHICAGO""]","[""2025-10-08T22:05:00.000""]","[""IMPROPER PASSING"", ""NONE""]","[""NOT OBSCURED""]","[""B"", ""D""]","[""IL""]","[""NONE""]",[],"[""O2166473"", ""O2166474""]","[""DRIVER""]","[""NORMAL""]","[""USAGE UNKNOWN""]","[""M""]","[""IL""]","[""2065181"", ""2065185""]","[""60610"", ""60619""]",[],[],[],[],[],[],2025,10,22,8,False,evening,41.87,-87.71,41.87_-87.71,42.5,28,57,OTHER,0
STRAIGHT AND LEVEL,2534,2025-10-08 22:00:00,4,22,10,6888E886E8D5767DE430C244149B8F5D806F100CEDDA980964A526A2ED07EBD1EEDF2B8AFCABB9ED33046BA914CBBA6F954710F77EE786F45A141D045C4F488E,NO INJURY / DRIVE AWAY,"OVER $1,500",NO CONTROLS,PARKED MOTOR VEHICLE,41.9102638155,DARKNESS,-87.7347424667,2,30,UNABLE TO DETERMINE,NO DEFECTS,DRY,NOT APPLICABLE,N,1615,NO CONTROLS,ONE-WAY,CLEAR,0.0,1.0,0.0,1.0,0.0,1.0,2,0,[],[],[],"[""2025-10-08T22:00:00.000""]","[""2166908"", ""2166909""]","[""SIDE-LEFT"", ""UNKNOWN""]","[""IL""]","[""DODGE"", ""UNKNOWN""]","[""PARKED"", ""UNKNOWN/NA""]","[""JOURNEY"", ""OTHER (EXPLAIN IN NARRATIVE)""]","[""0"", ""1""]","[""N"", ""UNKNOWN""]","[""1"", ""2""]","[""DRIVER"", ""PARKED""]","[""NONE"", ""UNKNOWN""]","[""2065591"", ""2065594""]","[""PASSENGER"", ""UNKNOWN/NA""]","[""PERSONAL"", ""UNKNOWN/NA""]","[""2020""]",[],[],[],[],[],[],"[""Y""]","[""Y""]","[""Y""]",[],[],"[""Y""]",[],[],[],[],[],"[""DEPLOYMENT UNKNOWN""]","[""TEST NOT OFFERED""]",[],"[""2025-10-08T22:00:00.000""]","[""UNKNOWN""]","[""UNKNOWN""]",[],[],"[""NONE""]",[],"[""O2166908""]","[""DRIVER""]","[""UNKNOWN""]","[""USAGE UNKNOWN""]","[""X""]",[],"[""2065591""]",[],[],[],[],[],[],[],2025,10,22,8,False,evening,41.91,-87.73,41.91_-87.73,0.0,0,0,OTHER,0
STRAIGHT AND LEVEL,1723,2025-10-08 21:44:00,4,21,10,C4F12839B3D1E4AFE1A684DD9FFCB3AE488A3033612A8D78421E03A8D4291E36D6C378D17D160C226900F60C333FE6CFE75E143236FF02FC995B8468B5799806,NO INJURY / DRIVE AWAY,"OVER $1,500",NO CONTROLS,PARKED MOTOR VEHICLE,41.963039755,DUSK,-87.7179452664,2,25,IMPROPER BACKING,NO DEFECTS,DRY,IMPROPER BACKING,N,4503,NO CONTROLS,NOT DIVIDED,CLEAR,0.0,1.0,0.0,0.0,0.0,1.0,2,0,[],[],"[""Y""]","[""2025-10-08T21:44:00.000""]","[""2166464"", ""2166465""]","[""FRONT"", ""REAR""]","[""XX""]","[""HARLEY-DAVIDSON"", ""UNKNOWN""]","[""PARKED"", ""UNKNOWN/NA""]","[""HARLEY-DAVIDSON"", ""OTHER (EXPLAIN IN NARRATIVE)""]","[""0"", ""1""]","[""N"", ""UNKNOWN""]","[""1"", ""2""]","[""DRIVER"", ""PARKED""]","[""NONE"", ""UNKNOWN""]","[""2065167"", ""2065169""]","[""MOTORCYCLE (OVER 150CC)"", ""UNKNOWN/NA""]","[""UNKNOWN/NA""]","[""2009""]",[],[],"[""Y""]",[],[],[],[],[],[],[],[],[],[],[],[],[],[],"[""DEPLOYMENT UNKNOWN""]","[""TEST NOT OFFERED""]",[],"[""2025-10-08T21:44:00.000""]","[""IMPROPER BACKING""]","[""UNKNOWN""]",[],[],"[""NONE""]",[],"[""O2166464""]","[""DRIVER""]","[""UNKNOWN""]","[""USAGE UNKNOWN""]","[""X""]",[],"[""2065167""]",[],[],[],[],[],[],[],2025,10,21,8,False,evening,41.96,-87.72,41.96_-87.72,0.0,0,0,OTHER,0
STRAIGHT AND LEVEL,831,2025-10-08 21:30:00,4,21,10,FAC4C79C81EA928269B876A0C803A4C4ACC35CD14EE94709E00E0F8213825262DBD0B2BECB891602197A86EF6B4A7FD55393A5564E7756D652D0E0BB7B813514,NO INJURY / DRIVE AWAY,"OVER $1,500",NO CONTROLS,PARKED MOTOR VEHICLE,41.7727871995,"DARKNESS, LIGHTED ROAD",-87.702848138,2,10,UNABLE TO DETERMINE,NO DEFECTS,DRY,UNABLE TO DETERMINE,S,6621,NO CONTROLS,PARKING LOT,CLEAR,0.0,1.0,0.0,0.0,0.0,1.0,2,1,[],[],[],"[""2025-10-08T21:30:00.000""]","[""2166436"", ""2166449""]","[""SIDE-LEFT"", ""SIDE-RIGHT""]","[""IL""]","[""FORD"", ""KIA""]","[""PARKED"", ""UNKNOWN/NA""]","[""ESCAPE"", ""OTHER (EXPLAIN IN NARRATIVE)""]","[""1"", ""2""]","[""N"", ""S""]","[""1"", ""2""]","[""DRIVER"", ""PARKED""]","[""NONE"", ""UNKNOWN""]","[""2065145"", ""2065150""]","[""PASSENGER""]","[""PERSONAL""]","[""2013"", ""2025""]","[""Y""]","[""Y""]",[],[],[],[],[],"[""Y""]",[],[],"[""1""]",[],[],[],[],[],['55'],"[""DEPLOYMENT UNKNOWN"", ""NOT APPLICABLE""]","[""TEST NOT OFFERED""]","[""RIVERDALE""]","[""2025-10-08T21:30:00.000""]","[""IMPROPER PARKING""]","[""UNKNOWN""]",[],[],"[""NONE""]",[],"[""O2166436"", ""P478038"", ""P478043""]","[""DRIVER"", ""PASSENGER""]","[""UNKNOWN""]","[""USAGE UNKNOWN""]","[""F""]","[""IL""]","[""2065145"", ""2065150""]","[""60827""]",[],"[""1"", ""3""]",[],[],[],[],2025,10,21,8,False,evening,41.77,-87.7,41.77_-87.7,55.0,55,55,OTHER,0
STRAIGHT AND LEVEL,1131,2025-10-08 21:30:00,4,21,10,9A65C2F221CA89FC02125F8D8345C46D0D2F5EEE348621CDEFF6FDD019BC2A54DFEC5017F54684BD703F3EE7E5A8CE084A1B104B82DC81A2C79C42DD9A359154,NO INJURY / DRIVE AWAY,"OVER $1,500",NO CONTROLS,TURNING,41.8750277521,"DARKNESS, LIGHTED ROAD",-87.7354283779,2,30,IMPROPER TURNING/NO SIGNAL,NO DEFECTS,DRY,UNABLE TO DETERMINE,S,402,NO CONTROLS,DIVIDED - W/MEDIAN (NOT RAISED),CLEAR,0.0,0.0,0.0,0.0,0.0,1.0,1,2,[],[],"[""Y""]","[""2025-10-08T21:30:00.000""]","[""2167275"", ""2167276""]","[""FRONT"", ""SIDE-RIGHT""]","[""IL""]","[""HONDA"", ""NISSAN""]","[""STRAIGHT AHEAD"", ""U-TURN""]","[""CIVIC"", ""SENTRA""]","[""1""]","[""N"", ""W""]","[""1"", ""2""]","[""DRIVER""]","[""NONE"", ""UNKNOWN""]","[""2065932"", ""2065933""]","[""PASSENGER""]","[""PERSONAL"", ""UNKNOWN/NA""]","[""2017"", ""2023""]",[],"[""Y""]",[],[],[],[],[],[],[],[],[],[],[],"[""Y""]",[],[],"['18', '56']","[""NOT APPLICABLE""]","[""TEST NOT OFFERED""]","[""CHICAGO""]","[""2025-10-08T21:30:00.000""]","[""IMPROPER TURN"", ""NONE""]","[""NOT OBSCURED"", ""UNKNOWN""]","[""D""]","[""IL""]","[""NONE""]",[],"[""O2167275"", ""O2167276""]","[""DRIVER""]","[""NORMAL"", ""UNKNOWN""]","[""SAFETY BELT USED"", ""USAGE UNKNOWN""]","[""M""]","[""IL""]","[""2065932"", ""2065933""]","[""60639"", ""60641""]",[],[],[],[],[],[],2025,10,21,8,False,evening,41.88,-87.74,41.88_-87.74,37.0,18,56,OTHER,0
STRAIGHT AND LEVEL,331,2025-10-08 21:00:00,4,21,10,970F35788CB97910F6E421230F351CFE1A518C7CD871B6364865EE238FD4C941E076B7A57B3FFF471CCCE76E070877F081A75206EEB78A7A1239B2F71426F2CF,NO INJURY / DRIVE AWAY,"$501 - $1,500",FUNCTIONING PROPERLY,REAR END,41.7914202821,DUSK,-87.5801477687,2,30,IMPROPER LANE USAGE,NO DEFECTS,DRY,UNABLE TO DETERMINE,S,5700,TRAFFIC SIGNAL,NOT DIVIDED,CLEAR,0.0,0.0,1.0,0.0,0.0,1.0,1,2,[],[],"[""N"", ""Y""]","[""2025-10-08T21:00:00.000""]","[""2166441"", ""2166442""]","[""FRONT"", ""REAR""]","[""IL""]","[""BUICK"", ""FORD""]","[""STRAIGHT AHEAD""]","[""FUSION"", ""OTHER (EXPLAIN IN NARRATIVE)""]","[""1""]","[""S""]","[""1"", ""2""]","[""DRIVER""]","[""NONE""]","[""2065144"", ""2065152""]","[""PASSENGER""]","[""PERSONAL""]","[""2015"", ""2024""]",[],[],[],[],[],"[""N""]",[],[],[],[],[],[],[],"[""N""]","[""Y""]",[],"['0', '28']","[""NOT APPLICABLE""]","[""TEST NOT OFFERED""]","[""CHICAGO"", ""RIVER FOREST""]","[""2025-10-08T21:00:00.000""]","[""NONE""]","[""NOT OBSCURED""]","[""D""]","[""IL""]","[""NONE""]",[],"[""O2166441"", ""O2166442""]","[""DRIVER""]","[""NORMAL""]","[""NONE PRESENT""]","[""F"", ""M""]","[""IL""]","[""2065144"", ""2065152""]","[""60305"", ""60620""]",[],[],[],[],[],[],2025,10,21,8,False,evening,41.79,-87.58,41.79_-87.58,14.0,0,28,OTHER,0
STRAIGHT AND LEVEL,1651,2025-10-08 21:00:00,4,21,10,75AD82A917EE0C2548270CDE4EB1B65C4AD98EDFEDE1E9CE191DA30E65C60F98C96D19C37E97FE845F1D0DA166903E7EEB5216B80352E79A3F24E232101B678C,NO INJURY / DRIVE AWAY,"OVER $1,500",NO CONTROLS,REAR END,41.8736407663,"DARKNESS, LIGHTED ROAD",-87.6723897727,2,30,PHYSICAL CONDITION OF DRIVER,NO DEFECTS,DRY,NOT APPLICABLE,W,1,NO CONTROLS,ONE-WAY,CLEAR,0.0,0.0,0.0,0.0,0.0,1.0,1,2,"[""Y""]",[],"[""Y""]","[""2025-10-08T21:00:00.000""]","[""2166447"", ""2166448""]","[""FRONT"", ""REAR""]","[""IL"", ""WI""]","[""FORD"", ""JEEP""]","[""SLOW/STOP IN TRAFFIC"", ""STRAIGHT AHEAD""]","[""CHEROKEE"", ""F150""]","[""1""]","[""S""]","[""1"", ""2""]","[""DRIVER""]","[""NONE""]","[""2065158"", ""2065159""]","[""PASSENGER"", ""PICKUP""]","[""OTHER"", ""PERSONAL""]","[""2013"", ""2025""]",[],[],"[""Y""]",[],[],"[""Y""]",[],[],[],[],[],[],[],"[""Y""]","[""Y""]",[],"['39', '54']","[""NOT APPLICABLE""]","[""TEST NOT OFFERED""]","[""EVERGREEN"", ""OAK LAWN""]","[""2025-10-08T21:00:00.000""]","[""NONE"", ""OTHER""]","[""NOT OBSCURED""]","[""D"", ""R""]","[""CO"", ""IL""]","[""NONE""]",[],"[""O2166447"", ""O2166448""]","[""DRIVER""]","[""FATIGUED/ASLEEP"", ""NORMAL""]","[""SAFETY BELT USED""]","[""M""]","[""CO"", ""IL""]","[""2065158"", ""2065159""]","[""60453"", ""80439""]",[],[],[],[],[],[],2025,10,21,8,False,evening,41.87,-87.67,NAN_NAN,46.5,39,54,OTHER,0