alignment,beat_of_occurrence,crash_date,crash_day_of_week,crash_hour,crash_month,crash_record_id,crash_type,damage,device_condition,first_crash_type,latitude,lighting_condition,longitude,num_units,posted_speed_limit,prim_contributory_cause,road_defect,roadway_surface_cond,sec_contributory_cause,street_direction,street_no,traffic_control_device,trafficway_type,weather_condition,private_property_i,hit_and_run_i,intersection_related_i,crash_date_est_i,work_zone_i,workers_present_i,veh_count,ppl_count,veh_area_01_i_list_json,veh_area_02_i_list_json,veh_area_12_i_list_json,veh_crash_date_list_json,veh_crash_unit_id_list_json,veh_first_contact_point_list_json,veh_lic_plate_state_list_json,veh_make_list_json,veh_maneuver_list_json,veh_model_list_json,veh_occupant_cnt_list_json,veh_travel_direction_list_json,veh_unit_no_list_json,veh_unit_type_list_json,veh_vehicle_defect_list_json,veh_vehicle_id_list_json,veh_vehicle_type_list_json,veh_vehicle_use_list_json,veh_vehicle_year_list_json,veh_area_03_i_list_json,veh_area_04_i_list_json,veh_area_11_i_list_json,veh_towed_by_list_json,veh_towed_i_list_json,veh_area_07_i_list_json,veh_area_99_i_list_json,veh_area_09_i_list_json,veh_area_10_i_list_json,veh_cmrc_veh_i_list_json,veh_num_passengers_list_json,veh_area_08_i_list_json,veh_area_00_i_list_json,veh_area_05_i_list_json,veh_area_06_i_list_json,veh_towed_to_list_json,ppl_age_list_json,ppl_airbag_deployed_list_json,ppl_bac_result_list_json,ppl_city_list_json,ppl_crash_date_list_json,ppl_driver_action_list_json,ppl_driver_vision_list_json,ppl_drivers_license_class_list_json,ppl_drivers_license_state_list_json,ppl_ejection_list_json,ppl_hospital_list_json,ppl_person_id_list_json,ppl_person_type_list_json,ppl_physical_condition_list_json,ppl_safety_equipment_list_json,ppl_sex_list_json,ppl_state_list_json,ppl_vehicle_id_list_json,ppl_zipcode_list_json,ppl_ems_agency_list_json,ppl_seat_no_list_json,ppl_pedpedal_action_list_json,ppl_pedpedal_location_list_json,ppl_pedpedal_visibility_list_json,ppl_ems_run_no_list_json,year,month,hour,day,is_weekend,hour_bin,lat_bin,lng_bin,grid_id,ppl_age_mean,ppl_age_min,ppl_age_max,prim_contributory_cause_group,ksi_flag
STRAIGHT AND LEVEL,511,2025-10-08 20:57:00,4,20,10,0E079E91A07570F0B384544D493ED1D141852C83811EAA28DEFF604E9E55FD0FCDA05814F40448FAE01376B5EDF45A1A71F713AF93F5ACE6EA301012552EDC6E,NO INJURY / DRIVE AWAY,"OVER $1,500",FUNCTIONING PROPERLY,SIDESWIPE OPPOSITE DIRECTION,41.7072073322,"DARKNESS, LIGHTED ROAD",-87.6236705141,2,30,UNABLE TO DETERMINE,NO DEFECTS,DRY,UNABLE TO DETERMINE,S,10258,TRAFFIC SIGNAL,NOT DIVIDED,CLEAR,0.0,1.0,0.0,0.0,0.0,1.0,1,2,[],[],[],"[""2025-10-08T20:57:00.000""]","[""2166443"", ""2166444""]","[""SIDE-LEFT"", ""SIDE-LEFT-FRONT""]","[""IL"", ""IN""]","[""CHEVROLET"", ""FORD""]","[""OTHER"", ""STRAIGHT AHEAD""]","[""EQUINOX"", ""EXPLORER""]","[""2""]","[""N"", ""S""]","[""1"", ""2""]","[""DRIVER""]","[""NONE"", ""UNKNOWN""]","[""2065139"", ""2065143""]","[""SPORT UTILITY VEHICLE (SUV)""]","[""PERSONAL"", ""UNKNOWN/NA""]","[""2020""]",[],[],"[""Y""]",[],[],"[""Y""]",[],"[""Y""]","[""Y""]",[],"[""1""]","[""Y""]",[],[],[],[],"['15', '51']","[""DEPLOYMENT UNKNOWN"", ""NOT APPLICABLE""]","[""TEST NOT OFFERED"", ""TEST REFUSED""]","[""INDIANAPOLIS""]","[""2025-10-08T20:57:00.000""]","[""OTHER""]","[""NOT OBSCURED"", ""UNKNOWN""]",[],"[""IN""]","[""NONE"", ""UNKNOWN""]",[],"[""O2166443"", ""O2166444"", ""P478037"", ""P478042""]","[""DRIVER"", ""PASSENGER""]","[""NORMAL"", ""UNKNOWN""]","[""NONE PRESENT"", ""USAGE UNKNOWN""]","[""F"", ""M"", ""X""]","[""IN""]","[""2065139"", ""2065143""]","[""46239""]",[],"[""2"", ""3""]",[],[],[],[],2025,10,20,8,False,evening,41.71,-87.62,41.71_-87.62,33.0,15,51,OTHER,0
STRAIGHT AND LEVEL,2522,2025-10-08 20:52:00,4,20,10,6B52F916A3939B2D8C3D617E144CD2206B7B70D95F3358EB9B7DEC47F2A8F6A735BB56B5E7001A36CBC141AD6C4CC79CB9422D1F64C61693239528E61458D5AA,NO INJURY / DRIVE AWAY,"OVER $1,500",OTHER,REAR END,41.9202576655,"DARKNESS, LIGHTED ROAD",-87.7558891136,2,30,UNABLE TO DETERMINE,UNKNOWN,UNKNOWN,NOT APPLICABLE,N,2155,NO CONTROLS,NOT DIVIDED,CLEAR,0.0,0.0,0.0,0.0,0.0,1.0,1,1,[],[],"[""Y""]","[""2025-10-08T20:52:00.000""]","[""2166423"", ""2166424""]","[""FRONT-LEFT-CORNER"", ""REAR-RIGHT-CORNER""]","[""IL""]","[""CHEVROLET"", ""UNKNOWN""]","[""PASSING/OVERTAKING"", ""SLOW/STOP IN TRAFFIC""]","[""ENGINE"", ""IMPALA""]","[""1""]","[""N""]","[""1"", ""2""]","[""DRIVER""]","[""UNKNOWN""]","[""2065131"", ""2065137""]","[""OTHER"", ""PASSENGER""]","[""FIRE"", ""PERSONAL""]","[""2018""]",[],[],"[""Y""]",[],[],[],[],[],[],[],[],[],[],"[""Y""]",[],[],['27'],"[""DEPLOYMENT UNKNOWN""]","[""TEST NOT OFFERED""]","[""CHICAGO""]","[""2025-10-08T20:52:00.000""]","[""NONE"", ""OTHER""]","[""UNKNOWN""]","[""D""]","[""IL""]","[""UNKNOWN""]","[""NORWEIGAN""]","[""O2166423"", ""O2166424""]","[""DRIVER""]","[""OTHER"", ""UNKNOWN""]","[""USAGE UNKNOWN""]","[""M"", ""X""]","[""IL""]","[""2065131"", ""2065137""]","[""60639""]","[""15""]",[],[],[],[],[],2025,10,20,8,False,evening,41.92,-87.76,41.92_-87.76,27.0,27,27,OTHER,0
STRAIGHT AND LEVEL,1432,2025-10-08 20:47:00,4,20,10,6D32ABE75A8C84407EB255C0764676C6FB1BADB30D6E9BADF5BB222A5345BC1F0AA54654E61BAEF00D2352DCCA6676C464C0A3D0890C4B7B8A08475FB2EB94B7,INJURY AND / OR TOW DUE TO CRASH,"OVER $1,500",NO CONTROLS,SIDESWIPE SAME DIRECTION,41.9331867778,"DARKNESS, LIGHTED ROAD",-87.6877784867,2,30,FOLLOWING TOO CLOSELY,NO DEFECTS,DRY,DRIVING SKILLS/KNOWLEDGE/EXPERIENCE,N,2835,NO CONTROLS,DIVIDED - W/MEDIAN BARRIER,CLEAR,0.0,1.0,0.0,0.0,0.0,1.0,1,1,"[""Y""]","[""Y""]","[""Y""]","[""2025-10-08T20:47:00.000""]","[""2166450"", ""2166451""]","[""FRONT-RIGHT-CORNER"", ""SIDE-LEFT-REAR""]","[""IL""]","[""DODGE"", ""NISSAN""]","[""STRAIGHT AHEAD""]","[""RAM 1500 PU"", ""SENTRA""]","[""1"", ""2""]","[""S""]","[""1"", ""2""]","[""DRIVER""]","[""NONE"", ""UNKNOWN""]","[""2065149"", ""2065153""]","[""PASSENGER"", ""PICKUP""]","[""PERSONAL"", ""UNKNOWN/NA""]","[""2012""]","[""Y""]",[],[],"[""REYS USA TOWING""]","[""Y""]","[""Y""]",[],"[""Y""]",[],[],"[""1""]","[""Y""]",[],[],[],"[""UNKNOWN""]",['33'],"[""DEPLOYED, FRONT"", ""DEPLOYMENT UNKNOWN""]","[""TEST NOT OFFERED""]","[""CHICAGO""]","[""2025-10-08T20:47:00.000""]","[""FOLLOWED TOO CLOSELY"", ""NONE""]","[""NOT OBSCURED"", ""UNKNOWN""]",[],[],"[""NONE""]",[],"[""O2166450"", ""O2166451"", ""P478041""]","[""DRIVER"", ""PASSENGER""]","[""NORMAL"", ""UNKNOWN""]","[""SAFETY BELT USED"", ""USAGE UNKNOWN""]","[""M"", ""X""]","[""IL""]","[""2065149"", ""2065153""]","[""60659""]","[""A43""]","[""2""]",[],[],[],[],2025,10,20,8,False,evening,41.93,-87.69,41.93_-87.69,33.0,33,33,FOLLOWING TOO CLOSELY,1
STRAIGHT AND LEVEL,1654,2025-10-08 20:45:00,4,20,10,C8CE9C93C57DB4CCE2CC45A0C592F291E20875EE768223B08BE6FB5375DDD4A972F3ACC1B367340B2D16B3CC669D3CEC50F08C54D7BA1DC4972E88D9821A6730,NO INJURY / DRIVE AWAY,"OVER $1,500",NO CONTROLS,SIDESWIPE SAME DIRECTION,41.8736407663,"DARKNESS, LIGHTED ROAD",-87.6723897727,2,15,IMPROPER OVERTAKING/PASSING,NO DEFECTS,DRY,UNABLE TO DETERMINE,W,524,NO CONTROLS,PARKING LOT,CLEAR,0.0,0.0,0.0,0.0,0.0,1.0,1,2,"[""Y""]","[""Y""]",[],"[""2025-10-08T20:45:00.000""]","[""2168085"", ""2168086""]","[""FRONT-LEFT-CORNER"", ""FRONT-RIGHT-CORNER""]","[""IL""]","[""CHEVROLET"", ""LINCOLN""]","[""MERGING"", ""STRAIGHT AHEAD""]","[""CORSAIR"", ""SUBURBAN""]","[""1""]","[""S""]","[""1"", ""2""]","[""DRIVER""]","[""NONE""]","[""2066712"", ""2066713""]","[""SPORT UTILITY VEHICLE (SUV)""]","[""TAXI/FOR HIRE""]","[""2022"", ""2023""]",[],[],"[""Y""]",[],[],[],[],[],"[""Y""]",[],[],[],[],[],[],[],"['29', '69']","[""DID NOT DEPLOY""]","[""TEST NOT OFFERED""]","[""CHICAGO""]","[""2025-10-08T20:45:00.000""]","[""IMPROPER LANE CHANGE"", ""NONE""]","[""UNKNOWN""]","[""D""]","[""IL""]","[""NONE""]","[""99""]","[""O2168085"", ""O2168086""]","[""DRIVER""]","[""NORMAL""]","[""SAFETY BELT USED""]","[""M""]","[""IL""]","[""2066712"", ""2066713""]","[""60625"", ""60641""]","[""99""]",[],[],[],[],[],2025,10,20,8,False,evening,41.87,-87.67,NAN_NAN,49.0,29,69,OTHER,0
STRAIGHT AND LEVEL,2521,2025-10-08 20:45:00,4,20,10,582DB59AF36AFBC8AA42A62163C0E5AEAB5DF8565A5C7937FEAAA47D7ED48A71CDD1402373C06568A486816F9A20CD4D70592B689B2933CBB9BEC0769A6C313A,NO INJURY / DRIVE AWAY,"OVER $1,500",NO CONTROLS,PARKED MOTOR VEHICLE,41.93872475,"DARKNESS, LIGHTED ROAD",-87.7462414814,2,30,UNABLE TO DETERMINE,UNKNOWN,DRY,NOT APPLICABLE,W,4745,NO CONTROLS,PARKING LOT,CLEAR,1.0,1.0,0.0,0.0,0.0,1.0,2,0,[],[],[],"[""2025-10-08T20:45:00.000""]","[""2166445"", ""2166446""]","[""REAR-RIGHT-CORNER"", ""UNKNOWN""]","[""IL""]","[""TOYOTA"", ""UNKNOWN""]","[""PARKED"", ""UNKNOWN/NA""]","[""OTHER (EXPLAIN IN NARRATIVE)"", ""SIENNA""]","[""0"", ""1""]","[""UNKNOWN""]","[""1"", ""2""]","[""DRIVER"", ""PARKED""]","[""UNKNOWN""]","[""2065148"", ""2065156""]","[""PASSENGER"", ""VAN/MINI-VAN""]","[""PERSONAL""]","[""2021""]",[],[],[],[],[],[],"[""Y""]",[],[],[],[],[],[],"[""Y""]",[],[],[],"[""DEPLOYMENT UNKNOWN""]","[""TEST NOT OFFERED""]",[],"[""2025-10-08T20:45:00.000""]","[""UNKNOWN""]","[""UNKNOWN""]",[],[],"[""UNKNOWN""]",[],"[""O2166445""]","[""DRIVER""]","[""UNKNOWN""]","[""USAGE UNKNOWN""]","[""X""]",[],"[""2065156""]",[],[],[],[],[],[],[],2025,10,20,8,False,evening,41.94,-87.75,41.94_-87.75,0.0,0,0,OTHER,0
STRAIGHT AND LEVEL,1524,2025-10-08 20:40:00,4,20,10,0636AA5429C9226E86F4EE8E5C44A30A185CB00B3167BA069D4665DC92E48DC0FBDF9FEFAC0BBFF7005ED466C069988E6B5B0317E1949BF5B8A8FC3A84C24200,NO INJURY / DRIVE AWAY,"OVER $1,500",FUNCTIONING PROPERLY,REAR END,41.8950799653,DAWN,-87.7557521907,2,30,FOLLOWING TOO CLOSELY,NO DEFECTS,DRY,NOT APPLICABLE,N,802,TRAFFIC SIGNAL,FOUR WAY,CLEAR,0.0,0.0,0.0,0.0,0.0,1.0,1,5,[],[],"[""Y""]","[""2025-10-08T20:40:00.000""]","[""2166417"", ""2166418""]","[""FRONT"", ""REAR-LEFT-CORNER""]","[""IL"", ""MI""]","[""DODGE"", ""JEEP""]","[""STRAIGHT AHEAD""]","[""DURANGO"", ""GRAND CHEROKEE""]","[""1"", ""4""]","[""S""]","[""1"", ""2""]","[""DRIVER""]","[""NONE""]","[""2065123"", ""2065126""]","[""PASSENGER""]","[""PERSONAL""]","[""2021"", ""2023""]",[],[],"[""Y""]",[],[],"[""Y""]",[],[],[],[],"[""3""]","[""Y""]",[],[],"[""Y""]",[],"['0', '31', '32', '41', '7']","[""NOT APPLICABLE""]","[""TEST NOT OFFERED""]","[""ADDISON"", ""CHICAGO""]","[""2025-10-08T20:40:00.000""]","[""FOLLOWED TOO CLOSELY"", ""NONE""]","[""NOT OBSCURED""]",[],"[""IL""]","[""NONE""]",[],"[""O2166417"", ""O2166418"", ""P478025"", ""P478026"", ""P478027""]","[""DRIVER"", ""PASSENGER""]","[""NORMAL""]","[""CHILD RESTRAINT USED IMPROPERLY"", ""SAFETY BELT USED"", ""USAGE UNKNOWN""]","[""F"", ""M""]","[""IL""]","[""2065123"", ""2065126""]","[""60101"", ""60642""]",[],"[""2"", ""4"", ""5""]",[],[],[],[],2025,10,20,8,False,evening,41.9,-87.76,41.9_-87.76,22.2,0,41,FOLLOWING TOO CLOSELY,0
STRAIGHT AND LEVEL,1814,2025-10-08 20:36:00,4,20,10,5BB70F3B39CB0F41F35ADB41DCD30735B54FE3C87C0C23359510CDCB3E8C2D02BF2960C5B413DBCFE416820A6554BAC9E73CCD14AA97C02CD355879BDA51D020,INJURY AND / OR TOW DUE TO CRASH,"OVER $1,500",FUNCTIONING PROPERLY,PEDALCYCLIST,41.918189192,UNKNOWN,-87.6388399759,2,30,IMPROPER OVERTAKING/PASSING,UNKNOWN,UNKNOWN,FAILING TO YIELD RIGHT-OF-WAY,N,1998,TRAFFIC SIGNAL,FOUR WAY,CLEAR,0.0,0.0,1.0,0.0,0.0,1.0,2,2,"[""Y""]",[],"[""Y""]","[""2025-10-08T20:36:00.000""]","[""2166458"", ""2166459""]","[""FRONT""]","[""IL""]","[""TOYOTA""]","[""TURNING LEFT""]","[""CAMRY""]","[""1""]","[""SE""]","[""1"", ""2""]","[""BICYCLE"", ""DRIVER""]","[""UNKNOWN""]","[""2065165""]","[""PASSENGER""]","[""TAXI/FOR HIRE""]","[""2014""]",[],[],"[""Y""]",[],[],[],[],[],[],[],[],[],[],[],[],[],"['27', '62']","[""DEPLOYMENT UNKNOWN""]","[""TEST NOT OFFERED""]","[""CHICAGO""]","[""2025-10-08T20:36:00.000""]","[""IMPROPER PASSING"", ""UNKNOWN""]","[""UNKNOWN""]","[""D""]","[""IL""]","[""UNKNOWN""]",[],"[""O2166458"", ""O2166459""]","[""BICYCLE"", ""DRIVER""]","[""UNKNOWN""]","[""HELMET NOT USED"", ""SAFETY BELT USED""]","[""M""]","[""IL""]","[""2065165""]","[""60614"", ""60649""]",[],[],"[""CROSSING - WITH SIGNAL""]","[""IN ROADWAY""]","[""NO CONTRASTING CLOTHING""]",[],2025,10,20,8,False,evening,41.92,-87.64,41.92_-87.64,44.5,27,62,OTHER,1
STRAIGHT AND LEVEL,1923,2025-10-08 20:30:00,4,20,10,D044E6F7801CE4DA3BC0DD61F96FA888DA88189CD49DCF392B205FCE2258972F7467CCE3B1C21F01CA6A3F3CD3C845E833F4265C85346315CB6ACFD7900F05AA,NO INJURY / DRIVE AWAY,"OVER $1,500",FUNCTIONING PROPERLY,SIDESWIPE SAME DIRECTION,41.9490108833,"DARKNESS, LIGHTED ROAD",-87.6581428748,2,35,DRIVING SKILLS/KNOWLEDGE/EXPERIENCE,NO DEFECTS,DRY,NOT APPLICABLE,N,3700,TRAFFIC SIGNAL,FOUR WAY,CLEAR,0.0,0.0,0.0,0.0,0.0,1.0,1,2,[],"[""Y""]",[],"[""2025-10-08T20:30:00.000""]","[""2166627"", ""2166628""]","[""SIDE-LEFT"", ""SIDE-RIGHT-FRONT""]","[""IL""]","[""FORD"", ""NISSAN""]","[""CHANGING LANES"", ""STRAIGHT AHEAD""]","[""KICKS"", ""OTHER (EXPLAIN IN NARRATIVE)""]","[""1""]","[""S""]","[""1"", ""2""]","[""DRIVER""]","[""NONE"", ""UNKNOWN""]","[""2065326"", ""2065332""]","[""SPORT UTILITY VEHICLE (SUV)""]","[""PERSONAL"", ""UNKNOWN/NA""]","[""2012"", ""2018""]",[],[],[],[],[],[],[],"[""Y""]",[],[],[],"[""Y""]",[],[],[],[],"['27', '37']","[""DEPLOYMENT UNKNOWN"", ""DID NOT DEPLOY""]","[""TEST NOT OFFERED""]","[""CHICAGO"", ""GAITHERSBURG""]","[""2025-10-08T20:30:00.000""]","[""NONE"", ""UNKNOWN""]","[""NOT OBSCURED"", ""UNKNOWN""]","[""C"", ""D""]","[""IL"", ""MD""]","[""NONE""]",[],"[""O2166627"", ""O2166628""]","[""DRIVER""]","[""NORMAL"", ""UNKNOWN""]","[""SAFETY BELT USED"", ""USAGE UNKNOWN""]","[""F"", ""M""]","[""IL"", ""MD""]","[""2065326"", ""2065332""]","[""20877"", ""60609""]",[],[],[],[],[],[],2025,10,20,8,False,evening,41.95,-87.66,41.95_-87.66,32.0,27,37,OTHER,0
STRAIGHT AND LEVEL,624,2025-10-08 20:28:00,4,20,10,EA4513571A940495C001B68F655A5AF53AF93A5860975188867B192986334C0827633CB2768023296D3ABA6130D7736D7277DD98D2BAF5CDB845D14712B15EB5,INJURY AND / OR TOW DUE TO CRASH,"OVER $1,500",FUNCTIONING PROPERLY,ANGLE,41.7565164371,"DARKNESS, LIGHTED ROAD",-87.6136937351,2,30,FAILING TO YIELD RIGHT-OF-WAY,NO DEFECTS,DRY,NOT APPLICABLE,S,7601,STOP SIGN/FLASHER,FOUR WAY,CLEAR,0.0,0.0,1.0,0.0,0.0,1.0,1,3,"[""Y""]","[""Y""]","[""Y""]","[""2025-10-08T20:28:00.000""]","[""2166413"", ""2166414""]","[""FRONT"", ""SIDE-RIGHT""]","[""IL""]","[""DODGE"", ""KIA""]","[""STRAIGHT AHEAD""]","[""CHARGER"", ""SOUL""]","[""1"", ""2""]","[""E"", ""S""]","[""1"", ""2""]","[""DRIVER""]","[""NONE""]","[""2065121"", ""2065124""]","[""PASSENGER""]","[""PERSONAL""]","[""2016"", ""2024""]","[""Y""]","[""Y""]","[""Y""]","[""PRIVATE TOW""]","[""Y""]",[],[],"[""Y""]","[""Y""]",[],"[""1""]",[],[],"[""Y""]",[],"[""HOME""]","['29', '42', '46']","[""DEPLOYED, COMBINATION"", ""DEPLOYMENT UNKNOWN""]","[""TEST NOT OFFERED""]","[""CHICAGO"", ""PARK FOREST""]","[""2025-10-08T20:28:00.000""]","[""FAILED TO YIELD"", ""NONE""]","[""NOT OBSCURED""]","[""D""]","[""IL""]","[""NONE""]",[],"[""O2166413"", ""O2166414"", ""P478024""]","[""DRIVER"", ""PASSENGER""]","[""NORMAL""]","[""USAGE UNKNOWN""]","[""F"", ""M""]","[""IL""]","[""2065121"", ""2065124""]","[""60466"", ""60633""]",[],"[""3""]",[],[],[],[],2025,10,20,8,False,evening,41.76,-87.61,41.76_-87.61,39.0,29,46,FAILURE-TO-YIELD,1
STRAIGHT AND LEVEL,1834,2025-10-08 20:21:00,4,20,10,9EDB9955FA90E8FB1B764026171110A4565CD085FF114E2F7061805AC6A241493E9857E0C07D5113BA4BE1D4EB58FA23E4C6CE2C692259DCA371EFD1CD3AA138,INJURY AND / OR TOW DUE TO CRASH,"OVER $1,500",NO CONTROLS,SIDESWIPE SAME DIRECTION,41.8933211887,UNKNOWN,-87.6189671889,2,30,IMPROPER OVERTAKING/PASSING,UNKNOWN,UNKNOWN,DRIVING SKILLS/KNOWLEDGE/EXPERIENCE,E,333,NO CONTROLS,ONE-WAY,CLEAR,0.0,0.0,1.0,0.0,0.0,1.0,1,2,[],"[""Y""]",[],"[""2025-10-08T20:21:00.000""]","[""2168822"", ""2168823""]","[""FRONT-LEFT-CORNER"", ""SIDE-RIGHT""]","[""IL""]","[""CHEVROLET"", ""TOYOTA""]","[""PASSING/OVERTAKING"", ""STRAIGHT AHEAD""]","[""BLAZER"", ""COROLLA""]","[""1""]","[""W""]","[""1"", ""2""]","[""DRIVER""]","[""UNKNOWN""]","[""2067422"", ""2067425""]","[""PASSENGER"", ""SPORT UTILITY VEHICLE (SUV)""]","[""UNKNOWN/NA""]","[""2016"", ""2019""]","[""Y""]",[],"[""Y""]",[],[],[],[],[],"[""Y""]",[],[],[],[],[],[],[],"['22', '23']","[""DEPLOYMENT UNKNOWN""]","[""TEST NOT OFFERED""]","[""CHICAGO"", ""SAUK VILLAGE""]","[""2025-10-08T20:21:00.000""]","[""IMPROPER PASSING"", ""NONE""]","[""UNKNOWN""]","[""D""]","[""IL""]","[""UNKNOWN""]",[],"[""O2168822"", ""O2168823""]","[""DRIVER""]","[""UNKNOWN""]","[""USAGE UNKNOWN""]","[""F"", ""M""]","[""IL""]","[""2067422"", ""2067425""]","[""60411"", ""60611""]",[],[],[],[],[],[],2025,10,20,8,False,evening,41.89,-87.62,41.89_-87.62,22.5,22,23,OTHER,1
STRAIGHT AND LEVEL,813,2025-10-08 20:20:00,4,20,10,3F870AC6A04DFAC7317B5F97673A5B3F8746CE4ABB69E8F9B38EE254C3DADCC833581F28503701439EFBDE9EE0B33ADD059DA776AA65B4FD28485860088EB777,NO INJURY / DRIVE AWAY,"OVER $1,500",NO CONTROLS,SIDESWIPE SAME DIRECTION,41.7786083022,"DARKNESS, LIGHTED ROAD",-87.7364208397,2,30,DRIVING SKILLS/KNOWLEDGE/EXPERIENCE,NO DEFECTS,DRY,DRIVING SKILLS/KNOWLEDGE/EXPERIENCE,W,4536,NO CONTROLS,NOT DIVIDED,CLEAR,0.0,0.0,0.0,0.0,0.0,1.0,1,2,"[""N"", ""Y""]","[""Y""]",[],"[""2025-10-08T20:20:00.000""]","[""2166409"", ""2166410""]","[""FRONT-LEFT-CORNER"", ""FRONT-RIGHT-CORNER""]","[""IL""]","[""JEEP"", ""NOVA BUS""]","[""STRAIGHT AHEAD""]","[""LIBERTY"", ""OTHER (EXPLAIN IN NARRATIVE)""]","[""1""]","[""W""]","[""1"", ""2""]","[""DRIVER""]","[""NONE""]","[""2065117"", ""2065119""]","[""OTHER"", ""SPORT UTILITY VEHICLE (SUV)""]","[""CTA"", ""PERSONAL""]","[""2018"", ""2023""]","[""Y""]","[""Y""]","[""Y""]",[],[],[],[],"[""N""]","[""N""]",[],[],[],[],"[""Y""]",[],[],"['38', '45']","[""DID NOT DEPLOY""]","[""TEST NOT OFFERED""]","[""CHICAGO""]","[""2025-10-08T20:20:00.000""]","[""NONE"", ""OTHER""]","[""NOT OBSCURED""]","[""D""]","[""IL""]","[""NONE""]",[],"[""O2166409"", ""O2166410""]","[""DRIVER""]","[""NORMAL""]","[""SAFETY BELT USED""]","[""F"", ""M""]","[""IL""]","[""2065117"", ""2065119""]","[""60629"", ""60649""]",[],[],[],[],[],[],2025,10,20,8,False,evening,41.78,-87.74,41.78_-87.74,41.5,38,45,OTHER,0
STRAIGHT AND LEVEL,1531,2025-10-08 20:01:00,4,20,10,0B41D5B947466DCD37EC7474C6AFFAB18ABDE4FBD79883F2DE92F629F152AA3B24D7030F63333E9E49D1A46C681C091F0B09B035FCFF057B6FFACD692E77FA67,NO INJURY / DRIVE AWAY,"OVER $1,500",NO CONTROLS,ANGLE,41.8987640861,"DARKNESS, LIGHTED ROAD",-87.7484651612,2,30,FAILING TO YIELD RIGHT-OF-WAY,UNKNOWN,DRY,NOT APPLICABLE,W,4900,STOP SIGN/FLASHER,NOT DIVIDED,CLEAR,0.0,1.0,1.0,0.0,0.0,1.0,1,1,[],[],"[""N""]","[""2025-10-08T20:01:00.000""]","[""2166407"", ""2166408""]","[""FRONT"", ""SIDE-LEFT""]","[""IL""]","[""HONDA""]","[""STRAIGHT AHEAD""]","[""ACCORD"", ""CIVIC""]","[""1""]","[""N"", ""W""]","[""1"", ""2""]","[""DRIVER""]","[""UNKNOWN""]","[""2065116"", ""2065125""]","[""PASSENGER""]","[""UNKNOWN/NA""]","[""2008"", ""2013""]",[],[],"[""N""]",[],[],[],"[""Y""]","[""Y""]","[""Y""]",[],[],"[""Y""]",[],[],[],[],['47'],"[""DEPLOYMENT UNKNOWN"", ""NOT APPLICABLE""]","[""TEST NOT OFFERED""]","[""CHICAGO""]","[""2025-10-08T20:01:00.000""]","[""FAILED TO YIELD"", ""NONE""]","[""UNKNOWN""]","[""D""]","[""IL""]","[""NONE"", ""UNKNOWN""]",[],"[""O2166407"", ""O2166408""]","[""DRIVER""]","[""NORMAL"", ""UNKNOWN""]","[""USAGE UNKNOWN""]","[""M"", ""X""]","[""IL""]","[""2065116"", ""2065125""]","[""60618""]",[],[],[],[],[],[],2025,10,20,8,False,evening,41.9,-87.75,41.9_-87.75,47.0,47,47,FAILURE-TO-YIELD,0
STRAIGHT AND LEVEL,722,2025-10-08 20:00:00,4,20,10,9EBEB88D7E7F491245FD3C32DEAA05F0ABACB21599FA8872C230A1D498D6C07507BE7B4A3A76D5C93DB15BC5DF59F05E3EC8194723F094726AE834F762A256ED,NO INJURY / DRIVE AWAY,"OVER $1,500",NO CONTROLS,PARKED MOTOR VEHICLE,41.7751716286,UNKNOWN,-87.6383953822,2,30,UNABLE TO DETERMINE,NO DEFECTS,UNKNOWN,UNABLE TO DETERMINE,W,537,NO CONTROLS,NOT DIVIDED,CLEAR,0.0,1.0,0.0,1.0,0.0,1.0,2,0,[],[],"[""Y""]","[""2025-10-08T20:00:00.000""]","[""2166623"", ""2166624""]","[""UNKNOWN""]","[""IL""]","[""FORD"", ""UNKNOWN""]","[""PARKED"", ""UNKNOWN/NA""]","[""ESCAPE"", ""OTHER (EXPLAIN IN NARRATIVE)""]","[""0"", ""1""]","[""E"", ""UNKNOWN""]","[""1"", ""2""]","[""DRIVER"", ""PARKED""]","[""NONE"", ""UNKNOWN""]","[""2065322"", ""2065324""]","[""PASSENGER"", ""UNKNOWN/NA""]","[""NOT IN USE"", ""UNKNOWN/NA""]","[""2022""]",[],[],"[""Y""]",[],[],[],"[""Y""]",[],"[""Y""]",[],[],[],[],[],[],[],[],"[""DEPLOYMENT UNKNOWN""]","[""TEST NOT OFFERED""]",[],"[""2025-10-08T20:00:00.000""]","[""UNKNOWN""]","[""UNKNOWN""]",[],[],"[""UNKNOWN""]",[],"[""O2166623""]","[""DRIVER""]","[""UNKNOWN""]","[""USAGE UNKNOWN""]","[""X""]",[],"[""2065322""]",[],[],[],[],[],[],[],2025,10,20,8,False,evening,41.78,-87.64,41.78_-87.64,0.0,0,0,OTHER,0