alignment,beat_of_occurrence,crash_date,crash_day_of_week,crash_hour,crash_month,crash_record_id,crash_type,damage,device_condition,first_crash_type,latitude,lighting_condition,longitude,num_units,posted_speed_limit,prim_contributory_cause,road_defect,roadway_surface_cond,sec_contributory_cause,street_direction,street_no,traffic_control_device,trafficway_type,weather_condition,private_property_i,hit_and_run_i,intersection_related_i,crash_date_est_i,work_zone_i,workers_present_i,veh_count,ppl_count,veh_area_01_i_list_json,veh_area_02_i_list_json,veh_area_12_i_list_json,veh_crash_date_list_json,veh_crash_unit_id_list_json,veh_first_contact_point_list_json,veh_lic_plate_state_list_json,veh_make_list_json,veh_maneuver_list_json,veh_model_list_json,veh_occupant_cnt_list_json,veh_travel_direction_list_json,veh_unit_no_list_json,veh_unit_type_list_json,veh_vehicle_defect_list_json,veh_vehicle_id_list_json,veh_vehicle_type_list_json,veh_vehicle_use_list_json,veh_vehicle_year_list_json,veh_area_03_i_list_json,veh_area_04_i_list_json,veh_area_11_i_list_json,veh_towed_by_list_json,veh_towed_i_list_json,veh_area_07_i_list_json,veh_area_99_i_list_json,veh_area_09_i_list_json,veh_area_10_i_list_json,veh_cmrc_veh_i_list_json,veh_num_passengers_list_json,veh_area_08_i_list_json,veh_area_00_i_list_json,veh_area_05_i_list_json,veh_area_06_i_list_json,veh_towed_to_list_json,ppl_age_list_json,ppl_airbag_deployed_list_json,ppl_bac_result_list_json,ppl_city_list_json,ppl_crash_date_list_json,ppl_driver_action_list_json,ppl_driver_vision_list_json,ppl_drivers_license_class_list_json,ppl_drivers_license_state_list_json,ppl_ejection_list_json,ppl_hospital_list_json,ppl_person_id_list_json,ppl_person_type_list_json,ppl_physical_condition_list_json,ppl_safety_equipment_list_json,ppl_sex_list_json,ppl_state_list_json,ppl_vehicle_id_list_json,ppl_zipcode_list_json,ppl_ems_agency_list_json,ppl_seat_no_list_json,ppl_pedpedal_action_list_json,ppl_pedpedal_location_list_json,ppl_pedpedal_visibility_list_json,ppl_ems_run_no_list_json,year,month,hour,day,is_weekend,hour_bin,lat_bin,lng_bin,grid_id,ppl_age_mean,ppl_age_min,ppl_age_max,prim_contributory_cause_group,ksi_flag
STRAIGHT AND LEVEL,1822,2025-10-08 19:59:00,4,19,10,2808F4F23BE2C8A10013FC8A336B50716DF73E7573E201CF5872595BD9F1098D9BC0021ECAC66264D7F0AED4B29E014607C92D5A6854F8F837B441961A2E44FD,INJURY AND / OR TOW DUE TO CRASH,"$501 - $1,500",NO CONTROLS,PARKED MOTOR VEHICLE,41.9010411855,DUSK,-87.6432633598,3,30,UNABLE TO DETERMINE,NO DEFECTS,DRY,UNABLE TO DETERMINE,N,1018,NO CONTROLS,NOT DIVIDED,CLEAR,0.0,0.0,0.0,0.0,0.0,1.0,2,1,[],[],[],"[""2025-10-08T19:59:00.000""]","[""2166429"", ""2166430"", ""2166431""]","[""FRONT-LEFT-CORNER"", ""REAR-LEFT-CORNER""]","[""IL""]","[""MAZDA"", ""MERCEDES-BENZ""]","[""PARKED""]","[""SPORT TRUCK"", ""TRUCK""]","[""0""]","[""N"", ""UNKNOWN""]","[""1"", ""2"", ""3""]","[""BICYCLE"", ""PARKED""]","[""NONE"", ""UNKNOWN""]","[""2065134"", ""2065136""]","[""PASSENGER"", ""VAN/MINI-VAN""]","[""NOT IN USE""]","[""2017"", ""2024""]",[],[],[],[],[],"[""Y""]",[],[],"[""Y""]",[],[],[],[],[],[],[],['41'],[],"[""TEST NOT OFFERED""]","[""GLEN ELLYN""]","[""2025-10-08T19:59:00.000""]","[""UNKNOWN""]","[""NOT OBSCURED""]",[],[],"[""NONE""]","[""NORTHWESTERN""]","[""O2166429""]","[""BICYCLE""]","[""NORMAL""]","[""HELMET NOT USED""]","[""M""]","[""IL""]",[],"[""60137""]","[""CFD""]",[],"[""WITH TRAFFIC""]","[""IN ROADWAY""]","[""NO CONTRASTING CLOTHING""]",[],2025,10,19,8,False,evening,41.9,-87.64,41.9_-87.64,41.0,41,41,OTHER,1
STRAIGHT AND LEVEL,1925,2025-10-08 19:55:00,4,19,10,98D8B275196726CCE91AFA7255D9C4C2703D36943680760B22B0A4293EFA207AD80B2D384B9A6490751F74771D641903ABEB688CAF9859D65E3AE2AEE40E90D8,NO INJURY / DRIVE AWAY,$500 OR LESS,NO CONTROLS,SIDESWIPE SAME DIRECTION,41.9423054194,"DARKNESS, LIGHTED ROAD",-87.6401053568,2,30,UNABLE TO DETERMINE,UNKNOWN,DRY,NOT APPLICABLE,N,3300,NO CONTROLS,DIVIDED - W/MEDIAN BARRIER,CLEAR,0.0,0.0,0.0,0.0,0.0,1.0,1,3,[],[],[],"[""2025-10-08T19:55:00.000""]","[""2166427"", ""2166428""]","[""FRONT-LEFT-CORNER"", ""REAR-RIGHT-CORNER""]","[""IL""]","[""TESLA"", ""TOYOTA""]","[""STRAIGHT AHEAD"", ""UNKNOWN/NA""]","[""CAMRY"", ""OTHER (EXPLAIN IN NARRATIVE)""]","[""2""]","[""S""]","[""1"", ""2""]","[""DRIVER""]","[""UNKNOWN""]","[""2065133"", ""2065141""]","[""PASSENGER""]","[""PERSONAL"", ""TAXI/FOR HIRE""]","[""2016"", ""2026""]",[],[],"[""Y""]",[],[],[],[],[],[],[],"[""1""]",[],[],"[""Y""]",[],[],"['49', '58', '72']","[""DID NOT DEPLOY"", ""NOT APPLICABLE""]","[""TEST NOT OFFERED""]","[""CHICAGO"", ""SKOKIE""]","[""2025-10-08T19:55:00.000""]","[""UNKNOWN""]","[""NOT OBSCURED"", ""UNKNOWN""]","[""D""]","[""IL""]","[""NONE""]",[],"[""O2166427"", ""O2166428"", ""P478032"", ""P478035""]","[""DRIVER"", ""PASSENGER""]","[""UNKNOWN""]","[""USAGE UNKNOWN""]","[""F"", ""M""]","[""IL""]","[""2065133"", ""2065141""]","[""60076"", ""60649""]",[],"[""3"", ""6""]",[],[],[],[],2025,10,19,8,False,evening,41.94,-87.64,41.94_-87.64,59.666666666666664,49,72,OTHER,0
STRAIGHT AND LEVEL,1811,2025-10-08 19:55:00,4,19,10,731D909CD76D11413361FC762319C0659C27DE457A73602CC5F5746758C57D977AF9158CC2D1C7A9ED29CDDBF0DB3B792F73FF5EC33A1B0602B77EC9FD1EBC5B,INJURY AND / OR TOW DUE TO CRASH,"OVER $1,500",NO CONTROLS,ANGLE,41.9142653731,DARKNESS,-87.6567872797,2,30,IMPROPER OVERTAKING/PASSING,UNKNOWN,UNKNOWN,IMPROPER TURNING/NO SIGNAL,N,1801,NO CONTROLS,FOUR WAY,CLEAR,0.0,1.0,1.0,0.0,0.0,1.0,1,1,"[""Y""]",[],"[""Y""]","[""2025-10-08T19:55:00.000""]","[""2166452"", ""2166453""]","[""FRONT"", ""SIDE-LEFT""]","[""IL""]","[""NISSAN"", ""UNKNOWN""]","[""STRAIGHT AHEAD""]","[""MOTORIZED"", ""SENTRA""]","[""1""]","[""UNKNOWN""]","[""1"", ""2""]","[""DRIVER""]","[""UNKNOWN""]","[""2065157"", ""2065161""]","[""PASSENGER""]","[""NOT IN USE"", ""PERSONAL""]","[""2025""]",[],[],"[""Y""]",[],[],"[""Y""]",[],"[""Y""]","[""Y""]",[],[],"[""Y""]",[],[],[],[],['34'],"[""DEPLOYMENT UNKNOWN""]","[""TEST NOT OFFERED""]","[""CHICAGO""]","[""2025-10-08T19:55:00.000""]","[""IMPROPER PASSING"", ""NONE""]","[""UNKNOWN""]","[""D""]","[""IL"", ""XX""]","[""UNKNOWN""]",[],"[""O2166452"", ""O2166453""]","[""DRIVER""]","[""UNKNOWN""]","[""SAFETY BELT USED"", ""USAGE UNKNOWN""]","[""F"", ""X""]","[""IL""]","[""2065157"", ""2065161""]","[""60622""]",[],[],[],[],[],[],2025,10,19,8,False,evening,41.91,-87.66,41.91_-87.66,34.0,34,34,OTHER,1
STRAIGHT AND LEVEL,1613,2025-10-08 19:50:00,4,19,10,74465F8C8B1FD63B81A59A4186C2D2CC8BA9AC9AB7CE52280E2BE448E0DA39FCF18E9A831F8F275D8331772D4077C191BD7D91B68AF591DA64F0E9D74DE4D4FA,INJURY AND / OR TOW DUE TO CRASH,"OVER $1,500",NO CONTROLS,ANGLE,41.9810364391,"DARKNESS, LIGHTED ROAD",-87.8060669677,2,30,UNABLE TO DETERMINE,NO DEFECTS,DRY,UNABLE TO DETERMINE,W,7138,NO CONTROLS,NOT DIVIDED,CLEAR,0.0,0.0,0.0,0.0,0.0,1.0,1,2,"[""Y""]","[""Y""]","[""Y""]","[""2025-10-08T19:50:00.000""]","[""2166405"", ""2166406""]","[""FRONT"", ""SIDE-RIGHT""]","[""IL""]","[""CHEVROLET"", ""NISSAN""]","[""ENTERING TRAFFIC LANE FROM PARKING"", ""STRAIGHT AHEAD""]","[""SENTRA"", ""TAHOE""]","[""1""]","[""E"", ""UNKNOWN""]","[""1"", ""2""]","[""DRIVER""]","[""UNKNOWN""]","[""2065115"", ""2065118""]","[""PASSENGER"", ""SPORT UTILITY VEHICLE (SUV)""]","[""PERSONAL""]","[""1998"", ""2021""]","[""Y""]","[""Y""]","[""Y""]","[""owner""]","[""Y""]",[],[],[],[],[],[],[],[],[],[],"[""unknown""]","['42', '77']","[""DEPLOYED, COMBINATION"", ""DID NOT DEPLOY""]","[""TEST NOT OFFERED""]","[""CHICAGO""]","[""2025-10-08T19:50:00.000""]","[""FAILED TO YIELD"", ""NONE""]","[""NOT OBSCURED""]","[""C"", ""D""]","[""IL""]","[""NONE""]",[],"[""O2166405"", ""O2166406""]","[""DRIVER""]","[""NORMAL""]","[""SAFETY BELT USED""]","[""M""]","[""IL""]","[""2065115"", ""2065118""]","[""60656""]",[],[],[],[],[],[],2025,10,19,8,False,evening,41.98,-87.81,41.98_-87.81,59.5,42,77,OTHER,0
STRAIGHT AND LEVEL,2412,2025-10-08 19:50:00,4,19,10,6799F0AEC85EB502B625C72DBF63389E7DCB1B0BD454FE818F609EAC58D15A91AB04A04347A8C7ACA0F9D99F90D346DE74FFFB4C971723647614D959B643494C,NO INJURY / DRIVE AWAY,"OVER $1,500",FUNCTIONING PROPERLY,SIDESWIPE SAME DIRECTION,41.9975096366,"DARKNESS, LIGHTED ROAD",-87.7087156096,2,30,FAILING TO YIELD RIGHT-OF-WAY,NO DEFECTS,DRY,IMPROPER LANE USAGE,W,3144,TRAFFIC SIGNAL,DIVIDED - W/MEDIAN (NOT RAISED),CLEAR,0.0,0.0,0.0,0.0,0.0,1.0,1,2,[],[],[],"[""2025-10-08T19:50:00.000""]","[""2166419"", ""2166420""]","[""SIDE-RIGHT-FRONT"", ""SIDE-RIGHT-REAR""]","[""IL""]","[""ACURA"", ""CHRYSLER""]","[""STRAIGHT AHEAD""]","[""300"", ""ADX""]","[""1""]","[""W""]","[""1"", ""2""]","[""DRIVER""]","[""NONE"", ""UNKNOWN""]","[""2065128"", ""2065160""]","[""PASSENGER"", ""SPORT UTILITY VEHICLE (SUV)""]","[""PERSONAL""]","[""2010"", ""2017""]",[],"[""Y""]","[""Y""]",[],[],[],[],[],"[""Y""]",[],[],[],[],"[""Y""]",[],[],"['46', '63']","[""DID NOT DEPLOY""]","[""TEST NOT OFFERED""]","[""CHICAGO""]","[""2025-10-08T19:50:00.000""]","[""FAILED TO YIELD"", ""NONE""]","[""NOT OBSCURED"", ""UNKNOWN""]","[""D""]","[""IL""]","[""NONE""]",[],"[""O2166419"", ""O2166420""]","[""DRIVER""]","[""NORMAL"", ""UNKNOWN""]","[""SAFETY BELT USED"", ""USAGE UNKNOWN""]","[""F"", ""M""]","[""IL""]","[""2065128"", ""2065160""]","[""60626"", ""60651""]",[],[],[],[],[],[],2025,10,19,8,False,evening,42.0,-87.71,42.0_-87.71,54.5,46,63,FAILURE-TO-YIELD,0
STRAIGHT AND LEVEL,331,2025-10-08 19:48:00,4,19,10,DD71839DC75717C527BE4AAE6E7313661B7EFBA831A3EEBBAFA7E8EA12429C8933BD835A510EA8F000AD6B0E774436BCD87336410A9A329A4425E7B212AC0236,NO INJURY / DRIVE AWAY,"OVER $1,500",NO CONTROLS,REAR END,41.7805391969,DAYLIGHT,-87.5850133186,2,30,NOT APPLICABLE,NO DEFECTS,DRY,NOT APPLICABLE,E,1625,NO CONTROLS,NOT DIVIDED,CLEAR,0.0,0.0,0.0,0.0,0.0,1.0,1,2,"[""Y""]",[],"[""Y""]","[""2025-10-08T19:48:00.000""]","[""2166434"", ""2166435""]","[""FRONT"", ""REAR""]","[""IL""]","[""AUDI"", ""CHEVROLET""]","[""SLOW/STOP IN TRAFFIC"", ""STRAIGHT AHEAD""]","[""ASTRO"", ""S4""]","[""1""]","[""E""]","[""1"", ""2""]","[""DRIVER""]","[""NONE"", ""UNKNOWN""]","[""2065142"", ""2065154""]","[""PASSENGER"", ""VAN/MINI-VAN""]","[""PERSONAL"", ""UNKNOWN/NA""]","[""2005"", ""2018""]",[],[],"[""Y""]",[],[],"[""Y""]",[],[],[],[],[],[],[],"[""Y""]","[""Y""]",[],"['23', '30']","[""NOT APPLICABLE""]","[""TEST NOT OFFERED""]","[""CHICAGO"", ""LISLE""]","[""2025-10-08T19:48:00.000""]","[""NONE""]","[""NOT OBSCURED""]","[""D""]","[""IL""]","[""NONE""]","[""NA""]","[""O2166434"", ""O2166435""]","[""DRIVER""]","[""NORMAL""]","[""NONE PRESENT""]","[""M""]","[""IL""]","[""2065142"", ""2065154""]","[""60532"", ""60653""]","[""NA""]",[],[],[],[],[],2025,10,19,8,False,evening,41.78,-87.59,41.78_-87.59,26.5,23,30,OTHER,0
STRAIGHT AND LEVEL,123,2025-10-08 19:43:00,4,19,10,BF7BBAA6E7C097CCADFED95CFE1FFD686BEB8658CD6E47C82F88BB805C1FEDF92524471BA7F30A82C2A69310B94C698F0869ECCEDB1A4708A5484F4872AE4B60,NO INJURY / DRIVE AWAY,"OVER $1,500",NO CONTROLS,PARKED MOTOR VEHICLE,41.8682692484,"DARKNESS, LIGHTED ROAD",-87.6256945507,2,30,IMPROPER OVERTAKING/PASSING,NO DEFECTS,DRY,UNABLE TO DETERMINE,S,1133,NO CONTROLS,NOT DIVIDED,CLEAR,0.0,0.0,0.0,0.0,0.0,1.0,2,1,[],"[""Y""]",[],"[""2025-10-08T19:43:00.000""]","[""2166394"", ""2166395""]","[""SIDE-LEFT"", ""SIDE-RIGHT""]","[""IL""]","[""DODGE"", ""FORD""]","[""PARKED"", ""STRAIGHT AHEAD""]","[""F450"", ""RAM 1500 PU""]","[""0"", ""2""]","[""N""]","[""1"", ""2""]","[""DRIVER"", ""PARKED""]","[""UNKNOWN""]","[""2065105"", ""2065110""]","[""SPORT UTILITY VEHICLE (SUV)""]","[""POLICE"", ""UNKNOWN/NA""]","[""2020"", ""2023""]",[],[],[],[],[],[],[],[],"[""Y""]",[],"[""1""]",[],[],[],[],[],['24'],"[""DEPLOYMENT UNKNOWN"", ""NOT APPLICABLE""]","[""TEST NOT OFFERED""]","[""CHICAGO""]","[""2025-10-08T19:43:00.000""]","[""IMPROPER PASSING""]","[""UNKNOWN""]","[""D""]","[""IL""]","[""NONE""]",[],"[""O2166394"", ""P478020""]","[""DRIVER"", ""PASSENGER""]","[""UNKNOWN""]","[""USAGE UNKNOWN""]","[""M""]","[""IL""]","[""2065105""]","[""60616""]",[],"[""3""]",[],[],[],[],2025,10,19,8,False,evening,41.87,-87.63,41.87_-87.63,24.0,24,24,OTHER,0
STRAIGHT AND LEVEL,1922,2025-10-08 19:40:00,4,19,10,68F43EF5E9BDC904CE1DCEFE40DAFBEADD260F86DACF4F1C24DE5871A7162B9B16D3CC492A76BE4B1D6DB0081AAE1B2F22EB079688226B2AAC3502FD50817A12,INJURY AND / OR TOW DUE TO CRASH,"OVER $1,500",FUNCTIONING PROPERLY,PEDALCYCLIST,41.9397720299,DAYLIGHT,-87.6712142215,2,30,FAILING TO YIELD RIGHT-OF-WAY,NO DEFECTS,DRY,"VISION OBSCURED (SIGNS, TREE LIMBS, BUILDINGS, ETC.)",W,1700,TRAFFIC SIGNAL,DIVIDED - W/MEDIAN (NOT RAISED),CLEAR,0.0,0.0,1.0,0.0,0.0,1.0,2,1,[],[],[],"[""2025-10-08T19:40:00.000""]","[""2168028"", ""2168029""]","[""FRONT""]","[""IL""]","[""SUBARU""]","[""TURNING LEFT""]","[""FORESTER""]","[""1""]","[""E""]","[""1"", ""2""]","[""BICYCLE"", ""DRIVER""]","[""UNKNOWN""]","[""2066657""]","[""SPORT UTILITY VEHICLE (SUV)""]","[""PERSONAL""]","[""2019""]",[],[],[],[],[],[],"[""Y""]",[],[],[],[],[],[],[],[],[],['28'],"[""NOT APPLICABLE""]","[""TEST NOT OFFERED""]","[""CHICAGO""]","[""2025-10-08T19:40:00.000""]","[""FAILED TO YIELD"", ""NONE""]","[""UNKNOWN""]",[],[],"[""NONE""]","[""ILLINOIS MASONIC HOSPITAL""]","[""O2168028"", ""O2168029""]","[""BICYCLE"", ""DRIVER""]","[""NORMAL"", ""UNKNOWN""]","[""HELMET NOT USED"", ""USAGE UNKNOWN""]","[""M""]","[""IL""]","[""2066657""]","[""60657""]",[],[],"[""WITH TRAFFIC""]","[""BIKE LANE""]","[""NO CONTRASTING CLOTHING""]",[],2025,10,19,8,False,evening,41.94,-87.67,41.94_-87.67,28.0,28,28,FAILURE-TO-YIELD,1
STRAIGHT AND LEVEL,1012,2025-10-08 19:35:00,4,19,10,B6377C60E6E6B8A6589FF50AB9178EF4B047712039EE0AC1C1D02970036ED07C497023CAC05590B92B728F87DEE8E9119B902D4EB816DF77182E7FF7C9118CB3,INJURY AND / OR TOW DUE TO CRASH,"OVER $1,500",FUNCTIONING PROPERLY,TURNING,41.8515091963,"DARKNESS, LIGHTED ROAD",-87.734559326,2,30,FAILING TO YIELD RIGHT-OF-WAY,NO DEFECTS,DRY,NOT APPLICABLE,W,4400,TRAFFIC SIGNAL,FOUR WAY,CLEAR,0.0,1.0,0.0,0.0,0.0,1.0,1,0,"[""Y""]","[""Y""]","[""Y""]","[""2025-10-08T19:35:00.000""]","[""2166396"", ""2166397""]","[""FRONT"", ""REAR-RIGHT-CORNER""]","[""IL""]","[""LEXUS"", ""UNKNOWN""]","[""STRAIGHT AHEAD"", ""TURNING LEFT""]","[""OTHER (EXPLAIN IN NARRATIVE)"", ""RX""]","[""1""]","[""E"", ""SW""]","[""1"", ""2""]","[""DRIVER""]","[""NONE"", ""UNKNOWN""]","[""2065100"", ""2065103""]","[""PASSENGER"", ""UNKNOWN/NA""]","[""PERSONAL"", ""UNKNOWN/NA""]","[""2020""]","[""Y""]","[""Y""]","[""Y""]","[""PRIVATE TOW""]","[""Y""]",[],[],[],"[""Y""]",[],[],[],[],"[""Y""]",[],[],[],"[""DEPLOYED, COMBINATION"", ""DEPLOYMENT UNKNOWN""]","[""TEST NOT OFFERED""]","[""SPRING VALLEY""]","[""2025-10-08T19:35:00.000""]","[""FAILED TO YIELD"", ""NONE""]","[""NOT OBSCURED"", ""UNKNOWN""]","[""D""]","[""IL"", ""XX""]","[""NONE""]",[],"[""O2166396"", ""O2166397""]","[""DRIVER""]","[""UNKNOWN""]","[""SAFETY BELT USED"", ""USAGE UNKNOWN""]","[""F"", ""X""]","[""IL""]","[""2065100"", ""2065103""]","[""61362""]",[],[],[],[],[],[],2025,10,19,8,False,evening,41.85,-87.73,41.85_-87.73,0.0,0,0,FAILURE-TO-YIELD,0
STRAIGHT AND LEVEL,1423,2025-10-08 19:30:00,4,19,10,BE989E354005C42300582B65B1F43A39FC26438482272E1505C8EB5FA75B39D4E0BE846F3663242679E6537AE89C0AD983A35270486EF92EB8A9544FA91A8E02,INJURY AND / OR TOW DUE TO CRASH,"OVER $1,500",NO CONTROLS,SIDESWIPE SAME DIRECTION,41.9031131382,"DARKNESS, LIGHTED ROAD",-87.6883212298,2,20,DRIVING ON WRONG SIDE/WRONG WAY,NO DEFECTS,DRY,FAILING TO YIELD RIGHT-OF-WAY,W,2434,NO CONTROLS,NOT DIVIDED,CLEAR,0.0,1.0,0.0,0.0,0.0,1.0,1,1,"[""Y""]","[""Y""]","[""Y""]","[""2025-10-08T19:30:00.000""]","[""2166401"", ""2166402""]","[""FRONT-LEFT-CORNER"", ""FRONT-RIGHT-CORNER""]","[""IL""]","[""CHEVROLET"", ""UNKNOWN""]","[""PASSING/OVERTAKING"", ""STRAIGHT AHEAD""]","[""ENCLOSED BODY"", ""IMPALA""]","[""1""]","[""E""]","[""1"", ""2""]","[""DRIVER""]","[""NONE""]","[""2065107"", ""2065112""]","[""PASSENGER""]","[""PERSONAL""]","[""2017""]",[],[],"[""Y""]","[""PERSONAL""]","[""Y""]","[""N""]",[],"[""Y""]","[""Y""]",[],[],"[""Y""]",[],[],[],[],['40'],"[""DEPLOYMENT UNKNOWN"", ""NOT APPLICABLE""]","[""TEST NOT OFFERED""]","[""CHICAGO""]","[""2025-10-08T19:30:00.000""]","[""NONE"", ""WRONG WAY/SIDE""]","[""NOT OBSCURED"", ""UNKNOWN""]","[""D""]","[""IL""]","[""NONE""]",[],"[""O2166401"", ""O2166402""]","[""DRIVER""]","[""NORMAL"", ""UNKNOWN""]","[""SAFETY BELT USED"", ""USAGE UNKNOWN""]","[""M"", ""X""]","[""IL""]","[""2065107"", ""2065112""]","[""60622""]",[],[],[],[],[],[],2025,10,19,8,False,evening,41.9,-87.69,41.9_-87.69,40.0,40,40,OTHER,0
STRAIGHT AND LEVEL,722,2025-10-08 19:30:00,4,19,10,715F8E4C25EB8A3D806B895D8C8A4147C7E060B99580E06691232A343E5B0D6E12222920452CFD45D1270AF55C10AB898F3357556A09407B8F58BB26F3A0811C,NO INJURY / DRIVE AWAY,"OVER $1,500",FUNCTIONING PROPERLY,REAR END,41.7728176836,"DARKNESS, LIGHTED ROAD",-87.6300244852,2,30,FAILING TO YIELD RIGHT-OF-WAY,UNKNOWN,DRY,UNABLE TO DETERMINE,W,200,TRAFFIC SIGNAL,NOT DIVIDED,CLEAR,0.0,1.0,0.0,0.0,0.0,1.0,1,2,[],[],[],"[""2025-10-08T19:30:00.000""]","[""2172941"", ""2172942""]","[""FRONT"", ""REAR""]","[""IL""]","[""CHEVROLET"", ""UNKNOWN""]","[""SLOW/STOP IN TRAFFIC"", ""STRAIGHT AHEAD""]","[""EQUINOX"", ""OTHER (EXPLAIN IN NARRATIVE)""]","[""1"", ""2""]","[""W""]","[""1"", ""2""]","[""DRIVER""]","[""NONE"", ""UNKNOWN""]","[""2071320"", ""2071321""]","[""SPORT UTILITY VEHICLE (SUV)""]","[""PERSONAL"", ""UNKNOWN/NA""]","[""2024""]",[],[],[],[],[],[],"[""Y""]",[],[],[],"[""1""]",[],[],[],"[""Y""]",[],"['0', '24']","[""DEPLOYMENT UNKNOWN"", ""DID NOT DEPLOY"", ""NOT APPLICABLE""]","[""TEST NOT OFFERED""]","[""CHICAGO"", ""CHICAGO HEIGHTS""]","[""2025-10-08T19:30:00.000""]","[""FAILED TO YIELD"", ""NONE""]","[""NOT OBSCURED"", ""UNKNOWN""]","[""D""]","[""IL""]","[""NONE""]",[],"[""O2172941"", ""O2172942"", ""P479413""]","[""DRIVER"", ""PASSENGER""]","[""NORMAL"", ""UNKNOWN""]","[""SAFETY BELT USED"", ""USAGE UNKNOWN""]","[""F"", ""M""]","[""IL""]","[""2071320"", ""2071321""]","[""60411"", ""60639""]",[],"[""2""]",[],[],[],[],2025,10,19,8,False,evening,41.77,-87.63,41.77_-87.63,12.0,0,24,FAILURE-TO-YIELD,0
STRAIGHT AND LEVEL,2521,2025-10-08 19:16:00,4,19,10,2A0D1F51648EA3719326A9FFA03AC8306D0D9AE78DDA3A06CF61B1E507F3B67E96006BFDF8FA048BD09FEC85BA3E70651941CA200AD54A466EB8156A594F3BA8,INJURY AND / OR TOW DUE TO CRASH,"OVER $1,500",NO CONTROLS,FIXED OBJECT,41.9354602784,"DARKNESS, LIGHTED ROAD",-87.7515144611,1,30,ROAD CONSTRUCTION/MAINTENANCE,OTHER,DRY,NOT APPLICABLE,N,3011,NO CONTROLS,NOT DIVIDED,CLEAR,0.0,0.0,0.0,0.0,0.0,1.0,1,1,[],[],[],"[""2025-10-08T19:16:00.000""]","[""2166383""]","[""UNDER CARRIAGE""]","[""IL""]","[""GENERAL MOTORS CORPORATION (GMC)""]","[""STRAIGHT AHEAD""]","[""ACADIA""]","[""1""]","[""N""]","[""1""]","[""DRIVER""]","[""UNKNOWN""]","[""2065090""]","[""UNKNOWN/NA""]","[""UNKNOWN/NA""]","[""2016""]",[],[],[],"[""private tow""]","[""Y""]",[],[],[],[],[],[],[],[],[],[],"[""unknown""]",['44'],"[""DEPLOYED, COMBINATION""]","[""TEST NOT OFFERED""]","[""CHICAGO""]","[""2025-10-08T19:16:00.000""]","[""NONE""]","[""UNKNOWN""]","[""D""]","[""IL""]","[""NONE""]",[],"[""O2166383""]","[""DRIVER""]","[""NORMAL""]","[""USAGE UNKNOWN""]","[""F""]","[""IL""]","[""2065090""]","[""60641""]",[],[],[],[],[],[],2025,10,19,8,False,evening,41.94,-87.75,41.94_-87.75,44.0,44,44,OTHER,0
STRAIGHT AND LEVEL,833,2025-10-08 19:00:00,4,19,10,E10C57D691CBCE0F100A55C922B7E798D85AA5C26340177C8B7F8680FFED772DF938D77A664E719CF627C0DE98680B93CD197B9B7B3D92C556A984DE97EC48F4,NO INJURY / DRIVE AWAY,"OVER $1,500",NO CONTROLS,PARKED MOTOR VEHICLE,41.7546601244,UNKNOWN,-87.7413847586,2,10,UNABLE TO DETERMINE,UNKNOWN,UNKNOWN,NOT APPLICABLE,S,7601,NO CONTROLS,OTHER,CLEAR,0.0,1.0,0.0,0.0,0.0,1.0,2,0,"[""Y""]","[""Y""]","[""Y""]","[""2025-10-08T19:00:00.000""]","[""2166586"", ""2166587""]","[""FRONT-RIGHT-CORNER"", ""REAR-LEFT-CORNER""]","[""IL""]","[""DODGE"", ""NISSAN""]","[""PARKED"", ""UNKNOWN/NA""]","[""GRAND CARAVAN"", ""ROGUE""]","[""0"", ""1""]","[""UNKNOWN""]","[""1"", ""2""]","[""DRIVER"", ""PARKED""]","[""NONE"", ""UNKNOWN""]","[""2065280"", ""2065286""]","[""SPORT UTILITY VEHICLE (SUV)"", ""VAN/MINI-VAN""]","[""UNKNOWN/NA""]","[""2010"", ""2013""]",[],[],[],[],[],"[""Y""]",[],[],[],[],[],"[""Y""]",[],[],"[""Y""]",[],[],"[""DEPLOYMENT UNKNOWN""]","[""TEST NOT OFFERED""]",[],"[""2025-10-08T19:00:00.000""]","[""UNKNOWN""]","[""UNKNOWN""]",[],[],"[""NONE""]",[],"[""O2166586""]","[""DRIVER""]","[""UNKNOWN""]","[""USAGE UNKNOWN""]","[""M""]",[],"[""2065280""]",[],[],[],[],[],[],[],2025,10,19,8,False,evening,41.75,-87.74,41.75_-87.74,0.0,0,0,OTHER,0