alignment,beat_of_occurrence,crash_date,crash_day_of_week,crash_hour,crash_month,crash_record_id,crash_type,damage,device_condition,first_crash_type,latitude,lighting_condition,longitude,num_units,posted_speed_limit,prim_contributory_cause,road_defect,roadway_surface_cond,sec_contributory_cause,street_direction,street_no,traffic_control_device,trafficway_type,weather_condition,private_property_i,hit_and_run_i,intersection_related_i,crash_date_est_i,work_zone_i,workers_present_i,veh_count,ppl_count,veh_area_01_i_list_json,veh_area_02_i_list_json,veh_area_12_i_list_json,veh_crash_date_list_json,veh_crash_unit_id_list_json,veh_first_contact_point_list_json,veh_lic_plate_state_list_json,veh_make_list_json,veh_maneuver_list_json,veh_model_list_json,veh_occupant_cnt_list_json,veh_travel_direction_list_json,veh_unit_no_list_json,veh_unit_type_list_json,veh_vehicle_defect_list_json,veh_vehicle_id_list_json,veh_vehicle_type_list_json,veh_vehicle_use_list_json,veh_vehicle_year_list_json,veh_area_03_i_list_json,veh_area_04_i_list_json,veh_area_11_i_list_json,veh_towed_by_list_json,veh_towed_i_list_json,veh_area_07_i_list_json,veh_area_99_i_list_json,veh_area_09_i_list_json,veh_area_10_i_list_json,veh_cmrc_veh_i_list_json,veh_num_passengers_list_json,veh_area_08_i_list_json,veh_area_00_i_list_json,veh_area_05_i_list_json,veh_area_06_i_list_json,veh_towed_to_list_json,ppl_age_list_json,ppl_airbag_deployed_list_json,ppl_bac_result_list_json,ppl_city_list_json,ppl_crash_date_list_json,ppl_driver_action_list_json,ppl_driver_vision_list_json,ppl_drivers_license_class_list_json,ppl_drivers_license_state_list_json,ppl_ejection_list_json,ppl_hospital_list_json,ppl_person_id_list_json,ppl_person_type_list_json,ppl_physical_condition_list_json,ppl_safety_equipment_list_json,ppl_sex_list_json,ppl_state_list_json,ppl_vehicle_id_list_json,ppl_zipcode_list_json,ppl_ems_agency_list_json,ppl_seat_no_list_json,ppl_pedpedal_action_list_json,ppl_pedpedal_location_list_json,ppl_pedpedal_visibility_list_json,ppl_ems_run_no_list_json,year,month,hour,day,is_weekend,hour_bin,lat_bin,lng_bin,grid_id,ppl_age_mean,ppl_age_min,ppl_age_max,prim_contributory_cause_group,ksi_flag
STRAIGHT AND LEVEL,1411,2025-10-08 18:52:00,4,18,10,14D36DFA02C5D584FF4D2B064ADC4EB8D66C30B62FA34140CB8C0C12BA9273E4C3E3AF0DB4C218A0A61F43F5BD7D730306D93BBCB6AE52F8378BC56D37EAEA6A,NO INJURY / DRIVE AWAY,"$501 - $1,500",FUNCTIONING PROPERLY,REAR END,41.9310072588,"DARKNESS, LIGHTED ROAD",-87.6880103332,2,35,FAILING TO REDUCE SPEED TO AVOID CRASH,NO DEFECTS,DRY,NOT APPLICABLE,N,2720,TRAFFIC SIGNAL,DIVIDED - W/MEDIAN (NOT RAISED),CLEAR,0.0,0.0,0.0,0.0,0.0,1.0,1,2,[],[],[],"[""2025-10-08T18:52:00.000""]","[""2166403"", ""2166404""]","[""FRONT"", ""REAR-RIGHT-CORNER""]","[""IL"", ""IN""]","[""CHEVROLET"", ""TOYOTA""]","[""STRAIGHT AHEAD""]","[""COROLLA"", ""OTHER (EXPLAIN IN NARRATIVE)""]","[""1""]","[""S""]","[""1"", ""2""]","[""DRIVER""]","[""NONE"", ""UNKNOWN""]","[""2065108"", ""2065113""]","[""PASSENGER""]","[""PERSONAL""]","[""2012"", ""2021""]",[],[],[],[],[],[],[],[],[],[],[],[],[],"[""Y""]",[],[],"['16', '36']","[""NOT APPLICABLE""]","[""TEST NOT OFFERED""]","[""CHICAGO""]","[""2025-10-08T18:52:00.000""]","[""FOLLOWED TOO CLOSELY"", ""NONE""]","[""NOT OBSCURED""]",[],"[""IL""]","[""NONE""]",[],"[""O2166403"", ""O2166404""]","[""DRIVER""]","[""NORMAL""]","[""USAGE UNKNOWN""]","[""F"", ""M""]","[""IL""]","[""2065108"", ""2065113""]","[""60639"", ""60647""]",[],[],[],[],[],[],2025,10,18,8,False,afternoon,41.93,-87.69,41.93_-87.69,26.0,16,36,SPEEDING,0
STRAIGHT AND LEVEL,431,2025-10-08 18:44:00,4,18,10,C895F8802FAFB888C959E6C8848DF028D449C1B71ED8B2D5E035AF6BD37FABEA27B7C016DCDF152070A699AD173ECB8E621BEAD74289FD94BC9022E28FC3F7E0,INJURY AND / OR TOW DUE TO CRASH,"OVER $1,500",NO CONTROLS,ANGLE,41.7226027789,DARKNESS,-87.5608678863,3,30,DISREGARDING TRAFFIC SIGNALS,NO DEFECTS,DRY,FAILING TO YIELD RIGHT-OF-WAY,S,9500,TRAFFIC SIGNAL,FOUR WAY,CLEAR,0.0,1.0,0.0,0.0,0.0,1.0,1,3,"[""Y""]",[],"[""Y""]","[""2025-10-08T18:44:00.000""]","[""2166377"", ""2166378"", ""2166379""]","[""FRONT"", ""SIDE-LEFT""]","[""IL""]","[""FORD"", ""HONDA"", ""NISSAN""]","[""STRAIGHT AHEAD""]","[""ACCORD"", ""CUSTOM"", ""SENTRA""]","[""2""]","[""E"", ""N"", ""S""]","[""1"", ""2"", ""3""]","[""DRIVER""]","[""NONE"", ""UNKNOWN""]","[""2065088"", ""2065095"", ""2065102""]","[""PASSENGER"", ""TRUCK - SINGLE UNIT""]","[""PERSONAL"", ""UNKNOWN/NA""]","[""2004"", ""2013""]",[],[],"[""Y""]",[],[],"[""Y""]",[],"[""Y""]","[""Y""]",[],"[""1""]","[""Y""]",[],[],[],[],"['16', '58', '80']","[""DEPLOYED, SIDE"", ""DID NOT DEPLOY"", ""NOT APPLICABLE""]","[""TEST NOT OFFERED""]","[""CHIACGO"", ""CHICAGO""]","[""2025-10-08T18:44:00.000""]","[""FAILED TO YIELD"", ""NONE""]","[""UNKNOWN""]","[""D""]","[""IL""]","[""NONE"", ""UNKNOWN""]","[""TRINITY""]","[""O2166377"", ""O2166378"", ""O2166379"", ""P478015"", ""P478017"", ""P478018""]","[""DRIVER"", ""PASSENGER""]","[""NORMAL"", ""UNKNOWN""]","[""NONE PRESENT"", ""USAGE UNKNOWN""]","[""F"", ""M""]","[""IL""]","[""2065088"", ""2065095"", ""2065102""]","[""60617""]","[""AMBO 71""]","[""2""]",[],[],[],[],2025,10,18,8,False,afternoon,41.72,-87.56,41.72_-87.56,51.333333333333336,16,80,OTHER,1
STRAIGHT AND LEVEL,1831,2025-10-08 18:40:00,4,18,10,856A4CC308C8FFDC7BCB6F73CDDC210FB189CB54261E2AD014296A3CC9A2378CB3070FCD9F748AD427FD0A8E1C6DBB8BE6DA81D2E0B0BAF0BF0E8689CD39497B,NO INJURY / DRIVE AWAY,"OVER $1,500",NO CONTROLS,SIDESWIPE SAME DIRECTION,41.8940590232,UNKNOWN,-87.6372618803,2,25,NOT APPLICABLE,UNKNOWN,UNKNOWN,NOT APPLICABLE,W,342,NO CONTROLS,NOT DIVIDED,CLEAR,0.0,0.0,0.0,0.0,0.0,1.0,1,1,"[""Y""]","[""Y""]","[""Y""]","[""2025-10-08T18:40:00.000""]","[""2166373"", ""2166374""]","[""FRONT-LEFT-CORNER"", ""FRONT-RIGHT-CORNER""]","[""IL""]","[""HYUNDAI"", ""TESLA""]","[""UNKNOWN/NA""]","[""ELANTRA"", ""MODEL 3""]","[""1""]","[""UNKNOWN""]","[""1"", ""2""]","[""DRIVER""]","[""UNKNOWN""]","[""2065080"", ""2065084""]","[""PASSENGER""]","[""PERSONAL""]","[""2021"", ""2023""]","[""Y""]","[""Y""]","[""Y""]",[],[],[],[],[],"[""Y""]",[],[],[],[],[],[],[],['31'],"[""DEPLOYMENT UNKNOWN"", ""NOT APPLICABLE""]","[""TEST NOT OFFERED""]","[""CHICAGO""]","[""2025-10-08T18:40:00.000""]","[""UNKNOWN""]","[""UNKNOWN""]",[],"[""IL""]","[""NONE""]",[],"[""O2166373"", ""O2166374""]","[""DRIVER""]","[""NORMAL"", ""UNKNOWN""]","[""USAGE UNKNOWN""]","[""M""]","[""IL""]","[""2065080"", ""2065084""]","[""60618""]",[],[],[],[],[],[],2025,10,18,8,False,afternoon,41.89,-87.64,41.89_-87.64,31.0,31,31,OTHER,0
STRAIGHT AND LEVEL,922,2025-10-08 18:38:00,4,18,10,88BA44422396D3E0FD87651962C50DFD815CBE7F5291EA906CE8BC7AEF33127BB23A8CC1977D1E9662197AF042D05192435E52F570861456E5B45398F19CE572,NO INJURY / DRIVE AWAY,$500 OR LESS,NO CONTROLS,PARKED MOTOR VEHICLE,41.8082839007,"DARKNESS, LIGHTED ROAD",-87.6871950302,2,25,FAILING TO YIELD RIGHT-OF-WAY,NO DEFECTS,DRY,NOT APPLICABLE,W,2507,NO CONTROLS,NOT DIVIDED,CLEAR,0.0,1.0,0.0,0.0,0.0,1.0,2,0,[],[],[],"[""2025-10-08T18:38:00.000""]","[""2166369"", ""2166370""]","[""UNKNOWN""]","[""IL""]","[""CHEVROLET"", ""UNKNOWN""]","[""PARKED"", ""UNKNOWN/NA""]","[""HHR"", ""MOTORIZED""]","[""0"", ""1""]","[""E"", ""UNKNOWN""]","[""1"", ""2""]","[""DRIVER"", ""PARKED""]","[""NONE"", ""UNKNOWN""]","[""2065075"", ""2065078""]","[""PASSENGER"", ""UNKNOWN/NA""]","[""PERSONAL"", ""UNKNOWN/NA""]","[""2006""]",[],[],"[""Y""]",[],[],"[""Y""]","[""Y""]",[],"[""Y""]",[],[],"[""Y""]",[],[],[],[],[],"[""DEPLOYMENT UNKNOWN""]","[""TEST NOT OFFERED""]",[],"[""2025-10-08T18:38:00.000""]","[""UNKNOWN""]","[""UNKNOWN""]",[],"[""XX""]","[""NONE""]",[],"[""O2166369""]","[""DRIVER""]","[""UNKNOWN""]","[""USAGE UNKNOWN""]","[""X""]",[],"[""2065075""]",[],[],[],[],[],[],[],2025,10,18,8,False,afternoon,41.81,-87.69,41.81_-87.69,0.0,0,0,FAILURE-TO-YIELD,0
STRAIGHT AND LEVEL,1531,2025-10-08 18:32:00,4,18,10,9176F525307F8F370F70704D4F3AC1F0225D4A08566A5F9CFF9395A75A7E65946183342B299379B7C634AF7D9E98D99639397E70350CE646535BB9D474663B96,NO INJURY / DRIVE AWAY,"OVER $1,500",NO CONTROLS,FIXED OBJECT,41.8969184467,DARKNESS,-87.7491835884,2,15,UNABLE TO DETERMINE,WORN SURFACE,DRY,UNABLE TO DETERMINE,W,4920,NO CONTROLS,ALLEY,CLEAR,1.0,1.0,0.0,0.0,0.0,1.0,2,1,"[""Y""]","[""Y""]","[""Y""]","[""2025-10-08T18:32:00.000""]","[""2166384"", ""2166385""]","[""FRONT-RIGHT-CORNER"", ""SIDE-LEFT""]","[""IL""]","[""MERCURY"", ""NISSAN""]","[""PARKED"", ""STRAIGHT AHEAD""]","[""MOUNTAINEER"", ""PATHFINDER""]","[""0"", ""1""]","[""N""]","[""1"", ""2""]","[""DRIVER"", ""PARKED""]","[""NONE"", ""UNKNOWN""]","[""2065092"", ""2065093""]","[""PASSENGER""]","[""PERSONAL""]","[""2006"", ""2023""]",[],"[""Y""]","[""Y""]",[],[],"[""Y""]",[],"[""Y""]","[""Y""]",[],[],[],[],"[""Y""]","[""Y""]",[],['11'],"[""NOT APPLICABLE""]","[""TEST NOT OFFERED""]","[""CHICAGO""]","[""2025-10-08T18:32:00.000""]","[""UNKNOWN""]","[""UNKNOWN""]",[],[],"[""NONE""]",[],"[""O2166384""]","[""DRIVER""]","[""UNKNOWN""]","[""USAGE UNKNOWN""]","[""M""]","[""IL""]","[""2065092""]","[""60651""]",[],[],[],[],[],[],2025,10,18,8,False,afternoon,41.9,-87.75,41.9_-87.75,11.0,11,11,OTHER,0
STRAIGHT AND LEVEL,821,2025-10-08 18:25:00,4,18,10,F555A18F932D447143F68484E74467A558E57FF6205085252804C75661141E758CBF5659B841DA753211D39DAFF35A9D363DF5876E6516938300BC0D54B9F477,NO INJURY / DRIVE AWAY,"OVER $1,500",FUNCTIONING PROPERLY,REAR END,41.8080130052,DAYLIGHT,-87.7143796234,2,30,FOLLOWING TOO CLOSELY,NO DEFECTS,DRY,NOT APPLICABLE,S,4704,TRAFFIC SIGNAL,NOT DIVIDED,CLEAR,0.0,0.0,0.0,0.0,0.0,1.0,1,2,"[""Y""]",[],"[""Y""]","[""2025-10-08T18:25:00.000""]","[""2166381"", ""2166382""]","[""FRONT"", ""REAR""]","[""IL""]","[""AUDI"", ""HONDA""]","[""STRAIGHT AHEAD"", ""UNKNOWN/NA""]","[""A7"", ""RIDGELINE""]","[""1"", ""2""]","[""W""]","[""1"", ""2""]","[""DRIVER""]","[""NONE"", ""UNKNOWN""]","[""2065087"", ""2065089""]","[""PASSENGER"", ""PICKUP""]","[""PERSONAL"", ""UNKNOWN/NA""]","[""2007"", ""2013""]",[],[],"[""Y""]",[],[],"[""Y""]",[],[],[],[],"[""1""]",[],[],"[""Y""]","[""Y""]",[],"['31', '55']","[""DEPLOYMENT UNKNOWN"", ""DID NOT DEPLOY""]","[""TEST NOT OFFERED""]","[""CHICAGO""]","[""2025-10-08T18:25:00.000""]","[""NONE"", ""UNKNOWN""]","[""NOT OBSCURED"", ""UNKNOWN""]","[""A"", ""D""]","[""IL""]","[""NONE""]",[],"[""O2166381"", ""O2166382"", ""P478012""]","[""DRIVER"", ""PASSENGER""]","[""NORMAL"", ""UNKNOWN""]","[""SAFETY BELT USED"", ""USAGE UNKNOWN""]","[""M""]","[""IL""]","[""2065087"", ""2065089""]","[""60629"", ""60632""]",[],"[""5""]",[],[],[],[],2025,10,18,8,False,afternoon,41.81,-87.71,41.81_-87.71,43.0,31,55,FOLLOWING TOO CLOSELY,0
STRAIGHT AND LEVEL,1224,2025-10-08 18:06:00,4,18,10,B9FE5137C9FEEDBCB5063D86B959ED9E20B93CC096C34C2C68843E6E4B62CFFF5EFB93C66897D748050F4D4CE4212A0CAB31CFDC72A9BE634E6473D352D433B4,NO INJURY / DRIVE AWAY,"OVER $1,500",NO CONTROLS,SIDESWIPE SAME DIRECTION,41.8815457932,DAYLIGHT,-87.6682267256,2,30,FOLLOWING TOO CLOSELY,NO DEFECTS,DRY,FOLLOWING TOO CLOSELY,W,1638,NO CONTROLS,NOT DIVIDED,CLEAR,0.0,1.0,0.0,0.0,0.0,1.0,1,1,[],[],[],"[""2025-10-08T18:06:00.000""]","[""2166388"", ""2166389""]","[""SIDE-LEFT-FRONT"", ""UNKNOWN""]","[""IL""]","[""NOVA BUS"", ""UNKNOWN""]","[""STRAIGHT AHEAD""]","[""LFS"", ""MOTORIZED""]","[""1""]","[""W""]","[""1"", ""2""]","[""DRIVER""]","[""NONE"", ""UNKNOWN""]","[""2065094"", ""2065097""]","[""BUS OVER 15 PASS."", ""TRUCK - SINGLE UNIT""]","[""CTA"", ""UNKNOWN/NA""]","[""2022""]",[],[],"[""Y""]",[],[],[],[],[],[],[],[],[],[],[],[],[],['54'],"[""DEPLOYMENT UNKNOWN"", ""NOT APPLICABLE""]","[""TEST NOT OFFERED""]","[""CHICAGO""]","[""2025-10-08T18:06:00.000""]","[""FOLLOWED TOO CLOSELY"", ""NONE""]","[""NOT OBSCURED"", ""UNKNOWN""]","[""B""]","[""IL""]","[""NONE""]",[],"[""O2166388"", ""O2166389""]","[""DRIVER""]","[""NORMAL"", ""UNKNOWN""]","[""USAGE UNKNOWN""]","[""M"", ""X""]","[""IL""]","[""2065094"", ""2065097""]","[""60644""]",[],[],[],[],[],[],2025,10,18,8,False,afternoon,41.88,-87.67,41.88_-87.67,54.0,54,54,FOLLOWING TOO CLOSELY,0
STRAIGHT AND LEVEL,1621,2025-10-08 18:00:00,4,18,10,460807EA71D0A4A947C702FE4DA39636133D0E80819207391BE7ACB9DDF58FB63CA72CEFA03429E577326E15EB81C25DB60BEBEB24CE752229B15FD66ACE7F62,NO INJURY / DRIVE AWAY,"OVER $1,500",NO CONTROLS,SIDESWIPE SAME DIRECTION,41.9900080073,DAYLIGHT,-87.7483769512,2,30,UNABLE TO DETERMINE,UNKNOWN,UNKNOWN,UNABLE TO DETERMINE,W,4800,RR CROSSING SIGN,NOT DIVIDED,CLEAR,0.0,1.0,0.0,0.0,0.0,1.0,1,1,[],"[""Y""]",[],"[""2025-10-08T18:00:00.000""]","[""2166340"", ""2166341""]","[""SIDE-LEFT"", ""SIDE-RIGHT-FRONT""]","[""IL""]","[""ACURA"", ""GENERAL MOTORS CORPORATION (GMC)""]","[""STRAIGHT AHEAD""]","[""OTHER (EXPLAIN IN NARRATIVE)"", ""RLX""]","[""1""]","[""W""]","[""1"", ""2""]","[""DRIVER""]","[""UNKNOWN""]","[""2065043"", ""2065050""]","[""SPORT UTILITY VEHICLE (SUV)""]","[""OTHER"", ""UNKNOWN/NA""]","[""2020"", ""2021""]",[],[],[],[],[],[],"[""Y""]",[],[],[],[],[],[],[],[],[],['67'],"[""DEPLOYMENT UNKNOWN"", ""NOT APPLICABLE""]","[""TEST NOT OFFERED""]","[""ALGONQUIN""]","[""2025-10-08T18:00:00.000""]","[""UNKNOWN""]","[""UNKNOWN""]","[""D""]","[""IL""]","[""NONE""]",[],"[""O2166340"", ""O2166341""]","[""DRIVER""]","[""NORMAL"", ""UNKNOWN""]","[""USAGE UNKNOWN""]","[""M""]","[""IL""]","[""2065043"", ""2065050""]","[""60102""]",[],[],[],[],[],[],2025,10,18,8,False,afternoon,41.99,-87.75,41.99_-87.75,67.0,67,67,OTHER,0
STRAIGHT AND LEVEL,1125,2025-10-08 17:56:00,4,17,10,FFA9E6234452940ADA94657ACE34A0F330E72229C000AC01275DBD1E855EC3602562D059C93CFC66F2C2884CD0BBAF48907EAD66A7140710E64936B865B00617,INJURY AND / OR TOW DUE TO CRASH,$500 OR LESS,NO CONTROLS,SIDESWIPE SAME DIRECTION,41.8761821376,DAYLIGHT,-87.6867998872,2,30,UNABLE TO DETERMINE,NO DEFECTS,DRY,NOT APPLICABLE,W,2412,NO CONTROLS,NOT DIVIDED,CLEAR,0.0,1.0,0.0,0.0,0.0,1.0,1,2,[],"[""Y""]",[],"[""2025-10-08T17:56:00.000""]","[""2166371"", ""2166372""]","[""SIDE-LEFT"", ""SIDE-RIGHT""]","[""IL""]","[""MAZDA"", ""TOYOTA""]","[""STRAIGHT AHEAD""]","[""CX-5"", ""PRIUS""]","[""1"", ""2""]","[""W""]","[""1"", ""2""]","[""DRIVER""]","[""NONE""]","[""2065079"", ""2065081""]","[""PASSENGER""]","[""PERSONAL""]","[""2004"", ""2019""]","[""Y""]",[],[],[],[],[],"[""Y""]",[],"[""N""]",[],"[""1""]",[],[],[],[],[],"['14', '32']","[""DEPLOYMENT UNKNOWN"", ""DID NOT DEPLOY""]","[""TEST NOT OFFERED""]","[""CHICAGO""]","[""2025-10-08T17:56:00.000""]","[""NONE"", ""UNKNOWN""]","[""NOT OBSCURED"", ""UNKNOWN""]","[""D""]","[""IL""]","[""NONE""]",[],"[""O2166371"", ""O2166372"", ""P478010""]","[""DRIVER"", ""PASSENGER""]","[""NORMAL"", ""UNKNOWN""]","[""USAGE UNKNOWN""]","[""F"", ""M""]","[""IL""]","[""2065079"", ""2065081""]","[""60624""]",[],"[""3""]",[],[],[],[],2025,10,17,8,False,afternoon,41.88,-87.69,41.88_-87.69,23.0,14,32,OTHER,1
STRAIGHT AND LEVEL,1411,2025-10-08 17:52:00,4,17,10,734B55153950F842939DEA154503436C30539689E06D5F13BAEBCA715DF19B94F9EF7D52527A83EC9E2019E35F051570706238C4E80D6CE26A30725BCEAC99D7,INJURY AND / OR TOW DUE TO CRASH,"OVER $1,500",NO CONTROLS,FIXED OBJECT,41.9370741822,DAYLIGHT,-87.7028106844,1,30,NOT APPLICABLE,UNKNOWN,DRY,NOT APPLICABLE,N,3050,NO CONTROLS,NOT DIVIDED,CLEAR,0.0,0.0,0.0,0.0,0.0,1.0,1,1,[],[],"[""Y""]","[""2025-10-08T17:52:00.000""]","[""2166380""]","[""TOP""]","[""IL""]","[""NAVISTAR""]","[""STRAIGHT AHEAD""]","[""NAVISTAR""]","[""1""]","[""S""]","[""1""]","[""DRIVER""]","[""UNKNOWN""]","[""2065091""]","[""TRACTOR W/ SEMI-TRAILER""]","[""UNKNOWN/NA""]","[""2020""]",[],[],[],"[""AMERICAN EAGLE""]","[""Y""]",[],[],[],[],[],[],[],[],[],"[""Y""]","[""UNK""]",['39'],"[""DID NOT DEPLOY""]","[""TEST NOT OFFERED""]","[""SAN ANGELO""]","[""2025-10-08T17:52:00.000""]","[""OTHER""]","[""UNKNOWN""]","[""A""]","[""TX""]","[""NONE""]",[],"[""O2166380""]","[""DRIVER""]","[""NORMAL""]","[""USAGE UNKNOWN""]","[""M""]","[""TX""]","[""2065091""]","[""76901""]",[],[],[],[],[],[],2025,10,17,8,False,afternoon,41.94,-87.7,41.94_-87.7,39.0,39,39,OTHER,0
STRAIGHT AND LEVEL,2024,2025-10-08 17:50:00,4,17,10,CE933E86A4145E1DB8FBFCF7A2023F7CC097F2F978DC6949AAFEB2699964CBA01FD51743CE302311298121147E7E83E8CF38A87AE0C92F20634E7F86CB8A04F4,NO INJURY / DRIVE AWAY,"OVER $1,500",FUNCTIONING PROPERLY,TURNING,41.9691991369,DAYLIGHT,-87.6548945507,2,30,FOLLOWING TOO CLOSELY,UNKNOWN,DRY,NOT APPLICABLE,W,1000,TRAFFIC SIGNAL,FOUR WAY,CLEAR,0.0,0.0,1.0,0.0,0.0,1.0,1,5,[],"[""Y""]",[],"[""2025-10-08T17:50:00.000""]","[""2166361"", ""2166362""]","[""SIDE-LEFT"", ""SIDE-RIGHT""]","[""IL""]","[""FORD""]","[""STRAIGHT AHEAD"", ""TURNING RIGHT""]","[""EXPEDITION"", ""TRANSIT""]","[""2"", ""4""]","[""W""]","[""1"", ""2""]","[""DRIVER""]","[""UNKNOWN""]","[""2065068"", ""2065076""]","[""SPORT UTILITY VEHICLE (SUV)"", ""VAN/MINI-VAN""]","[""AMBULANCE"", ""PERSONAL""]","[""2014"", ""2024""]",[],[],[],[],[],"[""Y""]",[],[],[],[],"[""1"", ""3""]",[],[],[],[],[],"['16', '18', '2', '22', '26']","[""DID NOT DEPLOY"", ""NOT APPLICABLE""]","[""TEST NOT OFFERED""]","[""BOLINGBROOK"", ""CHICAGO"", ""ELBURN""]","[""2025-10-08T17:50:00.000""]","[""FOLLOWED TOO CLOSELY"", ""NONE""]","[""UNKNOWN""]","[""D""]","[""IL""]","[""NONE""]",[],"[""O2166361"", ""O2166362"", ""P477995"", ""P477996"", ""P477999"", ""P478003""]","[""DRIVER"", ""PASSENGER""]","[""NORMAL""]","[""CHILD RESTRAINT - FORWARD FACING"", ""USAGE UNKNOWN""]","[""F"", ""M""]","[""IL""]","[""2065068"", ""2065076""]","[""60119"", ""60659"", ""60660""]",[],"[""3"", ""4"", ""6""]",[],[],[],[],2025,10,17,8,False,afternoon,41.97,-87.65,41.97_-87.65,16.8,2,26,FOLLOWING TOO CLOSELY,0
STRAIGHT AND LEVEL,2413,2025-10-08 17:45:00,4,17,10,4AEDC3C0A23CA118DBA8FB6935218D072344FF33DFDE15393B267C0C8BA94ACD1F555E2842EADDE3EFD0A74310138A1F6941BE6EB6F1771B0F61C3334C1B0B0A,INJURY AND / OR TOW DUE TO CRASH,"$501 - $1,500",NO CONTROLS,SIDESWIPE SAME DIRECTION,41.9969185905,DAYLIGHT,-87.6994684893,2,30,IMPROPER LANE USAGE,NO DEFECTS,DRY,IMPROPER LANE USAGE,N,6339,NO CONTROLS,NOT DIVIDED,CLEAR,0.0,1.0,0.0,0.0,0.0,1.0,1,2,[],[],[],"[""2025-10-08T17:45:00.000""]","[""2166353"", ""2166354""]","[""FRONT-LEFT-CORNER"", ""SIDE-RIGHT""]","[""IL"", ""NY""]","[""FORD"", ""VOLKSWAGEN""]","[""SLOW/STOP IN TRAFFIC"", ""STRAIGHT AHEAD""]","[""F150"", ""JETTA""]","[""1"", ""2""]","[""N""]","[""1"", ""2""]","[""DRIVER""]","[""NONE"", ""UNKNOWN""]","[""2065055"", ""2065062""]","[""PASSENGER"", ""PICKUP""]","[""PERSONAL"", ""UNKNOWN/NA""]","[""2005"", ""2025""]","[""Y""]",[],"[""Y""]",[],[],[],[],[],"[""Y""]",[],"[""1""]",[],[],[],[],[],"['25', '26']","[""DEPLOYMENT UNKNOWN"", ""DID NOT DEPLOY""]","[""TEST NOT OFFERED""]","[""DES PLAINES"", ""URBANA""]","[""2025-10-08T17:45:00.000""]","[""IMPROPER LANE CHANGE"", ""NONE""]","[""NOT OBSCURED"", ""UNKNOWN""]","[""D""]","[""IL""]","[""NONE""]",[],"[""O2166353"", ""O2166354"", ""P477994""]","[""DRIVER"", ""PASSENGER""]","[""NORMAL"", ""UNKNOWN""]","[""SAFETY BELT USED"", ""USAGE UNKNOWN""]","[""M""]","[""IL""]","[""2065055"", ""2065062""]","[""60016"", ""61801""]",[],"[""3""]",[],[],[],[],2025,10,17,8,False,afternoon,42.0,-87.7,42.0_-87.7,25.5,25,26,OTHER,1
STRAIGHT AND LEVEL,1711,2025-10-08 17:45:00,4,17,10,47E5B4C54949D743600613052A6F6ECBC695BAAE6283F913D374105783357FD28A9C01C8594B8CDA5037EF1CA284169AA603D5CAD054834805575E1FD01752F0,NO INJURY / DRIVE AWAY,"$501 - $1,500",FUNCTIONING PROPERLY,REAR END,41.9944500041,DAYLIGHT,-87.7142084392,2,35,DISTRACTION - FROM INSIDE VEHICLE,NO DEFECTS,DRY,UNABLE TO DETERMINE,N,6200,TRAFFIC SIGNAL,DIVIDED - W/MEDIAN (NOT RAISED),CLEAR,0.0,0.0,1.0,0.0,0.0,1.0,1,2,[],[],"[""Y""]","[""2025-10-08T17:45:00.000""]","[""2167627"", ""2167628""]","[""FRONT"", ""REAR""]","[""IL""]","[""HYUNDAI"", ""TOYOTA""]","[""STRAIGHT AHEAD""]","[""CAMRY"", ""SONATA""]","[""1""]","[""S""]","[""1"", ""2""]","[""DRIVER""]","[""NONE""]","[""2066265"", ""2066266""]","[""PASSENGER""]","[""PERSONAL""]","[""2010"", ""2014""]",[],[],[],[],[],[],[],[],[],[],[],[],[],[],"[""Y""]",[],"['24', '26']","[""DID NOT DEPLOY""]","[""TEST NOT OFFERED""]","[""HOMEWOOD"", ""SKOKIE""]","[""2025-10-08T17:45:00.000""]","[""OTHER"", ""UNKNOWN""]","[""NOT OBSCURED"", ""OTHER""]","[""D""]","[""IL""]","[""NONE""]",[],"[""O2167627"", ""O2167628""]","[""DRIVER""]","[""NORMAL"", ""UNKNOWN""]","[""NONE PRESENT"", ""USAGE UNKNOWN""]","[""M""]","[""IL""]","[""2066265"", ""2066266""]","[""60077"", ""60430""]",[],[],[],[],[],[],2025,10,17,8,False,afternoon,41.99,-87.71,41.99_-87.71,25.0,24,26,DISTRACTION/INATTENTION,0
STRAIGHT AND LEVEL,1622,2025-10-08 17:40:00,4,17,10,B3B49030756DF1EA4D6C71CCC72EF87536457CD8F9F8F03B41604409B7A5E555AA849073AD6F35F59ED7270B5682493039705F15CC9AD72AD645B3BA648B9585,NO INJURY / DRIVE AWAY,"$501 - $1,500",NO CONTROLS,SIDESWIPE SAME DIRECTION,41.9603363941,DAYLIGHT,-87.7862387216,2,30,FAILING TO YIELD RIGHT-OF-WAY,NO DEFECTS,DRY,NOT APPLICABLE,W,6346,NO CONTROLS,NOT DIVIDED,CLEAR,0.0,0.0,0.0,0.0,0.0,1.0,1,2,"[""Y""]","[""Y""]",[],"[""2025-10-08T17:40:00.000""]","[""2170012"", ""2170013""]","[""FRONT-RIGHT-CORNER"", ""SIDE-LEFT-FRONT""]","[""IL""]","[""NISSAN"", ""TOYOTA""]","[""CHANGING LANES"", ""STRAIGHT AHEAD""]","[""PRIUS"", ""SENTRA""]","[""1""]","[""W""]","[""1"", ""2""]","[""DRIVER""]","[""UNKNOWN""]","[""2068539"", ""2068541""]","[""PASSENGER""]","[""PERSONAL""]","[""2011"", ""2022""]",[],[],[],[],[],"[""Y""]",[],"[""Y""]","[""Y""]",[],[],"[""Y""]",[],[],[],[],"['35', '51']","[""DID NOT DEPLOY""]","[""TEST NOT OFFERED""]","[""CHICAGO""]","[""2025-10-08T17:40:00.000""]","[""IMPROPER LANE CHANGE"", ""NONE""]","[""NOT OBSCURED""]","[""D""]","[""IL""]","[""NONE""]",[],"[""O2170012"", ""O2170013""]","[""DRIVER""]","[""NORMAL""]","[""SAFETY BELT USED""]","[""F"", ""M""]","[""IL""]","[""2068539"", ""2068541""]","[""60618"", ""60621""]",[],[],[],[],[],[],2025,10,17,8,False,afternoon,41.96,-87.79,41.96_-87.79,43.0,35,51,FAILURE-TO-YIELD,0