alignment,beat_of_occurrence,crash_date,crash_day_of_week,crash_hour,crash_month,crash_record_id,crash_type,damage,device_condition,first_crash_type,latitude,lighting_condition,longitude,num_units,posted_speed_limit,prim_contributory_cause,road_defect,roadway_surface_cond,sec_contributory_cause,street_direction,street_no,traffic_control_device,trafficway_type,weather_condition,private_property_i,hit_and_run_i,intersection_related_i,crash_date_est_i,work_zone_i,workers_present_i,veh_count,ppl_count,veh_area_01_i_list_json,veh_area_02_i_list_json,veh_area_12_i_list_json,veh_crash_date_list_json,veh_crash_unit_id_list_json,veh_first_contact_point_list_json,veh_lic_plate_state_list_json,veh_make_list_json,veh_maneuver_list_json,veh_model_list_json,veh_occupant_cnt_list_json,veh_travel_direction_list_json,veh_unit_no_list_json,veh_unit_type_list_json,veh_vehicle_defect_list_json,veh_vehicle_id_list_json,veh_vehicle_type_list_json,veh_vehicle_use_list_json,veh_vehicle_year_list_json,veh_area_03_i_list_json,veh_area_04_i_list_json,veh_area_11_i_list_json,veh_towed_by_list_json,veh_towed_i_list_json,veh_area_07_i_list_json,veh_area_99_i_list_json,veh_area_09_i_list_json,veh_area_10_i_list_json,veh_cmrc_veh_i_list_json,veh_num_passengers_list_json,veh_area_08_i_list_json,veh_area_00_i_list_json,veh_area_05_i_list_json,veh_area_06_i_list_json,veh_towed_to_list_json,ppl_age_list_json,ppl_airbag_deployed_list_json,ppl_bac_result_list_json,ppl_city_list_json,ppl_crash_date_list_json,ppl_driver_action_list_json,ppl_driver_vision_list_json,ppl_drivers_license_class_list_json,ppl_drivers_license_state_list_json,ppl_ejection_list_json,ppl_hospital_list_json,ppl_person_id_list_json,ppl_person_type_list_json,ppl_physical_condition_list_json,ppl_safety_equipment_list_json,ppl_sex_list_json,ppl_state_list_json,ppl_vehicle_id_list_json,ppl_zipcode_list_json,ppl_ems_agency_list_json,ppl_seat_no_list_json,ppl_pedpedal_action_list_json,ppl_pedpedal_location_list_json,ppl_pedpedal_visibility_list_json,ppl_ems_run_no_list_json,year,month,hour,day,is_weekend,hour_bin,lat_bin,lng_bin,grid_id,ppl_age_mean,ppl_age_min,ppl_age_max,prim_contributory_cause_group,ksi_flag
STRAIGHT AND LEVEL,1831,2025-10-08 17:40:00,4,17,10,6C8FD58206D7A4C9DE904608D7B891F989AB67C1B7BFB7173BB635AE9A7695E1ECF845DA3B52A3CB4AB23BC7D5ABC14F43FD2ED07285BD10F5EA946596EA74AF,NO INJURY / DRIVE AWAY,$500 OR LESS,FUNCTIONING PROPERLY,REAR END,41.8932974365,DAWN,-87.634188275,2,30,FOLLOWING TOO CLOSELY,NO DEFECTS,DRY,FOLLOWING TOO CLOSELY,W,200,TRAFFIC SIGNAL,ONE-WAY,CLEAR,0.0,0.0,0.0,0.0,0.0,1.0,1,4,"[""Y""]",[],"[""Y""]","[""2025-10-08T17:40:00.000""]","[""2166425"", ""2166426""]","[""FRONT"", ""REAR""]","[""IL""]","[""LEXUS"", ""NISSAN""]","[""STRAIGHT AHEAD""]","[""ALTIMA"", ""RX350""]","[""2"", ""4""]","[""W""]","[""1"", ""2""]","[""DRIVER""]","[""NONE""]","[""2065129"", ""2065132""]","[""PASSENGER""]","[""PERSONAL""]","[""2014"", ""2023""]",[],[],"[""Y""]",[],[],[],[],[],[],[],"[""1"", ""3""]",[],[],[],[],[],"['17', '3', '41', '9']","[""NOT APPLICABLE""]","[""TEST NOT OFFERED""]","[""CHICAGO""]","[""2025-10-08T17:40:00.000""]","[""FOLLOWED TOO CLOSELY"", ""NONE""]","[""NOT OBSCURED""]","[""D""]","[""IL"", ""XX""]","[""NONE""]",[],"[""O2166425"", ""O2166426"", ""P478028"", ""P478029"", ""P478030"", ""P478031""]","[""DRIVER"", ""PASSENGER""]","[""NORMAL""]","[""SAFETY BELT USED"", ""USAGE UNKNOWN""]","[""F"", ""M""]","[""IL""]","[""2065129"", ""2065132""]","[""60611"", ""60639""]",[],"[""3"", ""4"", ""6""]",[],[],[],[],2025,10,17,8,False,afternoon,41.89,-87.63,41.89_-87.63,17.5,3,41,FOLLOWING TOO CLOSELY,0
STRAIGHT AND LEVEL,1432,2025-10-08 17:33:00,4,17,10,8D4E9F98204561E393F7C791F54CBC402ABF9534374D6BCD11298C15A59516F8F2A0397DDA02404ED1A682457904820850E903752BEA0A9672A5DCFC7CDA8D7C,INJURY AND / OR TOW DUE TO CRASH,"OVER $1,500",NO CONTROLS,ANGLE,41.9202454905,DUSK,-87.6685729626,2,20,FAILING TO YIELD RIGHT-OF-WAY,UNKNOWN,DRY,NOT APPLICABLE,N,2112,NO CONTROLS,PARKING LOT,CLEAR,0.0,0.0,0.0,0.0,0.0,1.0,1,2,[],[],[],"[""2025-10-08T17:33:00.000""]","[""2166324"", ""2166325""]","[""FRONT-LEFT-CORNER"", ""REAR-LEFT-CORNER""]","[""IL"", ""TX""]","[""MERCEDES-BENZ"", ""TOYOTA""]","[""BACKING"", ""STRAIGHT AHEAD""]","[""300 SERIES"", ""COROLLA""]","[""1""]","[""E"", ""S""]","[""1"", ""2""]","[""DRIVER""]","[""NONE""]","[""2065028"", ""2065036""]","[""PASSENGER""]","[""PERSONAL""]","[""2016""]",[],[],[],[],[],"[""Y""]",[],"[""Y""]",[],[],[],"[""Y""]",[],[],[],[],"['37', '54']","[""DID NOT DEPLOY""]","[""TEST NOT OFFERED""]","[""CHICAGO""]","[""2025-10-08T17:33:00.000""]","[""FAILED TO YIELD"", ""NONE""]","[""NOT OBSCURED""]","[""D""]","[""IL"", ""TX""]","[""UNKNOWN""]",[],"[""O2166324"", ""O2166325""]","[""DRIVER""]","[""NORMAL""]","[""SAFETY BELT USED""]","[""F""]","[""IL""]","[""2065028"", ""2065036""]","[""60647""]",[],[],[],[],[],[],2025,10,17,8,False,afternoon,41.92,-87.67,41.92_-87.67,45.5,37,54,FAILURE-TO-YIELD,1
STRAIGHT AND LEVEL,1621,2025-10-08 17:30:00,4,17,10,D10A2A604440D3A4DCC5E7BC683BAB47BFD06FCCE070702BEF6A7327EA72F34834CC37A0CCB573766E46F62C6D8A592F03177ACB6F755F04942F6D8482FCF5F8,NO INJURY / DRIVE AWAY,"OVER $1,500",NO CONTROLS,REAR END,41.9972639738,UNKNOWN,-87.7668855727,2,30,FOLLOWING TOO CLOSELY,UNKNOWN,UNKNOWN,FOLLOWING TOO CLOSELY,N,6402,NO CONTROLS,DIVIDED - W/MEDIAN (NOT RAISED),CLEAR,0.0,0.0,0.0,0.0,0.0,1.0,1,2,[],[],"[""Y""]","[""2025-10-08T17:30:00.000""]","[""2166635"", ""2166636""]","[""FRONT"", ""REAR""]","[""IL""]","[""TOYOTA""]","[""SLOW/STOP IN TRAFFIC"", ""STRAIGHT AHEAD""]","[""PRIUS"", ""RAV4""]","[""1""]","[""S""]","[""1"", ""2""]","[""DRIVER""]","[""UNKNOWN""]","[""2065333"", ""2065339""]","[""PASSENGER"", ""SPORT UTILITY VEHICLE (SUV)""]","[""PERSONAL""]","[""2010"", ""2025""]",[],[],[],[],[],[],[],[],[],[],[],[],[],[],"[""Y""]",[],"['61', '65']","[""DEPLOYMENT UNKNOWN""]","[""TEST NOT OFFERED""]","[""CHICAGO""]","[""2025-10-08T17:30:00.000""]","[""FOLLOWED TOO CLOSELY"", ""NONE""]","[""UNKNOWN""]","[""D""]","[""IL""]","[""UNKNOWN""]",[],"[""O2166635"", ""O2166636""]","[""DRIVER""]","[""UNKNOWN""]","[""USAGE UNKNOWN""]","[""F"", ""M""]","[""IL""]","[""2065333"", ""2065339""]","[""60640"", ""60645""]",[],[],[],[],[],[],2025,10,17,8,False,afternoon,42.0,-87.77,42.0_-87.77,63.0,61,65,FOLLOWING TOO CLOSELY,0
STRAIGHT AND LEVEL,934,2025-10-08 17:30:00,4,17,10,93938D1E68D9099120B65494C255B9CB1D8E6FE9CA14D111670ECFBD081E6F7EC161E61FD5FCD9F14769DCEA7D10A63C2EAA09066AEB25F7E5BDC71F966B9EBC,INJURY AND / OR TOW DUE TO CRASH,"OVER $1,500",NO CONTROLS,PEDESTRIAN,41.8012358819,DAYLIGHT,-87.6626779773,2,30,FAILING TO REDUCE SPEED TO AVOID CRASH,NO DEFECTS,DRY,NOT APPLICABLE,W,1507,NO CONTROLS,NOT DIVIDED,CLEAR,0.0,0.0,0.0,0.0,0.0,1.0,2,1,"[""Y""]",[],"[""Y""]","[""2025-10-08T17:30:00.000""]","[""2166386"", ""2166387""]","[""FRONT""]","[""IL""]","[""CADILLAC""]","[""STRAIGHT AHEAD""]","[""STS""]","[""1""]","[""E""]","[""1"", ""2""]","[""DRIVER"", ""PEDESTRIAN""]","[""UNKNOWN""]","[""2065101""]","[""PASSENGER""]","[""PERSONAL""]","[""2014""]",[],[],"[""Y""]",[],[],[],[],[],[],[],[],[],[],[],[],[],['9'],"[""DEPLOYMENT UNKNOWN""]","[""TEST NOT OFFERED""]","[""CHICAGO""]","[""2025-10-08T17:30:00.000""]","[""OTHER"", ""UNKNOWN""]","[""UNKNOWN""]",[],[],"[""NONE""]","[""COMER'S CHILDREN'S HOSPITAL""]","[""O2166386"", ""O2166387""]","[""DRIVER"", ""PEDESTRIAN""]","[""NORMAL"", ""UNKNOWN""]","[""NONE PRESENT"", ""USAGE UNKNOWN""]","[""M""]","[""IL""]","[""2065101""]","[""60609""]",[],[],"[""CROSSING - NO CONTROLS (NOT AT INTERSECTION)""]","[""IN ROADWAY""]","[""NO CONTRASTING CLOTHING""]",[],2025,10,17,8,False,afternoon,41.8,-87.66,41.8_-87.66,9.0,9,9,SPEEDING,1
STRAIGHT AND LEVEL,1214,2025-10-08 17:25:00,4,17,10,1EC3B7582BBE66EA95E1A67E4424774470F022DCC875CA8286C76776A9A2ABB2E93AF36DCCF90A63C6FBFE8B5266B9E87B40C884B069C9E838397BD1765B5F87,NO INJURY / DRIVE AWAY,"OVER $1,500",NO CONTROLS,ANGLE,41.8859449576,DAYLIGHT,-87.6534617826,2,30,FAILING TO YIELD RIGHT-OF-WAY,NO DEFECTS,DRY,UNABLE TO DETERMINE,N,210,NO CONTROLS,UNKNOWN,CLEAR,0.0,0.0,0.0,0.0,0.0,1.0,1,3,"[""Y""]","[""Y""]","[""Y""]","[""2025-10-08T17:25:00.000""]","[""2166319"", ""2166320""]","[""FRONT-LEFT-CORNER"", ""SIDE-RIGHT""]","[""IL""]","[""FORD"", ""JEEP""]","[""ENTERING TRAFFIC LANE FROM PARKING"", ""STRAIGHT AHEAD""]","[""EXPEDITION"", ""WRANGLER""]","[""1"", ""2""]","[""UNKNOWN""]","[""1"", ""2""]","[""DRIVER""]","[""UNKNOWN""]","[""2065023"", ""2065048""]","[""SPORT UTILITY VEHICLE (SUV)""]","[""PERSONAL"", ""UNKNOWN/NA""]","[""2021"", ""2024""]","[""Y""]","[""Y""]","[""Y""]",[],[],[],[],[],[],[],"[""1""]",[],[],"[""Y""]",[],[],"['42', '46', '50']","[""NOT APPLICABLE""]","[""TEST NOT OFFERED""]","[""CHICAGO"", ""FOREST PARK""]","[""2025-10-08T17:25:00.000""]","[""FAILED TO YIELD"", ""NONE""]","[""UNKNOWN""]","[""A"", ""D""]","[""IL""]","[""NONE""]",[],"[""O2166319"", ""O2166320"", ""P477991""]","[""DRIVER"", ""PASSENGER""]","[""NORMAL""]","[""USAGE UNKNOWN""]","[""F"", ""M""]","[""IL""]","[""2065023"", ""2065048""]","[""60130"", ""60646""]",[],"[""2""]",[],[],[],[],2025,10,17,8,False,afternoon,41.89,-87.65,41.89_-87.65,46.0,42,50,FAILURE-TO-YIELD,0
STRAIGHT AND LEVEL,2212,2025-10-08 17:20:00,4,17,10,DAD9A113685BA4669631118DEB5459F6D9CB7D8945DF1303DD53A9CD790AD4DB69B9DA73AE52138FD36798F85D67347167692BE43A834F20E2F0835E0036E5AF,INJURY AND / OR TOW DUE TO CRASH,"OVER $1,500",NO CONTROLS,FIXED OBJECT,41.6773626371,DAYLIGHT,-87.680599498,1,10,UNABLE TO DETERMINE,NO DEFECTS,DRY,NOT APPLICABLE,W,2354,NO CONTROLS,PARKING LOT,CLEAR,1.0,0.0,0.0,0.0,0.0,1.0,1,1,"[""Y""]",[],"[""Y""]","[""2025-10-08T17:20:00.000""]","[""2166318""]","[""FRONT""]","[""IL""]","[""PONTIAC""]","[""BACKING""]","[""GRAND PRIX""]","[""1""]","[""N""]","[""1""]","[""DRIVER""]","[""UNKNOWN""]","[""2065024""]","[""PASSENGER""]","[""PERSONAL""]","[""2008""]",[],[],"[""Y""]","[""PRIVATE""]","[""Y""]",[],[],[],[],[],[],[],[],[],[],"[""OWNER LISTED RESIDENCE""]",['90'],"[""DID NOT DEPLOY""]","[""TEST NOT OFFERED""]","[""CHICAGO""]","[""2025-10-08T17:20:00.000""]","[""UNKNOWN""]","[""NOT OBSCURED""]","[""D""]","[""IL""]","[""NONE""]",[],"[""O2166318""]","[""DRIVER""]","[""NORMAL""]","[""SAFETY BELT USED""]","[""F""]","[""IL""]","[""2065024""]","[""60643""]","[""CFD A17/E115""]",[],[],[],[],[],2025,10,17,8,False,afternoon,41.68,-87.68,41.68_-87.68,90.0,90,90,OTHER,0
STRAIGHT AND LEVEL,122,2025-10-08 17:18:00,4,17,10,F36AB730E280BA4761A44CE7C48BB40BECEF095F0A109E333534829F04BC54810F820E266DA1CA21A3B8CE69FFEC04BE2ED84CC5FFCB6820BE8BA564630FF0D8,NO INJURY / DRIVE AWAY,$500 OR LESS,FUNCTIONING PROPERLY,TURNING,41.8779946147,DAYLIGHT,-87.6351285364,4,20,IMPROPER OVERTAKING/PASSING,UNKNOWN,OTHER,NOT APPLICABLE,W,299,TRAFFIC SIGNAL,ONE-WAY,CLEAR,0.0,1.0,0.0,0.0,0.0,1.0,2,2,"[""N""]","[""Y""]",[],"[""2025-10-08T17:18:00.000""]","[""2166311"", ""2166312"", ""2166313"", ""2166314""]","[""SIDE-LEFT"", ""SIDE-LEFT-FRONT"", ""SIDE-RIGHT""]","[""IL""]","[""NOVA BUS"", ""TOYOTA"", ""UNKNOWN""]","[""PARKED"", ""STRAIGHT AHEAD"", ""TURNING LEFT""]","[""CAMRY"", ""OTHER (EXPLAIN IN NARRATIVE)"", ""SIENNA""]","[""0"", ""1""]","[""E"", ""NE""]","[""1"", ""2"", ""3"", ""4""]","[""DRIVER"", ""PARKED""]","[""UNKNOWN""]","[""2065010"", ""2065015"", ""2065020"", ""2065025""]","[""BUS UP TO 15 PASS."", ""PASSENGER"", ""TRUCK - SINGLE UNIT""]","[""CONSTRUCTION/MAINTENANCE"", ""CTA"", ""PERSONAL"", ""TAXI/FOR HIRE""]","[""2021"", ""2023""]",[],[],"[""N""]",[],[],[],[],[],"[""Y""]",[],[],[],[],[],[],[],"['67', '71']","[""DEPLOYMENT UNKNOWN"", ""NOT APPLICABLE""]","[""TEST NOT OFFERED""]","[""CHICAGO"", ""VERNON HILLS""]","[""2025-10-08T17:18:00.000""]","[""OTHER""]","[""UNKNOWN""]","[""D"", ""U""]","[""IL"", ""XX""]","[""NONE""]",[],"[""O2166311"", ""O2166312"", ""O2166314""]","[""DRIVER""]","[""NORMAL"", ""UNKNOWN""]","[""SAFETY BELT USED"", ""USAGE UNKNOWN""]","[""M""]","[""IL""]","[""2065010"", ""2065015"", ""2065025""]","[""60061"", ""60615""]",[],[],[],[],[],[],2025,10,17,8,False,afternoon,41.88,-87.64,41.88_-87.64,69.0,67,71,OTHER,0
STRAIGHT AND LEVEL,2413,2025-10-08 17:13:00,4,17,10,5B175299E89C08CEA3CCB03E4FA47897417C572BBC6AFA801BAB8198CA86456BFC93F1F9D9D6CEFBA1BE61E3A2E1B6C690E42347537206F4BE07F638E945E62B,NO INJURY / DRIVE AWAY,$500 OR LESS,OTHER,ANIMAL,41.9971004427,DAYLIGHT,-87.686347577,1,25,ANIMAL,NO DEFECTS,DRY,UNABLE TO DETERMINE,N,6336,NO CONTROLS,ONE-WAY,CLEAR,1.0,0.0,0.0,0.0,0.0,1.0,1,1,[],[],[],"[""2025-10-08T17:13:00.000""]","[""2166323""]","[""NONE""]","[""IL""]","[""CHEVROLET""]","[""STRAIGHT AHEAD""]","[""OTHER (EXPLAIN IN NARRATIVE)""]","[""1""]","[""S""]","[""1""]","[""DRIVER""]","[""UNKNOWN""]","[""2065029""]","[""PASSENGER""]","[""PERSONAL""]","[""2020""]",[],[],[],[],[],[],[],[],[],[],[],[],"[""Y""]",[],[],[],['53'],"[""NOT APPLICABLE""]","[""TEST NOT OFFERED""]","[""CHICAGO""]","[""2025-10-08T17:13:00.000""]","[""OTHER""]","[""UNKNOWN""]","[""D""]","[""IL""]","[""NONE""]",[],"[""O2166323""]","[""DRIVER""]","[""NORMAL""]","[""USAGE UNKNOWN""]","[""M""]","[""IL""]","[""2065029""]","[""60659""]",[],[],[],[],[],[],2025,10,17,8,False,afternoon,42.0,-87.69,42.0_-87.69,53.0,53,53,OTHER,0
STRAIGHT AND LEVEL,833,2025-10-08 17:10:00,4,17,10,B0EDFB4DED6D5D4E68006D8729F3C6A4E474CB5140D52CE0677617B54D4095D59255AE2B6CB50C2B9721D5795208B40EFE88F835E3E0F3C58479FC6AF5A22052,NO INJURY / DRIVE AWAY,"OVER $1,500",NO CONTROLS,SIDESWIPE SAME DIRECTION,41.7651212702,UNKNOWN,-87.7217648846,2,30,UNABLE TO DETERMINE,UNKNOWN,UNKNOWN,UNABLE TO DETERMINE,W,3944,NO CONTROLS,UNKNOWN,CLEAR,0.0,0.0,0.0,0.0,0.0,1.0,1,0,[],[],[],"[""2025-10-08T17:10:00.000""]","[""2166321"", ""2166322""]","[""REAR"", ""UNKNOWN""]","[""IL""]","[""ACURA"", ""UNKNOWN""]","[""UNKNOWN/NA""]","[""MOTORIZED"", ""ZDX""]","[""1""]","[""UNKNOWN""]","[""1"", ""2""]","[""DRIVER""]","[""UNKNOWN""]","[""2065021"", ""2065026""]","[""UNKNOWN/NA""]","[""UNKNOWN/NA""]","[""2007""]",[],[],[],[],[],"[""Y""]","[""Y""]",[],[],[],[],[],[],"[""Y""]","[""Y""]",[],[],"[""DEPLOYMENT UNKNOWN""]","[""TEST NOT OFFERED""]","[""CHICAGO""]","[""2025-10-08T17:10:00.000""]","[""UNKNOWN""]","[""UNKNOWN""]",[],"[""IL""]","[""UNKNOWN""]",[],"[""O2166321"", ""O2166322""]","[""DRIVER""]","[""UNKNOWN""]","[""USAGE UNKNOWN""]","[""M""]","[""IL""]","[""2065021"", ""2065026""]","[""60623"", ""60629""]",[],[],[],[],[],[],2025,10,17,8,False,afternoon,41.77,-87.72,41.77_-87.72,0.0,0,0,OTHER,0
STRAIGHT AND LEVEL,912,2025-10-08 17:10:00,4,17,10,6B1DF64DB655835A7A3029C1EB7616FB9BAF03A3FF11135D5293C05A26C12E168017A45B1795EAFDF572BD4C3692981B659A0AA8941101D428A3FD484CEFEE99,INJURY AND / OR TOW DUE TO CRASH,"OVER $1,500",NO CONTROLS,PARKED MOTOR VEHICLE,41.8327336779,DUSK,-87.6815989767,3,25,EQUIPMENT - VEHICLE CONDITION,UNKNOWN,DRY,UNABLE TO DETERMINE,S,3340,NO CONTROLS,ONE-WAY,CLEAR,0.0,0.0,0.0,0.0,0.0,1.0,2,1,"[""Y""]","[""Y""]",[],"[""2025-10-08T17:10:00.000""]","[""2166348"", ""2166349"", ""2166350""]","[""FRONT-RIGHT-CORNER"", ""REAR"", ""REAR-LEFT-CORNER""]","[""IL""]","[""BUICK"", ""CHEVROLET"", ""TOYOTA""]","[""PARKED"", ""STRAIGHT AHEAD""]","[""MALIBU"", ""RAV4"", ""VERANO""]","[""0"", ""1""]","[""S""]","[""1"", ""2"", ""3""]","[""DRIVER"", ""PARKED""]","[""UNKNOWN""]","[""2065051"", ""2065053"", ""2065056""]","[""PASSENGER""]","[""PERSONAL""]","[""2014"", ""2018"", ""2021""]","[""Y""]","[""Y""]","[""Y""]","[""PERSONAL INSURANCE""]","[""Y""]","[""Y""]",[],"[""Y""]","[""Y""]",[],[],"[""Y""]",[],"[""Y""]","[""Y""]",[],['41'],"[""DID NOT DEPLOY""]","[""TEST NOT OFFERED""]","[""CHICAGO""]","[""2025-10-08T17:10:00.000""]","[""UNKNOWN""]","[""UNKNOWN""]","[""D""]","[""IL""]","[""NONE""]",[],"[""O2166348""]","[""DRIVER""]","[""NORMAL""]","[""USAGE UNKNOWN""]","[""M""]","[""IL""]","[""2065051""]","[""60608""]",[],[],[],[],[],[],2025,10,17,8,False,afternoon,41.83,-87.68,41.83_-87.68,41.0,41,41,OTHER,0
STRAIGHT AND LEVEL,1113,2025-10-08 17:10:00,4,17,10,5501806CB9FC6CC6D6C8D5ECAF7C391EAA12BA5B8617AD9D163CEF76FAD982DDF8A2766818427C0FD3DC93DC461A52069E3C3FD32D3A88E287E0D47B70F77A89,INJURY AND / OR TOW DUE TO CRASH,"OVER $1,500",NO CONTROLS,SIDESWIPE SAME DIRECTION,41.8863562324,DAYLIGHT,-87.7431704228,2,30,IMPROPER LANE USAGE,NO DEFECTS,DRY,IMPROPER TURNING/NO SIGNAL,W,4701,NO CONTROLS,NOT DIVIDED,CLEAR,0.0,0.0,1.0,0.0,0.0,1.0,1,1,"[""Y""]","[""Y""]","[""Y""]","[""2025-10-08T17:10:00.000""]","[""2166304"", ""2166305""]","[""FRONT-LEFT-CORNER"", ""SIDE-RIGHT""]","[""IL""]","[""HYUNDAI"", ""VOLKSWAGEN""]","[""STRAIGHT AHEAD""]","[""JETTA"", ""SONATA""]","[""1""]","[""W""]","[""1"", ""2""]","[""DRIVER""]","[""UNKNOWN""]","[""2065008"", ""2065016""]","[""PASSENGER""]","[""PERSONAL""]","[""2014"", ""2022""]","[""Y""]","[""Y""]","[""Y""]","[""unknown""]","[""Y""]",[],[],[],"[""Y""]",[],[],[],[],"[""Y""]",[],[],['28'],"[""DID NOT DEPLOY"", ""NOT APPLICABLE""]","[""TEST NOT OFFERED""]","[""CHICAGO"", ""NAPERVILLE""]","[""2025-10-08T17:10:00.000""]","[""IMPROPER LANE CHANGE"", ""NONE""]","[""UNKNOWN""]","[""D""]","[""IL""]","[""NONE""]",[],"[""O2166304"", ""O2166305""]","[""DRIVER""]","[""UNKNOWN""]","[""SAFETY BELT USED""]","[""F"", ""X""]","[""IL""]","[""2065008"", ""2065016""]","[""60565"", ""60707""]",[],[],[],[],[],[],2025,10,17,8,False,afternoon,41.89,-87.74,41.89_-87.74,28.0,28,28,OTHER,0
STRAIGHT AND LEVEL,215,2025-10-08 17:10:00,4,17,10,1E51DC71301BA1887378E6D692D6063E17B667F57875FDD7A986AC8F7A473F536CF5FB8B271528BDC27ED14A0C59F09AA813ABE533470AD88EDC8356E83F77C7,INJURY AND / OR TOW DUE TO CRASH,"OVER $1,500",FUNCTIONING PROPERLY,ANGLE,41.8110070469,DAYLIGHT,-87.6230291092,2,30,DISREGARDING STOP SIGN,UNKNOWN,DRY,NOT APPLICABLE,S,4600,STOP SIGN/FLASHER,ONE-WAY,CLEAR,0.0,1.0,1.0,0.0,0.0,1.0,1,2,[],[],"[""Y""]","[""2025-10-08T17:10:00.000""]","[""2166344"", ""2166345""]","[""FRONT-LEFT-CORNER"", ""SIDE-LEFT""]","[""IL""]","[""CHEVROLET"", ""HONDA""]","[""STRAIGHT AHEAD""]","[""EQUINOX"", ""OTHER (EXPLAIN IN NARRATIVE)""]","[""1"", ""2""]","[""E"", ""S""]","[""1"", ""2""]","[""DRIVER""]","[""NONE""]","[""2065046"", ""2065054""]","[""PASSENGER"", ""SPORT UTILITY VEHICLE (SUV)""]","[""PERSONAL""]","[""2020""]",[],[],"[""Y""]","[""City of Chicago"", ""private tow""]","[""Y""]",[],[],"[""Y""]","[""Y""]",[],"[""1""]","[""Y""]",[],[],[],[],"['25', '53']","[""DEPLOYED, COMBINATION"", ""DEPLOYMENT UNKNOWN""]","[""TEST NOT OFFERED""]","[""CHICAGO""]","[""2025-10-08T17:10:00.000""]","[""FAILED TO YIELD"", ""NONE""]","[""UNKNOWN""]","[""D""]","[""IL""]","[""NONE"", ""UNKNOWN""]","[""NOT ON SCENE"", ""REFSUED ON SCENE"", ""SEEN BY AMBULANCE 35 ONSCENE RELEASED""]","[""O2166344"", ""O2166345"", ""P477992""]","[""DRIVER"", ""PASSENGER""]","[""NORMAL"", ""UNKNOWN""]","[""USAGE UNKNOWN""]","[""F"", ""M""]","[""IL""]","[""2065046"", ""2065054""]","[""60617""]",[],"[""2""]",[],[],[],[],2025,10,17,8,False,afternoon,41.81,-87.62,41.81_-87.62,39.0,25,53,OTHER,0
STRAIGHT AND LEVEL,1924,2025-10-08 17:07:00,4,17,10,8E38A72F2B68F2CDF30E75917ECDE4392C32D6BF77DC30C8BBB8F297285FC370B7B7DC96285D78DE175ED208A2E4E0C924B76171E392986D21C9F28B2ADF02FE,INJURY AND / OR TOW DUE TO CRASH,$500 OR LESS,NO CONTROLS,PEDALCYCLIST,41.9416474262,DAYLIGHT,-87.654306821,2,30,UNABLE TO DETERMINE,NO DEFECTS,DRY,UNABLE TO DETERMINE,N,3258,NO CONTROLS,NOT DIVIDED,CLEAR,0.0,0.0,0.0,0.0,0.0,1.0,2,1,[],[],[],"[""2025-10-08T17:07:00.000""]","[""2169894"", ""2169895""]","[""SIDE-RIGHT""]","[""IL""]","[""FORD""]","[""STRAIGHT AHEAD""]","[""EXPEDITION""]","[""2""]","[""N""]","[""1"", ""2""]","[""BICYCLE"", ""DRIVER""]","[""UNKNOWN""]","[""2068410""]","[""SPORT UTILITY VEHICLE (SUV)""]","[""TAXI/FOR HIRE""]","[""2024""]",[],[],[],[],[],[],"[""Y""]",[],[],[],"[""1""]",[],[],[],[],[],['28'],"[""NOT APPLICABLE""]","[""TEST NOT OFFERED""]","[""CHICAGO"", ""UNKNOWN""]","[""2025-10-08T17:07:00.000""]","[""OTHER""]","[""NOT OBSCURED"", ""UNKNOWN""]",[],[],"[""NONE""]",[],"[""O2169894"", ""O2169895"", ""P478743""]","[""BICYCLE"", ""DRIVER"", ""PASSENGER""]","[""NORMAL"", ""UNKNOWN""]","[""BICYCLE HELMET (PEDACYCLIST INVOLVED ONLY)"", ""USAGE UNKNOWN""]","[""F"", ""M""]","[""IL"", ""XX""]","[""2068410""]","[""60657""]",[],"[""12""]","[""WITH TRAFFIC""]","[""IN ROADWAY""]","[""CONTRASTING CLOTHING""]",[],2025,10,17,8,False,afternoon,41.94,-87.65,41.94_-87.65,28.0,28,28,OTHER,1
STRAIGHT AND LEVEL,1233,2025-10-08 17:05:00,4,17,10,C24F159BC47B3B5DC14495256C54EEB3588E45310F2456B9F0E509061463C8525C2B88D44980709C830BB51D9F7BD3D1FFA1E8D7A7078BF7A574D08A170AE078,INJURY AND / OR TOW DUE TO CRASH,"OVER $1,500",OTHER,ANGLE,41.8597177165,DAYLIGHT,-87.6566246642,2,30,UNABLE TO DETERMINE,NO DEFECTS,DRY,NOT APPLICABLE,S,1600,STOP SIGN/FLASHER,FOUR WAY,CLEAR,0.0,0.0,0.0,0.0,0.0,1.0,1,3,[],[],"[""Y""]","[""2025-10-08T17:05:00.000""]","[""2166306"", ""2166307""]","[""FRONT"", ""SIDE-LEFT""]","[""IL""]","[""JEEP"", ""NISSAN""]","[""STRAIGHT AHEAD""]","[""COMPASS"", ""SENTRA""]","[""1"", ""2""]","[""S"", ""W""]","[""1"", ""2""]","[""DRIVER""]","[""NONE""]","[""2065058"", ""2065059""]","[""PASSENGER"", ""SPORT UTILITY VEHICLE (SUV)""]","[""PERSONAL""]","[""2012"", ""2022""]",[],[],[],[],[],[],[],[],[],[],"[""1""]","[""Y""]",[],[],[],[],"['42', '49', '60']","[""DID NOT DEPLOY""]","[""TEST NOT OFFERED""]","[""BUFFALO GROVE"", ""CHICAGO""]","[""2025-10-08T17:05:00.000""]","[""NONE"", ""UNKNOWN""]","[""NOT OBSCURED""]",[],"[""IL""]","[""NONE""]",[],"[""O2166306"", ""O2166307"", ""P477993""]","[""DRIVER"", ""PASSENGER""]","[""NORMAL""]","[""SAFETY BELT USED""]","[""F"", ""M""]","[""IL""]","[""2065058"", ""2065059""]","[""60089"", ""60609""]",[],"[""3""]",[],[],[],[],2025,10,17,8,False,afternoon,41.86,-87.66,41.86_-87.66,50.333333333333336,42,60,OTHER,1