alignment,beat_of_occurrence,crash_date,crash_day_of_week,crash_hour,crash_month,crash_record_id,crash_type,damage,device_condition,first_crash_type,latitude,lighting_condition,longitude,num_units,posted_speed_limit,prim_contributory_cause,road_defect,roadway_surface_cond,sec_contributory_cause,street_direction,street_no,traffic_control_device,trafficway_type,weather_condition,private_property_i,hit_and_run_i,intersection_related_i,crash_date_est_i,work_zone_i,workers_present_i,veh_count,ppl_count,veh_area_01_i_list_json,veh_area_02_i_list_json,veh_area_12_i_list_json,veh_crash_date_list_json,veh_crash_unit_id_list_json,veh_first_contact_point_list_json,veh_lic_plate_state_list_json,veh_make_list_json,veh_maneuver_list_json,veh_model_list_json,veh_occupant_cnt_list_json,veh_travel_direction_list_json,veh_unit_no_list_json,veh_unit_type_list_json,veh_vehicle_defect_list_json,veh_vehicle_id_list_json,veh_vehicle_type_list_json,veh_vehicle_use_list_json,veh_vehicle_year_list_json,veh_area_03_i_list_json,veh_area_04_i_list_json,veh_area_11_i_list_json,veh_towed_by_list_json,veh_towed_i_list_json,veh_area_07_i_list_json,veh_area_99_i_list_json,veh_area_09_i_list_json,veh_area_10_i_list_json,veh_cmrc_veh_i_list_json,veh_num_passengers_list_json,veh_area_08_i_list_json,veh_area_00_i_list_json,veh_area_05_i_list_json,veh_area_06_i_list_json,veh_towed_to_list_json,ppl_age_list_json,ppl_airbag_deployed_list_json,ppl_bac_result_list_json,ppl_city_list_json,ppl_crash_date_list_json,ppl_driver_action_list_json,ppl_driver_vision_list_json,ppl_drivers_license_class_list_json,ppl_drivers_license_state_list_json,ppl_ejection_list_json,ppl_hospital_list_json,ppl_person_id_list_json,ppl_person_type_list_json,ppl_physical_condition_list_json,ppl_safety_equipment_list_json,ppl_sex_list_json,ppl_state_list_json,ppl_vehicle_id_list_json,ppl_zipcode_list_json,ppl_ems_agency_list_json,ppl_seat_no_list_json,ppl_pedpedal_action_list_json,ppl_pedpedal_location_list_json,ppl_pedpedal_visibility_list_json,ppl_ems_run_no_list_json,year,month,hour,day,is_weekend,hour_bin,lat_bin,lng_bin,grid_id,ppl_age_mean,ppl_age_min,ppl_age_max,prim_contributory_cause_group,ksi_flag
STRAIGHT AND LEVEL,813,2025-10-08 17:00:00,4,17,10,86C24B07A1F6369CBDD9B562CCE647FB1F37817EAC67C0492676D9B501AA3B77577773AE3C2296ACE334F2D37685D23930345AB5E0D1249EE9639D13225DAFE5,INJURY AND / OR TOW DUE TO CRASH,"OVER $1,500",NO CONTROLS,TURNING,41.7765116011,DAYLIGHT,-87.7423723414,2,30,FAILING TO YIELD RIGHT-OF-WAY,NO DEFECTS,DRY,FAILING TO REDUCE SPEED TO AVOID CRASH,S,6400,NO CONTROLS,NOT DIVIDED,CLEAR,0.0,0.0,0.0,0.0,0.0,1.0,1,3,[],[],"[""Y""]","[""2025-10-08T17:00:00.000""]","[""2166300"", ""2166301""]","[""FRONT"", ""SIDE-RIGHT-REAR""]","[""IL""]","[""CHEVROLET"", ""TOYOTA""]","[""STRAIGHT AHEAD"", ""TURNING LEFT""]","[""COROLLA"", ""TRAVERSE""]","[""1"", ""2""]","[""NW"", ""S""]","[""1"", ""2""]","[""DRIVER""]","[""NONE""]","[""2064998"", ""2065009""]","[""PASSENGER""]","[""PERSONAL""]","[""2011"", ""2022""]","[""Y""]","[""Y""]",[],"[""personal""]","[""Y""]",[],[],[],[],[],"[""1""]",[],[],"[""Y""]",[],[],"['17', '27', '40']","[""DEPLOYED, COMBINATION""]","[""TEST NOT OFFERED""]","[""CHICAGO"", ""OAK PARK""]","[""2025-10-08T17:00:00.000""]","[""FAILED TO YIELD"", ""NONE""]","[""NOT OBSCURED""]","[""D""]","[""IL""]","[""NONE""]",[],"[""O2166300"", ""O2166301"", ""P477984""]","[""DRIVER"", ""PASSENGER""]","[""NORMAL""]","[""USAGE UNKNOWN""]","[""F""]","[""IL""]","[""2064998"", ""2065009""]","[""60302"", ""60638""]",[],"[""3""]",[],[],[],[],2025,10,17,8,False,afternoon,41.78,-87.74,41.78_-87.74,28.0,17,40,FAILURE-TO-YIELD,0
STRAIGHT AND LEVEL,2533,2025-10-08 17:00:00,4,17,10,60A121CA91BAB990AF325E68EEF15B0C76FCB85592610E52F69373CB2C152266E79B6A702524F491273F7316527E8993EEA49F6DE10B1EA498D3138E7743F7B4,NO INJURY / DRIVE AWAY,"OVER $1,500",NO CONTROLS,PARKED MOTOR VEHICLE,41.9124820853,DAYLIGHT,-87.7461097427,2,20,UNABLE TO DETERMINE,NO DEFECTS,DRY,NOT APPLICABLE,W,4800,NO CONTROLS,ONE-WAY,CLEAR,0.0,1.0,0.0,0.0,0.0,1.0,2,0,[],[],"[""Y""]","[""2025-10-08T17:00:00.000""]","[""2166689"", ""2166690""]","[""FRONT-LEFT-CORNER"", ""UNKNOWN""]","[""IL""]","[""LEXUS"", ""UNKNOWN""]","[""PARKED"", ""UNKNOWN/NA""]","[""ENGINE"", ""ES330""]","[""0"", ""1""]","[""UNKNOWN"", ""W""]","[""1"", ""2""]","[""DRIVER"", ""PARKED""]","[""NONE""]","[""2065381"", ""2065385""]","[""PASSENGER"", ""UNKNOWN/NA""]","[""PERSONAL"", ""UNKNOWN/NA""]","[""2005""]",[],[],"[""Y""]",[],[],[],"[""Y""]",[],"[""Y""]",[],[],[],[],[],[],[],[],"[""DEPLOYMENT UNKNOWN""]","[""TEST NOT OFFERED""]",[],"[""2025-10-08T17:00:00.000""]","[""UNKNOWN""]","[""UNKNOWN""]",[],[],"[""NONE""]",[],"[""O2166689""]","[""DRIVER""]","[""UNKNOWN""]","[""USAGE UNKNOWN""]","[""X""]",[],"[""2065381""]",[],[],[],[],[],[],[],2025,10,17,8,False,afternoon,41.91,-87.75,41.91_-87.75,0.0,0,0,OTHER,0
STRAIGHT AND LEVEL,1024,2025-10-08 17:00:00,4,17,10,7B3B0F77DA2D1BB349CFC45FE192F0A77DBA452A60206E1E0180C525D2FA27F5B0F9069355910F49DF4CFE7131B0270B5DF77165DDA918E960394DCFED7B0A41,NO INJURY / DRIVE AWAY,"OVER $1,500",FUNCTIONING PROPERLY,REAR END,41.8463693674,DAYLIGHT,-87.7102052456,2,30,FOLLOWING TOO CLOSELY,NO DEFECTS,DRY,FOLLOWING TOO CLOSELY,W,3404,TRAFFIC SIGNAL,NOT DIVIDED,CLEAR,0.0,1.0,1.0,0.0,0.0,1.0,1,2,[],[],[],"[""2025-10-08T17:00:00.000""]","[""2166543"", ""2166544""]","[""FRONT"", ""REAR""]","[""IL""]","[""CHEVROLET"", ""NISSAN""]","[""STRAIGHT AHEAD""]","[""JUKE"", ""SILVERADO""]","[""1"", ""2""]","[""E""]","[""1"", ""2""]","[""DRIVER""]","[""NONE"", ""UNKNOWN""]","[""2065241"", ""2065254""]","[""PASSENGER"", ""PICKUP""]","[""PERSONAL"", ""UNKNOWN/NA""]","[""2014""]",[],[],"[""N"", ""Y""]",[],[],"[""N"", ""Y""]","[""Y""]","[""N"", ""Y""]","[""N"", ""Y""]",[],"[""1""]","[""N"", ""Y""]",[],"[""Y""]","[""N"", ""Y""]",[],"['18', '49']","[""DEPLOYMENT UNKNOWN"", ""NOT APPLICABLE""]","[""TEST NOT OFFERED""]","[""CHICAGO""]","[""2025-10-08T17:00:00.000""]","[""FOLLOWED TOO CLOSELY"", ""NONE""]","[""NOT OBSCURED"", ""UNKNOWN""]","[""D""]","[""IL""]","[""NONE""]",[],"[""O2166543"", ""O2166544"", ""P478062""]","[""DRIVER"", ""PASSENGER""]","[""NORMAL"", ""UNKNOWN""]","[""USAGE UNKNOWN""]","[""F"", ""M""]","[""IL""]","[""2065241"", ""2065254""]","[""60609""]",[],"[""3""]",[],[],[],[],2025,10,17,8,False,afternoon,41.85,-87.71,41.85_-87.71,33.5,18,49,FOLLOWING TOO CLOSELY,0
STRAIGHT AND LEVEL,1631,2025-10-08 17:00:00,4,17,10,C234D455895917556F593D05B8E0A1FA3FAB7DD6339460316F484767C766C893098474BDD35F2A0B904FF9EE480E1F5EA79EF9828E228198DA3298A9E6EAE7D6,NO INJURY / DRIVE AWAY,"OVER $1,500",NO CONTROLS,TURNING,41.9377026971,DAYLIGHT,-87.8336953534,2,25,FAILING TO YIELD RIGHT-OF-WAY,NO DEFECTS,DRY,IMPROPER OVERTAKING/PASSING,W,8300,NO CONTROLS,NOT DIVIDED,CLEAR,0.0,1.0,0.0,0.0,0.0,1.0,1,1,"[""Y""]","[""Y""]","[""Y""]","[""2025-10-08T17:00:00.000""]","[""2166652"", ""2166657""]","[""FRONT-LEFT-CORNER"", ""SIDE-RIGHT""]","[""IL""]","[""AUDI"", ""SUBARU""]","[""TURNING RIGHT""]","[""FORESTER"", ""OTHER (EXPLAIN IN NARRATIVE)""]","[""1""]","[""S""]","[""1"", ""2""]","[""DRIVER""]","[""NONE""]","[""2065344"", ""2065350""]","[""PASSENGER""]","[""DRIVER EDUCATION"", ""PERSONAL""]","[""2022"", ""2023""]","[""Y""]","[""Y""]","[""Y""]",[],[],[],[],[],"[""Y""]",[],[],[],[],"[""Y""]",[],[],['54'],"[""DEPLOYMENT UNKNOWN"", ""DID NOT DEPLOY""]","[""TEST NOT OFFERED""]","[""CHICAGO""]","[""2025-10-08T17:00:00.000""]","[""IMPROPER LANE CHANGE"", ""NONE""]","[""NOT OBSCURED"", ""UNKNOWN""]","[""D""]","[""IL""]","[""NONE"", ""UNKNOWN""]",[],"[""O2166652"", ""O2166657""]","[""DRIVER""]","[""NORMAL"", ""UNKNOWN""]","[""NONE PRESENT"", ""USAGE UNKNOWN""]","[""F"", ""M""]","[""IL""]","[""2065344"", ""2065350""]","[""60707""]",[],[],[],[],[],[],2025,10,17,8,False,afternoon,41.94,-87.83,41.94_-87.83,54.0,54,54,FAILURE-TO-YIELD,0
STRAIGHT AND LEVEL,2511,2025-10-08 17:00:00,4,17,10,E817D5E1B3D9A9138172F916062EFDC76E78A1A2600A40644064EFB98EAAAD67FF6ECDFE00680C67BCF2C3D4AC8263F8FD17DCDDB3E3CB4AB52CAA1D73C09265,NO INJURY / DRIVE AWAY,"OVER $1,500",FUNCTIONING PROPERLY,PARKED MOTOR VEHICLE,41.9326737623,UNKNOWN,-87.8064967566,2,30,UNABLE TO DETERMINE,UNKNOWN,UNKNOWN,UNABLE TO DETERMINE,W,7158,STOP SIGN/FLASHER,NOT DIVIDED,CLEAR,0.0,1.0,0.0,1.0,0.0,1.0,2,0,[],[],[],"[""2025-10-08T17:00:00.000""]","[""2166680"", ""2166681""]","[""SIDE-LEFT"", ""UNKNOWN""]","[""IL""]","[""HYUNDAI"", ""UNKNOWN""]","[""PARKED"", ""UNKNOWN/NA""]","[""ELANTRA"", ""OTHER (EXPLAIN IN NARRATIVE)""]","[""0"", ""1""]","[""UNKNOWN"", ""W""]","[""1"", ""2""]","[""DRIVER"", ""PARKED""]","[""NONE"", ""UNKNOWN""]","[""2065373"", ""2065378""]","[""PASSENGER"", ""UNKNOWN/NA""]","[""PERSONAL"", ""UNKNOWN/NA""]","[""2017""]",[],[],[],[],[],[],"[""Y""]","[""Y""]","[""Y""]",[],[],[],[],[],[],[],[],"[""DEPLOYMENT UNKNOWN""]","[""TEST NOT OFFERED""]",[],"[""2025-10-08T17:00:00.000""]","[""UNKNOWN""]","[""UNKNOWN""]",[],[],"[""UNKNOWN""]",[],"[""O2166680""]","[""DRIVER""]","[""UNKNOWN""]","[""USAGE UNKNOWN""]","[""X""]",[],"[""2065373""]",[],[],[],[],[],[],[],2025,10,17,8,False,afternoon,41.93,-87.81,41.93_-87.81,0.0,0,0,OTHER,0
STRAIGHT AND LEVEL,131,2025-10-08 17:00:00,4,17,10,F8C585156E1B858FB1A26D169F6AAF736C92F225B024C472D443567BD04205A4118F3A087320E12E5EC9D6B8BD0986881E1F0585508D3192EC734226F785FA95,NO INJURY / DRIVE AWAY,"OVER $1,500",FUNCTIONING PROPERLY,TURNING,41.8474372655,DAYLIGHT,-87.6270447029,2,25,FAILING TO YIELD RIGHT-OF-WAY,NO DEFECTS,DRY,NOT APPLICABLE,S,2500,TRAFFIC SIGNAL,NOT DIVIDED,CLEAR,0.0,0.0,0.0,0.0,0.0,1.0,1,2,"[""Y""]",[],"[""Y""]","[""2025-10-08T17:00:00.000""]","[""2169557"", ""2169558""]","[""FRONT-LEFT-CORNER"", ""FRONT-RIGHT-CORNER""]","[""IL""]","[""MERCEDES-BENZ"", ""TOYOTA""]","[""STRAIGHT AHEAD"", ""TURNING LEFT""]","[""OTHER (EXPLAIN IN NARRATIVE)"", ""RAV4""]","[""1""]","[""N"", ""SE""]","[""1"", ""2""]","[""DRIVER""]","[""NONE"", ""UNKNOWN""]","[""2068106"", ""2068109""]","[""PASSENGER""]","[""PERSONAL""]","[""2018""]",[],[],"[""Y""]",[],[],[],[],[],[],[],[],[],[],[],[],[],"['28', '56']","[""DID NOT DEPLOY""]","[""TEST NOT OFFERED""]","[""CHICAGO""]","[""2025-10-08T17:00:00.000""]","[""NONE""]","[""NOT OBSCURED""]","[""D""]","[""IL""]","[""NONE""]",[],"[""O2169557"", ""O2169558""]","[""DRIVER""]","[""NORMAL""]","[""SAFETY BELT USED""]","[""F"", ""M""]","[""IL""]","[""2068106"", ""2068109""]","[""60616"", ""60645""]",[],[],[],[],[],[],2025,10,17,8,False,afternoon,41.85,-87.63,41.85_-87.63,42.0,28,56,FAILURE-TO-YIELD,0
STRAIGHT AND LEVEL,215,2025-10-08 16:58:00,4,16,10,245962ADE12C64E4B73021A05C76433B6104878DAC4317F7879435DC43ADA16019FA12ED4A2FA7973C3041956C62F6AB246DA6068117442EFDD27ED7FD54F875,NO INJURY / DRIVE AWAY,$500 OR LESS,FUNCTIONING PROPERLY,SIDESWIPE SAME DIRECTION,41.8093981696,DAYLIGHT,-87.6227573197,2,30,FOLLOWING TOO CLOSELY,NO DEFECTS,DRY,IMPROPER OVERTAKING/PASSING,E,100,TRAFFIC SIGNAL,NOT DIVIDED,CLEAR,0.0,1.0,0.0,0.0,0.0,1.0,1,1,"[""Y""]",[],[],"[""2025-10-08T16:58:00.000""]","[""2166342"", ""2166343""]","[""FRONT-LEFT-CORNER"", ""FRONT-RIGHT-CORNER""]","[""IL""]","[""JEEP"", ""NISSAN""]","[""STRAIGHT AHEAD""]","[""ALTIMA"", ""WRANGLER""]","[""1""]","[""W""]","[""1"", ""2""]","[""DRIVER""]","[""UNKNOWN""]","[""2065064"", ""2065073""]","[""PASSENGER""]","[""PERSONAL""]","[""2015"", ""2016""]",[],[],"[""Y""]",[],[],[],[],[],[],[],[],[],[],[],[],[],['49'],"[""NOT APPLICABLE""]","[""TEST NOT OFFERED"", ""TEST REFUSED""]","[""CHICAGO""]","[""2025-10-08T16:58:00.000""]","[""FOLLOWED TOO CLOSELY"", ""NONE""]","[""NOT OBSCURED"", ""UNKNOWN""]","[""D""]","[""IL""]","[""NONE""]",[],"[""O2166342"", ""O2166343""]","[""DRIVER""]","[""NORMAL"", ""UNKNOWN""]","[""USAGE UNKNOWN""]","[""F"", ""M""]","[""IL""]","[""2065064"", ""2065073""]","[""60615"", ""60637""]",[],[],[],[],[],[],2025,10,16,8,False,afternoon,41.81,-87.62,41.81_-87.62,49.0,49,49,FOLLOWING TOO CLOSELY,0
STRAIGHT AND LEVEL,1723,2025-10-08 16:55:00,4,16,10,5ED3B4C30025BD4C947CF42834D11BF0FBCFB725782A4B99D1D47B8B50E9EADB8B87B79E7624A8F3885E433C7065EC6F1C5DF6C5C54A20B8F8705C83CBF600A9,NO INJURY / DRIVE AWAY,$500 OR LESS,NO CONTROLS,PEDALCYCLIST,41.9538974478,DAYLIGHT,-87.7164439122,2,35,FAILING TO YIELD RIGHT-OF-WAY,NO DEFECTS,DRY,FAILING TO REDUCE SPEED TO AVOID CRASH,N,4001,NO CONTROLS,FOUR WAY,CLEAR,0.0,1.0,0.0,0.0,0.0,1.0,2,1,[],[],[],"[""2025-10-08T16:55:00.000""]","[""2166298"", ""2166299""]","[""UNKNOWN""]","[""IL""]","[""LAND ROVER""]","[""ENTERING TRAFFIC LANE FROM PARKING""]","[""RANGE ROVER (EVOQUE / SPORT / VELAR)""]","[""1""]","[""N""]","[""1"", ""2""]","[""BICYCLE"", ""DRIVER""]","[""UNKNOWN""]","[""2065006""]","[""SPORT UTILITY VEHICLE (SUV)""]","[""PERSONAL""]","[""2017""]",[],[],[],[],[],[],"[""Y""]",[],[],[],[],[],[],[],[],[],['27'],"[""DEPLOYMENT UNKNOWN""]","[""TEST NOT OFFERED""]","[""CHICAGO""]","[""2025-10-08T16:55:00.000""]","[""FAILED TO YIELD"", ""NONE""]","[""UNKNOWN""]",[],[],"[""NONE"", ""UNKNOWN""]",[],"[""O2166298"", ""O2166299""]","[""BICYCLE"", ""DRIVER""]","[""NORMAL"", ""UNKNOWN""]","[""HELMET NOT USED"", ""USAGE UNKNOWN""]","[""F"", ""M""]","[""IL""]","[""2065006""]","[""60625""]",[],[],"[""CROSSING - NO CONTROLS (AT INTERSECTION)""]","[""IN ROADWAY""]","[""NO CONTRASTING CLOTHING""]",[],2025,10,16,8,False,afternoon,41.95,-87.72,41.95_-87.72,27.0,27,27,FAILURE-TO-YIELD,0
STRAIGHT AND LEVEL,1713,2025-10-08 16:50:00,4,16,10,9EE49F007B882C9817AFEBFA0128310713958560B450BCE3FB4AB5A76CB9983E12878FB11E08F0B62DDB4B8216F7AB92DB28BBEA0572EA62EF35EC3ED419DAE1,NO INJURY / DRIVE AWAY,"OVER $1,500",NO CONTROLS,PARKED MOTOR VEHICLE,41.9683240222,DAYLIGHT,-87.7104633498,2,25,UNABLE TO DETERMINE,UNKNOWN,DRY,NOT APPLICABLE,W,3249,NO CONTROLS,DIVIDED - W/MEDIAN (NOT RAISED),CLEAR,0.0,1.0,0.0,0.0,0.0,1.0,2,0,[],[],"[""Y""]","[""2025-10-08T16:50:00.000""]","[""2166365"", ""2166366""]","[""FRONT"", ""REAR-LEFT-CORNER""]","[""IL""]","[""JEEP"", ""KIA""]","[""OTHER"", ""PARKED""]","[""JEEP"", ""SORENTO""]","[""0"", ""2""]","[""UNKNOWN""]","[""1"", ""2""]","[""DRIVER"", ""PARKED""]","[""UNKNOWN""]","[""2065069"", ""2065074""]","[""PASSENGER""]","[""NOT IN USE"", ""UNKNOWN/NA""]","[""2012""]",[],[],[],[],[],[],[],[],[],[],"[""1""]",[],[],[],"[""N"", ""Y""]",[],[],"[""DEPLOYMENT UNKNOWN""]","[""TEST NOT OFFERED""]",[],"[""2025-10-08T16:50:00.000""]","[""UNKNOWN""]","[""UNKNOWN""]",[],[],"[""UNKNOWN""]",[],"[""O2166365"", ""P478014""]","[""DRIVER"", ""PASSENGER""]","[""UNKNOWN""]","[""USAGE UNKNOWN""]","[""M""]",[],"[""2065069""]",[],[],"[""2""]",[],[],[],[],2025,10,16,8,False,afternoon,41.97,-87.71,41.97_-87.71,0.0,0,0,OTHER,0
STRAIGHT AND LEVEL,432,2025-10-08 16:49:00,4,16,10,A9F28B4B7C14BCE0BE1DB1AF80CBF2CAE935F62659F3B1BA4A79498F8BD63D7B30EBD9BDF9DA73A20083A0696B0DE382FB3E38BC2B63DEAEC6D02A3DC9AC78DE,NO INJURY / DRIVE AWAY,"OVER $1,500",FUNCTIONING PROPERLY,TURNING,41.7028251548,DAYLIGHT,-87.5354302885,2,30,FAILING TO YIELD RIGHT-OF-WAY,NO DEFECTS,DRY,NOT APPLICABLE,S,10558,TRAFFIC SIGNAL,FOUR WAY,CLEAR,0.0,0.0,1.0,0.0,0.0,1.0,1,2,"[""Y""]",[],"[""Y""]","[""2025-10-08T16:49:00.000""]","[""2166287"", ""2166288""]","[""FRONT""]","[""IL""]","[""CHEVROLET"", ""NISSAN""]","[""STRAIGHT AHEAD"", ""TURNING LEFT""]","[""IMPALA"", ""SENTRA""]","[""1"", ""2""]","[""N"", ""SE""]","[""1"", ""2""]","[""DRIVER""]","[""NONE""]","[""2064986"", ""2065003""]","[""PASSENGER""]","[""PERSONAL""]","[""2014"", ""2018""]",[],[],"[""Y""]",[],[],[],[],[],[],[],"[""1""]",[],[],[],[],[],"['20', '61']","[""DEPLOYED, FRONT"", ""DID NOT DEPLOY""]","[""TEST NOT OFFERED""]","[""CHICAGO""]","[""2025-10-08T16:49:00.000""]","[""IMPROPER TURN"", ""NONE""]","[""NOT OBSCURED""]","[""D""]","[""IL""]","[""NONE""]",[],"[""O2166287"", ""O2166288"", ""P477983""]","[""DRIVER"", ""PASSENGER""]","[""NORMAL""]","[""USAGE UNKNOWN""]","[""F"", ""M""]","[""IL""]","[""2064986"", ""2065003""]","[""60617""]","[""CFD 74""]","[""3""]",[],[],[],[],2025,10,16,8,False,afternoon,41.7,-87.54,41.7_-87.54,40.5,20,61,FAILURE-TO-YIELD,0
STRAIGHT AND LEVEL,2234,2025-10-08 16:45:00,4,16,10,A4EF5628E75294E215B9B4070E161DB1A3F08A1E59ED8D505DE201DF5A8CF97BB30DC6FAFA6ED82A5611D209A4B7A36CC52724A7D6EF26156312E0F4D5665DC6,NO INJURY / DRIVE AWAY,"OVER $1,500",FUNCTIONING PROPERLY,TURNING,41.6924089776,DAYLIGHT,-87.6471849566,2,30,UNABLE TO DETERMINE,UNKNOWN,DRY,UNABLE TO DETERMINE,W,958,STOP SIGN/FLASHER,T-INTERSECTION,CLEAR,0.0,0.0,1.0,0.0,0.0,1.0,1,2,"[""Y""]",[],"[""Y""]","[""2025-10-08T16:45:00.000""]","[""2166251"", ""2166252""]","[""FRONT"", ""SIDE-LEFT""]","[""IL""]","[""CHEVROLET"", ""FORD""]","[""STRAIGHT AHEAD"", ""TURNING LEFT""]","[""EQUINOX"", ""FOCUS""]","[""1""]","[""E"", ""W""]","[""1"", ""2""]","[""DRIVER""]","[""UNKNOWN""]","[""2064955"", ""2064965""]","[""PASSENGER"", ""SPORT UTILITY VEHICLE (SUV)""]","[""PERSONAL""]","[""2011""]",[],[],"[""Y""]",[],[],[],"[""Y""]","[""Y""]","[""Y""]",[],[],"[""Y""]",[],[],[],[],"['24', '25']","[""DEPLOYED, SIDE"", ""NOT APPLICABLE""]","[""TEST NOT OFFERED""]","[""CHICAGO"", ""TINLEY PARK""]","[""2025-10-08T16:45:00.000""]","[""UNKNOWN""]","[""UNKNOWN""]","[""B"", ""D""]","[""IL""]","[""NONE""]",[],"[""O2166251"", ""O2166252""]","[""DRIVER""]","[""NORMAL""]","[""USAGE UNKNOWN""]","[""F"", ""M""]","[""IL""]","[""2064955"", ""2064965""]","[""60477"", ""60643""]",[],[],[],[],[],[],2025,10,16,8,False,afternoon,41.69,-87.65,41.69_-87.65,24.5,24,25,OTHER,0
STRAIGHT AND LEVEL,124,2025-10-08 16:40:00,4,16,10,8FD8750BA54907F2DC1A7DE0B403DEC0EB7D1A9B201999022B727B718859DB27BB789F7954024A80BE2F9AF9452538406990FD6DC9F575A60027C9492FA83304,INJURY AND / OR TOW DUE TO CRASH,"OVER $1,500",NO CONTROLS,PEDALCYCLIST,41.8673229935,DAYLIGHT,-87.642654233,2,30,DRIVING SKILLS/KNOWLEDGE/EXPERIENCE,NO DEFECTS,DRY,NOT APPLICABLE,W,610,NO CONTROLS,DIVIDED - W/MEDIAN (NOT RAISED),CLEAR,0.0,0.0,0.0,0.0,0.0,1.0,2,2,[],[],[],"[""2025-10-08T16:40:00.000""]","[""2166289"", ""2166315""]","[""SIDE-LEFT-FRONT""]","[""IL""]","[""HYUNDAI""]","[""STRAIGHT AHEAD""]","[""TUCSON""]","[""1""]","[""W""]","[""1"", ""2""]","[""BICYCLE"", ""DRIVER""]","[""UNKNOWN""]","[""2064993""]","[""SPORT UTILITY VEHICLE (SUV)""]","[""PERSONAL""]","[""2012""]",[],[],[],[],[],[],[],[],"[""Y""]",[],[],[],[],[],[],[],"['41', '58']","[""DID NOT DEPLOY""]","[""TEST NOT OFFERED""]","[""CHICAGO"", ""OAK PARK""]","[""2025-10-08T16:40:00.000""]","[""FAILED TO YIELD"", ""NONE""]","[""NOT OBSCURED"", ""UNKNOWN""]","[""D""]","[""IL""]","[""NONE""]","[""RUSH""]","[""O2166289"", ""O2166315""]","[""BICYCLE"", ""DRIVER""]","[""NORMAL""]","[""BICYCLE HELMET (PEDACYCLIST INVOLVED ONLY)"", ""SAFETY BELT NOT USED""]","[""M""]","[""IL""]","[""2064993""]","[""60302"", ""60620""]","[""CFD""]",[],"[""WITH TRAFFIC""]","[""IN ROADWAY""]","[""CONTRASTING CLOTHING""]",[],2025,10,16,8,False,afternoon,41.87,-87.64,41.87_-87.64,49.5,41,58,OTHER,1
STRAIGHT AND LEVEL,2533,2025-10-08 16:40:00,4,16,10,9AF26F329905DD0DDF995FD30DC9C49C894DCD6233DA3714A08737282D66618FE583EEE5CA1792748CAE3C833F0461DDAF24EF71F0DA6D2426050CDD50822A23,NO INJURY / DRIVE AWAY,"OVER $1,500",NO CONTROLS,PARKED MOTOR VEHICLE,41.909764527,DAYLIGHT,-87.7433762957,2,15,UNABLE TO DETERMINE,UNKNOWN,DRY,UNABLE TO DETERMINE,W,4650,NO CONTROLS,OTHER,CLEAR,1.0,0.0,0.0,0.0,0.0,1.0,2,2,[],[],[],"[""2025-10-08T16:40:00.000""]","[""2166351"", ""2166352""]","[""SIDE-LEFT-REAR"", ""SIDE-RIGHT""]","[""IL""]","[""BUICK"", ""NISSAN""]","[""PARKED"", ""TURNING RIGHT""]","[""ENCLAVE"", ""ROGUE""]","[""2"", ""6""]","[""N""]","[""1"", ""2""]","[""DRIVER"", ""PARKED""]","[""UNKNOWN""]","[""2065066"", ""2065083""]","[""PASSENGER""]","[""PERSONAL"", ""UNKNOWN/NA""]","[""2017"", ""2021""]","[""Y""]","[""Y""]",[],[],[],"[""Y""]",[],[],[],[],"[""1"", ""6""]","[""Y""]",[],"[""Y""]","[""Y""]",[],"['62', '68']","[""DID NOT DEPLOY"", ""NOT APPLICABLE""]","[""TEST NOT OFFERED""]","[""CHICAGO""]","[""2025-10-08T16:40:00.000""]","[""IMPROPER PARKING""]","[""UNKNOWN""]","[""D""]","[""IL""]","[""NONE""]",[],"[""O2166351"", ""P477997"", ""P477998"", ""P478000"", ""P478001"", ""P478002"", ""P478011"", ""P478016""]","[""DRIVER"", ""PASSENGER""]","[""NORMAL""]","[""USAGE UNKNOWN""]","[""F"", ""M""]","[""IL""]","[""2065066"", ""2065083""]","[""60612""]",[],"[""1"", ""10"", ""3"", ""4"", ""5"", ""6""]",[],[],[],[],2025,10,16,8,False,afternoon,41.91,-87.74,41.91_-87.74,65.0,62,68,OTHER,0