alignment,beat_of_occurrence,crash_date,crash_day_of_week,crash_hour,crash_month,crash_record_id,crash_type,damage,device_condition,first_crash_type,latitude,lighting_condition,longitude,num_units,posted_speed_limit,prim_contributory_cause,road_defect,roadway_surface_cond,sec_contributory_cause,street_direction,street_no,traffic_control_device,trafficway_type,weather_condition,private_property_i,hit_and_run_i,intersection_related_i,crash_date_est_i,work_zone_i,workers_present_i,veh_count,ppl_count,veh_area_01_i_list_json,veh_area_02_i_list_json,veh_area_12_i_list_json,veh_crash_date_list_json,veh_crash_unit_id_list_json,veh_first_contact_point_list_json,veh_lic_plate_state_list_json,veh_make_list_json,veh_maneuver_list_json,veh_model_list_json,veh_occupant_cnt_list_json,veh_travel_direction_list_json,veh_unit_no_list_json,veh_unit_type_list_json,veh_vehicle_defect_list_json,veh_vehicle_id_list_json,veh_vehicle_type_list_json,veh_vehicle_use_list_json,veh_vehicle_year_list_json,veh_area_03_i_list_json,veh_area_04_i_list_json,veh_area_11_i_list_json,veh_towed_by_list_json,veh_towed_i_list_json,veh_area_07_i_list_json,veh_area_99_i_list_json,veh_area_09_i_list_json,veh_area_10_i_list_json,veh_cmrc_veh_i_list_json,veh_num_passengers_list_json,veh_area_08_i_list_json,veh_area_00_i_list_json,veh_area_05_i_list_json,veh_area_06_i_list_json,veh_towed_to_list_json,ppl_age_list_json,ppl_airbag_deployed_list_json,ppl_bac_result_list_json,ppl_city_list_json,ppl_crash_date_list_json,ppl_driver_action_list_json,ppl_driver_vision_list_json,ppl_drivers_license_class_list_json,ppl_drivers_license_state_list_json,ppl_ejection_list_json,ppl_hospital_list_json,ppl_person_id_list_json,ppl_person_type_list_json,ppl_physical_condition_list_json,ppl_safety_equipment_list_json,ppl_sex_list_json,ppl_state_list_json,ppl_vehicle_id_list_json,ppl_zipcode_list_json,ppl_ems_agency_list_json,ppl_seat_no_list_json,ppl_pedpedal_action_list_json,ppl_pedpedal_location_list_json,ppl_pedpedal_visibility_list_json,ppl_ems_run_no_list_json,year,month,hour,day,is_weekend,hour_bin,lat_bin,lng_bin,grid_id,ppl_age_mean,ppl_age_min,ppl_age_max,prim_contributory_cause_group,ksi_flag
STRAIGHT AND LEVEL,1611,2025-10-08 16:38:00,4,16,10,71DF5F291E9A501AFB4632A30927F37BBAB5F729E2D6A98CC72082DB8A79E86FF5DCAE29B55D55C82CC37768CA1DC4664CAB5870B7DFE1569A8024978B5427A1,NO INJURY / DRIVE AWAY,"OVER $1,500",NO CONTROLS,REAR TO SIDE,41.9959852861,DAYLIGHT,-87.7876371171,2,15,UNABLE TO DETERMINE,NO DEFECTS,DRY,UNABLE TO DETERMINE,N,6312,NO CONTROLS,PARKING LOT,CLEAR,1.0,0.0,0.0,0.0,0.0,1.0,1,2,[],[],[],"[""2025-10-08T16:38:00.000""]","[""2166260"", ""2166261""]","[""REAR"", ""SIDE-LEFT""]","[""IL""]","[""LEXUS"", ""TOYOTA""]","[""BACKING"", ""STRAIGHT AHEAD""]","[""CAMRY"", ""ES300""]","[""1""]","[""NE"", ""S""]","[""1"", ""2""]","[""DRIVER""]","[""NONE""]","[""2064972"", ""2064983""]","[""PASSENGER""]","[""PERSONAL""]","[""1997"", ""2014""]",[],[],[],[],[],"[""Y""]",[],[],[],[],[],[],"[""Y""]","[""Y""]","[""Y""]",[],"['40', '63']","[""NOT APPLICABLE""]","[""TEST NOT OFFERED""]","[""CHICAGO""]","[""2025-10-08T16:38:00.000""]","[""NONE""]","[""UNKNOWN""]","[""D""]","[""IL""]","[""NONE""]",[],"[""O2166260"", ""O2166261""]","[""DRIVER""]","[""NORMAL""]","[""SAFETY BELT USED""]","[""F"", ""M""]","[""IL""]","[""2064972"", ""2064983""]","[""60631""]",[],[],[],[],[],[],2025,10,16,8,False,afternoon,42.0,-87.79,42.0_-87.79,51.5,40,63,OTHER,0
STRAIGHT AND LEVEL,735,2025-10-08 16:37:00,4,16,10,5FD86A489A65719BB1E1191E7F1EA1EB7D7BF103F68B32A70F53A36F830C1FE11B9CEA6BDE26D6E3AAF8989AAAD0FC1EAD1AD6C8F0036F786EFDD78BDA3AC509,NO INJURY / DRIVE AWAY,"OVER $1,500",NO CONTROLS,PARKED MOTOR VEHICLE,41.7644751949,DAYLIGHT,-87.6639188576,2,30,DRIVING SKILLS/KNOWLEDGE/EXPERIENCE,NO DEFECTS,DRY,NOT APPLICABLE,S,7114,NO CONTROLS,DIVIDED - W/MEDIAN BARRIER,CLEAR,0.0,1.0,0.0,0.0,0.0,1.0,2,0,[],[],[],"[""2025-10-08T16:37:00.000""]","[""2166247"", ""2166248""]","[""REAR-LEFT-CORNER"", ""UNKNOWN""]","[""IL""]","[""KIA"", ""VOLKSWAGEN""]","[""PARKED"", ""STRAIGHT AHEAD""]","[""FORTE"", ""JETTA""]","[""0"", ""1""]","[""S""]","[""1"", ""2""]","[""DRIVER"", ""PARKED""]","[""NONE"", ""UNKNOWN""]","[""2064945"", ""2064950""]","[""PASSENGER""]","[""PERSONAL"", ""UNKNOWN/NA""]","[""2014""]",[],[],[],[],[],"[""Y""]",[],[],[],[],[],"[""Y""]",[],[],[],[],[],"[""DEPLOYMENT UNKNOWN""]","[""TEST NOT OFFERED""]",[],"[""2025-10-08T16:37:00.000""]","[""UNKNOWN""]","[""UNKNOWN""]",[],[],"[""UNKNOWN""]",[],"[""O2166247""]","[""DRIVER""]","[""UNKNOWN""]","[""USAGE UNKNOWN""]","[""F""]",[],"[""2064950""]",[],[],[],[],[],[],[],2025,10,16,8,False,afternoon,41.76,-87.66,41.76_-87.66,0.0,0,0,OTHER,0
STRAIGHT AND LEVEL,212,2025-10-08 16:37:00,4,16,10,8AB4E5C57FF581EF56B93046D0F60B6228173F2DEF61E6E806165F2F73748CAFCF7FFBE8379244012B17E3B2D75C7BFC6F4E3F6FAE2222148E6B3770C45B6464,NO INJURY / DRIVE AWAY,"OVER $1,500",FUNCTIONING PROPERLY,SIDESWIPE SAME DIRECTION,41.8240869078,DAYLIGHT,-87.6068532273,2,30,IMPROPER OVERTAKING/PASSING,NO DEFECTS,DRY,NOT APPLICABLE,E,800,TRAFFIC SIGNAL,NOT DIVIDED,CLEAR,0.0,0.0,1.0,0.0,0.0,1.0,1,2,"[""Y""]","[""Y""]",[],"[""2025-10-08T16:37:00.000""]","[""2166262"", ""2166263""]","[""FRONT-LEFT-CORNER"", ""SIDE-LEFT-REAR""]","[""IL"", ""MI""]","[""NEW FLYER"", ""NISSAN""]","[""ENTERING TRAFFIC LANE FROM PARKING"", ""STARTING IN TRAFFIC""]","[""ALTIMA"", ""OTHER (EXPLAIN IN NARRATIVE)""]","[""1""]","[""E""]","[""1"", ""2""]","[""DRIVER""]","[""NONE""]","[""2064980"", ""2064996""]","[""BUS OVER 15 PASS."", ""PASSENGER""]","[""CTA"", ""PERSONAL""]","[""2006"", ""2023""]","[""Y""]",[],[],[],[],"[""Y""]",[],"[""Y""]",[],[],[],"[""Y""]",[],[],[],[],"['28', '30']","[""DID NOT DEPLOY"", ""NOT APPLICABLE""]","[""TEST NOT OFFERED""]","[""CHICAGO""]","[""2025-10-08T16:37:00.000""]","[""IMPROPER PASSING"", ""NONE""]","[""NOT OBSCURED""]","[""B"", ""D""]","[""IL""]","[""NONE""]",[],"[""O2166262"", ""O2166263""]","[""DRIVER""]","[""NORMAL""]","[""SAFETY BELT USED""]","[""M""]","[""IL""]","[""2064980"", ""2064996""]","[""60619"", ""60637""]",[],[],[],[],[],[],2025,10,16,8,False,afternoon,41.82,-87.61,41.82_-87.61,29.0,28,30,OTHER,0
STRAIGHT AND LEVEL,2412,2025-10-08 16:35:00,4,16,10,B28604CBED2DEF74F76967A4260E6750BC8BD39792A67782D1D8514E8654F8C88887862E83AD6657AF0D321E35039148E2EA0F3F5BE68F15F42D31E0E8D3A066,NO INJURY / DRIVE AWAY,"$501 - $1,500",NO CONTROLS,PARKED MOTOR VEHICLE,41.9980927002,DAYLIGHT,-87.6836521499,2,30,IMPROPER TURNING/NO SIGNAL,NO DEFECTS,DRY,IMPROPER OVERTAKING/PASSING,N,6407,NO CONTROLS,ONE-WAY,CLEAR,0.0,0.0,0.0,0.0,0.0,1.0,2,1,[],[],[],"[""2025-10-08T16:35:00.000""]","[""2166302"", ""2166303""]","[""REAR-RIGHT-CORNER"", ""SIDE-LEFT""]","[""IL""]","[""MERCEDES-BENZ"", ""TOYOTA""]","[""PARKED"", ""TURNING LEFT""]","[""CAMRY"", ""SPRINTER""]","[""0"", ""1""]","[""S""]","[""1"", ""2""]","[""DRIVER"", ""PARKED""]","[""NONE""]","[""2065005"", ""2065013""]","[""PASSENGER"", ""VAN/MINI-VAN""]","[""COMMERCIAL - SINGLE UNIT"", ""PERSONAL""]","[""2016"", ""2023""]",[],"[""N""]",[],[],[],[],[],"[""Y""]",[],[],[],[],[],"[""Y""]",[],[],['56'],"[""NOT APPLICABLE""]","[""TEST NOT OFFERED""]","[""CHICAGO""]","[""2025-10-08T16:35:00.000""]","[""IMPROPER TURN""]","[""NOT OBSCURED""]","[""D""]","[""IL""]","[""NONE""]",[],"[""O2166302""]","[""DRIVER""]","[""NORMAL""]","[""SAFETY BELT USED""]","[""M""]","[""IL""]","[""2065005""]","[""60660""]",[],[],[],[],[],[],2025,10,16,8,False,afternoon,42.0,-87.68,42.0_-87.68,56.0,56,56,OTHER,0
STRAIGHT AND LEVEL,1731,2025-10-08 16:32:00,4,16,10,1AEEC48980C3BD2CCBEDAEE9DA9D3E4E7FCE561C67072512367F96D3B5C87A1F215372E77E30ED00C55DF618D2DB5442DA8CC2C06CEE0C44BDBC16E5A52E4B15,INJURY AND / OR TOW DUE TO CRASH,"OVER $1,500",NO CONTROLS,PARKED MOTOR VEHICLE,41.9442406303,DAYLIGHT,-87.7274808627,2,30,UNABLE TO DETERMINE,NO DEFECTS,DRY,UNABLE TO DETERMINE,N,3452,NO CONTROLS,NOT DIVIDED,CLEAR,0.0,0.0,0.0,0.0,0.0,1.0,2,1,"[""Y""]","[""Y""]","[""Y""]","[""2025-10-08T16:32:00.000""]","[""2166268"", ""2166269""]","[""FRONT-RIGHT-CORNER"", ""SIDE-LEFT""]","[""IL""]","[""JEEP"", ""TOYOTA""]","[""PARKED"", ""STRAIGHT AHEAD""]","[""CAMRY"", ""WRANGLER""]","[""0"", ""1""]","[""S""]","[""1"", ""2""]","[""DRIVER"", ""PARKED""]","[""UNKNOWN""]","[""2064975"", ""2064988""]","[""PASSENGER""]","[""PERSONAL"", ""TAXI/FOR HIRE""]","[""2018"", ""2025""]","[""Y""]",[],"[""Y""]","[""PRIVATE INSURANCE""]","[""Y""]",[],[],"[""Y""]","[""Y""]",[],[],"[""Y""]",[],[],[],"[""PRIVATE INSURANCE""]",['19'],"[""NOT APPLICABLE""]","[""TEST NOT OFFERED""]","[""CHICAGO""]","[""2025-10-08T16:32:00.000""]","[""UNKNOWN""]","[""UNKNOWN""]","[""D""]","[""IL""]","[""NONE""]","[""REFUSED MEDICAL ATTENTION""]","[""O2166269""]","[""DRIVER""]","[""NORMAL""]","[""USAGE UNKNOWN""]","[""F""]","[""IL""]","[""2064988""]","[""60618""]",[],[],[],[],[],[],2025,10,16,8,False,afternoon,41.94,-87.73,41.94_-87.73,19.0,19,19,OTHER,0
STRAIGHT AND LEVEL,2432,2025-10-08 16:30:00,4,16,10,F2EEC2E0265C65F5EAFDE5869D7E7361183B022350474A2D0E949E1591F5C9BA16B607EA69A15C18AF4A60E03B3C880E14D2BCE32D1996BBEFE56501B2F3E7C0,NO INJURY / DRIVE AWAY,$500 OR LESS,NO CONTROLS,PEDESTRIAN,41.9998938718,UNKNOWN,-87.660837285,2,30,UNABLE TO DETERMINE,UNKNOWN,UNKNOWN,UNABLE TO DETERMINE,N,6460,NO CONTROLS,DIVIDED - W/MEDIAN (NOT RAISED),CLEAR,0.0,1.0,0.0,0.0,0.0,1.0,2,0,[],[],[],"[""2025-10-08T16:30:00.000""]","[""2166285"", ""2166286""]","[""FRONT-RIGHT-CORNER""]","[""IL""]","[""HONDA""]","[""STRAIGHT AHEAD""]","[""CR-V""]","[""1""]","[""N""]","[""1"", ""2""]","[""DRIVER"", ""PEDESTRIAN""]","[""UNKNOWN""]","[""2064978""]","[""PASSENGER""]","[""PERSONAL""]","[""2004""]",[],[],[],[],[],[],[],[],[],[],[],[],"[""Y""]",[],[],[],[],"[""DID NOT DEPLOY""]","[""TEST NOT OFFERED""]","[""CHICAGO""]","[""2025-10-08T16:30:00.000""]","[""UNKNOWN""]","[""UNKNOWN""]",[],"[""IL""]","[""NONE""]",[],"[""O2166285"", ""O2166286""]","[""DRIVER"", ""PEDESTRIAN""]","[""UNKNOWN""]","[""USAGE UNKNOWN""]","[""F"", ""M""]","[""IL""]","[""2064978""]","[""60626""]",[],[],"[""CROSSING - CONTROLS PRESENT (NOT AT INTERSECTION)""]","[""IN ROADWAY""]","[""NO CONTRASTING CLOTHING""]",[],2025,10,16,8,False,afternoon,42.0,-87.66,42.0_-87.66,0.0,0,0,OTHER,0
STRAIGHT AND LEVEL,1623,2025-10-08 16:30:00,4,16,10,33CCDFEB33C8669DE8D82E6451BA47CADD6F7A5F5B81223B99C9159FE52DCCD7061DB04BC4A75A1443183749F08D814DF6196E3D78D1F0F554343CC498B30B51,NO INJURY / DRIVE AWAY,"$501 - $1,500",NO CONTROLS,SIDESWIPE SAME DIRECTION,41.9679843041,DAYLIGHT,-87.7601804448,2,30,IMPROPER OVERTAKING/PASSING,NO DEFECTS,DRY,IMPROPER OVERTAKING/PASSING,W,5316,NO CONTROLS,NOT DIVIDED,CLEAR,0.0,1.0,0.0,0.0,0.0,1.0,1,1,[],[],[],"[""2025-10-08T16:30:00.000""]","[""2166230"", ""2166231""]","[""REAR-LEFT-CORNER"", ""UNKNOWN""]","[""IL"", ""MI""]","[""ALPHA"", ""LEXUS""]","[""MERGING"", ""STRAIGHT AHEAD""]","[""ALPHA"", ""OTHER (EXPLAIN IN NARRATIVE)""]","[""1""]","[""W""]","[""1"", ""2""]","[""DRIVER""]","[""NONE""]","[""2064936"", ""2064951""]","[""PASSENGER"", ""VAN/MINI-VAN""]","[""OTHER"", ""UNKNOWN/NA""]","[""2007"", ""2022""]",[],[],[],[],[],"[""Y""]","[""Y""]",[],[],[],[],"[""Y""]",[],[],[],[],['44'],"[""DEPLOYMENT UNKNOWN"", ""NOT APPLICABLE""]","[""TEST NOT OFFERED""]","[""CHICAGO""]","[""2025-10-08T16:30:00.000""]","[""NONE"", ""UNKNOWN""]","[""NOT OBSCURED"", ""UNKNOWN""]",[],"[""IL""]","[""NONE"", ""UNKNOWN""]",[],"[""O2166230"", ""O2166231""]","[""DRIVER""]","[""NORMAL"", ""UNKNOWN""]","[""SAFETY BELT USED"", ""USAGE UNKNOWN""]","[""M"", ""X""]","[""IL""]","[""2064936"", ""2064951""]","[""60625""]",[],[],[],[],[],[],2025,10,16,8,False,afternoon,41.97,-87.76,41.97_-87.76,44.0,44,44,OTHER,0
STRAIGHT AND LEVEL,1811,2025-10-08 16:30:00,4,16,10,1EAB50F3083A67C3ADB8A51037CA6AF11EF1A3CBBCB215ADE50D0A50F978CB2A9C7E6ED98E7158A6379926F1401F5CC51EA5ADF91069A12D59C8E42053F19548,NO INJURY / DRIVE AWAY,"OVER $1,500",NO CONTROLS,REAR TO FRONT,41.9251257435,DAYLIGHT,-87.6621627502,2,30,UNABLE TO DETERMINE,NO DEFECTS,DRY,NOT APPLICABLE,W,1341,NO CONTROLS,OTHER,CLEAR,0.0,0.0,0.0,0.0,0.0,1.0,1,2,[],[],"[""Y""]","[""2025-10-08T16:30:00.000""]","[""2167210"", ""2167211""]","[""FRONT"", ""REAR""]","[""IN"", ""MA""]","[""CHEVROLET"", ""FORD""]","[""BACKING"", ""STRAIGHT AHEAD""]","[""EQUINOX"", ""F350""]","[""1""]","[""N"", ""S""]","[""1"", ""2""]","[""DRIVER""]","[""NONE""]","[""2065879"", ""2065881""]","[""PASSENGER"", ""PICKUP""]","[""PERSONAL""]","[""2015""]",[],[],[],[],[],[],[],[],[],[],[],[],[],[],"[""Y""]",[],"['23', '54']","[""DID NOT DEPLOY"", ""NOT APPLICABLE""]","[""TEST NOT OFFERED""]","[""CHICAGO"", ""WHEATFIELD""]","[""2025-10-08T16:30:00.000""]","[""NONE""]","[""NOT OBSCURED"", ""UNKNOWN""]",[],"[""IN"", ""PA""]","[""NONE""]",[],"[""O2167210"", ""O2167211""]","[""DRIVER""]","[""NORMAL""]","[""SAFETY BELT USED""]","[""F"", ""M""]","[""IL"", ""IN""]","[""2065879"", ""2065881""]","[""46392""]",[],[],[],[],[],[],2025,10,16,8,False,afternoon,41.93,-87.66,41.93_-87.66,38.5,23,54,OTHER,0
STRAIGHT AND LEVEL,2535,2025-10-08 16:30:00,4,16,10,0715AA64F2985E6E4F280171E35940FFF97859C62E2525D636213CBCB12778F9CCA83C19F80B36139B0FDEA4137929A5808A3DBFECDA91DCAB7063648E392D99,INJURY AND / OR TOW DUE TO CRASH,"OVER $1,500",NO CONTROLS,REAR END,41.9154407553,DAYLIGHT,-87.7263701278,2,30,FAILING TO REDUCE SPEED TO AVOID CRASH,NO DEFECTS,DRY,NOT APPLICABLE,N,1901,NO CONTROLS,NOT DIVIDED,CLEAR,0.0,0.0,0.0,0.0,0.0,1.0,1,3,"[""Y""]",[],"[""Y""]","[""2025-10-08T16:30:00.000""]","[""2166316"", ""2166317""]","[""FRONT"", ""REAR""]","[""IL""]","[""FORD"", ""LAND ROVER""]","[""SLOW/STOP IN TRAFFIC"", ""STRAIGHT AHEAD""]","[""ESCAPE"", ""RANGE ROVER (EVOQUE / SPORT / VELAR)""]","[""1"", ""2""]","[""N""]","[""1"", ""2""]","[""DRIVER""]","[""UNKNOWN""]","[""2065019"", ""2065022""]","[""UNKNOWN/NA""]","[""UNKNOWN/NA""]","[""2017"", ""2018""]",[],[],"[""Y""]","[""private tow""]","[""Y""]","[""Y""]",[],[],[],[],"[""1""]",[],[],"[""Y""]","[""Y""]","[""unknown""]","['22', '36', '38']","[""NOT APPLICABLE""]","[""TEST NOT OFFERED""]","[""BELLWOOD"", ""CHICAGO""]","[""2025-10-08T16:30:00.000""]","[""NONE"", ""TOO FAST FOR CONDITIONS""]","[""UNKNOWN""]","[""D""]","[""IL""]","[""NONE""]","[""HUMBOLDT PARK HOSPITAL""]","[""O2166316"", ""O2166317"", ""P477989""]","[""DRIVER"", ""PASSENGER""]","[""NORMAL""]","[""USAGE UNKNOWN""]","[""F"", ""M""]","[""IL""]","[""2065019"", ""2065022""]","[""60104"", ""60634""]","[""3""]","[""3""]",[],[],[],[],2025,10,16,8,False,afternoon,41.92,-87.73,41.92_-87.73,32.0,22,38,SPEEDING,1
STRAIGHT AND LEVEL,713,2025-10-08 16:28:00,4,16,10,34715B2B188F20A192DCC2B46D39547B1295E2371DF28A3B2051FFD7348F3195C7458FF6627F8F248D617EE7DC280C9113910F2B02CF7398FBF2D9E0E2E4478B,NO INJURY / DRIVE AWAY,"OVER $1,500",FUNCTIONING PROPERLY,SIDESWIPE SAME DIRECTION,41.7869949984,DAYLIGHT,-87.6547475021,2,35,UNABLE TO DETERMINE,UNKNOWN,DRY,NOT APPLICABLE,W,1200,TRAFFIC SIGNAL,NOT DIVIDED,CLEAR,0.0,1.0,0.0,0.0,0.0,1.0,1,0,"[""Y""]","[""Y""]",[],"[""2025-10-08T16:28:00.000""]","[""2184111"", ""2184112""]","[""SIDE-LEFT"", ""SIDE-RIGHT""]","[""IL""]","[""GENERAL MOTORS CORPORATION (GMC)"", ""UNKNOWN""]","[""STRAIGHT AHEAD""]","[""OTHER (EXPLAIN IN NARRATIVE)""]","[""1""]","[""SW"", ""W""]","[""1"", ""2""]","[""DRIVER""]","[""UNKNOWN""]","[""2081907"", ""2081908""]","[""PASSENGER"", ""TRACTOR W/ SEMI-TRAILER""]","[""OTHER"", ""PERSONAL""]","[""2020""]",[],[],"[""Y""]",[],[],[],[],[],"[""Y""]",[],[],[],[],[],[],[],[],"[""DEPLOYMENT UNKNOWN"", ""DID NOT DEPLOY""]","[""TEST NOT OFFERED""]",[],"[""2025-10-08T16:28:00.000""]","[""NONE"", ""UNKNOWN""]","[""UNKNOWN""]",[],[],"[""NONE""]",[],"[""O2184111"", ""O2184112""]","[""DRIVER""]","[""UNKNOWN""]","[""USAGE UNKNOWN""]","[""F"", ""M""]",[],"[""2081907"", ""2081908""]",[],[],[],[],[],[],[],2025,10,16,8,False,afternoon,41.79,-87.65,41.79_-87.65,0.0,0,0,OTHER,0
STRAIGHT AND LEVEL,1925,2025-10-08 16:15:00,4,16,10,E832DB4A7DCB239A28B92953A319BF7809A1A467450A720C75784AD35B32B1688058E61DFF9D457432C4488FCA9E4D757070F7AF9287C11379D3D956BA4CA8E9,NO INJURY / DRIVE AWAY,"OVER $1,500",NO CONTROLS,TURNING,41.950676839,DAYLIGHT,-87.643784743,2,25,UNABLE TO DETERMINE,NO DEFECTS,DRY,UNABLE TO DETERMINE,N,3700,NO CONTROLS,NOT DIVIDED,CLEAR,0.0,0.0,0.0,0.0,0.0,1.0,1,1,[],"[""Y""]",[],"[""2025-10-08T16:15:00.000""]","[""2166296"", ""2166297""]","[""FRONT-LEFT-CORNER"", ""SIDE-RIGHT""]","[""IL""]","[""HONDA"", ""VOLKSWAGEN""]","[""PASSING/OVERTAKING"", ""TURNING LEFT""]","[""OTHER (EXPLAIN IN NARRATIVE)""]","[""1""]","[""N""]","[""1"", ""2""]","[""DRIVER""]","[""NONE"", ""OTHER""]","[""2065030"", ""2065111""]","[""PASSENGER""]","[""PERSONAL""]","[""2019"", ""2023""]","[""Y""]","[""Y""]","[""Y""]",[],[],[],[],[],[],[],[],[],[],[],[],[],['0'],"[""DEPLOYMENT UNKNOWN"", ""DID NOT DEPLOY""]","[""TEST NOT OFFERED""]","[""CHICAGO""]","[""2025-10-08T16:15:00.000""]","[""UNKNOWN""]","[""NOT OBSCURED""]","[""D""]","[""IL"", ""XX""]","[""NONE""]",[],"[""O2166296"", ""O2166297""]","[""DRIVER""]","[""NORMAL"", ""UNKNOWN""]","[""SAFETY BELT USED""]","[""F"", ""M""]","[""IL""]","[""2065030"", ""2065111""]","[""60628""]",[],[],[],[],[],[],2025,10,16,8,False,afternoon,41.95,-87.64,41.95_-87.64,0.0,0,0,OTHER,0
STRAIGHT AND LEVEL,1824,2025-10-08 16:15:00,4,16,10,5D36414ECED26D08512951D73B688338D693FC6B16FF166F039956C3C0AB5D6CB4E0CA73B47B550578D7FA43B404FACA45B43C333E7D5070EE20D669FEF3813B,NO INJURY / DRIVE AWAY,"OVER $1,500",NO CONTROLS,REAR END,41.9101179449,DAYLIGHT,-87.6314908914,2,30,FOLLOWING TOO CLOSELY,NO DEFECTS,DRY,NOT APPLICABLE,N,1525,NO CONTROLS,NOT DIVIDED,CLEAR,0.0,0.0,0.0,0.0,0.0,1.0,1,2,[],[],"[""Y""]","[""2025-10-08T16:15:00.000""]","[""2166569"", ""2166570""]","[""FRONT"", ""REAR""]","[""IL""]","[""INFINITI"", ""TOYOTA""]","[""STRAIGHT AHEAD""]","[""CAMRY"", ""Q60""]","[""1""]","[""N""]","[""1"", ""2""]","[""DRIVER""]","[""NONE""]","[""2065251"", ""2065252""]","[""PASSENGER""]","[""PERSONAL""]","[""2012"", ""2022""]",[],[],[],[],[],"[""Y""]",[],[],[],[],[],[],[],"[""Y""]","[""Y""]",[],"['23', '54']","[""NOT APPLICABLE""]","[""TEST NOT OFFERED""]","[""CHICAGO""]","[""2025-10-08T16:15:00.000""]","[""FOLLOWED TOO CLOSELY"", ""NONE""]","[""NOT OBSCURED""]","[""D""]","[""IL""]","[""NONE""]",[],"[""O2166569"", ""O2166570""]","[""DRIVER""]","[""NORMAL""]","[""SAFETY BELT USED""]","[""F"", ""M""]","[""IL""]","[""2065251"", ""2065252""]","[""60649"", ""60657""]",[],[],[],[],[],[],2025,10,16,8,False,afternoon,41.91,-87.63,41.91_-87.63,38.5,23,54,FOLLOWING TOO CLOSELY,0
STRAIGHT ON HILLCREST,1814,2025-10-08 16:13:00,4,16,10,60E8E73DA08056CAA8088BF801ADD857C9868779D2B8DD197CE3C3160D11741ED9CA9E9274E9085876DB2A9B9B7C91B4A36F2B0EC22AF27572A8A1834FBF43D5,INJURY AND / OR TOW DUE TO CRASH,"OVER $1,500",NO CONTROLS,REAR END,41.9259981814,DAYLIGHT,-87.6314627955,3,40,FAILING TO REDUCE SPEED TO AVOID CRASH,UNKNOWN,DRY,FOLLOWING TOO CLOSELY,N,2398,NO CONTROLS,DIVIDED - W/MEDIAN BARRIER,CLEAR,0.0,0.0,0.0,0.0,0.0,1.0,1,4,[],[],"[""Y""]","[""2025-10-08T16:13:00.000""]","[""2166398"", ""2166399"", ""2166400""]","[""FRONT"", ""REAR""]","[""IL""]","[""BMW"", ""FORD"", ""VOLKSWAGEN""]","[""STRAIGHT AHEAD""]","[""ECONOLINE E450"", ""GTI"", ""X5""]","[""1"", ""2"", ""4""]","[""N""]","[""1"", ""2"", ""3""]","[""DRIVER""]","[""UNKNOWN""]","[""2065106"", ""2065109"", ""2065114""]","[""PASSENGER"", ""SPORT UTILITY VEHICLE (SUV)"", ""TRUCK - SINGLE UNIT""]","[""UNKNOWN/NA""]","[""2003"", ""2006"", ""2024""]",[],[],[],[],[],[],[],[],[],[],"[""1"", ""3""]",[],[],[],"[""Y""]",[],"['21', '23', '29', '38']","[""DEPLOYED, SIDE"", ""DID NOT DEPLOY"", ""NOT APPLICABLE""]","[""TEST NOT OFFERED""]","[""CHICAGO"", ""SOUTH HOLLAND""]","[""2025-10-08T16:13:00.000""]","[""NONE"", ""TOO FAST FOR CONDITIONS""]","[""UNKNOWN""]","[""D""]","[""IL""]","[""NONE""]","[""ADVOCATE ILLINOIS MASONIC EMERGENCY SERVICES""]","[""O2166398"", ""O2166399"", ""O2166400"", ""P478019"", ""P478021"", ""P478022"", ""P478023""]","[""DRIVER"", ""PASSENGER""]","[""UNKNOWN""]","[""USAGE UNKNOWN""]","[""F"", ""M""]","[""IL""]","[""2065106"", ""2065109"", ""2065114""]","[""60473"", ""60619"", ""60640""]","[""CFD""]","[""3"", ""4"", ""6""]",[],[],[],"[""06""]",2025,10,16,8,False,afternoon,41.93,-87.63,41.93_-87.63,27.75,21,38,SPEEDING,1
STRAIGHT AND LEVEL,1923,2025-10-08 16:10:00,4,16,10,3D4D15084B218E5A576C1BC6F2F57D1D8706E1F69500574E5C8EBC0F388C63B28F700E0A6DFAA8A3A9F25EB162DE17F624FE3C73D12294B2289D0D65BB27179B,INJURY AND / OR TOW DUE TO CRASH,"OVER $1,500",NO CONTROLS,PEDALCYCLIST,41.9517568576,DAYLIGHT,-87.6603423707,2,30,UNABLE TO DETERMINE,NO DEFECTS,DRY,NOT APPLICABLE,N,3828,NO CONTROLS,NOT DIVIDED,CLEAR,0.0,0.0,0.0,0.0,0.0,1.0,2,3,[],[],[],"[""2025-10-08T16:10:00.000""]","[""2166234"", ""2166235""]","[""REAR-RIGHT-CORNER""]","[""IL""]","[""SUBARU""]","[""SLOW/STOP IN TRAFFIC""]","[""FORESTER""]","[""2""]","[""S""]","[""1"", ""2""]","[""BICYCLE"", ""DRIVER""]","[""NONE""]","[""2064939""]","[""PASSENGER""]","[""PERSONAL""]","[""2015""]","[""Y""]","[""Y""]",[],[],[],[],[],[],[],[],"[""1""]",[],[],[],[],[],"['43', '66', '71']","[""NOT APPLICABLE""]","[""TEST NOT OFFERED""]","[""CHICAGO"", ""WHEELING""]","[""2025-10-08T16:10:00.000""]","[""OTHER""]","[""NOT OBSCURED""]","[""A""]","[""IL""]","[""NONE""]",[],"[""O2166234"", ""O2166235"", ""P477972""]","[""BICYCLE"", ""DRIVER"", ""PASSENGER""]","[""NORMAL""]","[""HELMET NOT USED"", ""SAFETY BELT USED""]","[""F"", ""M""]","[""IL""]","[""2064939""]","[""60090"", ""60613"", ""60625""]",[],"[""6""]","[""OTHER ACTION""]","[""IN ROADWAY""]","[""NO CONTRASTING CLOTHING""]",[],2025,10,16,8,False,afternoon,41.95,-87.66,41.95_-87.66,60.0,43,71,OTHER,1