alignment,beat_of_occurrence,crash_date,crash_day_of_week,crash_hour,crash_month,crash_record_id,crash_type,damage,device_condition,first_crash_type,latitude,lighting_condition,longitude,num_units,posted_speed_limit,prim_contributory_cause,road_defect,roadway_surface_cond,sec_contributory_cause,street_direction,street_no,traffic_control_device,trafficway_type,weather_condition,private_property_i,hit_and_run_i,intersection_related_i,crash_date_est_i,work_zone_i,workers_present_i,veh_count,ppl_count,veh_area_01_i_list_json,veh_area_02_i_list_json,veh_area_12_i_list_json,veh_crash_date_list_json,veh_crash_unit_id_list_json,veh_first_contact_point_list_json,veh_lic_plate_state_list_json,veh_make_list_json,veh_maneuver_list_json,veh_model_list_json,veh_occupant_cnt_list_json,veh_travel_direction_list_json,veh_unit_no_list_json,veh_unit_type_list_json,veh_vehicle_defect_list_json,veh_vehicle_id_list_json,veh_vehicle_type_list_json,veh_vehicle_use_list_json,veh_vehicle_year_list_json,veh_area_03_i_list_json,veh_area_04_i_list_json,veh_area_11_i_list_json,veh_towed_by_list_json,veh_towed_i_list_json,veh_area_07_i_list_json,veh_area_99_i_list_json,veh_area_09_i_list_json,veh_area_10_i_list_json,veh_cmrc_veh_i_list_json,veh_num_passengers_list_json,veh_area_08_i_list_json,veh_area_00_i_list_json,veh_area_05_i_list_json,veh_area_06_i_list_json,veh_towed_to_list_json,ppl_age_list_json,ppl_airbag_deployed_list_json,ppl_bac_result_list_json,ppl_city_list_json,ppl_crash_date_list_json,ppl_driver_action_list_json,ppl_driver_vision_list_json,ppl_drivers_license_class_list_json,ppl_drivers_license_state_list_json,ppl_ejection_list_json,ppl_hospital_list_json,ppl_person_id_list_json,ppl_person_type_list_json,ppl_physical_condition_list_json,ppl_safety_equipment_list_json,ppl_sex_list_json,ppl_state_list_json,ppl_vehicle_id_list_json,ppl_zipcode_list_json,ppl_ems_agency_list_json,ppl_seat_no_list_json,ppl_pedpedal_action_list_json,ppl_pedpedal_location_list_json,ppl_pedpedal_visibility_list_json,ppl_ems_run_no_list_json,year,month,hour,day,is_weekend,hour_bin,lat_bin,lng_bin,grid_id,ppl_age_mean,ppl_age_min,ppl_age_max,prim_contributory_cause_group,ksi_flag
STRAIGHT AND LEVEL,732,2025-10-08 16:05:00,4,16,10,5BE5EAB8B996C04A3DDFE39FB934234AE88F1C50ED0EEFCBFD412BA60EB0825501269A09AF133A853F6FAFBF5BC72436C4DB58FFB34D0018B82F040E0876424E,NO INJURY / DRIVE AWAY,"$501 - $1,500",FUNCTIONING PROPERLY,ANGLE,41.7581681923,DAYLIGHT,-87.6356437208,2,25,UNABLE TO DETERMINE,NO DEFECTS,DRY,UNABLE TO DETERMINE,W,428,STOP SIGN/FLASHER,FOUR WAY,CLEAR,0.0,1.0,1.0,0.0,0.0,1.0,1,1,[],[],[],"[""2025-10-08T16:05:00.000""]","[""2166266"", ""2166267""]","[""REAR-RIGHT-CORNER"", ""UNKNOWN""]","[""IL""]","[""NISSAN"", ""UNKNOWN""]","[""STRAIGHT AHEAD""]","[""OTHER (EXPLAIN IN NARRATIVE)"", ""SENTRA""]","[""1""]","[""N"", ""W""]","[""1"", ""2""]","[""DRIVER""]","[""NONE"", ""UNKNOWN""]","[""2064969"", ""2064987""]","[""PASSENGER"", ""UNKNOWN/NA""]","[""PERSONAL"", ""UNKNOWN/NA""]","[""2020""]",[],[],[],[],[],"[""Y""]","[""Y""]",[],[],[],[],[],[],"[""Y""]","[""Y""]",[],['45'],"[""DEPLOYMENT UNKNOWN"", ""DID NOT DEPLOY""]","[""TEST NOT OFFERED""]","[""CHICAGO""]","[""2025-10-08T16:05:00.000""]","[""NONE"", ""UNKNOWN""]","[""NOT OBSCURED"", ""UNKNOWN""]","[""D""]","[""IL""]","[""NONE""]",[],"[""O2166266"", ""O2166267""]","[""DRIVER""]","[""NORMAL"", ""UNKNOWN""]","[""SAFETY BELT USED"", ""USAGE UNKNOWN""]","[""F"", ""X""]","[""IL""]","[""2064969"", ""2064987""]","[""60637""]",[],[],[],[],[],[],2025,10,16,8,False,afternoon,41.76,-87.64,41.76_-87.64,45.0,45,45,OTHER,0
STRAIGHT AND LEVEL,431,2025-10-08 16:00:00,4,16,10,E1AF41E342FE07DFC1E7006ED2CDED2AA2D6013E6A177F081E90109970BFDE51831176B6623D4A169CD2298F0DFB5AD8D1F1139151FB449A130EC2DC6D5479AC,NO INJURY / DRIVE AWAY,"OVER $1,500",NO CONTROLS,PARKED MOTOR VEHICLE,41.7073472516,DAYLIGHT,-87.5538835277,2,30,EQUIPMENT - VEHICLE CONDITION,NO DEFECTS,DRY,UNABLE TO DETERMINE,S,10336,NO CONTROLS,NOT DIVIDED,RAIN,0.0,0.0,0.0,0.0,0.0,1.0,2,1,[],[],[],"[""2025-10-08T16:00:00.000""]","[""2173169"", ""2173170""]","[""NONE"", ""REAR""]","[""IL""]","[""GENERAL MOTORS CORPORATION (GMC)"", ""PONTIAC""]","[""PARKED"", ""STRAIGHT AHEAD""]","[""GRAND PRIX"", ""YUKON""]","[""0"", ""1""]","[""S""]","[""1"", ""2""]","[""DRIVER"", ""PARKED""]","[""NONE""]","[""2071539"", ""2071585""]","[""PASSENGER"", ""SPORT UTILITY VEHICLE (SUV)""]","[""NOT IN USE"", ""PERSONAL""]","[""2002"", ""2006""]",[],"[""Y""]",[],[],[],[],[],[],[],[],[],[],"[""Y""]","[""Y""]","[""Y""]",[],['56'],"[""DID NOT DEPLOY""]","[""TEST NOT OFFERED""]","[""CHICAGO""]","[""2025-10-08T16:00:00.000""]","[""NONE""]","[""NOT OBSCURED""]","[""D""]","[""IL""]","[""NONE""]",[],"[""O2173169""]","[""DRIVER""]","[""NORMAL""]","[""SAFETY BELT USED""]","[""F""]","[""IL""]","[""2071539""]","[""60617""]",[],[],[],[],[],[],2025,10,16,8,False,afternoon,41.71,-87.55,41.71_-87.55,56.0,56,56,OTHER,0
STRAIGHT AND LEVEL,531,2025-10-08 16:00:00,4,16,10,41E9A8818D231F7D02C4B2CCAD645727FB161F4CBB12A181C592553B1C61B34A95D09AE3216ACC508CCD2DD4D859E6F7BF9DD3FACC7B2EEDD9A6740A4635F8BE,NO INJURY / DRIVE AWAY,"$501 - $1,500",NO CONTROLS,SIDESWIPE SAME DIRECTION,41.689091602,DAYLIGHT,-87.6211077897,2,30,UNABLE TO DETERMINE,NO DEFECTS,DRY,UNABLE TO DETERMINE,E,98,NO CONTROLS,NOT DIVIDED,CLEAR,0.0,0.0,0.0,0.0,0.0,1.0,1,2,[],[],[],"[""2025-10-08T16:00:00.000""]","[""2166215"", ""2166216""]","[""SIDE-LEFT"", ""SIDE-RIGHT-REAR""]","[""IL""]","[""CHEVROLET"", ""NOVA BUS""]","[""OTHER"", ""STRAIGHT AHEAD""]","[""OTHER (EXPLAIN IN NARRATIVE)"", ""TAHOE""]","[""1""]","[""S""]","[""1"", ""2""]","[""DRIVER""]","[""NONE""]","[""2064925"", ""2064934""]","[""BUS OVER 15 PASS."", ""PASSENGER""]","[""CTA"", ""PERSONAL""]","[""2002""]",[],"[""Y""]",[],[],[],[],[],"[""Y""]","[""Y""]",[],[],[],[],[],[],[],"['28', '53']","[""DID NOT DEPLOY"", ""NOT APPLICABLE""]","[""TEST NOT OFFERED""]","[""CHICAGO""]","[""2025-10-08T16:00:00.000""]","[""NONE"", ""OTHER""]","[""NOT OBSCURED""]","[""B""]","[""IL""]","[""NONE""]",[],"[""O2166215"", ""O2166216""]","[""DRIVER""]","[""NORMAL""]","[""USAGE UNKNOWN""]","[""F"", ""M""]","[""IL""]","[""2064925"", ""2064934""]","[""60619"", ""60661""]",[],[],[],[],[],[],2025,10,16,8,False,afternoon,41.69,-87.62,41.69_-87.62,40.5,28,53,OTHER,0
STRAIGHT AND LEVEL,2022,2025-10-08 16:00:00,4,16,10,B9D03AB9E52FD51F414382EAADBBE6C473AC9341D0CDE9DDC440A94670CB15337C2E7DDAB7F52DAAFE497E2F630F7B654F4CBB4D27BA39C57BD8E0277D14FE4F,NO INJURY / DRIVE AWAY,"OVER $1,500",FUNCTIONING PROPERLY,TURNING,41.9837165647,DAYLIGHT,-87.6599242427,2,30,UNABLE TO DETERMINE,NO DEFECTS,DRY,UNABLE TO DETERMINE,N,5601,TRAFFIC SIGNAL,DIVIDED - W/MEDIAN (NOT RAISED),CLEAR,0.0,0.0,1.0,0.0,0.0,1.0,1,2,"[""N""]",[],"[""Y""]","[""2025-10-08T16:00:00.000""]","[""2166274"", ""2166275""]","[""FRONT-RIGHT-CORNER"", ""SIDE-RIGHT-REAR""]","[""IL""]","[""CHEVROLET"", ""HONDA""]","[""STRAIGHT AHEAD"", ""TURNING LEFT""]","[""CR-V"", ""OTHER (EXPLAIN IN NARRATIVE)""]","[""1""]","[""E"", ""N""]","[""1"", ""2""]","[""DRIVER""]","[""UNKNOWN""]","[""2064982"", ""2065001""]","[""PASSENGER"", ""SPORT UTILITY VEHICLE (SUV)""]","[""PERSONAL""]","[""2015"", ""2021""]","[""Y""]","[""Y""]",[],[],[],[],[],[],[],"[""N""]",[],[],[],[],[],[],"['22', '88']","[""DID NOT DEPLOY""]","[""TEST NOT OFFERED""]","[""CHICAGO""]","[""2025-10-08T16:00:00.000""]","[""OTHER"", ""UNKNOWN""]","[""UNKNOWN""]","[""D""]","[""IL""]","[""NONE""]",[],"[""O2166274"", ""O2166275""]","[""DRIVER""]","[""NORMAL""]","[""USAGE UNKNOWN""]","[""F"", ""M""]","[""IL""]","[""2064982"", ""2065001""]","[""60660""]",[],[],[],[],[],[],2025,10,16,8,False,afternoon,41.98,-87.66,41.98_-87.66,55.0,22,88,OTHER,0
STRAIGHT AND LEVEL,422,2025-10-08 16:00:00,4,16,10,113A11D4DF452E84225B8F2D459A5DC2818FDC46887C3352D3053EF01FCDB67F02DE0409E4F6FECF2C74C9B016A251E01DAA2249A1A501D1353E78851D1031E7,NO INJURY / DRIVE AWAY,"OVER $1,500",FUNCTIONING PROPERLY,ANGLE,41.7518556025,DAYLIGHT,-87.5482503373,2,30,DISREGARDING TRAFFIC SIGNALS,UNKNOWN,UNKNOWN,DRIVING SKILLS/KNOWLEDGE/EXPERIENCE,S,7900,TRAFFIC SIGNAL,FOUR WAY,CLEAR,0.0,0.0,0.0,0.0,0.0,1.0,1,1,"[""Y""]",[],"[""Y""]","[""2025-10-08T16:00:00.000""]","[""2168056"", ""2168057""]","[""FRONT"", ""SIDE-RIGHT-REAR""]","[""IL"", ""IN""]","[""BUICK"", ""HONDA""]","[""STRAIGHT AHEAD""]","[""ODYSSEY"", ""OTHER (EXPLAIN IN NARRATIVE)""]","[""1""]","[""NW"", ""S""]","[""1"", ""2""]","[""DRIVER""]","[""UNKNOWN""]","[""2066680"", ""2066681""]","[""PASSENGER"", ""VAN/MINI-VAN""]","[""PERSONAL""]","[""2008"", ""2011""]","[""Y""]","[""Y""]","[""Y""]",[],[],"[""N""]",[],[],[],[],[],[],[],"[""Y""]","[""Y""]",[],['47'],"[""NOT APPLICABLE""]","[""TEST NOT OFFERED""]","[""WHITING""]","[""2025-10-08T16:00:00.000""]","[""DISREGARDED CONTROL DEVICES"", ""NONE""]","[""UNKNOWN""]",[],"[""IN"", ""XX""]","[""NONE""]",[],"[""O2168056"", ""O2168057""]","[""DRIVER""]","[""NORMAL"", ""UNKNOWN""]","[""USAGE UNKNOWN""]","[""F"", ""M""]","[""IN""]","[""2066680"", ""2066681""]","[""46394""]",[],[],[],[],[],[],2025,10,16,8,False,afternoon,41.75,-87.55,41.75_-87.55,47.0,47,47,OTHER,0
STRAIGHT AND LEVEL,623,2025-10-08 16:00:00,4,16,10,EBDBF56C813800D02F65FA243F881739534142B0A3F6CD584DD055288AC44840A10A37DE549374E55F8A400D9487C2F7448FCB6EA7FF04E87B1A963942C54E13,NO INJURY / DRIVE AWAY,"OVER $1,500",FUNCTIONING PROPERLY,REAR END,41.7509656784,DAYLIGHT,-87.6259743586,2,30,UNABLE TO DETERMINE,NO DEFECTS,DRY,UNABLE TO DETERMINE,S,7874,TRAFFIC SIGNAL,FOUR WAY,CLEAR,0.0,0.0,0.0,0.0,0.0,1.0,1,1,[],[],"[""Y""]","[""2025-10-08T16:00:00.000""]","[""2166346"", ""2166347""]","[""FRONT"", ""REAR""]","[""IL""]","[""CHEVROLET"", ""VOLKSWAGEN""]","[""SLOW/STOP IN TRAFFIC"", ""STRAIGHT AHEAD""]","[""C3500 (TOW TRUCK)"", ""TIGUAN""]","[""1""]","[""S""]","[""1"", ""2""]","[""DRIVER""]","[""NONE""]","[""2065047"", ""2065052""]","[""PASSENGER"", ""SPORT UTILITY VEHICLE (SUV)""]","[""PERSONAL""]","[""1989""]",[],[],[],[],[],[],[],[],[],[],[],[],[],[],"[""Y""]",[],['46'],"[""DEPLOYMENT UNKNOWN"", ""DID NOT DEPLOY""]","[""TEST NOT OFFERED""]","[""CHICAGO""]","[""2025-10-08T16:00:00.000""]","[""NONE"", ""UNKNOWN""]","[""NOT OBSCURED"", ""UNKNOWN""]",[],"[""IL""]","[""NONE""]",[],"[""O2166346"", ""O2166347""]","[""DRIVER""]","[""NORMAL"", ""UNKNOWN""]","[""SAFETY BELT USED"", ""USAGE UNKNOWN""]","[""M"", ""X""]","[""IL""]","[""2065047"", ""2065052""]","[""60608""]",[],[],[],[],[],[],2025,10,16,8,False,afternoon,41.75,-87.63,41.75_-87.63,46.0,46,46,OTHER,0
STRAIGHT AND LEVEL,914,2025-10-08 16:00:00,4,16,10,EF79DEBA8EC59D40558BD961CB79737C719967BF224F8E570A9366E92FD07061DECBFE3CEB1ACDDEFCB89103CF573C70967A6574F1E447AD9A30997DB2666C30,NO INJURY / DRIVE AWAY,"OVER $1,500",NO CONTROLS,SIDESWIPE SAME DIRECTION,41.8466115003,DAYLIGHT,-87.646322101,2,30,UNABLE TO DETERMINE,NO DEFECTS,DRY,NOT APPLICABLE,S,2515,NO CONTROLS,DIVIDED - W/MEDIAN (NOT RAISED),CLEAR,0.0,0.0,0.0,0.0,0.0,1.0,1,3,"[""Y""]","[""Y""]",[],"[""2025-10-08T16:00:00.000""]","[""2166253"", ""2166254""]","[""SIDE-RIGHT"", ""SIDE-RIGHT-FRONT""]","[""IL""]","[""CHEVROLET"", ""LEXUS""]","[""PASSING/OVERTAKING"", ""SLOW/STOP IN TRAFFIC""]","[""OTHER (EXPLAIN IN NARRATIVE)""]","[""1"", ""2""]","[""N""]","[""1"", ""2""]","[""DRIVER""]","[""NONE""]","[""2064964"", ""2064976""]","[""PASSENGER"", ""SPORT UTILITY VEHICLE (SUV)""]","[""PERSONAL""]","[""2020"", ""2022""]",[],[],[],[],[],[],[],[],[],[],"[""1""]",[],[],"[""Y""]","[""Y""]",[],"['29', '40', '58']","[""DID NOT DEPLOY"", ""NOT APPLICABLE""]","[""TEST NOT OFFERED""]","[""CHICAGO""]","[""2025-10-08T16:00:00.000""]","[""NONE"", ""OTHER""]","[""NOT OBSCURED""]","[""D""]","[""IL""]","[""NONE""]",[],"[""O2166253"", ""O2166254"", ""P477990""]","[""DRIVER"", ""PASSENGER""]","[""NORMAL""]","[""SAFETY BELT USED""]","[""F""]","[""IL""]","[""2064964"", ""2064976""]","[""60608"", ""60616""]",[],"[""4""]",[],[],[],[],2025,10,16,8,False,afternoon,41.85,-87.65,41.85_-87.65,42.333333333333336,29,58,OTHER,0
STRAIGHT AND LEVEL,1831,2025-10-08 16:00:00,4,16,10,F679E69668D2197930F32EB2AD0FD4AA438666022BE1852324B18FB243F96F45DAA56AD89680F35DADA0EF0708B53A4B95DD50C04F81FCAE1FD088BF80B31B1B,NO INJURY / DRIVE AWAY,"OVER $1,500",NO CONTROLS,SIDESWIPE SAME DIRECTION,41.8948304919,UNKNOWN,-87.6343005385,2,25,NOT APPLICABLE,UNKNOWN,UNKNOWN,NOT APPLICABLE,N,700,NO CONTROLS,NOT DIVIDED,CLEAR,0.0,0.0,0.0,0.0,0.0,1.0,1,2,"[""Y""]","[""Y""]","[""N""]","[""2025-10-08T16:00:00.000""]","[""2166390"", ""2166391""]","[""FRONT-LEFT-CORNER"", ""FRONT-RIGHT-CORNER""]","[""IL""]","[""CHEVROLET"", ""HYUNDAI""]","[""UNKNOWN/NA""]","[""CRUZE"", ""TUCSON""]","[""1""]","[""UNKNOWN""]","[""1"", ""2""]","[""DRIVER""]","[""UNKNOWN""]","[""2065098"", ""2065104""]","[""PASSENGER""]","[""PERSONAL""]","[""2013"", ""2018""]","[""Y""]","[""Y""]","[""Y""]",[],[],[],[],"[""Y""]","[""Y""]",[],[],[],[],[],[],[],"['31', '76']","[""NOT APPLICABLE""]","[""TEST NOT OFFERED""]","[""CHICAGO""]","[""2025-10-08T16:00:00.000""]","[""UNKNOWN""]","[""UNKNOWN""]",[],"[""IL""]","[""NONE""]",[],"[""O2166390"", ""O2166391""]","[""DRIVER""]","[""UNKNOWN""]","[""USAGE UNKNOWN""]","[""M""]","[""IL""]","[""2065098"", ""2065104""]","[""60647"", ""60651""]",[],[],[],[],[],[],2025,10,16,8,False,afternoon,41.89,-87.63,41.89_-87.63,53.5,31,76,OTHER,0
STRAIGHT AND LEVEL,321,2025-10-08 15:50:00,4,15,10,9D6D2A10651EE4B5E0666BAB88E3EA4F2B1473840DD5D3CA52DA4BD1DC7F2B22A8C9CCB531C90CACF7B7D0187E01BA012730B6E01F7ABDE5539F79492CBDF237,NO INJURY / DRIVE AWAY,"OVER $1,500",FUNCTIONING PROPERLY,REAR END,41.7769312727,DAYLIGHT,-87.5864736002,3,30,UNABLE TO DETERMINE,UNKNOWN,DRY,NOT APPLICABLE,S,6500,NO CONTROLS,NOT DIVIDED,CLEAR,0.0,0.0,0.0,0.0,0.0,1.0,1,3,"[""N""]",[],"[""N""]","[""2025-10-08T15:50:00.000""]","[""2166282"", ""2166283"", ""2166284""]","[""FRONT"", ""REAR""]","[""IL"", ""IN""]","[""HONDA"", ""INFINITI"", ""TOYOTA""]","[""STRAIGHT AHEAD""]","[""CAMRY"", ""CR-V"", ""QX80""]","[""1""]","[""N""]","[""1"", ""2"", ""3""]","[""DRIVER""]","[""NONE"", ""UNKNOWN""]","[""2065017"", ""2065032"", ""2065039""]","[""PASSENGER"", ""SPORT UTILITY VEHICLE (SUV)""]","[""PERSONAL""]","[""2012"", ""2018""]",[],[],"[""N""]",[],[],"[""Y""]",[],[],[],[],[],[],[],"[""Y""]","[""Y""]",[],"['18', '21', '64']","[""DID NOT DEPLOY""]","[""TEST NOT OFFERED""]","[""CHICAGO""]","[""2025-10-08T15:50:00.000""]","[""NONE"", ""UNKNOWN""]","[""NOT OBSCURED"", ""UNKNOWN""]",[],"[""IL""]","[""NONE""]",[],"[""O2166282"", ""O2166283"", ""O2166284""]","[""DRIVER""]","[""NORMAL""]","[""USAGE UNKNOWN""]","[""F""]","[""IL""]","[""2065017"", ""2065032"", ""2065039""]","[""60619"", ""60637"", ""60649""]",[],[],[],[],[],[],2025,10,15,8,False,afternoon,41.78,-87.59,41.78_-87.59,34.333333333333336,18,64,OTHER,0
STRAIGHT AND LEVEL,913,2025-10-08 15:50:00,4,15,10,FD703555781F57BC3463A975AF02DB158DF726DC8F69B0817F07E8C0E312AAD79493295CA3E5BE2319CC96E9A409024641389AA0E19F07C9B130EB5B0A470D64,INJURY AND / OR TOW DUE TO CRASH,"$501 - $1,500",NO CONTROLS,SIDESWIPE SAME DIRECTION,41.8353769476,DAYLIGHT,-87.6514503311,2,30,UNABLE TO DETERMINE,NO DEFECTS,DRY,NOT APPLICABLE,W,1008,NO CONTROLS,NOT DIVIDED,CLEAR,0.0,1.0,0.0,0.0,0.0,1.0,1,1,"[""N""]","[""N""]","[""Y""]","[""2025-10-08T15:50:00.000""]","[""2166232"", ""2166233""]","[""SIDE-LEFT-FRONT"", ""SIDE-RIGHT""]","[""IL""]","[""NISSAN"", ""UNKNOWN""]","[""PASSING/OVERTAKING"", ""STRAIGHT AHEAD""]","[""KICKS"", ""OTHER (EXPLAIN IN NARRATIVE)""]","[""2""]","[""W""]","[""1"", ""2""]","[""DRIVER""]","[""UNKNOWN""]","[""2064943"", ""2064954""]","[""SPORT UTILITY VEHICLE (SUV)"", ""UNKNOWN/NA""]","[""UNKNOWN/NA""]","[""2025""]","[""N""]","[""N""]","[""Y""]","[""CITY OF CHICAGO""]","[""Y""]",[],"[""Y""]","[""Y""]","[""Y""]",[],"[""1""]",[],[],"[""N""]",[],"[""POUND 1""]",['20'],"[""DID NOT DEPLOY"", ""NOT APPLICABLE""]","[""TEST NOT OFFERED""]","[""CHICAGO""]","[""2025-10-08T15:50:00.000""]","[""IMPROPER PASSING"", ""NONE""]","[""UNKNOWN""]","[""D""]","[""IL""]","[""NONE""]","[""REFUSED EMS""]","[""O2166232"", ""O2166233"", ""P477973"", ""P477974""]","[""DRIVER"", ""PASSENGER""]","[""NORMAL"", ""UNKNOWN""]","[""SAFETY BELT USED"", ""USAGE UNKNOWN""]","[""F"", ""M""]","[""IL""]","[""2064943"", ""2064954""]","[""60637"", ""60649""]",[],"[""3"", ""4""]",[],[],[],[],2025,10,15,8,False,afternoon,41.84,-87.65,41.84_-87.65,20.0,20,20,OTHER,0
STRAIGHT AND LEVEL,2433,2025-10-08 15:49:00,4,15,10,3E5EFC2A79B80384FE692B9309489F0D91AA5EA619F2ADCE6639659BAE79489D75E0E1294271FD986B37AE6B4CC86C942223DE1E98648808F3E7CAF8B30109C8,INJURY AND / OR TOW DUE TO CRASH,$500 OR LESS,NO CONTROLS,PEDALCYCLIST,41.996829488,DAYLIGHT,-87.6704231658,2,30,FAILING TO YIELD RIGHT-OF-WAY,NO DEFECTS,DRY,NOT APPLICABLE,N,6316,NO CONTROLS,DIVIDED - W/MEDIAN BARRIER,CLEAR,0.0,0.0,1.0,0.0,0.0,1.0,2,2,"[""Y""]",[],[],"[""2025-10-08T15:49:00.000""]","[""2166217"", ""2166218""]","[""FRONT-RIGHT-CORNER""]","[""IL""]","[""HYUNDAI""]","[""TURNING RIGHT""]","[""SANTA FE""]","[""1""]","[""S""]","[""1"", ""2""]","[""BICYCLE"", ""DRIVER""]","[""NONE""]","[""2064926""]","[""SPORT UTILITY VEHICLE (SUV)""]","[""PERSONAL""]","[""2020""]",[],[],[],[],[],[],[],[],[],[],[],[],[],[],[],[],"['23', '58']","[""DID NOT DEPLOY""]","[""TEST NOT OFFERED""]","[""CHICAGO"", ""JOLIET""]","[""2025-10-08T15:49:00.000""]","[""FAILED TO YIELD"", ""UNKNOWN""]","[""NOT OBSCURED""]","[""D""]","[""IL""]","[""NONE"", ""TOTALLY EJECTED""]",[],"[""O2166217"", ""O2166218""]","[""BICYCLE"", ""DRIVER""]","[""NORMAL""]","[""HELMET NOT USED"", ""USAGE UNKNOWN""]","[""F"", ""M""]","[""IL""]","[""2064926""]","[""60431"", ""60613""]",[],[],"[""CROSSING - NO CONTROLS (AT INTERSECTION)""]","[""BIKE LANE""]","[""NO CONTRASTING CLOTHING""]",[],2025,10,15,8,False,afternoon,42.0,-87.67,42.0_-87.67,40.5,23,58,FAILURE-TO-YIELD,1
CURVE ON GRADE,1111,2025-10-08 15:45:00,4,15,10,6084C4E261F84CEFFAE5081D573209901820B27438CAFA5C0BE352689D2747CD8A54A126A1276D4FE96E5A10A5B35998E7654EF1F891D38D5C2895A6F9FCE132,NO INJURY / DRIVE AWAY,"OVER $1,500",FUNCTIONING PROPERLY,TURNING,41.8945150846,DAYLIGHT,-87.7400906495,2,30,ROAD ENGINEERING/SURFACE/MARKING DEFECTS,NO DEFECTS,DRY,ROAD ENGINEERING/SURFACE/MARKING DEFECTS,N,755,TRAFFIC SIGNAL,NOT DIVIDED,CLEAR,0.0,0.0,0.0,0.0,0.0,1.0,1,2,[],[],[],"[""2025-10-08T15:45:00.000""]","[""2166290"", ""2166291""]","[""FRONT-LEFT-CORNER"", ""SIDE-RIGHT""]","[""IL""]","[""FREIGHTLINER CORPORATION"", ""VOLVO""]","[""STARTING IN TRAFFIC"", ""TURNING LEFT""]","[""OTHER (EXPLAIN IN NARRATIVE)"", ""TRUCK""]","[""1"", ""3""]","[""N""]","[""1"", ""2""]","[""DRIVER""]","[""NONE""]","[""2064994"", ""2065018""]","[""BUS OVER 15 PASS."", ""TRUCK - SINGLE UNIT""]","[""CONSTRUCTION/MAINTENANCE"", ""SCHOOL BUS""]","[""2011"", ""2017""]",[],"[""Y""]","[""Y""]",[],[],[],[],[],[],"[""Y""]","[""2""]",[],[],[],[],[],"['0', '83']","[""DID NOT DEPLOY"", ""NOT APPLICABLE""]","[""TEST NOT OFFERED""]","[""CHICAGO""]","[""2025-10-08T15:45:00.000""]","[""OTHER"", ""UNKNOWN""]","[""UNKNOWN""]","[""A"", ""B""]","[""IL""]","[""NONE""]",[],"[""O2166290"", ""O2166291"", ""P477981"", ""P477982""]","[""DRIVER"", ""PASSENGER""]","[""NORMAL""]","[""NONE PRESENT""]","[""M""]","[""IL""]","[""2064994"", ""2065018""]","[""60629"", ""60639""]","[""AMB"", ""AMB 15""]","[""4"", ""6""]",[],[],[],"[""15""]",2025,10,15,8,False,afternoon,41.89,-87.74,41.89_-87.74,41.5,0,83,OTHER,0
STRAIGHT AND LEVEL,231,2025-10-08 15:43:00,4,15,10,0EDA78A2BC1768B4D0D3D3DF511A794E6821EBD4CFBE0B414C31F367D6094B74FB772747A05C5387FB390618F344093054961CBAA85AAF9DBB0E334E8B78099C,NO INJURY / DRIVE AWAY,"OVER $1,500",FUNCTIONING PROPERLY,TURNING,41.7948057945,DAYLIGHT,-87.6223898258,2,30,IMPROPER TURNING/NO SIGNAL,NO DEFECTS,DRY,NOT APPLICABLE,E,100,TRAFFIC SIGNAL,FOUR WAY,CLEAR,0.0,0.0,1.0,0.0,0.0,1.0,1,3,[],"[""Y""]",[],"[""2025-10-08T15:43:00.000""]","[""2166208"", ""2166209""]","[""FRONT-LEFT-CORNER"", ""SIDE-RIGHT-FRONT""]","[""IL""]","[""HYUNDAI"", ""NISSAN""]","[""STRAIGHT AHEAD"", ""TURNING LEFT""]","[""ROGUE"", ""TUCSON""]","[""1"", ""2""]","[""W""]","[""1"", ""2""]","[""DRIVER""]","[""NONE""]","[""2064923"", ""2064929""]","[""SPORT UTILITY VEHICLE (SUV)""]","[""PERSONAL""]","[""2023"", ""2024""]","[""Y""]","[""Y""]","[""Y""]",[],[],[],[],[],[],[],"[""1""]",[],[],[],[],[],"['16', '46', '52']","[""DID NOT DEPLOY""]","[""TEST NOT OFFERED""]","[""CHICAGO""]","[""2025-10-08T15:43:00.000""]","[""IMPROPER TURN"", ""NONE""]","[""NOT OBSCURED""]","[""D""]","[""IL""]","[""NONE""]",[],"[""O2166208"", ""O2166209"", ""P477971""]","[""DRIVER"", ""PASSENGER""]","[""NORMAL""]","[""SAFETY BELT USED""]","[""F""]","[""IL""]","[""2064923"", ""2064929""]","[""60615"", ""60628""]",[],"[""3""]",[],[],[],[],2025,10,15,8,False,afternoon,41.79,-87.62,41.79_-87.62,38.0,16,52,OTHER,0