alignment,beat_of_occurrence,crash_date,crash_day_of_week,crash_hour,crash_month,crash_record_id,crash_type,damage,device_condition,first_crash_type,latitude,lighting_condition,longitude,num_units,posted_speed_limit,prim_contributory_cause,road_defect,roadway_surface_cond,sec_contributory_cause,street_direction,street_no,traffic_control_device,trafficway_type,weather_condition,private_property_i,hit_and_run_i,intersection_related_i,crash_date_est_i,work_zone_i,workers_present_i,veh_count,ppl_count,veh_area_01_i_list_json,veh_area_02_i_list_json,veh_area_12_i_list_json,veh_crash_date_list_json,veh_crash_unit_id_list_json,veh_first_contact_point_list_json,veh_lic_plate_state_list_json,veh_make_list_json,veh_maneuver_list_json,veh_model_list_json,veh_occupant_cnt_list_json,veh_travel_direction_list_json,veh_unit_no_list_json,veh_unit_type_list_json,veh_vehicle_defect_list_json,veh_vehicle_id_list_json,veh_vehicle_type_list_json,veh_vehicle_use_list_json,veh_vehicle_year_list_json,veh_area_03_i_list_json,veh_area_04_i_list_json,veh_area_11_i_list_json,veh_towed_by_list_json,veh_towed_i_list_json,veh_area_07_i_list_json,veh_area_99_i_list_json,veh_area_09_i_list_json,veh_area_10_i_list_json,veh_cmrc_veh_i_list_json,veh_num_passengers_list_json,veh_area_08_i_list_json,veh_area_00_i_list_json,veh_area_05_i_list_json,veh_area_06_i_list_json,veh_towed_to_list_json,ppl_age_list_json,ppl_airbag_deployed_list_json,ppl_bac_result_list_json,ppl_city_list_json,ppl_crash_date_list_json,ppl_driver_action_list_json,ppl_driver_vision_list_json,ppl_drivers_license_class_list_json,ppl_drivers_license_state_list_json,ppl_ejection_list_json,ppl_hospital_list_json,ppl_person_id_list_json,ppl_person_type_list_json,ppl_physical_condition_list_json,ppl_safety_equipment_list_json,ppl_sex_list_json,ppl_state_list_json,ppl_vehicle_id_list_json,ppl_zipcode_list_json,ppl_ems_agency_list_json,ppl_seat_no_list_json,ppl_pedpedal_action_list_json,ppl_pedpedal_location_list_json,ppl_pedpedal_visibility_list_json,ppl_ems_run_no_list_json,year,month,hour,day,is_weekend,hour_bin,lat_bin,lng_bin,grid_id,ppl_age_mean,ppl_age_min,ppl_age_max,prim_contributory_cause_group,ksi_flag
STRAIGHT AND LEVEL,1532,2025-10-08 15:42:00,4,15,10,37F961953B44348659F3B5F7171BFE2A1BDF5F987333BC5D81F41307D209C978848C84879F9D8F3313534D9A18EAED19E8AAADE5D3319D3CE102413FCD5C76B1,INJURY AND / OR TOW DUE TO CRASH,"OVER $1,500",NO CONTROLS,PARKED MOTOR VEHICLE,41.889668508,DAYLIGHT,-87.750660491,3,25,UNABLE TO DETERMINE,UNKNOWN,DRY,UNABLE TO DETERMINE,N,508,NO CONTROLS,ONE-WAY,CLEAR,0.0,0.0,0.0,0.0,0.0,1.0,2,2,"[""N"", ""Y""]",[],"[""N"", ""Y""]","[""2025-10-08T15:42:00.000""]","[""2167144"", ""2167145"", ""2167146""]","[""FRONT"", ""REAR""]","[""IL""]","[""FORD"", ""MERCURY""]","[""PARKED"", ""STRAIGHT AHEAD""]","[""F100"", ""FUSION"", ""MOUNTAINEER""]","[""0"", ""1""]","[""N""]","[""1"", ""2"", ""3""]","[""DRIVER"", ""PARKED""]","[""UNKNOWN""]","[""2065807"", ""2065808"", ""2065809""]","[""PICKUP"", ""UNKNOWN/NA""]","[""PERSONAL"", ""UNKNOWN/NA""]","[""2004"", ""2011"", ""2018""]",[],[],"[""N"", ""Y""]",[],[],"[""Y""]","[""Y""]",[],"[""Y""]",[],"[""1""]",[],[],"[""Y""]","[""Y""]",[],"['21', '45']","[""DEPLOYMENT UNKNOWN"", ""DID NOT DEPLOY""]","[""TEST NOT OFFERED""]","[""CHICAGO""]","[""2025-10-08T15:42:00.000""]","[""UNKNOWN""]","[""UNKNOWN""]","[""D""]","[""IL""]","[""NONE""]","[""LORETTO""]","[""O2167144"", ""P478178""]","[""DRIVER"", ""PASSENGER""]","[""UNKNOWN""]","[""USAGE UNKNOWN""]","[""F""]","[""IL""]","[""2065807"", ""2065808""]","[""60644""]","[""CFD""]","[""2""]",[],[],[],"[""77""]",2025,10,15,8,False,afternoon,41.89,-87.75,41.89_-87.75,33.0,21,45,OTHER,1
STRAIGHT AND LEVEL,922,2025-10-08 15:41:00,4,15,10,D97B42202ADC815EDBFB827986D8574D1DA8086207469B34D3D08C8D64AF68DF512BC1E6404B3E72B24690D6D89553C67B67EB7EF000ECA621740094FBA50621,NO INJURY / DRIVE AWAY,$500 OR LESS,NO CONTROLS,PARKED MOTOR VEHICLE,41.8118743606,DAYLIGHT,-87.7037378769,2,25,FAILING TO YIELD RIGHT-OF-WAY,NO DEFECTS,DRY,FAILING TO YIELD RIGHT-OF-WAY,W,3150,NO CONTROLS,NOT DIVIDED,CLEAR,0.0,0.0,0.0,0.0,0.0,1.0,2,3,"[""Y""]","[""Y""]",[],"[""2025-10-08T15:41:00.000""]","[""2166225"", ""2166226""]","[""SIDE-LEFT-FRONT"", ""SIDE-LEFT-REAR""]","[""IL""]","[""HONDA"", ""NISSAN""]","[""PARKED"", ""STRAIGHT AHEAD""]","[""ALTIMA"", ""CR-V""]","[""1"", ""3""]","[""W""]","[""1"", ""2""]","[""DRIVER"", ""PARKED""]","[""NONE""]","[""2064931"", ""2064947""]","[""PASSENGER"", ""SPORT UTILITY VEHICLE (SUV)""]","[""PERSONAL""]","[""2007"", ""2008""]","[""Y""]","[""Y""]",[],[],[],[],[],"[""Y""]",[],[],"[""3""]","[""Y""]",[],"[""Y""]",[],[],"['11', '35', '53']","[""DID NOT DEPLOY""]","[""TEST NOT OFFERED""]","[""CHICAGO""]","[""2025-10-08T15:41:00.000""]","[""NONE""]","[""NOT OBSCURED""]",[],"[""IL""]","[""NONE""]",[],"[""O2166226"", ""P477968"", ""P477969"", ""P477970""]","[""DRIVER"", ""PASSENGER""]","[""NORMAL""]","[""SAFETY BELT USED""]","[""F""]","[""IL""]","[""2064931"", ""2064947""]","[""60616"", ""60632""]",[],"[""1"", ""4"", ""5""]",[],[],[],[],2025,10,15,8,False,afternoon,41.81,-87.7,41.81_-87.7,33.0,11,53,FAILURE-TO-YIELD,0
STRAIGHT AND LEVEL,735,2025-10-08 15:39:00,4,15,10,6BD9CDF57DCCF5A3F527AF3053B4AFCA746DF67F116F8EC91276C72D9F6C65B0BDC75066C8EDA2B57240FE59441D00CAA4C102D88F1CEEEECD20A797B6698A7E,NO INJURY / DRIVE AWAY,"OVER $1,500",FUNCTIONING PROPERLY,PARKED MOTOR VEHICLE,41.7683275302,DAYLIGHT,-87.6738958087,2,30,IMPROPER LANE USAGE,NO DEFECTS,DRY,IMPROPER LANE USAGE,W,2005,TRAFFIC SIGNAL,DIVIDED - W/MEDIAN (NOT RAISED),CLEAR,0.0,1.0,0.0,0.0,0.0,1.0,2,0,"[""Y""]","[""Y""]","[""Y""]","[""2025-10-08T15:39:00.000""]","[""2166223"", ""2166224""]","[""FRONT-LEFT-CORNER""]","[""IL""]","[""BUICK"", ""DODGE""]","[""PARKED"", ""U-TURN""]","[""JOURNEY"", ""LACROSSE""]","[""0"", ""1""]","[""E"", ""W""]","[""1"", ""2""]","[""DRIVER"", ""PARKED""]","[""UNKNOWN""]","[""2064937"", ""2064942""]","[""PASSENGER"", ""VAN/MINI-VAN""]","[""PERSONAL""]","[""2007"", ""2018""]","[""Y""]",[],"[""Y""]",[],[],[],[],"[""Y""]","[""Y""]",[],[],[],[],[],[],[],[],"[""DEPLOYMENT UNKNOWN""]","[""TEST NOT OFFERED""]",[],"[""2025-10-08T15:39:00.000""]","[""IMPROPER LANE CHANGE""]","[""UNKNOWN""]",[],[],"[""UNKNOWN""]",[],"[""O2166223""]","[""DRIVER""]","[""UNKNOWN""]","[""USAGE UNKNOWN""]","[""F""]",[],"[""2064942""]",[],[],[],[],[],[],[],2025,10,15,8,False,afternoon,41.77,-87.67,41.77_-87.67,0.0,0,0,OTHER,0
STRAIGHT AND LEVEL,932,2025-10-08 15:30:00,4,15,10,BB4A663C6332D1554B5CCEE3D5CEA538E6E3CED7467B2575B9FA5EC64AC65D637E026E6CC440445DED0E4C4F268B12059DDA23ABF8E62CED52E5F067A0995A49,INJURY AND / OR TOW DUE TO CRASH,"OVER $1,500",NO CONTROLS,FIXED OBJECT,41.7940287299,DAYLIGHT,-87.6740417665,1,30,"EVASIVE ACTION DUE TO ANIMAL, OBJECT, NONMOTORIST",UNKNOWN,DRY,NOT APPLICABLE,W,1952,NO CONTROLS,ALLEY,CLEAR,0.0,0.0,0.0,0.0,0.0,1.0,1,1,"[""Y""]",[],"[""Y""]","[""2025-10-08T15:30:00.000""]","[""2166210""]","[""FRONT""]","[""IL""]","[""CHEVROLET""]","[""STRAIGHT AHEAD""]","[""TRAX""]","[""1""]","[""E""]","[""1""]","[""DRIVER""]","[""UNKNOWN""]","[""2064924""]","[""PASSENGER""]","[""PERSONAL""]","[""2025""]",[],[],"[""Y""]","[""private""]","[""Y""]",[],[],[],[],[],[],[],[],[],[],[],['38'],"[""DEPLOYED, COMBINATION""]","[""TEST NOT OFFERED""]","[""RIVERDALE""]","[""2025-10-08T15:30:00.000""]","[""UNKNOWN""]","[""NOT OBSCURED""]","[""D""]","[""IL""]","[""NONE""]",[],"[""O2166210""]","[""DRIVER""]","[""UNKNOWN""]","[""USAGE UNKNOWN""]","[""F""]","[""IL""]","[""2064924""]","[""60827""]","[""CFD #8""]",[],[],[],[],[],2025,10,15,8,False,afternoon,41.79,-87.67,41.79_-87.67,38.0,38,38,OTHER,1
STRAIGHT AND LEVEL,2032,2025-10-08 15:30:00,4,15,10,FD6D7FB0A654B6F3BA1AD049912EA6D1E2C769D5DADA7A2CE5DD27DEF2DA18345F844333FD2A63497641CC64D0485E78FEB0BF89252E174044BD4660D45C8C39,NO INJURY / DRIVE AWAY,"$501 - $1,500",NO CONTROLS,PARKED MOTOR VEHICLE,41.9724820623,DAYLIGHT,-87.6693919906,2,30,UNABLE TO DETERMINE,UNKNOWN,DRY,UNABLE TO DETERMINE,N,4953,NO CONTROLS,DIVIDED - W/MEDIAN (NOT RAISED),CLEAR,0.0,0.0,0.0,0.0,0.0,1.0,2,1,[],[],"[""Y""]","[""2025-10-08T15:30:00.000""]","[""2166175"", ""2166176""]","[""TOTAL (ALL AREAS)""]","[""IL""]","[""SUBARU"", ""TOYOTA""]","[""PARKED"", ""STRAIGHT AHEAD""]","[""CAMRY"", ""WRX""]","[""0"", ""1""]","[""N""]","[""1"", ""2""]","[""DRIVER"", ""PARKED""]","[""UNKNOWN""]","[""2064894"", ""2064895""]","[""PASSENGER""]","[""OTHER"", ""PERSONAL""]","[""2007"", ""2019""]",[],[],[],[],[],[],[],[],[],[],[],[],[],[],"[""Y""]",[],['58'],"[""DID NOT DEPLOY""]","[""TEST NOT OFFERED""]","[""CHICAGO""]","[""2025-10-08T15:30:00.000""]","[""UNKNOWN""]","[""UNKNOWN""]","[""D""]","[""IL""]","[""UNKNOWN""]",[],"[""O2166175""]","[""DRIVER""]","[""NORMAL""]","[""SAFETY BELT USED""]","[""F""]","[""IL""]","[""2064894""]","[""60645""]",[],[],[],[],[],[],2025,10,15,8,False,afternoon,41.97,-87.67,41.97_-87.67,58.0,58,58,OTHER,0
STRAIGHT AND LEVEL,1923,2025-10-08 15:30:00,4,15,10,8CDFAEE0675904348F1DD3FE3C84EE5C085283963A46C04CE418F6AD6C9B793FDD8E7D7F3269A14E82B1F94AE5BE0939C03CD65FBF6EE773D20D937194E7E873,NO INJURY / DRIVE AWAY,"OVER $1,500",NO CONTROLS,PEDALCYCLIST,41.9510640531,DAYLIGHT,-87.659795128,2,30,UNABLE TO DETERMINE,NO DEFECTS,DRY,NOT APPLICABLE,N,3800,NO CONTROLS,NOT DIVIDED,CLEAR,0.0,0.0,0.0,0.0,0.0,1.0,2,0,[],[],[],"[""2025-10-08T15:30:00.000""]","[""2166195"", ""2166206""]","[""SIDE-LEFT""]","[""IL""]","[""TOYOTA""]","[""PARKED""]","[""CAMRY""]","[""0""]","[""N""]","[""1"", ""2""]","[""BICYCLE"", ""PARKED""]","[""NONE""]","[""2064910""]","[""PASSENGER""]","[""TAXI/FOR HIRE""]","[""2022""]",[],[],[],[],[],[],[],[],[],[],[],"[""Y""]",[],[],[],[],[],[],"[""TEST NOT OFFERED""]","[""CHICAGO""]","[""2025-10-08T15:30:00.000""]","[""UNKNOWN""]","[""UNKNOWN""]",[],[],"[""NONE""]",[],"[""O2166206""]","[""BICYCLE""]","[""UNKNOWN""]","[""HELMET NOT USED""]","[""M""]","[""IL""]",[],[],[],[],"[""WITH TRAFFIC""]","[""BIKEWAY""]","[""NO CONTRASTING CLOTHING""]",[],2025,10,15,8,False,afternoon,41.95,-87.66,41.95_-87.66,0.0,0,0,OTHER,0
STRAIGHT AND LEVEL,1722,2025-10-08 15:30:00,4,15,10,4C09C239E7B69BA0FD5C82B43F1919408A754110CE802C3DCB9B5825D50A6D2EB36D4219193C2B70FA2AF71FE595671015697D4ED10EA350F56CFE1FFAD11B1E,NO INJURY / DRIVE AWAY,"OVER $1,500",FUNCTIONING PROPERLY,SIDESWIPE SAME DIRECTION,41.9608175604,DAYLIGHT,-87.7296581411,2,30,FAILING TO YIELD RIGHT-OF-WAY,NO DEFECTS,DRY,IMPROPER LANE USAGE,W,4041,TRAFFIC SIGNAL,NOT DIVIDED,CLEAR,0.0,0.0,0.0,0.0,0.0,1.0,1,2,"[""Y""]","[""Y""]",[],"[""2025-10-08T15:30:00.000""]","[""2166886"", ""2166887""]","[""SIDE-LEFT-REAR"", ""SIDE-RIGHT-FRONT""]","[""IL""]","[""CHEVROLET"", ""SUBARU""]","[""CHANGING LANES"", ""STRAIGHT AHEAD""]","[""EQUINOX"", ""OUTBACK""]","[""1"", ""2""]","[""E""]","[""1"", ""2""]","[""DRIVER""]","[""NONE""]","[""2065565"", ""2065566""]","[""SPORT UTILITY VEHICLE (SUV)""]","[""PERSONAL""]","[""2012"", ""2021""]",[],[],[],[],[],"[""Y""]",[],"[""Y""]",[],[],"[""1""]","[""Y""]",[],[],[],[],"['65', '71']","[""NOT APPLICABLE""]","[""TEST NOT OFFERED""]","[""CHICAGO""]","[""2025-10-08T15:30:00.000""]","[""IMPROPER LANE CHANGE"", ""NONE""]","[""NOT OBSCURED"", ""UNKNOWN""]","[""B"", ""D""]","[""IL""]","[""NONE""]",[],"[""O2166886"", ""O2166887"", ""P478114""]","[""DRIVER"", ""PASSENGER""]","[""NORMAL"", ""UNKNOWN""]","[""SAFETY BELT USED"", ""USAGE UNKNOWN""]","[""F"", ""M""]","[""IL""]","[""2065565"", ""2065566""]","[""60630"", ""60651""]",[],"[""3""]",[],[],[],[],2025,10,15,8,False,afternoon,41.96,-87.73,41.96_-87.73,68.0,65,71,FAILURE-TO-YIELD,0
STRAIGHT AND LEVEL,935,2025-10-08 15:22:00,4,15,10,8D584805D9FF220BD18B3990706C7A100B741F0DE7F3BEF96A79761FAAC2C22729B53E9ACB004E6E20A4D61D4CF293944B35B4F58E17809719EE121FAED64D16,NO INJURY / DRIVE AWAY,"$501 - $1,500",FUNCTIONING PROPERLY,SIDESWIPE SAME DIRECTION,41.8090958212,DAYLIGHT,-87.632731197,2,30,IMPROPER LANE USAGE,NO DEFECTS,UNKNOWN,NOT APPLICABLE,S,4700,TRAFFIC SIGNAL,ONE-WAY,CLEAR,0.0,0.0,0.0,0.0,0.0,1.0,1,2,"[""Y""]","[""Y""]","[""Y""]","[""2025-10-08T15:22:00.000""]","[""2167299"", ""2167300""]","[""FRONT-RIGHT-CORNER"", ""SIDE-LEFT-REAR""]","[""IL"", ""WI""]","[""GENERAL MOTORS CORPORATION (GMC)"", ""JEEP""]","[""MERGING"", ""STRAIGHT AHEAD""]","[""ACADIA"", ""COMPASS""]","[""1"", ""2""]","[""S""]","[""1"", ""2""]","[""DRIVER""]","[""NONE"", ""UNKNOWN""]","[""2065974"", ""2065981""]","[""SPORT UTILITY VEHICLE (SUV)""]","[""RIDESHARE SERVICE"", ""UNKNOWN/NA""]","[""2015"", ""2023""]","[""Y""]",[],[],[],[],"[""Y""]",[],"[""Y""]",[],[],"[""1""]","[""Y""]",[],[],"[""Y""]",[],"['29', '36']","[""NOT APPLICABLE""]","[""TEST NOT OFFERED""]","[""CHICAGO"", ""EAST CHICAGO""]","[""2025-10-08T15:22:00.000""]","[""IMPROPER LANE CHANGE"", ""NONE""]","[""UNKNOWN""]","[""D""]","[""IL"", ""IN""]","[""NONE""]",[],"[""O2167299"", ""O2167300"", ""P478224""]","[""DRIVER"", ""PASSENGER""]","[""NORMAL"", ""UNKNOWN""]","[""SAFETY BELT USED""]","[""F""]","[""IL"", ""IN""]","[""2065974"", ""2065981""]","[""46312"", ""60637""]",[],"[""6""]",[],[],[],[],2025,10,15,8,False,afternoon,41.81,-87.63,41.81_-87.63,32.5,29,36,OTHER,0
STRAIGHT AND LEVEL,1933,2025-10-08 15:15:00,4,15,10,FD549318DCE3410D4BCF6613F14E8F078D4A765A7A39888D4ADBFDAA10852D4946C35DCE4278226622C2F3DC51422DBFB462148B0DF50CF5B7CA48C768051713,NO INJURY / DRIVE AWAY,"OVER $1,500",NO CONTROLS,ANGLE,41.9362390076,DAYLIGHT,-87.6589875371,2,30,UNABLE TO DETERMINE,UNKNOWN,UNKNOWN,NOT APPLICABLE,N,3000,NO CONTROLS,NOT DIVIDED,CLEAR,0.0,0.0,0.0,0.0,0.0,1.0,1,2,"[""Y""]",[],"[""Y""]","[""2025-10-08T15:15:00.000""]","[""2166292"", ""2166293""]","[""FRONT"", ""SIDE-LEFT-REAR""]","[""IL""]","[""JEEP"", ""NISSAN""]","[""STRAIGHT AHEAD""]","[""GRAND CHEROKEE"", ""VERSA""]","[""1""]","[""E"", ""S""]","[""1"", ""2""]","[""DRIVER""]","[""UNKNOWN""]","[""2064984"", ""2064992""]","[""PASSENGER""]","[""PERSONAL""]","[""2019"", ""2024""]",[],[],"[""Y""]",[],[],"[""Y""]",[],[],[],[],[],"[""Y""]",[],[],[],[],"['30', '40']","[""DID NOT DEPLOY""]","[""TEST NOT OFFERED""]","[""CHICAGO""]","[""2025-10-08T15:15:00.000""]","[""UNKNOWN""]","[""UNKNOWN""]",[],"[""IL""]","[""NONE""]",[],"[""O2166292"", ""O2166293""]","[""DRIVER""]","[""NORMAL""]","[""SAFETY BELT USED""]","[""F""]","[""IL""]","[""2064984"", ""2064992""]","[""60632"", ""60657""]",[],[],[],[],[],[],2025,10,15,8,False,afternoon,41.94,-87.66,41.94_-87.66,35.0,30,40,OTHER,0
STRAIGHT AND LEVEL,224,2025-10-08 15:15:00,4,15,10,01BBD126177695E4943CEF9BD84A6AA77408734E49020EEA005C7CE7BA81B1A665E6BCCEB1201F9553278CA9C65B992466B6E4DD2047E18B8ABCF8CF4644965B,NO INJURY / DRIVE AWAY,"OVER $1,500",FUNCTIONING IMPROPERLY,TURNING,41.8091935132,DAYLIGHT,-87.6229793064,2,30,UNABLE TO DETERMINE,UNKNOWN,DRY,NOT APPLICABLE,S,4700,TRAFFIC SIGNAL,FOUR WAY,CLEAR,0.0,0.0,1.0,0.0,0.0,1.0,1,2,"[""Y""]","[""Y""]","[""N""]","[""2025-10-08T15:15:00.000""]","[""2166200"", ""2166201""]","[""FRONT-RIGHT-CORNER"", ""SIDE-RIGHT""]","[""IL""]","[""NISSAN"", ""TOYOTA""]","[""STRAIGHT AHEAD"", ""TURNING RIGHT""]","[""MURANO"", ""RAV4""]","[""1""]","[""S"", ""W""]","[""1"", ""2""]","[""DRIVER""]","[""UNKNOWN""]","[""2064918"", ""2064921""]","[""SPORT UTILITY VEHICLE (SUV)""]","[""PERSONAL""]","[""2018"", ""2019""]","[""Y""]","[""Y""]",[],[],[],[],[],[],[],[],[],[],[],[],[],[],"['33', '40']","[""DID NOT DEPLOY"", ""NOT APPLICABLE""]","[""TEST NOT OFFERED""]","[""CHICAGO""]","[""2025-10-08T15:15:00.000""]","[""OTHER""]","[""UNKNOWN""]","[""D""]","[""IL""]","[""NONE""]","[""REFSUED ON SCENE""]","[""O2166200"", ""O2166201""]","[""DRIVER""]","[""NORMAL""]","[""USAGE UNKNOWN""]","[""F"", ""M""]","[""IL""]","[""2064918"", ""2064921""]","[""60615"", ""60628""]",[],[],[],[],[],[],2025,10,15,8,False,afternoon,41.81,-87.62,41.81_-87.62,36.5,33,40,OTHER,0
STRAIGHT AND LEVEL,413,2025-10-08 15:13:00,4,15,10,C8CEA2AB784C765207135716A06C4762A2E3F988368F24207FFA9D5B046B5A40D8C2F2D3C453E18925CB71674305D923947D04468DCEC7144FBC98069880B035,NO INJURY / DRIVE AWAY,"OVER $1,500",FUNCTIONING PROPERLY,REAR END,41.722449457,UNKNOWN,-87.5850035691,2,30,UNABLE TO DETERMINE,UNKNOWN,UNKNOWN,UNABLE TO DETERMINE,E,1600,TRAFFIC SIGNAL,Y-INTERSECTION,CLEAR,0.0,0.0,0.0,0.0,0.0,1.0,1,3,[],[],"[""Y""]","[""2025-10-08T15:13:00.000""]","[""2168690"", ""2168691""]","[""FRONT"", ""REAR""]","[""IL""]","[""CHEVROLET"", ""TOYOTA""]","[""STRAIGHT AHEAD""]","[""CAMRY"", ""VAN""]","[""1"", ""2""]","[""E""]","[""1"", ""2""]","[""DRIVER""]","[""UNKNOWN""]","[""2067294"", ""2067304""]","[""PASSENGER"", ""VAN/MINI-VAN""]","[""PERSONAL"", ""UNKNOWN/NA""]","[""1991"", ""2025""]",[],[],[],[],[],[],[],[],[],[],"[""1""]",[],[],[],"[""Y""]",[],"['1', '25', '67']","[""DID NOT DEPLOY""]","[""TEST NOT OFFERED""]","[""CHICAGO"", ""FOREST PARK""]","[""2025-10-08T15:13:00.000""]","[""UNKNOWN""]","[""NOT OBSCURED"", ""UNKNOWN""]","[""D""]","[""IL""]","[""NONE""]",[],"[""O2168690"", ""O2168691"", ""P478515""]","[""DRIVER"", ""PASSENGER""]","[""NORMAL"", ""UNKNOWN""]","[""CHILD RESTRAINT - REAR FACING"", ""SAFETY BELT USED"", ""USAGE UNKNOWN""]","[""F"", ""M""]","[""IL""]","[""2067294"", ""2067304""]",[],[],"[""5""]",[],[],[],[],2025,10,15,8,False,afternoon,41.72,-87.59,41.72_-87.59,31.0,1,67,OTHER,0
STRAIGHT AND LEVEL,1222,2025-10-08 15:10:00,4,15,10,46AE96723108915A78746D997DAF78541014549918941E9A877209746100599DDED6D2354A3F4E5BB12EF163DC586AFD71487A7834D3DF5F3DD47CC9BA390D77,INJURY AND / OR TOW DUE TO CRASH,$500 OR LESS,NO CONTROLS,REAR END,41.8845971178,DAYLIGHT,-87.6989910398,2,30,UNABLE TO DETERMINE,UNKNOWN,DRY,UNABLE TO DETERMINE,N,212,NO CONTROLS,NOT DIVIDED,CLEAR,0.0,0.0,0.0,0.0,0.0,1.0,1,4,[],[],[],"[""2025-10-08T15:10:00.000""]","[""2166432"", ""2166433""]","[""FRONT"", ""REAR""]",[],"[""UNKNOWN""]","[""STRAIGHT AHEAD"", ""UNKNOWN/NA""]","[""OTHER (EXPLAIN IN NARRATIVE)""]","[""1"", ""5""]","[""N""]","[""1"", ""2""]","[""DRIVER""]","[""UNKNOWN""]","[""2065130"", ""2065138""]","[""UNKNOWN/NA""]","[""UNKNOWN/NA""]",[],[],[],[],[],[],[],[],[],[],[],"[""4""]",[],[],[],[],[],"['10', '36', '5', '7']","[""DEPLOYMENT UNKNOWN"", ""DID NOT DEPLOY""]","[""TEST NOT OFFERED""]","[""CHICAGO"", ""UNK""]","[""2025-10-08T15:10:00.000""]","[""UNKNOWN""]","[""UNKNOWN""]",[],[],"[""NONE""]","[""NORWEIGAN""]","[""O2166432"", ""O2166433"", ""P478033"", ""P478034"", ""P478036"", ""P478039""]","[""DRIVER"", ""PASSENGER""]","[""UNKNOWN""]","[""USAGE UNKNOWN""]","[""F"", ""M""]","[""IL"", ""XX""]","[""2065130"", ""2065138""]","[""60624""]","[""CFD""]","[""4"", ""5"", ""6""]",[],[],[],[],2025,10,15,8,False,afternoon,41.88,-87.7,41.88_-87.7,14.5,5,36,OTHER,1
STRAIGHT AND LEVEL,1232,2025-10-08 15:07:00,4,15,10,5E2ACC59C51B961CE27B658981923BAD0F590DE267A1F61517F156B90C9845AEA532BE5B893CC035A06FC26BC7CEEE1B2D6A4FC54F8D23AC290CFDFA22E1AA31,NO INJURY / DRIVE AWAY,"OVER $1,500",NO CONTROLS,REAR END,41.8672630984,DAYLIGHT,-87.646972686,2,30,IMPROPER OVERTAKING/PASSING,NO DEFECTS,DRY,NOT APPLICABLE,W,800,NO CONTROLS,NOT DIVIDED,CLEAR,0.0,1.0,0.0,0.0,0.0,1.0,1,1,[],[],"[""N""]","[""2025-10-08T15:07:00.000""]","[""2166240"", ""2166241""]","[""FRONT"", ""REAR-LEFT-CORNER""]","[""IL""]","[""CHEVROLET"", ""UNKNOWN""]","[""CHANGING LANES"", ""STRAIGHT AHEAD""]","[""EQUINOX"", ""OTHER (EXPLAIN IN NARRATIVE)""]","[""1"", ""5""]","[""W""]","[""1"", ""2""]","[""DRIVER""]","[""NONE"", ""UNKNOWN""]","[""2064961"", ""2065011""]","[""BUS OVER 15 PASS."", ""SPORT UTILITY VEHICLE (SUV)""]","[""OTHER"", ""SCHOOL BUS""]","[""2018"", ""2021""]",[],[],[],[],[],"[""Y""]","[""Y""]",[],[],[],"[""4""]",[],[],"[""N""]",[],[],['36'],"[""DID NOT DEPLOY"", ""NOT APPLICABLE""]","[""TEST NOT OFFERED""]","[""CHICAGO""]","[""2025-10-08T15:07:00.000""]","[""IMPROPER LANE CHANGE"", ""NONE""]","[""NOT OBSCURED""]",[],"[""IL""]","[""NONE""]",[],"[""O2166240"", ""O2166241"", ""P477985"", ""P477986"", ""P477987"", ""P477988""]","[""DRIVER"", ""PASSENGER""]","[""NORMAL""]","[""SAFETY BELT USED""]","[""F"", ""M"", ""X""]","[""IL""]","[""2064961"", ""2065011""]","[""60644""]",[],"[""10"", ""11"", ""12"", ""3""]",[],[],[],[],2025,10,15,8,False,afternoon,41.87,-87.65,41.87_-87.65,36.0,36,36,OTHER,0
STRAIGHT AND LEVEL,322,2025-10-08 15:05:00,4,15,10,A139A2574A3273709A2DD29152F575FD22B6BD85DED4579480C3252A1048B0824664C41161BA6401FAE7F1AAFED8B81FFDEAC5174F1AE799BCC3BD9FF7876E7B,INJURY AND / OR TOW DUE TO CRASH,"OVER $1,500",NO CONTROLS,REAR END,41.7655879251,DAYLIGHT,-87.624384752,2,30,UNABLE TO DETERMINE,UNKNOWN,DRY,UNABLE TO DETERMINE,E,12,TRAFFIC SIGNAL,FOUR WAY,CLEAR,0.0,0.0,0.0,0.0,0.0,1.0,1,7,"[""Y""]",[],"[""Y""]","[""2025-10-08T15:05:00.000""]","[""2166359"", ""2166360""]","[""FRONT"", ""REAR""]","[""IL""]","[""FORD"", ""NOVA BUS""]","[""STRAIGHT AHEAD""]","[""ECONOLINE E350"", ""OTHER (EXPLAIN IN NARRATIVE)""]","[""1"", ""7""]","[""W""]","[""1"", ""2""]","[""DRIVER""]","[""UNKNOWN""]","[""2065065"", ""2065077""]","[""BUS OVER 15 PASS."", ""VAN/MINI-VAN""]","[""CTA"", ""PERSONAL""]","[""1998"", ""2022""]",[],[],"[""Y""]",[],[],"[""Y""]",[],[],[],[],"[""6""]",[],[],"[""Y""]","[""Y""]",[],"['1', '21', '22', '44', '51', '56', '61']","[""NOT APPLICABLE""]","[""TEST NOT OFFERED"", ""TEST REFUSED""]","[""CHICAGO"", ""CICERO"", ""SOUTH HOLLAND""]","[""2025-10-08T15:05:00.000""]","[""UNKNOWN""]","[""UNKNOWN""]","[""A"", ""D""]","[""IL""]","[""NONE""]","[""REFUSED"", ""ST BERNARD""]","[""O2166359"", ""O2166360"", ""P478004"", ""P478005"", ""P478006"", ""P478007"", ""P478008"", ""P478009""]","[""DRIVER"", ""PASSENGER""]","[""UNKNOWN""]","[""USAGE UNKNOWN""]","[""F"", ""M""]","[""IL""]","[""2065065"", ""2065077""]","[""60473"", ""60628"", ""60804""]","[""CFD 55""]","[""10"", ""3"", ""4""]",[],[],[],[],2025,10,15,8,False,afternoon,41.77,-87.62,41.77_-87.62,36.57142857142857,1,61,OTHER,1