alignment,beat_of_occurrence,crash_date,crash_day_of_week,crash_hour,crash_month,crash_record_id,crash_type,damage,device_condition,first_crash_type,latitude,lighting_condition,longitude,num_units,posted_speed_limit,prim_contributory_cause,road_defect,roadway_surface_cond,sec_contributory_cause,street_direction,street_no,traffic_control_device,trafficway_type,weather_condition,private_property_i,hit_and_run_i,intersection_related_i,crash_date_est_i,work_zone_i,workers_present_i,veh_count,ppl_count,veh_area_01_i_list_json,veh_area_02_i_list_json,veh_area_12_i_list_json,veh_crash_date_list_json,veh_crash_unit_id_list_json,veh_first_contact_point_list_json,veh_lic_plate_state_list_json,veh_make_list_json,veh_maneuver_list_json,veh_model_list_json,veh_occupant_cnt_list_json,veh_travel_direction_list_json,veh_unit_no_list_json,veh_unit_type_list_json,veh_vehicle_defect_list_json,veh_vehicle_id_list_json,veh_vehicle_type_list_json,veh_vehicle_use_list_json,veh_vehicle_year_list_json,veh_area_03_i_list_json,veh_area_04_i_list_json,veh_area_11_i_list_json,veh_towed_by_list_json,veh_towed_i_list_json,veh_area_07_i_list_json,veh_area_99_i_list_json,veh_area_09_i_list_json,veh_area_10_i_list_json,veh_cmrc_veh_i_list_json,veh_num_passengers_list_json,veh_area_08_i_list_json,veh_area_00_i_list_json,veh_area_05_i_list_json,veh_area_06_i_list_json,veh_towed_to_list_json,ppl_age_list_json,ppl_airbag_deployed_list_json,ppl_bac_result_list_json,ppl_city_list_json,ppl_crash_date_list_json,ppl_driver_action_list_json,ppl_driver_vision_list_json,ppl_drivers_license_class_list_json,ppl_drivers_license_state_list_json,ppl_ejection_list_json,ppl_hospital_list_json,ppl_person_id_list_json,ppl_person_type_list_json,ppl_physical_condition_list_json,ppl_safety_equipment_list_json,ppl_sex_list_json,ppl_state_list_json,ppl_vehicle_id_list_json,ppl_zipcode_list_json,ppl_ems_agency_list_json,ppl_seat_no_list_json,ppl_pedpedal_action_list_json,ppl_pedpedal_location_list_json,ppl_pedpedal_visibility_list_json,ppl_ems_run_no_list_json,year,month,hour,day,is_weekend,hour_bin,lat_bin,lng_bin,grid_id,ppl_age_mean,ppl_age_min,ppl_age_max,prim_contributory_cause_group,ksi_flag
STRAIGHT AND LEVEL,1611,2025-10-08 15:00:00,4,15,10,9C442C6E47B03C72D454C9A84E73A367DD49229979EBE1CE6C313FC41B85E942430D3B59407094D32119FD6D2D9987F882023A00D8B14C85B9359725748C9A31,NO INJURY / DRIVE AWAY,"$501 - $1,500",OTHER,SIDESWIPE SAME DIRECTION,41.9976627542,DAYLIGHT,-87.8066931859,2,30,UNABLE TO DETERMINE,OTHER,UNKNOWN,UNABLE TO DETERMINE,W,7199,NO CONTROLS,NOT DIVIDED,CLEAR,0.0,0.0,0.0,0.0,0.0,1.0,1,2,[],[],[],"[""2025-10-08T15:00:00.000""]","[""2166159"", ""2166160""]","[""FRONT-LEFT-CORNER"", ""FRONT-RIGHT-CORNER""]","[""IL""]","[""CHEVROLET"", ""NISSAN""]","[""CHANGING LANES"", ""STRAIGHT AHEAD""]","[""MAXIMA"", ""SUBURBAN""]","[""1""]","[""E""]","[""1"", ""2""]","[""DRIVER""]","[""UNKNOWN""]","[""2064877"", ""2064888""]","[""PASSENGER"", ""SPORT UTILITY VEHICLE (SUV)""]","[""UNKNOWN/NA""]","[""1999"", ""2017""]",[],[],"[""Y""]",[],[],[],[],[],"[""Y""]",[],[],[],"[""Y""]",[],[],[],"['48', '75']","[""NOT APPLICABLE""]","[""TEST NOT OFFERED""]","[""CHICAGO""]","[""2025-10-08T15:00:00.000""]","[""UNKNOWN""]","[""UNKNOWN""]","[""D""]","[""IL""]","[""NONE""]",[],"[""O2166159"", ""O2166160""]","[""DRIVER""]","[""NORMAL""]","[""USAGE UNKNOWN""]","[""F"", ""M""]","[""IL""]","[""2064877"", ""2064888""]","[""60641"", ""60660""]",[],[],[],[],[],[],2025,10,15,8,False,afternoon,42.0,-87.81,42.0_-87.81,61.5,48,75,OTHER,0
STRAIGHT AND LEVEL,2022,2025-10-08 15:00:00,4,15,10,8183D3D54B22CAFDB8134020B8A977CC715D638FC935C64B97D83CAA0B70D223BB450E2F28DF3361E1DC73D26333EA3C344EA5B0C7AC5557E17C039F22959903,NO INJURY / DRIVE AWAY,"OVER $1,500",NO CONTROLS,SIDESWIPE SAME DIRECTION,41.9878231125,DAYLIGHT,-87.6554649519,2,30,IMPROPER OVERTAKING/PASSING,UNKNOWN,DRY,NOT APPLICABLE,N,5814,NO CONTROLS,NOT DIVIDED,CLEAR,0.0,0.0,0.0,1.0,0.0,1.0,1,2,"[""Y""]","[""Y""]",[],"[""2025-10-08T15:00:00.000""]","[""2166166"", ""2166167""]","[""FRONT-LEFT-CORNER"", ""FRONT-RIGHT-CORNER""]","[""IL""]","[""CHEVROLET"", ""MAZDA""]","[""CHANGING LANES"", ""STRAIGHT AHEAD""]","[""IMPALA"", ""MAZDA3""]","[""1""]","[""S""]","[""1"", ""2""]","[""DRIVER""]","[""UNKNOWN""]","[""2064880"", ""2064887""]","[""PASSENGER""]","[""PERSONAL""]","[""2018"", ""2020""]","[""Y""]",[],"[""Y""]",[],[],"[""Y""]",[],"[""Y""]","[""Y""]",[],[],"[""Y""]",[],[],[],[],"['28', '49']","[""NOT APPLICABLE""]","[""TEST NOT OFFERED""]","[""CHICAGO""]","[""2025-10-08T15:00:00.000""]","[""IMPROPER LANE CHANGE"", ""NONE""]","[""UNKNOWN""]","[""D""]","[""IL""]","[""NONE""]",[],"[""O2166166"", ""O2166167""]","[""DRIVER""]","[""UNKNOWN""]","[""USAGE UNKNOWN""]","[""M""]","[""IL""]","[""2064880"", ""2064887""]","[""60645"", ""60660""]",[],[],[],[],[],[],2025,10,15,8,False,afternoon,41.99,-87.66,41.99_-87.66,38.5,28,49,OTHER,0
STRAIGHT AND LEVEL,1231,2025-10-08 15:00:00,4,15,10,B59D7B57F8AE572C724DBC4565BDF5BD1188C046DD3C635D5AB0AD70CC397C089AF46869FF43B298207B141DAC29E8441FD67674E7F4BF00815D40A4E579ED76,NO INJURY / DRIVE AWAY,"$501 - $1,500",FUNCTIONING PROPERLY,TURNING,41.8778166782,DAYLIGHT,-87.6620124079,2,30,UNABLE TO DETERMINE,NO DEFECTS,DRY,NOT APPLICABLE,W,1400,TRAFFIC SIGNAL,NOT DIVIDED,CLEAR,0.0,0.0,0.0,0.0,0.0,1.0,1,2,[],[],[],"[""2025-10-08T15:00:00.000""]","[""2170243"", ""2170244""]","[""FRONT-LEFT-CORNER"", ""SIDE-RIGHT""]","[""IL""]","[""HONDA"", ""NISSAN""]","[""TURNING LEFT"", ""TURNING RIGHT""]","[""HR-V"", ""LEAF""]","[""1""]","[""UNKNOWN""]","[""1"", ""2""]","[""DRIVER""]","[""NONE"", ""UNKNOWN""]","[""2068776"", ""2068780""]","[""SPORT UTILITY VEHICLE (SUV)""]","[""COMMERCIAL - SINGLE UNIT"", ""UNKNOWN/NA""]","[""2016"", ""2025""]","[""Y""]",[],"[""Y""]",[],[],[],[],[],[],[],[],[],[],[],[],[],"['28', '47']","[""DID NOT DEPLOY""]","[""TEST NOT OFFERED""]","[""CHICAGO""]","[""2025-10-08T15:00:00.000""]","[""UNKNOWN""]","[""NOT OBSCURED"", ""UNKNOWN""]","[""D""]","[""IL""]","[""NONE""]",[],"[""O2170243"", ""O2170244""]","[""DRIVER""]","[""NORMAL"", ""UNKNOWN""]","[""SAFETY BELT USED"", ""USAGE UNKNOWN""]","[""F"", ""M""]","[""IL""]","[""2068776"", ""2068780""]","[""60616"", ""60622""]",[],[],[],[],[],[],2025,10,15,8,False,afternoon,41.88,-87.66,41.88_-87.66,37.5,28,47,OTHER,0
STRAIGHT AND LEVEL,123,2025-10-08 14:55:00,4,14,10,8E3D512AD162744521B368E65B0F7431087F392E39D1B51DEE842F4BA936CAFBE30C9B77BD4078E9E3D1C2195DDE19C8B69821A59CEC4FD01365204026AD842C,INJURY AND / OR TOW DUE TO CRASH,"OVER $1,500",NO CONTROLS,PARKED MOTOR VEHICLE,41.8730493663,DAYLIGHT,-87.6277114198,2,25,NOT APPLICABLE,UNKNOWN,DRY,NOT APPLICABLE,S,700,NO CONTROLS,DIVIDED - W/MEDIAN (NOT RAISED),CLEAR,0.0,0.0,0.0,0.0,0.0,1.0,2,1,"[""N""]",[],"[""Y""]","[""2025-10-08T14:55:00.000""]","[""2166249"", ""2166250""]","[""FRONT"", ""SIDE-LEFT""]","[""IL""]","[""BLUE BIRD BODY COMPANY"", ""THOMAS BUILT BUS COMPANY""]","[""PARKED"", ""SLOW/STOP IN TRAFFIC""]","[""BLUE BIRD BODY CO."", ""THOMAS BUILT BUS CO.""]","[""0"", ""1""]","[""S""]","[""1"", ""2""]","[""DRIVER"", ""PARKED""]","[""NONE""]","[""2064956"", ""2064977""]","[""BUS OVER 15 PASS.""]","[""SCHOOL BUS""]","[""2011"", ""2019""]",[],[],[],"[""PERSONAL""]","[""Y""]","[""N""]",[],"[""Y""]","[""Y""]",[],[],"[""Y""]",[],[],[],"[""UNK""]",['61'],"[""NOT APPLICABLE""]","[""TEST NOT OFFERED""]","[""CHICAGO""]","[""2025-10-08T14:55:00.000""]","[""FOLLOWED TOO CLOSELY""]","[""NOT OBSCURED""]","[""B""]","[""IL""]","[""NONE""]",[],"[""O2166250""]","[""DRIVER""]","[""NORMAL""]","[""NONE PRESENT""]","[""F""]","[""IL""]","[""2064977""]","[""60608""]",[],[],[],[],[],[],2025,10,14,8,False,afternoon,41.87,-87.63,41.87_-87.63,61.0,61,61,OTHER,0
STRAIGHT AND LEVEL,1651,2025-10-08 14:50:00,4,14,10,DA132EC77F6987BDEF5467ECD15ECCBD61D5E87203E72CDCFD4420EDD2E09063889EDDF1AAB19AFB66ABFD3A57EB9C8F4642121729AEA7A2EB99D8B9E70A36C8,NO INJURY / DRIVE AWAY,"OVER $1,500",FUNCTIONING PROPERLY,TURNING,41.976201139,DAYLIGHT,-87.9053091251,2,25,NOT APPLICABLE,NO DEFECTS,DRY,NOT APPLICABLE,W,10000,STOP SIGN/FLASHER,T-INTERSECTION,CLEAR,0.0,0.0,1.0,0.0,0.0,1.0,1,2,"[""Y""]",[],[],"[""2025-10-08T14:50:00.000""]","[""2166179"", ""2166180""]","[""FRONT-RIGHT-CORNER"", ""REAR-LEFT-CORNER""]","[""IL""]","[""GILL MANUFACTURING COMPANY"", ""TOYOTA""]","[""TURNING RIGHT""]","[""GILL MFG. CO."", ""RAV4""]","[""1""]","[""N""]","[""1"", ""2""]","[""DRIVER""]","[""UNKNOWN""]","[""2064896"", ""2064903""]","[""BUS OVER 15 PASS."", ""PASSENGER""]","[""OTHER"", ""PERSONAL""]","[""2021""]",[],[],[],[],[],"[""Y""]",[],[],[],"[""Y""]",[],[],[],[],[],[],"['49', '57']","[""DID NOT DEPLOY"", ""NOT APPLICABLE""]","[""TEST NOT OFFERED""]","[""CHICAGO"", ""VILLA PARK""]","[""2025-10-08T14:50:00.000""]","[""NONE"", ""UNKNOWN""]","[""UNKNOWN""]","[""B"", ""DM""]","[""IL""]","[""NONE""]",[],"[""O2166179"", ""O2166180""]","[""DRIVER""]","[""NORMAL""]","[""NONE PRESENT"", ""USAGE UNKNOWN""]","[""M""]","[""IL""]","[""2064896"", ""2064903""]","[""60181"", ""60619""]",[],[],[],[],[],[],2025,10,14,8,False,afternoon,41.98,-87.91,41.98_-87.91,53.0,49,57,OTHER,0
STRAIGHT AND LEVEL,2223,2025-10-08 14:45:00,4,14,10,EEDE84964EAA219D10FA99737A5575A7461FF90D6B36E96EED7D34A924866B1CC609230607DDC4578FF9DA11CE26A7A5C56219656B6698B4BD6CD181F9DD899B,NO INJURY / DRIVE AWAY,"OVER $1,500",FUNCTIONING PROPERLY,SIDESWIPE SAME DIRECTION,41.7215669005,DAYLIGHT,-87.6432753034,3,30,UNABLE TO DETERMINE,UNKNOWN,DRY,NOT APPLICABLE,W,800,TRAFFIC SIGNAL,DIVIDED - W/MEDIAN BARRIER,CLEAR,0.0,0.0,0.0,0.0,0.0,1.0,1,3,"[""Y""]",[],[],"[""2025-10-08T14:45:00.000""]","[""2166184"", ""2166185"", ""2166186""]","[""OTHER"", ""REAR-LEFT-CORNER"", ""SIDE-RIGHT""]","[""IL""]","[""CHEVROLET"", ""FORD""]","[""STRAIGHT AHEAD""]","[""FUSION"", ""OTHER (EXPLAIN IN NARRATIVE)"", ""TRAIL BLAZER""]","[""1""]","[""W""]","[""1"", ""2"", ""3""]","[""DRIVER""]","[""UNKNOWN""]","[""2064902"", ""2064911"", ""2064916""]","[""BUS UP TO 15 PASS."", ""PASSENGER""]","[""OTHER"", ""PERSONAL""]","[""2014"", ""2020"", ""2024""]","[""Y""]",[],"[""Y""]",[],[],"[""Y""]",[],[],[],[],[],[],[],[],"[""Y""]",[],"['21', '33', '42']","[""NOT APPLICABLE""]","[""TEST NOT OFFERED""]","[""CHICAGO"", ""LACROSSE""]","[""2025-10-08T14:45:00.000""]","[""NONE"", ""UNKNOWN""]","[""NOT OBSCURED"", ""UNKNOWN""]",[],"[""IL"", ""WI""]","[""NONE""]",[],"[""O2166184"", ""O2166185"", ""O2166186""]","[""DRIVER""]","[""NORMAL""]","[""SAFETY BELT USED""]","[""F"", ""M""]","[""IL"", ""WI""]","[""2064902"", ""2064911"", ""2064916""]","[""54601"", ""60619"", ""60649""]",[],[],[],[],[],[],2025,10,14,8,False,afternoon,41.72,-87.64,41.72_-87.64,32.0,21,42,OTHER,0
STRAIGHT AND LEVEL,223,2025-10-08 14:45:00,4,14,10,710A251850C6A42E8559CC63A872C960868F74EB8EAB7954460BDF13B6969AE562134E90A506B4D45FD40FC30BC58426BE4D6635606C6281A1DE82845C00716B,NO INJURY / DRIVE AWAY,"$501 - $1,500",NO CONTROLS,PARKED MOTOR VEHICLE,41.8094428603,DAYLIGHT,-87.6048756757,2,35,NOT APPLICABLE,NO DEFECTS,DRY,NOT APPLICABLE,E,841,NO CONTROLS,NOT DIVIDED,RAIN,0.0,0.0,0.0,0.0,0.0,1.0,2,1,[],[],[],"[""2025-10-08T14:45:00.000""]","[""2166177"", ""2166178""]","[""FRONT-LEFT-CORNER"", ""REAR-RIGHT-CORNER""]","[""IL""]","[""BUICK"", ""MERCEDES-BENZ""]","[""OTHER"", ""PARKED""]","[""ENCORE"", ""GLC""]","[""0"", ""1""]","[""E""]","[""1"", ""2""]","[""DRIVER"", ""PARKED""]","[""NONE""]","[""2064898"", ""2064909""]","[""PASSENGER""]","[""NOT IN USE"", ""PERSONAL""]","[""2021"", ""2024""]",[],"[""N""]","[""Y""]",[],[],[],[],[],"[""Y""]",[],[],[],[],"[""Y""]",[],[],['60'],"[""NOT APPLICABLE""]","[""TEST NOT OFFERED""]","[""CHICAGO""]","[""2025-10-08T14:45:00.000""]","[""IMPROPER PARKING""]","[""NOT OBSCURED""]",[],"[""IL""]","[""NONE""]",[],"[""O2166177""]","[""DRIVER""]","[""NORMAL""]","[""SAFETY BELT USED""]","[""F""]","[""IL""]","[""2064898""]","[""60653""]",[],[],[],[],[],[],2025,10,14,8,False,afternoon,41.81,-87.6,41.81_-87.6,60.0,60,60,OTHER,0
STRAIGHT AND LEVEL,925,2025-10-08 14:45:00,4,14,10,37FFF91CB6C9AFCB36BCADC09F621F483B3F907155FBCF5A104F9D978A4346AB69495C9A066BB8BDD49EBF2A52E9BFDB444C1713E2D78BFE031DD33EF3D14225,INJURY AND / OR TOW DUE TO CRASH,"OVER $1,500",NO CONTROLS,TURNING,41.8125101133,DAYLIGHT,-87.6529179911,2,30,IMPROPER TURNING/NO SIGNAL,WORN SURFACE,DRY,NOT APPLICABLE,W,1100,NO CONTROLS,NOT DIVIDED,CLEAR,0.0,0.0,0.0,0.0,0.0,1.0,1,3,"[""Y""]","[""N""]","[""Y""]","[""2025-10-08T14:45:00.000""]","[""2166238"", ""2166239""]","[""FRONT"", ""SIDE-RIGHT""]","[""IL""]","[""HONDA"", ""NISSAN""]","[""STRAIGHT AHEAD"", ""U-TURN""]","[""CIVIC"", ""PATHFINDER""]","[""1"", ""2""]","[""E"", ""W""]","[""1"", ""2""]","[""DRIVER""]","[""UNKNOWN""]","[""2064952"", ""2064962""]","[""PASSENGER"", ""SPORT UTILITY VEHICLE (SUV)""]","[""PERSONAL""]","[""2011"", ""2018""]","[""Y""]","[""Y""]","[""Y""]","[""UNKNOWN PRIVATE TOW""]","[""Y""]",[],[],[],[],[],"[""1""]",[],[],"[""Y""]",[],"[""UNKNOWN""]","['23', '32', '33']","[""DEPLOYED, COMBINATION""]","[""TEST NOT OFFERED""]","[""CHICAGO""]","[""2025-10-08T14:45:00.000""]","[""FAILED TO YIELD"", ""NONE""]","[""NOT OBSCURED""]","[""D""]","[""IL""]","[""NONE""]",[],"[""O2166238"", ""O2166239"", ""P477976""]","[""DRIVER"", ""PASSENGER""]","[""NORMAL""]","[""USAGE UNKNOWN""]","[""M""]","[""IL""]","[""2064952"", ""2064962""]","[""60623"", ""60629""]",[],"[""3""]",[],[],[],[],2025,10,14,8,False,afternoon,41.81,-87.65,41.81_-87.65,29.333333333333332,23,33,OTHER,0
STRAIGHT AND LEVEL,123,2025-10-08 14:40:00,4,14,10,83F9EB91834D2CC606047FD81C0FD30B3A756156E37E1445DEF02E4D6081A34E5A7AF3DBE008C4390CA682025DC15258066395482765F7436B07E3E5A02531E2,INJURY AND / OR TOW DUE TO CRASH,"OVER $1,500",NO CONTROLS,TURNING,41.8721022966,UNKNOWN,-87.632797134,2,30,DRIVING SKILLS/KNOWLEDGE/EXPERIENCE,UNKNOWN,UNKNOWN,UNABLE TO DETERMINE,S,801,NO CONTROLS,NOT DIVIDED,CLEAR,0.0,0.0,0.0,0.0,0.0,1.0,1,2,[],[],[],"[""2025-10-08T14:40:00.000""]","[""2166221"", ""2166222""]","[""UNKNOWN""]","[""IL""]","[""HONDA"", ""TOYOTA""]","[""STRAIGHT AHEAD"", ""TURNING RIGHT""]","[""CAMRY"", ""MOTORCYCLE""]","[""1""]","[""N""]","[""1"", ""2""]","[""DRIVER""]","[""UNKNOWN""]","[""2064963"", ""2064974""]","[""MOTORCYCLE (OVER 150CC)"", ""PASSENGER""]","[""PERSONAL"", ""UNKNOWN/NA""]","[""2017"", ""2023""]",[],[],[],[],[],[],[],[],[],[],[],[],[],[],[],[],"['24', '28']","[""DEPLOYMENT UNKNOWN""]","[""TEST NOT OFFERED""]","[""CHICAGO"", ""SAVOY""]","[""2025-10-08T14:40:00.000""]","[""OTHER"", ""UNKNOWN""]","[""UNKNOWN""]","[""D"", ""DM""]","[""IL""]","[""UNKNOWN""]",[],"[""O2166221"", ""O2166222""]","[""DRIVER""]","[""UNKNOWN""]","[""DOT COMPLIANT MOTORCYCLE HELMET"", ""USAGE UNKNOWN""]","[""F"", ""M""]","[""IL""]","[""2064963"", ""2064974""]","[""60607"", ""61874""]",[],[],[],[],[],[],2025,10,14,8,False,afternoon,41.87,-87.63,41.87_-87.63,26.0,24,28,OTHER,1
STRAIGHT AND LEVEL,122,2025-10-08 14:40:00,4,14,10,44BC848A99C397807EF6724C016C829385FD2C8FCC585107B09BBF660C8895D0194E30D144CE8E00333126C8C131A9C0A2F0748F1AFF6E0E4DF904AA2F99403F,INJURY AND / OR TOW DUE TO CRASH,"OVER $1,500",FUNCTIONING PROPERLY,PEDESTRIAN,41.8833102543,DAYLIGHT,-87.6371014926,2,30,FAILING TO YIELD RIGHT-OF-WAY,NO DEFECTS,DRY,NOT APPLICABLE,W,360,TRAFFIC SIGNAL,FOUR WAY,CLEAR,0.0,0.0,1.0,0.0,0.0,1.0,2,2,"[""N""]",[],"[""N""]","[""2025-10-08T14:40:00.000""]","[""2166155"", ""2166156""]","[""FRONT""]","[""IL""]","[""LINCOLN""]","[""TURNING LEFT""]","[""NAVIGATOR""]","[""1""]","[""NE""]","[""1"", ""2""]","[""DRIVER"", ""PEDESTRIAN""]","[""NONE""]","[""2064878""]","[""PASSENGER""]","[""OTHER""]","[""2023""]",[],[],"[""N""]",[],[],[],[],[],"[""N""]",[],[],[],"[""Y""]",[],[],[],"['36', '78']","[""DID NOT DEPLOY""]","[""TEST NOT OFFERED""]","[""CHICAGO"", ""SCHAUMBURG""]","[""2025-10-08T14:40:00.000""]","[""FAILED TO YIELD"", ""NONE""]","[""NOT OBSCURED"", ""UNKNOWN""]","[""A""]","[""IL""]","[""NONE""]","[""NORTHWESTERN HOSPITAL""]","[""O2166155"", ""O2166156""]","[""DRIVER"", ""PEDESTRIAN""]","[""NORMAL""]","[""NONE PRESENT"", ""SAFETY BELT USED""]","[""F"", ""M""]","[""IL""]","[""2064878""]","[""60193"", ""60649""]","[""CFD AMBULANCE 42""]",[],"[""CROSSING - WITH SIGNAL""]","[""IN CROSSWALK""]","[""NO CONTRASTING CLOTHING""]",[],2025,10,14,8,False,afternoon,41.88,-87.64,41.88_-87.64,57.0,36,78,FAILURE-TO-YIELD,1
STRAIGHT AND LEVEL,1924,2025-10-08 14:34:00,4,14,10,2355AC8D4D32CB6F948CEA3737B21F3032CF45B26C8BB5266480B3F852857F3B00CF74B89DAC778CA1FEE6981A1417348F306348B5A96287DBAD8F8800721380,NO INJURY / DRIVE AWAY,$500 OR LESS,NO CONTROLS,OTHER OBJECT,41.9470095056,DAYLIGHT,-87.6561906551,3,30,UNABLE TO DETERMINE,NO DEFECTS,DRY,NOT APPLICABLE,N,3551,NO CONTROLS,NOT DIVIDED,CLEAR,0.0,0.0,0.0,0.0,0.0,1.0,2,2,[],[],[],"[""2025-10-08T14:34:00.000""]","[""2166148"", ""2166149"", ""2179429""]","[""FRONT"", ""SIDE-RIGHT""]","[""IL""]","[""HYUNDAI"", ""UNKNOWN""]","[""LEAVING TRAFFIC LANE TO PARK"", ""STRAIGHT AHEAD""]","[""MOTORIZED"", ""TUCSON""]","[""1"", ""2""]","[""N""]","[""1"", ""2""]","[""DRIVER"", ""NON-MOTOR VEHICLE""]","[""NONE""]","[""2064869"", ""2077493""]","[""OTHER"", ""PASSENGER""]","[""PERSONAL"", ""RIDESHARE SERVICE""]","[""2025""]","[""Y""]",[],[],[],[],[],[],[],[],[],"[""1""]",[],"[""Y""]",[],[],[],"['30', '67']","[""DID NOT DEPLOY"", ""NOT APPLICABLE""]","[""TEST NOT OFFERED""]","[""CHICAGO""]","[""2025-10-08T14:34:00.000""]","[""NONE"", ""OTHER"", ""UNKNOWN""]","[""NOT OBSCURED""]","[""D""]","[""IL""]","[""NONE""]",[],"[""O2166148"", ""O2166149"", ""O2179429"", ""P477963""]","[""DRIVER"", ""NON-MOTOR VEHICLE"", ""PASSENGER""]","[""NORMAL""]","[""NONE PRESENT"", ""USAGE UNKNOWN""]","[""M""]","[""IL""]","[""2064869"", ""2077493""]","[""60613"", ""60619""]",[],"[""6""]",[],[],[],[],2025,10,14,8,False,afternoon,41.95,-87.66,41.95_-87.66,48.5,30,67,OTHER,0
STRAIGHT AND LEVEL,114,2025-10-08 14:32:00,4,14,10,BE2C0662735A5BD934840B18207382AE5374A32872E2B5524FA2874A2E11A873D506527EFE26B29AF5F77B7D223D47018A6AFA788A06CB7DC6944CFE336E2A2D,NO INJURY / DRIVE AWAY,"OVER $1,500",FUNCTIONING PROPERLY,REAR END,41.8843222627,DAYLIGHT,-87.6236525281,2,30,FOLLOWING TOO CLOSELY,NO DEFECTS,DRY,NOT APPLICABLE,E,117,TRAFFIC SIGNAL,FOUR WAY,CLEAR,0.0,0.0,1.0,0.0,0.0,1.0,1,1,[],[],"[""Y""]","[""2025-10-08T14:32:00.000""]","[""2168119"", ""2168120""]","[""FRONT"", ""REAR""]","[""IL""]","[""TOYOTA""]","[""SLOW/STOP IN TRAFFIC"", ""STRAIGHT AHEAD""]","[""PRIUS"", ""RAV4""]","[""1""]","[""W""]","[""1"", ""2""]","[""DRIVER""]","[""NONE""]","[""2066753"", ""2066755""]","[""PASSENGER"", ""SPORT UTILITY VEHICLE (SUV)""]","[""PERSONAL"", ""UNKNOWN/NA""]","[""2010"", ""2018""]",[],[],[],[],[],"[""Y""]",[],[],[],[],[],[],[],"[""Y""]","[""Y""]",[],['48'],"[""NOT APPLICABLE""]","[""TEST NOT OFFERED""]","[""CHICAGO""]","[""2025-10-08T14:32:00.000""]","[""FOLLOWED TOO CLOSELY"", ""NONE""]","[""NOT OBSCURED"", ""UNKNOWN""]","[""D""]","[""IL""]","[""NONE""]",[],"[""O2168119"", ""O2168120""]","[""DRIVER""]","[""NORMAL""]","[""SAFETY BELT USED""]","[""F"", ""M""]","[""IL""]","[""2066753"", ""2066755""]","[""60645"", ""60660""]",[],[],[],[],[],[],2025,10,14,8,False,afternoon,41.88,-87.62,41.88_-87.62,48.0,48,48,FOLLOWING TOO CLOSELY,0
STRAIGHT AND LEVEL,1813,2025-10-08 14:32:00,4,14,10,D05C8167C893783EF0CA7672AA48730F13D05D9FD43753AC6E318C37875CB78E15AE73D3E2EC60A6ED1CD45F55D66133CA3B19D0340A83A1F42340DABF7EDF06,NO INJURY / DRIVE AWAY,"$501 - $1,500",FUNCTIONING PROPERLY,TURNING,41.9109406439,DAYLIGHT,-87.6484190427,2,30,IMPROPER OVERTAKING/PASSING,NO DEFECTS,DRY,NOT APPLICABLE,N,1600,TRAFFIC SIGNAL,FOUR WAY,CLEAR,0.0,0.0,1.0,0.0,0.0,1.0,1,2,[],"[""Y""]",[],"[""2025-10-08T14:32:00.000""]","[""2166817"", ""2166818""]","[""REAR-LEFT-CORNER"", ""SIDE-RIGHT""]","[""IL"", ""IN""]","[""A & B TRAILER MANUFACTURING COMPANY, INC. (CROWN POINT, IN)"", ""TOYOTA""]","[""PASSING/OVERTAKING"", ""TURNING RIGHT""]","[""A & B TRAILER MFG. CO., INC., CROWN POINT, IN"", ""CAMRY""]","[""1""]","[""S""]","[""1"", ""2""]","[""DRIVER""]","[""NONE""]","[""2065504"", ""2065505""]","[""PASSENGER"", ""SINGLE UNIT TRUCK WITH TRAILER""]","[""COMMERCIAL - MULTI-UNIT"", ""PERSONAL""]","[""2018"", ""2020""]","[""Y""]",[],[],[],[],"[""Y""]",[],[],[],[],[],"[""Y""]",[],[],[],[],"['51', '54']","[""NOT APPLICABLE""]","[""TEST NOT OFFERED""]","[""CHICAGO""]","[""2025-10-08T14:32:00.000""]","[""FOLLOWED TOO CLOSELY"", ""NONE""]","[""NOT OBSCURED""]","[""AM"", ""D""]","[""IL"", ""IN""]","[""NONE""]",[],"[""O2166817"", ""O2166818""]","[""DRIVER""]","[""NORMAL""]","[""USAGE UNKNOWN""]","[""M""]","[""IL""]","[""2065504"", ""2065505""]","[""60614"", ""60632""]",[],[],[],[],[],[],2025,10,14,8,False,afternoon,41.91,-87.65,41.91_-87.65,52.5,51,54,OTHER,0