alignment,beat_of_occurrence,crash_date,crash_day_of_week,crash_hour,crash_month,crash_record_id,crash_type,damage,device_condition,first_crash_type,latitude,lighting_condition,longitude,num_units,posted_speed_limit,prim_contributory_cause,road_defect,roadway_surface_cond,sec_contributory_cause,street_direction,street_no,traffic_control_device,trafficway_type,weather_condition,private_property_i,hit_and_run_i,intersection_related_i,crash_date_est_i,work_zone_i,workers_present_i,veh_count,ppl_count,veh_area_01_i_list_json,veh_area_02_i_list_json,veh_area_12_i_list_json,veh_crash_date_list_json,veh_crash_unit_id_list_json,veh_first_contact_point_list_json,veh_lic_plate_state_list_json,veh_make_list_json,veh_maneuver_list_json,veh_model_list_json,veh_occupant_cnt_list_json,veh_travel_direction_list_json,veh_unit_no_list_json,veh_unit_type_list_json,veh_vehicle_defect_list_json,veh_vehicle_id_list_json,veh_vehicle_type_list_json,veh_vehicle_use_list_json,veh_vehicle_year_list_json,veh_area_03_i_list_json,veh_area_04_i_list_json,veh_area_11_i_list_json,veh_towed_by_list_json,veh_towed_i_list_json,veh_area_07_i_list_json,veh_area_99_i_list_json,veh_area_09_i_list_json,veh_area_10_i_list_json,veh_cmrc_veh_i_list_json,veh_num_passengers_list_json,veh_area_08_i_list_json,veh_area_00_i_list_json,veh_area_05_i_list_json,veh_area_06_i_list_json,veh_towed_to_list_json,ppl_age_list_json,ppl_airbag_deployed_list_json,ppl_bac_result_list_json,ppl_city_list_json,ppl_crash_date_list_json,ppl_driver_action_list_json,ppl_driver_vision_list_json,ppl_drivers_license_class_list_json,ppl_drivers_license_state_list_json,ppl_ejection_list_json,ppl_hospital_list_json,ppl_person_id_list_json,ppl_person_type_list_json,ppl_physical_condition_list_json,ppl_safety_equipment_list_json,ppl_sex_list_json,ppl_state_list_json,ppl_vehicle_id_list_json,ppl_zipcode_list_json,ppl_ems_agency_list_json,ppl_seat_no_list_json,ppl_pedpedal_action_list_json,ppl_pedpedal_location_list_json,ppl_pedpedal_visibility_list_json,ppl_ems_run_no_list_json,year,month,hour,day,is_weekend,hour_bin,lat_bin,lng_bin,grid_id,ppl_age_mean,ppl_age_min,ppl_age_max,prim_contributory_cause_group,ksi_flag
STRAIGHT AND LEVEL,911,2025-10-08 14:30:00,4,14,10,07F6D69698F59C227D92AAFC30A0B3CA38CD86886F4C27C3E39ED4088040B9E000F726A7B920AF751711F57E106267F16268DFD78362D062F8428B88E5461A38,NO INJURY / DRIVE AWAY,"$501 - $1,500",FUNCTIONING PROPERLY,SIDESWIPE OPPOSITE DIRECTION,41.8264369015,DAYLIGHT,-87.685066849,2,25,UNABLE TO DETERMINE,NO DEFECTS,DRY,UNABLE TO DETERMINE,S,3700,TRAFFIC SIGNAL,FOUR WAY,CLEAR,0.0,1.0,0.0,0.0,0.0,1.0,1,1,[],[],"[""Y""]","[""2025-10-08T14:30:00.000""]","[""2166791"", ""2166792""]","[""FRONT-LEFT-CORNER"", ""SIDE-LEFT""]","[""IL""]","[""TOYOTA"", ""UNKNOWN""]","[""MERGING"", ""STRAIGHT AHEAD""]","[""OTHER (EXPLAIN IN NARRATIVE)"", ""RAV4""]","[""1""]","[""N"", ""S""]","[""1"", ""2""]","[""DRIVER""]","[""NONE"", ""UNKNOWN""]","[""2065475"", ""2065480""]","[""SPORT UTILITY VEHICLE (SUV)"", ""UNKNOWN/NA""]","[""PERSONAL"", ""UNKNOWN/NA""]","[""2014""]",[],[],"[""Y""]",[],[],"[""Y""]",[],"[""Y""]",[],[],[],"[""Y""]",[],[],[],[],['27'],"[""DEPLOYMENT UNKNOWN"", ""NOT APPLICABLE""]","[""TEST NOT OFFERED""]","[""CHICAGO""]","[""2025-10-08T14:30:00.000""]","[""NONE"", ""UNKNOWN""]","[""NOT OBSCURED"", ""UNKNOWN""]","[""D""]","[""IL""]","[""NONE""]",[],"[""O2166791"", ""O2166792""]","[""DRIVER""]","[""NORMAL"", ""UNKNOWN""]","[""SAFETY BELT USED"", ""USAGE UNKNOWN""]","[""M"", ""X""]","[""IL""]","[""2065475"", ""2065480""]","[""60609""]",[],[],[],[],[],[],2025,10,14,8,False,afternoon,41.83,-87.69,41.83_-87.69,27.0,27,27,OTHER,0
STRAIGHT AND LEVEL,1654,2025-10-08 14:25:00,4,14,10,C2F465713A957DAE3B1DA37BBD6B78672BB633B82D32E529768BDE9A3A87A213F8059451094DA884A795A8FDE2E113057AE59206678F8EB69A35F30EAD59A418,NO INJURY / DRIVE AWAY,"OVER $1,500",NO CONTROLS,PARKED MOTOR VEHICLE,41.8736407663,DAYLIGHT,-87.6723897727,2,15,UNABLE TO DETERMINE,NO DEFECTS,DRY,NOT APPLICABLE,W,616,NO CONTROLS,PARKING LOT,CLEAR,0.0,0.0,0.0,0.0,0.0,1.0,2,2,[],[],[],"[""2025-10-08T14:25:00.000""]","[""2166228"", ""2166229""]","[""FRONT-LEFT-CORNER"", ""REAR-RIGHT-CORNER""]","[""IL"", ""IN""]","[""VOLVO""]","[""PARKED"", ""STRAIGHT AHEAD""]","[""TRUCK"", ""V40""]","[""1""]","[""E"", ""W""]","[""1"", ""2""]","[""DRIVER"", ""PARKED""]","[""NONE""]","[""2064949"", ""2064957""]","[""TRACTOR W/ SEMI-TRAILER""]","[""COMMERCIAL - SINGLE UNIT""]","[""2017"", ""2025""]",[],[],"[""Y""]",[],[],[],[],[],[],[],"[""1""]",[],[],"[""Y""]","[""Y""]",[],"['32', '61']","[""DID NOT DEPLOY""]","[""TEST NOT OFFERED""]","[""ADDISON"", ""HUNTLEY""]","[""2025-10-08T14:25:00.000""]","[""UNKNOWN""]","[""NOT OBSCURED""]","[""A""]","[""IL""]","[""NONE""]",[],"[""O2166228"", ""P477975""]","[""DRIVER"", ""PASSENGER""]","[""NORMAL""]","[""SAFETY BELT USED""]","[""M""]","[""IL""]","[""2064949"", ""2064957""]","[""60101"", ""60142""]",[],"[""1""]",[],[],[],[],2025,10,14,8,False,afternoon,41.87,-87.67,NAN_NAN,46.5,32,61,OTHER,0
STRAIGHT AND LEVEL,1231,2025-10-08 14:20:00,4,14,10,38B5589E26902ADABD0E74B959F9C841D834C1AE8C14A045376A2B3D5FC176F27B21BEB162801A6F039C833248204B9910F2862137EEFF24A1063E8594EAF391,NO INJURY / DRIVE AWAY,"OVER $1,500",FUNCTIONING PROPERLY,SIDESWIPE SAME DIRECTION,41.8712079273,DAYLIGHT,-87.6713309827,2,30,UNABLE TO DETERMINE,NO DEFECTS,DRY,UNABLE TO DETERMINE,S,811,TRAFFIC SIGNAL,NOT DIVIDED,CLEAR,0.0,0.0,0.0,0.0,0.0,1.0,1,2,[],"[""Y""]",[],"[""2025-10-08T14:20:00.000""]","[""2169144"", ""2169145""]","[""SIDE-LEFT"", ""SIDE-RIGHT""]","[""IL""]","[""CHEVROLET"", ""SUBARU""]","[""MERGING"", ""STRAIGHT AHEAD""]","[""CRUZE"", ""OTHER (EXPLAIN IN NARRATIVE)""]","[""1""]","[""N""]","[""1"", ""2""]","[""DRIVER""]","[""BRAKES"", ""NONE""]","[""2067690"", ""2067691""]","[""PASSENGER"", ""SPORT UTILITY VEHICLE (SUV)""]","[""PERSONAL""]","[""2015"", ""2017""]","[""Y""]",[],[],[],[],[],[],"[""Y""]","[""Y""]",[],[],[],[],[],[],[],"['33', '44']","[""DID NOT DEPLOY""]","[""TEST NOT OFFERED""]","[""CHICAGO""]","[""2025-10-08T14:20:00.000""]","[""NONE"", ""UNKNOWN""]","[""NOT OBSCURED""]",[],"[""IL""]","[""NONE""]",[],"[""O2169144"", ""O2169145""]","[""DRIVER""]","[""NORMAL""]","[""SAFETY BELT USED""]","[""F"", ""M""]","[""IL""]","[""2067690"", ""2067691""]","[""60610"", ""60614""]",[],[],[],[],[],[],2025,10,14,8,False,afternoon,41.87,-87.67,41.87_-87.67,38.5,33,44,OTHER,0
STRAIGHT AND LEVEL,1013,2025-10-08 14:17:00,4,14,10,FA2251E0190E92C237DC2CFBA3C92E857593ED4A3D45AD81355466733C70B0534DA8009AA68B003D2D539DDAFC8E92FC1EB5158D326A2580956A1C42366D5E83,INJURY AND / OR TOW DUE TO CRASH,$500 OR LESS,FUNCTIONING PROPERLY,PARKED MOTOR VEHICLE,41.8444655355,DAYLIGHT,-87.7168986893,2,30,IMPROPER TURNING/NO SIGNAL,NO DEFECTS,DRY,NOT APPLICABLE,W,3652,TRAFFIC SIGNAL,NOT DIVIDED,CLEAR,0.0,0.0,0.0,0.0,0.0,1.0,2,1,"[""Y""]","[""Y""]",[],"[""2025-10-08T14:17:00.000""]","[""2166162"", ""2166163""]","[""FRONT-LEFT-CORNER"", ""FRONT-RIGHT-CORNER""]","[""IL""]","[""FORD"", ""KIA""]","[""PARKED"", ""TURNING LEFT""]","[""F450"", ""TELLURIDE""]","[""0"", ""1""]","[""E"", ""S""]","[""1"", ""2""]","[""DRIVER"", ""PARKED""]","[""UNKNOWN""]","[""2064885"", ""2064893""]","[""PASSENGER"", ""TRUCK - SINGLE UNIT""]","[""CONSTRUCTION/MAINTENANCE"", ""UNKNOWN/NA""]","[""2020"", ""2023""]",[],[],"[""Y""]",[],"[""Y""]",[],[],[],[],"[""N""]",[],[],"[""N"", ""Y""]",[],[],[],['63'],"[""NOT APPLICABLE""]","[""TEST NOT OFFERED""]","[""BERKELEY""]","[""2025-10-08T14:17:00.000""]","[""UNKNOWN""]","[""UNKNOWN""]","[""C""]","[""IL""]","[""NONE""]",[],"[""O2166162""]","[""DRIVER""]","[""NORMAL""]","[""USAGE UNKNOWN""]","[""M""]","[""IL""]","[""2064885""]","[""60163""]",[],[],[],[],[],[],2025,10,14,8,False,afternoon,41.84,-87.72,41.84_-87.72,63.0,63,63,OTHER,0
STRAIGHT AND LEVEL,2232,2025-10-08 14:13:00,4,14,10,CDF269B5EC58FBB0EE33287DDAEF834360D4DB19B004D0455A04795A744D05B04D8537DD7ECDB3A3012890084E11AECF9FE5AF939CC8E082CCBEBA04F771E8FC,INJURY AND / OR TOW DUE TO CRASH,"OVER $1,500",NO CONTROLS,PARKED MOTOR VEHICLE,41.7059129472,DAYLIGHT,-87.643871154,2,30,EQUIPMENT - VEHICLE CONDITION,NO DEFECTS,DRY,NOT APPLICABLE,S,10333,NO CONTROLS,OTHER,CLEAR,0.0,0.0,0.0,0.0,0.0,1.0,2,1,"[""Y""]","[""Y""]","[""Y""]","[""2025-10-08T14:13:00.000""]","[""2166202"", ""2166203""]","[""FRONT-RIGHT-CORNER"", ""SIDE-LEFT-REAR""]","[""IL""]","[""CHEVROLET"", ""FORD""]","[""PARKED"", ""STRAIGHT AHEAD""]","[""F150"", ""IMPALA""]","[""0"", ""1""]","[""S"", ""UNKNOWN""]","[""1"", ""2""]","[""DRIVER"", ""PARKED""]","[""UNKNOWN""]","[""2064919"", ""2064920""]","[""PASSENGER"", ""PICKUP""]","[""NOT IN USE"", ""PERSONAL""]","[""2008"", ""2014""]","[""Y""]","[""Y""]","[""Y""]","[""PERSONAL TOW""]","[""Y""]","[""Y""]",[],"[""N""]","[""Y""]",[],[],"[""N""]",[],[],[],"[""UNKNOWN""]",['59'],"[""NOT APPLICABLE""]","[""TEST NOT OFFERED""]","[""CHICAGO""]","[""2025-10-08T14:13:00.000""]","[""TOO FAST FOR CONDITIONS""]","[""NOT OBSCURED""]","[""D""]","[""IL""]","[""NONE""]",[],"[""O2166202""]","[""DRIVER""]","[""NORMAL""]","[""USAGE UNKNOWN""]","[""M""]","[""IL""]","[""2064919""]","[""60643""]",[],[],[],[],[],[],2025,10,14,8,False,afternoon,41.71,-87.64,41.71_-87.64,59.0,59,59,OTHER,0
STRAIGHT AND LEVEL,1034,2025-10-08 14:09:00,4,14,10,81236EAF0407B9203A9097B310E02C3B2C8752B3211AF5AB1EFDD187EDC3402589F5200D213201273E4A5092035677705B0794D91C895B3CAF4400A24C67457A,NO INJURY / DRIVE AWAY,"$501 - $1,500",FUNCTIONING PROPERLY,REAR END,41.8484397867,DAYLIGHT,-87.6755979527,2,30,FOLLOWING TOO CLOSELY,NO DEFECTS,DRY,FOLLOWING TOO CLOSELY,S,2403,TRAFFIC SIGNAL,NOT DIVIDED,CLEAR,0.0,0.0,0.0,0.0,0.0,1.0,1,2,[],[],"[""Y""]","[""2025-10-08T14:09:00.000""]","[""2166192"", ""2166193""]","[""FRONT"", ""REAR""]","[""IL""]","[""FORD""]","[""SLOW/STOP IN TRAFFIC"", ""STRAIGHT AHEAD""]","[""OTHER (EXPLAIN IN NARRATIVE)""]","[""1""]","[""N""]","[""1"", ""2""]","[""DRIVER""]","[""NONE""]","[""2064905"", ""2064912""]","[""PASSENGER"", ""VAN/MINI-VAN""]","[""OTHER"", ""UNKNOWN/NA""]","[""2013"", ""2023""]",[],[],[],[],[],[],[],[],[],[],[],[],[],[],"[""Y""]",[],"['31', '49']","[""DID NOT DEPLOY""]","[""TEST NOT OFFERED""]","[""CHICAGO"", ""GRIFFITH""]","[""2025-10-08T14:09:00.000""]","[""FOLLOWED TOO CLOSELY"", ""NONE""]","[""NOT OBSCURED"", ""UNKNOWN""]","[""D""]","[""IL"", ""IN""]","[""NONE""]",[],"[""O2166192"", ""O2166193""]","[""DRIVER""]","[""NORMAL""]","[""SAFETY BELT USED""]","[""F""]","[""IL"", ""IN""]","[""2064905"", ""2064912""]","[""46319"", ""60636""]",[],[],[],[],[],[],2025,10,14,8,False,afternoon,41.85,-87.68,41.85_-87.68,40.0,31,49,FOLLOWING TOO CLOSELY,0
STRAIGHT AND LEVEL,812,2025-10-08 14:05:00,4,14,10,2B0BE80598098E1E57715FC2312BE2445A6CB1A10847672E4B8208C989AA0C2537313E6B37CFFEF0D9C4802F901D32393FF99BFD6EFCC6F276B409ADFB66D919,NO INJURY / DRIVE AWAY,$500 OR LESS,NO CONTROLS,PARKED MOTOR VEHICLE,41.7783122717,DAYLIGHT,-87.7908799233,2,25,EQUIPMENT - VEHICLE CONDITION,NO DEFECTS,DRY,NOT APPLICABLE,S,6235,NO CONTROLS,NOT DIVIDED,CLEAR,0.0,0.0,0.0,0.0,0.0,1.0,2,1,[],[],[],"[""2025-10-08T14:05:00.000""]","[""2166168"", ""2166169""]","[""SIDE-LEFT"", ""SIDE-RIGHT""]","[""IL""]","[""CHEVROLET"", ""FREIGHTLINER CORPORATION""]","[""PARKED"", ""SLOW/STOP IN TRAFFIC""]","[""EQUINOX"", ""FREIGHTLINER CORP.""]","[""0"", ""1""]","[""N""]","[""1"", ""2""]","[""DRIVER"", ""PARKED""]","[""NONE"", ""UNKNOWN""]","[""2064889"", ""2064891""]","[""BUS OVER 15 PASS."", ""SPORT UTILITY VEHICLE (SUV)""]","[""PERSONAL"", ""SCHOOL BUS""]","[""2006"", ""2016""]","[""Y""]",[],[],[],[],[],[],"[""Y""]","[""Y""]",[],[],"[""Y""]",[],[],[],[],['37'],"[""NOT APPLICABLE""]","[""TEST NOT OFFERED""]","[""CHICAGO""]","[""2025-10-08T14:05:00.000""]","[""OTHER""]","[""NOT OBSCURED""]","[""B""]","[""IL""]","[""NONE""]",[],"[""O2166168""]","[""DRIVER""]","[""NORMAL""]","[""NONE PRESENT""]","[""M""]","[""IL""]","[""2064889""]","[""60649""]",[],[],[],[],[],[],2025,10,14,8,False,afternoon,41.78,-87.79,41.78_-87.79,37.0,37,37,OTHER,0
STRAIGHT AND LEVEL,1122,2025-10-08 14:00:00,4,14,10,1DBC16C75FF6DB364729D2BF13824017BFF7710806B3B2D2400E957539C9622269FCDDE5111282CC9EF4F56461E59D2B9355AEC693CF9869CC9586961F0E1366,INJURY AND / OR TOW DUE TO CRASH,"OVER $1,500",FUNCTIONING PROPERLY,PEDALCYCLIST,41.877258466,DAYLIGHT,-87.7207561375,2,30,UNABLE TO DETERMINE,NO DEFECTS,DRY,NOT APPLICABLE,W,3800,TRAFFIC SIGNAL,FOUR WAY,CLEAR,0.0,1.0,0.0,0.0,0.0,1.0,2,1,[],[],[],"[""2025-10-08T14:00:00.000""]","[""2166173"", ""2166174""]","[""FRONT""]","[""IL""]","[""UNKNOWN""]","[""STRAIGHT AHEAD""]","[""MOTORIZED""]","[""1""]","[""N""]","[""1"", ""2""]","[""BICYCLE"", ""DRIVER""]","[""UNKNOWN""]","[""2064886""]","[""UNKNOWN/NA""]","[""UNKNOWN/NA""]",[],[],[],[],[],[],[],[],[],[],[],[],[],[],[],[],[],['23'],"[""DEPLOYMENT UNKNOWN""]","[""TEST NOT OFFERED""]","[""CHICAGO""]","[""2025-10-08T14:00:00.000""]","[""FAILED TO YIELD"", ""UNKNOWN""]","[""NOT OBSCURED"", ""UNKNOWN""]",[],[],"[""NONE"", ""UNKNOWN""]","[""MT SINAI""]","[""O2166173"", ""O2166174""]","[""BICYCLE"", ""DRIVER""]","[""NORMAL"", ""UNKNOWN""]","[""HELMET NOT USED"", ""USAGE UNKNOWN""]","[""M""]","[""IL""]","[""2064886""]","[""60651""]",[],[],"[""WITH TRAFFIC""]","[""IN ROADWAY""]","[""NO CONTRASTING CLOTHING""]",[],2025,10,14,8,False,afternoon,41.88,-87.72,41.88_-87.72,23.0,23,23,OTHER,1
STRAIGHT AND LEVEL,722,2025-10-08 14:00:00,4,14,10,1868C3DEC535348874199B9A458B26B3479E6DAE8DF4F45F83D53B342A5605B3FEC61F7A7FEF717E246694828B28AD0780E6756D64200EFF0EB322DCEE1CF5EA,NO INJURY / DRIVE AWAY,"OVER $1,500",FUNCTIONING PROPERLY,SIDESWIPE SAME DIRECTION,41.7799265177,DAYLIGHT,-87.6319793256,2,35,IMPROPER OVERTAKING/PASSING,NO DEFECTS,DRY,UNABLE TO DETERMINE,S,6300,TRAFFIC SIGNAL,DIVIDED - W/MEDIAN (NOT RAISED),CLEAR,0.0,0.0,0.0,0.0,0.0,1.0,1,0,"[""Y""]","[""Y""]","[""Y""]","[""2025-10-08T14:00:00.000""]","[""2166153"", ""2166154""]","[""FRONT-LEFT-CORNER"", ""FRONT-RIGHT-CORNER""]","[""IL""]","[""HYUNDAI"", ""KIA""]","[""PASSING/OVERTAKING"", ""STRAIGHT AHEAD""]","[""ACCENT"", ""SEDONA""]","[""1""]","[""S""]","[""1"", ""2""]","[""DRIVER""]","[""NONE""]","[""2064872"", ""2064874""]","[""PASSENGER"", ""SPORT UTILITY VEHICLE (SUV)""]","[""PERSONAL""]","[""2007"", ""2019""]",[],[],"[""Y""]",[],[],[],[],"[""Y""]","[""Y""]",[],[],[],[],[],[],[],[],"[""DID NOT DEPLOY""]","[""TEST NOT OFFERED""]",[],"[""2025-10-08T14:00:00.000""]","[""IMPROPER PASSING"", ""NONE""]","[""NOT OBSCURED""]","[""D""]","[""IL""]","[""NONE""]",[],"[""O2166153"", ""O2166154""]","[""DRIVER""]","[""NORMAL""]","[""SAFETY BELT USED""]","[""F""]",[],"[""2064872"", ""2064874""]",[],[],[],[],[],[],[],2025,10,14,8,False,afternoon,41.78,-87.63,41.78_-87.63,0.0,0,0,OTHER,0
STRAIGHT AND LEVEL,513,2025-10-08 14:00:00,4,14,10,7F6C477B541587925C8B6167B6CB44A3C631A8EA40B0D0B80BC89B266ED1192ABA95A7EB084D2C64900E5D0088D9BE015918497E759F01447092ED8085EBDA14,NO INJURY / DRIVE AWAY,"OVER $1,500",NO CONTROLS,PARKED MOTOR VEHICLE,41.696313684,DAYLIGHT,-87.5966322439,2,15,DRIVING SKILLS/KNOWLEDGE/EXPERIENCE,NO DEFECTS,DRY,UNABLE TO DETERMINE,S,10900,NO CONTROLS,PARKING LOT,CLEAR,0.0,0.0,0.0,0.0,0.0,1.0,2,1,[],[],[],"[""2025-10-08T14:00:00.000""]","[""2166355"", ""2166356""]","[""REAR"", ""SIDE-LEFT""]","[""IL""]","[""CHEVROLET"", ""FORD""]","[""PARKED"", ""STRAIGHT AHEAD""]","[""F350"", ""OTHER (EXPLAIN IN NARRATIVE)""]","[""0"", ""1""]","[""NW"", ""W""]","[""1"", ""2""]","[""DRIVER"", ""PARKED""]","[""NONE""]","[""2065061"", ""2065085""]","[""PASSENGER"", ""PICKUP""]","[""OTHER"", ""PERSONAL""]","[""2015"", ""2024""]",[],[],[],[],[],[],[],[],[],[],[],[],"[""Y""]",[],"[""Y""]",[],['65'],"[""DID NOT DEPLOY""]","[""TEST NOT OFFERED""]","[""SOUTH HOLLAND""]","[""2025-10-08T14:00:00.000""]","[""OTHER""]","[""NOT OBSCURED""]","[""A""]","[""IL""]","[""NONE""]",[],"[""O2166355""]","[""DRIVER""]","[""NORMAL""]","[""SAFETY BELT USED""]","[""M""]","[""IL""]","[""2065061""]","[""60473""]",[],[],[],[],[],[],2025,10,14,8,False,afternoon,41.7,-87.6,41.7_-87.6,65.0,65,65,OTHER,0
STRAIGHT AND LEVEL,1832,2025-10-08 13:53:00,4,13,10,FFFA80F4F506B627BE0BAF992E8E44FB46165527B8D38B4B0F800A15FD80A4A989EB2FBC1917AD2712D46E35B5EA2885B2392C0801CA87DD7684D40889550C21,NO INJURY / DRIVE AWAY,$500 OR LESS,NO CONTROLS,SIDESWIPE SAME DIRECTION,41.8939693996,DAYLIGHT,-87.6328072823,2,30,UNABLE TO DETERMINE,NO DEFECTS,DRY,NOT APPLICABLE,N,652,NO CONTROLS,NOT DIVIDED,CLEAR,0.0,0.0,0.0,0.0,0.0,1.0,1,3,"[""Y""]",[],[],"[""2025-10-08T13:53:00.000""]","[""2166204"", ""2166205""]","[""FRONT-RIGHT-CORNER"", ""UNKNOWN""]","[""IL""]","[""MERCEDES-BENZ"", ""TOYOTA""]","[""STRAIGHT AHEAD"", ""UNKNOWN/NA""]","[""CAMRY"", ""OTHER (EXPLAIN IN NARRATIVE)""]","[""1"", ""2""]","[""S""]","[""1"", ""2""]","[""DRIVER""]","[""UNKNOWN""]","[""2064922"", ""2064927""]","[""PASSENGER""]","[""PERSONAL""]","[""2012"", ""2016""]",[],[],[],[],[],[],[],"[""Y""]",[],[],"[""1""]","[""Y""]",[],[],[],[],"['18', '21', '65']","[""DID NOT DEPLOY""]","[""TEST NOT OFFERED""]","[""AURORA"", ""BUFFALO GROVE"", ""SKOKIE""]","[""2025-10-08T13:53:00.000""]","[""UNKNOWN""]","[""NOT OBSCURED""]","[""D""]","[""IL""]","[""NONE""]",[],"[""O2166204"", ""O2166205"", ""P477967""]","[""DRIVER"", ""PASSENGER""]","[""NORMAL""]","[""USAGE UNKNOWN""]","[""F"", ""M""]","[""IL""]","[""2064922"", ""2064927""]","[""60077"", ""60089"", ""60502""]",[],"[""3""]",[],[],[],[],2025,10,13,8,False,afternoon,41.89,-87.63,41.89_-87.63,34.666666666666664,18,65,OTHER,0
STRAIGHT AND LEVEL,631,2025-10-08 13:47:00,4,13,10,4B8F2CA1224C1C1FA841DF0F7B6BF0A291AE176062A0BC46B6AD3D42CD06108FF8225497A0AE2645F8983CA0E6E06E7B470EFA29A9B46550F575E9F0DF3AE95C,INJURY AND / OR TOW DUE TO CRASH,"OVER $1,500",FUNCTIONING PROPERLY,ANGLE,41.7475332863,DAYLIGHT,-87.6052788008,2,30,FAILING TO YIELD RIGHT-OF-WAY,NO DEFECTS,DRY,FAILING TO YIELD RIGHT-OF-WAY,S,8100,TRAFFIC SIGNAL,FOUR WAY,CLEAR,0.0,0.0,1.0,0.0,0.0,1.0,1,2,"[""Y""]","[""Y""]","[""Y""]","[""2025-10-08T13:47:00.000""]","[""2166335"", ""2166336""]","[""FRONT"", ""SIDE-LEFT""]","[""IL""]","[""FREIGHTLINER CORPORATION"", ""LEXUS""]","[""STRAIGHT AHEAD""]","[""FREIGHTLINER CORP."", ""RX350""]","[""1""]","[""N"", ""W""]","[""1"", ""2""]","[""DRIVER""]","[""UNKNOWN""]","[""2065044"", ""2065057""]","[""BUS OVER 15 PASS."", ""PASSENGER""]","[""PERSONAL"", ""SCHOOL BUS""]","[""2007"", ""2015""]",[],[],"[""Y""]","[""PRIVATE TOW"", ""PRIVATE TOW AT A LATER DATE""]","[""Y""]",[],[],"[""Y""]","[""Y""]",[],[],"[""Y""]",[],[],[],"[""8133 S DOBSON AVENUE"", ""UNKNOWN""]","['25', '67']","[""DEPLOYED, COMBINATION"", ""NOT APPLICABLE""]","[""TEST NOT OFFERED""]","[""CHICAGO"", ""DOLTON""]","[""2025-10-08T13:47:00.000""]","[""DISREGARDED CONTROL DEVICES"", ""NONE""]","[""UNKNOWN""]","[""B"", ""D""]","[""IL""]","[""NONE""]","[""JACKSON PARK"", ""UNIVERSITY OF CHICAGO""]","[""O2166335"", ""O2166336""]","[""DRIVER""]","[""UNKNOWN""]","[""USAGE UNKNOWN""]","[""F""]","[""IL""]","[""2065044"", ""2065057""]","[""60419"", ""60636""]","[""AMB 22"", ""AMB 50""]",[],[],[],[],[],2025,10,13,8,False,afternoon,41.75,-87.61,41.75_-87.61,46.0,25,67,FAILURE-TO-YIELD,1
STRAIGHT AND LEVEL,1121,2025-10-08 13:45:00,4,13,10,7A1677E033714DF4D73292D3E8D6FEE27DD949CB78E2ADC60AC1DD3932E40E4DAB6DF97B7343AC9A7ED4F2D14F8313E250E683F7926B2A1E10C866444FEBD9C8,NO INJURY / DRIVE AWAY,"OVER $1,500",NO CONTROLS,SIDESWIPE SAME DIRECTION,41.9019590643,DAYLIGHT,-87.7086754516,2,30,UNABLE TO DETERMINE,UNKNOWN,UNKNOWN,NOT APPLICABLE,W,3266,NO CONTROLS,NOT DIVIDED,CLEAR,0.0,0.0,0.0,0.0,0.0,1.0,1,1,[],[],[],"[""2025-10-08T13:45:00.000""]","[""2166152"", ""2166161""]","[""FRONT-LEFT-CORNER"", ""REAR-RIGHT-CORNER""]","[""IL""]","[""BUICK"", ""FORD""]","[""STRAIGHT AHEAD""]","[""OTHER (EXPLAIN IN NARRATIVE)""]","[""1""]","[""W""]","[""1"", ""2""]","[""DRIVER""]","[""UNKNOWN""]","[""2064870"", ""2064875""]","[""BUS UP TO 15 PASS."", ""PASSENGER""]","[""OTHER"", ""UNKNOWN/NA""]","[""2020""]",[],[],"[""N""]",[],[],[],"[""Y""]",[],[],[],[],[],[],[],[],[],['46'],"[""DEPLOYMENT UNKNOWN"", ""DID NOT DEPLOY""]","[""TEST NOT OFFERED""]","[""CHICAGO""]","[""2025-10-08T13:45:00.000""]","[""NONE"", ""OTHER""]","[""NOT OBSCURED"", ""UNKNOWN""]",[],"[""IL""]","[""NONE""]",[],"[""O2166152"", ""O2166161""]","[""DRIVER""]","[""NORMAL"", ""UNKNOWN""]","[""USAGE UNKNOWN""]","[""M""]","[""IL""]","[""2064870"", ""2064875""]","[""60653""]",[],[],[],[],[],[],2025,10,13,8,False,afternoon,41.9,-87.71,41.9_-87.71,46.0,46,46,OTHER,0
STRAIGHT AND LEVEL,1533,2025-10-08 13:41:00,4,13,10,28E255C3DDE7236D043ABA8C411F77D1A8772353E4074F9201022982393030D9FE524DB754D6090E83CF7CD2D1869874403E7192A44B8A707A30667A7FCAA059,INJURY AND / OR TOW DUE TO CRASH,"OVER $1,500",NO CONTROLS,FIXED OBJECT,41.8805838854,DAYLIGHT,-87.7470529414,1,25,UNABLE TO DETERMINE,NO DEFECTS,DRY,DRIVING SKILLS/KNOWLEDGE/EXPERIENCE,W,4848,NO CONTROLS,DIVIDED - W/MEDIAN (NOT RAISED),CLEAR,1.0,1.0,0.0,0.0,0.0,1.0,1,0,"[""N""]",[],"[""Y""]","[""2025-10-08T13:41:00.000""]","[""2166133""]","[""FRONT""]","[""IL""]","[""BUICK""]","[""UNKNOWN/NA""]","[""LESABRE""]","[""1""]","[""UNKNOWN""]","[""1""]","[""DRIVER""]","[""UNKNOWN""]","[""2064855""]","[""PASSENGER""]","[""UNKNOWN/NA""]","[""2003""]",[],[],"[""N""]","[""private""]","[""Y""]",[],[],[],[],[],[],[],[],[],[],[],[],"[""DEPLOYMENT UNKNOWN""]","[""TEST NOT OFFERED""]",[],"[""2025-10-08T13:41:00.000""]","[""OTHER""]","[""UNKNOWN""]",[],[],"[""NONE""]",[],"[""O2166133""]","[""DRIVER""]","[""UNKNOWN""]","[""USAGE UNKNOWN""]","[""X""]",[],"[""2064855""]",[],[],[],[],[],[],[],2025,10,13,8,False,afternoon,41.88,-87.75,41.88_-87.75,0.0,0,0,OTHER,0