alignment,beat_of_occurrence,crash_date,crash_day_of_week,crash_hour,crash_month,crash_record_id,crash_type,damage,device_condition,first_crash_type,latitude,lighting_condition,longitude,num_units,posted_speed_limit,prim_contributory_cause,road_defect,roadway_surface_cond,sec_contributory_cause,street_direction,street_no,traffic_control_device,trafficway_type,weather_condition,private_property_i,hit_and_run_i,intersection_related_i,crash_date_est_i,work_zone_i,workers_present_i,veh_count,ppl_count,veh_area_01_i_list_json,veh_area_02_i_list_json,veh_area_12_i_list_json,veh_crash_date_list_json,veh_crash_unit_id_list_json,veh_first_contact_point_list_json,veh_lic_plate_state_list_json,veh_make_list_json,veh_maneuver_list_json,veh_model_list_json,veh_occupant_cnt_list_json,veh_travel_direction_list_json,veh_unit_no_list_json,veh_unit_type_list_json,veh_vehicle_defect_list_json,veh_vehicle_id_list_json,veh_vehicle_type_list_json,veh_vehicle_use_list_json,veh_vehicle_year_list_json,veh_area_03_i_list_json,veh_area_04_i_list_json,veh_area_11_i_list_json,veh_towed_by_list_json,veh_towed_i_list_json,veh_area_07_i_list_json,veh_area_99_i_list_json,veh_area_09_i_list_json,veh_area_10_i_list_json,veh_cmrc_veh_i_list_json,veh_num_passengers_list_json,veh_area_08_i_list_json,veh_area_00_i_list_json,veh_area_05_i_list_json,veh_area_06_i_list_json,veh_towed_to_list_json,ppl_age_list_json,ppl_airbag_deployed_list_json,ppl_bac_result_list_json,ppl_city_list_json,ppl_crash_date_list_json,ppl_driver_action_list_json,ppl_driver_vision_list_json,ppl_drivers_license_class_list_json,ppl_drivers_license_state_list_json,ppl_ejection_list_json,ppl_hospital_list_json,ppl_person_id_list_json,ppl_person_type_list_json,ppl_physical_condition_list_json,ppl_safety_equipment_list_json,ppl_sex_list_json,ppl_state_list_json,ppl_vehicle_id_list_json,ppl_zipcode_list_json,ppl_ems_agency_list_json,ppl_seat_no_list_json,ppl_pedpedal_action_list_json,ppl_pedpedal_location_list_json,ppl_pedpedal_visibility_list_json,ppl_ems_run_no_list_json,year,month,hour,day,is_weekend,hour_bin,lat_bin,lng_bin,grid_id,ppl_age_mean,ppl_age_min,ppl_age_max,prim_contributory_cause_group,ksi_flag
STRAIGHT AND LEVEL,1812,2025-10-08 13:34:00,4,13,10,AC60CC1E4A4DF691C0CCCB40FDABE40F2C209A42938E2FC9BF6FAF4D7AE58FF29D2937351D146A552BEEE72551B19C48B2D6E9607D70A5113968A013B1A49F67,NO INJURY / DRIVE AWAY,"OVER $1,500",NO CONTROLS,REAR TO FRONT,41.9182223687,DAYLIGHT,-87.6528889108,2,25,FAILING TO YIELD RIGHT-OF-WAY,NO DEFECTS,DRY,FAILING TO REDUCE SPEED TO AVOID CRASH,W,948,NO CONTROLS,NOT DIVIDED,CLEAR,0.0,0.0,0.0,0.0,0.0,1.0,1,2,[],[],[],"[""2025-10-08T13:34:00.000""]","[""2166682"", ""2166683""]","[""FRONT-RIGHT-CORNER"", ""REAR-LEFT-CORNER""]","[""IL"", ""WI""]","[""FORD"", ""HYUNDAI""]","[""LEAVING TRAFFIC LANE TO PARK""]","[""FOCUS"", ""OTHER (EXPLAIN IN NARRATIVE)""]","[""1""]","[""E"", ""W""]","[""1"", ""2""]","[""DRIVER""]","[""NONE""]","[""2065375"", ""2065383""]","[""PASSENGER""]","[""PERSONAL""]","[""2017"", ""2025""]",[],[],[],[],[],"[""Y""]",[],[],[],[],[],[],[],[],[],[],"['43', '50']","[""DID NOT DEPLOY""]","[""TEST NOT OFFERED""]","[""NORMANDY PARK"", ""WESTERN SPRINGS""]","[""2025-10-08T13:34:00.000""]","[""FAILED TO YIELD"", ""NONE""]","[""NOT OBSCURED""]","[""D"", ""WA""]","[""IL"", ""WA""]","[""NONE""]",[],"[""O2166682"", ""O2166683""]","[""DRIVER""]","[""UNKNOWN""]","[""SAFETY BELT USED"", ""USAGE UNKNOWN""]","[""F"", ""M""]","[""IL"", ""WA""]","[""2065375"", ""2065383""]","[""60558"", ""98166""]",[],[],[],[],[],[],2025,10,13,8,False,afternoon,41.92,-87.65,41.92_-87.65,46.5,43,50,FAILURE-TO-YIELD,0
STRAIGHT AND LEVEL,2211,2025-10-08 13:30:00,4,13,10,E17B18813591FEECED80744268DD83E7ADA2E4E1A9EAFD3C5A2FC1FA34FDC0104E2E7D583D7B151379547018C0618943521BD7543A4789296A83E129960F5A15,INJURY AND / OR TOW DUE TO CRASH,"OVER $1,500",NO CONTROLS,ANGLE,41.7088344357,DAYLIGHT,-87.6818417924,2,30,UNABLE TO DETERMINE,UNKNOWN,DRY,UNABLE TO DETERMINE,S,10140,NO CONTROLS,NOT DIVIDED,CLEAR,0.0,0.0,0.0,0.0,0.0,1.0,1,3,"[""Y""]",[],"[""Y""]","[""2025-10-08T13:30:00.000""]","[""2166111"", ""2166112""]","[""FRONT"", ""SIDE-LEFT""]","[""IL""]","[""CHEVROLET"", ""FORD""]","[""STRAIGHT AHEAD""]","[""COLORADO"", ""F150""]","[""1"", ""2""]","[""E"", ""S""]","[""1"", ""2""]","[""DRIVER""]","[""UNKNOWN""]","[""2064853"", ""2064859""]","[""PICKUP""]","[""CONSTRUCTION/MAINTENANCE""]","[""2015"", ""2016""]",[],[],"[""Y""]","[""personal tow""]","[""Y""]",[],[],"[""Y""]","[""Y""]",[],"[""1""]","[""Y""]",[],[],[],"[""personal tow""]","['50', '58', '77']","[""DEPLOYED, FRONT"", ""DEPLOYMENT UNKNOWN""]","[""TEST NOT OFFERED""]","[""CHICAGO"", ""MONEE""]","[""2025-10-08T13:30:00.000""]","[""UNKNOWN""]","[""UNKNOWN""]","[""D""]","[""IL""]","[""NONE""]","[""DNA"", ""LITTLE COMPANY OF MARY OSF""]","[""O2166111"", ""O2166112"", ""P477960""]","[""DRIVER"", ""PASSENGER""]","[""NORMAL""]","[""SAFETY BELT USED"", ""USAGE UNKNOWN""]","[""F"", ""M""]","[""IL""]","[""2064853"", ""2064859""]","[""60449"", ""60643""]","[""CFD AMB5"", ""DNA""]","[""3""]",[],[],[],[],2025,10,13,8,False,afternoon,41.71,-87.68,41.71_-87.68,61.666666666666664,50,77,OTHER,1
STRAIGHT AND LEVEL,1711,2025-10-08 13:30:00,4,13,10,6B8697F805060DA377FF2466EF22BCB9F613923305288F1E380A18A1714285BBCD901D5E4FA887DFA0D08A1179FEB83496C1436EF55EC3797A0A872FC28CF212,NO INJURY / DRIVE AWAY,"OVER $1,500",NO CONTROLS,FIXED OBJECT,41.988309132,DAYLIGHT,-87.7287225656,1,10,"VISION OBSCURED (SIGNS, TREE LIMBS, BUILDINGS, ETC.)",NO DEFECTS,DRY,NOT APPLICABLE,N,5860,NO CONTROLS,OTHER,CLEAR,1.0,0.0,0.0,0.0,0.0,1.0,1,1,[],[],[],"[""2025-10-08T13:30:00.000""]","[""2166207""]","[""REAR""]","[""IL""]","[""HONDA""]","[""BACKING""]","[""ODYSSEY""]","[""1""]","[""E""]","[""1""]","[""DRIVER""]","[""UNKNOWN""]","[""2064940""]","[""PASSENGER""]","[""PERSONAL""]","[""2006""]",[],[],[],[],[],"[""Y""]",[],[],[],[],[],[],[],"[""Y""]","[""Y""]",[],['47'],"[""DID NOT DEPLOY""]","[""TEST NOT OFFERED""]","[""EVANSTON""]","[""2025-10-08T13:30:00.000""]","[""IMPROPER BACKING""]","[""UNKNOWN""]","[""D""]","[""IL""]","[""NONE""]",[],"[""O2166207""]","[""DRIVER""]","[""NORMAL""]","[""USAGE UNKNOWN""]","[""F""]","[""IL""]","[""2064940""]","[""60201""]",[],[],[],[],[],[],2025,10,13,8,False,afternoon,41.99,-87.73,41.99_-87.73,47.0,47,47,LIGHTING/VISIBILITY,0
STRAIGHT AND LEVEL,2031,2025-10-08 13:25:00,4,13,10,82AC95F322A5F20377881D63FD4BD64DF0608253C6F5E05EA5CE854AD7752F2028DDFDAE2BD4071CA7DDC3789C689F7741637CEC8464CE663FDA2D8D962BB8D9,NO INJURY / DRIVE AWAY,"OVER $1,500",FUNCTIONING PROPERLY,TURNING,41.9731313027,UNKNOWN,-87.6891592133,2,25,UNABLE TO DETERMINE,UNKNOWN,UNKNOWN,NOT APPLICABLE,W,2400,TRAFFIC SIGNAL,NOT REPORTED,CLEAR,0.0,0.0,0.0,0.0,0.0,1.0,1,2,"[""Y""]",[],[],"[""2025-10-08T13:25:00.000""]","[""2166093"", ""2166094""]","[""FRONT-RIGHT-CORNER"", ""SIDE-LEFT""]","[""IL""]","[""HONDA"", ""TOYOTA""]","[""STRAIGHT AHEAD"", ""TURNING LEFT""]","[""ACCORD"", ""RAV4""]","[""1"", ""2""]","[""E""]","[""1"", ""2""]","[""DRIVER""]","[""NONE""]","[""2064830"", ""2064836""]","[""PASSENGER""]","[""PERSONAL""]","[""2018"", ""2021""]",[],[],[],[],[],[],[],"[""Y""]","[""Y""]",[],"[""1""]","[""Y""]",[],[],[],[],"['38', '77']","[""DID NOT DEPLOY""]","[""TEST NOT OFFERED""]","[""CHICAGO"", ""MATTESON""]","[""2025-10-08T13:25:00.000""]","[""UNKNOWN""]","[""UNKNOWN""]","[""D""]","[""IL""]","[""NONE""]",[],"[""O2166093"", ""O2166094"", ""P477962""]","[""DRIVER"", ""PASSENGER""]","[""UNKNOWN""]","[""SAFETY BELT USED""]","[""F"", ""M""]","[""IL""]","[""2064830"", ""2064836""]","[""60443"", ""60625"", ""60645""]",[],"[""3""]",[],[],[],[],2025,10,13,8,False,afternoon,41.97,-87.69,41.97_-87.69,57.5,38,77,OTHER,0
STRAIGHT AND LEVEL,1723,2025-10-08 13:25:00,4,13,10,E7FFEE317E93E2D7348B0422840021524DE414142C6C3A929139F17F4D6ED3E3930AD2FF4B4F8A1A15FE4AEDD6D5636C570CBCFA7F3992D8BEE41BB97AC5BEAC,NO INJURY / DRIVE AWAY,"OVER $1,500",FUNCTIONING PROPERLY,TURNING,41.961018953,DAYLIGHT,-87.7131955045,2,30,UNABLE TO DETERMINE,NO DEFECTS,DRY,NOT APPLICABLE,W,3401,TRAFFIC SIGNAL,DIVIDED - W/MEDIAN (NOT RAISED),CLEAR,0.0,1.0,0.0,0.0,0.0,1.0,1,1,[],[],[],"[""2025-10-08T13:25:00.000""]","[""2166140"", ""2166141""]","[""FRONT-LEFT-CORNER"", ""SIDE-LEFT""]","[""IL""]","[""LEXUS"", ""TOYOTA""]","[""STRAIGHT AHEAD"", ""TURNING RIGHT""]","[""AVALON"", ""GS350""]","[""1""]","[""E"", ""SW""]","[""1"", ""2""]","[""DRIVER""]","[""NONE"", ""UNKNOWN""]","[""2064861"", ""2064864""]","[""PASSENGER""]","[""PERSONAL""]","[""2001"", ""2015""]",[],[],"[""N""]",[],[],[],"[""Y""]","[""N""]",[],[],[],"[""Y""]",[],[],[],[],['25'],"[""DEPLOYMENT UNKNOWN"", ""NOT APPLICABLE""]","[""TEST NOT OFFERED""]","[""NILES""]","[""2025-10-08T13:25:00.000""]","[""IMPROPER TURN"", ""NONE""]","[""NOT OBSCURED"", ""UNKNOWN""]","[""D""]","[""IL""]","[""NONE""]",[],"[""O2166140"", ""O2166141""]","[""DRIVER""]","[""NORMAL"", ""UNKNOWN""]","[""SAFETY BELT USED"", ""USAGE UNKNOWN""]","[""F"", ""M""]","[""IL""]","[""2064861"", ""2064864""]","[""60714""]",[],[],[],[],[],[],2025,10,13,8,False,afternoon,41.96,-87.71,41.96_-87.71,25.0,25,25,OTHER,0
STRAIGHT AND LEVEL,112,2025-10-08 13:18:00,4,13,10,2420F4AD5DBB8975226A7A8D7F3CEFF7EC857F5D11E7DBFC7F6C47C4C440E24924E6E5B9E586D443070907D07DF9825C6FC9D13DEBCEC6746BB5BB3294A0B2F4,NO INJURY / DRIVE AWAY,"$501 - $1,500",FUNCTIONING PROPERLY,SIDESWIPE SAME DIRECTION,41.8806754011,DAYLIGHT,-87.62645664,2,30,FAILING TO YIELD RIGHT-OF-WAY,NO DEFECTS,DRY,IMPROPER OVERTAKING/PASSING,E,35,TRAFFIC SIGNAL,ONE-WAY,CLEAR,0.0,1.0,0.0,0.0,0.0,1.0,1,1,"[""Y""]","[""Y""]",[],"[""2025-10-08T13:18:00.000""]","[""2166150"", ""2166151""]","[""FRONT-LEFT-CORNER"", ""FRONT-RIGHT-CORNER""]","[""IL"", ""IN""]","[""FORD""]","[""MERGING"", ""STRAIGHT AHEAD""]","[""F150"", ""TRANSIT""]","[""1""]","[""E"", ""UNKNOWN""]","[""1"", ""2""]","[""DRIVER""]","[""NONE"", ""UNKNOWN""]","[""2064871"", ""2064879""]","[""PICKUP"", ""VAN/MINI-VAN""]","[""COMMERCIAL - SINGLE UNIT"", ""UNKNOWN/NA""]","[""1989"", ""2016""]",[],[],"[""Y""]",[],[],[],[],[],"[""Y""]",[],[],[],[],[],[],[],['19'],"[""NOT APPLICABLE""]","[""TEST NOT OFFERED""]","[""CHICAGO""]","[""2025-10-08T13:18:00.000""]","[""FAILED TO YIELD"", ""NONE""]","[""NOT OBSCURED""]","[""D""]","[""IL""]","[""NONE""]",[],"[""O2166150"", ""O2166151""]","[""DRIVER""]","[""NORMAL"", ""UNKNOWN""]","[""USAGE UNKNOWN""]","[""M"", ""X""]","[""IL"", ""IN""]","[""2064871"", ""2064879""]","[""60632""]",[],[],[],[],[],[],2025,10,13,8,False,afternoon,41.88,-87.63,41.88_-87.63,19.0,19,19,FAILURE-TO-YIELD,0
STRAIGHT AND LEVEL,1224,2025-10-08 13:11:00,4,13,10,530CCECE536B39FA6DD2CDBCA94B58E2840493C3630D198C391901E47BC84ED74106C07A9940D4D5205451E6CE50187593ED0DFD93E9456A9A6D78BF4B6A274A,NO INJURY / DRIVE AWAY,"OVER $1,500",NO CONTROLS,PARKED MOTOR VEHICLE,41.8849597552,DAYLIGHT,-87.6499356021,2,30,FAILING TO YIELD RIGHT-OF-WAY,SHOULDER DEFECT,DRY,FAILING TO YIELD RIGHT-OF-WAY,N,164,NO CONTROLS,NOT DIVIDED,CLEAR,0.0,0.0,0.0,0.0,0.0,1.0,1,0,[],[],[],"[""2025-10-08T13:11:00.000""]","[""2169833"", ""2169834""]","[""REAR"", ""UNKNOWN""]","[""IL""]","[""CHEVROLET"", ""LEXUS""]","[""PARKED""]","[""GS460"", ""TRAX""]","[""0""]","[""NW"", ""UNKNOWN""]","[""1"", ""2""]","[""PARKED""]","[""UNKNOWN""]","[""2068365"", ""2068370""]","[""SPORT UTILITY VEHICLE (SUV)""]","[""PERSONAL""]","[""2020""]",[],[],[],[],[],"[""Y""]","[""Y""]",[],[],[],[],[],[],"[""Y""]","[""Y""]",[],[],"[""DID NOT DEPLOY""]","[""TEST NOT OFFERED""]","[""CHICAGO""]","[""2025-10-07T08:00:00.000""]","[""UNKNOWN""]","[""UNKNOWN""]","[""D""]","[""IL""]","[""NONE""]",[],"[""O2161905"", ""O2161906""]","[""DRIVER""]","[""NORMAL""]","[""USAGE UNKNOWN""]","[""F"", ""M""]","[""IL""]",[],[],[],[],[],[],[],[],2025,10,13,8,False,afternoon,41.88,-87.65,41.88_-87.65,0.0,0,0,FAILURE-TO-YIELD,0
STRAIGHT AND LEVEL,2515,2025-10-08 13:00:00,4,13,10,FD0899CF446CF1204A00B1C78B27DA4277F3025F0FE565F113AEBD16493C376FF571F613F2D5B156A8305BFDF804E8EB65E0EF9A6E2CCC082F10D3C047421286,NO INJURY / DRIVE AWAY,"OVER $1,500",NO CONTROLS,REAR END,41.9186088912,DAYLIGHT,-87.765574479,2,30,FAILING TO REDUCE SPEED TO AVOID CRASH,NO DEFECTS,DRY,NOT APPLICABLE,W,5555,NO CONTROLS,NOT DIVIDED,CLEAR,0.0,1.0,0.0,0.0,0.0,1.0,1,1,"[""Y""]",[],"[""Y""]","[""2025-10-08T13:00:00.000""]","[""2166564"", ""2166565""]","[""FRONT"", ""REAR""]","[""IL""]","[""HONDA"", ""NISSAN""]","[""STRAIGHT AHEAD""]","[""ACCORD"", ""ROGUE""]","[""1"", ""3""]","[""E""]","[""1"", ""2""]","[""DRIVER""]","[""NONE""]","[""2065248"", ""2065261""]","[""PASSENGER""]","[""PERSONAL""]","[""2002"", ""2016""]",[],[],"[""Y""]",[],[],[],[],[],[],[],"[""2""]",[],[],[],"[""Y""]",[],['41'],"[""DEPLOYMENT UNKNOWN"", ""NOT APPLICABLE""]","[""TEST NOT OFFERED""]","[""CHICAGO""]","[""2025-10-08T13:00:00.000""]","[""FAILED TO YIELD"", ""NONE""]","[""NOT OBSCURED"", ""UNKNOWN""]","[""D""]","[""IL""]","[""NONE""]",[],"[""O2166564"", ""O2166565"", ""P478063"", ""P478064""]","[""DRIVER"", ""PASSENGER""]","[""NORMAL"", ""UNKNOWN""]","[""SAFETY BELT USED"", ""USAGE UNKNOWN""]","[""F"", ""M""]","[""IL""]","[""2065248"", ""2065261""]",[],[],"[""4"", ""6""]",[],[],[],[],2025,10,13,8,False,afternoon,41.92,-87.77,41.92_-87.77,41.0,41,41,SPEEDING,0
STRAIGHT AND LEVEL,124,2025-10-08 12:58:00,4,12,10,43A271F1A03C015311D6780E2E7A7D9B6DE876D1C82FB7A7E44D791394959EE242D22AFDFBBD94BDCF4C775FC4997182B783CC58851AEDE6FAE65D6BE1C9F8DC,NO INJURY / DRIVE AWAY,"$501 - $1,500",FUNCTIONING PROPERLY,SIDESWIPE SAME DIRECTION,41.8671418101,DAYLIGHT,-87.639882369,2,30,FAILING TO YIELD RIGHT-OF-WAY,NO DEFECTS,DRY,IMPROPER OVERTAKING/PASSING,W,515,TRAFFIC SIGNAL,NOT DIVIDED,CLEAR,0.0,0.0,0.0,0.0,0.0,1.0,1,2,"[""Y""]",[],[],"[""2025-10-08T12:58:00.000""]","[""2166091"", ""2166092""]","[""FRONT-LEFT-CORNER"", ""FRONT-RIGHT-CORNER""]","[""IL""]","[""TOYOTA"", ""VOLVO""]","[""MERGING"", ""SLOW/STOP IN TRAFFIC""]","[""CAMRY"", ""XC4""]","[""1""]","[""E"", ""NE""]","[""1"", ""2""]","[""DRIVER""]","[""NONE""]","[""2064828"", ""2064838""]","[""PASSENGER"", ""SPORT UTILITY VEHICLE (SUV)""]","[""PERSONAL"", ""TAXI/FOR HIRE""]","[""2013"", ""2025""]",[],[],[],[],[],[],[],[],[],[],[],[],[],[],[],[],"['31', '57']","[""NOT APPLICABLE""]","[""TEST NOT OFFERED""]","[""CHICAGO""]","[""2025-10-08T12:58:00.000""]","[""NONE""]","[""NOT OBSCURED""]","[""D""]","[""IL""]","[""NONE""]",[],"[""O2166091"", ""O2166092""]","[""DRIVER""]","[""NORMAL""]","[""USAGE UNKNOWN""]","[""M""]","[""IL""]","[""2064828"", ""2064838""]","[""60653"", ""60659""]",[],[],[],[],[],[],2025,10,12,8,False,morning,41.87,-87.64,41.87_-87.64,44.0,31,57,FAILURE-TO-YIELD,0
STRAIGHT AND LEVEL,2512,2025-10-08 12:51:00,4,12,10,0E9F3AAF729776B4A109E69E8D99CEF57FABE11CF5DCDF1054D3A424C1B17FE4185E2167577971BC174B29AFDF4075ADAB9B3D66E41F7E4E045AE00B6CE3EAE7,INJURY AND / OR TOW DUE TO CRASH,"OVER $1,500",NO CONTROLS,FIXED OBJECT,41.9308339152,DAYLIGHT,-87.7891337875,1,20,FAILING TO REDUCE SPEED TO AVOID CRASH,NO DEFECTS,DRY,UNABLE TO DETERMINE,W,6525,NO CONTROLS,PARKING LOT,CLEAR,0.0,0.0,0.0,0.0,0.0,1.0,1,1,[],[],"[""Y""]","[""2025-10-08T12:51:00.000""]","[""2166089""]","[""FRONT""]","[""IL""]","[""HONDA""]","[""STRAIGHT AHEAD""]","[""ODYSSEY""]","[""1""]","[""S""]","[""1""]","[""DRIVER""]","[""UNKNOWN""]","[""2064824""]","[""VAN/MINI-VAN""]","[""UNKNOWN/NA""]","[""2024""]",[],[],[],[],[],[],[],[],[],[],[],[],[],[],[],[],['65'],"[""DEPLOYED, FRONT""]","[""TEST NOT OFFERED""]","[""CHICAGO""]","[""2025-10-08T12:51:00.000""]","[""OTHER""]","[""UNKNOWN""]","[""D""]","[""IL""]","[""NONE""]",[],"[""O2166089""]","[""DRIVER""]","[""NORMAL""]","[""SAFETY BELT USED""]","[""F""]","[""IL""]","[""2064824""]","[""60656""]",[],[],[],[],[],[],2025,10,12,8,False,morning,41.93,-87.79,41.93_-87.79,65.0,65,65,SPEEDING,1
STRAIGHT AND LEVEL,1512,2025-10-08 12:45:00,4,12,10,9813A5D3B26C248AA97144630CBDC93937134964D3F81ACD43B6E09B870112476E143D1D33BAE857666537335D6CE66F1D2D641B11E7F219193D8EBDDF80D712,NO INJURY / DRIVE AWAY,"OVER $1,500",NO CONTROLS,PARKED MOTOR VEHICLE,41.8828261599,DAYLIGHT,-87.7697030634,2,35,UNABLE TO DETERMINE,NO DEFECTS,DRY,UNABLE TO DETERMINE,N,121,NO CONTROLS,ONE-WAY,CLEAR,0.0,1.0,0.0,0.0,0.0,1.0,2,0,[],[],[],"[""2025-10-08T12:45:00.000""]","[""2166708"", ""2166709""]","[""FRONT-LEFT-CORNER"", ""UNKNOWN""]","[""IL"", ""XX""]","[""TOYOTA"", ""UNKNOWN""]","[""PARKED"", ""UNKNOWN/NA""]","[""OTHER (EXPLAIN IN NARRATIVE)"", ""PRIUS""]","[""0"", ""1""]","[""N"", ""UNKNOWN""]","[""1"", ""2""]","[""DRIVER"", ""PARKED""]","[""NONE"", ""UNKNOWN""]","[""2065397"", ""2065400""]","[""PASSENGER"", ""UNKNOWN/NA""]","[""NOT IN USE"", ""UNKNOWN/NA""]","[""2014""]",[],[],"[""Y""]",[],[],[],[],[],"[""Y""]",[],[],[],[],[],[],[],[],"[""DEPLOYMENT UNKNOWN""]","[""TEST NOT OFFERED""]",[],"[""2025-10-08T12:45:00.000""]","[""UNKNOWN""]","[""UNKNOWN""]",[],"[""XX""]","[""UNKNOWN""]",[],"[""O2166708""]","[""DRIVER""]","[""UNKNOWN""]","[""USAGE UNKNOWN""]","[""X""]",[],"[""2065397""]",[],[],[],[],[],[],[],2025,10,12,8,False,morning,41.88,-87.77,41.88_-87.77,0.0,0,0,OTHER,0
STRAIGHT AND LEVEL,622,2025-10-08 12:42:00,4,12,10,451A03449A06557CE631DE25864AB8DD5AC1CCA87C15694C8C58DD26F935686492CA12962DFA2320BC00A4ECAF471FC371B591A0E99EE5C844690018061B1645,INJURY AND / OR TOW DUE TO CRASH,"OVER $1,500",NO CONTROLS,OTHER OBJECT,41.7410569377,DAYLIGHT,-87.6318260004,4,15,DRIVING SKILLS/KNOWLEDGE/EXPERIENCE,NO DEFECTS,DRY,NOT APPLICABLE,S,8411,NO CONTROLS,PARKING LOT,CLEAR,1.0,0.0,0.0,0.0,0.0,1.0,3,2,"[""Y""]","[""Y""]","[""Y""]","[""2025-10-08T12:42:00.000""]","[""2166242"", ""2166243"", ""2166244"", ""2166255""]","[""FRONT"", ""REAR"", ""SIDE-RIGHT-REAR""]","[""IL""]","[""CHEVROLET"", ""KIA"", ""VOLKSWAGEN""]","[""DRIVERLESS"", ""STRAIGHT AHEAD""]","[""OPTIMA / K5"", ""OTHER (EXPLAIN IN NARRATIVE)"", ""SUBURBAN""]","[""0"", ""1""]","[""E"", ""W""]","[""1"", ""2"", ""3"", ""4""]","[""DRIVER"", ""NON-MOTOR VEHICLE"", ""PARKED""]","[""UNKNOWN""]","[""2064946"", ""2064953"", ""2064958""]","[""PASSENGER""]","[""OTHER"", ""PERSONAL""]","[""2016"", ""2021"", ""2024""]","[""Y""]","[""Y""]","[""Y""]",[],[],"[""Y""]",[],"[""Y""]","[""Y""]",[],[],"[""Y""]",[],"[""Y""]","[""Y""]",[],"['62', '72']","[""DID NOT DEPLOY"", ""NOT APPLICABLE""]","[""TEST NOT OFFERED""]","[""CHICAGO""]","[""2025-10-08T12:42:00.000""]","[""NONE"", ""OTHER""]","[""NOT OBSCURED""]",[],[],"[""NONE"", ""TOTALLY EJECTED""]","[""ST BERNARD""]","[""O2166242"", ""O2166243""]","[""DRIVER"", ""NON-MOTOR VEHICLE""]","[""NORMAL"", ""UNKNOWN""]","[""USAGE UNKNOWN"", ""WHEELCHAIR""]","[""M""]","[""IL""]","[""2064946""]","[""60628"", ""60629""]","[""24""]",[],"[""OTHER ACTION""]","[""UNKNOWN/NA""]","[""NO CONTRASTING CLOTHING""]",[],2025,10,12,8,False,morning,41.74,-87.63,41.74_-87.63,67.0,62,72,OTHER,1
STRAIGHT AND LEVEL,1925,2025-10-08 12:40:00,4,12,10,740BC20BEB288A15C5C1B8923B148C47761C74B6CDDF875E9A815087E24FE989D90FECA9A605D00E0C2FEBD333E2E8A65FB2C7521A376E6A2A2AEE5F8DBBB6A7,NO INJURY / DRIVE AWAY,"OVER $1,500",NO CONTROLS,SIDESWIPE SAME DIRECTION,41.9401915096,DAYLIGHT,-87.6420437145,2,25,IMPROPER TURNING/NO SIGNAL,NO DEFECTS,DRY,DRIVING SKILLS/KNOWLEDGE/EXPERIENCE,W,500,NO CONTROLS,OTHER,CLEAR,0.0,0.0,0.0,0.0,0.0,1.0,1,2,"[""Y""]","[""N""]",[],"[""2025-10-08T12:40:00.000""]","[""2166329"", ""2166330""]","[""FRONT-LEFT-CORNER"", ""FRONT-RIGHT-CORNER""]","[""IL""]","[""FORD"", ""TOYOTA""]","[""ENTERING TRAFFIC LANE FROM PARKING"", ""STRAIGHT AHEAD""]","[""FUSION"", ""YARIS""]","[""1""]","[""E""]","[""1"", ""2""]","[""DRIVER""]","[""NONE""]","[""2065037"", ""2065042""]","[""PASSENGER""]","[""PERSONAL""]","[""2012"", ""2014""]",[],[],"[""Y""]",[],[],[],[],[],[],[],[],[],[],[],[],[],"['30', '40']","[""NOT APPLICABLE""]","[""TEST NOT OFFERED""]","[""BLUE ISLAND"", ""CHICAGO""]","[""2025-10-08T12:40:00.000""]","[""FAILED TO YIELD"", ""NONE""]","[""NOT OBSCURED""]","[""D""]","[""IL""]","[""NONE""]",[],"[""O2166329"", ""O2166330""]","[""DRIVER""]","[""NORMAL""]","[""SAFETY BELT USED""]","[""F"", ""M""]","[""IL""]","[""2065037"", ""2065042""]","[""60406"", ""60640""]",[],[],[],[],[],[],2025,10,12,8,False,morning,41.94,-87.64,41.94_-87.64,35.0,30,40,OTHER,0
STRAIGHT AND LEVEL,931,2025-10-08 12:40:00,4,12,10,6FE2256460C93B1C1395661820F9B110FBC9F478CE35F877FDFB64BF68E3BD508EC0E38030B62D07E400DF78497CCAC0537621B7D01E187A8514AF3BE41A895B,INJURY AND / OR TOW DUE TO CRASH,"OVER $1,500",FUNCTIONING PROPERLY,PEDALCYCLIST,41.8066890453,DAYLIGHT,-87.6650650029,2,30,FAILING TO YIELD RIGHT-OF-WAY,NO DEFECTS,DRY,NOT APPLICABLE,S,4800,TRAFFIC SIGNAL,FOUR WAY,CLEAR,0.0,1.0,1.0,0.0,0.0,1.0,2,2,"[""Y""]","[""Y""]","[""Y""]","[""2025-10-08T12:40:00.000""]","[""2166136"", ""2166137""]","[""FRONT-RIGHT-CORNER""]","[""IL""]","[""HONDA""]","[""TURNING LEFT""]","[""CIVIC""]","[""1""]","[""W""]","[""1"", ""2""]","[""BICYCLE"", ""DRIVER""]","[""UNKNOWN""]","[""2064860""]","[""PASSENGER""]","[""PERSONAL""]","[""2001""]","[""N""]",[],[],[],[],[],[],[],[],[],[],[],[],[],[],[],"['19', '66']","[""NOT APPLICABLE""]","[""TEST NOT OFFERED""]","[""CHICAGO""]","[""2025-10-08T12:40:00.000""]","[""FAILED TO YIELD"", ""NONE""]","[""NOT OBSCURED"", ""UNKNOWN""]","[""D""]","[""IL""]","[""NONE"", ""TOTALLY EJECTED""]","[""UNIVERSITY OF CHICAGO""]","[""O2166136"", ""O2166137""]","[""BICYCLE"", ""DRIVER""]","[""UNKNOWN""]","[""BICYCLE HELMET (PEDACYCLIST INVOLVED ONLY)"", ""USAGE UNKNOWN""]","[""M""]","[""IL""]","[""2064860""]","[""60609"", ""60620""]","[""CFD AMB. 8""]",[],"[""CROSSING - WITH SIGNAL""]","[""IN ROADWAY""]","[""NO CONTRASTING CLOTHING""]",[],2025,10,12,8,False,morning,41.81,-87.67,41.81_-87.67,42.5,19,66,FAILURE-TO-YIELD,1