alignment,beat_of_occurrence,crash_date,crash_day_of_week,crash_hour,crash_month,crash_record_id,crash_type,damage,device_condition,first_crash_type,latitude,lighting_condition,longitude,num_units,posted_speed_limit,prim_contributory_cause,road_defect,roadway_surface_cond,sec_contributory_cause,street_direction,street_no,traffic_control_device,trafficway_type,weather_condition,private_property_i,hit_and_run_i,intersection_related_i,crash_date_est_i,work_zone_i,workers_present_i,veh_count,ppl_count,veh_area_01_i_list_json,veh_area_02_i_list_json,veh_area_12_i_list_json,veh_crash_date_list_json,veh_crash_unit_id_list_json,veh_first_contact_point_list_json,veh_lic_plate_state_list_json,veh_make_list_json,veh_maneuver_list_json,veh_model_list_json,veh_occupant_cnt_list_json,veh_travel_direction_list_json,veh_unit_no_list_json,veh_unit_type_list_json,veh_vehicle_defect_list_json,veh_vehicle_id_list_json,veh_vehicle_type_list_json,veh_vehicle_use_list_json,veh_vehicle_year_list_json,veh_area_03_i_list_json,veh_area_04_i_list_json,veh_area_11_i_list_json,veh_towed_by_list_json,veh_towed_i_list_json,veh_area_07_i_list_json,veh_area_99_i_list_json,veh_area_09_i_list_json,veh_area_10_i_list_json,veh_cmrc_veh_i_list_json,veh_num_passengers_list_json,veh_area_08_i_list_json,veh_area_00_i_list_json,veh_area_05_i_list_json,veh_area_06_i_list_json,veh_towed_to_list_json,ppl_age_list_json,ppl_airbag_deployed_list_json,ppl_bac_result_list_json,ppl_city_list_json,ppl_crash_date_list_json,ppl_driver_action_list_json,ppl_driver_vision_list_json,ppl_drivers_license_class_list_json,ppl_drivers_license_state_list_json,ppl_ejection_list_json,ppl_hospital_list_json,ppl_person_id_list_json,ppl_person_type_list_json,ppl_physical_condition_list_json,ppl_safety_equipment_list_json,ppl_sex_list_json,ppl_state_list_json,ppl_vehicle_id_list_json,ppl_zipcode_list_json,ppl_ems_agency_list_json,ppl_seat_no_list_json,ppl_pedpedal_action_list_json,ppl_pedpedal_location_list_json,ppl_pedpedal_visibility_list_json,ppl_ems_run_no_list_json,year,month,hour,day,is_weekend,hour_bin,lat_bin,lng_bin,grid_id,ppl_age_mean,ppl_age_min,ppl_age_max,prim_contributory_cause_group,ksi_flag
STRAIGHT AND LEVEL,913,2025-10-08 12:30:00,4,12,10,378382E5264826A42EB6356AF6DCEE5ACEB4DB34C0426AFA9DC5A4F282051F849D06CD26597C5CCD57FC794D7F9957ED07562502DA7F2D0A33E07C86A46588E5,NO INJURY / DRIVE AWAY,"OVER $1,500",FUNCTIONING PROPERLY,SIDESWIPE SAME DIRECTION,41.841668177,DAYLIGHT,-87.6576415167,2,30,UNABLE TO DETERMINE,NO DEFECTS,DRY,UNABLE TO DETERMINE,S,2901,TRAFFIC SIGNAL,NOT DIVIDED,CLEAR,0.0,0.0,0.0,0.0,0.0,1.0,1,2,"[""Y""]",[],[],"[""2025-10-08T12:30:00.000""]","[""2166144"", ""2166145""]","[""SIDE-LEFT-REAR"", ""SIDE-RIGHT-FRONT""]","[""IL""]","[""ACURA"", ""NISSAN""]","[""STRAIGHT AHEAD""]","[""RLX"", ""ROGUE""]","[""1""]","[""NE""]","[""1"", ""2""]","[""DRIVER""]","[""NONE"", ""UNKNOWN""]","[""2064862"", ""2064867""]","[""PASSENGER"", ""SPORT UTILITY VEHICLE (SUV)""]","[""PERSONAL""]","[""2017"", ""2021""]",[],[],[],[],[],"[""Y""]",[],[],[],[],[],[],[],[],[],[],"['34', '47']","[""DID NOT DEPLOY""]","[""TEST NOT OFFERED""]","[""CHICAGO""]","[""2025-10-08T12:30:00.000""]","[""UNKNOWN""]","[""UNKNOWN""]","[""D""]","[""IL""]","[""NONE""]",[],"[""O2166144"", ""O2166145""]","[""DRIVER""]","[""NORMAL"", ""UNKNOWN""]","[""SAFETY BELT USED"", ""USAGE UNKNOWN""]","[""M""]","[""IL""]","[""2064862"", ""2064867""]","[""60616"", ""60636""]",[],[],[],[],[],[],2025,10,12,8,False,morning,41.84,-87.66,41.84_-87.66,40.5,34,47,OTHER,0
STRAIGHT AND LEVEL,2512,2025-10-08 12:30:00,4,12,10,0D645FC9A0104A75BB1F144F24506B70A8A16EA68D122784FB82C7264E3DF1A6C947EE68A865CE87D2059ADADEBC1CEC9C7AED6B2A0AB356DC8EBC2093B0EC75,NO INJURY / DRIVE AWAY,"OVER $1,500",NO CONTROLS,TURNING,41.9236973511,DAYLIGHT,-87.7965657886,2,30,UNABLE TO DETERMINE,UNKNOWN,DRY,NOT APPLICABLE,W,6832,NO CONTROLS,DIVIDED - W/MEDIAN (NOT RAISED),CLEAR,0.0,0.0,0.0,0.0,0.0,1.0,1,2,"[""Y""]","[""Y""]","[""Y""]","[""2025-10-08T12:30:00.000""]","[""2166264"", ""2166265""]","[""FRONT-LEFT-CORNER"", ""SIDE-RIGHT""]","[""IL""]","[""HONDA"", ""TOYOTA""]","[""OTHER"", ""TURNING RIGHT""]","[""CAMRY"", ""ODYSSEY""]","[""1"", ""2""]","[""E"", ""S""]","[""1"", ""2""]","[""DRIVER""]","[""UNKNOWN""]","[""2064971"", ""2064985""]","[""PASSENGER"", ""VAN/MINI-VAN""]","[""PERSONAL"", ""UNKNOWN/NA""]","[""2011"", ""2013""]",[],"[""Y""]","[""Y""]",[],[],[],[],[],"[""Y""]",[],"[""1""]",[],[],"[""Y""]",[],[],"['21', '34']","[""NOT APPLICABLE""]","[""TEST NOT OFFERED""]","[""CHICAGO"", ""SETTLE""]","[""2025-10-08T12:30:00.000""]","[""IMPROPER TURN"", ""OTHER""]","[""UNKNOWN""]","[""D""]","[""IL"", ""WA""]","[""NONE""]",[],"[""O2166264"", ""O2166265"", ""P477979""]","[""DRIVER"", ""PASSENGER""]","[""UNKNOWN""]","[""USAGE UNKNOWN""]","[""F"", ""M""]","[""IL"", ""WA""]","[""2064971"", ""2064985""]","[""60707"", ""98144""]",[],"[""3""]",[],[],[],[],2025,10,12,8,False,morning,41.92,-87.8,41.92_-87.8,27.5,21,34,OTHER,0
STRAIGHT AND LEVEL,413,2025-10-08 12:30:00,4,12,10,475D9C54798561D2CEF4F53C7022BE26DF99725E33B2ACA648E568CD611704623A4E63C0C289160E8D653CF3672EC5D485A983B102DD761704F3076091DCBFD3,INJURY AND / OR TOW DUE TO CRASH,"OVER $1,500",NO CONTROLS,SIDESWIPE OPPOSITE DIRECTION,41.7225489074,"DARKNESS, LIGHTED ROAD",-87.5777277382,2,35,UNABLE TO DETERMINE,NO DEFECTS,UNKNOWN,UNABLE TO DETERMINE,E,1900,NO CONTROLS,NOT DIVIDED,CLEAR,0.0,0.0,0.0,0.0,0.0,1.0,1,1,[],[],[],"[""2025-10-08T12:30:00.000""]","[""2169481"", ""2169482""]","[""FRONT-LEFT-CORNER""]","[""IL"", ""XX""]","[""CHEVROLET"", ""UNKNOWN""]","[""STRAIGHT AHEAD"", ""UNKNOWN/NA""]","[""IMPALA"", ""OTHER (EXPLAIN IN NARRATIVE)""]","[""1""]","[""E"", ""UNKNOWN""]","[""1"", ""2""]","[""DRIVER""]","[""UNKNOWN""]","[""2068030"", ""2068033""]","[""PASSENGER"", ""UNKNOWN/NA""]","[""PERSONAL"", ""UNKNOWN/NA""]","[""2013""]",[],[],"[""Y""]",[],[],[],[],[],[],[],[],[],[],[],[],[],['37'],"[""DEPLOYMENT UNKNOWN"", ""NOT APPLICABLE""]","[""TEST NOT OFFERED""]","[""CHICAGO""]","[""2025-10-08T12:30:00.000""]","[""UNKNOWN""]","[""NOT OBSCURED"", ""UNKNOWN""]","[""D""]","[""IL"", ""XX""]","[""NONE""]",[],"[""O2169481"", ""O2169482""]","[""DRIVER""]","[""UNKNOWN""]","[""USAGE UNKNOWN""]","[""M""]","[""IL""]","[""2068030"", ""2068033""]","[""60617""]",[],[],[],[],[],[],2025,10,12,8,False,morning,41.72,-87.58,41.72_-87.58,37.0,37,37,OTHER,1
STRAIGHT AND LEVEL,611,2025-10-08 12:30:00,4,12,10,AEFD48835A5FA73B5777DD0A0F46632C00BD6629E07D63601A05A5176992CC38B7901B80A15CDE7F9F9BC846F26C846FC20682D1E8C31266F7BEE65DF9C1C1A8,NO INJURY / DRIVE AWAY,"OVER $1,500",NO CONTROLS,SIDESWIPE SAME DIRECTION,41.7519691575,DAYLIGHT,-87.6636214481,2,35,IMPROPER OVERTAKING/PASSING,NO DEFECTS,DRY,NOT APPLICABLE,S,7804,NO CONTROLS,DIVIDED - W/MEDIAN (NOT RAISED),CLEAR,0.0,0.0,0.0,0.0,0.0,1.0,1,0,"[""Y""]","[""Y""]","[""Y""]","[""2025-10-08T12:30:00.000""]","[""2166075"", ""2166076""]","[""FRONT-LEFT-CORNER"", ""SIDE-RIGHT-FRONT""]","[""IL""]","[""FORD""]","[""ENTERING TRAFFIC LANE FROM PARKING"", ""STRAIGHT AHEAD""]","[""ESCAPE"", ""FIESTA""]","[""1""]","[""S""]","[""1"", ""2""]","[""DRIVER""]","[""NONE""]","[""2064823"", ""2064825""]","[""PASSENGER"", ""SPORT UTILITY VEHICLE (SUV)""]","[""PERSONAL""]","[""2014"", ""2015""]","[""Y""]",[],"[""Y""]",[],[],[],[],"[""Y""]","[""Y""]",[],[],[],[],[],[],[],[],"[""DID NOT DEPLOY""]","[""TEST NOT OFFERED""]","[""COUNTRY CLUB HILLS""]","[""2025-10-08T12:30:00.000""]","[""FAILED TO YIELD"", ""NONE""]","[""NOT OBSCURED""]","[""D""]","[""IL""]","[""NONE""]",[],"[""O2166075"", ""O2166076""]","[""DRIVER""]","[""NORMAL""]","[""SAFETY BELT USED""]","[""F""]","[""IL""]","[""2064823"", ""2064825""]",[],[],[],[],[],[],[],2025,10,12,8,False,morning,41.75,-87.66,41.75_-87.66,0.0,0,0,OTHER,0
STRAIGHT AND LEVEL,1424,2025-10-08 12:28:00,4,12,10,1DC96611D8126A2CF383477E3E53E63326B4A6F98F4852495FD5DFE51AC062B2CE02CA47F0168ABCE085B44ABFABB228A9D0D5CB37C167EBA6C7456EFCAC9EE8,NO INJURY / DRIVE AWAY,"OVER $1,500",NO CONTROLS,PARKED MOTOR VEHICLE,41.9084372898,DAYLIGHT,-87.6742083089,2,30,NOT APPLICABLE,UNKNOWN,DRY,NOT APPLICABLE,N,1455,NO CONTROLS,UNKNOWN,CLEAR,0.0,0.0,0.0,0.0,0.0,1.0,2,1,[],[],[],"[""2025-10-08T12:28:00.000""]","[""2166484"", ""2166485""]","[""REAR"", ""UNKNOWN""]","[""IL""]","[""NISSAN"", ""VOLKSWAGEN""]","[""PARKED"", ""STRAIGHT AHEAD""]","[""ATLAS"", ""SENTRA""]","[""0"", ""1""]","[""UNKNOWN""]","[""1"", ""2""]","[""DRIVER"", ""PARKED""]","[""UNKNOWN""]","[""2065191"", ""2065192""]","[""PASSENGER""]","[""PERSONAL""]","[""2017"", ""2024""]",[],[],[],[],[],"[""Y""]","[""Y""]",[],[],[],[],[],[],"[""Y""]","[""Y""]",[],['32'],"[""NOT APPLICABLE""]","[""TEST NOT OFFERED""]","[""CHICAGO""]","[""2025-10-08T12:28:00.000""]","[""UNKNOWN""]","[""UNKNOWN""]","[""D""]","[""IL""]","[""NONE""]",[],"[""O2166484""]","[""DRIVER""]","[""UNKNOWN""]","[""USAGE UNKNOWN""]","[""F""]",[],"[""2065191""]","[""60647""]",[],[],[],[],[],[],2025,10,12,8,False,morning,41.91,-87.67,41.91_-87.67,32.0,32,32,OTHER,0
STRAIGHT AND LEVEL,311,2025-10-08 12:27:00,4,12,10,D55CD04D137BB1A6394B242D2B790121428AB1048968D3FCFC82F5C5C8B62EB04DDEFD30711069B426A08CD9BE39ABB49EDE58F7C162C965D68BBBA8E1C10C21,NO INJURY / DRIVE AWAY,"OVER $1,500",FUNCTIONING PROPERLY,ANGLE,41.7839382764,DAYLIGHT,-87.6188662443,2,30,UNABLE TO DETERMINE,UNKNOWN,UNKNOWN,FAILING TO YIELD RIGHT-OF-WAY,E,300,STOP SIGN/FLASHER,NOT DIVIDED,CLEAR,0.0,0.0,0.0,0.0,0.0,1.0,1,3,"[""N""]",[],"[""N""]","[""2025-10-08T12:27:00.000""]","[""2166099"", ""2166100""]","[""FRONT"", ""SIDE-RIGHT-REAR""]","[""IL""]","[""SUBARU"", ""TOYOTA""]","[""SLOW/STOP IN TRAFFIC""]","[""CAMRY"", ""OTHER (EXPLAIN IN NARRATIVE)""]","[""1"", ""2""]","[""S"", ""W""]","[""1"", ""2""]","[""DRIVER""]","[""UNKNOWN""]","[""2064843"", ""2064848""]","[""PASSENGER"", ""SPORT UTILITY VEHICLE (SUV)""]","[""PERSONAL""]","[""2008"", ""2025""]","[""Y""]","[""Y""]","[""N""]",[],[],[],"[""Y""]",[],[],[],"[""1""]",[],[],"[""Y""]",[],[],"['31', '34', '44']","[""DEPLOYMENT UNKNOWN""]","[""TEST NOT OFFERED""]","[""CHICAGO"", ""SKOKIE""]","[""2025-10-08T12:27:00.000""]","[""FAILED TO YIELD"", ""UNKNOWN""]","[""UNKNOWN""]","[""D"", ""DM""]","[""IL""]","[""NONE""]",[],"[""O2166099"", ""O2166100"", ""P477959""]","[""DRIVER"", ""PASSENGER""]","[""NORMAL"", ""UNKNOWN""]","[""USAGE UNKNOWN""]","[""F"", ""M""]","[""IL""]","[""2064843"", ""2064848""]","[""60076"", ""60624""]",[],"[""3""]",[],[],[],[],2025,10,12,8,False,morning,41.78,-87.62,41.78_-87.62,36.333333333333336,31,44,OTHER,0
STRAIGHT AND LEVEL,2213,2025-10-08 12:20:00,4,12,10,B9DDDC5B5BEBD37EF7A98BC13D428967BB3F9148F52FA384D694429EB4CF727B79D16C52B993D97AE7C1DEB52EFAF7EDDA9C6F32864EB2EB202A47EA19A3ABE9,NO INJURY / DRIVE AWAY,"OVER $1,500",NO CONTROLS,SIDESWIPE SAME DIRECTION,41.7067155407,DAYLIGHT,-87.6677382058,2,30,IMPROPER LANE USAGE,NO DEFECTS,DRY,UNABLE TO DETERMINE,W,1814,NO CONTROLS,DIVIDED - W/MEDIAN (NOT RAISED),CLEAR,0.0,0.0,0.0,0.0,0.0,1.0,1,2,[],"[""Y""]",[],"[""2025-10-08T12:20:00.000""]","[""2169674"", ""2169675""]","[""FRONT-LEFT-CORNER"", ""SIDE-RIGHT""]","[""IL"", ""IN""]","[""CHEVROLET"", ""MERCEDES-BENZ""]","[""STRAIGHT AHEAD""]","[""GLB"", ""MALIBU""]","[""1""]","[""W""]","[""1"", ""2""]","[""DRIVER""]","[""NONE""]","[""2068210"", ""2068211""]","[""PASSENGER"", ""PICKUP""]","[""DRIVER EDUCATION"", ""PERSONAL""]","[""2022"", ""2025""]","[""Y""]","[""Y""]","[""Y""]",[],[],[],[],[],"[""Y""]",[],[],[],[],[],[],[],"['73', '76']","[""DID NOT DEPLOY""]","[""TEST NOT OFFERED""]","[""CHICAGO"", ""CRETE""]","[""2025-10-08T12:20:00.000""]","[""NONE""]","[""NOT OBSCURED""]","[""D""]","[""IL""]","[""NONE""]",[],"[""O2169674"", ""O2169675""]","[""DRIVER""]","[""NORMAL""]","[""SAFETY BELT USED""]","[""F""]","[""IL""]","[""2068210"", ""2068211""]","[""60417"", ""60637""]",[],[],[],[],[],[],2025,10,12,8,False,morning,41.71,-87.67,41.71_-87.67,74.5,73,76,OTHER,0
STRAIGHT AND LEVEL,914,2025-10-08 12:20:00,4,12,10,A53CD0C4D3B7FC89518A97850FECF3127D71788A31984C02FB1506394AE08FC6AF856B04565F85B7E292DE56139392CF1F7E720F73392D8956F000A324313E85,NO INJURY / DRIVE AWAY,"$501 - $1,500",NO CONTROLS,PARKED MOTOR VEHICLE,41.8494175579,DAYLIGHT,-87.6345803931,2,30,UNABLE TO DETERMINE,UNKNOWN,DRY,UNABLE TO DETERMINE,S,2351,NO CONTROLS,NOT DIVIDED,CLEAR,0.0,0.0,0.0,0.0,0.0,1.0,2,2,[],[],[],"[""2025-10-08T12:20:00.000""]","[""2166080"", ""2166081""]","[""FRONT-LEFT-CORNER"", ""REAR-RIGHT-CORNER""]","[""IL""]","[""ISUZU"", ""TESLA""]","[""PARKED"", ""STRAIGHT AHEAD""]","[""MODEL 3"", ""OTHER (EXPLAIN IN NARRATIVE)""]","[""1""]","[""N""]","[""1"", ""2""]","[""DRIVER"", ""PARKED""]","[""UNKNOWN""]","[""2064820"", ""2064821""]","[""PASSENGER"", ""TRUCK - SINGLE UNIT""]","[""OTHER"", ""PERSONAL""]","[""2021"", ""2025""]",[],"[""N""]","[""Y""]",[],[],[],[],[],"[""Y""]",[],"[""1""]",[],[],"[""Y""]",[],[],"['49', '69']","[""DID NOT DEPLOY""]","[""TEST NOT OFFERED""]","[""CHICAGO""]","[""2025-10-08T12:20:00.000""]","[""UNKNOWN""]","[""UNKNOWN""]","[""A""]","[""IL""]","[""NONE"", ""UNKNOWN""]",[],"[""O2166080"", ""P477957""]","[""DRIVER"", ""PASSENGER""]","[""NORMAL""]","[""SAFETY BELT USED""]","[""F"", ""M""]","[""IL""]","[""2064820"", ""2064821""]","[""60609"", ""60629""]",[],"[""1""]",[],[],[],[],2025,10,12,8,False,morning,41.85,-87.63,41.85_-87.63,59.0,49,69,OTHER,0
STRAIGHT AND LEVEL,1111,2025-10-08 12:00:00,4,12,10,EC828FAA98D7BA6D2A57E280AD542B62A4996ED5FF5C3257AF49D1B0EEBFF34701338CC0E277C0355AA2C6EB31083B542F94FD5C3C4FC8E74A5B876509D75A26,NO INJURY / DRIVE AWAY,"OVER $1,500",FUNCTIONING PROPERLY,ANGLE,41.8972368838,DAYLIGHT,-87.7296902333,2,30,FAILING TO YIELD RIGHT-OF-WAY,NO DEFECTS,DRY,NOT APPLICABLE,N,901,STOP SIGN/FLASHER,FOUR WAY,CLEAR,0.0,1.0,1.0,0.0,0.0,1.0,1,1,"[""Y""]","[""Y""]",[],"[""2025-10-08T12:00:00.000""]","[""2166043"", ""2166044""]","[""FRONT-RIGHT-CORNER"", ""UNKNOWN""]","[""IL""]","[""NISSAN"", ""UNKNOWN""]","[""STRAIGHT AHEAD""]","[""OTHER (EXPLAIN IN NARRATIVE)"", ""ROGUE""]","[""1""]","[""N"", ""W""]","[""1"", ""2""]","[""DRIVER""]","[""UNKNOWN""]","[""2064778"", ""2064782""]","[""PASSENGER"", ""UNKNOWN/NA""]","[""NOT IN USE"", ""UNKNOWN/NA""]","[""2021""]","[""Y""]",[],[],[],[],[],"[""Y""]",[],[],[],[],[],[],[],[],[],['84'],"[""DEPLOYMENT UNKNOWN"", ""NOT APPLICABLE""]","[""TEST NOT OFFERED""]","[""CHICAGO""]","[""2025-10-08T12:00:00.000""]","[""FAILED TO YIELD"", ""NONE""]","[""NOT OBSCURED"", ""UNKNOWN""]","[""D""]","[""IL""]","[""NONE""]",[],"[""O2166043"", ""O2166044""]","[""DRIVER""]","[""NORMAL"", ""UNKNOWN""]","[""USAGE UNKNOWN""]","[""M""]","[""IL""]","[""2064778"", ""2064782""]","[""60651""]",[],[],[],[],[],[],2025,10,12,8,False,morning,41.9,-87.73,41.9_-87.73,84.0,84,84,FAILURE-TO-YIELD,0
STRAIGHT AND LEVEL,412,2025-10-08 12:00:00,4,12,10,D3C5DF73B44CCCA187355DF818DF2A9D885303E87CCC2A45DE49A0F8156B0CB8922A399073968923660579DC5D9648311F637455C7097F7D0D92977A58D3DBC0,INJURY AND / OR TOW DUE TO CRASH,"OVER $1,500",FUNCTIONING PROPERLY,TURNING,41.7370309923,DAYLIGHT,-87.5850864535,2,30,UNABLE TO DETERMINE,NO DEFECTS,DRY,UNABLE TO DETERMINE,E,1600,TRAFFIC SIGNAL,DIVIDED - W/MEDIAN (NOT RAISED),CLEAR,0.0,0.0,1.0,0.0,0.0,1.0,1,2,[],[],[],"[""2025-10-08T12:00:00.000""]","[""2166053"", ""2166054""]","[""SIDE-LEFT-REAR""]","[""IL""]","[""INTERNATIONAL TRAILER CORPORATION"", ""VOLKSWAGEN""]","[""STRAIGHT AHEAD"", ""TURNING LEFT""]","[""INTERNATIONAL TRAILER CORP."", ""PASSAT""]","[""1""]","[""E"", ""W""]","[""1"", ""2""]","[""DRIVER""]","[""NONE""]","[""2064795"", ""2064798""]","[""PASSENGER"", ""TRACTOR W/ SEMI-TRAILER""]","[""OTHER"", ""PERSONAL""]","[""2017""]",[],[],[],[],[],"[""Y""]",[],[],[],"[""N""]",[],"[""Y""]",[],[],[],[],"['43', '67']","[""NOT APPLICABLE""]","[""TEST NOT OFFERED""]","[""CHICAGO"", ""FAYETTEVILLLE""]","[""2025-10-08T12:00:00.000""]","[""UNKNOWN""]","[""NOT OBSCURED""]","[""A"", ""D""]","[""IL"", ""TN""]","[""NONE""]",[],"[""O2166053"", ""O2166054""]","[""DRIVER""]","[""NORMAL""]","[""USAGE UNKNOWN""]","[""M""]","[""IL"", ""TN""]","[""2064795"", ""2064798""]","[""37334"", ""60617""]",[],[],[],[],[],[],2025,10,12,8,False,morning,41.74,-87.59,41.74_-87.59,55.0,43,67,OTHER,1
STRAIGHT AND LEVEL,2212,2025-10-08 12:00:00,4,12,10,A1A44442B971D0C7082E5238BD1162B58BAEE8E3BD1C5985F85C306C7EBFC1518D6C22DA42031CEE8515C673BE59D627794289085A806190DFD35C87D77E7D7A,NO INJURY / DRIVE AWAY,"$501 - $1,500",NO CONTROLS,PARKED MOTOR VEHICLE,41.692060407,DAYLIGHT,-87.6656430914,2,20,UNABLE TO DETERMINE,UNKNOWN,DRY,NOT APPLICABLE,W,1744,NO CONTROLS,PARKING LOT,CLEAR,0.0,1.0,0.0,0.0,0.0,1.0,2,0,[],[],[],"[""2025-10-08T12:00:00.000""]","[""2166799"", ""2166800""]","[""REAR"", ""UNKNOWN""]",[],"[""NISSAN"", ""UNKNOWN""]","[""PARKED"", ""UNKNOWN/NA""]","[""OTHER (EXPLAIN IN NARRATIVE)"", ""ROGUE""]","[""0"", ""1""]","[""E"", ""UNKNOWN""]","[""1"", ""2""]","[""DRIVER"", ""PARKED""]","[""NONE"", ""UNKNOWN""]","[""2065484"", ""2065487""]","[""PASSENGER"", ""UNKNOWN/NA""]","[""NOT IN USE"", ""UNKNOWN/NA""]",[],[],[],[],[],[],[],[],[],[],[],[],[],[],[],"[""Y""]",[],[],"[""DEPLOYMENT UNKNOWN""]","[""TEST NOT OFFERED""]",[],"[""2025-10-08T12:00:00.000""]","[""UNKNOWN""]","[""UNKNOWN""]",[],[],"[""NONE""]",[],"[""O2166799""]","[""DRIVER""]","[""UNKNOWN""]","[""USAGE UNKNOWN""]","[""X""]",[],"[""2065484""]",[],[],[],[],[],[],[],2025,10,12,8,False,morning,41.69,-87.67,41.69_-87.67,0.0,0,0,OTHER,0
STRAIGHT AND LEVEL,832,2025-10-08 12:00:00,4,12,10,443C32BD9C9EE5C9FC8117D440C957DB73ECD3E8554905CD64418F5CC5476F85FADAE850DA68FFA5E68337D449333AAF5D0193F085BC9F598235584393C7095A,NO INJURY / DRIVE AWAY,"OVER $1,500",NO CONTROLS,REAR END,41.7646089122,DAYLIGHT,-87.6833870533,2,30,UNABLE TO DETERMINE,UNKNOWN,DRY,UNABLE TO DETERMINE,S,7100,NO CONTROLS,NOT DIVIDED,CLEAR,0.0,0.0,0.0,0.0,0.0,1.0,1,2,[],[],"[""Y""]","[""2025-10-08T12:00:00.000""]","[""2166049"", ""2166050""]","[""FRONT"", ""REAR""]","[""IL""]","[""ACURA"", ""TOYOTA""]","[""STRAIGHT AHEAD""]","[""CAMRY"", ""ZDX""]","[""1""]","[""N""]","[""1"", ""2""]","[""DRIVER""]","[""NONE"", ""UNKNOWN""]","[""2064793"", ""2064800""]","[""PASSENGER""]","[""PERSONAL""]","[""2021"", ""2022""]",[],[],[],[],[],[],[],[],[],[],[],[],[],[],"[""Y""]",[],"['29', '52']","[""NOT APPLICABLE""]","[""TEST NOT OFFERED""]","[""CHICAGO""]","[""2025-10-08T12:00:00.000""]","[""UNKNOWN""]","[""NOT OBSCURED"", ""UNKNOWN""]","[""D""]","[""IL""]","[""NONE""]",[],"[""O2166049"", ""O2166050""]","[""DRIVER""]","[""NORMAL"", ""UNKNOWN""]","[""SAFETY BELT USED"", ""USAGE UNKNOWN""]","[""F"", ""M""]","[""IL""]","[""2064793"", ""2064800""]","[""60629"", ""60707""]",[],[],[],[],[],[],2025,10,12,8,False,morning,41.76,-87.68,41.76_-87.68,40.5,29,52,OTHER,0
STRAIGHT AND LEVEL,2515,2025-10-08 11:58:00,4,11,10,CA1AB3CBC061D061C86517D741ED4DD726B83FCB8CE46E9EBBBC8A6545A26375B3E69BB7CF907DBD5D30736A05577909E92F2CC5E1D513D4D33AD40B138DAE2E,NO INJURY / DRIVE AWAY,"OVER $1,500",NO CONTROLS,SIDESWIPE SAME DIRECTION,41.9241812567,DAYLIGHT,-87.7589076833,2,30,FOLLOWING TOO CLOSELY,NO DEFECTS,DRY,NOT APPLICABLE,W,5306,NO CONTROLS,DIVIDED - W/MEDIAN (NOT RAISED),CLEAR,0.0,0.0,0.0,0.0,0.0,1.0,1,2,"[""Y""]","[""N""]","[""Y""]","[""2025-10-08T11:58:00.000""]","[""2166063"", ""2166064""]","[""FRONT"", ""SIDE-LEFT""]","[""IL""]","[""CHEVROLET""]","[""STRAIGHT AHEAD""]","[""C/K 3500"", ""EXPRESS""]","[""1""]","[""W""]","[""1"", ""2""]","[""DRIVER""]","[""NONE""]","[""2064805"", ""2064808""]","[""PASSENGER"", ""UNKNOWN/NA""]","[""PERSONAL""]","[""1999"", ""2019""]",[],[],"[""Y""]",[],[],"[""Y""]",[],"[""Y""]","[""Y""]",[],[],"[""Y""]",[],[],[],[],"['24', '43']","[""DID NOT DEPLOY"", ""NOT APPLICABLE""]","[""TEST NOT OFFERED""]","[""CHICAGO"", ""HIGHLAND PARK""]","[""2025-10-08T11:58:00.000""]","[""UNKNOWN""]","[""NOT OBSCURED""]","[""D""]","[""IL""]","[""NONE""]","[""NO EMS""]","[""O2166063"", ""O2166064""]","[""DRIVER""]","[""NORMAL""]","[""NONE PRESENT"", ""SAFETY BELT USED""]","[""M""]","[""IL""]","[""2064805"", ""2064808""]","[""60035"", ""60609""]",[],[],[],[],[],[],2025,10,11,8,False,morning,41.92,-87.76,41.92_-87.76,33.5,24,43,FOLLOWING TOO CLOSELY,0
STRAIGHT AND LEVEL,1931,2025-10-08 11:50:00,4,11,10,3C5C2FC6AD6B7D8C3549C3356F2C070EAF3E1C1B9742589EA3BC2B05890298F6B412F34FB4F0375AFBFAB2B12DFD6468B387CFA58C377CF7F828D7980E2BC412,NO INJURY / DRIVE AWAY,$500 OR LESS,NO CONTROLS,PARKED MOTOR VEHICLE,41.9310210058,DAYLIGHT,-87.6768640181,2,30,NOT APPLICABLE,NO DEFECTS,DRY,NOT APPLICABLE,N,2746,NO CONTROLS,PARKING LOT,CLEAR,1.0,0.0,0.0,0.0,0.0,1.0,2,1,[],[],[],"[""2025-10-08T11:50:00.000""]","[""2166041"", ""2166042""]","[""FRONT""]","[""IL""]","[""TOYOTA"", ""VOLKSWAGEN""]","[""OTHER"", ""PARKED""]","[""GOLF"", ""MATRIX""]","[""0"", ""1""]","[""S""]","[""1"", ""2""]","[""DRIVER"", ""PARKED""]","[""NONE""]","[""2064781"", ""2064789""]","[""PASSENGER""]","[""PERSONAL""]","[""2006"", ""2016""]",[],[],[],[],[],[],"[""Y""]",[],[],[],[],[],"[""Y""]",[],[],[],['82'],"[""NOT APPLICABLE""]","[""TEST NOT OFFERED""]","[""CHICAGO""]","[""2025-10-08T11:50:00.000""]","[""NONE""]","[""NOT OBSCURED""]",[],"[""IL""]","[""NONE""]",[],"[""O2166041""]","[""DRIVER""]","[""NORMAL""]","[""USAGE UNKNOWN""]","[""M""]","[""IL""]","[""2064781""]","[""60618""]",[],[],[],[],[],[],2025,10,11,8,False,morning,41.93,-87.68,41.93_-87.68,82.0,82,82,OTHER,0