alignment,beat_of_occurrence,crash_date,crash_day_of_week,crash_hour,crash_month,crash_record_id,crash_type,damage,device_condition,first_crash_type,latitude,lighting_condition,longitude,num_units,posted_speed_limit,prim_contributory_cause,road_defect,roadway_surface_cond,sec_contributory_cause,street_direction,street_no,traffic_control_device,trafficway_type,weather_condition,private_property_i,hit_and_run_i,intersection_related_i,crash_date_est_i,work_zone_i,workers_present_i,veh_count,ppl_count,veh_area_01_i_list_json,veh_area_02_i_list_json,veh_area_12_i_list_json,veh_crash_date_list_json,veh_crash_unit_id_list_json,veh_first_contact_point_list_json,veh_lic_plate_state_list_json,veh_make_list_json,veh_maneuver_list_json,veh_model_list_json,veh_occupant_cnt_list_json,veh_travel_direction_list_json,veh_unit_no_list_json,veh_unit_type_list_json,veh_vehicle_defect_list_json,veh_vehicle_id_list_json,veh_vehicle_type_list_json,veh_vehicle_use_list_json,veh_vehicle_year_list_json,veh_area_03_i_list_json,veh_area_04_i_list_json,veh_area_11_i_list_json,veh_towed_by_list_json,veh_towed_i_list_json,veh_area_07_i_list_json,veh_area_99_i_list_json,veh_area_09_i_list_json,veh_area_10_i_list_json,veh_cmrc_veh_i_list_json,veh_num_passengers_list_json,veh_area_08_i_list_json,veh_area_00_i_list_json,veh_area_05_i_list_json,veh_area_06_i_list_json,veh_towed_to_list_json,ppl_age_list_json,ppl_airbag_deployed_list_json,ppl_bac_result_list_json,ppl_city_list_json,ppl_crash_date_list_json,ppl_driver_action_list_json,ppl_driver_vision_list_json,ppl_drivers_license_class_list_json,ppl_drivers_license_state_list_json,ppl_ejection_list_json,ppl_hospital_list_json,ppl_person_id_list_json,ppl_person_type_list_json,ppl_physical_condition_list_json,ppl_safety_equipment_list_json,ppl_sex_list_json,ppl_state_list_json,ppl_vehicle_id_list_json,ppl_zipcode_list_json,ppl_ems_agency_list_json,ppl_seat_no_list_json,ppl_pedpedal_action_list_json,ppl_pedpedal_location_list_json,ppl_pedpedal_visibility_list_json,ppl_ems_run_no_list_json,year,month,hour,day,is_weekend,hour_bin,lat_bin,lng_bin,grid_id,ppl_age_mean,ppl_age_min,ppl_age_max,prim_contributory_cause_group,ksi_flag
STRAIGHT AND LEVEL,2532,2025-10-08 11:50:00,4,11,10,0B82810EAFD2C91F212CCC99A46EDB0729C42BC796ADBDEC9DA83ADDC39DD3BE914623F1B6BBD4F25782AA6B2D16828246DFFD17B4991E62A5D38EA590E4478E,NO INJURY / DRIVE AWAY,"$501 - $1,500",NO CONTROLS,REAR END,41.9093724607,DAYLIGHT,-87.7573034894,2,30,UNABLE TO DETERMINE,NO DEFECTS,DRY,NOT APPLICABLE,W,5243,NO CONTROLS,NOT DIVIDED,CLEAR,0.0,0.0,0.0,0.0,0.0,1.0,1,2,[],[],[],"[""2025-10-08T11:50:00.000""]","[""2166055"", ""2166056""]","[""SIDE-RIGHT-REAR"", ""UNKNOWN""]","[""IL""]","[""OLDSMOBILE"", ""VOLKSWAGEN""]","[""STARTING IN TRAFFIC"", ""STRAIGHT AHEAD""]","[""BRAVADA"", ""TIGUAN""]","[""1""]","[""E""]","[""1"", ""2""]","[""DRIVER""]","[""BRAKES"", ""NONE""]","[""2064794"", ""2064797""]","[""PASSENGER""]","[""PERSONAL""]",[],[],[],[],[],[],[],[],[],[],[],[],[],[],[],[],[],"['40', '45']","[""DID NOT DEPLOY""]","[""TEST NOT OFFERED""]","[""FRANKLIN PARK""]","[""2025-10-08T11:50:00.000""]","[""NONE""]","[""NOT OBSCURED""]",[],"[""IL""]","[""NONE""]",[],"[""O2166055"", ""O2166056""]","[""DRIVER""]","[""NORMAL""]","[""SAFETY BELT USED""]","[""F"", ""M""]","[""IL""]","[""2064794"", ""2064797""]",[],[],[],[],[],[],[],2025,10,11,8,False,morning,41.91,-87.76,41.91_-87.76,42.5,40,45,OTHER,0
STRAIGHT AND LEVEL,631,2025-10-08 11:47:00,4,11,10,ADBED8A0D36C3ECADB5E4009031671260B6144884810A11086FA1096B483B191CE27D0424FADB77F14B66EB71F6E26A6AC6A5E4CB3A12B41893A9A83C3D360BC,NO INJURY / DRIVE AWAY,$500 OR LESS,NO CONTROLS,SIDESWIPE OPPOSITE DIRECTION,41.7444037646,DAYLIGHT,-87.6048992274,2,15,UNABLE TO DETERMINE,NO DEFECTS,DRY,NOT APPLICABLE,S,8247,NO CONTROLS,DRIVEWAY,CLEAR,1.0,0.0,0.0,0.0,0.0,1.0,1,2,[],[],[],"[""2025-10-08T11:47:00.000""]","[""2166057"", ""2166058""]","[""SIDE-LEFT"", ""SIDE-LEFT-REAR""]","[""IL""]","[""MERCEDES-BENZ"", ""NISSAN""]","[""SLOW/STOP IN TRAFFIC"", ""STRAIGHT AHEAD""]","[""E-CLASS"", ""JUKE""]","[""1""]","[""E"", ""W""]","[""1"", ""2""]","[""DRIVER""]","[""NONE""]","[""2064799"", ""2064802""]","[""PASSENGER"", ""SPORT UTILITY VEHICLE (SUV)""]","[""PERSONAL""]","[""2008"", ""2013""]",[],[],"[""Y""]",[],[],"[""Y""]",[],"[""Y""]","[""Y""]",[],[],"[""Y""]",[],[],[],[],"['50', '84']","[""DID NOT DEPLOY"", ""NOT APPLICABLE""]","[""TEST NOT OFFERED""]","[""CHICAGO"", ""ROBBINS""]","[""2025-10-08T11:47:00.000""]","[""NONE"", ""OTHER""]","[""NOT OBSCURED""]","[""B"", ""D""]","[""IL""]","[""NONE""]",[],"[""O2166057"", ""O2166058""]","[""DRIVER""]","[""NORMAL""]","[""USAGE UNKNOWN""]","[""F""]","[""IL""]","[""2064799"", ""2064802""]","[""60472"", ""60619""]",[],[],[],[],[],[],2025,10,11,8,False,morning,41.74,-87.6,41.74_-87.6,67.0,50,84,OTHER,0
STRAIGHT AND LEVEL,1834,2025-10-08 11:45:00,4,11,10,725260CBCE0798110E5BC7A2AADB9CF14EA90DD4809F560F25C120852009A854A9567114F7FD9217D93A4658AA1D5E277FF9B3F5A5434BEF6ACF98D05990A92D,NO INJURY / DRIVE AWAY,"OVER $1,500",NO CONTROLS,REAR TO SIDE,41.8894037757,DAYLIGHT,-87.6244262679,2,30,UNABLE TO DETERMINE,UNKNOWN,UNKNOWN,UNABLE TO DETERMINE,N,400,NO CONTROLS,NOT DIVIDED,CLEAR,0.0,0.0,0.0,0.0,0.0,1.0,1,2,[],[],[],"[""2025-10-08T11:45:00.000""]","[""2166061"", ""2166062""]","[""REAR-LEFT-CORNER"", ""SIDE-LEFT""]","[""IL""]","[""BMW"", ""FORD""]","[""BACKING"", ""STRAIGHT AHEAD""]","[""F150"", ""X3""]","[""1""]","[""UNKNOWN""]","[""1"", ""2""]","[""DRIVER""]","[""UNKNOWN""]","[""2064817"", ""2064822""]","[""PICKUP"", ""SPORT UTILITY VEHICLE (SUV)""]","[""CONSTRUCTION/MAINTENANCE"", ""PERSONAL""]","[""2015"", ""2021""]",[],[],[],[],[],"[""Y""]",[],"[""Y""]","[""Y""]",[],[],"[""Y""]",[],[],"[""Y""]",[],"['53', '57']","[""DEPLOYMENT UNKNOWN""]","[""TEST NOT OFFERED""]","[""CHICAGO""]","[""2025-10-08T11:45:00.000""]","[""IMPROPER BACKING"", ""UNKNOWN""]","[""UNKNOWN""]","[""D""]","[""IL""]","[""UNKNOWN""]",[],"[""O2166061"", ""O2166062""]","[""DRIVER""]","[""EMOTIONAL""]","[""USAGE UNKNOWN""]","[""M""]","[""IL""]","[""2064817"", ""2064822""]","[""60608"", ""60620""]",[],[],[],[],[],[],2025,10,11,8,False,morning,41.89,-87.62,41.89_-87.62,55.0,53,57,OTHER,0
STRAIGHT AND LEVEL,1834,2025-10-08 11:37:00,4,11,10,905D1983A6E7E4C0C4F766FB194E3774BDE62B9D9CB8FAF774C29D294BA903A754E91AFF32527BAF7DBC5E0843EF0ED23F3ADE756E2A95C9F59FC241EA26A901,NO INJURY / DRIVE AWAY,"OVER $1,500",NO CONTROLS,PARKED MOTOR VEHICLE,41.8947983703,UNKNOWN,-87.6158666457,2,15,DRIVING SKILLS/KNOWLEDGE/EXPERIENCE,UNKNOWN,DRY,UNABLE TO DETERMINE,N,680,NO CONTROLS,PARKING LOT,CLEAR,0.0,1.0,0.0,0.0,0.0,1.0,2,0,[],[],[],"[""2025-10-08T11:37:00.000""]","[""2168058"", ""2168059""]","[""REAR-LEFT-CORNER"", ""UNKNOWN""]","[""IL""]","[""LINCOLN"", ""TESLA""]","[""PARKED"", ""STRAIGHT AHEAD""]","[""MKZ"", ""MODEL 3""]","[""0"", ""1""]","[""UNKNOWN""]","[""1"", ""2""]","[""DRIVER"", ""PARKED""]","[""UNKNOWN""]","[""2066688"", ""2066692""]","[""PASSENGER""]","[""PERSONAL"", ""UNKNOWN/NA""]","[""2017"", ""2020""]",[],[],[],[],[],"[""Y""]","[""Y""]",[],[],[],[],[],[],[],[],[],[],"[""NOT APPLICABLE""]","[""TEST NOT OFFERED""]",[],"[""2025-10-08T11:37:00.000""]","[""IMPROPER PARKING""]","[""UNKNOWN""]",[],[],"[""NONE""]",[],"[""O2168058""]","[""DRIVER""]","[""UNKNOWN""]","[""USAGE UNKNOWN""]","[""X""]",[],"[""2066688""]",[],[],[],[],[],[],[],2025,10,11,8,False,morning,41.89,-87.62,41.89_-87.62,0.0,0,0,OTHER,0
STRAIGHT AND LEVEL,2212,2025-10-08 11:33:00,4,11,10,33768F12F28CC9C0BBDA2077EEC67C280B42C7137BB836945537CE72E6B28CAD2FF18CABAAE5A96DB03A2713A4F620D97EB49129E79F83A01BF156C7213B57F2,NO INJURY / DRIVE AWAY,"$501 - $1,500",FUNCTIONING PROPERLY,SIDESWIPE SAME DIRECTION,41.6788439529,DAYLIGHT,-87.6808968259,2,35,IMPROPER LANE USAGE,NO DEFECTS,DRY,NOT APPLICABLE,S,11800,TRAFFIC SIGNAL,NOT DIVIDED,CLEAR,0.0,0.0,1.0,0.0,0.0,1.0,1,0,[],[],[],"[""2025-10-08T11:33:00.000""]","[""2166678"", ""2166679""]","[""FRONT-LEFT-CORNER"", ""SIDE-RIGHT""]","[""IL""]","[""FORD""]","[""CHANGING LANES"", ""STRAIGHT AHEAD""]","[""EXPLORER"", ""TRANSIT""]","[""1""]","[""E""]","[""1"", ""2""]","[""DRIVER""]","[""NONE""]","[""2065440"", ""2065444""]","[""SPORT UTILITY VEHICLE (SUV)"", ""VAN/MINI-VAN""]","[""CONSTRUCTION/MAINTENANCE"", ""PERSONAL""]","[""2001"", ""2017""]","[""Y""]",[],"[""Y""]",[],[],[],[],[],[],[],[],[],[],[],[],[],[],"[""DID NOT DEPLOY""]","[""TEST NOT OFFERED""]","[""ALSIP"", ""DES PLAINES""]","[""2025-10-08T11:33:00.000""]","[""IMPROPER LANE CHANGE"", ""NONE""]","[""NOT OBSCURED""]",[],"[""IL""]","[""NONE""]",[],"[""O2166678"", ""O2166679""]","[""DRIVER""]","[""NORMAL""]","[""SAFETY BELT USED""]","[""M""]",[],"[""2065440"", ""2065444""]",[],[],[],[],[],[],[],2025,10,11,8,False,morning,41.68,-87.68,41.68_-87.68,0.0,0,0,OTHER,0
STRAIGHT AND LEVEL,411,2025-10-08 11:30:00,4,11,10,255A7698C5563785AB90C8E215CA634DDA2973125A4B98FE2020F808422062C946ADAC4C4B7A1758288533D10181F64E673BE00A2A45F62A5C59C0C0474305D1,NO INJURY / DRIVE AWAY,"$501 - $1,500",NO CONTROLS,SIDESWIPE OPPOSITE DIRECTION,41.744253716,DAYLIGHT,-87.5901397638,2,30,UNABLE TO DETERMINE,NO DEFECTS,DRY,UNABLE TO DETERMINE,E,1406,NO CONTROLS,NOT DIVIDED,CLEAR,0.0,0.0,0.0,0.0,0.0,1.0,1,3,"[""Y""]","[""Y""]","[""Y""]","[""2025-10-08T11:30:00.000""]","[""2166047"", ""2166048""]","[""SIDE-LEFT-FRONT"", ""SIDE-RIGHT""]","[""IL""]","[""FORD"", ""TOYOTA""]","[""BACKING"", ""SLOW/STOP IN TRAFFIC""]","[""F150"", ""OTHER (EXPLAIN IN NARRATIVE)""]","[""1"", ""2""]","[""E"", ""W""]","[""1"", ""2""]","[""DRIVER""]","[""UNKNOWN""]","[""2064788"", ""2064796""]","[""PICKUP"", ""SPORT UTILITY VEHICLE (SUV)""]","[""PERSONAL""]","[""2015"", ""2018""]","[""Y""]","[""Y""]","[""Y""]",[],[],[],[],[],"[""Y""]",[],"[""1""]",[],[],"[""Y""]",[],[],"['40', '52', '53']","[""DID NOT DEPLOY""]","[""TEST NOT OFFERED""]","[""CHICAGO""]","[""2025-10-08T11:30:00.000""]","[""IMPROPER BACKING"", ""UNKNOWN""]","[""NOT OBSCURED""]",[],"[""IL""]","[""NONE""]",[],"[""O2166047"", ""O2166048"", ""P477951""]","[""DRIVER"", ""PASSENGER""]","[""NORMAL""]","[""SAFETY BELT USED""]","[""F"", ""M""]","[""IL""]","[""2064788"", ""2064796""]","[""60619"", ""60653""]",[],"[""3""]",[],[],[],[],2025,10,11,8,False,morning,41.74,-87.59,41.74_-87.59,48.333333333333336,40,53,OTHER,0
STRAIGHT AND LEVEL,1532,2025-10-08 11:30:00,4,11,10,9B726AD352C199F45657C489024784BE16E97C26527FBF2795253D90090BC573611B7F92A3982A4EAFE8E9DFF2C58EBDE128770138A88A1ADCD165E1CE9DC947,INJURY AND / OR TOW DUE TO CRASH,"OVER $1,500",NO CONTROLS,PARKED MOTOR VEHICLE,41.8910896994,"DARKNESS, LIGHTED ROAD",-87.7504192891,2,25,UNABLE TO DETERMINE,NO DEFECTS,DRY,NOT APPLICABLE,N,551,NO CONTROLS,ONE-WAY,CLEAR,0.0,0.0,0.0,0.0,0.0,1.0,2,1,"[""Y""]",[],"[""Y""]","[""2025-10-08T11:30:00.000""]","[""2166482"", ""2166483""]","[""FRONT"", ""REAR-LEFT-CORNER""]","[""IL""]","[""CADILLAC"", ""TOYOTA""]","[""PARKED"", ""STRAIGHT AHEAD""]","[""COROLLA"", ""SRX""]","[""0"", ""1""]","[""N""]","[""1"", ""2""]","[""DRIVER"", ""PARKED""]","[""UNKNOWN""]","[""2065189"", ""2065190""]","[""PASSENGER""]","[""PERSONAL""]","[""2012"", ""2016""]",[],[],"[""Y""]","[""OWNER""]","[""Y""]","[""Y""]","[""N""]","[""Y""]",[],[],[],"[""Y""]",[],[],[],"[""PERSONAL TOW""]",['27'],"[""NOT APPLICABLE""]","[""TEST NOT OFFERED""]","[""MAYWOOD""]","[""2025-10-08T11:30:00.000""]","[""UNKNOWN""]","[""UNKNOWN""]","[""D""]","[""IL""]","[""NONE""]",[],"[""O2166482""]","[""DRIVER""]","[""NORMAL""]","[""USAGE UNKNOWN""]","[""M""]","[""IL""]","[""2065189""]","[""60153""]",[],[],[],[],[],[],2025,10,11,8,False,morning,41.89,-87.75,41.89_-87.75,27.0,27,27,OTHER,0
STRAIGHT AND LEVEL,722,2025-10-08 11:20:00,4,11,10,30B84AB4068E39C9B0B092EF01DC3D3A6DEBE52DE6CC31B6F7524C62EA228D8ADDCE9577307CE4B3163CD0A2E9746BFDF3B6D33AFF00AF4016ED26E6599B1939,INJURY AND / OR TOW DUE TO CRASH,"OVER $1,500",NO CONTROLS,SIDESWIPE SAME DIRECTION,41.7692254039,DAYLIGHT,-87.630009878,2,30,IMPROPER LANE USAGE,UNKNOWN,DRY,NOT APPLICABLE,S,6856,NO CONTROLS,DIVIDED - W/MEDIAN BARRIER,CLEAR,0.0,0.0,0.0,0.0,0.0,1.0,1,2,[],[],[],"[""2025-10-08T11:20:00.000""]","[""2166030"", ""2166031""]","[""NONE"", ""SIDE-LEFT-FRONT""]","[""IL"", ""TX""]","[""HINO"", ""HYUNDAI""]","[""STRAIGHT AHEAD""]","[""ELANTRA"", ""HINO""]","[""1""]","[""N""]","[""1"", ""2""]","[""DRIVER""]","[""UNKNOWN""]","[""2064775"", ""2064783""]","[""PASSENGER"", ""TRUCK - SINGLE UNIT""]","[""COMMERCIAL - SINGLE UNIT"", ""PERSONAL""]","[""2015"", ""2024""]",[],[],"[""Y""]","[""PRIVATE TOW""]","[""Y""]",[],[],"[""Y""]","[""Y""]","[""N""]",[],[],"[""Y""]",[],[],[],"['34', '57']","[""NOT APPLICABLE""]","[""TEST NOT OFFERED""]","[""CHICAGO""]","[""2025-10-08T11:20:00.000""]","[""OTHER""]","[""NOT OBSCURED""]","[""D""]","[""IL""]","[""NONE""]",[],"[""O2166030"", ""O2166031""]","[""DRIVER""]","[""NORMAL""]","[""USAGE UNKNOWN""]","[""F"", ""M""]","[""IL""]","[""2064775"", ""2064783""]","[""60620"", ""60629""]",[],[],[],[],[],[],2025,10,11,8,False,morning,41.77,-87.63,41.77_-87.63,45.5,34,57,OTHER,0
STRAIGHT AND LEVEL,2511,2025-10-08 11:19:00,4,11,10,CEB13E9C02C9E387FF0D55C301908D4FD530FC85CEFC73930DF84B6A1B2A9525A9AC0BD0AF767926D996BF37A8B1A221832EBCC803FCB21DF3C4882D376F6C69,NO INJURY / DRIVE AWAY,"OVER $1,500",NO CONTROLS,PARKED MOTOR VEHICLE,41.9382133988,DAYLIGHT,-87.7856085236,2,30,IMPROPER BACKING,UNKNOWN,DRY,IMPROPER BACKING,W,6355,NO CONTROLS,OTHER,CLEAR,0.0,0.0,0.0,0.0,0.0,1.0,2,1,[],[],"[""Y""]","[""2025-10-08T11:19:00.000""]","[""2166421"", ""2166422""]","[""FRONT"", ""SIDE-LEFT""]","[""IL""]","[""CHEVROLET"", ""DODGE""]","[""BACKING"", ""PARKED""]","[""CRUZE"", ""GRAND CARAVAN""]","[""0"", ""1""]","[""E""]","[""1"", ""2""]","[""DRIVER"", ""PARKED""]","[""UNKNOWN""]","[""2065151"", ""2065155""]","[""UNKNOWN/NA"", ""VAN/MINI-VAN""]","[""PERSONAL""]","[""2011"", ""2015""]",[],[],"[""Y""]",[],[],"[""Y""]",[],"[""Y""]","[""Y""]",[],[],"[""Y""]",[],[],[],[],['80'],"[""NOT APPLICABLE""]","[""TEST NOT OFFERED""]","[""CHICAGO""]","[""2025-10-08T11:19:00.000""]","[""IMPROPER BACKING""]","[""UNKNOWN""]","[""D""]","[""IL""]","[""NONE""]",[],"[""O2166421""]","[""DRIVER""]","[""UNKNOWN""]","[""USAGE UNKNOWN""]","[""M""]","[""IL""]","[""2065151""]","[""60634""]",[],[],[],[],[],[],2025,10,11,8,False,morning,41.94,-87.79,41.94_-87.79,80.0,80,80,OTHER,0
STRAIGHT AND LEVEL,1724,2025-10-08 11:15:00,4,11,10,DAD99EE1C336F07C713763A3199C790CBA329F7CDD0CB3BA6E12984864AD72A3AFF070F1421F50C53D27679A8C875A850D773FEFF515C2408D4C7D3E9534E02A,NO INJURY / DRIVE AWAY,$500 OR LESS,NO CONTROLS,PARKED MOTOR VEHICLE,41.9610374466,DAYLIGHT,-87.7116880685,2,30,UNABLE TO DETERMINE,NO DEFECTS,DRY,UNABLE TO DETERMINE,W,3325,NO CONTROLS,NOT DIVIDED,CLEAR,0.0,0.0,0.0,0.0,0.0,1.0,2,1,[],[],[],"[""2025-10-08T11:15:00.000""]","[""2166039"", ""2166040""]","[""SIDE-LEFT-REAR"", ""SIDE-RIGHT-REAR""]","[""IL""]","[""FREIGHTLINER CORPORATION"", ""KIA""]","[""PARKED"", ""STRAIGHT AHEAD""]","[""FREIGHTLINER CORP."", ""TELLURIDE""]","[""0"", ""1""]","[""E""]","[""1"", ""2""]","[""DRIVER"", ""DRIVERLESS""]","[""NONE""]","[""2064779"", ""2064791""]","[""PASSENGER"", ""TRACTOR W/ SEMI-TRAILER""]","[""COMMERCIAL - MULTI-UNIT"", ""PERSONAL""]","[""2023""]",[],[],[],[],[],"[""Y""]",[],[],[],"[""Y""]",[],[],"[""Y""]","[""N""]",[],[],['32'],"[""DID NOT DEPLOY""]","[""TEST NOT OFFERED""]","[""CHICAGO""]","[""2025-10-08T11:15:00.000""]","[""NONE""]","[""NOT OBSCURED""]","[""A""]","[""IL""]","[""NONE""]",[],"[""O2166039""]","[""DRIVER""]","[""NORMAL""]","[""SAFETY BELT USED""]","[""M""]","[""IL""]","[""2064779""]","[""60634""]",[],[],[],[],[],[],2025,10,11,8,False,morning,41.96,-87.71,41.96_-87.71,32.0,32,32,OTHER,0
STRAIGHT AND LEVEL,911,2025-10-08 10:30:00,4,10,10,FB274EB664BC7EC41D5E8B9BF81060F749A9F680105E20C71B89C5AD28B3F64F8AC5244CBCA847C764C73EF67C3C2DE4D05737CDB787A10C4CD668B1DB32E0F2,NO INJURY / DRIVE AWAY,"OVER $1,500",NO CONTROLS,TURNING,41.8301805722,DAYLIGHT,-87.6948674001,2,25,UNABLE TO DETERMINE,NO DEFECTS,DRY,UNABLE TO DETERMINE,W,2800,NO CONTROLS,NOT DIVIDED,CLEAR,0.0,0.0,1.0,0.0,0.0,1.0,1,1,"[""Y""]","[""Y""]","[""Y""]","[""2025-10-08T10:30:00.000""]","[""2166735"", ""2166736""]","[""FRONT"", ""SIDE-RIGHT""]","[""IL""]","[""FORD"", ""KIA""]","[""STRAIGHT AHEAD"", ""TURNING LEFT""]","[""FLEX"", ""OTHER (EXPLAIN IN NARRATIVE)""]","[""1""]","[""E"", ""S""]","[""1"", ""2""]","[""DRIVER""]","[""NONE""]","[""2065427"", ""2065429""]","[""PASSENGER""]","[""PERSONAL""]","[""2012""]","[""Y""]","[""Y""]","[""Y""]",[],[],[],[],[],[],[],[],[],[],"[""Y""]",[],[],['21'],"[""DEPLOYMENT UNKNOWN"", ""NOT APPLICABLE""]","[""TEST NOT OFFERED""]","[""CHICAGO""]","[""2025-10-08T10:30:00.000""]","[""NONE"", ""UNKNOWN""]","[""NOT OBSCURED"", ""UNKNOWN""]","[""D""]","[""IL""]","[""NONE""]",[],"[""O2166735"", ""O2166736""]","[""DRIVER""]","[""NORMAL"", ""UNKNOWN""]","[""SAFETY BELT USED"", ""USAGE UNKNOWN""]","[""M""]","[""IL""]","[""2065427"", ""2065429""]","[""60608""]",[],[],[],[],[],[],2025,10,10,8,False,morning,41.83,-87.69,41.83_-87.69,21.0,21,21,OTHER,0
STRAIGHT AND LEVEL,1422,2025-10-08 10:30:00,4,10,10,74565AC062E7F52504F5E2F70A444F42CB088867DEE20ED7B652658B5EDDA21C790FF2143B14D59089595F5F8E4C48CB0DDB106933128AB2F17A5945C6431FDD,NO INJURY / DRIVE AWAY,"$501 - $1,500",NO CONTROLS,PARKED MOTOR VEHICLE,41.9098957007,DAYLIGHT,-87.7157352286,2,30,UNABLE TO DETERMINE,NO DEFECTS,DRY,NOT APPLICABLE,W,3533,NO CONTROLS,DIVIDED - W/MEDIAN (NOT RAISED),CLEAR,0.0,1.0,0.0,0.0,1.0,1.0,2,0,[],[],[],"[""2025-10-08T10:30:00.000""]","[""2166017"", ""2166018""]","[""FRONT-LEFT-CORNER"", ""FRONT-RIGHT-CORNER""]","[""IL"", ""MN""]","[""FORD"", ""HONDA""]","[""PARKED"", ""STRAIGHT AHEAD""]","[""ACCORD"", ""VAN""]","[""0"", ""1""]","[""E""]","[""1"", ""2""]","[""DRIVER"", ""PARKED""]","[""UNKNOWN""]","[""2064756"", ""2064761""]","[""PASSENGER"", ""VAN/MINI-VAN""]","[""CONSTRUCTION/MAINTENANCE"", ""UNKNOWN/NA""]","[""2016"", ""2024""]",[],[],"[""Y""]",[],[],[],"[""Y""]",[],[],"[""N""]",[],[],[],[],[],[],[],"[""NOT APPLICABLE""]","[""TEST NOT OFFERED""]",[],"[""2025-10-08T10:30:00.000""]","[""UNKNOWN""]","[""UNKNOWN""]",[],[],"[""NONE""]",[],"[""O2166017""]","[""DRIVER""]","[""UNKNOWN""]","[""USAGE UNKNOWN""]","[""F""]",[],"[""2064756""]",[],[],[],[],[],[],[],2025,10,10,8,False,morning,41.91,-87.72,41.91_-87.72,0.0,0,0,OTHER,0
STRAIGHT AND LEVEL,1114,2025-10-08 10:20:00,4,10,10,4CD53F14507CAEA9F79E87CE039FE14A44595314D62CFC66F7B8B6972FFB7D085DC9158B4AE88C696E5FEBAA50043855244F25C019C6F8711A8FC26C3E539568,NO INJURY / DRIVE AWAY,"OVER $1,500",FUNCTIONING PROPERLY,FIXED OBJECT,41.8857155396,DAYLIGHT,-87.7283756072,1,30,UNABLE TO DETERMINE,NO DEFECTS,DRY,NOT APPLICABLE,W,4100,STOP SIGN/FLASHER,DIVIDED - W/MEDIAN (NOT RAISED),CLEAR,0.0,0.0,1.0,0.0,0.0,1.0,1,1,"[""Y""]",[],[],"[""2025-10-08T10:20:00.000""]","[""2166227""]","[""FRONT-RIGHT-CORNER""]","[""IL""]","[""FREIGHTLINER CORPORATION""]","[""TURNING LEFT""]","[""OTHER (EXPLAIN IN NARRATIVE)""]","[""1""]","[""W""]","[""1""]","[""DRIVER""]","[""NONE""]","[""2064941""]","[""TRACTOR W/ SEMI-TRAILER""]","[""COMMERCIAL - MULTI-UNIT""]","[""2000""]",[],[],[],[],[],[],[],[],[],"[""Y""]",[],[],[],[],[],[],['40'],"[""DID NOT DEPLOY""]","[""TEST NOT OFFERED""]","[""CHICAGO""]","[""2025-10-08T10:20:00.000""]","[""UNKNOWN""]","[""NOT OBSCURED""]","[""A""]","[""IL""]","[""NONE""]","[""REFUSED""]","[""O2166227""]","[""DRIVER""]","[""NORMAL""]","[""USAGE UNKNOWN""]","[""M""]","[""IL""]","[""2064941""]","[""60612""]",[],[],[],[],[],[],2025,10,10,8,False,morning,41.89,-87.73,41.89_-87.73,40.0,40,40,OTHER,0
STRAIGHT AND LEVEL,1711,2025-10-08 10:20:00,4,10,10,8508C05521C31CF89BAF485DFC41C4092BCE4E2F51FA11CA7FC90B805B0BF6C6F8EC203DE5BE943DCF316DDB03B3C8F6184A516960F2357539B8EA2E04F50F5C,NO INJURY / DRIVE AWAY,"$501 - $1,500",NO CONTROLS,PARKED MOTOR VEHICLE,41.9957758898,DAYLIGHT,-87.7163664999,2,30,"VISION OBSCURED (SIGNS, TREE LIMBS, BUILDINGS, ETC.)",NO DEFECTS,DRY,UNABLE TO DETERMINE,N,6300,NO CONTROLS,DIVIDED - W/MEDIAN (NOT RAISED),CLEAR,0.0,0.0,0.0,0.0,0.0,1.0,2,1,"[""Y""]",[],[],"[""2025-10-08T10:20:00.000""]","[""2166022"", ""2166023""]","[""SIDE-LEFT-FRONT"", ""SIDE-RIGHT-FRONT""]","[""IL""]","[""BLUEBIRD INTERNATIONAL"", ""FORD""]","[""PARKED"", ""STRAIGHT AHEAD""]","[""BLUEBIRD INTERNATIONAL"", ""OTHER (EXPLAIN IN NARRATIVE)""]","[""0"", ""1""]","[""SE""]","[""1"", ""2""]","[""DRIVER"", ""PARKED""]","[""NONE""]","[""2064764"", ""2064767""]","[""BUS OVER 15 PASS."", ""TRUCK - SINGLE UNIT""]","[""COMMERCIAL - SINGLE UNIT"", ""SCHOOL BUS""]","[""2017"", ""2018""]",[],[],"[""Y""]",[],[],[],[],[],[],[],[],[],[],[],[],[],['26'],"[""DID NOT DEPLOY""]","[""TEST NOT OFFERED""]","[""CHICAGO""]","[""2025-10-08T10:20:00.000""]","[""FAILED TO YIELD""]","[""UNKNOWN""]","[""C""]","[""IL""]","[""NONE""]","[""REFUSED""]","[""O2166022""]","[""DRIVER""]","[""NORMAL""]","[""SAFETY BELT USED""]","[""M""]","[""IL""]","[""2064764""]","[""60651""]",[],[],[],[],[],[],2025,10,10,8,False,morning,42.0,-87.72,42.0_-87.72,26.0,26,26,LIGHTING/VISIBILITY,0