alignment,beat_of_occurrence,crash_date,crash_day_of_week,crash_hour,crash_month,crash_record_id,crash_type,damage,device_condition,first_crash_type,latitude,lighting_condition,longitude,num_units,posted_speed_limit,prim_contributory_cause,road_defect,roadway_surface_cond,sec_contributory_cause,street_direction,street_no,traffic_control_device,trafficway_type,weather_condition,private_property_i,hit_and_run_i,intersection_related_i,crash_date_est_i,work_zone_i,workers_present_i,veh_count,ppl_count,veh_area_01_i_list_json,veh_area_02_i_list_json,veh_area_12_i_list_json,veh_crash_date_list_json,veh_crash_unit_id_list_json,veh_first_contact_point_list_json,veh_lic_plate_state_list_json,veh_make_list_json,veh_maneuver_list_json,veh_model_list_json,veh_occupant_cnt_list_json,veh_travel_direction_list_json,veh_unit_no_list_json,veh_unit_type_list_json,veh_vehicle_defect_list_json,veh_vehicle_id_list_json,veh_vehicle_type_list_json,veh_vehicle_use_list_json,veh_vehicle_year_list_json,veh_area_03_i_list_json,veh_area_04_i_list_json,veh_area_11_i_list_json,veh_towed_by_list_json,veh_towed_i_list_json,veh_area_07_i_list_json,veh_area_99_i_list_json,veh_area_09_i_list_json,veh_area_10_i_list_json,veh_cmrc_veh_i_list_json,veh_num_passengers_list_json,veh_area_08_i_list_json,veh_area_00_i_list_json,veh_area_05_i_list_json,veh_area_06_i_list_json,veh_towed_to_list_json,ppl_age_list_json,ppl_airbag_deployed_list_json,ppl_bac_result_list_json,ppl_city_list_json,ppl_crash_date_list_json,ppl_driver_action_list_json,ppl_driver_vision_list_json,ppl_drivers_license_class_list_json,ppl_drivers_license_state_list_json,ppl_ejection_list_json,ppl_hospital_list_json,ppl_person_id_list_json,ppl_person_type_list_json,ppl_physical_condition_list_json,ppl_safety_equipment_list_json,ppl_sex_list_json,ppl_state_list_json,ppl_vehicle_id_list_json,ppl_zipcode_list_json,ppl_ems_agency_list_json,ppl_seat_no_list_json,ppl_pedpedal_action_list_json,ppl_pedpedal_location_list_json,ppl_pedpedal_visibility_list_json,ppl_ems_run_no_list_json,year,month,hour,day,is_weekend,hour_bin,lat_bin,lng_bin,grid_id,ppl_age_mean,ppl_age_min,ppl_age_max,prim_contributory_cause_group,ksi_flag
STRAIGHT AND LEVEL,815,2025-10-08 10:15:00,4,10,10,DB562DF04753BD3072931B0829C4F8BE5F3761645F62EF3EE27183E00AC66A74C73A52042703712C40B3CFD10E39FB33B0787C07CF46D29FF9640B8E3197D6D7,INJURY AND / OR TOW DUE TO CRASH,"OVER $1,500",FUNCTIONING PROPERLY,SIDESWIPE SAME DIRECTION,41.8136814258,DAYLIGHT,-87.7239510182,2,35,UNABLE TO DETERMINE,OTHER,DRY,UNABLE TO DETERMINE,S,4350,TRAFFIC SIGNAL,NOT DIVIDED,CLEAR,0.0,0.0,1.0,0.0,1.0,1.0,1,2,"[""Y""]","[""Y""]",[],"[""2025-10-08T10:15:00.000""]","[""2166072"", ""2166073""]","[""FRONT-RIGHT-CORNER"", ""SIDE-LEFT""]","[""IL""]","[""FORD"", ""FREIGHTLINER CORPORATION""]","[""CHANGING LANES"", ""STRAIGHT AHEAD""]","[""EXPLORER"", ""FREIGHTLINER CORP.""]","[""1""]","[""S""]","[""1"", ""2""]","[""DRIVER""]","[""NONE""]","[""2064813"", ""2064818""]","[""SPORT UTILITY VEHICLE (SUV)"", ""TRACTOR W/ SEMI-TRAILER""]","[""COMMERCIAL - SINGLE UNIT"", ""PERSONAL""]","[""1998"", ""2007""]",[],[],[],"[""Private Company""]","[""Y""]","[""Y""]","[""Y""]","[""Y""]",[],[],[],"[""Y""]",[],[],[],[],"['37', '50']","[""DID NOT DEPLOY""]","[""TEST NOT OFFERED""]","[""CHICAGO""]","[""2025-10-08T10:15:00.000""]","[""NONE"", ""UNKNOWN""]","[""NOT OBSCURED""]","[""A"", ""D""]","[""IL""]","[""NONE""]","[""REFUSED""]","[""O2166072"", ""O2166073""]","[""DRIVER""]","[""NORMAL""]","[""SAFETY BELT USED""]","[""F"", ""M""]","[""IL""]","[""2064813"", ""2064818""]","[""60629"", ""60632""]","[""DNA""]",[],[],[],[],[],2025,10,10,8,False,morning,41.81,-87.72,41.81_-87.72,43.5,37,50,OTHER,0
STRAIGHT AND LEVEL,1231,2025-10-08 10:15:00,4,10,10,511E2072CEF071583A2F257BC8952B96B446D263B3DD677BAFD65A50827680D04EB953FD3B252ABE68A1776C348C4164BF0B968A8BEBC1592F96EE8B9AAE3688,NO INJURY / DRIVE AWAY,"OVER $1,500",NO CONTROLS,ANGLE,41.8740819887,DAYLIGHT,-87.6672227593,2,30,FAILING TO YIELD RIGHT-OF-WAY,NO DEFECTS,DRY,UNABLE TO DETERMINE,W,1611,NO CONTROLS,PARKING LOT,CLEAR,1.0,0.0,0.0,0.0,0.0,1.0,1,2,[],[],[],"[""2025-10-08T10:15:00.000""]","[""2166008"", ""2166009""]","[""FRONT-LEFT-CORNER"", ""REAR-RIGHT-CORNER""]","[""IL"", ""RI""]","[""NISSAN"", ""TOYOTA""]","[""BACKING"", ""STRAIGHT AHEAD""]","[""ALTIMA"", ""CAMRY""]","[""1""]","[""E"", ""N""]","[""1"", ""2""]","[""DRIVER""]","[""NONE""]","[""2064754"", ""2064759""]","[""PASSENGER""]","[""PERSONAL""]","[""2007"", ""2023""]",[],[],"[""Y""]",[],[],[],[],[],[],[],[],[],[],"[""N""]","[""Y""]",[],"['22', '71']","[""DID NOT DEPLOY""]","[""TEST NOT OFFERED""]","[""CHICAGO""]","[""2025-10-08T10:15:00.000""]","[""FAILED TO YIELD"", ""NONE""]","[""UNKNOWN""]","[""D""]","[""IL""]","[""NONE""]",[],"[""O2166008"", ""O2166009""]","[""DRIVER""]","[""NORMAL""]","[""SAFETY BELT USED""]","[""F"", ""M""]","[""IL""]","[""2064754"", ""2064759""]","[""60614"", ""60616""]",[],[],[],[],[],[],2025,10,10,8,False,morning,41.87,-87.67,41.87_-87.67,46.5,22,71,FAILURE-TO-YIELD,0
STRAIGHT AND LEVEL,224,2025-10-08 10:14:00,4,10,10,DD5BCDD71E4D617565F7975D0AC0A1AC2C33DF8F098F85DDC2946E90FB7284B04CC336A9514F1C2291C0D739A1A3463C2A78C3E4FB071495908B6E5765891DA7,NO INJURY / DRIVE AWAY,"OVER $1,500",FUNCTIONING IMPROPERLY,TURNING,41.808520059,DAYLIGHT,-87.6226693307,2,30,UNABLE TO DETERMINE,NO DEFECTS,DRY,UNABLE TO DETERMINE,S,4725,TRAFFIC SIGNAL,FOUR WAY,CLEAR,0.0,0.0,0.0,0.0,0.0,1.0,1,1,[],[],"[""Y""]","[""2025-10-08T10:14:00.000""]","[""2165986"", ""2165987""]","[""FRONT-LEFT-CORNER"", ""REAR-RIGHT-CORNER""]","[""IL""]","[""CHEVROLET"", ""FORD""]","[""STRAIGHT AHEAD"", ""TURNING RIGHT""]","[""EQUINOX"", ""FUSION""]","[""1""]","[""E"", ""S""]","[""1"", ""2""]","[""DRIVER""]","[""UNKNOWN""]","[""2064726"", ""2064729""]","[""PASSENGER""]","[""PERSONAL""]","[""2013"", ""2018""]","[""Y""]","[""Y""]","[""Y""]",[],[],[],[],"[""Y""]","[""Y""]",[],[],[],[],"[""Y""]","[""Y""]",[],['62'],"[""DEPLOYMENT UNKNOWN"", ""NOT APPLICABLE""]","[""TEST NOT OFFERED""]","[""CHICAGO""]","[""2025-10-08T10:14:00.000""]","[""NONE"", ""UNKNOWN""]","[""NOT OBSCURED"", ""UNKNOWN""]","[""D""]","[""IL""]","[""NONE""]",[],"[""O2165986"", ""O2165987""]","[""DRIVER""]","[""NORMAL"", ""UNKNOWN""]","[""SAFETY BELT USED"", ""USAGE UNKNOWN""]","[""F"", ""M""]","[""IL""]","[""2064726"", ""2064729""]","[""60615"", ""60653""]",[],[],[],[],[],[],2025,10,10,8,False,morning,41.81,-87.62,41.81_-87.62,62.0,62,62,OTHER,0
STRAIGHT AND LEVEL,321,2025-10-08 10:12:00,4,10,10,5943D6A321DEE28E564D1B6B8AC34001143922FBF01B8F97E09C5E73FD21758E70DAC7DF1B60AAEF83312ABD1EA40A22AA79A8A4C670AE13B0504D2D312D1F6B,NO INJURY / DRIVE AWAY,"OVER $1,500",FUNCTIONING PROPERLY,REAR END,41.7750712163,DAYLIGHT,-87.6056654176,3,30,DRIVING SKILLS/KNOWLEDGE/EXPERIENCE,NO DEFECTS,DRY,DRIVING SKILLS/KNOWLEDGE/EXPERIENCE,E,802,TRAFFIC SIGNAL,NOT DIVIDED,CLEAR,0.0,0.0,0.0,0.0,0.0,1.0,1,4,[],[],"[""Y""]","[""2025-10-08T10:12:00.000""]","[""2166010"", ""2166011"", ""2166012""]","[""FRONT"", ""REAR""]","[""IL""]","[""CADILLAC"", ""CHRYSLER"", ""HYUNDAI""]","[""SLOW/STOP IN TRAFFIC""]","[""ELANTRA"", ""ESCALADE"", ""TOWN & COUNTRY""]","[""1"", ""2""]","[""W""]","[""1"", ""2"", ""3""]","[""DRIVER""]","[""NONE""]","[""2064753"", ""2064762"", ""2064770""]","[""PASSENGER"", ""SPORT UTILITY VEHICLE (SUV)""]","[""PERSONAL""]","[""2009"", ""2010"", ""2013""]",[],[],[],[],[],[],[],[],[],[],"[""1""]",[],[],[],"[""Y""]",[],"['21', '35', '51', '77']","[""NOT APPLICABLE""]","[""TEST NOT OFFERED""]","[""CHICAGO""]","[""2025-10-08T10:12:00.000""]","[""NONE""]","[""NOT OBSCURED""]",[],"[""IL""]","[""NONE""]",[],"[""O2166010"", ""O2166011"", ""O2166012"", ""P477946""]","[""DRIVER"", ""PASSENGER""]","[""NORMAL""]","[""SAFETY BELT USED""]","[""F"", ""M""]","[""IL""]","[""2064753"", ""2064762"", ""2064770""]","[""60619"", ""60620""]",[],"[""3""]",[],[],[],[],2025,10,10,8,False,morning,41.78,-87.61,41.78_-87.61,46.0,21,77,OTHER,0
"CURVE, LEVEL",1832,2025-10-08 10:07:00,4,10,10,3E46D9AA51B525C38975B56951C6021E3B96F3174B61AD3B73A80F68641458B330604F9158C95E943D2E4B6B0D1E250E099B96276FA33CD8C504F3DD39392135,NO INJURY / DRIVE AWAY,"OVER $1,500",NO CONTROLS,SIDESWIPE OPPOSITE DIRECTION,41.8965654034,DAYLIGHT,-87.6283588301,2,20,FAILING TO REDUCE SPEED TO AVOID CRASH,UNKNOWN,DRY,FAILING TO REDUCE SPEED TO AVOID CRASH,W,3,NO CONTROLS,RAMP,CLEAR,1.0,0.0,0.0,0.0,0.0,1.0,1,2,[],[],"[""Y""]","[""2025-10-08T10:07:00.000""]","[""2165973"", ""2165974""]","[""FRONT-LEFT-CORNER""]","[""IL""]","[""CADILLAC"", ""FORD""]","[""STRAIGHT AHEAD""]","[""OTHER (EXPLAIN IN NARRATIVE)""]","[""1""]","[""N"", ""S""]","[""1"", ""2""]","[""DRIVER""]","[""UNKNOWN""]","[""2064713"", ""2064717""]","[""PASSENGER""]","[""PERSONAL""]","[""2013"", ""2014""]",[],[],"[""Y""]",[],[],[],[],[],[],[],[],[],[],[],[],[],"['23', '24']","[""NOT APPLICABLE""]","[""TEST NOT OFFERED""]","[""DARIEN"", ""ELBURN""]","[""2025-10-08T10:07:00.000""]","[""NONE"", ""TOO FAST FOR CONDITIONS""]","[""UNKNOWN""]",[],"[""IL""]","[""NONE""]",[],"[""O2165973"", ""O2165974""]","[""DRIVER""]","[""NORMAL""]","[""USAGE UNKNOWN""]","[""F""]","[""IL""]","[""2064713"", ""2064717""]","[""60119"", ""60561""]",[],[],[],[],[],[],2025,10,10,8,False,morning,41.9,-87.63,41.9_-87.63,23.5,23,24,SPEEDING,0
STRAIGHT AND LEVEL,1034,2025-10-08 10:06:00,4,10,10,D669DE7476C7886FA487520024F89680A36593B10B6F822FDF338B06AF968FAB8D972966FAF453A1EBE1B66E3FF5184A0A93C411281A9E7A196D4A9498AF92FC,NO INJURY / DRIVE AWAY,"OVER $1,500",NO CONTROLS,PARKED MOTOR VEHICLE,41.8483744109,DAYLIGHT,-87.6734359326,2,30,UNABLE TO DETERMINE,NO DEFECTS,DRY,UNABLE TO DETERMINE,S,2402,NO CONTROLS,PARKING LOT,CLEAR,0.0,1.0,0.0,0.0,0.0,1.0,2,0,"[""Y""]",[],"[""Y""]","[""2025-10-08T10:06:00.000""]","[""2166069"", ""2166070""]","[""FRONT"", ""REAR""]","[""IL""]","[""CHEVROLET"", ""FREIGHTLINER CORPORATION""]","[""ENTERING TRAFFIC LANE FROM PARKING"", ""PARKED""]","[""FREIGHTLINER CORP."", ""MALIBU""]","[""0"", ""1""]","[""UNKNOWN""]","[""1"", ""2""]","[""DRIVER"", ""PARKED""]","[""UNKNOWN""]","[""2064810"", ""2064814""]","[""TRACTOR W/ SEMI-TRAILER"", ""VAN/MINI-VAN""]","[""OTHER"", ""PERSONAL""]","[""2005"", ""2020""]",[],[],"[""Y""]",[],[],"[""Y""]",[],"[""Y""]",[],[],[],"[""Y""]",[],[],"[""Y""]",[],[],"[""DEPLOYMENT UNKNOWN""]","[""TEST NOT OFFERED""]",[],"[""2025-10-08T10:06:00.000""]","[""UNKNOWN""]","[""UNKNOWN""]",[],[],"[""NONE""]",[],"[""O2166069""]","[""DRIVER""]","[""UNKNOWN""]","[""USAGE UNKNOWN""]","[""M""]",[],"[""2064814""]",[],[],[],[],[],[],[],2025,10,10,8,False,morning,41.85,-87.67,41.85_-87.67,0.0,0,0,OTHER,0
STRAIGHT AND LEVEL,1723,2025-10-08 10:00:00,4,10,10,9140C07EF9249B9D9A986F937BDEA5194D292CBAA1E8C2EDBB398FF233EAF03A863DE0FAD1BF7675A775B5475076DDF22E7AB8C45A7B244460CF7D0E135F510E,INJURY AND / OR TOW DUE TO CRASH,"$501 - $1,500",NO CONTROLS,PARKED MOTOR VEHICLE,41.968085882,DAYLIGHT,-87.7183950965,2,30,UNABLE TO DETERMINE,NO DEFECTS,DRY,UNABLE TO DETERMINE,N,4752,NO CONTROLS,DIVIDED - W/MEDIAN (NOT RAISED),CLEAR,0.0,1.0,0.0,1.0,0.0,1.0,2,0,"[""Y""]",[],"[""Y""]","[""2025-10-08T10:00:00.000""]","[""2166326"", ""2166327""]","[""SIDE-LEFT-FRONT"", ""UNKNOWN""]","[""IL"", ""XX""]","[""CHEVROLET"", ""UNKNOWN""]","[""PARKED"", ""UNKNOWN/NA""]","[""CRUZE"", ""OTHER (EXPLAIN IN NARRATIVE)""]","[""0"", ""1""]","[""S"", ""UNKNOWN""]","[""1"", ""2""]","[""DRIVER"", ""PARKED""]","[""UNKNOWN""]","[""2065027"", ""2065033""]","[""OTHER"", ""PASSENGER""]","[""PERSONAL"", ""UNKNOWN/NA""]","[""2011""]",[],[],"[""Y""]",[],"[""Y""]",[],"[""Y""]","[""Y""]","[""Y""]",[],[],[],[],[],[],[],[],"[""DEPLOYMENT UNKNOWN""]","[""TEST NOT OFFERED""]","[""UNKNOWN""]","[""2025-10-08T10:00:00.000""]","[""UNKNOWN""]","[""UNKNOWN""]",[],[],"[""UNKNOWN""]",[],"[""O2166326""]","[""DRIVER""]","[""UNKNOWN""]","[""USAGE UNKNOWN""]","[""X""]","[""XX""]","[""2065027""]",[],[],[],[],[],[],[],2025,10,10,8,False,morning,41.97,-87.72,41.97_-87.72,0.0,0,0,OTHER,0
STRAIGHT AND LEVEL,121,2025-10-08 09:53:00,4,9,10,CAA615385E35027D5219E7779D3CF76573722E1548803BD5884371F4F444A9C929C8E74012266E6E75991D213AC2C1734BBF8CA820C089AAC635DBA070C33FA3,NO INJURY / DRIVE AWAY,"OVER $1,500",FUNCTIONING PROPERLY,TURNING,41.8781368535,DAYLIGHT,-87.6409962656,2,30,IMPROPER TURNING/NO SIGNAL,NO DEFECTS,DRY,DRIVING SKILLS/KNOWLEDGE/EXPERIENCE,W,536,TRAFFIC SIGNAL,ONE-WAY,CLEAR,0.0,0.0,0.0,0.0,0.0,1.0,1,2,[],[],[],"[""2025-10-08T09:53:00.000""]","[""2165997"", ""2165998""]","[""REAR-LEFT-CORNER"", ""REAR-RIGHT-CORNER""]","[""IL""]","[""FREIGHTLINER CORPORATION"", ""UNKNOWN""]","[""TURNING LEFT""]","[""FREIGHTLINER CORP."", ""OTHER (EXPLAIN IN NARRATIVE)""]","[""1""]","[""E""]","[""1"", ""2""]","[""DRIVER""]","[""NONE""]","[""2064741"", ""2064748""]","[""BUS OVER 15 PASS.""]","[""OTHER""]","[""2017"", ""2020""]",[],"[""Y""]",[],[],[],"[""Y""]",[],"[""Y""]",[],[],[],"[""Y""]",[],"[""Y""]",[],[],"['38', '62']","[""DID NOT DEPLOY""]","[""TEST NOT OFFERED""]","[""EVANSTON"", ""HOFFMAN ESTATES""]","[""2025-10-08T09:53:00.000""]","[""IMPROPER TURN"", ""NONE""]","[""NOT OBSCURED""]","[""B""]","[""IL""]","[""NONE""]",[],"[""O2165997"", ""O2165998""]","[""DRIVER""]","[""NORMAL""]","[""USAGE UNKNOWN""]","[""M""]","[""IL""]","[""2064741"", ""2064748""]","[""60169"", ""60202""]",[],[],[],[],[],[],2025,10,9,8,False,morning,41.88,-87.64,41.88_-87.64,50.0,38,62,OTHER,0
STRAIGHT AND LEVEL,835,2025-10-08 09:47:00,4,9,10,54152BE23CA7BFB99AD631B96F3B17E46D37C07F6AE44AE1E0028B8F91C4A6CA2A56A344079FB481463A8E0BD921E1EE4A70F85E3923ED27D6240B66712D96AC,INJURY AND / OR TOW DUE TO CRASH,"OVER $1,500",FUNCTIONING PROPERLY,ANGLE,41.7426772403,DAYLIGHT,-87.6899831946,2,30,DISREGARDING STOP SIGN,NO DEFECTS,DRY,NOT APPLICABLE,S,8300,STOP SIGN/FLASHER,NOT DIVIDED,CLEAR,0.0,0.0,1.0,0.0,0.0,1.0,1,2,"[""Y""]","[""Y""]","[""Y""]","[""2025-10-08T09:47:00.000""]","[""2166001"", ""2166002""]","[""FRONT"", ""FRONT-RIGHT-CORNER""]","[""IL""]","[""CHEVROLET"", ""TOYOTA""]","[""STRAIGHT AHEAD""]","[""HIGHLANDER"", ""TRAVERSE""]","[""1"", ""2""]","[""E"", ""N""]","[""1"", ""2""]","[""DRIVER""]","[""NONE""]","[""2064766"", ""2064771""]","[""PASSENGER""]","[""PERSONAL""]","[""2021"", ""2022""]",[],[],"[""Y""]","[""PRIVATE TOW""]","[""Y""]",[],[],[],[],[],"[""1""]",[],[],[],[],[],"['34', '35']","[""DEPLOYED, COMBINATION"", ""DID NOT DEPLOY""]","[""TEST NOT OFFERED""]","[""CHICAGO""]","[""2025-10-08T09:47:00.000""]","[""NONE""]","[""NOT OBSCURED""]","[""D""]","[""IL""]","[""NONE""]",[],"[""O2166001"", ""O2166002"", ""P477947""]","[""DRIVER"", ""PASSENGER""]","[""NORMAL""]","[""SAFETY BELT USED""]","[""F"", ""M""]","[""IL""]","[""2064766"", ""2064771""]","[""60620"", ""60652""]",[],"[""3""]",[],[],[],[],2025,10,9,8,False,morning,41.74,-87.69,41.74_-87.69,34.5,34,35,OTHER,1
STRAIGHT AND LEVEL,633,2025-10-08 09:45:00,4,9,10,6C2B3A9C95F4D6D33C471227766594FEF21C2B71DB55553AB5F29352A78B30651C61848205049EB5288549056AC5E7ED68EF078EC1B6F2B74E4D0A67AA3FC13A,NO INJURY / DRIVE AWAY,"OVER $1,500",NO CONTROLS,PARKED MOTOR VEHICLE,41.7313031767,DAYLIGHT,-87.6035643176,2,30,UNABLE TO DETERMINE,NO DEFECTS,DRY,NOT APPLICABLE,E,826,NO CONTROLS,NOT DIVIDED,CLEAR,0.0,0.0,0.0,0.0,0.0,1.0,2,1,[],[],[],"[""2025-10-08T09:45:00.000""]","[""2166006"", ""2166007""]","[""FRONT-RIGHT-CORNER"", ""SIDE-LEFT""]","[""IL""]","[""FORD"", ""GENESIS""]","[""PARKED"", ""STRAIGHT AHEAD""]","[""G80"", ""OTHER (EXPLAIN IN NARRATIVE)""]","[""1""]","[""W""]","[""1"", ""2""]","[""DRIVER"", ""PARKED""]","[""NONE""]","[""2064763"", ""2064801""]","[""PASSENGER"", ""PICKUP""]","[""PERSONAL"", ""STATE OWNED""]","[""2017"", ""2019""]",[],[],[],[],[],[],[],"[""Y""]","[""N""]",[],"[""1""]",[],[],[],[],[],['48'],"[""DID NOT DEPLOY""]","[""TEST NOT OFFERED""]","[""CHICAGO""]","[""2025-10-08T09:45:00.000""]","[""NONE""]","[""NOT OBSCURED""]","[""D""]","[""IL""]","[""NONE""]",[],"[""O2166007"", ""P477952""]","[""DRIVER"", ""PASSENGER""]","[""NORMAL""]","[""SAFETY BELT NOT USED""]","[""M""]","[""IL""]","[""2064763"", ""2064801""]","[""60652""]",[],"[""1""]",[],[],[],[],2025,10,9,8,False,morning,41.73,-87.6,41.73_-87.6,48.0,48,48,OTHER,0
STRAIGHT AND LEVEL,1623,2025-10-08 09:30:00,4,9,10,6977656FDE944D28800A04A3581A494B885536C161E1E1D0DAD8146CB16CD5F2FCB78278D449613BC0D012AC67043DBEF17224D13926C3B447F939F302C6BB90,NO INJURY / DRIVE AWAY,$500 OR LESS,FUNCTIONING PROPERLY,REAR END,41.9679832294,DAYLIGHT,-87.7602535867,2,30,FOLLOWING TOO CLOSELY,NO DEFECTS,DRY,FAILING TO REDUCE SPEED TO AVOID CRASH,W,5318,TRAFFIC SIGNAL,NOT DIVIDED,CLEAR,0.0,1.0,0.0,0.0,0.0,1.0,1,1,[],[],[],"[""2025-10-08T09:30:00.000""]","[""2165955"", ""2165956""]","[""FRONT"", ""REAR""]","[""IL""]","[""SUBARU"", ""UNKNOWN""]","[""SLOW/STOP IN TRAFFIC"", ""STRAIGHT AHEAD""]","[""FORESTER"", ""OTHER (EXPLAIN IN NARRATIVE)""]","[""1"", ""2""]","[""W""]","[""1"", ""2""]","[""DRIVER""]","[""NONE"", ""UNKNOWN""]","[""2064698"", ""2064700""]","[""PICKUP"", ""SPORT UTILITY VEHICLE (SUV)""]","[""PERSONAL"", ""UNKNOWN/NA""]","[""2011""]",[],[],[],[],[],[],"[""Y""]",[],[],[],"[""1""]",[],[],[],"[""Y""]",[],['23'],"[""DEPLOYMENT UNKNOWN"", ""DID NOT DEPLOY""]","[""TEST NOT OFFERED""]","[""CHICAGO""]","[""2025-10-08T09:30:00.000""]","[""FAILED TO YIELD"", ""NONE""]","[""NOT OBSCURED"", ""UNKNOWN""]","[""D""]","[""IL""]","[""NONE""]",[],"[""O2165955"", ""O2165956"", ""P477938""]","[""DRIVER"", ""PASSENGER""]","[""NORMAL"", ""UNKNOWN""]","[""SAFETY BELT USED"", ""USAGE UNKNOWN""]","[""F"", ""M""]","[""IL""]","[""2064698"", ""2064700""]","[""60659""]",[],"[""2""]",[],[],[],[],2025,10,9,8,False,morning,41.97,-87.76,41.97_-87.76,23.0,23,23,FOLLOWING TOO CLOSELY,0
STRAIGHT AND LEVEL,2535,2025-10-08 09:30:00,4,9,10,256F37F096BA9FD9A05F52E7D8315487DF9D7C1F898945A307EFC4E77573629FD2DFEE29D4A395C2206D2CD4C1FB52E80894279EB42556CC5A8451ADE18B309A,NO INJURY / DRIVE AWAY,"$501 - $1,500",FUNCTIONING PROPERLY,TURNING,41.9027708099,DAYLIGHT,-87.7181835194,2,30,IMPROPER OVERTAKING/PASSING,UNKNOWN,DRY,FAILING TO YIELD RIGHT-OF-WAY,W,3657,TRAFFIC SIGNAL,DIVIDED - W/MEDIAN (NOT RAISED),CLEAR,0.0,0.0,0.0,0.0,0.0,1.0,1,2,"[""Y""]","[""Y""]","[""Y""]","[""2025-10-08T09:30:00.000""]","[""2165992"", ""2165993""]","[""FRONT-LEFT-CORNER"", ""SIDE-RIGHT""]","[""IL""]","[""FORD"", ""TOYOTA""]","[""TURNING RIGHT""]","[""COROLLA"", ""F450""]","[""1""]","[""SE""]","[""1"", ""2""]","[""DRIVER""]","[""UNKNOWN""]","[""2064752"", ""2064758""]","[""PASSENGER"", ""TRUCK - SINGLE UNIT""]","[""OTHER"", ""PERSONAL""]","[""2010"", ""2019""]","[""Y""]",[],"[""Y""]",[],[],[],[],"[""Y""]","[""Y""]",[],[],[],[],[],[],[],"['25', '30']","[""DID NOT DEPLOY""]","[""TEST NOT OFFERED""]","[""CHICAGO"", ""MARKHAM""]","[""2025-10-08T09:30:00.000""]","[""IMPROPER PASSING"", ""NONE""]","[""UNKNOWN""]","[""A"", ""D""]","[""IL""]","[""NONE""]",[],"[""O2165992"", ""O2165993""]","[""DRIVER""]","[""NORMAL""]","[""USAGE UNKNOWN""]","[""M""]","[""IL""]","[""2064752"", ""2064758""]","[""60428"", ""60612""]",[],[],[],[],[],[],2025,10,9,8,False,morning,41.9,-87.72,41.9_-87.72,27.5,25,30,OTHER,0
STRAIGHT AND LEVEL,1623,2025-10-08 09:30:00,4,9,10,3737D0DA444322A8939765C9E9E5AE9A7503E261385396300990344EC12C356B446D7ECE77FE2594D27B15D84015D5D5C3765CEF065E7E138E7CFE90D516C92D,NO INJURY / DRIVE AWAY,"OVER $1,500",FUNCTIONING PROPERLY,ANGLE,41.9607082864,DAYLIGHT,-87.7575121126,2,30,UNABLE TO DETERMINE,UNKNOWN,DRY,NOT APPLICABLE,W,5200,TRAFFIC SIGNAL,FOUR WAY,CLEAR,0.0,0.0,1.0,1.0,0.0,1.0,1,4,[],[],[],"[""2025-10-08T09:30:00.000""]","[""2165965"", ""2165966""]","[""FRONT-LEFT-CORNER"", ""REAR-LEFT-CORNER""]","[""IL""]","[""JEEP"", ""TOYOTA""]","[""SLOW/STOP IN TRAFFIC"", ""STRAIGHT AHEAD""]","[""COROLLA"", ""GRAND CHEROKEE""]","[""2""]","[""E"", ""S""]","[""1"", ""2""]","[""DRIVER""]","[""UNKNOWN""]","[""2064710"", ""2064719""]","[""PASSENGER"", ""SPORT UTILITY VEHICLE (SUV)""]","[""PERSONAL""]","[""2007"", ""2018""]",[],[],"[""Y""]",[],[],"[""Y""]",[],"[""Y""]","[""Y""]",[],"[""1""]","[""Y""]",[],"[""Y""]","[""Y""]",[],"['24', '38', '44', '68']","[""DID NOT DEPLOY"", ""NOT APPLICABLE""]","[""TEST NOT OFFERED""]","[""CHICAGO""]","[""2025-10-08T09:30:00.000""]","[""NONE"", ""OTHER""]","[""UNKNOWN""]","[""D""]","[""IL""]","[""NONE""]",[],"[""O2165965"", ""O2165966"", ""P477940"", ""P477941""]","[""DRIVER"", ""PASSENGER""]","[""UNKNOWN""]","[""USAGE UNKNOWN""]","[""F"", ""M""]","[""IL""]","[""2064710"", ""2064719""]","[""60625"", ""60634"", ""60641""]",[],"[""3""]",[],[],[],[],2025,10,9,8,False,morning,41.96,-87.76,41.96_-87.76,43.5,24,68,OTHER,0
STRAIGHT AND LEVEL,412,2025-10-08 09:20:00,4,9,10,4914CCC74174835C1F9C61267D4E5E1BEB64B5C7623195EF37CA12BAE6C4F63E418FC478126C1EE5687330AD83A7D4BF8D77AA30219C4566C1ABC8809E8C4FE9,NO INJURY / DRIVE AWAY,"OVER $1,500",NO CONTROLS,REAR END,41.744151639,DAYLIGHT,-87.585945067,2,30,"DISTRACTION - OTHER ELECTRONIC DEVICE (NAVIGATION DEVICE, DVD PLAYER, ETC.)",NO DEFECTS,DRY,UNABLE TO DETERMINE,S,8300,TRAFFIC SIGNAL,FOUR WAY,CLEAR,0.0,0.0,1.0,0.0,0.0,1.0,1,1,[],[],[],"[""2025-10-08T09:20:00.000""]","[""2166196"", ""2166197""]","[""FRONT"", ""REAR""]","[""IL""]","[""CADILLAC"", ""INFINITI""]","[""SLOW/STOP IN TRAFFIC"", ""STRAIGHT AHEAD""]","[""OTHER (EXPLAIN IN NARRATIVE)"", ""XTS""]","[""1""]","[""N""]","[""1"", ""2""]","[""DRIVER""]","[""UNKNOWN""]","[""2064913"", ""2064917""]","[""PASSENGER"", ""SPORT UTILITY VEHICLE (SUV)""]","[""PERSONAL"", ""UNKNOWN/NA""]","[""2014""]",[],[],[],[],[],[],"[""Y""]",[],[],[],[],[],"[""Y""]",[],[],[],['73'],"[""DEPLOYMENT UNKNOWN"", ""DID NOT DEPLOY""]","[""TEST NOT OFFERED""]","[""CHICAGO""]","[""2025-10-08T09:20:00.000""]","[""NONE"", ""OTHER""]","[""NOT OBSCURED"", ""UNKNOWN""]","[""D""]","[""IL""]","[""NONE""]",[],"[""O2166196"", ""O2166197""]","[""DRIVER""]","[""NORMAL"", ""UNKNOWN""]","[""NONE PRESENT"", ""USAGE UNKNOWN""]","[""F""]","[""IL""]","[""2064913"", ""2064917""]","[""60619""]",[],[],[],[],[],[],2025,10,9,8,False,morning,41.74,-87.59,41.74_-87.59,73.0,73,73,DISTRACTION/INATTENTION,0