alignment,beat_of_occurrence,crash_date,crash_day_of_week,crash_hour,crash_month,crash_record_id,crash_type,damage,device_condition,first_crash_type,latitude,lighting_condition,longitude,num_units,posted_speed_limit,prim_contributory_cause,road_defect,roadway_surface_cond,sec_contributory_cause,street_direction,street_no,traffic_control_device,trafficway_type,weather_condition,private_property_i,hit_and_run_i,intersection_related_i,crash_date_est_i,work_zone_i,workers_present_i,veh_count,ppl_count,veh_area_01_i_list_json,veh_area_02_i_list_json,veh_area_12_i_list_json,veh_crash_date_list_json,veh_crash_unit_id_list_json,veh_first_contact_point_list_json,veh_lic_plate_state_list_json,veh_make_list_json,veh_maneuver_list_json,veh_model_list_json,veh_occupant_cnt_list_json,veh_travel_direction_list_json,veh_unit_no_list_json,veh_unit_type_list_json,veh_vehicle_defect_list_json,veh_vehicle_id_list_json,veh_vehicle_type_list_json,veh_vehicle_use_list_json,veh_vehicle_year_list_json,veh_area_03_i_list_json,veh_area_04_i_list_json,veh_area_11_i_list_json,veh_towed_by_list_json,veh_towed_i_list_json,veh_area_07_i_list_json,veh_area_99_i_list_json,veh_area_09_i_list_json,veh_area_10_i_list_json,veh_cmrc_veh_i_list_json,veh_num_passengers_list_json,veh_area_08_i_list_json,veh_area_00_i_list_json,veh_area_05_i_list_json,veh_area_06_i_list_json,veh_towed_to_list_json,ppl_age_list_json,ppl_airbag_deployed_list_json,ppl_bac_result_list_json,ppl_city_list_json,ppl_crash_date_list_json,ppl_driver_action_list_json,ppl_driver_vision_list_json,ppl_drivers_license_class_list_json,ppl_drivers_license_state_list_json,ppl_ejection_list_json,ppl_hospital_list_json,ppl_person_id_list_json,ppl_person_type_list_json,ppl_physical_condition_list_json,ppl_safety_equipment_list_json,ppl_sex_list_json,ppl_state_list_json,ppl_vehicle_id_list_json,ppl_zipcode_list_json,ppl_ems_agency_list_json,ppl_seat_no_list_json,ppl_pedpedal_action_list_json,ppl_pedpedal_location_list_json,ppl_pedpedal_visibility_list_json,ppl_ems_run_no_list_json,year,month,hour,day,is_weekend,hour_bin,lat_bin,lng_bin,grid_id,ppl_age_mean,ppl_age_min,ppl_age_max,prim_contributory_cause_group,ksi_flag
STRAIGHT AND LEVEL,1624,2025-10-08 09:15:00,4,9,10,5DB84A38AC8B34A1D386DBA8FA3A47ADE85FC11A697E319ACA41908178AC5C781986F1454FE3451317C080275FFB71600E6996DCD193529CE0B46CA79B571D97,NO INJURY / DRIVE AWAY,"OVER $1,500",NO CONTROLS,TURNING,41.9602064981,DAYLIGHT,-87.7795219646,2,25,FAILING TO YIELD RIGHT-OF-WAY,NO DEFECTS,DRY,FOLLOWING TOO CLOSELY,W,6101,NO CONTROLS,NOT DIVIDED,CLEAR,0.0,0.0,0.0,0.0,0.0,1.0,1,2,"[""Y""]",[],"[""Y""]","[""2025-10-08T09:15:00.000""]","[""2165967"", ""2165968""]","[""FRONT"", ""REAR""]","[""IL""]","[""TESLA"", ""TOYOTA""]","[""STRAIGHT AHEAD"", ""TURNING LEFT""]","[""AVALON"", ""MODEL Y""]","[""1""]","[""E""]","[""1"", ""2""]","[""DRIVER""]","[""NONE""]","[""2064705"", ""2064711""]","[""PASSENGER"", ""PICKUP""]","[""PERSONAL""]","[""2007"", ""2024""]",[],[],"[""Y""]",[],[],"[""Y""]",[],[],[],[],[],[],[],"[""Y""]","[""Y""]",[],"['46', '67']","[""DID NOT DEPLOY""]","[""TEST NOT OFFERED""]","[""CHICAGO"", ""SCHAUMBURG""]","[""2025-10-08T09:15:00.000""]","[""FAILED TO YIELD"", ""NONE""]","[""NOT OBSCURED""]","[""D""]","[""IL""]","[""NONE""]",[],"[""O2165967"", ""O2165968""]","[""DRIVER""]","[""NORMAL""]","[""SAFETY BELT USED""]","[""F""]","[""IL""]","[""2064705"", ""2064711""]","[""60194"", ""60630""]",[],[],[],[],[],[],2025,10,9,8,False,morning,41.96,-87.78,41.96_-87.78,56.5,46,67,FAILURE-TO-YIELD,0
STRAIGHT AND LEVEL,2031,2025-10-08 09:10:00,4,9,10,6431E0DDE3252B65F786737A537008CACAC7B391408B042F3A539165A1BE5E19904233DE2A7440A83C40EAEA50FB42E5057A7373F04CFA26327781DC42F08943,NO INJURY / DRIVE AWAY,"$501 - $1,500",NO CONTROLS,SIDESWIPE SAME DIRECTION,41.9731281031,DAYLIGHT,-87.6892041863,2,30,UNABLE TO DETERMINE,UNKNOWN,DRY,UNABLE TO DETERMINE,N,5028,NO CONTROLS,DIVIDED - W/MEDIAN (NOT RAISED),CLEAR,0.0,0.0,0.0,0.0,0.0,1.0,1,2,"[""Y""]","[""Y""]",[],"[""2025-10-08T09:10:00.000""]","[""2166245"", ""2166246""]","[""FRONT-RIGHT-CORNER"", ""SIDE-LEFT-FRONT""]","[""IL""]","[""TOYOTA""]","[""MERGING"", ""STRAIGHT AHEAD""]","[""COROLLA"", ""RAV4""]","[""1""]","[""N""]","[""1"", ""2""]","[""DRIVER""]","[""UNKNOWN""]","[""2064966"", ""2064979""]","[""PASSENGER""]","[""PERSONAL""]","[""2011"", ""2018""]",[],[],"[""Y""]",[],[],[],[],[],"[""Y""]",[],[],[],[],[],[],[],"['49', '54']","[""DID NOT DEPLOY""]","[""TEST NOT OFFERED""]","[""CHICAGO""]","[""2025-10-08T09:10:00.000""]","[""UNKNOWN""]","[""UNKNOWN""]","[""D""]","[""IL""]","[""NONE""]",[],"[""O2166245"", ""O2166246""]","[""DRIVER""]","[""UNKNOWN""]","[""USAGE UNKNOWN""]","[""F"", ""M""]","[""IL""]","[""2064966"", ""2064979""]","[""60645""]",[],[],[],[],[],[],2025,10,9,8,False,morning,41.97,-87.69,41.97_-87.69,51.5,49,54,OTHER,0
STRAIGHT AND LEVEL,1531,2025-10-08 09:00:00,4,9,10,9409DBCE045929988F42D02F5E6518FB1CD9B94112F24CA0458E4BF8AD70C3F9EFB8DC23724FC64612B0BD8270B2A12FE6565F109F2FF1E2A7BB1162E5B4AAC3,INJURY AND / OR TOW DUE TO CRASH,"OVER $1,500",FUNCTIONING PROPERLY,ANGLE,41.8985445651,DAYLIGHT,-87.7484619304,2,30,FAILING TO YIELD RIGHT-OF-WAY,NO DEFECTS,DRY,NOT APPLICABLE,W,4901,STOP SIGN/FLASHER,NOT DIVIDED,CLEAR,0.0,0.0,1.0,0.0,0.0,1.0,1,2,"[""Y""]",[],"[""Y""]","[""2025-10-08T09:00:00.000""]","[""2165999"", ""2166000""]","[""FRONT"", ""SIDE-LEFT""]","[""IL""]","[""DODGE"", ""NISSAN""]","[""STRAIGHT AHEAD""]","[""CHARGER"", ""MURANO""]","[""2"", ""3""]","[""E"", ""N""]","[""1"", ""2""]","[""DRIVER""]","[""NONE""]","[""2064742"", ""2064746""]","[""PASSENGER"", ""SPORT UTILITY VEHICLE (SUV)""]","[""PERSONAL""]","[""2004"", ""2014""]",[],[],"[""Y""]","[""PRIVATE TOW""]","[""Y""]",[],[],"[""Y""]","[""Y""]",[],"[""1"", ""2""]","[""Y""]",[],[],[],[],"['22', '28']","[""DEPLOYED, COMBINATION"", ""DEPLOYED, SIDE"", ""DID NOT DEPLOY"", ""NOT APPLICABLE""]","[""TEST NOT OFFERED""]","[""CHICAGO""]","[""2025-10-08T09:00:00.000""]","[""FAILED TO YIELD"", ""NONE""]","[""NOT OBSCURED""]","[""D""]","[""IL""]","[""NONE""]",[],"[""O2165999"", ""O2166000"", ""P477943"", ""P477944"", ""P477945""]","[""DRIVER"", ""PASSENGER""]","[""NORMAL""]","[""CHILD RESTRAINT - FORWARD FACING"", ""SAFETY BELT USED""]","[""F"", ""M""]","[""IL""]","[""2064742"", ""2064746""]","[""60644"", ""60651""]","[""CFD""]","[""2"", ""4"", ""5""]",[],[],[],[],2025,10,9,8,False,morning,41.9,-87.75,41.9_-87.75,25.0,22,28,FAILURE-TO-YIELD,1
STRAIGHT AND LEVEL,834,2025-10-08 09:00:00,4,9,10,6FA2EFFDED1D5A1817512217316085FB1FBE68CF173812B099D14FBCC66A4C7AF8EF4E96136FA467067073C4B99BF534F08E8C66F4AC0F46C91FB1C2C846BC80,NO INJURY / DRIVE AWAY,"OVER $1,500",NO CONTROLS,FIXED OBJECT,41.7470243879,DAYLIGHT,-87.7024631281,1,5,UNABLE TO DETERMINE,NO DEFECTS,DRY,"VISION OBSCURED (SIGNS, TREE LIMBS, BUILDINGS, ETC.)",S,8028,NO CONTROLS,OTHER,CLEAR,0.0,0.0,0.0,0.0,0.0,1.0,1,1,[],[],[],"[""2025-10-08T09:00:00.000""]","[""2166021""]","[""TOP""]","[""IL""]","[""SPARTAN MOTORS, INC. (CHARLOTTE, MI)""]","[""BACKING""]","[""SPARTAN MOTORS, INC. (MFD. IN CHARLOTTE, MI)""]","[""1""]","[""W""]","[""1""]","[""DRIVER""]","[""NONE""]","[""2064760""]","[""OTHER""]","[""FIRE""]","[""2010""]",[],[],[],[],[],[],[],[],[],[],[],[],[],[],"[""Y""]",[],['31'],"[""NOT APPLICABLE""]","[""TEST NOT OFFERED""]","[""CHICAGO""]","[""2025-10-08T09:00:00.000""]","[""UNKNOWN""]","[""BUILDINGS""]","[""B""]","[""IL""]","[""NONE""]",[],"[""O2166021""]","[""DRIVER""]","[""NORMAL""]","[""SAFETY BELT USED""]","[""M""]","[""IL""]","[""2064760""]","[""60655""]",[],[],[],[],[],[],2025,10,9,8,False,morning,41.75,-87.7,41.75_-87.7,31.0,31,31,OTHER,0
STRAIGHT AND LEVEL,1822,2025-10-08 08:40:00,4,8,10,6FA7B7EA0838FB8068A8EB27C874849EEDA497C6D97D50D3AFF6891B754FDB55FC8386300F81D0F2E5BB5DBB981F7B7FE875DDA57903683045F760B325169D7A,INJURY AND / OR TOW DUE TO CRASH,$500 OR LESS,FUNCTIONING PROPERLY,PEDALCYCLIST,41.9034221692,DAYLIGHT,-87.6553767114,2,30,UNABLE TO DETERMINE,NO DEFECTS,DRY,IMPROPER OVERTAKING/PASSING,W,1071,TRAFFIC SIGNAL,NOT DIVIDED,CLEAR,0.0,0.0,0.0,0.0,0.0,1.0,2,1,"[""Y""]",[],[],"[""2025-10-08T08:40:00.000""]","[""2166028"", ""2166029""]","[""SIDE-RIGHT-FRONT""]","[""IL""]","[""MERCEDES-BENZ""]","[""STRAIGHT AHEAD""]","[""C-CLASS""]","[""1""]","[""E""]","[""1"", ""2""]","[""BICYCLE"", ""DRIVER""]","[""NONE""]","[""2064772""]","[""PASSENGER""]","[""PERSONAL""]","[""2006""]",[],[],[],[],[],[],[],[],[],[],[],[],[],[],[],[],['37'],"[""DID NOT DEPLOY""]","[""TEST NOT OFFERED""]","[""CHICAGO""]","[""2025-10-08T08:40:00.000""]","[""NONE"", ""UNKNOWN""]","[""NOT OBSCURED"", ""UNKNOWN""]","[""D""]",[],"[""NONE""]",[],"[""O2166028"", ""O2166029""]","[""BICYCLE"", ""DRIVER""]","[""NORMAL"", ""UNKNOWN""]","[""HELMET NOT USED"", ""SAFETY BELT USED""]","[""M""]","[""IL""]","[""2064772""]","[""60610"", ""60639""]",[],[],"[""WITH TRAFFIC""]","[""IN ROADWAY""]","[""NO CONTRASTING CLOTHING""]",[],2025,10,8,8,False,morning,41.9,-87.66,41.9_-87.66,37.0,37,37,OTHER,1
STRAIGHT AND LEVEL,2533,2025-10-08 08:39:00,4,8,10,68CEF5BABBAB133CFFF6E79A7E67DAE80C1F0876C2A60BC2543581D7824AC200664C573A5FF4A0AAED7F56BE0EAE0FB0919303DFB0697795316BD15B9C8DE085,NO INJURY / DRIVE AWAY,"OVER $1,500",FUNCTIONING PROPERLY,TURNING,41.9094964805,DAYLIGHT,-87.7476077965,2,30,DRIVING SKILLS/KNOWLEDGE/EXPERIENCE,UNKNOWN,DRY,NOT APPLICABLE,W,4839,TRAFFIC SIGNAL,DIVIDED - W/MEDIAN BARRIER,CLEAR,0.0,0.0,0.0,0.0,0.0,1.0,1,3,"[""Y""]",[],[],"[""2025-10-08T08:39:00.000""]","[""2165937"", ""2165938""]","[""FRONT-RIGHT-CORNER"", ""SIDE-LEFT""]","[""IL""]","[""FORD"", ""JEEP""]","[""STRAIGHT AHEAD"", ""TURNING LEFT""]","[""F250"", ""RENEGADE""]","[""1"", ""2""]","[""E""]","[""1"", ""2""]","[""DRIVER""]","[""UNKNOWN""]","[""2064680"", ""2064685""]","[""PICKUP"", ""SPORT UTILITY VEHICLE (SUV)""]","[""PERSONAL""]","[""2006"", ""2017""]",[],[],"[""N""]",[],[],[],[],"[""Y""]","[""Y""]",[],"[""1""]","[""Y""]",[],[],[],[],"['23', '32', '34']","[""NOT APPLICABLE""]","[""TEST NOT OFFERED""]","[""CHICAGO"", ""ROSELLE""]","[""2025-10-08T08:39:00.000""]","[""IMPROPER TURN"", ""OTHER""]","[""UNKNOWN""]","[""D""]","[""IL""]","[""NONE""]",[],"[""O2165937"", ""O2165938"", ""P477935""]","[""DRIVER"", ""PASSENGER""]","[""UNKNOWN""]","[""USAGE UNKNOWN""]","[""F"", ""M""]","[""IL""]","[""2064680"", ""2064685""]","[""60172"", ""60639""]",[],"[""3""]",[],[],[],[],2025,10,8,8,False,morning,41.91,-87.75,41.91_-87.75,29.666666666666668,23,34,OTHER,0
STRAIGHT AND LEVEL,622,2025-10-08 08:39:00,4,8,10,219EEBF473241CF894B85F8079DD25BB1812944FE30CF433B056B2135C82E37D7F363FE15156F09BF0A2DF876F6F25D63BB39DC7210B884CD372EADEEB5E5FF9,NO INJURY / DRIVE AWAY,"OVER $1,500",NO CONTROLS,SIDESWIPE SAME DIRECTION,41.7434516881,DAYLIGHT,-87.6363597665,2,30,UNABLE TO DETERMINE,NO DEFECTS,DRY,UNABLE TO DETERMINE,S,8323,NO CONTROLS,DIVIDED - W/MEDIAN BARRIER,CLEAR,0.0,0.0,0.0,0.0,0.0,1.0,1,2,[],[],[],"[""2025-10-08T08:39:00.000""]","[""2165935"", ""2165936""]","[""SIDE-LEFT"", ""SIDE-RIGHT""]","[""IL""]","[""CHEVROLET"", ""JEEP""]","[""STRAIGHT AHEAD""]","[""RENEGADE"", ""TRAX""]","[""1""]","[""N""]","[""1"", ""2""]","[""DRIVER""]","[""NONE""]","[""2064679"", ""2064684""]","[""PASSENGER"", ""SPORT UTILITY VEHICLE (SUV)""]","[""PERSONAL""]","[""2020""]",[],"[""Y""]",[],[],[],[],[],[],"[""Y""]",[],[],[],[],[],[],[],"['24', '53']","[""DID NOT DEPLOY""]","[""TEST NOT OFFERED""]","[""CHICAGO""]","[""2025-10-08T08:39:00.000""]","[""NONE""]","[""NOT OBSCURED""]","[""D""]","[""IL""]","[""NONE""]",[],"[""O2165935"", ""O2165936""]","[""DRIVER""]","[""NORMAL""]","[""SAFETY BELT USED""]","[""F"", ""M""]","[""IL""]","[""2064679"", ""2064684""]","[""60620"", ""60621""]",[],[],[],[],[],[],2025,10,8,8,False,morning,41.74,-87.64,41.74_-87.64,38.5,24,53,OTHER,0
STRAIGHT AND LEVEL,2433,2025-10-08 08:36:00,4,8,10,6688B412BB10800E53B1D0DF285C48A243E8247D08D9F7F6244791902F4F69B429EFD544092CB47D1F2665DB4F5838BD30E9286A5C2EB37F3F96FF28E5A5EF9D,NO INJURY / DRIVE AWAY,"$501 - $1,500",FUNCTIONING PROPERLY,REAR END,41.9971846899,DAYLIGHT,-87.6763213713,3,30,UNABLE TO DETERMINE,NO DEFECTS,DRY,NOT APPLICABLE,N,6355,TRAFFIC SIGNAL,NOT DIVIDED,CLEAR,0.0,0.0,1.0,0.0,0.0,1.0,1,3,[],[],"[""Y""]","[""2025-10-08T08:36:00.000""]","[""2165944"", ""2165945"", ""2165946""]","[""FRONT"", ""REAR""]","[""IL""]","[""HONDA"", ""NISSAN"", ""TOYOTA""]","[""SLOW/STOP IN TRAFFIC""]","[""CR-V"", ""HIGHLANDER"", ""ROGUE""]","[""1""]","[""N""]","[""1"", ""2"", ""3""]","[""DRIVER""]","[""UNKNOWN""]","[""2064692"", ""2064695"", ""2064699""]","[""PASSENGER""]","[""PERSONAL""]","[""2022"", ""2023""]",[],[],[],[],[],[],[],[],[],[],[],[],[],[],"[""Y""]",[],"['26', '40', '64']","[""DID NOT DEPLOY""]","[""TEST NOT OFFERED""]","[""CHICAGO""]","[""2025-10-08T08:36:00.000""]","[""NONE"", ""UNKNOWN""]","[""UNKNOWN""]",[],"[""IL""]","[""NONE""]",[],"[""O2165944"", ""O2165945"", ""O2165946""]","[""DRIVER""]","[""NORMAL""]","[""USAGE UNKNOWN""]","[""F"", ""M""]","[""IL""]","[""2064692"", ""2064695"", ""2064699""]","[""60613"", ""60645""]",[],[],[],[],[],[],2025,10,8,8,False,morning,42.0,-87.68,42.0_-87.68,43.333333333333336,26,64,OTHER,0
STRAIGHT AND LEVEL,2412,2025-10-08 08:30:00,4,8,10,D038B5FC42F960065B8D65C2A61526E53172BCE2619120A9E36AB24018BB085232E1ACC15C1B8E899B44406914192B8C06892B01D46A72B2F4741C38620D7A7C,NO INJURY / DRIVE AWAY,"$501 - $1,500",NO CONTROLS,SIDESWIPE SAME DIRECTION,41.9990607052,DAYLIGHT,-87.6897704848,2,30,IMPROPER OVERTAKING/PASSING,UNKNOWN,DRY,UNABLE TO DETERMINE,N,6445,NO CONTROLS,DIVIDED - W/MEDIAN (NOT RAISED),CLEAR,0.0,0.0,0.0,0.0,0.0,1.0,1,1,"[""Y""]","[""Y""]",[],"[""2025-10-08T08:30:00.000""]","[""2166138"", ""2166139""]","[""FRONT-RIGHT-CORNER"", ""SIDE-LEFT-REAR""]","[""IL""]","[""GENERAL MOTORS CORPORATION (GMC)"", ""TOYOTA""]","[""PASSING/OVERTAKING"", ""STRAIGHT AHEAD""]","[""CANYON"", ""YARIS""]","[""1""]","[""N""]","[""1"", ""2""]","[""DRIVER""]","[""UNKNOWN""]","[""2064857"", ""2064873""]","[""PASSENGER"", ""PICKUP""]","[""PERSONAL""]","[""2018"", ""2020""]",[],[],[],[],[],"[""Y""]",[],"[""Y""]",[],[],[],"[""Y""]",[],[],[],[],['28'],"[""DID NOT DEPLOY""]","[""TEST NOT OFFERED""]","[""CHICAGO""]","[""2025-10-08T08:30:00.000""]","[""UNKNOWN""]","[""UNKNOWN""]","[""D""]","[""IL""]","[""NONE""]",[],"[""O2166138"", ""O2166139""]","[""DRIVER""]","[""NORMAL"", ""UNKNOWN""]","[""USAGE UNKNOWN""]","[""M""]","[""IL""]","[""2064857"", ""2064873""]","[""60639"", ""60640""]",[],[],[],[],[],[],2025,10,8,8,False,morning,42.0,-87.69,42.0_-87.69,28.0,28,28,OTHER,0
STRAIGHT AND LEVEL,1631,2025-10-08 08:25:00,4,8,10,3004FED3005677501C021C5C153985D72111A60A4B540D53FB2337B39BD4B55EA899ADF6AC0FE82C49A0CF20F052DCA12E71B38CDC5F15042637AE87EC53F0E8,INJURY AND / OR TOW DUE TO CRASH,$500 OR LESS,FUNCTIONING IMPROPERLY,REAR END,41.9452825669,DAYLIGHT,-87.8166962015,2,30,UNABLE TO DETERMINE,NO DEFECTS,DRY,UNABLE TO DETERMINE,W,7560,TRAFFIC SIGNAL,FOUR WAY,CLEAR,0.0,0.0,1.0,0.0,0.0,1.0,1,2,"[""Y""]",[],"[""Y""]","[""2025-10-08T08:25:00.000""]","[""2165953"", ""2165954""]","[""FRONT"", ""REAR""]","[""IL""]","[""MERCEDES-BENZ"", ""VOLVO""]","[""SLOW/STOP IN TRAFFIC""]","[""350 SERIES"", ""XC60""]","[""1""]","[""E""]","[""1"", ""2""]","[""DRIVER""]","[""NONE""]","[""2064704"", ""2064714""]","[""SPORT UTILITY VEHICLE (SUV)""]","[""PERSONAL""]","[""2017"", ""2023""]",[],[],"[""Y""]",[],[],[],[],[],[],[],[],[],[],[],"[""N""]",[],"['52', '64']","[""NOT APPLICABLE""]","[""TEST NOT OFFERED""]","[""CHICAGO"", ""RIVER GROVE""]","[""2025-10-08T08:25:00.000""]","[""FOLLOWED TOO CLOSELY"", ""NONE""]","[""NOT OBSCURED""]","[""D""]","[""IL""]","[""NONE""]","[""COMMUNITY FIRST MEDICAL CENTER""]","[""O2165953"", ""O2165954""]","[""DRIVER""]","[""NORMAL""]","[""NONE PRESENT"", ""SAFETY BELT USED""]","[""F""]","[""IL""]","[""2064704"", ""2064714""]","[""60171"", ""60631""]","[""CFD 20""]",[],[],[],[],[],2025,10,8,8,False,morning,41.95,-87.82,41.95_-87.82,58.0,52,64,OTHER,1
STRAIGHT AND LEVEL,835,2025-10-08 08:20:00,4,8,10,DB417CA78B84BB06E2E4D7AC46410F716DA9151F519BDE1C7DE0A7379F7269166ADAFDABF3A35DB2A4B52BEB2A514854D599942C37FFC08C657CEB7D563EA113,NO INJURY / DRIVE AWAY,"$501 - $1,500",NO CONTROLS,REAR END,41.7534873632,DAYLIGHT,-87.7085453824,2,30,FOLLOWING TOO CLOSELY,NO DEFECTS,DRY,FAILING TO REDUCE SPEED TO AVOID CRASH,W,3430,NO CONTROLS,ONE-WAY,CLEAR,0.0,0.0,0.0,0.0,0.0,1.0,1,2,[],[],"[""Y""]","[""2025-10-08T08:20:00.000""]","[""2165926"", ""2165927""]","[""FRONT-RIGHT-CORNER"", ""REAR-LEFT-CORNER""]","[""IL""]","[""NISSAN"", ""TOYOTA""]","[""SLOW/STOP IN TRAFFIC"", ""STRAIGHT AHEAD""]","[""COROLLA"", ""PATHFINDER""]","[""1""]","[""E""]","[""1"", ""2""]","[""DRIVER""]","[""NONE""]","[""2064669"", ""2064671""]","[""PASSENGER"", ""SPORT UTILITY VEHICLE (SUV)""]","[""PERSONAL""]","[""2006"", ""2016""]",[],[],[],[],[],[],[],[],[],[],[],[],[],[],"[""Y""]",[],"['28', '37']","[""DID NOT DEPLOY""]","[""TEST NOT OFFERED""]","[""CHICAGO""]","[""2025-10-08T08:20:00.000""]","[""FOLLOWED TOO CLOSELY"", ""NONE""]","[""NOT OBSCURED""]","[""D""]","[""IL""]","[""NONE""]","[""DNA""]","[""O2165926"", ""O2165927""]","[""DRIVER""]","[""NORMAL""]","[""SAFETY BELT USED""]","[""F"", ""M""]","[""IL""]","[""2064669"", ""2064671""]","[""60652""]","[""DNA""]",[],[],[],[],[],2025,10,8,8,False,morning,41.75,-87.71,41.75_-87.71,32.5,28,37,FOLLOWING TOO CLOSELY,0
STRAIGHT AND LEVEL,2523,2025-10-08 08:19:00,4,8,10,5EA196BCE5E51905AFB06B0C235EFB8C0CF93C30C63A724CF71D46E499A1C76AC88855CD0D9158CD35229A3CF3388651F635D1C85C840B903FFBC643C31D027B,INJURY AND / OR TOW DUE TO CRASH,"OVER $1,500",NO CONTROLS,PEDALCYCLIST,41.9390447905,DAYLIGHT,-87.7223515775,2,30,FAILING TO YIELD RIGHT-OF-WAY,NO DEFECTS,DRY,NOT APPLICABLE,W,3801,NO CONTROLS,NOT DIVIDED,CLEAR,0.0,0.0,0.0,0.0,0.0,1.0,2,2,"[""Y""]",[],[],"[""2025-10-08T08:19:00.000""]","[""2165947"", ""2165948""]","[""FRONT-RIGHT-CORNER""]","[""IL""]","[""CHEVROLET""]","[""TURNING RIGHT""]","[""TRAVERSE""]","[""2""]","[""S""]","[""1"", ""2""]","[""BICYCLE"", ""DRIVER""]","[""NONE""]","[""2064691""]","[""PASSENGER""]","[""PERSONAL""]","[""2013""]",[],[],[],[],[],[],[],[],[],[],"[""1""]",[],[],[],[],[],"['17', '32']","[""DID NOT DEPLOY""]","[""TEST NOT OFFERED""]","[""CHICAGO""]","[""2025-10-08T08:19:00.000""]","[""IMPROPER TURN"", ""OTHER""]","[""NOT OBSCURED""]","[""D""]","[""IL""]","[""NONE""]","[""REFUSED""]","[""O2165947"", ""O2165948"", ""P477936""]","[""BICYCLE"", ""DRIVER"", ""PASSENGER""]","[""NORMAL""]","[""BICYCLE HELMET (PEDACYCLIST INVOLVED ONLY)"", ""USAGE UNKNOWN""]","[""F"", ""M""]","[""IL""]","[""2064691""]","[""60641""]","[""CFD AMB 7""]","[""3""]","[""CROSSING - NO CONTROLS (AT INTERSECTION)""]","[""BIKEWAY""]","[""CONTRASTING CLOTHING""]",[],2025,10,8,8,False,morning,41.94,-87.72,41.94_-87.72,24.5,17,32,FAILURE-TO-YIELD,1
STRAIGHT ON GRADE,231,2025-10-08 08:06:00,4,8,10,043628A9E1B202581EA42DA38293F2A6BF52F641CDEB86BC85DF47245FA1BDB02C445C75E96B64860D037B3DD71F6CEA8B4D516298ADF7646BB2B9C4A020BACF,INJURY AND / OR TOW DUE TO CRASH,"OVER $1,500",FUNCTIONING PROPERLY,SIDESWIPE SAME DIRECTION,41.794292783,DAYLIGHT,-87.6210061859,3,30,FAILING TO YIELD RIGHT-OF-WAY,UNKNOWN,DRY,NOT APPLICABLE,E,131,TRAFFIC SIGNAL,OTHER,CLEAR,0.0,0.0,0.0,0.0,0.0,1.0,1,3,"[""Y""]",[],[],"[""2025-10-08T08:06:00.000""]","[""2165977"", ""2165978"", ""2165979""]","[""FRONT-LEFT-CORNER"", ""FRONT-RIGHT-CORNER"", ""REAR-LEFT-CORNER""]","[""IL""]","[""ACURA"", ""BUICK"", ""MAZDA""]","[""CHANGING LANES"", ""STRAIGHT AHEAD""]","[""ADX"", ""ENCORE"", ""MAZDA3""]","[""1""]","[""E""]","[""1"", ""2"", ""3""]","[""DRIVER""]","[""UNKNOWN""]","[""2064722"", ""2064725"", ""2064730""]","[""PASSENGER"", ""SPORT UTILITY VEHICLE (SUV)""]","[""UNKNOWN/NA""]","[""2010"", ""2013"", ""2020""]",[],[],"[""Y""]","[""owner""]","[""Y""]","[""Y""]",[],[],[],[],[],[],[],[],[],[],"['27', '37', '60']","[""DEPLOYED, COMBINATION"", ""DEPLOYMENT UNKNOWN"", ""DID NOT DEPLOY""]","[""TEST NOT OFFERED""]","[""CHICAGO"", ""NAPERVILLE""]","[""2025-10-08T08:06:00.000""]","[""FAILED TO YIELD"", ""NONE""]","[""NOT OBSCURED""]","[""D""]","[""IL""]","[""NONE""]","[""U OF C""]","[""O2165977"", ""O2165978"", ""O2165979""]","[""DRIVER""]","[""NORMAL""]","[""USAGE UNKNOWN""]","[""F"", ""M""]","[""IL""]","[""2064722"", ""2064725"", ""2064730""]","[""60565"", ""60620"", ""60653""]","[""CFD 38""]",[],[],[],[],[],2025,10,8,8,False,morning,41.79,-87.62,41.79_-87.62,41.333333333333336,27,60,FAILURE-TO-YIELD,1