alignment,beat_of_occurrence,crash_date,crash_day_of_week,crash_hour,crash_month,crash_record_id,crash_type,damage,device_condition,first_crash_type,latitude,lighting_condition,longitude,num_units,posted_speed_limit,prim_contributory_cause,road_defect,roadway_surface_cond,sec_contributory_cause,street_direction,street_no,traffic_control_device,trafficway_type,weather_condition,private_property_i,hit_and_run_i,intersection_related_i,crash_date_est_i,work_zone_i,workers_present_i,veh_count,ppl_count,veh_area_01_i_list_json,veh_area_02_i_list_json,veh_area_12_i_list_json,veh_crash_date_list_json,veh_crash_unit_id_list_json,veh_first_contact_point_list_json,veh_lic_plate_state_list_json,veh_make_list_json,veh_maneuver_list_json,veh_model_list_json,veh_occupant_cnt_list_json,veh_travel_direction_list_json,veh_unit_no_list_json,veh_unit_type_list_json,veh_vehicle_defect_list_json,veh_vehicle_id_list_json,veh_vehicle_type_list_json,veh_vehicle_use_list_json,veh_vehicle_year_list_json,veh_area_03_i_list_json,veh_area_04_i_list_json,veh_area_11_i_list_json,veh_towed_by_list_json,veh_towed_i_list_json,veh_area_07_i_list_json,veh_area_99_i_list_json,veh_area_09_i_list_json,veh_area_10_i_list_json,veh_cmrc_veh_i_list_json,veh_num_passengers_list_json,veh_area_08_i_list_json,veh_area_00_i_list_json,veh_area_05_i_list_json,veh_area_06_i_list_json,veh_towed_to_list_json,ppl_age_list_json,ppl_airbag_deployed_list_json,ppl_bac_result_list_json,ppl_city_list_json,ppl_crash_date_list_json,ppl_driver_action_list_json,ppl_driver_vision_list_json,ppl_drivers_license_class_list_json,ppl_drivers_license_state_list_json,ppl_ejection_list_json,ppl_hospital_list_json,ppl_person_id_list_json,ppl_person_type_list_json,ppl_physical_condition_list_json,ppl_safety_equipment_list_json,ppl_sex_list_json,ppl_state_list_json,ppl_vehicle_id_list_json,ppl_zipcode_list_json,ppl_ems_agency_list_json,ppl_seat_no_list_json,ppl_pedpedal_action_list_json,ppl_pedpedal_location_list_json,ppl_pedpedal_visibility_list_json,ppl_ems_run_no_list_json,year,month,hour,day,is_weekend,hour_bin,lat_bin,lng_bin,grid_id,ppl_age_mean,ppl_age_min,ppl_age_max,prim_contributory_cause_group,ksi_flag
STRAIGHT AND LEVEL,1623,2025-10-08 08:05:00,4,8,10,36FC342592DF535808A193CD82C441AB0F717BBA768F4BFF1FD219EA677AA279CB0ABB1730DB44BB98D5A34F51B904D0A9275C921560AFA750A3CA916CCDF0B1,NO INJURY / DRIVE AWAY,"OVER $1,500",NO CONTROLS,REAR TO FRONT,41.9709180316,DAYLIGHT,-87.7663959649,2,25,FAILING TO YIELD RIGHT-OF-WAY,NO DEFECTS,DRY,DRIVING SKILLS/KNOWLEDGE/EXPERIENCE,W,5600,NO CONTROLS,NOT DIVIDED,CLEAR,0.0,0.0,0.0,0.0,0.0,1.0,1,2,[],[],"[""Y""]","[""2025-10-08T08:05:00.000""]","[""2165911"", ""2165912""]","[""FRONT"", ""REAR""]","[""IL""]","[""ACURA"", ""NISSAN""]","[""BACKING"", ""STRAIGHT AHEAD""]","[""ADX"", ""SENTRA""]","[""1""]","[""E"", ""W""]","[""1"", ""2""]","[""DRIVER""]","[""NONE""]","[""2064660"", ""2064663""]","[""PASSENGER"", ""SPORT UTILITY VEHICLE (SUV)""]","[""PERSONAL""]","[""2012"", ""2024""]",[],[],[],[],[],[],[],[],[],[],[],[],"[""Y""]",[],[],[],"['63', '74']","[""NOT APPLICABLE""]","[""TEST NOT OFFERED""]","[""CHICAGO"", ""POPLAR GROVE""]","[""2025-10-08T08:05:00.000""]","[""IMPROPER BACKING"", ""NONE""]","[""BLINDED - SUNLIGHT"", ""NOT OBSCURED""]","[""A"", ""D""]","[""IL""]","[""NONE""]",[],"[""O2165911"", ""O2165912""]","[""DRIVER""]","[""IMPAIRED - ALCOHOL"", ""NORMAL""]","[""SAFETY BELT USED""]","[""F"", ""M""]","[""IL""]","[""2064660"", ""2064663""]","[""60630"", ""61065""]",[],[],[],[],[],[],2025,10,8,8,False,morning,41.97,-87.77,41.97_-87.77,68.5,63,74,FAILURE-TO-YIELD,0
STRAIGHT AND LEVEL,113,2025-10-08 08:05:00,4,8,10,16D6B4C14EBB5CD848727B6704D425A28F1422D6EDB9123F6AEA27E846724853B6887FEA2749A253819795019F95A46DEDA0D08A044D9E3E64622DEE0ABF2679,INJURY AND / OR TOW DUE TO CRASH,"OVER $1,500",FUNCTIONING PROPERLY,TURNING,41.8757474796,DAYLIGHT,-87.627674007,2,30,IMPROPER TURNING/NO SIGNAL,NO DEFECTS,DRY,NOT APPLICABLE,W,2,TRAFFIC SIGNAL,DIVIDED - W/MEDIAN BARRIER,CLEAR,0.0,1.0,1.0,0.0,0.0,1.0,1,1,"[""Y""]","[""Y""]","[""Y""]","[""2025-10-08T08:05:00.000""]","[""2165931"", ""2165932""]","[""FRONT"", ""UNKNOWN""]","[""IL""]","[""TOYOTA"", ""UNKNOWN""]","[""STRAIGHT AHEAD"", ""TURNING LEFT""]","[""COROLLA"", ""MOTORIZED""]","[""1""]","[""E"", ""W""]","[""1"", ""2""]","[""DRIVER""]","[""NONE"", ""UNKNOWN""]","[""2064686"", ""2064690""]","[""PASSENGER"", ""UNKNOWN/NA""]","[""PERSONAL"", ""UNKNOWN/NA""]","[""2016""]",[],[],"[""Y""]",[],"[""Y""]",[],"[""Y""]",[],"[""Y""]",[],[],[],[],[],[],[],['21'],"[""DEPLOYMENT UNKNOWN"", ""DID NOT DEPLOY""]","[""TEST NOT OFFERED""]","[""CHICAGO""]","[""2025-10-08T08:05:00.000""]","[""IMPROPER TURN"", ""NONE""]","[""NOT OBSCURED"", ""UNKNOWN""]","[""D""]","[""IL""]","[""NONE""]",[],"[""O2165931"", ""O2165932""]","[""DRIVER""]","[""NORMAL"", ""UNKNOWN""]","[""SAFETY BELT USED"", ""USAGE UNKNOWN""]","[""F"", ""X""]","[""IL""]","[""2064686"", ""2064690""]","[""60660""]",[],[],[],[],[],[],2025,10,8,8,False,morning,41.88,-87.63,41.88_-87.63,21.0,21,21,OTHER,0
STRAIGHT AND LEVEL,123,2025-10-08 08:04:00,4,8,10,CEC059F6FB541695196F1347374312A83358C535889CFEEF821A09B4DF9F29D4CA644551974F25E73D5BDF15F9EA744B2776726936D68B803F2DC0D95B0162A2,NO INJURY / DRIVE AWAY,"OVER $1,500",FUNCTIONING PROPERLY,REAR END,41.870185645,DAYLIGHT,-87.6273388298,2,30,FOLLOWING TOO CLOSELY,NO DEFECTS,DRY,FOLLOWING TOO CLOSELY,S,919,TRAFFIC SIGNAL,FOUR WAY,CLEAR,0.0,0.0,0.0,0.0,0.0,1.0,1,3,"[""Y""]",[],"[""Y""]","[""2025-10-08T08:04:00.000""]","[""2165942"", ""2165943""]","[""FRONT"", ""REAR""]","[""IL""]","[""HONDA"", ""TOYOTA""]","[""STRAIGHT AHEAD""]","[""ACCORD"", ""SIENNA""]","[""1"", ""2""]","[""N""]","[""1"", ""2""]","[""DRIVER""]","[""UNKNOWN""]","[""2064688"", ""2064696""]","[""PASSENGER""]","[""PERSONAL"", ""UNKNOWN/NA""]","[""2015"", ""2017""]",[],[],"[""Y""]",[],[],"[""Y""]",[],[],[],[],"[""1""]",[],[],"[""Y""]","[""Y""]",[],"['16', '42', '51']","[""DID NOT DEPLOY""]","[""TEST NOT OFFERED""]","[""CHICA GO"", ""CHICAGO""]","[""2025-10-08T08:04:00.000""]","[""NONE"", ""UNKNOWN""]","[""UNKNOWN""]","[""D""]","[""IL""]","[""NONE""]",[],"[""O2165942"", ""O2165943"", ""P477937""]","[""DRIVER"", ""PASSENGER""]","[""NORMAL""]","[""USAGE UNKNOWN""]","[""F"", ""M""]","[""IL""]","[""2064688"", ""2064696""]","[""60607"", ""60660""]",[],"[""3""]",[],[],[],[],2025,10,8,8,False,morning,41.87,-87.63,41.87_-87.63,36.333333333333336,16,51,FOLLOWING TOO CLOSELY,0
STRAIGHT AND LEVEL,1614,2025-10-08 07:53:00,4,7,10,016636517DBF058740067CFF77AC9ADF5A663A1FAE7F993BA214086B86D39352C55A67B0EB83102FCE102EC972481E664ADBEC57F33E7B696F24CAE1E841A7E9,NO INJURY / DRIVE AWAY,"OVER $1,500",NO CONTROLS,TURNING,41.9741765218,DAYLIGHT,-87.8254778276,2,30,IMPROPER TURNING/NO SIGNAL,NO DEFECTS,DRY,NOT APPLICABLE,W,7930,NO CONTROLS,NOT DIVIDED,CLEAR,0.0,0.0,0.0,0.0,0.0,1.0,1,2,"[""Y""]",[],[],"[""2025-10-08T07:53:00.000""]","[""2165924"", ""2165925""]","[""FRONT-RIGHT-CORNER"", ""REAR-LEFT-CORNER""]","[""IL""]","[""INFINITI"", ""MAZDA""]","[""STRAIGHT AHEAD"", ""U-TURN""]","[""MAZDA3"", ""QX60""]","[""1""]","[""W""]","[""1"", ""2""]","[""DRIVER""]","[""NONE""]","[""2064674"", ""2064676""]","[""PASSENGER"", ""SPORT UTILITY VEHICLE (SUV)""]","[""PERSONAL""]","[""2010"", ""2017""]",[],[],[],[],[],"[""Y""]",[],[],[],[],[],[],[],[],[],[],"['34', '39']","[""DID NOT DEPLOY"", ""NOT APPLICABLE""]","[""TEST NOT OFFERED""]","[""CHICAGO""]","[""2025-10-08T07:53:00.000""]","[""IMPROPER TURN"", ""NONE""]","[""NOT OBSCURED"", ""UNKNOWN""]","[""D""]","[""IL""]","[""NONE""]",[],"[""O2165924"", ""O2165925""]","[""DRIVER""]","[""NORMAL"", ""UNKNOWN""]","[""SAFETY BELT USED""]","[""F"", ""M""]","[""IL""]","[""2064674"", ""2064676""]","[""60631"", ""60656""]",[],[],[],[],[],[],2025,10,7,8,False,morning,41.97,-87.83,41.97_-87.83,36.5,34,39,OTHER,0
STRAIGHT AND LEVEL,613,2025-10-08 07:52:00,4,7,10,2893B7A548186E0E031DFC320D072EF49954C81590FD490757F9206A7D445FECDD39EB87A15DC0733952EC250B3D93CB3F93329EFB86E9C8E49A6CBBA5D0EFBC,NO INJURY / DRIVE AWAY,"OVER $1,500",NO CONTROLS,PARKED MOTOR VEHICLE,41.7446248869,DAYLIGHT,-87.65615543,2,30,UNABLE TO DETERMINE,UNKNOWN,DRY,NOT APPLICABLE,S,8210,NO CONTROLS,ONE-WAY,CLEAR,0.0,0.0,0.0,0.0,0.0,1.0,2,0,"[""Y""]","[""Y""]","[""Y""]","[""2025-10-08T07:52:00.000""]","[""2180795"", ""2180796""]","[""FRONT-RIGHT-CORNER"", ""SIDE-LEFT""]","[""IL""]","[""KIA""]","[""LEAVING TRAFFIC LANE TO PARK"", ""PARKED""]","[""OPTIMA / K5"", ""TELLURIDE""]","[""0"", ""1""]","[""S""]","[""1"", ""2""]","[""DRIVER"", ""PARKED""]","[""UNKNOWN""]","[""2078777"", ""2078782""]","[""PASSENGER"", ""SPORT UTILITY VEHICLE (SUV)""]","[""PERSONAL"", ""UNKNOWN/NA""]","[""2020"", ""2023""]","[""Y""]","[""Y""]","[""Y""]",[],[],[],[],"[""Y""]","[""Y""]",[],[],"[""Y""]",[],[],[],[],[],"[""DID NOT DEPLOY""]","[""TEST NOT OFFERED""]","[""CHICAGO""]","[""2025-10-08T07:52:00.000""]","[""OTHER""]","[""UNKNOWN""]",[],[],"[""NONE""]",[],"[""O2180795""]","[""DRIVER""]","[""UNKNOWN""]","[""USAGE UNKNOWN""]","[""F""]","[""IL""]","[""2078777""]","[""60620""]",[],[],[],[],[],[],2025,10,7,8,False,morning,41.74,-87.66,41.74_-87.66,0.0,0,0,OTHER,0
STRAIGHT ON HILLCREST,2222,2025-10-08 07:50:00,4,7,10,3E299220C62C069347E33260BF00D1500AC075455ED9ADDD304C3B3BE8523A2FB5C8AF27D0011FB9E044DD8E0002D1BBBF40BA75285BC5457213DB52CD618805,NO INJURY / DRIVE AWAY,"$501 - $1,500",NO CONTROLS,TURNING,41.7321780976,DAYLIGHT,-87.6533785955,2,30,IMPROPER LANE USAGE,NO DEFECTS,DRY,NOT APPLICABLE,S,8900,NO CONTROLS,NOT DIVIDED,CLEAR,0.0,0.0,1.0,0.0,0.0,1.0,1,2,"[""Y""]",[],[],"[""2025-10-08T07:50:00.000""]","[""2165963"", ""2165964""]","[""FRONT-LEFT-CORNER"", ""FRONT-RIGHT-CORNER""]","[""IL""]","[""CHEVROLET"", ""HYUNDAI""]","[""PASSING/OVERTAKING"", ""TURNING LEFT""]","[""ACCENT"", ""MALIBU""]","[""1""]","[""N""]","[""1"", ""2""]","[""DRIVER""]","[""NONE""]","[""2064706"", ""2064735""]","[""PASSENGER""]","[""PERSONAL""]","[""2013"", ""2016""]",[],[],"[""Y""]",[],[],[],[],[],[],[],[],[],[],[],[],[],"['39', '63']","[""DID NOT DEPLOY""]","[""TEST NOT OFFERED""]",[],"[""2025-10-08T07:50:00.000""]","[""IMPROPER PASSING"", ""NONE""]","[""NOT OBSCURED""]",[],"[""IL""]","[""NONE""]",[],"[""O2165963"", ""O2165964""]","[""DRIVER""]","[""NORMAL""]","[""SAFETY BELT USED""]","[""F"", ""M""]",[],"[""2064706"", ""2064735""]",[],[],[],[],[],[],[],2025,10,7,8,False,morning,41.73,-87.65,41.73_-87.65,51.0,39,63,OTHER,0
STRAIGHT AND LEVEL,1223,2025-10-08 07:50:00,4,7,10,9B4C013DA53E0EFF3B03D3B0D52A82607C0FC0EC50A19664EC410FF919F45C8C2FFBF65647C001613357FD0586100169CED4A53E0F8D87F22C9B9A54D2DB9861,NO INJURY / DRIVE AWAY,"OVER $1,500",FUNCTIONING PROPERLY,ANGLE,41.8860836972,DAYLIGHT,-87.6720254962,2,30,DISREGARDING STOP SIGN,NO DEFECTS,DRY,FAILING TO YIELD RIGHT-OF-WAY,N,232,STOP SIGN/FLASHER,FOUR WAY,CLEAR,0.0,1.0,1.0,0.0,0.0,1.0,1,1,[],[],[],"[""2025-10-08T07:50:00.000""]","[""2166032"", ""2166033""]","[""FRONT"", ""SIDE-RIGHT-REAR""]","[""IL"", ""MI""]","[""CHEVROLET"", ""JEEP""]","[""STRAIGHT AHEAD""]","[""COMPASS"", ""TAHOE""]","[""1""]","[""E"", ""S""]","[""1"", ""2""]","[""DRIVER""]","[""NONE"", ""UNKNOWN""]","[""2064790"", ""2064792""]","[""SPORT UTILITY VEHICLE (SUV)""]","[""PERSONAL""]","[""2015"", ""2021""]",[],"[""Y""]",[],[],[],[],[],[],[],[],[],[],[],"[""Y""]",[],[],['52'],"[""DEPLOYMENT UNKNOWN"", ""NOT APPLICABLE""]","[""TEST NOT OFFERED""]","[""CHICAGO""]","[""2025-10-08T07:50:00.000""]","[""FAILED TO YIELD"", ""NONE""]","[""NOT OBSCURED"", ""UNKNOWN""]",[],"[""IL""]","[""NONE""]",[],"[""O2166032"", ""O2166033""]","[""DRIVER""]","[""NORMAL"", ""UNKNOWN""]","[""SAFETY BELT USED"", ""USAGE UNKNOWN""]","[""F"", ""M""]","[""IL""]","[""2064790"", ""2064792""]","[""60612"", ""60624""]",[],[],[],[],[],[],2025,10,7,8,False,morning,41.89,-87.67,41.89_-87.67,52.0,52,52,OTHER,0
STRAIGHT AND LEVEL,822,2025-10-08 07:45:00,4,7,10,F1AED529839E3D094D840EDEC1123A5442A327DC027547AC8D419CF2E3F7428A383282328A6B378004D3CBE16A2A47D1AF6DFFC54E9D4F58471E550BE75D00DB,NO INJURY / DRIVE AWAY,"OVER $1,500",NO CONTROLS,SIDESWIPE SAME DIRECTION,41.7935494395,DAYLIGHT,-87.708523971,3,30,UNABLE TO DETERMINE,UNKNOWN,DRY,UNABLE TO DETERMINE,W,3400,NO CONTROLS,UNKNOWN,CLEAR,0.0,0.0,1.0,0.0,0.0,1.0,1,3,"[""Y""]",[],[],"[""2025-10-08T07:45:00.000""]","[""2165928"", ""2165929"", ""2165930""]","[""OTHER"", ""REAR-RIGHT-CORNER"", ""SIDE-LEFT-FRONT""]","[""IL""]","[""HONDA"", ""KIA"", ""TOYOTA""]","[""CHANGING LANES"", ""STRAIGHT AHEAD""]","[""C-HR"", ""ODYSSEY"", ""TELLURIDE""]","[""1""]","[""W""]","[""1"", ""2"", ""3""]","[""DRIVER""]","[""UNKNOWN""]","[""2064681"", ""2064689"", ""2064694""]","[""PASSENGER""]","[""PERSONAL""]","[""2012"", ""2018"", ""2020""]",[],[],"[""Y""]",[],[],[],[],[],[],[],[],[],[],"[""Y""]",[],[],"['19', '44', '54']","[""NOT APPLICABLE""]","[""TEST NOT OFFERED""]","[""CHICAGO""]","[""2025-10-08T07:45:00.000""]","[""UNKNOWN""]","[""UNKNOWN""]","[""D""]","[""IL""]","[""NONE""]",[],"[""O2165928"", ""O2165929"", ""O2165930""]","[""DRIVER""]","[""UNKNOWN""]","[""USAGE UNKNOWN""]","[""F"", ""M""]","[""IL""]","[""2064681"", ""2064689"", ""2064694""]","[""60629"", ""60636""]",[],[],[],[],[],[],2025,10,7,8,False,morning,41.79,-87.71,41.79_-87.71,39.0,19,54,OTHER,0
STRAIGHT AND LEVEL,1133,2025-10-08 07:40:00,4,7,10,0938B094F2DDDDA686E468E296F8A600B1EB760522907EB788E910FEFEA2EAD1E1C6E5CD62461AD14E6965950F606F409B0A6BDCE4AAA05F6C2BFD68B5EDE79B,NO INJURY / DRIVE AWAY,"OVER $1,500",FUNCTIONING PROPERLY,SIDESWIPE SAME DIRECTION,41.8745354276,DAYLIGHT,-87.7155386859,2,30,NOT APPLICABLE,UNKNOWN,DRY,NOT APPLICABLE,S,431,TRAFFIC SIGNAL,NOT DIVIDED,CLEAR,0.0,1.0,0.0,0.0,0.0,1.0,1,1,"[""Y""]","[""Y""]",[],"[""2025-10-08T07:40:00.000""]","[""2166034"", ""2166035""]","[""TOTAL (ALL AREAS)""]","[""IL""]","[""DODGE"", ""FORD""]","[""STRAIGHT AHEAD""]","[""DURANGO"", ""ESCORT""]","[""1""]","[""S""]","[""1"", ""2""]","[""DRIVER""]","[""UNKNOWN""]","[""2064774"", ""2064777""]","[""SPORT UTILITY VEHICLE (SUV)"", ""UNKNOWN/NA""]","[""UNKNOWN/NA""]","[""2015"", ""2017""]",[],[],"[""N""]",[],[],"[""Y""]",[],[],"[""N""]",[],[],"[""Y""]",[],[],[],[],['7'],"[""DEPLOYMENT UNKNOWN"", ""NOT APPLICABLE""]","[""TEST NOT OFFERED""]","[""CHICAGO""]","[""2025-10-08T07:40:00.000""]","[""UNKNOWN""]","[""UNKNOWN""]","[""D""]","[""IL""]","[""NONE""]",[],"[""O2166034"", ""O2166035""]","[""DRIVER""]","[""NORMAL"", ""UNKNOWN""]","[""SAFETY BELT USED"", ""USAGE UNKNOWN""]","[""F""]","[""IL""]","[""2064774"", ""2064777""]","[""60623""]",[],[],[],[],[],[],2025,10,7,8,False,morning,41.87,-87.72,41.87_-87.72,7.0,7,7,OTHER,0
STRAIGHT AND LEVEL,331,2025-10-08 07:35:00,4,7,10,642E25BA20C3BF63CB49F66034B968125EDBD05627F2BB444F53AB2CEF13611ED748D6D8500D4D14B1527E35B90FA7995E7C370CFA54037B3D823536988326C6,INJURY AND / OR TOW DUE TO CRASH,"OVER $1,500",NO CONTROLS,REAR END,41.7786869408,DAYLIGHT,-87.5852564502,2,30,FOLLOWING TOO CLOSELY,UNKNOWN,DRY,UNABLE TO DETERMINE,S,6400,NO CONTROLS,NOT DIVIDED,CLEAR,0.0,0.0,0.0,0.0,0.0,1.0,1,3,"[""Y""]",[],"[""Y""]","[""2025-10-08T07:35:00.000""]","[""2166085"", ""2166086""]","[""FRONT"", ""REAR""]","[""IL"", ""IN""]","[""DODGE"", ""KIA""]","[""SLOW/STOP IN TRAFFIC"", ""STRAIGHT AHEAD""]","[""RAM 1500 VAN"", ""SPORTAGE""]","[""1"", ""2""]","[""N""]","[""1"", ""2""]","[""DRIVER""]","[""UNKNOWN""]","[""2064831"", ""2064842""]","[""PASSENGER"", ""VAN/MINI-VAN""]","[""PERSONAL""]","[""2014"", ""2024""]",[],[],"[""Y""]","[""private tow""]","[""Y""]","[""Y""]",[],[],[],[],"[""1""]",[],[],"[""Y""]","[""Y""]",[],"['20', '28', '50']","[""DID NOT DEPLOY""]","[""TEST NOT OFFERED""]","[""CALUMET CITY"", ""MAYWOOD"", ""PORTAGE""]","[""2025-10-08T07:35:00.000""]","[""FOLLOWED TOO CLOSELY"", ""NONE""]","[""UNKNOWN""]","[""D""]","[""IL"", ""IN""]","[""NONE""]",[],"[""O2166085"", ""O2166086"", ""P477958""]","[""DRIVER"", ""PASSENGER""]","[""UNKNOWN""]","[""USAGE UNKNOWN""]","[""F"", ""M""]","[""IL"", ""IN""]","[""2064831"", ""2064842""]","[""46368"", ""60153"", ""60409""]",[],"[""2""]",[],[],[],[],2025,10,7,8,False,morning,41.78,-87.59,41.78_-87.59,32.666666666666664,20,50,FOLLOWING TOO CLOSELY,0
STRAIGHT AND LEVEL,2212,2025-10-08 07:35:00,4,7,10,05F1EF2A69F49501A4E94EAFC2F8455DC8FFA5B99118ED43ACB856EE4D8F28DD77B18E9447F4EDF79AC3580B32A578E6D853F8078DEA77F6966CBFFDD3623D9C,NO INJURY / DRIVE AWAY,"OVER $1,500",FUNCTIONING PROPERLY,TURNING,41.7049130341,DAYLIGHT,-87.6568743779,2,30,IMPROPER TURNING/NO SIGNAL,NO DEFECTS,DRY,UNABLE TO DETERMINE,S,10400,STOP SIGN/FLASHER,NOT DIVIDED,CLEAR,0.0,0.0,1.0,0.0,0.0,1.0,1,2,"[""Y""]","[""Y""]","[""Y""]","[""2025-10-08T07:35:00.000""]","[""2165917"", ""2165918""]","[""FRONT-LEFT-CORNER"", ""FRONT-RIGHT-CORNER""]","[""IL""]","[""CADILLAC"", ""UNKNOWN""]","[""TURNING LEFT"", ""TURNING RIGHT""]","[""ESCALADE"", ""MOTORIZED""]","[""1""]","[""N"", ""W""]","[""1"", ""2""]","[""DRIVER""]","[""NONE""]","[""2064665"", ""2064666""]","[""PASSENGER"", ""TRUCK - SINGLE UNIT""]","[""FIRE"", ""PERSONAL""]","[""2002"", ""2021""]",[],[],"[""Y""]",[],[],"[""Y""]",[],"[""Y""]","[""Y""]",[],[],"[""Y""]",[],[],[],[],"['41', '58']","[""DID NOT DEPLOY"", ""NOT APPLICABLE""]","[""TEST NOT OFFERED""]","[""CHICAGO""]","[""2025-10-08T07:35:00.000""]","[""OTHER""]","[""NOT OBSCURED""]","[""B"", ""D""]","[""IL""]","[""NONE""]","[""REFUSED""]","[""O2165917"", ""O2165918""]","[""DRIVER""]","[""NORMAL""]","[""SAFETY BELT USED""]","[""M""]","[""IL""]","[""2064665"", ""2064666""]","[""60628"", ""60629""]","[""CFD""]",[],[],[],[],[],2025,10,7,8,False,morning,41.7,-87.66,41.7_-87.66,49.5,41,58,OTHER,0
STRAIGHT AND LEVEL,1911,2025-10-08 07:30:00,4,7,10,78C17CE6D2702EE15F15262B149487D4EC3C94931738BC1BD9A0D8452F7C8FCAD19AE84FC78A196E68E7F314437ED2FA918DC0541B37AA5857F304C069F7A39B,NO INJURY / DRIVE AWAY,"OVER $1,500",NO CONTROLS,TURNING,41.9653212028,DAYLIGHT,-87.6808531628,2,30,NOT APPLICABLE,UNKNOWN,UNKNOWN,NOT APPLICABLE,N,4606,NO CONTROLS,UNKNOWN INTERSECTION TYPE,CLEAR,0.0,0.0,0.0,0.0,0.0,1.0,1,1,"[""Y""]","[""Y""]",[],"[""2025-10-08T07:30:00.000""]","[""2167623"", ""2167624""]","[""FRONT-LEFT-CORNER"", ""FRONT-RIGHT-CORNER""]","[""IL""]","[""HONDA"", ""NISSAN""]","[""STRAIGHT AHEAD"", ""TURNING LEFT""]","[""HR-V"", ""ROGUE""]","[""1""]","[""N""]","[""1"", ""2""]","[""DRIVER""]","[""UNKNOWN""]","[""2066264"", ""2066272""]","[""PASSENGER"", ""UNKNOWN/NA""]","[""PERSONAL"", ""UNKNOWN/NA""]","[""2015"", ""2016""]","[""Y""]","[""Y""]","[""Y""]",[],[],[],[],"[""Y""]","[""Y""]",[],[],[],[],"[""Y""]",[],[],['25'],"[""DEPLOYMENT UNKNOWN""]","[""TEST NOT OFFERED""]","[""CHICAGO""]","[""2025-10-08T07:30:00.000""]","[""UNKNOWN""]","[""UNKNOWN""]","[""D""]","[""IL""]","[""NONE"", ""UNKNOWN""]",[],"[""O2167623"", ""O2167624""]","[""DRIVER""]","[""UNKNOWN""]","[""USAGE UNKNOWN""]","[""F"", ""M""]","[""IL""]","[""2066264"", ""2066272""]","[""60625"", ""60645""]",[],[],[],[],[],[],2025,10,7,8,False,morning,41.97,-87.68,41.97_-87.68,25.0,25,25,OTHER,0
STRAIGHT AND LEVEL,915,2025-10-08 07:25:00,4,7,10,39E17A304BA1C0DF3D10FCA1FC22BDFB5BDA70A87E56B715880F3CFA8E65FF80FAF1406BDEF7828BF75130EE8950BC86753ACD4644CB4EC20FFF45ACB1C693BA,NO INJURY / DRIVE AWAY,"OVER $1,500",NO CONTROLS,PARKED MOTOR VEHICLE,41.8352284437,DAYLIGHT,-87.6375347573,2,30,IMPROPER BACKING,UNKNOWN,DRY,UNABLE TO DETERMINE,S,3237,NO CONTROLS,NOT DIVIDED,CLEAR,0.0,0.0,0.0,0.0,0.0,1.0,2,1,[],[],"[""Y""]","[""2025-10-08T07:25:00.000""]","[""2165909"", ""2165910""]","[""FRONT-LEFT-CORNER"", ""REAR""]","[""IL""]","[""MACK TRUCKS, INC."", ""TOYOTA""]","[""BACKING"", ""PARKED""]","[""CAMRY"", ""MACK TRUCKS, INC.""]","[""0"", ""1""]","[""N"", ""S""]","[""1"", ""2""]","[""DRIVER"", ""PARKED""]","[""NONE"", ""UNKNOWN""]","[""2064658"", ""2064662""]","[""PASSENGER"", ""TRUCK - SINGLE UNIT""]","[""PERSONAL""]","[""1998"", ""2012""]",[],[],"[""Y""]",[],[],"[""Y""]",[],[],"[""Y""]",[],[],[],[],"[""Y""]","[""Y""]",[],['54'],"[""DID NOT DEPLOY""]","[""TEST NOT OFFERED""]","[""CHICAGO""]","[""2025-10-08T07:25:00.000""]","[""IMPROPER BACKING""]","[""UNKNOWN""]","[""A""]","[""IL""]","[""NONE""]",[],"[""O2165909""]","[""DRIVER""]","[""NORMAL""]","[""SAFETY BELT USED""]","[""M""]","[""IL""]","[""2064658""]","[""60617""]",[],[],[],[],[],[],2025,10,7,8,False,morning,41.84,-87.64,41.84_-87.64,54.0,54,54,OTHER,0
STRAIGHT AND LEVEL,1235,2025-10-08 07:25:00,4,7,10,E283547FEA716F71D4E5F2CDD402E300DB31E9C6CE3CBABB02505F77B90FEF15D8E53917467892CB4E9A7ED97398889157ED0DB6796DDE68300AB1350EA89DD8,INJURY AND / OR TOW DUE TO CRASH,$500 OR LESS,FUNCTIONING PROPERLY,PEDALCYCLIST,41.8525371433,DAYLIGHT,-87.6464645041,2,30,FAILING TO YIELD RIGHT-OF-WAY,NO DEFECTS,DRY,DISREGARDING ROAD MARKINGS,W,799,TRAFFIC SIGNAL,FOUR WAY,CLEAR,0.0,1.0,1.0,0.0,0.0,1.0,2,1,"[""Y""]","[""Y""]",[],"[""2025-10-08T07:25:00.000""]","[""2165933"", ""2165934""]","[""SIDE-RIGHT""]","[""IL""]","[""LEXUS""]","[""TURNING RIGHT""]","[""RX""]","[""1""]","[""N""]","[""1"", ""2""]","[""BICYCLE"", ""DRIVER""]","[""UNKNOWN""]","[""2064677""]","[""PASSENGER""]","[""PERSONAL""]","[""2015""]","[""Y""]","[""Y""]",[],[],[],[],[],[],[],[],[],[],[],"[""Y""]",[],[],['17'],"[""DEPLOYMENT UNKNOWN""]","[""TEST NOT OFFERED""]","[""CHICAGO"", ""UNKNOWN""]","[""2025-10-08T07:25:00.000""]","[""FAILED TO YIELD"", ""NONE""]","[""UNKNOWN""]",[],[],"[""NONE""]","[""STROGER""]","[""O2165933"", ""O2165934""]","[""BICYCLE"", ""DRIVER""]","[""NORMAL"", ""UNKNOWN""]","[""HELMET NOT USED"", ""USAGE UNKNOWN""]","[""M"", ""X""]","[""IL"", ""XX""]","[""2064677""]","[""60616""]","[""C.F.D. AMB 66""]",[],"[""WITH TRAFFIC""]","[""IN ROADWAY""]","[""NO CONTRASTING CLOTHING""]",[],2025,10,7,8,False,morning,41.85,-87.65,41.85_-87.65,17.0,17,17,FAILURE-TO-YIELD,1