alignment,beat_of_occurrence,crash_date,crash_day_of_week,crash_hour,crash_month,crash_record_id,crash_type,damage,device_condition,first_crash_type,latitude,lighting_condition,longitude,num_units,posted_speed_limit,prim_contributory_cause,road_defect,roadway_surface_cond,sec_contributory_cause,street_direction,street_no,traffic_control_device,trafficway_type,weather_condition,private_property_i,hit_and_run_i,intersection_related_i,crash_date_est_i,work_zone_i,workers_present_i,veh_count,ppl_count,veh_area_01_i_list_json,veh_area_02_i_list_json,veh_area_12_i_list_json,veh_crash_date_list_json,veh_crash_unit_id_list_json,veh_first_contact_point_list_json,veh_lic_plate_state_list_json,veh_make_list_json,veh_maneuver_list_json,veh_model_list_json,veh_occupant_cnt_list_json,veh_travel_direction_list_json,veh_unit_no_list_json,veh_unit_type_list_json,veh_vehicle_defect_list_json,veh_vehicle_id_list_json,veh_vehicle_type_list_json,veh_vehicle_use_list_json,veh_vehicle_year_list_json,veh_area_03_i_list_json,veh_area_04_i_list_json,veh_area_11_i_list_json,veh_towed_by_list_json,veh_towed_i_list_json,veh_area_07_i_list_json,veh_area_99_i_list_json,veh_area_09_i_list_json,veh_area_10_i_list_json,veh_cmrc_veh_i_list_json,veh_num_passengers_list_json,veh_area_08_i_list_json,veh_area_00_i_list_json,veh_area_05_i_list_json,veh_area_06_i_list_json,veh_towed_to_list_json,ppl_age_list_json,ppl_airbag_deployed_list_json,ppl_bac_result_list_json,ppl_city_list_json,ppl_crash_date_list_json,ppl_driver_action_list_json,ppl_driver_vision_list_json,ppl_drivers_license_class_list_json,ppl_drivers_license_state_list_json,ppl_ejection_list_json,ppl_hospital_list_json,ppl_person_id_list_json,ppl_person_type_list_json,ppl_physical_condition_list_json,ppl_safety_equipment_list_json,ppl_sex_list_json,ppl_state_list_json,ppl_vehicle_id_list_json,ppl_zipcode_list_json,ppl_ems_agency_list_json,ppl_seat_no_list_json,ppl_pedpedal_action_list_json,ppl_pedpedal_location_list_json,ppl_pedpedal_visibility_list_json,ppl_ems_run_no_list_json,year,month,hour,day,is_weekend,hour_bin,lat_bin,lng_bin,grid_id,ppl_age_mean,ppl_age_min,ppl_age_max,prim_contributory_cause_group,ksi_flag
STRAIGHT AND LEVEL,1024,2025-10-08 07:10:00,4,7,10,FFFD04B01476083E3DB6A956AE3A03867B9FF116F12D1317E0E2BDDDAA5636582B221EEEE5384BF1B2565AAEF34A9540B823C263840BD55D2124978EC1B6ECE1,NO INJURY / DRIVE AWAY,"OVER $1,500",NO CONTROLS,TURNING,41.8479498817,DAYLIGHT,-87.7115466536,2,30,FAILING TO YIELD RIGHT-OF-WAY,NO DEFECTS,DRY,UNABLE TO DETERMINE,W,3439,NO CONTROLS,UNKNOWN,CLEAR,0.0,0.0,1.0,0.0,0.0,1.0,1,2,"[""Y""]",[],[],"[""2025-10-08T07:10:00.000""]","[""2165899"", ""2165900""]","[""FRONT-LEFT-CORNER"", ""FRONT-RIGHT-CORNER""]","[""IL""]","[""DODGE"", ""HONDA""]","[""STRAIGHT AHEAD"", ""TURNING RIGHT""]","[""CHALLENGER"", ""FIT""]","[""1""]","[""E"", ""N""]","[""1"", ""2""]","[""DRIVER""]","[""NONE""]","[""2064651"", ""2064652""]","[""PASSENGER""]","[""PERSONAL""]","[""2013"", ""2019""]",[],[],"[""Y""]",[],[],[],[],[],[],[],[],[],[],[],[],[],"['43', '67']","[""DID NOT DEPLOY""]","[""TEST NOT OFFERED""]","[""CHICAGO""]","[""2025-10-08T07:10:00.000""]","[""FAILED TO YIELD"", ""NONE""]","[""UNKNOWN""]","[""D""]","[""IL""]","[""NONE""]","[""NONE""]","[""O2165899"", ""O2165900""]","[""DRIVER""]","[""NORMAL""]","[""SAFETY BELT NOT USED"", ""SAFETY BELT USED""]","[""F""]","[""IL""]","[""2064651"", ""2064652""]","[""60623""]",[],[],[],[],[],[],2025,10,7,8,False,morning,41.85,-87.71,41.85_-87.71,55.0,43,67,FAILURE-TO-YIELD,0
STRAIGHT AND LEVEL,2211,2025-10-08 07:10:00,4,7,10,DD7050C0A79F6E68652016D34B9FD592487C1D034D055BA59C9CE88BF255C181BC4191BFB598CA20157B27B8B169CCBF5BCAAB5865B99A9F603EE8CBBDFAC7D0,NO INJURY / DRIVE AWAY,"OVER $1,500",FUNCTIONING PROPERLY,REAR END,41.6842950089,DAYLIGHT,-87.7055424441,2,30,FOLLOWING TOO CLOSELY,NO DEFECTS,DRY,FOLLOWING TOO CLOSELY,W,3400,TRAFFIC SIGNAL,DIVIDED - W/MEDIAN (NOT RAISED),CLEAR,0.0,0.0,1.0,0.0,0.0,1.0,1,3,[],[],"[""Y""]","[""2025-10-08T07:10:00.000""]","[""2165915"", ""2165941""]","[""FRONT-LEFT-CORNER"", ""REAR-RIGHT-CORNER""]","[""IL""]","[""BMW"", ""JEEP""]","[""STRAIGHT AHEAD""]","[""WRANGLER"", ""X5""]","[""2""]","[""W""]","[""1"", ""2""]","[""DRIVER""]","[""NONE""]","[""2064673"", ""2064683""]","[""PASSENGER""]","[""PERSONAL""]","[""2017"", ""2019""]",[],[],"[""Y""]",[],[],[],[],[],[],[],"[""1""]",[],[],"[""Y""]","[""Y""]",[],"['30', '41', '57']","[""NOT APPLICABLE""]","[""TEST NOT OFFERED""]","[""CHICAGO""]","[""2025-10-08T07:10:00.000""]","[""FOLLOWED TOO CLOSELY"", ""NONE""]","[""NOT OBSCURED""]","[""D""]","[""IL""]","[""NONE""]",[],"[""O2165915"", ""O2165941"", ""P477933"", ""P477934""]","[""DRIVER"", ""PASSENGER""]","[""NORMAL""]","[""CHILD RESTRAINT - FORWARD FACING"", ""SAFETY BELT USED""]","[""F"", ""M""]","[""IL""]","[""2064673"", ""2064683""]","[""60643"", ""60655""]",[],"[""3"", ""5""]",[],[],[],[],2025,10,7,8,False,morning,41.68,-87.71,41.68_-87.71,42.666666666666664,30,57,FOLLOWING TOO CLOSELY,0
STRAIGHT AND LEVEL,331,2025-10-08 07:10:00,4,7,10,3B26769D3409FA829E2539CA3D6AC3B916A6C4088BCDA99FDFB373E8408753945803B64C7E18773ECBF9687195A354453A3F3DE56E19FA4BE799449D079EBC70,NO INJURY / DRIVE AWAY,"OVER $1,500",FUNCTIONING PROPERLY,SIDESWIPE SAME DIRECTION,41.7801330174,DAYLIGHT,-87.5816208737,2,30,DRIVING SKILLS/KNOWLEDGE/EXPERIENCE,NO DEFECTS,DRY,NOT APPLICABLE,E,1793,TRAFFIC SIGNAL,NOT DIVIDED,CLEAR,0.0,0.0,0.0,0.0,0.0,1.0,1,2,"[""Y""]",[],"[""Y""]","[""2025-10-08T07:10:00.000""]","[""2166077"", ""2166078""]","[""FRONT"", ""REAR""]","[""IL""]","[""DODGE"", ""JEEP""]","[""STRAIGHT AHEAD""]","[""GRAND CHEROKEE"", ""STRATUS""]","[""1""]","[""E""]","[""1"", ""2""]","[""DRIVER""]","[""NONE""]","[""2064851"", ""2064854""]","[""PASSENGER"", ""SPORT UTILITY VEHICLE (SUV)""]","[""PERSONAL""]","[""2004"", ""2012""]",[],[],"[""Y""]",[],[],"[""Y""]",[],[],[],[],[],[],[],"[""Y""]","[""Y""]",[],"['17', '67']","[""DID NOT DEPLOY""]","[""TEST NOT OFFERED""]","[""CHICAGO""]","[""2025-10-08T07:10:00.000""]","[""NONE"", ""UNKNOWN""]","[""NOT OBSCURED"", ""UNKNOWN""]","[""C"", ""D""]","[""IL""]","[""NONE""]",[],"[""O2166077"", ""O2166078""]","[""DRIVER""]","[""NORMAL"", ""UNKNOWN""]","[""SAFETY BELT USED""]","[""M""]","[""IL""]","[""2064851"", ""2064854""]","[""60617"", ""60619""]",[],[],[],[],[],[],2025,10,7,8,False,morning,41.78,-87.58,41.78_-87.58,42.0,17,67,OTHER,0
STRAIGHT AND LEVEL,1133,2025-10-08 06:57:00,4,6,10,CE58D8BAEBB96FA3D5746BEBD26052EF58266E60186727E088BAEEB7706C96078656F516A25E338CE12B55E9B17D298DA1C6F510FE81EB13F9E7717C1B875AFB,NO INJURY / DRIVE AWAY,$500 OR LESS,NO CONTROLS,SIDESWIPE SAME DIRECTION,41.8734046453,DAWN,-87.7203996283,2,30,UNABLE TO DETERMINE,UNKNOWN,DRY,NOT APPLICABLE,W,3801,NO CONTROLS,ONE-WAY,CLEAR,0.0,0.0,0.0,0.0,0.0,1.0,1,2,"[""Y""]","[""Y""]",[],"[""2025-10-08T06:57:00.000""]","[""2165907"", ""2165908""]","[""FRONT-LEFT-CORNER"", ""SIDE-RIGHT-FRONT""]","[""IL""]","[""DODGE"", ""NOVA BUS""]","[""STRAIGHT AHEAD""]","[""DART"", ""OTHER (EXPLAIN IN NARRATIVE)""]","[""1"", ""2""]","[""E""]","[""1"", ""2""]","[""DRIVER""]","[""UNKNOWN""]","[""2064659"", ""2064664""]","[""BUS OVER 15 PASS."", ""PASSENGER""]","[""CTA"", ""PERSONAL""]","[""2014"", ""2023""]",[],[],"[""N""]",[],[],[],[],[],"[""N""]","[""Y""]","[""1""]",[],"[""Y""]",[],[],[],"['67', '69']","[""NOT APPLICABLE""]","[""TEST NOT OFFERED""]","[""CHICAGO""]","[""2025-10-08T06:57:00.000""]","[""UNKNOWN""]","[""UNKNOWN""]","[""B"", ""D""]","[""IL""]","[""NONE""]","[""REFUSED""]","[""O2165907"", ""O2165908"", ""P477932""]","[""DRIVER"", ""PASSENGER""]","[""UNKNOWN""]","[""USAGE UNKNOWN""]","[""F""]","[""IL""]","[""2064659"", ""2064664""]","[""60612"", ""60644""]",[],"[""3""]",[],[],[],[],2025,10,6,8,False,night,41.87,-87.72,41.87_-87.72,68.0,67,69,OTHER,0
STRAIGHT AND LEVEL,1915,2025-10-08 06:45:00,4,6,10,D91C67EFB0D8431BFB7063F8B7AA9141101EF029D6C450717B8B095D6F6395B61F3916BB0673D44E198B15DE252E82FE68B6E396F12A1849926CAEC07199CCCF,NO INJURY / DRIVE AWAY,$500 OR LESS,NO CONTROLS,REAR END,41.9617548035,DAYLIGHT,-87.648543725,3,30,UNABLE TO DETERMINE,NO DEFECTS,DRY,UNABLE TO DETERMINE,W,725,NO CONTROLS,DIVIDED - W/MEDIAN (NOT RAISED),CLEAR,0.0,0.0,0.0,0.0,0.0,1.0,1,3,[],[],"[""Y""]","[""2025-10-08T06:45:00.000""]","[""2165919"", ""2165920"", ""2165921""]","[""FRONT"", ""REAR""]","[""IL""]","[""TESLA"", ""VOLKSWAGEN""]","[""STRAIGHT AHEAD""]","[""JETTA"", ""MODEL S""]","[""1""]","[""E""]","[""1"", ""2"", ""3""]","[""DRIVER""]","[""NONE"", ""UNKNOWN""]","[""2064667"", ""2064672"", ""2064675""]","[""PASSENGER""]","[""PERSONAL""]","[""2011"", ""2012"", ""2023""]",[],[],[],[],[],[],[],[],[],[],[],[],[],[],"[""N"", ""Y""]",[],"['26', '36', '41']","[""DID NOT DEPLOY""]","[""TEST NOT OFFERED""]","[""CHICAGO""]","[""2025-10-08T06:45:00.000""]","[""NONE"", ""UNKNOWN""]","[""NOT OBSCURED"", ""UNKNOWN""]","[""D""]","[""CA"", ""IL""]","[""NONE""]",[],"[""O2165919"", ""O2165920"", ""O2165921""]","[""DRIVER""]","[""NORMAL"", ""UNKNOWN""]","[""SAFETY BELT USED""]","[""M""]","[""IL""]","[""2064667"", ""2064672"", ""2064675""]","[""60613"", ""60640""]",[],[],[],[],[],[],2025,10,6,8,False,night,41.96,-87.65,41.96_-87.65,34.333333333333336,26,41,OTHER,0
STRAIGHT AND LEVEL,1622,2025-10-08 06:44:00,4,6,10,24A0045E0654FC2EDED316DF873F297D3ED87920A7468856909094D252636A0EF6F0277BCC575A7A42AA2517C477D5AFD13C389DE9ECC50776C5E74D161BFC5D,NO INJURY / DRIVE AWAY,"OVER $1,500",NO CONTROLS,REAR END,41.9703927079,DAYLIGHT,-87.7781393174,2,30,UNABLE TO DETERMINE,UNKNOWN,UNKNOWN,UNABLE TO DETERMINE,N,4901,NO CONTROLS,NOT DIVIDED,CLEAR,0.0,0.0,0.0,0.0,0.0,1.0,1,2,[],[],"[""Y""]","[""2025-10-08T06:44:00.000""]","[""2169856"", ""2169857""]","[""FRONT"", ""REAR""]","[""IL""]","[""AUDI"", ""HONDA""]","[""STRAIGHT AHEAD""]","[""CIVIC"", ""OTHER (EXPLAIN IN NARRATIVE)""]","[""1""]","[""N""]","[""1"", ""2""]","[""DRIVER""]","[""UNKNOWN""]","[""2068371"", ""2068372""]","[""PASSENGER"", ""UNKNOWN/NA""]","[""UNKNOWN/NA""]","[""2001"", ""2013""]",[],[],[],[],[],"[""Y""]",[],[],[],[],[],[],[],"[""Y""]","[""Y""]",[],"['33', '43']","[""NOT APPLICABLE""]","[""TEST NOT OFFERED""]","[""CHICAGO""]","[""2025-10-08T06:44:00.000""]","[""UNKNOWN""]","[""UNKNOWN""]","[""D""]","[""IL""]","[""NONE""]",[],"[""O2169856"", ""O2169857""]","[""DRIVER""]","[""NORMAL"", ""UNKNOWN""]","[""USAGE UNKNOWN""]","[""M""]","[""IL""]","[""2068371"", ""2068372""]","[""60618"", ""60634""]",[],[],[],[],[],[],2025,10,6,8,False,night,41.97,-87.78,41.97_-87.78,38.0,33,43,OTHER,0
STRAIGHT AND LEVEL,922,2025-10-08 06:43:00,4,6,10,8660335BDF2B365A5C0E65EB6119D5830C817CB7D3B9CF6A27B73E53E1AAF94ABB1627F69D73B4645B04688D335C9B8D9D3BD704F7A6874A7A98C4F353922A71,INJURY AND / OR TOW DUE TO CRASH,"$501 - $1,500",NO CONTROLS,PEDESTRIAN,41.8120170272,"DARKNESS, LIGHTED ROAD",-87.6846769146,2,30,IMPROPER TURNING/NO SIGNAL,NO DEFECTS,DRY,CELL PHONE USE OTHER THAN TEXTING,S,4500,NO CONTROLS,NOT DIVIDED,CLEAR,0.0,0.0,1.0,0.0,0.0,1.0,2,2,[],[],"[""Y""]","[""2025-10-08T06:43:00.000""]","[""2165939"", ""2165940""]","[""FRONT""]","[""IL""]","[""HONDA""]","[""TURNING LEFT""]","[""CIVIC""]","[""1""]","[""NE""]","[""1"", ""2""]","[""DRIVER"", ""PEDESTRIAN""]","[""NONE""]","[""2064682""]","[""PASSENGER""]","[""PERSONAL""]","[""2012""]",[],[],[],[],[],[],[],[],[],[],[],[],[],[],[],[],"['43', '64']","[""DID NOT DEPLOY""]","[""TEST NOT OFFERED""]","[""CHICAGO""]","[""2025-10-08T06:43:00.000""]","[""IMPROPER TURN"", ""NONE""]","[""NOT OBSCURED""]","[""D""]","[""IL""]","[""NONE""]","[""HOLY CROSS""]","[""O2165939"", ""O2165940""]","[""DRIVER"", ""PEDESTRIAN""]","[""NORMAL""]","[""NONE PRESENT"", ""SAFETY BELT USED""]","[""F"", ""M""]","[""IL""]","[""2064682""]","[""60632""]","[""CFD""]",[],"[""CROSSING - WITH SIGNAL""]","[""IN CROSSWALK""]","[""NO CONTRASTING CLOTHING""]",[],2025,10,6,8,False,night,41.81,-87.68,41.81_-87.68,53.5,43,64,OTHER,1
STRAIGHT AND LEVEL,1013,2025-10-08 06:40:00,4,6,10,FEF27BB762D798A863A93C5D868530D6FCAF9604F274E861D50FB83F6BC96DD6153803C804674D4C3CBE81994D22635054140E7BCD2A72DD04361B47ECADD8F7,NO INJURY / DRIVE AWAY,"OVER $1,500",FUNCTIONING PROPERLY,SIDESWIPE SAME DIRECTION,41.8511582174,DAYLIGHT,-87.7248955423,2,35,NOT APPLICABLE,UNKNOWN,DRY,NOT APPLICABLE,W,4000,TRAFFIC SIGNAL,NOT DIVIDED,CLEAR,0.0,0.0,1.0,0.0,0.0,1.0,1,2,"[""Y""]","[""Y""]",[],"[""2025-10-08T06:40:00.000""]","[""2165893"", ""2165894""]","[""TOTAL (ALL AREAS)""]","[""IL""]","[""FORD"", ""TOYOTA""]","[""STRAIGHT AHEAD"", ""UNKNOWN/NA""]","[""AVALON"", ""ESCAPE""]","[""1""]","[""N""]","[""1"", ""2""]","[""DRIVER""]","[""UNKNOWN""]","[""2064654"", ""2064661""]","[""PASSENGER"", ""UNKNOWN/NA""]","[""OTHER"", ""PERSONAL""]","[""2020"", ""2021""]","[""Y""]","[""Y""]","[""Y""]",[],[],[],[],[],"[""Y""]",[],[],[],[],[],[],[],"['20', '63']","[""NOT APPLICABLE""]","[""TEST NOT OFFERED""]","[""CHICAGO""]","[""2025-10-08T06:40:00.000""]","[""UNKNOWN""]","[""UNKNOWN""]","[""D""]","[""IL""]","[""NONE""]",[],"[""O2165893"", ""O2165894""]","[""DRIVER""]","[""NORMAL""]","[""SAFETY BELT USED""]","[""M""]","[""IL""]","[""2064654"", ""2064661""]","[""60605"", ""60632""]",[],[],[],[],[],[],2025,10,6,8,False,night,41.85,-87.72,41.85_-87.72,41.5,20,63,OTHER,0
STRAIGHT AND LEVEL,1733,2025-10-08 06:30:00,4,6,10,CDB968827F067F53521DA2B14F40218BEAB9E667B2028601A30A90047F997BD4CDC6EBE1284EE377A56AD9B5D2BB74AD25A7A5E72A9E5776745A84538FD596D9,NO INJURY / DRIVE AWAY,"$501 - $1,500",FUNCTIONING PROPERLY,TURNING,41.9537655997,DAYLIGHT,-87.7116176134,2,30,FAILING TO YIELD RIGHT-OF-WAY,NO DEFECTS,DRY,NOT APPLICABLE,W,3329,STOP SIGN/FLASHER,NOT DIVIDED,CLEAR,0.0,0.0,0.0,0.0,0.0,1.0,1,1,"[""Y""]","[""Y""]",[],"[""2025-10-08T06:30:00.000""]","[""2166367"", ""2166368""]","[""FRONT"", ""SIDE-RIGHT""]","[""IL""]","[""MAZDA"", ""TOYOTA""]","[""STRAIGHT AHEAD"", ""TURNING RIGHT""]","[""COROLLA"", ""CX-5""]","[""1""]","[""E"", ""N""]","[""1"", ""2""]","[""DRIVER""]","[""NONE"", ""UNKNOWN""]","[""2065070"", ""2065071""]","[""PASSENGER"", ""SPORT UTILITY VEHICLE (SUV)""]","[""PERSONAL"", ""UNKNOWN/NA""]","[""2013"", ""2016""]","[""Y""]",[],[],[],[],[],[],[],[],[],[],[],[],[],[],[],['21'],"[""DID NOT DEPLOY""]","[""TEST NOT OFFERED""]","[""AURORA"", ""CHICAGO""]","[""2025-10-08T06:30:00.000""]","[""FAILED TO YIELD"", ""NONE""]","[""NOT OBSCURED"", ""UNKNOWN""]","[""D""]","[""IL""]","[""NONE""]",[],"[""O2166367"", ""O2166368""]","[""DRIVER""]","[""NORMAL"", ""UNKNOWN""]","[""SAFETY BELT USED""]","[""M""]","[""IL""]","[""2065070"", ""2065071""]","[""60618""]",[],[],[],[],[],[],2025,10,6,8,False,night,41.95,-87.71,41.95_-87.71,21.0,21,21,FAILURE-TO-YIELD,0
STRAIGHT AND LEVEL,1911,2025-10-08 06:25:00,4,6,10,87FF5AFA26E66F58264F7B9A4F6F5C89C18FC50F86A661FD512609EDC66531F25C5213EE55C314F81AAD0CBEA34B6E3049713DA47B79F46FF56372A86E294172,NO INJURY / DRIVE AWAY,"$501 - $1,500",NO CONTROLS,SIDESWIPE SAME DIRECTION,41.968184511,DAYLIGHT,-87.6890410028,2,30,UNABLE TO DETERMINE,NO DEFECTS,DRY,NOT APPLICABLE,N,4748,NO CONTROLS,NOT DIVIDED,CLEAR,0.0,1.0,0.0,0.0,0.0,1.0,1,1,[],[],[],"[""2025-10-08T06:25:00.000""]","[""2165903"", ""2165904""]","[""SIDE-LEFT"", ""SIDE-RIGHT""]","[""IL""]","[""NOVA BUS"", ""UNKNOWN""]","[""STRAIGHT AHEAD""]","[""OTHER (EXPLAIN IN NARRATIVE)""]","[""1""]","[""S""]","[""1"", ""2""]","[""DRIVER""]","[""NONE"", ""UNKNOWN""]","[""2064655"", ""2064657""]","[""BUS OVER 15 PASS."", ""PASSENGER""]","[""CTA"", ""UNKNOWN/NA""]","[""2024""]",[],[],"[""Y""]",[],[],[],"[""Y""]",[],"[""Y""]",[],[],[],[],[],[],[],['24'],"[""DEPLOYMENT UNKNOWN"", ""DID NOT DEPLOY""]","[""TEST NOT OFFERED""]","[""CHICAGO""]","[""2025-10-08T06:25:00.000""]","[""OTHER""]","[""NOT OBSCURED"", ""UNKNOWN""]","[""B""]","[""IL""]","[""NONE""]",[],"[""O2165903"", ""O2165904""]","[""DRIVER""]","[""NORMAL"", ""UNKNOWN""]","[""SAFETY BELT USED"", ""USAGE UNKNOWN""]","[""M"", ""X""]","[""IL""]","[""2064655"", ""2064657""]","[""60640""]",[],[],[],[],[],[],2025,10,6,8,False,night,41.97,-87.69,41.97_-87.69,24.0,24,24,OTHER,0
STRAIGHT AND LEVEL,121,2025-10-08 06:18:00,4,6,10,65C5D847B89571876AA52A518084C7F8AB8B73F4FEC7B4CF81F8F0CFC2367F207080F79674C0D25D4967BF9FA9F730609C0CB042D97A1CF9740EB654B693E895,INJURY AND / OR TOW DUE TO CRASH,$500 OR LESS,NO CONTROLS,PEDESTRIAN,41.8808317282,DAWN,-87.6427752924,2,30,NOT APPLICABLE,NO DEFECTS,DRY,NOT APPLICABLE,S,32,NO CONTROLS,ONE-WAY,CLEAR,0.0,0.0,0.0,0.0,0.0,1.0,2,2,[],[],[],"[""2025-10-08T06:18:00.000""]","[""2165905"", ""2165906""]","[""FRONT""]","[""IL""]","[""JEEP""]","[""STRAIGHT AHEAD""]","[""COMPASS""]","[""1""]","[""N""]","[""1"", ""2""]","[""DRIVER"", ""PEDESTRIAN""]","[""NONE""]","[""2064656""]","[""PASSENGER""]","[""PERSONAL""]","[""2018""]",[],[],[],[],[],[],[],[],[],[],[],[],"[""Y""]",[],[],[],"['50', '64']","[""DID NOT DEPLOY""]","[""TEST NOT OFFERED""]","[""CHICAGO"", ""VERNON HILLS""]","[""2025-10-08T06:18:00.000""]","[""NONE"", ""OTHER""]","[""NOT OBSCURED""]","[""D""]","[""IL""]","[""NONE""]","[""STROGER HOSPITAL""]","[""O2165905"", ""O2165906""]","[""DRIVER"", ""PEDESTRIAN""]","[""NORMAL""]","[""NONE PRESENT"", ""USAGE UNKNOWN""]","[""F"", ""M""]","[""IL""]","[""2064656""]","[""60061"", ""60659""]","[""AMB 41""]",[],"[""CROSSING - NO CONTROLS (NOT AT INTERSECTION)""]","[""IN ROADWAY""]","[""NO CONTRASTING CLOTHING""]",[],2025,10,6,8,False,night,41.88,-87.64,41.88_-87.64,57.0,50,64,OTHER,1
STRAIGHT AND LEVEL,1612,2025-10-08 06:14:00,4,6,10,9E7C500047DBE6CE89A97DA3CDC5E8FF683C7062B9AB434FD70D577EFD3DD31BFA2C5EF4AF443FA525E975366D4266D2588E8D508AE454C97AED53233616A5A0,NO INJURY / DRIVE AWAY,"OVER $1,500",FUNCTIONING PROPERLY,TURNING,41.9830121346,DAYLIGHT,-87.7877635139,2,30,IMPROPER TURNING/NO SIGNAL,NO DEFECTS,DRY,NOT APPLICABLE,W,6400,TRAFFIC SIGNAL,FOUR WAY,CLEAR,0.0,0.0,1.0,0.0,0.0,1.0,1,2,[],[],"[""Y""]","[""2025-10-08T06:14:00.000""]","[""2170241"", ""2170242""]","[""FRONT-LEFT-CORNER"", ""UNKNOWN""]","[""IL""]","[""MERCURY"", ""TOYOTA""]","[""STRAIGHT AHEAD"", ""U-TURN""]","[""COROLLA"", ""MARINER""]","[""1""]","[""W""]","[""1"", ""2""]","[""DRIVER""]","[""NONE""]","[""2068751"", ""2068752""]","[""PASSENGER""]","[""PERSONAL""]","[""2010"", ""2014""]",[],[],"[""Y""]",[],[],[],[],[],[],[],[],[],[],[],"[""N""]",[],"['25', '50']","[""NOT APPLICABLE""]","[""TEST NOT OFFERED""]","[""CHICAGO""]","[""2025-10-08T06:14:00.000""]","[""IMPROPER TURN"", ""UNKNOWN""]","[""NOT OBSCURED""]","[""D""]","[""IL""]","[""NONE""]",[],"[""O2170241"", ""O2170242""]","[""DRIVER""]","[""NORMAL""]","[""SAFETY BELT USED""]","[""F""]","[""IL""]","[""2068751"", ""2068752""]","[""60631"", ""60639""]",[],[],[],[],[],[],2025,10,6,8,False,night,41.98,-87.79,41.98_-87.79,37.5,25,50,OTHER,0
STRAIGHT AND LEVEL,1631,2025-10-08 05:35:00,4,5,10,6832569364902E5A71395DE2EBDF13E6479EC432E573EBDE63E3DA1C756B65E02AD1084F23C692E465971A912C88E46F464DF3C94C65E8D86B22E057CAD149CA,INJURY AND / OR TOW DUE TO CRASH,"OVER $1,500",NO CONTROLS,ANGLE,41.945256146,"DARKNESS, LIGHTED ROAD",-87.8130542792,2,30,FAILING TO YIELD RIGHT-OF-WAY,NO DEFECTS,DRY,FAILING TO YIELD RIGHT-OF-WAY,W,7430,NO CONTROLS,NOT DIVIDED,CLEAR,0.0,1.0,0.0,0.0,0.0,1.0,1,1,"[""Y""]",[],"[""Y""]","[""2025-10-08T05:35:00.000""]","[""2165887"", ""2165888""]","[""FRONT"", ""SIDE-LEFT-FRONT""]","[""IL""]","[""DODGE"", ""FORD""]","[""STRAIGHT AHEAD""]","[""CHARGER"", ""TRANSIT""]","[""1""]","[""N"", ""W""]","[""1"", ""2""]","[""DRIVER""]","[""NONE"", ""UNKNOWN""]","[""2064641"", ""2064642""]","[""PASSENGER"", ""VAN/MINI-VAN""]","[""PERSONAL"", ""UNKNOWN/NA""]","[""2010"", ""2017""]",[],[],"[""Y""]","[""City of Chicago"", ""Private tow""]","[""Y""]",[],[],"[""Y""]","[""Y""]",[],[],[],[],[],[],"[""City pound""]",['51'],"[""DEPLOYED, FRONT""]","[""TEST NOT OFFERED""]","[""BENSENVILLE"", ""CHICAGO""]","[""2025-10-08T05:35:00.000""]","[""FAILED TO YIELD"", ""NONE""]","[""NOT OBSCURED"", ""UNKNOWN""]","[""C""]","[""IL""]","[""NONE""]",[],"[""O2165887"", ""O2165888""]","[""DRIVER""]","[""NORMAL"", ""UNKNOWN""]","[""SAFETY BELT USED"", ""USAGE UNKNOWN""]","[""M""]","[""IL""]","[""2064641"", ""2064642""]","[""60106"", ""60634""]",[],[],[],[],[],[],2025,10,5,8,False,night,41.95,-87.81,41.95_-87.81,51.0,51,51,FAILURE-TO-YIELD,1
STRAIGHT AND LEVEL,511,2025-10-08 05:20:00,4,5,10,E3B95EAC153158EE7E22DC98ACEA2FB30396195B92A0FEC72F15E96CF7A92BF153FAD9EBF8B01D6AFA35C2841957918460339092966525D18CA0F18066EB4AFB,NO INJURY / DRIVE AWAY,"OVER $1,500",NO CONTROLS,REAR END,41.716576643,DAYLIGHT,-87.6228816422,2,30,UNABLE TO DETERMINE,UNKNOWN,UNKNOWN,UNABLE TO DETERMINE,S,9802,NO CONTROLS,DIVIDED - W/MEDIAN (NOT RAISED),CLEAR,0.0,0.0,0.0,0.0,0.0,1.0,1,1,"[""Y""]",[],"[""Y""]","[""2025-10-08T05:20:00.000""]","[""2167514"", ""2167515""]","[""FRONT"", ""REAR""]","[""IL""]","[""AUDI"", ""KIA""]","[""STRAIGHT AHEAD""]","[""ALLROAD"", ""OPTIMA / K5""]","[""1""]","[""N""]","[""1"", ""2""]","[""DRIVER""]","[""UNKNOWN""]","[""2066161"", ""2066202""]","[""PASSENGER"", ""UNKNOWN/NA""]","[""UNKNOWN/NA""]","[""2001"", ""2007""]",[],[],"[""Y""]",[],[],[],[],[],[],[],[],[],[],"[""Y""]","[""Y""]",[],['55'],"[""DEPLOYMENT UNKNOWN"", ""DID NOT DEPLOY""]","[""TEST NOT OFFERED""]","[""CHICAGO""]","[""2025-10-08T05:20:00.000""]","[""UNKNOWN""]","[""UNKNOWN""]","[""D""]","[""IL""]","[""NONE""]",[],"[""O2167514"", ""O2167515""]","[""DRIVER""]","[""UNKNOWN""]","[""USAGE UNKNOWN""]","[""M""]","[""IL""]","[""2066161"", ""2066202""]","[""60628""]",[],[],[],[],[],[],2025,10,5,8,False,night,41.72,-87.62,41.72_-87.62,55.0,55,55,OTHER,0