alignment,beat_of_occurrence,crash_date,crash_day_of_week,crash_hour,crash_month,crash_record_id,crash_type,damage,device_condition,first_crash_type,latitude,lighting_condition,longitude,num_units,posted_speed_limit,prim_contributory_cause,road_defect,roadway_surface_cond,sec_contributory_cause,street_direction,street_no,traffic_control_device,trafficway_type,weather_condition,private_property_i,hit_and_run_i,intersection_related_i,crash_date_est_i,work_zone_i,workers_present_i,veh_count,ppl_count,veh_area_01_i_list_json,veh_area_02_i_list_json,veh_area_12_i_list_json,veh_crash_date_list_json,veh_crash_unit_id_list_json,veh_first_contact_point_list_json,veh_lic_plate_state_list_json,veh_make_list_json,veh_maneuver_list_json,veh_model_list_json,veh_occupant_cnt_list_json,veh_travel_direction_list_json,veh_unit_no_list_json,veh_unit_type_list_json,veh_vehicle_defect_list_json,veh_vehicle_id_list_json,veh_vehicle_type_list_json,veh_vehicle_use_list_json,veh_vehicle_year_list_json,veh_area_03_i_list_json,veh_area_04_i_list_json,veh_area_11_i_list_json,veh_towed_by_list_json,veh_towed_i_list_json,veh_area_07_i_list_json,veh_area_99_i_list_json,veh_area_09_i_list_json,veh_area_10_i_list_json,veh_cmrc_veh_i_list_json,veh_num_passengers_list_json,veh_area_08_i_list_json,veh_area_00_i_list_json,veh_area_05_i_list_json,veh_area_06_i_list_json,veh_towed_to_list_json,ppl_age_list_json,ppl_airbag_deployed_list_json,ppl_bac_result_list_json,ppl_city_list_json,ppl_crash_date_list_json,ppl_driver_action_list_json,ppl_driver_vision_list_json,ppl_drivers_license_class_list_json,ppl_drivers_license_state_list_json,ppl_ejection_list_json,ppl_hospital_list_json,ppl_person_id_list_json,ppl_person_type_list_json,ppl_physical_condition_list_json,ppl_safety_equipment_list_json,ppl_sex_list_json,ppl_state_list_json,ppl_vehicle_id_list_json,ppl_zipcode_list_json,ppl_ems_agency_list_json,ppl_seat_no_list_json,ppl_pedpedal_action_list_json,ppl_pedpedal_location_list_json,ppl_pedpedal_visibility_list_json,ppl_ems_run_no_list_json,year,month,hour,day,is_weekend,hour_bin,lat_bin,lng_bin,grid_id,ppl_age_mean,ppl_age_min,ppl_age_max,prim_contributory_cause_group,ksi_flag
STRAIGHT AND LEVEL,431,2025-10-08 05:00:00,4,5,10,7EE3995325645AD7BCA413E1F1CBDC554B4AD4280DD354CA64651F60F19BA86438FD94788F11F33434D11C2C450B0782414857926DA226A86AF57E7A6548D6B8,NO INJURY / DRIVE AWAY,"OVER $1,500",NO CONTROLS,PARKED MOTOR VEHICLE,41.7162721444,DAWN,-87.5733978335,2,10,FAILING TO REDUCE SPEED TO AVOID CRASH,NO DEFECTS,DRY,UNABLE TO DETERMINE,E,2114,NO CONTROLS,NOT DIVIDED,CLEAR,0.0,1.0,0.0,0.0,0.0,1.0,2,0,"[""Y""]",[],"[""Y""]","[""2025-10-08T05:00:00.000""]","[""2165885"", ""2165886""]","[""FRONT-RIGHT-CORNER"", ""REAR-LEFT-CORNER""]","[""IL""]","[""ACURA"", ""HONDA""]","[""PARKED"", ""STRAIGHT AHEAD""]","[""ACCORD"", ""ADX""]","[""0"", ""1""]","[""W""]","[""1"", ""2""]","[""DRIVER"", ""PARKED""]","[""UNKNOWN""]","[""2064639"", ""2064640""]","[""PASSENGER"", ""UNKNOWN/NA""]","[""NOT IN USE"", ""UNKNOWN/NA""]","[""2007""]",[],[],[],[],[],"[""Y""]",[],"[""Y""]",[],[],[],"[""Y""]",[],[],"[""Y""]",[],[],"[""DEPLOYMENT UNKNOWN""]","[""TEST NOT OFFERED""]",[],"[""2025-10-08T05:00:00.000""]","[""OTHER""]","[""UNKNOWN""]",[],[],"[""NONE""]",[],"[""O2165885""]","[""DRIVER""]","[""UNKNOWN""]","[""USAGE UNKNOWN""]","[""X""]",[],"[""2064639""]",[],[],[],[],[],[],[],2025,10,5,8,False,night,41.72,-87.57,41.72_-87.57,0.0,0,0,SPEEDING,0
STRAIGHT AND LEVEL,1123,2025-10-08 04:55:00,4,4,10,C0C2CC6C504842516D838915060E27D9E286E570B9A9F74F6DCCE56365B99A218D23EA51D5647AB2061FD776806D8CB9F0B5550E9006E4B1982DA49D8D8841E7,NO INJURY / DRIVE AWAY,"OVER $1,500",NO CONTROLS,ANGLE,41.8846707197,"DARKNESS, LIGHTED ROAD",-87.7112658556,2,25,UNABLE TO DETERMINE,NO DEFECTS,DRY,UNABLE TO DETERMINE,N,200,NO CONTROLS,DIVIDED - W/MEDIAN (NOT RAISED),CLEAR,0.0,1.0,0.0,0.0,0.0,1.0,1,1,"[""Y""]","[""Y""]","[""Y""]","[""2025-10-08T04:55:00.000""]","[""2165879"", ""2165880""]","[""FRONT"", ""FRONT-RIGHT-CORNER""]","[""IL""]","[""HONDA"", ""JEEP""]","[""STRAIGHT AHEAD""]","[""PILOT"", ""WRANGLER""]","[""1""]","[""S"", ""UNKNOWN""]","[""1"", ""2""]","[""DRIVER""]","[""NONE"", ""UNKNOWN""]","[""2064633"", ""2064635""]","[""SPORT UTILITY VEHICLE (SUV)""]","[""PERSONAL""]","[""2022""]","[""Y""]",[],[],[],[],[],[],[],[],[],[],[],[],[],[],[],['50'],"[""DEPLOYMENT UNKNOWN"", ""DID NOT DEPLOY""]","[""TEST NOT OFFERED""]","[""CHICAGO""]","[""2025-10-08T04:55:00.000""]","[""NONE"", ""UNKNOWN""]","[""NOT OBSCURED"", ""UNKNOWN""]","[""D""]","[""IL""]","[""UNKNOWN""]",[],"[""O2165879"", ""O2165880""]","[""DRIVER""]","[""NORMAL"", ""UNKNOWN""]","[""SAFETY BELT USED"", ""USAGE UNKNOWN""]","[""F"", ""X""]","[""IL""]","[""2064633"", ""2064635""]","[""60651""]",[],[],[],[],[],[],2025,10,4,8,False,night,41.88,-87.71,41.88_-87.71,50.0,50,50,OTHER,0
STRAIGHT AND LEVEL,1131,2025-10-08 04:10:00,4,4,10,D705BF4C4FD841A3783E61A89D74E03A4BCDC794E8B101BFF037AE89C6492C07CDDE0E42281D95519C2E41A4F0C709B318784CA9813C2EB687A8CD08E4535F2E,INJURY AND / OR TOW DUE TO CRASH,"OVER $1,500",NO CONTROLS,SIDESWIPE SAME DIRECTION,41.8723436856,"DARKNESS, LIGHTED ROAD",-87.7340731344,2,30,UNABLE TO DETERMINE,NO DEFECTS,DRY,NOT APPLICABLE,W,4333,NO CONTROLS,ONE-WAY,CLEAR,0.0,1.0,0.0,0.0,0.0,1.0,1,3,[],[],"[""Y""]","[""2025-10-08T04:10:00.000""]","[""2165877"", ""2165878""]","[""SIDE-LEFT"", ""UNKNOWN""]","[""IL""]","[""CHEVROLET"", ""UNKNOWN""]","[""SLOW/STOP IN TRAFFIC"", ""UNKNOWN/NA""]","[""MALIBU"", ""OTHER (EXPLAIN IN NARRATIVE)""]","[""1"", ""4""]","[""E""]","[""1"", ""2""]","[""DRIVER""]","[""NONE"", ""UNKNOWN""]","[""2064629"", ""2064630""]","[""PASSENGER"", ""UNKNOWN/NA""]","[""RIDESHARE SERVICE"", ""UNKNOWN/NA""]","[""2020""]",[],[],"[""Y""]",[],[],[],"[""Y""]","[""Y""]","[""Y""]",[],"[""3""]",[],[],[],[],[],"['19', '24', '36']","[""DEPLOYMENT UNKNOWN"", ""DID NOT DEPLOY""]","[""TEST NOT OFFERED""]","[""BELLWOOD"", ""CHICAGO"", ""CICERO""]","[""2025-10-08T04:10:00.000""]","[""NONE"", ""UNKNOWN""]","[""NOT OBSCURED"", ""UNKNOWN""]","[""D""]","[""IL"", ""XX""]","[""NONE""]","[""HUMBOLDT PARK HEALTH"", ""LORETTO""]","[""O2165877"", ""O2165878"", ""P477927"", ""P477928"", ""P477929""]","[""DRIVER"", ""PASSENGER""]","[""EMOTIONAL"", ""UNKNOWN""]","[""USAGE UNKNOWN""]","[""F"", ""M"", ""X""]","[""IL""]","[""2064629"", ""2064630""]","[""60104"", ""60624"", ""60651"", ""60804""]",[],"[""4"", ""5"", ""6""]",[],[],[],"[""10"", ""23"", ""63""]",2025,10,4,8,False,night,41.87,-87.73,41.87_-87.73,26.333333333333332,19,36,OTHER,1
CURVE ON GRADE,132,2025-10-08 04:01:00,4,4,10,06186D923D210CD268DDF48A798F7E97646ED87985C1B1A521592D2551846D271D51752E848D229D6D4AA0963042A98E3FD58B9F11324D19D6E90134B8CB463A,NO INJURY / DRIVE AWAY,"OVER $1,500",FUNCTIONING PROPERLY,REAR END,41.8650693052,"DARKNESS, LIGHTED ROAD",-87.6196522111,2,30,FAILING TO YIELD RIGHT-OF-WAY,NO DEFECTS,DRY,UNABLE TO DETERMINE,S,1326,TRAFFIC SIGNAL,DIVIDED - W/MEDIAN BARRIER,CLEAR,0.0,1.0,1.0,0.0,0.0,1.0,1,1,[],[],[],"[""2025-10-08T04:01:00.000""]","[""2165881"", ""2165882""]","[""FRONT"", ""REAR""]","[""MS""]","[""TOYOTA"", ""UNKNOWN""]","[""SLOW/STOP IN TRAFFIC"", ""STRAIGHT AHEAD""]","[""COROLLA"", ""OTHER (EXPLAIN IN NARRATIVE)""]","[""1"", ""2""]","[""S""]","[""1"", ""2""]","[""DRIVER""]","[""NONE"", ""UNKNOWN""]","[""2064634"", ""2064636""]","[""PASSENGER""]","[""TAXI/FOR HIRE"", ""UNKNOWN/NA""]","[""2024""]",[],[],[],[],[],[],[],[],[],[],"[""1""]",[],[],[],[],[],['58'],"[""DEPLOYMENT UNKNOWN"", ""NOT APPLICABLE""]","[""TEST NOT OFFERED""]","[""NILES""]","[""2025-10-08T04:01:00.000""]","[""FAILED TO YIELD"", ""NONE""]","[""NOT OBSCURED"", ""UNKNOWN""]","[""D""]","[""IL""]","[""NONE""]",[],"[""O2165881"", ""O2165882"", ""P477930""]","[""DRIVER"", ""PASSENGER""]","[""NORMAL"", ""UNKNOWN""]","[""SAFETY BELT USED"", ""USAGE UNKNOWN""]","[""F"", ""M""]","[""IL""]","[""2064634"", ""2064636""]","[""60714""]",[],"[""6""]",[],[],[],[],2025,10,4,8,False,night,41.87,-87.62,41.87_-87.62,58.0,58,58,FAILURE-TO-YIELD,0
STRAIGHT AND LEVEL,1633,2025-10-08 02:45:00,4,2,10,4F21B3EF8EA87434C101E9CF53768B8448E1A8B346E9E42B4802FB615DEB906404EE4CC2164A094FAB2D7FA60978554F9BD98CAD98BB8F1914C0DAAA08388EA1,INJURY AND / OR TOW DUE TO CRASH,"OVER $1,500",NO CONTROLS,PARKED MOTOR VEHICLE,41.9420630658,"DARKNESS, LIGHTED ROAD",-87.7712180386,4,30,UNABLE TO DETERMINE,NO DEFECTS,DRY,NOT APPLICABLE,W,5755,NO CONTROLS,ONE-WAY,CLEAR,0.0,1.0,0.0,0.0,0.0,1.0,2,0,"[""Y""]","[""Y""]","[""Y""]","[""2025-10-08T02:45:00.000""]","[""2165873"", ""2165874"", ""2165875"", ""2165876""]","[""FRONT-RIGHT-CORNER"", ""REAR""]","[""IL""]","[""CADILLAC"", ""DODGE"", ""KIA""]","[""PARKED"", ""STRAIGHT AHEAD""]","[""DART"", ""ESCALADE"", ""OPTIMA / K5""]","[""0"", ""1""]","[""E""]","[""1"", ""2"", ""3""]","[""DRIVER"", ""PARKED""]","[""NONE""]","[""2064626"", ""2064627"", ""2064628""]","[""PASSENGER"", ""SPORT UTILITY VEHICLE (SUV)""]","[""NOT IN USE"", ""PERSONAL""]","[""2004"", ""2016"", ""2019""]",[],[],"[""Y""]","[""CITY OF CHICAGO""]","[""Y""]","[""Y""]",[],[],[],[],[],[],[],"[""Y""]","[""Y""]",[],[],"[""DEPLOYMENT UNKNOWN""]","[""TEST NOT OFFERED""]",[],"[""2025-10-08T02:45:00.000""]","[""UNKNOWN""]","[""UNKNOWN""]",[],[],"[""NONE""]",[],"[""O2165873""]","[""DRIVER""]","[""UNKNOWN""]","[""USAGE UNKNOWN""]","[""M""]",[],"[""2064626""]",[],[],[],[],[],[],[],2025,10,2,8,False,night,41.94,-87.77,41.94_-87.77,0.0,0,0,OTHER,0
STRAIGHT AND LEVEL,1231,2025-10-08 01:35:00,4,1,10,59720ACC33FAF1AEB9FDF8BDCEABF0CDA00542CF7406F12A1FF9E615F9CA9F8FC75C6F249B17E30E38B048DC6F2F618DEA6C8299FADC4154737109D7EA8ED670,INJURY AND / OR TOW DUE TO CRASH,"OVER $1,500",FUNCTIONING PROPERLY,ANGLE,41.8763914131,"DARKNESS, LIGHTED ROAD",-87.6665186348,2,30,DISREGARDING TRAFFIC SIGNALS,NO DEFECTS,DRY,FAILING TO YIELD RIGHT-OF-WAY,S,399,TRAFFIC SIGNAL,L-INTERSECTION,CLEAR,0.0,0.0,1.0,0.0,1.0,1.0,1,2,"[""Y""]","[""Y""]","[""Y""]","[""2025-10-08T01:35:00.000""]","[""2165871"", ""2165872""]","[""TOTAL (ALL AREAS)""]","[""IL"", ""MO""]","[""CHEVROLET"", ""NISSAN""]","[""STRAIGHT AHEAD""]","[""MALIBU"", ""SENTRA""]","[""1""]","[""S"", ""W""]","[""1"", ""2""]","[""DRIVER""]","[""NONE""]","[""2064624"", ""2064625""]","[""PASSENGER""]","[""PERSONAL""]","[""2017"", ""2024""]","[""Y""]","[""Y""]","[""Y""]","[""INSURANCE COMPANY-GEICO"", ""INSURE ON THE SPOT""]","[""Y""]","[""Y""]",[],[],[],[],[],[],[],"[""Y""]","[""Y""]","[""INSURANCE COMPANY CHOICE""]","['26', '40']","[""DEPLOYED, COMBINATION""]","[""TEST NOT OFFERED""]","[""CHICAGO"", ""FLORISSANT""]","[""2025-10-08T01:35:00.000""]","[""DISREGARDED CONTROL DEVICES"", ""NONE""]","[""NOT OBSCURED"", ""UNKNOWN""]","[""D""]","[""IL"", ""MO""]","[""NONE""]","[""RUSH""]","[""O2165871"", ""O2165872""]","[""DRIVER""]","[""NORMAL"", ""UNKNOWN""]","[""SAFETY BELT USED""]","[""F"", ""M""]","[""IL"", ""MO""]","[""2064624"", ""2064625""]","[""60639"", ""63031""]",[],[],[],[],[],[],2025,10,1,8,False,night,41.88,-87.67,41.88_-87.67,33.0,26,40,OTHER,1
STRAIGHT AND LEVEL,2223,2025-10-08 01:33:00,4,1,10,88685E597B1BCE4D333F7CA870228437EBEDD70B33E801EAE71DA51191D815125BB1D227978B0389A52073D424105D0C935A51186B4A69140D42F6C86A85A135,NO INJURY / DRIVE AWAY,"OVER $1,500",NO CONTROLS,PARKED MOTOR VEHICLE,41.7166280297,"DARKNESS, LIGHTED ROAD",-87.642014307,2,25,NOT APPLICABLE,UNKNOWN,DRY,NOT APPLICABLE,S,9740,NO CONTROLS,OTHER,CLEAR,0.0,0.0,0.0,0.0,0.0,1.0,2,1,"[""Y""]",[],"[""Y""]","[""2025-10-08T01:33:00.000""]","[""2165869"", ""2165870""]","[""FRONT-LEFT-CORNER"", ""SIDE-LEFT""]","[""IL""]","[""JEEP"", ""NISSAN""]","[""PARKED"", ""UNKNOWN/NA""]","[""GRAND CHEROKEE"", ""SENTRA""]","[""0"", ""1""]","[""S""]","[""1"", ""2""]","[""DRIVER"", ""PARKED""]","[""UNKNOWN""]","[""2064621"", ""2064623""]","[""PASSENGER""]","[""NOT IN USE"", ""PERSONAL""]","[""2015"", ""2018""]",[],[],[],[],[],"[""Y""]",[],[],[],[],[],[],[],[],"[""Y""]",[],['28'],"[""DID NOT DEPLOY""]","[""TEST NOT OFFERED""]","[""CHICAGO""]","[""2025-10-08T01:33:00.000""]","[""UNKNOWN""]","[""UNKNOWN""]","[""D""]","[""IL""]","[""NONE""]",[],"[""O2165869""]","[""DRIVER""]","[""NORMAL""]","[""USAGE UNKNOWN""]","[""M""]","[""IL""]","[""2064621""]","[""60628""]",[],[],[],[],[],[],2025,10,1,8,False,night,41.72,-87.64,41.72_-87.64,28.0,28,28,OTHER,0
STRAIGHT AND LEVEL,1732,2025-10-08 00:20:00,4,0,10,75D0BC09A2F7F6A1203B3BC0348B7CD35933BE1E4C883910A8F50BCD5DD49C4E329525BEDE8F79013BF9B36086A8BDC227CC6F84E7BE0DA8D5D584A688B7C6D2,INJURY AND / OR TOW DUE TO CRASH,"OVER $1,500",FUNCTIONING PROPERLY,REAR END,41.9466478272,"DARKNESS, LIGHTED ROAD",-87.7144820778,2,30,FAILING TO REDUCE SPEED TO AVOID CRASH,NO DEFECTS,DRY,NOT APPLICABLE,W,3442,TRAFFIC SIGNAL,FOUR WAY,CLEAR,0.0,1.0,1.0,0.0,0.0,1.0,1,1,[],[],[],"[""2025-10-08T00:20:00.000""]","[""2165855"", ""2165856""]","[""FRONT"", ""REAR""]","[""IL""]","[""FORD"", ""UNKNOWN""]","[""SLOW/STOP IN TRAFFIC"", ""STRAIGHT AHEAD""]","[""FUSION"", ""OTHER (EXPLAIN IN NARRATIVE)""]","[""1""]","[""W""]","[""1"", ""2""]","[""DRIVER""]","[""NONE"", ""UNKNOWN""]","[""2064605"", ""2064608""]","[""PASSENGER""]","[""PERSONAL"", ""UNKNOWN/NA""]","[""2010""]",[],[],[],[],[],"[""Y""]",[],[],[],[],[],[],[],"[""Y""]","[""Y""]",[],['39'],"[""DEPLOYMENT UNKNOWN"", ""NOT APPLICABLE""]","[""TEST NOT OFFERED""]","[""CHICAGO""]","[""2025-10-08T00:20:00.000""]","[""NONE"", ""UNKNOWN""]","[""NOT OBSCURED"", ""UNKNOWN""]","[""C""]","[""IL""]","[""NONE""]",[],"[""O2165855"", ""O2165856""]","[""DRIVER""]","[""NORMAL"", ""UNKNOWN""]","[""SAFETY BELT USED"", ""USAGE UNKNOWN""]","[""M""]","[""IL""]","[""2064605"", ""2064608""]","[""60634""]",[],[],[],[],[],[],2025,10,0,8,False,afternoon,41.95,-87.71,41.95_-87.71,39.0,39,39,SPEEDING,1
STRAIGHT AND LEVEL,133,2025-10-08 00:10:00,4,0,10,88C9EB8D7EFFA0B6525C3DAB15E9C9B50C7C1939CB1452619A704B28D9559379CCA817F197676110C567CF3BDEAB7C803619B9715FE4479F135E01C3B35A2B0B,INJURY AND / OR TOW DUE TO CRASH,"OVER $1,500",NO CONTROLS,FIXED OBJECT,41.8403859661,"DARKNESS, LIGHTED ROAD",-87.6083423218,1,15,FAILING TO REDUCE SPEED TO AVOID CRASH,NO DEFECTS,DRY,FAILING TO REDUCE SPEED TO AVOID CRASH,S,2957,NO CONTROLS,OTHER,CLEAR,1.0,0.0,0.0,0.0,0.0,1.0,1,3,"[""Y""]","[""Y""]",[],"[""2025-10-08T00:10:00.000""]","[""2165857""]","[""FRONT-RIGHT-CORNER""]","[""IL""]","[""HYUNDAI""]","[""STRAIGHT AHEAD""]","[""ELANTRA""]","[""3""]","[""N""]","[""1""]","[""DRIVER""]","[""UNKNOWN""]","[""2064610""]","[""PASSENGER""]","[""PERSONAL""]","[""2019""]","[""N""]",[],[],"[""PRIVATE TOW""]","[""Y""]",[],[],[],[],[],"[""2""]",[],[],[],[],"[""to owner listed address""]","['19', '20', '22']","[""DID NOT DEPLOY""]","[""TEST NOT OFFERED""]","[""CHICAGO""]","[""2025-10-08T00:10:00.000""]","[""TOO FAST FOR CONDITIONS""]","[""UNKNOWN""]","[""D""]","[""IL""]","[""NONE""]",[],"[""O2165857"", ""P477924"", ""P477925""]","[""DRIVER"", ""PASSENGER""]","[""NORMAL""]","[""USAGE UNKNOWN""]","[""F"", ""M""]","[""IL""]","[""2064610""]","[""60621""]",[],"[""4"", ""6""]",[],[],[],[],2025,10,0,8,False,afternoon,41.84,-87.61,41.84_-87.61,20.333333333333332,19,22,SPEEDING,0
STRAIGHT AND LEVEL,1031,2025-10-08 00:05:00,4,0,10,2D42903B4C0F002EBE0834D3FF6DCA9CC820E8F52B55F1C6E9E99CCBB3AF459266D730094FE9C71B8B6137DF3711B8E674A792C090149A748E7C06900EFABEDC,NO INJURY / DRIVE AWAY,"$501 - $1,500",NO CONTROLS,REAR END,41.8302270425,"DARKNESS, LIGHTED ROAD",-87.7240584597,2,30,NOT APPLICABLE,UNKNOWN,UNKNOWN,NOT APPLICABLE,S,3501,NO CONTROLS,UNKNOWN,CLEAR,0.0,0.0,0.0,0.0,0.0,1.0,1,2,[],[],"[""Y""]","[""2025-10-08T00:05:00.000""]","[""2165853"", ""2165854""]","[""FRONT"", ""REAR""]","[""GA"", ""IL""]","[""FORD"", ""NISSAN""]","[""STRAIGHT AHEAD""]","[""EXPLORER"", ""SENTRA""]","[""1""]","[""N""]","[""1"", ""2""]","[""DRIVER""]","[""UNKNOWN""]","[""2064607"", ""2064609""]","[""SPORT UTILITY VEHICLE (SUV)"", ""UNKNOWN/NA""]","[""PERSONAL""]","[""2018"", ""2025""]",[],[],[],[],[],[],[],[],[],[],[],[],[],[],"[""Y""]",[],"['32', '40']","[""DID NOT DEPLOY"", ""NOT APPLICABLE""]","[""TEST NOT OFFERED""]","[""CICERO"", ""MIDLOTHIAN""]","[""2025-10-08T00:05:00.000""]","[""UNKNOWN""]","[""BLINDED - HEADLIGHTS"", ""UNKNOWN""]","[""D""]","[""IL""]","[""NONE""]",[],"[""O2165853"", ""O2165854""]","[""DRIVER""]","[""NORMAL"", ""UNKNOWN""]","[""USAGE UNKNOWN""]","[""F""]","[""IL""]","[""2064607"", ""2064609""]","[""60445"", ""60804""]",[],[],[],[],[],[],2025,10,0,8,False,afternoon,41.83,-87.72,41.83_-87.72,36.0,32,40,OTHER,0
STRAIGHT AND LEVEL,2521,2025-10-08 00:02:00,4,0,10,E89E973F83621951F05AB1624AD7E29B04110F8220261439BEEED0C9DCE33BA284B6ECA69E16C38152A940C50C1A2130439B13B7D5A5F7E1D603FF4747FC7F54,INJURY AND / OR TOW DUE TO CRASH,"OVER $1,500",NO CONTROLS,PARKED MOTOR VEHICLE,41.9349508001,"DARKNESS, LIGHTED ROAD",-87.7444197761,4,30,FAILING TO REDUCE SPEED TO AVOID CRASH,NO DEFECTS,DRY,NOT APPLICABLE,N,2952,NO CONTROLS,ONE-WAY,CLEAR,0.0,0.0,0.0,0.0,0.0,1.0,2,1,"[""Y""]",[],"[""Y""]","[""2025-10-08T00:02:00.000""]","[""2165863"", ""2165864"", ""2165865"", ""2165866""]","[""FRONT-LEFT-CORNER"", ""REAR-RIGHT-CORNER""]","[""IL""]","[""BUICK"", ""CHEVROLET"", ""GENERAL MOTORS CORPORATION (GMC)"", ""SUBARU""]","[""PARKED"", ""STRAIGHT AHEAD""]","[""ASCENT"", ""ENCLAVE"", ""ENVOY"", ""EQUINOX""]","[""0"", ""1""]","[""N""]","[""1"", ""2"", ""3"", ""4""]","[""DRIVER"", ""PARKED""]","[""NONE"", ""UNKNOWN""]","[""2064616"", ""2064617"", ""2064618"", ""2064619""]","[""PASSENGER"", ""SPORT UTILITY VEHICLE (SUV)""]","[""UNKNOWN/NA""]","[""2003"", ""2012"", ""2023"", ""2024""]","[""Y""]","[""Y""]","[""Y""]","[""city of chicago""]","[""Y""]",[],[],[],"[""Y""]",[],[],[],[],"[""Y""]","[""Y""]","[""701 n. sacramento""]",['28'],"[""DID NOT DEPLOY""]","[""TEST NOT OFFERED""]","[""CHICAGO""]","[""2025-10-08T00:02:00.000""]","[""TOO FAST FOR CONDITIONS""]","[""UNKNOWN""]","[""D""]","[""IL""]","[""NONE""]","[""REFUSED""]","[""O2165863""]","[""DRIVER""]","[""NORMAL""]","[""USAGE UNKNOWN""]","[""M""]","[""IL""]","[""2064616""]",[],[],[],[],[],[],[],2025,10,0,8,False,afternoon,41.93,-87.74,41.93_-87.74,28.0,28,28,SPEEDING,0
STRAIGHT AND LEVEL,1225,2025-10-08 00:01:00,4,0,10,2C8E0D63C18B7AEF4165D17095F3A8A50F36815029902980CFA5271891079D168D1E6E4F12703451D701C8C85B8FD3460D299B9BD454B513FC1DA79263352F76,NO INJURY / DRIVE AWAY,"OVER $1,500",NO CONTROLS,PARKED MOTOR VEHICLE,41.8681875677,"DARKNESS, LIGHTED ROAD",-87.6832161881,2,30,UNABLE TO DETERMINE,NO DEFECTS,DRY,UNABLE TO DETERMINE,W,2236,NO CONTROLS,ONE-WAY,CLEAR,0.0,1.0,0.0,0.0,0.0,1.0,2,0,[],[],[],"[""2025-10-08T00:01:00.000""]","[""2167288"", ""2167289""]","[""REAR-LEFT-CORNER"", ""UNKNOWN""]","[""IL""]","[""UNKNOWN"", ""VOLVO""]","[""PARKED"", ""UNKNOWN/NA""]","[""OTHER (EXPLAIN IN NARRATIVE)"", ""S40""]","[""0"", ""1""]","[""W""]","[""1"", ""2""]","[""DRIVER"", ""PARKED""]","[""NONE"", ""UNKNOWN""]","[""2065946"", ""2065947""]","[""PASSENGER"", ""UNKNOWN/NA""]","[""PERSONAL"", ""UNKNOWN/NA""]","[""2004""]",[],[],[],[],[],"[""Y""]","[""Y""]",[],[],[],[],[],[],[],[],[],[],"[""DEPLOYMENT UNKNOWN""]","[""TEST NOT OFFERED""]",[],"[""2025-10-08T00:01:00.000""]","[""UNKNOWN""]","[""UNKNOWN""]",[],[],"[""NONE""]",[],"[""O2167288""]","[""DRIVER""]","[""UNKNOWN""]","[""USAGE UNKNOWN""]","[""X""]",[],"[""2065946""]",[],[],[],[],[],[],[],2025,10,0,8,False,afternoon,41.87,-87.68,41.87_-87.68,0.0,0,0,OTHER,0
STRAIGHT AND LEVEL,1622,2025-10-07 23:50:00,3,23,10,278779DB2419BA970CFB0019127935CCC50C0EBFBD2CD6481F0441288B63D91240E3B1BEDD97B0538D2C90DA47DEB596879B123F33AAD47E0DF51C7A285C5CB1,NO INJURY / DRIVE AWAY,"OVER $1,500",FUNCTIONING PROPERLY,TURNING,41.9822101638,"DARKNESS, LIGHTED ROAD",-87.7876017411,2,30,DISREGARDING TRAFFIC SIGNALS,NO DEFECTS,DRY,UNABLE TO DETERMINE,N,5535,TRAFFIC SIGNAL,FOUR WAY,CLEAR,0.0,1.0,0.0,0.0,0.0,1.0,1,1,[],[],[],"[""2025-10-07T23:50:00.000""]","[""2165851"", ""2165852""]","[""SIDE-LEFT"", ""UNKNOWN""]","[""IL""]","[""MERCEDES-BENZ"", ""NISSAN""]","[""STRAIGHT AHEAD"", ""TURNING LEFT""]","[""OTHER (EXPLAIN IN NARRATIVE)"", ""SENTRA""]","[""1""]","[""NE"", ""S""]","[""1"", ""2""]","[""DRIVER""]","[""UNKNOWN""]","[""2064603"", ""2064604""]","[""PASSENGER"", ""UNKNOWN/NA""]","[""PERSONAL"", ""UNKNOWN/NA""]","[""2021""]",[],[],[],[],[],"[""Y""]",[],"[""N""]",[],[],[],"[""Y""]",[],[],[],[],['22'],"[""DEPLOYMENT UNKNOWN"", ""NOT APPLICABLE""]","[""TEST NOT OFFERED""]","[""CHICAGO""]","[""2025-10-07T23:50:00.000""]","[""DISREGARDED CONTROL DEVICES"", ""OTHER""]","[""NOT OBSCURED"", ""UNKNOWN""]","[""D""]","[""IL""]","[""NONE""]",[],"[""O2165851"", ""O2165852""]","[""DRIVER""]","[""NORMAL"", ""UNKNOWN""]","[""SAFETY BELT USED"", ""USAGE UNKNOWN""]","[""M""]","[""IL""]","[""2064603"", ""2064604""]","[""60630""]",[],[],[],[],[],[],2025,10,23,7,False,evening,41.98,-87.79,41.98_-87.79,22.0,22,22,OTHER,0