alignment,beat_of_occurrence,crash_date,crash_day_of_week,crash_hour,crash_month,crash_record_id,crash_type,damage,device_condition,first_crash_type,latitude,lighting_condition,longitude,num_units,posted_speed_limit,prim_contributory_cause,road_defect,roadway_surface_cond,sec_contributory_cause,street_direction,street_no,traffic_control_device,trafficway_type,weather_condition,private_property_i,hit_and_run_i,intersection_related_i,crash_date_est_i,work_zone_i,workers_present_i,veh_count,ppl_count,veh_area_01_i_list_json,veh_area_02_i_list_json,veh_area_12_i_list_json,veh_crash_date_list_json,veh_crash_unit_id_list_json,veh_first_contact_point_list_json,veh_lic_plate_state_list_json,veh_make_list_json,veh_maneuver_list_json,veh_model_list_json,veh_occupant_cnt_list_json,veh_travel_direction_list_json,veh_unit_no_list_json,veh_unit_type_list_json,veh_vehicle_defect_list_json,veh_vehicle_id_list_json,veh_vehicle_type_list_json,veh_vehicle_use_list_json,veh_vehicle_year_list_json,veh_area_03_i_list_json,veh_area_04_i_list_json,veh_area_11_i_list_json,veh_towed_by_list_json,veh_towed_i_list_json,veh_area_07_i_list_json,veh_area_99_i_list_json,veh_area_09_i_list_json,veh_area_10_i_list_json,veh_cmrc_veh_i_list_json,veh_num_passengers_list_json,veh_area_08_i_list_json,veh_area_00_i_list_json,veh_area_05_i_list_json,veh_area_06_i_list_json,veh_towed_to_list_json,ppl_age_list_json,ppl_airbag_deployed_list_json,ppl_bac_result_list_json,ppl_city_list_json,ppl_crash_date_list_json,ppl_driver_action_list_json,ppl_driver_vision_list_json,ppl_drivers_license_class_list_json,ppl_drivers_license_state_list_json,ppl_ejection_list_json,ppl_hospital_list_json,ppl_person_id_list_json,ppl_person_type_list_json,ppl_physical_condition_list_json,ppl_safety_equipment_list_json,ppl_sex_list_json,ppl_state_list_json,ppl_vehicle_id_list_json,ppl_zipcode_list_json,ppl_ems_agency_list_json,ppl_seat_no_list_json,ppl_pedpedal_action_list_json,ppl_pedpedal_location_list_json,ppl_pedpedal_visibility_list_json,ppl_ems_run_no_list_json,year,month,hour,day,is_weekend,hour_bin,lat_bin,lng_bin,grid_id,ppl_age_mean,ppl_age_min,ppl_age_max,prim_contributory_cause_group,ksi_flag
STRAIGHT AND LEVEL,823,2025-10-07 23:16:00,3,23,10,8AA2FD76FCF0ADB6D65073433A0F48FBC5586C6E05A1A088A5B3A962FC02F7A404411A513DBD3F85EC7EB540CE26D533DE5A74B2EC25680E129B982982DF22E0,INJURY AND / OR TOW DUE TO CRASH,"OVER $1,500",NO CONTROLS,PARKED MOTOR VEHICLE,41.7806832752,"DARKNESS, LIGHTED ROAD",-87.7168714333,2,30,PHYSICAL CONDITION OF DRIVER,NO DEFECTS,DRY,UNABLE TO DETERMINE,W,3734,NO CONTROLS,ONE-WAY,CLEAR,0.0,1.0,0.0,0.0,0.0,1.0,2,1,"[""Y""]","[""Y""]","[""Y""]","[""2025-10-07T23:16:00.000""]","[""2165847"", ""2165848""]","[""FRONT-RIGHT-CORNER"", ""REAR-LEFT-CORNER""]","[""IL""]","[""CHEVROLET"", ""FORD""]","[""PARKED"", ""STRAIGHT AHEAD""]","[""BLAZER"", ""TRANSIT""]","[""0"", ""1""]","[""W""]","[""1"", ""2""]","[""DRIVER"", ""PARKED""]","[""NONE""]","[""2064601"", ""2064602""]","[""SPORT UTILITY VEHICLE (SUV)"", ""VAN/MINI-VAN""]","[""OTHER"", ""PERSONAL""]","[""2018"", ""2021""]",[],[],[],"[""CPD""]","[""Y""]","[""Y""]",[],"[""Y""]",[],"[""N""]",[],"[""Y""]",[],[],"[""Y""]",[],['34'],"[""DID NOT DEPLOY""]","[""TEST NOT OFFERED""]","[""CHICAGO""]","[""2025-10-07T23:16:00.000""]","[""OTHER""]","[""UNKNOWN""]",[],"[""CA""]","[""NONE""]",[],"[""O2165847""]","[""DRIVER""]","[""FATIGUED/ASLEEP""]","[""USAGE UNKNOWN""]","[""M""]","[""IL""]","[""2064601""]","[""60629""]",[],[],[],[],[],[],2025,10,23,7,False,evening,41.78,-87.72,41.78_-87.72,34.0,34,34,OTHER,0
STRAIGHT AND LEVEL,1612,2025-10-07 23:07:00,3,23,10,2F788E491D8629D4EBB9114BDE1B37A789EC366010F7A8DDDE3A7F933171EC8BE68314C276DF836075414BA68F7864930EDEAFCAE23AE30B65EE018CD31DA4ED,NO INJURY / DRIVE AWAY,"$501 - $1,500",FUNCTIONING PROPERLY,REAR END,41.9969308252,"DARKNESS, LIGHTED ROAD",-87.8066543402,2,30,FOLLOWING TOO CLOSELY,NO DEFECTS,DRY,DRIVING SKILLS/KNOWLEDGE/EXPERIENCE,N,6359,TRAFFIC SIGNAL,NOT DIVIDED,CLEAR,0.0,1.0,1.0,0.0,0.0,1.0,1,2,[],[],"[""Y""]","[""2025-10-07T23:07:00.000""]","[""2165867"", ""2165868""]","[""NONE"", ""REAR""]","[""IL""]","[""HONDA"", ""TESLA""]","[""STRAIGHT AHEAD""]","[""ACCORD"", ""MODEL X""]","[""1"", ""2""]","[""N""]","[""1"", ""2""]","[""DRIVER""]","[""NONE""]","[""2064620"", ""2064622""]","[""PASSENGER""]","[""PERSONAL""]","[""2014"", ""2024""]",[],[],[],[],[],[],[],[],[],[],"[""1""]",[],"[""Y""]",[],"[""Y""]",[],"['38', '51']","[""DID NOT DEPLOY""]","[""TEST NOT OFFERED""]","[""CHICAGO"", ""SKOKIE""]","[""2025-10-07T23:07:00.000""]","[""FOLLOWED TOO CLOSELY"", ""NONE""]","[""NOT OBSCURED""]","[""D""]","[""IL""]","[""NONE""]","[""REFUSED""]","[""O2165867"", ""O2165868"", ""P477926""]","[""DRIVER"", ""PASSENGER""]","[""NORMAL""]","[""SAFETY BELT USED"", ""USAGE UNKNOWN""]","[""M""]","[""IL""]","[""2064620"", ""2064622""]","[""60076"", ""60612""]",[],"[""2""]",[],[],[],[],2025,10,23,7,False,evening,42.0,-87.81,42.0_-87.81,44.5,38,51,FOLLOWING TOO CLOSELY,0
STRAIGHT AND LEVEL,815,2025-10-07 23:04:00,3,23,10,A2870D30448253A3E3BF648D644B986845D315541E028E7561907C5ACC59AF34D48904193F43533E1E5E147FA2EE62BA25AC599EB41FFC4CAE10AEA416B8127E,INJURY AND / OR TOW DUE TO CRASH,"OVER $1,500",NO CONTROLS,REAR END,41.7932698867,"DARKNESS, LIGHTED ROAD",-87.7281247749,2,30,UNABLE TO DETERMINE,UNKNOWN,DRY,NOT APPLICABLE,W,4200,NO CONTROLS,NOT DIVIDED,CLEAR,0.0,1.0,0.0,0.0,0.0,1.0,1,1,[],[],"[""Y""]","[""2025-10-07T23:04:00.000""]","[""2165845"", ""2165846""]","[""FRONT"", ""REAR""]","[""IL""]","[""TOYOTA"", ""UNKNOWN""]","[""STARTING IN TRAFFIC"", ""STRAIGHT AHEAD""]","[""COROLLA"", ""OTHER (EXPLAIN IN NARRATIVE)""]","[""1""]","[""W""]","[""1"", ""2""]","[""DRIVER""]","[""UNKNOWN""]","[""2064596"", ""2064599""]","[""PASSENGER""]","[""PERSONAL""]","[""2015""]",[],[],[],[],[],"[""Y""]",[],[],[],[],[],[],[],"[""Y""]","[""Y""]",[],['44'],"[""DEPLOYMENT UNKNOWN"", ""NOT APPLICABLE""]","[""TEST NOT OFFERED""]","[""DES PLAINES""]","[""2025-10-07T23:04:00.000""]","[""FOLLOWED TOO CLOSELY"", ""UNKNOWN""]","[""UNKNOWN""]","[""C""]","[""IL"", ""XX""]","[""NONE""]",[],"[""O2165845"", ""O2165846""]","[""DRIVER""]","[""UNKNOWN""]","[""SAFETY BELT USED"", ""USAGE UNKNOWN""]","[""F"", ""M""]","[""IL""]","[""2064596"", ""2064599""]","[""60016""]","[""21""]",[],[],[],[],[],2025,10,23,7,False,evening,41.79,-87.73,41.79_-87.73,44.0,44,44,OTHER,1
STRAIGHT AND LEVEL,331,2025-10-07 22:30:00,3,22,10,DF94F0E40C73260E3912D84A4FAFD7210419CF4BA52ECC4CE20321F50802C14D7E2570F9EFF2F304B34088CA89E64F27A4336044723B87F97AB6B318CFCA80ED,NO INJURY / DRIVE AWAY,"OVER $1,500",FUNCTIONING PROPERLY,REAR END,41.7814292179,"DARKNESS, LIGHTED ROAD",-87.5748246959,2,30,UNABLE TO DETERMINE,NO DEFECTS,DRY,UNABLE TO DETERMINE,S,6233,TRAFFIC SIGNAL,NOT DIVIDED,CLEAR,0.0,0.0,0.0,0.0,0.0,1.0,1,2,[],[],"[""Y""]","[""2025-10-07T22:30:00.000""]","[""2166087"", ""2166088""]","[""FRONT"", ""REAR""]","[""IL""]","[""HONDA"", ""TOYOTA""]","[""STRAIGHT AHEAD""]","[""COROLLA"", ""CR-V""]","[""1""]","[""S""]","[""1"", ""2""]","[""DRIVER""]","[""UNKNOWN""]","[""2064826"", ""2064829""]","[""PASSENGER""]","[""PERSONAL""]","[""2010"", ""2024""]",[],[],[],[],[],[],[],[],[],[],[],[],[],[],"[""Y""]",[],"['24', '32']","[""DEPLOYMENT UNKNOWN"", ""DID NOT DEPLOY""]","[""TEST NOT OFFERED""]","[""CHICAGO""]","[""2025-10-07T22:30:00.000""]","[""UNKNOWN""]","[""UNKNOWN""]","[""D""]","[""IL""]","[""NONE""]",[],"[""O2166087"", ""O2166088""]","[""DRIVER""]","[""NORMAL"", ""UNKNOWN""]","[""SAFETY BELT USED"", ""USAGE UNKNOWN""]","[""F"", ""M""]","[""IL""]","[""2064826"", ""2064829""]","[""60641"", ""60649""]",[],[],[],[],[],[],2025,10,22,7,False,evening,41.78,-87.57,41.78_-87.57,28.0,24,32,OTHER,0
STRAIGHT AND LEVEL,1654,2025-10-07 22:29:00,3,22,10,09164742596ECAE882DA34591CFA275DA645FF06696E6D77281343CBAE9F07C9CC6AC61B729EB3DEAA3AB700E3CE42AEF45BFEFF7EBDFAD424998255DF4AA773,NO INJURY / DRIVE AWAY,"OVER $1,500",NO CONTROLS,PARKED MOTOR VEHICLE,41.8736407663,"DARKNESS, LIGHTED ROAD",-87.6723897727,2,10,DRIVING SKILLS/KNOWLEDGE/EXPERIENCE,NO DEFECTS,DRY,NOT APPLICABLE,W,10020,NO CONTROLS,PARKING LOT,CLEAR,0.0,0.0,0.0,0.0,0.0,1.0,2,1,[],[],[],"[""2025-10-07T22:29:00.000""]","[""2165840"", ""2165841""]","[""FRONT-LEFT-CORNER"", ""SIDE-RIGHT""]","[""IL""]","[""TOYOTA""]","[""BACKING"", ""PARKED""]","[""CAMRY"", ""SIENNA""]","[""0"", ""1""]","[""W""]","[""1"", ""2""]","[""DRIVER"", ""PARKED""]","[""NONE""]","[""2064590"", ""2064592""]","[""PASSENGER""]","[""RIDESHARE SERVICE""]","[""2025""]","[""Y""]","[""Y""]","[""Y""]",[],[],[],[],[],[],[],[],[],[],[],[],[],['32'],"[""NOT APPLICABLE""]","[""TEST NOT OFFERED""]","[""SHILLER PARK""]","[""2025-10-07T22:29:00.000""]","[""UNKNOWN""]","[""NOT OBSCURED""]","[""C""]","[""IL""]","[""NONE""]",[],"[""O2165840""]","[""DRIVER""]","[""NORMAL""]","[""SAFETY BELT USED""]","[""M""]","[""IL""]","[""2064590""]","[""60176""]",[],[],[],[],[],[],2025,10,22,7,False,evening,41.87,-87.67,NAN_NAN,32.0,32,32,OTHER,0
STRAIGHT AND LEVEL,1234,2025-10-07 22:00:00,3,22,10,02D0B24A41103E529D288960017E6AA8C6E3698DD9D405B7738264F4F89DEA6FF1EDAFEEF75E470F7796CBBCA951046F2293AC27FB77412EB90575AEB859165E,NO INJURY / DRIVE AWAY,"OVER $1,500",NO CONTROLS,PARKED MOTOR VEHICLE,41.8529523413,UNKNOWN,-87.6781173345,2,25,FAILING TO REDUCE SPEED TO AVOID CRASH,NO DEFECTS,UNKNOWN,UNABLE TO DETERMINE,W,2057,NO CONTROLS,NOT DIVIDED,CLEAR,0.0,1.0,0.0,1.0,0.0,1.0,2,0,[],[],[],"[""2025-10-07T22:00:00.000""]","[""2168180"", ""2168181""]","[""SIDE-LEFT-FRONT"", ""UNKNOWN""]","[""GA""]","[""SUBARU"", ""UNKNOWN""]","[""PARKED"", ""UNKNOWN/NA""]","[""FORESTER"", ""OTHER (EXPLAIN IN NARRATIVE)""]","[""0"", ""1""]","[""E"", ""UNKNOWN""]","[""1"", ""2""]","[""DRIVER"", ""PARKED""]","[""NONE"", ""UNKNOWN""]","[""2066802"", ""2066803""]","[""PASSENGER"", ""UNKNOWN/NA""]","[""PERSONAL"", ""UNKNOWN/NA""]","[""2008""]",[],[],"[""Y""]",[],[],[],"[""Y""]","[""Y""]","[""Y""]",[],[],[],[],[],[],[],[],"[""DEPLOYMENT UNKNOWN""]","[""TEST NOT OFFERED""]",[],"[""2025-10-07T22:00:00.000""]","[""OTHER""]","[""UNKNOWN""]",[],[],"[""NONE""]",[],"[""O2168180""]","[""DRIVER""]","[""UNKNOWN""]","[""USAGE UNKNOWN""]","[""X""]",[],"[""2066802""]",[],[],[],[],[],[],[],2025,10,22,7,False,evening,41.85,-87.68,41.85_-87.68,0.0,0,0,SPEEDING,0
STRAIGHT AND LEVEL,2211,2025-10-07 21:52:00,3,21,10,96ED4A0A18A8F4E1469DB6CBBDB5C8A0A2A60EAF7FD2AC0F099E0D284420BC639CA2182C194198E02F068992D0A3B47A9BD22AFC8CAF140AE10DE6E328FA8A50,NO INJURY / DRIVE AWAY,$500 OR LESS,FUNCTIONING PROPERLY,ANGLE,41.7062823319,DARKNESS,-87.6817635946,2,30,UNABLE TO DETERMINE,UNKNOWN,DRY,NOT APPLICABLE,S,10300,TRAFFIC SIGNAL,FOUR WAY,CLEAR,0.0,0.0,1.0,0.0,0.0,1.0,1,2,"[""Y""]",[],[],"[""2025-10-07T21:52:00.000""]","[""2167663"", ""2167664""]","[""SIDE-RIGHT"", ""UNKNOWN""]","[""IL""]","[""CHEVROLET"", ""NISSAN""]","[""STRAIGHT AHEAD""]","[""ALTIMA"", ""SILVERADO""]","[""1""]","[""S"", ""W""]","[""1"", ""2""]","[""DRIVER""]","[""UNKNOWN""]","[""2066294"", ""2066295""]","[""PASSENGER"", ""PICKUP""]","[""PERSONAL""]","[""2014"", ""2020""]",[],[],[],[],[],[],"[""Y""]",[],[],[],[],[],[],[],[],[],"['51', '78']","[""NOT APPLICABLE""]","[""TEST NOT OFFERED""]","[""CHICAGO""]","[""2025-10-07T21:52:00.000""]","[""NONE"", ""UNKNOWN""]","[""NOT OBSCURED"", ""UNKNOWN""]",[],"[""IL""]","[""NONE""]",[],"[""O2167663"", ""O2167664""]","[""DRIVER""]","[""NORMAL"", ""UNKNOWN""]","[""USAGE UNKNOWN""]","[""M""]","[""IL""]","[""2066294"", ""2066295""]","[""60621"", ""60643""]",[],[],[],[],[],[],2025,10,21,7,False,evening,41.71,-87.68,41.71_-87.68,64.5,51,78,OTHER,0
STRAIGHT AND LEVEL,1654,2025-10-07 21:50:00,3,21,10,B9B1590C6D4D87BF1E0440CDE3EDC0D6A91FA2E09E0F4B20E5C1DB73E7DA4B1C4786FDA05D0847B13366917CA0DE94DC629AC2908D72E4A9E6756BC5F596380B,NO INJURY / DRIVE AWAY,$500 OR LESS,NO CONTROLS,SIDESWIPE SAME DIRECTION,41.8736407663,"DARKNESS, LIGHTED ROAD",-87.6723897727,2,20,UNABLE TO DETERMINE,UNKNOWN,DRY,UNABLE TO DETERMINE,W,524,STOP SIGN/FLASHER,OTHER,CLEAR,0.0,0.0,0.0,0.0,0.0,1.0,1,2,[],[],"[""Y""]","[""2025-10-07T21:50:00.000""]","[""2165839"", ""2165842""]","[""FRONT-RIGHT-CORNER"", ""SIDE-LEFT-REAR""]","[""IL""]","[""FORD"", ""TOYOTA""]","[""STRAIGHT AHEAD""]","[""CAMRY"", ""EXPEDITION""]","[""1""]","[""NE""]","[""1"", ""2""]","[""DRIVER""]","[""UNKNOWN""]","[""2064588"", ""2064591""]","[""PASSENGER""]","[""RIDESHARE SERVICE"", ""TAXI/FOR HIRE""]","[""2020""]",[],[],[],[],[],[],[],[],[],[],[],"[""Y""]",[],[],[],[],"['47', '71']","[""DID NOT DEPLOY""]","[""TEST NOT OFFERED""]","[""CHICAGO"", ""HOFFMAN ESTATES""]","[""2025-10-07T21:50:00.000""]","[""OTHER"", ""UNKNOWN""]","[""UNKNOWN""]","[""D""]","[""IL""]","[""NONE""]",[],"[""O2165839"", ""O2165842""]","[""DRIVER""]","[""UNKNOWN""]","[""SAFETY BELT USED""]","[""M""]","[""IL""]","[""2064588"", ""2064591""]","[""60169"", ""60620""]",[],[],[],[],[],[],2025,10,21,7,False,evening,41.87,-87.67,NAN_NAN,59.0,47,71,OTHER,0
STRAIGHT AND LEVEL,331,2025-10-07 21:20:00,3,21,10,478702D6EEB82ED442629B059F4E1E0B90C8129381524C17F5038ED475CF9BCE5ADE846EAEC2C8DCA226C5B93ABD0EA4547886A987A610CB30F96E8CAD5A2E95,INJURY AND / OR TOW DUE TO CRASH,"OVER $1,500",NO CONTROLS,TURNING,41.7680284693,"DARKNESS, LIGHTED ROAD",-87.5666498932,2,30,UNABLE TO DETERMINE,UNKNOWN,DRY,NOT APPLICABLE,S,7000,NO CONTROLS,T-INTERSECTION,CLOUDY/OVERCAST,0.0,0.0,1.0,0.0,0.0,1.0,1,3,"[""Y""]","[""Y""]","[""Y""]","[""2025-10-07T21:20:00.000""]","[""2165835"", ""2165836""]","[""FRONT-LEFT-CORNER"", ""FRONT-RIGHT-CORNER""]","[""IL""]","[""CHEVROLET"", ""TOYOTA""]","[""STRAIGHT AHEAD"", ""TURNING LEFT""]","[""IMPALA"", ""RAV4""]","[""1"", ""2""]","[""E"", ""S""]","[""1"", ""2""]","[""DRIVER""]","[""UNKNOWN""]","[""2064585"", ""2064586""]","[""PASSENGER"", ""SPORT UTILITY VEHICLE (SUV)""]","[""PERSONAL"", ""RIDESHARE SERVICE""]","[""2016""]",[],[],"[""Y""]",[],[],[],[],[],"[""Y""]",[],"[""1""]",[],[],[],[],[],"['23', '51', '52']","[""DID NOT DEPLOY"", ""NOT APPLICABLE""]","[""TEST NOT OFFERED""]","[""CHICAGO"", ""DANVILLE""]","[""2025-10-07T21:20:00.000""]","[""UNKNOWN""]","[""UNKNOWN""]","[""D""]","[""IL""]","[""NONE""]","[""UNIVERSITY OF CHICAGO""]","[""O2165835"", ""O2165836"", ""P477921""]","[""DRIVER"", ""PASSENGER""]","[""REMOVED BY EMS"", ""UNKNOWN""]","[""USAGE UNKNOWN""]","[""F"", ""M""]","[""IL""]","[""2064585"", ""2064586""]","[""60637"", ""61832""]","[""CFD 22""]","[""6""]",[],[],[],[],2025,10,21,7,False,evening,41.77,-87.57,41.77_-87.57,42.0,23,52,OTHER,1
STRAIGHT AND LEVEL,1434,2025-10-07 21:05:00,3,21,10,C6AAA977C49D9BCEF7F6BF6D7C116A6C543D6AC65B31E65E12E7566CF4CA9E39B6DA6FE06E0CBA989FEB398855AC0D1F8F3DB191DDF2A7A76111604F95A6F936,NO INJURY / DRIVE AWAY,"$501 - $1,500",NO CONTROLS,PEDALCYCLIST,41.911369887,"DARKNESS, LIGHTED ROAD",-87.6792222136,2,30,FAILING TO YIELD RIGHT-OF-WAY,NO DEFECTS,DRY,NOT APPLICABLE,N,1652,NO CONTROLS,NOT DIVIDED,CLEAR,0.0,0.0,1.0,0.0,0.0,1.0,2,2,[],[],"[""Y""]","[""2025-10-07T21:05:00.000""]","[""2165849"", ""2165850""]","[""FRONT-LEFT-CORNER""]","[""IL""]","[""TOYOTA""]","[""TURNING LEFT""]","[""PRIUS""]","[""1""]","[""NW""]","[""1"", ""2""]","[""BICYCLE"", ""DRIVER""]","[""NONE""]","[""2064606""]","[""PASSENGER""]","[""PERSONAL""]","[""2013""]",[],[],"[""Y""]",[],[],[],[],[],[],[],[],[],[],[],[],[],"['23', '35']","[""NOT APPLICABLE""]","[""TEST NOT OFFERED""]","[""CHICAGO"", ""DESPLAINS""]","[""2025-10-07T21:05:00.000""]","[""FAILED TO YIELD"", ""NONE""]","[""NOT OBSCURED""]","[""D""]","[""IL""]","[""NONE"", ""TOTALLY EJECTED""]",[],"[""O2165849"", ""O2165850""]","[""BICYCLE"", ""DRIVER""]","[""NORMAL""]","[""BICYCLE HELMET (PEDACYCLIST INVOLVED ONLY)"", ""SAFETY BELT USED""]","[""M""]","[""IL""]","[""2064606""]","[""60016"", ""60622""]",[],[],"[""CROSSING - NO CONTROLS (AT INTERSECTION)""]","[""BIKEWAY""]","[""REFLECTIVE MATERIAL""]",[],2025,10,21,7,False,evening,41.91,-87.68,41.91_-87.68,29.0,23,35,FAILURE-TO-YIELD,0
STRAIGHT AND LEVEL,922,2025-10-07 21:00:00,3,21,10,E6E3F22BD32F0540582EDCFC97C817BF5ABB4B2FF2095E515D60F0E28714C99F254894F9D713FBA9C6C285F417F2198EBCD151D93F7A38D0C43B474E213008B3,NO INJURY / DRIVE AWAY,"OVER $1,500",NO CONTROLS,PARKED MOTOR VEHICLE,41.8123059671,DARKNESS,-87.6895815266,2,30,UNABLE TO DETERMINE,NO DEFECTS,DRY,NOT APPLICABLE,S,4450,NO CONTROLS,NOT DIVIDED,CLEAR,0.0,1.0,0.0,0.0,0.0,1.0,2,0,[],[],[],"[""2025-10-07T21:00:00.000""]","[""2165990"", ""2165991""]","[""REAR"", ""UNKNOWN""]","[""IL""]","[""BMW"", ""UNKNOWN""]","[""PARKED"", ""UNKNOWN/NA""]","[""535 SERIES"", ""OPEN BODY""]","[""0"", ""1""]","[""N"", ""UNKNOWN""]","[""1"", ""2""]","[""DRIVER"", ""PARKED""]","[""NONE"", ""UNKNOWN""]","[""2064732"", ""2064734""]","[""PASSENGER"", ""UNKNOWN/NA""]","[""PERSONAL"", ""UNKNOWN/NA""]","[""2014""]",[],[],[],[],[],"[""Y""]","[""Y""]",[],[],[],[],[],[],"[""Y""]","[""Y""]",[],[],"[""DEPLOYMENT UNKNOWN""]","[""TEST NOT OFFERED""]",[],"[""2025-10-07T21:00:00.000""]","[""UNKNOWN""]","[""UNKNOWN""]",[],[],"[""NONE""]",[],"[""O2165990""]","[""DRIVER""]","[""UNKNOWN""]","[""USAGE UNKNOWN""]","[""X""]",[],"[""2064732""]",[],[],[],[],[],[],[],2025,10,21,7,False,evening,41.81,-87.69,41.81_-87.69,0.0,0,0,OTHER,0
STRAIGHT AND LEVEL,532,2025-10-07 20:57:00,3,20,10,BA8163B7CE75B921F7D0265F8D8389AB630B3BF3A91DAA74F3EDF5673A6A0AC450764F5F503D5396D21F43F824F99F9EEFF2AF941C01401F3465A93C678BAD69,INJURY AND / OR TOW DUE TO CRASH,"OVER $1,500",FUNCTIONING PROPERLY,TURNING,41.6593179398,"DARKNESS, LIGHTED ROAD",-87.6005287508,2,30,UNABLE TO DETERMINE,NO DEFECTS,DRY,UNABLE TO DETERMINE,E,900,STOP SIGN/FLASHER,DIVIDED - W/MEDIAN BARRIER,CLEAR,0.0,0.0,1.0,0.0,0.0,1.0,1,2,"[""Y""]","[""Y""]","[""Y""]","[""2025-10-07T20:57:00.000""]","[""2165825"", ""2165826""]","[""FRONT"", ""SIDE-RIGHT-FRONT""]","[""IL"", ""IN""]","[""NISSAN"", ""RANGE ROVER OF NORTH AMERICA""]","[""STRAIGHT AHEAD"", ""TURNING LEFT""]","[""PATHFINDER"", ""RANGE ROVER OF NORTH AMERICA""]","[""1""]","[""S"", ""W""]","[""1"", ""2""]","[""DRIVER""]","[""UNKNOWN""]","[""2064579"", ""2064580""]","[""PASSENGER""]","[""PERSONAL""]","[""2013"", ""2020""]","[""Y""]",[],"[""Y""]","[""private tow""]","[""Y""]",[],[],[],"[""Y""]",[],[],[],[],[],[],"[""unknown""]","['47', '62']","[""DEPLOYED, FRONT"", ""DID NOT DEPLOY""]","[""TEST NOT OFFERED""]","[""HAMMOND"", ""HARVEY""]","[""2025-10-07T20:57:00.000""]","[""FAILED TO YIELD"", ""OTHER""]","[""NOT OBSCURED""]","[""D""]","[""IL"", ""IN""]","[""NONE""]","[""REFUSED""]","[""O2165825"", ""O2165826""]","[""DRIVER""]","[""NORMAL""]","[""SAFETY BELT USED""]","[""M""]","[""IL"", ""IN""]","[""2064579"", ""2064580""]","[""46323"", ""60426""]",[],[],[],[],[],[],2025,10,20,7,False,evening,41.66,-87.6,41.66_-87.6,54.5,47,62,OTHER,0
STRAIGHT AND LEVEL,2013,2025-10-07 20:50:00,3,20,10,D0EA0CA98013AFE5E6CE2BA846BE454053F56BA3A08BC058950A3A00F64D98ED9C899B63566115BB8FAF224054D54C16F7C12C5325232051676D5B7DF505FEBA,INJURY AND / OR TOW DUE TO CRASH,"OVER $1,500",FUNCTIONING PROPERLY,TURNING,41.9855760454,DUSK,-87.6601764914,2,30,DRIVING SKILLS/KNOWLEDGE/EXPERIENCE,NO DEFECTS,DRY,PHYSICAL CONDITION OF DRIVER,W,1200,TRAFFIC SIGNAL,NOT DIVIDED,CLEAR,0.0,0.0,1.0,0.0,0.0,1.0,1,4,"[""Y""]","[""Y""]","[""Y""]","[""2025-10-07T20:50:00.000""]","[""2165833"", ""2165834""]","[""FRONT""]","[""FL"", ""IN""]","[""JEEP"", ""MAZDA""]","[""STRAIGHT AHEAD"", ""TURNING LEFT""]","[""COMPASS"", ""OTHER (EXPLAIN IN NARRATIVE)""]","[""2""]","[""E"", ""W""]","[""1"", ""2""]","[""DRIVER""]","[""UNKNOWN""]","[""2064583"", ""2064587""]","[""PASSENGER""]","[""PERSONAL""]","[""2017""]",[],[],"[""Y""]","[""STREETS AND SAN""]","[""Y""]",[],[],[],"[""Y""]",[],"[""1""]",[],[],[],[],"[""PARKED ON THE STREET"", ""PARKED TO THE SIDE""]","['24', '25', '33', '36']","[""DEPLOYED, FRONT""]","[""TEST NOT OFFERED""]","[""CHICAGO""]","[""2025-10-07T20:50:00.000""]","[""UNKNOWN""]","[""NOT OBSCURED""]","[""D""]","[""IL""]","[""NONE""]","[""SWEDISH"", ""THOREK"", ""THOREK HOSPITAL""]","[""O2165833"", ""O2165834"", ""P477920"", ""P477922""]","[""DRIVER"", ""PASSENGER""]","[""NORMAL""]","[""SAFETY BELT USED""]","[""F"", ""M""]","[""IL""]","[""2064583"", ""2064587""]","[""60612"", ""60622"", ""60628"", ""60660""]","[""CFD A/31"", ""CFD A/40"", ""CFD/A/31""]","[""3""]",[],[],[],[],2025,10,20,7,False,evening,41.99,-87.66,41.99_-87.66,29.5,24,36,OTHER,1
STRAIGHT AND LEVEL,313,2025-10-07 20:37:00,3,20,10,63CC9C208DD0E3CF64644B6983934772F58F21BFFA66CC2A8CF94A4BED0027DD71CEE5C69634CB162206674FE3498C3B6699148080A7DD5EE1F1B1ACB1B9727A,INJURY AND / OR TOW DUE TO CRASH,"OVER $1,500",NO CONTROLS,FIXED OBJECT,41.7855990971,"DARKNESS, LIGHTED ROAD",-87.6153568839,1,30,FAILING TO REDUCE SPEED TO AVOID CRASH,NO DEFECTS,DRY,DRIVING SKILLS/KNOWLEDGE/EXPERIENCE,E,409,NO CONTROLS,NOT DIVIDED,CLEAR,0.0,0.0,0.0,0.0,0.0,1.0,1,2,[],[],"[""Y""]","[""2025-10-07T20:37:00.000""]","[""2165822""]","[""FRONT""]","[""IL""]","[""FORD""]","[""TURNING RIGHT""]","[""ESCAPE""]","[""2""]","[""N""]","[""1""]","[""DRIVER""]","[""UNKNOWN""]","[""2064575""]","[""SPORT UTILITY VEHICLE (SUV)""]","[""UNKNOWN/NA""]","[""2019""]",[],[],[],"[""PRIVATE""]","[""Y""]",[],[],[],[],[],"[""1""]",[],[],[],[],[],"['29', '43']","[""DEPLOYED, FRONT""]","[""TEST NOT OFFERED""]","[""CHICAGO"", ""STEGER""]","[""2025-10-07T20:37:00.000""]","[""OVERCORRECTED""]","[""NOT OBSCURED""]","[""D""]","[""IL""]","[""NONE""]",[],"[""O2165822"", ""P477917""]","[""DRIVER"", ""PASSENGER""]","[""NORMAL""]","[""USAGE UNKNOWN""]","[""F"", ""M""]","[""IL""]","[""2064575""]","[""60475"", ""60637""]",[],"[""3""]",[],[],[],[],2025,10,20,7,False,evening,41.79,-87.62,41.79_-87.62,36.0,29,43,SPEEDING,0