alignment,beat_of_occurrence,crash_date,crash_day_of_week,crash_hour,crash_month,crash_record_id,crash_type,damage,device_condition,first_crash_type,latitude,lighting_condition,longitude,num_units,posted_speed_limit,prim_contributory_cause,road_defect,roadway_surface_cond,sec_contributory_cause,street_direction,street_no,traffic_control_device,trafficway_type,weather_condition,private_property_i,hit_and_run_i,intersection_related_i,crash_date_est_i,work_zone_i,workers_present_i,veh_count,ppl_count,veh_area_01_i_list_json,veh_area_02_i_list_json,veh_area_12_i_list_json,veh_crash_date_list_json,veh_crash_unit_id_list_json,veh_first_contact_point_list_json,veh_lic_plate_state_list_json,veh_make_list_json,veh_maneuver_list_json,veh_model_list_json,veh_occupant_cnt_list_json,veh_travel_direction_list_json,veh_unit_no_list_json,veh_unit_type_list_json,veh_vehicle_defect_list_json,veh_vehicle_id_list_json,veh_vehicle_type_list_json,veh_vehicle_use_list_json,veh_vehicle_year_list_json,veh_area_03_i_list_json,veh_area_04_i_list_json,veh_area_11_i_list_json,veh_towed_by_list_json,veh_towed_i_list_json,veh_area_07_i_list_json,veh_area_99_i_list_json,veh_area_09_i_list_json,veh_area_10_i_list_json,veh_cmrc_veh_i_list_json,veh_num_passengers_list_json,veh_area_08_i_list_json,veh_area_00_i_list_json,veh_area_05_i_list_json,veh_area_06_i_list_json,veh_towed_to_list_json,ppl_age_list_json,ppl_airbag_deployed_list_json,ppl_bac_result_list_json,ppl_city_list_json,ppl_crash_date_list_json,ppl_driver_action_list_json,ppl_driver_vision_list_json,ppl_drivers_license_class_list_json,ppl_drivers_license_state_list_json,ppl_ejection_list_json,ppl_hospital_list_json,ppl_person_id_list_json,ppl_person_type_list_json,ppl_physical_condition_list_json,ppl_safety_equipment_list_json,ppl_sex_list_json,ppl_state_list_json,ppl_vehicle_id_list_json,ppl_zipcode_list_json,ppl_ems_agency_list_json,ppl_seat_no_list_json,ppl_pedpedal_action_list_json,ppl_pedpedal_location_list_json,ppl_pedpedal_visibility_list_json,ppl_ems_run_no_list_json,year,month,hour,day,is_weekend,hour_bin,lat_bin,lng_bin,grid_id,ppl_age_mean,ppl_age_min,ppl_age_max,prim_contributory_cause_group,ksi_flag
STRAIGHT AND LEVEL,2412,2025-10-07 20:26:00,3,20,10,8E036F4D9134EEAF2ED502E4C68E51DAD61A5FF5FD9F73B29FD9FAF791E6A97362AFB3EA3CA6CDE149DC2CE0446AF024C2B1E62EB29F507B7831280AF7EF91D2,INJURY AND / OR TOW DUE TO CRASH,"OVER $1,500",OTHER,SIDESWIPE SAME DIRECTION,41.999000717,"DARKNESS, LIGHTED ROAD",-87.6900634781,2,30,IMPROPER LANE USAGE,NO DEFECTS,DRY,UNABLE TO DETERMINE,N,6442,NO CONTROLS,NOT DIVIDED,CLEAR,0.0,1.0,0.0,0.0,0.0,1.0,1,2,[],[],[],"[""2025-10-07T20:26:00.000""]","[""2165810"", ""2165811""]","[""UNKNOWN""]","[""IL""]","[""TOYOTA"", ""UNKNOWN""]","[""STRAIGHT AHEAD""]","[""MOTORIZED"", ""PRIUS""]","[""1"", ""2""]","[""S""]","[""1"", ""2""]","[""DRIVER""]","[""UNKNOWN""]","[""2064565"", ""2064570""]","[""PASSENGER"", ""UNKNOWN/NA""]","[""PERSONAL"", ""UNKNOWN/NA""]","[""2010"", ""2017""]",[],[],"[""Y""]","[""private""]","[""Y""]",[],"[""Y""]",[],"[""Y""]",[],"[""1""]",[],[],[],[],[],"['24', '27']","[""DEPLOYMENT UNKNOWN"", ""NOT APPLICABLE""]","[""TEST NOT OFFERED""]","[""CHICAGO""]","[""2025-10-07T20:26:00.000""]","[""NONE"", ""UNKNOWN""]","[""UNKNOWN""]","[""D""]","[""IL""]","[""NONE""]",[],"[""O2165810"", ""O2165811"", ""P477916""]","[""DRIVER"", ""PASSENGER""]","[""NORMAL"", ""UNKNOWN""]","[""SAFETY BELT USED"", ""USAGE UNKNOWN""]","[""F"", ""M"", ""X""]","[""IL""]","[""2064565"", ""2064570""]","[""60625"", ""60645""]",[],"[""3""]",[],[],[],[],2025,10,20,7,False,evening,42.0,-87.69,42.0_-87.69,25.5,24,27,OTHER,0
STRAIGHT AND LEVEL,611,2025-10-07 20:15:00,3,20,10,4C7133EB7CD74769D90698F65D957652CB67E506233A1C2018288FFB65900F38DD4F751B88C3C91203879A1C984ADC0771C6F80E32A55D79D18C148DD3A3BE60,INJURY AND / OR TOW DUE TO CRASH,$500 OR LESS,FUNCTIONING PROPERLY,PEDESTRIAN,41.7502622404,"DARKNESS, LIGHTED ROAD",-87.6635801171,2,30,UNABLE TO DETERMINE,NO DEFECTS,DRY,UNABLE TO DETERMINE,S,7900,TRAFFIC SIGNAL,DIVIDED - W/MEDIAN (NOT RAISED),CLEAR,0.0,1.0,1.0,0.0,0.0,1.0,2,1,[],[],[],"[""2025-10-07T20:15:00.000""]","[""2169890"", ""2169891""]","[""FRONT""]",[],"[""UNKNOWN""]","[""STRAIGHT AHEAD""]","[""MOTORIZED""]","[""1""]","[""N""]","[""1"", ""2""]","[""DRIVER"", ""PEDESTRIAN""]","[""UNKNOWN""]","[""2068405""]","[""SPORT UTILITY VEHICLE (SUV)""]","[""UNKNOWN/NA""]",[],[],[],[],[],[],[],"[""Y""]",[],[],[],[],[],[],[],[],[],['21'],"[""DEPLOYMENT UNKNOWN""]","[""TEST NOT OFFERED""]","[""CHICAGO""]","[""2025-10-07T20:15:00.000""]","[""NONE"", ""OTHER""]","[""NOT OBSCURED"", ""UNKNOWN""]",[],[],"[""NONE""]","[""RUSH""]","[""O2169890"", ""O2169891""]","[""DRIVER"", ""PEDESTRIAN""]","[""NORMAL"", ""UNKNOWN""]","[""NONE PRESENT"", ""USAGE UNKNOWN""]","[""F"", ""M""]","[""IL""]","[""2068405""]","[""60620""]",[],[],"[""CROSSING - CONTROLS PRESENT (NOT AT INTERSECTION)""]","[""IN ROADWAY""]","[""NO CONTRASTING CLOTHING""]",[],2025,10,20,7,False,evening,41.75,-87.66,41.75_-87.66,21.0,21,21,OTHER,1
STRAIGHT AND LEVEL,1814,2025-10-07 20:00:00,3,20,10,FFC2C78E994176C7DD767174E1638961D53B3C5C9170FCFB224B42B877F2925F313AC314330C3DC25826E5AC582A87B820FA84EADE57479C126913EC7E8D00A6,NO INJURY / DRIVE AWAY,"OVER $1,500",NO CONTROLS,SIDESWIPE SAME DIRECTION,41.9221207966,"DARKNESS, LIGHTED ROAD",-87.6302432603,2,30,UNABLE TO DETERMINE,UNKNOWN,UNKNOWN,UNABLE TO DETERMINE,N,2200,NO CONTROLS,DIVIDED - W/MEDIAN BARRIER,CLEAR,0.0,0.0,0.0,0.0,0.0,1.0,1,2,[],[],[],"[""2025-10-07T20:00:00.000""]","[""2166097"", ""2166098""]","[""FRONT-LEFT-CORNER"", ""REAR-RIGHT-CORNER""]","[""IL""]","[""AUDI"", ""SUBARU""]","[""CHANGING LANES"", ""STRAIGHT AHEAD""]","[""OUTBACK"", ""Q5""]","[""1""]","[""UNKNOWN""]","[""1"", ""2""]","[""DRIVER""]","[""UNKNOWN""]","[""2064840"", ""2064846""]","[""SPORT UTILITY VEHICLE (SUV)""]","[""PERSONAL""]","[""2022""]",[],"[""Y""]","[""Y""]",[],[],[],[],[],"[""Y""]",[],[],[],[],"[""Y""]",[],[],"['30', '74']","[""DEPLOYED, COMBINATION"", ""DEPLOYMENT UNKNOWN""]","[""TEST NOT OFFERED""]","[""CHICAGO""]","[""2025-10-07T20:00:00.000""]","[""IMPROPER LANE CHANGE"", ""UNKNOWN""]","[""UNKNOWN""]","[""D""]","[""IL""]","[""UNKNOWN""]",[],"[""O2166097"", ""O2166098""]","[""DRIVER""]","[""EMOTIONAL""]","[""USAGE UNKNOWN""]","[""F""]","[""IL""]","[""2064840"", ""2064846""]","[""60614"", ""60640""]",[],[],[],[],[],[],2025,10,20,7,False,evening,41.92,-87.63,41.92_-87.63,52.0,30,74,OTHER,0
STRAIGHT AND LEVEL,1814,2025-10-07 20:00:00,3,20,10,D2BF7D221438598EB075A84A14047A79A2861E9C0861828D63617A12699BF510A6C6C020598A519165A2F7F25E311D8ECFFC9D263783DED1029217DBC0896C0C,NO INJURY / DRIVE AWAY,"$501 - $1,500",NO CONTROLS,TURNING,41.9239255079,DARKNESS,-87.6328936156,2,35,UNABLE TO DETERMINE,NO DEFECTS,DRY,NOT APPLICABLE,N,2302,NO CONTROLS,NOT DIVIDED,CLEAR,0.0,0.0,0.0,0.0,0.0,1.0,1,2,"[""Y""]",[],"[""Y""]","[""2025-10-07T20:00:00.000""]","[""2165812"", ""2165813""]","[""FRONT"", ""FRONT-RIGHT-CORNER""]","[""IL""]","[""AUDI"", ""SUBARU""]","[""TURNING RIGHT""]","[""A5"", ""OUTBACK""]","[""1""]","[""W""]","[""1"", ""2""]","[""DRIVER""]","[""NONE"", ""UNKNOWN""]","[""2064562"", ""2064568""]","[""PASSENGER""]","[""PERSONAL""]","[""2022""]",[],[],[],[],[],[],[],[],[],[],[],[],[],[],[],[],"['30', '74']","[""DID NOT DEPLOY""]","[""TEST NOT OFFERED""]","[""CHICAGO""]","[""2025-10-07T20:00:00.000""]","[""UNKNOWN""]","[""UNKNOWN""]","[""D""]","[""IL""]","[""NONE"", ""UNKNOWN""]",[],"[""O2165812"", ""O2165813""]","[""DRIVER""]","[""NORMAL""]","[""USAGE UNKNOWN""]","[""F""]","[""IL""]","[""2064562"", ""2064568""]","[""60614"", ""60640""]",[],[],[],[],[],[],2025,10,20,7,False,evening,41.92,-87.63,41.92_-87.63,52.0,30,74,OTHER,0
STRAIGHT AND LEVEL,2022,2025-10-07 20:00:00,3,20,10,6E94D68A7D34FC003C62B7E34F17C927A4A736F2E5CB918B09095E5E3933DFAACC5448F9173C375F1044680A0251ABC84FA9DDA773A273CA683F406FF8633326,NO INJURY / DRIVE AWAY,"$501 - $1,500",NO CONTROLS,SIDESWIPE SAME DIRECTION,41.9853695449,DARKNESS,-87.6583326176,2,30,IMPROPER OVERTAKING/PASSING,UNKNOWN,UNKNOWN,IMPROPER OVERTAKING/PASSING,W,1105,NO CONTROLS,UNKNOWN,CLEAR,0.0,0.0,0.0,0.0,0.0,1.0,1,1,"[""Y""]",[],[],"[""2025-10-07T20:00:00.000""]","[""2165889"", ""2165890""]","[""FRONT-RIGHT-CORNER"", ""REAR-LEFT-CORNER""]","[""IL"", ""XX""]","[""MAZDA"", ""UNKNOWN""]","[""OTHER"", ""PASSING/OVERTAKING""]","[""CX-5"", ""OTHER (EXPLAIN IN NARRATIVE)""]","[""1""]","[""E""]","[""1"", ""2""]","[""DRIVER""]","[""UNKNOWN""]","[""2064643"", ""2064645""]","[""PASSENGER"", ""SPORT UTILITY VEHICLE (SUV)""]","[""PERSONAL""]","[""2018""]",[],[],[],[],[],"[""Y""]",[],[],[],[],[],[],[],[],[],[],['36'],"[""DEPLOYMENT UNKNOWN""]","[""TEST NOT OFFERED""]","[""CHICAGO""]","[""2025-10-07T20:00:00.000""]","[""IMPROPER PASSING"", ""OTHER""]","[""UNKNOWN""]","[""D""]","[""IL""]","[""UNKNOWN""]",[],"[""O2165889"", ""O2165890""]","[""DRIVER""]","[""UNKNOWN""]","[""USAGE UNKNOWN""]","[""M""]","[""IL""]","[""2064643"", ""2064645""]","[""60657""]",[],[],[],[],[],[],2025,10,20,7,False,evening,41.99,-87.66,41.99_-87.66,36.0,36,36,OTHER,0
STRAIGHT AND LEVEL,1433,2025-10-07 19:20:00,3,19,10,A922A741CDC9C1B9D06722DBAA2B52E6D0C427D580A930BD896B53F60C199AEEA3BEF67DE9E7736333CA25EB856F1BD21A216A0C45587758EA19B5B71374C401,NO INJURY / DRIVE AWAY,"OVER $1,500",NO CONTROLS,REAR TO SIDE,41.9078121694,"DARKNESS, LIGHTED ROAD",-87.6597882706,2,25,FAILING TO REDUCE SPEED TO AVOID CRASH,NO DEFECTS,DRY,FAILING TO YIELD RIGHT-OF-WAY,N,1420,NO CONTROLS,NOT DIVIDED,CLEAR,0.0,0.0,0.0,0.0,0.0,1.0,1,2,[],"[""Y""]",[],"[""2025-10-07T19:20:00.000""]","[""2172310"", ""2172311""]","[""REAR"", ""SIDE-RIGHT""]","[""IL""]","[""JEEP"", ""TOYOTA""]","[""BACKING"", ""SLOW/STOP IN TRAFFIC""]","[""COMMANDER"", ""COROLLA""]","[""1"", ""2""]","[""N"", ""W""]","[""1"", ""2""]","[""DRIVER""]","[""NONE""]","[""2070721"", ""2070724""]","[""PASSENGER"", ""SPORT UTILITY VEHICLE (SUV)""]","[""PERSONAL""]","[""2004"", ""2006""]","[""Y""]","[""Y""]",[],[],[],[],[],[],[],[],"[""1""]",[],[],[],"[""Y""]",[],"['73', '75']","[""DID NOT DEPLOY""]","[""TEST NOT OFFERED""]","[""CHICAGO"", ""CICERO""]","[""2025-10-07T19:20:00.000""]","[""FAILED TO YIELD"", ""NONE""]","[""NOT OBSCURED""]","[""D""]","[""IL""]","[""NONE""]",[],"[""O2172310"", ""O2172311"", ""P479224""]","[""DRIVER"", ""PASSENGER""]","[""UNKNOWN""]","[""SAFETY BELT USED"", ""USAGE UNKNOWN""]","[""F"", ""M""]","[""IL""]","[""2070721"", ""2070724""]","[""60660"", ""60804""]",[],"[""3""]",[],[],[],[],2025,10,19,7,False,evening,41.91,-87.66,41.91_-87.66,74.0,73,75,SPEEDING,0
STRAIGHT AND LEVEL,322,2025-10-07 19:20:00,3,19,10,79F0E267DA3D99900BE886779E77F029BA434E60E71D30C413304BC683E91592F548A10EEC2B083E0096D9EEE7A616D99CEAD2F16B7C5716CAF7FBFEDCAF767C,INJURY AND / OR TOW DUE TO CRASH,"OVER $1,500",FUNCTIONING PROPERLY,ANGLE,41.7672532798,"DARKNESS, LIGHTED ROAD",-87.6234203451,2,30,FAILING TO YIELD RIGHT-OF-WAY,NO DEFECTS,DRY,FAILING TO YIELD RIGHT-OF-WAY,E,39,STOP SIGN/FLASHER,ONE-WAY,CLEAR,0.0,0.0,1.0,0.0,0.0,1.0,1,2,"[""Y""]",[],"[""Y""]","[""2025-10-07T19:20:00.000""]","[""2166331"", ""2166332""]","[""FRONT"", ""REAR-LEFT-CORNER""]","[""IL""]","[""BMW"", ""CHEVROLET""]","[""STRAIGHT AHEAD""]","[""BLAZER"", ""OTHER (EXPLAIN IN NARRATIVE)""]","[""1""]","[""S"", ""W""]","[""1"", ""2""]","[""DRIVER""]","[""NONE""]","[""2065035"", ""2065040""]","[""PASSENGER"", ""SPORT UTILITY VEHICLE (SUV)""]","[""PERSONAL""]","[""2018"", ""2019""]",[],[],"[""Y""]","[""PRIVATE"", ""PRIVATE TOW""]","[""Y""]","[""Y""]",[],"[""Y""]",[],[],[],"[""Y""]",[],[],[],[],"['27', '46']","[""DID NOT DEPLOY"", ""NOT APPLICABLE""]","[""TEST NOT OFFERED""]","[""CHICAGO""]","[""2025-10-07T19:20:00.000""]","[""DISREGARDED CONTROL DEVICES"", ""NONE""]","[""UNKNOWN""]","[""D""]","[""IL""]","[""NONE""]",[],"[""O2166331"", ""O2166332""]","[""DRIVER""]","[""NORMAL""]","[""USAGE UNKNOWN""]","[""F""]","[""IL""]","[""2065035"", ""2065040""]","[""60628"", ""60636""]",[],[],[],[],[],[],2025,10,19,7,False,evening,41.77,-87.62,41.77_-87.62,36.5,27,46,FAILURE-TO-YIELD,0
STRAIGHT AND LEVEL,2513,2025-10-07 19:18:00,3,19,10,FDB5C92E318545D1366091610E5A4C5E6282883B2B3370ADDEE2F5710CBA05203F9E431EDD4862C4A7359559D257783D93E6E05980B10F54021E9B2CA6BE06F5,NO INJURY / DRIVE AWAY,"OVER $1,500",FUNCTIONING PROPERLY,ANGLE,41.9127497307,"DARKNESS, LIGHTED ROAD",-87.7950524297,2,30,DISREGARDING STOP SIGN,UNKNOWN,DRY,NOT APPLICABLE,N,1800,STOP SIGN/FLASHER,NOT DIVIDED,CLEAR,0.0,0.0,1.0,0.0,0.0,1.0,1,2,"[""Y""]",[],[],"[""2025-10-07T19:18:00.000""]","[""2171307"", ""2171308""]","[""FRONT-RIGHT-CORNER""]","[""IL""]","[""NISSAN""]","[""STRAIGHT AHEAD""]","[""MURANO"", ""ROGUE""]","[""1""]","[""E"", ""S""]","[""1"", ""2""]","[""DRIVER""]","[""UNKNOWN""]","[""2069774"", ""2069775""]","[""SPORT UTILITY VEHICLE (SUV)""]","[""PERSONAL""]","[""2011"", ""2016""]",[],[],[],[],[],[],[],[],[],[],[],[],[],[],[],[],"['57', '72']","[""DID NOT DEPLOY""]","[""TEST NOT OFFERED""]","[""CHICAGO""]","[""2025-10-07T19:18:00.000""]","[""DISREGARDED CONTROL DEVICES"", ""OTHER""]","[""NOT OBSCURED"", ""UNKNOWN""]","[""D""]","[""IL""]","[""NONE""]",[],"[""O2171307"", ""O2171308""]","[""DRIVER""]","[""NORMAL""]","[""SAFETY BELT USED""]","[""F"", ""M""]","[""IL""]","[""2069774"", ""2069775""]","[""60707""]",[],[],[],[],[],[],2025,10,19,7,False,evening,41.91,-87.8,41.91_-87.8,64.5,57,72,OTHER,0
STRAIGHT AND LEVEL,1114,2025-10-07 19:15:00,3,19,10,1F69A8C63CBE16B390D2199D0E2AFB31511FC443EEBF246E8E23E615018AA0D47D78B538CB7557D7BFBE4A180EBBC7B8115779352BA9AF8AEA0A4ED985014596,INJURY AND / OR TOW DUE TO CRASH,"OVER $1,500",NO CONTROLS,PARKED MOTOR VEHICLE,41.8821223021,"DARKNESS, LIGHTED ROAD",-87.7282835811,2,30,UNABLE TO DETERMINE,NO DEFECTS,DRY,NOT APPLICABLE,W,4100,NO CONTROLS,NOT DIVIDED,CLEAR,0.0,1.0,0.0,1.0,0.0,1.0,2,0,"[""Y""]","[""Y""]",[],"[""2025-10-07T19:15:00.000""]","[""2165805"", ""2165806""]","[""REAR-LEFT-CORNER"", ""UNKNOWN""]","[""IL""]","[""INFINITI"", ""UNKNOWN""]","[""PARKED"", ""UNKNOWN/NA""]","[""OTHER (EXPLAIN IN NARRATIVE)"", ""QX80""]","[""0"", ""1""]","[""E"", ""UNKNOWN""]","[""1"", ""2""]","[""DRIVER"", ""PARKED""]","[""NONE"", ""UNKNOWN""]","[""2064557"", ""2064558""]","[""PASSENGER"", ""UNKNOWN/NA""]","[""NOT IN USE"", ""UNKNOWN/NA""]","[""2015""]","[""Y""]",[],[],"[""private""]","[""Y""]","[""Y""]","[""Y""]",[],[],[],[],"[""Y""]",[],[],"[""Y""]","[""private""]",[],"[""DEPLOYMENT UNKNOWN""]","[""TEST NOT OFFERED""]",[],"[""2025-10-07T19:15:00.000""]","[""UNKNOWN""]","[""UNKNOWN""]",[],[],"[""NONE""]",[],"[""O2165805""]","[""DRIVER""]","[""UNKNOWN""]","[""USAGE UNKNOWN""]","[""X""]",[],"[""2064557""]",[],[],[],[],[],[],[],2025,10,19,7,False,evening,41.88,-87.73,41.88_-87.73,0.0,0,0,OTHER,0
STRAIGHT AND LEVEL,1213,2025-10-07 19:05:00,3,19,10,856016FB2A2A511F5134AB387796C2A97941BCD78D19DCA646B2C1823AB1714BFF196B020264B51A795FD7E867D0E75502B41B1321CAF0A92385C665940A6496,INJURY AND / OR TOW DUE TO CRASH,"OVER $1,500",NO CONTROLS,REAR END,41.8983721902,"DARKNESS, LIGHTED ROAD",-87.6584888996,2,30,UNABLE TO DETERMINE,UNKNOWN,UNKNOWN,NOT APPLICABLE,N,903,NO CONTROLS,DIVIDED - W/MEDIAN (NOT RAISED),CLEAR,0.0,0.0,0.0,0.0,0.0,1.0,1,2,"[""Y""]",[],"[""Y""]","[""2025-10-07T19:05:00.000""]","[""2165816"", ""2165817""]","[""FRONT"", ""REAR""]","[""IL""]","[""HONDA"", ""VOLKSWAGEN""]","[""UNKNOWN/NA""]","[""FIT"", ""TIGUAN""]","[""1""]","[""S""]","[""1"", ""2""]","[""DRIVER""]","[""UNKNOWN""]","[""2064571"", ""2064574""]","[""PASSENGER""]","[""PERSONAL""]","[""2012"", ""2024""]",[],[],"[""Y""]",[],"[""Y""]","[""Y""]",[],[],[],[],[],[],[],"[""Y""]","[""Y""]",[],"['29', '32']","[""DEPLOYED, FRONT"", ""NOT APPLICABLE""]","[""TEST NOT OFFERED""]","[""CHICAGO""]","[""2025-10-07T19:05:00.000""]","[""UNKNOWN""]","[""UNKNOWN""]","[""D""]","[""IL""]","[""NONE""]",[],"[""O2165816"", ""O2165817""]","[""DRIVER""]","[""NORMAL""]","[""USAGE UNKNOWN""]","[""M""]","[""IL""]","[""2064571"", ""2064574""]","[""60622"", ""60641""]",[],[],[],[],[],[],2025,10,19,7,False,evening,41.9,-87.66,41.9_-87.66,30.5,29,32,OTHER,0
STRAIGHT AND LEVEL,634,2025-10-07 19:05:00,3,19,10,755ED3D6E1834BD1E3C911DCECE217EE58B6772A4398C6F1055F6C78B3FE2751977F2B4FFD19160F9DE17B52250F7F345BB440B458C2284C9756ED6FDF6F0FB9,NO INJURY / DRIVE AWAY,$500 OR LESS,NO CONTROLS,SIDESWIPE SAME DIRECTION,41.7361527525,DARKNESS,-87.6279695727,2,30,IMPROPER OVERTAKING/PASSING,NO DEFECTS,DRY,IMPROPER LANE USAGE,W,133,NO CONTROLS,DIVIDED - W/MEDIAN (NOT RAISED),CLEAR,0.0,1.0,0.0,0.0,0.0,1.0,1,0,"[""Y""]","[""Y""]",[],"[""2025-10-07T19:05:00.000""]","[""2165790"", ""2165791""]","[""FRONT-LEFT-CORNER"", ""FRONT-RIGHT-CORNER""]","[""IL""]","[""NOVA BUS"", ""UNKNOWN""]","[""STRAIGHT AHEAD""]","[""OTHER (EXPLAIN IN NARRATIVE)""]","[""1""]","[""E""]","[""1"", ""2""]","[""DRIVER""]","[""NONE""]","[""2064548"", ""2064552""]","[""BUS OVER 15 PASS."", ""VAN/MINI-VAN""]","[""CTA"", ""UNKNOWN/NA""]","[""2014""]",[],[],"[""Y""]",[],[],[],"[""Y""]",[],[],"[""N""]",[],[],[],[],[],[],[],"[""DEPLOYMENT UNKNOWN"", ""NOT APPLICABLE""]","[""TEST NOT OFFERED""]","[""CHICAGO"", ""UNK""]","[""2025-10-07T19:05:00.000""]","[""IMPROPER PASSING"", ""UNKNOWN""]","[""NOT OBSCURED"", ""UNKNOWN""]","[""A""]","[""IL""]","[""NONE""]",[],"[""O2165790"", ""O2165791""]","[""DRIVER""]","[""NORMAL"", ""UNKNOWN""]","[""SAFETY BELT USED"", ""USAGE UNKNOWN""]","[""M"", ""X""]","[""IL"", ""XX""]","[""2064548"", ""2064552""]","[""60620""]",[],[],[],[],[],[],2025,10,19,7,False,evening,41.74,-87.63,41.74_-87.63,0.0,0,0,OTHER,0
STRAIGHT AND LEVEL,512,2025-10-07 19:00:00,3,19,10,FF68689780D43207E6C4C619F04713B8863D50283FD0614F0C0F4E5C3314435B3F5E39D62CB572F834030E3684E2B9B688226CC7DF57F690E0F7D0C124FA481E,NO INJURY / DRIVE AWAY,"OVER $1,500",NO CONTROLS,ANGLE,41.7053960405,"DARKNESS, LIGHTED ROAD",-87.6138641093,2,30,"OPERATING VEHICLE IN ERRATIC, RECKLESS, CARELESS, NEGLIGENT OR AGGRESSIVE MANNER",UNKNOWN,DRY,UNABLE TO DETERMINE,S,10400,STOP SIGN/FLASHER,FOUR WAY,CLEAR,0.0,0.0,1.0,0.0,0.0,1.0,1,3,[],[],"[""Y""]","[""2025-10-07T19:00:00.000""]","[""2165820"", ""2165821""]","[""FRONT"", ""REAR-RIGHT-CORNER""]","[""IL""]","[""KIA"", ""VOLKSWAGEN""]","[""STRAIGHT AHEAD""]","[""CC"", ""SORENTO""]","[""1"", ""2""]","[""E"", ""N""]","[""1"", ""2""]","[""DRIVER""]","[""UNKNOWN""]","[""2064595"", ""2064598""]","[""PASSENGER""]","[""PERSONAL""]","[""2013"", ""2017""]",[],[],[],[],[],[],[],[],[],[],"[""1""]",[],[],"[""Y""]",[],[],"['11', '40', '63']","[""DID NOT DEPLOY""]","[""TEST NOT OFFERED""]","[""CHICAGO""]","[""2025-10-07T19:00:00.000""]","[""UNKNOWN""]","[""UNKNOWN""]","[""D""]","[""IL""]","[""NONE""]",[],"[""O2165820"", ""O2165821"", ""P477923""]","[""DRIVER"", ""PASSENGER""]","[""NORMAL""]","[""USAGE UNKNOWN""]","[""F""]","[""IL""]","[""2064595"", ""2064598""]","[""60628""]",[],"[""3""]",[],[],[],[],2025,10,19,7,False,evening,41.71,-87.61,41.71_-87.61,38.0,11,63,OTHER,0
STRAIGHT AND LEVEL,614,2025-10-07 18:55:00,3,18,10,0CC6A42AD75F8FE557D99084333AD6BFE7B545AAB2D87D712DB80027D2A93526C4B1DC7E8CC84C17F5515C3BCFF8B4763DE6525CD15C7FBEB79FB4FAF4DA4F1F,NO INJURY / DRIVE AWAY,"OVER $1,500",NO CONTROLS,SIDESWIPE SAME DIRECTION,41.7357478823,DARKNESS,-87.6726408702,2,30,UNABLE TO DETERMINE,UNKNOWN,UNKNOWN,UNABLE TO DETERMINE,S,8699,TRAFFIC SIGNAL,NOT DIVIDED,CLEAR,0.0,1.0,0.0,0.0,0.0,1.0,1,1,"[""Y""]",[],[],"[""2025-10-07T18:55:00.000""]","[""2171643"", ""2171644""]","[""FRONT-RIGHT-CORNER"", ""REAR-LEFT-CORNER""]","[""IL""]","[""HYUNDAI"", ""UNKNOWN""]","[""PASSING/OVERTAKING"", ""SLOW/STOP IN TRAFFIC""]","[""OTHER (EXPLAIN IN NARRATIVE)"", ""PALISADE""]","[""1""]","[""S""]","[""1"", ""2""]","[""DRIVER""]","[""UNKNOWN""]","[""2070110"", ""2070114""]","[""SPORT UTILITY VEHICLE (SUV)"", ""UNKNOWN/NA""]","[""PERSONAL"", ""UNKNOWN/NA""]","[""2024""]",[],[],[],[],[],"[""Y""]",[],[],[],[],[],[],[],[],[],[],['61'],"[""DEPLOYMENT UNKNOWN"", ""DID NOT DEPLOY""]","[""TEST NOT OFFERED""]","[""CALUMENT PARK""]","[""2025-10-07T18:55:00.000""]","[""UNKNOWN""]","[""UNKNOWN""]","[""D""]","[""IL""]","[""NONE"", ""UNKNOWN""]",[],"[""O2171643"", ""O2171644""]","[""DRIVER""]","[""UNKNOWN""]","[""SAFETY BELT USED"", ""USAGE UNKNOWN""]","[""F"", ""M""]","[""IL""]","[""2070110"", ""2070114""]","[""60827""]",[],[],[],[],[],[],2025,10,18,7,False,afternoon,41.74,-87.67,41.74_-87.67,61.0,61,61,OTHER,0