alignment,beat_of_occurrence,crash_date,crash_day_of_week,crash_hour,crash_month,crash_record_id,crash_type,damage,device_condition,first_crash_type,latitude,lighting_condition,longitude,num_units,posted_speed_limit,prim_contributory_cause,road_defect,roadway_surface_cond,sec_contributory_cause,street_direction,street_no,traffic_control_device,trafficway_type,weather_condition,private_property_i,hit_and_run_i,intersection_related_i,crash_date_est_i,work_zone_i,workers_present_i,veh_count,ppl_count,veh_area_01_i_list_json,veh_area_02_i_list_json,veh_area_12_i_list_json,veh_crash_date_list_json,veh_crash_unit_id_list_json,veh_first_contact_point_list_json,veh_lic_plate_state_list_json,veh_make_list_json,veh_maneuver_list_json,veh_model_list_json,veh_occupant_cnt_list_json,veh_travel_direction_list_json,veh_unit_no_list_json,veh_unit_type_list_json,veh_vehicle_defect_list_json,veh_vehicle_id_list_json,veh_vehicle_type_list_json,veh_vehicle_use_list_json,veh_vehicle_year_list_json,veh_area_03_i_list_json,veh_area_04_i_list_json,veh_area_11_i_list_json,veh_towed_by_list_json,veh_towed_i_list_json,veh_area_07_i_list_json,veh_area_99_i_list_json,veh_area_09_i_list_json,veh_area_10_i_list_json,veh_cmrc_veh_i_list_json,veh_num_passengers_list_json,veh_area_08_i_list_json,veh_area_00_i_list_json,veh_area_05_i_list_json,veh_area_06_i_list_json,veh_towed_to_list_json,ppl_age_list_json,ppl_airbag_deployed_list_json,ppl_bac_result_list_json,ppl_city_list_json,ppl_crash_date_list_json,ppl_driver_action_list_json,ppl_driver_vision_list_json,ppl_drivers_license_class_list_json,ppl_drivers_license_state_list_json,ppl_ejection_list_json,ppl_hospital_list_json,ppl_person_id_list_json,ppl_person_type_list_json,ppl_physical_condition_list_json,ppl_safety_equipment_list_json,ppl_sex_list_json,ppl_state_list_json,ppl_vehicle_id_list_json,ppl_zipcode_list_json,ppl_ems_agency_list_json,ppl_seat_no_list_json,ppl_pedpedal_action_list_json,ppl_pedpedal_location_list_json,ppl_pedpedal_visibility_list_json,ppl_ems_run_no_list_json,year,month,hour,day,is_weekend,hour_bin,lat_bin,lng_bin,grid_id,ppl_age_mean,ppl_age_min,ppl_age_max,prim_contributory_cause_group,ksi_flag
STRAIGHT AND LEVEL,1651,2025-10-07 18:45:00,3,18,10,611A6A0A95B472989DB79D9EEFE9BA1B6077BDBE8333DFA7A9329216F25865B3F8107644F39BE8FBDCDE7A28E711F41287D9988DDEC075541ABE60A4B5E7F2B0,NO INJURY / DRIVE AWAY,"OVER $1,500",NO CONTROLS,SIDESWIPE SAME DIRECTION,41.976201139,DUSK,-87.9053091251,2,35,FAILING TO YIELD RIGHT-OF-WAY,NO DEFECTS,DRY,FAILING TO YIELD RIGHT-OF-WAY,W,10000,NO CONTROLS,ONE-WAY,CLEAR,0.0,1.0,0.0,0.0,0.0,1.0,1,2,"[""Y""]",[],[],"[""2025-10-07T18:45:00.000""]","[""2165774"", ""2165775""]","[""FRONT-LEFT-CORNER"", ""SIDE-RIGHT-FRONT""]","[""IL""]","[""FORD"", ""UNKNOWN""]","[""CHANGING LANES"", ""SLOW/STOP IN TRAFFIC""]","[""EXPEDITION"", ""OTHER (EXPLAIN IN NARRATIVE)""]","[""1"", ""2""]","[""S""]","[""1"", ""2""]","[""DRIVER""]","[""NONE"", ""UNKNOWN""]","[""2064526"", ""2064532""]","[""SPORT UTILITY VEHICLE (SUV)"", ""UNKNOWN/NA""]","[""RIDESHARE SERVICE"", ""UNKNOWN/NA""]","[""2019""]",[],[],"[""Y""]",[],[],[],[],[],[],[],"[""1""]",[],[],[],[],[],"['29', '80']","[""DID NOT DEPLOY"", ""NOT APPLICABLE""]","[""TEST NOT OFFERED""]","[""CHICAGO"", ""PALATINE""]","[""2025-10-07T18:45:00.000""]","[""FAILED TO YIELD"", ""NONE""]","[""NOT OBSCURED"", ""UNKNOWN""]","[""D""]","[""IL""]","[""NONE""]",[],"[""O2165774"", ""O2165775"", ""P477906""]","[""DRIVER"", ""PASSENGER""]","[""NORMAL"", ""UNKNOWN""]","[""SAFETY BELT USED"", ""USAGE UNKNOWN""]","[""F"", ""M""]","[""IL""]","[""2064526"", ""2064532""]","[""60074"", ""60641""]",[],"[""6""]",[],[],[],[],2025,10,18,7,False,afternoon,41.98,-87.91,41.98_-87.91,54.5,29,80,FAILURE-TO-YIELD,0
STRAIGHT AND LEVEL,1511,2025-10-07 18:45:00,3,18,10,353EBE8B79B1F8C63C3512A90656C865782E57C22E83BB6BB763493AE04DC52EE7624945DE0ADCC3DC869D303575440D1BA35DF2B6D92E90BC582ECC1137A092,INJURY AND / OR TOW DUE TO CRASH,"$501 - $1,500",NO CONTROLS,PEDESTRIAN,41.8937553752,DARKNESS,-87.7749507528,2,30,FAILING TO YIELD RIGHT-OF-WAY,NO DEFECTS,WET,UNABLE TO DETERMINE,N,731,NO CONTROLS,NOT DIVIDED,CLEAR,0.0,0.0,1.0,0.0,0.0,1.0,2,2,[],[],"[""Y""]","[""2025-10-07T18:45:00.000""]","[""2165770"", ""2165771""]","[""FRONT-LEFT-CORNER""]","[""IL""]","[""SUZUKI""]","[""STRAIGHT AHEAD""]","[""GRAND VITARA""]","[""1""]","[""N""]","[""1"", ""2""]","[""DRIVER"", ""PEDESTRIAN""]","[""NONE""]","[""2064528""]","[""SPORT UTILITY VEHICLE (SUV)""]","[""PERSONAL""]","[""1999""]",[],[],"[""N""]",[],[],[],[],[],[],[],[],[],[],[],[],[],"['29', '67']","[""DID NOT DEPLOY""]","[""TEST NOT OFFERED""]","[""CHICAGO""]","[""2025-10-07T18:45:00.000""]","[""FAILED TO YIELD"", ""NONE""]","[""NOT OBSCURED""]","[""D""]","[""IL""]","[""NONE""]","[""VETERANS HOSPITAL""]","[""O2165770"", ""O2165771""]","[""DRIVER"", ""PEDESTRIAN""]","[""NORMAL""]","[""NONE PRESENT"", ""SAFETY BELT USED""]","[""M""]","[""IL""]","[""2064528""]","[""60639"", ""60644""]","[""SELF TRANSPORT""]",[],"[""CROSSING - NO CONTROLS (NOT AT INTERSECTION)""]","[""IN CROSSWALK""]","[""NO CONTRASTING CLOTHING""]",[],2025,10,18,7,False,afternoon,41.89,-87.77,41.89_-87.77,48.0,29,67,FAILURE-TO-YIELD,1
STRAIGHT AND LEVEL,924,2025-10-07 18:43:00,3,18,10,460D13C083D5B15DAB10393C789FF7FC691DAD49F2FBFAF8E6732C4313AFBAFEF51906F755B7D2B31568FBCE865AD4D72B288276B2979DE3FE72F0155C67650E,NO INJURY / DRIVE AWAY,"OVER $1,500",NO CONTROLS,PARKED MOTOR VEHICLE,41.811519655,DAWN,-87.664900137,2,30,UNABLE TO DETERMINE,UNKNOWN,WET,UNABLE TO DETERMINE,S,4523,NO CONTROLS,DIVIDED - W/MEDIAN (NOT RAISED),RAIN,0.0,0.0,0.0,0.0,0.0,1.0,2,1,"[""Y""]","[""Y""]","[""Y""]","[""2025-10-07T18:43:00.000""]","[""2165960"", ""2165961""]","[""SIDE-LEFT-FRONT"", ""SIDE-RIGHT-FRONT""]","[""IL""]","[""BUICK"", ""GENERAL MOTORS CORPORATION (GMC)""]","[""PARKED"", ""STRAIGHT AHEAD""]","[""LACROSSE"", ""SAFARI""]","[""0"", ""1""]","[""N""]","[""1"", ""2""]","[""DRIVER"", ""DRIVERLESS""]","[""UNKNOWN""]","[""2064702"", ""2064709""]","[""PASSENGER""]","[""PERSONAL""]","[""2000"", ""2017""]",[],[],[],[],[],[],[],[],[],[],[],[],[],[],[],[],['63'],"[""DEPLOYMENT UNKNOWN""]","[""TEST NOT OFFERED""]","[""CHICAGO""]","[""2025-10-07T18:43:00.000""]","[""IMPROPER LANE CHANGE""]","[""UNKNOWN""]","[""D""]",[],"[""UNKNOWN""]",[],"[""O2165960""]","[""DRIVER""]","[""UNKNOWN""]","[""USAGE UNKNOWN""]","[""F""]","[""IL""]","[""2064702""]","[""60609""]",[],[],[],[],[],[],2025,10,18,7,False,afternoon,41.81,-87.66,41.81_-87.66,63.0,63,63,OTHER,0
STRAIGHT AND LEVEL,833,2025-10-07 18:42:00,3,18,10,1E03C9B609168A7FBB7E2004541722903F1F9C770E1D33CC1266521825CBB884230C6D46832DCC84DCA8A90C01C55A618F91A318270058F5619DA811B422106C,NO INJURY / DRIVE AWAY,$500 OR LESS,FUNCTIONING PROPERLY,PEDALCYCLIST,41.7730152978,DARKNESS,-87.7300832568,2,30,UNABLE TO DETERMINE,NO DEFECTS,DRY,NOT APPLICABLE,S,6600,STOP SIGN/FLASHER,DIVIDED - W/MEDIAN (NOT RAISED),CLEAR,0.0,0.0,1.0,0.0,0.0,1.0,2,2,[],[],[],"[""2025-10-07T18:42:00.000""]","[""2165780"", ""2165781""]","[""FRONT-LEFT-CORNER""]","[""IL""]","[""DODGE""]","[""STRAIGHT AHEAD""]","[""RAM 1500 PU""]","[""1""]","[""S""]","[""1"", ""2""]","[""BICYCLE"", ""DRIVER""]","[""NONE""]","[""2064539""]","[""PICKUP""]","[""PERSONAL""]",[],[],[],[],[],[],[],[],[],[],[],[],[],"[""Y""]",[],[],[],"['15', '41']","[""DID NOT DEPLOY""]","[""TEST NOT OFFERED""]","[""CHICAGO""]","[""2025-10-07T18:42:00.000""]","[""FAILED TO YIELD"", ""NONE""]","[""NOT OBSCURED""]",[],"[""IL""]","[""NONE""]",[],"[""O2165780"", ""O2165781""]","[""BICYCLE"", ""DRIVER""]","[""NORMAL""]","[""HELMET NOT USED"", ""SAFETY BELT USED""]","[""M""]","[""IL""]","[""2064539""]","[""60632""]",[],[],"[""ENTER FROM DRIVE/ALLEY""]","[""IN ROADWAY""]","[""NO CONTRASTING CLOTHING""]",[],2025,10,18,7,False,afternoon,41.77,-87.73,41.77_-87.73,28.0,15,41,OTHER,0
STRAIGHT AND LEVEL,913,2025-10-07 18:37:00,3,18,10,1A4F81E38E4EB27E2A5AD98E4523685448335BF52D90778F3137D79CFEA7E8ACDCF07FACB77175ED033A525F2BA0091447CBBC6A9696F99C954BB3A6D1FF3166,NO INJURY / DRIVE AWAY,"OVER $1,500",FUNCTIONING PROPERLY,REAR END,41.8472341983,DUSK,-87.6466377047,2,25,UNABLE TO DETERMINE,NO DEFECTS,DRY,UNABLE TO DETERMINE,S,2478,TRAFFIC SIGNAL,NOT DIVIDED,CLEAR,0.0,0.0,0.0,0.0,0.0,1.0,1,1,"[""Y""]",[],"[""Y""]","[""2025-10-07T18:37:00.000""]","[""2166101"", ""2166102""]","[""FRONT"", ""REAR""]","[""IL""]","[""FORD"", ""MAZDA""]","[""SLOW/STOP IN TRAFFIC"", ""STRAIGHT AHEAD""]","[""FOCUS"", ""MAZDA6""]","[""1""]","[""S""]","[""1"", ""2""]","[""DRIVER""]","[""NONE"", ""UNKNOWN""]","[""2064839"", ""2064841""]","[""PASSENGER""]","[""PERSONAL"", ""UNKNOWN/NA""]","[""2010"", ""2014""]",[],[],"[""Y""]",[],[],"[""Y""]",[],[],[],[],[],[],[],"[""Y""]","[""Y""]",[],['21'],"[""DEPLOYMENT UNKNOWN"", ""DID NOT DEPLOY""]","[""TEST NOT OFFERED""]","[""CICERO"", ""PHOENIX""]","[""2025-10-07T18:37:00.000""]","[""NONE"", ""UNKNOWN""]","[""NOT OBSCURED"", ""UNKNOWN""]","[""D""]","[""IL""]","[""NONE""]",[],"[""O2166101"", ""O2166102""]","[""DRIVER""]","[""NORMAL"", ""UNKNOWN""]","[""SAFETY BELT USED"", ""USAGE UNKNOWN""]","[""M""]","[""IL""]","[""2064839"", ""2064841""]","[""60426"", ""60804""]",[],[],[],[],[],[],2025,10,18,7,False,afternoon,41.85,-87.65,41.85_-87.65,21.0,21,21,OTHER,0
STRAIGHT AND LEVEL,432,2025-10-07 18:30:00,3,18,10,FD2F4E1B297E09D4DF96A02035E1A08BF95B52792A17D311B20DB0630FFB131BA5378A109CD49CF955F7E9843A8DF2F8B50F4338264507B2BDF96FB6771E8898,NO INJURY / DRIVE AWAY,"$501 - $1,500",NO CONTROLS,PARKED MOTOR VEHICLE,41.7036623609,DUSK,-87.5257124268,2,15,UNABLE TO DETERMINE,UNKNOWN,DRY,NOT APPLICABLE,S,10532,NO CONTROLS,PARKING LOT,CLEAR,0.0,0.0,0.0,0.0,0.0,1.0,2,1,[],[],[],"[""2025-10-07T18:30:00.000""]","[""2165754"", ""2165755""]","[""REAR-LEFT-CORNER"", ""REAR-RIGHT-CORNER""]","[""IL"", ""IN""]","[""CHEVROLET"", ""FREIGHTLINER CORPORATION""]","[""BACKING"", ""PARKED""]","[""AVALANCHE"", ""OTHER (EXPLAIN IN NARRATIVE)""]","[""0"", ""1""]","[""N"", ""S""]","[""1"", ""2""]","[""DRIVER"", ""PARKED""]","[""UNKNOWN""]","[""2064517"", ""2064547""]","[""OTHER VEHICLE WITH TRAILER"", ""PICKUP""]","[""OTHER"", ""PERSONAL""]","[""2011""]",[],[],[],[],[],"[""Y""]",[],[],[],"[""Y""]",[],[],[],"[""Y""]","[""Y""]",[],['26'],"[""DID NOT DEPLOY""]","[""TEST NOT OFFERED""]","[""VALDOSTA""]","[""2025-10-07T18:30:00.000""]","[""UNKNOWN""]","[""UNKNOWN""]","[""A""]","[""GA""]","[""NONE""]",[],"[""O2165754""]","[""DRIVER""]","[""NORMAL""]","[""USAGE UNKNOWN""]","[""M""]","[""GA""]","[""2064547""]","[""31602""]",[],[],[],[],[],[],2025,10,18,7,False,afternoon,41.7,-87.53,41.7_-87.53,26.0,26,26,OTHER,0
STRAIGHT AND LEVEL,1654,2025-10-07 18:30:00,3,18,10,2C43B992091EF1EDBBF1C9DB24D347E82C1E29B8B110A197CC5EF90C01728302AC5691248E9E1EA0F3A0E9C1FE353733FD532D576D21C25738D4F8A6D559F374,NO INJURY / DRIVE AWAY,"OVER $1,500",NO CONTROLS,SIDESWIPE SAME DIRECTION,41.8736407663,DAYLIGHT,-87.6723897727,2,30,UNABLE TO DETERMINE,UNKNOWN,UNKNOWN,UNABLE TO DETERMINE,W,10000,NO CONTROLS,UNKNOWN,CLEAR,0.0,0.0,0.0,0.0,0.0,1.0,1,2,"[""Y""]","[""Y""]",[],"[""2025-10-07T18:30:00.000""]","[""2165772"", ""2165773""]","[""FRONT-RIGHT-CORNER"", ""SIDE-LEFT-REAR""]","[""IL""]","[""FORD"", ""TOYOTA""]","[""STRAIGHT AHEAD""]","[""COROLLA"", ""EXPEDITION""]","[""1""]","[""W""]","[""1"", ""2""]","[""DRIVER""]","[""UNKNOWN""]","[""2064524"", ""2064530""]","[""PASSENGER"", ""SPORT UTILITY VEHICLE (SUV)""]","[""UNKNOWN/NA""]","[""2019"", ""2020""]",[],[],[],[],[],"[""Y""]",[],[],[],[],[],"[""Y""]",[],[],[],[],"['29', '80']","[""NOT APPLICABLE""]","[""TEST NOT OFFERED""]","[""CHICAGO"", ""PALATINE""]","[""2025-10-07T18:30:00.000""]","[""UNKNOWN""]","[""UNKNOWN""]","[""D""]","[""IL""]","[""NONE""]",[],"[""O2165772"", ""O2165773""]","[""DRIVER""]","[""NORMAL"", ""UNKNOWN""]","[""USAGE UNKNOWN""]","[""M""]","[""IL""]","[""2064524"", ""2064530""]","[""60074"", ""60641""]",[],[],[],[],[],[],2025,10,18,7,False,afternoon,41.87,-87.67,NAN_NAN,54.5,29,80,OTHER,0
STRAIGHT AND LEVEL,511,2025-10-07 18:12:00,3,18,10,9040062550F8483C6EEF5D5BB193AD2925BEA997F4396DC3EA0979FFB85E73A7D89CB53DBD07B2521A97AA54FA4F869FCB1FB07DEBE263C55A5FC8D87E070EF2,INJURY AND / OR TOW DUE TO CRASH,"OVER $1,500",FUNCTIONING PROPERLY,PEDESTRIAN,41.722257273,DUSK,-87.5852755651,2,30,RELATED TO BUS STOP,NO DEFECTS,DRY,UNABLE TO DETERMINE,S,9500,TRAFFIC SIGNAL,FOUR WAY,CLEAR,0.0,0.0,0.0,0.0,0.0,1.0,2,2,[],[],[],"[""2025-10-07T18:12:00.000""]","[""2165778"", ""2165779""]","[""SIDE-RIGHT-REAR""]","[""IL""]","[""NOVA BUS""]","[""TURNING RIGHT""]","[""OTHER (EXPLAIN IN NARRATIVE)""]","[""1""]","[""S""]","[""1"", ""2""]","[""DRIVER"", ""PEDESTRIAN""]","[""NONE""]","[""2064541""]","[""BUS OVER 15 PASS.""]","[""CTA""]",[],[],[],[],[],[],[],[],[],[],[],[],[],"[""Y""]","[""N""]",[],[],"['38', '61']","[""NOT APPLICABLE""]","[""TEST NOT OFFERED""]","[""CHICAGO""]","[""2025-10-07T18:12:00.000""]","[""UNKNOWN""]","[""NOT OBSCURED"", ""UNKNOWN""]","[""B""]","[""IL""]","[""UNKNOWN""]",[],"[""O2165778"", ""O2165779""]","[""DRIVER"", ""PEDESTRIAN""]","[""UNKNOWN""]","[""USAGE UNKNOWN""]","[""M""]","[""IL""]","[""2064541""]","[""60617"", ""60628""]",[],[],"[""UNKNOWN/NA""]","[""UNKNOWN/NA""]","[""NO CONTRASTING CLOTHING""]",[],2025,10,18,7,False,afternoon,41.72,-87.59,41.72_-87.59,49.5,38,61,OTHER,1
STRAIGHT AND LEVEL,314,2025-10-07 18:06:00,3,18,10,D4C81F86CC52F06D7B734F0CDF523A5338FEF9E48429BE7A39374D308F1144E350957183DF04CF42123925FB2F6D43E49F82266ADCEB809EEA45FE162D826C8F,NO INJURY / DRIVE AWAY,"OVER $1,500",NO CONTROLS,PARKED MOTOR VEHICLE,41.7770652267,DAWN,-87.5864809159,2,0,IMPROPER BACKING,NO DEFECTS,DRY,NOT APPLICABLE,S,6498,NO CONTROLS,PARKING LOT,CLEAR,0.0,1.0,0.0,0.0,0.0,1.0,2,0,[],[],[],"[""2025-10-07T18:06:00.000""]","[""2165742"", ""2165747""]","[""REAR""]","[""IL"", ""IN""]","[""ACURA"", ""FORD""]","[""BACKING"", ""PARKED""]","[""ESCAPE"", ""RLX""]","[""0"", ""2""]","[""E"", ""W""]","[""1"", ""2""]","[""DRIVER"", ""PARKED""]","[""BRAKES"", ""UNKNOWN""]","[""2064496"", ""2064512""]","[""PASSENGER""]","[""PERSONAL""]","[""2011"", ""2022""]",[],[],[],[],[],[],"[""Y""]",[],[],[],"[""1""]",[],"[""Y""]",[],[],[],[],"[""DID NOT DEPLOY"", ""NOT APPLICABLE""]","[""TEST NOT OFFERED""]","[""CHICAGO""]","[""2025-10-07T18:06:00.000""]","[""IMPROPER BACKING""]","[""UNKNOWN""]",[],[],"[""NONE""]",[],"[""O2165747"", ""P477897""]","[""DRIVER"", ""PASSENGER""]","[""UNKNOWN""]","[""USAGE UNKNOWN""]","[""M""]","[""IL""]","[""2064496""]",[],[],"[""3""]",[],[],[],[],2025,10,18,7,False,afternoon,41.78,-87.59,41.78_-87.59,0.0,0,0,OTHER,0
STRAIGHT AND LEVEL,1911,2025-10-07 18:03:00,3,18,10,ED78BD7AC3A5039A6335FD4E9C084DC9B4D0C2B1D0795BB77E105D4F0DF7106BB97B499F09E1A922BDDAEF40FBABA07F92FFF0C0AEDBDB50905A82564F3601B1,NO INJURY / DRIVE AWAY,"$501 - $1,500",NO CONTROLS,PARKED MOTOR VEHICLE,41.9647398736,DAYLIGHT,-87.6896106055,2,30,UNABLE TO DETERMINE,NO DEFECTS,DRY,NOT APPLICABLE,W,2419,NO CONTROLS,NOT DIVIDED,CLEAR,0.0,1.0,0.0,0.0,0.0,1.0,2,0,[],[],[],"[""2025-10-07T18:03:00.000""]","[""2165758"", ""2165759""]","[""FRONT-RIGHT-CORNER"", ""UNKNOWN""]","[""IL""]","[""TOYOTA"", ""UNKNOWN""]","[""PARKED"", ""UNKNOWN/NA""]","[""CAMRY"", ""MOTORIZED""]","[""0"", ""1""]","[""E"", ""UNKNOWN""]","[""1"", ""2""]","[""DRIVER"", ""PARKED""]","[""NONE"", ""UNKNOWN""]","[""2064500"", ""2064506""]","[""PASSENGER"", ""UNKNOWN/NA""]","[""NOT IN USE"", ""UNKNOWN/NA""]","[""2021""]",[],[],"[""Y""]",[],[],[],"[""Y""]",[],[],[],[],[],[],[],[],[],[],"[""DEPLOYMENT UNKNOWN""]","[""TEST NOT OFFERED""]",[],"[""2025-10-07T18:03:00.000""]","[""UNKNOWN""]","[""UNKNOWN""]","[""UN""]","[""XX""]","[""UNKNOWN""]",[],"[""O2165758""]","[""DRIVER""]","[""UNKNOWN""]","[""USAGE UNKNOWN""]","[""X""]",[],"[""2064500""]",[],[],[],[],[],[],[],2025,10,18,7,False,afternoon,41.96,-87.69,41.96_-87.69,0.0,0,0,OTHER,0
STRAIGHT AND LEVEL,114,2025-10-07 18:00:00,3,18,10,68AA7E21F2860FF19D115FF4D8AB1E5B3DF62B6298410133749B7D7C6036189E43B41387C7417FE037DE408D3E676A30217A7B759D2301A51E7312D6F06903BF,NO INJURY / DRIVE AWAY,"$501 - $1,500",NO CONTROLS,PARKED MOTOR VEHICLE,41.8879998873,DAWN,-87.6225651326,2,30,IMPROPER OVERTAKING/PASSING,UNKNOWN,WET,IMPROPER OVERTAKING/PASSING,E,151,NO CONTROLS,NOT DIVIDED,RAIN,0.0,0.0,0.0,0.0,0.0,1.0,2,1,"[""N""]",[],[],"[""2025-10-07T18:00:00.000""]","[""2165750"", ""2165751""]","[""FRONT-LEFT-CORNER"", ""REAR-RIGHT-CORNER""]","[""IL""]","[""KIA"", ""TOYOTA""]","[""PARKED"", ""PASSING/OVERTAKING""]","[""CAMRY"", ""NIRO""]","[""0"", ""1""]","[""S""]","[""1"", ""2""]","[""DRIVER"", ""PARKED""]","[""NONE"", ""UNKNOWN""]","[""2064501"", ""2064518""]","[""PASSENGER""]","[""PERSONAL"", ""TAXI/FOR HIRE""]","[""2018"", ""2023""]",[],"[""Y""]","[""Y""]",[],[],[],[],[],[],[],[],[],[],"[""Y""]",[],[],['36'],"[""NOT APPLICABLE""]","[""TEST NOT OFFERED""]","[""VILLA PARK""]","[""2025-10-07T18:00:00.000""]","[""IMPROPER PASSING""]","[""UNKNOWN""]","[""D""]","[""IL""]","[""NONE""]",[],"[""O2165750""]","[""DRIVER""]","[""UNKNOWN""]","[""USAGE UNKNOWN""]","[""M""]","[""IL""]","[""2064501""]","[""60181""]",[],[],[],[],[],[],2025,10,18,7,False,afternoon,41.89,-87.62,41.89_-87.62,36.0,36,36,OTHER,0
STRAIGHT AND LEVEL,2515,2025-10-07 17:50:00,3,17,10,781FCA27E8544A514C15E93F00BCA6F6D48533CDC3BA847CA5F6686B5F2F987D93D656E1737B0ADA7FDD31420E5498B0016E109FCCD2AD02AFE3A75223BF9DFF,NO INJURY / DRIVE AWAY,"OVER $1,500",NO CONTROLS,ANGLE,41.924014029,DAYLIGHT,-87.7709179368,2,30,UNABLE TO DETERMINE,UNKNOWN,UNKNOWN,NOT APPLICABLE,W,5800,TRAFFIC SIGNAL,FOUR WAY,CLEAR,0.0,0.0,1.0,0.0,0.0,1.0,1,2,"[""Y""]",[],"[""Y""]","[""2025-10-07T17:50:00.000""]","[""2165730"", ""2165731""]","[""FRONT"", ""SIDE-LEFT""]","[""IL""]","[""CHEVROLET"", ""SUBARU""]","[""OTHER"", ""STRAIGHT AHEAD""]","[""TAHOE"", ""TRIBECA""]","[""1""]","[""N"", ""W""]","[""1"", ""2""]","[""DRIVER""]","[""UNKNOWN""]","[""2064485"", ""2064488""]","[""OTHER"", ""SPORT UTILITY VEHICLE (SUV)""]","[""PERSONAL""]","[""2011"", ""2012""]",[],[],"[""Y""]",[],[],"[""Y""]",[],"[""Y""]",[],[],[],"[""Y""]",[],[],[],[],"['18', '31']","[""NOT APPLICABLE""]","[""TEST NOT OFFERED""]","[""CHICAGO""]","[""2025-10-07T17:50:00.000""]","[""OTHER""]","[""OTHER"", ""UNKNOWN""]","[""D""]","[""IL""]","[""NONE""]",[],"[""O2165730"", ""O2165731""]","[""DRIVER""]","[""NORMAL""]","[""USAGE UNKNOWN""]","[""F""]","[""IL""]","[""2064485"", ""2064488""]","[""60634""]",[],[],[],[],[],[],2025,10,17,7,False,afternoon,41.92,-87.77,41.92_-87.77,24.5,18,31,OTHER,0
STRAIGHT AND LEVEL,2233,2025-10-07 17:48:00,3,17,10,2504ED7FEBBED6D7E5FD9761D31AC379154AA2BED9FE09E527E7F7CA872E5D3CE6FA6F65D6110C237E3389124C17732481ED3C92180084524ACAB2C683A510ED,NO INJURY / DRIVE AWAY,"OVER $1,500",FUNCTIONING PROPERLY,SIDESWIPE SAME DIRECTION,41.6995474147,DAYLIGHT,-87.6427519151,2,30,UNABLE TO DETERMINE,NO DEFECTS,DRY,UNABLE TO DETERMINE,S,10700,TRAFFIC SIGNAL,FOUR WAY,CLEAR,0.0,1.0,0.0,0.0,0.0,1.0,1,1,"[""Y""]","[""Y""]",[],"[""2025-10-07T17:48:00.000""]","[""2165776"", ""2165777""]","[""SIDE-LEFT-FRONT"", ""SIDE-RIGHT-FRONT""]","[""IL""]","[""CHEVROLET"", ""UNKNOWN""]","[""SLOW/STOP IN TRAFFIC"", ""UNKNOWN/NA""]","[""OTHER (EXPLAIN IN NARRATIVE)""]","[""1""]","[""S""]","[""1"", ""2""]","[""DRIVER""]","[""NONE"", ""UNKNOWN""]","[""2064525"", ""2064531""]","[""BUS OVER 15 PASS."", ""PICKUP""]","[""CTA"", ""PERSONAL""]","[""2018""]",[],[],"[""Y""]",[],[],[],[],[],"[""Y""]",[],[],[],[],[],[],[],['48'],"[""DEPLOYMENT UNKNOWN"", ""NOT APPLICABLE""]","[""TEST NOT OFFERED""]","[""HOMEWOOD""]","[""2025-10-07T17:48:00.000""]","[""NONE"", ""UNKNOWN""]","[""NOT OBSCURED"", ""UNKNOWN""]","[""B""]","[""IL""]","[""NONE""]",[],"[""O2165776"", ""O2165777""]","[""DRIVER""]","[""NORMAL"", ""UNKNOWN""]","[""SAFETY BELT USED"", ""USAGE UNKNOWN""]","[""M"", ""X""]","[""IL""]","[""2064525"", ""2064531""]","[""60430""]",[],[],[],[],[],[],2025,10,17,7,False,afternoon,41.7,-87.64,41.7_-87.64,48.0,48,48,OTHER,0
STRAIGHT AND LEVEL,912,2025-10-07 17:42:00,3,17,10,10867E7B98791ADA705DA85D4FFFC7C2E1599D1C284228228FF78EA9EB77EF4BF53B7EE6D86D20B3F6C16F28A453FE687E0FA4417E1C4538387F2863291EF144,NO INJURY / DRIVE AWAY,"OVER $1,500",FUNCTIONING PROPERLY,SIDESWIPE SAME DIRECTION,41.8370868238,DAYLIGHT,-87.6655828525,2,30,FAILING TO YIELD RIGHT-OF-WAY,NO DEFECTS,DRY,FAILING TO YIELD RIGHT-OF-WAY,S,3125,TRAFFIC SIGNAL,FOUR WAY,CLEAR,0.0,0.0,1.0,0.0,0.0,1.0,1,2,"[""Y""]","[""Y""]",[],"[""2025-10-07T17:42:00.000""]","[""2165736"", ""2165737""]","[""REAR-RIGHT-CORNER"", ""SIDE-RIGHT""]","[""IL""]","[""FORD"", ""NISSAN""]","[""MERGING""]","[""F150"", ""KICKS""]","[""1"", ""2""]","[""N""]","[""1"", ""2""]","[""DRIVER""]","[""NONE"", ""UNKNOWN""]","[""2064504"", ""2064519""]","[""PICKUP""]","[""AMBULANCE"", ""PERSONAL""]","[""2002"", ""2020""]","[""Y""]","[""Y""]","[""Y""]",[],[],"[""Y""]",[],"[""Y""]","[""Y""]",[],"[""1""]","[""Y""]",[],[],[],[],"['28', '30']","[""DEPLOYMENT UNKNOWN"", ""DID NOT DEPLOY"", ""NOT APPLICABLE""]","[""TEST NOT OFFERED""]","[""CHICAGO""]","[""2025-10-07T17:42:00.000""]","[""FAILED TO YIELD"", ""NONE""]","[""NOT OBSCURED"", ""UNKNOWN""]",[],"[""IL""]","[""NONE""]",[],"[""O2165736"", ""O2165737"", ""P477898""]","[""DRIVER"", ""PASSENGER""]","[""NORMAL"", ""UNKNOWN""]","[""USAGE UNKNOWN""]","[""F"", ""M""]","[""IL""]","[""2064504"", ""2064519""]","[""60607"", ""60609""]",[],"[""3""]",[],[],[],[],2025,10,17,7,False,afternoon,41.84,-87.67,41.84_-87.67,29.0,28,30,FAILURE-TO-YIELD,0