alignment,beat_of_occurrence,crash_date,crash_day_of_week,crash_hour,crash_month,crash_record_id,crash_type,damage,device_condition,first_crash_type,latitude,lighting_condition,longitude,num_units,posted_speed_limit,prim_contributory_cause,road_defect,roadway_surface_cond,sec_contributory_cause,street_direction,street_no,traffic_control_device,trafficway_type,weather_condition,private_property_i,hit_and_run_i,intersection_related_i,crash_date_est_i,work_zone_i,workers_present_i,veh_count,ppl_count,veh_area_01_i_list_json,veh_area_02_i_list_json,veh_area_12_i_list_json,veh_crash_date_list_json,veh_crash_unit_id_list_json,veh_first_contact_point_list_json,veh_lic_plate_state_list_json,veh_make_list_json,veh_maneuver_list_json,veh_model_list_json,veh_occupant_cnt_list_json,veh_travel_direction_list_json,veh_unit_no_list_json,veh_unit_type_list_json,veh_vehicle_defect_list_json,veh_vehicle_id_list_json,veh_vehicle_type_list_json,veh_vehicle_use_list_json,veh_vehicle_year_list_json,veh_area_03_i_list_json,veh_area_04_i_list_json,veh_area_11_i_list_json,veh_towed_by_list_json,veh_towed_i_list_json,veh_area_07_i_list_json,veh_area_99_i_list_json,veh_area_09_i_list_json,veh_area_10_i_list_json,veh_cmrc_veh_i_list_json,veh_num_passengers_list_json,veh_area_08_i_list_json,veh_area_00_i_list_json,veh_area_05_i_list_json,veh_area_06_i_list_json,veh_towed_to_list_json,ppl_age_list_json,ppl_airbag_deployed_list_json,ppl_bac_result_list_json,ppl_city_list_json,ppl_crash_date_list_json,ppl_driver_action_list_json,ppl_driver_vision_list_json,ppl_drivers_license_class_list_json,ppl_drivers_license_state_list_json,ppl_ejection_list_json,ppl_hospital_list_json,ppl_person_id_list_json,ppl_person_type_list_json,ppl_physical_condition_list_json,ppl_safety_equipment_list_json,ppl_sex_list_json,ppl_state_list_json,ppl_vehicle_id_list_json,ppl_zipcode_list_json,ppl_ems_agency_list_json,ppl_seat_no_list_json,ppl_pedpedal_action_list_json,ppl_pedpedal_location_list_json,ppl_pedpedal_visibility_list_json,ppl_ems_run_no_list_json,year,month,hour,day,is_weekend,hour_bin,lat_bin,lng_bin,grid_id,ppl_age_mean,ppl_age_min,ppl_age_max,prim_contributory_cause_group,ksi_flag
STRAIGHT AND LEVEL,1911,2025-10-07 17:40:00,3,17,10,E9292E143604F844FA98E57ADDA24AB3BF0009CE38CCE9B21C2FE66D6EF21720A136B7708970714E6BA2FE9962E9B7C2A92D7A075913E2018918F178FE5D1A2A,INJURY AND / OR TOW DUE TO CRASH,"OVER $1,500",FUNCTIONING PROPERLY,PEDESTRIAN,41.9630115357,DAYLIGHT,-87.6791675729,2,30,FAILING TO YIELD RIGHT-OF-WAY,NO DEFECTS,DRY,UNABLE TO DETERMINE,N,4452,STOP SIGN/FLASHER,DIVIDED - W/MEDIAN (NOT RAISED),CLEAR,0.0,0.0,0.0,0.0,0.0,1.0,2,2,[],[],"[""Y""]","[""2025-10-07T17:40:00.000""]","[""2165697"", ""2165698""]","[""FRONT""]","[""IL""]","[""TOYOTA""]","[""STRAIGHT AHEAD""]","[""PRIUS""]","[""1""]","[""N""]","[""1"", ""2""]","[""DRIVER"", ""PEDESTRIAN""]","[""NONE""]","[""2064445""]","[""PASSENGER""]","[""PERSONAL""]","[""2014""]",[],[],[],[],[],[],[],[],[],[],[],[],[],[],[],[],"['54', '62']","[""DID NOT DEPLOY""]","[""TEST NOT OFFERED""]","[""CHICAGO""]","[""2025-10-07T17:40:00.000""]","[""NONE""]","[""NOT OBSCURED""]","[""D""]","[""IL""]","[""NONE""]",[],"[""O2165697"", ""O2165698""]","[""DRIVER"", ""PEDESTRIAN""]","[""NORMAL""]","[""SAFETY BELT USED""]","[""F"", ""M""]","[""IL""]","[""2064445""]","[""60618"", ""60625""]",[],[],"[""UNKNOWN/NA""]","[""IN CROSSWALK""]","[""CONTRASTING CLOTHING""]",[],2025,10,17,7,False,afternoon,41.96,-87.68,41.96_-87.68,58.0,54,62,FAILURE-TO-YIELD,1
STRAIGHT AND LEVEL,611,2025-10-07 17:30:00,3,17,10,8C0ADAE1E9F65411ACDDC910FAEC7F398CDF28A3ECBE211A3DC7F3873895FF6C19914738FC76FC91C2051B02792F7B7B20CE39C6A2ED622F95C5B00ADDF46B8C,NO INJURY / DRIVE AWAY,"OVER $1,500",NO CONTROLS,TURNING,41.7484348028,DAYLIGHT,-87.6635335749,2,30,FAILING TO YIELD RIGHT-OF-WAY,NO DEFECTS,DRY,NOT APPLICABLE,S,8000,NO CONTROLS,DIVIDED - W/MEDIAN (NOT RAISED),CLEAR,0.0,0.0,0.0,0.0,0.0,1.0,1,1,"[""Y""]","[""Y""]",[],"[""2025-10-07T17:30:00.000""]","[""2165705"", ""2165706""]","[""SIDE-RIGHT"", ""UNKNOWN""]","[""IL""]","[""NISSAN"", ""UNKNOWN""]","[""STRAIGHT AHEAD"", ""U-TURN""]","[""MURANO"", ""OTHER (EXPLAIN IN NARRATIVE)""]","[""1""]","[""N"", ""W""]","[""1"", ""2""]","[""DRIVER""]","[""NONE"", ""UNKNOWN""]","[""2064455"", ""2064460""]","[""PASSENGER"", ""UNKNOWN/NA""]","[""PERSONAL"", ""UNKNOWN/NA""]","[""2022""]","[""Y""]","[""Y""]",[],[],[],[],"[""Y""]",[],[],[],[],[],[],"[""Y""]",[],[],['69'],"[""DEPLOYMENT UNKNOWN"", ""NOT APPLICABLE""]","[""TEST NOT OFFERED""]","[""CHICAGO""]","[""2025-10-07T17:30:00.000""]","[""IMPROPER TURN"", ""NONE""]","[""NOT OBSCURED"", ""UNKNOWN""]",[],"[""IL""]","[""NONE"", ""UNKNOWN""]",[],"[""O2165705"", ""O2165706""]","[""DRIVER""]","[""NORMAL""]","[""SAFETY BELT USED"", ""USAGE UNKNOWN""]","[""F"", ""X""]","[""IL""]","[""2064455"", ""2064460""]",[],[],[],[],[],[],[],2025,10,17,7,False,afternoon,41.75,-87.66,41.75_-87.66,69.0,69,69,FAILURE-TO-YIELD,0
STRAIGHT AND LEVEL,1412,2025-10-07 17:30:00,3,17,10,7163D6646CFF59F77B30B4D62D978F116E348DAA416C5269D17DCFDF06961FB5995D7388EF02FEEAA637D48A93C72B27E9451C643DD6ECAD988719B9673B2169,NO INJURY / DRIVE AWAY,$500 OR LESS,NO CONTROLS,REAR END,41.9341186158,DAWN,-87.7124949303,2,30,FOLLOWING TOO CLOSELY,NO DEFECTS,DRY,FAILING TO REDUCE SPEED TO AVOID CRASH,N,2872,NO CONTROLS,FOUR WAY,CLEAR,0.0,1.0,0.0,0.0,0.0,1.0,1,1,[],[],[],"[""2025-10-07T17:30:00.000""]","[""2165726"", ""2165727""]","[""REAR"", ""UNKNOWN""]","[""IL"", ""OH""]","[""HONDA""]","[""STRAIGHT AHEAD""]","[""CR-V""]","[""1""]","[""S""]","[""1"", ""2""]","[""DRIVER""]","[""NONE""]","[""2064480"", ""2064482""]","[""PASSENGER""]","[""PERSONAL""]","[""2007""]",[],[],[],[],[],"[""Y""]","[""Y""]",[],[],[],[],[],[],"[""Y""]","[""Y""]",[],['22'],"[""DEPLOYMENT UNKNOWN""]","[""TEST NOT OFFERED""]","[""DAYTON""]","[""2025-10-07T17:30:00.000""]","[""FOLLOWED TOO CLOSELY"", ""NONE""]","[""NOT OBSCURED"", ""UNKNOWN""]",[],"[""OH""]","[""NONE"", ""UNKNOWN""]",[],"[""O2165726"", ""O2165727""]","[""DRIVER""]","[""NORMAL"", ""UNKNOWN""]","[""USAGE UNKNOWN""]","[""M""]","[""OH""]","[""2064480"", ""2064482""]","[""45424""]",[],[],[],[],[],[],2025,10,17,7,False,afternoon,41.93,-87.71,41.93_-87.71,22.0,22,22,FOLLOWING TOO CLOSELY,0
STRAIGHT AND LEVEL,1622,2025-10-07 17:30:00,3,17,10,2D95EEAB615FEEE08B052072377927BFB2679B77BCBDAD8A5CFB189BAA4D724FF2C3EBCCFD53EAF9DCE3B627AAADB0080B45CA7DA74DA0F60579FABBD01A3F1F,NO INJURY / DRIVE AWAY,"OVER $1,500",NO CONTROLS,PARKED MOTOR VEHICLE,41.9811962622,DAYLIGHT,-87.7709457626,2,30,UNABLE TO DETERMINE,UNKNOWN,UNKNOWN,UNABLE TO DETERMINE,N,5500,NO CONTROLS,NOT DIVIDED,CLEAR,0.0,0.0,0.0,0.0,0.0,1.0,2,1,[],[],[],"[""2025-10-07T17:30:00.000""]","[""2165743"", ""2165744""]","[""SIDE-LEFT-REAR"", ""UNKNOWN""]","[""IL""]","[""HYUNDAI"", ""TOYOTA""]","[""PARKED"", ""UNKNOWN/NA""]","[""OTHER (EXPLAIN IN NARRATIVE)"", ""TUNDRA""]","[""0"", ""1""]","[""N""]","[""1"", ""2""]","[""DRIVER"", ""PARKED""]","[""UNKNOWN""]","[""2064495"", ""2064502""]","[""PICKUP"", ""SPORT UTILITY VEHICLE (SUV)""]","[""NOT IN USE"", ""UNKNOWN/NA""]","[""2018"", ""2025""]",[],[],[],[],[],"[""Y""]","[""Y""]",[],[],[],[],"[""Y""]",[],[],[],[],['72'],"[""NOT APPLICABLE""]","[""TEST NOT OFFERED""]","[""CHICAGO""]","[""2025-10-07T17:30:00.000""]","[""UNKNOWN""]","[""UNKNOWN""]","[""D""]","[""IL""]","[""NONE""]",[],"[""O2165743""]","[""DRIVER""]","[""NORMAL""]","[""USAGE UNKNOWN""]","[""M""]","[""IL""]","[""2064495""]","[""60630""]",[],[],[],[],[],[],2025,10,17,7,False,afternoon,41.98,-87.77,41.98_-87.77,72.0,72,72,OTHER,0
STRAIGHT AND LEVEL,2523,2025-10-07 17:25:00,3,17,10,10A7013502AE9CD8231DF2DBC5AAEE6777D961FBADC3D08F943145E91DEAFDA0273024761C92B546A99790ECB3CA7B7D244EA1837160DF6803EB03AC880F50DC,NO INJURY / DRIVE AWAY,"OVER $1,500",NO CONTROLS,REAR END,41.9356406398,DAYLIGHT,-87.7272323819,2,30,UNABLE TO DETERMINE,UNKNOWN,UNKNOWN,UNABLE TO DETERMINE,N,3006,NO CONTROLS,NOT DIVIDED,CLEAR,0.0,0.0,0.0,0.0,0.0,1.0,1,1,[],[],"[""Y""]","[""2025-10-07T17:25:00.000""]","[""2165794"", ""2165795""]","[""FRONT"", ""REAR""]","[""IL""]","[""JEEP""]","[""STRAIGHT AHEAD""]","[""GRAND CHEROKEE""]","[""1""]","[""UNKNOWN""]","[""1"", ""2""]","[""DRIVER""]","[""UNKNOWN""]","[""2064553"", ""2064554""]","[""SPORT UTILITY VEHICLE (SUV)""]","[""PERSONAL""]","[""2015"", ""2020""]",[],[],[],[],[],[],[],[],[],[],[],[],[],[],"[""Y""]",[],['35'],"[""DEPLOYED, COMBINATION"", ""DEPLOYMENT UNKNOWN""]","[""TEST NOT OFFERED""]","[""CHICAGO"", ""KISSIMMEE""]","[""2025-10-07T17:25:00.000""]","[""FOLLOWED TOO CLOSELY"", ""UNKNOWN""]","[""UNKNOWN""]","[""D""]","[""FL"", ""IL""]","[""UNKNOWN""]",[],"[""O2165794"", ""O2165795""]","[""DRIVER""]","[""EMOTIONAL"", ""UNKNOWN""]","[""USAGE UNKNOWN""]","[""M""]","[""FL"", ""IL""]","[""2064553"", ""2064554""]","[""34743"", ""60647""]",[],[],[],[],[],[],2025,10,17,7,False,afternoon,41.94,-87.73,41.94_-87.73,35.0,35,35,OTHER,0
STRAIGHT AND LEVEL,811,2025-10-07 17:22:00,3,17,10,83DEFA771233BC17698825B08BAE91B367BEEB41D48BA3BB321EE46EAFA3E568878C30C4B1E9C46BCB9812E0FE537C652CD07DAA06FAD42E41CB21FE5A07ED0B,NO INJURY / DRIVE AWAY,"OVER $1,500",NO CONTROLS,PARKED MOTOR VEHICLE,41.7945341817,DAYLIGHT,-87.7768514788,2,30,IMPROPER BACKING,NO DEFECTS,DRY,PHYSICAL CONDITION OF DRIVER,S,5355,NO CONTROLS,ONE-WAY,CLEAR,0.0,0.0,0.0,0.0,1.0,1.0,2,1,[],[],[],"[""2025-10-07T17:22:00.000""]","[""2165685"", ""2165686""]","[""FRONT-LEFT-CORNER"", ""REAR-RIGHT-CORNER""]","[""OK""]","[""FORD"", ""NAVISTAR""]","[""BACKING"", ""PARKED""]","[""ESCAPE"", ""NAVISTAR""]","[""0"", ""1""]","[""N"", ""S""]","[""1"", ""2""]","[""DRIVER"", ""PARKED""]","[""NONE""]","[""2064432"", ""2064442""]","[""PASSENGER"", ""TRUCK - SINGLE UNIT""]","[""CONSTRUCTION/MAINTENANCE"", ""PERSONAL""]","[""2013"", ""2021""]",[],[],"[""Y""]",[],[],[],[],[],[],[],[],[],[],"[""Y""]","[""Y""]",[],['75'],"[""DID NOT DEPLOY""]","[""TEST NOT OFFERED""]","[""CHICAGO""]","[""2025-10-07T17:22:00.000""]","[""IMPROPER BACKING""]","[""NOT OBSCURED""]","[""D""]","[""IL""]","[""NONE""]",[],"[""O2165685""]","[""DRIVER""]","[""NORMAL""]","[""USAGE UNKNOWN""]","[""M""]","[""IL""]","[""2064432""]",[],[],[],[],[],[],[],2025,10,17,7,False,afternoon,41.79,-87.78,41.79_-87.78,75.0,75,75,OTHER,0
STRAIGHT AND LEVEL,1934,2025-10-07 17:15:00,3,17,10,415229C2B5844877D85F4AA781C301A9A10EC71F704F9E34893281195D2C40AC4178AFC0535B09220D3D5EEA3F76A9621494E359CBEC738DBCD6685DD6E734FE,NO INJURY / DRIVE AWAY,"OVER $1,500",NO CONTROLS,PARKED MOTOR VEHICLE,41.9356996878,UNKNOWN,-87.6390276256,2,20,UNABLE TO DETERMINE,NO DEFECTS,UNKNOWN,UNABLE TO DETERMINE,W,350,NO CONTROLS,OTHER,CLEAR,0.0,0.0,0.0,0.0,0.0,1.0,2,1,[],[],[],"[""2025-10-07T17:15:00.000""]","[""2165803"", ""2165804""]","[""FRONT-LEFT-CORNER"", ""UNKNOWN""]","[""AZ"", ""IL""]","[""GENERAL MOTORS CORPORATION (GMC)"", ""MERCEDES-BENZ""]","[""PARKED"", ""UNKNOWN/NA""]","[""220 SERIES"", ""SAVANNAH""]","[""0"", ""1""]","[""UNKNOWN"", ""W""]","[""1"", ""2""]","[""DRIVER"", ""PARKED""]","[""UNKNOWN""]","[""2064566"", ""2064569""]","[""PASSENGER"", ""TRUCK - SINGLE UNIT""]","[""PERSONAL""]","[""2019"", ""2020""]",[],[],"[""Y""]",[],[],[],"[""Y""]",[],[],[],[],[],[],[],[],[],['42'],"[""NOT APPLICABLE""]","[""TEST NOT OFFERED""]","[""WASHINGTON""]","[""2025-10-07T17:15:00.000""]","[""UNKNOWN""]","[""UNKNOWN""]","[""D""]","[""DC""]","[""UNKNOWN""]",[],"[""O2165803""]","[""DRIVER""]","[""NORMAL""]","[""USAGE UNKNOWN""]","[""M""]","[""DC""]","[""2064566""]","[""20001""]",[],[],[],[],[],[],2025,10,17,7,False,afternoon,41.94,-87.64,41.94_-87.64,42.0,42,42,OTHER,0
STRAIGHT AND LEVEL,1713,2025-10-07 17:12:00,3,17,10,0573A79DEE4259DB4EAB66B4AD7A25B53078048903C1C35633B196572479970BBAA90FD1341A83A5A9783EA05F61A770539380C03A2A9494917B2EF3F0682DAC,NO INJURY / DRIVE AWAY,$500 OR LESS,NO CONTROLS,PARKED MOTOR VEHICLE,41.9683547002,DAYLIGHT,-87.7073943249,2,30,UNABLE TO DETERMINE,NO DEFECTS,DRY,UNABLE TO DETERMINE,W,3133,NO CONTROLS,NOT DIVIDED,CLEAR,0.0,1.0,0.0,0.0,0.0,1.0,2,0,[],[],[],"[""2025-10-07T17:12:00.000""]","[""2165699"", ""2165700""]","[""SIDE-LEFT-FRONT"", ""UNKNOWN""]","[""IL""]","[""FREIGHTLINER CORPORATION"", ""UNKNOWN""]","[""PARKED IN TRAFFIC LANE"", ""UNKNOWN/NA""]","[""FREIGHTLINER CORP."", ""OTHER (EXPLAIN IN NARRATIVE)""]","[""0"", ""1""]","[""E"", ""UNKNOWN""]","[""1"", ""2""]","[""DRIVER"", ""PARKED""]","[""UNKNOWN""]","[""2064453"", ""2064459""]","[""OTHER"", ""UNKNOWN/NA""]","[""COMMERCIAL - MULTI-UNIT"", ""UNKNOWN/NA""]","[""2022""]",[],[],"[""Y""]",[],[],[],"[""Y""]",[],[],"[""N""]",[],[],[],[],[],[],[],"[""DEPLOYMENT UNKNOWN""]","[""TEST NOT OFFERED""]",[],"[""2025-10-07T17:12:00.000""]","[""UNKNOWN""]","[""UNKNOWN""]",[],[],"[""NONE""]",[],"[""O2165699""]","[""DRIVER""]","[""UNKNOWN""]","[""USAGE UNKNOWN""]","[""X""]",[],"[""2064453""]",[],[],[],[],[],[],[],2025,10,17,7,False,afternoon,41.97,-87.71,41.97_-87.71,0.0,0,0,OTHER,0
STRAIGHT AND LEVEL,1121,2025-10-07 17:02:00,3,17,10,1510C3F6CACDA7E600E315ED260443C0180BC2DB0E3202FF12C8E6B2183064CBF3CD1E07424227A62B945FA5018AD5EE8B52DAA938EF1D62C8CAD065172CB60E,INJURY AND / OR TOW DUE TO CRASH,"OVER $1,500",FUNCTIONING PROPERLY,ANGLE,41.8991784467,DAYLIGHT,-87.7091442122,2,30,FAILING TO YIELD RIGHT-OF-WAY,NO DEFECTS,DRY,FAILING TO YIELD RIGHT-OF-WAY,W,3301,TRAFFIC SIGNAL,NOT DIVIDED,CLEAR,0.0,0.0,1.0,0.0,0.0,1.0,1,5,[],[],"[""Y""]","[""2025-10-07T17:02:00.000""]","[""2165756"", ""2165757""]","[""FRONT-LEFT-CORNER"", ""REAR-LEFT-CORNER""]","[""IL""]","[""FORD""]","[""STRAIGHT AHEAD""]","[""ESCAPE"", ""EXPEDITION""]","[""2"", ""3""]","[""E"", ""NW""]","[""1"", ""2""]","[""DRIVER""]","[""UNKNOWN""]","[""2064507"", ""2064522""]","[""PASSENGER""]","[""PERSONAL""]","[""2018"", ""2023""]",[],[],"[""Y""]","[""AKIN TOWING""]","[""Y""]",[],[],"[""Y""]","[""Y""]",[],"[""1"", ""2""]",[],[],[],[],[],"['29', '45', '46', '60', '67']","[""DEPLOYED, FRONT""]","[""TEST NOT OFFERED""]","[""BERWYN"", ""BOLINGBROOK"", ""CHICAGO"", ""MAYWOOD""]","[""2025-10-07T17:02:00.000""]","[""FAILED TO YIELD"", ""NONE""]","[""NOT OBSCURED"", ""UNKNOWN""]","[""D""]","[""IL""]","[""NONE""]","[""HUBLT PARK HEALTH"", ""REFUSED"", ""SINIA HOSPITAL"", ""STROGER""]","[""O2165756"", ""O2165757"", ""P477901"", ""P477902"", ""P477905""]","[""DRIVER"", ""PASSENGER""]","[""NORMAL"", ""UNKNOWN""]","[""SAFETY BELT USED""]","[""F""]","[""IL""]","[""2064507"", ""2064522""]","[""60019"", ""60153"", ""60402"", ""60440"", ""60647""]","[""AMBO 23"", ""AMBO 33"", ""AMBO 44"", ""AMBO 52""]","[""12"", ""3"", ""6""]",[],[],[],[],2025,10,17,7,False,afternoon,41.9,-87.71,41.9_-87.71,49.4,29,67,FAILURE-TO-YIELD,1
STRAIGHT AND LEVEL,624,2025-10-07 17:00:00,3,17,10,D0BF1D5A623BFFC13F480C737EB2587ED98EFC8F5D7E733305B0FD617469041B3DA7232D94BF6654E3CABAB2679BF2924301A672F52E422D66A64B84F346C753,NO INJURY / DRIVE AWAY,"OVER $1,500",NO CONTROLS,TURNING,41.7511943382,DAYLIGHT,-87.6053673263,2,35,UNABLE TO DETERMINE,NO DEFECTS,DRY,NOT APPLICABLE,S,7900,NO CONTROLS,NOT DIVIDED,CLEAR,0.0,0.0,0.0,0.0,0.0,1.0,1,1,"[""Y""]",[],"[""Y""]","[""2025-10-07T17:00:00.000""]","[""2165725"", ""2165729""]","[""FRONT-LEFT-CORNER"", ""FRONT-RIGHT-CORNER""]","[""IL""]","[""KIA"", ""MERCEDES-BENZ""]","[""STRAIGHT AHEAD"", ""U-TURN""]","[""OTHER (EXPLAIN IN NARRATIVE)"", ""SORENTO""]","[""1"", ""2""]","[""N""]","[""1"", ""2""]","[""DRIVER""]","[""NONE"", ""UNKNOWN""]","[""2064497"", ""2064533""]","[""PASSENGER"", ""SPORT UTILITY VEHICLE (SUV)""]","[""PERSONAL""]","[""2017""]",[],[],"[""Y""]",[],[],[],[],[],[],[],"[""1""]",[],[],[],[],[],['75'],"[""DEPLOYMENT UNKNOWN"", ""NOT APPLICABLE""]","[""TEST NOT OFFERED""]","[""CHICAGO"", ""RIVERDALE AVE""]","[""2025-10-07T17:00:00.000""]","[""IMPROPER TURN"", ""UNKNOWN""]","[""NOT OBSCURED"", ""UNKNOWN""]","[""D""]","[""IL""]","[""NONE"", ""UNKNOWN""]",[],"[""O2165725"", ""O2165729"", ""P477911""]","[""DRIVER"", ""PASSENGER""]","[""NORMAL"", ""UNKNOWN""]","[""SAFETY BELT USED"", ""USAGE UNKNOWN""]","[""F"", ""M""]","[""IL""]","[""2064497"", ""2064533""]",[],[],"[""3""]",[],[],[],[],2025,10,17,7,False,afternoon,41.75,-87.61,41.75_-87.61,75.0,75,75,OTHER,0
STRAIGHT AND LEVEL,811,2025-10-07 17:00:00,3,17,10,9B4E0DDD19997A2020971830B59791BD1804AE4BAB0DFC7D0FB0A910EA239E2E6DA127D8C2352C18E38C179B9E1C7985B900F2EC3489C1A34B5F405A9098A637,NO INJURY / DRIVE AWAY,"OVER $1,500",NO CONTROLS,TURNING,41.7864761552,DAYLIGHT,-87.8011468226,2,35,FAILING TO REDUCE SPEED TO AVOID CRASH,NO DEFECTS,WET,NOT APPLICABLE,S,5801,NO CONTROLS,NOT DIVIDED,CLEAR,0.0,0.0,1.0,0.0,0.0,1.0,1,2,"[""Y""]",[],"[""Y""]","[""2025-10-07T17:00:00.000""]","[""2165675"", ""2165676""]","[""FRONT-RIGHT-CORNER"", ""REAR-LEFT-CORNER""]","[""IL""]","[""FORD"", ""TOYOTA""]","[""STRAIGHT AHEAD"", ""TURNING RIGHT""]","[""EDGE"", ""RAV4""]","[""1"", ""2""]","[""E"", ""N""]","[""1"", ""2""]","[""DRIVER""]","[""NONE""]","[""2064418"", ""2064426""]","[""SPORT UTILITY VEHICLE (SUV)""]","[""PERSONAL""]","[""2015"", ""2024""]",[],[],[],[],[],"[""Y""]",[],[],[],[],"[""1""]",[],[],[],"[""Y""]",[],"['16', '51']","[""DID NOT DEPLOY""]","[""TEST NOT OFFERED""]","[""CHICAGO"", ""HICKORY HILLS""]","[""2025-10-07T17:00:00.000""]","[""FAILED TO YIELD"", ""NONE""]","[""NOT OBSCURED""]","[""A"", ""D""]","[""IL""]","[""NONE""]",[],"[""O2165675"", ""O2165676"", ""P477886""]","[""DRIVER"", ""PASSENGER""]","[""NORMAL""]","[""SAFETY BELT USED""]","[""F"", ""M""]","[""IL""]","[""2064418"", ""2064426""]","[""60457"", ""60638""]",[],"[""3""]",[],[],[],[],2025,10,17,7,False,afternoon,41.79,-87.8,41.79_-87.8,33.5,16,51,SPEEDING,0
STRAIGHT AND LEVEL,1235,2025-10-07 17:00:00,3,17,10,509237F331C708619165195A0CFFAC62392573A0925539F8B51C9554FDA566919C14DB8F8B9A15720B613318F8E1CF375501E6C6D7F14200B844F2C77CFF3CE0,NO INJURY / DRIVE AWAY,$500 OR LESS,NO CONTROLS,PARKED MOTOR VEHICLE,41.8579631275,DAYLIGHT,-87.6533577348,2,30,IMPROPER BACKING,NO DEFECTS,DRY,NOT APPLICABLE,S,1800,NO CONTROLS,DIVIDED - W/MEDIAN (NOT RAISED),CLEAR,0.0,0.0,0.0,0.0,0.0,1.0,2,1,[],[],[],"[""2025-10-07T17:00:00.000""]","[""2165709"", ""2165710""]","[""REAR-LEFT-CORNER"", ""REAR-RIGHT-CORNER""]","[""IL""]","[""KIA"", ""UNKNOWN""]","[""BACKING"", ""PARKED""]","[""ENCLOSED BODY"", ""SORENTO""]","[""1"", ""4""]","[""NE"", ""W""]","[""1"", ""2""]","[""DRIVER"", ""PARKED""]","[""NONE""]","[""2064463"", ""2064465""]","[""SPORT UTILITY VEHICLE (SUV)""]","[""NOT IN USE"", ""PERSONAL""]","[""2016""]",[],[],[],[],[],"[""Y""]",[],[],[],[],"[""4""]",[],[],"[""N"", ""Y""]",[],[],['27'],"[""NOT APPLICABLE""]","[""TEST NOT OFFERED""]","[""CICERO""]","[""2025-10-07T17:00:00.000""]","[""IMPROPER BACKING""]","[""NOT OBSCURED""]",[],"[""IL""]","[""NONE""]",[],"[""O2165709"", ""P478243"", ""P478244"", ""P478245"", ""P478246""]","[""DRIVER"", ""PASSENGER""]","[""NORMAL""]","[""SAFETY BELT USED""]","[""F"", ""X""]","[""IL""]","[""2064463"", ""2064465""]","[""60804""]",[],"[""1"", ""3"", ""4"", ""6""]",[],[],[],[],2025,10,17,7,False,afternoon,41.86,-87.65,41.86_-87.65,27.0,27,27,OTHER,0
STRAIGHT AND LEVEL,1621,2025-10-07 17:00:00,3,17,10,12481BFF02EC2C8177C26AA78D9E5E67E77A113554FB9CCD46261CACCEA58C97A13DE78624CC364218CD103E4475C159438633CE3AC13044CAFF762D0E5C2BCB,NO INJURY / DRIVE AWAY,"OVER $1,500",FUNCTIONING PROPERLY,REAR END,41.9831376451,DAYLIGHT,-87.7644410053,2,30,FAILING TO REDUCE SPEED TO AVOID CRASH,NO DEFECTS,DRY,UNABLE TO DETERMINE,N,5601,STOP SIGN/FLASHER,DIVIDED - W/MEDIAN (NOT RAISED),CLEAR,0.0,0.0,1.0,0.0,0.0,1.0,1,2,[],[],"[""Y""]","[""2025-10-07T17:00:00.000""]","[""2166181"", ""2166194""]","[""FRONT"", ""REAR""]","[""IL"", ""IN""]","[""HONDA"", ""MAZDA""]","[""STRAIGHT AHEAD""]","[""CR-V"", ""MX-3""]","[""1""]","[""S""]","[""1"", ""2""]","[""DRIVER""]","[""NONE""]","[""2064897"", ""2064906""]","[""SPORT UTILITY VEHICLE (SUV)""]","[""PERSONAL""]","[""2007"", ""2025""]",[],[],[],[],[],[],[],[],[],[],[],[],[],[],"[""Y""]",[],"['22', '29']","[""DID NOT DEPLOY""]","[""TEST NOT OFFERED""]","[""CHICAGO""]","[""2025-10-07T17:00:00.000""]","[""FAILED TO YIELD"", ""NONE""]","[""NOT OBSCURED"", ""UNKNOWN""]","[""D""]","[""IL"", ""IN""]","[""NONE""]",[],"[""O2166181"", ""O2166194""]","[""DRIVER""]","[""NORMAL"", ""UNKNOWN""]","[""SAFETY BELT USED"", ""USAGE UNKNOWN""]","[""F""]","[""IL""]","[""2064897"", ""2064906""]","[""46970"", ""60618""]",[],[],[],[],[],[],2025,10,17,7,False,afternoon,41.98,-87.76,41.98_-87.76,25.5,22,29,SPEEDING,0
STRAIGHT AND LEVEL,1621,2025-10-07 16:56:00,3,16,10,90EB8F7172C15FFAF07F113AD2B9B6A101C7E96863F5A4B12DCC0AA39B0E107A1EEED333F4CB2253C6B5A41F5F722B85ACBE5E02DDDCD4D9B37AE5E4EE07ADEA,NO INJURY / DRIVE AWAY,"OVER $1,500",NO CONTROLS,TURNING,41.9972314882,UNKNOWN,-87.7668182559,2,30,UNABLE TO DETERMINE,UNKNOWN,UNKNOWN,NOT APPLICABLE,N,6400,NO CONTROLS,UNKNOWN,CLEAR,0.0,0.0,0.0,0.0,0.0,1.0,1,2,[],[],[],"[""2025-10-07T16:56:00.000""]","[""2165691"", ""2165692""]","[""FRONT"", ""SIDE-RIGHT""]","[""IL""]","[""NISSAN"", ""TOYOTA""]","[""STRAIGHT AHEAD"", ""TURNING RIGHT""]","[""CAMRY"", ""ROGUE""]","[""1""]","[""N"", ""W""]","[""1"", ""2""]","[""DRIVER""]","[""UNKNOWN""]","[""2064439"", ""2064444""]","[""PASSENGER"", ""SPORT UTILITY VEHICLE (SUV)""]","[""UNKNOWN/NA""]","[""2014"", ""2019""]","[""Y""]","[""Y""]",[],[],[],[],"[""Y""]",[],[],[],[],[],[],"[""Y""]",[],[],"['52', '62']","[""DID NOT DEPLOY""]","[""TEST NOT OFFERED""]","[""CHICAGO"", ""NILES""]","[""2025-10-07T16:56:00.000""]","[""UNKNOWN""]","[""UNKNOWN""]","[""D""]","[""IL""]","[""NONE"", ""UNKNOWN""]",[],"[""O2165691"", ""O2165692""]","[""DRIVER""]","[""UNKNOWN""]","[""SAFETY BELT USED"", ""USAGE UNKNOWN""]","[""M""]","[""IL""]","[""2064439"", ""2064444""]","[""60646"", ""60714""]",[],[],[],[],[],[],2025,10,16,7,False,afternoon,42.0,-87.77,42.0_-87.77,57.0,52,62,OTHER,0