alignment,beat_of_occurrence,crash_date,crash_day_of_week,crash_hour,crash_month,crash_record_id,crash_type,damage,device_condition,first_crash_type,latitude,lighting_condition,longitude,num_units,posted_speed_limit,prim_contributory_cause,road_defect,roadway_surface_cond,sec_contributory_cause,street_direction,street_no,traffic_control_device,trafficway_type,weather_condition,private_property_i,hit_and_run_i,intersection_related_i,crash_date_est_i,work_zone_i,workers_present_i,veh_count,ppl_count,veh_area_01_i_list_json,veh_area_02_i_list_json,veh_area_12_i_list_json,veh_crash_date_list_json,veh_crash_unit_id_list_json,veh_first_contact_point_list_json,veh_lic_plate_state_list_json,veh_make_list_json,veh_maneuver_list_json,veh_model_list_json,veh_occupant_cnt_list_json,veh_travel_direction_list_json,veh_unit_no_list_json,veh_unit_type_list_json,veh_vehicle_defect_list_json,veh_vehicle_id_list_json,veh_vehicle_type_list_json,veh_vehicle_use_list_json,veh_vehicle_year_list_json,veh_area_03_i_list_json,veh_area_04_i_list_json,veh_area_11_i_list_json,veh_towed_by_list_json,veh_towed_i_list_json,veh_area_07_i_list_json,veh_area_99_i_list_json,veh_area_09_i_list_json,veh_area_10_i_list_json,veh_cmrc_veh_i_list_json,veh_num_passengers_list_json,veh_area_08_i_list_json,veh_area_00_i_list_json,veh_area_05_i_list_json,veh_area_06_i_list_json,veh_towed_to_list_json,ppl_age_list_json,ppl_airbag_deployed_list_json,ppl_bac_result_list_json,ppl_city_list_json,ppl_crash_date_list_json,ppl_driver_action_list_json,ppl_driver_vision_list_json,ppl_drivers_license_class_list_json,ppl_drivers_license_state_list_json,ppl_ejection_list_json,ppl_hospital_list_json,ppl_person_id_list_json,ppl_person_type_list_json,ppl_physical_condition_list_json,ppl_safety_equipment_list_json,ppl_sex_list_json,ppl_state_list_json,ppl_vehicle_id_list_json,ppl_zipcode_list_json,ppl_ems_agency_list_json,ppl_seat_no_list_json,ppl_pedpedal_action_list_json,ppl_pedpedal_location_list_json,ppl_pedpedal_visibility_list_json,ppl_ems_run_no_list_json,year,month,hour,day,is_weekend,hour_bin,lat_bin,lng_bin,grid_id,ppl_age_mean,ppl_age_min,ppl_age_max,prim_contributory_cause_group,ksi_flag
STRAIGHT AND LEVEL,433,2025-10-07 16:53:00,3,16,10,8F03C65B8B49F8D27B7A53CFFAB443DCAEEB14A730551FAFFABD004510A7D85BC73E00715064BE2B83145D5222261E10C74436C411A94D18827BE206D674865B,NO INJURY / DRIVE AWAY,"$501 - $1,500",FUNCTIONING PROPERLY,ANGLE,41.6499606011,DUSK,-87.540033431,2,30,FAILING TO YIELD RIGHT-OF-WAY,NO DEFECTS,DRY,DRIVING SKILLS/KNOWLEDGE/EXPERIENCE,S,13500,STOP SIGN/FLASHER,FOUR WAY,CLEAR,0.0,0.0,1.0,0.0,0.0,1.0,1,2,"[""Y""]",[],"[""Y""]","[""2025-10-07T16:53:00.000""]","[""2165701"", ""2165702""]","[""FRONT"", ""SIDE-RIGHT""]","[""IL""]","[""FORD"", ""HYUNDAI""]","[""STRAIGHT AHEAD""]","[""ELANTRA"", ""F150""]","[""1""]","[""E"", ""N""]","[""1"", ""2""]","[""DRIVER""]","[""NONE""]","[""2064456"", ""2064462""]","[""PASSENGER"", ""PICKUP""]","[""PERSONAL""]","[""1993"", ""2021""]","[""Y""]","[""Y""]","[""Y""]",[],[],[],[],[],[],[],[],[],[],[],[],[],"['25', '83']","[""DID NOT DEPLOY""]","[""TEST NOT OFFERED""]","[""CHICAGO""]","[""2025-10-07T16:53:00.000""]","[""FAILED TO YIELD"", ""NONE""]","[""UNKNOWN""]","[""D""]","[""IL""]","[""NONE""]",[],"[""O2165701"", ""O2165702""]","[""DRIVER""]","[""NORMAL""]","[""SAFETY BELT USED"", ""USAGE UNKNOWN""]","[""M""]","[""IL""]","[""2064456"", ""2064462""]","[""60620"", ""60633""]",[],[],[],[],[],[],2025,10,16,7,False,afternoon,41.65,-87.54,41.65_-87.54,54.0,25,83,FAILURE-TO-YIELD,0
STRAIGHT AND LEVEL,1711,2025-10-07 16:50:00,3,16,10,B131B110B3732E86006FE07824F1C3BEFFFFD1CE07D44F736DD7086EF427758ADF356F16BD6464DADC2E37F7CE1BA6DAE05E23170F3D2DD2CC30BB8545BFCC7E,NO INJURY / DRIVE AWAY,"$501 - $1,500",NO CONTROLS,SIDESWIPE SAME DIRECTION,41.9838420587,DAYLIGHT,-87.7286076558,2,30,IMPROPER LANE USAGE,NO DEFECTS,DRY,UNABLE TO DETERMINE,N,5634,NO CONTROLS,DIVIDED - W/MEDIAN (NOT RAISED),CLEAR,0.0,1.0,0.0,0.0,0.0,1.0,1,1,[],"[""Y""]",[],"[""2025-10-07T16:50:00.000""]","[""2165683"", ""2165684""]","[""SIDE-LEFT-FRONT"", ""SIDE-RIGHT-FRONT""]","[""IL""]","[""FIAT"", ""NISSAN""]","[""CHANGING LANES"", ""STRAIGHT AHEAD""]","[""ALTIMA"", ""OTHER (EXPLAIN IN NARRATIVE)""]","[""1""]","[""N""]","[""1"", ""2""]","[""DRIVER""]","[""NONE""]","[""2064429"", ""2064435""]","[""PASSENGER""]","[""PERSONAL""]","[""2013"", ""2015""]",[],[],[],[],[],[],[],[],"[""Y""]",[],[],[],[],[],[],[],['65'],"[""DEPLOYMENT UNKNOWN"", ""DID NOT DEPLOY""]","[""TEST NOT OFFERED""]","[""CHICAGO""]","[""2025-10-07T16:50:00.000""]","[""IMPROPER LANE CHANGE"", ""NONE""]","[""NOT OBSCURED"", ""UNKNOWN""]","[""D""]","[""IL""]","[""NONE""]",[],"[""O2165683"", ""O2165684""]","[""DRIVER""]","[""NORMAL"", ""UNKNOWN""]","[""SAFETY BELT USED"", ""USAGE UNKNOWN""]","[""F""]","[""IL""]","[""2064429"", ""2064435""]","[""60659""]",[],[],[],[],[],[],2025,10,16,7,False,afternoon,41.98,-87.73,41.98_-87.73,65.0,65,65,OTHER,0
STRAIGHT AND LEVEL,824,2025-10-07 16:47:00,3,16,10,244B67960D8F05265284FF6942E0ED755D3AD5A2804AB19FCD062E8D3DD6FFC9F4EEAE51B7F5547E7F43A5578D8CA418A90FE36BEBEFB709D9E64F4D900E92AF,INJURY AND / OR TOW DUE TO CRASH,"OVER $1,500",NO CONTROLS,TURNING,41.7901180845,DAYLIGHT,-87.684082168,2,30,FAILING TO YIELD RIGHT-OF-WAY,NO DEFECTS,DRY,NOT APPLICABLE,S,5700,NO CONTROLS,NOT DIVIDED,CLEAR,0.0,1.0,1.0,0.0,0.0,1.0,1,1,[],[],"[""Y""]","[""2025-10-07T16:47:00.000""]","[""2165740"", ""2165741""]","[""FRONT"", ""SIDE-RIGHT-REAR""]",[],"[""NISSAN"", ""UNKNOWN""]","[""STRAIGHT AHEAD"", ""TURNING LEFT""]","[""OTHER (EXPLAIN IN NARRATIVE)""]","[""1""]","[""S"", ""W""]","[""1"", ""2""]","[""DRIVER""]","[""NONE""]","[""2064486"", ""2064493""]","[""MOPED OR MOTORIZED BICYCLE"", ""PASSENGER""]","[""PERSONAL""]","[""2022""]",[],"[""Y""]",[],[],[],[],[],[],[],[],[],[],[],"[""Y""]",[],[],['28'],"[""DEPLOYMENT UNKNOWN"", ""NOT APPLICABLE""]","[""TEST NOT OFFERED""]","[""CHICAGO""]","[""2025-10-07T16:47:00.000""]","[""FAILED TO YIELD"", ""NONE""]","[""NOT OBSCURED"", ""UNKNOWN""]","[""D""]","[""IL""]","[""NONE""]","[""MOUNT SINAI""]","[""O2165740"", ""O2165741""]","[""DRIVER""]","[""NORMAL"", ""UNKNOWN""]","[""DOT COMPLIANT MOTORCYCLE HELMET"", ""USAGE UNKNOWN""]","[""M"", ""X""]","[""IL""]","[""2064486"", ""2064493""]","[""60629""]","[""CFD AMB#8""]",[],[],[],[],[],2025,10,16,7,False,afternoon,41.79,-87.68,41.79_-87.68,28.0,28,28,FAILURE-TO-YIELD,1
STRAIGHT AND LEVEL,1532,2025-10-07 16:42:00,3,16,10,18FA67101E28708EDDFDDDA73F042AC5A55192D864881BE2A8286F05C0DFBFAC90C0F8F3B29516E916B2DAB17B775F6548951F548F54FAC6C8DACE9A3D0F43A3,INJURY AND / OR TOW DUE TO CRASH,"OVER $1,500",FUNCTIONING PROPERLY,HEAD ON,41.886397142,DAYLIGHT,-87.7505387221,3,30,UNABLE TO DETERMINE,NO DEFECTS,WET,NOT APPLICABLE,N,320,TRAFFIC SIGNAL,NOT DIVIDED,RAIN,0.0,0.0,0.0,0.0,0.0,1.0,2,3,"[""Y""]",[],"[""Y""]","[""2025-10-07T16:42:00.000""]","[""2165717"", ""2165718"", ""2165728""]","[""FRONT"", ""FRONT-LEFT-CORNER"", ""UNKNOWN""]","[""IL""]","[""JEEP"", ""TOYOTA""]","[""PARKED"", ""STRAIGHT AHEAD""]","[""CAMRY"", ""COMPASS"", ""FJ CRUISER""]","[""0"", ""1"", ""2""]","[""N"", ""S""]","[""1"", ""2"", ""3""]","[""DRIVER"", ""PARKED""]","[""UNKNOWN""]","[""2064470"", ""2064476"", ""2064479""]","[""PASSENGER""]","[""PERSONAL"", ""UNKNOWN/NA""]","[""2007"", ""2013""]",[],[],"[""Y""]",[],[],[],[],"[""Y""]","[""Y""]",[],"[""1""]",[],[],[],[],[],"['26', '31', '39']","[""DEPLOYED, FRONT"", ""DID NOT DEPLOY""]","[""TEST NOT OFFERED""]","[""CHICAGO""]","[""2025-10-07T16:42:00.000""]","[""UNKNOWN""]","[""UNKNOWN""]","[""D""]","[""IL""]","[""NONE""]","[""LORETTO""]","[""O2165717"", ""O2165718"", ""P477893""]","[""DRIVER"", ""PASSENGER""]","[""NORMAL""]","[""USAGE UNKNOWN""]","[""F"", ""M""]","[""IL""]","[""2064470"", ""2064476""]","[""60639"", ""60644""]","[""33""]","[""2""]",[],[],[],[],2025,10,16,7,False,afternoon,41.89,-87.75,41.89_-87.75,32.0,26,39,OTHER,1
STRAIGHT AND LEVEL,235,2025-10-07 16:40:00,3,16,10,4332908AF12ECC185318614867AD3020F7CA589DCE31021FA6C7BCFA81E7620098B8FEC07FC84B43EDA79D3AFAB5F8AB69096DDBBB841FAEA375AAAFD2666426,NO INJURY / DRIVE AWAY,"OVER $1,500",NO CONTROLS,FIXED OBJECT,41.795075416,DAYLIGHT,-87.5875207356,1,30,NOT APPLICABLE,UNKNOWN,DRY,NOT APPLICABLE,E,1601,NO CONTROLS,DIVIDED - W/MEDIAN BARRIER,CLEAR,0.0,0.0,0.0,0.0,0.0,1.0,1,1,[],"[""Y""]",[],"[""2025-10-07T16:40:00.000""]","[""2165809""]","[""TOP""]","[""IL""]","[""MACK TRUCKS, INC.""]","[""STRAIGHT AHEAD""]","[""MACK TRUCKS, INC.""]","[""1""]","[""W""]","[""1""]","[""DRIVER""]","[""UNKNOWN""]","[""2064563""]","[""TRACTOR W/ SEMI-TRAILER""]","[""OTHER""]","[""2020""]","[""Y""]","[""Y""]",[],[],[],[],[],"[""Y""]","[""Y""]",[],[],[],[],[],[],[],['48'],"[""DID NOT DEPLOY""]","[""TEST NOT OFFERED""]","[""CHICAGO""]","[""2025-10-07T16:40:00.000""]","[""UNKNOWN""]","[""NOT OBSCURED""]","[""A""]","[""IL""]","[""NONE""]",[],"[""O2165809""]","[""DRIVER""]","[""UNKNOWN""]","[""SAFETY BELT USED""]","[""M""]","[""IL""]","[""2064563""]","[""60620""]",[],[],[],[],[],[],2025,10,16,7,False,afternoon,41.8,-87.59,41.8_-87.59,48.0,48,48,OTHER,0
STRAIGHT AND LEVEL,1935,2025-10-07 16:40:00,3,16,10,2311FAD49E8E533ADDCE16334A1D811095F364B104C16D29D317ADAB997A4B7C125F066B38D4A3DAAAB03F9141D1552061A67FE9DE809B0679C6753036DD8A81,NO INJURY / DRIVE AWAY,"$501 - $1,500",NO CONTROLS,REAR TO FRONT,41.9291815906,DAYLIGHT,-87.6444123457,2,30,IMPROPER BACKING,NO DEFECTS,DRY,FAILING TO YIELD RIGHT-OF-WAY,W,641,NO CONTROLS,NOT DIVIDED,CLEAR,0.0,0.0,0.0,0.0,0.0,1.0,1,1,[],[],[],"[""2025-10-07T16:40:00.000""]","[""2165671"", ""2165672""]","[""FRONT-LEFT-CORNER"", ""REAR""]","[""IL"", ""XX""]","[""JEEP"", ""VOLKSWAGEN""]","[""BACKING"", ""STRAIGHT AHEAD""]","[""COMPASS"", ""TIGUAN""]","[""1""]","[""E"", ""W""]","[""1"", ""2""]","[""DRIVER""]","[""NONE""]","[""2064422"", ""2064430""]","[""PASSENGER""]","[""DRIVER EDUCATION"", ""PERSONAL""]","[""2017"", ""2019""]",[],[],"[""Y""]",[],[],[],"[""Y""]",[],[],[],[],[],[],[],[],[],['28'],"[""NOT APPLICABLE""]","[""TEST NOT OFFERED""]","[""CHICAGO""]","[""2025-10-07T16:40:00.000""]","[""FAILED TO YIELD"", ""IMPROPER BACKING""]","[""NOT OBSCURED"", ""WINDSHIELD (WATER/ICE)""]","[""D""]","[""DE"", ""XX""]","[""NONE""]","[""REFUSED""]","[""O2165671"", ""O2165672""]","[""DRIVER""]","[""NORMAL""]","[""SAFETY BELT USED""]","[""F""]","[""IL""]","[""2064422"", ""2064430""]","[""60614""]",[],[],[],[],[],[],2025,10,16,7,False,afternoon,41.93,-87.64,41.93_-87.64,28.0,28,28,OTHER,0
STRAIGHT AND LEVEL,331,2025-10-07 16:39:00,3,16,10,194E8BFD169AFCF1C0F6365D748975B836D26076118C4EC5A9AAE8D41DC9257D6B2CDE69AE619777FA8B016695B1CA9025C363165E8E95DFD0B12F46ADD402A8,INJURY AND / OR TOW DUE TO CRASH,"$501 - $1,500",NO CONTROLS,SIDESWIPE SAME DIRECTION,41.7771852199,DAYLIGHT,-87.5861939387,2,30,FAILING TO YIELD RIGHT-OF-WAY,NO DEFECTS,DRY,IMPROPER TURNING/NO SIGNAL,S,6455,NO CONTROLS,NOT DIVIDED,CLEAR,0.0,1.0,0.0,0.0,0.0,1.0,1,2,[],[],[],"[""2025-10-07T16:39:00.000""]","[""2165748"", ""2165749""]","[""SIDE-LEFT-FRONT"", ""UNKNOWN""]","[""IL"", ""XX""]","[""TOYOTA"", ""UNKNOWN""]","[""CHANGING LANES"", ""STRAIGHT AHEAD""]","[""OTHER (EXPLAIN IN NARRATIVE)"", ""PRIUS""]","[""1"", ""2""]","[""N""]","[""1"", ""2""]","[""DRIVER""]","[""UNKNOWN""]","[""2064491"", ""2064499""]","[""PASSENGER"", ""SPORT UTILITY VEHICLE (SUV)""]","[""UNKNOWN/NA""]","[""2013""]",[],[],"[""Y""]",[],[],[],"[""Y""]",[],"[""Y""]",[],"[""1""]",[],[],[],[],[],"['37', '9']","[""DEPLOYMENT UNKNOWN"", ""DID NOT DEPLOY"", ""NOT APPLICABLE""]","[""TEST NOT OFFERED""]","[""CHICAGO""]","[""2025-10-07T16:39:00.000""]","[""FAILED TO YIELD"", ""NONE""]","[""NOT OBSCURED"", ""UNKNOWN""]","[""D""]","[""IL"", ""XX""]","[""NONE"", ""UNKNOWN""]","[""COMERS""]","[""O2165748"", ""O2165749"", ""P477899""]","[""DRIVER"", ""PASSENGER""]","[""NORMAL"", ""UNKNOWN""]","[""SAFETY BELT USED"", ""USAGE UNKNOWN""]","[""F"", ""M""]","[""IL""]","[""2064491"", ""2064499""]","[""60617""]","[""CFD""]","[""12""]",[],[],[],"[""ENG 63""]",2025,10,16,7,False,afternoon,41.78,-87.59,41.78_-87.59,23.0,9,37,FAILURE-TO-YIELD,1
STRAIGHT AND LEVEL,924,2025-10-07 16:36:00,3,16,10,E2E27664AC419ED6188E2FD2B7862249EE0282634769F373735EC3B4C997B1503F83B534E23B8FC0C8E84A5AC58D0F11E121033AEF9D571ECD2CFF0F993E909B,NO INJURY / DRIVE AWAY,"OVER $1,500",NO CONTROLS,REAR END,41.8103461274,DAYLIGHT,-87.6651655862,2,10,UNABLE TO DETERMINE,NO DEFECTS,DRY,NOT APPLICABLE,S,4600,NO CONTROLS,NOT DIVIDED,CLEAR,1.0,0.0,0.0,0.0,0.0,1.0,1,2,[],[],[],"[""2025-10-07T16:36:00.000""]","[""2169462"", ""2169463""]","[""REAR"", ""UNKNOWN""]","[""IL""]","[""MERCEDES-BENZ"", ""VOLKSWAGEN""]","[""STRAIGHT AHEAD""]","[""OTHER (EXPLAIN IN NARRATIVE)"", ""PASSAT""]","[""1""]","[""E""]","[""1"", ""2""]","[""DRIVER""]","[""NONE""]","[""2068009"", ""2068016""]","[""PASSENGER""]","[""PERSONAL""]","[""2012"", ""2018""]",[],[],[],[],[],"[""Y""]","[""Y""]",[],[],[],[],[],[],[],[],[],"['52', '57']","[""NOT APPLICABLE""]","[""TEST NOT OFFERED""]","[""BURR RIDGE"", ""CHICAGO""]","[""2025-10-07T16:36:00.000""]","[""IMPROPER BACKING"", ""NONE""]","[""NOT OBSCURED""]","[""D""]","[""IL""]","[""NONE""]",[],"[""O2169462"", ""O2169463""]","[""DRIVER""]","[""NORMAL""]","[""NONE PRESENT"", ""SAFETY BELT USED""]","[""F"", ""M""]","[""IL""]","[""2068009"", ""2068016""]","[""60527"", ""60609""]",[],[],[],[],[],[],2025,10,16,7,False,afternoon,41.81,-87.67,41.81_-87.67,54.5,52,57,OTHER,0
STRAIGHT ON GRADE,824,2025-10-07 16:30:00,3,16,10,A22D342846A731CD619DDEA0FE5043EB27B070AFE3A3A3A20290CD92686C444CF6067AA07450B2FD98C477ABE69F599805D1BEEC8C7A414580A17A844F6958FC,NO INJURY / DRIVE AWAY,"$501 - $1,500",NO CONTROLS,SIDESWIPE SAME DIRECTION,41.7901228831,DAYLIGHT,-87.6837888903,2,30,IMPROPER OVERTAKING/PASSING,NO DEFECTS,DRY,IMPROPER OVERTAKING/PASSING,S,5701,NO CONTROLS,NOT DIVIDED,CLEAR,0.0,0.0,0.0,0.0,0.0,1.0,1,1,[],"[""Y""]","[""Y""]","[""2025-10-07T16:30:00.000""]","[""2165677"", ""2165678""]","[""FRONT-LEFT-CORNER"", ""SIDE-RIGHT""]",[],"[""FORD"", ""SUBARU""]","[""PASSING/OVERTAKING"", ""STRAIGHT AHEAD""]","[""ESCAPE"", ""IMPREZA""]","[""1""]","[""S""]","[""1"", ""2""]","[""DRIVER""]","[""NONE""]","[""2064419"", ""2064427""]","[""SPORT UTILITY VEHICLE (SUV)""]","[""DRIVER EDUCATION"", ""PERSONAL""]","[""2008"", ""2013""]","[""Y""]","[""Y""]","[""Y""]",[],[],[],[],"[""N""]","[""Y""]",[],[],"[""N""]",[],[],[],[],['57'],"[""NOT APPLICABLE""]","[""TEST NOT OFFERED""]","[""CHICAGO""]","[""2025-10-07T16:30:00.000""]","[""IMPROPER LANE CHANGE"", ""NONE""]","[""NOT OBSCURED"", ""UNKNOWN""]","[""D""]","[""IL""]","[""NONE""]",[],"[""O2165677"", ""O2165678""]","[""DRIVER""]","[""NORMAL""]","[""SAFETY BELT USED""]","[""F"", ""M""]","[""IL""]","[""2064419"", ""2064427""]","[""60609"", ""60632""]",[],[],[],[],[],[],2025,10,16,7,False,afternoon,41.79,-87.68,41.79_-87.68,57.0,57,57,OTHER,0
STRAIGHT AND LEVEL,814,2025-10-07 16:30:00,3,16,10,2442A9D111C3A99416FF76452FF2328360AC9A51A9AB27DC35F47E62F5D12A47433F6CD09DB7EF2B43F97FEEB5DA96EF49F65795A0C2F166CF2E65C034FB95ED,NO INJURY / DRIVE AWAY,"OVER $1,500",FUNCTIONING PROPERLY,SIDESWIPE SAME DIRECTION,41.7962058509,DAYLIGHT,-87.7599257999,2,30,NOT APPLICABLE,NO DEFECTS,DRY,NOT APPLICABLE,S,5832,TRAFFIC SIGNAL,NOT DIVIDED,CLEAR,0.0,0.0,0.0,0.0,0.0,1.0,1,2,"[""Y""]","[""N""]",[],"[""2025-10-07T16:30:00.000""]","[""2165715"", ""2165716""]","[""FRONT-RIGHT-CORNER"", ""SIDE-LEFT""]","[""IL""]","[""NISSAN"", ""TOYOTA""]","[""OTHER"", ""STRAIGHT AHEAD""]","[""HIGHLANDER"", ""ROGUE""]","[""1"", ""2""]","[""W""]","[""1"", ""2""]","[""DRIVER""]","[""NONE""]","[""2064468"", ""2064472""]","[""PASSENGER""]","[""PERSONAL""]","[""2015"", ""2017""]","[""N""]","[""N""]",[],[],[],"[""Y""]",[],"[""Y""]",[],[],"[""1""]","[""Y""]",[],"[""N""]",[],[],"['50', '51']","[""DID NOT DEPLOY""]","[""TEST NOT OFFERED""]","[""CHICAGO""]","[""2025-10-07T16:30:00.000""]","[""NONE"", ""OTHER""]","[""NOT OBSCURED""]","[""D""]","[""IL""]","[""NONE""]",[],"[""O2165715"", ""O2165716"", ""P477891""]","[""DRIVER"", ""PASSENGER""]","[""NORMAL""]","[""SAFETY BELT USED""]","[""M""]","[""IL""]","[""2064468"", ""2064472""]","[""60632"", ""60638""]",[],"[""5""]",[],[],[],[],2025,10,16,7,False,afternoon,41.8,-87.76,41.8_-87.76,50.5,50,51,OTHER,0
STRAIGHT AND LEVEL,334,2025-10-07 16:30:00,3,16,10,D3C73C38C7B1C17B877CBA44906E38F5D1C4EDF9DB91C8EB8DC26E49872CF1F1CA93D61EC1FE17E38978B76753A05E16DAFC4F5BCAFD6ECE4C5F6F761EF15759,NO INJURY / DRIVE AWAY,"OVER $1,500",NO CONTROLS,PARKED MOTOR VEHICLE,41.7643364902,DAYLIGHT,-87.5655594876,2,30,DRIVING SKILLS/KNOWLEDGE/EXPERIENCE,UNKNOWN,UNKNOWN,NOT APPLICABLE,E,2425,NO CONTROLS,NOT DIVIDED,CLEAR,0.0,0.0,0.0,1.0,0.0,1.0,2,1,"[""Y""]",[],"[""Y""]","[""2025-10-07T16:30:00.000""]","[""2165679"", ""2165680""]","[""FRONT""]","[""IL""]","[""DODGE"", ""HYUNDAI""]","[""PARKED"", ""STRAIGHT AHEAD""]","[""JOURNEY"", ""OTHER (EXPLAIN IN NARRATIVE)""]","[""0"", ""1""]","[""W""]","[""1"", ""2""]","[""DRIVER"", ""PARKED""]","[""UNKNOWN""]","[""2064428"", ""2064433""]","[""PASSENGER""]","[""PERSONAL""]","[""2012"", ""2025""]",[],[],"[""Y""]",[],[],[],[],[],"[""Y""]",[],[],[],[],[],[],[],['31'],"[""NOT APPLICABLE""]","[""TEST NOT OFFERED""]","[""MUSKEGON""]","[""2025-10-07T16:30:00.000""]","[""UNKNOWN""]","[""UNKNOWN""]","[""D""]","[""MI""]","[""UNKNOWN""]",[],"[""O2165679""]","[""DRIVER""]","[""UNKNOWN""]","[""USAGE UNKNOWN""]","[""F""]","[""MI""]","[""2064428""]","[""49442""]",[],[],[],[],[],[],2025,10,16,7,False,afternoon,41.76,-87.57,41.76_-87.57,31.0,31,31,OTHER,0
STRAIGHT AND LEVEL,726,2025-10-07 16:25:00,3,16,10,6D1D36D1FC7825714CFF7ABFCC443F5F2800C06B8D8CCFABF37A4A00AE4DA31C991BCB5E301D2B6E37241A2C2E8DDACC07826C8B20DACF492396ABEC993FFBCB,INJURY AND / OR TOW DUE TO CRASH,"$501 - $1,500",NO CONTROLS,SIDESWIPE SAME DIRECTION,41.7728830107,DAYLIGHT,-87.6750973532,2,30,FAILING TO YIELD RIGHT-OF-WAY,NO DEFECTS,DRY,DRIVING SKILLS/KNOWLEDGE/EXPERIENCE,S,6632,NO CONTROLS,ONE-WAY,CLEAR,0.0,1.0,0.0,0.0,0.0,1.0,1,2,[],"[""Y""]",[],"[""2025-10-07T16:25:00.000""]","[""2166024"", ""2166025""]","[""SIDE-LEFT"", ""SIDE-RIGHT-FRONT""]","[""IL""]","[""CHEVROLET"", ""DODGE""]","[""PASSING/OVERTAKING"", ""SLOW/STOP IN TRAFFIC""]","[""DURANGO"", ""OTHER (EXPLAIN IN NARRATIVE)""]","[""1"", ""4""]","[""S""]","[""1"", ""2""]","[""DRIVER""]","[""NONE""]","[""2064765"", ""2064768""]","[""BUS OVER 15 PASS."", ""SPORT UTILITY VEHICLE (SUV)""]","[""PERSONAL"", ""SCHOOL BUS""]","[""2020"", ""2023""]","[""Y""]",[],[],[],[],[],[],[],"[""Y""]",[],"[""3""]",[],[],[],[],[],"['25', '44']","[""DEPLOYMENT UNKNOWN"", ""DID NOT DEPLOY"", ""NOT APPLICABLE""]","[""TEST NOT OFFERED""]","[""CHICAGO"", ""OAK FOREST""]","[""2025-10-07T16:25:00.000""]","[""FAILED TO YIELD"", ""NONE""]","[""NOT OBSCURED"", ""UNKNOWN""]","[""B""]","[""IL""]","[""NONE""]",[],"[""O2166024"", ""O2166025"", ""P477948"", ""P477949"", ""P477950""]","[""DRIVER"", ""PASSENGER""]","[""NORMAL"", ""UNKNOWN""]","[""SAFETY BELT USED"", ""USAGE UNKNOWN""]","[""F"", ""M""]","[""IL""]","[""2064765"", ""2064768""]","[""60452"", ""60617"", ""60620""]",[],"[""3"", ""4"", ""6""]",[],[],[],[],2025,10,16,7,False,afternoon,41.77,-87.68,41.77_-87.68,34.5,25,44,FAILURE-TO-YIELD,1
STRAIGHT AND LEVEL,923,2025-10-07 16:25:00,3,16,10,C789AED40FCDB1E0991739CB787B7292CFEDB4F29485E90587C36078928C452591C3C7C11A3AAAB4EA632F827D4FACE214E7E0FA166C131376972D898E613B66,NO INJURY / DRIVE AWAY,"OVER $1,500",NO CONTROLS,SIDESWIPE SAME DIRECTION,41.800944235,DAYLIGHT,-87.7028624799,2,30,IMPROPER OVERTAKING/PASSING,UNKNOWN,UNKNOWN,NOT APPLICABLE,W,3138,NO CONTROLS,NOT DIVIDED,CLEAR,0.0,0.0,0.0,0.0,0.0,1.0,1,2,"[""N""]",[],[],"[""2025-10-07T16:25:00.000""]","[""2165647"", ""2165648""]","[""FRONT-RIGHT-CORNER"", ""REAR-LEFT-CORNER""]","[""IL""]","[""HONDA"", ""SCION""]","[""PASSING/OVERTAKING"", ""SLOW/STOP IN TRAFFIC""]","[""CR-V"", ""XD""]","[""2""]","[""W""]","[""1"", ""2""]","[""DRIVER""]","[""NONE""]","[""2064398"", ""2064404""]","[""PASSENGER""]","[""PERSONAL""]","[""2008"", ""2022""]",[],[],[],[],[],"[""Y""]","[""Y""]",[],[],[],"[""1""]",[],[],[],[],[],"['26', '57']","[""DID NOT DEPLOY"", ""NOT APPLICABLE""]","[""TEST NOT OFFERED""]","[""CHICAGO"", ""LAKE IN THE HILLS""]","[""2025-10-07T16:25:00.000""]","[""IMPROPER PASSING"", ""NONE""]","[""NOT OBSCURED""]",[],"[""IL""]","[""NONE""]",[],"[""O2165647"", ""O2165648"", ""P477875"", ""P477877""]","[""DRIVER"", ""PASSENGER""]","[""NORMAL""]","[""SAFETY BELT USED"", ""USAGE UNKNOWN""]","[""F"", ""M""]","[""IL""]","[""2064398"", ""2064404""]","[""60156"", ""60629""]",[],"[""3""]",[],[],[],[],2025,10,16,7,False,afternoon,41.8,-87.7,41.8_-87.7,41.5,26,57,OTHER,0