alignment,beat_of_occurrence,crash_date,crash_day_of_week,crash_hour,crash_month,crash_record_id,crash_type,damage,device_condition,first_crash_type,latitude,lighting_condition,longitude,num_units,posted_speed_limit,prim_contributory_cause,road_defect,roadway_surface_cond,sec_contributory_cause,street_direction,street_no,traffic_control_device,trafficway_type,weather_condition,private_property_i,hit_and_run_i,intersection_related_i,crash_date_est_i,work_zone_i,workers_present_i,veh_count,ppl_count,veh_area_01_i_list_json,veh_area_02_i_list_json,veh_area_12_i_list_json,veh_crash_date_list_json,veh_crash_unit_id_list_json,veh_first_contact_point_list_json,veh_lic_plate_state_list_json,veh_make_list_json,veh_maneuver_list_json,veh_model_list_json,veh_occupant_cnt_list_json,veh_travel_direction_list_json,veh_unit_no_list_json,veh_unit_type_list_json,veh_vehicle_defect_list_json,veh_vehicle_id_list_json,veh_vehicle_type_list_json,veh_vehicle_use_list_json,veh_vehicle_year_list_json,veh_area_03_i_list_json,veh_area_04_i_list_json,veh_area_11_i_list_json,veh_towed_by_list_json,veh_towed_i_list_json,veh_area_07_i_list_json,veh_area_99_i_list_json,veh_area_09_i_list_json,veh_area_10_i_list_json,veh_cmrc_veh_i_list_json,veh_num_passengers_list_json,veh_area_08_i_list_json,veh_area_00_i_list_json,veh_area_05_i_list_json,veh_area_06_i_list_json,veh_towed_to_list_json,ppl_age_list_json,ppl_airbag_deployed_list_json,ppl_bac_result_list_json,ppl_city_list_json,ppl_crash_date_list_json,ppl_driver_action_list_json,ppl_driver_vision_list_json,ppl_drivers_license_class_list_json,ppl_drivers_license_state_list_json,ppl_ejection_list_json,ppl_hospital_list_json,ppl_person_id_list_json,ppl_person_type_list_json,ppl_physical_condition_list_json,ppl_safety_equipment_list_json,ppl_sex_list_json,ppl_state_list_json,ppl_vehicle_id_list_json,ppl_zipcode_list_json,ppl_ems_agency_list_json,ppl_seat_no_list_json,ppl_pedpedal_action_list_json,ppl_pedpedal_location_list_json,ppl_pedpedal_visibility_list_json,ppl_ems_run_no_list_json,year,month,hour,day,is_weekend,hour_bin,lat_bin,lng_bin,grid_id,ppl_age_mean,ppl_age_min,ppl_age_max,prim_contributory_cause_group,ksi_flag
STRAIGHT AND LEVEL,712,2025-10-07 16:23:00,3,16,10,154F7C5717320C650D70A69706CD42B6E49D162D1532F99EC51ABF8F6E402701D868FD1768834E886FAE614EA72EE693B9E44B22DF7B118C26E4597D93919115,NO INJURY / DRIVE AWAY,$500 OR LESS,FUNCTIONING PROPERLY,REAR END,41.7798596793,DAYLIGHT,-87.6448527816,2,30,UNABLE TO DETERMINE,NO DEFECTS,DRY,UNABLE TO DETERMINE,W,800,TRAFFIC SIGNAL,NOT DIVIDED,CLEAR,0.0,0.0,1.0,0.0,0.0,1.0,1,4,[],[],[],"[""2025-10-07T16:23:00.000""]","[""2165663"", ""2165664""]","[""FRONT-LEFT-CORNER"", ""REAR-RIGHT-CORNER""]","[""IL""]","[""BLUEBIRD INTERNATIONAL"", ""DODGE""]","[""STRAIGHT AHEAD""]","[""JOURNEY"", ""OTHER (EXPLAIN IN NARRATIVE)""]","[""2"", ""7""]","[""W""]","[""1"", ""2""]","[""DRIVER""]","[""UNKNOWN""]","[""2064415"", ""2064434""]","[""BUS OVER 15 PASS."", ""PASSENGER""]","[""PERSONAL"", ""SCHOOL BUS""]","[""2012"", ""2014""]",[],[],"[""Y""]",[],[],[],[],[],[],[],"[""1"", ""6""]",[],[],"[""Y""]",[],[],"['27', '58', '59', '74']","[""DID NOT DEPLOY""]","[""TEST NOT OFFERED""]","[""CHICAGO""]","[""2025-10-07T16:23:00.000""]","[""OTHER"", ""UNKNOWN""]","[""UNKNOWN""]","[""B"", ""C""]","[""IL""]","[""NONE""]","[""REFUSED""]","[""O2165663"", ""O2165664"", ""P477880"", ""P477881"", ""P477882"", ""P477883"", ""P477884"", ""P477885"", ""P477887""]","[""DRIVER"", ""PASSENGER""]","[""NORMAL""]","[""USAGE UNKNOWN""]","[""F"", ""M""]","[""IL""]","[""2064415"", ""2064434""]","[""60620"", ""60621""]",[],"[""3"", ""7""]",[],[],[],[],2025,10,16,7,False,afternoon,41.78,-87.64,41.78_-87.64,54.5,27,74,OTHER,0
STRAIGHT AND LEVEL,1621,2025-10-07 16:20:00,3,16,10,E1715E80BFED919B799A9625659187BF98D0CDA3456E7808078D759D4CE70E29F07F502FF9A2623DF7645177A80F679D294B10E5D664C93889287EC73CD5593E,NO INJURY / DRIVE AWAY,"$501 - $1,500",NO CONTROLS,REAR END,41.9971925363,DAYLIGHT,-87.7537289913,2,30,UNABLE TO DETERMINE,NO DEFECTS,DRY,NOT APPLICABLE,W,5029,NO CONTROLS,DIVIDED - W/MEDIAN BARRIER,CLEAR,0.0,0.0,0.0,0.0,0.0,1.0,1,1,[],[],[],"[""2025-10-07T16:20:00.000""]","[""2165796"", ""2165797""]","[""FRONT"", ""REAR""]","[""IL""]","[""FORD"", ""TOYOTA""]","[""STRAIGHT AHEAD""]","[""CAMRY"", ""FOCUS""]","[""1""]","[""E""]","[""1"", ""2""]","[""DRIVER""]","[""NONE"", ""UNKNOWN""]","[""2064804"", ""2064809""]","[""PASSENGER""]","[""PERSONAL""]","[""2014"", ""2015""]",[],[],[],[],[],[],[],[],[],[],[],[],"[""Y""]",[],"[""Y""]",[],['36'],"[""DEPLOYMENT UNKNOWN"", ""NOT APPLICABLE""]","[""TEST NOT OFFERED""]","[""CHICAGO""]","[""2025-10-07T16:20:00.000""]","[""NONE"", ""UNKNOWN""]","[""NOT OBSCURED"", ""UNKNOWN""]","[""D""]","[""IL""]","[""NONE""]",[],"[""O2165796"", ""O2165797""]","[""DRIVER""]","[""NORMAL"", ""UNKNOWN""]","[""SAFETY BELT USED"", ""USAGE UNKNOWN""]","[""F""]","[""IL""]","[""2064804"", ""2064809""]","[""60625""]",[],[],[],[],[],[],2025,10,16,7,False,afternoon,42.0,-87.75,42.0_-87.75,36.0,36,36,OTHER,0
STRAIGHT AND LEVEL,1124,2025-10-07 16:20:00,3,16,10,7FEFB0FF588E88582C535667736D179DC3AF5C980C0030A340D96F15632DBE79183A4DDCBC8E1D3964F0284BEFE2C68564798F74E8BD35F3DFE34E535F873FEC,NO INJURY / DRIVE AWAY,"OVER $1,500",NO CONTROLS,SIDESWIPE SAME DIRECTION,41.879025769,DAYLIGHT,-87.7108002124,2,35,UNABLE TO DETERMINE,UNKNOWN,UNKNOWN,UNABLE TO DETERMINE,S,117,NO CONTROLS,NOT DIVIDED,CLEAR,0.0,1.0,0.0,1.0,0.0,1.0,1,1,"[""Y""]","[""Y""]",[],"[""2025-10-07T16:20:00.000""]","[""2172400"", ""2172401""]","[""SIDE-LEFT-FRONT"", ""SIDE-RIGHT-FRONT""]","[""IL""]","[""BMW"", ""SUBARU""]","[""STRAIGHT AHEAD""]","[""OTHER (EXPLAIN IN NARRATIVE)""]","[""1""]","[""W""]","[""1"", ""2""]","[""DRIVER""]","[""UNKNOWN""]","[""2070804"", ""2070810""]","[""PASSENGER""]","[""PERSONAL""]","[""2018"", ""2021""]",[],[],"[""Y""]",[],[],[],[],[],"[""Y""]",[],[],[],[],[],[],[],['47'],"[""DEPLOYMENT UNKNOWN"", ""NOT APPLICABLE""]","[""TEST NOT OFFERED""]","[""RIVER FOREST""]","[""2025-10-07T16:20:00.000""]","[""UNKNOWN""]","[""UNKNOWN""]",[],"[""IL""]","[""NONE""]","[""N/A"", ""REFUSED""]","[""O2172400"", ""O2172401""]","[""DRIVER""]","[""UNKNOWN""]","[""USAGE UNKNOWN""]","[""M"", ""X""]","[""IL""]","[""2070804"", ""2070810""]","[""60305""]","[""N/A""]",[],[],[],[],[],2025,10,16,7,False,afternoon,41.88,-87.71,41.88_-87.71,47.0,47,47,OTHER,0
STRAIGHT AND LEVEL,1524,2025-10-07 16:20:00,3,16,10,360B97023326F3301F5B172BA7E47CF038B6AD799D5BC15FE911F2B5CC81410C9E98940FCEBD004C63FAA172D03C11DE23AA5B074D8722D16E8F9FC07AF17EA0,NO INJURY / DRIVE AWAY,"OVER $1,500",NO CONTROLS,TURNING,41.9020358771,DAYLIGHT,-87.7655600111,2,30,UNABLE TO DETERMINE,UNKNOWN,UNKNOWN,NOT APPLICABLE,W,5557,NO CONTROLS,DIVIDED - W/MEDIAN (NOT RAISED),CLEAR,0.0,1.0,0.0,0.0,0.0,1.0,1,1,"[""Y""]","[""Y""]","[""Y""]","[""2025-10-07T16:20:00.000""]","[""2165669"", ""2165670""]","[""FRONT-LEFT-CORNER"", ""SIDE-RIGHT""]","[""GA"", ""IL""]","[""JEEP"", ""LINCOLN""]","[""STRAIGHT AHEAD"", ""TURNING LEFT""]","[""GRAND CHEROKEE"", ""MKT""]","[""1""]","[""E"", ""SE""]","[""1"", ""2""]","[""DRIVER""]","[""UNKNOWN""]","[""2064413"", ""2064425""]","[""SPORT UTILITY VEHICLE (SUV)""]","[""PERSONAL"", ""UNKNOWN/NA""]","[""2018"", ""2024""]","[""Y""]","[""Y""]","[""Y""]",[],[],[],[],[],"[""Y""]",[],[],[],[],[],[],[],['29'],"[""DEPLOYMENT UNKNOWN"", ""NOT APPLICABLE""]","[""TEST NOT OFFERED""]","[""OAK PARK""]","[""2025-10-07T16:20:00.000""]","[""OTHER"", ""UNKNOWN""]","[""UNKNOWN""]","[""D""]","[""IL""]","[""NONE""]",[],"[""O2165669"", ""O2165670""]","[""DRIVER""]","[""NORMAL"", ""UNKNOWN""]","[""USAGE UNKNOWN""]","[""M""]","[""IL""]","[""2064413"", ""2064425""]","[""60304""]",[],[],[],[],[],[],2025,10,16,7,False,afternoon,41.9,-87.77,41.9_-87.77,29.0,29,29,OTHER,0
STRAIGHT AND LEVEL,1524,2025-10-07 16:16:00,3,16,10,6C478DF550BDB82E2655090787261F12D23C15A3DD856E4C4471459CC9EE2EBFE90E44B40629236C5371F6766CDC45ED878D236712206F142D5049D632A5F964,NO INJURY / DRIVE AWAY,"OVER $1,500",FUNCTIONING PROPERLY,TURNING,41.9020358771,DAYLIGHT,-87.7655600111,2,30,DISREGARDING TRAFFIC SIGNALS,NO DEFECTS,DRY,IMPROPER OVERTAKING/PASSING,W,5545,TRAFFIC SIGNAL,NOT DIVIDED,CLEAR,0.0,1.0,0.0,0.0,0.0,1.0,1,1,[],"[""Y""]","[""Y""]","[""2025-10-07T16:16:00.000""]","[""2165689"", ""2165690""]","[""FRONT-LEFT-CORNER"", ""SIDE-RIGHT""]","[""GA"", ""IL""]","[""JEEP"", ""LINCOLN""]","[""STRAIGHT AHEAD"", ""TURNING LEFT""]","[""GRAND CHEROKEE"", ""MKT""]","[""1""]","[""E""]","[""1"", ""2""]","[""DRIVER""]","[""UNKNOWN""]","[""2064437"", ""2064443""]","[""PASSENGER"", ""UNKNOWN/NA""]","[""PERSONAL"", ""UNKNOWN/NA""]","[""2018"", ""2024""]","[""Y""]","[""Y""]","[""Y""]",[],[],[],[],"[""Y""]","[""Y""]",[],[],[],[],"[""Y""]",[],[],['53'],"[""DEPLOYMENT UNKNOWN"", ""DID NOT DEPLOY""]","[""TEST NOT OFFERED""]","[""CHICAGO""]","[""2025-10-07T16:16:00.000""]","[""DISREGARDED CONTROL DEVICES"", ""NONE""]","[""NOT OBSCURED"", ""UNKNOWN""]","[""D""]","[""IL""]","[""NONE""]",[],"[""O2165689"", ""O2165690""]","[""DRIVER""]","[""NORMAL"", ""UNKNOWN""]","[""USAGE UNKNOWN""]","[""M""]","[""IL""]","[""2064437"", ""2064443""]","[""60651""]",[],[],[],[],[],[],2025,10,16,7,False,afternoon,41.9,-87.77,41.9_-87.77,53.0,53,53,OTHER,0
STRAIGHT AND LEVEL,1623,2025-10-07 16:03:00,3,16,10,48EFD60E17ABCB614711C480FBEBFA2AA54C9F6545B1D25547DD063EE6BE9439D642759A75E64B6DF0C3F7CC4EB37DE5B2786750B92E71D04BCB7EBCD7F0C64D,NO INJURY / DRIVE AWAY,"OVER $1,500",FUNCTIONING PROPERLY,SIDESWIPE SAME DIRECTION,41.9613420853,DAYLIGHT,-87.7477143302,2,30,UNABLE TO DETERMINE,NO DEFECTS,DRY,NOT APPLICABLE,N,4420,TRAFFIC SIGNAL,DIVIDED - W/MEDIAN (NOT RAISED),CLEAR,0.0,0.0,1.0,0.0,0.0,1.0,1,2,"[""Y""]",[],[],"[""2025-10-07T16:03:00.000""]","[""2166258"", ""2166259""]","[""FRONT-RIGHT-CORNER"", ""SIDE-LEFT""]","[""IL""]","[""CHEVROLET"", ""HONDA""]","[""PASSING/OVERTAKING"", ""STRAIGHT AHEAD""]","[""CR-V"", ""SUBURBAN""]","[""1""]","[""S""]","[""1"", ""2""]","[""DRIVER""]","[""NONE""]","[""2064991"", ""2065000""]","[""SPORT UTILITY VEHICLE (SUV)""]","[""PERSONAL""]","[""2016"", ""2024""]",[],[],[],[],[],[],[],[],[],[],[],"[""Y""]",[],[],[],[],"['29', '36']","[""NOT APPLICABLE""]","[""TEST NOT OFFERED""]","[""CHICAGO"", ""LOMBARD""]","[""2025-10-07T16:03:00.000""]","[""IMPROPER PASSING"", ""NONE""]","[""NOT OBSCURED""]","[""D""]","[""IL""]","[""NONE""]",[],"[""O2166258"", ""O2166259""]","[""DRIVER""]","[""NORMAL""]","[""SAFETY BELT USED""]","[""M""]","[""IL""]","[""2064991"", ""2065000""]","[""60148"", ""60639""]",[],[],[],[],[],[],2025,10,16,7,False,afternoon,41.96,-87.75,41.96_-87.75,32.5,29,36,OTHER,0
STRAIGHT AND LEVEL,824,2025-10-07 16:00:00,3,16,10,FF9A6331815E3C37045E810ABF0FD3F220E45813B5D7D4BBA6B3F0D547BAB8456DC2B7A717807B34751FFAF6FE868E4E09DB1FA04871E8A828A78025D5D961B1,NO INJURY / DRIVE AWAY,"OVER $1,500",NO CONTROLS,TURNING,41.7903019227,DAYLIGHT,-87.6840875394,2,30,DRIVING SKILLS/KNOWLEDGE/EXPERIENCE,UNKNOWN,UNKNOWN,NOT APPLICABLE,S,5698,NO CONTROLS,NOT DIVIDED,CLEAR,0.0,0.0,0.0,0.0,0.0,1.0,1,1,[],[],[],"[""2025-10-07T16:00:00.000""]","[""2166874"", ""2166878""]","[""FRONT-LEFT-CORNER"", ""SIDE-RIGHT-REAR""]","[""IL""]","[""FORD"", ""KIA""]","[""TURNING RIGHT""]","[""ESCAPE"", ""SORENTO""]","[""1""]","[""W""]","[""1"", ""2""]","[""DRIVER""]","[""NONE""]","[""2065557"", ""2065562""]","[""SPORT UTILITY VEHICLE (SUV)""]","[""PERSONAL""]","[""2008"", ""2012""]","[""Y""]","[""Y""]","[""Y""]",[],[],[],[],[],[],[],[],[],[],[],[],[],['49'],"[""DEPLOYMENT UNKNOWN"", ""DID NOT DEPLOY""]","[""TEST NOT OFFERED""]","[""CHICAGO""]","[""2025-10-07T16:00:00.000""]","[""OTHER""]","[""NOT OBSCURED"", ""UNKNOWN""]",[],"[""IL""]","[""NONE""]",[],"[""O2166874"", ""O2166878""]","[""DRIVER""]","[""NORMAL"", ""UNKNOWN""]","[""SAFETY BELT USED"", ""USAGE UNKNOWN""]","[""F"", ""M""]","[""IL""]","[""2065557"", ""2065562""]","[""60632""]",[],[],[],[],[],[],2025,10,16,7,False,afternoon,41.79,-87.68,41.79_-87.68,49.0,49,49,OTHER,0
STRAIGHT AND LEVEL,1922,2025-10-07 16:00:00,3,16,10,FD8FEBC553075FB700B4BB909BB1028BC72C76A10F43832CD106A6E37B213F7AB0233401550CBDA128E21AF0E4DD55D38FAE83543A68625F9054DA025C5ECE0D,NO INJURY / DRIVE AWAY,"OVER $1,500",FUNCTIONING PROPERLY,ANGLE,41.9405004078,DAYLIGHT,-87.6685563539,2,30,UNABLE TO DETERMINE,NO DEFECTS,DRY,UNABLE TO DETERMINE,W,1599,TRAFFIC SIGNAL,DIVIDED - W/MEDIAN (NOT RAISED),CLEAR,0.0,0.0,0.0,0.0,0.0,1.0,1,2,[],[],"[""Y""]","[""2025-10-07T16:00:00.000""]","[""2165649"", ""2165650""]","[""FRONT"", ""SIDE-LEFT""]","[""IL""]","[""JEEP""]","[""STRAIGHT AHEAD""]","[""GRAND CHEROKEE"", ""PATRIOT""]","[""1""]","[""N"", ""W""]","[""1"", ""2""]","[""DRIVER""]","[""NONE""]","[""2064405"", ""2064408""]","[""PASSENGER""]","[""PERSONAL""]","[""2012"", ""2020""]",[],[],[],[],[],[],[],"[""Y""]","[""Y""]",[],[],"[""Y""]",[],[],[],[],"['45', '83']","[""DID NOT DEPLOY""]","[""TEST NOT OFFERED""]","[""CHICAGO""]","[""2025-10-07T16:00:00.000""]","[""NONE""]","[""NOT OBSCURED""]","[""D""]","[""FL"", ""IL""]","[""NONE""]",[],"[""O2165649"", ""O2165650""]","[""DRIVER""]","[""NORMAL""]","[""SAFETY BELT USED""]","[""F""]","[""IL""]","[""2064405"", ""2064408""]","[""60614"", ""60621""]",[],[],[],[],[],[],2025,10,16,7,False,afternoon,41.94,-87.67,41.94_-87.67,64.0,45,83,OTHER,0
STRAIGHT AND LEVEL,1231,2025-10-07 16:00:00,3,16,10,B50BA63026C065A50AF5D1A390C9D34E2CCF0B356FA9E76722C8747504121725D3CF2A7443151CCD79823675258402BACBE64A736C6F8F8507E4DCD192B5CCE0,NO INJURY / DRIVE AWAY,$500 OR LESS,FUNCTIONING PROPERLY,TURNING,41.8728345407,DAYLIGHT,-87.6667160697,2,30,UNABLE TO DETERMINE,NO DEFECTS,DRY,UNABLE TO DETERMINE,S,700,STOP SIGN/FLASHER,FOUR WAY,CLEAR,0.0,0.0,1.0,0.0,0.0,1.0,1,2,"[""Y""]","[""Y""]","[""Y""]","[""2025-10-07T16:00:00.000""]","[""2166187"", ""2166188""]","[""FRONT-LEFT-CORNER"", ""FRONT-RIGHT-CORNER""]","[""IL""]","[""FORD"", ""HONDA""]","[""STRAIGHT AHEAD"", ""TURNING RIGHT""]","[""ACCORD"", ""FUSION""]","[""1""]","[""N"", ""W""]","[""1"", ""2""]","[""DRIVER""]","[""UNKNOWN""]","[""2064904"", ""2064915""]","[""PASSENGER""]","[""PERSONAL""]","[""2017"", ""2021""]",[],[],"[""Y""]",[],[],[],[],[],"[""Y""]",[],[],[],[],[],[],[],"['23', '26']","[""NOT APPLICABLE""]","[""TEST NOT OFFERED""]","[""CHICAGO""]","[""2025-10-07T16:00:00.000""]","[""UNKNOWN""]","[""UNKNOWN""]","[""D""]","[""IL""]","[""NONE""]",[],"[""O2166187"", ""O2166188""]","[""DRIVER""]","[""NORMAL"", ""UNKNOWN""]","[""USAGE UNKNOWN""]","[""F"", ""M""]","[""IL""]","[""2064904"", ""2064915""]","[""60612"", ""60615""]",[],[],[],[],[],[],2025,10,16,7,False,afternoon,41.87,-87.67,41.87_-87.67,24.5,23,26,OTHER,0
STRAIGHT AND LEVEL,1933,2025-10-07 16:00:00,3,16,10,B4AA75EA8E6B26306B3DF4046D6314A8403E73B2B42727E69B956B79039187EB7242F8DF25B98D2473285B701ED97C0C6E365ADE3A77C4A2A2148510FD8E9615,NO INJURY / DRIVE AWAY,"$501 - $1,500",NO CONTROLS,SIDESWIPE SAME DIRECTION,41.9379826992,DAYLIGHT,-87.6538977332,2,25,UNABLE TO DETERMINE,NO DEFECTS,DRY,NOT APPLICABLE,W,957,NO CONTROLS,NOT DIVIDED,CLEAR,0.0,0.0,0.0,0.0,0.0,1.0,1,2,"[""Y""]","[""Y""]",[],"[""2025-10-07T16:00:00.000""]","[""2165661"", ""2165662""]","[""SIDE-LEFT"", ""SIDE-RIGHT""]","[""IL"", ""IN""]","[""AUDI"", ""TOYOTA""]","[""STRAIGHT AHEAD""]","[""A7"", ""CAMRY""]","[""1""]","[""E""]","[""1"", ""2""]","[""DRIVER""]","[""NONE""]","[""2064411"", ""2064421""]","[""PASSENGER""]","[""PERSONAL"", ""RIDESHARE SERVICE""]","[""2013"", ""2026""]","[""Y""]","[""Y""]",[],[],[],[],[],"[""Y""]","[""Y""]",[],[],"[""Y""]",[],"[""Y""]",[],[],"['34', '60']","[""NOT APPLICABLE""]","[""TEST NOT OFFERED""]","[""CHICAGO""]","[""2025-10-07T16:00:00.000""]","[""NONE"", ""OTHER""]","[""NOT OBSCURED""]","[""D""]","[""IL""]","[""NONE""]",[],"[""O2165661"", ""O2165662""]","[""DRIVER""]","[""NORMAL""]","[""NONE PRESENT"", ""USAGE UNKNOWN""]","[""M""]","[""IL""]","[""2064411"", ""2064421""]","[""60622"", ""60640""]",[],[],[],[],[],[],2025,10,16,7,False,afternoon,41.94,-87.65,41.94_-87.65,47.0,34,60,OTHER,0
STRAIGHT AND LEVEL,321,2025-10-07 16:00:00,3,16,10,2D14EF19A5FBB648F5F5FB41B9BB92B39657FFD8CAB90F78B0A58CBDD1712D0F09D024D6E9278C324CF4FC0508B9FE0E55B7170E4EB19ED76F82480670C0414D,INJURY AND / OR TOW DUE TO CRASH,"OVER $1,500",FUNCTIONING PROPERLY,REAR END,41.7659792518,DAYLIGHT,-87.6053867834,2,30,UNABLE TO DETERMINE,UNKNOWN,DRY,UNABLE TO DETERMINE,E,802,TRAFFIC SIGNAL,NOT DIVIDED,CLEAR,0.0,1.0,0.0,0.0,0.0,1.0,1,1,[],[],[],"[""2025-10-07T16:00:00.000""]","[""2165653"", ""2165654""]","[""FRONT"", ""REAR""]","[""IL""]","[""FORD"", ""KIA""]","[""STRAIGHT AHEAD""]","[""FLEX"", ""TELLURIDE""]","[""1""]","[""W""]","[""1"", ""2""]","[""DRIVER""]","[""UNKNOWN""]","[""2064406"", ""2064410""]","[""SPORT UTILITY VEHICLE (SUV)""]","[""PERSONAL"", ""UNKNOWN/NA""]","[""2010"", ""2023""]",[],"[""Y""]",[],[],[],"[""Y""]","[""Y""]",[],[],[],[],"[""Y""]",[],"[""Y""]","[""Y""]",[],['50'],"[""DEPLOYMENT UNKNOWN"", ""DID NOT DEPLOY""]","[""TEST NOT OFFERED""]","[""CHICAGO""]","[""2025-10-07T16:00:00.000""]","[""NONE"", ""UNKNOWN""]","[""NOT OBSCURED"", ""UNKNOWN""]","[""0"", ""D""]","[""IL"", ""XX""]","[""NONE""]",[],"[""O2165653"", ""O2165654""]","[""DRIVER""]","[""NORMAL"", ""UNKNOWN""]","[""USAGE UNKNOWN""]","[""M"", ""X""]","[""IL""]","[""2064406"", ""2064410""]","[""60649""]",[],[],[],[],[],[],2025,10,16,7,False,afternoon,41.77,-87.61,41.77_-87.61,50.0,50,50,OTHER,1
STRAIGHT AND LEVEL,1533,2025-10-07 16:00:00,3,16,10,1879768BE9EB9D197B3662E234827C6FDD71C8CCDC651CB9CFBABBE59635B179703D149883C4A3162C90FA4A842281996783DFD1DFEAABB5F92CF57F0F589870,INJURY AND / OR TOW DUE TO CRASH,$500 OR LESS,NO CONTROLS,PARKED MOTOR VEHICLE,41.8787011189,DAYLIGHT,-87.7456169838,2,30,IMPROPER BACKING,NO DEFECTS,DRY,NOT APPLICABLE,W,4808,NO CONTROLS,ONE-WAY,CLEAR,0.0,0.0,0.0,0.0,0.0,1.0,2,3,[],[],"[""Y""]","[""2025-10-07T16:00:00.000""]","[""2165818"", ""2165819""]","[""FRONT"", ""REAR""]","[""IL""]","[""CHEVROLET"", ""HONDA""]","[""BACKING"", ""PARKED""]","[""EXPRESS"", ""ODYSSEY""]","[""1"", ""2""]","[""W""]","[""1"", ""2""]","[""DRIVER"", ""PARKED""]","[""NONE"", ""UNKNOWN""]","[""2064573"", ""2064576""]","[""VAN/MINI-VAN""]","[""PERSONAL""]","[""2001"", ""2005""]",[],[],"[""Y""]",[],[],[],[],[],[],[],"[""2""]",[],"[""Y""]",[],[],[],"['63', '64', '65']","[""DID NOT DEPLOY"", ""NOT APPLICABLE""]","[""TEST REFUSED""]","[""ADDISON"", ""CHICAGO""]","[""2025-10-07T16:00:00.000""]","[""IMPROPER BACKING""]","[""UNKNOWN""]",[],"[""IL""]","[""NONE"", ""UNKNOWN""]","[""LORETTO""]","[""O2165818"", ""P477918"", ""P477919""]","[""DRIVER"", ""PASSENGER""]","[""UNKNOWN""]","[""USAGE UNKNOWN""]","[""F"", ""M""]","[""IL""]","[""2064573"", ""2064576""]","[""60101"", ""60644""]",[],"[""1"", ""2""]",[],[],[],[],2025,10,16,7,False,afternoon,41.88,-87.75,41.88_-87.75,64.0,63,65,OTHER,1
STRAIGHT AND LEVEL,1411,2025-10-07 15:42:00,3,15,10,4BF07EE06FC43FBE7573B7AC46DF6FE3D94A933A81979A093645B43BD132548C87ADBA565F19478097B4349D99FCA2123BEA290F5485FE7CFB3BBE2A406C6284,INJURY AND / OR TOW DUE TO CRASH,"OVER $1,500",FUNCTIONING PROPERLY,TURNING,41.9337958786,DAYLIGHT,-87.6880844423,2,30,FAILING TO YIELD RIGHT-OF-WAY,NO DEFECTS,DRY,NOT APPLICABLE,N,2852,STOP SIGN/FLASHER,NOT DIVIDED,CLEAR,0.0,0.0,0.0,0.0,0.0,1.0,1,2,[],[],"[""Y""]","[""2025-10-07T15:42:00.000""]","[""2165645"", ""2165646""]","[""FRONT"", ""FRONT-LEFT-CORNER""]","[""IL""]","[""MERCEDES-BENZ"", ""NEW FLYER""]","[""STRAIGHT AHEAD"", ""TURNING RIGHT""]","[""C300"", ""D40LF""]","[""1""]","[""E"", ""S""]","[""1"", ""2""]","[""DRIVER""]","[""NONE""]","[""2064395"", ""2064401""]","[""BUS OVER 15 PASS."", ""PASSENGER""]","[""CTA"", ""PERSONAL""]","[""2008"", ""2010""]",[],[],"[""Y""]","[""PRIVATE TOW""]","[""Y""]",[],[],"[""Y""]","[""Y""]",[],[],[],[],[],[],"[""UNKNOWN""]","['35', '71']","[""DID NOT DEPLOY""]","[""TEST NOT OFFERED""]","[""CHICAGO""]","[""2025-10-07T15:42:00.000""]","[""NONE"", ""UNKNOWN""]","[""NOT OBSCURED""]","[""BM"", ""D""]","[""IL""]","[""NONE""]",[],"[""O2165645"", ""O2165646""]","[""DRIVER""]","[""NORMAL""]","[""USAGE UNKNOWN""]","[""M""]","[""IL""]","[""2064395"", ""2064401""]","[""60618"", ""60657""]",[],[],[],[],[],[],2025,10,15,7,False,afternoon,41.93,-87.69,41.93_-87.69,53.0,35,71,FAILURE-TO-YIELD,0
STRAIGHT AND LEVEL,1622,2025-10-07 15:40:00,3,15,10,09B63F924456795EBFB6518CFEF994FC77C6A38C802EB3453DF7A1371FBA93C4749D480C94AE8338D35A9CF8B882025438A7AD6817FF1A4BC1C71C4AFE54F6BC,NO INJURY / DRIVE AWAY,"OVER $1,500",NO CONTROLS,REAR END,41.9678243683,UNKNOWN,-87.7726877989,2,30,UNABLE TO DETERMINE,UNKNOWN,UNKNOWN,NOT APPLICABLE,W,5774,NO CONTROLS,UNKNOWN,CLEAR,0.0,0.0,0.0,0.0,0.0,1.0,1,2,[],[],"[""Y""]","[""2025-10-07T15:40:00.000""]","[""2165620"", ""2165621""]","[""FRONT"", ""REAR""]","[""IL""]","[""TOYOTA""]","[""SLOW/STOP IN TRAFFIC"", ""UNKNOWN/NA""]","[""AVALON"", ""PRIUS""]","[""1""]","[""W""]","[""1"", ""2""]","[""DRIVER""]","[""UNKNOWN""]","[""2064368"", ""2064380""]","[""PASSENGER""]","[""UNKNOWN/NA""]","[""2015""]",[],[],[],[],[],[],[],[],[],[],[],[],[],[],"[""Y""]",[],"['42', '47']","[""DID NOT DEPLOY""]","[""TEST NOT OFFERED""]","[""BERWYN"", ""PALOS HILLS""]","[""2025-10-07T15:40:00.000""]","[""UNKNOWN""]","[""UNKNOWN""]","[""D""]","[""IL""]","[""NONE""]",[],"[""O2165620"", ""O2165621""]","[""DRIVER""]","[""UNKNOWN""]","[""SAFETY BELT USED""]","[""M""]","[""IL""]","[""2064368"", ""2064380""]","[""60402"", ""60465""]",[],[],[],[],[],[],2025,10,15,7,False,afternoon,41.97,-87.77,41.97_-87.77,44.5,42,47,OTHER,0