alignment,beat_of_occurrence,crash_date,crash_day_of_week,crash_hour,crash_month,crash_record_id,crash_type,damage,device_condition,first_crash_type,latitude,lighting_condition,longitude,num_units,posted_speed_limit,prim_contributory_cause,road_defect,roadway_surface_cond,sec_contributory_cause,street_direction,street_no,traffic_control_device,trafficway_type,weather_condition,private_property_i,hit_and_run_i,intersection_related_i,crash_date_est_i,work_zone_i,workers_present_i,veh_count,ppl_count,veh_area_01_i_list_json,veh_area_02_i_list_json,veh_area_12_i_list_json,veh_crash_date_list_json,veh_crash_unit_id_list_json,veh_first_contact_point_list_json,veh_lic_plate_state_list_json,veh_make_list_json,veh_maneuver_list_json,veh_model_list_json,veh_occupant_cnt_list_json,veh_travel_direction_list_json,veh_unit_no_list_json,veh_unit_type_list_json,veh_vehicle_defect_list_json,veh_vehicle_id_list_json,veh_vehicle_type_list_json,veh_vehicle_use_list_json,veh_vehicle_year_list_json,veh_area_03_i_list_json,veh_area_04_i_list_json,veh_area_11_i_list_json,veh_towed_by_list_json,veh_towed_i_list_json,veh_area_07_i_list_json,veh_area_99_i_list_json,veh_area_09_i_list_json,veh_area_10_i_list_json,veh_cmrc_veh_i_list_json,veh_num_passengers_list_json,veh_area_08_i_list_json,veh_area_00_i_list_json,veh_area_05_i_list_json,veh_area_06_i_list_json,veh_towed_to_list_json,ppl_age_list_json,ppl_airbag_deployed_list_json,ppl_bac_result_list_json,ppl_city_list_json,ppl_crash_date_list_json,ppl_driver_action_list_json,ppl_driver_vision_list_json,ppl_drivers_license_class_list_json,ppl_drivers_license_state_list_json,ppl_ejection_list_json,ppl_hospital_list_json,ppl_person_id_list_json,ppl_person_type_list_json,ppl_physical_condition_list_json,ppl_safety_equipment_list_json,ppl_sex_list_json,ppl_state_list_json,ppl_vehicle_id_list_json,ppl_zipcode_list_json,ppl_ems_agency_list_json,ppl_seat_no_list_json,ppl_pedpedal_action_list_json,ppl_pedpedal_location_list_json,ppl_pedpedal_visibility_list_json,ppl_ems_run_no_list_json,year,month,hour,day,is_weekend,hour_bin,lat_bin,lng_bin,grid_id,ppl_age_mean,ppl_age_min,ppl_age_max,prim_contributory_cause_group,ksi_flag
STRAIGHT AND LEVEL,1631,2025-10-07 15:40:00,3,15,10,7252CFB2958026FD0145BDB0BDB7251E6B8D7125FBB0EA778D9049C7758E56DB97306AD975A4B2E301D7FC463D6439F6E0FE731016B00AF9A7B6A014DB8DEABD,NO INJURY / DRIVE AWAY,"$501 - $1,500",NO CONTROLS,REAR END,41.9520763956,DAYLIGHT,-87.8308826725,2,30,FOLLOWING TOO CLOSELY,NO DEFECTS,DRY,UNABLE TO DETERMINE,W,8139,NO CONTROLS,DIVIDED - W/MEDIAN (NOT RAISED),CLEAR,0.0,0.0,0.0,0.0,0.0,1.0,1,2,[],[],"[""Y""]","[""2025-10-07T15:40:00.000""]","[""2167912"", ""2167913""]","[""FRONT"", ""REAR""]","[""IL""]","[""HYUNDAI"", ""SUBARU""]","[""SLOW/STOP IN TRAFFIC"", ""STRAIGHT AHEAD""]","[""ELANTRA"", ""FORESTER""]","[""1""]","[""E""]","[""1"", ""2""]","[""DRIVER""]","[""NONE"", ""UNKNOWN""]","[""2066547"", ""2066548""]","[""PASSENGER""]","[""PERSONAL""]","[""2014"", ""2016""]",[],[],[],[],[],[],[],[],[],[],[],[],[],[],"[""N"", ""Y""]",[],"['22', '38']","[""DID NOT DEPLOY""]","[""TEST NOT OFFERED""]","[""CHICAGO"", ""GILBERTS""]","[""2025-10-07T15:40:00.000""]","[""FOLLOWED TOO CLOSELY"", ""OTHER""]","[""NOT OBSCURED"", ""UNKNOWN""]","[""D""]","[""IL""]","[""NONE""]",[],"[""O2167912"", ""O2167913""]","[""DRIVER""]","[""UNKNOWN""]","[""SAFETY BELT USED"", ""USAGE UNKNOWN""]","[""F"", ""M""]","[""IL""]","[""2066547"", ""2066548""]","[""60136"", ""60641""]",[],[],[],[],[],[],2025,10,15,7,False,afternoon,41.95,-87.83,41.95_-87.83,30.0,22,38,FOLLOWING TOO CLOSELY,0
STRAIGHT AND LEVEL,813,2025-10-07 15:40:00,3,15,10,00D3B088B780FEA112C372043A0E761BC4540A2BC7C52364968BED4BD03EEBF3B053B6BB4CBC4F191A35C88057B98A93DE165989450D0BF97DD05058568F3E63,NO INJURY / DRIVE AWAY,"OVER $1,500",NO CONTROLS,TURNING,41.7785583954,DAYLIGHT,-87.7406439306,2,30,UNABLE TO DETERMINE,UNKNOWN,DRY,NOT APPLICABLE,W,4720,NO CONTROLS,NOT DIVIDED,CLEAR,0.0,0.0,0.0,0.0,0.0,1.0,1,2,"[""Y""]",[],"[""Y""]","[""2025-10-07T15:40:00.000""]","[""2165641"", ""2165642""]","[""FRONT"", ""FRONT-LEFT-CORNER""]","[""IL""]","[""JEEP"", ""MAZDA""]","[""STRAIGHT AHEAD"", ""TURNING LEFT""]","[""GRAND CHEROKEE"", ""MAZDA3""]","[""1""]","[""E"", ""W""]","[""1"", ""2""]","[""DRIVER""]","[""UNKNOWN""]","[""2064388"", ""2064394""]","[""PASSENGER""]","[""PERSONAL""]","[""2011"", ""2020""]",[],[],"[""Y""]",[],[],[],[],[],"[""Y""]",[],[],[],[],[],[],[],"['19', '39']","[""NOT APPLICABLE""]","[""TEST NOT OFFERED""]","[""CHICAGO""]","[""2025-10-07T15:40:00.000""]","[""IMPROPER TURN"", ""NONE""]","[""NOT OBSCURED""]","[""C"", ""D""]","[""IL""]","[""NONE""]",[],"[""O2165641"", ""O2165642""]","[""DRIVER""]","[""NORMAL""]","[""USAGE UNKNOWN""]","[""M""]","[""IL""]","[""2064388"", ""2064394""]","[""60628"", ""60629""]",[],[],[],[],[],[],2025,10,15,7,False,afternoon,41.78,-87.74,41.78_-87.74,29.0,19,39,OTHER,0
STRAIGHT AND LEVEL,932,2025-10-07 15:40:00,3,15,10,5D5EC61F51AAF0F830C7C0378ACBDC33D20783AE343039450F138AC69A32DE0ED6A15E3720F10EB19B844F2EF6C41D49F8402CE31E25A1421CC9DF351E1893EF,INJURY AND / OR TOW DUE TO CRASH,"OVER $1,500",NO CONTROLS,REAR END,41.794066902,DAYLIGHT,-87.6706007174,2,30,UNABLE TO DETERMINE,NO DEFECTS,DRY,NOT APPLICABLE,W,1826,NO CONTROLS,ONE-WAY,CLEAR,0.0,0.0,0.0,0.0,0.0,1.0,1,4,"[""Y""]",[],"[""Y""]","[""2025-10-07T15:40:00.000""]","[""2165707"", ""2165708""]","[""FRONT"", ""REAR-LEFT-CORNER""]","[""IL""]","[""DODGE"", ""JEEP""]","[""STRAIGHT AHEAD""]","[""CJ-5"", ""RAM 1500 PU""]","[""2""]","[""W""]","[""1"", ""2""]","[""DRIVER""]","[""UNKNOWN""]","[""2064464"", ""2064475""]","[""PASSENGER"", ""TRUCK - SINGLE UNIT""]","[""PERSONAL""]","[""2004"", ""2015""]",[],[],"[""Y""]",[],"[""Y""]","[""Y""]",[],[],[],[],"[""1""]",[],[],[],[],[],"['17', '24', '25', '77']","[""DID NOT DEPLOY""]","[""TEST NOT OFFERED""]","[""CHICAGO""]","[""2025-10-07T15:40:00.000""]","[""UNKNOWN""]","[""NOT OBSCURED""]","[""D""]","[""IL""]","[""NONE""]",[],"[""O2165707"", ""O2165708"", ""P477892"", ""P477894""]","[""DRIVER"", ""PASSENGER""]","[""NORMAL""]","[""USAGE UNKNOWN""]","[""M""]","[""IL""]","[""2064464"", ""2064475""]","[""60629"", ""60632"", ""60633""]",[],"[""3""]",[],[],[],[],2025,10,15,7,False,afternoon,41.79,-87.67,41.79_-87.67,35.75,17,77,OTHER,0
STRAIGHT AND LEVEL,1624,2025-10-07 15:40:00,3,15,10,FDBD378D68035556410AC125BFDF6AE221648D23C3C1EF0CD0BC7CE2D682E0E1BF17A15E4388DDAB160947A2E018ADDCE3E34AAB6CB712A3F662431F96EE247D,INJURY AND / OR TOW DUE TO CRASH,"OVER $1,500",FUNCTIONING PROPERLY,REAR END,41.9582107117,DAYLIGHT,-87.7866143739,2,30,FOLLOWING TOO CLOSELY,NO DEFECTS,DRY,NOT APPLICABLE,N,4259,TRAFFIC SIGNAL,DIVIDED - W/MEDIAN (NOT RAISED),CLEAR,0.0,0.0,0.0,0.0,0.0,1.0,1,2,"[""Y""]",[],"[""Y""]","[""2025-10-07T15:40:00.000""]","[""2165634"", ""2165635""]","[""FRONT"", ""REAR""]","[""IL""]","[""DODGE"", ""FORD""]","[""STRAIGHT AHEAD""]","[""FOCUS"", ""RAM 1500 PU""]","[""1""]","[""N""]","[""1"", ""2""]","[""DRIVER""]","[""UNKNOWN""]","[""2064382"", ""2064393""]","[""PASSENGER"", ""PICKUP""]","[""PERSONAL""]","[""2014"", ""2023""]",[],[],"[""Y""]","[""private tow""]","[""Y""]","[""Y""]",[],[],[],[],[],[],[],"[""Y""]","[""Y""]",[],"['19', '30']","[""DID NOT DEPLOY""]","[""TEST NOT OFFERED""]","[""DES PLAINS"", ""MOUNT PROSPECT""]","[""2025-10-07T15:40:00.000""]","[""FOLLOWED TOO CLOSELY"", ""NONE""]","[""NOT OBSCURED""]","[""D""]","[""IL""]","[""NONE""]",[],"[""O2165634"", ""O2165635""]","[""DRIVER""]","[""NORMAL""]","[""USAGE UNKNOWN""]","[""M""]","[""IL""]","[""2064382"", ""2064393""]","[""60016"", ""60056""]",[],[],[],[],[],[],2025,10,15,7,False,afternoon,41.96,-87.79,41.96_-87.79,24.5,19,30,FOLLOWING TOO CLOSELY,0
STRAIGHT AND LEVEL,714,2025-10-07 15:40:00,3,15,10,B70697901351605A1BC164098C49454BF5B4190F27FA2C0F7397CE5BC8AF949EB2DB1F84DE0C4D6E9F08D08880EC2F7860E4CF3DA049DC0C3CE9C9D4CE0482A9,NO INJURY / DRIVE AWAY,"OVER $1,500",NO CONTROLS,SIDESWIPE SAME DIRECTION,41.7866541783,DAYLIGHT,-87.6645391577,2,30,IMPROPER LANE USAGE,NO DEFECTS,DRY,NOT APPLICABLE,S,5900,NO CONTROLS,NOT DIVIDED,CLEAR,0.0,0.0,0.0,0.0,0.0,1.0,1,1,"[""Y""]","[""Y""]",[],"[""2025-10-07T15:40:00.000""]","[""2165673"", ""2165674""]","[""FRONT-LEFT-CORNER"", ""SIDE-RIGHT""]","[""IL""]","[""ACURA"", ""SCION""]","[""OTHER"", ""STRAIGHT AHEAD""]","[""XB"", ""ZDX""]","[""1"", ""2""]","[""S""]","[""1"", ""2""]","[""DRIVER""]","[""NONE"", ""UNKNOWN""]","[""2064417"", ""2064423""]","[""PASSENGER""]","[""PERSONAL"", ""UNKNOWN/NA""]","[""2020""]","[""Y""]","[""Y""]","[""Y""]",[],[],[],[],[],[],[],"[""1""]",[],[],"[""Y""]",[],[],['23'],"[""DEPLOYMENT UNKNOWN"", ""DID NOT DEPLOY""]","[""TEST NOT OFFERED""]","[""CHICAGO""]","[""2025-10-07T15:40:00.000""]","[""NONE"", ""OTHER""]","[""NOT OBSCURED"", ""UNKNOWN""]","[""D""]","[""IL""]","[""NONE""]",[],"[""O2165673"", ""O2165674"", ""P477879""]","[""DRIVER"", ""PASSENGER""]","[""NORMAL"", ""UNKNOWN""]","[""SAFETY BELT USED"", ""USAGE UNKNOWN""]","[""F"", ""M""]","[""IL""]","[""2064417"", ""2064423""]","[""60652""]",[],"[""3""]",[],[],[],[],2025,10,15,7,False,afternoon,41.79,-87.66,41.79_-87.66,23.0,23,23,OTHER,0
STRAIGHT AND LEVEL,2222,2025-10-07 15:30:00,3,15,10,45BCD67D42DBF5F627D30F3E151FD52EBC5C78E02F3F92FAF2EDD2C65E7C1D08349BDA9B58E6CE96C1FB20A0393DFFA5F001FAB138F94EABE8634E62D1493756,NO INJURY / DRIVE AWAY,"OVER $1,500",NO CONTROLS,PARKED MOTOR VEHICLE,41.7252782384,DAYLIGHT,-87.6553308128,2,30,UNABLE TO DETERMINE,NO DEFECTS,DRY,NOT APPLICABLE,S,9251,NO CONTROLS,ONE-WAY,CLEAR,0.0,0.0,0.0,0.0,0.0,1.0,2,0,"[""Y""]",[],"[""Y""]","[""2025-10-07T15:30:00.000""]","[""2165622"", ""2165623""]","[""REAR""]","[""IL""]","[""DODGE"", ""TOYOTA""]","[""BACKING"", ""PARKED""]","[""COROLLA"", ""RAM 1500 PU""]","[""0"", ""1""]","[""N"", ""S""]","[""1"", ""2""]","[""DRIVER"", ""PARKED""]","[""NONE""]","[""2064367"", ""2064377""]","[""PASSENGER""]","[""PERSONAL""]","[""2015""]",[],[],"[""Y""]",[],[],"[""Y""]",[],[],[],[],[],[],[],"[""Y""]","[""Y""]",[],[],"[""DEPLOYMENT UNKNOWN""]","[""TEST NOT OFFERED""]",[],"[""2025-10-07T15:30:00.000""]","[""OTHER""]","[""UNKNOWN""]",[],[],"[""NONE""]",[],"[""O2165622""]","[""DRIVER""]","[""UNKNOWN""]","[""USAGE UNKNOWN""]","[""M""]",[],"[""2064377""]",[],[],[],[],[],[],[],2025,10,15,7,False,afternoon,41.73,-87.66,41.73_-87.66,0.0,0,0,OTHER,0
STRAIGHT AND LEVEL,1433,2025-10-07 15:30:00,3,15,10,302E2072F0826E12DF655EBDDA9197ED4FFA40AE72724520A3064BBCA4C4847591FED809BB2892B4B834924BBCA40EF0A37DA72340302061A4944B716B034829,NO INJURY / DRIVE AWAY,"OVER $1,500",FUNCTIONING PROPERLY,TURNING,41.9141181447,DAYLIGHT,-87.6645149654,2,30,FAILING TO YIELD RIGHT-OF-WAY,NO DEFECTS,DRY,NOT APPLICABLE,N,1739,STOP SIGN/FLASHER,DIVIDED - W/MEDIAN (NOT RAISED),CLEAR,0.0,0.0,0.0,0.0,0.0,1.0,1,2,"[""Y""]","[""Y""]","[""Y""]","[""2025-10-07T15:30:00.000""]","[""2166103"", ""2166104""]","[""FRONT"", ""SIDE-RIGHT""]","[""IL"", ""MI""]","[""FORD"", ""LEXUS""]","[""STRAIGHT AHEAD"", ""TURNING LEFT""]","[""EXPEDITION"", ""RX""]","[""1""]","[""N"", ""W""]","[""1"", ""2""]","[""DRIVER""]","[""NONE"", ""UNKNOWN""]","[""2064833"", ""2064834""]","[""SPORT UTILITY VEHICLE (SUV)""]","[""PERSONAL"", ""UNKNOWN/NA""]","[""2022"", ""2025""]","[""Y""]",[],"[""Y""]",[],[],[],[],[],[],[],[],[],[],[],[],[],"['38', '51']","[""DEPLOYMENT UNKNOWN"", ""DID NOT DEPLOY""]","[""TEST NOT OFFERED""]","[""AURORA"", ""CHICAGO""]","[""2025-10-07T15:30:00.000""]","[""FAILED TO YIELD"", ""NONE""]","[""NOT OBSCURED""]","[""D""]","[""IL""]","[""UNKNOWN""]",[],"[""O2166103"", ""O2166104""]","[""DRIVER""]","[""NORMAL""]","[""SAFETY BELT USED"", ""USAGE UNKNOWN""]","[""F""]","[""IL""]","[""2064833"", ""2064834""]","[""60506""]",[],[],[],[],[],[],2025,10,15,7,False,afternoon,41.91,-87.66,41.91_-87.66,44.5,38,51,FAILURE-TO-YIELD,0
STRAIGHT AND LEVEL,522,2025-10-07 15:28:00,3,15,10,A6C369417F1788A6DA2E9E29902C64FD011F6DC9E20D1B2E34F179B3B15949A886926E4E0068C93946C28587369A4D63D37BC6BB5BDA542240B9834349347779,NO INJURY / DRIVE AWAY,"OVER $1,500",NO CONTROLS,PARKED MOTOR VEHICLE,41.6924529207,DAYLIGHT,-87.6248764193,2,40,UNABLE TO DETERMINE,UNKNOWN,DRY,NOT APPLICABLE,W,45,NO CONTROLS,DIVIDED - W/MEDIAN (NOT RAISED),CLEAR,0.0,1.0,0.0,0.0,0.0,1.0,2,0,"[""Y""]",[],"[""Y""]","[""2025-10-07T15:28:00.000""]","[""2165651"", ""2165652""]","[""FRONT"", ""REAR""]","[""IL""]","[""FORD"", ""UNKNOWN""]","[""PARKED"", ""UNKNOWN/NA""]","[""EDGE"", ""OTHER (EXPLAIN IN NARRATIVE)""]","[""0"", ""1""]","[""UNKNOWN""]","[""1"", ""2""]","[""DRIVER"", ""PARKED""]","[""UNKNOWN""]","[""2064396"", ""2064399""]","[""UNKNOWN/NA""]","[""UNKNOWN/NA""]",[],[],[],"[""Y""]",[],[],"[""Y""]",[],[],[],[],[],[],[],[],"[""Y""]",[],[],"[""DEPLOYMENT UNKNOWN""]","[""TEST NOT OFFERED""]",[],"[""2025-10-07T15:28:00.000""]","[""UNKNOWN""]","[""UNKNOWN""]",[],[],"[""NONE""]",[],"[""O2165651""]","[""DRIVER""]","[""UNKNOWN""]","[""USAGE UNKNOWN""]","[""X""]",[],"[""2064396""]",[],[],[],[],[],[],[],2025,10,15,7,False,afternoon,41.69,-87.62,41.69_-87.62,0.0,0,0,OTHER,0
STRAIGHT AND LEVEL,611,2025-10-07 15:25:00,3,15,10,5D3C21CACDC0DC390CA7A4E82AF38769975FC2CAA3E932AAF619ED8BFDF7BA7EAD94305812AD5126DCC6244F0CF6A0041C33B8F133C499B3DC39BF67EE44D8B1,NO INJURY / DRIVE AWAY,"OVER $1,500",FUNCTIONING PROPERLY,SIDESWIPE SAME DIRECTION,41.753781646,DAYLIGHT,-87.6733824862,2,35,FOLLOWING TOO CLOSELY,NO DEFECTS,DRY,UNABLE TO DETERMINE,S,7700,TRAFFIC SIGNAL,DIVIDED - W/MEDIAN (NOT RAISED),CLEAR,0.0,1.0,0.0,0.0,0.0,1.0,1,0,"[""Y""]","[""Y""]","[""Y""]","[""2025-10-07T15:25:00.000""]","[""2165618"", ""2165619""]","[""FRONT-LEFT-CORNER"", ""FRONT-RIGHT-CORNER""]","[""IL""]","[""HONDA"", ""VOLKSWAGEN""]","[""PASSING/OVERTAKING"", ""STRAIGHT AHEAD""]","[""GTI"", ""OTHER (EXPLAIN IN NARRATIVE)""]","[""1""]","[""N""]","[""1"", ""2""]","[""DRIVER""]","[""NONE""]","[""2064370"", ""2064373""]","[""PASSENGER""]","[""PERSONAL"", ""UNKNOWN/NA""]","[""2003""]",[],[],"[""Y""]",[],[],[],[],[],"[""Y""]",[],[],[],[],[],[],[],[],"[""DEPLOYMENT UNKNOWN"", ""DID NOT DEPLOY""]","[""TEST NOT OFFERED""]",[],"[""2025-10-07T15:25:00.000""]","[""IMPROPER PASSING"", ""NONE""]","[""NOT OBSCURED"", ""UNKNOWN""]","[""D""]","[""IL""]","[""NONE""]",[],"[""O2165618"", ""O2165619""]","[""DRIVER""]","[""NORMAL"", ""UNKNOWN""]","[""SAFETY BELT USED"", ""USAGE UNKNOWN""]","[""F"", ""X""]",[],"[""2064370"", ""2064373""]",[],[],[],[],[],[],[],2025,10,15,7,False,afternoon,41.75,-87.67,41.75_-87.67,0.0,0,0,FOLLOWING TOO CLOSELY,0
STRAIGHT AND LEVEL,321,2025-10-07 15:20:00,3,15,10,FA1C2B22DA163CB1CEF23376B0C8988A3EA0974EFA009002CAA1E35E5AE59B81893F37FC39733457B3F43A6DFD1D63160644C1FCA4FCF1D635137D697658C570,NO INJURY / DRIVE AWAY,"$501 - $1,500",NO CONTROLS,SIDESWIPE OPPOSITE DIRECTION,41.7769049337,DAYLIGHT,-87.5887387562,2,30,"OPERATING VEHICLE IN ERRATIC, RECKLESS, CARELESS, NEGLIGENT OR AGGRESSIVE MANNER",NO DEFECTS,DRY,NOT APPLICABLE,S,6501,NO CONTROLS,NOT DIVIDED,CLEAR,0.0,1.0,0.0,0.0,0.0,1.0,1,0,"[""Y""]",[],[],"[""2025-10-07T15:20:00.000""]","[""2165605"", ""2165606""]","[""FRONT-LEFT-CORNER"", ""REAR-RIGHT-CORNER""]","[""IL""]","[""FORD"", ""HONDA""]","[""STARTING IN TRAFFIC"", ""STRAIGHT AHEAD""]","[""ACCORD"", ""EXPLORER""]","[""1""]","[""E"", ""W""]","[""1"", ""2""]","[""DRIVER""]","[""OTHER"", ""TIRES""]","[""2064357"", ""2064364""]","[""PASSENGER"", ""SPORT UTILITY VEHICLE (SUV)""]","[""PERSONAL"", ""POLICE""]","[""2020"", ""2022""]",[],[],"[""Y""]",[],"[""N""]","[""Y""]",[],[],"[""Y""]",[],[],"[""Y""]",[],[],[],[],[],"[""DEPLOYMENT UNKNOWN"", ""DID NOT DEPLOY""]","[""TEST NOT OFFERED""]",[],"[""2025-10-07T15:20:00.000""]","[""NONE"", ""OTHER""]","[""NOT OBSCURED"", ""UNKNOWN""]",[],[],"[""NONE"", ""UNKNOWN""]",[],"[""O2165605"", ""O2165606""]","[""DRIVER""]","[""NORMAL"", ""UNKNOWN""]","[""SAFETY BELT USED"", ""USAGE UNKNOWN""]","[""M""]",[],"[""2064357"", ""2064364""]",[],[],[],[],[],[],[],2025,10,15,7,False,afternoon,41.78,-87.59,41.78_-87.59,0.0,0,0,OTHER,0
STRAIGHT AND LEVEL,622,2025-10-07 15:20:00,3,15,10,D811749331026A0602F79637974E986CB85022C6FCA4C08105CA5FB1933A03C8C03FB9D5A42FCE46615105D3137E6BA896E37DB17519D7587526CD0E970E087E,INJURY AND / OR TOW DUE TO CRASH,"OVER $1,500",NO CONTROLS,SIDESWIPE SAME DIRECTION,41.743259754,DAYLIGHT,-87.6257648525,2,30,UNABLE TO DETERMINE,NO DEFECTS,DRY,UNABLE TO DETERMINE,S,8310,NO CONTROLS,ONE-WAY,CLEAR,0.0,1.0,0.0,0.0,0.0,1.0,1,1,[],"[""Y""]",[],"[""2025-10-07T15:20:00.000""]","[""2165695"", ""2165696""]","[""SIDE-LEFT-FRONT"", ""SIDE-RIGHT""]","[""IL""]","[""GENERAL MOTORS CORPORATION (GMC)"", ""HYUNDAI""]","[""ENTERING TRAFFIC LANE FROM PARKING"", ""STRAIGHT AHEAD""]","[""ELANTRA"", ""OTHER (EXPLAIN IN NARRATIVE)""]","[""1"", ""2""]","[""S""]","[""1"", ""2""]","[""DRIVER""]","[""NONE"", ""UNKNOWN""]","[""2064441"", ""2064450""]","[""PASSENGER"", ""SPORT UTILITY VEHICLE (SUV)""]","[""PERSONAL"", ""UNKNOWN/NA""]","[""2022""]","[""Y""]","[""Y""]","[""Y""]",[],[],[],[],[],"[""Y""]",[],"[""1""]",[],[],[],[],[],['36'],"[""DEPLOYMENT UNKNOWN"", ""DID NOT DEPLOY""]","[""TEST NOT OFFERED""]","[""CHICAGO""]","[""2025-10-07T15:20:00.000""]","[""OTHER""]","[""NOT OBSCURED"", ""UNKNOWN""]","[""D""]","[""IL""]","[""NONE""]",[],"[""O2165695"", ""O2165696"", ""P477888""]","[""DRIVER"", ""PASSENGER""]","[""NORMAL"", ""UNKNOWN""]","[""SAFETY BELT USED"", ""USAGE UNKNOWN""]","[""F"", ""M""]","[""IL""]","[""2064441"", ""2064450""]","[""60628""]",[],"[""3""]",[],[],[],[],2025,10,15,7,False,afternoon,41.74,-87.63,41.74_-87.63,36.0,36,36,OTHER,1
STRAIGHT AND LEVEL,2524,2025-10-07 15:15:00,3,15,10,93348A928EB6F40EFF1057FCEB9C34052D193C64D596B6304A504DB680F97B18F2F5CFFFD47CAF1BC7BC364FBC68059AE531D54DBBAEC7DC89E818C85536AB82,NO INJURY / DRIVE AWAY,"OVER $1,500",NO CONTROLS,SIDESWIPE SAME DIRECTION,41.9246512043,DAYLIGHT,-87.7219454547,2,10,UNABLE TO DETERMINE,UNKNOWN,DRY,NOT APPLICABLE,W,3800,NO CONTROLS,PARKING LOT,CLEAR,1.0,0.0,0.0,0.0,0.0,1.0,1,2,[],[],[],"[""2025-10-07T15:15:00.000""]","[""2165610"", ""2165611""]","[""REAR-LEFT-CORNER"", ""REAR-RIGHT-CORNER""]","[""IL""]","[""CHEVROLET"", ""DODGE""]","[""UNKNOWN/NA""]","[""CAMARO"", ""CARAVAN""]","[""1""]","[""S""]","[""1"", ""2""]","[""DRIVER""]","[""UNKNOWN""]","[""2064387"", ""2064402""]","[""PASSENGER"", ""VAN/MINI-VAN""]","[""PERSONAL""]","[""2006"", ""2017""]",[],[],[],[],[],"[""Y""]",[],[],[],[],[],[],[],"[""Y""]",[],[],"['55', '58']","[""DID NOT DEPLOY""]","[""TEST NOT OFFERED""]","[""CHICAGO""]","[""2025-10-07T15:15:00.000""]","[""OTHER""]","[""UNKNOWN""]","[""D""]","[""IL""]","[""NONE""]",[],"[""O2165610"", ""O2165611""]","[""DRIVER""]","[""NORMAL""]","[""SAFETY BELT USED""]","[""F""]","[""IL""]","[""2064387"", ""2064402""]","[""60639"", ""60647""]",[],[],[],[],[],[],2025,10,15,7,False,afternoon,41.92,-87.72,41.92_-87.72,56.5,55,58,OTHER,0
STRAIGHT AND LEVEL,1731,2025-10-07 15:15:00,3,15,10,0D2831F8BB035E282040DFFBC310AEDA07D285839FAD3755FE52A5E8653EE9EE15EB8A941E9FA1725D494B8F29E2B25734B5CBACD9F49867C1763B50BF6CA377,NO INJURY / DRIVE AWAY,"OVER $1,500",NO CONTROLS,SIDESWIPE SAME DIRECTION,41.9405384289,DAYLIGHT,-87.7273718215,2,30,FAILING TO YIELD RIGHT-OF-WAY,NO DEFECTS,DRY,FAILING TO YIELD RIGHT-OF-WAY,N,3250,NO CONTROLS,NOT DIVIDED,CLEAR,0.0,1.0,0.0,0.0,0.0,1.0,1,1,"[""Y""]","[""Y""]","[""Y""]","[""2025-10-07T15:15:00.000""]","[""2165632"", ""2165633""]","[""FRONT-LEFT-CORNER"", ""FRONT-RIGHT-CORNER""]","[""IL""]","[""MAZDA"", ""MITSUBISHI""]","[""STARTING IN TRAFFIC"", ""STRAIGHT AHEAD""]","[""CX-3"", ""ECLIPSE""]","[""1""]","[""S""]","[""1"", ""2""]","[""DRIVER""]","[""UNKNOWN""]","[""2064378"", ""2064390""]","[""PASSENGER""]","[""PERSONAL"", ""UNKNOWN/NA""]","[""2006"", ""2016""]",[],[],"[""Y""]",[],[],[],[],[],"[""Y""]",[],[],[],[],[],[],[],['26'],"[""DEPLOYMENT UNKNOWN"", ""NOT APPLICABLE""]","[""TEST NOT OFFERED""]","[""CHICAGO""]","[""2025-10-07T15:15:00.000""]","[""FAILED TO YIELD"", ""NONE""]","[""UNKNOWN""]",[],"[""IL""]","[""NONE"", ""UNKNOWN""]",[],"[""O2165632"", ""O2165633""]","[""DRIVER""]","[""NORMAL"", ""UNKNOWN""]","[""SAFETY BELT USED"", ""USAGE UNKNOWN""]","[""F"", ""M""]","[""IL""]","[""2064378"", ""2064390""]","[""60639""]",[],[],[],[],[],[],2025,10,15,7,False,afternoon,41.94,-87.73,41.94_-87.73,26.0,26,26,FAILURE-TO-YIELD,0
STRAIGHT AND LEVEL,511,2025-10-07 15:15:00,3,15,10,05223A36F2005A0004B8A59974FEAD6DBF2E614C0A14A55EBE2E47180FA4EF0D0A553C17B593A09ECA01899600E39C5F5C2B01635CF64C3BFC7BE1178659D95F,INJURY AND / OR TOW DUE TO CRASH,"$501 - $1,500",NO CONTROLS,TURNING,41.708838551,DAYLIGHT,-87.6285067845,2,30,UNABLE TO DETERMINE,NO DEFECTS,DRY,UNABLE TO DETERMINE,S,10200,NO CONTROLS,NOT DIVIDED,CLEAR,0.0,0.0,0.0,0.0,0.0,1.0,1,2,"[""Y""]","[""Y""]",[],"[""2025-10-07T15:15:00.000""]","[""2166272"", ""2166273""]","[""SIDE-LEFT-FRONT"", ""SIDE-RIGHT-FRONT""]","[""IL"", ""IN""]","[""CHEVROLET"", ""FORD""]","[""STRAIGHT AHEAD"", ""U-TURN""]","[""ESCAPE"", ""MALIBU""]","[""1"", ""2""]","[""N"", ""S""]","[""1"", ""2""]","[""DRIVER""]","[""NONE"", ""UNKNOWN""]","[""2064967"", ""2064968""]","[""PASSENGER"", ""SPORT UTILITY VEHICLE (SUV)""]","[""PERSONAL""]","[""2016"", ""2023""]",[],[],"[""N"", ""Y""]",[],[],[],[],[],"[""N"", ""Y""]",[],"[""1""]",[],[],[],[],[],"['20', '33']","[""DEPLOYMENT UNKNOWN"", ""DID NOT DEPLOY""]","[""TEST NOT OFFERED""]","[""CALUMET CITY"", ""CHICAGO""]","[""2025-10-07T15:15:00.000""]","[""OTHER""]","[""NOT OBSCURED"", ""UNKNOWN""]","[""D""]","[""IL""]","[""NONE""]",[],"[""O2166272"", ""O2166273"", ""P477977""]","[""DRIVER"", ""PASSENGER""]","[""NORMAL"", ""UNKNOWN""]","[""SAFETY BELT USED"", ""USAGE UNKNOWN""]","[""F"", ""M""]","[""IL""]","[""2064967"", ""2064968""]","[""60409"", ""60628""]",[],"[""6""]",[],[],[],[],2025,10,15,7,False,afternoon,41.71,-87.63,41.71_-87.63,26.5,20,33,OTHER,1