alignment,beat_of_occurrence,crash_date,crash_day_of_week,crash_hour,crash_month,crash_record_id,crash_type,damage,device_condition,first_crash_type,latitude,lighting_condition,longitude,num_units,posted_speed_limit,prim_contributory_cause,road_defect,roadway_surface_cond,sec_contributory_cause,street_direction,street_no,traffic_control_device,trafficway_type,weather_condition,private_property_i,hit_and_run_i,intersection_related_i,crash_date_est_i,work_zone_i,workers_present_i,veh_count,ppl_count,veh_area_01_i_list_json,veh_area_02_i_list_json,veh_area_12_i_list_json,veh_crash_date_list_json,veh_crash_unit_id_list_json,veh_first_contact_point_list_json,veh_lic_plate_state_list_json,veh_make_list_json,veh_maneuver_list_json,veh_model_list_json,veh_occupant_cnt_list_json,veh_travel_direction_list_json,veh_unit_no_list_json,veh_unit_type_list_json,veh_vehicle_defect_list_json,veh_vehicle_id_list_json,veh_vehicle_type_list_json,veh_vehicle_use_list_json,veh_vehicle_year_list_json,veh_area_03_i_list_json,veh_area_04_i_list_json,veh_area_11_i_list_json,veh_towed_by_list_json,veh_towed_i_list_json,veh_area_07_i_list_json,veh_area_99_i_list_json,veh_area_09_i_list_json,veh_area_10_i_list_json,veh_cmrc_veh_i_list_json,veh_num_passengers_list_json,veh_area_08_i_list_json,veh_area_00_i_list_json,veh_area_05_i_list_json,veh_area_06_i_list_json,veh_towed_to_list_json,ppl_age_list_json,ppl_airbag_deployed_list_json,ppl_bac_result_list_json,ppl_city_list_json,ppl_crash_date_list_json,ppl_driver_action_list_json,ppl_driver_vision_list_json,ppl_drivers_license_class_list_json,ppl_drivers_license_state_list_json,ppl_ejection_list_json,ppl_hospital_list_json,ppl_person_id_list_json,ppl_person_type_list_json,ppl_physical_condition_list_json,ppl_safety_equipment_list_json,ppl_sex_list_json,ppl_state_list_json,ppl_vehicle_id_list_json,ppl_zipcode_list_json,ppl_ems_agency_list_json,ppl_seat_no_list_json,ppl_pedpedal_action_list_json,ppl_pedpedal_location_list_json,ppl_pedpedal_visibility_list_json,ppl_ems_run_no_list_json,year,month,hour,day,is_weekend,hour_bin,lat_bin,lng_bin,grid_id,ppl_age_mean,ppl_age_min,ppl_age_max,prim_contributory_cause_group,ksi_flag
STRAIGHT AND LEVEL,1421,2025-10-07 15:12:00,3,15,10,30265C2BDDDD1EDE5D3E7E6C888801F42386A409F39449FB18182D9C2E70B220F495D074A6158B17C38421E71B7D25DF0654B0EFE117A7A8985A73E27BBD9207,NO INJURY / DRIVE AWAY,"OVER $1,500",FUNCTIONING PROPERLY,REAR TO FRONT,41.9105590646,DAYLIGHT,-87.6946957733,2,30,IMPROPER BACKING,UNKNOWN,DRY,NOT APPLICABLE,N,1608,STOP SIGN/FLASHER,ONE-WAY,CLEAR,0.0,0.0,0.0,0.0,0.0,1.0,1,1,"[""Y""]","[""Y""]",[],"[""2025-10-07T15:12:00.000""]","[""2165762"", ""2165763""]","[""FRONT-RIGHT-CORNER"", ""REAR-LEFT-CORNER""]","[""IL""]","[""HONDA"", ""HYUNDAI""]","[""BACKING"", ""STRAIGHT AHEAD""]","[""ACCORD"", ""KONA""]","[""1""]","[""N"", ""S""]","[""1"", ""2""]","[""DRIVER""]","[""NONE""]","[""2064521"", ""2064527""]","[""PASSENGER"", ""SPORT UTILITY VEHICLE (SUV)""]","[""PERSONAL""]","[""2020"", ""2023""]","[""Y""]",[],[],[],[],"[""Y""]",[],"[""Y""]",[],[],[],"[""Y""]",[],[],[],[],['32'],"[""DEPLOYMENT UNKNOWN""]","[""TEST NOT OFFERED""]","[""CHICAGO""]","[""2025-10-07T15:12:00.000""]","[""IMPROPER BACKING"", ""NONE""]","[""NOT OBSCURED"", ""UNKNOWN""]","[""D""]","[""IL""]","[""UNKNOWN""]",[],"[""O2165762"", ""O2165763""]","[""DRIVER""]","[""NORMAL"", ""UNKNOWN""]","[""NONE PRESENT"", ""USAGE UNKNOWN""]","[""M""]","[""IL""]","[""2064521"", ""2064527""]","[""60622"", ""60639""]",[],[],[],[],[],[],2025,10,15,7,False,afternoon,41.91,-87.69,41.91_-87.69,32.0,32,32,OTHER,0
STRAIGHT AND LEVEL,1421,2025-10-07 15:10:00,3,15,10,9D32612EAA9EC2000B5DEC48E531A0C87E3BFD2745FE5122369C7103EAECC745FB1CEF8DBB895472A05CA803130383D6CE7D86CE92B405E88D833CC3F96385D4,NO INJURY / DRIVE AWAY,"OVER $1,500",FUNCTIONING PROPERLY,REAR TO FRONT,41.9104497366,DAYLIGHT,-87.6943990053,2,25,DRIVING SKILLS/KNOWLEDGE/EXPERIENCE,NO DEFECTS,DRY,NOT APPLICABLE,N,1605,STOP SIGN/FLASHER,ONE-WAY,CLEAR,0.0,0.0,1.0,0.0,0.0,1.0,1,2,"[""Y""]",[],"[""Y""]","[""2025-10-07T15:10:00.000""]","[""2165636"", ""2165637""]","[""FRONT-RIGHT-CORNER"", ""REAR-LEFT-CORNER""]","[""IL""]","[""HONDA"", ""HYUNDAI""]","[""BACKING"", ""STRAIGHT AHEAD""]","[""CIVIC"", ""KONA""]","[""1"", ""2""]","[""N"", ""S""]","[""1"", ""2""]","[""DRIVER""]","[""NONE"", ""UNKNOWN""]","[""2064391"", ""2064400""]","[""PASSENGER"", ""SPORT UTILITY VEHICLE (SUV)""]","[""PERSONAL"", ""UNKNOWN/NA""]","[""2020"", ""2023""]",[],[],[],[],[],"[""Y""]",[],[],[],[],"[""1""]","[""Y""]",[],[],"[""Y""]",[],"['25', '32']","[""DID NOT DEPLOY""]","[""TEST NOT OFFERED""]","[""CHICAGO""]","[""2025-10-07T15:10:00.000""]","[""FAILED TO YIELD"", ""NONE""]","[""NOT OBSCURED"", ""UNKNOWN""]","[""D""]","[""IL""]","[""NONE""]",[],"[""O2165636"", ""O2165637"", ""P477876""]","[""DRIVER"", ""PASSENGER""]","[""NORMAL""]","[""SAFETY BELT USED"", ""USAGE UNKNOWN""]","[""F"", ""M""]","[""IL""]","[""2064391"", ""2064400""]","[""60622"", ""60639""]",[],"[""3""]",[],[],[],[],2025,10,15,7,False,afternoon,41.91,-87.69,41.91_-87.69,28.5,25,32,OTHER,0
STRAIGHT AND LEVEL,2534,2025-10-07 15:05:00,3,15,10,B54E285D1E4242B71B029AD87EBC4C7020F5A734B9ADD6033753FB452A7FE22315031F6516EB82268F24F4AF4E270589FEE63D0BD8851ECD0DAFC975D125EB0C,NO INJURY / DRIVE AWAY,"OVER $1,500",NO CONTROLS,ANGLE,41.904354471,DAYLIGHT,-87.7269293641,2,30,UNABLE TO DETERMINE,UNKNOWN,DRY,UNABLE TO DETERMINE,W,4013,NO CONTROLS,ALLEY,CLEAR,0.0,0.0,0.0,0.0,0.0,1.0,1,2,"[""Y""]",[],"[""Y""]","[""2025-10-07T15:05:00.000""]","[""2166256"", ""2166257""]","[""FRONT-RIGHT-CORNER"", ""SIDE-LEFT-REAR""]","[""IL""]","[""NISSAN"", ""TOYOTA""]","[""STRAIGHT AHEAD"", ""UNKNOWN/NA""]","[""CAMRY"", ""VERSA""]","[""1""]","[""N"", ""W""]","[""1"", ""2""]","[""DRIVER""]","[""NONE"", ""UNKNOWN""]","[""2064959"", ""2064960""]","[""PASSENGER""]","[""PERSONAL"", ""UNKNOWN/NA""]","[""2009"", ""2017""]",[],[],"[""Y""]",[],[],"[""N""]",[],[],[],[],[],"[""Y""]",[],[],[],[],"['53', '69']","[""DID NOT DEPLOY""]","[""TEST NOT OFFERED""]","[""CHICAGO"", ""OAK LAWN""]","[""2025-10-07T15:05:00.000""]","[""NONE"", ""UNKNOWN""]","[""NOT OBSCURED"", ""UNKNOWN""]","[""D""]","[""IL""]","[""NONE""]","[""NO EMS""]","[""O2166256"", ""O2166257""]","[""DRIVER""]","[""NORMAL""]","[""NONE PRESENT"", ""SAFETY BELT USED""]","[""M""]","[""IL""]","[""2064959"", ""2064960""]","[""60453"", ""60632""]",[],[],[],[],[],[],2025,10,15,7,False,afternoon,41.9,-87.73,41.9_-87.73,61.0,53,69,OTHER,0
STRAIGHT AND LEVEL,1123,2025-10-07 15:05:00,3,15,10,2B64BCFACD7CEE2C0861822D5789F40F6A1CDCC0F943F22BC11BCE4113A88D944AA07336594D7A2C0151488C4AB179EFAAC164B32FD369ABE4F3E12A88FE2605,NO INJURY / DRIVE AWAY,"OVER $1,500",FUNCTIONING PROPERLY,SIDESWIPE SAME DIRECTION,41.8773250743,DAYLIGHT,-87.7110358469,2,30,NOT APPLICABLE,UNKNOWN,DRY,"OPERATING VEHICLE IN ERRATIC, RECKLESS, CARELESS, NEGLIGENT OR AGGRESSIVE MANNER",S,256,TRAFFIC SIGNAL,NOT DIVIDED,CLEAR,0.0,1.0,1.0,0.0,0.0,1.0,1,1,"[""Y""]","[""Y""]",[],"[""2025-10-07T15:05:00.000""]","[""2165601"", ""2165602""]","[""FRONT-LEFT-CORNER"", ""UNKNOWN""]","[""IL""]","[""CHEVROLET"", ""NISSAN""]","[""PASSING/OVERTAKING"", ""SLOW/STOP IN TRAFFIC""]","[""ALTIMA"", ""OTHER (EXPLAIN IN NARRATIVE)""]","[""1""]","[""N""]","[""1"", ""2""]","[""DRIVER""]","[""UNKNOWN""]","[""2064350"", ""2064356""]","[""PASSENGER""]","[""PERSONAL"", ""UNKNOWN/NA""]","[""2019"", ""2022""]",[],[],"[""N""]",[],[],[],"[""Y""]",[],[],[],[],[],[],[],[],[],['36'],"[""DEPLOYMENT UNKNOWN"", ""DID NOT DEPLOY""]","[""TEST NOT OFFERED""]","[""CHICAGO""]","[""2025-10-07T15:05:00.000""]","[""IMPROPER PASSING"", ""UNKNOWN""]","[""UNKNOWN""]","[""D""]","[""IL""]","[""NONE""]",[],"[""O2165601"", ""O2165602""]","[""DRIVER""]","[""UNKNOWN""]","[""USAGE UNKNOWN""]","[""F"", ""M""]","[""IL""]","[""2064350"", ""2064356""]","[""60644""]",[],[],[],[],[],[],2025,10,15,7,False,afternoon,41.88,-87.71,41.88_-87.71,36.0,36,36,OTHER,0
STRAIGHT AND LEVEL,1533,2025-10-07 15:04:00,3,15,10,E74C08651E7F448E422EAEEE8F64E11DBB2131A75BAC20E09F1E14F1874B9B5F0CAE69EDDF89D0DF98B6F98059D78879EC1A97EFEF1F361D050B6086A8F91A66,INJURY AND / OR TOW DUE TO CRASH,"OVER $1,500",NO CONTROLS,PEDESTRIAN,41.8733980257,DAYLIGHT,-87.7451552337,2,30,UNABLE TO DETERMINE,NO DEFECTS,DRY,NOT APPLICABLE,S,518,NO CONTROLS,NOT DIVIDED,CLEAR,0.0,1.0,0.0,0.0,0.0,1.0,2,1,[],[],[],"[""2025-10-07T15:04:00.000""]","[""2165640"", ""2165644""]","[""UNKNOWN""]","[""IL""]","[""LINCOLN""]","[""STRAIGHT AHEAD""]","[""OTHER (EXPLAIN IN NARRATIVE)""]","[""1""]","[""S""]","[""1"", ""2""]","[""DRIVER"", ""PEDESTRIAN""]","[""NONE""]","[""2064384""]","[""PASSENGER""]","[""PERSONAL""]","[""2011""]",[],[],[],[],[],[],[],[],[],[],[],[],[],[],[],[],['37'],"[""DEPLOYMENT UNKNOWN""]","[""TEST NOT OFFERED""]","[""CHICAGO""]","[""2025-10-07T15:04:00.000""]","[""NONE"", ""UNKNOWN""]","[""NOT OBSCURED"", ""UNKNOWN""]",[],[],"[""NONE""]",[],"[""O2165640"", ""O2165644""]","[""DRIVER"", ""PEDESTRIAN""]","[""NORMAL"", ""UNKNOWN""]","[""NONE PRESENT"", ""USAGE UNKNOWN""]","[""M"", ""X""]","[""IL""]","[""2064384""]",[],[],[],"[""CROSSING - NO CONTROLS (NOT AT INTERSECTION)""]","[""IN ROADWAY""]","[""NO CONTRASTING CLOTHING""]",[],2025,10,15,7,False,afternoon,41.87,-87.75,41.87_-87.75,37.0,37,37,OTHER,1
STRAIGHT AND LEVEL,123,2025-10-07 15:03:00,3,15,10,51E976EB8F3B677135EA4CCDD345037517672BA65209F3594DDDC49A00DFE3288C1938C1BC765C0CD77C4F1304098164C56A3AB8B64192781FF3A1EAF56B99BB,NO INJURY / DRIVE AWAY,"$501 - $1,500",NO CONTROLS,REAR END,41.8739546464,DAYLIGHT,-87.6285360675,2,25,FOLLOWING TOO CLOSELY,UNKNOWN,DRY,UNABLE TO DETERMINE,S,621,NO CONTROLS,NOT DIVIDED,CLEAR,0.0,0.0,0.0,0.0,0.0,1.0,1,2,"[""Y""]",[],"[""Y""]","[""2025-10-07T15:03:00.000""]","[""2165693"", ""2165694""]","[""FRONT"", ""REAR""]","[""IL""]","[""JEEP"", ""NISSAN""]","[""STRAIGHT AHEAD""]","[""SENTRA"", ""WRANGLER""]","[""1""]","[""N""]","[""1"", ""2""]","[""DRIVER""]","[""UNKNOWN""]","[""2064446"", ""2064454""]","[""PASSENGER""]","[""PERSONAL""]","[""2015"", ""2024""]",[],[],"[""Y""]",[],[],"[""Y""]",[],[],[],[],[],[],[],"[""Y""]","[""Y""]",[],"['34', '44']","[""DID NOT DEPLOY""]","[""TEST NOT OFFERED""]","[""CARBONDALE"", ""CHICAGO""]","[""2025-10-07T15:03:00.000""]","[""FOLLOWED TOO CLOSELY"", ""UNKNOWN""]","[""NOT OBSCURED"", ""UNKNOWN""]","[""D""]","[""IL""]","[""NONE""]",[],"[""O2165693"", ""O2165694""]","[""DRIVER""]","[""NORMAL"", ""UNKNOWN""]","[""USAGE UNKNOWN""]","[""F""]","[""IL""]","[""2064446"", ""2064454""]","[""60625"", ""62901""]",[],[],[],[],[],[],2025,10,15,7,False,afternoon,41.87,-87.63,41.87_-87.63,39.0,34,44,FOLLOWING TOO CLOSELY,0
STRAIGHT AND LEVEL,2413,2025-10-07 15:00:00,3,15,10,ABB62B89D5295E0325860550419432C16691070615BCA80F62AF6B7FCBAC3C7CBB044AA9242019BA6523367EA21AE31D0F5E979B3634F8A22B85C501EA6E899F,NO INJURY / DRIVE AWAY,"OVER $1,500",NO CONTROLS,SIDESWIPE SAME DIRECTION,41.9974261319,DAYLIGHT,-87.7010012556,2,30,UNABLE TO DETERMINE,UNKNOWN,UNKNOWN,UNABLE TO DETERMINE,W,2835,NO CONTROLS,NOT DIVIDED,CLEAR,0.0,0.0,0.0,0.0,0.0,1.0,1,2,"[""Y""]","[""Y""]",[],"[""2025-10-07T15:00:00.000""]","[""2165628"", ""2165629""]","[""FRONT-LEFT-CORNER"", ""FRONT-RIGHT-CORNER""]","[""IL""]","[""LEXUS"", ""TOYOTA""]","[""CHANGING LANES"", ""STRAIGHT AHEAD""]","[""PRIUS"", ""RX""]","[""1""]","[""UNKNOWN""]","[""1"", ""2""]","[""DRIVER""]","[""UNKNOWN""]","[""2064374"", ""2064381""]","[""PASSENGER"", ""SPORT UTILITY VEHICLE (SUV)""]","[""PERSONAL""]","[""2010"", ""2025""]",[],[],"[""Y""]",[],[],[],[],[],"[""Y""]",[],[],[],[],[],[],[],"['24', '83']","[""DEPLOYMENT UNKNOWN""]","[""TEST NOT OFFERED""]","[""CHICAGO"", ""PHOENIX""]","[""2025-10-07T15:00:00.000""]","[""IMPROPER LANE CHANGE"", ""UNKNOWN""]","[""UNKNOWN""]","[""D""]","[""AZ"", ""IL""]","[""UNKNOWN""]",[],"[""O2165628"", ""O2165629""]","[""DRIVER""]","[""EMOTIONAL""]","[""USAGE UNKNOWN""]","[""M""]","[""AZ"", ""IL""]","[""2064374"", ""2064381""]","[""60610"", ""85401""]",[],[],[],[],[],[],2025,10,15,7,False,afternoon,42.0,-87.7,42.0_-87.7,53.5,24,83,OTHER,0
STRAIGHT AND LEVEL,1833,2025-10-07 15:00:00,3,15,10,02BC42E77F0E3D1F2A10BE16B0F9059F62A743643CDCB4433E730E41D1C7E2A95C30D8ECECB0BC76DB1D84F8E20C2EB8E3AEB91D86BDE2F4813273E45A0A319E,NO INJURY / DRIVE AWAY,"OVER $1,500",FUNCTIONING PROPERLY,SIDESWIPE SAME DIRECTION,41.8959102665,DAYLIGHT,-87.6202192329,2,35,IMPROPER LANE USAGE,NO DEFECTS,DRY,UNABLE TO DETERMINE,E,300,TRAFFIC SIGNAL,NOT DIVIDED,CLEAR,0.0,0.0,1.0,0.0,0.0,1.0,1,1,"[""Y""]","[""Y""]",[],"[""2025-10-07T15:00:00.000""]","[""2165858"", ""2165859""]","[""FRONT-RIGHT-CORNER"", ""SIDE-LEFT""]","[""IL""]","[""CHEVROLET"", ""HONDA""]","[""MERGING"", ""STRAIGHT AHEAD""]","[""BLAZER"", ""CR-V""]","[""1""]","[""N""]","[""1"", ""2""]","[""DRIVER""]","[""NONE"", ""UNKNOWN""]","[""2064611"", ""2064612""]","[""SPORT UTILITY VEHICLE (SUV)"", ""VAN/MINI-VAN""]","[""OTHER"", ""PERSONAL""]","[""2008"", ""2025""]",[],[],[],[],[],"[""Y""]",[],"[""Y""]",[],[],[],"[""Y""]",[],[],[],[],['23'],"[""DID NOT DEPLOY""]","[""TEST NOT OFFERED""]","[""CHICAGO"", ""HIGHLAND""]","[""2025-10-07T15:00:00.000""]","[""IMPROPER LANE CHANGE"", ""NONE""]","[""NOT OBSCURED"", ""UNKNOWN""]","[""D""]","[""IL""]","[""NONE""]",[],"[""O2165858"", ""O2165859""]","[""DRIVER""]","[""NORMAL""]","[""SAFETY BELT USED"", ""USAGE UNKNOWN""]","[""M""]","[""IL""]","[""2064611"", ""2064612""]","[""60624"", ""62249""]",[],[],[],[],[],[],2025,10,15,7,False,afternoon,41.9,-87.62,41.9_-87.62,23.0,23,23,OTHER,0
STRAIGHT AND LEVEL,1934,2025-10-07 15:00:00,3,15,10,7FD20752218595A3E94DD245222ECD25D98FDE362148015827BFF9388E23641E52B80F0387AEC5B0B35B94C59C0217CDBECCC788BF2C645BA36066121B65BD4F,NO INJURY / DRIVE AWAY,$500 OR LESS,FUNCTIONING PROPERLY,PEDALCYCLIST,41.9362871732,"DARKNESS, LIGHTED ROAD",-87.6489901943,2,35,FAILING TO REDUCE SPEED TO AVOID CRASH,NO DEFECTS,DRY,UNABLE TO DETERMINE,N,2961,TRAFFIC SIGNAL,FOUR WAY,CLEAR,0.0,1.0,0.0,0.0,0.0,1.0,2,1,[],[],[],"[""2025-10-07T15:00:00.000""]","[""2165798"", ""2165799""]","[""REAR""]","[""IL""]","[""TOYOTA""]","[""SLOW/STOP IN TRAFFIC""]","[""RAV4""]","[""1""]","[""N""]","[""1"", ""2""]","[""BICYCLE"", ""DRIVER""]","[""UNKNOWN""]","[""2064556""]","[""PASSENGER""]","[""PERSONAL""]","[""2015""]",[],[],[],[],[],[],[],[],[],[],[],[],[],"[""Y""]","[""Y""]",[],['16'],"[""DID NOT DEPLOY""]","[""TEST NOT OFFERED""]","[""CHICAGO""]","[""2025-10-07T15:00:00.000""]","[""FOLLOWED TOO CLOSELY"", ""NONE""]","[""UNKNOWN""]","[""D""]","[""IL""]","[""NONE"", ""UNKNOWN""]",[],"[""O2165798"", ""O2165799""]","[""BICYCLE"", ""DRIVER""]","[""NORMAL"", ""UNKNOWN""]","[""HELMET NOT USED"", ""SAFETY BELT USED""]","[""M""]","[""IL""]","[""2064556""]","[""60618""]",[],[],"[""WITH TRAFFIC""]","[""IN ROADWAY""]","[""NO CONTRASTING CLOTHING""]",[],2025,10,15,7,False,afternoon,41.94,-87.65,41.94_-87.65,16.0,16,16,SPEEDING,0
STRAIGHT AND LEVEL,1914,2025-10-07 14:50:00,3,14,10,BB64AFEB62C756C7D3033BB1035DA19142CF7F36B769A0A441E79A7790FB9556880306EF9EF5F217021412E1220DCA45608DF4935E1AF4ED7E4645727A9079E1,NO INJURY / DRIVE AWAY,"$501 - $1,500",FUNCTIONING PROPERLY,REAR END,41.9668008592,DAYLIGHT,-87.6582023165,2,30,FOLLOWING TOO CLOSELY,NO DEFECTS,DRY,NOT APPLICABLE,N,4653,TRAFFIC SIGNAL,NOT DIVIDED,CLEAR,0.0,0.0,0.0,0.0,0.0,1.0,1,2,[],[],"[""Y""]","[""2025-10-07T14:50:00.000""]","[""2165590"", ""2165591""]","[""FRONT"", ""REAR""]","[""IL""]","[""TOYOTA""]","[""SLOW/STOP IN TRAFFIC"", ""STRAIGHT AHEAD""]","[""RAV4"", ""SIENNA""]","[""1""]","[""N""]","[""1"", ""2""]","[""DRIVER""]","[""NONE""]","[""2064343"", ""2064346""]","[""SPORT UTILITY VEHICLE (SUV)"", ""VAN/MINI-VAN""]","[""PERSONAL""]","[""2007"", ""2018""]",[],[],[],[],[],[],[],[],[],[],[],[],[],[],"[""Y""]",[],"['59', '60']","[""NOT APPLICABLE""]","[""TEST NOT OFFERED""]","[""CHICAGO""]","[""2025-10-07T14:50:00.000""]","[""FOLLOWED TOO CLOSELY"", ""NONE""]","[""NOT OBSCURED""]","[""D""]","[""IL""]","[""NONE""]",[],"[""O2165590"", ""O2165591""]","[""DRIVER""]","[""NORMAL""]","[""SAFETY BELT USED""]","[""M""]","[""IL""]","[""2064343"", ""2064346""]","[""60613"", ""60640""]",[],[],[],[],[],[],2025,10,14,7,False,afternoon,41.97,-87.66,41.97_-87.66,59.5,59,60,FOLLOWING TOO CLOSELY,0
STRAIGHT AND LEVEL,724,2025-10-07 14:25:00,3,14,10,DB0799C4B098625404747E1F4B79FCA6DA9EBAA8A4D6233B9C44E574B7D298BD602A38773D9ED7646A15EE8CFA0641700F9B01A65475F23520817A4BA81A6F47,NO INJURY / DRIVE AWAY,"$501 - $1,500",NO CONTROLS,OTHER OBJECT,41.7767858391,DAYLIGHT,-87.6591385796,1,10,NOT APPLICABLE,UNKNOWN,DRY,NOT APPLICABLE,S,6431,NO CONTROLS,UNKNOWN,CLEAR,0.0,0.0,0.0,0.0,0.0,1.0,1,1,[],[],[],"[""2025-10-07T14:25:00.000""]","[""2165582""]","[""SIDE-RIGHT-REAR""]","[""IL""]","[""FORD""]","[""OTHER""]","[""EXPLORER""]","[""1""]","[""W""]","[""1""]","[""DRIVER""]","[""UNKNOWN""]","[""2064334""]","[""PASSENGER""]","[""POLICE""]","[""2021""]","[""Y""]","[""Y""]",[],[],[],[],[],[],[],[],[],[],[],[],[],[],['34'],"[""NOT APPLICABLE""]","[""TEST NOT OFFERED""]","[""CHICAGO""]","[""2025-10-07T14:25:00.000""]","[""NONE""]","[""UNKNOWN""]","[""D""]","[""IL""]","[""NONE""]",[],"[""O2165582""]","[""DRIVER""]","[""NORMAL""]","[""SAFETY BELT USED""]","[""F""]","[""IL""]","[""2064334""]","[""60636""]",[],[],[],[],[],[],2025,10,14,7,False,afternoon,41.78,-87.66,41.78_-87.66,34.0,34,34,OTHER,0
STRAIGHT AND LEVEL,1914,2025-10-07 14:25:00,3,14,10,0898DDC801A9EAFFF7C7F12CB5885DEE5EBB9BF0EF6C4BE52916248E57F6C10C1020730163598D56DAEF004FB2FD2865FB9BCE7C84D825CE123FC7D3D946D40E,NO INJURY / DRIVE AWAY,"$501 - $1,500",NO CONTROLS,PARKED MOTOR VEHICLE,41.9668595507,UNKNOWN,-87.6491350421,2,20,UNABLE TO DETERMINE,UNKNOWN,UNKNOWN,NOT APPLICABLE,N,4646,NO CONTROLS,NOT DIVIDED,CLEAR,0.0,0.0,0.0,0.0,0.0,1.0,2,1,"[""Y""]",[],[],"[""2025-10-07T14:25:00.000""]","[""2169825"", ""2169826""]","[""FRONT-RIGHT-CORNER"", ""REAR-LEFT-CORNER""]","[""IL""]","[""FORD"", ""SUBARU""]","[""OTHER"", ""PARKED""]","[""IMPREZA"", ""OTHER (EXPLAIN IN NARRATIVE)""]","[""0"", ""1""]","[""S""]","[""1"", ""2""]","[""DRIVER"", ""PARKED""]","[""NONE""]","[""2068350"", ""2068353""]","[""PASSENGER""]","[""NOT IN USE"", ""PERSONAL""]","[""2018"", ""2019""]",[],[],[],[],[],"[""Y""]",[],[],[],[],[],[],[],[],[],[],['73'],"[""DID NOT DEPLOY""]","[""TEST NOT OFFERED""]","[""CHICAGO""]","[""2025-10-07T14:25:00.000""]","[""UNKNOWN""]","[""UNKNOWN""]","[""D""]","[""IL""]","[""NONE""]",[],"[""O2169825""]","[""DRIVER""]","[""UNKNOWN""]","[""SAFETY BELT USED""]","[""M""]","[""IL""]","[""2068350""]","[""60613""]",[],[],[],[],[],[],2025,10,14,7,False,afternoon,41.97,-87.65,41.97_-87.65,73.0,73,73,OTHER,0
STRAIGHT AND LEVEL,2521,2025-10-07 14:23:00,3,14,10,A3ADE36D62D68552A320643D8074C18436894C9F5A2AC901FE6D359ACC2A7534E4D8AB5DE30C6E8C69E13D020ECE0BFDBD3BECB9513B25E7515C9DFF3BAAAD43,NO INJURY / DRIVE AWAY,"OVER $1,500",NO CONTROLS,ANGLE,41.9316524652,DAYLIGHT,-87.7458838174,2,30,FAILING TO REDUCE SPEED TO AVOID CRASH,NO DEFECTS,DRY,FAILING TO YIELD RIGHT-OF-WAY,W,4742,NO CONTROLS,ALLEY,CLEAR,0.0,0.0,0.0,0.0,0.0,1.0,1,2,"[""Y""]","[""Y""]","[""Y""]","[""2025-10-07T14:23:00.000""]","[""2165624"", ""2165625""]","[""FRONT"", ""FRONT-RIGHT-CORNER""]","[""IL""]","[""HUMMER"", ""NOVA BUS""]","[""STRAIGHT AHEAD""]","[""H3"", ""OTHER (EXPLAIN IN NARRATIVE)""]","[""1""]","[""S"", ""W""]","[""1"", ""2""]","[""DRIVER""]","[""NONE""]","[""2064372"", ""2064379""]","[""BUS OVER 15 PASS."", ""SPORT UTILITY VEHICLE (SUV)""]","[""CTA"", ""PERSONAL""]","[""2006"", ""2016""]",[],[],[],[],[],[],[],[],[],[],[],[],[],[],[],[],"['33', '51']","[""DID NOT DEPLOY""]","[""TEST NOT OFFERED""]","[""CHICAGO""]","[""2025-10-07T14:23:00.000""]","[""FAILED TO YIELD"", ""NONE""]","[""NOT OBSCURED""]","[""M""]","[""IL""]","[""NONE""]",[],"[""O2165624"", ""O2165625""]","[""DRIVER""]","[""UNKNOWN""]","[""USAGE UNKNOWN""]","[""F"", ""M""]","[""IL""]","[""2064372"", ""2064379""]","[""60639"", ""60661""]",[],[],[],[],[],[],2025,10,14,7,False,afternoon,41.93,-87.75,41.93_-87.75,42.0,33,51,SPEEDING,0
STRAIGHT AND LEVEL,821,2025-10-07 14:22:00,3,14,10,A0E2E6444A35B979836A4C27886FCEF0B55CCE9E6FD396A3EFA59DDF4938DC9D922EE5226EADB9E0F5BADB4BD531A6D46150FC700E4FCEFC60E02E6265BDC36C,NO INJURY / DRIVE AWAY,"OVER $1,500",NO CONTROLS,PARKED MOTOR VEHICLE,41.8030461464,DAYLIGHT,-87.7220067336,2,30,UNABLE TO DETERMINE,NO DEFECTS,DRY,NOT APPLICABLE,S,4959,NO CONTROLS,NOT DIVIDED,CLEAR,0.0,0.0,0.0,0.0,0.0,1.0,2,0,[],[],"[""Y""]","[""2025-10-07T14:22:00.000""]","[""2165823"", ""2165824""]","[""FRONT"", ""REAR""]","[""IL""]","[""FORD"", ""SUBARU""]","[""BACKING"", ""PARKED""]","[""ECONOLINE E250"", ""IMPREZA""]","[""0"", ""1""]","[""UNKNOWN""]","[""1"", ""2""]","[""DRIVER"", ""PARKED""]","[""NONE"", ""UNKNOWN""]","[""2064577"", ""2064578""]","[""SPORT UTILITY VEHICLE (SUV)"", ""VAN/MINI-VAN""]","[""PERSONAL"", ""UNKNOWN/NA""]","[""2007""]",[],[],[],[],[],[],[],[],[],[],[],[],[],[],"[""Y""]",[],[],"[""DEPLOYMENT UNKNOWN""]","[""TEST NOT OFFERED""]",[],"[""2025-10-07T14:22:00.000""]","[""UNKNOWN""]","[""UNKNOWN""]",[],[],"[""NONE""]",[],"[""O2165823""]","[""DRIVER""]","[""UNKNOWN""]","[""USAGE UNKNOWN""]","[""F""]",[],"[""2064577""]",[],[],[],[],[],[],[],2025,10,14,7,False,afternoon,41.8,-87.72,41.8_-87.72,0.0,0,0,OTHER,0