alignment,beat_of_occurrence,crash_date,crash_day_of_week,crash_hour,crash_month,crash_record_id,crash_type,damage,device_condition,first_crash_type,latitude,lighting_condition,longitude,num_units,posted_speed_limit,prim_contributory_cause,road_defect,roadway_surface_cond,sec_contributory_cause,street_direction,street_no,traffic_control_device,trafficway_type,weather_condition,private_property_i,hit_and_run_i,intersection_related_i,crash_date_est_i,work_zone_i,workers_present_i,veh_count,ppl_count,veh_area_01_i_list_json,veh_area_02_i_list_json,veh_area_12_i_list_json,veh_crash_date_list_json,veh_crash_unit_id_list_json,veh_first_contact_point_list_json,veh_lic_plate_state_list_json,veh_make_list_json,veh_maneuver_list_json,veh_model_list_json,veh_occupant_cnt_list_json,veh_travel_direction_list_json,veh_unit_no_list_json,veh_unit_type_list_json,veh_vehicle_defect_list_json,veh_vehicle_id_list_json,veh_vehicle_type_list_json,veh_vehicle_use_list_json,veh_vehicle_year_list_json,veh_area_03_i_list_json,veh_area_04_i_list_json,veh_area_11_i_list_json,veh_towed_by_list_json,veh_towed_i_list_json,veh_area_07_i_list_json,veh_area_99_i_list_json,veh_area_09_i_list_json,veh_area_10_i_list_json,veh_cmrc_veh_i_list_json,veh_num_passengers_list_json,veh_area_08_i_list_json,veh_area_00_i_list_json,veh_area_05_i_list_json,veh_area_06_i_list_json,veh_towed_to_list_json,ppl_age_list_json,ppl_airbag_deployed_list_json,ppl_bac_result_list_json,ppl_city_list_json,ppl_crash_date_list_json,ppl_driver_action_list_json,ppl_driver_vision_list_json,ppl_drivers_license_class_list_json,ppl_drivers_license_state_list_json,ppl_ejection_list_json,ppl_hospital_list_json,ppl_person_id_list_json,ppl_person_type_list_json,ppl_physical_condition_list_json,ppl_safety_equipment_list_json,ppl_sex_list_json,ppl_state_list_json,ppl_vehicle_id_list_json,ppl_zipcode_list_json,ppl_ems_agency_list_json,ppl_seat_no_list_json,ppl_pedpedal_action_list_json,ppl_pedpedal_location_list_json,ppl_pedpedal_visibility_list_json,ppl_ems_run_no_list_json,year,month,hour,day,is_weekend,hour_bin,lat_bin,lng_bin,grid_id,ppl_age_mean,ppl_age_min,ppl_age_max,prim_contributory_cause_group,ksi_flag
STRAIGHT AND LEVEL,223,2025-10-07 14:04:00,3,14,10,19FD41157CC1B5294809649C5CE36CC356382C6BF16D84529758046FB6F4C0D2A4DE30B4BC747EF95E74BF8E8B8831E695923253E3B8F63A31F79AA8D8254DB5,NO INJURY / DRIVE AWAY,"OVER $1,500",NO CONTROLS,PARKED MOTOR VEHICLE,41.8040894453,DAYLIGHT,-87.6127650569,2,30,UNABLE TO DETERMINE,NO DEFECTS,DRY,UNABLE TO DETERMINE,E,528,NO CONTROLS,ONE-WAY,CLEAR,0.0,0.0,0.0,0.0,0.0,1.0,2,1,"[""Y""]","[""Y""]",[],"[""2025-10-07T14:04:00.000""]","[""2165576"", ""2165577""]","[""FRONT-RIGHT-CORNER"", ""REAR-RIGHT-CORNER""]","[""IL""]","[""FORD"", ""LINCOLN""]","[""PARKED"", ""TURNING RIGHT""]","[""AVIATOR"", ""F450""]","[""0"", ""1""]","[""W""]","[""1"", ""2""]","[""DRIVER"", ""PARKED""]","[""UNKNOWN""]","[""2064325"", ""2064329""]","[""BUS UP TO 15 PASS."", ""SPORT UTILITY VEHICLE (SUV)""]","[""NOT IN USE"", ""UNKNOWN/NA""]","[""2021""]",[],"[""Y""]",[],[],[],[],"[""Y""]",[],[],[],[],[],[],"[""Y""]",[],[],['50'],"[""DID NOT DEPLOY""]","[""TEST NOT OFFERED""]","[""CALUMET CITY""]","[""2025-10-07T14:04:00.000""]","[""IMPROPER TURN""]","[""UNKNOWN""]",[],"[""IL""]","[""NONE""]",[],"[""O2165576""]","[""DRIVER""]","[""NORMAL""]","[""USAGE UNKNOWN""]","[""F""]","[""IL""]","[""2064325""]","[""60409""]",[],[],[],[],[],[],2025,10,14,7,False,afternoon,41.8,-87.61,41.8_-87.61,50.0,50,50,OTHER,0
STRAIGHT AND LEVEL,1012,2025-10-07 14:03:00,3,14,10,DEEA189E137FDEDA5F3389D9646068BA22170C1B7C0693519884B4DC53B2244A06C819A7477A0DE96029FD14D75DFA8A50A2EB29C67527A54A9534D0109D1024,INJURY AND / OR TOW DUE TO CRASH,"OVER $1,500",NO CONTROLS,SIDESWIPE SAME DIRECTION,41.8515436845,DAYLIGHT,-87.7321998316,2,30,IMPROPER OVERTAKING/PASSING,NO DEFECTS,DRY,IMPROPER OVERTAKING/PASSING,W,4300,NO CONTROLS,DIVIDED - W/MEDIAN (NOT RAISED),CLEAR,0.0,1.0,0.0,0.0,0.0,1.0,1,1,"[""Y""]","[""Y""]","[""Y""]","[""2025-10-07T14:03:00.000""]","[""2165616"", ""2165617""]","[""FRONT-LEFT-CORNER"", ""SIDE-RIGHT""]","[""IL""]","[""TOYOTA""]","[""STRAIGHT AHEAD""]","[""CAMRY""]","[""1""]","[""W""]","[""1"", ""2""]","[""DRIVER""]","[""NONE"", ""UNKNOWN""]","[""2064375"", ""2064392""]","[""PASSENGER""]","[""PERSONAL""]","[""2007"", ""2022""]","[""Y""]","[""Y""]","[""Y""]",[],[],[],[],[],[],[],[],[],[],[],[],[],['21'],"[""DEPLOYMENT UNKNOWN"", ""DID NOT DEPLOY""]","[""TEST NOT OFFERED""]","[""CHICAGO""]","[""2025-10-07T14:03:00.000""]","[""IMPROPER PASSING"", ""NONE""]","[""NOT OBSCURED"", ""UNKNOWN""]","[""D""]","[""IL""]","[""NONE""]","[""MT SINAI""]","[""O2165616"", ""O2165617""]","[""DRIVER""]","[""NORMAL"", ""UNKNOWN""]","[""USAGE UNKNOWN""]","[""F"", ""X""]","[""IL""]","[""2064375"", ""2064392""]","[""60632""]","[""CFD AMBO 77""]",[],[],[],[],[],2025,10,14,7,False,afternoon,41.85,-87.73,41.85_-87.73,21.0,21,21,OTHER,1
STRAIGHT AND LEVEL,1013,2025-10-07 14:00:00,3,14,10,C0A59D12452621D1E443906F1FFF7D724C5FA1D0825D9BBEFEE4362F5A09CCD890E901B42F57FB31BC11332D38504863D6338CE3DBB2C8C1DE1BEC0887D99300,NO INJURY / DRIVE AWAY,"OVER $1,500",NO CONTROLS,SIDESWIPE SAME DIRECTION,41.8513420126,DAYLIGHT,-87.7312795574,2,30,UNABLE TO DETERMINE,NO DEFECTS,DRY,NOT APPLICABLE,W,4245,NO CONTROLS,NOT DIVIDED,CLEAR,0.0,1.0,0.0,0.0,0.0,1.0,1,1,"[""Y""]","[""N""]","[""Y""]","[""2025-10-07T14:00:00.000""]","[""2165734"", ""2165735""]","[""FRONT-LEFT-CORNER"", ""SIDE-RIGHT-FRONT""]","[""IL""]","[""HONDA"", ""TOYOTA""]","[""ENTERING TRAFFIC LANE FROM PARKING"", ""PASSING/OVERTAKING""]","[""CAMRY"", ""CIVIC""]","[""1""]","[""E""]","[""1"", ""2""]","[""DRIVER""]","[""NONE"", ""UNKNOWN""]","[""2064484"", ""2064492""]","[""PASSENGER""]","[""PERSONAL"", ""UNKNOWN/NA""]","[""2022""]",[],[],"[""Y""]",[],[],[],"[""Y""]",[],[],[],[],[],[],[],[],[],['30'],"[""DEPLOYMENT UNKNOWN"", ""DID NOT DEPLOY""]","[""TEST NOT OFFERED""]","[""CHGO""]","[""2025-10-07T14:00:00.000""]","[""NONE"", ""UNKNOWN""]","[""NOT OBSCURED"", ""UNKNOWN""]",[],[],"[""NONE""]",[],"[""O2165734"", ""O2165735""]","[""DRIVER""]","[""NORMAL"", ""UNKNOWN""]","[""USAGE UNKNOWN""]","[""M""]","[""IL""]","[""2064484"", ""2064492""]","[""60651""]",[],[],[],[],[],[],2025,10,14,7,False,afternoon,41.85,-87.73,41.85_-87.73,30.0,30,30,OTHER,0
STRAIGHT AND LEVEL,433,2025-10-07 14:00:00,3,14,10,9C9200332072829DB985F4F34A5AC68EC9B625E1A010C88B9A78E39AF8340D53EDE275DCE76CC8F82EB3316C22361B0F9C10C3175CF03DF41505975225FEBAD1,NO INJURY / DRIVE AWAY,"OVER $1,500",NO CONTROLS,PARKED MOTOR VEHICLE,41.6810521541,DAYLIGHT,-87.5365162684,2,15,UNABLE TO DETERMINE,NO DEFECTS,DRY,NOT APPLICABLE,E,3562,NO CONTROLS,PARKING LOT,CLEAR,1.0,1.0,0.0,0.0,0.0,1.0,2,0,"[""Y""]",[],[],"[""2025-10-07T14:00:00.000""]","[""2166109"", ""2166110""]","[""FRONT-LEFT-CORNER"", ""FRONT-RIGHT-CORNER""]","[""IL""]","[""KIA"", ""NISSAN""]","[""PARKED"", ""STRAIGHT AHEAD""]","[""ALTIMA"", ""SOUL""]","[""0"", ""1""]","[""W""]","[""1"", ""2""]","[""DRIVER"", ""PARKED""]","[""NONE"", ""UNKNOWN""]","[""2064850"", ""2064865""]","[""PASSENGER"", ""SPORT UTILITY VEHICLE (SUV)""]","[""NOT IN USE"", ""UNKNOWN/NA""]","[""2015""]",[],[],"[""Y""]",[],[],[],[],[],[],[],[],[],[],[],[],[],[],"[""DEPLOYMENT UNKNOWN""]","[""TEST NOT OFFERED""]",[],"[""2025-10-07T14:00:00.000""]","[""UNKNOWN""]","[""UNKNOWN""]",[],[],"[""NONE""]",[],"[""O2166109""]","[""DRIVER""]","[""UNKNOWN""]","[""USAGE UNKNOWN""]","[""F""]",[],"[""2064865""]",[],[],[],[],[],[],[],2025,10,14,7,False,afternoon,41.68,-87.54,41.68_-87.54,0.0,0,0,OTHER,0
STRAIGHT AND LEVEL,1034,2025-10-07 13:45:00,3,13,10,34ABA9EFDDAC332826666459D12FAFE14C264BB2DE20F078ADD4D37A6DDC0A2532E9E1DCCCD6249AD0E595FD9A9068E4106BF563C0490563D8C176D03E67B4CE,NO INJURY / DRIVE AWAY,"OVER $1,500",NO CONTROLS,PARKED MOTOR VEHICLE,41.8408028841,DAYLIGHT,-87.6900704267,2,20,IMPROPER BACKING,NO DEFECTS,DRY,NOT APPLICABLE,S,2801,NO CONTROLS,PARKING LOT,CLEAR,0.0,0.0,0.0,0.0,0.0,1.0,2,1,[],[],[],"[""2025-10-07T13:45:00.000""]","[""2167368"", ""2167369""]","[""REAR-LEFT-CORNER""]","[""IL""]","[""BLUE BIRD BODY COMPANY"", ""CHEVROLET""]","[""BACKING"", ""PARKED""]","[""BLUE BIRD BODY CO."", ""SILVERADO""]","[""0"", ""1""]","[""N"", ""S""]","[""1"", ""2""]","[""DRIVER"", ""PARKED""]","[""NONE""]","[""2066023"", ""2066028""]","[""BUS UP TO 15 PASS."", ""PASSENGER""]","[""PERSONAL"", ""POLICE""]","[""2001"", ""2013""]",[],[],[],[],[],"[""Y""]",[],[],[],[],[],"[""Y""]",[],[],[],[],['53'],"[""DID NOT DEPLOY""]","[""TEST NOT OFFERED""]","[""LANSING""]","[""2025-10-07T13:45:00.000""]","[""IMPROPER BACKING""]","[""NOT OBSCURED""]","[""BM""]","[""IL""]","[""NONE""]",[],"[""O2167368""]","[""DRIVER""]","[""NORMAL""]","[""SAFETY BELT USED""]","[""M""]","[""IL""]","[""2066023""]","[""60438""]",[],[],[],[],[],[],2025,10,13,7,False,afternoon,41.84,-87.69,41.84_-87.69,53.0,53,53,OTHER,0
STRAIGHT AND LEVEL,312,2025-10-07 13:42:00,3,13,10,B7E41497864D7D5274A3499AD2BEE897864163D6732C2B04B7D7A094C50C01843BB57DAF59CE4AE6DFE2BC623FB67FAB3239C4D8B380907C9451302554806202,INJURY AND / OR TOW DUE TO CRASH,"$501 - $1,500",NO CONTROLS,REAR END,41.7766969364,DAYLIGHT,-87.61539159,2,20,FOLLOWING TOO CLOSELY,NO DEFECTS,DRY,DISTRACTION - FROM INSIDE VEHICLE,S,6499,NO CONTROLS,NOT DIVIDED,CLEAR,0.0,0.0,0.0,0.0,0.0,1.0,1,3,"[""Y""]",[],"[""Y""]","[""2025-10-07T13:42:00.000""]","[""2165580"", ""2165581""]","[""FRONT"", ""REAR""]","[""IL""]","[""NISSAN"", ""TOYOTA""]","[""STRAIGHT AHEAD""]","[""OTHER (EXPLAIN IN NARRATIVE)""]","[""2""]","[""S""]","[""1"", ""2""]","[""DRIVER""]","[""UNKNOWN""]","[""2064333"", ""2064341""]","[""PASSENGER""]","[""PERSONAL"", ""TAXI/FOR HIRE""]","[""2015"", ""2017""]",[],[],"[""Y""]",[],[],"[""Y""]",[],[],[],[],"[""1""]",[],[],"[""Y""]","[""Y""]",[],"['15', '39', '62']","[""DEPLOYED, COMBINATION"", ""NOT APPLICABLE""]","[""TEST NOT OFFERED""]","[""CHICAGO""]","[""2025-10-07T13:42:00.000""]","[""FOLLOWED TOO CLOSELY"", ""OTHER""]","[""NOT OBSCURED"", ""UNKNOWN""]",[],"[""IL""]","[""NONE""]","[""COMERS"", ""UNIVERSITY OF CHICAGO""]","[""O2165580"", ""O2165581"", ""P477870"", ""P477872""]","[""DRIVER"", ""PASSENGER""]","[""NORMAL""]","[""USAGE UNKNOWN""]","[""F"", ""M""]","[""IL""]","[""2064333"", ""2064341""]","[""60621"", ""60637"", ""60659""]","[""AMBO 14"", ""AMBO 70""]","[""4"", ""6""]",[],[],[],[],2025,10,13,7,False,afternoon,41.78,-87.62,41.78_-87.62,38.666666666666664,15,62,FOLLOWING TOO CLOSELY,1
STRAIGHT AND LEVEL,1232,2025-10-07 13:30:00,3,13,10,06E1E66F3BD52C92ED011BC883B5070F4BA5C05D03CC0AC8A7F7443E4FEC913AD414B26E586156B30FC26C1B0899F3032F1A5970AC23395BFCB49A69754D25F9,NO INJURY / DRIVE AWAY,"OVER $1,500",NO CONTROLS,PARKED MOTOR VEHICLE,41.8670190303,DAYLIGHT,-87.6484553032,2,30,FAILING TO YIELD RIGHT-OF-WAY,NO DEFECTS,DRY,FAILING TO YIELD RIGHT-OF-WAY,W,839,NO CONTROLS,DIVIDED - W/MEDIAN BARRIER,CLEAR,0.0,0.0,0.0,0.0,0.0,1.0,2,1,"[""Y""]",[],"[""Y""]","[""2025-10-07T13:30:00.000""]","[""2165596"", ""2165597""]","[""FRONT"", ""REAR""]","[""IL""]","[""MAZDA"", ""TOYOTA""]","[""LEAVING TRAFFIC LANE TO PARK"", ""PARKED""]","[""C-HR"", ""CX-9""]","[""1""]","[""W""]","[""1"", ""2""]","[""DRIVER"", ""PARKED""]","[""UNKNOWN""]","[""2064365"", ""2064383""]","[""PASSENGER""]","[""PERSONAL""]","[""2015"", ""2018""]",[],[],"[""Y""]",[],[],"[""Y""]",[],[],[],[],"[""1""]",[],[],"[""Y""]","[""Y""]",[],['58'],"[""NOT APPLICABLE""]","[""TEST NOT OFFERED""]","[""CHICAGO""]","[""2025-10-07T13:30:00.000""]","[""NONE""]","[""WINDSHIELD (WATER/ICE)""]",[],"[""IL""]","[""NONE""]",[],"[""O2165596"", ""P477873""]","[""DRIVER"", ""PASSENGER""]","[""NORMAL""]","[""USAGE UNKNOWN""]","[""F""]","[""IL""]","[""2064365"", ""2064383""]","[""60638""]",[],"[""1""]",[],[],[],[],2025,10,13,7,False,afternoon,41.87,-87.65,41.87_-87.65,58.0,58,58,FAILURE-TO-YIELD,0
STRAIGHT AND LEVEL,924,2025-10-07 13:30:00,3,13,10,D33797999AB861392DA20B529D044C0F1FE6D405C6AE6DA0A9673BC4578AFADE1D48204B310E300158E60CABFAC6095DD063DC528E287956CF40D2296F4451C2,NO INJURY / DRIVE AWAY,$500 OR LESS,NO CONTROLS,PARKED MOTOR VEHICLE,41.8106252558,DAYLIGHT,-87.6648783728,2,10,IMPROPER BACKING,NO DEFECTS,DRY,IMPROPER BACKING,S,4555,NO CONTROLS,PARKING LOT,CLEAR,0.0,1.0,0.0,1.0,0.0,1.0,2,0,[],[],"[""Y""]","[""2025-10-07T13:30:00.000""]","[""2165626"", ""2165627""]","[""FRONT"", ""REAR""]","[""IL""]","[""SUBARU"", ""UNKNOWN""]","[""BACKING"", ""PARKED""]","[""MOTORIZED"", ""WRX""]","[""0"", ""1""]","[""S"", ""W""]","[""1"", ""2""]","[""DRIVER"", ""PARKED""]","[""NONE"", ""UNKNOWN""]","[""2064369"", ""2064376""]","[""PASSENGER"", ""VAN/MINI-VAN""]","[""NOT IN USE"", ""UNKNOWN/NA""]","[""2023""]",[],[],[],[],[],[],[],[],[],[],[],[],[],[],[],[],[],"[""DEPLOYMENT UNKNOWN""]","[""TEST NOT OFFERED""]",[],"[""2025-10-07T13:30:00.000""]","[""IMPROPER BACKING""]","[""UNKNOWN""]",[],[],"[""NONE""]",[],"[""O2165626""]","[""DRIVER""]","[""UNKNOWN""]","[""USAGE UNKNOWN""]","[""M""]",[],"[""2064369""]",[],[],[],[],[],[],[],2025,10,13,7,False,afternoon,41.81,-87.66,41.81_-87.66,0.0,0,0,OTHER,0
STRAIGHT AND LEVEL,1934,2025-10-07 13:30:00,3,13,10,58406D275849D36E0D4B8BA7773791D5ED23F8013ABEFAB4CB8E8A861284867355D9481B8E727D9C947BD7D278401920C24B64BF31B3D6B40B1D19C7F9F40669,NO INJURY / DRIVE AWAY,"$501 - $1,500",NO CONTROLS,REAR TO REAR,41.9328407127,DAYLIGHT,-87.6485162458,2,15,UNABLE TO DETERMINE,NO DEFECTS,DRY,NOT APPLICABLE,W,748,NO CONTROLS,PARKING LOT,CLEAR,1.0,0.0,0.0,0.0,0.0,1.0,1,1,[],[],[],"[""2025-10-07T13:30:00.000""]","[""2165612"", ""2165613""]","[""SIDE-RIGHT-REAR"", ""UNKNOWN""]","[""IL""]","[""HONDA""]","[""BACKING""]","[""CIVIC"", ""CR-V""]","[""1""]","[""UNKNOWN""]","[""1"", ""2""]","[""DRIVER""]","[""NONE"", ""UNKNOWN""]","[""2064361"", ""2064366""]","[""PASSENGER"", ""SPORT UTILITY VEHICLE (SUV)""]","[""PERSONAL""]","[""2005"", ""2013""]",[],"[""Y""]",[],[],[],[],"[""Y""]",[],[],[],[],[],[],"[""Y""]",[],[],['68'],"[""NOT APPLICABLE""]","[""TEST NOT OFFERED""]","[""C""]","[""2025-10-07T13:30:00.000""]","[""NONE"", ""UNKNOWN""]","[""NOT OBSCURED"", ""UNKNOWN""]","[""D""]","[""IL""]","[""NONE""]",[],"[""O2165612"", ""O2165613""]","[""DRIVER""]","[""NORMAL"", ""UNKNOWN""]","[""SAFETY BELT USED"", ""USAGE UNKNOWN""]","[""F""]","[""IL""]","[""2064361"", ""2064366""]","[""60657""]",[],[],[],[],[],[],2025,10,13,7,False,afternoon,41.93,-87.65,41.93_-87.65,68.0,68,68,OTHER,0
STRAIGHT AND LEVEL,114,2025-10-07 13:20:00,3,13,10,C93507D125461DAAD780E11F0AB227529BB362B9E78C0A829CD531148D233592249350675E2D4A90C10ACFF9E5B85A41FB23E14C438BC3E6EC76B6EF0B272B3F,INJURY AND / OR TOW DUE TO CRASH,"OVER $1,500",NO CONTROLS,TURNING,41.882670497,"DARKNESS, LIGHTED ROAD",-87.6242415386,2,15,FAILING TO YIELD RIGHT-OF-WAY,UNKNOWN,DRY,UNABLE TO DETERMINE,N,25,NO CONTROLS,PARKING LOT,CLOUDY/OVERCAST,0.0,0.0,1.0,0.0,0.0,1.0,1,3,"[""Y""]","[""Y""]","[""Y""]","[""2025-10-07T13:20:00.000""]","[""2165562"", ""2165563""]","[""FRONT"", ""FRONT-RIGHT-CORNER""]","[""IL"", ""TX""]","[""CHEVROLET"", ""SUBARU""]","[""STRAIGHT AHEAD"", ""TURNING LEFT""]","[""FORESTER"", ""MALIBU""]","[""1"", ""2""]","[""S"", ""W""]","[""1"", ""2""]","[""DRIVER""]","[""UNKNOWN""]","[""2064312"", ""2064318""]","[""PASSENGER""]","[""PERSONAL""]",[],[],[],"[""Y""]","[""PRIVATE TOW""]","[""Y""]",[],[],[],[],[],"[""1""]",[],[],[],[],[],"['31', '44', '54']","[""DID NOT DEPLOY""]","[""TEST NOT OFFERED""]","[""FORT WORTH"", ""RIDGEWOOD""]","[""2025-10-07T13:20:00.000""]","[""FAILED TO YIELD"", ""NONE""]","[""UNKNOWN""]",[],"[""NY"", ""TX""]","[""NONE""]",[],"[""O2165562"", ""O2165563"", ""P477867""]","[""DRIVER"", ""PASSENGER""]","[""NORMAL""]","[""SAFETY BELT USED"", ""USAGE UNKNOWN""]","[""F""]","[""NY"", ""TX""]","[""2064312"", ""2064318""]","[""11385"", ""76179""]",[],"[""3""]",[],[],[],[],2025,10,13,7,False,afternoon,41.88,-87.62,41.88_-87.62,43.0,31,54,FAILURE-TO-YIELD,1
STRAIGHT AND LEVEL,1834,2025-10-07 13:17:00,3,13,10,BB0929F561B8F1177D5F9C8886989CEBBDA6161C875C95E898ED5735FE4F33BD0792342E46887F9F3335C932DE096ABC7759227EA0384F88F8D7A481227FC41D,NO INJURY / DRIVE AWAY,"OVER $1,500",NO CONTROLS,SIDESWIPE SAME DIRECTION,41.8914181012,DAYLIGHT,-87.6279147561,2,30,UNABLE TO DETERMINE,UNKNOWN,UNKNOWN,UNABLE TO DETERMINE,N,515,NO CONTROLS,NOT DIVIDED,CLOUDY/OVERCAST,0.0,0.0,0.0,0.0,0.0,1.0,1,2,[],[],[],"[""2025-10-07T13:17:00.000""]","[""2165544"", ""2165545""]","[""FRONT-LEFT-CORNER"", ""SIDE-RIGHT-REAR""]","[""IL""]","[""HYUNDAI"", ""LINCOLN""]","[""STRAIGHT AHEAD""]","[""AVIATOR"", ""SONATA""]","[""1""]","[""UNKNOWN""]","[""1"", ""2""]","[""DRIVER""]","[""UNKNOWN""]","[""2064295"", ""2064301""]","[""PASSENGER"", ""SPORT UTILITY VEHICLE (SUV)""]","[""PERSONAL"", ""TAXI/FOR HIRE""]","[""2016"", ""2023""]",[],"[""Y""]","[""Y""]",[],[],[],[],[],"[""Y""]",[],[],[],[],"[""Y""]",[],[],"['26', '65']","[""DEPLOYMENT UNKNOWN""]","[""TEST NOT OFFERED""]","[""FOREST HILLS"", ""FRANKLIN PARK""]","[""2025-10-07T13:17:00.000""]","[""IMPROPER LANE CHANGE"", ""UNKNOWN""]","[""UNKNOWN""]","[""D""]","[""IL"", ""NY""]","[""UNKNOWN""]",[],"[""O2165544"", ""O2165545""]","[""DRIVER""]","[""EMOTIONAL"", ""UNKNOWN""]","[""USAGE UNKNOWN""]","[""F"", ""M""]","[""IL"", ""NY""]","[""2064295"", ""2064301""]","[""11375"", ""60131""]",[],[],[],[],[],[],2025,10,13,7,False,afternoon,41.89,-87.63,41.89_-87.63,45.5,26,65,OTHER,0
STRAIGHT AND LEVEL,1023,2025-10-07 13:15:00,3,13,10,B1B9EDF0558F45B524414CDE47EF7CA1A0C38B7217ED134BFEA0C241EE903590B6DEF7E6B5832B891C8A5EBE6AA8DCF17275E72E7427B169BA71C9E3609DAFA2,NO INJURY / DRIVE AWAY,"OVER $1,500",FUNCTIONING PROPERLY,REAR END,41.8621666828,DAYLIGHT,-87.6956336654,2,25,UNABLE TO DETERMINE,NO DEFECTS,WET,UNABLE TO DETERMINE,S,1413,YIELD,NOT DIVIDED,CLOUDY/OVERCAST,0.0,0.0,0.0,0.0,0.0,1.0,1,2,"[""Y""]",[],"[""Y""]","[""2025-10-07T13:15:00.000""]","[""2165530"", ""2165531""]","[""FRONT"", ""REAR""]","[""IL""]","[""HYUNDAI"", ""NISSAN""]","[""STRAIGHT AHEAD""]","[""ALTIMA"", ""SONATA""]","[""1""]","[""N""]","[""1"", ""2""]","[""DRIVER""]","[""UNKNOWN""]","[""2064289"", ""2064293""]","[""PASSENGER""]","[""PERSONAL""]","[""2004"", ""2006""]",[],[],"[""Y""]",[],[],"[""Y""]",[],[],[],[],[],[],[],"[""Y""]","[""Y""]",[],"['26', '27']","[""NOT APPLICABLE""]","[""TEST NOT OFFERED""]","[""CHICAGO""]","[""2025-10-07T13:15:00.000""]","[""NONE"", ""UNKNOWN""]","[""UNKNOWN""]",[],"[""IL""]","[""NONE""]",[],"[""O2165530"", ""O2165531""]","[""DRIVER""]","[""UNKNOWN""]","[""USAGE UNKNOWN""]","[""F""]","[""IL""]","[""2064289"", ""2064293""]","[""60608"", ""60623""]",[],[],[],[],[],[],2025,10,13,7,False,afternoon,41.86,-87.7,41.86_-87.7,26.5,26,27,OTHER,0
STRAIGHT AND LEVEL,1222,2025-10-07 13:15:00,3,13,10,690252F98F0D3D56D8EACA65E2E15BF9153BDAA3E86D28F5EE7C6E6ED8098722D73298C40E8CC9B9E6DA345FBD7AD9E6B2D791C1C8F9F7429B815FD07013CCC3,NO INJURY / DRIVE AWAY,"OVER $1,500",NO CONTROLS,PARKED MOTOR VEHICLE,41.882820684,DAYLIGHT,-87.6930162048,2,10,UNABLE TO DETERMINE,NO DEFECTS,WET,UNABLE TO DETERMINE,W,2651,NO CONTROLS,PARKING LOT,RAIN,1.0,0.0,0.0,0.0,0.0,1.0,2,1,"[""Y""]","[""Y""]",[],"[""2025-10-07T13:15:00.000""]","[""2165570"", ""2165571""]","[""FRONT-RIGHT-CORNER"", ""SIDE-RIGHT""]","[""IL""]","[""CHEVROLET"", ""NISSAN""]","[""OTHER"", ""PARKED""]","[""IMPALA"", ""SENTRA""]","[""0"", ""1""]","[""N"", ""S""]","[""1"", ""2""]","[""DRIVER"", ""PARKED""]","[""UNKNOWN""]","[""2064326"", ""2064330""]","[""PASSENGER""]","[""NOT IN USE"", ""PERSONAL""]","[""2015"", ""2022""]","[""Y""]","[""Y""]",[],[],[],[],[],[],[],[],[],[],[],"[""Y""]",[],[],['47'],"[""DID NOT DEPLOY""]","[""TEST NOT OFFERED""]","[""CHICAGO""]","[""2025-10-07T13:15:00.000""]","[""FOLLOWED TOO CLOSELY""]","[""UNKNOWN""]","[""D""]","[""IL""]","[""UNKNOWN""]","[""NO INJURIES REPORTED AT THIS TIME""]","[""O2165570""]","[""DRIVER""]","[""UNKNOWN""]","[""USAGE UNKNOWN""]","[""M""]","[""IL""]","[""2064326""]","[""60640""]",[],[],[],[],[],[],2025,10,13,7,False,afternoon,41.88,-87.69,41.88_-87.69,47.0,47,47,OTHER,0
STRAIGHT AND LEVEL,2013,2025-10-07 13:15:00,3,13,10,44A16A875728CB73960A6CD02B52C7E2C9594162DB941B4FEFE714F375409048936108ECD7322350CFFD0F4DA0E10B2B4B466DDD287069951A4A36D51A822046,NO INJURY / DRIVE AWAY,"OVER $1,500",FUNCTIONING PROPERLY,REAR END,41.978884719,DAYLIGHT,-87.6681634349,2,30,UNABLE TO DETERMINE,UNKNOWN,UNKNOWN,NOT APPLICABLE,N,5327,TRAFFIC SIGNAL,DIVIDED - W/MEDIAN (NOT RAISED),CLEAR,0.0,0.0,1.0,0.0,0.0,1.0,1,2,[],[],"[""Y""]","[""2025-10-07T13:15:00.000""]","[""2165554"", ""2165555""]","[""FRONT"", ""REAR""]","[""IL"", ""MN""]","[""ACURA"", ""TOYOTA""]","[""OTHER"", ""STRAIGHT AHEAD""]","[""PRIUS"", ""RLX""]","[""1"", ""2""]","[""N""]","[""1"", ""2""]","[""DRIVER""]","[""UNKNOWN""]","[""2064307"", ""2064313""]","[""PASSENGER""]","[""UNKNOWN/NA""]","[""2017"", ""2020""]",[],[],[],[],[],[],[],[],[],[],"[""1""]",[],[],[],"[""Y""]",[],"['39', '83']","[""DEPLOYMENT UNKNOWN""]","[""TEST NOT OFFERED""]","[""SAINT LOUIS"", ""SKOKIE""]","[""2025-10-07T13:15:00.000""]","[""UNKNOWN""]","[""UNKNOWN""]","[""D""]","[""IL"", ""MN""]","[""UNKNOWN""]",[],"[""O2165554"", ""O2165555"", ""P477866""]","[""DRIVER"", ""PASSENGER""]","[""NORMAL"", ""UNKNOWN""]","[""USAGE UNKNOWN""]","[""F"", ""M""]","[""IL""]","[""2064307"", ""2064313""]","[""55426"", ""60077""]",[],"[""3""]",[],[],[],[],2025,10,13,7,False,afternoon,41.98,-87.67,41.98_-87.67,61.0,39,83,OTHER,0