alignment,beat_of_occurrence,crash_date,crash_day_of_week,crash_hour,crash_month,crash_record_id,crash_type,damage,device_condition,first_crash_type,latitude,lighting_condition,longitude,num_units,posted_speed_limit,prim_contributory_cause,road_defect,roadway_surface_cond,sec_contributory_cause,street_direction,street_no,traffic_control_device,trafficway_type,weather_condition,private_property_i,hit_and_run_i,intersection_related_i,crash_date_est_i,work_zone_i,workers_present_i,veh_count,ppl_count,veh_area_01_i_list_json,veh_area_02_i_list_json,veh_area_12_i_list_json,veh_crash_date_list_json,veh_crash_unit_id_list_json,veh_first_contact_point_list_json,veh_lic_plate_state_list_json,veh_make_list_json,veh_maneuver_list_json,veh_model_list_json,veh_occupant_cnt_list_json,veh_travel_direction_list_json,veh_unit_no_list_json,veh_unit_type_list_json,veh_vehicle_defect_list_json,veh_vehicle_id_list_json,veh_vehicle_type_list_json,veh_vehicle_use_list_json,veh_vehicle_year_list_json,veh_area_03_i_list_json,veh_area_04_i_list_json,veh_area_11_i_list_json,veh_towed_by_list_json,veh_towed_i_list_json,veh_area_07_i_list_json,veh_area_99_i_list_json,veh_area_09_i_list_json,veh_area_10_i_list_json,veh_cmrc_veh_i_list_json,veh_num_passengers_list_json,veh_area_08_i_list_json,veh_area_00_i_list_json,veh_area_05_i_list_json,veh_area_06_i_list_json,veh_towed_to_list_json,ppl_age_list_json,ppl_airbag_deployed_list_json,ppl_bac_result_list_json,ppl_city_list_json,ppl_crash_date_list_json,ppl_driver_action_list_json,ppl_driver_vision_list_json,ppl_drivers_license_class_list_json,ppl_drivers_license_state_list_json,ppl_ejection_list_json,ppl_hospital_list_json,ppl_person_id_list_json,ppl_person_type_list_json,ppl_physical_condition_list_json,ppl_safety_equipment_list_json,ppl_sex_list_json,ppl_state_list_json,ppl_vehicle_id_list_json,ppl_zipcode_list_json,ppl_ems_agency_list_json,ppl_seat_no_list_json,ppl_pedpedal_action_list_json,ppl_pedpedal_location_list_json,ppl_pedpedal_visibility_list_json,ppl_ems_run_no_list_json,year,month,hour,day,is_weekend,hour_bin,lat_bin,lng_bin,grid_id,ppl_age_mean,ppl_age_min,ppl_age_max,prim_contributory_cause_group,ksi_flag
STRAIGHT AND LEVEL,823,2025-10-07 13:00:00,3,13,10,D477F74BFC2574FC5F1E26D7C5A69C17E77F95902F1407CEEFF448595610411A2CF814296AA2AC39C1B1056E7FC5AA7762ECB0F25EA4A4AE5A903ECDDF0B47CA,NO INJURY / DRIVE AWAY,"OVER $1,500",NO CONTROLS,TURNING,41.7773938831,DAYLIGHT,-87.7155132067,2,30,FAILING TO YIELD RIGHT-OF-WAY,NO DEFECTS,DRY,FAILING TO REDUCE SPEED TO AVOID CRASH,S,6344,NO CONTROLS,NOT DIVIDED,CLEAR,0.0,0.0,0.0,0.0,0.0,1.0,1,2,[],[],"[""Y""]","[""2025-10-07T13:00:00.000""]","[""2165897"", ""2165898""]","[""FRONT"", ""SIDE-RIGHT-REAR""]","[""IL""]","[""HYUNDAI"", ""NISSAN""]","[""STRAIGHT AHEAD"", ""TURNING RIGHT""]","[""ALTIMA"", ""TUCSON""]","[""1""]","[""E"", ""S""]","[""1"", ""2""]","[""DRIVER""]","[""NONE""]","[""2064648"", ""2064649""]","[""PASSENGER"", ""SPORT UTILITY VEHICLE (SUV)""]","[""PERSONAL""]","[""2015"", ""2022""]",[],"[""Y""]",[],[],[],[],[],[],[],[],[],[],[],"[""Y""]",[],[],"['31', '65']","[""DID NOT DEPLOY""]","[""TEST NOT OFFERED"", ""TEST REFUSED""]","[""CHICAGO""]","[""2025-10-07T13:00:00.000""]","[""FAILED TO YIELD"", ""NONE""]","[""NOT OBSCURED""]","[""D""]","[""IL""]","[""NONE""]","[""DNA""]","[""O2165897"", ""O2165898""]","[""DRIVER""]","[""NORMAL""]","[""SAFETY BELT USED"", ""USAGE UNKNOWN""]","[""F""]","[""IL""]","[""2064648"", ""2064649""]","[""60629""]","[""DNA""]",[],[],[],[],[],2025,10,13,7,False,afternoon,41.78,-87.72,41.78_-87.72,48.0,31,65,FAILURE-TO-YIELD,0
STRAIGHT AND LEVEL,831,2025-10-07 13:00:00,3,13,10,500F0E26328147E77E21FFF19DC9EA7D970347C90D0E82E5383014EE599EC21ED3ACCB05783C6C656D322FBAC562E404960EFBF08FBC875FD94078E3F569AB45,NO INJURY / DRIVE AWAY,"OVER $1,500",FUNCTIONING PROPERLY,REAR END,41.7608998536,DAYLIGHT,-87.7028608735,2,30,FOLLOWING TOO CLOSELY,NO DEFECTS,DRY,FAILING TO REDUCE SPEED TO AVOID CRASH,S,7256,TRAFFIC SIGNAL,NOT DIVIDED,CLEAR,0.0,0.0,0.0,0.0,0.0,1.0,1,2,[],[],"[""Y""]","[""2025-10-07T13:00:00.000""]","[""2166045"", ""2166046""]","[""FRONT"", ""REAR""]","[""IL""]","[""CHEVROLET""]","[""SLOW/STOP IN TRAFFIC"", ""STRAIGHT AHEAD""]","[""MALIBU"", ""SILVERADO""]","[""1""]","[""S""]","[""1"", ""2""]","[""DRIVER""]","[""NONE""]","[""2064780"", ""2064785""]","[""PASSENGER"", ""PICKUP""]","[""PERSONAL""]","[""2017"", ""2018""]",[],[],[],[],[],[],[],[],[],[],[],[],[],[],"[""Y""]",[],"['39', '52']","[""DID NOT DEPLOY""]","[""TEST NOT OFFERED""]","[""CHICAGO""]","[""2025-10-07T13:00:00.000""]","[""FOLLOWED TOO CLOSELY"", ""NONE""]","[""NOT OBSCURED""]","[""D""]","[""IL""]","[""NONE""]","[""DNA""]","[""O2166045"", ""O2166046""]","[""DRIVER""]","[""NORMAL""]","[""SAFETY BELT USED""]","[""M""]","[""IL""]","[""2064780"", ""2064785""]","[""60632"", ""60652""]","[""DNA""]",[],[],[],[],[],2025,10,13,7,False,afternoon,41.76,-87.7,41.76_-87.7,45.5,39,52,FOLLOWING TOO CLOSELY,0
STRAIGHT AND LEVEL,1925,2025-10-07 13:00:00,3,13,10,44005282E4A879AEF75287389A0436F244938A38AE123E6C8945B878EF52F333BADB9897ED5C88A55E32F22DC5F999A4770328A9CF8F75D88DDD48D625C61844,INJURY AND / OR TOW DUE TO CRASH,"$501 - $1,500",NO CONTROLS,OTHER OBJECT,41.9472755152,DAYLIGHT,-87.6471362894,2,30,FAILING TO YIELD RIGHT-OF-WAY,UNKNOWN,DRY,NOT APPLICABLE,W,655,NO CONTROLS,NOT DIVIDED,CLEAR,0.0,1.0,0.0,0.0,0.0,1.0,2,1,[],[],[],"[""2025-10-07T13:00:00.000""]","[""2165630"", ""2165631""]","[""UNKNOWN""]","[""IL""]","[""HONDA""]","[""PARKED""]","[""OTHER (EXPLAIN IN NARRATIVE)""]","[""0""]","[""E""]","[""1"", ""2""]","[""NON-MOTOR VEHICLE"", ""PARKED""]","[""TIRES""]","[""2064458""]","[""VAN/MINI-VAN""]","[""PERSONAL""]",[],[],[],[],[],[],[],[],[],[],[],[],[],[],[],[],[],['24'],"[""NOT APPLICABLE""]","[""TEST NOT OFFERED""]","[""CHICAGO""]","[""2025-10-07T13:00:00.000""]","[""NONE""]","[""NOT OBSCURED""]",[],[],"[""NONE""]",[],"[""O2165631""]","[""NON-MOTOR VEHICLE""]","[""UNKNOWN""]","[""HELMET NOT USED""]","[""F""]","[""IL""]",[],"[""60657""]",[],[],"[""NO ACTION""]","[""IN ROADWAY""]","[""NO CONTRASTING CLOTHING""]",[],2025,10,13,7,False,afternoon,41.95,-87.65,41.95_-87.65,24.0,24,24,FAILURE-TO-YIELD,1
STRAIGHT AND LEVEL,1651,2025-10-07 13:00:00,3,13,10,F96C9A095C86DB97C4B5D68CA31D854B929B648721B4127A4C891CC4F1828FDF15EE77F664EEE3A589313B1A86316382DC8983542E2F49BFDBF8B58206EF7793,NO INJURY / DRIVE AWAY,"$501 - $1,500",NO CONTROLS,FIXED OBJECT,41.8736407663,DAYLIGHT,-87.6723897727,1,15,UNABLE TO DETERMINE,NO DEFECTS,DRY,UNABLE TO DETERMINE,W,1,NO CONTROLS,OTHER,CLEAR,0.0,1.0,0.0,0.0,0.0,1.0,1,0,[],[],[],"[""2025-10-07T13:00:00.000""]","[""2165962""]","[""TOP""]","[""IL""]","[""UNKNOWN""]","[""UNKNOWN/NA""]","[""ENCLOSED BODY""]","[""1""]","[""S""]","[""1""]","[""DRIVER""]","[""UNKNOWN""]","[""2064701""]","[""TRACTOR W/ SEMI-TRAILER""]","[""UNKNOWN/NA""]",[],[],[],[],[],[],[],[],[],[],[],[],[],[],[],[],[],[],"[""DEPLOYMENT UNKNOWN""]","[""TEST NOT OFFERED""]",[],"[""2025-10-07T13:00:00.000""]","[""UNKNOWN""]","[""UNKNOWN""]",[],[],"[""NONE""]",[],"[""O2165962""]","[""DRIVER""]","[""UNKNOWN""]","[""USAGE UNKNOWN""]","[""X""]",[],"[""2064701""]",[],[],[],[],[],[],[],2025,10,13,7,False,afternoon,41.87,-87.67,NAN_NAN,0.0,0,0,OTHER,0
STRAIGHT AND LEVEL,1834,2025-10-07 12:45:00,3,12,10,099869639C01DBDA0BDAC07436E838FE617FA8FF458F3E3A094107A78F9A43709A5853AFAC0CA32E5C2048FFDE1BD55718A5AFC12D06B2AB373ACD124FEE1A69,NO INJURY / DRIVE AWAY,"OVER $1,500",NO CONTROLS,REAR TO REAR,41.8892840135,UNKNOWN,-87.6265485479,2,25,NOT APPLICABLE,UNKNOWN,UNKNOWN,NOT APPLICABLE,N,401,NO CONTROLS,PARKING LOT,CLEAR,0.0,0.0,0.0,0.0,0.0,1.0,1,2,[],[],[],"[""2025-10-07T12:45:00.000""]","[""2165528"", ""2165529""]","[""REAR-LEFT-CORNER"", ""SIDE-LEFT-REAR""]","[""IL""]","[""INTERNATIONAL TRAILER CORPORATION"", ""RIVIAN""]","[""UNKNOWN/NA""]","[""INTERNATIONAL TRAILER CORP."", ""R1T""]","[""1""]","[""UNKNOWN""]","[""1"", ""2""]","[""DRIVER""]","[""UNKNOWN""]","[""2064290"", ""2064296""]","[""PASSENGER""]","[""PERSONAL""]","[""2006"", ""2022""]",[],[],[],[],[],"[""Y""]",[],[],[],[],[],"[""Y""]",[],[],"[""Y""]",[],"['23', '40']","[""NOT APPLICABLE""]","[""TEST NOT OFFERED""]","[""CHICAGO""]","[""2025-10-07T12:45:00.000""]","[""UNKNOWN""]","[""UNKNOWN""]",[],"[""IL""]","[""NONE"", ""UNKNOWN""]",[],"[""O2165528"", ""O2165529""]","[""DRIVER""]","[""UNKNOWN""]","[""USAGE UNKNOWN""]","[""M""]","[""IL""]","[""2064290"", ""2064296""]","[""60609"", ""60617""]",[],[],[],[],[],[],2025,10,12,7,False,morning,41.89,-87.63,41.89_-87.63,31.5,23,40,OTHER,0
STRAIGHT AND LEVEL,233,2025-10-07 12:45:00,3,12,10,A91E906889902D9FD9AA3F5B1379E626A7F7E9CC1C8BC22FFD8B3619D80DF390A99E9D0FB692DC0A9C0F5A34B67041EEF61A365469F7DAA03CD5CE28102E89DD,INJURY AND / OR TOW DUE TO CRASH,"OVER $1,500",FUNCTIONING PROPERLY,ANGLE,41.8022206334,DAYLIGHT,-87.60655293,2,30,DISREGARDING TRAFFIC SIGNALS,NO DEFECTS,DRY,UNABLE TO DETERMINE,S,5100,TRAFFIC SIGNAL,DIVIDED - W/MEDIAN (NOT RAISED),CLEAR,0.0,0.0,1.0,0.0,0.0,1.0,1,2,"[""Y""]",[],"[""Y""]","[""2025-10-07T12:45:00.000""]","[""2165496"", ""2165497""]","[""TOTAL (ALL AREAS)""]","[""IL""]","[""CHEVROLET"", ""NISSAN""]","[""STARTING IN TRAFFIC""]","[""EQUINOX"", ""ROGUE""]","[""1""]","[""E"", ""S""]","[""1"", ""2""]","[""DRIVER""]","[""NONE""]","[""2064261"", ""2064278""]","[""PASSENGER""]","[""PERSONAL""]","[""2014"", ""2019""]",[],[],"[""Y""]",[],[],"[""Y""]",[],"[""Y""]","[""Y""]",[],[],"[""Y""]",[],[],[],[],"['41', '54']","[""NOT APPLICABLE""]","[""TEST NOT OFFERED""]","[""CHICAGO""]","[""2025-10-07T12:45:00.000""]","[""DISREGARDED CONTROL DEVICES""]","[""NOT OBSCURED""]","[""D""]","[""IL""]","[""NONE""]","[""U OF CHICAGO""]","[""O2165496"", ""O2165497""]","[""DRIVER""]","[""NORMAL""]","[""NONE PRESENT"", ""SAFETY BELT USED""]","[""F"", ""M""]","[""IL""]","[""2064261"", ""2064278""]","[""60619"", ""60629""]","[""AMB 1""]",[],[],[],[],[],2025,10,12,7,False,morning,41.8,-87.61,41.8_-87.61,47.5,41,54,OTHER,1
STRAIGHT AND LEVEL,2232,2025-10-07 12:30:00,3,12,10,186EF8BCAB3151423F3C6C817A146CF39CFDFE5BD359459825A6E93DCEAC35E42E1E1836D5FCBD72B1F738200E905A40E9CBF75E2CB14D7E2360E9B0A132C8FA,NO INJURY / DRIVE AWAY,"$501 - $1,500",FUNCTIONING PROPERLY,REAR END,41.7141147215,DAYLIGHT,-87.6440869184,2,30,FOLLOWING TOO CLOSELY,NO DEFECTS,DRY,NOT APPLICABLE,S,9901,TRAFFIC SIGNAL,OTHER,CLEAR,0.0,0.0,0.0,0.0,0.0,1.0,1,2,[],[],[],"[""2025-10-07T12:30:00.000""]","[""2167431"", ""2167437""]","[""REAR"", ""UNKNOWN""]","[""IL""]","[""CHEVROLET"", ""LEXUS""]","[""STRAIGHT AHEAD""]","[""BLAZER"", ""GX460""]","[""1""]","[""N""]","[""1"", ""2""]","[""DRIVER""]","[""NONE"", ""UNKNOWN""]","[""2066080"", ""2066083""]","[""PASSENGER""]","[""PERSONAL""]","[""2022"", ""2023""]",[],[],[],[],[],"[""Y""]","[""Y""]",[],[],[],[],[],[],"[""Y""]","[""Y""]",[],"['40', '62']","[""NOT APPLICABLE""]","[""TEST NOT OFFERED""]","[""CHICAGO""]","[""2025-10-07T12:30:00.000""]","[""OTHER""]","[""NOT OBSCURED""]","[""D""]","[""IL"", ""VA""]","[""NONE""]",[],"[""O2167431"", ""O2167437""]","[""DRIVER""]","[""NORMAL""]","[""SAFETY BELT USED"", ""USAGE UNKNOWN""]","[""F"", ""M""]","[""IL""]","[""2066080"", ""2066083""]","[""60615"", ""60617""]",[],[],[],[],[],[],2025,10,12,7,False,morning,41.71,-87.64,41.71_-87.64,51.0,40,62,FOLLOWING TOO CLOSELY,0
STRAIGHT AND LEVEL,1432,2025-10-07 12:19:00,3,12,10,DB645F6AFD31C33ECAFC3F7C9C1C3FA6B8C165FB5FAD41DE78D2C726CBB9F1ABDB3828F9EDBC2B0F4F689E752B50DFFFC46961D55BA39E97B4B7A2E917A13903,INJURY AND / OR TOW DUE TO CRASH,"OVER $1,500",FUNCTIONING PROPERLY,SIDESWIPE SAME DIRECTION,41.9248417732,DAYLIGHT,-87.6839202755,2,30,IMPROPER OVERTAKING/PASSING,NO DEFECTS,DRY,DRIVING SKILLS/KNOWLEDGE/EXPERIENCE,W,2215,TRAFFIC SIGNAL,NOT DIVIDED,CLEAR,0.0,0.0,0.0,0.0,0.0,1.0,1,2,"[""Y""]","[""Y""]",[],"[""2025-10-07T12:19:00.000""]","[""2165681"", ""2165682""]","[""FRONT-LEFT-CORNER"", ""FRONT-RIGHT-CORNER""]","[""IL""]","[""TESLA"", ""TOYOTA""]","[""PASSING/OVERTAKING"", ""STRAIGHT AHEAD""]","[""MODEL Y"", ""SIENNA""]","[""1""]","[""E""]","[""1"", ""2""]","[""DRIVER""]","[""NONE"", ""UNKNOWN""]","[""2064431"", ""2064447""]","[""SPORT UTILITY VEHICLE (SUV)"", ""VAN/MINI-VAN""]","[""PERSONAL"", ""TAXI/FOR HIRE""]","[""2020"", ""2023""]",[],[],"[""Y""]",[],[],"[""Y""]",[],"[""Y""]","[""Y""]",[],[],"[""Y""]",[],[],[],[],"['31', '47']","[""DID NOT DEPLOY""]","[""TEST NOT OFFERED""]","[""CHICAGO""]","[""2025-10-07T12:19:00.000""]","[""FAILED TO YIELD"", ""NONE""]","[""NOT OBSCURED""]","[""D""]","[""IL""]","[""NONE""]","[""NORTHWESTERN MEDICINE""]","[""O2165681"", ""O2165682""]","[""DRIVER""]","[""NORMAL""]","[""SAFETY BELT USED"", ""USAGE UNKNOWN""]","[""M""]","[""IL""]","[""2064431"", ""2064447""]","[""60619"", ""60647""]",[],[],[],[],[],[],2025,10,12,7,False,morning,41.92,-87.68,41.92_-87.68,39.0,31,47,OTHER,1
STRAIGHT AND LEVEL,1712,2025-10-07 12:14:00,3,12,10,F3A81C3317BAB1955783E90765DBF17ED69F717D6AC9C8D99DBE91554F168F55B4B8F868FE8CB1563A89785B4B34CBD88A930F3B118B26A901EF8CE6260A5BDA,INJURY AND / OR TOW DUE TO CRASH,"OVER $1,500",NO CONTROLS,TURNING,41.9810934081,DAYLIGHT,-87.7129924961,2,20,FAILING TO YIELD RIGHT-OF-WAY,NO DEFECTS,WET,NOT APPLICABLE,W,3343,NO CONTROLS,ONE-WAY,CLOUDY/OVERCAST,0.0,0.0,0.0,0.0,0.0,1.0,1,2,"[""Y""]",[],[],"[""2025-10-07T12:14:00.000""]","[""2165508"", ""2165509""]","[""FRONT-LEFT-CORNER"", ""FRONT-RIGHT-CORNER""]","[""IL""]","[""HYUNDAI"", ""TOYOTA""]","[""STRAIGHT AHEAD"", ""TURNING LEFT""]","[""CAMRY"", ""TUCSON""]","[""1""]","[""NW"", ""W""]","[""1"", ""2""]","[""DRIVER""]","[""UNKNOWN""]","[""2064266"", ""2064273""]","[""PASSENGER"", ""SPORT UTILITY VEHICLE (SUV)""]","[""PERSONAL""]","[""2019"", ""2021""]",[],[],"[""Y""]",[],[],[],[],[],[],[],[],[],[],[],[],[],"['20', '49']","[""DID NOT DEPLOY""]","[""TEST NOT OFFERED""]","[""CHICAGO""]","[""2025-10-07T12:14:00.000""]","[""UNKNOWN""]","[""NOT OBSCURED"", ""PARKED VEHICLES""]","[""B""]","[""IL""]","[""NONE""]",[],"[""O2165508"", ""O2165509""]","[""DRIVER""]","[""NORMAL""]","[""SAFETY BELT USED""]","[""M""]","[""IL""]","[""2064266"", ""2064273""]","[""60625""]",[],[],[],[],[],[],2025,10,12,7,False,morning,41.98,-87.71,41.98_-87.71,34.5,20,49,FAILURE-TO-YIELD,1
STRAIGHT AND LEVEL,1722,2025-10-07 12:11:00,3,12,10,01DDDCB907ADDF1CF6F56E916AA0DB5C6C22FA8EE4AA6EB32852C68D95F2989F8C751A1ACBFF954B32B4F1CB487AAA0B2AF2FAAE18B927BC3BB31C33875FF418,INJURY AND / OR TOW DUE TO CRASH,$500 OR LESS,FUNCTIONING PROPERLY,PEDESTRIAN,41.9574094002,DAYLIGHT,-87.7278052426,2,25,DISTRACTION - FROM INSIDE VEHICLE,NO DEFECTS,WET,FAILING TO YIELD RIGHT-OF-WAY,W,4000,TRAFFIC SIGNAL,T-INTERSECTION,RAIN,0.0,0.0,1.0,0.0,0.0,1.0,2,2,[],[],[],"[""2025-10-07T12:11:00.000""]","[""2165520"", ""2165521""]","[""FRONT-LEFT-CORNER""]","[""IL""]","[""NISSAN""]","[""TURNING LEFT""]","[""ROGUE""]","[""2""]","[""W""]","[""1"", ""2""]","[""DRIVER"", ""PEDESTRIAN""]","[""NONE""]","[""2064286""]","[""PASSENGER""]","[""PERSONAL""]","[""2016""]",[],[],[],[],[],[],[],[],[],[],"[""1""]",[],"[""Y""]",[],[],[],"['28', '36']","[""DID NOT DEPLOY""]","[""TEST NOT OFFERED""]","[""CHICAGO""]","[""2025-10-07T12:11:00.000""]","[""FAILED TO YIELD"", ""NONE""]","[""NOT OBSCURED""]","[""D""]","[""IL""]","[""NONE""]","[""SWEDISH""]","[""O2165520"", ""O2165521"", ""P477863""]","[""DRIVER"", ""PASSENGER"", ""PEDESTRIAN""]","[""NORMAL""]","[""CHILD RESTRAINT - REAR FACING"", ""NONE PRESENT"", ""SAFETY BELT USED""]","[""F""]","[""IL""]","[""2064286""]","[""60641""]","[""46""]","[""12""]","[""CROSSING - WITH SIGNAL""]","[""IN CROSSWALK""]","[""NO CONTRASTING CLOTHING""]",[],2025,10,12,7,False,morning,41.96,-87.73,41.96_-87.73,32.0,28,36,DISTRACTION/INATTENTION,1
STRAIGHT AND LEVEL,411,2025-10-07 12:10:00,3,12,10,E4653D56D1316F8AD9457E184B1675A7D33CB6ADA94A1DE3972906B95646CC6A69FA4F0196F2483DDED3A9064EA0DDA7C8BA1A77F0EDD0755F8176F424A1312D,NO INJURY / DRIVE AWAY,"OVER $1,500",NO CONTROLS,REAR END,41.7570593922,DAYLIGHT,-87.5856350238,2,30,FOLLOWING TOO CLOSELY,NO DEFECTS,WET,UNABLE TO DETERMINE,E,1600,NO CONTROLS,NOT DIVIDED,RAIN,0.0,0.0,0.0,0.0,0.0,1.0,1,2,"[""Y""]",[],"[""Y""]","[""2025-10-07T12:10:00.000""]","[""2165474"", ""2165475""]","[""FRONT"", ""REAR""]","[""IL""]","[""BUICK"", ""KIA""]","[""STRAIGHT AHEAD""]","[""LACROSSE"", ""SOUL""]","[""1""]","[""W""]","[""1"", ""2""]","[""DRIVER""]","[""NONE"", ""UNKNOWN""]","[""2064240"", ""2064246""]","[""PASSENGER""]","[""PERSONAL""]","[""2011"", ""2014""]",[],[],"[""Y""]",[],[],"[""Y""]",[],[],[],[],[],[],[],"[""Y""]","[""Y""]",[],"['29', '56']","[""DID NOT DEPLOY""]","[""TEST NOT OFFERED""]","[""CHICAGO""]","[""2025-10-07T12:10:00.000""]","[""FOLLOWED TOO CLOSELY"", ""NONE""]","[""NOT OBSCURED""]","[""D""]","[""IL""]","[""NONE""]",[],"[""O2165474"", ""O2165475""]","[""DRIVER""]","[""NORMAL""]","[""USAGE UNKNOWN""]","[""F"", ""M""]","[""IL""]","[""2064240"", ""2064246""]","[""60616"", ""60620""]",[],[],[],[],[],[],2025,10,12,7,False,morning,41.76,-87.59,41.76_-87.59,42.5,29,56,FOLLOWING TOO CLOSELY,0
STRAIGHT AND LEVEL,731,2025-10-07 12:00:00,3,12,10,0DEF5D04AF4CD33D49A48C806423D17B46690384EF4E278BA5012B3DA141E26582A29AA1DB795CE0CE1AC7BB65B8FE94EE86883EB4DCFAF19952AABC2120BEA3,NO INJURY / DRIVE AWAY,"OVER $1,500",NO CONTROLS,PARKED MOTOR VEHICLE,41.7597167808,DAYLIGHT,-87.6331673188,2,30,UNABLE TO DETERMINE,NO DEFECTS,WET,NOT APPLICABLE,S,7405,NO CONTROLS,DIVIDED - W/MEDIAN (NOT RAISED),CLEAR,0.0,0.0,0.0,0.0,0.0,1.0,2,0,[],[],[],"[""2025-10-07T12:00:00.000""]","[""2165510"", ""2165511""]","[""SIDE-LEFT"", ""UNKNOWN""]","[""IL""]","[""HONDA"", ""UNKNOWN""]","[""PARKED"", ""UNKNOWN/NA""]","[""CR-V"", ""OTHER (EXPLAIN IN NARRATIVE)""]","[""0"", ""1""]","[""N""]","[""1"", ""2""]","[""DRIVER"", ""PARKED""]","[""NONE"", ""UNKNOWN""]","[""2064268"", ""2064274""]","[""PASSENGER"", ""UNKNOWN/NA""]","[""PERSONAL"", ""UNKNOWN/NA""]","[""2019""]",[],[],"[""Y""]",[],[],"[""Y""]","[""Y""]","[""Y""]","[""Y""]",[],[],"[""Y""]",[],[],[],[],[],"[""DEPLOYMENT UNKNOWN""]","[""TEST NOT OFFERED""]",[],"[""2025-10-07T12:00:00.000""]","[""UNKNOWN""]","[""UNKNOWN""]",[],[],"[""UNKNOWN""]",[],"[""O2165510""]","[""DRIVER""]","[""UNKNOWN""]","[""USAGE UNKNOWN""]","[""X""]",[],"[""2064268""]",[],[],[],[],[],[],[],2025,10,12,7,False,morning,41.76,-87.63,41.76_-87.63,0.0,0,0,OTHER,0
STRAIGHT AND LEVEL,122,2025-10-07 11:56:00,3,11,10,D198A75378BC30177F01EFD6B82799B9D723391F5BA96FB078AB910B2AE4C1315C318B14DDBB771B95982947A580A5605E6AAD68EF993CF07FBF0CC080F7652F,NO INJURY / DRIVE AWAY,"OVER $1,500",NO CONTROLS,REAR END,41.8837645981,DAYLIGHT,-87.6322753535,2,30,FOLLOWING TOO CLOSELY,UNKNOWN,WET,FOLLOWING TOO CLOSELY,N,121,NO CONTROLS,DIVIDED - W/MEDIAN BARRIER,CLEAR,0.0,0.0,0.0,0.0,0.0,1.0,1,2,[],[],[],"[""2025-10-07T11:56:00.000""]","[""2165560"", ""2165561""]","[""NONE"", ""REAR""]","[""IL""]","[""TOYOTA""]","[""STRAIGHT AHEAD""]","[""CAMRY""]","[""1""]","[""N""]","[""1"", ""2""]","[""DRIVER""]","[""NONE""]","[""2064309"", ""2064310""]","[""PASSENGER""]","[""PERSONAL"", ""TAXI/FOR HIRE""]","[""2016"", ""2023""]",[],[],[],[],[],[],[],[],[],[],[],[],"[""Y""]",[],"[""Y""]",[],"['64', '66']","[""DID NOT DEPLOY"", ""NOT APPLICABLE""]","[""TEST NOT OFFERED""]","[""CHICAGO"", ""COUNTRY CLUB HILLS""]","[""2025-10-07T11:56:00.000""]","[""FOLLOWED TOO CLOSELY"", ""NONE""]","[""NOT OBSCURED""]",[],"[""IL""]","[""NONE""]",[],"[""O2165560"", ""O2165561""]","[""DRIVER""]","[""NORMAL""]","[""NONE PRESENT"", ""SAFETY BELT USED""]","[""F"", ""M""]","[""IL""]","[""2064309"", ""2064310""]","[""60478"", ""60626""]",[],[],[],[],[],[],2025,10,11,7,False,morning,41.88,-87.63,41.88_-87.63,65.0,64,66,FOLLOWING TOO CLOSELY,0
STRAIGHT AND LEVEL,1614,2025-10-07 11:52:00,3,11,10,97FD59FC35C60F3327B63157B9A318010475A7530F90C50396A3278C6C70B9D6465C4BF75F4CB7C91E08D3293CA8460A1B5D195A16A08286029D0C4511FB1EA8,NO INJURY / DRIVE AWAY,"OVER $1,500",FUNCTIONING PROPERLY,TURNING,41.9592663337,DAYLIGHT,-87.8368443196,2,35,UNABLE TO DETERMINE,NO DEFECTS,DRY,NOT APPLICABLE,N,4398,TRAFFIC SIGNAL,DIVIDED - W/MEDIAN BARRIER,CLOUDY/OVERCAST,0.0,0.0,1.0,0.0,0.0,1.0,1,2,"[""Y""]",[],"[""Y""]","[""2025-10-07T11:52:00.000""]","[""2165512"", ""2165513""]","[""FRONT"", ""REAR-RIGHT-CORNER""]","[""IL""]","[""HONDA"", ""TOYOTA""]","[""STRAIGHT AHEAD"", ""TURNING LEFT""]","[""PILOT"", ""SIENNA""]","[""1""]","[""N"", ""S""]","[""1"", ""2""]","[""DRIVER""]","[""NONE"", ""UNKNOWN""]","[""2064280"", ""2064285""]","[""SPORT UTILITY VEHICLE (SUV)"", ""VAN/MINI-VAN""]","[""PERSONAL""]","[""2005"", ""2011""]",[],"[""Y""]","[""Y""]",[],[],"[""Y""]",[],[],[],[],[],"[""Y""]",[],"[""Y""]","[""Y""]",[],"['43', '68']","[""DID NOT DEPLOY""]","[""TEST NOT OFFERED"", ""TEST REFUSED""]","[""CHICAGO"", ""MELROSE PARK""]","[""2025-10-07T11:52:00.000""]","[""FAILED TO YIELD"", ""NONE""]","[""NOT OBSCURED""]","[""D""]","[""IL""]","[""NONE""]","[""REFUSED""]","[""O2165512"", ""O2165513""]","[""DRIVER""]","[""NORMAL""]","[""SAFETY BELT USED""]","[""F"", ""M""]","[""IL""]","[""2064280"", ""2064285""]","[""60160"", ""60634""]",[],[],[],[],[],[],2025,10,11,7,False,morning,41.96,-87.84,41.96_-87.84,55.5,43,68,OTHER,0