alignment,beat_of_occurrence,crash_date,crash_day_of_week,crash_hour,crash_month,crash_record_id,crash_type,damage,device_condition,first_crash_type,latitude,lighting_condition,longitude,num_units,posted_speed_limit,prim_contributory_cause,road_defect,roadway_surface_cond,sec_contributory_cause,street_direction,street_no,traffic_control_device,trafficway_type,weather_condition,private_property_i,hit_and_run_i,intersection_related_i,crash_date_est_i,work_zone_i,workers_present_i,veh_count,ppl_count,veh_area_01_i_list_json,veh_area_02_i_list_json,veh_area_12_i_list_json,veh_crash_date_list_json,veh_crash_unit_id_list_json,veh_first_contact_point_list_json,veh_lic_plate_state_list_json,veh_make_list_json,veh_maneuver_list_json,veh_model_list_json,veh_occupant_cnt_list_json,veh_travel_direction_list_json,veh_unit_no_list_json,veh_unit_type_list_json,veh_vehicle_defect_list_json,veh_vehicle_id_list_json,veh_vehicle_type_list_json,veh_vehicle_use_list_json,veh_vehicle_year_list_json,veh_area_03_i_list_json,veh_area_04_i_list_json,veh_area_11_i_list_json,veh_towed_by_list_json,veh_towed_i_list_json,veh_area_07_i_list_json,veh_area_99_i_list_json,veh_area_09_i_list_json,veh_area_10_i_list_json,veh_cmrc_veh_i_list_json,veh_num_passengers_list_json,veh_area_08_i_list_json,veh_area_00_i_list_json,veh_area_05_i_list_json,veh_area_06_i_list_json,veh_towed_to_list_json,ppl_age_list_json,ppl_airbag_deployed_list_json,ppl_bac_result_list_json,ppl_city_list_json,ppl_crash_date_list_json,ppl_driver_action_list_json,ppl_driver_vision_list_json,ppl_drivers_license_class_list_json,ppl_drivers_license_state_list_json,ppl_ejection_list_json,ppl_hospital_list_json,ppl_person_id_list_json,ppl_person_type_list_json,ppl_physical_condition_list_json,ppl_safety_equipment_list_json,ppl_sex_list_json,ppl_state_list_json,ppl_vehicle_id_list_json,ppl_zipcode_list_json,ppl_ems_agency_list_json,ppl_seat_no_list_json,ppl_pedpedal_action_list_json,ppl_pedpedal_location_list_json,ppl_pedpedal_visibility_list_json,ppl_ems_run_no_list_json,year,month,hour,day,is_weekend,hour_bin,lat_bin,lng_bin,grid_id,ppl_age_mean,ppl_age_min,ppl_age_max,prim_contributory_cause_group,ksi_flag
STRAIGHT AND LEVEL,814,2025-10-07 11:50:00,3,11,10,32FD3CCDCDCEE79536CE94A5AD448F619CE730D580AC806FE17B4A4B538BDE97007819C68F8A3FCB1D36A6C0FF3B9FFD3880E373E2DECF9B17E1479933B627F3,NO INJURY / DRIVE AWAY,"OVER $1,500",FUNCTIONING PROPERLY,TURNING,41.8167293867,DAYLIGHT,-87.7435367125,2,30,UNABLE TO DETERMINE,UNKNOWN,UNKNOWN,UNABLE TO DETERMINE,S,4200,TRAFFIC SIGNAL,FOUR WAY,RAIN,0.0,0.0,1.0,0.0,0.0,1.0,1,3,[],[],[],"[""2025-10-07T11:50:00.000""]","[""2165550"", ""2165551""]","[""FRONT-LEFT-CORNER"", ""SIDE-RIGHT-REAR""]","[""IL"", ""TX""]","[""FORD"", ""VOLVO""]","[""TURNING RIGHT""]","[""F150"", ""TRUCK""]","[""1"", ""2""]","[""SE""]","[""1"", ""2""]","[""DRIVER""]","[""UNKNOWN""]","[""2064302"", ""2064311""]","[""PICKUP"", ""TRACTOR W/ SEMI-TRAILER""]","[""OTHER""]","[""2021"", ""2023""]",[],[],[],[],[],[],[],[],[],"[""Y""]","[""1""]",[],[],[],[],[],"['46', '47', '50']","[""DID NOT DEPLOY""]","[""TEST NOT OFFERED""]","[""ARGYLE DENTON"", ""HOMER GLEN""]","[""2025-10-07T11:50:00.000""]","[""UNKNOWN""]","[""UNKNOWN""]","[""A"", ""D""]","[""IL"", ""TX""]","[""NONE""]",[],"[""O2165550"", ""O2165551"", ""P477868""]","[""DRIVER"", ""PASSENGER""]","[""NORMAL""]","[""SAFETY BELT USED""]","[""F"", ""M""]","[""IL"", ""TX""]","[""2064302"", ""2064311""]","[""60491"", ""76226""]",[],"[""3""]",[],[],[],[],2025,10,11,7,False,morning,41.82,-87.74,41.82_-87.74,47.666666666666664,46,50,OTHER,0
STRAIGHT AND LEVEL,1232,2025-10-07 11:48:00,3,11,10,19F8848AC0AF1461EF6ACBFD6202416D67E5CFB72A116250E526885BADF30D0A0578659504E3B936AAAA94A279FE245785338614DBC134E00E4C88B25B8F7FB9,INJURY AND / OR TOW DUE TO CRASH,"OVER $1,500",FUNCTIONING PROPERLY,TURNING,41.8697054313,DAYLIGHT,-87.6470769198,2,30,FOLLOWING TOO CLOSELY,NO DEFECTS,WET,NOT APPLICABLE,W,800,TRAFFIC SIGNAL,DIVIDED - W/MEDIAN (NOT RAISED),CLOUDY/OVERCAST,0.0,0.0,1.0,0.0,0.0,1.0,1,2,[],[],[],"[""2025-10-07T11:48:00.000""]","[""2165437"", ""2165438""]","[""FRONT-LEFT-CORNER"", ""SIDE-RIGHT-REAR""]","[""IL""]","[""CADILLAC"", ""CHEVROLET""]","[""STRAIGHT AHEAD"", ""TURNING LEFT""]","[""ESCALADE"", ""TRAX""]","[""1""]","[""E"", ""SW""]","[""1"", ""2""]","[""DRIVER""]","[""UNKNOWN""]","[""2064218"", ""2064231""]","[""PASSENGER""]","[""PERSONAL""]","[""2020""]","[""Y""]","[""Y""]","[""Y""]","[""ALL STATE""]","[""Y""]","[""Y""]",[],[],[],[],[],"[""Y""]",[],"[""Y""]",[],[],"['18', '78']","[""DID NOT DEPLOY"", ""NOT APPLICABLE""]","[""TEST NOT OFFERED""]","[""CHICAGO""]","[""2025-10-07T11:48:00.000""]","[""FOLLOWED TOO CLOSELY"", ""IMPROPER TURN""]","[""UNKNOWN""]","[""D""]","[""IL""]","[""NONE""]",[],"[""O2165437"", ""O2165438""]","[""DRIVER""]","[""NORMAL""]","[""USAGE UNKNOWN""]","[""F"", ""M""]","[""IL""]","[""2064218"", ""2064231""]","[""60637"", ""60651""]",[],[],[],[],[],[],2025,10,11,7,False,morning,41.87,-87.65,41.87_-87.65,48.0,18,78,FOLLOWING TOO CLOSELY,1
STRAIGHT AND LEVEL,1533,2025-10-07 11:40:00,3,11,10,E68B00AA5E361FD001A01647B9081F6C09BF0B03B3C81BD1FBC0062122B059BFA6B55B38D14820C4BA5AB374218F320E09A8FBD53D1F88D3FE9F213CCACBDB5C,NO INJURY / DRIVE AWAY,"OVER $1,500",FUNCTIONING PROPERLY,TURNING,41.8720580505,DAWN,-87.7450793431,2,30,IMPROPER TURNING/NO SIGNAL,UNKNOWN,WET,NOT APPLICABLE,S,700,TRAFFIC SIGNAL,NOT DIVIDED,RAIN,0.0,0.0,1.0,0.0,0.0,1.0,1,2,"[""Y""]",[],"[""Y""]","[""2025-10-07T11:40:00.000""]","[""2165478"", ""2165479""]","[""FRONT"", ""SIDE-LEFT-REAR""]","[""IL""]","[""FREIGHTLINER CORPORATION"", ""VOLVO""]","[""TURNING LEFT""]","[""FREIGHTLINER CORP."", ""TRUCK""]","[""1""]","[""NW""]","[""1"", ""2""]","[""DRIVER""]","[""NONE""]","[""2064254"", ""2064267""]","[""TRACTOR W/ SEMI-TRAILER"", ""TRACTOR W/O SEMI-TRAILER""]","[""COMMERCIAL - SINGLE UNIT""]","[""2004"", ""2016""]",[],[],"[""Y""]",[],[],[],[],"[""Y""]","[""Y""]","[""Y""]",[],[],[],[],[],[],"['26', '38']","[""DID NOT DEPLOY""]","[""TEST NOT OFFERED""]","[""OAKPARK"", ""WOODSTOCK""]","[""2025-10-07T11:40:00.000""]","[""NONE""]","[""NOT OBSCURED"", ""UNKNOWN""]","[""A""]","[""IL""]","[""NONE""]","[""REFUSED""]","[""O2165478"", ""O2165479""]","[""DRIVER""]","[""NORMAL""]","[""USAGE UNKNOWN""]","[""M""]","[""IL""]","[""2064254"", ""2064267""]","[""60098"", ""60452""]",[],[],[],[],[],[],2025,10,11,7,False,morning,41.87,-87.75,41.87_-87.75,32.0,26,38,OTHER,0
STRAIGHT AND LEVEL,1834,2025-10-07 11:40:00,3,11,10,C300D9534F53357C4E06F2773ECEA85CE321AF44BB6DD012E2EFA854B70523FF0E9427D7D99B0FAA1C144B4E74903139EE6BB9B5A221C89DD0A8C88E2186CA4D,NO INJURY / DRIVE AWAY,"OVER $1,500",NO CONTROLS,REAR END,41.8914048807,DAYLIGHT,-87.6200812297,2,30,FOLLOWING TOO CLOSELY,UNKNOWN,UNKNOWN,FAILING TO REDUCE SPEED TO AVOID CRASH,N,511,NO CONTROLS,DIVIDED - W/MEDIAN (NOT RAISED),CLOUDY/OVERCAST,0.0,0.0,0.0,0.0,0.0,1.0,1,1,"[""Y""]",[],"[""Y""]","[""2025-10-07T11:40:00.000""]","[""2165516"", ""2165517""]","[""FRONT"", ""REAR""]","[""IL""]","[""FORD"", ""TOYOTA""]","[""SLOW/STOP IN TRAFFIC""]","[""ESCAPE"", ""PRIUS""]","[""1""]","[""N""]","[""1"", ""2""]","[""DRIVER""]","[""NONE"", ""UNKNOWN""]","[""2064282"", ""2064283""]","[""PASSENGER"", ""SPORT UTILITY VEHICLE (SUV)""]","[""TAXI/FOR HIRE"", ""UNKNOWN/NA""]","[""2014"", ""2015""]",[],[],"[""Y""]",[],[],"[""Y""]",[],[],[],[],[],[],[],"[""Y""]","[""Y""]",[],['46'],"[""DID NOT DEPLOY""]","[""TEST NOT OFFERED""]","[""CHICAGO""]","[""2025-10-07T11:40:00.000""]","[""FOLLOWED TOO CLOSELY"", ""NONE""]","[""NOT OBSCURED""]","[""D""]","[""IL""]","[""NONE""]",[],"[""O2165516"", ""O2165517""]","[""DRIVER""]","[""NORMAL""]","[""SAFETY BELT USED"", ""USAGE UNKNOWN""]","[""F"", ""M""]","[""IL""]","[""2064282"", ""2064283""]","[""60471"", ""60625""]",[],[],[],[],[],[],2025,10,11,7,False,morning,41.89,-87.62,41.89_-87.62,46.0,46,46,FOLLOWING TOO CLOSELY,0
STRAIGHT AND LEVEL,1411,2025-10-07 11:40:00,3,11,10,5AE64BB288735332E73532768756C121684A0F1603B1411C2CEA0B0BA811D19A09DD353A3169E5F58FE8D60E435254902C6C1938E486385C3E474CABDE43E121,NO INJURY / DRIVE AWAY,"$501 - $1,500",NO CONTROLS,OTHER OBJECT,41.929347881,DAYLIGHT,-87.687945585,1,30,FOLLOWING TOO CLOSELY,UNKNOWN,UNKNOWN,UNABLE TO DETERMINE,N,2618,NO CONTROLS,ALLEY,RAIN,0.0,0.0,0.0,0.0,0.0,1.0,1,1,[],[],[],"[""2025-10-07T11:40:00.000""]","[""2165457""]","[""REAR-LEFT-CORNER""]","[""IL""]","[""AUTOCAR""]","[""STRAIGHT AHEAD""]","[""AUTOCAR""]","[""1""]","[""W""]","[""1""]","[""DRIVER""]","[""NONE""]","[""2064230""]","[""OTHER""]","[""OTHER""]","[""2220""]",[],[],[],[],[],"[""Y""]",[],[],[],[],[],"[""Y""]",[],[],[],[],['45'],"[""NOT APPLICABLE""]","[""TEST NOT OFFERED""]","[""CHICAGO""]","[""2025-10-07T11:40:00.000""]","[""OTHER""]","[""NOT OBSCURED""]","[""A""]","[""IL""]","[""NONE""]",[],"[""O2165457""]","[""DRIVER""]","[""NORMAL""]","[""NONE PRESENT""]","[""M""]","[""IL""]","[""2064230""]","[""60608""]",[],[],[],[],[],[],2025,10,11,7,False,morning,41.93,-87.69,41.93_-87.69,45.0,45,45,FOLLOWING TOO CLOSELY,0
STRAIGHT AND LEVEL,824,2025-10-07 11:30:00,3,11,10,A6540A20C85972ABB39E09D50807329C19D49D23D5F62C42BC521A9EF1B0FCCF6E87D0A9E32212C5BD77C2C3B506EAABF091A52C7FBD24A9F2483BB30D536250,INJURY AND / OR TOW DUE TO CRASH,"$501 - $1,500",FUNCTIONING PROPERLY,TURNING,41.7864371748,DAYLIGHT,-87.6839752465,2,30,FAILING TO YIELD RIGHT-OF-WAY,NO DEFECTS,DRY,FAILING TO REDUCE SPEED TO AVOID CRASH,S,5900,TRAFFIC SIGNAL,NOT DIVIDED,RAIN,0.0,0.0,1.0,0.0,0.0,1.0,1,2,"[""Y""]",[],[],"[""2025-10-07T11:30:00.000""]","[""2165494"", ""2165495""]","[""FRONT-LEFT-CORNER"", ""FRONT-RIGHT-CORNER""]","[""IL""]","[""HONDA"", ""INFINITI""]","[""STRAIGHT AHEAD"", ""TURNING LEFT""]","[""ACCORD"", ""QX80""]","[""1"", ""2""]","[""N"", ""S""]","[""1"", ""2""]","[""DRIVER""]","[""NONE""]","[""2064256"", ""2064275""]","[""PASSENGER""]","[""PERSONAL""]","[""2011""]",[],[],"[""Y""]","[""private""]","[""Y""]",[],[],[],[],[],"[""1""]",[],[],[],[],"[""unk""]","['18', '45']","[""NOT APPLICABLE""]","[""TEST NOT OFFERED""]","[""CHICAGO""]","[""2025-10-07T11:30:00.000""]","[""FAILED TO YIELD"", ""NONE""]","[""NOT OBSCURED""]","[""D""]","[""IL""]","[""NONE""]",[],"[""O2165494"", ""O2165495"", ""P477860""]","[""DRIVER"", ""PASSENGER""]","[""NORMAL""]","[""USAGE UNKNOWN""]","[""F"", ""M""]","[""IL""]","[""2064256"", ""2064275""]","[""60649""]",[],"[""3""]",[],[],[],[],2025,10,11,7,False,morning,41.79,-87.68,41.79_-87.68,31.5,18,45,FAILURE-TO-YIELD,0
STRAIGHT AND LEVEL,114,2025-10-07 11:30:00,3,11,10,660C6AA4EDFAF18B19E0524250CC054828A2B94B352427552E4F27FDA129EC7E0D54675B809C93FD74D27D7F4DA077896A2A91C2A27F1216C81C298A7F17F200,INJURY AND / OR TOW DUE TO CRASH,"OVER $1,500",FUNCTIONING PROPERLY,ANGLE,41.8808560477,DAYLIGHT,-87.6176358918,2,40,UNABLE TO DETERMINE,NO DEFECTS,WET,UNABLE TO DETERMINE,S,100,TRAFFIC SIGNAL,FOUR WAY,CLEAR,0.0,0.0,0.0,0.0,0.0,1.0,1,2,"[""Y""]",[],"[""Y""]","[""2025-10-07T11:30:00.000""]","[""2165883"", ""2165884""]","[""FRONT""]","[""IL""]","[""JEEP"", ""MERCEDES-BENZ""]","[""STRAIGHT AHEAD""]","[""450 SERIES"", ""GRAND CHEROKEE""]","[""1""]","[""E"", ""S""]","[""1"", ""2""]","[""DRIVER""]","[""NONE""]","[""2064637"", ""2064638""]","[""PASSENGER""]","[""PERSONAL""]","[""2022"", ""2024""]",[],[],"[""Y""]","[""PRIVATE""]","[""Y""]",[],[],[],[],[],[],[],[],[],[],"[""UNKNOWN""]","['23', '47']","[""DID NOT DEPLOY""]","[""TEST NOT OFFERED""]","[""EVANSTON"", ""OAK PARK""]","[""2025-10-07T11:30:00.000""]","[""NONE"", ""TOO FAST FOR CONDITIONS""]","[""NOT OBSCURED""]","[""D""]","[""IL""]","[""NONE""]","[""NORTHWESTERN""]","[""O2165883"", ""O2165884""]","[""DRIVER""]","[""NORMAL""]","[""SAFETY BELT USED""]","[""F"", ""M""]","[""IL""]","[""2064637"", ""2064638""]","[""60202"", ""60304""]","[""CFD 74""]",[],[],[],[],[],2025,10,11,7,False,morning,41.88,-87.62,41.88_-87.62,35.0,23,47,OTHER,1
STRAIGHT AND LEVEL,1924,2025-10-07 11:30:00,3,11,10,FA0A10C88BBE233E7454A6D59634B383A7EC45727C87D1B5B384C090F94BF83BA7E6D1B4DA862B7DD815D68DFD905A58EC80690F08348C817086F687E887796A,NO INJURY / DRIVE AWAY,"OVER $1,500",NO CONTROLS,ANGLE,41.9402305811,DAYLIGHT,-87.658831755,2,30,FAILING TO YIELD RIGHT-OF-WAY,NO DEFECTS,DRY,NOT APPLICABLE,N,3213,NO CONTROLS,OTHER,CLOUDY/OVERCAST,0.0,0.0,0.0,0.0,0.0,1.0,1,3,"[""Y""]",[],"[""Y""]","[""2025-10-07T11:30:00.000""]","[""2165480"", ""2165481""]","[""FRONT"", ""FRONT-LEFT-CORNER""]","[""IL"", ""TN""]","[""ACURA"", ""SUBARU""]","[""ENTER FROM DRIVE/ALLEY"", ""STRAIGHT AHEAD""]","[""OUTBACK"", ""RLX""]","[""1"", ""2""]","[""S"", ""W""]","[""1"", ""2""]","[""DRIVER""]","[""NONE""]","[""2064252"", ""2064263""]","[""PASSENGER""]","[""PERSONAL""]","[""2017"", ""2020""]",[],[],"[""Y""]",[],[],[],[],[],"[""Y""]",[],"[""1""]",[],[],[],[],[],"['24', '61', '90']","[""DID NOT DEPLOY""]","[""TEST NOT OFFERED""]","[""CHICAGO"", ""NASHVILLE""]","[""2025-10-07T11:30:00.000""]","[""FAILED TO YIELD"", ""NONE""]","[""UNKNOWN""]","[""D""]","[""IL"", ""TN""]","[""NONE""]",[],"[""O2165480"", ""O2165481"", ""P477862""]","[""DRIVER"", ""PASSENGER""]","[""NORMAL""]","[""SAFETY BELT USED""]","[""F"", ""M""]","[""IL"", ""TN""]","[""2064252"", ""2064263""]","[""37207"", ""60640""]",[],"[""4""]",[],[],[],[],2025,10,11,7,False,morning,41.94,-87.66,41.94_-87.66,58.333333333333336,24,90,FAILURE-TO-YIELD,0
STRAIGHT AND LEVEL,1932,2025-10-07 11:21:00,3,11,10,BB27336C4DF6701763A967C8B5210FDD9892FB10DA4C56C4C877BB672B3A2877312019900742B384988CBF605A323CFF18E64F893ECA188210EB533000EB91CF,NO INJURY / DRIVE AWAY,"OVER $1,500",NO CONTROLS,REAR END,41.9326470892,DAYLIGHT,-87.6598597773,2,30,FOLLOWING TOO CLOSELY,SHOULDER DEFECT,WET,UNABLE TO DETERMINE,W,1228,NO CONTROLS,NOT DIVIDED,RAIN,0.0,0.0,0.0,0.0,0.0,1.0,1,2,[],[],"[""Y""]","[""2025-10-07T11:21:00.000""]","[""2165482"", ""2165483""]","[""FRONT"", ""REAR""]","[""IL""]","[""NISSAN"", ""TOYOTA""]","[""STRAIGHT AHEAD""]","[""COROLLA"", ""VERSA""]","[""1""]","[""W""]","[""1"", ""2""]","[""DRIVER""]","[""NONE"", ""UNKNOWN""]","[""2064250"", ""2064253""]","[""PASSENGER""]","[""RIDESHARE SERVICE"", ""UNKNOWN/NA""]","[""2015"", ""2016""]",[],[],[],[],[],[],[],[],[],[],[],[],[],[],"[""Y""]",[],"['24', '39']","[""NOT APPLICABLE""]","[""TEST NOT OFFERED""]","[""CHICAGO""]","[""2025-10-07T11:21:00.000""]","[""FOLLOWED TOO CLOSELY"", ""NONE""]","[""NOT OBSCURED"", ""UNKNOWN""]","[""D""]","[""IL""]","[""NONE""]",[],"[""O2165482"", ""O2165483""]","[""DRIVER""]","[""NORMAL"", ""UNKNOWN""]","[""SAFETY BELT USED""]","[""M""]","[""IL""]","[""2064250"", ""2064253""]","[""60613"", ""60640""]",[],[],[],[],[],[],2025,10,11,7,False,morning,41.93,-87.66,41.93_-87.66,31.5,24,39,FOLLOWING TOO CLOSELY,0
STRAIGHT AND LEVEL,2031,2025-10-07 11:20:00,3,11,10,D5560CD576D1BE8FE6D7EC598727C3103703D551F486065299922499E07BF173765CE13C213C1E02DBC82747E4003165B38994F60A1347243BACCA09ED0E4D7D,NO INJURY / DRIVE AWAY,"OVER $1,500",NO CONTROLS,SIDESWIPE SAME DIRECTION,41.9727738966,UNKNOWN,-87.6888968633,2,30,UNABLE TO DETERMINE,UNKNOWN,UNKNOWN,NOT APPLICABLE,N,5015,NO CONTROLS,NOT DIVIDED,CLEAR,0.0,0.0,0.0,0.0,0.0,1.0,1,1,"[""Y""]","[""Y""]","[""Y""]","[""2025-10-07T11:20:00.000""]","[""2165524"", ""2165525""]","[""FRONT-RIGHT-CORNER"", ""SIDE-RIGHT-FRONT""]","[""IL""]","[""HYUNDAI""]","[""CHANGING LANES"", ""STRAIGHT AHEAD""]","[""ELANTRA"", ""OTHER (EXPLAIN IN NARRATIVE)""]","[""2""]","[""N""]","[""1"", ""2""]","[""DRIVER""]","[""NONE""]","[""2064287"", ""2064288""]","[""PASSENGER""]","[""PERSONAL""]","[""2008"", ""2020""]","[""Y""]",[],"[""Y""]",[],[],[],[],[],[],[],"[""1""]",[],[],[],[],[],['30'],"[""DEPLOYMENT UNKNOWN"", ""DID NOT DEPLOY"", ""NOT APPLICABLE""]","[""TEST NOT OFFERED""]","[""CHICAGO""]","[""2025-10-07T11:20:00.000""]","[""UNKNOWN""]","[""UNKNOWN""]","[""D""]","[""IL""]","[""NONE"", ""UNKNOWN""]",[],"[""O2165524"", ""O2165525"", ""P477864"", ""P477865""]","[""DRIVER"", ""PASSENGER""]","[""UNKNOWN""]","[""SAFETY BELT USED"", ""USAGE UNKNOWN""]","[""F"", ""M""]","[""IL""]","[""2064287"", ""2064288""]","[""60625""]",[],"[""3""]",[],[],[],[],2025,10,11,7,False,morning,41.97,-87.69,41.97_-87.69,30.0,30,30,OTHER,0
STRAIGHT AND LEVEL,1654,2025-10-07 11:18:00,3,11,10,CBB1A5D454F790C1C804A7FD3DA9905F48FE58879021F3F8669281007E9165D8E0AC6042897255A00BEE71532718B7F49FA7C22E2EF324DE77E6DAFB7A5A459F,INJURY AND / OR TOW DUE TO CRASH,$500 OR LESS,NO CONTROLS,PEDESTRIAN,41.8736407663,DAYLIGHT,-87.6723897727,2,10,UNABLE TO DETERMINE,NO DEFECTS,WET,NOT APPLICABLE,W,524,NO CONTROLS,PARKING LOT,RAIN,1.0,1.0,0.0,0.0,0.0,1.0,2,1,[],[],[],"[""2025-10-07T11:18:00.000""]","[""2166074"", ""2166090""]","[""FRONT""]","[""XX""]","[""UNKNOWN""]","[""STRAIGHT AHEAD""]","[""MOTORIZED""]","[""1""]","[""N""]","[""1"", ""2""]","[""DRIVER"", ""PEDESTRIAN""]","[""UNKNOWN""]","[""2064815""]","[""PASSENGER""]","[""TAXI/FOR HIRE""]","[""2000""]",[],[],[],[],[],[],"[""Y""]",[],[],[],[],[],[],[],[],[],['42'],"[""DEPLOYMENT UNKNOWN""]","[""TEST NOT OFFERED""]","[""CHICAGO""]","[""2025-10-07T11:18:00.000""]","[""OTHER""]","[""OTHER"", ""UNKNOWN""]",[],"[""XX""]","[""NONE""]","[""RESURRECTION""]","[""O2166074"", ""O2166090""]","[""DRIVER"", ""PEDESTRIAN""]","[""NORMAL"", ""UNKNOWN""]","[""USAGE UNKNOWN""]","[""M""]","[""IL""]","[""2064815""]","[""60653""]","[""CFD 59""]",[],"[""NO ACTION""]","[""UNKNOWN/NA""]","[""NO CONTRASTING CLOTHING""]",[],2025,10,11,7,False,morning,41.87,-87.67,NAN_NAN,42.0,42,42,OTHER,1
STRAIGHT AND LEVEL,1812,2025-10-07 11:16:00,3,11,10,722422C7B7139B5A110D9E9773AEB9ECA1B6EE8F7DD5D26E27155FB5F8864DFB0C443188B173723D86D67942C96489898DB286444E82C7068A01CAEFF61974DC,NO INJURY / DRIVE AWAY,"$501 - $1,500",NO CONTROLS,PARKED MOTOR VEHICLE,41.9216337111,DAYLIGHT,-87.6531722194,2,30,IMPROPER BACKING,NO DEFECTS,DRY,UNABLE TO DETERMINE,W,953,NO CONTROLS,NOT DIVIDED,CLEAR,0.0,1.0,0.0,0.0,0.0,1.0,2,0,[],[],[],"[""2025-10-07T11:16:00.000""]","[""2165504"", ""2165505""]","[""FRONT-LEFT-CORNER"", ""REAR""]","[""IL""]","[""FORD"", ""TESLA""]","[""BACKING"", ""PARKED""]","[""EXPLORER"", ""MODEL Y""]","[""0"", ""1""]","[""E"", ""W""]","[""1"", ""2""]","[""DRIVER"", ""PARKED""]","[""NONE""]","[""2064260"", ""2064265""]","[""PASSENGER""]","[""DRIVER EDUCATION"", ""PERSONAL""]","[""2022"", ""2025""]",[],[],"[""Y""]",[],[],[],"[""Y""]",[],"[""Y""]",[],[],[],[],[],[],[],[],"[""DEPLOYMENT UNKNOWN""]","[""TEST NOT OFFERED""]",[],"[""2025-10-07T11:16:00.000""]","[""IMPROPER BACKING""]","[""UNKNOWN""]",[],"[""XX""]","[""NONE""]","[""REFUSED""]","[""O2165504""]","[""DRIVER""]","[""UNKNOWN""]","[""USAGE UNKNOWN""]","[""X""]",[],"[""2064260""]",[],[],[],[],[],[],[],2025,10,11,7,False,morning,41.92,-87.65,41.92_-87.65,0.0,0,0,OTHER,0
STRAIGHT AND LEVEL,924,2025-10-07 11:00:00,3,11,10,9AC500D5D1E2C727625F355D2CDCF6FEEEE4842A0E49C19F8A1A18A0A46D6636C85F6355BD0BE22B9EE3096C4781FE2AEC577209B048DC082F71D62C9284867B,INJURY AND / OR TOW DUE TO CRASH,"OVER $1,500",FUNCTIONING PROPERLY,REAR END,41.8225805265,DAYLIGHT,-87.6651102257,2,30,DRIVING SKILLS/KNOWLEDGE/EXPERIENCE,NO DEFECTS,WET,WEATHER,S,3915,TRAFFIC SIGNAL,NOT DIVIDED,RAIN,0.0,0.0,0.0,0.0,0.0,1.0,1,2,"[""Y""]",[],"[""Y""]","[""2025-10-07T11:00:00.000""]","[""2165450"", ""2165451""]","[""FRONT"", ""REAR""]","[""IL""]","[""HONDA"", ""NEW FLYER""]","[""STRAIGHT AHEAD""]","[""CR-V"", ""DE60LFR""]","[""1""]","[""S""]","[""1"", ""2""]","[""DRIVER""]","[""NONE""]","[""2064235"", ""2064241""]","[""BUS OVER 15 PASS."", ""SPORT UTILITY VEHICLE (SUV)""]","[""CTA"", ""PERSONAL""]","[""1999"", ""2007""]",[],[],"[""Y""]","[""ALLSTATE""]","[""Y""]",[],"[""Y""]",[],[],"[""Y""]",[],[],[],[],[],[],"['34', '38']","[""DEPLOYED, COMBINATION"", ""DID NOT DEPLOY""]","[""TEST NOT OFFERED""]","[""CHICAGO""]","[""2025-10-07T11:00:00.000""]","[""FAILED TO YIELD"", ""NONE""]","[""NOT OBSCURED""]","[""B"", ""D""]","[""IL""]","[""NONE""]",[],"[""O2165450"", ""O2165451""]","[""DRIVER""]","[""NORMAL""]","[""SAFETY BELT USED"", ""USAGE UNKNOWN""]","[""F"", ""M""]","[""IL""]","[""2064235"", ""2064241""]","[""60617"", ""60632""]",[],[],[],[],[],[],2025,10,11,7,False,morning,41.82,-87.67,41.82_-87.67,36.0,34,38,OTHER,0