alignment,beat_of_occurrence,crash_date,crash_day_of_week,crash_hour,crash_month,crash_record_id,crash_type,damage,device_condition,first_crash_type,latitude,lighting_condition,longitude,num_units,posted_speed_limit,prim_contributory_cause,road_defect,roadway_surface_cond,sec_contributory_cause,street_direction,street_no,traffic_control_device,trafficway_type,weather_condition,private_property_i,hit_and_run_i,intersection_related_i,crash_date_est_i,work_zone_i,workers_present_i,veh_count,ppl_count,veh_area_01_i_list_json,veh_area_02_i_list_json,veh_area_12_i_list_json,veh_crash_date_list_json,veh_crash_unit_id_list_json,veh_first_contact_point_list_json,veh_lic_plate_state_list_json,veh_make_list_json,veh_maneuver_list_json,veh_model_list_json,veh_occupant_cnt_list_json,veh_travel_direction_list_json,veh_unit_no_list_json,veh_unit_type_list_json,veh_vehicle_defect_list_json,veh_vehicle_id_list_json,veh_vehicle_type_list_json,veh_vehicle_use_list_json,veh_vehicle_year_list_json,veh_area_03_i_list_json,veh_area_04_i_list_json,veh_area_11_i_list_json,veh_towed_by_list_json,veh_towed_i_list_json,veh_area_07_i_list_json,veh_area_99_i_list_json,veh_area_09_i_list_json,veh_area_10_i_list_json,veh_cmrc_veh_i_list_json,veh_num_passengers_list_json,veh_area_08_i_list_json,veh_area_00_i_list_json,veh_area_05_i_list_json,veh_area_06_i_list_json,veh_towed_to_list_json,ppl_age_list_json,ppl_airbag_deployed_list_json,ppl_bac_result_list_json,ppl_city_list_json,ppl_crash_date_list_json,ppl_driver_action_list_json,ppl_driver_vision_list_json,ppl_drivers_license_class_list_json,ppl_drivers_license_state_list_json,ppl_ejection_list_json,ppl_hospital_list_json,ppl_person_id_list_json,ppl_person_type_list_json,ppl_physical_condition_list_json,ppl_safety_equipment_list_json,ppl_sex_list_json,ppl_state_list_json,ppl_vehicle_id_list_json,ppl_zipcode_list_json,ppl_ems_agency_list_json,ppl_seat_no_list_json,ppl_pedpedal_action_list_json,ppl_pedpedal_location_list_json,ppl_pedpedal_visibility_list_json,ppl_ems_run_no_list_json,year,month,hour,day,is_weekend,hour_bin,lat_bin,lng_bin,grid_id,ppl_age_mean,ppl_age_min,ppl_age_max,prim_contributory_cause_group,ksi_flag
STRAIGHT AND LEVEL,424,2025-10-07 11:00:00,3,11,10,55ED6DE47D5EE1A47247DB84527D83A1FF8164DD960E8C3AD2868C0D8112E2FFC8EB8540EF4E7389E89FF206E63ABEFAFF6B7230CEA0E56092CC58F5689747CE,NO INJURY / DRIVE AWAY,"OVER $1,500",NO CONTROLS,SIDESWIPE SAME DIRECTION,41.7283663623,DAYLIGHT,-87.5486008367,2,25,UNABLE TO DETERMINE,NO DEFECTS,DRY,UNABLE TO DETERMINE,S,9188,NO CONTROLS,ONE-WAY,CLEAR,0.0,0.0,0.0,0.0,0.0,1.0,1,2,"[""Y""]",[],[],"[""2025-10-07T11:00:00.000""]","[""2166146"", ""2166147""]","[""FRONT-RIGHT-CORNER"", ""UNKNOWN""]","[""IL""]","[""CHEVROLET"", ""NISSAN""]","[""STRAIGHT AHEAD"", ""UNKNOWN/NA""]","[""ROGUE"", ""SILVERADO""]","[""1""]","[""N""]","[""1"", ""2""]","[""DRIVER""]","[""NONE""]","[""2064863"", ""2064868""]","[""PICKUP"", ""SPORT UTILITY VEHICLE (SUV)""]","[""PERSONAL""]","[""2015"", ""2020""]",[],[],[],[],[],[],"[""Y""]",[],[],[],[],[],[],[],[],[],"['32', '55']","[""DID NOT DEPLOY""]","[""TEST NOT OFFERED""]","[""RICHTON PRAK"", ""SAULK VILLAGE""]","[""2025-10-07T11:00:00.000""]","[""UNKNOWN""]","[""NOT OBSCURED""]","[""D""]","[""IL""]","[""NONE""]",[],"[""O2166146"", ""O2166147""]","[""DRIVER""]","[""NORMAL"", ""UNKNOWN""]","[""USAGE UNKNOWN""]","[""F""]","[""IL""]","[""2064863"", ""2064868""]","[""60411"", ""60471""]",[],[],[],[],[],[],2025,10,11,7,False,morning,41.73,-87.55,41.73_-87.55,43.5,32,55,OTHER,0
STRAIGHT AND LEVEL,432,2025-10-07 10:55:00,3,10,10,50B00B8E1B56752BEB372B9CC5965448037763D99A7B6C46C57B706742A7DA367F572BC79E71CAAF1944512F8CE3F1E91692D60E0075DED46484DE60161F7045,NO INJURY / DRIVE AWAY,"OVER $1,500",NO CONTROLS,PARKED MOTOR VEHICLE,41.7046522892,DAYLIGHT,-87.5283474787,2,30,UNABLE TO DETERMINE,NO DEFECTS,WET,UNABLE TO DETERMINE,E,3920,NO CONTROLS,NOT DIVIDED,RAIN,0.0,1.0,0.0,0.0,0.0,1.0,2,0,[],[],[],"[""2025-10-07T10:55:00.000""]","[""2165760"", ""2165761""]","[""REAR-LEFT-CORNER"", ""SIDE-LEFT""]","[""IL""]","[""HONDA"", ""UNKNOWN""]","[""BACKING"", ""PARKED""]","[""CR-V"", ""OTHER (EXPLAIN IN NARRATIVE)""]","[""0"", ""1""]","[""W""]","[""1"", ""2""]","[""DRIVER"", ""PARKED""]","[""NONE"", ""UNKNOWN""]","[""2064505"", ""2064515""]","[""PASSENGER"", ""TRUCK - SINGLE UNIT""]","[""NOT IN USE"", ""OTHER""]","[""2011""]",[],[],"[""Y""]",[],[],"[""Y""]",[],"[""Y""]","[""Y""]",[],[],"[""Y""]",[],[],[],[],[],"[""DEPLOYMENT UNKNOWN""]","[""TEST NOT OFFERED""]",[],"[""2025-10-07T10:55:00.000""]","[""UNKNOWN""]","[""UNKNOWN""]",[],"[""XX""]","[""NONE""]",[],"[""O2165760""]","[""DRIVER""]","[""UNKNOWN""]","[""USAGE UNKNOWN""]","[""X""]",[],"[""2064505""]",[],[],[],[],[],[],[],2025,10,10,7,False,morning,41.7,-87.53,41.7_-87.53,0.0,0,0,OTHER,0
STRAIGHT AND LEVEL,1511,2025-10-07 10:54:00,3,10,10,B49A63901C0E42459B2C31DDED5947A692442F9F6053ADDD28ED12C6378109552A8CE96B87137D7BDC8D4DA2D7E1CBB721A8B1CBA3E63AFED08DCFE4D026748F,NO INJURY / DRIVE AWAY,"OVER $1,500",FUNCTIONING PROPERLY,REAR END,41.8949550798,DAYLIGHT,-87.7655451503,2,30,WEATHER,NO DEFECTS,WET,FOLLOWING TOO CLOSELY,N,802,TRAFFIC SIGNAL,FOUR WAY,RAIN,0.0,0.0,1.0,0.0,0.0,1.0,1,2,[],[],"[""Y""]","[""2025-10-07T10:54:00.000""]","[""2165431"", ""2165432""]","[""FRONT"", ""REAR""]","[""IL""]","[""HONDA"", ""HYUNDAI""]","[""SLOW/STOP IN TRAFFIC"", ""STRAIGHT AHEAD""]","[""CIVIC"", ""SANTA FE""]","[""1""]","[""S""]","[""1"", ""2""]","[""DRIVER""]","[""NONE""]","[""2064207"", ""2064213""]","[""PASSENGER""]","[""PERSONAL""]","[""2006"", ""2018""]",[],[],[],[],[],[],[],[],[],[],[],[],[],[],"[""Y""]",[],"['28', '61']","[""DID NOT DEPLOY""]","[""TEST NOT OFFERED""]","[""CHICAGO""]","[""2025-10-07T10:54:00.000""]","[""FOLLOWED TOO CLOSELY"", ""NONE""]","[""NOT OBSCURED""]","[""D""]","[""IL""]","[""NONE""]",[],"[""O2165431"", ""O2165432""]","[""DRIVER""]","[""NORMAL""]","[""SAFETY BELT USED""]","[""M""]","[""IL""]","[""2064207"", ""2064213""]","[""60632"", ""60644""]",[],[],[],[],[],[],2025,10,10,7,False,morning,41.89,-87.77,41.89_-87.77,44.5,28,61,WEATHER-RELATED,0
STRAIGHT AND LEVEL,1712,2025-10-07 10:48:00,3,10,10,4967298B3C83839E8E2DD33FAB2B4E7E9510260592C5352D5D0E92F1CFD3D3171D5B9EE8647F6C9A76FA68E356FE0EB11D2E4A0B9A33208534FF4E68B0E042C0,INJURY AND / OR TOW DUE TO CRASH,$500 OR LESS,FUNCTIONING PROPERLY,REAR END,41.9682846268,DAYLIGHT,-87.7340554973,3,30,WEATHER,NO DEFECTS,WET,NOT APPLICABLE,W,4224,TRAFFIC SIGNAL,DIVIDED - W/MEDIAN (NOT RAISED),RAIN,0.0,0.0,0.0,0.0,0.0,1.0,1,2,[],[],[],"[""2025-10-07T10:48:00.000""]","[""2165439"", ""2165440"", ""2165441""]","[""FRONT"", ""REAR"", ""UNKNOWN""]","[""IL""]","[""BMW"", ""JEEP"", ""TOYOTA""]","[""STRAIGHT AHEAD""]","[""BMW"", ""CAMRY"", ""PATRIOT""]","[""1""]","[""E""]","[""1"", ""2"", ""3""]","[""DRIVER""]","[""UNKNOWN""]","[""2064223"", ""2064238"", ""2064245""]","[""PASSENGER""]","[""PERSONAL""]","[""2015"", ""2016"", ""2019""]",[],[],[],[],[],[],[],[],[],[],[],[],[],[],[],[],"['58', '62']","[""DEPLOYMENT UNKNOWN"", ""DID NOT DEPLOY""]","[""TEST NOT OFFERED""]","[""BARTLETT"", ""CHICAGO""]","[""2025-10-07T10:48:00.000""]","[""NONE"", ""UNKNOWN""]","[""NOT OBSCURED"", ""UNKNOWN""]","[""D""]","[""IL""]","[""NONE"", ""UNKNOWN""]","[""COMMUNITY FIRST MEDICAL""]","[""O2165439"", ""O2165440"", ""O2165441""]","[""DRIVER""]","[""NORMAL"", ""UNKNOWN""]","[""SAFETY BELT USED"", ""USAGE UNKNOWN""]","[""F"", ""M"", ""X""]","[""IL""]","[""2064223"", ""2064238"", ""2064245""]","[""60103"", ""60630""]","[""20""]",[],[],[],[],[],2025,10,10,7,False,morning,41.97,-87.73,41.97_-87.73,60.0,58,62,WEATHER-RELATED,1
STRAIGHT AND LEVEL,112,2025-10-07 10:37:00,3,10,10,EDC4828488BDF82AE1CC25FAC50D3DAE41F85095BAB651EBC3CB1A5D66B30A9E168B26E566CF73CAF88AC29E5E3C256FC9CB635CC441399FAAC8F15E482C3A85,NO INJURY / DRIVE AWAY,"OVER $1,500",NO CONTROLS,SIDESWIPE SAME DIRECTION,41.8807825347,DAYLIGHT,-87.6295161167,2,30,IMPROPER OVERTAKING/PASSING,NO DEFECTS,DRY,RELATED TO BUS STOP,S,98,NO CONTROLS,ONE-WAY,CLEAR,0.0,0.0,0.0,0.0,0.0,1.0,1,2,[],[],[],"[""2025-10-07T10:37:00.000""]","[""2165405"", ""2165406""]","[""SIDE-LEFT-FRONT"", ""SIDE-RIGHT-FRONT""]","[""IL""]","[""JEEP"", ""NOVA BUS""]","[""CHANGING LANES""]","[""OTHER (EXPLAIN IN NARRATIVE)"", ""WRANGLER""]","[""1""]","[""N""]","[""1"", ""2""]","[""DRIVER""]","[""NONE""]","[""2064183"", ""2064204""]","[""BUS OVER 15 PASS."", ""PASSENGER""]","[""CTA"", ""PERSONAL""]","[""2014"", ""2020""]","[""Y""]","[""Y""]","[""Y""]",[],[],[],[],"[""N""]","[""Y""]",[],[],[],[],"[""Y""]",[],[],"['30', '41']","[""DID NOT DEPLOY""]","[""TEST NOT OFFERED""]","[""CHICAGO""]","[""2025-10-07T10:37:00.000""]","[""IMPROPER LANE CHANGE"", ""NONE""]","[""NOT OBSCURED""]","[""B"", ""D""]","[""IL""]","[""NONE""]",[],"[""O2165405"", ""O2165406""]","[""DRIVER""]","[""NORMAL""]","[""USAGE UNKNOWN""]","[""F""]","[""IL""]","[""2064183"", ""2064204""]","[""60605"", ""60617""]",[],[],[],[],[],[],2025,10,10,7,False,morning,41.88,-87.63,41.88_-87.63,35.5,30,41,OTHER,0
STRAIGHT AND LEVEL,1524,2025-10-07 10:36:00,3,10,10,706FF3B585A0BCE7F16D7A2ADCC9DC36CEE4EDBACC1A2DEA188B9F29339963ACC41A59E391B112089C1F76B0F6277A8D201EB65D21FCA30222E45FA88ED91A27,INJURY AND / OR TOW DUE TO CRASH,"OVER $1,500",NO CONTROLS,PARKED MOTOR VEHICLE,41.893834954,DAYLIGHT,-87.7652093881,7,25,PHYSICAL CONDITION OF DRIVER,NO DEFECTS,WET,PHYSICAL CONDITION OF DRIVER,N,729,NO CONTROLS,NOT DIVIDED,RAIN,0.0,0.0,0.0,0.0,0.0,1.0,2,1,"[""N"", ""Y""]","[""Y""]",[],"[""2025-10-07T10:36:00.000""]","[""2165463"", ""2165464"", ""2165465"", ""2165466"", ""2165467"", ""2165546"", ""2165549""]","[""FRONT-RIGHT-CORNER"", ""REAR"", ""REAR-LEFT-CORNER"", ""SIDE-LEFT""]","[""IL"", ""OH""]","[""HONDA"", ""INFINITI"", ""JEEP"", ""KIA"", ""LINCOLN"", ""NAVISTAR""]","[""PARKED"", ""STRAIGHT AHEAD""]","[""ACCORD"", ""FX35"", ""LIBERTY"", ""NAVISTAR"", ""OPTIMA / K5"", ""TOWNCAR""]","[""0"", ""1""]","[""N"", ""UNKNOWN""]","[""1"", ""2"", ""3"", ""4"", ""5"", ""6"", ""7""]","[""DRIVER"", ""PARKED""]","[""NONE""]","[""2064242"", ""2064251"", ""2064272"", ""2064281"", ""2064284"", ""2064292"", ""2064299""]","[""PASSENGER"", ""TRUCK - SINGLE UNIT""]","[""COMMERCIAL - SINGLE UNIT"", ""NOT IN USE""]","[""2004"", ""2005"", ""2011"", ""2017"", ""2018"", ""2026""]","[""Y""]","[""Y""]","[""N"", ""Y""]","[""PRIVATE"", ""private""]","[""N"", ""Y""]","[""Y""]",[],"[""N"", ""Y""]","[""N"", ""Y""]","[""Y""]",[],"[""N"", ""Y""]",[],"[""Y""]","[""N"", ""Y""]",[],['21'],"[""NOT APPLICABLE""]","[""TEST NOT OFFERED""]","[""MAYWOOD""]","[""2025-10-07T10:36:00.000""]","[""OTHER""]","[""OTHER""]","[""B""]","[""IL""]","[""NONE""]",[],"[""O2165463""]","[""DRIVER""]","[""FATIGUED/ASLEEP""]","[""SAFETY BELT USED""]","[""M""]","[""IL""]","[""2064242""]","[""60153""]",[],[],[],[],[],[],2025,10,10,7,False,morning,41.89,-87.77,41.89_-87.77,21.0,21,21,OTHER,0
STRAIGHT AND LEVEL,131,2025-10-07 10:30:00,3,10,10,5B6E46A13F0A86A714A8EC1A0782DC163DC1112138DFAD0F847ACB2959764C4D52560BDC0E9D7B4C68B8A2203D3B78BFD0436AF9851E06B0E8E5C0D509AB80AD,NO INJURY / DRIVE AWAY,"$501 - $1,500",NO CONTROLS,HEAD ON,41.8667243541,DAYLIGHT,-87.6259611484,2,15,IMPROPER OVERTAKING/PASSING,NO DEFECTS,DRY,UNABLE TO DETERMINE,S,1224,NO CONTROLS,NOT DIVIDED,CLEAR,0.0,0.0,0.0,0.0,0.0,1.0,1,2,[],[],"[""N"", ""Y""]","[""2025-10-07T10:30:00.000""]","[""2165598"", ""2165599""]","[""FRONT"", ""FRONT-LEFT-CORNER""]","[""IL""]","[""GENERAL MOTORS CORPORATION (GMC)"", ""JEEP""]","[""BACKING""]","[""CHEROKEE"", ""YUKON""]","[""1""]","[""N"", ""NW""]","[""1"", ""2""]","[""DRIVER""]","[""NONE""]","[""2064349"", ""2064352""]","[""PASSENGER""]","[""DRIVER EDUCATION"", ""PERSONAL""]","[""2008"", ""2020""]",[],[],"[""N"", ""Y""]",[],[],[],"[""Y""]",[],[],[],[],[],[],[],[],[],"['27', '47']","[""NOT APPLICABLE""]","[""TEST NOT OFFERED""]","[""CHICAGO""]","[""2025-10-07T10:30:00.000""]","[""IMPROPER PARKING"", ""NONE""]","[""NOT OBSCURED""]","[""D""]","[""IL""]","[""NONE"", ""UNKNOWN""]","[""REFUSED""]","[""O2165598"", ""O2165599""]","[""DRIVER""]","[""NORMAL""]","[""SAFETY BELT USED""]","[""F"", ""M""]","[""IL""]","[""2064349"", ""2064352""]","[""60609""]",[],[],[],[],[],[],2025,10,10,7,False,morning,41.87,-87.63,41.87_-87.63,37.0,27,47,OTHER,0
STRAIGHT AND LEVEL,2432,2025-10-07 10:27:00,3,10,10,F6BD45BA38462E38BB1096A5FC349588065F92A6AF038E0924695D27C62C40663C761FE07F442F94BC7AE410ABF33763887059CF030A636D4B8637CF888A86C9,INJURY AND / OR TOW DUE TO CRASH,"$501 - $1,500",NO CONTROLS,ANGLE,41.9981423214,DAYLIGHT,-87.6729614225,2,30,IMPROPER OVERTAKING/PASSING,NO DEFECTS,WET,NOT APPLICABLE,W,1720,NO CONTROLS,DIVIDED - W/MEDIAN (NOT RAISED),RAIN,0.0,1.0,0.0,0.0,0.0,1.0,1,1,[],[],[],"[""2025-10-07T10:27:00.000""]","[""2165435"", ""2165436""]","[""FRONT-LEFT-CORNER"", ""FRONT-RIGHT-CORNER""]","[""IL""]","[""FIAT"", ""FORD""]","[""BACKING"", ""PASSING/OVERTAKING""]","[""ESCAPE"", ""OTHER (EXPLAIN IN NARRATIVE)""]","[""1""]","[""NE"", ""W""]","[""1"", ""2""]","[""DRIVER""]","[""NONE"", ""UNKNOWN""]","[""2064208"", ""2064214""]","[""PASSENGER"", ""SPORT UTILITY VEHICLE (SUV)""]","[""PERSONAL"", ""UNKNOWN/NA""]","[""2015"", ""2017""]",[],[],"[""Y""]","[""PRIVATE""]","[""Y""]",[],"[""Y""]",[],"[""Y""]",[],[],[],[],[],[],[],['69'],"[""DEPLOYMENT UNKNOWN"", ""NOT APPLICABLE""]","[""TEST NOT OFFERED""]","[""PORTLAND""]","[""2025-10-07T10:27:00.000""]","[""IMPROPER PASSING"", ""NONE""]","[""NOT OBSCURED"", ""UNKNOWN""]","[""C""]","[""OR""]","[""NONE""]",[],"[""O2165435"", ""O2165436""]","[""DRIVER""]","[""NORMAL"", ""UNKNOWN""]","[""SAFETY BELT USED"", ""USAGE UNKNOWN""]","[""F""]","[""OR""]","[""2064208"", ""2064214""]","[""97225""]",[],[],[],[],[],[],2025,10,10,7,False,morning,42.0,-87.67,42.0_-87.67,69.0,69,69,OTHER,0
STRAIGHT AND LEVEL,2515,2025-10-07 10:24:00,3,10,10,7E19A34D77FEFC733DD8559E69FA0473A7D8A6A13B35DCB1784CBF5D4DA136A9AE74346F6E2843D42955E3BA02DE3332AD17E2409BB1728B4AF87E10464616E7,INJURY AND / OR TOW DUE TO CRASH,$500 OR LESS,FUNCTIONING PROPERLY,PEDESTRIAN,41.9206337346,DAYLIGHT,-87.7754593507,2,30,FAILING TO YIELD RIGHT-OF-WAY,UNKNOWN,WET,UNABLE TO DETERMINE,N,2201,TRAFFIC SIGNAL,FOUR WAY,RAIN,0.0,0.0,1.0,0.0,0.0,1.0,2,2,[],[],[],"[""2025-10-07T10:24:00.000""]","[""2165413"", ""2165414""]","[""FRONT-RIGHT-CORNER""]","[""IL""]","[""MAZDA""]","[""TURNING RIGHT""]","[""MAZDA6""]","[""1""]","[""N""]","[""1"", ""2""]","[""DRIVER"", ""PEDESTRIAN""]","[""UNKNOWN""]","[""2064189""]","[""PASSENGER""]","[""PERSONAL""]","[""2011""]",[],[],[],[],[],[],"[""Y""]",[],[],[],[],[],[],[],[],[],"['29', '71']","[""DID NOT DEPLOY""]","[""TEST NOT OFFERED""]","[""CHICAGO""]","[""2025-10-07T10:24:00.000""]","[""FAILED TO YIELD"", ""NONE""]","[""UNKNOWN""]","[""D""]","[""IL""]","[""NONE""]",[],"[""O2165413"", ""O2165414""]","[""DRIVER"", ""PEDESTRIAN""]","[""NORMAL"", ""UNKNOWN""]","[""NONE PRESENT"", ""USAGE UNKNOWN""]","[""M""]","[""IL""]","[""2064189""]","[""60639""]","[""CFD ENG 125""]",[],"[""CROSSING - WITH SIGNAL""]","[""IN CROSSWALK""]","[""NO CONTRASTING CLOTHING""]",[],2025,10,10,7,False,morning,41.92,-87.78,41.92_-87.78,50.0,29,71,FAILURE-TO-YIELD,1
STRAIGHT AND LEVEL,1655,2025-10-07 10:15:00,3,10,10,E5EEE62AA7D8C4C8ACA079CEA834C1E45F1D170265062E68F9ADE4C64592E53BEB25E74F7655D151A6FFFF8323F75E8DB02176E78142BCD1B13EBE6AF7363093,NO INJURY / DRIVE AWAY,"OVER $1,500",NO CONTROLS,TURNING,41.8736407663,DAYLIGHT,-87.6723897727,2,15,IMPROPER TURNING/NO SIGNAL,NO DEFECTS,WET,UNABLE TO DETERMINE,W,5,NO CONTROLS,OTHER,RAIN,0.0,0.0,0.0,0.0,0.0,1.0,1,2,[],[],[],"[""2025-10-07T10:15:00.000""]","[""2165373"", ""2165374""]","[""FRONT-LEFT-CORNER"", ""SIDE-RIGHT-REAR""]","[""IL""]","[""FORD"", ""LEXUS""]","[""STRAIGHT AHEAD"", ""TURNING ON RED""]","[""CT200H"", ""TRANSIT""]","[""1""]","[""SE""]","[""1"", ""2""]","[""DRIVER""]","[""NONE""]","[""2064154"", ""2064164""]","[""BUS UP TO 15 PASS."", ""PASSENGER""]","[""PERSONAL""]","[""2011"", ""2025""]",[],"[""Y""]","[""Y""]",[],[],[],[],[],[],"[""N""]",[],[],[],[],[],[],"['37', '38']","[""DID NOT DEPLOY""]","[""TEST NOT OFFERED""]","[""BARTLETT"", ""ROSEMONT""]","[""2025-10-07T10:15:00.000""]","[""IMPROPER TURN"", ""NONE""]","[""NOT OBSCURED""]","[""D""]","[""IL""]","[""NONE""]","[""REFUSED""]","[""O2165373"", ""O2165374""]","[""DRIVER""]","[""NORMAL""]","[""USAGE UNKNOWN""]","[""M""]","[""IL""]","[""2064154"", ""2064164""]","[""60018"", ""60103""]","[""REFUSED""]",[],[],[],[],[],2025,10,10,7,False,morning,41.87,-87.67,NAN_NAN,37.5,37,38,OTHER,0
STRAIGHT AND LEVEL,913,2025-10-07 10:15:00,3,10,10,A6987C8C8DF76F99143D9D6636BB33E61CBEDC808B3F597ADCD66ADEEEDF00AE327764B791B134CEACE4320A7C8F6D4500071B04AAAF195D8FA891870B5F24ED,NO INJURY / DRIVE AWAY,"OVER $1,500",FUNCTIONING IMPROPERLY,ANGLE,41.836054099,DAYLIGHT,-87.6561174489,2,30,UNABLE TO DETERMINE,NO DEFECTS,WET,NOT APPLICABLE,S,3200,STOP SIGN/FLASHER,NOT DIVIDED,RAIN,0.0,0.0,0.0,0.0,0.0,1.0,1,3,[],[],[],"[""2025-10-07T10:15:00.000""]","[""2165396"", ""2165397""]","[""FRONT-LEFT-CORNER"", ""UNKNOWN""]","[""IL""]","[""HONDA"", ""MAZDA""]","[""STRAIGHT AHEAD""]","[""CIVIC"", ""CX-9""]","[""1"", ""2""]","[""N"", ""W""]","[""1"", ""2""]","[""DRIVER""]","[""NONE""]","[""2064169"", ""2064177""]","[""PASSENGER""]","[""PERSONAL""]","[""2017"", ""2024""]",[],[],[],[],[],[],"[""Y""]","[""Y""]","[""Y""]",[],"[""1""]","[""Y""]",[],[],[],[],"['28', '70', '79']","[""NOT APPLICABLE""]","[""TEST NOT OFFERED""]","[""CHICAGO""]","[""2025-10-07T10:15:00.000""]","[""FAILED TO YIELD"", ""NONE""]","[""NOT OBSCURED""]","[""D""]","[""IL""]","[""NONE""]",[],"[""O2165396"", ""O2165397"", ""P477850""]","[""DRIVER"", ""PASSENGER""]","[""NORMAL""]","[""SAFETY BELT USED""]","[""F"", ""M""]","[""IL""]","[""2064169"", ""2064177""]","[""60608"", ""60616"", ""60632""]",[],"[""3""]",[],[],[],[],2025,10,10,7,False,morning,41.84,-87.66,41.84_-87.66,59.0,28,79,OTHER,0
STRAIGHT AND LEVEL,122,2025-10-07 10:14:00,3,10,10,EC0B4B4393147E174DDA00B66383AF387A50144472DDFC34765DB0B8A1B3671AD3EFE8E162EA904A8AF0348B40894C514F1E262CA7B487B7B38AA9149C1C9186,NO INJURY / DRIVE AWAY,$500 OR LESS,FUNCTIONING PROPERLY,REAR END,41.8830946028,DAYLIGHT,-87.6356326607,2,30,FOLLOWING TOO CLOSELY,NO DEFECTS,WET,DRIVING SKILLS/KNOWLEDGE/EXPERIENCE,W,309,TRAFFIC SIGNAL,T-INTERSECTION,RAIN,0.0,0.0,0.0,0.0,0.0,1.0,1,2,[],[],"[""Y""]","[""2025-10-07T10:14:00.000""]","[""2165738"", ""2165739""]","[""FRONT"", ""REAR""]","[""IL""]","[""KIA"", ""TOYOTA""]","[""STRAIGHT AHEAD""]","[""OTHER (EXPLAIN IN NARRATIVE)""]","[""1""]","[""E""]","[""1"", ""2""]","[""DRIVER""]","[""NONE""]","[""2064489"", ""2064508""]","[""PASSENGER""]","[""PERSONAL""]","[""2011"", ""2023""]",[],[],[],[],[],[],[],[],[],[],[],[],[],[],"[""Y""]",[],"['36', '52']","[""DID NOT DEPLOY""]","[""TEST NOT OFFERED""]","[""CHICAGO"", ""LINCOLNSHIRE""]","[""2025-10-07T10:14:00.000""]","[""FOLLOWED TOO CLOSELY"", ""NONE""]","[""UNKNOWN""]","[""D""]","[""IL""]","[""NONE""]",[],"[""O2165738"", ""O2165739""]","[""DRIVER""]","[""NORMAL""]","[""USAGE UNKNOWN""]","[""M""]","[""IL""]","[""2064489"", ""2064508""]","[""60069"", ""60622""]",[],[],[],[],[],[],2025,10,10,7,False,morning,41.88,-87.64,41.88_-87.64,44.0,36,52,FOLLOWING TOO CLOSELY,0
STRAIGHT AND LEVEL,1524,2025-10-07 10:12:00,3,10,10,A8E3FFED46A1577DC32A9821455A037AEF130FA890DA10EBE38C0F2D8240D357D36898FB1C187DC3598D642BE19B1DA3D196AA402381FC8D247BE3AB91397B06,INJURY AND / OR TOW DUE TO CRASH,"$501 - $1,500",FUNCTIONING PROPERLY,TURNING,41.8950231464,DAYLIGHT,-87.7557497823,2,30,FAILING TO YIELD RIGHT-OF-WAY,NO DEFECTS,WET,DISREGARDING YIELD SIGN,N,800,TRAFFIC SIGNAL,NOT DIVIDED,RAIN,0.0,0.0,1.0,0.0,0.0,1.0,1,2,[],"[""Y""]","[""Y""]","[""2025-10-07T10:12:00.000""]","[""2165407"", ""2165408""]","[""FRONT"", ""SIDE-RIGHT""]","[""IL""]","[""DODGE"", ""FORD""]","[""STRAIGHT AHEAD"", ""TURNING LEFT""]","[""EDGE"", ""RAM 2500 VAN""]","[""1""]","[""N"", ""SE""]","[""1"", ""2""]","[""DRIVER""]","[""NONE""]","[""2064179"", ""2064192""]","[""BUS UP TO 15 PASS."", ""SPORT UTILITY VEHICLE (SUV)""]","[""COMMERCIAL - SINGLE UNIT"", ""PERSONAL""]","[""2020"", ""2025""]","[""Y""]","[""Y""]",[],"[""US POSTAL SERVICE""]","[""Y""]",[],[],[],[],"[""Y""]",[],[],[],[],[],"[""UNK""]","['30', '46']","[""DEPLOYED, SIDE"", ""DID NOT DEPLOY""]","[""TEST NOT OFFERED""]","[""CHICAGO""]","[""2025-10-07T10:12:00.000""]","[""FAILED TO YIELD"", ""OTHER""]","[""UNKNOWN""]","[""A"", ""D""]","[""IL""]","[""NONE""]",[],"[""O2165407"", ""O2165408""]","[""DRIVER""]","[""NORMAL""]","[""USAGE UNKNOWN""]","[""F"", ""M""]","[""IL""]","[""2064179"", ""2064192""]","[""60620"", ""60651""]",[],[],[],[],[],[],2025,10,10,7,False,morning,41.9,-87.76,41.9_-87.76,38.0,30,46,FAILURE-TO-YIELD,0
STRAIGHT AND LEVEL,1033,2025-10-07 10:10:00,3,10,10,57A45B2C039E08C80921D0735D415456714C217AD8B1E3FBD9C61CA060FB2638B30E9C9DDC79971631741C5DE633CAF9049923C1A149992A9062CC26F0169CE2,NO INJURY / DRIVE AWAY,"OVER $1,500",NO CONTROLS,TURNING,41.8448007855,DAYLIGHT,-87.6952525937,2,25,UNABLE TO DETERMINE,UNKNOWN,WET,UNABLE TO DETERMINE,W,2800,NO CONTROLS,NOT DIVIDED,RAIN,0.0,1.0,1.0,0.0,0.0,1.0,1,1,"[""Y""]",[],"[""Y""]","[""2025-10-07T10:10:00.000""]","[""2165594"", ""2165595""]","[""FRONT"", ""SIDE-LEFT""]","[""IL""]","[""NISSAN"", ""SUBARU""]","[""STRAIGHT AHEAD"", ""TURNING RIGHT""]","[""IMPREZA"", ""ROGUE""]","[""1""]","[""S"", ""W""]","[""1"", ""2""]","[""DRIVER""]","[""NONE"", ""UNKNOWN""]","[""2064344"", ""2064362""]","[""SPORT UTILITY VEHICLE (SUV)"", ""UNKNOWN/NA""]","[""PERSONAL"", ""UNKNOWN/NA""]","[""2016""]",[],[],"[""Y""]",[],[],[],[],"[""Y""]","[""Y""]",[],[],"[""Y""]",[],[],[],[],['50'],"[""DEPLOYMENT UNKNOWN"", ""NOT APPLICABLE""]","[""TEST NOT OFFERED""]","[""CHICAGO""]","[""2025-10-07T10:10:00.000""]","[""IMPROPER TURN"", ""NONE""]","[""NOT OBSCURED"", ""UNKNOWN""]","[""D""]","[""IL""]","[""NONE""]",[],"[""O2165594"", ""O2165595""]","[""DRIVER""]","[""NORMAL"", ""UNKNOWN""]","[""SAFETY BELT USED"", ""USAGE UNKNOWN""]","[""M""]","[""IL""]","[""2064344"", ""2064362""]","[""60608""]",[],[],[],[],[],[],2025,10,10,7,False,morning,41.84,-87.7,41.84_-87.7,50.0,50,50,OTHER,0