alignment,beat_of_occurrence,crash_date,crash_day_of_week,crash_hour,crash_month,crash_record_id,crash_type,damage,device_condition,first_crash_type,latitude,lighting_condition,longitude,num_units,posted_speed_limit,prim_contributory_cause,road_defect,roadway_surface_cond,sec_contributory_cause,street_direction,street_no,traffic_control_device,trafficway_type,weather_condition,private_property_i,hit_and_run_i,intersection_related_i,crash_date_est_i,work_zone_i,workers_present_i,veh_count,ppl_count,veh_area_01_i_list_json,veh_area_02_i_list_json,veh_area_12_i_list_json,veh_crash_date_list_json,veh_crash_unit_id_list_json,veh_first_contact_point_list_json,veh_lic_plate_state_list_json,veh_make_list_json,veh_maneuver_list_json,veh_model_list_json,veh_occupant_cnt_list_json,veh_travel_direction_list_json,veh_unit_no_list_json,veh_unit_type_list_json,veh_vehicle_defect_list_json,veh_vehicle_id_list_json,veh_vehicle_type_list_json,veh_vehicle_use_list_json,veh_vehicle_year_list_json,veh_area_03_i_list_json,veh_area_04_i_list_json,veh_area_11_i_list_json,veh_towed_by_list_json,veh_towed_i_list_json,veh_area_07_i_list_json,veh_area_99_i_list_json,veh_area_09_i_list_json,veh_area_10_i_list_json,veh_cmrc_veh_i_list_json,veh_num_passengers_list_json,veh_area_08_i_list_json,veh_area_00_i_list_json,veh_area_05_i_list_json,veh_area_06_i_list_json,veh_towed_to_list_json,ppl_age_list_json,ppl_airbag_deployed_list_json,ppl_bac_result_list_json,ppl_city_list_json,ppl_crash_date_list_json,ppl_driver_action_list_json,ppl_driver_vision_list_json,ppl_drivers_license_class_list_json,ppl_drivers_license_state_list_json,ppl_ejection_list_json,ppl_hospital_list_json,ppl_person_id_list_json,ppl_person_type_list_json,ppl_physical_condition_list_json,ppl_safety_equipment_list_json,ppl_sex_list_json,ppl_state_list_json,ppl_vehicle_id_list_json,ppl_zipcode_list_json,ppl_ems_agency_list_json,ppl_seat_no_list_json,ppl_pedpedal_action_list_json,ppl_pedpedal_location_list_json,ppl_pedpedal_visibility_list_json,ppl_ems_run_no_list_json,year,month,hour,day,is_weekend,hour_bin,lat_bin,lng_bin,grid_id,ppl_age_mean,ppl_age_min,ppl_age_max,prim_contributory_cause_group,ksi_flag
STRAIGHT AND LEVEL,911,2025-10-07 10:05:00,3,10,10,D174DB0CCAC604AC238B678F7302568A3A0F651CF18C0F7CC9F8B1F276732D326D7353DABCFD05D2F697951B7D81AAEE2AA2F5E726BB779A9D0D110480303532,NO INJURY / DRIVE AWAY,"OVER $1,500",NO CONTROLS,ANGLE,41.8282176101,DAYLIGHT,-87.7029903545,2,30,FAILING TO YIELD RIGHT-OF-WAY,NO DEFECTS,WET,WEATHER,W,3120,NO CONTROLS,NOT DIVIDED,RAIN,0.0,0.0,0.0,0.0,0.0,1.0,1,2,[],[],"[""Y""]","[""2025-10-07T10:05:00.000""]","[""2165425"", ""2165426""]","[""FRONT"", ""SIDE-LEFT""]","[""IL""]","[""ISUZU"", ""TOYOTA""]","[""BACKING"", ""STRAIGHT AHEAD""]","[""SIENNA"", ""TRUCK""]","[""1""]","[""E"", ""N""]","[""1"", ""2""]","[""DRIVER""]","[""NONE""]","[""2064228"", ""2064234""]","[""TRUCK - SINGLE UNIT"", ""VAN/MINI-VAN""]","[""OTHER"", ""PERSONAL""]","[""2021"", ""2023""]",[],[],[],[],[],"[""Y""]",[],"[""Y""]","[""Y""]",[],[],"[""Y""]",[],[],[],[],"['45', '51']","[""DID NOT DEPLOY"", ""NOT APPLICABLE""]","[""TEST NOT OFFERED""]","[""CHICAGO""]","[""2025-10-07T10:05:00.000""]","[""FAILED TO YIELD"", ""NONE""]","[""NOT OBSCURED""]","[""D""]","[""IL""]","[""NONE""]",[],"[""O2165425"", ""O2165426""]","[""DRIVER""]","[""NORMAL""]","[""SAFETY BELT USED""]","[""F"", ""M""]","[""IL""]","[""2064228"", ""2064234""]","[""60632""]",[],[],[],[],[],[],2025,10,10,7,False,morning,41.83,-87.7,41.83_-87.7,48.0,45,51,FAILURE-TO-YIELD,0
STRAIGHT AND LEVEL,834,2025-10-07 10:00:00,3,10,10,320A266E7D9CF679F3144AB67021B9AC00B16C60833121F2E3F05F38B4FAF1373A93ECC5FD937135F35A1E1479CAD430C405AC3BEE2BC946264F4E421D90DDEF,INJURY AND / OR TOW DUE TO CRASH,"OVER $1,500",FUNCTIONING PROPERLY,ANGLE,41.7460675574,DAYLIGHT,-87.7411032161,2,30,UNABLE TO DETERMINE,NO DEFECTS,WET,FAILING TO REDUCE SPEED TO AVOID CRASH,S,8055,TRAFFIC SIGNAL,FOUR WAY,RAIN,0.0,0.0,1.0,0.0,0.0,1.0,1,2,"[""Y""]","[""Y""]","[""Y""]","[""2025-10-07T10:00:00.000""]","[""2165470"", ""2165471""]","[""FRONT-LEFT-CORNER"", ""FRONT-RIGHT-CORNER""]","[""IL""]","[""CHRYSLER"", ""VOLKSWAGEN""]","[""STRAIGHT AHEAD""]","[""GOLF"", ""TOWN & COUNTRY""]","[""1""]","[""E"", ""N""]","[""1"", ""2""]","[""DRIVER""]","[""NONE""]","[""2064237"", ""2064243""]","[""PASSENGER""]","[""PERSONAL""]","[""2013"", ""2015""]","[""Y""]",[],"[""Y""]",[],[],[],[],[],"[""Y""]",[],[],[],[],[],[],[],"['29', '32']","[""NOT APPLICABLE""]","[""TEST NOT OFFERED""]","[""CHICAGO""]","[""2025-10-07T10:00:00.000""]","[""NONE"", ""TOO FAST FOR CONDITIONS""]","[""NOT OBSCURED""]","[""D""]","[""IL""]","[""NONE""]","[""ADVOCATE CHRIST"", ""REFUSED""]","[""O2165470"", ""O2165471""]","[""DRIVER""]","[""NORMAL""]","[""SAFETY BELT USED""]","[""F"", ""M""]","[""IL""]","[""2064237"", ""2064243""]","[""60456"", ""60632""]","[""CFD EMS 27""]",[],[],[],[],[],2025,10,10,7,False,morning,41.75,-87.74,41.75_-87.74,30.5,29,32,OTHER,1
STRAIGHT AND LEVEL,124,2025-10-07 10:00:00,3,10,10,19229130604A892BAD046C80C3C33A58C288F08876432D85FAC9A0AEAFD09F6BE9F7DB311C5F3757066E483295A3B8B65161FA474FB91C7C46EA21FB11BE8B58,NO INJURY / DRIVE AWAY,"$501 - $1,500",FUNCTIONING PROPERLY,TURNING,41.8673283915,DAYLIGHT,-87.6422642382,2,30,IMPROPER TURNING/NO SIGNAL,NO DEFECTS,DRY,NOT APPLICABLE,W,600,TRAFFIC SIGNAL,DIVIDED - W/MEDIAN (NOT RAISED),CLEAR,0.0,0.0,0.0,0.0,0.0,1.0,1,2,[],[],"[""Y""]","[""2025-10-07T10:00:00.000""]","[""2165665"", ""2165666""]","[""FRONT"", ""REAR-LEFT-CORNER""]","[""IL""]","[""TOYOTA""]","[""TURNING LEFT"", ""U-TURN""]","[""4RUNNER"", ""RAV4""]","[""1""]","[""NE""]","[""1"", ""2""]","[""DRIVER""]","[""NONE""]","[""2064412"", ""2064416""]","[""SPORT UTILITY VEHICLE (SUV)""]","[""PERSONAL""]","[""2022""]",[],[],[],[],[],"[""Y""]",[],[],[],[],[],"[""Y""]",[],[],[],[],"['38', '51']","[""DID NOT DEPLOY"", ""NOT APPLICABLE""]","[""TEST NOT OFFERED""]","[""CHICAGO"", ""ROMEOVILLE""]","[""2025-10-07T10:00:00.000""]","[""IMPROPER TURN"", ""NONE""]","[""NOT OBSCURED""]","[""D""]","[""IL""]","[""NONE""]",[],"[""O2165665"", ""O2165666""]","[""DRIVER""]","[""NORMAL""]","[""SAFETY BELT USED""]","[""F"", ""M""]","[""IL""]","[""2064412"", ""2064416""]","[""60446"", ""60632""]",[],[],[],[],[],[],2025,10,10,7,False,morning,41.87,-87.64,41.87_-87.64,44.5,38,51,OTHER,0
STRAIGHT AND LEVEL,1711,2025-10-07 10:00:00,3,10,10,1E7F362B800748D8FD1A10217BFF5CC86DCCF1346F20F8DBACBFE029E626A0684A33BE6B3926C64460026FCFC86895DBAC13F0D6E147A02EA88819F854FA3F39,NO INJURY / DRIVE AWAY,"OVER $1,500",FUNCTIONING PROPERLY,REAR END,41.9899096859,DAYLIGHT,-87.7378314787,2,30,UNABLE TO DETERMINE,UNKNOWN,WET,UNABLE TO DETERMINE,W,4343,TRAFFIC SIGNAL,DIVIDED - W/MEDIAN BARRIER,RAIN,0.0,0.0,0.0,0.0,0.0,1.0,1,2,[],[],"[""Y""]","[""2025-10-07T10:00:00.000""]","[""2172029"", ""2172030""]","[""FRONT"", ""REAR""]","[""IL""]","[""ALFA ROMEO"", ""LEXUS""]","[""SLOW/STOP IN TRAFFIC"", ""STRAIGHT AHEAD""]","[""GIULIA (SERIES)"", ""RX350""]","[""1""]","[""E""]","[""1"", ""2""]","[""DRIVER""]","[""UNKNOWN""]","[""2070458"", ""2070464""]","[""PASSENGER""]","[""UNKNOWN/NA""]","[""2015"", ""2020""]",[],[],[],[],[],[],[],[],[],[],[],[],[],[],"[""Y""]",[],"['50', '78']","[""DID NOT DEPLOY""]","[""TEST NOT OFFERED""]","[""CHICAGO"", ""LAKE FOREST""]","[""2025-10-07T10:00:00.000""]","[""UNKNOWN""]","[""UNKNOWN""]",[],"[""IL""]","[""NONE""]",[],"[""O2172029"", ""O2172030""]","[""DRIVER""]","[""NORMAL"", ""UNKNOWN""]","[""SAFETY BELT USED"", ""USAGE UNKNOWN""]","[""F"", ""M""]","[""IL""]","[""2070458"", ""2070464""]","[""60046"", ""60640""]",[],[],[],[],[],[],2025,10,10,7,False,morning,41.99,-87.74,41.99_-87.74,64.0,50,78,OTHER,0
STRAIGHT AND LEVEL,1654,2025-10-07 10:00:00,3,10,10,73BC33C501764A56F2E531A8E49A74D346063D4A170A8741D98DAFD45232765D396A7FBEED2460D0A66DB994B6BA1809733C9CDE31FC729F283C7AE5AE349942,NO INJURY / DRIVE AWAY,"OVER $1,500",NO CONTROLS,REAR END,41.8736407663,DAYLIGHT,-87.6723897727,2,30,UNABLE TO DETERMINE,UNKNOWN,DRY,NOT APPLICABLE,W,700,TRAFFIC SIGNAL,NOT DIVIDED,CLEAR,0.0,0.0,0.0,0.0,0.0,1.0,1,2,[],[],"[""Y""]","[""2025-10-07T10:00:00.000""]","[""2167473"", ""2167480""]","[""FRONT"", ""REAR""]","[""IL""]","[""TOYOTA""]","[""STRAIGHT AHEAD""]","[""COROLLA"", ""HIGHLANDER""]","[""1""]","[""N""]","[""1"", ""2""]","[""DRIVER""]","[""UNKNOWN""]","[""2066128"", ""2066162""]","[""PASSENGER""]","[""UNKNOWN/NA""]","[""2013"", ""2017""]",[],[],[],[],[],[],[],[],[],[],[],[],[],[],"[""Y""]",[],"['37', '38']","[""DID NOT DEPLOY""]","[""TEST NOT OFFERED""]","[""CHICAGO""]","[""2025-10-07T10:00:00.000""]","[""UNKNOWN""]","[""UNKNOWN""]","[""D""]","[""IL""]","[""NONE""]",[],"[""O2167473"", ""O2167480""]","[""DRIVER""]","[""NORMAL""]","[""SAFETY BELT USED""]","[""M""]","[""IL""]","[""2066128"", ""2066162""]","[""60617""]",[],[],[],[],[],[],2025,10,10,7,False,morning,41.87,-87.67,NAN_NAN,37.5,37,38,OTHER,0
STRAIGHT AND LEVEL,821,2025-10-07 10:00:00,3,10,10,BE5ABDC3D8D6137AE56C72300192EB7B526D1E0C0E2DC53E205965FFBBF79FCEB2A21CF3D2F7579C61294C7B3E92ADDC511D4A2F4705982DA11D457B992EFA0F,NO INJURY / DRIVE AWAY,"OVER $1,500",NO CONTROLS,SIDESWIPE SAME DIRECTION,41.8080472717,DAYLIGHT,-87.7041188223,2,35,NOT APPLICABLE,UNKNOWN,WET,NOT APPLICABLE,S,4700,NO CONTROLS,NOT DIVIDED,RAIN,0.0,0.0,0.0,0.0,0.0,1.0,1,3,"[""Y""]",[],[],"[""2025-10-07T10:00:00.000""]","[""2165384"", ""2165385""]","[""TOTAL (ALL AREAS)""]","[""IL""]","[""HYUNDAI"", ""KIA""]","[""STRAIGHT AHEAD""]","[""SANTA FE"", ""SORENTO""]","[""1"", ""2""]","[""N""]","[""1"", ""2""]","[""DRIVER""]","[""UNKNOWN""]","[""2064160"", ""2064170""]","[""SPORT UTILITY VEHICLE (SUV)""]","[""PERSONAL""]","[""2022"", ""2023""]",[],[],"[""Y""]",[],[],[],[],[],"[""Y""]",[],"[""1""]",[],[],[],[],[],"['1', '20', '59']","[""NOT APPLICABLE""]","[""TEST NOT OFFERED""]","[""CHICAGO""]","[""2025-10-07T10:00:00.000""]","[""UNKNOWN""]","[""UNKNOWN""]","[""D""]","[""IL""]","[""NONE""]",[],"[""O2165384"", ""O2165385"", ""P477849""]","[""DRIVER"", ""PASSENGER""]","[""NORMAL""]","[""CHILD RESTRAINT - REAR FACING"", ""SAFETY BELT USED""]","[""F"", ""M""]","[""IL""]","[""2064160"", ""2064170""]","[""60623"", ""60632""]",[],"[""6""]",[],[],[],[],2025,10,10,7,False,morning,41.81,-87.7,41.81_-87.7,26.666666666666668,1,59,OTHER,0
STRAIGHT AND LEVEL,213,2025-10-07 10:00:00,3,10,10,F3E09B7190FA3B97EA684E79CE85D1ECE6BF675EF7B9167805BCFE23D1153617FA11A710C6B963F4580A021998FCB088DD78B9F156A23C5386F9DC23E4F8DB8D,NO INJURY / DRIVE AWAY,"OVER $1,500",NO CONTROLS,PARKED MOTOR VEHICLE,41.8307016873,DAYLIGHT,-87.6233953459,2,15,NOT APPLICABLE,UNKNOWN,WET,NOT APPLICABLE,S,3510,NO CONTROLS,PARKING LOT,RAIN,0.0,0.0,0.0,1.0,0.0,1.0,2,0,[],[],[],"[""2025-10-07T10:00:00.000""]","[""2165552"", ""2165553""]","[""SIDE-LEFT-REAR"", ""UNKNOWN""]","[""IL""]","[""FORD"", ""UNKNOWN""]","[""OTHER"", ""PARKED""]","[""EXPLORER"", ""OTHER (EXPLAIN IN NARRATIVE)""]","[""0"", ""1""]","[""UNKNOWN""]","[""1"", ""2""]","[""DRIVER"", ""PARKED""]","[""UNKNOWN""]","[""2064300"", ""2064308""]","[""PASSENGER"", ""UNKNOWN/NA""]","[""POLICE"", ""UNKNOWN/NA""]","[""2023""]",[],[],[],[],[],"[""N"", ""Y""]","[""Y""]",[],[],[],[],"[""N"", ""Y""]",[],[],"[""N""]",[],[],"[""DEPLOYMENT UNKNOWN""]","[""TEST NOT OFFERED""]",[],"[""2025-10-07T10:00:00.000""]","[""UNKNOWN""]","[""UNKNOWN""]",[],[],"[""NONE""]",[],"[""O2165552""]","[""DRIVER""]","[""UNKNOWN""]","[""USAGE UNKNOWN""]","[""X""]",[],"[""2064300""]",[],[],[],[],[],[],[],2025,10,10,7,False,morning,41.83,-87.62,41.83_-87.62,0.0,0,0,OTHER,0
STRAIGHT AND LEVEL,2031,2025-10-07 09:52:00,3,9,10,9629C3AA38F59FB94F4B72EDEBFDF1685CC59160122E462898BE09BC915653E1CE5CB944A38ADBDAE3EAB146798890CDAB04223090459B45A59F2C3BA4169B0F,NO INJURY / DRIVE AWAY,"OVER $1,500",NO CONTROLS,FIXED OBJECT,41.974411028,DAYLIGHT,-87.6865310315,1,25,DRIVING SKILLS/KNOWLEDGE/EXPERIENCE,NO DEFECTS,WET,NOT APPLICABLE,N,5113,NO CONTROLS,ONE-WAY,RAIN,0.0,0.0,0.0,0.0,0.0,1.0,1,2,[],[],[],"[""2025-10-07T09:52:00.000""]","[""2165353""]","[""REAR-LEFT-CORNER""]","[""IL""]","[""FORD""]","[""STRAIGHT AHEAD""]","[""EXPLORER""]","[""2""]","[""S""]","[""1""]","[""DRIVER""]","[""NONE""]","[""2064136""]","[""PASSENGER""]","[""POLICE""]","[""2021""]",[],[],[],[],[],"[""Y""]",[],[],[],[],"[""1""]","[""Y""]",[],[],[],[],"['32', '34']","[""NOT APPLICABLE""]","[""TEST NOT OFFERED""]","[""CHICAGO""]","[""2025-10-07T09:52:00.000""]","[""EMERGENCY VEHICLE ON CALL""]","[""NOT OBSCURED""]","[""D""]","[""IL""]","[""NONE""]",[],"[""O2165353"", ""P477848""]","[""DRIVER"", ""PASSENGER""]","[""NORMAL""]","[""SAFETY BELT USED""]","[""F"", ""M""]","[""IL""]","[""2064136""]","[""60625""]",[],"[""3""]",[],[],[],[],2025,10,9,7,False,morning,41.97,-87.69,41.97_-87.69,33.0,32,34,OTHER,0
STRAIGHT AND LEVEL,1931,2025-10-07 09:47:00,3,9,10,320AAD00096832167FD0DA27FD2125F4D03886E8ECC02450EB1029F308586D20351688D42D88C5A58AD599A951883184341728B8CE118B6C9D65A96939D7A6BC,NO INJURY / DRIVE AWAY,"OVER $1,500",FUNCTIONING PROPERLY,TURNING,41.9252123276,DAYLIGHT,-87.6719254251,2,30,UNABLE TO DETERMINE,UNKNOWN,WET,NOT APPLICABLE,W,1730,TRAFFIC SIGNAL,NOT DIVIDED,RAIN,0.0,1.0,0.0,0.0,0.0,1.0,1,1,[],[],[],"[""2025-10-07T09:47:00.000""]","[""2165603"", ""2165604""]","[""REAR-LEFT-CORNER"", ""SIDE-RIGHT""]","[""IL""]","[""MAZDA"", ""SUBARU""]","[""TURNING LEFT"", ""UNKNOWN/NA""]","[""ASCENT"", ""MAZDA6""]","[""1""]","[""W""]","[""1"", ""2""]","[""DRIVER""]","[""NONE"", ""UNKNOWN""]","[""2064351"", ""2064360""]","[""SPORT UTILITY VEHICLE (SUV)"", ""UNKNOWN/NA""]","[""PERSONAL"", ""UNKNOWN/NA""]","[""2016"", ""2019""]","[""N"", ""Y""]","[""N"", ""Y""]",[],[],[],"[""Y""]",[],[],[],[],[],"[""Y""]",[],"[""N"", ""Y""]",[],[],['36'],"[""DEPLOYMENT UNKNOWN"", ""DID NOT DEPLOY""]","[""TEST NOT OFFERED""]","[""CICERO""]","[""2025-10-07T09:47:00.000""]","[""NONE"", ""UNKNOWN""]","[""NOT OBSCURED"", ""UNKNOWN""]","[""D""]","[""IL""]","[""UNKNOWN""]",[],"[""O2165603"", ""O2165604""]","[""DRIVER""]","[""NORMAL"", ""UNKNOWN""]","[""SAFETY BELT NOT USED"", ""USAGE UNKNOWN""]","[""F"", ""M""]","[""IL""]","[""2064351"", ""2064360""]","[""60804""]",[],[],[],[],[],[],2025,10,9,7,False,morning,41.93,-87.67,41.93_-87.67,36.0,36,36,OTHER,0
STRAIGHT AND LEVEL,121,2025-10-07 09:47:00,3,9,10,1169D9AA96FAEA39D2C55EBDA45578B41BEF19DF8F6A3A423087D50C793CEE845BF9F1883FD3A549B1F386CFB80A90126788D546B2B791B8F404DA6E62EA41B9,NO INJURY / DRIVE AWAY,"OVER $1,500",NO CONTROLS,SIDESWIPE SAME DIRECTION,41.8819943382,"DARKNESS, LIGHTED ROAD",-87.6397586849,2,30,FAILING TO YIELD RIGHT-OF-WAY,NO DEFECTS,WET,FAILING TO YIELD RIGHT-OF-WAY,W,500,NO CONTROLS,ONE-WAY,RAIN,0.0,0.0,0.0,0.0,0.0,1.0,1,2,[],"[""Y""]",[],"[""2025-10-07T09:47:00.000""]","[""2165356"", ""2165357""]","[""FRONT-LEFT-CORNER"", ""SIDE-RIGHT""]","[""IL""]","[""TOYOTA""]","[""ENTERING TRAFFIC LANE FROM PARKING"", ""STARTING IN TRAFFIC""]","[""CAMRY"", ""RAV4""]","[""1""]","[""SW""]","[""1"", ""2""]","[""DRIVER""]","[""NONE""]","[""2064137"", ""2064143""]","[""PASSENGER"", ""SPORT UTILITY VEHICLE (SUV)""]","[""TAXI/FOR HIRE""]","[""2011"", ""2019""]","[""Y""]",[],"[""Y""]",[],[],[],[],[],[],[],[],[],[],[],[],[],"['41', '70']","[""NOT APPLICABLE""]","[""TEST NOT OFFERED""]","[""CHICAGO"", ""OAK LAWN""]","[""2025-10-07T09:47:00.000""]","[""FAILED TO YIELD"", ""NONE""]","[""NOT OBSCURED""]","[""D""]","[""IL""]","[""NONE""]",[],"[""O2165356"", ""O2165357""]","[""DRIVER""]","[""NORMAL""]","[""SAFETY BELT USED""]","[""F"", ""M""]","[""IL""]","[""2064137"", ""2064143""]","[""60453"", ""60660""]",[],[],[],[],[],[],2025,10,9,7,False,morning,41.88,-87.64,41.88_-87.64,55.5,41,70,FAILURE-TO-YIELD,0
STRAIGHT AND LEVEL,113,2025-10-07 09:45:00,3,9,10,6ADFCCD02362DD5ED5FC5F65730F67E9523F6D7715198156D611BD62AB51F15D918B4D3E00A01C971D08F9331DF2636C5DE716496C3A24A6B6576263091A6C2E,NO INJURY / DRIVE AWAY,"OVER $1,500",FUNCTIONING PROPERLY,TURNING,41.879454894,DAYLIGHT,-87.6262704749,2,30,IMPROPER TURNING/NO SIGNAL,NO DEFECTS,WET,NOT APPLICABLE,S,200,TRAFFIC SIGNAL,FOUR WAY,CLOUDY/OVERCAST,0.0,0.0,0.0,0.0,0.0,1.0,1,0,[],"[""Y""]",[],"[""2025-10-07T09:45:00.000""]","[""2165391"", ""2165392""]","[""FRONT-LEFT-CORNER"", ""SIDE-RIGHT""]","[""IL""]","[""FREIGHTLINER CORPORATION"", ""HONDA""]","[""TURNING RIGHT""]","[""CR-V"", ""FREIGHTLINER CORP.""]","[""1""]","[""S""]","[""1"", ""2""]","[""DRIVER""]","[""NONE""]","[""2064167"", ""2064172""]","[""BUS UP TO 15 PASS."", ""PASSENGER""]","[""OTHER"", ""PERSONAL""]","[""2024"", ""2026""]","[""Y""]","[""Y""]","[""Y""]",[],[],[],[],"[""Y""]","[""Y""]",[],[],[],[],[],[],[],[],"[""NOT APPLICABLE""]","[""TEST NOT OFFERED""]","[""BRIDGEVIEW"", ""WHEATON""]","[""2025-10-07T09:45:00.000""]","[""IMPROPER TURN"", ""NONE""]","[""NOT OBSCURED""]",[],"[""IL""]","[""NONE""]",[],"[""O2165391"", ""O2165392""]","[""DRIVER""]","[""NORMAL"", ""UNKNOWN""]","[""USAGE UNKNOWN""]","[""M""]","[""IL""]","[""2064167"", ""2064172""]","[""60189"", ""60455""]",[],[],[],[],[],[],2025,10,9,7,False,morning,41.88,-87.63,41.88_-87.63,0.0,0,0,OTHER,0
STRAIGHT AND LEVEL,1813,2025-10-07 09:44:00,3,9,10,FEDC4ECD5447D5C612E61E1FDA05E0B1DD65363A8CC0ECBE3D8D4D7D0B3D0D2858D8E3F248F7E89E9D2898321F6996E931AA3329535F400BF28F1F8B8CB7C6E4,NO INJURY / DRIVE AWAY,"OVER $1,500",NO CONTROLS,PARKED MOTOR VEHICLE,41.9158995043,UNKNOWN,-87.64856851,2,25,NOT APPLICABLE,UNKNOWN,UNKNOWN,NOT APPLICABLE,N,1874,NO CONTROLS,PARKING LOT,CLEAR,0.0,1.0,0.0,0.0,0.0,1.0,2,0,"[""Y""]","[""Y""]",[],"[""2025-10-07T09:44:00.000""]","[""2166807"", ""2166808""]","[""REAR"", ""REAR-LEFT-CORNER""]","[""IL""]","[""FREIGHTLINER CORPORATION"", ""JEEP""]","[""PARKED"", ""UNKNOWN/NA""]","[""CHEROKEE"", ""OTHER (EXPLAIN IN NARRATIVE)""]","[""0"", ""1""]","[""UNKNOWN""]","[""1"", ""2""]","[""DRIVER"", ""PARKED""]","[""UNKNOWN""]","[""2065499"", ""2065500""]","[""PASSENGER"", ""SINGLE UNIT TRUCK WITH TRAILER""]","[""NOT IN USE"", ""UNKNOWN/NA""]","[""1992""]","[""Y""]","[""Y""]","[""Y""]",[],[],"[""Y""]",[],"[""Y""]","[""Y""]",[],[],"[""Y""]",[],"[""Y""]","[""Y""]",[],[],"[""DEPLOYMENT UNKNOWN""]","[""TEST NOT OFFERED""]",[],"[""2025-10-07T09:44:00.000""]","[""UNKNOWN""]","[""UNKNOWN""]",[],[],"[""UNKNOWN""]",[],"[""O2166807""]","[""DRIVER""]","[""UNKNOWN""]","[""USAGE UNKNOWN""]","[""X""]",[],"[""2065499""]",[],[],[],[],[],[],[],2025,10,9,7,False,morning,41.92,-87.65,41.92_-87.65,0.0,0,0,OTHER,0
STRAIGHT AND LEVEL,2522,2025-10-07 09:37:00,3,9,10,9B69E43879B7E2B7F93A1C0F4E6EB39DBAE69987387E63E2ADE583EA0A3AF1A51503E44FA7B534691F3B7EEDDECC4BA83ADE9C03BB8D6BFE0020AEE11B372BB3,NO INJURY / DRIVE AWAY,"OVER $1,500",FUNCTIONING PROPERLY,SIDESWIPE SAME DIRECTION,41.9169831126,DAYLIGHT,-87.7459665849,2,30,UNABLE TO DETERMINE,NO DEFECTS,WET,NOT APPLICABLE,N,2001,TRAFFIC SIGNAL,NOT DIVIDED,RAIN,0.0,0.0,0.0,0.0,0.0,1.0,1,2,[],[],[],"[""2025-10-07T09:37:00.000""]","[""2166984"", ""2166985""]","[""FRONT"", ""SIDE-LEFT""]","[""IL""]","[""HONDA"", ""TOYOTA""]","[""MERGING"", ""UNKNOWN/NA""]","[""OTHER (EXPLAIN IN NARRATIVE)""]","[""1""]","[""S""]","[""1"", ""2""]","[""DRIVER""]","[""UNKNOWN""]","[""2065665"", ""2065666""]","[""PASSENGER"", ""VAN/MINI-VAN""]","[""UNKNOWN/NA""]","[""2008"", ""2013""]",[],[],"[""Y""]",[],[],[],"[""Y""]",[],"[""Y""]",[],[],[],[],[],[],[],"['27', '41']","[""DEPLOYMENT UNKNOWN""]","[""TEST NOT OFFERED""]","[""AURORA"", ""CHICAGO""]","[""2025-10-07T09:37:00.000""]","[""NONE"", ""UNKNOWN""]","[""UNKNOWN""]",[],[],"[""NONE""]",[],"[""O2166984"", ""O2166985""]","[""DRIVER""]","[""NORMAL"", ""UNKNOWN""]","[""USAGE UNKNOWN""]","[""M""]","[""IL""]","[""2065665"", ""2065666""]","[""60505"", ""60659""]",[],[],[],[],[],[],2025,10,9,7,False,morning,41.92,-87.75,41.92_-87.75,34.0,27,41,OTHER,0
STRAIGHT AND LEVEL,1022,2025-10-07 09:30:00,3,9,10,D24A37F91836B32719CE691E0386BC48713B67052778D02F2276D9F4A958C097AEAA85D35F34C38D16C2BB72440A36D0ADC9ED6FB215D964925BD4759641310D,NO INJURY / DRIVE AWAY,"OVER $1,500",FUNCTIONING PROPERLY,REAR END,41.8518757868,DAYLIGHT,-87.705196517,2,25,UNABLE TO DETERMINE,UNKNOWN,WET,UNABLE TO DETERMINE,W,3158,TRAFFIC SIGNAL,DIVIDED - W/MEDIAN (NOT RAISED),RAIN,0.0,0.0,0.0,0.0,0.0,1.0,1,1,"[""Y""]",[],"[""Y""]","[""2025-10-07T09:30:00.000""]","[""2165429"", ""2165430""]","[""FRONT"", ""UNKNOWN""]","[""IA"", ""IL""]","[""FORD"", ""MITSUBISHI""]","[""STRAIGHT AHEAD"", ""UNKNOWN/NA""]","[""OTHER (EXPLAIN IN NARRATIVE)"", ""OUTLANDER""]","[""1""]","[""UNKNOWN"", ""W""]","[""1"", ""2""]","[""DRIVER""]","[""UNKNOWN""]","[""2064206"", ""2064209""]","[""PASSENGER"", ""UNKNOWN/NA""]","[""PERSONAL"", ""UNKNOWN/NA""]","[""2011""]",[],[],"[""Y""]",[],[],[],"[""Y""]",[],[],[],[],[],[],[],[],[],['25'],"[""DEPLOYMENT UNKNOWN""]","[""TEST NOT OFFERED""]","[""CHICAGO""]","[""2025-10-07T09:30:00.000""]","[""UNKNOWN""]","[""UNKNOWN""]","[""D""]","[""IL""]","[""UNKNOWN""]",[],"[""O2165429"", ""O2165430""]","[""DRIVER""]","[""UNKNOWN""]","[""USAGE UNKNOWN""]","[""F"", ""X""]","[""IL""]","[""2064206"", ""2064209""]","[""60623""]",[],[],[],[],[],[],2025,10,9,7,False,morning,41.85,-87.71,41.85_-87.71,25.0,25,25,OTHER,0