alignment,beat_of_occurrence,crash_date,crash_day_of_week,crash_hour,crash_month,crash_record_id,crash_type,damage,device_condition,first_crash_type,latitude,lighting_condition,longitude,num_units,posted_speed_limit,prim_contributory_cause,road_defect,roadway_surface_cond,sec_contributory_cause,street_direction,street_no,traffic_control_device,trafficway_type,weather_condition,private_property_i,hit_and_run_i,intersection_related_i,crash_date_est_i,work_zone_i,workers_present_i,veh_count,ppl_count,veh_area_01_i_list_json,veh_area_02_i_list_json,veh_area_12_i_list_json,veh_crash_date_list_json,veh_crash_unit_id_list_json,veh_first_contact_point_list_json,veh_lic_plate_state_list_json,veh_make_list_json,veh_maneuver_list_json,veh_model_list_json,veh_occupant_cnt_list_json,veh_travel_direction_list_json,veh_unit_no_list_json,veh_unit_type_list_json,veh_vehicle_defect_list_json,veh_vehicle_id_list_json,veh_vehicle_type_list_json,veh_vehicle_use_list_json,veh_vehicle_year_list_json,veh_area_03_i_list_json,veh_area_04_i_list_json,veh_area_11_i_list_json,veh_towed_by_list_json,veh_towed_i_list_json,veh_area_07_i_list_json,veh_area_99_i_list_json,veh_area_09_i_list_json,veh_area_10_i_list_json,veh_cmrc_veh_i_list_json,veh_num_passengers_list_json,veh_area_08_i_list_json,veh_area_00_i_list_json,veh_area_05_i_list_json,veh_area_06_i_list_json,veh_towed_to_list_json,ppl_age_list_json,ppl_airbag_deployed_list_json,ppl_bac_result_list_json,ppl_city_list_json,ppl_crash_date_list_json,ppl_driver_action_list_json,ppl_driver_vision_list_json,ppl_drivers_license_class_list_json,ppl_drivers_license_state_list_json,ppl_ejection_list_json,ppl_hospital_list_json,ppl_person_id_list_json,ppl_person_type_list_json,ppl_physical_condition_list_json,ppl_safety_equipment_list_json,ppl_sex_list_json,ppl_state_list_json,ppl_vehicle_id_list_json,ppl_zipcode_list_json,ppl_ems_agency_list_json,ppl_seat_no_list_json,ppl_pedpedal_action_list_json,ppl_pedpedal_location_list_json,ppl_pedpedal_visibility_list_json,ppl_ems_run_no_list_json,year,month,hour,day,is_weekend,hour_bin,lat_bin,lng_bin,grid_id,ppl_age_mean,ppl_age_min,ppl_age_max,prim_contributory_cause_group,ksi_flag
STRAIGHT AND LEVEL,121,2025-10-07 09:23:00,3,9,10,B932285F7161E50BD09B027E88DA8EEA0F33AD5231B7AF202EF0E0D92D5C833442E48E0003FAD2398036EF70E0E294A56565323D19F97FCEDB085B97F95EC88F,NO INJURY / DRIVE AWAY,"$501 - $1,500",FUNCTIONING PROPERLY,TURNING,41.8845690773,DAYLIGHT,-87.6396515605,2,30,UNABLE TO DETERMINE,NO DEFECTS,WET,UNABLE TO DETERMINE,N,149,TRAFFIC SIGNAL,FOUR WAY,RAIN,0.0,0.0,1.0,0.0,0.0,1.0,1,2,"[""Y""]",[],[],"[""2025-10-07T09:23:00.000""]","[""2165363"", ""2165364""]","[""FRONT-RIGHT-CORNER"", ""SIDE-LEFT-REAR""]","[""IL""]","[""AUDI"", ""FREIGHTLINER CORPORATION""]","[""TURNING LEFT""]","[""FREIGHTLINER CORP."", ""Q7""]","[""1""]","[""N""]","[""1"", ""2""]","[""DRIVER""]","[""UNKNOWN""]","[""2064191"", ""2064201""]","[""BUS UP TO 15 PASS."", ""PASSENGER""]","[""OTHER"", ""UNKNOWN/NA""]","[""2017"", ""2023""]",[],[],[],[],[],"[""Y""]",[],[],[],[],[],[],[],[],[],[],"['68', '76']","[""DID NOT DEPLOY""]","[""TEST NOT OFFERED""]","[""NORTHBROOK"", ""RIVERDALE""]","[""2025-10-07T09:23:00.000""]","[""UNKNOWN""]","[""UNKNOWN""]",[],"[""IL""]","[""NONE""]",[],"[""O2165363"", ""O2165364""]","[""DRIVER""]","[""NORMAL""]","[""USAGE UNKNOWN""]","[""M""]","[""IL""]","[""2064191"", ""2064201""]","[""60062"", ""60827""]",[],[],[],[],[],[],2025,10,9,7,False,morning,41.88,-87.64,41.88_-87.64,72.0,68,76,OTHER,0
STRAIGHT AND LEVEL,131,2025-10-07 09:20:00,3,9,10,A5A65F7233EDA51A1CF5FCFC069E41E6066BE8E19B94695690357E93017023B062109EFABBCF431D8E092BB0819DBBF97378ADB7EDB528FDDE2275777E3D76A4,NO INJURY / DRIVE AWAY,"OVER $1,500",FUNCTIONING PROPERLY,REAR END,41.8509725795,DAYLIGHT,-87.6271887168,2,30,FOLLOWING TOO CLOSELY,NO DEFECTS,WET,UNABLE TO DETERMINE,S,2300,TRAFFIC SIGNAL,FOUR WAY,RAIN,0.0,0.0,1.0,0.0,0.0,1.0,1,0,[],[],[],"[""2025-10-07T09:20:00.000""]","[""2165369"", ""2165370""]","[""FRONT"", ""REAR""]",[],"[""CHEVROLET"", ""TOYOTA""]","[""STRAIGHT AHEAD""]","[""AVALON"", ""CRUZE""]","[""1""]","[""S""]","[""1"", ""2""]","[""DRIVER""]","[""UNKNOWN""]","[""2064151"", ""2064159""]","[""PASSENGER""]","[""PERSONAL""]","[""2013"", ""2017""]",[],[],[],[],[],[],[],[],[],[],[],[],[],[],[],[],[],"[""DID NOT DEPLOY""]","[""TEST NOT OFFERED""]",[],"[""2025-10-07T09:20:00.000""]","[""FOLLOWED TOO CLOSELY"", ""NONE""]","[""NOT OBSCURED""]",[],[],"[""NONE""]",[],"[""O2165369"", ""O2165370""]","[""DRIVER""]","[""NORMAL""]","[""SAFETY BELT USED""]","[""F"", ""M""]",[],"[""2064151"", ""2064159""]",[],[],[],[],[],[],[],2025,10,9,7,False,morning,41.85,-87.63,41.85_-87.63,0.0,0,0,FOLLOWING TOO CLOSELY,0
STRAIGHT AND LEVEL,733,2025-10-07 09:20:00,3,9,10,9780A4D83BB0B7ABBCF52FE9D3BD979A132D6049FE67FD8AA01622DE07B709151233196F311EB975A5E8DDD791A63453FF6620166E9F2C97A3D7CE5E67FD40DF,NO INJURY / DRIVE AWAY,"OVER $1,500",NO CONTROLS,REAR END,41.7583560097,DAYLIGHT,-87.6537959529,2,30,DISTRACTION - FROM OUTSIDE VEHICLE,NO DEFECTS,WET,DISTRACTION - FROM OUTSIDE VEHICLE,S,7443,NO CONTROLS,NOT DIVIDED,RAIN,0.0,0.0,0.0,0.0,0.0,1.0,1,2,"[""N""]",[],"[""Y""]","[""2025-10-07T09:20:00.000""]","[""2165315"", ""2165316""]","[""FRONT"", ""REAR""]","[""IL""]","[""HYUNDAI"", ""TOYOTA""]","[""STRAIGHT AHEAD""]","[""CAMRY"", ""ELANTRA""]","[""1"", ""2""]","[""S""]","[""1"", ""2""]","[""DRIVER""]","[""NONE""]","[""2064101"", ""2064114""]","[""PASSENGER""]","[""PERSONAL""]","[""2014"", ""2025""]",[],[],"[""N""]",[],[],"[""Y""]",[],[],[],[],"[""1""]",[],[],"[""Y""]","[""Y""]",[],"['33', '73']","[""DID NOT DEPLOY""]","[""TEST NOT OFFERED""]","[""CALUMET CITY"", ""CHICAGO""]","[""2025-10-07T09:20:00.000""]","[""FAILED TO YIELD"", ""NONE""]","[""WINDSHIELD (WATER/ICE)""]","[""D""]","[""IL""]","[""NONE""]",[],"[""O2165315"", ""O2165316"", ""P477844""]","[""DRIVER"", ""PASSENGER""]","[""NORMAL""]","[""SAFETY BELT USED""]","[""F"", ""M""]","[""IL""]","[""2064101"", ""2064114""]","[""60409"", ""60615"", ""60620""]",[],"[""2""]",[],[],[],[],2025,10,9,7,False,morning,41.76,-87.65,41.76_-87.65,53.0,33,73,DISTRACTION/INATTENTION,0
STRAIGHT AND LEVEL,2223,2025-10-07 09:15:00,3,9,10,E4B0F605D97C5F30380ABCA6713C6AB8C015910F8B240417E8FA3AB514C34BA038DED1DE4586DBAF799978F2762EF69CB17632F2A1729524C86A4738B7461333,NO INJURY / DRIVE AWAY,"OVER $1,500",NO CONTROLS,REAR END,41.7215107189,DAYLIGHT,-87.6481364198,2,30,UNABLE TO DETERMINE,NO DEFECTS,WET,UNABLE TO DETERMINE,W,1000,NO CONTROLS,DIVIDED - W/MEDIAN (NOT RAISED),RAIN,0.0,0.0,0.0,0.0,0.0,1.0,1,1,[],[],"[""Y""]","[""2025-10-07T09:15:00.000""]","[""2165394"", ""2165395""]","[""FRONT"", ""REAR""]","[""IL""]","[""FORD""]","[""STRAIGHT AHEAD""]","[""ESCAPE"", ""FUSION""]","[""1""]","[""W""]","[""1"", ""2""]","[""DRIVER""]","[""NONE""]","[""2064165"", ""2064171""]","[""PASSENGER"", ""SPORT UTILITY VEHICLE (SUV)""]","[""PERSONAL""]","[""2017""]",[],[],[],[],[],[],[],[],[],[],[],[],[],[],"[""Y""]",[],['65'],"[""DID NOT DEPLOY""]","[""TEST NOT OFFERED""]","[""CHICAGO""]","[""2025-10-07T09:15:00.000""]","[""NONE""]","[""NOT OBSCURED""]","[""D""]","[""IL"", ""XX""]","[""NONE""]",[],"[""O2165394"", ""O2165395""]","[""DRIVER""]","[""NORMAL""]","[""SAFETY BELT USED""]","[""F""]","[""IL""]","[""2064165"", ""2064171""]","[""60620""]",[],[],[],[],[],[],2025,10,9,7,False,morning,41.72,-87.65,41.72_-87.65,65.0,65,65,OTHER,0
STRAIGHT AND LEVEL,1123,2025-10-07 09:15:00,3,9,10,A7BF2E29F7717F04A8A1CC4ED0ECDC7392D15C0DFA62A844F03F68FA19897C555F2C5CE2E75620EB815150B64405A0AAB1C7986B6A5C1F27C528C55FEB5CBCC0,NO INJURY / DRIVE AWAY,"OVER $1,500",NO CONTROLS,TURNING,41.8818207769,DAYLIGHT,-87.7126926665,2,30,IMPROPER TURNING/NO SIGNAL,NO DEFECTS,WET,UNABLE TO DETERMINE,W,3432,NO CONTROLS,NOT DIVIDED,RAIN,0.0,0.0,0.0,0.0,0.0,1.0,1,2,[],[],"[""Y""]","[""2025-10-07T09:15:00.000""]","[""2165296"", ""2165297""]","[""FRONT-LEFT-CORNER"", ""REAR-RIGHT-CORNER""]","[""IL""]","[""HONDA"", ""SCION""]","[""STRAIGHT AHEAD"", ""TURNING LEFT""]","[""RIDGELINE"", ""XB""]","[""1""]","[""SW"", ""W""]","[""1"", ""2""]","[""DRIVER""]","[""NONE""]","[""2064080"", ""2064092""]","[""PASSENGER"", ""PICKUP""]","[""PERSONAL""]","[""2011"", ""2013""]",[],"[""Y""]","[""Y""]",[],[],[],[],[],[],[],[],[],[],"[""Y""]",[],[],"['38', '65']","[""DID NOT DEPLOY""]","[""TEST NOT OFFERED""]","[""CHICAGO"", ""ROCKFORD""]","[""2025-10-07T09:15:00.000""]","[""IMPROPER TURN"", ""NONE""]","[""NOT OBSCURED""]","[""D"", ""DM""]","[""IL""]","[""NONE""]",[],"[""O2165296"", ""O2165297""]","[""DRIVER""]","[""NORMAL""]","[""SAFETY BELT USED""]","[""F"", ""M""]","[""IL""]","[""2064080"", ""2064092""]","[""60639"", ""61107""]",[],[],[],[],[],[],2025,10,9,7,False,morning,41.88,-87.71,41.88_-87.71,51.5,38,65,OTHER,0
STRAIGHT AND LEVEL,2433,2025-10-07 09:15:00,3,9,10,5118DC5DE0E41BD7FCDED03C67C92DA2296411535BCEEC8AFCF1E4511AE45EF2BE173EB0490078FD4BF7DFE3CF53052B4CD5E8FE02FA7E5F6CA9C61CC24001CA,NO INJURY / DRIVE AWAY,"OVER $1,500",NO CONTROLS,SIDESWIPE SAME DIRECTION,41.9947005965,DAYLIGHT,-87.6571830589,2,25,UNABLE TO DETERMINE,NO DEFECTS,WET,NOT APPLICABLE,W,1040,NO CONTROLS,NOT DIVIDED,RAIN,0.0,0.0,0.0,0.0,0.0,1.0,1,2,[],"[""Y""]",[],"[""2025-10-07T09:15:00.000""]","[""2165334"", ""2165335""]","[""FRONT-LEFT-CORNER"", ""SIDE-RIGHT""]","[""IL""]","[""HONDA"", ""TOYOTA""]","[""ENTERING TRAFFIC LANE FROM PARKING"", ""STRAIGHT AHEAD""]","[""ODYSSEY"", ""YARIS""]","[""1""]","[""W""]","[""1"", ""2""]","[""DRIVER""]","[""NONE""]","[""2064106"", ""2064112""]","[""PASSENGER""]","[""PERSONAL""]","[""2006"", ""2009""]","[""Y""]","[""Y""]","[""Y""]",[],[],[],[],[],"[""Y""]",[],[],[],[],"[""Y""]",[],[],"['31', '45']","[""DID NOT DEPLOY""]","[""TEST NOT OFFERED""]","[""CHICAGO""]","[""2025-10-07T09:15:00.000""]","[""NONE""]","[""NOT OBSCURED""]","[""D""]","[""IL""]","[""NONE""]",[],"[""O2165334"", ""O2165335""]","[""DRIVER""]","[""NORMAL""]","[""SAFETY BELT USED""]","[""M""]","[""IL""]","[""2064106"", ""2064112""]","[""60660""]",[],[],[],[],[],[],2025,10,9,7,False,morning,41.99,-87.66,41.99_-87.66,38.0,31,45,OTHER,0
STRAIGHT AND LEVEL,112,2025-10-07 09:11:00,3,9,10,960EF779B6A9DDC71E517CD14ADA5130C2D98D44B27E5D87B51D42309E7185E9437B7A51E81CEDD3D30D4D82B367DEBD93E5285D6CCD1389A247DB5615D1F510,NO INJURY / DRIVE AWAY,"OVER $1,500",FUNCTIONING PROPERLY,TURNING,41.8795820467,DAYLIGHT,-87.6262756143,2,30,IMPROPER OVERTAKING/PASSING,NO DEFECTS,DRY,IMPROPER OVERTAKING/PASSING,S,198,TRAFFIC SIGNAL,ONE-WAY,CLEAR,0.0,0.0,0.0,0.0,0.0,1.0,1,2,[],[],[],"[""2025-10-07T09:11:00.000""]","[""2166036"", ""2166037""]","[""FRONT-LEFT-CORNER"", ""SIDE-RIGHT""]","[""IL""]","[""FREIGHTLINER CORPORATION"", ""HONDA""]","[""PASSING/OVERTAKING"", ""TURNING RIGHT""]","[""CR-V"", ""FREIGHTLINER CORP.""]","[""1""]","[""E"", ""N""]","[""1"", ""2""]","[""DRIVER""]","[""NONE""]","[""2064776"", ""2064784""]","[""BUS UP TO 15 PASS."", ""PASSENGER""]","[""PERSONAL"", ""SCHOOL BUS""]","[""2024"", ""2026""]","[""Y""]",[],"[""Y""]",[],[],[],[],[],"[""Y""]",[],[],[],[],[],[],[],"['37', '73']","[""DID NOT DEPLOY""]","[""TEST NOT OFFERED""]","[""CHICAGO"", ""WHEATON""]","[""2025-10-07T09:11:00.000""]","[""IMPROPER LANE CHANGE"", ""NONE""]","[""NOT OBSCURED""]",[],"[""IL""]","[""NONE""]",[],"[""O2166036"", ""O2166037""]","[""DRIVER""]","[""NORMAL""]","[""SAFETY BELT USED""]","[""M""]","[""IL""]","[""2064776"", ""2064784""]",[],[],[],[],[],[],[],2025,10,9,7,False,morning,41.88,-87.63,41.88_-87.63,55.0,37,73,OTHER,0
STRAIGHT AND LEVEL,1031,2025-10-07 09:10:00,3,9,10,02376CC0E2F43AD321CC29048E4C013649EF9BBE41373963D45E8FEC771883F1F0172A12C2BA4D8F3DA03583477A1BC5AFF953A8CBE90AE0A357DE7CE31F1735,NO INJURY / DRIVE AWAY,"OVER $1,500",NO CONTROLS,PARKED MOTOR VEHICLE,41.8441024075,DAYLIGHT,-87.7275869778,2,10,UNABLE TO DETERMINE,NO DEFECTS,WET,UNABLE TO DETERMINE,W,4115,NO CONTROLS,PARKING LOT,RAIN,1.0,0.0,0.0,0.0,0.0,1.0,2,1,[],"[""Y""]","[""Y""]","[""2025-10-07T09:10:00.000""]","[""2165980"", ""2165981""]","[""FRONT-LEFT-CORNER"", ""REAR-RIGHT-CORNER""]","[""IL""]","[""HONDA"", ""TOYOTA""]","[""ENTER FROM DRIVE/ALLEY"", ""PARKED""]","[""CR-V"", ""RAV4""]","[""0"", ""1""]","[""E"", ""N""]","[""1"", ""2""]","[""DRIVER"", ""PARKED""]","[""NONE""]","[""2064721"", ""2064724""]","[""SPORT UTILITY VEHICLE (SUV)""]","[""NOT IN USE"", ""PERSONAL""]","[""2025""]","[""Y""]","[""Y""]","[""Y""]",[],[],[],[],[],"[""Y""]",[],[],[],[],"[""Y""]","[""Y""]",[],['56'],"[""DID NOT DEPLOY""]","[""TEST NOT OFFERED""]","[""CHICAGO""]","[""2025-10-07T09:10:00.000""]","[""OTHER""]","[""UNKNOWN""]","[""D""]","[""IL""]","[""NONE""]","[""NONE""]","[""O2165980""]","[""DRIVER""]","[""UNKNOWN""]","[""SAFETY BELT USED""]","[""F""]","[""IL""]","[""2064721""]","[""60617""]",[],[],[],[],[],[],2025,10,9,7,False,morning,41.84,-87.73,41.84_-87.73,56.0,56,56,OTHER,0
STRAIGHT AND LEVEL,411,2025-10-07 09:10:00,3,9,10,1C405EC3E1418DE93FE95B79560312519F4B8719D7E36E760D254061ED6CDF9672B0872DD2E75A569080326ED5A7D06F50A4DBBACE9AB0F5AEFB53F84E331D2C,NO INJURY / DRIVE AWAY,"$501 - $1,500",NO CONTROLS,REAR END,41.7496995768,DAYLIGHT,-87.5859572415,2,35,UNABLE TO DETERMINE,NO DEFECTS,DRY,UNABLE TO DETERMINE,S,8000,NO CONTROLS,DIVIDED - W/MEDIAN BARRIER,CLEAR,0.0,0.0,0.0,0.0,0.0,1.0,1,2,[],[],"[""Y""]","[""2025-10-07T09:10:00.000""]","[""2166026"", ""2166027""]","[""FRONT"", ""REAR""]","[""IL""]","[""CHEVROLET"", ""FORD""]","[""STRAIGHT AHEAD""]","[""COBALT"", ""ESCAPE""]","[""1""]","[""N""]","[""1"", ""2""]","[""DRIVER""]","[""NONE"", ""UNKNOWN""]","[""2064769"", ""2064773""]","[""PASSENGER"", ""SPORT UTILITY VEHICLE (SUV)""]","[""PERSONAL""]","[""2006"", ""2017""]",[],[],[],[],[],[],[],[],[],[],[],[],[],[],"[""Y""]",[],"['20', '25']","[""NOT APPLICABLE""]","[""TEST NOT OFFERED""]","[""CALUMET CITY"", ""LANSING""]","[""2025-10-07T09:10:00.000""]","[""NONE"", ""UNKNOWN""]","[""UNKNOWN""]","[""D""]","[""IL""]","[""NONE"", ""UNKNOWN""]",[],"[""O2166026"", ""O2166027""]","[""DRIVER""]","[""NORMAL"", ""UNKNOWN""]","[""SAFETY BELT USED"", ""USAGE UNKNOWN""]","[""F""]","[""IL""]","[""2064769"", ""2064773""]","[""60409"", ""60438""]",[],[],[],[],[],[],2025,10,9,7,False,morning,41.75,-87.59,41.75_-87.59,22.5,20,25,OTHER,0
STRAIGHT AND LEVEL,213,2025-10-07 09:07:00,3,9,10,05D9477BE52DA46C8FAA602AF0C3DE0373AE9E89DD807DFCF7ECF5122F605E129DB806B3CEA1D80131298D518B3EDF5790E1E5ACDDB6696FC54246D20884C7DC,NO INJURY / DRIVE AWAY,"$501 - $1,500",NO CONTROLS,REAR END,41.8736407663,DAYLIGHT,-87.6723897727,2,30,UNABLE TO DETERMINE,UNKNOWN,WET,WEATHER,S,4100,NO CONTROLS,NOT DIVIDED,RAIN,0.0,0.0,0.0,0.0,0.0,1.0,1,2,[],[],"[""Y""]","[""2025-10-07T09:07:00.000""]","[""2165411"", ""2165412""]","[""FRONT"", ""REAR""]","[""IL""]","[""CHRYSLER"", ""TOYOTA""]","[""STRAIGHT AHEAD""]","[""PACIFICA"", ""YARIS""]","[""1""]","[""N""]","[""1"", ""2""]","[""DRIVER""]","[""UNKNOWN""]","[""2064186"", ""2064196""]","[""PASSENGER"", ""UNKNOWN/NA""]","[""PERSONAL"", ""UNKNOWN/NA""]","[""2008"", ""2017""]",[],[],"[""N""]",[],[],[],[],[],[],[],[],[],[],[],"[""Y""]",[],"['24', '38']","[""NOT APPLICABLE""]","[""TEST NOT OFFERED""]","[""CHICAGO""]","[""2025-10-07T09:07:00.000""]","[""NONE"", ""UNKNOWN""]","[""UNKNOWN""]","[""D""]","[""IL""]","[""NONE""]",[],"[""O2165411"", ""O2165412""]","[""DRIVER""]","[""UNKNOWN""]","[""USAGE UNKNOWN""]","[""F""]","[""IL""]","[""2064186"", ""2064196""]","[""60637"", ""60653""]",[],[],[],[],[],[],2025,10,9,7,False,morning,41.87,-87.67,NAN_NAN,31.0,24,38,OTHER,0
STRAIGHT AND LEVEL,1824,2025-10-07 09:05:00,3,9,10,71A6772A36B15772891279994A146B303F105E21347A5C0DF2C65CAAF75481E77F641B607601CE8D025C2E063710DFFF8051D8E9036A162CEACACDBB7CBB9375,NO INJURY / DRIVE AWAY,"OVER $1,500",NO CONTROLS,SIDESWIPE SAME DIRECTION,41.9079099261,DAYLIGHT,-87.6257410883,2,40,IMPROPER LANE USAGE,NO DEFECTS,WET,NOT APPLICABLE,N,1400,NO CONTROLS,DIVIDED - W/MEDIAN BARRIER,RAIN,0.0,0.0,0.0,0.0,0.0,1.0,1,0,[],[],[],"[""2025-10-07T09:05:00.000""]","[""2165336"", ""2165337""]","[""SIDE-LEFT-FRONT"", ""SIDE-RIGHT-REAR""]","[""IL""]","[""JEEP""]","[""CHANGING LANES"", ""STRAIGHT AHEAD""]","[""RENEGADE""]","[""1""]","[""N""]","[""1"", ""2""]","[""DRIVER""]","[""NONE""]","[""2064113"", ""2064120""]","[""PASSENGER""]","[""PERSONAL""]","[""2018""]",[],"[""Y""]","[""Y""]",[],[],[],[],"[""Y""]","[""Y""]",[],[],[],[],"[""Y""]",[],[],[],"[""NOT APPLICABLE""]","[""TEST NOT OFFERED""]","[""CHICAGO""]","[""2025-10-07T09:05:00.000""]","[""IMPROPER LANE CHANGE"", ""NONE""]","[""NOT OBSCURED""]",[],"[""IL""]","[""NONE""]",[],"[""O2165336"", ""O2165337""]","[""DRIVER""]","[""NORMAL""]","[""SAFETY BELT USED""]","[""F"", ""M""]","[""IL""]","[""2064113"", ""2064120""]","[""60605"", ""60629""]",[],[],[],[],[],[],2025,10,9,7,False,morning,41.91,-87.63,41.91_-87.63,0.0,0,0,OTHER,0
STRAIGHT AND LEVEL,213,2025-10-07 09:05:00,3,9,10,76E0F398C83FC8D47EAB8B17E31DBE12C466CC848B7C035944A81D1705AA3E9727B2E16D10E630E7F980893A820CDF7D0221243DFF7CB4CB99F3716B07124C88,NO INJURY / DRIVE AWAY,"$501 - $1,500",FUNCTIONING PROPERLY,REAR END,41.8201859225,DAYLIGHT,-87.6170422784,2,30,UNABLE TO DETERMINE,NO DEFECTS,DRY,NOT APPLICABLE,S,4100,TRAFFIC SIGNAL,DIVIDED - W/MEDIAN (NOT RAISED),RAIN,0.0,0.0,0.0,0.0,0.0,1.0,1,2,[],[],[],"[""2025-10-07T09:05:00.000""]","[""2165345"", ""2165346""]","[""REAR"", ""TOTAL (ALL AREAS)""]","[""IL""]","[""CHRYSLER"", ""TOYOTA""]","[""STRAIGHT AHEAD""]","[""PACIFICA"", ""YARIS""]","[""1""]","[""N""]","[""1"", ""2""]","[""DRIVER""]","[""NONE""]","[""2064123"", ""2064127""]","[""PASSENGER""]","[""PERSONAL""]","[""2017""]",[],[],[],[],[],"[""Y""]","[""Y""]",[],[],[],[],[],[],"[""Y""]","[""Y""]",[],"['24', '38']","[""NOT APPLICABLE""]","[""TEST NOT OFFERED"", ""TEST REFUSED""]","[""CHICAGO""]","[""2025-10-07T09:05:00.000""]","[""NONE""]","[""NOT OBSCURED""]","[""D""]","[""IL""]","[""NONE""]",[],"[""O2165345"", ""O2165346""]","[""DRIVER""]","[""NORMAL""]","[""SAFETY BELT USED""]","[""F""]","[""IL""]","[""2064123"", ""2064127""]","[""60637"", ""60653""]",[],[],[],[],[],[],2025,10,9,7,False,morning,41.82,-87.62,41.82_-87.62,31.0,24,38,OTHER,0
STRAIGHT AND LEVEL,132,2025-10-07 09:04:00,3,9,10,A64D5DE65440624361F32DAD8949059925362964F14AAE91BF47D0EE8A218C165412DE027076A852D5FF6A658DD96629FD47A2659578BFD9D298F9849C4CBDA7,INJURY AND / OR TOW DUE TO CRASH,"OVER $1,500",NO CONTROLS,SIDESWIPE SAME DIRECTION,41.8674842272,DAYLIGHT,-87.6191503834,3,45,FAILING TO YIELD RIGHT-OF-WAY,UNKNOWN,WET,IMPROPER LANE USAGE,S,1200,NO CONTROLS,ONE-WAY,RAIN,0.0,0.0,0.0,0.0,0.0,1.0,1,4,"[""Y""]","[""Y""]","[""Y""]","[""2025-10-07T09:04:00.000""]","[""2165386"", ""2165387"", ""2165388""]","[""FRONT-LEFT-CORNER"", ""SIDE-LEFT"", ""SIDE-RIGHT-FRONT""]","[""IL""]","[""HYUNDAI"", ""NISSAN"", ""TOYOTA""]","[""CHANGING LANES"", ""STRAIGHT AHEAD""]","[""RAV4"", ""SENTRA"", ""VENUE""]","[""1"", ""2""]","[""N""]","[""1"", ""2"", ""3""]","[""DRIVER""]","[""UNKNOWN""]","[""2064162"", ""2064200"", ""2064202""]","[""PASSENGER""]","[""PERSONAL""]","[""2021""]",[],[],"[""N"", ""Y""]","[""PRIVATE TOW""]","[""Y""]",[],[],"[""Y""]","[""Y""]",[],"[""1""]",[],[],[],[],[],"['14', '19', '30', '53']","[""DID NOT DEPLOY""]","[""TEST NOT OFFERED""]","[""CHICAGO"", ""STREAMWOOD""]","[""2025-10-07T09:04:00.000""]","[""IMPROPER LANE CHANGE"", ""NONE""]","[""UNKNOWN""]",[],"[""IL""]","[""NONE""]","[""RUSH HOSPITAL""]","[""O2165386"", ""O2165387"", ""O2165388"", ""P477852""]","[""DRIVER"", ""PASSENGER""]","[""NORMAL"", ""UNKNOWN""]","[""USAGE UNKNOWN""]","[""F"", ""M""]","[""IL""]","[""2064162"", ""2064200"", ""2064202""]","[""60107"", ""60615"", ""60617"", ""60629""]",[],"[""3""]",[],[],[],[],2025,10,9,7,False,morning,41.87,-87.62,41.87_-87.62,29.0,14,53,FAILURE-TO-YIELD,1
STRAIGHT AND LEVEL,2515,2025-10-07 09:03:00,3,9,10,B0399B6EDD06E40E234A6911173B93E007F7A488EE86F2C51836FFC316D721CD9BE9F392B05C848A4DF3E84DBD248EA786900EA7FA0CA00E3111AEEFAF01AC16,NO INJURY / DRIVE AWAY,"OVER $1,500",FUNCTIONING PROPERLY,REAR END,41.9187398509,DAYLIGHT,-87.7561407368,2,30,UNABLE TO DETERMINE,NO DEFECTS,WET,NOT APPLICABLE,N,2100,STOP SIGN/FLASHER,NOT DIVIDED,RAIN,0.0,0.0,0.0,0.0,0.0,1.0,1,2,[],[],[],"[""2025-10-07T09:03:00.000""]","[""2165291"", ""2165292""]","[""FRONT"", ""REAR""]","[""IL""]","[""FREIGHTLINER CORPORATION"", ""NISSAN""]","[""SLOW/STOP IN TRAFFIC""]","[""OTHER (EXPLAIN IN NARRATIVE)"", ""VERSA""]","[""1"", ""2""]","[""S""]","[""1"", ""2""]","[""DRIVER""]","[""UNKNOWN""]","[""2064072"", ""2064081""]","[""BUS OVER 15 PASS."", ""PASSENGER""]","[""SCHOOL BUS"", ""UNKNOWN/NA""]","[""2012"", ""2018""]",[],[],[],[],[],[],"[""Y""]",[],[],[],"[""1""]",[],[],[],[],[],"['26', '51']","[""DID NOT DEPLOY""]","[""TEST NOT OFFERED""]","[""CHICAGO""]","[""2025-10-07T09:03:00.000""]","[""NONE"", ""UNKNOWN""]","[""UNKNOWN""]","[""B"", ""D""]","[""IL""]","[""NONE""]",[],"[""O2165291"", ""O2165292"", ""P477837""]","[""DRIVER"", ""PASSENGER""]","[""NORMAL""]","[""USAGE UNKNOWN""]","[""F"", ""M""]","[""IL""]","[""2064072"", ""2064081""]","[""60639"", ""60651""]",[],"[""7""]",[],[],[],[],2025,10,9,7,False,morning,41.92,-87.76,41.92_-87.76,38.5,26,51,OTHER,0