alignment,beat_of_occurrence,crash_date,crash_day_of_week,crash_hour,crash_month,crash_record_id,crash_type,damage,device_condition,first_crash_type,latitude,lighting_condition,longitude,num_units,posted_speed_limit,prim_contributory_cause,road_defect,roadway_surface_cond,sec_contributory_cause,street_direction,street_no,traffic_control_device,trafficway_type,weather_condition,private_property_i,hit_and_run_i,intersection_related_i,crash_date_est_i,work_zone_i,workers_present_i,veh_count,ppl_count,veh_area_01_i_list_json,veh_area_02_i_list_json,veh_area_12_i_list_json,veh_crash_date_list_json,veh_crash_unit_id_list_json,veh_first_contact_point_list_json,veh_lic_plate_state_list_json,veh_make_list_json,veh_maneuver_list_json,veh_model_list_json,veh_occupant_cnt_list_json,veh_travel_direction_list_json,veh_unit_no_list_json,veh_unit_type_list_json,veh_vehicle_defect_list_json,veh_vehicle_id_list_json,veh_vehicle_type_list_json,veh_vehicle_use_list_json,veh_vehicle_year_list_json,veh_area_03_i_list_json,veh_area_04_i_list_json,veh_area_11_i_list_json,veh_towed_by_list_json,veh_towed_i_list_json,veh_area_07_i_list_json,veh_area_99_i_list_json,veh_area_09_i_list_json,veh_area_10_i_list_json,veh_cmrc_veh_i_list_json,veh_num_passengers_list_json,veh_area_08_i_list_json,veh_area_00_i_list_json,veh_area_05_i_list_json,veh_area_06_i_list_json,veh_towed_to_list_json,ppl_age_list_json,ppl_airbag_deployed_list_json,ppl_bac_result_list_json,ppl_city_list_json,ppl_crash_date_list_json,ppl_driver_action_list_json,ppl_driver_vision_list_json,ppl_drivers_license_class_list_json,ppl_drivers_license_state_list_json,ppl_ejection_list_json,ppl_hospital_list_json,ppl_person_id_list_json,ppl_person_type_list_json,ppl_physical_condition_list_json,ppl_safety_equipment_list_json,ppl_sex_list_json,ppl_state_list_json,ppl_vehicle_id_list_json,ppl_zipcode_list_json,ppl_ems_agency_list_json,ppl_seat_no_list_json,ppl_pedpedal_action_list_json,ppl_pedpedal_location_list_json,ppl_pedpedal_visibility_list_json,ppl_ems_run_no_list_json,year,month,hour,day,is_weekend,hour_bin,lat_bin,lng_bin,grid_id,ppl_age_mean,ppl_age_min,ppl_age_max,prim_contributory_cause_group,ksi_flag
STRAIGHT ON GRADE,832,2025-10-07 09:00:00,3,9,10,C42BABA5BF5D4E02247F31EABB53E28893BE219BE5C505C32AF655A5503F1C47D476CDC4E4B4101F6CA2AB3C563F027F31AF2755693F828F971ABC08F060AAD8,NO INJURY / DRIVE AWAY,"$501 - $1,500",NO CONTROLS,REAR END,41.7682384769,DAYLIGHT,-87.6834869571,3,30,FOLLOWING TOO CLOSELY,NO DEFECTS,WET,FOLLOWING TOO CLOSELY,S,6900,NO CONTROLS,NOT DIVIDED,RAIN,0.0,0.0,1.0,0.0,0.0,1.0,1,1,"[""Y""]",[],"[""Y""]","[""2025-10-07T09:00:00.000""]","[""2165585"", ""2165586"", ""2165587""]","[""FRONT"", ""REAR""]",[],"[""GENERAL MOTORS CORPORATION (GMC)"", ""UNKNOWN""]","[""STRAIGHT AHEAD""]","[""ACADIA"", ""OTHER (EXPLAIN IN NARRATIVE)""]","[""1""]","[""S"", ""SE""]","[""1"", ""2"", ""3""]","[""DRIVER""]","[""NONE"", ""UNKNOWN""]","[""2064336"", ""2064339"", ""2064340""]","[""PASSENGER"", ""SPORT UTILITY VEHICLE (SUV)""]","[""PERSONAL""]","[""2018""]",[],[],"[""Y""]",[],[],"[""N"", ""Y""]",[],[],[],[],[],[],[],"[""N"", ""Y""]","[""N"", ""Y""]",[],['18'],"[""DEPLOYMENT UNKNOWN"", ""NOT APPLICABLE""]","[""TEST NOT OFFERED""]","[""CHICAGO""]","[""2025-10-07T09:00:00.000""]","[""FOLLOWED TOO CLOSELY"", ""NONE""]","[""NOT OBSCURED"", ""UNKNOWN""]","[""D""]","[""IL""]","[""NONE""]",[],"[""O2165585"", ""O2165586"", ""O2165587""]","[""DRIVER""]","[""NORMAL"", ""UNKNOWN""]","[""SAFETY BELT USED"", ""USAGE UNKNOWN""]","[""F"", ""M""]","[""IL""]","[""2064336"", ""2064339"", ""2064340""]","[""60629""]",[],[],[],[],[],[],2025,10,9,7,False,morning,41.77,-87.68,41.77_-87.68,18.0,18,18,FOLLOWING TOO CLOSELY,0
STRAIGHT AND LEVEL,914,2025-10-07 09:00:00,3,9,10,BEF2C82D009D15AD8FC49604C2D9805A6A98698A077D3946FFA9CB76CD936147AE26440BDA0899A57AC2EA63CE0B39868EB64B229D212CE2E08FC4D6853D323E,NO INJURY / DRIVE AWAY,$500 OR LESS,NO CONTROLS,SIDESWIPE SAME DIRECTION,41.8529618416,UNKNOWN,-87.6320003897,2,30,DRIVING SKILLS/KNOWLEDGE/EXPERIENCE,UNKNOWN,UNKNOWN,UNABLE TO DETERMINE,W,166,NO CONTROLS,DIVIDED - W/MEDIAN BARRIER,CLEAR,0.0,0.0,0.0,0.0,0.0,1.0,1,2,[],[],[],"[""2025-10-07T09:00:00.000""]","[""2166375"", ""2166376""]","[""UNKNOWN""]","[""IL"", ""IN""]","[""FORD""]","[""STRAIGHT AHEAD""]","[""BRONCO / BRONCO II"", ""FUSION""]","[""1""]","[""E""]","[""1"", ""2""]","[""DRIVER""]","[""UNKNOWN""]","[""2065082"", ""2065086""]","[""UNKNOWN/NA""]","[""UNKNOWN/NA""]","[""2015""]",[],[],[],[],[],[],[],[],[],[],[],[],[],[],[],[],"['38', '49']","[""DEPLOYMENT UNKNOWN""]","[""TEST NOT OFFERED""]","[""CHICAGO"", ""VALPARAISO""]","[""2025-10-07T09:00:00.000""]","[""UNKNOWN""]","[""UNKNOWN""]","[""D""]","[""IL"", ""IN""]","[""UNKNOWN""]",[],"[""O2166375"", ""O2166376""]","[""DRIVER""]","[""UNKNOWN""]","[""USAGE UNKNOWN""]","[""F""]","[""IL"", ""IN""]","[""2065082"", ""2065086""]","[""46383"", ""60605""]",[],[],[],[],[],[],2025,10,9,7,False,morning,41.85,-87.63,41.85_-87.63,43.5,38,49,OTHER,0
STRAIGHT ON GRADE,2521,2025-10-07 09:00:00,3,9,10,B26C0B030452A3D2D44583043D101C3994E10B0F5BBFF9CCE25015626F1CAEC4E755DC26635547F0495007E370A6C15CB4D133AE01BD1747109B79420E43946A,NO INJURY / DRIVE AWAY,"OVER $1,500",NO CONTROLS,SIDESWIPE SAME DIRECTION,41.9243948438,UNKNOWN,-87.7428680698,2,30,FAILING TO YIELD RIGHT-OF-WAY,UNKNOWN,UNKNOWN,NOT APPLICABLE,W,4626,NO CONTROLS,NOT DIVIDED,CLEAR,0.0,0.0,0.0,0.0,0.0,1.0,1,2,"[""Y""]",[],[],"[""2025-10-07T09:00:00.000""]","[""2165321"", ""2165322""]","[""FRONT"", ""SIDE-LEFT""]","[""IL""]","[""HYUNDAI"", ""VOLKSWAGEN""]","[""MERGING"", ""STRAIGHT AHEAD""]","[""OTHER (EXPLAIN IN NARRATIVE)"", ""SANTA FE""]","[""1""]","[""W""]","[""1"", ""2""]","[""DRIVER""]","[""UNKNOWN""]","[""2064097"", ""2064108""]","[""PASSENGER""]","[""UNKNOWN/NA""]","[""2016"", ""2022""]",[],[],[],[],[],[],[],"[""Y""]","[""Y""]",[],[],"[""Y""]",[],[],[],[],"['40', '64']","[""NOT APPLICABLE""]","[""TEST NOT OFFERED""]","[""CHICAGO""]","[""2025-10-07T09:00:00.000""]","[""IMPROPER LANE CHANGE"", ""UNKNOWN""]","[""UNKNOWN""]","[""D""]","[""IL""]","[""NONE""]",[],"[""O2165321"", ""O2165322""]","[""DRIVER""]","[""NORMAL"", ""UNKNOWN""]","[""SAFETY BELT USED"", ""USAGE UNKNOWN""]","[""F"", ""M""]","[""IL""]","[""2064097"", ""2064108""]","[""60644"", ""60647""]",[],[],[],[],[],[],2025,10,9,7,False,morning,41.92,-87.74,41.92_-87.74,52.0,40,64,FAILURE-TO-YIELD,0
STRAIGHT AND LEVEL,815,2025-10-07 09:00:00,3,9,10,828C08BB4EF859C22811EBF409C690DA59F0DAA7378ABB547666CD6BFAFD00159DD9D66342F33FC8DB55634D3C5A4B5A8C834FB6945F09E1F0D4FCECEE712F58,INJURY AND / OR TOW DUE TO CRASH,"OVER $1,500",NO CONTROLS,ANGLE,41.7988829047,DAYLIGHT,-87.7422328735,2,35,UNABLE TO DETERMINE,NO DEFECTS,WET,UNABLE TO DETERMINE,S,5352,NO CONTROLS,NOT DIVIDED,RAIN,0.0,0.0,0.0,0.0,0.0,1.0,1,3,"[""Y""]",[],"[""Y""]","[""2025-10-07T09:00:00.000""]","[""2165427"", ""2165428""]","[""FRONT"", ""SIDE-LEFT""]","[""IL""]","[""CADILLAC"", ""DODGE""]","[""STRAIGHT AHEAD""]","[""AVENGER"", ""ESCALADE""]","[""1"", ""2""]","[""S"", ""W""]","[""1"", ""2""]","[""DRIVER""]","[""NONE""]","[""2064203"", ""2064216""]","[""PASSENGER"", ""SPORT UTILITY VEHICLE (SUV)""]","[""PERSONAL""]","[""2004"", ""2011""]",[],[],"[""Y""]","[""City of Chicago""]","[""Y""]",[],[],"[""Y""]","[""Y""]",[],"[""1""]","[""Y""]",[],[],[],[],"['25', '31', '37']","[""DEPLOYED, FRONT"", ""DID NOT DEPLOY""]","[""TEST NOT OFFERED""]","[""CHICAGO"", ""MARKHAM""]","[""2025-10-07T09:00:00.000""]","[""UNKNOWN""]","[""NOT OBSCURED""]","[""A""]","[""IL""]","[""NONE""]","[""MACNEAL HOSPITAL"", ""REFUSED""]","[""O2165427"", ""O2165428"", ""P477858""]","[""DRIVER"", ""PASSENGER""]","[""NORMAL""]","[""SAFETY BELT USED""]","[""F"", ""M""]","[""IL""]","[""2064203"", ""2064216""]","[""60428"", ""60632""]","[""CFD"", ""EMS 12""]","[""3""]",[],[],[],"[""12""]",2025,10,9,7,False,morning,41.8,-87.74,41.8_-87.74,31.0,25,37,OTHER,1
STRAIGHT AND LEVEL,725,2025-10-07 09:00:00,3,9,10,7E1D45804F8B5FDBFCF56E7DD9E59642545F6C9A874D1D2A5BD7356F6C880F315648E39920D2837E6FFE7CC59A245E02BC5B60161F38832B3B378697D8EC3531,INJURY AND / OR TOW DUE TO CRASH,"$501 - $1,500",NO CONTROLS,PEDALCYCLIST,41.7704608023,DAYLIGHT,-87.6641174331,2,30,WEATHER,NO DEFECTS,WET,WEATHER,S,6798,NO CONTROLS,NOT DIVIDED,RAIN,0.0,0.0,1.0,0.0,0.0,1.0,2,2,"[""Y""]",[],"[""Y""]","[""2025-10-07T09:00:00.000""]","[""2165365"", ""2165366""]","[""FRONT""]","[""IL""]","[""DODGE""]","[""STRAIGHT AHEAD""]","[""AVENGER""]","[""1""]","[""W""]","[""1"", ""2""]","[""BICYCLE"", ""DRIVER""]","[""UNKNOWN""]","[""2064150""]","[""PASSENGER""]","[""PERSONAL""]","[""2008""]",[],[],"[""Y""]",[],[],[],[],"[""N""]","[""Y""]",[],[],[],[],[],[],[],"['23', '33']","[""DID NOT DEPLOY""]","[""TEST NOT OFFERED""]","[""CHICAGO""]","[""2025-10-07T09:00:00.000""]","[""FAILED TO YIELD"", ""NONE""]","[""NOT OBSCURED""]","[""D""]","[""IL""]","[""NONE""]","[""UNIVERSITY OF CHICAGO""]","[""O2165365"", ""O2165366""]","[""BICYCLE"", ""DRIVER""]","[""NORMAL""]","[""HELMET NOT USED"", ""USAGE UNKNOWN""]","[""F"", ""M""]","[""IL""]","[""2064150""]","[""60619""]","[""58""]",[],"[""WITH TRAFFIC""]","[""IN ROADWAY""]","[""NO CONTRASTING CLOTHING""]",[],2025,10,9,7,False,morning,41.77,-87.66,41.77_-87.66,28.0,23,33,WEATHER-RELATED,1
STRAIGHT AND LEVEL,723,2025-10-07 09:00:00,3,9,10,74A41F0504BB6FCBB9709F17737481C522B4D794F032C388A38CAD4A4B9A047128C8B5A7BBE4D35AE16B0A9A984E0890AAC6F01AE2A4021B27051CCF4CE2CA1F,NO INJURY / DRIVE AWAY,"OVER $1,500",FUNCTIONING PROPERLY,REAR END,41.7723339331,DAYLIGHT,-87.646792204,2,30,UNABLE TO DETERMINE,NO DEFECTS,WET,NOT APPLICABLE,W,855,TRAFFIC SIGNAL,NOT DIVIDED,RAIN,0.0,0.0,0.0,0.0,0.0,1.0,1,2,[],[],[],"[""2025-10-07T09:00:00.000""]","[""2165442"", ""2165443""]","[""FRONT"", ""REAR""]","[""IL""]","[""CHEVROLET"", ""VOLKSWAGEN""]","[""STRAIGHT AHEAD""]","[""JETTA"", ""TRAX""]","[""1""]","[""E""]","[""1"", ""2""]","[""DRIVER""]","[""UNKNOWN""]","[""2064215"", ""2064222""]","[""PASSENGER""]","[""PERSONAL""]","[""2019"", ""2024""]",[],[],"[""N""]",[],[],[],"[""Y""]",[],[],[],[],[],[],"[""Y""]","[""Y""]",[],"['27', '36']","[""NOT APPLICABLE""]","[""TEST NOT OFFERED""]","[""CHICAGO""]","[""2025-10-07T09:00:00.000""]","[""UNKNOWN""]","[""UNKNOWN""]",[],"[""IL""]","[""NONE""]",[],"[""O2165442"", ""O2165443""]","[""DRIVER""]","[""UNKNOWN""]","[""USAGE UNKNOWN""]","[""F""]","[""IL""]","[""2064215"", ""2064222""]","[""60620"", ""60637""]","[""CFD""]",[],[],[],[],[],2025,10,9,7,False,morning,41.77,-87.65,41.77_-87.65,31.5,27,36,OTHER,0
STRAIGHT AND LEVEL,1524,2025-10-07 08:56:00,3,8,10,773FB8BAF8F23C3BB127DA0E8DBC236841B28115899DDCB678197E09308F1E9A7791DB6130C3E0C347E63D6B73936F9FB1507F096AED61A9D0FC8FBD985829FF,NO INJURY / DRIVE AWAY,$500 OR LESS,NO CONTROLS,TURNING,41.894806201,DAYLIGHT,-87.7591870013,2,30,IMPROPER TURNING/NO SIGNAL,NO DEFECTS,WET,NOT APPLICABLE,N,799,NO CONTROLS,NOT DIVIDED,RAIN,0.0,0.0,1.0,0.0,0.0,1.0,1,2,[],[],[],"[""2025-10-07T08:56:00.000""]","[""2165340"", ""2165341""]","[""REAR-LEFT-CORNER"", ""SIDE-LEFT-REAR""]","[""IL""]","[""DODGE"", ""VOLKSWAGEN""]","[""STRAIGHT AHEAD"", ""TURNING LEFT""]","[""ATLAS"", ""JOURNEY""]","[""1""]","[""E"", ""S""]","[""1"", ""2""]","[""DRIVER""]","[""NONE""]","[""2064118"", ""2064126""]","[""SPORT UTILITY VEHICLE (SUV)""]","[""PERSONAL""]","[""2013"", ""2025""]",[],[],[],[],[],"[""Y""]",[],[],[],[],[],[],"[""Y""]",[],[],[],"['34', '38']","[""NOT APPLICABLE""]","[""TEST NOT OFFERED""]","[""CHICAGO""]","[""2025-10-07T08:56:00.000""]","[""IMPROPER TURN"", ""NONE""]","[""UNKNOWN""]","[""D""]","[""IL""]","[""NONE""]",[],"[""O2165340"", ""O2165341""]","[""DRIVER""]","[""NORMAL""]","[""USAGE UNKNOWN""]","[""F"", ""M""]","[""IL""]","[""2064118"", ""2064126""]","[""60634"", ""60644""]",[],[],[],[],[],[],2025,10,8,7,False,morning,41.89,-87.76,41.89_-87.76,36.0,34,38,OTHER,0
STRAIGHT AND LEVEL,2031,2025-10-07 08:55:00,3,8,10,D97A7B9696235035DD58A5463EED46202BEFF9491212523479E47256C79020E6FCC66F697A8826C32960A47EF033D73948F6C1064AA7CF734D18A9D3CBA842E6,INJURY AND / OR TOW DUE TO CRASH,"OVER $1,500",FUNCTIONING PROPERLY,TURNING,41.9687243488,DAYLIGHT,-87.688968727,3,30,UNABLE TO DETERMINE,NO DEFECTS,WET,UNABLE TO DETERMINE,W,2400,TRAFFIC SIGNAL,DIVIDED - W/MEDIAN (NOT RAISED),RAIN,0.0,0.0,0.0,0.0,0.0,1.0,1,3,[],[],"[""Y""]","[""2025-10-07T08:55:00.000""]","[""2165402"", ""2165403"", ""2165404""]","[""FRONT-LEFT-CORNER"", ""SIDE-LEFT""]","[""IL"", ""WI""]","[""FORD"", ""HINO"", ""HONDA""]","[""STRAIGHT AHEAD"", ""TURNING LEFT""]","[""HINO"", ""OTHER (EXPLAIN IN NARRATIVE)"", ""VAN""]","[""1"", ""2""]","[""W""]","[""1"", ""2"", ""3""]","[""DRIVER""]","[""UNKNOWN""]","[""2064176"", ""2064190"", ""2064198""]","[""OTHER"", ""PASSENGER""]","[""OTHER"", ""PERSONAL""]","[""2013"", ""2017"", ""2019""]",[],[],"[""Y""]",[],"[""Y""]",[],[],"[""Y""]","[""Y""]",[],"[""1""]","[""Y""]",[],[],[],[],"['25', '52', '74']","[""DID NOT DEPLOY"", ""NOT APPLICABLE""]","[""TEST NOT OFFERED""]",[],"[""2025-10-07T08:55:00.000""]","[""NONE"", ""UNKNOWN""]","[""UNKNOWN""]","[""D""]","[""IL"", ""WI""]","[""NONE""]",[],"[""O2165402"", ""O2165403"", ""O2165404"", ""P477853"", ""P477854""]","[""DRIVER"", ""PASSENGER""]","[""NORMAL""]","[""USAGE UNKNOWN""]","[""F"", ""M""]",[],"[""2064176"", ""2064190"", ""2064198""]",[],[],"[""3""]",[],[],[],[],2025,10,8,7,False,morning,41.97,-87.69,41.97_-87.69,50.333333333333336,25,74,OTHER,1
STRAIGHT AND LEVEL,2515,2025-10-07 08:55:00,3,8,10,A719C297EAA8DDDC61BCED225B86D3AA040430CA205A461E511B6A0E70B8D38B0F13D305E68CDE10C6933BD7981C5249B3D038E8C01969C894ADD2084768DB8D,INJURY AND / OR TOW DUE TO CRASH,$500 OR LESS,NO CONTROLS,ANGLE,41.9240511481,DAYLIGHT,-87.7684855399,2,30,FAILING TO YIELD RIGHT-OF-WAY,NO DEFECTS,WET,UNABLE TO DETERMINE,W,5700,NO CONTROLS,DIVIDED - W/MEDIAN (NOT RAISED),RAIN,0.0,0.0,0.0,0.0,0.0,1.0,1,3,"[""Y""]","[""Y""]","[""Y""]","[""2025-10-07T08:55:00.000""]","[""2165332"", ""2165333""]","[""FRONT"", ""FRONT-LEFT-CORNER""]","[""IL""]","[""HONDA""]","[""STRAIGHT AHEAD""]","[""CIVIC""]","[""1"", ""2""]","[""N"", ""W""]","[""1"", ""2""]","[""DRIVER""]","[""NONE""]","[""2064103"", ""2064117""]","[""PASSENGER""]","[""PERSONAL""]","[""2006"", ""2012""]",[],[],"[""Y""]",[],"[""Y""]",[],[],[],"[""Y""]",[],"[""1""]",[],[],[],[],[],"['32', '34', '9']","[""DEPLOYED, FRONT""]","[""TEST NOT OFFERED""]","[""CHICAGO""]","[""2025-10-07T08:55:00.000""]","[""FAILED TO YIELD"", ""NONE""]","[""NOT OBSCURED""]","[""D""]","[""IL""]","[""NONE""]",[],"[""O2165332"", ""O2165333"", ""P477846""]","[""DRIVER"", ""PASSENGER""]","[""NORMAL""]","[""SAFETY BELT USED""]","[""F"", ""M""]","[""IL""]","[""2064103"", ""2064117""]","[""60618"", ""60651"", ""6618""]",[],"[""3""]",[],[],[],[],2025,10,8,7,False,morning,41.92,-87.77,41.92_-87.77,25.0,9,34,FAILURE-TO-YIELD,0
STRAIGHT AND LEVEL,1925,2025-10-07 08:55:00,3,8,10,38066551B9083D37F1ADEB27E402BACDEE9E88423347C6D5FEF7F2C37C761877734D40E38AF2269DA16D769F0DBE319E24390458373AE89D807B5F7B73C5E165,NO INJURY / DRIVE AWAY,"OVER $1,500",NO CONTROLS,REAR END,41.95049927,UNKNOWN,-87.6447490514,2,30,NOT APPLICABLE,UNKNOWN,WET,NOT APPLICABLE,N,3700,STOP SIGN/FLASHER,NOT DIVIDED,RAIN,0.0,0.0,0.0,0.0,0.0,1.0,1,1,[],[],[],"[""2025-10-07T08:55:00.000""]","[""2165814"", ""2165815""]","[""FRONT"", ""REAR""]","[""IL""]","[""AUDI"", ""LEXUS""]","[""SLOW/STOP IN TRAFFIC"", ""STRAIGHT AHEAD""]","[""OTHER (EXPLAIN IN NARRATIVE)""]","[""1""]","[""S""]","[""1"", ""2""]","[""DRIVER""]","[""NONE"", ""UNKNOWN""]","[""2064567"", ""2064572""]","[""OTHER"", ""SPORT UTILITY VEHICLE (SUV)""]","[""PERSONAL"", ""UNKNOWN/NA""]","[""2022"", ""2025""]",[],[],[],[],[],[],[],[],[],[],[],[],[],[],[],[],['62'],"[""DEPLOYMENT UNKNOWN"", ""NOT APPLICABLE""]","[""TEST NOT OFFERED""]","[""CHICAGO""]","[""2025-10-07T08:55:00.000""]","[""NONE"", ""OTHER""]","[""NOT OBSCURED"", ""UNKNOWN""]","[""D""]","[""IL""]","[""NONE""]",[],"[""O2165814"", ""O2165815""]","[""DRIVER""]","[""NORMAL"", ""UNKNOWN""]","[""SAFETY BELT USED"", ""USAGE UNKNOWN""]","[""F""]","[""IL""]","[""2064567"", ""2064572""]","[""60657""]",[],[],[],[],[],[],2025,10,8,7,False,morning,41.95,-87.64,41.95_-87.64,62.0,62,62,OTHER,0
STRAIGHT AND LEVEL,235,2025-10-07 08:55:00,3,8,10,0E7B812BECF8B73AD6782E9DCFD64102840282D209A0BAEBCFF89AEA3FFD140A72070A61DE3426D7EA35CEA77C4172C19C41B8ABB6337BAB17BF62C7D09FABE3,NO INJURY / DRIVE AWAY,"OVER $1,500",NO CONTROLS,PARKED MOTOR VEHICLE,41.7884015943,DAYLIGHT,-87.5965344743,2,30,UNABLE TO DETERMINE,NO DEFECTS,WET,UNABLE TO DETERMINE,S,5840,NO CONTROLS,NOT DIVIDED,RAIN,0.0,0.0,0.0,0.0,0.0,1.0,2,1,[],[],[],"[""2025-10-07T08:55:00.000""]","[""2165377"", ""2165378""]","[""REAR-LEFT-CORNER"", ""SIDE-RIGHT""]","[""IL""]","[""INTERNATIONAL TRAILER CORPORATION"", ""JEEP""]","[""PARKED"", ""STRAIGHT AHEAD""]","[""OTHER (EXPLAIN IN NARRATIVE)"", ""WRANGLER""]","[""0"", ""1""]","[""S""]","[""1"", ""2""]","[""DRIVER"", ""PARKED""]","[""NONE""]","[""2064166"", ""2064182""]","[""PASSENGER"", ""TRUCK - SINGLE UNIT""]","[""NOT IN USE"", ""PERSONAL""]","[""2012"", ""2020""]",[],[],[],[],[],[],[],[],[],"[""N""]",[],"[""Y""]","[""Y""]",[],[],[],['42'],"[""DID NOT DEPLOY""]","[""TEST NOT OFFERED""]","[""CHICAGO""]","[""2025-10-07T08:55:00.000""]","[""OTHER""]","[""NOT OBSCURED""]","[""D""]","[""IL""]","[""NONE""]",[],"[""O2165377""]","[""DRIVER""]","[""NORMAL""]","[""USAGE UNKNOWN""]","[""F""]","[""IL""]","[""2064166""]","[""60643""]",[],[],[],[],[],[],2025,10,8,7,False,morning,41.79,-87.6,41.79_-87.6,42.0,42,42,OTHER,0
STRAIGHT AND LEVEL,731,2025-10-07 08:54:00,3,8,10,D8AF6D000C84474AD3785EAAF4ADA533837E64B31FFDD36731D182A22C79C6AC4911C170E107C98F36C70F9C29F83F9724695637565CCC2EBB6D6D46CB583969,NO INJURY / DRIVE AWAY,"OVER $1,500",FUNCTIONING PROPERLY,PEDESTRIAN,41.7635193203,DAYLIGHT,-87.6298730712,2,30,UNABLE TO DETERMINE,UNKNOWN,WET,UNABLE TO DETERMINE,S,7200,STOP SIGN/FLASHER,FOUR WAY,RAIN,0.0,1.0,0.0,0.0,0.0,1.0,2,1,"[""N""]",[],"[""N""]","[""2025-10-07T08:54:00.000""]","[""2165293"", ""2165310""]","[""UNKNOWN""]","[""IL""]","[""CHEVROLET""]","[""STRAIGHT AHEAD""]","[""OTHER (EXPLAIN IN NARRATIVE)""]","[""1""]","[""N""]","[""1"", ""2""]","[""DRIVER"", ""PEDESTRIAN""]","[""UNKNOWN""]","[""2064070""]","[""PASSENGER""]","[""PERSONAL""]",[],[],[],"[""N""]",[],[],[],"[""Y""]",[],[],[],[],[],[],[],[],[],['16'],"[""DEPLOYMENT UNKNOWN""]","[""TEST NOT OFFERED""]","[""CHICAGO""]","[""2025-10-07T08:54:00.000""]","[""UNKNOWN""]","[""UNKNOWN""]",[],[],"[""NONE""]",[],"[""O2165293"", ""O2165310""]","[""DRIVER"", ""PEDESTRIAN""]","[""NORMAL"", ""UNKNOWN""]","[""USAGE UNKNOWN""]","[""F"", ""M""]","[""IL""]","[""2064070""]",[],[],[],"[""CROSSING - WITH SIGNAL""]","[""IN ROADWAY""]","[""NO CONTRASTING CLOTHING""]",[],2025,10,8,7,False,morning,41.76,-87.63,41.76_-87.63,16.0,16,16,OTHER,0
STRAIGHT AND LEVEL,1434,2025-10-07 08:51:00,3,8,10,6B937F452833C7FA794647031121181809B58DF62D6503B844267741DEA6FB8A4538058E980670E66B9B9B09E17DD5788519AE546C05D7CDE4827651C1B5C5DA,INJURY AND / OR TOW DUE TO CRASH,$500 OR LESS,NO CONTROLS,PEDALCYCLIST,41.9122306341,"DARKNESS, LIGHTED ROAD",-87.6805573631,2,30,WEATHER,UNKNOWN,WET,UNABLE TO DETERMINE,N,1702,NO CONTROLS,NOT DIVIDED,RAIN,0.0,0.0,0.0,0.0,0.0,1.0,2,2,[],[],[],"[""2025-10-07T08:51:00.000""]","[""2165317"", ""2165318""]","[""FRONT-RIGHT-CORNER""]","[""IL""]","[""JEEP""]","[""TURNING RIGHT""]","[""CHEROKEE""]","[""1""]","[""S""]","[""1"", ""2""]","[""BICYCLE"", ""DRIVER""]","[""UNKNOWN""]","[""2064099""]","[""SPORT UTILITY VEHICLE (SUV)""]","[""PERSONAL""]","[""2016""]",[],[],[],[],[],[],[],[],[],[],[],[],"[""Y""]",[],[],[],"['27', '31']","[""DID NOT DEPLOY""]","[""TEST NOT OFFERED""]","[""CHICAGO""]","[""2025-10-07T08:51:00.000""]","[""FAILED TO YIELD"", ""UNKNOWN""]","[""UNKNOWN""]","[""D""]","[""IL""]","[""NONE""]",[],"[""O2165317"", ""O2165318""]","[""BICYCLE"", ""DRIVER""]","[""NORMAL""]","[""BICYCLE HELMET (PEDACYCLIST INVOLVED ONLY)"", ""USAGE UNKNOWN""]","[""F""]","[""IL""]","[""2064099""]","[""60647""]",[],[],"[""WITH TRAFFIC""]","[""BIKE LANE""]","[""NO CONTRASTING CLOTHING""]",[],2025,10,8,7,False,morning,41.91,-87.68,41.91_-87.68,29.0,27,31,WEATHER-RELATED,1
STRAIGHT AND LEVEL,914,2025-10-07 08:50:00,3,8,10,A0B291EBB546BC3241B4AF047A0CFE31B60C454B5E6AF9E6CBDEDED2AB14228D2463F351D122339AD7A7300AB550BECCCA78BE4A47C99D6CE6B816C4C4396ADA,NO INJURY / DRIVE AWAY,"$501 - $1,500",FUNCTIONING PROPERLY,REAR END,41.8463180523,DAYLIGHT,-87.6326854397,2,30,UNABLE TO DETERMINE,NO DEFECTS,WET,NOT APPLICABLE,W,215,STOP SIGN/FLASHER,NOT DIVIDED,CLEAR,0.0,0.0,0.0,0.0,0.0,1.0,1,2,"[""Y""]",[],"[""Y""]","[""2025-10-07T08:50:00.000""]","[""2165262"", ""2165263""]","[""FRONT"", ""REAR""]","[""IL""]","[""JEEP"", ""LEXUS""]","[""STRAIGHT AHEAD""]","[""CHEROKEE"", ""GX460""]","[""1""]","[""SW"", ""W""]","[""1"", ""2""]","[""DRIVER""]","[""NONE""]","[""2064045"", ""2064054""]","[""PASSENGER""]","[""PERSONAL""]","[""2014"", ""2015""]",[],[],"[""Y""]",[],[],"[""Y""]",[],[],[],[],[],[],[],"[""Y""]","[""Y""]",[],"['65', '78']","[""NOT APPLICABLE""]","[""TEST NOT OFFERED""]","[""CHICAGO""]","[""2025-10-07T08:50:00.000""]","[""NONE""]","[""NOT OBSCURED""]","[""D""]","[""IL""]","[""NONE""]",[],"[""O2165262"", ""O2165263""]","[""DRIVER""]","[""NORMAL""]","[""SAFETY BELT USED""]","[""M""]","[""IL""]","[""2064045"", ""2064054""]","[""60609"", ""60616""]",[],[],[],[],[],[],2025,10,8,7,False,morning,41.85,-87.63,41.85_-87.63,71.5,65,78,OTHER,0