alignment,beat_of_occurrence,crash_date,crash_day_of_week,crash_hour,crash_month,crash_record_id,crash_type,damage,device_condition,first_crash_type,latitude,lighting_condition,longitude,num_units,posted_speed_limit,prim_contributory_cause,road_defect,roadway_surface_cond,sec_contributory_cause,street_direction,street_no,traffic_control_device,trafficway_type,weather_condition,private_property_i,hit_and_run_i,intersection_related_i,crash_date_est_i,work_zone_i,workers_present_i,veh_count,ppl_count,veh_area_01_i_list_json,veh_area_02_i_list_json,veh_area_12_i_list_json,veh_crash_date_list_json,veh_crash_unit_id_list_json,veh_first_contact_point_list_json,veh_lic_plate_state_list_json,veh_make_list_json,veh_maneuver_list_json,veh_model_list_json,veh_occupant_cnt_list_json,veh_travel_direction_list_json,veh_unit_no_list_json,veh_unit_type_list_json,veh_vehicle_defect_list_json,veh_vehicle_id_list_json,veh_vehicle_type_list_json,veh_vehicle_use_list_json,veh_vehicle_year_list_json,veh_area_03_i_list_json,veh_area_04_i_list_json,veh_area_11_i_list_json,veh_towed_by_list_json,veh_towed_i_list_json,veh_area_07_i_list_json,veh_area_99_i_list_json,veh_area_09_i_list_json,veh_area_10_i_list_json,veh_cmrc_veh_i_list_json,veh_num_passengers_list_json,veh_area_08_i_list_json,veh_area_00_i_list_json,veh_area_05_i_list_json,veh_area_06_i_list_json,veh_towed_to_list_json,ppl_age_list_json,ppl_airbag_deployed_list_json,ppl_bac_result_list_json,ppl_city_list_json,ppl_crash_date_list_json,ppl_driver_action_list_json,ppl_driver_vision_list_json,ppl_drivers_license_class_list_json,ppl_drivers_license_state_list_json,ppl_ejection_list_json,ppl_hospital_list_json,ppl_person_id_list_json,ppl_person_type_list_json,ppl_physical_condition_list_json,ppl_safety_equipment_list_json,ppl_sex_list_json,ppl_state_list_json,ppl_vehicle_id_list_json,ppl_zipcode_list_json,ppl_ems_agency_list_json,ppl_seat_no_list_json,ppl_pedpedal_action_list_json,ppl_pedpedal_location_list_json,ppl_pedpedal_visibility_list_json,ppl_ems_run_no_list_json,year,month,hour,day,is_weekend,hour_bin,lat_bin,lng_bin,grid_id,ppl_age_mean,ppl_age_min,ppl_age_max,prim_contributory_cause_group,ksi_flag
STRAIGHT AND LEVEL,1424,2025-10-07 08:50:00,3,8,10,7A4165914FC7BEB55ABFA9767D20E25001817700245D52333372D1F5768A802BBF3B2398F3E3DABD936531C510AF4741CA3512E2FB24F095E6B88AA0AC4C520E,NO INJURY / DRIVE AWAY,"OVER $1,500",FUNCTIONING PROPERLY,TURNING,41.9084024956,DAYLIGHT,-87.6870243654,2,30,IMPROPER TURNING/NO SIGNAL,NO DEFECTS,WET,DRIVING SKILLS/KNOWLEDGE/EXPERIENCE,N,1499,TRAFFIC SIGNAL,NOT DIVIDED,RAIN,0.0,0.0,1.0,0.0,0.0,1.0,1,2,"[""Y""]","[""Y""]","[""Y""]","[""2025-10-07T08:50:00.000""]","[""2165745"", ""2165746""]","[""FRONT-RIGHT-CORNER"", ""REAR-RIGHT-CORNER""]","[""IL""]","[""TOYOTA"", ""VOLVO""]","[""STRAIGHT AHEAD"", ""TURNING LEFT""]","[""CAMRY"", ""XC60""]","[""1""]","[""E"", ""N""]","[""1"", ""2""]","[""DRIVER""]","[""NONE"", ""UNKNOWN""]","[""2064490"", ""2064509""]","[""PASSENGER"", ""SPORT UTILITY VEHICLE (SUV)""]","[""PERSONAL"", ""UNKNOWN/NA""]","[""2019"", ""2022""]",[],[],[],[],[],[],[],[],[],[],[],[],[],"[""Y""]","[""Y""]",[],"['33', '67']","[""DID NOT DEPLOY""]","[""TEST NOT OFFERED""]","[""CHICAGO""]","[""2025-10-07T08:50:00.000""]","[""FAILED TO YIELD"", ""NONE""]","[""NOT OBSCURED""]","[""D""]","[""IL""]","[""NONE""]",[],"[""O2165745"", ""O2165746""]","[""DRIVER""]","[""NORMAL""]","[""SAFETY BELT USED""]","[""F"", ""M""]","[""IL""]","[""2064490"", ""2064509""]","[""60622"", ""60647""]",[],[],[],[],[],[],2025,10,8,7,False,morning,41.91,-87.69,41.91_-87.69,50.0,33,67,OTHER,0
STRAIGHT AND LEVEL,1915,2025-10-07 08:50:00,3,8,10,E0EB313BD9ED76509F39F74AB518148231B0D5293A9BB84A03E2A589A01E4A0834A2434EA42F257D2AF505877AB3C4FF7013D14DDDADA8A69C788B1609501517,NO INJURY / DRIVE AWAY,"OVER $1,500",NO CONTROLS,TURNING,41.9612659299,DAYLIGHT,-87.65216546,2,30,UNABLE TO DETERMINE,NO DEFECTS,WET,UNABLE TO DETERMINE,N,4337,NO CONTROLS,UNKNOWN,RAIN,0.0,0.0,0.0,0.0,0.0,1.0,1,2,"[""Y""]","[""Y""]","[""Y""]","[""2025-10-07T08:50:00.000""]","[""2165375"", ""2165376""]","[""FRONT"", ""SIDE-RIGHT""]","[""FL"", ""IL""]","[""ISUZU"", ""KIA""]","[""SLOW/STOP IN TRAFFIC"", ""TURNING RIGHT""]","[""OTHER (EXPLAIN IN NARRATIVE)"", ""TRUCK""]","[""1""]","[""E""]","[""1"", ""2""]","[""DRIVER""]","[""NONE"", ""UNKNOWN""]","[""2064157"", ""2064175""]","[""PASSENGER"", ""TRUCK - SINGLE UNIT""]","[""COMMERCIAL - MULTI-UNIT"", ""PERSONAL""]","[""2021"", ""2024""]",[],[],"[""Y""]",[],[],[],[],[],"[""Y""]",[],[],[],[],[],[],[],"['40', '52']","[""DID NOT DEPLOY""]","[""TEST NOT OFFERED""]","[""BAY HARBOR ISLANDS"", ""MELROSE PARK""]","[""2025-10-07T08:50:00.000""]","[""NONE"", ""UNKNOWN""]","[""UNKNOWN""]","[""B""]","[""FL"", ""IL""]","[""UNKNOWN""]",[],"[""O2165375"", ""O2165376""]","[""DRIVER""]","[""NORMAL""]","[""NONE PRESENT"", ""USAGE UNKNOWN""]","[""F"", ""M""]","[""FL"", ""IL""]","[""2064157"", ""2064175""]","[""33154"", ""60164""]",[],[],[],[],[],[],2025,10,8,7,False,morning,41.96,-87.65,41.96_-87.65,46.0,40,52,OTHER,0
STRAIGHT AND LEVEL,121,2025-10-07 08:47:00,3,8,10,ACDFB5BA0FB76F29AFE041ABD4CB564FCA910C273B1DA51009F93E9B18F1A7E87543D6BE7997F97874E448DE62EF1F9C753D1318E89EA4BE7B8AB39805DF0906,INJURY AND / OR TOW DUE TO CRASH,"OVER $1,500",NO CONTROLS,PEDALCYCLIST,41.8804631471,UNKNOWN,-87.6408038843,2,30,UNABLE TO DETERMINE,UNKNOWN,UNKNOWN,UNABLE TO DETERMINE,W,525,NO CONTROLS,UNKNOWN,CLEAR,0.0,0.0,0.0,0.0,0.0,1.0,2,0,[],[],[],"[""2025-10-07T08:47:00.000""]","[""2167081"", ""2167082""]","[""UNKNOWN""]",[],"[""HONDA""]","[""UNKNOWN/NA""]","[""ACCORD""]","[""1""]","[""UNKNOWN""]","[""1"", ""2""]","[""BICYCLE"", ""DRIVER""]","[""UNKNOWN""]","[""2065754""]","[""UNKNOWN/NA""]","[""UNKNOWN/NA""]","[""2001""]",[],[],[],[],[],[],"[""Y""]",[],[],[],[],[],[],[],[],[],[],"[""DEPLOYMENT UNKNOWN""]","[""TEST NOT OFFERED""]","[""EVERGREEN PARK""]","[""2025-10-07T08:47:00.000""]","[""NONE"", ""UNKNOWN""]","[""UNKNOWN""]",[],[],"[""UNKNOWN""]","[""UNKNOWN""]","[""O2167081"", ""O2167082""]","[""BICYCLE"", ""DRIVER""]","[""UNKNOWN""]","[""HELMET NOT USED"", ""USAGE UNKNOWN""]","[""F"", ""M""]","[""IL""]","[""2065754""]","[""60805""]",[],[],"[""NO ACTION""]","[""UNKNOWN/NA""]","[""NO CONTRASTING CLOTHING""]",[],2025,10,8,7,False,morning,41.88,-87.64,41.88_-87.64,0.0,0,0,OTHER,1
STRAIGHT AND LEVEL,121,2025-10-07 08:47:00,3,8,10,C849FE8D723A222469E4F888B512471569C2FE4A4C563864F6DB207D8ABFFE1EDB03ED1E34251EC1DED51B65BCD6347020D7D8C5439FE81E125FD739B88004C5,INJURY AND / OR TOW DUE TO CRASH,$500 OR LESS,FUNCTIONING PROPERLY,PEDALCYCLIST,41.8802047889,DAYLIGHT,-87.640995167,2,25,IMPROPER LANE USAGE,NO DEFECTS,WET,UNABLE TO DETERMINE,S,111,NO CONTROLS,ONE-WAY,RAIN,0.0,1.0,0.0,0.0,0.0,1.0,2,1,[],[],[],"[""2025-10-07T08:47:00.000""]","[""2167238"", ""2167239""]","[""REAR""]",[],"[""UNKNOWN""]","[""CHANGING LANES""]","[""OTHER (EXPLAIN IN NARRATIVE)""]","[""1""]","[""S""]","[""1"", ""2""]","[""BICYCLE"", ""DRIVER""]","[""UNKNOWN""]","[""2065902""]","[""PASSENGER""]","[""UNKNOWN/NA""]",[],[],[],[],[],[],[],[],[],[],[],[],[],[],[],"[""N""]",[],['25'],"[""DEPLOYMENT UNKNOWN""]","[""TEST NOT OFFERED""]","[""CHICAGO""]","[""2025-10-07T08:47:00.000""]","[""NONE"", ""OTHER""]","[""NOT OBSCURED"", ""UNKNOWN""]",[],[],"[""NONE""]",[],"[""O2167238"", ""O2167239""]","[""BICYCLE"", ""DRIVER""]","[""NORMAL"", ""UNKNOWN""]","[""BICYCLE HELMET (PEDACYCLIST INVOLVED ONLY)"", ""USAGE UNKNOWN""]","[""F"", ""X""]","[""IL""]","[""2065902""]","[""60611""]",[],[],"[""WITH TRAFFIC""]","[""BIKE LANE""]","[""NO CONTRASTING CLOTHING""]",[],2025,10,8,7,False,morning,41.88,-87.64,41.88_-87.64,25.0,25,25,OTHER,1
STRAIGHT AND LEVEL,923,2025-10-07 08:45:00,3,8,10,103E027F10FE78F9ED989455B233057A3819C306D6B619FC3107C457B744C54202A2DB60FB00507A91172832B032FE1160DA764B66180E1724951D50E83F601B,NO INJURY / DRIVE AWAY,"OVER $1,500",NO CONTROLS,SIDESWIPE SAME DIRECTION,41.8016583727,DAYLIGHT,-87.6843837647,2,30,UNABLE TO DETERMINE,NO DEFECTS,WET,UNABLE TO DETERMINE,S,5040,NO CONTROLS,DIVIDED - W/MEDIAN (NOT RAISED),RAIN,0.0,0.0,0.0,0.0,0.0,1.0,1,2,[],"[""Y""]",[],"[""2025-10-07T08:45:00.000""]","[""2165319"", ""2165320""]","[""SIDE-LEFT-FRONT"", ""SIDE-RIGHT-FRONT""]","[""IL""]","[""DODGE"", ""FORD""]","[""STRAIGHT AHEAD""]","[""F150"", ""RAM 1500 PU""]","[""1""]","[""S""]","[""1"", ""2""]","[""DRIVER""]","[""NONE""]","[""2064104"", ""2064111""]","[""PICKUP""]","[""PERSONAL""]","[""2013""]",[],[],[],[],[],[],[],[],"[""Y""]",[],[],[],[],[],[],[],"['29', '39']","[""NOT APPLICABLE""]","[""TEST NOT OFFERED""]","[""BOURBONNAIS"", ""CHICAGO""]","[""2025-10-07T08:45:00.000""]","[""NONE"", ""OTHER""]","[""NOT OBSCURED""]","[""D""]","[""IL"", ""XX""]","[""NONE""]",[],"[""O2165319"", ""O2165320""]","[""DRIVER""]","[""NORMAL""]","[""NONE PRESENT"", ""SAFETY BELT USED""]","[""M""]","[""IL""]","[""2064104"", ""2064111""]","[""60632"", ""60914""]",[],[],[],[],[],[],2025,10,8,7,False,morning,41.8,-87.68,41.8_-87.68,34.0,29,39,OTHER,0
STRAIGHT AND LEVEL,1023,2025-10-07 08:40:00,3,8,10,3F862553441FEFE8B500E4522848660CF0D268068E5B2173FEE344815DA9A6F9C90C8FFC8FCE5B067776FBF5BD275F5A6459F3703C6A237BC84698354D18C509,NO INJURY / DRIVE AWAY,"OVER $1,500",FUNCTIONING PROPERLY,ANGLE,41.8538702606,DAYLIGHT,-87.6931138883,2,30,FAILING TO YIELD RIGHT-OF-WAY,NO DEFECTS,WET,NOT APPLICABLE,W,2700,STOP SIGN/FLASHER,NOT DIVIDED,RAIN,0.0,0.0,1.0,0.0,0.0,1.0,1,2,"[""Y""]","[""Y""]","[""Y""]","[""2025-10-07T08:40:00.000""]","[""2165351"", ""2165352""]","[""FRONT"", ""SIDE-RIGHT""]","[""IL""]","[""CHEVROLET"", ""HYUNDAI""]","[""STRAIGHT AHEAD""]","[""ELANTRA"", ""SUBURBAN""]","[""1""]","[""E"", ""S""]","[""1"", ""2""]","[""DRIVER""]","[""NONE""]","[""2064125"", ""2064131""]","[""PASSENGER"", ""SPORT UTILITY VEHICLE (SUV)""]","[""PERSONAL""]","[""2007"", ""2015""]","[""Y""]","[""Y""]","[""Y""]",[],"[""N""]",[],[],[],[],[],[],[],[],[],[],[],"['36', '55']","[""DEPLOYED, SIDE"", ""DID NOT DEPLOY""]","[""TEST NOT OFFERED""]","[""CHICAGO""]","[""2025-10-07T08:40:00.000""]","[""NONE"", ""OTHER""]","[""NOT OBSCURED""]","[""D""]","[""IL""]","[""NONE""]","[""REFUSED""]","[""O2165351"", ""O2165352""]","[""DRIVER""]","[""NORMAL""]","[""SAFETY BELT USED""]","[""F""]","[""IL""]","[""2064125"", ""2064131""]","[""60608"", ""60623""]",[],[],[],[],[],[],2025,10,8,7,False,morning,41.85,-87.69,41.85_-87.69,45.5,36,55,FAILURE-TO-YIELD,0
STRAIGHT AND LEVEL,532,2025-10-07 08:40:00,3,8,10,37E943B20D0A30237ACB385B654EBDD80B6B242D8F9A3328A74C31788FD1881875DE9054B03AEB2593FF4AA578EB2C41D35D5DBDBDB2ABBE8343D6FDDC76360C,NO INJURY / DRIVE AWAY,$500 OR LESS,FUNCTIONING PROPERLY,TURNING,41.6780106971,DAYLIGHT,-87.6206545872,2,25,IMPROPER OVERTAKING/PASSING,NO DEFECTS,WET,FAILING TO YIELD RIGHT-OF-WAY,S,11900,TRAFFIC SIGNAL,NOT DIVIDED,RAIN,0.0,1.0,0.0,0.0,0.0,1.0,1,1,[],[],[],"[""2025-10-07T08:40:00.000""]","[""2165272"", ""2165273""]","[""FRONT-LEFT-CORNER"", ""UNKNOWN""]","[""IL""]","[""CHEVROLET"", ""NOVA BUS""]","[""TURNING RIGHT""]","[""OTHER (EXPLAIN IN NARRATIVE)"", ""TRAIL BLAZER""]","[""1""]","[""S""]","[""1"", ""2""]","[""DRIVER""]","[""NONE"", ""UNKNOWN""]","[""2064051"", ""2064061""]","[""BUS OVER 15 PASS."", ""SPORT UTILITY VEHICLE (SUV)""]","[""CTA"", ""UNKNOWN/NA""]","[""2022""]",[],[],[],[],[],[],"[""Y""]",[],[],[],[],[],"[""Y""]",[],[],[],['50'],"[""DEPLOYMENT UNKNOWN"", ""DID NOT DEPLOY""]","[""TEST NOT OFFERED""]","[""CHICAGO""]","[""2025-10-07T08:40:00.000""]","[""IMPROPER TURN"", ""NONE""]","[""NOT OBSCURED"", ""UNKNOWN""]",[],"[""IL""]","[""NONE""]",[],"[""O2165272"", ""O2165273""]","[""DRIVER""]","[""NORMAL"", ""UNKNOWN""]","[""SAFETY BELT USED"", ""USAGE UNKNOWN""]","[""F"", ""M""]","[""IL""]","[""2064051"", ""2064061""]","[""60637""]",[],[],[],[],[],[],2025,10,8,7,False,morning,41.68,-87.62,41.68_-87.62,50.0,50,50,OTHER,0
STRAIGHT AND LEVEL,914,2025-10-07 08:39:00,3,8,10,AF4AD1E800F15EDD55BC00DF0DF3246610DF1B3D0960E3A908B73B3BCD74F9A6FBF478625A2C9833C8376639522F3F20F134515C16A0972B251E0E236E467D72,NO INJURY / DRIVE AWAY,"OVER $1,500",NO CONTROLS,PARKED MOTOR VEHICLE,41.8510796518,DAYLIGHT,-87.6324826745,2,30,UNABLE TO DETERMINE,UNKNOWN,WET,UNABLE TO DETERMINE,W,210,NO CONTROLS,NOT DIVIDED,RAIN,0.0,0.0,0.0,0.0,0.0,1.0,2,1,[],[],[],"[""2025-10-07T08:39:00.000""]","[""2165266"", ""2165267""]","[""FRONT-LEFT-CORNER"", ""SIDE-RIGHT-REAR""]","[""IL""]","[""HONDA"", ""PORSCHE""]","[""LEAVING TRAFFIC LANE TO PARK"", ""PARKED""]","[""HR-V"", ""MACAN""]","[""0"", ""1""]","[""W""]","[""1"", ""2""]","[""DRIVER"", ""PARKED""]","[""NONE"", ""UNKNOWN""]","[""2064050"", ""2064057""]","[""SPORT UTILITY VEHICLE (SUV)""]","[""NOT IN USE"", ""UNKNOWN/NA""]","[""2017"", ""2022""]","[""Y""]","[""Y""]","[""Y""]",[],[],[],[],[],"[""Y""]",[],[],[],[],[],[],[],['57'],"[""DID NOT DEPLOY""]","[""TEST REFUSED""]","[""CHICAGO""]","[""2025-10-07T08:39:00.000""]","[""UNKNOWN""]","[""WINDSHIELD (WATER/ICE)""]","[""D""]","[""IL""]","[""NONE""]","[""DNA""]","[""O2165266""]","[""DRIVER""]","[""UNKNOWN""]","[""USAGE UNKNOWN""]","[""F""]","[""IL""]","[""2064050""]","[""60608""]",[],[],[],[],[],[],2025,10,8,7,False,morning,41.85,-87.63,41.85_-87.63,57.0,57,57,OTHER,0
STRAIGHT AND LEVEL,1623,2025-10-07 08:35:00,3,8,10,C55EF609E1E3A735F9FBB52AB22D57A7CEFC27EFBF1381D22B9948F9CE6A8582BDCE4BE2DE672AC8CCE9A64BD025A632A8DFD0E6364C8890B2D8619DB41ECDDF,NO INJURY / DRIVE AWAY,"OVER $1,500",FUNCTIONING PROPERLY,ANGLE,41.9607909147,DAYLIGHT,-87.7498303285,3,30,UNABLE TO DETERMINE,UNKNOWN,DRY,UNABLE TO DETERMINE,N,4401,STOP SIGN/FLASHER,FOUR WAY,RAIN,0.0,0.0,1.0,0.0,0.0,1.0,2,4,"[""Y""]",[],"[""Y""]","[""2025-10-07T08:35:00.000""]","[""2165305"", ""2165306"", ""2165307""]","[""FRONT-RIGHT-CORNER"", ""SIDE-LEFT-REAR"", ""TOTAL (ALL AREAS)""]","[""IL""]","[""BUICK"", ""CHEVROLET"", ""HYUNDAI""]","[""PARKED"", ""STRAIGHT AHEAD""]","[""BOLT"", ""RAINIER"", ""SANTA FE""]","[""0"", ""1"", ""3""]","[""E"", ""S""]","[""1"", ""2"", ""3""]","[""DRIVER"", ""PARKED""]","[""UNKNOWN""]","[""2064095"", ""2064109"", ""2064130""]","[""PASSENGER""]","[""NOT IN USE"", ""PERSONAL""]","[""2004"", ""2008"", ""2017""]",[],[],[],[],[],"[""Y""]",[],[],[],[],"[""2""]",[],[],"[""Y""]","[""Y""]",[],"['10', '11', '31', '50']","[""NOT APPLICABLE""]","[""TEST NOT OFFERED""]","[""CHICAGO""]","[""2025-10-07T08:35:00.000""]","[""UNKNOWN""]","[""UNKNOWN""]","[""D""]","[""IL""]","[""NONE""]",[],"[""O2165305"", ""O2165306"", ""P477843"", ""P477845""]","[""DRIVER"", ""PASSENGER""]","[""NORMAL"", ""UNKNOWN""]","[""SAFETY BELT USED""]","[""F"", ""M""]","[""IL""]","[""2064095"", ""2064109""]","[""60625"", ""60630""]",[],"[""3"", ""4""]",[],[],[],[],2025,10,8,7,False,morning,41.96,-87.75,41.96_-87.75,25.5,10,50,OTHER,0
STRAIGHT AND LEVEL,1225,2025-10-07 08:33:00,3,8,10,076CA86CBB82945AFB65D38B549928CDADBA8F8F00440E81E2CF730386B3C8F968FBA86C2F8A52AC48217CF343E0FFFDC68B15C889191D8A9AE202AAED9D325F,INJURY AND / OR TOW DUE TO CRASH,$500 OR LESS,FUNCTIONING PROPERLY,PEDALCYCLIST,41.8776515241,DAYLIGHT,-87.6717745928,2,30,FAILING TO YIELD RIGHT-OF-WAY,NO DEFECTS,WET,NOT APPLICABLE,W,1800,STOP SIGN/FLASHER,ONE-WAY,RAIN,0.0,1.0,1.0,0.0,0.0,1.0,2,1,[],[],[],"[""2025-10-07T08:33:00.000""]","[""2165311"", ""2165312""]","[""FRONT""]",[],"[""UNKNOWN""]","[""STRAIGHT AHEAD""]","[""ENCLOSED BODY""]","[""1""]","[""N""]","[""1"", ""2""]","[""BICYCLE"", ""DRIVER""]","[""UNKNOWN""]","[""2064087""]","[""PASSENGER""]","[""UNKNOWN/NA""]",[],[],[],[],[],[],[],[],[],[],[],[],[],[],[],[],[],['18'],"[""DEPLOYMENT UNKNOWN""]","[""TEST NOT OFFERED""]","[""CHICAGO""]","[""2025-10-07T08:33:00.000""]","[""FAILED TO YIELD"", ""NONE""]","[""NOT OBSCURED"", ""UNKNOWN""]",[],[],"[""NONE"", ""TOTALLY EJECTED""]",[],"[""O2165311"", ""O2165312""]","[""BICYCLE"", ""DRIVER""]","[""NORMAL"", ""UNKNOWN""]","[""BICYCLE HELMET (PEDACYCLIST INVOLVED ONLY)"", ""USAGE UNKNOWN""]","[""M"", ""X""]","[""IL""]","[""2064087""]","[""60607""]",[],[],"[""CROSSING - WITH SIGNAL""]","[""BIKE LANE""]","[""NO CONTRASTING CLOTHING""]",[],2025,10,8,7,False,morning,41.88,-87.67,41.88_-87.67,18.0,18,18,FAILURE-TO-YIELD,1
STRAIGHT AND LEVEL,513,2025-10-07 08:30:00,3,8,10,FFE712DC7269A8C5CA869BF3C367E58645014F33397E11D7097A82ACCDF2AE7665FBA267AFA4BCC3EC2C5DF5AAC3273E29F768ABC7B7DC1D092AD98E6249BFCC,NO INJURY / DRIVE AWAY,"$501 - $1,500",NO CONTROLS,ANGLE,41.6962325277,DAYLIGHT,-87.5958061971,2,30,UNABLE TO DETERMINE,NO DEFECTS,WET,UNABLE TO DETERMINE,S,10900,NO CONTROLS,PARKING LOT,CLEAR,0.0,0.0,0.0,0.0,0.0,1.0,1,2,[],[],[],"[""2025-10-07T08:30:00.000""]","[""2165453"", ""2165454""]","[""REAR""]","[""IL""]","[""NISSAN"", ""TOYOTA""]","[""BACKING"", ""STRAIGHT AHEAD""]","[""COROLLA"", ""SENTRA""]","[""1""]","[""N"", ""W""]","[""1"", ""2""]","[""DRIVER""]","[""UNKNOWN""]","[""2064233"", ""2064247""]","[""PASSENGER""]","[""PERSONAL"", ""UNKNOWN/NA""]","[""2014"", ""2021""]",[],[],[],[],[],"[""Y""]",[],[],[],[],[],[],[],"[""Y""]","[""Y""]",[],"['47', '65']","[""DEPLOYMENT UNKNOWN"", ""DID NOT DEPLOY""]","[""TEST NOT OFFERED""]","[""CHICAGO"", ""OAKLAWN""]","[""2025-10-07T08:30:00.000""]","[""UNKNOWN""]","[""NOT OBSCURED"", ""UNKNOWN""]",[],"[""IL""]","[""NONE""]",[],"[""O2165453"", ""O2165454""]","[""DRIVER""]","[""NORMAL"", ""UNKNOWN""]","[""SAFETY BELT USED"", ""USAGE UNKNOWN""]","[""M""]","[""IL""]","[""2064233"", ""2064247""]","[""60453"", ""60643""]",[],[],[],[],[],[],2025,10,8,7,False,morning,41.7,-87.6,41.7_-87.6,56.0,47,65,OTHER,0
STRAIGHT AND LEVEL,1214,2025-10-07 08:30:00,3,8,10,C89DE6C518D902DC1E38027CD6955B0A2FA6E4D11D543A52802A0786BB7D3B51BF9E027CA73D45139AAC7DB46FE039791C9362EF56FB420B97BA8C97D590A0D1,NO INJURY / DRIVE AWAY,$500 OR LESS,NO CONTROLS,PEDESTRIAN,41.8857842094,DAYLIGHT,-87.6468594088,2,15,FAILING TO YIELD RIGHT-OF-WAY,UNKNOWN,WET,UNABLE TO DETERMINE,W,726,NO CONTROLS,ALLEY,RAIN,0.0,0.0,0.0,0.0,0.0,1.0,2,1,[],[],[],"[""2025-10-07T08:30:00.000""]","[""2165264"", ""2165265""]","[""FRONT-RIGHT-CORNER""]","[""IL""]","[""NISSAN""]","[""STRAIGHT AHEAD""]","[""ROGUE""]","[""1""]","[""N""]","[""1"", ""2""]","[""DRIVER"", ""PEDESTRIAN""]","[""UNKNOWN""]","[""2064055""]","[""SPORT UTILITY VEHICLE (SUV)""]","[""PERSONAL""]","[""2018""]",[],[],[],[],[],[],[],[],[],[],[],[],"[""Y""]",[],[],[],['25'],"[""NOT APPLICABLE""]","[""TEST NOT OFFERED""]","[""CHICAGO""]","[""2025-10-07T08:30:00.000""]","[""FAILED TO YIELD"", ""OTHER""]","[""PARKED VEHICLES"", ""UNKNOWN""]","[""D""]","[""IL""]","[""NONE""]","[""N/A""]","[""O2165264"", ""O2165265""]","[""DRIVER"", ""PEDESTRIAN""]","[""NORMAL"", ""UNKNOWN""]","[""SAFETY BELT USED"", ""USAGE UNKNOWN""]","[""M""]","[""IL""]","[""2064055""]","[""60661""]","[""N/A""]",[],"[""OTHER ACTION""]","[""IN ROADWAY""]","[""NO CONTRASTING CLOTHING""]",[],2025,10,8,7,False,morning,41.89,-87.65,41.89_-87.65,25.0,25,25,FAILURE-TO-YIELD,0
STRAIGHT AND LEVEL,1733,2025-10-07 08:27:00,3,8,10,E28EB2DACE7858E311FB0CEFBE4043610C9A1D9D85B29D93E47E0612E2D0FBBF91EBD4A4C97873D280699E3AFA3734969CD47E1AD0430981B25DD8048D1C7E4B,NO INJURY / DRIVE AWAY,"OVER $1,500",NO CONTROLS,PARKED MOTOR VEHICLE,41.9443564818,DAYLIGHT,-87.705753328,2,30,UNABLE TO DETERMINE,NO DEFECTS,DRY,UNABLE TO DETERMINE,N,3476,NO CONTROLS,NOT DIVIDED,CLEAR,0.0,1.0,0.0,0.0,0.0,1.0,2,0,[],[],[],"[""2025-10-07T08:27:00.000""]","[""2165298"", ""2165299""]","[""SIDE-LEFT"", ""UNKNOWN""]","[""IL""]","[""CHEVROLET"", ""HONDA""]","[""PARKED IN TRAFFIC LANE"", ""UNKNOWN/NA""]","[""OTHER (EXPLAIN IN NARRATIVE)""]","[""0"", ""1""]","[""SE"", ""UNKNOWN""]","[""1"", ""2""]","[""DRIVER"", ""PARKED""]","[""NONE"", ""UNKNOWN""]","[""2064078"", ""2064084""]","[""PASSENGER"", ""UNKNOWN/NA""]","[""PERSONAL"", ""UNKNOWN/NA""]","[""2015""]",[],[],[],[],[],[],"[""Y""]","[""Y""]","[""Y""]",[],[],"[""Y""]",[],[],[],[],[],"[""DEPLOYMENT UNKNOWN""]","[""TEST NOT OFFERED""]",[],"[""2025-10-07T08:27:00.000""]","[""UNKNOWN""]","[""UNKNOWN""]",[],[],"[""NONE""]",[],"[""O2165298""]","[""DRIVER""]","[""UNKNOWN""]","[""USAGE UNKNOWN""]","[""X""]",[],"[""2064078""]",[],[],[],[],[],[],[],2025,10,8,7,False,morning,41.94,-87.71,41.94_-87.71,0.0,0,0,OTHER,0
STRAIGHT AND LEVEL,1911,2025-10-07 08:25:00,3,8,10,B113C7C444C308B871898BF82668344320875B71D46789ED634AA5DB934EF529CE7920F839008BFEE9D0BC3F1A5B0B3630BF444AE002EAA9E1CB67830C69D847,NO INJURY / DRIVE AWAY,"OVER $1,500",NO CONTROLS,PARKED MOTOR VEHICLE,41.96336545,DAYLIGHT,-87.6803182739,2,30,UNABLE TO DETERMINE,UNKNOWN,WET,UNABLE TO DETERMINE,W,2030,NO CONTROLS,NOT DIVIDED,RAIN,0.0,0.0,0.0,0.0,0.0,1.0,2,1,[],[],[],"[""2025-10-07T08:25:00.000""]","[""2165287"", ""2165288""]","[""NONE"", ""REAR-LEFT-CORNER""]","[""IL""]","[""HONDA"", ""UNKNOWN""]","[""PARKED"", ""STRAIGHT AHEAD""]","[""CIVIC"", ""OTHER (EXPLAIN IN NARRATIVE)""]","[""0"", ""1""]","[""W""]","[""1"", ""2""]","[""DRIVER"", ""PARKED""]","[""UNKNOWN""]","[""2064065"", ""2064069""]","[""PASSENGER"", ""UNKNOWN/NA""]","[""PERSONAL"", ""UNKNOWN/NA""]","[""2012""]",[],[],[],[],[],"[""Y""]",[],[],[],[],[],"[""Y""]","[""Y""]",[],[],[],['37'],"[""NOT APPLICABLE""]","[""TEST NOT OFFERED""]","[""MORTON GROVE""]","[""2025-10-07T08:25:00.000""]","[""UNKNOWN""]","[""UNKNOWN""]","[""D""]","[""IL""]","[""NONE""]",[],"[""O2165287""]","[""DRIVER""]","[""NORMAL""]","[""USAGE UNKNOWN""]","[""M""]","[""IL""]","[""2064065""]","[""60053""]",[],[],[],[],[],[],2025,10,8,7,False,morning,41.96,-87.68,41.96_-87.68,37.0,37,37,OTHER,0