alignment,beat_of_occurrence,crash_date,crash_day_of_week,crash_hour,crash_month,crash_record_id,crash_type,damage,device_condition,first_crash_type,latitude,lighting_condition,longitude,num_units,posted_speed_limit,prim_contributory_cause,road_defect,roadway_surface_cond,sec_contributory_cause,street_direction,street_no,traffic_control_device,trafficway_type,weather_condition,private_property_i,hit_and_run_i,intersection_related_i,crash_date_est_i,work_zone_i,workers_present_i,veh_count,ppl_count,veh_area_01_i_list_json,veh_area_02_i_list_json,veh_area_12_i_list_json,veh_crash_date_list_json,veh_crash_unit_id_list_json,veh_first_contact_point_list_json,veh_lic_plate_state_list_json,veh_make_list_json,veh_maneuver_list_json,veh_model_list_json,veh_occupant_cnt_list_json,veh_travel_direction_list_json,veh_unit_no_list_json,veh_unit_type_list_json,veh_vehicle_defect_list_json,veh_vehicle_id_list_json,veh_vehicle_type_list_json,veh_vehicle_use_list_json,veh_vehicle_year_list_json,veh_area_03_i_list_json,veh_area_04_i_list_json,veh_area_11_i_list_json,veh_towed_by_list_json,veh_towed_i_list_json,veh_area_07_i_list_json,veh_area_99_i_list_json,veh_area_09_i_list_json,veh_area_10_i_list_json,veh_cmrc_veh_i_list_json,veh_num_passengers_list_json,veh_area_08_i_list_json,veh_area_00_i_list_json,veh_area_05_i_list_json,veh_area_06_i_list_json,veh_towed_to_list_json,ppl_age_list_json,ppl_airbag_deployed_list_json,ppl_bac_result_list_json,ppl_city_list_json,ppl_crash_date_list_json,ppl_driver_action_list_json,ppl_driver_vision_list_json,ppl_drivers_license_class_list_json,ppl_drivers_license_state_list_json,ppl_ejection_list_json,ppl_hospital_list_json,ppl_person_id_list_json,ppl_person_type_list_json,ppl_physical_condition_list_json,ppl_safety_equipment_list_json,ppl_sex_list_json,ppl_state_list_json,ppl_vehicle_id_list_json,ppl_zipcode_list_json,ppl_ems_agency_list_json,ppl_seat_no_list_json,ppl_pedpedal_action_list_json,ppl_pedpedal_location_list_json,ppl_pedpedal_visibility_list_json,ppl_ems_run_no_list_json,year,month,hour,day,is_weekend,hour_bin,lat_bin,lng_bin,grid_id,ppl_age_mean,ppl_age_min,ppl_age_max,prim_contributory_cause_group,ksi_flag
STRAIGHT AND LEVEL,1633,2025-10-07 08:25:00,3,8,10,6889E34A6DE34A31340AE53EDE766FF0FA977D88F61B463085D809664711F6D74EBC4C7018ED0275FB77106C4149F619FDE96C5A42DD0E170FDE2714CC6A7BE4,INJURY AND / OR TOW DUE TO CRASH,"OVER $1,500",NO CONTROLS,ANGLE,41.9457992673,DUSK,-87.7642335068,2,30,FAILING TO YIELD RIGHT-OF-WAY,NO DEFECTS,WET,DRIVING SKILLS/KNOWLEDGE/EXPERIENCE,W,5499,NO CONTROLS,NOT DIVIDED,RAIN,0.0,0.0,0.0,1.0,0.0,1.0,1,3,"[""Y""]",[],"[""Y""]","[""2025-10-07T08:25:00.000""]","[""2165308"", ""2165309""]","[""FRONT"", ""SIDE-LEFT""]","[""IL""]","[""HONDA""]","[""STRAIGHT AHEAD""]","[""CR-V"", ""OTHER (EXPLAIN IN NARRATIVE)""]","[""1"", ""2""]","[""S"", ""W""]","[""1"", ""2""]","[""DRIVER""]","[""NONE""]","[""2064085"", ""2064105""]","[""PASSENGER"", ""SPORT UTILITY VEHICLE (SUV)""]","[""PERSONAL""]","[""2014"", ""2025""]",[],[],"[""Y""]","[""PRIVATE""]","[""Y""]",[],[],"[""Y""]","[""Y""]",[],"[""1""]",[],[],[],[],[],"['19', '46', '55']","[""DEPLOYED, FRONT"", ""DEPLOYMENT UNKNOWN""]","[""TEST NOT OFFERED""]","[""CHICAGO""]","[""2025-10-07T08:25:00.000""]","[""FAILED TO YIELD"", ""NONE""]","[""NOT OBSCURED""]",[],"[""IL""]","[""NONE""]","[""REFUSED""]","[""O2165308"", ""O2165309"", ""P477842""]","[""DRIVER"", ""PASSENGER""]","[""NORMAL""]","[""USAGE UNKNOWN""]","[""F"", ""M""]","[""IL""]","[""2064085"", ""2064105""]","[""60618"", ""60641""]",[],"[""3""]",[],[],[],[],2025,10,8,7,False,morning,41.95,-87.76,41.95_-87.76,40.0,19,55,FAILURE-TO-YIELD,0
STRAIGHT AND LEVEL,1814,2025-10-07 08:23:00,3,8,10,0FE034E1FE1502BAE63B5FF3C85EA836C51B38DCB7F486C5F42F61CD79A1767D93BDDFF22836A55BFE1275DDE9BB26F28E381F2676E975374DF38129C2ABDEDA,INJURY AND / OR TOW DUE TO CRASH,"OVER $1,500",FUNCTIONING PROPERLY,TURNING,41.9256299597,DAYLIGHT,-87.6337321887,3,30,UNABLE TO DETERMINE,NO DEFECTS,WET,NOT APPLICABLE,W,201,TRAFFIC SIGNAL,FOUR WAY,RAIN,0.0,0.0,1.0,0.0,0.0,1.0,1,3,"[""Y""]","[""Y""]","[""Y""]","[""2025-10-07T08:23:00.000""]","[""2165300"", ""2165301"", ""2165302""]","[""FRONT-LEFT-CORNER"", ""FRONT-RIGHT-CORNER"", ""SIDE-LEFT""]","[""IL"", ""NC""]","[""BMW"", ""CHEVROLET"", ""HONDA""]","[""STRAIGHT AHEAD"", ""TURNING LEFT""]","[""CR-V"", ""TI"", ""TRAX""]","[""1""]","[""E"", ""S""]","[""1"", ""2"", ""3""]","[""DRIVER""]","[""NONE""]","[""2064091"", ""2064115"", ""2064133""]","[""PASSENGER"", ""SPORT UTILITY VEHICLE (SUV)""]","[""PERSONAL""]","[""2015"", ""2016"", ""2019""]",[],[],"[""Y""]","[""PRIVATE""]","[""N"", ""Y""]",[],"[""Y""]","[""Y""]","[""Y""]",[],[],[],[],[],[],[],"['27', '28', '77']","[""DEPLOYED, FRONT"", ""DEPLOYED, SIDE"", ""NOT APPLICABLE""]","[""TEST NOT OFFERED""]","[""CHICAGO""]","[""2025-10-07T08:23:00.000""]","[""NONE"", ""UNKNOWN""]","[""NOT OBSCURED""]","[""C"", ""D""]","[""IL"", ""NC""]","[""NONE""]",[],"[""O2165300"", ""O2165301"", ""O2165302""]","[""DRIVER""]","[""NORMAL""]","[""SAFETY BELT USED""]","[""F""]","[""IL""]","[""2064091"", ""2064115"", ""2064133""]","[""60614"", ""60654""]",[],[],[],[],[],[],2025,10,8,7,False,morning,41.93,-87.63,41.93_-87.63,44.0,27,77,OTHER,0
STRAIGHT AND LEVEL,1522,2025-10-07 08:21:00,3,8,10,9540AE45133AADAD7858D77231248E4C774E3118C4E79A22838D5EBF488CF83ECF8E94EF034044D3047AD91F63AFBC9C08D4765782D81160E10B33D3FB1850C7,NO INJURY / DRIVE AWAY,"OVER $1,500",NO CONTROLS,TURNING,41.8658567344,UNKNOWN,-87.7548716042,2,30,UNABLE TO DETERMINE,UNKNOWN,UNKNOWN,UNABLE TO DETERMINE,W,5200,TRAFFIC SIGNAL,FOUR WAY,CLEAR,0.0,1.0,1.0,0.0,0.0,1.0,1,1,[],[],"[""Y""]","[""2025-10-07T08:21:00.000""]","[""2165379"", ""2165380""]","[""FRONT-LEFT-CORNER"", ""SIDE-LEFT""]","[""IL""]","[""CADILLAC"", ""FORD""]","[""SLOW/STOP IN TRAFFIC"", ""TURNING LEFT""]","[""CTS"", ""EDGE""]","[""1""]","[""S"", ""W""]","[""1"", ""2""]","[""DRIVER""]","[""UNKNOWN""]","[""2064152"", ""2064158""]","[""PASSENGER""]","[""PERSONAL""]","[""2015""]",[],[],"[""Y""]",[],[],"[""Y""]",[],"[""Y""]","[""Y""]",[],[],"[""Y""]",[],[],[],[],['52'],"[""DEPLOYMENT UNKNOWN"", ""NOT APPLICABLE""]","[""TEST NOT OFFERED""]","[""CHICAGO""]","[""2025-10-07T08:21:00.000""]","[""UNKNOWN""]","[""UNKNOWN""]",[],[],"[""NONE"", ""UNKNOWN""]",[],"[""O2165379"", ""O2165380""]","[""DRIVER""]","[""UNKNOWN""]","[""USAGE UNKNOWN""]","[""M""]","[""IL""]","[""2064152"", ""2064158""]","[""60617""]",[],[],[],[],[],[],2025,10,8,7,False,morning,41.87,-87.75,41.87_-87.75,52.0,52,52,OTHER,0
STRAIGHT AND LEVEL,2533,2025-10-07 08:21:00,3,8,10,4EC73111FF0026E1A638D48B78F227716C676C0290A19B1C62C2CBEB4D9EFEF12FF2E4D475B5B234FD4BF734F032B1A38F38A557063A51981B73C7290A4BB4C4,NO INJURY / DRIVE AWAY,"OVER $1,500",FUNCTIONING PROPERLY,REAR END,41.9150133475,DAYLIGHT,-87.7461759569,2,30,WEATHER,NO DEFECTS,WET,UNABLE TO DETERMINE,N,1858,TRAFFIC SIGNAL,OTHER,RAIN,0.0,0.0,1.0,0.0,0.0,1.0,1,3,[],[],"[""Y""]","[""2025-10-07T08:21:00.000""]","[""2165294"", ""2165295""]","[""FRONT"", ""REAR""]","[""IL""]","[""FORD"", ""SUBARU""]","[""STRAIGHT AHEAD""]","[""FORESTER"", ""TRANSIT""]","[""1"", ""2""]","[""S""]","[""1"", ""2""]","[""DRIVER""]","[""UNKNOWN""]","[""2064076"", ""2064088""]","[""PASSENGER"", ""TRUCK - SINGLE UNIT""]","[""PERSONAL"", ""UNKNOWN/NA""]","[""2017"", ""2019""]",[],[],[],[],[],[],[],[],[],[],"[""1""]",[],[],[],"[""Y""]",[],"['40', '42', '6']","[""DID NOT DEPLOY""]","[""TEST NOT OFFERED""]","[""CHICAGO""]","[""2025-10-07T08:21:00.000""]","[""UNKNOWN""]","[""NOT OBSCURED"", ""UNKNOWN""]","[""D""]","[""IL""]","[""NONE""]",[],"[""O2165294"", ""O2165295"", ""P477840""]","[""DRIVER"", ""PASSENGER""]","[""NORMAL""]","[""CHILD RESTRAINT - FORWARD FACING"", ""USAGE UNKNOWN""]","[""F"", ""M""]","[""IL""]","[""2064076"", ""2064088""]","[""60639"", ""60641""]",[],"[""6""]",[],[],[],[],2025,10,8,7,False,morning,41.92,-87.75,41.92_-87.75,29.333333333333332,6,42,WEATHER-RELATED,0
STRAIGHT AND LEVEL,2522,2025-10-07 08:20:00,3,8,10,B1723902CB942E52C35C11163F5F36724636D26809406807E44FF5C021764D091246A1C6CFC3408661C133950EC6D4C001A02B910EA8701F02D264BF612F195F,NO INJURY / DRIVE AWAY,"OVER $1,500",FUNCTIONING PROPERLY,REAR END,41.924095289,DAYLIGHT,-87.7488794538,2,30,UNABLE TO DETERMINE,NO DEFECTS,WET,NOT APPLICABLE,W,4901,TRAFFIC SIGNAL,NOT DIVIDED,RAIN,0.0,0.0,0.0,0.0,0.0,1.0,1,3,"[""Y""]",[],"[""Y""]","[""2025-10-07T08:20:00.000""]","[""2165270"", ""2165271""]","[""FRONT"", ""REAR""]","[""IL""]","[""CHEVROLET"", ""HYUNDAI""]","[""STRAIGHT AHEAD""]","[""SANTA FE"", ""TRAIL BLAZER""]","[""1"", ""2""]","[""W""]","[""1"", ""2""]","[""DRIVER""]","[""UNKNOWN""]","[""2064075"", ""2064093""]","[""PASSENGER""]","[""PERSONAL""]","[""2017"", ""2024""]",[],[],"[""Y""]",[],[],"[""Y""]",[],[],[],[],"[""1""]",[],[],"[""Y""]","[""Y""]",[],"['36', '41', '9']","[""DID NOT DEPLOY""]","[""TEST NOT OFFERED""]","[""CHICAGO""]","[""2025-10-07T08:20:00.000""]","[""UNKNOWN""]","[""NOT OBSCURED""]","[""D""]","[""IL""]","[""NONE""]",[],"[""O2165270"", ""O2165271"", ""P477847""]","[""DRIVER"", ""PASSENGER""]","[""NORMAL""]","[""SAFETY BELT USED""]","[""F"", ""M""]","[""IL""]","[""2064075"", ""2064093""]","[""60639"", ""60641""]",[],"[""4""]",[],[],[],[],2025,10,8,7,False,morning,41.92,-87.75,41.92_-87.75,28.666666666666668,9,41,OTHER,0
STRAIGHT AND LEVEL,231,2025-10-07 08:20:00,3,8,10,7E437ACB4693DF05BA8CA2874FA35FBA1FCAD27B6DBFAF17DF8B9F02BFB554682ECFB7A91AA97FED7DF509C22E65D1B0DD2849D288E71CD1DF3D94692307B7D6,INJURY AND / OR TOW DUE TO CRASH,"OVER $1,500",FUNCTIONING PROPERLY,ANGLE,41.7943920855,DARKNESS,-87.6193626225,2,30,FAILING TO YIELD RIGHT-OF-WAY,NO DEFECTS,WET,FAILING TO REDUCE SPEED TO AVOID CRASH,S,5500,STOP SIGN/FLASHER,T-INTERSECTION,RAIN,0.0,0.0,1.0,0.0,0.0,1.0,1,3,"[""Y""]",[],"[""Y""]","[""2025-10-07T08:20:00.000""]","[""2165389"", ""2165390""]","[""FRONT"", ""SIDE-LEFT""]","[""IL""]","[""KIA"", ""TOYOTA""]","[""STRAIGHT AHEAD""]","[""FORTE"", ""SIENNA""]","[""2"", ""3""]","[""E"", ""N""]","[""1"", ""2""]","[""DRIVER""]","[""UNKNOWN""]","[""2064180"", ""2064195""]","[""PASSENGER"", ""VAN/MINI-VAN""]","[""PERSONAL""]","[""2005"", ""2014""]",[],[],"[""Y""]","[""ON SITE TOW AND RECOVERY""]","[""Y""]",[],[],"[""Y""]","[""Y""]",[],"[""1"", ""2""]",[],[],[],[],"[""9501 S COLFAX""]","['17', '32', '34']","[""DEPLOYED, FRONT"", ""DID NOT DEPLOY""]","[""TEST NOT OFFERED""]","[""CALUMET CITY"", ""CHICAGO""]","[""2025-10-07T08:20:00.000""]","[""FAILED TO YIELD"", ""OTHER""]","[""UNKNOWN""]","[""D""]","[""IL""]","[""NONE""]","[""COMERS""]","[""O2165389"", ""O2165390"", ""P477851"", ""P477855"", ""P477857""]","[""DRIVER"", ""PASSENGER""]","[""NORMAL""]","[""SAFETY BELT USED""]","[""F"", ""M""]","[""IL""]","[""2064180"", ""2064195""]","[""60409"", ""60636""]","[""CFD AMBO 35"", ""CFD AMBO 57""]","[""3"", ""6""]",[],[],[],[],2025,10,8,7,False,morning,41.79,-87.62,41.79_-87.62,27.666666666666668,17,34,FAILURE-TO-YIELD,1
STRAIGHT AND LEVEL,124,2025-10-07 08:17:00,3,8,10,C905A5245EC61914196827AAEB4B38F29ACDC05279393C79F7983416AA143B0436EFFED2ED37B1C238310FC3D72DB780849F1F243CCF0B83FAE9553749A8C410,NO INJURY / DRIVE AWAY,$500 OR LESS,NO CONTROLS,PARKED MOTOR VEHICLE,41.8623508909,DAWN,-87.6394709444,2,30,FOLLOWING TOO CLOSELY,NO DEFECTS,WET,WEATHER,W,509,NO CONTROLS,NOT DIVIDED,RAIN,0.0,0.0,0.0,0.0,0.0,1.0,2,1,[],[],"[""Y""]","[""2025-10-07T08:17:00.000""]","[""2165303"", ""2165304""]","[""FRONT"", ""REAR""]","[""IL""]","[""HYUNDAI"", ""KIA""]","[""PARKED"", ""STRAIGHT AHEAD""]","[""FORTE"", ""KONA""]","[""0"", ""1""]","[""E""]","[""1"", ""2""]","[""DRIVER"", ""PARKED""]","[""UNKNOWN""]","[""2064086"", ""2064096""]","[""PASSENGER""]","[""PERSONAL""]","[""2015"", ""2021""]",[],[],[],[],[],[],[],[],[],[],[],[],[],[],"[""Y""]",[],['41'],"[""DID NOT DEPLOY""]","[""TEST NOT OFFERED""]","[""CHICAGO""]","[""2025-10-07T08:17:00.000""]","[""FOLLOWED TOO CLOSELY""]","[""NOT OBSCURED""]","[""D""]","[""IL""]","[""NONE""]",[],"[""O2165303""]","[""DRIVER""]","[""NORMAL""]","[""USAGE UNKNOWN""]","[""F""]","[""IL""]","[""2064086""]","[""60607""]",[],[],[],[],[],[],2025,10,8,7,False,morning,41.86,-87.64,41.86_-87.64,41.0,41,41,FOLLOWING TOO CLOSELY,0
STRAIGHT AND LEVEL,1921,2025-10-07 08:16:00,3,8,10,38807F8F239F52A5BE420C0D07A1E6A649FDEA3D29F77E20CF8B12AC7CD1EF474FBA9DD4C90878F79FB7C9908FFE5783C294FD8A46711CC3647CE3F24BC85B09,NO INJURY / DRIVE AWAY,"$501 - $1,500",NO CONTROLS,SIDESWIPE SAME DIRECTION,41.9468373907,DAYLIGHT,-87.6906968293,2,30,IMPROPER OVERTAKING/PASSING,NO DEFECTS,WET,NOT APPLICABLE,W,2500,NO CONTROLS,NOT DIVIDED,RAIN,0.0,1.0,0.0,0.0,0.0,1.0,1,1,"[""Y""]","[""Y""]",[],"[""2025-10-07T08:16:00.000""]","[""2165328"", ""2165329""]","[""FRONT-LEFT-CORNER"", ""SIDE-RIGHT-FRONT""]","[""IL""]","[""GENERAL MOTORS CORPORATION (GMC)"", ""NEW FLYER""]","[""PASSING/OVERTAKING"", ""STRAIGHT AHEAD""]","[""OTHER (EXPLAIN IN NARRATIVE)"", ""SIERRA""]","[""1""]","[""E""]","[""1"", ""2""]","[""DRIVER""]","[""UNKNOWN""]","[""2064122"", ""2064128""]","[""BUS OVER 15 PASS."", ""PASSENGER""]","[""CTA"", ""UNKNOWN/NA""]","[""2016""]",[],[],"[""Y""]",[],[],[],[],[],"[""Y""]",[],[],[],[],[],[],[],['46'],"[""DEPLOYMENT UNKNOWN"", ""NOT APPLICABLE""]","[""TEST NOT OFFERED""]","[""CHICAGO"", ""UNK""]","[""2025-10-07T08:16:00.000""]","[""NONE"", ""UNKNOWN""]","[""NOT OBSCURED"", ""UNKNOWN""]","[""B""]","[""IL"", ""XX""]","[""NONE""]",[],"[""O2165328"", ""O2165329""]","[""DRIVER""]","[""NORMAL"", ""UNKNOWN""]","[""SAFETY BELT USED"", ""USAGE UNKNOWN""]","[""F"", ""X""]","[""IL"", ""XX""]","[""2064122"", ""2064128""]","[""60624""]",[],[],[],[],[],[],2025,10,8,7,False,morning,41.95,-87.69,41.95_-87.69,46.0,46,46,OTHER,0
STRAIGHT AND LEVEL,1925,2025-10-07 08:15:00,3,8,10,0253596363D5D25524FFE70569F83B858537ADA9C261A13FAB7F1C2DD968087ED0C485B2629691212F7D419D21B506F1C63DD718D9473B679ED21E2E3109FD72,INJURY AND / OR TOW DUE TO CRASH,$500 OR LESS,NO CONTROLS,PEDALCYCLIST,41.9436609963,DAWN,-87.645183607,3,30,FAILING TO YIELD RIGHT-OF-WAY,UNKNOWN,WET,FAILING TO YIELD RIGHT-OF-WAY,N,3400,NO CONTROLS,NOT DIVIDED,RAIN,0.0,1.0,0.0,0.0,0.0,1.0,2,2,[],[],[],"[""2025-10-07T08:15:00.000""]","[""2165281"", ""2165282"", ""2165325""]","[""SIDE-LEFT""]","[""XX""]","[""HONDA""]","[""PARKED IN TRAFFIC LANE""]","[""ACCORD""]","[""0""]","[""S""]","[""1"", ""2"", ""3""]","[""BICYCLE"", ""PARKED""]","[""UNKNOWN""]","[""2064060""]","[""PASSENGER""]","[""UNKNOWN/NA""]",[],[],[],[],[],[],[],"[""Y""]",[],[],[],[],[],[],[],[],[],"['0', '43']",[],"[""TEST NOT OFFERED""]","[""CHICAGO""]","[""2025-10-07T08:15:00.000""]","[""NONE"", ""UNKNOWN""]","[""UNKNOWN""]",[],[],"[""UNKNOWN""]",[],"[""O2165282"", ""O2165325""]","[""BICYCLE""]","[""NORMAL""]","[""BICYCLE HELMET (PEDACYCLIST INVOLVED ONLY)""]","[""M""]","[""IL""]",[],"[""60613""]",[],[],"[""WITH TRAFFIC""]","[""BIKEWAY""]","[""NO CONTRASTING CLOTHING""]",[],2025,10,8,7,False,morning,41.94,-87.65,41.94_-87.65,21.5,0,43,FAILURE-TO-YIELD,1
STRAIGHT AND LEVEL,1713,2025-10-07 08:15:00,3,8,10,75ACCC278BA7812E9D168F88D9B29652881209137F850C5210AAA9A737C48F71DF8BC7FC6D0F8901290B92B16794582C6DA06401EEAF8D7F7A9D70CA02F5D109,NO INJURY / DRIVE AWAY,"OVER $1,500",NO CONTROLS,SIDESWIPE SAME DIRECTION,41.9737133584,DAYLIGHT,-87.7133648213,2,30,FAILING TO YIELD RIGHT-OF-WAY,UNKNOWN,WET,UNABLE TO DETERMINE,N,5059,NO CONTROLS,NOT DIVIDED,RAIN,0.0,0.0,0.0,0.0,0.0,1.0,1,3,"[""Y""]","[""Y""]",[],"[""2025-10-07T08:15:00.000""]","[""2165279"", ""2165280""]","[""FRONT-RIGHT-CORNER"", ""OTHER""]","[""IL""]","[""CHEVROLET"", ""HONDA""]","[""SLOW/STOP IN TRAFFIC"", ""STRAIGHT AHEAD""]","[""PILOT"", ""TRAVERSE""]","[""1"", ""2""]","[""N""]","[""1"", ""2""]","[""DRIVER""]","[""UNKNOWN""]","[""2064079"", ""2064098""]","[""SPORT UTILITY VEHICLE (SUV)""]","[""PERSONAL""]","[""2003"", ""2013""]","[""Y""]","[""Y""]",[],[],[],[],[],"[""N""]",[],[],"[""1""]","[""N""]",[],[],[],[],"['17', '54', '81']","[""NOT APPLICABLE""]","[""TEST NOT OFFERED""]","[""CHICAGO""]","[""2025-10-07T08:15:00.000""]","[""FAILED TO YIELD"", ""NONE""]","[""UNKNOWN""]","[""D""]","[""IL""]","[""NONE""]",[],"[""O2165279"", ""O2165280"", ""P477838""]","[""DRIVER"", ""PASSENGER""]","[""NORMAL""]","[""SAFETY BELT USED""]","[""F"", ""M""]","[""IL""]","[""2064079"", ""2064098""]","[""60640"", ""60659""]",[],"[""4""]",[],[],[],[],2025,10,8,7,False,morning,41.97,-87.71,41.97_-87.71,50.666666666666664,17,81,FAILURE-TO-YIELD,0
STRAIGHT AND LEVEL,331,2025-10-07 08:06:00,3,8,10,1B272EE957C079D95DD4634B247C82D31995BA3DF25686F3FAC292C5FC730C167C1663E93F25BFD90FF7CA219AAEA05778EB95210EF5E359A42C46FFAFA07653,INJURY AND / OR TOW DUE TO CRASH,"OVER $1,500",NO CONTROLS,REAR END,41.772627187,DAYLIGHT,-87.5667665396,2,30,FOLLOWING TOO CLOSELY,UNKNOWN,WET,UNABLE TO DETERMINE,S,6730,NO CONTROLS,DIVIDED - W/MEDIAN (NOT RAISED),RAIN,0.0,0.0,0.0,0.0,0.0,1.0,1,1,"[""Y""]","[""Y""]","[""Y""]","[""2025-10-07T08:06:00.000""]","[""2165419"", ""2165420""]","[""FRONT"", ""REAR""]","[""IL"", ""IN""]","[""HYUNDAI"", ""JEEP""]","[""STRAIGHT AHEAD""]","[""GRAND CHEROKEE"", ""TUCSON""]","[""1""]","[""S""]","[""1"", ""2""]","[""DRIVER""]","[""UNKNOWN""]","[""2064205"", ""2064224""]","[""PASSENGER""]","[""PERSONAL""]","[""2018"", ""2019""]",[],[],"[""Y""]","[""state farm insurance""]","[""Y""]","[""Y""]",[],[],"[""Y""]",[],[],[],[],"[""Y""]","[""Y""]",[],['25'],"[""DID NOT DEPLOY""]","[""TEST NOT OFFERED""]","[""LINCOLNWOOD"", ""WHITING""]","[""2025-10-07T08:06:00.000""]","[""FOLLOWED TOO CLOSELY"", ""NONE""]","[""UNKNOWN""]","[""D""]","[""IL"", ""IN""]","[""NONE""]",[],"[""O2165419"", ""O2165420""]","[""DRIVER""]","[""NORMAL""]","[""SAFETY BELT USED""]","[""F"", ""M""]","[""IL"", ""IN""]","[""2064205"", ""2064224""]","[""46394"", ""60712""]",[],[],[],[],[],[],2025,10,8,7,False,morning,41.77,-87.57,41.77_-87.57,25.0,25,25,FOLLOWING TOO CLOSELY,0
STRAIGHT AND LEVEL,1432,2025-10-07 08:02:00,3,8,10,BEB7F5BC745AC9322D29D977EBB5D5B3418D8213DD9BC43562543553468400F399A407728B759322EF04D845DE1576BE0D9B26B31EED4AD225E99180453B863F,NO INJURY / DRIVE AWAY,$500 OR LESS,FUNCTIONING PROPERLY,REAR END,41.9246772574,DAYLIGHT,-87.6874866139,2,30,WEATHER,NO DEFECTS,WET,NOT APPLICABLE,N,2345,TRAFFIC SIGNAL,NOT DIVIDED,RAIN,0.0,0.0,0.0,0.0,0.0,1.0,1,1,"[""Y""]",[],"[""Y""]","[""2025-10-07T08:02:00.000""]","[""2168622"", ""2168623""]","[""FRONT"", ""REAR""]","[""IL""]","[""ACURA"", ""GENERAL MOTORS CORPORATION (GMC)""]","[""STARTING IN TRAFFIC"", ""STRAIGHT AHEAD""]","[""ACADIA"", ""RLX""]","[""1"", ""2""]","[""N""]","[""1"", ""2""]","[""DRIVER""]","[""NONE""]","[""2067233"", ""2067244""]","[""SPORT UTILITY VEHICLE (SUV)""]","[""PERSONAL""]","[""2014"", ""2023""]",[],[],"[""Y""]",[],[],"[""Y""]",[],[],[],[],"[""1""]",[],[],"[""Y""]","[""Y""]",[],['24'],"[""DID NOT DEPLOY""]","[""TEST NOT OFFERED""]","[""CHICAGO""]","[""2025-10-07T08:02:00.000""]","[""FOLLOWED TOO CLOSELY"", ""OTHER""]","[""NOT OBSCURED"", ""UNKNOWN""]","[""D""]","[""IL""]","[""NONE""]",[],"[""O2168622"", ""O2168623"", ""P478503""]","[""DRIVER"", ""PASSENGER""]","[""NORMAL"", ""UNKNOWN""]","[""USAGE UNKNOWN""]","[""F"", ""M""]","[""IL""]","[""2067233"", ""2067244""]","[""60623""]",[],"[""3""]",[],[],[],[],2025,10,8,7,False,morning,41.92,-87.69,41.92_-87.69,24.0,24,24,WEATHER-RELATED,0
STRAIGHT AND LEVEL,133,2025-10-07 08:00:00,3,8,10,BBC788666EF64E369EB4C138BD7334804C7C594AA0C1B36C90FD8A24AAFE9D118B79BB2E7D03E26AA43123329A28C1093147FE729ECE327332A06E5CE1A48E67,NO INJURY / DRIVE AWAY,"$501 - $1,500",NO CONTROLS,SIDESWIPE SAME DIRECTION,41.8459642663,DAYLIGHT,-87.6112179569,2,40,UNABLE TO DETERMINE,NO DEFECTS,WET,UNABLE TO DETERMINE,S,2557,NO CONTROLS,DIVIDED - W/MEDIAN BARRIER,RAIN,0.0,0.0,0.0,0.0,0.0,1.0,1,2,"[""Y""]","[""Y""]",[],"[""2025-10-07T08:00:00.000""]","[""2165277"", ""2165278""]","[""FRONT-RIGHT-CORNER"", ""SIDE-LEFT-REAR""]","[""IL""]","[""FORD"", ""JEEP""]","[""CHANGING LANES"", ""STRAIGHT AHEAD""]","[""ESCAPE"", ""GRAND CHEROKEE""]","[""1""]","[""N""]","[""1"", ""2""]","[""DRIVER""]","[""NONE"", ""UNKNOWN""]","[""2064064"", ""2064071""]","[""PASSENGER""]","[""PERSONAL""]","[""2014"", ""2017""]",[],[],[],[],[],"[""Y""]",[],"[""Y""]",[],[],[],"[""Y""]",[],[],[],[],"['42', '49']","[""DID NOT DEPLOY""]","[""TEST NOT OFFERED""]","[""CHICAGO""]","[""2025-10-07T08:00:00.000""]","[""NONE"", ""UNKNOWN""]","[""NOT OBSCURED"", ""UNKNOWN""]","[""D""]","[""IL""]","[""NONE""]",[],"[""O2165277"", ""O2165278""]","[""DRIVER""]","[""NORMAL""]","[""SAFETY BELT USED""]","[""F"", ""M""]","[""IL""]","[""2064064"", ""2064071""]","[""60615"", ""60649""]",[],[],[],[],[],[],2025,10,8,7,False,morning,41.85,-87.61,41.85_-87.61,45.5,42,49,OTHER,0