alignment,beat_of_occurrence,crash_date,crash_day_of_week,crash_hour,crash_month,crash_record_id,crash_type,damage,device_condition,first_crash_type,latitude,lighting_condition,longitude,num_units,posted_speed_limit,prim_contributory_cause,road_defect,roadway_surface_cond,sec_contributory_cause,street_direction,street_no,traffic_control_device,trafficway_type,weather_condition,private_property_i,hit_and_run_i,intersection_related_i,crash_date_est_i,work_zone_i,workers_present_i,veh_count,ppl_count,veh_area_01_i_list_json,veh_area_02_i_list_json,veh_area_12_i_list_json,veh_crash_date_list_json,veh_crash_unit_id_list_json,veh_first_contact_point_list_json,veh_lic_plate_state_list_json,veh_make_list_json,veh_maneuver_list_json,veh_model_list_json,veh_occupant_cnt_list_json,veh_travel_direction_list_json,veh_unit_no_list_json,veh_unit_type_list_json,veh_vehicle_defect_list_json,veh_vehicle_id_list_json,veh_vehicle_type_list_json,veh_vehicle_use_list_json,veh_vehicle_year_list_json,veh_area_03_i_list_json,veh_area_04_i_list_json,veh_area_11_i_list_json,veh_towed_by_list_json,veh_towed_i_list_json,veh_area_07_i_list_json,veh_area_99_i_list_json,veh_area_09_i_list_json,veh_area_10_i_list_json,veh_cmrc_veh_i_list_json,veh_num_passengers_list_json,veh_area_08_i_list_json,veh_area_00_i_list_json,veh_area_05_i_list_json,veh_area_06_i_list_json,veh_towed_to_list_json,ppl_age_list_json,ppl_airbag_deployed_list_json,ppl_bac_result_list_json,ppl_city_list_json,ppl_crash_date_list_json,ppl_driver_action_list_json,ppl_driver_vision_list_json,ppl_drivers_license_class_list_json,ppl_drivers_license_state_list_json,ppl_ejection_list_json,ppl_hospital_list_json,ppl_person_id_list_json,ppl_person_type_list_json,ppl_physical_condition_list_json,ppl_safety_equipment_list_json,ppl_sex_list_json,ppl_state_list_json,ppl_vehicle_id_list_json,ppl_zipcode_list_json,ppl_ems_agency_list_json,ppl_seat_no_list_json,ppl_pedpedal_action_list_json,ppl_pedpedal_location_list_json,ppl_pedpedal_visibility_list_json,ppl_ems_run_no_list_json,year,month,hour,day,is_weekend,hour_bin,lat_bin,lng_bin,grid_id,ppl_age_mean,ppl_age_min,ppl_age_max,prim_contributory_cause_group,ksi_flag
STRAIGHT AND LEVEL,1631,2025-10-07 08:00:00,3,8,10,E87E38397783490705E577116D386BDE5B39B0780A15DD514DCA41076CBE1F986854E294A983901FCCA652C03D9F84E2AD2ECC762A2654DB6414E925613202B6,NO INJURY / DRIVE AWAY,"OVER $1,500",NO CONTROLS,REAR END,41.9379513836,DAYLIGHT,-87.8213495494,2,30,FAILING TO REDUCE SPEED TO AVOID CRASH,NO DEFECTS,DRY,NOT APPLICABLE,W,7796,NO CONTROLS,NOT DIVIDED,RAIN,0.0,0.0,0.0,0.0,0.0,1.0,1,2,"[""Y""]",[],"[""Y""]","[""2025-10-07T08:00:00.000""]","[""2165285"", ""2165286""]","[""FRONT"", ""REAR""]","[""IL""]","[""FORD"", ""HONDA""]","[""SLOW/STOP IN TRAFFIC"", ""STRAIGHT AHEAD""]","[""ACCORD"", ""FOCUS""]","[""1""]","[""W""]","[""1"", ""2""]","[""DRIVER""]","[""NONE""]","[""2064059"", ""2064073""]","[""PASSENGER""]","[""PERSONAL""]","[""2002"", ""2016""]",[],[],"[""Y""]",[],[],"[""Y""]",[],[],[],[],[],[],[],"[""Y""]","[""Y""]",[],"['34', '36']","[""DEPLOYMENT UNKNOWN"", ""NOT APPLICABLE""]","[""TEST NOT OFFERED""]","[""CHICAGO""]","[""2025-10-07T08:00:00.000""]","[""NONE"", ""TOO FAST FOR CONDITIONS""]","[""NOT OBSCURED"", ""UNKNOWN""]","[""D""]","[""IL""]","[""NONE""]",[],"[""O2165285"", ""O2165286""]","[""DRIVER""]","[""NORMAL"", ""UNKNOWN""]","[""SAFETY BELT USED"", ""USAGE UNKNOWN""]","[""F""]","[""IL""]","[""2064059"", ""2064073""]","[""60707""]",[],[],[],[],[],[],2025,10,8,7,False,morning,41.94,-87.82,41.94_-87.82,35.0,34,36,SPEEDING,0
STRAIGHT AND LEVEL,2022,2025-10-07 08:00:00,3,8,10,E47EB2CCAA6405465E6049CF90BEF823F7C0488E1D466E26DE6F5A4F5132E7EE08220EAA48B46FED1C90F547F0D1F89B9424DCBD9643279DF72FBC28DF1BF382,NO INJURY / DRIVE AWAY,"$501 - $1,500",FUNCTIONING PROPERLY,TURNING,41.9851935541,DAYLIGHT,-87.6550931005,2,30,FAILING TO YIELD RIGHT-OF-WAY,OTHER,WET,NOT APPLICABLE,N,5649,TRAFFIC SIGNAL,NOT DIVIDED,CLOUDY/OVERCAST,0.0,0.0,1.0,0.0,0.0,1.0,1,2,[],[],[],"[""2025-10-07T08:00:00.000""]","[""2165532"", ""2165533""]","[""FRONT-LEFT-CORNER"", ""SIDE-RIGHT""]","[""IL""]","[""NISSAN"", ""TOYOTA""]","[""STRAIGHT AHEAD"", ""TURNING LEFT""]","[""MURANO"", ""RAV4""]","[""1""]","[""E"", ""SE""]","[""1"", ""2""]","[""DRIVER""]","[""NONE""]","[""2064298"", ""2064304""]","[""SPORT UTILITY VEHICLE (SUV)""]","[""PERSONAL""]","[""2014"", ""2022""]",[],"[""Y""]","[""Y""]",[],[],[],[],[],"[""Y""]",[],[],[],[],[],[],[],"['21', '41']","[""DID NOT DEPLOY"", ""NOT APPLICABLE""]","[""TEST NOT OFFERED""]","[""TINLEY PARK"", ""WILMETTE""]","[""2025-10-07T08:00:00.000""]","[""FAILED TO YIELD"", ""NONE""]","[""NOT OBSCURED""]","[""D""]","[""IL""]","[""NONE""]",[],"[""O2165532"", ""O2165533""]","[""DRIVER""]","[""NORMAL""]","[""SAFETY BELT USED""]","[""F""]","[""IL""]","[""2064298"", ""2064304""]","[""60091"", ""60477""]",[],[],[],[],[],[],2025,10,8,7,False,morning,41.99,-87.66,41.99_-87.66,31.0,21,41,FAILURE-TO-YIELD,0
STRAIGHT AND LEVEL,2521,2025-10-07 08:00:00,3,8,10,D5E8F203BD6AE89045A42506A61A307FA0167CCFD1270F31981CD37FEF0046E1A9E12D45177E660BD89DC0DC48D9659B55D944813CC6F4E499730462BB26CEF2,NO INJURY / DRIVE AWAY,"OVER $1,500",NO CONTROLS,ANGLE,41.9316766354,DAYLIGHT,-87.7440357032,2,30,FAILING TO YIELD RIGHT-OF-WAY,NO DEFECTS,WET,NOT APPLICABLE,W,4698,NO CONTROLS,NOT DIVIDED,RAIN,0.0,0.0,1.0,0.0,0.0,1.0,1,2,"[""Y""]",[],[],"[""2025-10-07T08:00:00.000""]","[""2165244"", ""2165245""]","[""FRONT-LEFT-CORNER"", ""FRONT-RIGHT-CORNER""]","[""IL""]","[""JEEP"", ""KIA""]","[""STRAIGHT AHEAD""]","[""GRAND CHEROKEE"", ""SOUL""]","[""1""]","[""N"", ""W""]","[""1"", ""2""]","[""DRIVER""]","[""NONE""]","[""2064027"", ""2064034""]","[""PASSENGER"", ""SPORT UTILITY VEHICLE (SUV)""]","[""PERSONAL""]","[""2014"", ""2015""]",[],[],"[""Y""]",[],[],[],[],[],[],[],[],[],[],[],[],[],"['34', '35']","[""NOT APPLICABLE""]","[""TEST NOT OFFERED""]","[""CHICAGO""]","[""2025-10-07T08:00:00.000""]","[""FAILED TO YIELD"", ""NONE""]","[""NOT OBSCURED""]","[""D""]","[""IL""]","[""NONE""]",[],"[""O2165244"", ""O2165245""]","[""DRIVER""]","[""NORMAL""]","[""SAFETY BELT USED"", ""USAGE UNKNOWN""]","[""F"", ""M""]","[""IL""]","[""2064027"", ""2064034""]","[""60641""]",[],[],[],[],[],[],2025,10,8,7,False,morning,41.93,-87.74,41.93_-87.74,34.5,34,35,FAILURE-TO-YIELD,0
STRAIGHT AND LEVEL,323,2025-10-07 08:00:00,3,8,10,81FC1CDD99729FDF9B07307A1D0855F13968ABCF799F5222C9A8FD58B7F51B7C9755B54FDE25E30241A93E21BAD32D7912052F2EA8B5885C08E1C4AE2D665F87,NO INJURY / DRIVE AWAY,"OVER $1,500",FUNCTIONING PROPERLY,ANGLE,41.7584035296,DAYLIGHT,-87.621458594,2,30,FAILING TO YIELD RIGHT-OF-WAY,NO DEFECTS,SNOW OR SLUSH,FAILING TO YIELD RIGHT-OF-WAY,E,100,STOP SIGN/FLASHER,FOUR WAY,RAIN,0.0,0.0,1.0,0.0,0.0,1.0,1,2,[],[],"[""Y""]","[""2025-10-07T08:00:00.000""]","[""2165242"", ""2165243""]","[""FRONT"", ""SIDE-RIGHT-REAR""]","[""IL""]","[""BUICK"", ""TOYOTA""]","[""STRAIGHT AHEAD""]","[""AVALON"", ""LACROSSE""]","[""1""]","[""N"", ""W""]","[""1"", ""2""]","[""DRIVER""]","[""NONE""]","[""2064028"", ""2064032""]","[""PASSENGER"", ""SPORT UTILITY VEHICLE (SUV)""]","[""PERSONAL""]","[""2016"", ""2021""]",[],"[""Y""]",[],[],[],[],[],[],[],[],[],[],[],"[""Y""]",[],[],"['34', '35']","[""DID NOT DEPLOY""]","[""TEST NOT OFFERED""]","[""CHICAGO""]","[""2025-10-07T08:00:00.000""]","[""NONE"", ""UNKNOWN""]","[""NOT OBSCURED""]","[""D""]","[""IL""]","[""NONE""]",[],"[""O2165242"", ""O2165243""]","[""DRIVER""]","[""NORMAL""]","[""SAFETY BELT USED""]","[""F"", ""M""]","[""IL""]","[""2064028"", ""2064032""]","[""60620"", ""60637""]",[],[],[],[],[],[],2025,10,8,7,False,morning,41.76,-87.62,41.76_-87.62,34.5,34,35,FAILURE-TO-YIELD,0
STRAIGHT AND LEVEL,312,2025-10-07 08:00:00,3,8,10,7AA9558DAF4F38D253D1C83F99C45E37A4C2FDA95FFCF06917BC0180CDB3962C4493E52FDFFF9B398C9B055EF2BCFB5BE7EB9D3095E148D5E4E4F5087B0BE60C,NO INJURY / DRIVE AWAY,"OVER $1,500",FUNCTIONING PROPERLY,REAR END,41.7802113218,DAYLIGHT,-87.6157682918,2,35,FOLLOWING TOO CLOSELY,NO DEFECTS,DRY,UNABLE TO DETERMINE,S,6300,TRAFFIC SIGNAL,DIVIDED - W/MEDIAN (NOT RAISED),CLEAR,0.0,0.0,0.0,0.0,0.0,1.0,1,0,"[""Y""]",[],"[""Y""]","[""2025-10-07T08:00:00.000""]","[""2166095"", ""2166096""]","[""FRONT"", ""REAR""]","[""FL"", ""IL""]","[""CHEVROLET"", ""MERCURY""]","[""STRAIGHT AHEAD""]","[""EQUINOX"", ""MARINER""]","[""1""]","[""W""]","[""1"", ""2""]","[""DRIVER""]","[""NONE""]","[""2064835"", ""2064837""]","[""PASSENGER"", ""SPORT UTILITY VEHICLE (SUV)""]","[""PERSONAL""]","[""2008"", ""2020""]",[],[],"[""Y""]",[],[],"[""Y""]",[],[],[],[],[],[],[],"[""Y""]","[""Y""]",[],[],"[""DEPLOYMENT UNKNOWN"", ""DID NOT DEPLOY""]","[""TEST NOT OFFERED""]",[],"[""2025-10-07T08:00:00.000""]","[""FAILED TO YIELD"", ""NONE""]","[""NOT OBSCURED"", ""UNKNOWN""]","[""D""]","[""IL""]","[""NONE""]",[],"[""O2166095"", ""O2166096""]","[""DRIVER""]","[""NORMAL"", ""UNKNOWN""]","[""SAFETY BELT USED"", ""USAGE UNKNOWN""]","[""F""]",[],"[""2064835"", ""2064837""]",[],[],[],[],[],[],[],2025,10,8,7,False,morning,41.78,-87.62,41.78_-87.62,0.0,0,0,FOLLOWING TOO CLOSELY,0
STRAIGHT AND LEVEL,2521,2025-10-07 08:00:00,3,8,10,67C2CF6AFEB8DB3F827A2468AF68E684751ED884024797E3F3FD39C593DF998E214FF36436F7906E96166E0BBE726C1DD50F485BF6FB1AB52DA202E91910915E,NO INJURY / DRIVE AWAY,"OVER $1,500",NO CONTROLS,SIDESWIPE SAME DIRECTION,41.9316831774,"DARKNESS, LIGHTED ROAD",-87.7434866095,2,30,IMPROPER OVERTAKING/PASSING,NO DEFECTS,WET,NOT APPLICABLE,W,4638,NO CONTROLS,DIVIDED - W/MEDIAN (NOT RAISED),RAIN,0.0,0.0,0.0,0.0,0.0,1.0,1,1,"[""Y""]","[""Y""]",[],"[""2025-10-07T08:00:00.000""]","[""2165252"", ""2165253""]","[""FRONT-LEFT-CORNER"", ""FRONT-RIGHT-CORNER""]","[""IL""]","[""JEEP"", ""KIA""]","[""PASSING/OVERTAKING"", ""STRAIGHT AHEAD""]","[""GRAND CHEROKEE"", ""OTHER (EXPLAIN IN NARRATIVE)""]","[""1""]","[""W""]","[""1"", ""2""]","[""DRIVER""]","[""NONE""]","[""2064035"", ""2064040""]","[""PASSENGER""]","[""PERSONAL""]","[""2014"", ""2015""]",[],[],"[""Y""]",[],[],[],[],[],"[""Y""]",[],[],[],[],[],[],[],['34'],"[""DEPLOYMENT UNKNOWN"", ""DID NOT DEPLOY""]","[""TEST NOT OFFERED""]","[""CHICAGO""]","[""2025-10-07T08:00:00.000""]","[""IMPROPER LANE CHANGE"", ""NONE""]","[""NOT OBSCURED"", ""UNKNOWN""]",[],"[""IL""]","[""NONE""]",[],"[""O2165252"", ""O2165253""]","[""DRIVER""]","[""NORMAL"", ""UNKNOWN""]","[""SAFETY BELT USED"", ""USAGE UNKNOWN""]","[""F"", ""M""]","[""IL""]","[""2064035"", ""2064040""]","[""60641""]",[],[],[],[],[],[],2025,10,8,7,False,morning,41.93,-87.74,41.93_-87.74,34.0,34,34,OTHER,0
STRAIGHT AND LEVEL,2433,2025-10-07 08:00:00,3,8,10,4F8FE8DD5F82211AF778E08759B74C7B2D1144AF39AA78D4C603C8D077AF870F400E2D2DCCC3F6416F31A3354C95B87AF287E463E70D3CC02B4EECBED23C7260,INJURY AND / OR TOW DUE TO CRASH,"OVER $1,500",NO CONTROLS,PARKED MOTOR VEHICLE,41.997338077,"DARKNESS, LIGHTED ROAD",-87.6733432725,3,25,WEATHER,NO DEFECTS,WET,NOT APPLICABLE,N,6359,NO CONTROLS,ONE-WAY,RAIN,0.0,0.0,0.0,0.0,0.0,1.0,2,1,[],[],[],"[""2025-10-07T08:00:00.000""]","[""2165256"", ""2165257"", ""2165258""]","[""FRONT-LEFT-CORNER"", ""REAR"", ""SIDE-RIGHT-REAR""]","[""IL""]","[""CHEVROLET"", ""TOYOTA""]","[""PARKED"", ""TURNING RIGHT""]","[""EQUINOX"", ""HIGHLANDER"", ""PRIUS""]","[""0"", ""1""]","[""S"", ""SE""]","[""1"", ""2"", ""3""]","[""DRIVER"", ""PARKED""]","[""NONE""]","[""2064042"", ""2064044"", ""2064048""]","[""PASSENGER""]","[""NOT IN USE"", ""PERSONAL""]","[""2014"", ""2017"", ""2020""]","[""Y""]","[""Y""]","[""Y""]","[""private tow""]","[""Y""]",[],[],"[""Y""]","[""Y""]",[],[],[],[],"[""Y""]","[""Y""]","[""unk""]",['38'],"[""DID NOT DEPLOY""]","[""TEST NOT OFFERED""]","[""CHICAGO""]","[""2025-10-07T08:00:00.000""]","[""OVERCORRECTED""]","[""NOT OBSCURED""]","[""D""]","[""IL""]","[""NONE""]",[],"[""O2165256""]","[""DRIVER""]","[""NORMAL""]","[""SAFETY BELT USED""]","[""F""]","[""IL""]","[""2064042""]","[""60626""]",[],[],[],[],[],[],2025,10,8,7,False,morning,42.0,-87.67,42.0_-87.67,38.0,38,38,WEATHER-RELATED,0
STRAIGHT AND LEVEL,532,2025-10-07 08:00:00,3,8,10,4783A4B6A7C1A5F9D7836CBF7DBBCD84450BFFF850192AC9432A665106E43AABA4F60C39B0FE56B4074ED93EFFE36DADE5DE51501FFAF6F934530F7E2A0D92AE,NO INJURY / DRIVE AWAY,"OVER $1,500",FUNCTIONING PROPERLY,TURNING,41.6852712229,DAYLIGHT,-87.6209471584,2,30,UNABLE TO DETERMINE,NO DEFECTS,WET,UNABLE TO DETERMINE,S,11500,TRAFFIC SIGNAL,NOT DIVIDED,RAIN,0.0,1.0,0.0,0.0,0.0,1.0,1,1,"[""Y""]","[""Y""]",[],"[""2025-10-07T08:00:00.000""]","[""2165246"", ""2165247""]","[""FRONT-RIGHT-CORNER"", ""REAR-RIGHT-CORNER""]","[""IL""]","[""FORD"", ""MERCURY""]","[""STRAIGHT AHEAD"", ""TURNING LEFT""]","[""ESCAPE"", ""MARINER""]","[""1""]","[""E""]","[""1"", ""2""]","[""DRIVER""]","[""NONE"", ""UNKNOWN""]","[""2064030"", ""2064038""]","[""PASSENGER""]","[""PERSONAL""]","[""2009"", ""2025""]","[""Y""]","[""Y""]",[],[],[],[],[],[],[],[],[],[],[],"[""Y""]",[],[],['66'],"[""DID NOT DEPLOY""]","[""TEST NOT OFFERED""]","[""CHICAGO""]","[""2025-10-07T08:00:00.000""]","[""OTHER"", ""TOO FAST FOR CONDITIONS""]","[""NOT OBSCURED"", ""UNKNOWN""]","[""DM""]","[""IL""]","[""NONE""]",[],"[""O2165246"", ""O2165247""]","[""DRIVER""]","[""NORMAL"", ""UNKNOWN""]","[""SAFETY BELT USED""]","[""F"", ""M""]","[""IL""]","[""2064030"", ""2064038""]","[""60628""]",[],[],[],[],[],[],2025,10,8,7,False,morning,41.69,-87.62,41.69_-87.62,66.0,66,66,OTHER,0
STRAIGHT AND LEVEL,532,2025-10-07 08:00:00,3,8,10,207569388B291BCBD41B1616137BE3A9BFAC103069F9486385B9A661A7E5F7C5FD57ACFC1DF0EA40426D7D5D89B0B91E9942F6A0CB090A0CFFD7962C4A4ECD0D,INJURY AND / OR TOW DUE TO CRASH,"OVER $1,500",NO CONTROLS,REAR END,41.6592135131,DAYLIGHT,-87.6171890928,2,30,FOLLOWING TOO CLOSELY,NO DEFECTS,DRY,DRIVING SKILLS/KNOWLEDGE/EXPERIENCE,E,200,NO CONTROLS,NOT DIVIDED,CLEAR,0.0,1.0,0.0,1.0,0.0,1.0,1,1,"[""Y""]","[""Y""]",[],"[""2025-10-07T08:00:00.000""]","[""2167000"", ""2167001""]","[""FRONT-LEFT-CORNER"", ""FRONT-RIGHT-CORNER""]","[""IL""]","[""KENWORTH MOTOR TRUCK COMPANY"", ""TESLA""]","[""MERGING"", ""STRAIGHT AHEAD""]","[""KENWORTH MOTOR TRUCK CO."", ""MODEL 3""]","[""1""]","[""W""]","[""1"", ""2""]","[""DRIVER""]","[""NONE""]","[""2065685"", ""2065693""]","[""PASSENGER"", ""TRUCK - SINGLE UNIT""]","[""OTHER""]","[""2000"", ""2022""]",[],[],"[""Y""]",[],[],[],[],[],"[""Y""]",[],[],[],[],[],[],[],['63'],"[""DEPLOYMENT UNKNOWN"", ""NOT APPLICABLE""]","[""TEST NOT OFFERED""]","[""VALPARAISO""]","[""2025-10-07T08:00:00.000""]","[""FOLLOWED TOO CLOSELY"", ""NONE""]","[""NOT OBSCURED"", ""UNKNOWN""]",[],"[""IN""]","[""NONE""]",[],"[""O2167000"", ""O2167001""]","[""DRIVER""]","[""NORMAL"", ""UNKNOWN""]","[""SAFETY BELT USED"", ""USAGE UNKNOWN""]","[""M""]","[""IN""]","[""2065685"", ""2065693""]","[""46383""]",[],[],[],[],[],[],2025,10,8,7,False,morning,41.66,-87.62,41.66_-87.62,63.0,63,63,FOLLOWING TOO CLOSELY,1
STRAIGHT AND LEVEL,2223,2025-10-07 07:54:00,3,7,10,E9D6FDAB971D30B8E20D0A7C0535AC8DE42EDC8AEDA26697D422F797422E9AB0D97292B52E33C69EF8F94DE61DD9CA0712C6E37D113583FCC480EDD4AC953C79,INJURY AND / OR TOW DUE TO CRASH,"OVER $1,500",NO CONTROLS,REAR END,41.7215275899,DAYLIGHT,-87.6467977285,2,30,FAILING TO REDUCE SPEED TO AVOID CRASH,NO DEFECTS,WET,UNABLE TO DETERMINE,W,930,NO CONTROLS,NOT DIVIDED,RAIN,0.0,0.0,0.0,0.0,0.0,1.0,1,2,"[""Y""]",[],"[""Y""]","[""2025-10-07T07:54:00.000""]","[""2165283"", ""2165284""]","[""FRONT"", ""REAR-LEFT-CORNER""]","[""IL""]","[""FORD""]","[""STRAIGHT AHEAD""]","[""ESCAPE"", ""FUSION""]","[""1""]","[""W""]","[""1"", ""2""]","[""DRIVER""]","[""UNKNOWN""]","[""2064066"", ""2064077""]","[""PASSENGER""]","[""PERSONAL""]","[""2017""]",[],[],[],[],[],"[""Y""]","[""N""]",[],[],[],[],[],[],[],"[""Y""]",[],"['41', '65']","[""DID NOT DEPLOY"", ""NOT APPLICABLE""]","[""TEST NOT OFFERED""]","[""CHICAGO""]","[""2025-10-07T07:54:00.000""]","[""NONE"", ""UNKNOWN""]","[""UNKNOWN""]","[""D""]","[""IL""]","[""NONE""]","[""ADVOCATE CHRIST MEDICAL CENTER""]","[""O2165283"", ""O2165284""]","[""DRIVER""]","[""UNKNOWN""]","[""USAGE UNKNOWN""]","[""F""]","[""IL""]","[""2064066"", ""2064077""]","[""60620""]","[""AMB 29""]",[],[],[],[],[],2025,10,7,7,False,morning,41.72,-87.65,41.72_-87.65,53.0,41,65,SPEEDING,1
STRAIGHT AND LEVEL,124,2025-10-07 07:52:00,3,7,10,32BC1AF1E95CEDBC22F221ECB25474BF047B04ACEAA31EC88D2F95DDDE8FA3D49D7AAB64476D8C8381E4B0B3D83E79D3919B1B3320DBF6CA9A6A2808A9E4E2B4,NO INJURY / DRIVE AWAY,"OVER $1,500",NO CONTROLS,SIDESWIPE SAME DIRECTION,41.8673676366,DAYLIGHT,-87.6387112212,2,30,IMPROPER OVERTAKING/PASSING,NO DEFECTS,DRY,NOT APPLICABLE,W,430,NO CONTROLS,NOT DIVIDED,CLEAR,0.0,0.0,0.0,0.0,0.0,1.0,1,2,[],[],[],"[""2025-10-07T07:52:00.000""]","[""2165556"", ""2165557""]","[""FRONT-RIGHT-CORNER"", ""REAR-RIGHT-CORNER""]","[""IL""]","[""BUICK"", ""TOYOTA""]","[""CHANGING LANES"", ""STRAIGHT AHEAD""]","[""LACROSSE"", ""RAV4""]","[""1""]","[""W""]","[""1"", ""2""]","[""DRIVER""]","[""NONE"", ""UNKNOWN""]","[""2064316"", ""2064321""]","[""PASSENGER"", ""SPORT UTILITY VEHICLE (SUV)""]","[""PERSONAL""]","[""2012"", ""2024""]",[],[],"[""N""]",[],[],[],"[""Y""]",[],[],[],[],[],[],"[""Y""]",[],[],"['32', '80']","[""DID NOT DEPLOY""]","[""TEST NOT OFFERED""]","[""CHICAGO"", ""ZION""]","[""2025-10-07T07:52:00.000""]","[""IMPROPER LANE CHANGE"", ""NONE""]","[""NOT OBSCURED""]",[],"[""IL""]","[""NONE""]",[],"[""O2165556"", ""O2165557""]","[""DRIVER""]","[""NORMAL""]","[""NONE PRESENT"", ""SAFETY BELT USED""]","[""F""]","[""IL""]","[""2064316"", ""2064321""]","[""60099"", ""60637""]",[],[],[],[],[],[],2025,10,7,7,False,morning,41.87,-87.64,41.87_-87.64,56.0,32,80,OTHER,0
STRAIGHT AND LEVEL,1623,2025-10-07 07:50:00,3,7,10,2F838B85F761DAAF2059002F14501DD3CF8E83FE89524ED895B4C1ADDC0751614C8A5C7EACA08C5C2089ED6A3A422148B6A8CF2E840FAEA71F64F69BCE48AC4D,NO INJURY / DRIVE AWAY,"$501 - $1,500",NO CONTROLS,PARKED MOTOR VEHICLE,41.9619953742,DAWN,-87.7558346219,2,15,IMPROPER BACKING,NO DEFECTS,WET,NOT APPLICABLE,N,4454,NO CONTROLS,ALLEY,RAIN,0.0,0.0,0.0,0.0,0.0,1.0,2,1,"[""Y""]",[],[],"[""2025-10-07T07:50:00.000""]","[""2165250"", ""2165251""]","[""FRONT-RIGHT-CORNER"", ""REAR""]","[""IL"", ""IN""]","[""FREIGHTLINER CORPORATION"", ""MACK TRUCKS, INC.""]","[""BACKING"", ""PARKED""]","[""FREIGHTLINER CORP."", ""MACK TRUCKS, INC.""]","[""0"", ""1""]","[""N"", ""S""]","[""1"", ""2""]","[""DRIVER"", ""PARKED""]","[""NONE""]","[""2064033"", ""2064039""]","[""TRUCK - SINGLE UNIT""]","[""COMMERCIAL - MULTI-UNIT""]","[""2024""]",[],[],[],[],[],[],"[""Y""]",[],[],[],[],[],[],[],[],[],['22'],"[""DID NOT DEPLOY""]","[""TEST NOT OFFERED""]","[""CHICAGO""]","[""2025-10-07T07:50:00.000""]","[""IMPROPER BACKING""]","[""UNKNOWN""]","[""A""]","[""IL""]","[""NONE""]",[],"[""O2165250""]","[""DRIVER""]","[""NORMAL""]","[""SAFETY BELT USED""]","[""M""]","[""IL""]","[""2064039""]","[""60629""]",[],[],[],[],[],[],2025,10,7,7,False,morning,41.96,-87.76,41.96_-87.76,22.0,22,22,OTHER,0
STRAIGHT AND LEVEL,114,2025-10-07 07:50:00,3,7,10,386DB347484D8D3CCB88E7410332C27D9C97B21E7141BF174BFE784596750693F7935FBECE849451D05F20B961B677DC0AA20180183F5F0821BB533B12A41AD5,INJURY AND / OR TOW DUE TO CRASH,"OVER $1,500",NO CONTROLS,TURNING,41.8853900467,DAYLIGHT,-87.6189867116,2,5,FAILING TO YIELD RIGHT-OF-WAY,UNKNOWN,WET,UNABLE TO DETERMINE,E,333,NO CONTROLS,PARKING LOT,RAIN,0.0,0.0,0.0,0.0,0.0,1.0,1,2,"[""Y""]",[],"[""Y""]","[""2025-10-07T07:50:00.000""]","[""2165382"", ""2165383""]","[""FRONT"", ""FRONT-LEFT-CORNER""]","[""IL""]","[""BUICK"", ""CHEVROLET""]","[""SLOW/STOP IN TRAFFIC"", ""TURNING RIGHT""]","[""TRAX"", ""VERANO""]","[""1""]","[""E"", ""W""]","[""1"", ""2""]","[""DRIVER""]","[""UNKNOWN""]","[""2064163"", ""2064174""]","[""PASSENGER"", ""SPORT UTILITY VEHICLE (SUV)""]","[""PERSONAL""]","[""2013"", ""2022""]",[],[],"[""Y""]",[],[],[],[],"[""Y""]","[""Y""]",[],[],[],[],[],[],[],"['22', '33']","[""NOT APPLICABLE""]","[""TEST NOT OFFERED""]","[""CHICAGO""]","[""2025-10-07T07:50:00.000""]","[""FAILED TO YIELD"", ""NONE""]","[""NOT OBSCURED"", ""UNKNOWN""]","[""D""]","[""IL""]","[""NONE""]","[""N/A""]","[""O2165382"", ""O2165383""]","[""DRIVER""]","[""NORMAL""]","[""SAFETY BELT USED"", ""USAGE UNKNOWN""]","[""F"", ""M""]","[""IL""]","[""2064163"", ""2064174""]","[""60608""]","[""N/A""]",[],[],[],[],[],2025,10,7,7,False,morning,41.89,-87.62,41.89_-87.62,27.5,22,33,FAILURE-TO-YIELD,1
STRAIGHT AND LEVEL,132,2025-10-07 07:49:00,3,7,10,5B85C674C444CE3252368B75DFCD9D6AF92154CA8FD2E511DEDAA0852D7743D0C732DD6282B8EBFA52827F1C1E5353D32BEFF187D991859B62ECA7EF8E668106,NO INJURY / DRIVE AWAY,"OVER $1,500",NO CONTROLS,REAR END,41.8660613743,DUSK,-87.6200026574,2,30,FOLLOWING TOO CLOSELY,NO DEFECTS,WET,UNABLE TO DETERMINE,S,1250,NO CONTROLS,DIVIDED - W/MEDIAN BARRIER,RAIN,0.0,0.0,0.0,0.0,0.0,1.0,1,0,[],[],[],"[""2025-10-07T07:49:00.000""]","[""2165254"", ""2165255""]","[""FRONT"", ""REAR""]",[],"[""CHEVROLET"", ""JEEP""]","[""STRAIGHT AHEAD""]","[""OTHER (EXPLAIN IN NARRATIVE)"", ""WRANGLER""]","[""1""]","[""N""]","[""1"", ""2""]","[""DRIVER""]","[""NONE""]","[""2064037"", ""2064049""]","[""PASSENGER"", ""SPORT UTILITY VEHICLE (SUV)""]","[""PERSONAL""]","[""2002"", ""2018""]",[],[],[],[],[],[],[],[],[],[],[],[],[],[],[],[],[],"[""DID NOT DEPLOY""]","[""TEST NOT OFFERED""]",[],"[""2025-10-07T07:49:00.000""]","[""FOLLOWED TOO CLOSELY"", ""NONE""]","[""NOT OBSCURED""]",[],[],"[""NONE""]",[],"[""O2165254"", ""O2165255""]","[""DRIVER""]","[""NORMAL""]","[""SAFETY BELT USED""]","[""F"", ""M""]",[],"[""2064037"", ""2064049""]",[],[],[],[],[],[],[],2025,10,7,7,False,morning,41.87,-87.62,41.87_-87.62,0.0,0,0,FOLLOWING TOO CLOSELY,0