alignment,beat_of_occurrence,crash_date,crash_day_of_week,crash_hour,crash_month,crash_record_id,crash_type,damage,device_condition,first_crash_type,latitude,lighting_condition,longitude,num_units,posted_speed_limit,prim_contributory_cause,road_defect,roadway_surface_cond,sec_contributory_cause,street_direction,street_no,traffic_control_device,trafficway_type,weather_condition,private_property_i,hit_and_run_i,intersection_related_i,crash_date_est_i,work_zone_i,workers_present_i,veh_count,ppl_count,veh_area_01_i_list_json,veh_area_02_i_list_json,veh_area_12_i_list_json,veh_crash_date_list_json,veh_crash_unit_id_list_json,veh_first_contact_point_list_json,veh_lic_plate_state_list_json,veh_make_list_json,veh_maneuver_list_json,veh_model_list_json,veh_occupant_cnt_list_json,veh_travel_direction_list_json,veh_unit_no_list_json,veh_unit_type_list_json,veh_vehicle_defect_list_json,veh_vehicle_id_list_json,veh_vehicle_type_list_json,veh_vehicle_use_list_json,veh_vehicle_year_list_json,veh_area_03_i_list_json,veh_area_04_i_list_json,veh_area_11_i_list_json,veh_towed_by_list_json,veh_towed_i_list_json,veh_area_07_i_list_json,veh_area_99_i_list_json,veh_area_09_i_list_json,veh_area_10_i_list_json,veh_cmrc_veh_i_list_json,veh_num_passengers_list_json,veh_area_08_i_list_json,veh_area_00_i_list_json,veh_area_05_i_list_json,veh_area_06_i_list_json,veh_towed_to_list_json,ppl_age_list_json,ppl_airbag_deployed_list_json,ppl_bac_result_list_json,ppl_city_list_json,ppl_crash_date_list_json,ppl_driver_action_list_json,ppl_driver_vision_list_json,ppl_drivers_license_class_list_json,ppl_drivers_license_state_list_json,ppl_ejection_list_json,ppl_hospital_list_json,ppl_person_id_list_json,ppl_person_type_list_json,ppl_physical_condition_list_json,ppl_safety_equipment_list_json,ppl_sex_list_json,ppl_state_list_json,ppl_vehicle_id_list_json,ppl_zipcode_list_json,ppl_ems_agency_list_json,ppl_seat_no_list_json,ppl_pedpedal_action_list_json,ppl_pedpedal_location_list_json,ppl_pedpedal_visibility_list_json,ppl_ems_run_no_list_json,year,month,hour,day,is_weekend,hour_bin,lat_bin,lng_bin,grid_id,ppl_age_mean,ppl_age_min,ppl_age_max,prim_contributory_cause_group,ksi_flag
STRAIGHT AND LEVEL,523,2025-10-07 07:45:00,3,7,10,DFE7EB7009C0A0FB32B76A0A26E19D9B20E50E249E981CF23BC5F353CD8013224F6170FFEF349A25C7177B77B68EFE131DCA084396E5FB5B6A423A763D114805,NO INJURY / DRIVE AWAY,"OVER $1,500",FUNCTIONING PROPERLY,REAR END,41.6631478569,DAYLIGHT,-87.642794513,3,30,FAILING TO REDUCE SPEED TO AVOID CRASH,NO DEFECTS,WET,NOT APPLICABLE,S,12700,TRAFFIC SIGNAL,DIVIDED - W/MEDIAN (NOT RAISED),RAIN,0.0,0.0,0.0,0.0,0.0,1.0,1,3,"[""Y""]",[],"[""Y""]","[""2025-10-07T07:45:00.000""]","[""2165274"", ""2165275"", ""2165276""]","[""FRONT"", ""NONE"", ""OTHER""]","[""IL""]","[""FORD"", ""HYUNDAI"", ""TOYOTA""]","[""STRAIGHT AHEAD""]","[""OTHER (EXPLAIN IN NARRATIVE)"", ""RAV4"", ""TUCSON""]","[""1""]","[""E""]","[""1"", ""2"", ""3""]","[""DRIVER""]","[""BRAKES"", ""NONE"", ""UNKNOWN""]","[""2064100"", ""2064146"", ""2064156""]","[""OTHER"", ""PASSENGER""]","[""OTHER"", ""PERSONAL""]","[""2006"", ""2009"", ""2022""]",[],[],"[""Y""]",[],[],"[""Y""]",[],[],[],[],[],[],"[""Y""]","[""Y""]","[""Y""]",[],"['34', '45', '53']","[""DID NOT DEPLOY"", ""NOT APPLICABLE""]","[""TEST NOT OFFERED""]","[""CHICAGO""]","[""2025-10-07T07:45:00.000""]","[""NONE"", ""TOO FAST FOR CONDITIONS""]","[""NOT OBSCURED"", ""UNKNOWN""]","[""B"", ""D""]","[""IL""]","[""NONE""]",[],"[""O2165274"", ""O2165275"", ""O2165276""]","[""DRIVER""]","[""NORMAL""]","[""USAGE UNKNOWN""]","[""F"", ""M""]","[""IL""]","[""2064100"", ""2064146"", ""2064156""]",[],[],[],[],[],[],[],2025,10,7,7,False,morning,41.66,-87.64,41.66_-87.64,44.0,34,53,SPEEDING,0
STRAIGHT AND LEVEL,1832,2025-10-07 07:45:00,3,7,10,DE116AC4F5CD17708AA0B9ED422CF8E4D6DF110257B7CFE7C1E6348429414B5DE2109876F4A05A98E3266F363B9B8E835A5D3B234B7F669616ACE11EF524061D,NO INJURY / DRIVE AWAY,"OVER $1,500",FUNCTIONING PROPERLY,PARKED MOTOR VEHICLE,41.8968435134,DARKNESS,-87.6296306365,2,30,IMPROPER OVERTAKING/PASSING,NO DEFECTS,WET,IMPROPER OVERTAKING/PASSING,N,805,TRAFFIC SIGNAL,ONE-WAY,RAIN,0.0,0.0,0.0,0.0,0.0,1.0,2,1,[],"[""Y""]",[],"[""2025-10-07T07:45:00.000""]","[""2165236"", ""2165237""]","[""FRONT-LEFT-CORNER"", ""SIDE-RIGHT""]","[""IL"", ""MI""]","[""FORD"", ""KENWORTH MOTOR TRUCK COMPANY""]","[""PARKED IN TRAFFIC LANE"", ""PASSING/OVERTAKING""]","[""FUSION"", ""KENWORTH MOTOR TRUCK CO.""]","[""0"", ""1""]","[""N""]","[""1"", ""2""]","[""DRIVER"", ""PARKED""]","[""NONE""]","[""2064023"", ""2064031""]","[""PASSENGER""]","[""COMMERCIAL - SINGLE UNIT"", ""PERSONAL""]","[""2009"", ""2015""]","[""Y""]","[""Y""]",[],[],[],[],[],[],[],[],[],[],[],"[""Y""]",[],[],['28'],"[""NOT APPLICABLE""]","[""TEST NOT OFFERED""]","[""SPRING LAKE""]","[""2025-10-07T07:45:00.000""]","[""IMPROPER PASSING""]","[""NOT OBSCURED""]","[""0""]","[""MI""]","[""NONE""]",[],"[""O2165236""]","[""DRIVER""]","[""NORMAL""]","[""SAFETY BELT USED""]","[""F""]","[""MI""]","[""2064023""]","[""49456""]",[],[],[],[],[],[],2025,10,7,7,False,morning,41.9,-87.63,41.9_-87.63,28.0,28,28,OTHER,0
STRAIGHT AND LEVEL,2525,2025-10-07 07:45:00,3,7,10,B823E324CB5E1905BFDFE3BA21C13B114A4F79224F69151A79CC49A613059553DB03A430A7DC47E7180CF135427BD3818D7C2B0BC48DDE050B967B2AA93FCAFC,NO INJURY / DRIVE AWAY,"OVER $1,500",FUNCTIONING IMPROPERLY,REAR END,41.9244160729,DAYLIGHT,-87.7233197798,2,30,UNABLE TO DETERMINE,NO DEFECTS,WET,UNABLE TO DETERMINE,W,3835,TRAFFIC SIGNAL,FOUR WAY,CLEAR,0.0,0.0,1.0,0.0,0.0,1.0,1,3,[],[],[],"[""2025-10-07T07:45:00.000""]","[""2165984"", ""2165985""]","[""FRONT"", ""REAR""]","[""IL""]","[""GENERAL MOTORS CORPORATION (GMC)"", ""HYUNDAI""]","[""SLOW/STOP IN TRAFFIC"", ""STRAIGHT AHEAD""]","[""OTHER (EXPLAIN IN NARRATIVE)"", ""VENUE""]","[""1"", ""2""]","[""E""]","[""1"", ""2""]","[""DRIVER""]","[""NONE"", ""UNKNOWN""]","[""2064727"", ""2064739""]","[""SPORT UTILITY VEHICLE (SUV)"", ""TRUCK - SINGLE UNIT""]","[""PERSONAL"", ""UNKNOWN/NA""]","[""2012"", ""2024""]",[],[],[],[],[],[],[],[],[],[],"[""1""]",[],"[""Y""]",[],"[""Y""]",[],"['42', '55', '63']","[""DID NOT DEPLOY"", ""NOT APPLICABLE""]","[""TEST NOT OFFERED""]","[""CHICAGO"", ""WEST CHICAGO""]","[""2025-10-07T07:45:00.000""]","[""NONE"", ""UNKNOWN""]","[""NOT OBSCURED"", ""UNKNOWN""]","[""D""]","[""IL""]","[""NONE""]",[],"[""O2165984"", ""O2165985"", ""P477942""]","[""DRIVER"", ""PASSENGER""]","[""NORMAL"", ""UNKNOWN""]","[""SAFETY BELT USED"", ""USAGE UNKNOWN""]","[""F"", ""M""]","[""IL""]","[""2064727"", ""2064739""]","[""60185"", ""60624""]",[],"[""3""]",[],[],[],[],2025,10,7,7,False,morning,41.92,-87.72,41.92_-87.72,53.333333333333336,42,63,OTHER,0
STRAIGHT AND LEVEL,1934,2025-10-07 07:45:00,3,7,10,538EBFDF0772DF46DA04E0AA51923696C24F8B97EFF9C4167DECCDCC968713D4357F8E5A289BDBCED43932D33010D6A38AA047FBC13FD10216A5EC91C7FA750B,NO INJURY / DRIVE AWAY,"OVER $1,500",NO CONTROLS,SIDESWIPE SAME DIRECTION,41.9402706775,DAYLIGHT,-87.6384899074,2,45,UNABLE TO DETERMINE,NO DEFECTS,WET,UNABLE TO DETERMINE,N,3180,NO CONTROLS,DIVIDED - W/MEDIAN BARRIER,CLOUDY/OVERCAST,0.0,0.0,0.0,0.0,0.0,1.0,1,1,"[""Y""]","[""Y""]",[],"[""2025-10-07T07:45:00.000""]","[""2166625"", ""2166626""]","[""FRONT-RIGHT-CORNER""]","[""IL""]","[""TOYOTA""]","[""PASSING/OVERTAKING"", ""STRAIGHT AHEAD""]","[""MATRIX"", ""SIENNA""]","[""1"", ""2""]","[""S""]","[""1"", ""2""]","[""DRIVER""]","[""NONE"", ""UNKNOWN""]","[""2065318"", ""2065319""]","[""PASSENGER"", ""SPORT UTILITY VEHICLE (SUV)""]","[""TAXI/FOR HIRE"", ""UNKNOWN/NA""]","[""2006"", ""2021""]",[],[],"[""Y""]",[],[],[],[],[],[],[],"[""1""]",[],[],[],[],[],['47'],"[""DEPLOYMENT UNKNOWN"", ""DID NOT DEPLOY""]","[""TEST NOT OFFERED""]","[""CHICAGO""]","[""2025-10-07T07:45:00.000""]","[""IMPROPER LANE CHANGE"", ""NONE""]","[""NOT OBSCURED"", ""UNKNOWN""]","[""D""]","[""IL""]","[""NONE""]",[],"[""O2166625"", ""O2166626"", ""P478070""]","[""DRIVER"", ""PASSENGER""]","[""NORMAL"", ""UNKNOWN""]","[""SAFETY BELT USED"", ""USAGE UNKNOWN""]","[""F"", ""M""]","[""IL""]","[""2065318"", ""2065319""]","[""60640""]",[],"[""11""]",[],[],[],[],2025,10,7,7,False,morning,41.94,-87.64,41.94_-87.64,47.0,47,47,OTHER,0
STRAIGHT AND LEVEL,1621,2025-10-07 07:41:00,3,7,10,A19F0F4F72CE4CB013C8A94EEA8D4B34E6A7657F68F08CC1B9F06E2F1071016AD9CCF6FBD61A424F7334862F1954C04B79F49BE2F686CD2B16B789E0BFD9C321,NO INJURY / DRIVE AWAY,"OVER $1,500",FUNCTIONING PROPERLY,REAR END,41.9775296381,"DARKNESS, LIGHTED ROAD",-87.7552230904,2,30,FOLLOWING TOO CLOSELY,NO DEFECTS,WET,NOT APPLICABLE,N,5299,TRAFFIC SIGNAL,NOT DIVIDED,RAIN,0.0,0.0,0.0,0.0,0.0,1.0,1,2,[],[],[],"[""2025-10-07T07:41:00.000""]","[""2165207"", ""2165208""]","[""FRONT"", ""REAR""]","[""IL""]","[""HONDA"", ""THOMAS BUILT BUS COMPANY""]","[""SLOW/STOP IN TRAFFIC"", ""STRAIGHT AHEAD""]","[""CR-V"", ""THOMAS BUILT BUS CO.""]","[""1""]","[""NW""]","[""1"", ""2""]","[""DRIVER""]","[""NONE""]","[""2064000"", ""2064002""]","[""BUS OVER 15 PASS."", ""SPORT UTILITY VEHICLE (SUV)""]","[""PERSONAL"", ""SCHOOL BUS""]","[""2013"", ""2023""]",[],[],[],[],[],[],[],[],[],[],[],[],"[""Y""]",[],"[""Y""]",[],"['29', '44']","[""DID NOT DEPLOY""]","[""TEST NOT OFFERED""]","[""CHICAGO""]","[""2025-10-07T07:41:00.000""]","[""FOLLOWED TOO CLOSELY"", ""NONE""]","[""NOT OBSCURED""]","[""B"", ""D""]","[""IL""]","[""NONE""]",[],"[""O2165207"", ""O2165208""]","[""DRIVER""]","[""NORMAL""]","[""SAFETY BELT USED""]","[""F"", ""M""]","[""IL""]","[""2064000"", ""2064002""]","[""60644"", ""60657""]",[],[],[],[],[],[],2025,10,7,7,False,morning,41.98,-87.76,41.98_-87.76,36.5,29,44,FOLLOWING TOO CLOSELY,0
STRAIGHT AND LEVEL,2512,2025-10-07 07:33:00,3,7,10,5997CF0B96AD26E2A51C4226743D883F241A5CA4215A0A52E2C12E62F153E0EC72CDC9512830A50B65BA72AEB4D7F9BE516ACC737B32828B1DC8C477BDF8CBE1,INJURY AND / OR TOW DUE TO CRASH,"OVER $1,500",NO CONTROLS,FIXED OBJECT,41.9238530451,DAYLIGHT,-87.804534636,1,30,WEATHER,NO DEFECTS,WET,NOT APPLICABLE,W,7150,NO CONTROLS,FOUR WAY,RAIN,0.0,0.0,0.0,0.0,0.0,1.0,1,1,"[""Y""]",[],"[""Y""]","[""2025-10-07T07:33:00.000""]","[""2165259""]","[""SIDE-LEFT""]","[""IL""]","[""CHRYSLER""]","[""STRAIGHT AHEAD""]","[""300""]","[""1""]","[""NW""]","[""1""]","[""DRIVER""]","[""NONE""]","[""2064043""]","[""PASSENGER""]","[""PERSONAL""]","[""2015""]",[],[],"[""Y""]",[],[],[],[],"[""Y""]","[""Y""]",[],[],"[""Y""]",[],[],[],[],['47'],"[""DEPLOYED, SIDE""]","[""TEST NOT OFFERED""]","[""CHICAGO""]","[""2025-10-07T07:33:00.000""]","[""NONE""]","[""WINDSHIELD (WATER/ICE)""]",[],"[""IL""]","[""NONE""]","[""COMMUNITY FIRST MEDICAL CENTER""]","[""O2165259""]","[""DRIVER""]","[""NORMAL""]","[""SAFETY BELT USED""]","[""M""]","[""IL""]","[""2064043""]","[""60707""]","[""CFD""]",[],[],[],[],[],2025,10,7,7,False,morning,41.92,-87.8,41.92_-87.8,47.0,47,47,WEATHER-RELATED,1
STRAIGHT AND LEVEL,232,2025-10-07 07:30:00,3,7,10,D8335326D319ACF929FAF08897BED3555F9A36D5899BB64EBD5D24BDF58341B724CD46F1ECBB51D3565BD8AD29D33E10C97DC76F92FD794C755DB3C7270C37A7,NO INJURY / DRIVE AWAY,"OVER $1,500",NO CONTROLS,TURNING,41.7910793278,DAYLIGHT,-87.6160343899,2,30,FAILING TO REDUCE SPEED TO AVOID CRASH,NO DEFECTS,DRY,FAILING TO REDUCE SPEED TO AVOID CRASH,S,5700,NO CONTROLS,NOT DIVIDED,CLEAR,0.0,1.0,0.0,0.0,0.0,1.0,1,1,[],[],[],"[""2025-10-07T07:30:00.000""]","[""2165768"", ""2165769""]","[""REAR-LEFT-CORNER"", ""SIDE-LEFT-FRONT""]","[""IL""]","[""HONDA"", ""VOLKSWAGEN""]","[""STRAIGHT AHEAD"", ""TURNING LEFT""]","[""CIVIC"", ""JETTA""]","[""1""]","[""N"", ""S""]","[""1"", ""2""]","[""DRIVER""]","[""NONE""]","[""2064523"", ""2064538""]","[""PASSENGER""]","[""PERSONAL""]",[],[],[],"[""Y""]",[],[],"[""Y""]",[],[],[],[],[],[],[],[],[],[],['0'],"[""DEPLOYMENT UNKNOWN"", ""DID NOT DEPLOY""]","[""TEST NOT OFFERED""]","[""MARKHAM""]","[""2025-10-07T07:30:00.000""]","[""NONE"", ""TOO FAST FOR CONDITIONS""]","[""NOT OBSCURED"", ""UNKNOWN""]","[""D""]","[""IL""]","[""NONE""]",[],"[""O2165768"", ""O2165769""]","[""DRIVER""]","[""NORMAL"", ""UNKNOWN""]","[""NONE PRESENT"", ""USAGE UNKNOWN""]","[""M"", ""X""]","[""IL""]","[""2064523"", ""2064538""]","[""60428""]",[],[],[],[],[],[],2025,10,7,7,False,morning,41.79,-87.62,41.79_-87.62,0.0,0,0,SPEEDING,0
STRAIGHT AND LEVEL,833,2025-10-07 07:30:00,3,7,10,68E1CE7C5D2AC47D62984A9BBDA9F72B1DAD9A25FEC552E7B6E41766A7372B37C65923F8623C82CB363C36BB58888633F8952C1780A8049DF124CB720B63FFF9,NO INJURY / DRIVE AWAY,"OVER $1,500",FUNCTIONING PROPERLY,REAR TO FRONT,41.7618480636,DAYLIGHT,-87.7416706473,2,35,IMPROPER BACKING,NO DEFECTS,WET,DRIVING SKILLS/KNOWLEDGE/EXPERIENCE,S,7201,TRAFFIC SIGNAL,DIVIDED - W/MEDIAN BARRIER,RAIN,0.0,0.0,0.0,0.0,0.0,1.0,1,2,[],[],"[""Y""]","[""2025-10-07T07:30:00.000""]","[""2165367"", ""2165368""]","[""FRONT"", ""REAR""]","[""IL"", ""NB""]","[""DODGE"", ""FREIGHTLINER CORPORATION""]","[""BACKING"", ""STRAIGHT AHEAD""]","[""DURANGO"", ""FREIGHTLINER CORP.""]","[""1""]","[""N"", ""S""]","[""1"", ""2""]","[""DRIVER""]","[""UNKNOWN""]","[""2064148"", ""2064161""]","[""SINGLE UNIT TRUCK WITH TRAILER"", ""SPORT UTILITY VEHICLE (SUV)""]","[""PERSONAL""]","[""2021"", ""2022""]",[],[],[],[],[],[],[],[],[],"[""Y""]",[],[],[],[],"[""Y""]",[],"['25', '32']","[""DID NOT DEPLOY""]","[""TEST NOT OFFERED""]","[""CHICAGO"", ""RURAL HALL""]","[""2025-10-07T07:30:00.000""]","[""IMPROPER BACKING"", ""NONE""]","[""UNKNOWN""]","[""A"", ""D""]","[""IL"", ""NC""]","[""NONE""]","[""REFUSED MED ATTENTION ON SCENE""]","[""O2165367"", ""O2165368""]","[""DRIVER""]","[""NORMAL""]","[""USAGE UNKNOWN""]","[""F"", ""M""]","[""IL"", ""NC""]","[""2064148"", ""2064161""]","[""27045"", ""60632""]",[],[],[],[],[],[],2025,10,7,7,False,morning,41.76,-87.74,41.76_-87.74,28.5,25,32,OTHER,0
STRAIGHT AND LEVEL,1624,2025-10-07 07:30:00,3,7,10,1154C8FE1A6E2626647FD3EA5072D1160EBD595FDA9FA7333710A399CAA05F10CE86FCB7F4EBEBD34646A658BA17F75CE38A6346DB3470583844B9B33AEC1FC3,NO INJURY / DRIVE AWAY,"$501 - $1,500",FUNCTIONING PROPERLY,REAR END,41.9530315459,DAYLIGHT,-87.7861357818,2,30,FOLLOWING TOO CLOSELY,NO DEFECTS,WET,UNABLE TO DETERMINE,W,6350,TRAFFIC SIGNAL,DIVIDED - W/MEDIAN (NOT RAISED),RAIN,0.0,0.0,0.0,0.0,0.0,1.0,1,3,[],[],[],"[""2025-10-07T07:30:00.000""]","[""2165268"", ""2165269""]","[""FRONT"", ""REAR""]","[""IL""]","[""MAZDA"", ""TOYOTA""]","[""SLOW/STOP IN TRAFFIC""]","[""CX-7"", ""TUNDRA""]","[""1"", ""2""]","[""W""]","[""1"", ""2""]","[""DRIVER""]","[""UNKNOWN""]","[""2064058"", ""2064062""]","[""PASSENGER"", ""PICKUP""]","[""PERSONAL"", ""UNKNOWN/NA""]","[""2010""]",[],[],[],[],[],[],[],[],[],[],"[""1""]",[],[],[],"[""Y""]",[],"['13', '24', '73']","[""DID NOT DEPLOY""]","[""TEST NOT OFFERED""]","[""CHICAGO"", ""ELGIN""]","[""2025-10-07T07:30:00.000""]","[""FOLLOWED TOO CLOSELY"", ""NONE""]","[""UNKNOWN""]","[""D""]","[""IL""]","[""NONE""]",[],"[""O2165268"", ""O2165269"", ""P477836""]","[""DRIVER"", ""PASSENGER""]","[""NORMAL"", ""UNKNOWN""]","[""USAGE UNKNOWN""]","[""F"", ""M""]","[""IL""]","[""2064058"", ""2064062""]","[""60120"", ""60618""]",[],"[""12""]",[],[],[],[],2025,10,7,7,False,morning,41.95,-87.79,41.95_-87.79,36.666666666666664,13,73,FOLLOWING TOO CLOSELY,0
STRAIGHT AND LEVEL,1831,2025-10-07 07:25:00,3,7,10,B502426D3EA56BDFEEE6EA5C962A1F23ED04D0D43444702DCD05EF540440BF5CD5953796DD12F5C4623573F00FBB80EA1C72608F15DDE72BF53F8222C73F7482,NO INJURY / DRIVE AWAY,"OVER $1,500",FUNCTIONING PROPERLY,TURNING,41.8875578728,DAYLIGHT,-87.6281530647,2,30,WEATHER,NO DEFECTS,WET,UNABLE TO DETERMINE,N,300,TRAFFIC SIGNAL,FOUR WAY,RAIN,0.0,0.0,1.0,0.0,0.0,1.0,1,2,[],[],"[""Y""]","[""2025-10-07T07:25:00.000""]","[""2165446"", ""2165447""]","[""FRONT"", ""OTHER""]","[""IL""]","[""BUICK"", ""MACK TRUCKS, INC.""]","[""TURNING RIGHT""]","[""ENCLAVE"", ""OTHER (EXPLAIN IN NARRATIVE)""]","[""1""]","[""N""]","[""1"", ""2""]","[""DRIVER""]","[""NONE"", ""UNKNOWN""]","[""2064226"", ""2064236""]","[""PASSENGER"", ""SINGLE UNIT TRUCK WITH TRAILER""]","[""CONSTRUCTION/MAINTENANCE"", ""PERSONAL""]","[""2001"", ""2023""]",[],[],[],[],[],[],[],[],[],[],[],[],[],[],[],[],"['44', '78']","[""NOT APPLICABLE""]","[""TEST NOT OFFERED""]","[""BERWYN"", ""CHICAGO""]","[""2025-10-07T07:25:00.000""]","[""NONE""]","[""NOT OBSCURED""]","[""CD"", ""D""]","[""IL""]","[""NONE""]",[],"[""O2165446"", ""O2165447""]","[""DRIVER""]","[""NORMAL"", ""UNKNOWN""]","[""SAFETY BELT USED"", ""USAGE UNKNOWN""]","[""F"", ""M""]","[""IL""]","[""2064226"", ""2064236""]","[""60402"", ""60605""]",[],[],[],[],[],[],2025,10,7,7,False,morning,41.89,-87.63,41.89_-87.63,61.0,44,78,WEATHER-RELATED,0
STRAIGHT AND LEVEL,2212,2025-10-07 07:25:00,3,7,10,4B7C91B0178AF7368438ED9078A6EC7D90BF163D19EC31A82F4277B3F6D4F7E2AE9CF1692D4F524628B3D07D2E6EBBD61D767FD1541C323BE636C91AB2104F54,INJURY AND / OR TOW DUE TO CRASH,"OVER $1,500",NO CONTROLS,ANGLE,41.7066870897,DAYLIGHT,-87.6587691028,2,30,NOT APPLICABLE,UNKNOWN,WET,NOT APPLICABLE,S,10300,NO CONTROLS,NOT DIVIDED,RAIN,0.0,0.0,1.0,0.0,0.0,1.0,1,2,"[""Y""]","[""Y""]","[""Y""]","[""2025-10-07T07:25:00.000""]","[""2165224"", ""2165225""]","[""FRONT"", ""FRONT-RIGHT-CORNER""]","[""IL""]","[""JEEP"", ""KIA""]","[""STRAIGHT AHEAD""]","[""CHEROKEE"", ""RIO / K2""]","[""1""]","[""N"", ""W""]","[""1"", ""2""]","[""DRIVER""]","[""UNKNOWN""]","[""2064006"", ""2064014""]","[""PASSENGER"", ""SPORT UTILITY VEHICLE (SUV)""]","[""PERSONAL""]","[""2018"", ""2019""]",[],[],"[""Y""]",[],"[""Y""]",[],[],[],[],[],[],[],[],[],[],[],"['65', '80']","[""DEPLOYED, COMBINATION"", ""NOT APPLICABLE""]","[""TEST NOT OFFERED""]","[""CHICAGO""]","[""2025-10-07T07:25:00.000""]","[""UNKNOWN""]","[""UNKNOWN""]","[""D""]","[""IL""]","[""NONE""]","[""CHRIST HOSPITAL""]","[""O2165224"", ""O2165225""]","[""DRIVER""]","[""NORMAL""]","[""SAFETY BELT USED""]","[""F""]","[""IL""]","[""2064006"", ""2064014""]","[""60619"", ""60643""]","[""CFD""]",[],[],[],[],[],2025,10,7,7,False,morning,41.71,-87.66,41.71_-87.66,72.5,65,80,OTHER,1
STRAIGHT AND LEVEL,1114,2025-10-07 07:20:00,3,7,10,7DF9D39ED47DDA2AA825A40BEE52DBA7DE0C5C421EE519CA24362F192250C9702EBEDC0F0B57E7024B7DDA3AB83814B5D732658EF08541E3BCD49890B9BED868,NO INJURY / DRIVE AWAY,"OVER $1,500",NO CONTROLS,SIDESWIPE OPPOSITE DIRECTION,41.8855803183,DAYLIGHT,-87.7259219239,2,30,UNABLE TO DETERMINE,NO DEFECTS,WET,NOT APPLICABLE,W,4000,NO CONTROLS,NOT DIVIDED,RAIN,0.0,1.0,0.0,0.0,0.0,1.0,1,1,[],[],[],"[""2025-10-07T07:20:00.000""]","[""2165230"", ""2165231""]","[""SIDE-LEFT"", ""UNKNOWN""]","[""IL""]","[""JEEP"", ""UNKNOWN""]","[""STRAIGHT AHEAD""]","[""COMPASS"", ""OTHER (EXPLAIN IN NARRATIVE)""]","[""1""]","[""E"", ""W""]","[""1"", ""2""]","[""DRIVER""]","[""UNKNOWN""]","[""2064013"", ""2064017""]","[""SPORT UTILITY VEHICLE (SUV)"", ""UNKNOWN/NA""]","[""PERSONAL"", ""UNKNOWN/NA""]","[""2021""]",[],[],[],[],[],[],"[""Y""]",[],"[""Y""]",[],[],[],[],[],[],[],['71'],"[""DEPLOYMENT UNKNOWN"", ""DID NOT DEPLOY""]","[""TEST NOT OFFERED""]","[""CHICAGO""]","[""2025-10-07T07:20:00.000""]","[""UNKNOWN""]","[""UNKNOWN""]","[""D""]","[""IL""]","[""NONE""]",[],"[""O2165230"", ""O2165231""]","[""DRIVER""]","[""NORMAL"", ""UNKNOWN""]","[""USAGE UNKNOWN""]","[""F"", ""X""]","[""IL""]","[""2064013"", ""2064017""]","[""60624""]",[],[],[],[],[],[],2025,10,7,7,False,morning,41.89,-87.73,41.89_-87.73,71.0,71,71,OTHER,0
STRAIGHT ON GRADE,1522,2025-10-07 07:19:00,3,7,10,D9F28BE3E8CB985E1D3F1F5E782233F9AF2BBD525496EB1732EC77F0190B6EB298456A37B83560C21A3C98709BD578D8F7FFF27A3568B2D035313279B9B6BF78,NO INJURY / DRIVE AWAY,"$501 - $1,500",NO CONTROLS,SIDESWIPE SAME DIRECTION,41.8804157628,UNKNOWN,-87.7602785147,2,30,UNABLE TO DETERMINE,UNKNOWN,UNKNOWN,NOT APPLICABLE,W,5402,NO CONTROLS,NOT DIVIDED,CLEAR,0.0,0.0,0.0,0.0,0.0,1.0,1,1,[],[],[],"[""2025-10-07T07:19:00.000""]","[""2165228"", ""2165229""]","[""SIDE-LEFT-FRONT"", ""UNKNOWN""]","[""IL""]","[""CHEVROLET"", ""HYUNDAI""]","[""STRAIGHT AHEAD""]","[""TRAX"", ""TUCSON""]","[""1""]","[""W""]","[""1"", ""2""]","[""DRIVER""]","[""UNKNOWN""]","[""2064012"", ""2064020""]","[""PASSENGER""]","[""UNKNOWN/NA""]","[""2008"", ""2020""]",[],[],[],[],[],[],"[""Y""]","[""Y""]","[""Y""]",[],[],[],"[""N""]",[],[],[],['28'],"[""DEPLOYMENT UNKNOWN"", ""NOT APPLICABLE""]","[""TEST NOT OFFERED""]","[""CHICAGO""]","[""2025-10-07T07:19:00.000""]","[""UNKNOWN""]","[""UNKNOWN""]","[""D""]","[""IL""]","[""NONE""]",[],"[""O2165228"", ""O2165229""]","[""DRIVER""]","[""NORMAL"", ""UNKNOWN""]","[""USAGE UNKNOWN""]","[""F"", ""M""]","[""IL""]","[""2064012"", ""2064020""]","[""60644""]",[],[],[],[],[],[],2025,10,7,7,False,morning,41.88,-87.76,41.88_-87.76,28.0,28,28,OTHER,0