alignment,beat_of_occurrence,crash_date,crash_day_of_week,crash_hour,crash_month,crash_record_id,crash_type,damage,device_condition,first_crash_type,latitude,lighting_condition,longitude,num_units,posted_speed_limit,prim_contributory_cause,road_defect,roadway_surface_cond,sec_contributory_cause,street_direction,street_no,traffic_control_device,trafficway_type,weather_condition,private_property_i,hit_and_run_i,intersection_related_i,crash_date_est_i,work_zone_i,workers_present_i,veh_count,ppl_count,veh_area_01_i_list_json,veh_area_02_i_list_json,veh_area_12_i_list_json,veh_crash_date_list_json,veh_crash_unit_id_list_json,veh_first_contact_point_list_json,veh_lic_plate_state_list_json,veh_make_list_json,veh_maneuver_list_json,veh_model_list_json,veh_occupant_cnt_list_json,veh_travel_direction_list_json,veh_unit_no_list_json,veh_unit_type_list_json,veh_vehicle_defect_list_json,veh_vehicle_id_list_json,veh_vehicle_type_list_json,veh_vehicle_use_list_json,veh_vehicle_year_list_json,veh_area_03_i_list_json,veh_area_04_i_list_json,veh_area_11_i_list_json,veh_towed_by_list_json,veh_towed_i_list_json,veh_area_07_i_list_json,veh_area_99_i_list_json,veh_area_09_i_list_json,veh_area_10_i_list_json,veh_cmrc_veh_i_list_json,veh_num_passengers_list_json,veh_area_08_i_list_json,veh_area_00_i_list_json,veh_area_05_i_list_json,veh_area_06_i_list_json,veh_towed_to_list_json,ppl_age_list_json,ppl_airbag_deployed_list_json,ppl_bac_result_list_json,ppl_city_list_json,ppl_crash_date_list_json,ppl_driver_action_list_json,ppl_driver_vision_list_json,ppl_drivers_license_class_list_json,ppl_drivers_license_state_list_json,ppl_ejection_list_json,ppl_hospital_list_json,ppl_person_id_list_json,ppl_person_type_list_json,ppl_physical_condition_list_json,ppl_safety_equipment_list_json,ppl_sex_list_json,ppl_state_list_json,ppl_vehicle_id_list_json,ppl_zipcode_list_json,ppl_ems_agency_list_json,ppl_seat_no_list_json,ppl_pedpedal_action_list_json,ppl_pedpedal_location_list_json,ppl_pedpedal_visibility_list_json,ppl_ems_run_no_list_json,year,month,hour,day,is_weekend,hour_bin,lat_bin,lng_bin,grid_id,ppl_age_mean,ppl_age_min,ppl_age_max,prim_contributory_cause_group,ksi_flag
STRAIGHT AND LEVEL,813,2025-10-07 07:15:00,3,7,10,A5159BF31D19EFB81189E6685B33C5485F18BB1D6B22FB61E7D787F2BFC5196FE919BC5AEE4E1FB30D35DDEC5A05BD8028A993E913DBAFAF67581E5A2F0707CB,INJURY AND / OR TOW DUE TO CRASH,"OVER $1,500",NO CONTROLS,REAR END,41.7930647283,DAWN,-87.7267743866,2,30,WEATHER,NO DEFECTS,WET,UNABLE TO DETERMINE,W,4131,NO CONTROLS,FOUR WAY,RAIN,0.0,0.0,1.0,0.0,0.0,1.0,1,3,"[""Y""]","[""Y""]",[],"[""2025-10-07T07:15:00.000""]","[""2165226"", ""2165227""]","[""FRONT-RIGHT-CORNER"", ""REAR-LEFT-CORNER""]","[""IL""]","[""HYUNDAI"", ""NISSAN""]","[""SLOW/STOP IN TRAFFIC"", ""STRAIGHT AHEAD""]","[""ALTIMA"", ""ELANTRA""]","[""1"", ""2""]","[""E""]","[""1"", ""2""]","[""DRIVER""]","[""NONE""]","[""2064011"", ""2064018""]","[""PASSENGER""]","[""PERSONAL""]","[""2008"", ""2015""]",[],[],[],"[""Private Company""]","[""Y""]","[""Y""]",[],[],[],[],"[""1""]",[],[],[],[],[],"['25', '38', '4']","[""DID NOT DEPLOY""]","[""TEST NOT OFFERED""]","[""CHICAGO""]","[""2025-10-07T07:15:00.000""]","[""NONE"", ""UNKNOWN""]","[""NOT OBSCURED""]","[""D""]","[""IL""]","[""NONE""]","[""DNA"", ""REFUSED""]","[""O2165226"", ""O2165227"", ""P477833""]","[""DRIVER"", ""PASSENGER""]","[""NORMAL""]","[""SAFETY BELT USED""]","[""F"", ""M""]","[""IL""]","[""2064011"", ""2064018""]","[""60652"", ""60655""]","[""DNA""]","[""6""]",[],[],[],"[""DNA""]",2025,10,7,7,False,morning,41.79,-87.73,41.79_-87.73,22.333333333333332,4,38,WEATHER-RELATED,0
STRAIGHT AND LEVEL,222,2025-10-07 07:09:00,3,7,10,A642FBEA91F7A313D4B5B36AA0E7C5A51C0FE4ED9F38658D9EB24FF89FFEFAF33EBAB5BC4DB55BDD58F79E5787F8075A57A412367BC6C3021A9313A98589ABAB,NO INJURY / DRIVE AWAY,"OVER $1,500",FUNCTIONING PROPERLY,REAR TO FRONT,41.8096799499,DAYLIGHT,-87.5922301026,2,30,UNABLE TO DETERMINE,UNKNOWN,WET,NOT APPLICABLE,S,4701,TRAFFIC SIGNAL,FOUR WAY,RAIN,0.0,0.0,1.0,0.0,0.0,1.0,1,2,"[""Y""]",[],"[""Y""]","[""2025-10-07T07:09:00.000""]","[""2165240"", ""2165241""]","[""FRONT"", ""REAR""]","[""IL""]","[""CHEVROLET"", ""NISSAN""]","[""SLOW/STOP IN TRAFFIC""]","[""OTHER (EXPLAIN IN NARRATIVE)"", ""ROGUE""]","[""1""]","[""N"", ""S""]","[""1"", ""2""]","[""DRIVER""]","[""UNKNOWN""]","[""2064029"", ""2064052""]","[""PASSENGER"", ""PICKUP""]","[""PERSONAL"", ""UNKNOWN/NA""]","[""2019"", ""2020""]",[],[],"[""Y""]",[],[],"[""Y""]",[],[],[],[],[],[],[],"[""Y""]","[""Y""]",[],"['28', '48']","[""NOT APPLICABLE""]","[""TEST NOT OFFERED""]","[""CHICAGO"", ""HICKERY HILLS""]","[""2025-10-07T07:09:00.000""]","[""UNKNOWN""]","[""UNKNOWN""]","[""A"", ""D""]","[""IL""]","[""NONE""]",[],"[""O2165240"", ""O2165241""]","[""DRIVER""]","[""NORMAL"", ""UNKNOWN""]","[""USAGE UNKNOWN""]","[""M""]","[""IL""]","[""2064029"", ""2064052""]","[""60457"", ""60619""]",[],[],[],[],[],[],2025,10,7,7,False,morning,41.81,-87.59,41.81_-87.59,38.0,28,48,OTHER,0
STRAIGHT AND LEVEL,2223,2025-10-07 07:08:00,3,7,10,04746A07C31C20BCCD3D3E39D097AFB6605018580FEC7BEE2F76E9E7084152FB9AC87B3CB8BBCC5E98B25DEBC0E4E81B4344A03819538D72F1FE9CAAE9C7BC61,NO INJURY / DRIVE AWAY,"$501 - $1,500",NO CONTROLS,REAR END,41.7187633663,DAYLIGHT,-87.6508873939,2,30,UNABLE TO DETERMINE,UNKNOWN,UNKNOWN,NOT APPLICABLE,S,9615,NO CONTROLS,NOT DIVIDED,CLEAR,0.0,0.0,0.0,0.0,0.0,1.0,1,2,[],[],[],"[""2025-10-07T07:08:00.000""]","[""2165764"", ""2165765""]","[""REAR"", ""UNKNOWN""]","[""IL""]","[""LEXUS"", ""NISSAN""]","[""STRAIGHT AHEAD""]","[""GX460"", ""OTHER (EXPLAIN IN NARRATIVE)""]","[""1""]","[""N""]","[""1"", ""2""]","[""DRIVER""]","[""UNKNOWN""]","[""2064511"", ""2064516""]","[""PASSENGER"", ""UNKNOWN/NA""]","[""PERSONAL"", ""UNKNOWN/NA""]","[""2019"", ""2022""]",[],[],[],[],[],[],"[""Y""]",[],[],[],[],[],[],[],"[""Y""]",[],"['24', '47']","[""NOT APPLICABLE""]","[""TEST NOT OFFERED""]","[""CHICAGO""]","[""2025-10-07T07:08:00.000""]","[""UNKNOWN""]","[""UNKNOWN""]",[],"[""IL""]","[""NONE""]",[],"[""O2165764"", ""O2165765""]","[""DRIVER""]","[""NORMAL"", ""UNKNOWN""]","[""SAFETY BELT USED"", ""USAGE UNKNOWN""]","[""F""]","[""IL""]","[""2064511"", ""2064516""]","[""60643""]",[],[],[],[],[],[],2025,10,7,7,False,morning,41.72,-87.65,41.72_-87.65,35.5,24,47,OTHER,0
STRAIGHT AND LEVEL,621,2025-10-07 07:00:00,3,7,10,E1BAD5A874CA48C14CAD3BC559541544E97F2033B5E8F0D22C1FDC78FC91362157F0F7C429604F8D767C4D948C95A8BC1C61880BD2D679D6C5FF2A9D8E4B4CA6,NO INJURY / DRIVE AWAY,"OVER $1,500",NO CONTROLS,FIXED OBJECT,41.7521368378,DUSK,-87.6442289066,1,20,IMPROPER TURNING/NO SIGNAL,NO DEFECTS,WET,NOT APPLICABLE,S,7808,NO CONTROLS,ALLEY,RAIN,0.0,0.0,0.0,0.0,0.0,1.0,1,1,[],[],[],"[""2025-10-07T07:00:00.000""]","[""2165213""]","[""REAR-RIGHT-CORNER""]","[""IL""]","[""BLUEBIRD INTERNATIONAL""]","[""TURNING LEFT""]","[""OTHER (EXPLAIN IN NARRATIVE)""]","[""1""]","[""E""]","[""1""]","[""DRIVER""]","[""NONE""]","[""2063996""]","[""TRACTOR W/ SEMI-TRAILER""]","[""COMMERCIAL - MULTI-UNIT""]","[""2019""]",[],"[""Y""]",[],[],[],[],[],[],[],"[""Y""]",[],[],[],"[""Y""]",[],[],['36'],"[""NOT APPLICABLE""]","[""TEST NOT OFFERED""]","[""NORTH CHICAGO""]","[""2025-10-07T07:00:00.000""]","[""IMPROPER TURN""]","[""UNKNOWN""]","[""A""]","[""IL""]","[""NONE""]",[],"[""O2165213""]","[""DRIVER""]","[""UNKNOWN""]","[""USAGE UNKNOWN""]","[""M""]","[""IL""]","[""2063996""]","[""60064""]",[],[],[],[],[],[],2025,10,7,7,False,morning,41.75,-87.64,41.75_-87.64,36.0,36,36,OTHER,0
STRAIGHT AND LEVEL,1731,2025-10-07 07:00:00,3,7,10,F733DE0F1D6119673472AEB902B06C1CCE311FBFDBDF195010DD2BD5EAC6F5F464A07A2538CB22AB77744B3F120BEF3A6F64C706752D205915E04D9D4D38F9C6,NO INJURY / DRIVE AWAY,"OVER $1,500",NO CONTROLS,REAR END,41.9390704093,UNKNOWN,-87.737097898,2,30,UNABLE TO DETERMINE,UNKNOWN,UNKNOWN,NOT APPLICABLE,W,4400,NO CONTROLS,UNKNOWN,CLEAR,0.0,1.0,0.0,0.0,0.0,1.0,1,1,[],[],[],"[""2025-10-07T07:00:00.000""]","[""2165574"", ""2165575""]","[""FRONT"", ""REAR""]","[""IL""]","[""CHEVROLET"", ""CHRYSLER""]","[""SLOW/STOP IN TRAFFIC"", ""UNKNOWN/NA""]","[""200"", ""OTHER (EXPLAIN IN NARRATIVE)""]","[""1""]","[""W""]","[""1"", ""2""]","[""DRIVER""]","[""UNKNOWN""]","[""2064324"", ""2064327""]","[""PASSENGER"", ""PICKUP""]","[""UNKNOWN/NA""]","[""2015""]",[],[],[],[],[],[],"[""Y""]",[],[],[],[],[],[],[],"[""Y""]",[],['27'],"[""DEPLOYMENT UNKNOWN"", ""DID NOT DEPLOY""]","[""TEST NOT OFFERED""]","[""CHICAGO""]","[""2025-10-07T07:00:00.000""]","[""UNKNOWN""]","[""UNKNOWN""]","[""D""]","[""IL""]","[""NONE""]",[],"[""O2165574"", ""O2165575""]","[""DRIVER""]","[""UNKNOWN""]","[""SAFETY BELT USED"", ""USAGE UNKNOWN""]","[""F"", ""M""]","[""IL""]","[""2064324"", ""2064327""]","[""60634""]",[],[],[],[],[],[],2025,10,7,7,False,morning,41.94,-87.74,41.94_-87.74,27.0,27,27,OTHER,0
STRAIGHT AND LEVEL,1513,2025-10-07 06:59:00,3,6,10,80F5AFA0917AC3B7F0212A3ABB3EC8747BFCC81E483931277B8AFFD9362E115B4404AE0ECDFAD979EE57F27D46258CBAEE08BADAE01DF5DECA5AC1CEF15D11CF,INJURY AND / OR TOW DUE TO CRASH,$500 OR LESS,FUNCTIONING PROPERLY,PEDESTRIAN,41.8799368275,DAWN,-87.7650047785,2,30,FAILING TO YIELD RIGHT-OF-WAY,UNKNOWN,WET,NOT APPLICABLE,S,10,TRAFFIC SIGNAL,NOT DIVIDED,RAIN,0.0,0.0,0.0,0.0,0.0,1.0,2,2,[],[],[],"[""2025-10-07T06:59:00.000""]","[""2165203"", ""2165204""]","[""FRONT""]","[""IL""]","[""JEEP""]","[""TURNING RIGHT""]","[""GRAND CHEROKEE""]","[""1""]","[""S""]","[""1"", ""2""]","[""DRIVER"", ""PEDESTRIAN""]","[""NONE""]","[""2064056""]","[""SPORT UTILITY VEHICLE (SUV)""]","[""PERSONAL""]","[""2018""]",[],[],"[""Y""]",[],[],[],[],[],[],[],[],[],[],[],[],[],"['29', '67']","[""DID NOT DEPLOY""]","[""TEST NOT OFFERED""]","[""CHICAGO""]","[""2025-10-07T06:59:00.000""]","[""NONE"", ""UNKNOWN""]","[""NOT OBSCURED""]","[""D""]","[""IL""]","[""NONE""]","[""LORETTO"", ""REFUSED""]","[""O2165203"", ""O2165204""]","[""DRIVER"", ""PEDESTRIAN""]","[""NORMAL""]","[""NONE PRESENT"", ""SAFETY BELT USED""]","[""M""]","[""IL""]","[""2064056""]","[""60644"", ""60707""]","[""CFD""]",[],"[""WITH TRAFFIC""]","[""UNKNOWN/NA""]","[""NO CONTRASTING CLOTHING""]",[],2025,10,6,7,False,night,41.88,-87.77,41.88_-87.77,48.0,29,67,FAILURE-TO-YIELD,1
STRAIGHT AND LEVEL,1423,2025-10-07 06:55:00,3,6,10,5A2477F0E3BF6B81A2A5E8250CD14A33260855EEE4A6E23ECB81A42FA4F3897EA0D5255FF401ADD7DA4776F6715A6B0DFDA8B5B0297B1005472EEFFE10ED2210,NO INJURY / DRIVE AWAY,"OVER $1,500",NO CONTROLS,SIDESWIPE SAME DIRECTION,41.9028967724,DAYLIGHT,-87.7021204078,2,25,UNABLE TO DETERMINE,NO DEFECTS,WET,UNABLE TO DETERMINE,N,1201,NO CONTROLS,DIVIDED - W/MEDIAN (NOT RAISED),CLEAR,0.0,0.0,0.0,0.0,0.0,1.0,1,2,[],"[""Y""]",[],"[""2025-10-07T06:55:00.000""]","[""2165248"", ""2165249""]","[""SIDE-LEFT"", ""SIDE-RIGHT""]","[""IL""]","[""HYUNDAI"", ""LEXUS""]","[""STRAIGHT AHEAD""]","[""ELANTRA"", ""ES350""]","[""1""]","[""S""]","[""1"", ""2""]","[""DRIVER""]","[""NONE""]","[""2064046"", ""2064063""]","[""PASSENGER"", ""SPORT UTILITY VEHICLE (SUV)""]","[""PERSONAL""]","[""2012"", ""2024""]","[""Y""]","[""Y""]","[""Y""]",[],[],[],[],"[""Y""]","[""Y""]",[],[],[],[],[],[],[],"['32', '49']","[""DID NOT DEPLOY""]","[""TEST NOT OFFERED""]","[""CHICAGO""]","[""2025-10-07T06:55:00.000""]","[""NONE"", ""UNKNOWN""]","[""NOT OBSCURED"", ""UNKNOWN""]","[""D""]","[""AZ"", ""IL""]","[""NONE"", ""UNKNOWN""]",[],"[""O2165248"", ""O2165249""]","[""DRIVER""]","[""NORMAL""]","[""SAFETY BELT USED""]","[""M""]","[""IL""]","[""2064046"", ""2064063""]","[""60616"", ""60626""]",[],[],[],[],[],[],2025,10,6,7,False,night,41.9,-87.7,41.9_-87.7,40.5,32,49,OTHER,0
STRAIGHT AND LEVEL,414,2025-10-07 06:50:00,3,6,10,476B78FAEA058BD256640A841FC7D06C61FACDE5E4A849D158DFA9FA16DCE83DF06FE280251311CBC568E3B1DCF815B459E5FD858FD3F3A2A4D91E05094F9238,INJURY AND / OR TOW DUE TO CRASH,"OVER $1,500",FUNCTIONING PROPERLY,ANGLE,41.751591573,DAYLIGHT,-87.5700316604,4,30,FAILING TO REDUCE SPEED TO AVOID CRASH,NO DEFECTS,WET,FAILING TO YIELD RIGHT-OF-WAY,S,7900,STOP SIGN/FLASHER,NOT DIVIDED,RAIN,0.0,0.0,0.0,0.0,0.0,1.0,1,2,"[""Y""]","[""Y""]","[""Y""]","[""2025-10-07T06:50:00.000""]","[""2165421"", ""2165422"", ""2165423"", ""2165424""]","[""FRONT"", ""FRONT-LEFT-CORNER""]","[""IL""]","[""CHEVROLET"", ""DODGE"", ""JEEP""]","[""SLOW/STOP IN TRAFFIC"", ""STARTING IN TRAFFIC"", ""STRAIGHT AHEAD""]","[""AVENGER"", ""GRAND CHEROKEE"", ""JOURNEY"", ""TRAX""]","[""1""]","[""N"", ""S"", ""W""]","[""1"", ""2"", ""3"", ""4""]","[""DRIVER""]","[""NONE""]","[""2064197"", ""2064217"", ""2064221"", ""2064227""]","[""PASSENGER""]","[""OTHER"", ""PERSONAL""]","[""2009"", ""2014"", ""2019"", ""2024""]","[""Y""]",[],"[""Y""]","[""E&R"", ""UNKNOWN""]","[""Y""]",[],"[""Y""]","[""Y""]","[""Y""]",[],[],[],[],[],[],"[""POUND 2"", ""UNKNOWN""]","['31', '36']","[""DEPLOYMENT UNKNOWN""]","[""TEST NOT OFFERED""]","[""CHICAGO""]","[""2025-10-07T06:50:00.000""]","[""FAILED TO YIELD"", ""NONE"", ""UNKNOWN""]","[""NOT OBSCURED"", ""UNKNOWN""]","[""D""]","[""IL""]","[""NONE""]",[],"[""O2165421"", ""O2165422"", ""O2165423"", ""O2165424""]","[""DRIVER""]","[""NORMAL"", ""UNKNOWN""]","[""USAGE UNKNOWN""]","[""F"", ""X""]","[""IL""]","[""2064197"", ""2064217"", ""2064221"", ""2064227""]","[""60617""]",[],[],[],[],[],[],2025,10,6,7,False,night,41.75,-87.57,41.75_-87.57,33.5,31,36,SPEEDING,0
STRAIGHT AND LEVEL,1712,2025-10-07 06:50:00,3,6,10,E37902F3EB9AB3A08B10866A07C8CBA08DECB1562A098C08717203CBB3A23340793440C93D57C434FC91968EBC5F341DDA371C1DA006D27543685CEF6448B0AA,NO INJURY / DRIVE AWAY,"OVER $1,500",FUNCTIONING PROPERLY,SIDESWIPE SAME DIRECTION,41.975455379,DAYLIGHT,-87.7476027753,2,30,IMPROPER LANE USAGE,NO DEFECTS,WET,UNABLE TO DETERMINE,W,4750,TRAFFIC SIGNAL,DIVIDED - W/MEDIAN (NOT RAISED),RAIN,0.0,0.0,0.0,0.0,0.0,1.0,1,2,"[""Y""]",[],[],"[""2025-10-07T06:50:00.000""]","[""2165209"", ""2165210""]","[""FRONT-RIGHT-CORNER"", ""SIDE-LEFT-REAR""]","[""IL"", ""WI""]","[""NISSAN"", ""UNKNOWN""]","[""CHANGING LANES"", ""STRAIGHT AHEAD""]","[""CUBE"", ""OTHER (EXPLAIN IN NARRATIVE)""]","[""1"", ""2""]","[""W""]","[""1"", ""2""]","[""DRIVER""]","[""NONE"", ""OTHER""]","[""2063999"", ""2064004""]","[""BUS OVER 15 PASS."", ""PICKUP""]","[""PERSONAL"", ""SCHOOL BUS""]","[""2012"", ""2018""]",[],[],[],[],[],"[""Y""]","[""Y""]",[],[],[],"[""1""]",[],[],[],[],[],"['64', '77']","[""DID NOT DEPLOY""]","[""TEST NOT OFFERED""]","[""NILES"", ""SKOKIE""]","[""2025-10-07T06:50:00.000""]","[""IMPROPER LANE CHANGE"", ""NONE""]","[""NOT OBSCURED"", ""UNKNOWN""]","[""B"", ""D""]","[""IL""]","[""NONE""]",[],"[""O2165209"", ""O2165210"", ""P477831""]","[""DRIVER"", ""PASSENGER""]","[""NORMAL"", ""UNKNOWN""]","[""SAFETY BELT USED"", ""USAGE UNKNOWN""]","[""F"", ""M""]","[""IL""]","[""2063999"", ""2064004""]","[""60077"", ""60714""]",[],"[""6""]",[],[],[],[],2025,10,6,7,False,night,41.98,-87.75,41.98_-87.75,70.5,64,77,OTHER,0
STRAIGHT AND LEVEL,1634,2025-10-07 06:48:00,3,6,10,FD19CA866666BC08D0CA5431025FE4D6821FABDE0450DC79DA20FAA236339535EB8AE2E39437FDDEBB92BC1930342D0A2D54AAE5A85E70CA821CEFB9D503DD8A,INJURY AND / OR TOW DUE TO CRASH,"$501 - $1,500",FUNCTIONING PROPERLY,TURNING,41.9489598948,DAWN,-87.7473138167,2,30,FAILING TO YIELD RIGHT-OF-WAY,NO DEFECTS,WET,NOT APPLICABLE,N,3732,STOP SIGN/FLASHER,T-INTERSECTION,RAIN,0.0,0.0,0.0,0.0,0.0,1.0,1,2,"[""Y""]",[],"[""Y""]","[""2025-10-07T06:48:00.000""]","[""2165216"", ""2165217""]","[""FRONT"", ""FRONT-LEFT-CORNER""]","[""IL"", ""MI""]","[""JEEP"", ""TOYOTA""]","[""STRAIGHT AHEAD"", ""TURNING LEFT""]","[""LIBERTY"", ""RAV4""]","[""1""]","[""S"", ""W""]","[""1"", ""2""]","[""DRIVER""]","[""NONE""]","[""2064001"", ""2064008""]","[""SPORT UTILITY VEHICLE (SUV)""]","[""PERSONAL""]","[""2006"", ""2018""]",[],[],"[""Y""]","[""OWNER""]","[""Y""]",[],[],[],"[""Y""]",[],[],[],[],[],[],[],"['30', '31']","[""DID NOT DEPLOY""]","[""TEST NOT OFFERED""]","[""BRONSON"", ""NORTHLAKE""]","[""2025-10-07T06:48:00.000""]","[""FAILED TO YIELD"", ""NONE""]","[""NOT OBSCURED""]","[""D"", ""O""]","[""IL"", ""MI""]","[""NONE""]",[],"[""O2165216"", ""O2165217""]","[""DRIVER""]","[""NORMAL""]","[""SAFETY BELT USED""]","[""F""]","[""IL"", ""MI""]","[""2064001"", ""2064008""]","[""49028"", ""60164""]",[],[],[],[],[],[],2025,10,6,7,False,night,41.95,-87.75,41.95_-87.75,30.5,30,31,FAILURE-TO-YIELD,0
STRAIGHT AND LEVEL,1712,2025-10-07 06:45:00,3,6,10,1F847B5351ED9A9072803471522539816A3766166E11799BFFBDFDF4D3D1ED4B0D38BA26667B9688DDD6AF58B52F5C3EE3CAF15CCCFA071B48A1AAFB6A8E3517,NO INJURY / DRIVE AWAY,"$501 - $1,500",NO CONTROLS,SIDESWIPE SAME DIRECTION,41.9754660425,"DARKNESS, LIGHTED ROAD",-87.7466317739,2,30,FAILING TO YIELD RIGHT-OF-WAY,NO DEFECTS,WET,UNABLE TO DETERMINE,W,4722,NO CONTROLS,NOT DIVIDED,RAIN,0.0,0.0,0.0,0.0,0.0,1.0,1,2,[],[],[],"[""2025-10-07T06:45:00.000""]","[""2165448"", ""2165449""]","[""REAR-RIGHT-CORNER"", ""SIDE-RIGHT-REAR""]","[""IL"", ""WI""]","[""BLUEBIRD INTERNATIONAL"", ""NISSAN""]","[""PASSING/OVERTAKING"", ""STRAIGHT AHEAD""]","[""FRONTIER"", ""OTHER (EXPLAIN IN NARRATIVE)""]","[""1""]","[""W""]","[""1"", ""2""]","[""DRIVER""]","[""NONE""]","[""2064220"", ""2064232""]","[""BUS OVER 15 PASS."", ""PICKUP""]","[""PERSONAL"", ""SCHOOL BUS""]","[""2012"", ""2018""]",[],"[""Y""]",[],[],[],"[""Y""]",[],[],[],[],[],[],[],"[""Y""]",[],[],"['64', '77']","[""DID NOT DEPLOY""]","[""TEST NOT OFFERED""]","[""NILES"", ""SKOKIE""]","[""2025-10-07T06:45:00.000""]","[""FAILED TO YIELD"", ""NONE""]","[""NOT OBSCURED""]","[""B"", ""D""]","[""IL""]","[""NONE""]",[],"[""O2165448"", ""O2165449""]","[""DRIVER""]","[""NORMAL""]","[""SAFETY BELT USED""]","[""M""]","[""IL""]","[""2064220"", ""2064232""]","[""60077"", ""60714""]",[],[],[],[],[],[],2025,10,6,7,False,night,41.98,-87.75,41.98_-87.75,70.5,64,77,FAILURE-TO-YIELD,0
STRAIGHT AND LEVEL,932,2025-10-07 06:45:00,3,6,10,6ACA10CFFBB51367CA71234C205305AAEFAB1E2E6E03A29E73C3FBFF5F435016AA6B52F546160D6FB99E1B4966B8A02186C533DF89B1C383E69217322D9CD1C2,NO INJURY / DRIVE AWAY,"OVER $1,500",NO CONTROLS,SIDESWIPE SAME DIRECTION,41.7939330022,DAYLIGHT,-87.6831437546,2,30,DRIVING SKILLS/KNOWLEDGE/EXPERIENCE,UNKNOWN,WET,UNABLE TO DETERMINE,W,2350,TRAFFIC SIGNAL,NOT DIVIDED,RAIN,0.0,1.0,1.0,0.0,0.0,1.0,1,1,[],[],[],"[""2025-10-07T06:45:00.000""]","[""2165349"", ""2165350""]","[""REAR-RIGHT-CORNER"", ""SIDE-LEFT-REAR""]","[""IL""]","[""FORD"", ""UNKNOWN""]","[""STRAIGHT AHEAD"", ""UNKNOWN/NA""]","[""EDGE"", ""OTHER (EXPLAIN IN NARRATIVE)""]","[""1""]","[""E"", ""UNKNOWN""]","[""1"", ""2""]","[""DRIVER""]","[""NONE"", ""UNKNOWN""]","[""2064124"", ""2064129""]","[""SPORT UTILITY VEHICLE (SUV)"", ""UNKNOWN/NA""]","[""PERSONAL"", ""UNKNOWN/NA""]","[""2022""]",[],[],[],[],[],"[""Y""]",[],[],[],[],[],[],[],"[""Y""]",[],[],['74'],"[""DEPLOYMENT UNKNOWN"", ""NOT APPLICABLE""]","[""TEST NOT OFFERED""]","[""CHICAGO""]","[""2025-10-07T06:45:00.000""]","[""FAILED TO YIELD"", ""NONE""]","[""UNKNOWN""]","[""D""]","[""IL""]","[""NONE""]",[],"[""O2165349"", ""O2165350""]","[""DRIVER""]","[""NORMAL"", ""UNKNOWN""]","[""SAFETY BELT USED"", ""USAGE UNKNOWN""]","[""X""]","[""IL""]","[""2064124"", ""2064129""]","[""60615""]",[],[],[],[],[],[],2025,10,6,7,False,night,41.79,-87.68,41.79_-87.68,74.0,74,74,OTHER,0
STRAIGHT AND LEVEL,133,2025-10-07 06:44:00,3,6,10,9DC05AEA09C6A917FC8C16218F4D20513B05DC0915C91EC1EF72C4F100F796830C9C41E01431821D60724DD67BAC5B058D404FD25A8378D41CB10CCA607E110A,INJURY AND / OR TOW DUE TO CRASH,"OVER $1,500",FUNCTIONING PROPERLY,PEDESTRIAN,41.838528605,DAWN,-87.6175093603,2,30,UNABLE TO DETERMINE,NO DEFECTS,WET,UNABLE TO DETERMINE,E,366,TRAFFIC SIGNAL,FOUR WAY,RAIN,0.0,0.0,0.0,0.0,0.0,1.0,2,2,"[""Y""]","[""Y""]",[],"[""2025-10-07T06:44:00.000""]","[""2165205"", ""2165206""]","[""SIDE-RIGHT""]","[""IL""]","[""KIA""]","[""STRAIGHT AHEAD""]","[""OTHER (EXPLAIN IN NARRATIVE)""]","[""1""]","[""S""]","[""1"", ""2""]","[""DRIVER"", ""PEDESTRIAN""]","[""NONE""]","[""2063992""]","[""PASSENGER""]","[""PERSONAL""]","[""2015""]",[],[],[],[],[],[],[],[],[],[],[],[],[],[],[],[],"['42', '46']","[""DID NOT DEPLOY""]","[""TEST NOT OFFERED""]","[""CHICAGO""]","[""2025-10-07T06:44:00.000""]","[""DISREGARDED CONTROL DEVICES"", ""UNKNOWN""]","[""UNKNOWN""]","[""D""]","[""IL""]","[""NONE""]","[""INSIGHT""]","[""O2165205"", ""O2165206""]","[""DRIVER"", ""PEDESTRIAN""]","[""NORMAL"", ""REMOVED BY EMS""]","[""USAGE UNKNOWN""]","[""M""]","[""IL""]","[""2063992""]","[""60626"", ""60653""]","[""AMB#4""]",[],"[""CROSSING - AGAINST SIGNAL""]","[""IN CROSSWALK""]","[""NO CONTRASTING CLOTHING""]",[],2025,10,6,7,False,night,41.84,-87.62,41.84_-87.62,44.0,42,46,OTHER,1
STRAIGHT AND LEVEL,912,2025-10-07 06:40:00,3,6,10,20008636D0B7B94D523A5B0AA9463D3B9CEA4463A2AB189C3CF2C79478BCDB349383ABE1A8684FD70F25E633199B72D4CE718813862DE8EF279130239A5A25C1,NO INJURY / DRIVE AWAY,"$501 - $1,500",FUNCTIONING PROPERLY,REAR END,41.8341365965,DAYLIGHT,-87.6657982672,2,30,UNABLE TO DETERMINE,NO DEFECTS,DRY,NOT APPLICABLE,S,3300,TRAFFIC SIGNAL,NOT DIVIDED,CLEAR,0.0,0.0,0.0,0.0,0.0,1.0,1,1,[],[],"[""Y""]","[""2025-10-07T06:40:00.000""]","[""2165188"", ""2165189""]","[""FRONT"", ""UNKNOWN""]","[""IL""]","[""GENERAL MOTORS CORPORATION (GMC)"", ""LEXUS""]","[""STRAIGHT AHEAD""]","[""IS350"", ""YUKON""]","[""1""]","[""N""]","[""1"", ""2""]","[""DRIVER""]","[""NONE""]","[""2063980"", ""2063981""]","[""PASSENGER""]","[""PERSONAL""]","[""2003"", ""2005""]",[],[],[],[],[],[],"[""Y""]",[],[],[],[],[],[],[],[],[],['53'],"[""DEPLOYMENT UNKNOWN"", ""NOT APPLICABLE""]","[""TEST NOT OFFERED""]","[""CHICAGO""]","[""2025-10-07T06:40:00.000""]","[""NONE""]","[""NOT OBSCURED"", ""UNKNOWN""]","[""D""]","[""IL""]","[""NONE""]",[],"[""O2165188"", ""O2165189""]","[""DRIVER""]","[""NORMAL"", ""UNKNOWN""]","[""SAFETY BELT USED"", ""USAGE UNKNOWN""]","[""F"", ""M""]","[""IL""]","[""2063980"", ""2063981""]","[""60609""]",[],[],[],[],[],[],2025,10,6,7,False,night,41.83,-87.67,41.83_-87.67,53.0,53,53,OTHER,0