alignment,beat_of_occurrence,crash_date,crash_day_of_week,crash_hour,crash_month,crash_record_id,crash_type,damage,device_condition,first_crash_type,latitude,lighting_condition,longitude,num_units,posted_speed_limit,prim_contributory_cause,road_defect,roadway_surface_cond,sec_contributory_cause,street_direction,street_no,traffic_control_device,trafficway_type,weather_condition,private_property_i,hit_and_run_i,intersection_related_i,crash_date_est_i,work_zone_i,workers_present_i,veh_count,ppl_count,veh_area_01_i_list_json,veh_area_02_i_list_json,veh_area_12_i_list_json,veh_crash_date_list_json,veh_crash_unit_id_list_json,veh_first_contact_point_list_json,veh_lic_plate_state_list_json,veh_make_list_json,veh_maneuver_list_json,veh_model_list_json,veh_occupant_cnt_list_json,veh_travel_direction_list_json,veh_unit_no_list_json,veh_unit_type_list_json,veh_vehicle_defect_list_json,veh_vehicle_id_list_json,veh_vehicle_type_list_json,veh_vehicle_use_list_json,veh_vehicle_year_list_json,veh_area_03_i_list_json,veh_area_04_i_list_json,veh_area_11_i_list_json,veh_towed_by_list_json,veh_towed_i_list_json,veh_area_07_i_list_json,veh_area_99_i_list_json,veh_area_09_i_list_json,veh_area_10_i_list_json,veh_cmrc_veh_i_list_json,veh_num_passengers_list_json,veh_area_08_i_list_json,veh_area_00_i_list_json,veh_area_05_i_list_json,veh_area_06_i_list_json,veh_towed_to_list_json,ppl_age_list_json,ppl_airbag_deployed_list_json,ppl_bac_result_list_json,ppl_city_list_json,ppl_crash_date_list_json,ppl_driver_action_list_json,ppl_driver_vision_list_json,ppl_drivers_license_class_list_json,ppl_drivers_license_state_list_json,ppl_ejection_list_json,ppl_hospital_list_json,ppl_person_id_list_json,ppl_person_type_list_json,ppl_physical_condition_list_json,ppl_safety_equipment_list_json,ppl_sex_list_json,ppl_state_list_json,ppl_vehicle_id_list_json,ppl_zipcode_list_json,ppl_ems_agency_list_json,ppl_seat_no_list_json,ppl_pedpedal_action_list_json,ppl_pedpedal_location_list_json,ppl_pedpedal_visibility_list_json,ppl_ems_run_no_list_json,year,month,hour,day,is_weekend,hour_bin,lat_bin,lng_bin,grid_id,ppl_age_mean,ppl_age_min,ppl_age_max,prim_contributory_cause_group,ksi_flag
STRAIGHT AND LEVEL,1623,2025-10-07 06:30:00,3,6,10,E900ACCF29C5C427020DF32A2822AA69735C18C3A2268EA6AE8CC909A7741F231050C03B557F9E1C74A47E4B9705F9EAE2FF5D23FC984BB70952374C06F31966,NO INJURY / DRIVE AWAY,"OVER $1,500",FUNCTIONING PROPERLY,REAR END,41.9751071445,DAWN,-87.7579940091,2,30,FOLLOWING TOO CLOSELY,NO DEFECTS,WET,FOLLOWING TOO CLOSELY,W,5205,TRAFFIC SIGNAL,NOT DIVIDED,RAIN,0.0,0.0,0.0,0.0,0.0,1.0,1,2,[],[],"[""Y""]","[""2025-10-07T06:30:00.000""]","[""2165193"", ""2165194""]","[""FRONT"", ""REAR""]","[""IL""]","[""CHRYSLER"", ""HONDA""]","[""SLOW/STOP IN TRAFFIC"", ""STRAIGHT AHEAD""]","[""CIVIC"", ""PACIFICA""]","[""1""]","[""E""]","[""1"", ""2""]","[""DRIVER""]","[""NONE"", ""UNKNOWN""]","[""2063984"", ""2063985""]","[""PASSENGER"", ""VAN/MINI-VAN""]","[""PERSONAL""]","[""2009"", ""2022""]",[],[],[],[],[],[],[],[],[],[],[],[],[],[],"[""Y""]",[],"['24', '30']","[""NOT APPLICABLE""]","[""TEST NOT OFFERED""]","[""DES PLAINES"", ""SCHAUMBURG""]","[""2025-10-07T06:30:00.000""]","[""FOLLOWED TOO CLOSELY"", ""NONE""]","[""NOT OBSCURED"", ""UNKNOWN""]","[""D""]","[""IL""]","[""NONE""]",[],"[""O2165193"", ""O2165194""]","[""DRIVER""]","[""NORMAL""]","[""SAFETY BELT USED""]","[""M""]","[""IL""]","[""2063984"", ""2063985""]","[""60016"", ""60194""]",[],[],[],[],[],[],2025,10,6,7,False,night,41.98,-87.76,41.98_-87.76,27.0,24,30,FOLLOWING TOO CLOSELY,0
STRAIGHT AND LEVEL,1114,2025-10-07 06:30:00,3,6,10,4CF8E1C803B0F3458D7E7B76DC01BB98AC656AAAA3C2A1EEEA45E74172052D9D1D097C3D79FA68E0F48256ABEEC1AA3103E7B687B1B91DFCC5B2579B481087FE,INJURY AND / OR TOW DUE TO CRASH,"OVER $1,500",FUNCTIONING PROPERLY,REAR END,41.8858313655,DUSK,-87.730362142,2,30,UNABLE TO DETERMINE,NO DEFECTS,WET,NOT APPLICABLE,W,4152,TRAFFIC SIGNAL,DIVIDED - W/MEDIAN (NOT RAISED),RAIN,0.0,0.0,1.0,0.0,0.0,1.0,1,2,[],[],"[""Y""]","[""2025-10-07T06:30:00.000""]","[""2165220"", ""2165221""]","[""FRONT"", ""REAR""]","[""IL""]","[""MERCEDES-BENZ"", ""TOYOTA""]","[""SLOW/STOP IN TRAFFIC"", ""STRAIGHT AHEAD""]","[""COROLLA"", ""GLC""]","[""1"", ""2""]","[""W""]","[""1"", ""2""]","[""DRIVER""]","[""NONE""]","[""2064016"", ""2064024""]","[""PASSENGER"", ""SPORT UTILITY VEHICLE (SUV)""]","[""PERSONAL""]","[""2005"", ""2017""]",[],[],[],"[""CITY OF CHICAGO #067064""]","[""Y""]",[],[],[],[],[],"[""1""]",[],[],[],"[""Y""]","[""POUND 6""]","['24', '39']","[""DID NOT DEPLOY""]","[""TEST NOT OFFERED""]","[""CHICAGO"", ""OAK PARK""]","[""2025-10-07T06:30:00.000""]","[""NONE"", ""UNKNOWN""]","[""NOT OBSCURED""]","[""D""]","[""IL""]","[""NONE""]","[""REFUSED""]","[""O2165220"", ""O2165221"", ""P477834""]","[""DRIVER"", ""PASSENGER""]","[""NORMAL""]","[""USAGE UNKNOWN""]","[""M""]","[""IL""]","[""2064016"", ""2064024""]","[""60302"", ""60611""]",[],"[""3""]",[],[],[],[],2025,10,6,7,False,night,41.89,-87.73,41.89_-87.73,31.5,24,39,OTHER,0
STRAIGHT AND LEVEL,1623,2025-10-07 06:28:00,3,6,10,586B6F1C5A04831DA6F43465CCFD89C002284F727246F2E09F69B80E0E1B1D3B357FA099770C95CE9FB16BD9B9B53478943FD57D0F145E3781A9D12435427DC8,INJURY AND / OR TOW DUE TO CRASH,"OVER $1,500",FUNCTIONING PROPERLY,TURNING,41.9764068384,DAWN,-87.7683260379,2,30,FAILING TO YIELD RIGHT-OF-WAY,NO DEFECTS,WET,NOT APPLICABLE,N,5233,TRAFFIC SIGNAL,FOUR WAY,RAIN,0.0,0.0,1.0,0.0,0.0,1.0,1,2,"[""Y""]","[""Y""]","[""Y""]","[""2025-10-07T06:28:00.000""]","[""2165409"", ""2165410""]","[""FRONT""]","[""IL""]","[""HONDA"", ""NISSAN""]","[""STRAIGHT AHEAD"", ""TURNING LEFT""]","[""ALTIMA"", ""CIVIC""]","[""1""]","[""N"", ""S""]","[""1"", ""2""]","[""DRIVER""]","[""NONE""]","[""2064181"", ""2064185""]","[""PASSENGER""]","[""PERSONAL""]","[""2014"", ""2020""]","[""Y""]",[],"[""Y""]","[""unknown""]","[""Y""]",[],[],"[""Y""]","[""Y""]",[],[],[],[],[],[],[],"['29', '57']","[""DEPLOYED, COMBINATION""]","[""TEST NOT OFFERED""]","[""CHICAGO"", ""SCHAUMBURG""]","[""2025-10-07T06:28:00.000""]","[""FAILED TO YIELD"", ""NONE""]","[""NOT OBSCURED""]","[""D""]","[""IL""]","[""NONE""]","[""COMMUNITY FIRST"", ""LUTHERAN GENERAL""]","[""O2165409"", ""O2165410""]","[""DRIVER""]","[""NORMAL""]","[""SAFETY BELT USED""]","[""M""]","[""IL""]","[""2064181"", ""2064185""]","[""60193"", ""60623""]","[""CFD AMB 46"", ""CFD AMB 47""]",[],[],[],[],[],2025,10,6,7,False,night,41.98,-87.77,41.98_-87.77,43.0,29,57,FAILURE-TO-YIELD,1
STRAIGHT AND LEVEL,1623,2025-10-07 06:25:00,3,6,10,56C81AF7CD6D0DBDDC05F99B53B884E65357122FC28F219557A78553B5A82770BF090C1F26E1A178635B94ADCA2B4726FA4B1C44AED011F9792C8DD01439B58A,NO INJURY / DRIVE AWAY,"OVER $1,500",FUNCTIONING PROPERLY,REAR END,41.9753567207,"DARKNESS, LIGHTED ROAD",-87.7552227393,2,30,FOLLOWING TOO CLOSELY,NO DEFECTS,WET,DRIVING SKILLS/KNOWLEDGE/EXPERIENCE,W,5098,TRAFFIC SIGNAL,NOT DIVIDED,RAIN,0.0,0.0,0.0,0.0,0.0,1.0,1,2,[],[],"[""Y""]","[""2025-10-07T06:25:00.000""]","[""2165191"", ""2165192""]","[""FRONT"", ""REAR""]","[""IL""]","[""CHRYSLER"", ""HONDA""]","[""SLOW/STOP IN TRAFFIC"", ""STRAIGHT AHEAD""]","[""CIVIC"", ""PACIFICA""]","[""1"", ""2""]","[""SW"", ""W""]","[""1"", ""2""]","[""DRIVER""]","[""NONE""]","[""2063982"", ""2063983""]","[""PASSENGER"", ""VAN/MINI-VAN""]","[""PERSONAL"", ""RIDESHARE SERVICE""]","[""2009"", ""2022""]",[],[],[],[],[],[],[],[],[],[],"[""1""]",[],[],[],"[""Y""]",[],"['24', '30']","[""DID NOT DEPLOY""]","[""TEST NOT OFFERED""]","[""DES PLAINES"", ""SCHAUMBURG""]","[""2025-10-07T06:25:00.000""]","[""FOLLOWED TOO CLOSELY"", ""NONE""]","[""NOT OBSCURED""]","[""D""]","[""IL""]","[""NONE""]",[],"[""O2165191"", ""O2165192"", ""P477828""]","[""DRIVER"", ""PASSENGER""]","[""NORMAL""]","[""SAFETY BELT USED""]","[""M""]","[""IL""]","[""2063982"", ""2063983""]","[""60016"", ""60194""]",[],"[""5""]",[],[],[],[],2025,10,6,7,False,night,41.98,-87.76,41.98_-87.76,27.0,24,30,FOLLOWING TOO CLOSELY,0
STRAIGHT AND LEVEL,2024,2025-10-07 06:18:00,3,6,10,7E4EB393F6D21B936D9B0A8AAA3D6CD6E324C9DD6C18A66496F008BD8962C1343CAAEB131BB76CA9D6CEEE2D54217E4ED4E0BED6F51EE9351D41E84366743B7E,NO INJURY / DRIVE AWAY,$500 OR LESS,NO CONTROLS,SIDESWIPE OPPOSITE DIRECTION,41.9715747501,"DARKNESS, LIGHTED ROAD",-87.6505486993,2,30,UNABLE TO DETERMINE,NO DEFECTS,WET,UNABLE TO DETERMINE,N,4898,NO CONTROLS,NOT DIVIDED,RAIN,0.0,0.0,0.0,0.0,0.0,1.0,1,2,[],[],[],"[""2025-10-07T06:18:00.000""]","[""2165195"", ""2165196""]","[""OTHER""]","[""IL""]","[""GENERAL MOTORS CORPORATION (GMC)"", ""NEW FLYER""]","[""STRAIGHT AHEAD""]","[""OTHER (EXPLAIN IN NARRATIVE)"", ""SIERRA""]","[""1"", ""2""]","[""N"", ""S""]","[""1"", ""2""]","[""DRIVER""]","[""UNKNOWN""]","[""2063991"", ""2063998""]","[""BUS OVER 15 PASS."", ""PICKUP""]","[""CTA"", ""PERSONAL""]","[""2007"", ""2024""]",[],[],[],[],[],[],"[""N""]",[],"[""N""]",[],"[""1""]",[],"[""Y""]",[],[],[],"['53', '54']","[""DID NOT DEPLOY"", ""NOT APPLICABLE""]","[""TEST NOT OFFERED""]","[""CHICAGO""]","[""2025-10-07T06:18:00.000""]","[""UNKNOWN""]","[""UNKNOWN""]","[""BM"", ""D""]","[""IL""]","[""NONE""]",[],"[""O2165195"", ""O2165196"", ""P477832""]","[""DRIVER"", ""PASSENGER""]","[""NORMAL""]","[""USAGE UNKNOWN""]","[""M""]","[""IL""]","[""2063991"", ""2063998""]","[""60625"", ""60659""]",[],"[""3""]",[],[],[],[],2025,10,6,7,False,night,41.97,-87.65,41.97_-87.65,53.5,53,54,OTHER,0
STRAIGHT AND LEVEL,1833,2025-10-07 06:15:00,3,6,10,59F0E33A9586D2CD8C6E9EC0818AB20DD920B88B244C0B4D7FBCE566EAFEB0C983D339601D18019F05B6CC663BEDC6722B9D2AF9499B6F98C05C4D8C351B0BB9,NO INJURY / DRIVE AWAY,"OVER $1,500",FUNCTIONING PROPERLY,SIDESWIPE SAME DIRECTION,41.8965440312,DAYLIGHT,-87.6241282724,2,30,PHYSICAL CONDITION OF DRIVER,NO DEFECTS,DRY,NOT APPLICABLE,N,767,TRAFFIC SIGNAL,DIVIDED - W/MEDIAN (NOT RAISED),RAIN,0.0,0.0,0.0,0.0,0.0,1.0,1,2,"[""Y""]",[],"[""Y""]","[""2025-10-07T06:15:00.000""]","[""2165476"", ""2165477""]","[""FRONT"", ""FRONT-LEFT-CORNER""]","[""FL"", ""IN""]","[""MAZDA"", ""TOYOTA""]","[""STRAIGHT AHEAD""]","[""CONSTRUCTION EQUIPMENT"", ""CX-5""]","[""1""]","[""NE""]","[""1"", ""2""]","[""DRIVER""]","[""NONE""]","[""2064244"", ""2064249""]","[""PASSENGER""]","[""PERSONAL""]","[""2020"", ""2024""]",[],[],"[""Y""]",[],[],[],[],[],"[""Y""]",[],[],[],[],[],[],[],"['31', '47']","[""NOT APPLICABLE""]","[""TEST NOT OFFERED""]","[""CHICAGO"", ""VALPARAISO""]","[""2025-10-07T06:15:00.000""]","[""NONE""]","[""NOT OBSCURED""]","[""D""]","[""IL"", ""IN""]","[""NONE""]",[],"[""O2165476"", ""O2165477""]","[""DRIVER""]","[""NORMAL""]","[""SAFETY BELT USED""]","[""F""]","[""IL"", ""IN""]","[""2064244"", ""2064249""]","[""46385"", ""60653""]",[],[],[],[],[],[],2025,10,6,7,False,night,41.9,-87.62,41.9_-87.62,39.0,31,47,OTHER,0
STRAIGHT AND LEVEL,121,2025-10-07 06:12:00,3,6,10,079FA15031FD2FF3C93C5494C118DD9635C0E73659F09B23FE3EA84FAB96BC391796C0306C3F8482ADA296E5E8848E862CF986956D89ABB86F105EC26152DAA0,NO INJURY / DRIVE AWAY,"$501 - $1,500",FUNCTIONING PROPERLY,TURNING,41.8792394731,"DARKNESS, LIGHTED ROAD",-87.6427230509,2,30,IMPROPER LANE USAGE,NO DEFECTS,WET,IMPROPER LANE USAGE,S,200,TRAFFIC SIGNAL,ONE-WAY,RAIN,0.0,0.0,0.0,0.0,0.0,1.0,1,1,"[""Y""]",[],"[""Y""]","[""2025-10-07T06:12:00.000""]","[""2165784"", ""2165785""]","[""FRONT-RIGHT-CORNER"", ""SIDE-LEFT""]","[""IL""]","[""CHEVROLET"", ""LEXUS""]","[""STRAIGHT AHEAD"", ""TURNING LEFT""]","[""ES300"", ""TRAX""]","[""1""]","[""N""]","[""1"", ""2""]","[""DRIVER""]","[""NONE""]","[""2064542"", ""2064543""]","[""PASSENGER"", ""SPORT UTILITY VEHICLE (SUV)""]","[""PERSONAL"", ""UNKNOWN/NA""]","[""2004"", ""2019""]",[],[],[],[],[],[],[],"[""Y""]",[],[],[],[],[],[],[],[],['55'],"[""DEPLOYMENT UNKNOWN"", ""DID NOT DEPLOY""]","[""TEST NOT OFFERED""]","[""CHICAGO""]","[""2025-10-07T06:12:00.000""]","[""NONE"", ""OTHER""]","[""NOT OBSCURED"", ""UNKNOWN""]","[""DM""]","[""IL""]","[""NONE""]",[],"[""O2165784"", ""O2165785""]","[""DRIVER""]","[""NORMAL"", ""UNKNOWN""]","[""SAFETY BELT USED"", ""USAGE UNKNOWN""]","[""M""]","[""IL""]","[""2064542"", ""2064543""]","[""60623""]",[],[],[],[],[],[],2025,10,6,7,False,night,41.88,-87.64,41.88_-87.64,55.0,55,55,OTHER,0
STRAIGHT AND LEVEL,1921,2025-10-07 06:05:00,3,6,10,498751E6E2E374A30F1755DC80423232EAAF096F03B11CBC971A6241796A075FB4C86895328D52202BA6C48B0436C651D1A20789EB656F5F80A0C09D60C281D3,NO INJURY / DRIVE AWAY,"OVER $1,500",FUNCTIONING PROPERLY,TURNING,41.9468763096,DAYLIGHT,-87.6884078599,2,20,FAILING TO YIELD RIGHT-OF-WAY,NO DEFECTS,WET,IMPROPER LANE USAGE,N,3602,TRAFFIC SIGNAL,FOUR WAY,RAIN,0.0,0.0,1.0,0.0,0.0,1.0,1,2,"[""Y""]","[""Y""]","[""Y""]","[""2025-10-07T06:05:00.000""]","[""2165330"", ""2165331""]","[""FRONT"", ""SIDE-RIGHT-REAR""]","[""IL""]","[""CADILLAC"", ""JEEP""]","[""STRAIGHT AHEAD"", ""TURNING LEFT""]","[""ESCALADE"", ""RENEGADE""]","[""1""]","[""NE"", ""W""]","[""1"", ""2""]","[""DRIVER""]","[""NONE""]","[""2064102"", ""2064116""]","[""OTHER"", ""SPORT UTILITY VEHICLE (SUV)""]","[""PERSONAL""]","[""2017"", ""2024""]","[""Y""]","[""Y""]","[""N"", ""Y""]",[],[],[],[],[],[],[],[],[],[],"[""Y""]",[],[],"['34', '41']","[""DEPLOYED, FRONT""]","[""TEST NOT OFFERED""]","[""NAPERVILLE"", ""ROCKFORD""]","[""2025-10-07T06:05:00.000""]","[""FAILED TO YIELD""]","[""NOT OBSCURED""]","[""D""]","[""IL""]","[""NONE""]",[],"[""O2165330"", ""O2165331""]","[""DRIVER""]","[""NORMAL""]","[""SAFETY BELT USED""]","[""M""]","[""IL""]","[""2064102"", ""2064116""]","[""60565"", ""61114""]",[],[],[],[],[],[],2025,10,6,7,False,night,41.95,-87.69,41.95_-87.69,37.5,34,41,FAILURE-TO-YIELD,0
STRAIGHT AND LEVEL,2523,2025-10-07 06:00:00,3,6,10,850EE752AC6BDFB14EAA61E7D4F206714C41E29094D4D71BDA50E811F4E5FBA71F5BE3EF31E0F0956335D9199E02CB1A24C7851DFD6CB0A84937CAB818A1BB8A,NO INJURY / DRIVE AWAY,"OVER $1,500",NO CONTROLS,REAR END,41.9330751307,DAYLIGHT,-87.7271612224,2,30,FOLLOWING TOO CLOSELY,UNKNOWN,WET,UNABLE TO DETERMINE,N,2842,NO CONTROLS,DIVIDED - W/MEDIAN (NOT RAISED),CLEAR,0.0,0.0,0.0,0.0,0.0,1.0,1,2,[],[],"[""Y""]","[""2025-10-07T06:00:00.000""]","[""2165234"", ""2165235""]","[""FRONT"", ""REAR""]","[""IL""]","[""HONDA"", ""TOYOTA""]","[""STRAIGHT AHEAD""]","[""ACCORD"", ""CAMRY""]","[""1""]","[""S""]","[""1"", ""2""]","[""DRIVER""]","[""UNKNOWN""]","[""2064025"", ""2064036""]","[""PASSENGER""]","[""PERSONAL""]","[""2002"", ""2014""]",[],[],[],[],[],[],[],[],[],[],[],[],[],[],"[""N"", ""Y""]",[],"['29', '38']","[""DEPLOYMENT UNKNOWN"", ""NOT APPLICABLE""]","[""TEST NOT OFFERED""]","[""CHICAGO"", ""SKOKIE""]","[""2025-10-07T06:00:00.000""]","[""FOLLOWED TOO CLOSELY"", ""OTHER""]","[""UNKNOWN""]","[""D""]","[""IL""]","[""NONE""]",[],"[""O2165234"", ""O2165235""]","[""DRIVER""]","[""NORMAL"", ""UNKNOWN""]","[""SAFETY BELT USED""]","[""M""]","[""IL""]","[""2064025"", ""2064036""]","[""60077"", ""60618""]",[],[],[],[],[],[],2025,10,6,7,False,night,41.93,-87.73,41.93_-87.73,33.5,29,38,FOLLOWING TOO CLOSELY,0
STRAIGHT AND LEVEL,1512,2025-10-07 06:00:00,3,6,10,1A96158DE00FEBAF88CADC0D80C2DBAF689D03EBD5AA4106162B7AD6730BE03E7384E7B5ADDE02B53E506485E2FC887A256C12525C327ED1B008CA8E55C4AE4D,INJURY AND / OR TOW DUE TO CRASH,"OVER $1,500",NO CONTROLS,PEDESTRIAN,41.8876192006,DAWN,-87.7651840954,2,30,UNABLE TO DETERMINE,UNKNOWN,DRY,NOT APPLICABLE,W,5601,NO CONTROLS,NOT DIVIDED,CLEAR,0.0,0.0,0.0,0.0,0.0,1.0,2,1,[],[],[],"[""2025-10-07T06:00:00.000""]","[""2170999"", ""2171000""]","[""UNKNOWN""]","[""IL""]","[""UNKNOWN""]","[""TURNING LEFT""]","[""OTHER (EXPLAIN IN NARRATIVE)""]","[""1""]","[""UNKNOWN""]","[""1"", ""2""]","[""DRIVER"", ""PEDESTRIAN""]","[""UNKNOWN""]","[""2069489""]","[""PASSENGER""]","[""UNKNOWN/NA""]",[],[],[],[],[],[],[],"[""Y""]",[],[],[],[],[],[],[],[],[],['31'],"[""DEPLOYMENT UNKNOWN""]","[""TEST NOT OFFERED""]","[""CHICAGO""]","[""2025-10-07T06:00:00.000""]","[""UNKNOWN""]","[""UNKNOWN""]",[],[],"[""NONE""]","[""WEST SUBURBAN""]","[""O2170999"", ""O2171000""]","[""DRIVER"", ""PEDESTRIAN""]","[""UNKNOWN""]","[""SAFETY BELT NOT USED"", ""USAGE UNKNOWN""]","[""M"", ""X""]","[""IL""]","[""2069489""]","[""60644""]",[],[],"[""UNKNOWN/NA""]","[""UNKNOWN/NA""]","[""NO CONTRASTING CLOTHING""]",[],2025,10,6,7,False,night,41.89,-87.77,41.89_-87.77,31.0,31,31,OTHER,1
STRAIGHT AND LEVEL,123,2025-10-07 06:00:00,3,6,10,08CE347DB60675B0FC31DD687779847414202EED822225DB1B19AE9FFB547EF96761430D6A40473CEE071518EBCD7C23CD1A835EB692973459A5B3E4DD64151B,NO INJURY / DRIVE AWAY,$500 OR LESS,NO CONTROLS,FIXED OBJECT,41.8744890567,DAWN,-87.6273652954,1,30,UNABLE TO DETERMINE,"RUT, HOLES",WET,UNABLE TO DETERMINE,E,12,NO CONTROLS,NOT DIVIDED,RAIN,0.0,0.0,0.0,0.0,0.0,1.0,1,1,[],[],"[""Y""]","[""2025-10-07T06:00:00.000""]","[""2165342""]","[""FRONT""]","[""IL""]","[""TOYOTA""]","[""STRAIGHT AHEAD""]","[""RAV4""]","[""1""]","[""W""]","[""1""]","[""DRIVER""]","[""NONE""]","[""2064121""]","[""PASSENGER""]","[""TAXI/FOR HIRE""]","[""2016""]",[],[],"[""N""]",[],[],[],[],[],[],[],[],[],[],[],[],[],['62'],"[""DID NOT DEPLOY""]","[""TEST NOT OFFERED""]","[""CHICAGO""]","[""2025-10-07T06:00:00.000""]","[""UNKNOWN""]","[""NOT OBSCURED""]","[""D""]","[""IL""]","[""NONE""]",[],"[""O2165342""]","[""DRIVER""]","[""NORMAL""]","[""SAFETY BELT USED""]","[""M""]","[""IL""]","[""2064121""]","[""60653""]",[],[],[],[],[],[],2025,10,6,7,False,night,41.87,-87.63,41.87_-87.63,62.0,62,62,OTHER,0
STRAIGHT AND LEVEL,624,2025-10-07 06:00:00,3,6,10,9CC95F41715500248E9BA17CEBD3F009A454EEF001DA124455EB1C4A756A649595B74B1898656741CDA5E8BB7D5734F6497062B3B6F00BBF105CF37ED2F75481,NO INJURY / DRIVE AWAY,"OVER $1,500",NO CONTROLS,PARKED MOTOR VEHICLE,41.7534298934,DAWN,-87.6148633851,2,20,UNABLE TO DETERMINE,NO DEFECTS,WET,FAILING TO REDUCE SPEED TO AVOID CRASH,S,7745,NO CONTROLS,NOT DIVIDED,RAIN,0.0,1.0,0.0,1.0,0.0,1.0,2,0,[],[],[],"[""2025-10-07T06:00:00.000""]","[""2165214"", ""2165215""]","[""SIDE-LEFT"", ""UNKNOWN""]","[""IL""]","[""MAZDA"", ""UNKNOWN""]","[""PARKED IN TRAFFIC LANE"", ""UNKNOWN/NA""]","[""626"", ""OTHER (EXPLAIN IN NARRATIVE)""]","[""0"", ""1""]","[""N"", ""UNKNOWN""]","[""1"", ""2""]","[""DRIVER"", ""PARKED""]","[""NONE"", ""UNKNOWN""]","[""2063995"", ""2064009""]","[""PASSENGER"", ""UNKNOWN/NA""]","[""PERSONAL"", ""UNKNOWN/NA""]","[""2019""]",[],[],"[""Y""]",[],[],[],[],"[""Y""]","[""Y""]",[],[],"[""Y""]",[],[],[],[],[],"[""DEPLOYMENT UNKNOWN""]","[""TEST NOT OFFERED""]",[],"[""2025-10-07T06:00:00.000""]","[""FAILED TO YIELD""]","[""UNKNOWN""]",[],[],"[""UNKNOWN""]",[],"[""O2165214""]","[""DRIVER""]","[""UNKNOWN""]","[""USAGE UNKNOWN""]","[""X""]",[],"[""2063995""]",[],[],[],[],[],[],[],2025,10,6,7,False,night,41.75,-87.61,41.75_-87.61,0.0,0,0,OTHER,0
STRAIGHT AND LEVEL,621,2025-10-07 06:00:00,3,6,10,E1CA1362A2A17E0A93A25C77FECC0C4CE0C45C98DA35726248AEFFC6599B5682D8D87294B5BE6214B5B36D7A8E7FCBB3C05E6A0BB1CB342F6CB1C88946726871,INJURY AND / OR TOW DUE TO CRASH,"OVER $1,500",NO CONTROLS,HEAD ON,41.7561237182,"DARKNESS, LIGHTED ROAD",-87.637015693,2,30,DRIVING ON WRONG SIDE/WRONG WAY,UNKNOWN,WET,NOT APPLICABLE,S,7600,NO CONTROLS,DIVIDED - W/MEDIAN (NOT RAISED),RAIN,0.0,0.0,0.0,0.0,0.0,1.0,1,3,"[""Y""]",[],"[""Y""]","[""2025-10-07T06:00:00.000""]","[""2165185"", ""2165186""]","[""FRONT""]","[""IL"", ""IN""]","[""FORD"", ""JEEP""]","[""DRIVING WRONG WAY"", ""STRAIGHT AHEAD""]","[""FUSION"", ""WAGONEER""]","[""1"", ""2""]","[""E"", ""W""]","[""1"", ""2""]","[""DRIVER""]","[""UNKNOWN""]","[""2064041"", ""2064067""]","[""PASSENGER""]","[""PERSONAL""]","[""2010"", ""2015""]",[],[],"[""Y""]","[""Personal TOW""]","[""Y""]",[],[],[],[],[],"[""1""]",[],"[""N""]",[],[],"[""UNKNOWN""]","['19', '37', '64']","[""DEPLOYED, FRONT"", ""NOT APPLICABLE""]","[""TEST NOT OFFERED""]","[""CHICAGO""]","[""2025-10-07T06:00:00.000""]","[""UNKNOWN"", ""WRONG WAY/SIDE""]","[""UNKNOWN""]",[],"[""IL""]","[""NONE""]","[""ST.BERNARD""]","[""O2165185"", ""O2165186"", ""P477835""]","[""DRIVER"", ""PASSENGER""]","[""NORMAL"", ""UNKNOWN""]","[""USAGE UNKNOWN""]","[""F"", ""M""]","[""IL"", ""IN""]","[""2064041"", ""2064067""]","[""60620"", ""60621""]","[""14""]","[""2""]",[],[],[],[],2025,10,6,7,False,night,41.76,-87.64,41.76_-87.64,40.0,19,64,OTHER,1
STRAIGHT AND LEVEL,1223,2025-10-07 05:55:00,3,5,10,164158B7DAB5A866F1A653DD9AD3A50EC2F00F415E6726DED56A1DCE4A7322D9EE293303E8A3BB877EAA0E785D72A92477BD076676F80E2974F683D007641D25,NO INJURY / DRIVE AWAY,"OVER $1,500",NO CONTROLS,REAR END,41.8830406044,DAYLIGHT,-87.6863387456,2,30,IMPROPER BACKING,NO DEFECTS,DRY,NOT APPLICABLE,N,101,NO CONTROLS,PARKING LOT,CLEAR,1.0,1.0,0.0,0.0,0.0,1.0,1,1,[],[],[],"[""2025-10-07T05:55:00.000""]","[""2165711"", ""2165712""]","[""FRONT-LEFT-CORNER"", ""REAR""]","[""IL""]","[""DODGE"", ""VOLKSWAGEN""]","[""BACKING"", ""SLOW/STOP IN TRAFFIC""]","[""DURANGO"", ""PASSAT""]","[""1""]","[""W""]","[""1"", ""2""]","[""DRIVER""]","[""NONE""]","[""2064477"", ""2064483""]","[""PASSENGER"", ""SPORT UTILITY VEHICLE (SUV)""]","[""PERSONAL""]","[""2001"", ""2007""]",[],[],"[""Y""]",[],[],[],"[""Y""]",[],[],[],[],[],[],[],"[""N""]",[],['45'],"[""DEPLOYMENT UNKNOWN"", ""DID NOT DEPLOY""]","[""TEST NOT OFFERED""]","[""CHICAGO""]","[""2025-10-07T05:55:00.000""]","[""IMPROPER BACKING"", ""NONE""]","[""NOT OBSCURED"", ""UNKNOWN""]",[],"[""IL""]","[""NONE""]",[],"[""O2165711"", ""O2165712""]","[""DRIVER""]","[""NORMAL"", ""UNKNOWN""]","[""SAFETY BELT USED"", ""USAGE UNKNOWN""]","[""F"", ""M""]","[""IL""]","[""2064477"", ""2064483""]","[""60629""]",[],[],[],[],[],[],2025,10,5,7,False,night,41.88,-87.69,41.88_-87.69,45.0,45,45,OTHER,0