alignment,beat_of_occurrence,crash_date,crash_day_of_week,crash_hour,crash_month,crash_record_id,crash_type,damage,device_condition,first_crash_type,latitude,lighting_condition,longitude,num_units,posted_speed_limit,prim_contributory_cause,road_defect,roadway_surface_cond,sec_contributory_cause,street_direction,street_no,traffic_control_device,trafficway_type,weather_condition,private_property_i,hit_and_run_i,intersection_related_i,crash_date_est_i,work_zone_i,workers_present_i,veh_count,ppl_count,veh_area_01_i_list_json,veh_area_02_i_list_json,veh_area_12_i_list_json,veh_crash_date_list_json,veh_crash_unit_id_list_json,veh_first_contact_point_list_json,veh_lic_plate_state_list_json,veh_make_list_json,veh_maneuver_list_json,veh_model_list_json,veh_occupant_cnt_list_json,veh_travel_direction_list_json,veh_unit_no_list_json,veh_unit_type_list_json,veh_vehicle_defect_list_json,veh_vehicle_id_list_json,veh_vehicle_type_list_json,veh_vehicle_use_list_json,veh_vehicle_year_list_json,veh_area_03_i_list_json,veh_area_04_i_list_json,veh_area_11_i_list_json,veh_towed_by_list_json,veh_towed_i_list_json,veh_area_07_i_list_json,veh_area_99_i_list_json,veh_area_09_i_list_json,veh_area_10_i_list_json,veh_cmrc_veh_i_list_json,veh_num_passengers_list_json,veh_area_08_i_list_json,veh_area_00_i_list_json,veh_area_05_i_list_json,veh_area_06_i_list_json,veh_towed_to_list_json,ppl_age_list_json,ppl_airbag_deployed_list_json,ppl_bac_result_list_json,ppl_city_list_json,ppl_crash_date_list_json,ppl_driver_action_list_json,ppl_driver_vision_list_json,ppl_drivers_license_class_list_json,ppl_drivers_license_state_list_json,ppl_ejection_list_json,ppl_hospital_list_json,ppl_person_id_list_json,ppl_person_type_list_json,ppl_physical_condition_list_json,ppl_safety_equipment_list_json,ppl_sex_list_json,ppl_state_list_json,ppl_vehicle_id_list_json,ppl_zipcode_list_json,ppl_ems_agency_list_json,ppl_seat_no_list_json,ppl_pedpedal_action_list_json,ppl_pedpedal_location_list_json,ppl_pedpedal_visibility_list_json,ppl_ems_run_no_list_json,year,month,hour,day,is_weekend,hour_bin,lat_bin,lng_bin,grid_id,ppl_age_mean,ppl_age_min,ppl_age_max,prim_contributory_cause_group,ksi_flag
STRAIGHT AND LEVEL,1513,2025-10-07 05:50:00,3,5,10,76599765723BCFBA6C725D0DA8D9669D7B2068A3FE6ECC8EE93A60543B2F828D037AD2AC0CFDA8421949692B595DAA5EBEC1BE829CAD176903E1EE8CE7F02F00,NO INJURY / DRIVE AWAY,"OVER $1,500",NO CONTROLS,REAR END,41.880033142,DAYLIGHT,-87.7745070975,2,30,FAILING TO REDUCE SPEED TO AVOID CRASH,NO DEFECTS,WET,NOT APPLICABLE,S,1,NO CONTROLS,NOT DIVIDED,RAIN,0.0,0.0,0.0,0.0,0.0,1.0,1,1,[],[],[],"[""2025-10-07T05:50:00.000""]","[""2165371"", ""2165372""]","[""FRONT"", ""REAR-LEFT-CORNER""]","[""IL""]","[""FORD"", ""NISSAN""]","[""STRAIGHT AHEAD""]","[""EXPLORER"", ""ROGUE""]","[""1""]","[""N""]","[""1"", ""2""]","[""DRIVER""]","[""NONE""]","[""2064144"", ""2064149""]","[""PASSENGER""]","[""PERSONAL""]","[""2004"", ""2017""]",[],[],[],[],[],"[""Y""]","[""Y""]",[],[],[],[],"[""Y""]",[],[],[],[],['45'],"[""DEPLOYMENT UNKNOWN"", ""NOT APPLICABLE""]","[""TEST NOT OFFERED""]","[""CHICAGO""]","[""2025-10-07T05:50:00.000""]","[""FAILED TO YIELD"", ""NONE""]","[""NOT OBSCURED"", ""UNKNOWN""]",[],"[""IL""]","[""NONE""]",[],"[""O2165371"", ""O2165372""]","[""DRIVER""]","[""NORMAL"", ""UNKNOWN""]","[""SAFETY BELT USED"", ""USAGE UNKNOWN""]","[""F""]","[""IL""]","[""2064144"", ""2064149""]","[""60634""]",[],[],[],[],[],[],2025,10,5,7,False,night,41.88,-87.77,41.88_-87.77,45.0,45,45,SPEEDING,0
STRAIGHT AND LEVEL,2024,2025-10-07 05:40:00,3,5,10,123159DFD29418C2A0F7C35767799281D719D1758B836469A2ED3E38171B9E2C41C24D1D6257C1D92522DF81C83CA5C542FA67D09F1DD68254158252BCFF91AE,INJURY AND / OR TOW DUE TO CRASH,"OVER $1,500",NO CONTROLS,FIXED OBJECT,41.9700032835,DARKNESS,-87.6484594844,2,30,WEATHER,NO DEFECTS,WET,WEATHER,N,4814,OTHER,RAMP,RAIN,0.0,0.0,0.0,0.0,0.0,1.0,1,1,[],[],"[""Y""]","[""2025-10-07T05:40:00.000""]","[""2165190"", ""2167804""]","[""FRONT-LEFT-CORNER""]","[""IL""]","[""VOLKSWAGEN""]","[""TURNING RIGHT""]","[""OTHER (EXPLAIN IN NARRATIVE)""]","[""1""]","[""S""]","[""1""]","[""DRIVER""]","[""UNKNOWN""]","[""2066443""]","[""PASSENGER""]","[""PERSONAL""]","[""2022""]",[],[],"[""Y""]",[],[],[],[],"[""Y""]","[""Y""]",[],[],"[""Y""]",[],[],[],[],['40'],"[""DEPLOYED, FRONT""]","[""TEST NOT OFFERED""]","[""CHICAGO""]","[""2025-10-07T05:40:00.000""]","[""OTHER""]","[""UNKNOWN""]","[""D""]","[""IL""]","[""NONE""]","[""ILLINOIS MASONIC""]","[""O2167804""]","[""DRIVER""]","[""NORMAL""]","[""SAFETY BELT USED""]","[""M""]","[""IL""]","[""2066443""]","[""60660""]","[""31""]",[],[],[],[],[],2025,10,5,7,False,night,41.97,-87.65,41.97_-87.65,40.0,40,40,WEATHER-RELATED,1
STRAIGHT AND LEVEL,313,2025-10-07 05:38:00,3,5,10,DC27ACAC6EF24BB72FA670D8EA0139F582838B403E5E8D65B565EF60E63015CC441D9A7A1BB58AE25D1BE51913550D22A45C92A725B9EB47593D6C78827EC87A,NO INJURY / DRIVE AWAY,"OVER $1,500",NO CONTROLS,REAR END,41.7826395072,UNKNOWN,-87.6073817863,2,30,UNABLE TO DETERMINE,UNKNOWN,UNKNOWN,UNABLE TO DETERMINE,S,6146,NO CONTROLS,NOT DIVIDED,CLEAR,0.0,0.0,0.0,0.0,0.0,1.0,1,2,"[""Y""]",[],"[""Y""]","[""2025-10-07T05:38:00.000""]","[""2165969"", ""2165970""]","[""FRONT"", ""REAR""]","[""IL""]","[""HONDA"", ""LINCOLN""]","[""STRAIGHT AHEAD""]","[""OTHER (EXPLAIN IN NARRATIVE)""]","[""1""]","[""N""]","[""1"", ""2""]","[""DRIVER""]","[""UNKNOWN""]","[""2064716"", ""2064728""]","[""PASSENGER""]","[""PERSONAL""]","[""2007"", ""2020""]",[],[],"[""Y""]",[],[],"[""Y""]",[],[],[],[],[],[],[],"[""Y""]","[""Y""]",[],"['20', '56']","[""NOT APPLICABLE""]","[""TEST NOT OFFERED""]","[""CHICAGO"", ""DES PLAINS""]","[""2025-10-07T05:38:00.000""]","[""UNKNOWN""]","[""UNKNOWN""]","[""D""]","[""IL""]","[""UNKNOWN""]",[],"[""O2165969"", ""O2165970""]","[""DRIVER""]","[""UNKNOWN""]","[""USAGE UNKNOWN""]","[""F"", ""M""]","[""IL""]","[""2064716"", ""2064728""]","[""60016"", ""60629""]",[],[],[],[],[],[],2025,10,5,7,False,night,41.78,-87.61,41.78_-87.61,38.0,20,56,OTHER,0
STRAIGHT AND LEVEL,811,2025-10-07 05:20:00,3,5,10,EC80845A1D9E82DEECFED676977503F7820436FF92F23E5EAA771B5EF1A494AD1C80ADB1611FE54630700CB9712CA6E1BABB64136A0B14989181DF304F958C3E,NO INJURY / DRIVE AWAY,"OVER $1,500",FUNCTIONING PROPERLY,TURNING,41.7926423369,"DARKNESS, LIGHTED ROAD",-87.7624466007,2,30,UNABLE TO DETERMINE,NO DEFECTS,WET,UNABLE TO DETERMINE,S,5500,TRAFFIC SIGNAL,NOT DIVIDED,RAIN,0.0,0.0,0.0,0.0,0.0,1.0,1,3,"[""Y""]","[""Y""]","[""Y""]","[""2025-10-07T05:20:00.000""]","[""2165179"", ""2165180""]","[""FRONT-RIGHT-CORNER"", ""SIDE-RIGHT-REAR""]","[""IL""]","[""CHEVROLET"", ""TOYOTA""]","[""STRAIGHT AHEAD"", ""TURNING LEFT""]","[""CAMRY"", ""SILVERADO""]","[""1"", ""2""]","[""N"", ""SE""]","[""1"", ""2""]","[""DRIVER""]","[""NONE""]","[""2063973"", ""2063974""]","[""PASSENGER"", ""PICKUP""]","[""PERSONAL""]","[""2010"", ""2012""]",[],"[""Y""]","[""Y""]",[],[],[],[],[],[],[],"[""1""]",[],[],"[""Y""]",[],[],"['29', '33', '35']","[""DID NOT DEPLOY""]","[""TEST NOT OFFERED""]","[""CHICAGO""]","[""2025-10-07T05:20:00.000""]","[""NONE"", ""UNKNOWN""]","[""NOT OBSCURED""]","[""D""]","[""IL""]","[""NONE""]",[],"[""O2165179"", ""O2165180"", ""P477824""]","[""DRIVER"", ""PASSENGER""]","[""NORMAL""]","[""SAFETY BELT USED""]","[""M""]","[""IL""]","[""2063973"", ""2063974""]","[""60638"", ""60649""]",[],"[""3""]",[],[],[],[],2025,10,5,7,False,night,41.79,-87.76,41.79_-87.76,32.333333333333336,29,35,OTHER,0
STRAIGHT AND LEVEL,222,2025-10-07 05:09:00,3,5,10,66A11F465A2986332980ACAFB2DB4610F4115568950D6C034257C879F6982E3A28F8CA580656B3DA15CE6025A097BCB04BA61A086872F871DFD2D487EB0C8FA5,INJURY AND / OR TOW DUE TO CRASH,"OVER $1,500",NO CONTROLS,FIXED OBJECT,41.8103557293,DARKNESS,-87.5881743928,1,45,WEATHER,SHOULDER DEFECT,WET,NOT APPLICABLE,S,4719,NO CONTROLS,DIVIDED - W/MEDIAN BARRIER,RAIN,0.0,0.0,0.0,0.0,0.0,1.0,1,1,"[""Y""]",[],"[""Y""]","[""2025-10-07T05:09:00.000""]","[""2165187""]","[""FRONT""]","[""IL""]","[""CHEVROLET""]","[""STRAIGHT AHEAD""]","[""MALIBU""]","[""2""]","[""N""]","[""1""]","[""DRIVER""]","[""UNKNOWN""]","[""2063979""]","[""PASSENGER""]","[""PERSONAL""]","[""2020""]",[],[],"[""Y""]","[""streets and san""]","[""Y""]",[],[],[],[],[],"[""1""]",[],[],[],[],"[""103\\doty""]",['28'],"[""DEPLOYED, FRONT"", ""DID NOT DEPLOY""]","[""TEST NOT OFFERED""]","[""CHICAGO""]","[""2025-10-07T05:09:00.000""]","[""OVERCORRECTED""]","[""UNKNOWN""]","[""D""]","[""IL""]","[""NONE""]",[],"[""O2165187"", ""P477827""]","[""DRIVER"", ""PASSENGER""]","[""EMOTIONAL""]","[""BOOSTER SEAT"", ""USAGE UNKNOWN""]","[""F""]","[""IL""]","[""2063979""]","[""60624""]",[],"[""6""]",[],[],[],[],2025,10,5,7,False,night,41.81,-87.59,41.81_-87.59,28.0,28,28,WEATHER-RELATED,0
STRAIGHT AND LEVEL,1032,2025-10-07 05:09:00,3,5,10,357A0B37E578C1F6DA623F5A9F425078097EC01E745F51071AE05AD59BA85A462FE190102E2A5084CF9369516B30B64982DDE54353043BB5A71FB1673FF9AAA8,INJURY AND / OR TOW DUE TO CRASH,"OVER $1,500",NO CONTROLS,REAR END,41.8335697859,"DARKNESS, LIGHTED ROAD",-87.7048631971,2,30,FAILING TO REDUCE SPEED TO AVOID CRASH,NO DEFECTS,WET,NOT APPLICABLE,S,3274,NO CONTROLS,NOT DIVIDED,RAIN,0.0,0.0,0.0,0.0,0.0,1.0,1,2,[],[],[],"[""2025-10-07T05:09:00.000""]","[""2165172"", ""2165173""]","[""FRONT-LEFT-CORNER"", ""SIDE-LEFT""]","[""IL""]","[""CHEVROLET"", ""LINCOLN""]","[""OTHER"", ""STRAIGHT AHEAD""]","[""EQUINOX"", ""MKS""]","[""1""]","[""S""]","[""1"", ""2""]","[""DRIVER""]","[""NONE""]","[""2063966"", ""2063968""]","[""PASSENGER""]","[""PERSONAL""]","[""2011"", ""2019""]",[],[],"[""Y""]","[""CPD TOW""]","[""Y""]","[""Y""]",[],"[""Y""]","[""Y""]",[],[],"[""Y""]",[],[],[],[],"['18', '51']","[""NOT APPLICABLE""]","[""TEST NOT OFFERED""]","[""CHICAGO""]","[""2025-10-07T05:09:00.000""]","[""NONE"", ""UNKNOWN""]","[""NOT OBSCURED""]","[""C"", ""NA""]","[""IL"", ""XX""]","[""NONE""]",[],"[""O2165172"", ""O2165173""]","[""DRIVER""]","[""NORMAL""]","[""NONE PRESENT""]","[""M""]","[""IL""]","[""2063966"", ""2063968""]","[""60623""]",[],[],[],[],[],[],2025,10,5,7,False,night,41.83,-87.7,41.83_-87.7,34.5,18,51,SPEEDING,0
STRAIGHT AND LEVEL,433,2025-10-07 04:58:00,3,4,10,20A1F4A40E353E7070B8ECEB2F878CB021C244C01C255B79F309A90C72A75FFF2750362D12545763D5DE076CC722E421C0BD0920C0BFF00FFF86E89B976C46D5,INJURY AND / OR TOW DUE TO CRASH,"OVER $1,500",NO CONTROLS,REAR END,41.6592827795,"DARKNESS, LIGHTED ROAD",-87.5594322617,2,30,WEATHER,NO DEFECTS,WET,NOT APPLICABLE,S,12990,OTHER,DIVIDED - W/MEDIAN BARRIER,RAIN,0.0,0.0,0.0,0.0,0.0,1.0,1,2,[],[],"[""Y""]","[""2025-10-07T04:58:00.000""]","[""2165177"", ""2165178""]","[""FRONT"", ""REAR""]","[""IL"", ""IN""]","[""FORD"", ""VOLVO""]","[""SLOW/STOP IN TRAFFIC"", ""STRAIGHT AHEAD""]","[""FUSION"", ""OTHER (EXPLAIN IN NARRATIVE)""]","[""1""]","[""S""]","[""1"", ""2""]","[""DRIVER""]","[""NONE""]","[""2063970"", ""2063975""]","[""PASSENGER"", ""TRACTOR W/O SEMI-TRAILER""]","[""COMMERCIAL - SINGLE UNIT"", ""PERSONAL""]","[""2012"", ""2014""]",[],[],[],[],[],[],[],[],[],"[""Y""]",[],[],[],[],"[""Y""]",[],"['32', '51']","[""DID NOT DEPLOY"", ""NOT APPLICABLE""]","[""TEST NOT OFFERED"", ""TEST TAKEN""]","[""CALUMET CITY"", ""SAUK VILLAGE""]","[""2025-10-07T04:58:00.000""]","[""FAILED TO YIELD"", ""NONE""]","[""NOT OBSCURED""]","[""A""]","[""IL""]","[""NONE""]","[""ROSELAND HOSPITAL""]","[""O2165177"", ""O2165178""]","[""DRIVER""]","[""NORMAL""]","[""USAGE UNKNOWN""]","[""M""]","[""IL""]","[""2063970"", ""2063975""]","[""60409"", ""60411""]","[""AMBULANCE 51""]",[],[],[],[],[],2025,10,4,7,False,night,41.66,-87.56,41.66_-87.56,41.5,32,51,WEATHER-RELATED,1
STRAIGHT AND LEVEL,2512,2025-10-07 04:50:00,3,4,10,2DF65E3F8A0C318395EA6D5A88A535C43935FFF731B975C0B0847C4E4045810645E72384366BFF9BDE506B7543B1041B1962E8338B223E3754A05A75C2239E05,NO INJURY / DRIVE AWAY,"OVER $1,500",NO CONTROLS,PARKED MOTOR VEHICLE,41.9167575959,DARKNESS,-87.7826417776,2,20,IMPROPER BACKING,UNKNOWN,UNKNOWN,UNABLE TO DETERMINE,N,2001,NO CONTROLS,PARKING LOT,CLEAR,0.0,0.0,0.0,0.0,0.0,1.0,2,0,[],[],[],"[""2025-10-07T04:50:00.000""]","[""2166739"", ""2166740""]","[""SIDE-LEFT-REAR"", ""SIDE-RIGHT-REAR""]","[""IL""]","[""HONDA"", ""SUBARU""]","[""BACKING"", ""PARKED""]","[""CIVIC"", ""OTHER (EXPLAIN IN NARRATIVE)""]","[""0"", ""1""]","[""W""]","[""1"", ""2""]","[""DRIVER"", ""PARKED""]","[""NONE"", ""UNKNOWN""]","[""2065432"", ""2065434""]","[""PASSENGER""]","[""PERSONAL""]","[""2011"", ""2012""]",[],"[""Y""]",[],[],[],"[""Y""]",[],[],[],[],[],"[""Y""]",[],"[""Y""]",[],[],[],"[""DEPLOYMENT UNKNOWN""]","[""TEST NOT OFFERED""]",[],"[""2025-10-07T04:50:00.000""]","[""IMPROPER BACKING""]","[""UNKNOWN""]",[],[],"[""NONE""]","[""N/A""]","[""O2166739""]","[""DRIVER""]","[""UNKNOWN""]","[""USAGE UNKNOWN""]","[""X""]",[],"[""2065432""]",[],"[""N/A""]",[],[],[],[],[],2025,10,4,7,False,night,41.92,-87.78,41.92_-87.78,0.0,0,0,OTHER,0
STRAIGHT AND LEVEL,2525,2025-10-07 04:00:00,3,4,10,6C6DF18E793C678693B3819B0F145C0B13B76B020EE254A29CEC7C130B87643844C377BDA6076D12B1A8EDD25643500987F7AF9820A78FF0373D74870A2EB276,INJURY AND / OR TOW DUE TO CRASH,"OVER $1,500",NO CONTROLS,PARKED MOTOR VEHICLE,41.918244845,"DARKNESS, LIGHTED ROAD",-87.7264469595,2,30,UNABLE TO DETERMINE,NO DEFECTS,WET,NOT APPLICABLE,N,2035,NO CONTROLS,DIVIDED - W/MEDIAN (NOT RAISED),RAIN,0.0,1.0,0.0,1.0,0.0,1.0,2,0,"[""Y""]","[""Y""]",[],"[""2025-10-07T04:00:00.000""]","[""2165415"", ""2165416""]","[""SIDE-LEFT"", ""UNKNOWN""]","[""IL""]","[""DODGE"", ""UNKNOWN""]","[""PARKED"", ""UNKNOWN/NA""]","[""DART"", ""OTHER (EXPLAIN IN NARRATIVE)""]","[""0"", ""1""]","[""N""]","[""1"", ""2""]","[""DRIVER"", ""PARKED""]","[""NONE"", ""UNKNOWN""]","[""2064188"", ""2064193""]","[""SPORT UTILITY VEHICLE (SUV)"", ""UNKNOWN/NA""]","[""PERSONAL"", ""UNKNOWN/NA""]",[],[],[],"[""N""]","[""pending""]","[""Y""]",[],"[""N"", ""Y""]",[],"[""Y""]",[],[],"[""Y""]",[],[],[],"[""pending""]",[],"[""DEPLOYMENT UNKNOWN""]","[""TEST NOT OFFERED""]",[],"[""2025-10-07T04:00:00.000""]","[""UNKNOWN""]","[""UNKNOWN""]",[],[],"[""NONE""]",[],"[""O2165415""]","[""DRIVER""]","[""UNKNOWN""]","[""USAGE UNKNOWN""]","[""X""]",[],"[""2064188""]",[],[],[],[],[],[],[],2025,10,4,7,False,night,41.92,-87.73,41.92_-87.73,0.0,0,0,OTHER,0
STRAIGHT AND LEVEL,2222,2025-10-07 03:30:00,3,3,10,F3B6DCA0741F38E2EEEEDE1BA2FED03DD2660BF23D3D85F440F68422E643FB002867F1626F65CCB6420DA4EF6DD8672DA2EC4D2A1D0EE707122080670D4980E3,INJURY AND / OR TOW DUE TO CRASH,"$501 - $1,500",NO CONTROLS,FIXED OBJECT,41.7310859172,DARKNESS,-87.6567014535,1,30,UNABLE TO DETERMINE,NO DEFECTS,WET,NOT APPLICABLE,S,8937,NO CONTROLS,ONE-WAY,RAIN,0.0,0.0,0.0,0.0,0.0,1.0,1,0,"[""Y""]",[],"[""Y""]","[""2025-10-07T03:30:00.000""]","[""2165643""]","[""FRONT""]","[""IL""]","[""LEXUS""]","[""STRAIGHT AHEAD""]","[""ES350""]","[""1""]","[""N""]","[""1""]","[""DRIVER""]","[""NONE""]","[""2064389""]","[""PASSENGER""]","[""PERSONAL""]","[""2023""]",[],[],"[""Y""]","[""E%R""]","[""Y""]",[],[],[],[],[],[],[],[],[],[],"[""POUND 2""]",[],"[""DEPLOYMENT UNKNOWN""]","[""TEST NOT OFFERED""]",[],"[""2025-10-07T03:30:00.000""]","[""UNKNOWN""]","[""UNKNOWN""]",[],[],"[""NONE""]",[],"[""O2165643""]","[""DRIVER""]","[""UNKNOWN""]","[""USAGE UNKNOWN""]","[""X""]",[],"[""2064389""]",[],[],[],[],[],[],[],2025,10,3,7,False,night,41.73,-87.66,41.73_-87.66,0.0,0,0,OTHER,0
STRAIGHT AND LEVEL,1014,2025-10-07 03:00:00,3,3,10,CBC638E12C2DABD0B0F66B3F154DEB07DB910A3A8F4C9C95D33DDB6EB7695AA39E73D12F3939C1C869A1B81E61AD2F020F6540EE22073B7A269C8E8773C5434A,NO INJURY / DRIVE AWAY,"OVER $1,500",NO CONTROLS,PARKED MOTOR VEHICLE,41.8547155725,"DARKNESS, LIGHTED ROAD",-87.7197852379,2,25,UNABLE TO DETERMINE,UNKNOWN,WET,UNABLE TO DETERMINE,S,1909,NO CONTROLS,ONE-WAY,RAIN,0.0,1.0,0.0,0.0,0.0,1.0,2,0,[],[],"[""Y""]","[""2025-10-07T03:00:00.000""]","[""2165500"", ""2165501""]","[""FRONT"", ""REAR""]",[],"[""CHEVROLET"", ""UNKNOWN""]","[""PARKED"", ""STRAIGHT AHEAD""]","[""MOTORIZED"", ""TRAVERSE""]","[""0"", ""1""]","[""S""]","[""1"", ""2""]","[""DRIVER"", ""PARKED""]","[""UNKNOWN""]","[""2064255"", ""2064262""]","[""SPORT UTILITY VEHICLE (SUV)"", ""UNKNOWN/NA""]","[""NOT IN USE"", ""UNKNOWN/NA""]","[""2019""]",[],[],[],[],[],[],[],[],[],[],[],[],[],[],"[""Y""]",[],[],"[""DEPLOYMENT UNKNOWN""]","[""TEST NOT OFFERED""]",[],"[""2025-10-07T03:00:00.000""]","[""UNKNOWN""]","[""UNKNOWN""]",[],[],"[""NONE""]",[],"[""O2165500""]","[""DRIVER""]","[""UNKNOWN""]","[""USAGE UNKNOWN""]","[""X""]",[],"[""2064262""]",[],[],[],[],[],[],[],2025,10,3,7,False,night,41.85,-87.72,41.85_-87.72,0.0,0,0,OTHER,0
STRAIGHT AND LEVEL,825,2025-10-07 03:00:00,3,3,10,93411545FA59FE2E1F00858D1F00429A09A7708F6224AE3A02C15126D1DF2D3844C997996AD205984A37F2382206480E2D1D56D61FC5F4AE62F5FA602DBA76ED,NO INJURY / DRIVE AWAY,"OVER $1,500",NO CONTROLS,PARKED MOTOR VEHICLE,41.7771516915,"DARKNESS, LIGHTED ROAD",-87.692270626,2,10,PHYSICAL CONDITION OF DRIVER,NO DEFECTS,WET,NOT APPLICABLE,S,6400,NO CONTROLS,NOT DIVIDED,RAIN,0.0,1.0,0.0,0.0,0.0,1.0,2,0,"[""Y""]",[],"[""Y""]","[""2025-10-07T03:00:00.000""]","[""2165166"", ""2165167""]","[""FRONT"", ""REAR""]","[""IL"", ""XX""]","[""JEEP"", ""UNKNOWN""]","[""BACKING"", ""PARKED""]","[""COMPASS"", ""OTHER (EXPLAIN IN NARRATIVE)""]","[""0"", ""1""]","[""N"", ""S""]","[""1"", ""2""]","[""DRIVER"", ""PARKED""]","[""NONE""]","[""2063961"", ""2063962""]","[""PASSENGER""]","[""PERSONAL"", ""UNKNOWN/NA""]","[""2022""]",[],[],"[""Y""]",[],[],"[""Y""]",[],[],"[""Y""]",[],[],[],[],"[""Y""]","[""Y""]",[],[],"[""DEPLOYMENT UNKNOWN""]","[""TEST NOT OFFERED""]",[],"[""2025-10-07T03:00:00.000""]","[""IMPROPER BACKING""]","[""UNKNOWN""]","[""D""]","[""XX""]","[""NONE""]",[],"[""O2165166""]","[""DRIVER""]","[""UNKNOWN""]","[""USAGE UNKNOWN""]","[""X""]",[],"[""2063961""]",[],[],[],[],[],[],[],2025,10,3,7,False,night,41.78,-87.69,41.78_-87.69,0.0,0,0,OTHER,0
STRAIGHT AND LEVEL,711,2025-10-07 02:30:00,3,2,10,F8A38DCF98564FCC8BA0242075321EF1C30CEBEF4800ED288458F13420B82A31C5170A6F3D628651906862A094EBD5D0263222F65ACDF382F5F543BC607DA72B,INJURY AND / OR TOW DUE TO CRASH,"OVER $1,500",NO CONTROLS,REAR END,41.7853831948,"DARKNESS, LIGHTED ROAD",-87.6320561922,2,30,UNABLE TO DETERMINE,NO DEFECTS,WET,NOT APPLICABLE,S,6000,NO CONTROLS,ONE-WAY,RAIN,0.0,1.0,0.0,0.0,0.0,1.0,1,1,[],[],"[""Y""]","[""2025-10-07T02:30:00.000""]","[""2167138"", ""2167139""]","[""FRONT"", ""REAR""]","[""IL""]","[""JEEP"", ""UNKNOWN""]","[""STARTING IN TRAFFIC"", ""STRAIGHT AHEAD""]","[""OTHER (EXPLAIN IN NARRATIVE)"", ""WRANGLER""]","[""1""]","[""S""]","[""1"", ""2""]","[""DRIVER""]","[""NONE"", ""UNKNOWN""]","[""2065817"", ""2065818""]","[""PASSENGER"", ""SPORT UTILITY VEHICLE (SUV)""]","[""PERSONAL"", ""UNKNOWN/NA""]","[""2019""]","[""Y""]",[],[],"[""UKNOWN""]","[""Y""]",[],[],"[""Y""]",[],[],[],[],[],[],"[""Y""]","[""UKNOWN""]",['48'],"[""DEPLOYMENT UNKNOWN"", ""DID NOT DEPLOY""]","[""TEST NOT OFFERED""]","[""CHICAGO""]","[""2025-10-07T02:30:00.000""]","[""NONE"", ""UNKNOWN""]","[""NOT OBSCURED"", ""UNKNOWN""]","[""D""]","[""IL""]","[""NONE"", ""UNKNOWN""]",[],"[""O2167138"", ""O2167139""]","[""DRIVER""]","[""NORMAL"", ""UNKNOWN""]","[""SAFETY BELT USED"", ""USAGE UNKNOWN""]","[""F"", ""X""]","[""IL""]","[""2065817"", ""2065818""]","[""60623""]",[],[],[],[],[],[],2025,10,2,7,False,night,41.79,-87.63,41.79_-87.63,48.0,48,48,OTHER,1
STRAIGHT AND LEVEL,1911,2025-10-07 02:26:00,3,2,10,3AE2F54F5A502664A2DF7F2C30A2322D89360F42FB938D6331E26D6418D543088EFD9D719E67BADCE1756C1A16B77EDDCE0167ABB70DDA0F7688F98D336686B2,INJURY AND / OR TOW DUE TO CRASH,"OVER $1,500",NO CONTROLS,PARKED MOTOR VEHICLE,41.9622571803,"DARKNESS, LIGHTED ROAD",-87.6885626834,2,30,FAILING TO REDUCE SPEED TO AVOID CRASH,UNKNOWN,WET,WEATHER,N,4431,NO CONTROLS,NOT DIVIDED,RAIN,0.0,0.0,0.0,0.0,0.0,1.0,2,1,"[""Y""]","[""Y""]",[],"[""2025-10-07T02:26:00.000""]","[""2165843"", ""2165844""]","[""FRONT-RIGHT-CORNER"", ""SIDE-LEFT""]","[""IL""]","[""CHEVROLET"", ""NISSAN""]","[""PARKED"", ""STRAIGHT AHEAD""]","[""IMPALA"", ""X-TERRA""]","[""0"", ""1""]","[""N""]","[""1"", ""2""]","[""DRIVER"", ""PARKED""]","[""UNKNOWN""]","[""2064597"", ""2064600""]","[""PASSENGER"", ""UNKNOWN/NA""]","[""PERSONAL"", ""UNKNOWN/NA""]","[""2000"", ""2002""]","[""Y""]",[],"[""Y""]","[""city of chicago""]","[""Y""]","[""Y""]",[],"[""Y""]","[""Y""]",[],[],"[""Y""]",[],[],[],"[""701 n sacramento""]",['22'],"[""NOT APPLICABLE""]","[""TEST NOT OFFERED""]","[""CHICAGO""]","[""2025-10-07T02:26:00.000""]","[""OTHER""]","[""UNKNOWN""]","[""D""]","[""IL""]","[""NONE""]",[],"[""O2165843""]","[""DRIVER""]","[""UNKNOWN""]","[""USAGE UNKNOWN""]","[""M""]","[""IL""]","[""2064597""]","[""60610""]",[],[],[],[],[],[],2025,10,2,7,False,night,41.96,-87.69,41.96_-87.69,22.0,22,22,SPEEDING,1