alignment,beat_of_occurrence,crash_date,crash_day_of_week,crash_hour,crash_month,crash_record_id,crash_type,damage,device_condition,first_crash_type,latitude,lighting_condition,longitude,num_units,posted_speed_limit,prim_contributory_cause,road_defect,roadway_surface_cond,sec_contributory_cause,street_direction,street_no,traffic_control_device,trafficway_type,weather_condition,private_property_i,hit_and_run_i,intersection_related_i,crash_date_est_i,work_zone_i,workers_present_i,veh_count,ppl_count,veh_area_01_i_list_json,veh_area_02_i_list_json,veh_area_12_i_list_json,veh_crash_date_list_json,veh_crash_unit_id_list_json,veh_first_contact_point_list_json,veh_lic_plate_state_list_json,veh_make_list_json,veh_maneuver_list_json,veh_model_list_json,veh_occupant_cnt_list_json,veh_travel_direction_list_json,veh_unit_no_list_json,veh_unit_type_list_json,veh_vehicle_defect_list_json,veh_vehicle_id_list_json,veh_vehicle_type_list_json,veh_vehicle_use_list_json,veh_vehicle_year_list_json,veh_area_03_i_list_json,veh_area_04_i_list_json,veh_area_11_i_list_json,veh_towed_by_list_json,veh_towed_i_list_json,veh_area_07_i_list_json,veh_area_99_i_list_json,veh_area_09_i_list_json,veh_area_10_i_list_json,veh_cmrc_veh_i_list_json,veh_num_passengers_list_json,veh_area_08_i_list_json,veh_area_00_i_list_json,veh_area_05_i_list_json,veh_area_06_i_list_json,veh_towed_to_list_json,ppl_age_list_json,ppl_airbag_deployed_list_json,ppl_bac_result_list_json,ppl_city_list_json,ppl_crash_date_list_json,ppl_driver_action_list_json,ppl_driver_vision_list_json,ppl_drivers_license_class_list_json,ppl_drivers_license_state_list_json,ppl_ejection_list_json,ppl_hospital_list_json,ppl_person_id_list_json,ppl_person_type_list_json,ppl_physical_condition_list_json,ppl_safety_equipment_list_json,ppl_sex_list_json,ppl_state_list_json,ppl_vehicle_id_list_json,ppl_zipcode_list_json,ppl_ems_agency_list_json,ppl_seat_no_list_json,ppl_pedpedal_action_list_json,ppl_pedpedal_location_list_json,ppl_pedpedal_visibility_list_json,ppl_ems_run_no_list_json,year,month,hour,day,is_weekend,hour_bin,lat_bin,lng_bin,grid_id,ppl_age_mean,ppl_age_min,ppl_age_max,prim_contributory_cause_group,ksi_flag
STRAIGHT AND LEVEL,1931,2025-10-07 02:00:00,3,2,10,9379BECD08B2915CEDD63DC580B867828109C57888A20463885F9EA2CE06DE3B995DEB2FC31058509DD0D0AC127E5F82703CF77DEE13E2D4D964DA781C310BAC,NO INJURY / DRIVE AWAY,$500 OR LESS,NO CONTROLS,PARKED MOTOR VEHICLE,41.9357748029,DARKNESS,-87.6819503414,2,15,UNABLE TO DETERMINE,NO DEFECTS,DRY,UNABLE TO DETERMINE,W,2131,NO CONTROLS,PARKING LOT,RAIN,0.0,1.0,0.0,0.0,0.0,1.0,2,0,[],[],[],"[""2025-10-07T02:00:00.000""]","[""2165455"", ""2165456""]","[""SIDE-LEFT"", ""UNKNOWN""]","[""IL""]","[""JEEP"", ""UNKNOWN""]","[""PARKED"", ""UNKNOWN/NA""]","[""COMPASS"", ""OTHER (EXPLAIN IN NARRATIVE)""]","[""0"", ""1""]","[""E"", ""UNKNOWN""]","[""1"", ""2""]","[""DRIVER"", ""PARKED""]","[""NONE"", ""UNKNOWN""]","[""2064225"", ""2064229""]","[""PASSENGER"", ""UNKNOWN/NA""]","[""PERSONAL"", ""UNKNOWN/NA""]","[""2022""]",[],[],[],[],[],[],"[""Y""]",[],[],[],[],"[""Y""]",[],[],[],[],[],"[""DEPLOYMENT UNKNOWN""]","[""TEST NOT OFFERED""]",[],"[""2025-10-07T02:00:00.000""]","[""UNKNOWN""]","[""UNKNOWN""]",[],[],"[""NONE""]",[],"[""O2165455""]","[""DRIVER""]","[""UNKNOWN""]","[""USAGE UNKNOWN""]","[""X""]",[],"[""2064225""]",[],[],[],[],[],[],[],2025,10,2,7,False,night,41.94,-87.68,41.94_-87.68,0.0,0,0,OTHER,0
STRAIGHT AND LEVEL,2031,2025-10-07 01:28:00,3,1,10,C26B67CD2DA9FBC8BE3A8D4B83B147E69C3B031D0ABC2C3C68B7C54BB9AA42FCD0BC86F8F1A16F7051FE5AF5AF29F183DAF5FA95C25F722816588BFA7BE88337,NO INJURY / DRIVE AWAY,$500 OR LESS,FUNCTIONING PROPERLY,REAR TO FRONT,41.9686430444,"DARKNESS, LIGHTED ROAD",-87.6984917224,2,30,IMPROPER BACKING,NO DEFECTS,WET,WEATHER,W,2758,TRAFFIC SIGNAL,FOUR WAY,RAIN,0.0,0.0,1.0,0.0,0.0,1.0,1,2,[],[],[],"[""2025-10-07T01:28:00.000""]","[""2165153"", ""2165154""]","[""FRONT"", ""REAR""]","[""IL""]","[""GREAT DANE TRAILERS INC."", ""TOYOTA""]","[""BACKING"", ""SLOW/STOP IN TRAFFIC""]","[""GREAT DANE TRAILERS INC."", ""PRIUS""]","[""1""]","[""E"", ""W""]","[""1"", ""2""]","[""DRIVER""]","[""NONE""]","[""2063945"", ""2063948""]","[""PASSENGER"", ""TRUCK - SINGLE UNIT""]","[""COMMERCIAL - SINGLE UNIT"", ""PERSONAL""]","[""2013"", ""2020""]",[],[],[],[],[],[],[],[],[],"[""N""]",[],[],"[""Y""]",[],[],[],"['25', '45']","[""DID NOT DEPLOY""]","[""TEST NOT OFFERED""]","[""AURORA"", ""CHICAGO""]","[""2025-10-07T01:28:00.000""]","[""IMPROPER BACKING"", ""NONE""]","[""NOT OBSCURED"", ""WINDSHIELD (WATER/ICE)""]","[""A"", ""D""]","[""IL""]","[""NONE""]",[],"[""O2165153"", ""O2165154""]","[""DRIVER""]","[""NORMAL""]","[""SAFETY BELT USED""]","[""F"", ""M""]","[""IL""]","[""2063945"", ""2063948""]","[""60505"", ""60625""]",[],[],[],[],[],[],2025,10,1,7,False,night,41.97,-87.7,41.97_-87.7,35.0,25,45,OTHER,0
STRAIGHT AND LEVEL,1021,2025-10-07 01:08:00,3,1,10,8464833D51C14C74FFF7720E0526D9B5F6CF63C9384F93576D0D10A4CE40AAA5EF08C4DA24516778BD20740D86902D1963B6BEE01E0B08E6F40A2DA324B14F80,INJURY AND / OR TOW DUE TO CRASH,"OVER $1,500",FUNCTIONING PROPERLY,ANGLE,41.8630156821,"DARKNESS, LIGHTED ROAD",-87.7105662771,2,30,DISREGARDING TRAFFIC SIGNALS,NO DEFECTS,WET,NOT APPLICABLE,W,3400,TRAFFIC SIGNAL,FOUR WAY,RAIN,0.0,1.0,1.0,0.0,0.0,1.0,1,2,"[""Y""]","[""Y""]","[""Y""]","[""2025-10-07T01:08:00.000""]","[""2165160"", ""2165161""]","[""FRONT"", ""FRONT-RIGHT-CORNER""]","[""IL""]","[""GENERAL MOTORS CORPORATION (GMC)"", ""INFINITI""]","[""STRAIGHT AHEAD"", ""UNKNOWN/NA""]","[""ACADIA"", ""FX35""]","[""2"", ""3""]","[""N"", ""W""]","[""1"", ""2""]","[""DRIVER""]","[""NONE"", ""UNKNOWN""]","[""2063955"", ""2063956""]","[""PASSENGER""]","[""PERSONAL""]","[""2012"", ""2014""]","[""Y""]",[],"[""Y""]",[],"[""Y""]",[],[],[],"[""Y""]",[],"[""1"", ""2""]",[],[],[],[],[],"['40', '43']","[""DEPLOYED, COMBINATION"", ""DEPLOYED, FRONT"", ""DEPLOYED, SIDE""]","[""TEST NOT OFFERED""]","[""CALUMENT PARK"", ""CHICAGO""]","[""2025-10-07T01:08:00.000""]","[""DISREGARDED CONTROL DEVICES"", ""NONE""]","[""NOT OBSCURED"", ""UNKNOWN""]","[""D""]","[""IL""]","[""NONE""]",[],"[""O2165160"", ""O2165161"", ""P477820"", ""P477821"", ""P477823""]","[""DRIVER"", ""PASSENGER""]","[""NORMAL"", ""UNKNOWN""]","[""SAFETY BELT USED"", ""USAGE UNKNOWN""]","[""F"", ""M""]","[""IL""]","[""2063955"", ""2063956""]","[""60636"", ""60827""]",[],"[""3"", ""4""]",[],[],[],[],2025,10,1,7,False,night,41.86,-87.71,41.86_-87.71,41.5,40,43,OTHER,1
STRAIGHT AND LEVEL,911,2025-10-07 01:05:00,3,1,10,7B0EB093A1800B3487B8B7D18362DBAD3467F61E320EE9B828BFFE1A4C13065AA8F08F3542D6362005F2599DE1F86C2D26AE99621370549BAA6B34DE08A41091,NO INJURY / DRIVE AWAY,"$501 - $1,500",NO CONTROLS,PARKED MOTOR VEHICLE,41.8266666088,"DARKNESS, LIGHTED ROAD",-87.689678969,2,30,UNABLE TO DETERMINE,NO DEFECTS,OTHER,UNABLE TO DETERMINE,S,3657,NO CONTROLS,NOT DIVIDED,OTHER,0.0,0.0,0.0,0.0,0.0,1.0,2,1,"[""Y""]",[],"[""Y""]","[""2025-10-07T01:05:00.000""]","[""2165151"", ""2165152""]","[""FRONT-RIGHT-CORNER"", ""REAR-LEFT-CORNER""]","[""IL""]","[""CHEVROLET""]","[""PARKED"", ""STRAIGHT AHEAD""]","[""BLAZER"", ""OTHER (EXPLAIN IN NARRATIVE)""]","[""0"", ""1""]","[""N""]","[""1"", ""2""]","[""DRIVER"", ""PARKED""]","[""NONE"", ""UNKNOWN""]","[""2063946"", ""2063947""]","[""PASSENGER""]","[""PERSONAL""]","[""2021"", ""2025""]",[],[],[],[],[],"[""Y""]",[],[],[],[],[],[],[],[],[],[],['51'],"[""NOT APPLICABLE""]","[""TEST NOT OFFERED""]","[""CHICAGO""]","[""2025-10-07T01:05:00.000""]","[""OTHER""]","[""NOT OBSCURED""]","[""D""]","[""IL""]","[""NONE""]",[],"[""O2165151""]","[""DRIVER""]","[""NORMAL""]","[""SAFETY BELT USED""]","[""F""]","[""IL""]","[""2063946""]","[""60632""]",[],[],[],[],[],[],2025,10,1,7,False,night,41.83,-87.69,41.83_-87.69,51.0,51,51,OTHER,0
STRAIGHT AND LEVEL,2213,2025-10-07 01:00:00,3,1,10,754BCBD2014161C012C24E80B064707A945C0D0C9EFA1351E67D11CCF7C8452AA2D1B85CA68A63A38C12D89BB898C986FBCD14B54F13280D82E92E61DA9CA189,NO INJURY / DRIVE AWAY,"OVER $1,500",NO CONTROLS,PARKED MOTOR VEHICLE,41.709412724,"DARKNESS, LIGHTED ROAD",-87.6552066607,2,30,UNABLE TO DETERMINE,NO DEFECTS,WET,UNABLE TO DETERMINE,S,10168,STOP SIGN/FLASHER,NOT DIVIDED,RAIN,0.0,0.0,0.0,0.0,0.0,1.0,2,1,"[""Y""]","[""Y""]",[],"[""2025-10-07T01:00:00.000""]","[""2165807"", ""2165808""]","[""FRONT-RIGHT-CORNER"", ""SIDE-LEFT-REAR""]","[""IL""]","[""CADILLAC"", ""CHEVROLET""]","[""OTHER"", ""PARKED""]","[""VAN"", ""XTS""]","[""0"", ""1""]","[""S""]","[""1"", ""2""]","[""DRIVER"", ""PARKED""]","[""NONE"", ""UNKNOWN""]","[""2064560"", ""2064561""]","[""PASSENGER"", ""VAN/MINI-VAN""]","[""NOT IN USE"", ""PERSONAL""]","[""2010"", ""2015""]",[],[],[],[],[],"[""Y""]",[],[],[],[],[],"[""Y""]",[],[],[],[],['75'],"[""DEPLOYED, SIDE""]","[""TEST NOT OFFERED""]","[""CALUMET PARK""]","[""2025-10-07T01:00:00.000""]","[""OTHER""]","[""NOT OBSCURED""]","[""D""]","[""IL""]","[""NONE""]",[],"[""O2165807""]","[""DRIVER""]","[""NORMAL""]","[""SAFETY BELT USED""]","[""M""]","[""IL""]","[""2064560""]","[""60827""]",[],[],[],[],[],[],2025,10,1,7,False,night,41.71,-87.66,41.71_-87.66,75.0,75,75,OTHER,0
STRAIGHT AND LEVEL,1523,2025-10-07 00:47:00,3,0,10,66C8FB7CA043FB91FA194C4C82ACB20B8A54FC3E478DEBB109A19E2A06B5391200697E27087BA339694F3A71ECE9F30FA7BC1E0C7D1A916773A6D0D7E464777A,INJURY AND / OR TOW DUE TO CRASH,"OVER $1,500",NO CONTROLS,FIXED OBJECT,41.8855325324,"DARKNESS, LIGHTED ROAD",-87.7590739571,3,25,FAILING TO REDUCE SPEED TO AVOID CRASH,UNKNOWN,WET,NOT APPLICABLE,N,242,STOP SIGN/FLASHER,T-INTERSECTION,RAIN,0.0,0.0,0.0,0.0,0.0,1.0,3,1,"[""Y""]","[""Y""]","[""Y""]","[""2025-10-07T00:47:00.000""]","[""2165148"", ""2165149"", ""2165150""]","[""FRONT"", ""SIDE-LEFT""]","[""IL""]","[""HONDA"", ""NISSAN""]","[""PARKED"", ""SKIDDING/CONTROL LOSS""]","[""OTHER (EXPLAIN IN NARRATIVE)"", ""SENTRA""]","[""0"", ""1""]","[""N"", ""W""]","[""1"", ""2"", ""3""]","[""DRIVER"", ""NON-MOTOR VEHICLE"", ""PARKED""]","[""OTHER"", ""UNKNOWN""]","[""2063944"", ""2063949""]","[""MOTORCYCLE (OVER 150CC)"", ""PASSENGER""]","[""UNKNOWN/NA""]","[""1997"", ""2025""]",[],[],"[""Y""]","[""private insurance""]","[""Y""]","[""Y""]",[],"[""Y""]","[""Y""]",[],[],"[""Y""]",[],[],[],[],['61'],"[""DEPLOYED, SIDE"", ""NOT APPLICABLE""]","[""TEST NOT OFFERED""]","[""CHICAGO""]","[""2025-10-07T00:47:00.000""]","[""NONE"", ""TOO FAST FOR CONDITIONS""]","[""UNKNOWN""]","[""D""]","[""IL""]","[""NONE""]",[],"[""O2165148"", ""O2165150""]","[""DRIVER"", ""NON-MOTOR VEHICLE""]","[""OTHER"", ""UNKNOWN""]","[""USAGE UNKNOWN""]","[""M""]","[""IL""]","[""2063944""]","[""60644"", ""60651""]",[],[],[],[],[],[],2025,10,0,7,False,afternoon,41.89,-87.76,41.89_-87.76,61.0,61,61,SPEEDING,0
STRAIGHT AND LEVEL,213,2025-10-07 00:45:00,3,0,10,543B08B85CE5854C761D4DEF4FCBF0602F55E0CFDD991C9D70478E59F255CCF9A8B8E9DD03A31B74810ECE7BD352CC7A2BFCA032079444F00823A6DBDF6AB240,INJURY AND / OR TOW DUE TO CRASH,"OVER $1,500",NO CONTROLS,PARKED MOTOR VEHICLE,41.8230295732,"DARKNESS, LIGHTED ROAD",-87.6214373873,2,25,UNABLE TO DETERMINE,NO DEFECTS,WET,NOT APPLICABLE,S,3921,NO CONTROLS,ONE-WAY,CLEAR,0.0,0.0,0.0,0.0,0.0,1.0,2,1,[],"[""Y""]","[""Y""]","[""2025-10-07T00:45:00.000""]","[""2165155"", ""2165156""]","[""FRONT-LEFT-CORNER"", ""REAR-RIGHT-CORNER""]","[""IL"", ""IN""]","[""CHEVROLET"", ""KENWORTH MOTOR TRUCK COMPANY""]","[""PARKED"", ""STRAIGHT AHEAD""]","[""IMPALA"", ""KENWORTH MOTOR TRUCK CO.""]","[""0"", ""1""]","[""N""]","[""1"", ""2""]","[""DRIVER"", ""DRIVERLESS""]","[""NONE""]","[""2063950"", ""2063951""]","[""PASSENGER"", ""TRUCK - SINGLE UNIT""]","[""NOT IN USE"", ""PERSONAL""]","[""2016"", ""2019""]",[],"[""Y""]","[""Y""]",[],"[""Y""]",[],[],"[""Y""]","[""Y""]",[],[],[],[],"[""Y""]",[],[],['26'],"[""DEPLOYED, SIDE""]","[""TEST NOT OFFERED""]","[""CHICAGO""]","[""2025-10-07T00:45:00.000""]","[""OTHER""]","[""NOT OBSCURED""]","[""D""]","[""IL""]","[""NONE""]",[],"[""O2165155""]","[""DRIVER""]","[""NORMAL""]","[""SAFETY BELT USED""]","[""F""]","[""IL""]","[""2063951""]","[""60651""]",[],[],[],[],[],[],2025,10,0,7,False,afternoon,41.82,-87.62,41.82_-87.62,26.0,26,26,OTHER,1
STRAIGHT AND LEVEL,1633,2025-10-07 00:00:00,3,0,10,0298C838537EDCBD1AF6DD04E32EA10FA1D5BE14CE66A2967DD02261C5E5656AD8B1E0C5A242F64956BAB8870F5127FFD2D036D0949D9840BEA83AF09A25A5DB,INJURY AND / OR TOW DUE TO CRASH,"OVER $1,500",NO CONTROLS,PARKED MOTOR VEHICLE,41.9459494217,"DARKNESS, LIGHTED ROAD",-87.7702233538,3,30,CELL PHONE USE OTHER THAN TEXTING,NO DEFECTS,WET,NOT APPLICABLE,W,5724,NO CONTROLS,NOT DIVIDED,RAIN,0.0,0.0,0.0,0.0,0.0,1.0,2,3,"[""Y""]","[""Y""]","[""Y""]","[""2025-10-07T00:00:00.000""]","[""2165139"", ""2165140"", ""2165141""]","[""FRONT-RIGHT-CORNER"", ""REAR-LEFT-CORNER""]","[""IL""]","[""CHEVROLET"", ""HYUNDAI"", ""LEXUS""]","[""PARKED"", ""STRAIGHT AHEAD""]","[""RX330"", ""TRAVERSE"", ""TUCSON""]","[""0"", ""3""]","[""W""]","[""1"", ""2"", ""3""]","[""DRIVER"", ""PARKED""]","[""NONE"", ""UNKNOWN""]","[""2063935"", ""2063940"", ""2063942""]","[""PASSENGER""]","[""PERSONAL""]","[""2006"", ""2014"", ""2015""]",[],[],[],"[""PRIVATE TOW""]","[""Y""]","[""Y""]",[],"[""Y""]","[""Y""]",[],"[""2""]","[""Y""]",[],[],"[""N"", ""Y""]",[],"['0', '3', '32']","[""DID NOT DEPLOY""]","[""TEST NOT OFFERED""]","[""CHICAGO""]","[""2025-10-07T00:00:00.000""]","[""CELL PHONE USE OTHER THAN TEXTING""]","[""OTHER""]","[""D""]","[""IL""]","[""NONE""]","[""DNA"", ""REFUSED""]","[""O2165139"", ""P477814"", ""P477815""]","[""DRIVER"", ""PASSENGER""]","[""NORMAL""]","[""CHILD RESTRAINT - REAR FACING"", ""USAGE UNKNOWN""]","[""F"", ""M""]","[""IL""]","[""2063935""]","[""60634""]","[""DNA""]","[""10"", ""12""]",[],[],[],"[""DNA""]",2025,10,0,7,False,afternoon,41.95,-87.77,41.95_-87.77,11.666666666666666,0,32,OTHER,0
STRAIGHT AND LEVEL,1925,2025-10-07 00:00:00,3,0,10,A2C26983EDAB22BE7D595BFF2D386555AFB753F8E12F94EE1C71A1CF9FEDFA6A971ADF5B3EE3BAAF551C8A791990EF0BDDC660900345CB52770428A0DBC04C41,NO INJURY / DRIVE AWAY,"OVER $1,500",NO CONTROLS,PARKED MOTOR VEHICLE,41.9455523893,UNKNOWN,-87.6488176166,2,30,UNABLE TO DETERMINE,UNKNOWN,UNKNOWN,UNABLE TO DETERMINE,W,744,NO CONTROLS,PARKING LOT,CLEAR,0.0,0.0,0.0,1.0,0.0,1.0,2,0,[],[],[],"[""2025-10-07T00:00:00.000""]","[""2170388"", ""2170389""]","[""REAR-LEFT-CORNER"", ""UNKNOWN""]","[""IL""]","[""HONDA"", ""UNKNOWN""]","[""PARKED"", ""UNKNOWN/NA""]","[""CIVIC"", ""OTHER (EXPLAIN IN NARRATIVE)""]","[""0"", ""1""]","[""S"", ""UNKNOWN""]","[""1"", ""2""]","[""DRIVER"", ""PARKED""]","[""UNKNOWN""]","[""2068892"", ""2068913""]","[""PASSENGER"", ""UNKNOWN/NA""]","[""UNKNOWN/NA""]","[""2019""]",[],[],[],[],[],"[""Y""]","[""Y""]",[],[],[],[],[],[],[],[],[],[],"[""DEPLOYMENT UNKNOWN""]","[""TEST NOT OFFERED""]","[""UNKNOWN""]","[""2025-10-07T00:00:00.000""]","[""UNKNOWN""]","[""UNKNOWN""]",[],[],"[""UNKNOWN""]",[],"[""O2170388""]","[""DRIVER""]","[""UNKNOWN""]","[""USAGE UNKNOWN""]","[""M""]","[""XX""]","[""2068913""]",[],[],[],[],[],[],[],2025,10,0,7,False,afternoon,41.95,-87.65,41.95_-87.65,0.0,0,0,OTHER,0
STRAIGHT AND LEVEL,2221,2025-10-06 23:53:00,2,23,10,9C092EBB7B764D9C708E5CDDD51176982CAA7B1224C0E72AF6BE66DBD46AE02986916F1036882C8F50BCE781023E7662C9DFC2248E6016072A92EE704C8D3FFE,INJURY AND / OR TOW DUE TO CRASH,"OVER $1,500",FUNCTIONING PROPERLY,SIDESWIPE SAME DIRECTION,41.7213269867,"DARKNESS, LIGHTED ROAD",-87.6625336585,2,30,UNABLE TO DETERMINE,NO DEFECTS,WET,NOT APPLICABLE,W,1554,TRAFFIC SIGNAL,DIVIDED - W/MEDIAN (NOT RAISED),CLEAR,0.0,0.0,0.0,0.0,0.0,1.0,1,2,[],[],[],"[""2025-10-06T23:53:00.000""]","[""2165136"", ""2165137""]","[""FRONT-LEFT-CORNER"", ""REAR""]","[""IL"", ""IN""]","[""BUICK"", ""FREIGHTLINER CORPORATION""]","[""OTHER"", ""STRAIGHT AHEAD""]","[""LUCERNE"", ""OTHER (EXPLAIN IN NARRATIVE)""]","[""1"", ""2""]","[""W""]","[""1"", ""2""]","[""DRIVER""]","[""NONE""]","[""2063926"", ""2063941""]","[""PASSENGER"", ""SINGLE UNIT TRUCK WITH TRAILER""]","[""COMMERCIAL - SINGLE UNIT"", ""PERSONAL""]","[""2011"", ""2024""]",[],"[""Y""]","[""Y""]",[],[],[],[],[],"[""Y""]",[],"[""1""]",[],[],"[""Y""]",[],[],"['44', '65']","[""NOT APPLICABLE""]","[""TEST NOT OFFERED""]","[""CHICAGO"", ""PLAINFIELD""]","[""2025-10-06T23:53:00.000""]","[""NONE"", ""OTHER""]","[""NOT OBSCURED""]","[""A""]","[""IL""]","[""NONE""]",[],"[""O2165136"", ""O2165137"", ""P477817""]","[""DRIVER"", ""PASSENGER""]","[""NORMAL""]","[""SAFETY BELT USED""]","[""F"", ""M""]","[""IL""]","[""2063926"", ""2063941""]","[""60586"", ""60619""]",[],"[""1""]",[],[],[],[],2025,10,23,6,False,evening,41.72,-87.66,41.72_-87.66,54.5,44,65,OTHER,1
STRAIGHT AND LEVEL,912,2025-10-06 23:48:00,2,23,10,AFD384A0563E4639E61CA9D13F3036F91B1FB16268E466C6012215C6F0DE793E43258D3050E981E075B12450A9B11F63B503435A5D88062CE89AA13F64B78D87,NO INJURY / DRIVE AWAY,"OVER $1,500",NO CONTROLS,SIDESWIPE SAME DIRECTION,41.828207873,DARKNESS,-87.6704887774,2,35,UNABLE TO DETERMINE,NO DEFECTS,WET,UNABLE TO DETERMINE,S,3612,NO CONTROLS,NOT DIVIDED,CLEAR,0.0,0.0,0.0,1.0,0.0,1.0,1,2,[],[],[],"[""2025-10-06T23:48:00.000""]","[""2165128"", ""2165129""]","[""FRONT-LEFT-CORNER"", ""REAR-RIGHT-CORNER""]","[""IL""]","[""HYUNDAI"", ""VOLVO""]","[""PASSING/OVERTAKING"", ""STRAIGHT AHEAD""]","[""SANTA FE"", ""XC60""]","[""1""]","[""S""]","[""1"", ""2""]","[""DRIVER""]","[""NONE""]","[""2063924"", ""2063928""]","[""PASSENGER""]","[""PERSONAL""]","[""2022"", ""2024""]",[],[],"[""Y""]",[],[],[],[],[],[],[],[],[],[],"[""Y""]",[],[],"['26', '38']","[""DID NOT DEPLOY"", ""NOT APPLICABLE""]","[""TEST NOT OFFERED""]","[""AURORA"", ""CHICAGO""]","[""2025-10-06T23:48:00.000""]","[""NONE"", ""OTHER""]","[""NOT OBSCURED""]","[""D""]","[""IL""]","[""NONE""]",[],"[""O2165128"", ""O2165129""]","[""DRIVER""]","[""NORMAL""]","[""SAFETY BELT USED""]","[""F"", ""M""]","[""IL""]","[""2063924"", ""2063928""]","[""60502"", ""60616""]",[],[],[],[],[],[],2025,10,23,6,False,evening,41.83,-87.67,41.83_-87.67,32.0,26,38,OTHER,0
STRAIGHT AND LEVEL,2213,2025-10-06 23:42:00,2,23,10,EACDA17A59425493AF7F5004C96FC2A27478F1B1E747E45928AC17E6A7E40676687F9A94D716F4B9CE7951A75CCA632C0780652987551DAF0B3682EF8051BBC9,INJURY AND / OR TOW DUE TO CRASH,"OVER $1,500",FUNCTIONING PROPERLY,FIXED OBJECT,41.7196342951,"DARKNESS, LIGHTED ROAD",-87.6623050439,2,25,UNABLE TO DETERMINE,NO DEFECTS,WET,UNABLE TO DETERMINE,S,9557,NO CONTROLS,NOT DIVIDED,CLEAR,0.0,0.0,0.0,0.0,0.0,1.0,1,2,"[""Y""]",[],"[""Y""]","[""2025-10-06T23:42:00.000""]","[""2165142"", ""2165145""]","[""FRONT""]","[""IL""]","[""ALFA ROMEO""]","[""SKIDDING/CONTROL LOSS"", ""STRAIGHT AHEAD""]","[""STELVIO""]","[""2""]","[""S""]","[""1""]","[""DRIVER""]","[""UNKNOWN""]","[""2063937"", ""2063987""]","[""SPORT UTILITY VEHICLE (SUV)""]","[""PERSONAL"", ""UNKNOWN/NA""]","[""2019""]",[],[],"[""Y""]","[""city""]","[""Y""]",[],[],[],[],[],"[""1""]",[],[],[],[],"[""pound 2""]","['23', '34']","[""DEPLOYED, COMBINATION""]","[""TEST NOT OFFERED""]","[""CHICAGO""]","[""2025-10-06T23:42:00.000""]","[""UNKNOWN""]","[""UNKNOWN""]","[""D""]","[""IL""]","[""NONE""]","[""CHRIST HOSPITAL""]","[""O2165142"", ""O2165145"", ""P477818"", ""P477829""]","[""DRIVER"", ""PASSENGER""]","[""UNKNOWN""]","[""SAFETY BELT NOT USED"", ""SAFETY BELT USED"", ""USAGE UNKNOWN""]","[""M""]","[""IL""]","[""2063937"", ""2063987""]","[""60620"", ""60629""]","[""CFD""]","[""3""]",[],[],[],[],2025,10,23,6,False,evening,41.72,-87.66,41.72_-87.66,28.5,23,34,OTHER,1
STRAIGHT AND LEVEL,1733,2025-10-06 23:30:00,2,23,10,3A9B7DC26112F81758F51E38CB7839C3CECF225E191ED73C363D14F63BED831B5853268364CD817C0D54C6C69FF787C6A787ED9400B30E97639A2ED02A2AAF2E,INJURY AND / OR TOW DUE TO CRASH,$500 OR LESS,NO CONTROLS,PEDESTRIAN,41.9466900635,DARKNESS,-87.7117938181,2,35,UNABLE TO DETERMINE,NO DEFECTS,DRY,NOT APPLICABLE,W,3336,NO CONTROLS,NOT DIVIDED,CLEAR,0.0,0.0,0.0,0.0,0.0,1.0,2,2,[],[],"[""Y""]","[""2025-10-06T23:30:00.000""]","[""2166439"", ""2166440""]","[""FRONT""]","[""IL""]","[""HYUNDAI""]","[""UNKNOWN/NA""]","[""ELANTRA""]","[""1""]","[""UNKNOWN""]","[""1"", ""2""]","[""DRIVER"", ""PEDESTRIAN""]","[""UNKNOWN""]","[""2065147""]","[""PASSENGER""]","[""PERSONAL""]","[""2018""]",[],[],[],[],[],[],[],[],[],[],[],[],[],[],[],[],"['32', '49']","[""DID NOT DEPLOY""]","[""TEST NOT OFFERED""]","[""CHICAGO"", ""CICERO""]","[""2025-10-06T23:30:00.000""]","[""UNKNOWN""]","[""UNKNOWN""]","[""D""]","[""IL""]","[""NONE""]","[""MACNEAL""]","[""O2166439"", ""O2166440""]","[""DRIVER"", ""PEDESTRIAN""]","[""NORMAL"", ""UNKNOWN""]","[""USAGE UNKNOWN""]","[""M""]","[""IL""]","[""2065147""]","[""60618"", ""60804""]",[],[],"[""AGAINST TRAFFIC""]","[""IN ROADWAY""]","[""CONTRASTING CLOTHING""]",[],2025,10,23,6,False,evening,41.95,-87.71,41.95_-87.71,40.5,32,49,OTHER,1
"CURVE, LEVEL",1833,2025-10-06 23:15:00,2,23,10,C0F820E3C6B1DCE209B1AE9B332C97490B53242BD1556E922153C738F09822A560B3EC613525FD191211DA947140CA9419547769CB70D829A44C09F3CA6E7538,INJURY AND / OR TOW DUE TO CRASH,"OVER $1,500",NO CONTROLS,FIXED OBJECT,41.8993222788,"DARKNESS, LIGHTED ROAD",-87.6187384331,1,40,WEATHER,NO DEFECTS,WET,NOT APPLICABLE,N,900,NO CONTROLS,ONE-WAY,CLEAR,0.0,0.0,0.0,0.0,0.0,1.0,1,1,"[""Y""]",[],"[""Y""]","[""2025-10-06T23:15:00.000""]","[""2165862""]","[""FRONT-LEFT-CORNER""]","[""NH""]","[""FORD""]","[""STRAIGHT AHEAD""]","[""FUSION""]","[""1""]","[""S""]","[""1""]","[""DRIVER""]","[""NONE""]","[""2064613""]","[""PASSENGER""]","[""PERSONAL""]","[""2015""]",[],[],"[""Y""]","[""s&s""]","[""Y""]",[],[],[],[],[],[],[],[],[],[],[],['23'],"[""NOT APPLICABLE""]","[""TEST NOT OFFERED""]","[""KEENE""]","[""2025-10-06T23:15:00.000""]","[""OTHER""]","[""NOT OBSCURED""]","[""D""]","[""NH""]","[""NONE""]",[],"[""O2165862""]","[""DRIVER""]","[""NORMAL""]","[""SAFETY BELT USED""]","[""M""]","[""NH""]","[""2064613""]","[""03431""]",[],[],[],[],[],[],2025,10,23,6,False,evening,41.9,-87.62,41.9_-87.62,23.0,23,23,WEATHER-RELATED,0