alignment,beat_of_occurrence,crash_date,crash_day_of_week,crash_hour,crash_month,crash_record_id,crash_type,damage,device_condition,first_crash_type,latitude,lighting_condition,longitude,num_units,posted_speed_limit,prim_contributory_cause,road_defect,roadway_surface_cond,sec_contributory_cause,street_direction,street_no,traffic_control_device,trafficway_type,weather_condition,private_property_i,hit_and_run_i,intersection_related_i,crash_date_est_i,work_zone_i,workers_present_i,veh_count,ppl_count,veh_area_01_i_list_json,veh_area_02_i_list_json,veh_area_12_i_list_json,veh_crash_date_list_json,veh_crash_unit_id_list_json,veh_first_contact_point_list_json,veh_lic_plate_state_list_json,veh_make_list_json,veh_maneuver_list_json,veh_model_list_json,veh_occupant_cnt_list_json,veh_travel_direction_list_json,veh_unit_no_list_json,veh_unit_type_list_json,veh_vehicle_defect_list_json,veh_vehicle_id_list_json,veh_vehicle_type_list_json,veh_vehicle_use_list_json,veh_vehicle_year_list_json,veh_area_03_i_list_json,veh_area_04_i_list_json,veh_area_11_i_list_json,veh_towed_by_list_json,veh_towed_i_list_json,veh_area_07_i_list_json,veh_area_99_i_list_json,veh_area_09_i_list_json,veh_area_10_i_list_json,veh_cmrc_veh_i_list_json,veh_num_passengers_list_json,veh_area_08_i_list_json,veh_area_00_i_list_json,veh_area_05_i_list_json,veh_area_06_i_list_json,veh_towed_to_list_json,ppl_age_list_json,ppl_airbag_deployed_list_json,ppl_bac_result_list_json,ppl_city_list_json,ppl_crash_date_list_json,ppl_driver_action_list_json,ppl_driver_vision_list_json,ppl_drivers_license_class_list_json,ppl_drivers_license_state_list_json,ppl_ejection_list_json,ppl_hospital_list_json,ppl_person_id_list_json,ppl_person_type_list_json,ppl_physical_condition_list_json,ppl_safety_equipment_list_json,ppl_sex_list_json,ppl_state_list_json,ppl_vehicle_id_list_json,ppl_zipcode_list_json,ppl_ems_agency_list_json,ppl_seat_no_list_json,ppl_pedpedal_action_list_json,ppl_pedpedal_location_list_json,ppl_pedpedal_visibility_list_json,ppl_ems_run_no_list_json,year,month,hour,day,is_weekend,hour_bin,lat_bin,lng_bin,grid_id,ppl_age_mean,ppl_age_min,ppl_age_max,prim_contributory_cause_group,ksi_flag
STRAIGHT AND LEVEL,532,2025-10-06 23:04:00,2,23,10,5C065C78BA8C9EA4B1A6DA3622ACFB975926AC7F6BBA93A98D7941CF52F76EEAA28CD3D4B25BE7497EBFA33C0F60947421E3B60E9DB5BDB9F61290E0661F2D26,INJURY AND / OR TOW DUE TO CRASH,"OVER $1,500",NO CONTROLS,PARKED MOTOR VEHICLE,41.6812817857,"DARKNESS, LIGHTED ROAD",-87.615334579,4,25,UNABLE TO DETERMINE,NO DEFECTS,WET,NOT APPLICABLE,E,333,NO CONTROLS,NOT DIVIDED,RAIN,0.0,1.0,0.0,0.0,0.0,1.0,2,0,[],[],[],"[""2025-10-06T23:04:00.000""]","[""2165118"", ""2165119"", ""2165120"", ""2165121""]","[""FRONT-LEFT-CORNER"", ""REAR-LEFT-CORNER"", ""UNKNOWN""]","[""IL""]","[""CHEVROLET"", ""DODGE"", ""UNKNOWN""]","[""PARKED"", ""UNKNOWN/NA""]","[""AVALANCHE"", ""JOURNEY"", ""MALIBU"", ""OTHER (EXPLAIN IN NARRATIVE)""]","[""0"", ""1""]","[""E"", ""W""]","[""1"", ""2"", ""3"", ""4""]","[""DRIVER"", ""PARKED""]","[""NONE"", ""UNKNOWN""]","[""2063912"", ""2063915"", ""2063917"", ""2063920""]","[""PASSENGER"", ""UNKNOWN/NA""]","[""PERSONAL"", ""UNKNOWN/NA""]","[""2002"", ""2014"", ""2017""]",[],[],"[""Y""]",[],"[""Y""]","[""Y""]",[],"[""Y""]","[""Y""]",[],[],"[""Y""]",[],[],"[""Y""]",[],[],"[""DEPLOYMENT UNKNOWN""]","[""TEST NOT OFFERED""]",[],"[""2025-10-06T23:04:00.000""]","[""UNKNOWN""]","[""UNKNOWN""]",[],[],"[""NONE""]",[],"[""O2165118""]","[""DRIVER""]","[""UNKNOWN""]","[""USAGE UNKNOWN""]","[""X""]",[],"[""2063912""]",[],[],[],[],[],[],[],2025,10,23,6,False,evening,41.68,-87.62,41.68_-87.62,0.0,0,0,OTHER,0
STRAIGHT AND LEVEL,1231,2025-10-06 23:04:00,2,23,10,FA33D91BC46C1C824853E8F637709EDE8FCC3EE7FCEB32779AD9192866A419E5E352A1419D518A1BAE28B03429DE019FB9EE7DCEB7B8694FC57C32EBAE18D070,NO INJURY / DRIVE AWAY,$500 OR LESS,NO CONTROLS,REAR END,41.8750680665,DUSK,-87.6665942003,2,30,UNABLE TO DETERMINE,UNKNOWN,DRY,NOT APPLICABLE,W,1575,NO CONTROLS,FOUR WAY,CLEAR,0.0,1.0,0.0,0.0,0.0,1.0,1,1,[],[],[],"[""2025-10-06T23:04:00.000""]","[""2165157"", ""2165158""]","[""REAR"", ""UNKNOWN""]","[""IL""]","[""KIA"", ""UNKNOWN""]","[""STRAIGHT AHEAD"", ""UNKNOWN/NA""]","[""CARNIVAL"", ""OTHER (EXPLAIN IN NARRATIVE)""]","[""1""]","[""S""]","[""1"", ""2""]","[""DRIVER""]","[""UNKNOWN""]","[""2063952"", ""2063953""]","[""PASSENGER"", ""PICKUP""]","[""PERSONAL"", ""UNKNOWN/NA""]","[""2024""]",[],[],[],[],[],[],[],[],[],[],[],[],[],[],[],[],['53'],"[""DEPLOYMENT UNKNOWN"", ""DID NOT DEPLOY""]","[""TEST NOT OFFERED""]","[""CHICAGO""]","[""2025-10-06T23:04:00.000""]","[""UNKNOWN""]","[""UNKNOWN""]","[""B""]","[""IL""]","[""NONE""]","[""99""]","[""O2165157"", ""O2165158""]","[""DRIVER""]","[""NORMAL"", ""UNKNOWN""]","[""SAFETY BELT USED"", ""USAGE UNKNOWN""]","[""F"", ""X""]","[""IL""]","[""2063952"", ""2063953""]","[""60612""]","[""99""]",[],[],[],[],[],2025,10,23,6,False,evening,41.88,-87.67,41.88_-87.67,53.0,53,53,OTHER,0
STRAIGHT AND LEVEL,931,2025-10-06 22:58:00,2,22,10,28D05F9CDEB3774BD764FF690B24F61816EF39EADADF363FA7745DA94BE9886576C3D4D9F72880987FBB67ED4090CFE259EDD4756E6E41925C173E8D19BDAFD7,NO INJURY / DRIVE AWAY,"$501 - $1,500",NO CONTROLS,REAR END,41.8013695033,"DARKNESS, LIGHTED ROAD",-87.6715950878,2,30,FOLLOWING TOO CLOSELY,UNKNOWN,DRY,FOLLOWING TOO CLOSELY,W,1848,NO CONTROLS,NOT DIVIDED,CLOUDY/OVERCAST,0.0,1.0,0.0,0.0,0.0,1.0,1,0,[],[],"[""Y""]","[""2025-10-06T22:58:00.000""]","[""2167223"", ""2167224""]","[""FRONT"", ""REAR""]","[""IL""]","[""HONDA"", ""PONTIAC""]","[""STRAIGHT AHEAD""]","[""ACCORD"", ""TRANSPORT""]","[""1""]","[""W""]","[""1"", ""2""]","[""DRIVER""]","[""NONE"", ""UNKNOWN""]","[""2065893"", ""2065940""]","[""PASSENGER"", ""VAN/MINI-VAN""]","[""PERSONAL"", ""UNKNOWN/NA""]","[""2001"", ""2006""]",[],[],[],[],[],[],[],[],[],[],[],[],[],[],[],[],[],"[""DEPLOYMENT UNKNOWN"", ""DID NOT DEPLOY""]","[""TEST NOT OFFERED""]",[],"[""2025-10-06T22:58:00.000""]","[""FOLLOWED TOO CLOSELY"", ""NONE""]","[""NOT OBSCURED"", ""UNKNOWN""]","[""D""]","[""IL""]","[""NONE""]",[],"[""O2167223"", ""O2167224""]","[""DRIVER""]","[""NORMAL"", ""UNKNOWN""]","[""SAFETY BELT USED"", ""USAGE UNKNOWN""]","[""F"", ""M""]",[],"[""2065893"", ""2065940""]",[],[],[],[],[],[],[],2025,10,22,6,False,evening,41.8,-87.67,41.8_-87.67,0.0,0,0,FOLLOWING TOO CLOSELY,0
STRAIGHT AND LEVEL,114,2025-10-06 22:45:00,2,22,10,CB2B4D52F3C432EEFD79AB0D2CCFEAF4D8699AFE44C3999857E60D80D812EC05256EE0C6DD1A2EB7F0FB31A20BCEA5F1ABAA6B6C55D1A933C2FAE72BAB4F3816,INJURY AND / OR TOW DUE TO CRASH,"OVER $1,500",FUNCTIONING PROPERLY,SIDESWIPE SAME DIRECTION,41.872746121,"DARKNESS, LIGHTED ROAD",-87.6174486663,4,40,IMPROPER LANE USAGE,NO DEFECTS,WET,NOT APPLICABLE,S,730,NO CONTROLS,DIVIDED - W/MEDIAN BARRIER,RAIN,0.0,0.0,0.0,0.0,0.0,1.0,1,5,"[""Y""]","[""Y""]","[""Y""]","[""2025-10-06T22:45:00.000""]","[""2165124"", ""2165125"", ""2165126"", ""2165127""]","[""FRONT"", ""REAR-LEFT-CORNER"", ""SIDE-LEFT"", ""SIDE-RIGHT""]","[""IL""]","[""HONDA"", ""LEXUS"", ""TOYOTA""]","[""MERGING"", ""STRAIGHT AHEAD""]","[""ACCORD"", ""HIGHLANDER"", ""LS"", ""PRIUS""]","[""1"", ""2""]","[""N""]","[""1"", ""2"", ""3"", ""4""]","[""DRIVER""]","[""NONE""]","[""2063919"", ""2063922"", ""2063929"", ""2063934""]","[""PASSENGER""]","[""PERSONAL""]","[""2008"", ""2014"", ""2015"", ""2019""]","[""Y""]","[""Y""]","[""Y""]","[""PRIVATE TOW""]","[""Y""]","[""Y""]",[],"[""N""]","[""Y""]",[],"[""1""]",[],[],[],[],[],"['18', '25', '28', '33', '54']","[""DEPLOYED, FRONT"", ""DID NOT DEPLOY""]","[""TEST NOT OFFERED""]","[""CHICAGO"", ""HICKORY HILLS"", ""TAMPA""]","[""2025-10-06T22:45:00.000""]","[""IMPROPER LANE CHANGE"", ""NONE""]","[""NOT OBSCURED""]","[""D"", ""E""]","[""FL"", ""IL""]","[""NONE""]",[],"[""O2165124"", ""O2165125"", ""O2165126"", ""O2165127"", ""P477813""]","[""DRIVER"", ""PASSENGER""]","[""NORMAL""]","[""SAFETY BELT USED""]","[""F"", ""M""]","[""IL""]","[""2063919"", ""2063922"", ""2063929"", ""2063934""]","[""33612"", ""60457"", ""60640"", ""60641""]",[],"[""3""]",[],[],[],[],2025,10,22,6,False,evening,41.87,-87.62,41.87_-87.62,31.6,18,54,OTHER,0
STRAIGHT AND LEVEL,831,2025-10-06 22:45:00,2,22,10,42543073EE739C6D8C5FD30DCEB20F8BF52569ECA73B59C9E2112AC9B86E8D8D8B096B5C1E81137372BF1D240420B87CEFA81BEB18FE6CBE2AB8245BD6F62396,NO INJURY / DRIVE AWAY,"$501 - $1,500",NO CONTROLS,SIDESWIPE SAME DIRECTION,41.7715983947,"DARKNESS, LIGHTED ROAD",-87.7007509215,2,30,UNABLE TO DETERMINE,UNKNOWN,UNKNOWN,UNABLE TO DETERMINE,W,3105,NO CONTROLS,NOT DIVIDED,CLEAR,0.0,0.0,0.0,0.0,0.0,1.0,1,1,[],[],[],"[""2025-10-06T22:45:00.000""]","[""2165113"", ""2165114""]","[""FRONT-LEFT-CORNER"", ""FRONT-RIGHT-CORNER""]","[""IL""]","[""DODGE"", ""UNKNOWN""]","[""STRAIGHT AHEAD""]","[""OTHER (EXPLAIN IN NARRATIVE)""]","[""1""]","[""E""]","[""1"", ""2""]","[""DRIVER""]","[""UNKNOWN""]","[""2063910"", ""2063916""]","[""OTHER"", ""VAN/MINI-VAN""]","[""CONSTRUCTION/MAINTENANCE"", ""TOW TRUCK""]","[""2022""]",[],[],"[""Y""]",[],[],[],"[""Y""]",[],[],"[""N""]",[],[],[],[],[],[],['28'],"[""DEPLOYMENT UNKNOWN"", ""DID NOT DEPLOY""]","[""TEST NOT OFFERED""]","[""CHICAGO""]","[""2025-10-06T22:45:00.000""]","[""NONE"", ""UNKNOWN""]","[""UNKNOWN""]","[""C""]","[""IL""]","[""NONE""]",[],"[""O2165113"", ""O2165114""]","[""DRIVER""]","[""NORMAL"", ""UNKNOWN""]","[""SAFETY BELT USED"", ""USAGE UNKNOWN""]","[""M""]","[""IL""]","[""2063910"", ""2063916""]",[],[],[],[],[],[],[],2025,10,22,6,False,evening,41.77,-87.7,41.77_-87.7,28.0,28,28,OTHER,0
STRAIGHT AND LEVEL,814,2025-10-06 22:33:00,2,22,10,E5097B4A711F58797636F3606DBC9B78A6A6F84A4465BBD6FA48AB5F8344BAE4001B95E552CA4B30EF6A06387A664BEE7EBD6DBFF8D2F8F3D9C157741F17166E,NO INJURY / DRIVE AWAY,"OVER $1,500",NO CONTROLS,FIXED OBJECT,41.7986720327,"DARKNESS, LIGHTED ROAD",-87.7435987784,1,30,WEATHER,NO DEFECTS,WET,NOT APPLICABLE,S,5414,NO CONTROLS,NOT DIVIDED,RAIN,1.0,0.0,0.0,0.0,0.0,1.0,1,1,[],[],"[""Y""]","[""2025-10-06T22:33:00.000""]","[""2165102""]","[""TOTAL (ALL AREAS)""]","[""IL""]","[""CHEVROLET""]","[""STRAIGHT AHEAD""]","[""OTHER (EXPLAIN IN NARRATIVE)""]","[""1""]","[""W""]","[""1""]","[""DRIVER""]","[""NONE""]","[""2063896""]","[""PICKUP""]","[""PERSONAL""]","[""2007""]",[],[],[],[],[],[],[],"[""Y""]",[],[],[],"[""Y""]",[],[],[],[],['17'],"[""DID NOT DEPLOY""]","[""TEST NOT OFFERED""]","[""CHICAGO""]","[""2025-10-06T22:33:00.000""]","[""OTHER""]","[""NOT OBSCURED""]","[""D""]","[""IL""]","[""NONE""]",[],"[""O2165102""]","[""DRIVER""]","[""NORMAL""]","[""SAFETY BELT USED""]","[""M""]","[""IL""]","[""2063896""]","[""60638""]",[],[],[],[],[],[],2025,10,22,6,False,evening,41.8,-87.74,41.8_-87.74,17.0,17,17,WEATHER-RELATED,0
STRAIGHT AND LEVEL,813,2025-10-06 22:30:00,2,22,10,8CFE9B387CDC7B641E817667DB2AB4565A5A18AD95F96F55DD4769C1C040AF9756DAFACA9F5775A37BA20317C78DC98A98D3885B80246E9701735EFE8EAEAF9F,NO INJURY / DRIVE AWAY,"$501 - $1,500",NO CONTROLS,REAR END,41.7783487421,"DARKNESS, LIGHTED ROAD",-87.7397833749,2,30,FOLLOWING TOO CLOSELY,NO DEFECTS,WET,UNABLE TO DETERMINE,W,4659,NO CONTROLS,NOT DIVIDED,RAIN,0.0,0.0,0.0,0.0,0.0,1.0,1,1,"[""Y""]",[],"[""Y""]","[""2025-10-06T22:30:00.000""]","[""2165183"", ""2165184""]","[""FRONT"", ""REAR""]","[""IL""]","[""CHEVROLET"", ""JEEP""]","[""STRAIGHT AHEAD""]","[""CHEROKEE"", ""IMPALA""]","[""1""]","[""E""]","[""1"", ""2""]","[""DRIVER""]","[""NONE""]","[""2063977"", ""2063978""]","[""PASSENGER"", ""SPORT UTILITY VEHICLE (SUV)""]","[""PERSONAL""]","[""2019""]",[],[],"[""Y""]",[],[],"[""Y""]",[],[],[],[],[],[],[],"[""Y""]","[""Y""]",[],['26'],"[""DEPLOYMENT UNKNOWN"", ""DID NOT DEPLOY""]","[""TEST NOT OFFERED""]","[""CHICAGO""]","[""2025-10-06T22:30:00.000""]","[""FOLLOWED TOO CLOSELY"", ""NONE""]","[""NOT OBSCURED"", ""UNKNOWN""]","[""D""]","[""IL""]","[""NONE""]",[],"[""O2165183"", ""O2165184""]","[""DRIVER""]","[""UNKNOWN""]","[""SAFETY BELT USED"", ""USAGE UNKNOWN""]","[""M""]","[""IL""]","[""2063977"", ""2063978""]","[""60629""]",[],[],[],[],[],[],2025,10,22,6,False,evening,41.78,-87.74,41.78_-87.74,26.0,26,26,FOLLOWING TOO CLOSELY,0
STRAIGHT AND LEVEL,2212,2025-10-06 22:30:00,2,22,10,3A7123C903B2DEECB717B00DBE97D101ADB427EB206A4FDBEB64706BB1AF3F3C86B776AE85D7E905440812D94DBFA1C01B30D3CE9635296A12B6C94049D29C67,INJURY AND / OR TOW DUE TO CRASH,"OVER $1,500",NO CONTROLS,REAR END,41.693153943,"DARKNESS, LIGHTED ROAD",-87.6689348195,4,35,WEATHER,NO DEFECTS,WET,FOLLOWING TOO CLOSELY,W,1901,NO CONTROLS,ONE-WAY,RAIN,0.0,0.0,0.0,0.0,0.0,1.0,2,2,"[""Y""]","[""Y""]","[""Y""]","[""2025-10-06T22:30:00.000""]","[""2170716"", ""2170717"", ""2170718"", ""2170719""]","[""FRONT"", ""NONE""]","[""IL"", ""WI""]","[""CHEVROLET"", ""DODGE"", ""HUMMER""]","[""PARKED"", ""STRAIGHT AHEAD""]","[""CARAVAN"", ""H2"", ""RAM CHARGER"", ""TAHOE""]","[""0"", ""1""]","[""E""]","[""1"", ""2"", ""3"", ""4""]","[""DRIVER"", ""PARKED""]","[""UNKNOWN""]","[""2069212"", ""2069213"", ""2069214"", ""2069215""]","[""PASSENGER""]","[""NOT IN USE"", ""PERSONAL""]","[""2003"", ""2008"", ""2011"", ""2013""]","[""Y""]","[""Y""]","[""Y""]","[""private tow""]","[""Y""]","[""Y""]",[],"[""Y""]","[""Y""]",[],[],"[""Y""]","[""Y""]","[""Y""]","[""Y""]",[],"['20', '49']","[""DEPLOYMENT UNKNOWN"", ""NOT APPLICABLE""]","[""TEST NOT OFFERED""]","[""GARY""]","[""2025-10-06T22:30:00.000""]","[""FOLLOWED TOO CLOSELY"", ""NONE""]","[""UNKNOWN""]","[""D""]","[""IL"", ""IN""]","[""NONE""]",[],"[""O2170716"", ""O2170717""]","[""DRIVER""]","[""UNKNOWN""]","[""USAGE UNKNOWN""]","[""F"", ""M""]","[""IN""]","[""2069212"", ""2069213""]","[""46409""]",[],[],[],[],[],[],2025,10,22,6,False,evening,41.69,-87.67,41.69_-87.67,34.5,20,49,WEATHER-RELATED,0
STRAIGHT AND LEVEL,1032,2025-10-06 22:30:00,2,22,10,09C4EB92C1A921B12E76891BFCEC2CCB16CB8CFC802759A54C9F65BB90CEB2A97E8FA0CD7A95C23E0C78700A0532131A556E48AF695EC6949204492775A609AD,NO INJURY / DRIVE AWAY,"OVER $1,500",FUNCTIONING PROPERLY,REAR END,41.8389179152,"DARKNESS, LIGHTED ROAD",-87.7086830714,2,25,FAILING TO REDUCE SPEED TO AVOID CRASH,NO DEFECTS,WET,UNABLE TO DETERMINE,S,3000,STOP SIGN/FLASHER,FOUR WAY,RAIN,0.0,1.0,1.0,0.0,0.0,1.0,1,2,[],[],"[""Y""]","[""2025-10-06T22:30:00.000""]","[""2165109"", ""2165110""]","[""FRONT"", ""REAR""]","[""IL""]","[""CHEVROLET"", ""FORD""]","[""STRAIGHT AHEAD""]","[""ESCAPE"", ""SUBURBAN""]","[""2"", ""3""]","[""S""]","[""1"", ""2""]","[""DRIVER""]","[""NONE"", ""UNKNOWN""]","[""2063900"", ""2063907""]","[""PASSENGER""]","[""RIDESHARE SERVICE"", ""UNKNOWN/NA""]","[""2024""]",[],[],[],[],[],[],[],[],[],[],"[""1"", ""2""]",[],[],[],"[""Y""]",[],"['33', '49']","[""DEPLOYMENT UNKNOWN"", ""DID NOT DEPLOY"", ""NOT APPLICABLE""]","[""TEST NOT OFFERED""]","[""CHICAGO""]","[""2025-10-06T22:30:00.000""]","[""FAILED TO YIELD"", ""NONE""]","[""NOT OBSCURED"", ""UNKNOWN""]","[""A""]","[""IL"", ""XX""]","[""NONE"", ""UNKNOWN""]",[],"[""O2165109"", ""O2165110"", ""P477805"", ""P477806"", ""P477809""]","[""DRIVER"", ""PASSENGER""]","[""NORMAL"", ""UNKNOWN""]","[""NONE PRESENT"", ""SAFETY BELT USED"", ""USAGE UNKNOWN""]","[""M"", ""X""]","[""IL""]","[""2063900"", ""2063907""]","[""60623"", ""60634""]",[],"[""3"", ""4"", ""6""]",[],[],[],[],2025,10,22,6,False,evening,41.84,-87.71,41.84_-87.71,41.0,33,49,SPEEDING,0
STRAIGHT AND LEVEL,1634,2025-10-06 22:30:00,2,22,10,9B95751E1F461D536739F07DF603E3E0E93CFEEA6FF6F943F2B9570E390F530C37737AAD7185F0704E643FA66B91D96CA2C1EB1D7BBC0EBF2304E8F4C4D4E169,NO INJURY / DRIVE AWAY,"OVER $1,500",NO CONTROLS,REAR TO FRONT,41.9453586646,"DARKNESS, LIGHTED ROAD",-87.7484645374,2,20,"OPERATING VEHICLE IN ERRATIC, RECKLESS, CARELESS, NEGLIGENT OR AGGRESSIVE MANNER",UNKNOWN,UNKNOWN,NOT APPLICABLE,W,4836,NO CONTROLS,ONE-WAY,CLEAR,0.0,1.0,0.0,0.0,0.0,1.0,1,1,"[""Y""]",[],"[""Y""]","[""2025-10-06T22:30:00.000""]","[""2165134"", ""2165138""]","[""FRONT"", ""REAR""]","[""IL""]","[""BMW"", ""JEEP""]","[""BACKING"", ""SLOW/STOP IN TRAFFIC""]","[""CHEROKEE"", ""OTHER (EXPLAIN IN NARRATIVE)""]","[""1""]","[""E"", ""W""]","[""1"", ""2""]","[""DRIVER""]","[""NONE"", ""UNKNOWN""]","[""2063923"", ""2063927""]","[""PASSENGER"", ""SPORT UTILITY VEHICLE (SUV)""]","[""UNKNOWN/NA""]","[""2024""]",[],[],"[""Y""]",[],[],[],[],[],[],[],[],[],[],[],"[""Y""]",[],['50'],"[""DEPLOYMENT UNKNOWN"", ""NOT APPLICABLE""]","[""TEST NOT OFFERED""]","[""FRANKLIN PARK""]","[""2025-10-06T22:30:00.000""]","[""IMPROPER BACKING"", ""NONE""]","[""UNKNOWN""]","[""D""]","[""IL""]","[""NONE""]",[],"[""O2165134"", ""O2165138""]","[""DRIVER""]","[""NORMAL"", ""UNKNOWN""]","[""USAGE UNKNOWN""]","[""M"", ""X""]","[""IL""]","[""2063923"", ""2063927""]","[""60131""]",[],[],[],[],[],[],2025,10,22,6,False,evening,41.95,-87.75,41.95_-87.75,50.0,50,50,OTHER,0
STRAIGHT AND LEVEL,1123,2025-10-06 22:29:00,2,22,10,AC8A19B2CC69585535F4456F9997D41796E11312D5F773E80AF6C24C062C15287486BA7A10ED1C0504BBC0BA7EE2D43BB192BABF33112370B297B784D5F1ED69,NO INJURY / DRIVE AWAY,"OVER $1,500",NO CONTROLS,PARKED MOTOR VEHICLE,41.8817191081,"DARKNESS, LIGHTED ROAD",-87.7098543924,2,30,UNABLE TO DETERMINE,NO DEFECTS,DRY,UNABLE TO DETERMINE,W,3329,NO CONTROLS,ONE-WAY,CLEAR,0.0,1.0,0.0,0.0,0.0,1.0,2,0,[],[],[],"[""2025-10-06T22:29:00.000""]","[""2165111"", ""2165112""]","[""REAR-LEFT-CORNER"", ""UNKNOWN""]","[""IL""]","[""CHEVROLET"", ""UNKNOWN""]","[""PARKED"", ""UNKNOWN/NA""]","[""OTHER (EXPLAIN IN NARRATIVE)"", ""TRAVERSE""]","[""0"", ""1""]","[""E""]","[""1"", ""2""]","[""DRIVER"", ""PARKED""]","[""UNKNOWN""]","[""2063905"", ""2063909""]","[""PASSENGER"", ""UNKNOWN/NA""]","[""PERSONAL"", ""UNKNOWN/NA""]","[""2020""]",[],[],[],[],[],"[""Y""]","[""Y""]","[""Y""]",[],[],[],"[""Y""]",[],[],"[""Y""]",[],[],"[""DEPLOYMENT UNKNOWN""]","[""TEST NOT OFFERED""]",[],"[""2025-10-06T22:29:00.000""]","[""UNKNOWN""]","[""UNKNOWN""]",[],[],"[""UNKNOWN""]",[],"[""O2165111""]","[""DRIVER""]","[""UNKNOWN""]","[""USAGE UNKNOWN""]","[""M""]",[],"[""2063905""]",[],[],[],[],[],[],[],2025,10,22,6,False,evening,41.88,-87.71,41.88_-87.71,0.0,0,0,OTHER,0
CURVE ON GRADE,1834,2025-10-06 22:20:00,2,22,10,6929C80E7EFB50CEAB3FDECE88D54F91989733226BA7ACC7C42442265FEA0FBF09157C01F3D1CF2FEEDADABB557E71D3B0102BA520CF3B4A156587BA72A21337,INJURY AND / OR TOW DUE TO CRASH,"OVER $1,500",FUNCTIONING PROPERLY,FIXED OBJECT,41.8912006674,"DARKNESS, LIGHTED ROAD",-87.6155197782,1,5,FAILING TO REDUCE SPEED TO AVOID CRASH,NO DEFECTS,DRY,FAILING TO REDUCE SPEED TO AVOID CRASH,E,456,OTHER,PARKING LOT,CLEAR,1.0,0.0,0.0,0.0,0.0,1.0,1,1,"[""Y""]",[],"[""Y""]","[""2025-10-06T22:20:00.000""]","[""2165135""]","[""FRONT""]","[""OH""]","[""MERCEDES-BENZ""]","[""STRAIGHT AHEAD""]","[""OTHER (EXPLAIN IN NARRATIVE)""]","[""1""]","[""E""]","[""1""]","[""DRIVER""]","[""UNKNOWN""]","[""2063932""]","[""PASSENGER""]","[""PERSONAL""]","[""2005""]",[],[],"[""Y""]",[],"[""N""]",[],[],[],[],[],[],[],[],[],[],[],['56'],"[""DEPLOYED, FRONT""]","[""TEST NOT OFFERED""]","[""CHICAGO""]","[""2025-10-06T22:20:00.000""]","[""TOO FAST FOR CONDITIONS""]","[""UNKNOWN""]","[""D""]","[""IL""]","[""NONE""]",[],"[""O2165135""]","[""DRIVER""]","[""UNKNOWN""]","[""USAGE UNKNOWN""]","[""M""]","[""IL""]","[""2063932""]","[""60622""]",[],[],[],[],[],[],2025,10,22,6,False,evening,41.89,-87.62,41.89_-87.62,56.0,56,56,SPEEDING,1
STRAIGHT AND LEVEL,1631,2025-10-06 22:18:00,2,22,10,F6DDABAE073FA3F23ED72005D1A3B8DA691016FA228CF4E8881CB22C533969559C16ABC38970BDD8E3394140F43F6145BE0E2C5F173A42533DE7B57D008C8B44,NO INJURY / DRIVE AWAY,"OVER $1,500",NO CONTROLS,PARKED MOTOR VEHICLE,41.9455571048,"DARKNESS, LIGHTED ROAD",-87.8132786335,3,20,UNABLE TO DETERMINE,NO DEFECTS,WET,UNABLE TO DETERMINE,N,3612,NO CONTROLS,ONE-WAY,CLOUDY/OVERCAST,0.0,0.0,0.0,0.0,0.0,1.0,2,1,"[""Y""]",[],"[""Y""]","[""2025-10-06T22:18:00.000""]","[""2165115"", ""2165116"", ""2165117""]","[""FRONT"", ""REAR""]","[""IL""]","[""BMW"", ""HONDA"", ""HYUNDAI""]","[""PARKED"", ""STRAIGHT AHEAD""]","[""ACCORD"", ""OTHER (EXPLAIN IN NARRATIVE)"", ""X5""]","[""0"", ""1""]","[""N""]","[""1"", ""2"", ""3""]","[""DRIVER"", ""PARKED""]","[""BRAKES"", ""UNKNOWN""]","[""2063911"", ""2063913"", ""2063914""]","[""PASSENGER"", ""SPORT UTILITY VEHICLE (SUV)""]","[""PERSONAL""]","[""2010"", ""2016"", ""2025""]",[],[],"[""Y""]",[],[],"[""Y""]",[],[],[],[],[],[],[],"[""Y""]","[""Y""]",[],['18'],"[""DEPLOYMENT UNKNOWN""]","[""TEST NOT OFFERED""]","[""RIVER GROVE""]","[""2025-10-06T22:18:00.000""]","[""UNKNOWN""]","[""UNKNOWN""]","[""D""]","[""IL""]","[""NONE""]",[],"[""O2165115""]","[""DRIVER""]","[""NORMAL""]","[""SAFETY BELT USED""]","[""M""]","[""IL""]","[""2063911""]","[""60171""]",[],[],[],[],[],[],2025,10,22,6,False,evening,41.95,-87.81,41.95_-87.81,18.0,18,18,OTHER,0