alignment,beat_of_occurrence,crash_date,crash_day_of_week,crash_hour,crash_month,crash_record_id,crash_type,damage,device_condition,first_crash_type,latitude,lighting_condition,longitude,num_units,posted_speed_limit,prim_contributory_cause,road_defect,roadway_surface_cond,sec_contributory_cause,street_direction,street_no,traffic_control_device,trafficway_type,weather_condition,private_property_i,hit_and_run_i,intersection_related_i,crash_date_est_i,work_zone_i,workers_present_i,veh_count,ppl_count,veh_area_01_i_list_json,veh_area_02_i_list_json,veh_area_12_i_list_json,veh_crash_date_list_json,veh_crash_unit_id_list_json,veh_first_contact_point_list_json,veh_lic_plate_state_list_json,veh_make_list_json,veh_maneuver_list_json,veh_model_list_json,veh_occupant_cnt_list_json,veh_travel_direction_list_json,veh_unit_no_list_json,veh_unit_type_list_json,veh_vehicle_defect_list_json,veh_vehicle_id_list_json,veh_vehicle_type_list_json,veh_vehicle_use_list_json,veh_vehicle_year_list_json,veh_area_03_i_list_json,veh_area_04_i_list_json,veh_area_11_i_list_json,veh_towed_by_list_json,veh_towed_i_list_json,veh_area_07_i_list_json,veh_area_99_i_list_json,veh_area_09_i_list_json,veh_area_10_i_list_json,veh_cmrc_veh_i_list_json,veh_num_passengers_list_json,veh_area_08_i_list_json,veh_area_00_i_list_json,veh_area_05_i_list_json,veh_area_06_i_list_json,veh_towed_to_list_json,ppl_age_list_json,ppl_airbag_deployed_list_json,ppl_bac_result_list_json,ppl_city_list_json,ppl_crash_date_list_json,ppl_driver_action_list_json,ppl_driver_vision_list_json,ppl_drivers_license_class_list_json,ppl_drivers_license_state_list_json,ppl_ejection_list_json,ppl_hospital_list_json,ppl_person_id_list_json,ppl_person_type_list_json,ppl_physical_condition_list_json,ppl_safety_equipment_list_json,ppl_sex_list_json,ppl_state_list_json,ppl_vehicle_id_list_json,ppl_zipcode_list_json,ppl_ems_agency_list_json,ppl_seat_no_list_json,ppl_pedpedal_action_list_json,ppl_pedpedal_location_list_json,ppl_pedpedal_visibility_list_json,ppl_ems_run_no_list_json,year,month,hour,day,is_weekend,hour_bin,lat_bin,lng_bin,grid_id,ppl_age_mean,ppl_age_min,ppl_age_max,prim_contributory_cause_group,ksi_flag
STRAIGHT AND LEVEL,1135,2025-10-06 22:15:00,2,22,10,0D114C91CC2EA0A88769D4B2B224F4C7113B98B993627819E99C724826A5E280EEE2C82258EB74384F946052A6FAC1110982EA085709FBCFEC378647C347E56D,NO INJURY / DRIVE AWAY,"$501 - $1,500",NO CONTROLS,FIXED OBJECT,41.8693404973,"DARKNESS, LIGHTED ROAD",-87.6959146374,1,30,UNABLE TO DETERMINE,NO DEFECTS,DRY,NOT APPLICABLE,W,2798,NO CONTROLS,RAMP,CLEAR,1.0,0.0,0.0,0.0,0.0,1.0,1,0,[],[],[],"[""2025-10-06T22:15:00.000""]","[""2165609""]","[""REAR""]","[""IN""]","[""FORD""]","[""DISABLED""]","[""F100""]","[""0""]","[""S""]","[""1""]","[""DISABLED VEHICLE""]","[""NONE""]","[""2064545""]","[""TRUCK - SINGLE UNIT""]","[""NOT IN USE""]","[""2017""]",[],[],[],[],[],[],[],[],[],[],[],[],[],[],"[""Y""]",[],[],"[""DID NOT DEPLOY""]","[""TEST NOT OFFERED""]","[""CHICAGO""]","[""2025-10-07T08:00:00.000""]","[""UNKNOWN""]","[""UNKNOWN""]","[""D""]","[""IL""]","[""NONE""]",[],"[""O2161905"", ""O2161906""]","[""DRIVER""]","[""NORMAL""]","[""USAGE UNKNOWN""]","[""F"", ""M""]","[""IL""]",[],[],[],[],[],[],[],[],2025,10,22,6,False,evening,41.87,-87.7,41.87_-87.7,0.0,0,0,OTHER,0
STRAIGHT AND LEVEL,1421,2025-10-06 22:10:00,2,22,10,E8BF458CB850F6FF8309A263572C2C7E625067725CAF1C946228A29B5268569EF7A2A0BC5A51F505EEF5168502D0E3C0EA9BF8385A5C7607D19D73E7A092A8CF,INJURY AND / OR TOW DUE TO CRASH,"OVER $1,500",NO CONTROLS,TURNING,41.9173802074,"DARKNESS, LIGHTED ROAD",-87.6971377611,2,30,UNABLE TO DETERMINE,UNKNOWN,DRY,UNABLE TO DETERMINE,W,2799,TRAFFIC SIGNAL,FOUR WAY,CLEAR,0.0,1.0,1.0,0.0,0.0,1.0,1,2,[],[],"[""Y""]","[""2025-10-06T22:10:00.000""]","[""2165130"", ""2165131""]","[""FRONT-LEFT-CORNER""]","[""IL""]","[""KIA"", ""UNKNOWN""]","[""TURNING LEFT"", ""TURNING RIGHT""]","[""OPTIMA / K5"", ""OTHER (EXPLAIN IN NARRATIVE)""]","[""1"", ""2""]","[""N"", ""W""]","[""1"", ""2""]","[""DRIVER""]","[""UNKNOWN""]","[""2063931"", ""2063943""]","[""PASSENGER"", ""UNKNOWN/NA""]","[""PERSONAL"", ""UNKNOWN/NA""]","[""2012""]",[],[],"[""Y""]",[],"[""Y""]",[],[],[],"[""Y""]",[],"[""1""]",[],[],[],[],[],"['25', '53']","[""DEPLOYMENT UNKNOWN"", ""NOT APPLICABLE""]","[""TEST NOT OFFERED""]","[""CHICAGO""]","[""2025-10-06T22:10:00.000""]","[""NONE"", ""UNKNOWN""]","[""NOT OBSCURED"", ""UNKNOWN""]","[""D""]","[""IL""]","[""NONE""]",[],"[""O2165130"", ""O2165131"", ""P477812""]","[""DRIVER"", ""PASSENGER""]","[""NORMAL"", ""UNKNOWN""]","[""USAGE UNKNOWN""]","[""F"", ""M"", ""X""]","[""IL""]","[""2063931"", ""2063943""]","[""60651""]",[],"[""3""]",[],[],[],[],2025,10,22,6,False,evening,41.92,-87.7,41.92_-87.7,39.0,25,53,OTHER,0
STRAIGHT AND LEVEL,1824,2025-10-06 22:05:00,2,22,10,EB53B3A08DAD9096A3559B28D150133391B2335895788239F93A997F1D97743158DE2CE33F4F757DCB13A1DB8E48BA40A195CC2A552F8A152641434620CF6DC9,INJURY AND / OR TOW DUE TO CRASH,"OVER $1,500",NO CONTROLS,REAR END,41.9009589191,"DARKNESS, LIGHTED ROAD",-87.6199281737,2,25,FOLLOWING TOO CLOSELY,NO DEFECTS,WET,UNABLE TO DETERMINE,N,1000,NO CONTROLS,DIVIDED - W/MEDIAN BARRIER,RAIN,0.0,0.0,0.0,0.0,0.0,1.0,1,0,[],[],"[""Y""]","[""2025-10-06T22:05:00.000""]","[""2165122"", ""2165123""]","[""FRONT-LEFT-CORNER"", ""REAR-RIGHT-CORNER""]","[""IL"", ""KY""]","[""DODGE"", ""MAZDA""]","[""STRAIGHT AHEAD""]","[""CX-9"", ""RAM 1500 PU""]","[""1""]","[""S""]","[""1"", ""2""]","[""DRIVER""]","[""NONE""]","[""2063918"", ""2063921""]","[""PICKUP"", ""SPORT UTILITY VEHICLE (SUV)""]","[""PERSONAL""]","[""2024"", ""2025""]",[],"[""Y""]","[""Y""]","[""by owner""]","[""N"", ""Y""]",[],[],[],"[""Y""]",[],[],[],[],"[""Y""]","[""Y""]","[""by owner""]",[],"[""DEPLOYED, FRONT"", ""NOT APPLICABLE""]","[""TEST NOT OFFERED""]","[""CHICAGO"", ""WILLOWBROOK""]","[""2025-10-06T22:05:00.000""]","[""UNKNOWN""]","[""NOT OBSCURED"", ""UNKNOWN""]","[""DL""]","[""IL""]","[""NONE""]",[],"[""O2165122"", ""O2165123""]","[""DRIVER""]","[""NORMAL""]","[""NONE PRESENT"", ""SAFETY BELT USED""]","[""M""]","[""IL""]","[""2063918"", ""2063921""]","[""60527"", ""60645""]",[],[],[],[],[],[],2025,10,22,6,False,evening,41.9,-87.62,41.9_-87.62,0.0,0,0,FOLLOWING TOO CLOSELY,0
STRAIGHT AND LEVEL,825,2025-10-06 22:03:00,2,22,10,3F1485324F7EE20CB1835BB4764C593099D385283C67568BE2F71A4E64E846589F20734FB5148B2D27C9A8B97B916B4BAAF0E720B524977FDBFBCE0712C62759,INJURY AND / OR TOW DUE TO CRASH,"$501 - $1,500",FUNCTIONING PROPERLY,REAR END,41.7791234838,"DARKNESS, LIGHTED ROAD",-87.6837830986,2,30,FAILING TO REDUCE SPEED TO AVOID CRASH,NO DEFECTS,DRY,DISREGARDING TRAFFIC SIGNALS,S,6300,TRAFFIC SIGNAL,NOT DIVIDED,CLEAR,0.0,0.0,0.0,0.0,0.0,1.0,1,2,"[""Y""]",[],"[""Y""]","[""2025-10-06T22:03:00.000""]","[""2165132"", ""2165133""]","[""FRONT"", ""REAR""]","[""IL""]","[""FORD"", ""HYUNDAI""]","[""OTHER"", ""STRAIGHT AHEAD""]","[""ELANTRA"", ""ESCAPE""]","[""1""]","[""S""]","[""1"", ""2""]","[""DRIVER""]","[""UNKNOWN""]","[""2063925"", ""2063930""]","[""PASSENGER"", ""SPORT UTILITY VEHICLE (SUV)""]","[""PERSONAL""]","[""2004"", ""2016""]",[],[],"[""N"", ""Y""]",[],[],"[""Y""]","[""Y""]",[],[],[],[],[],[],"[""Y""]","[""Y""]",[],"['30', '39']","[""DEPLOYMENT UNKNOWN"", ""DID NOT DEPLOY""]","[""TEST NOT OFFERED""]","[""CHICAGO""]","[""2025-10-06T22:03:00.000""]","[""FAILED TO YIELD"", ""NONE""]","[""UNKNOWN""]","[""D""]","[""IL""]","[""NONE""]","[""HOLY CROSS HOSPITAL""]","[""O2165132"", ""O2165133""]","[""DRIVER""]","[""NORMAL"", ""UNKNOWN""]","[""SAFETY BELT USED"", ""USAGE UNKNOWN""]","[""M""]","[""IL""]","[""2063925"", ""2063930""]","[""60623"", ""60636""]",[],[],[],[],[],[],2025,10,22,6,False,evening,41.78,-87.68,41.78_-87.68,34.5,30,39,SPEEDING,1
STRAIGHT AND LEVEL,1532,2025-10-06 22:00:00,2,22,10,EDF9C0179626DE07341D8F35DB5690BECAEA6EBB6B67C5153DF7FD95A914123A57147DCC99DCBD5D24CA4EBFC001DBEE32D594E423A87C705C70B05150A1B398,NO INJURY / DRIVE AWAY,"OVER $1,500",NO CONTROLS,PARKED MOTOR VEHICLE,41.8905726737,DARKNESS,-87.7471421822,2,30,UNABLE TO DETERMINE,UNKNOWN,UNKNOWN,UNABLE TO DETERMINE,W,4834,NO CONTROLS,ONE-WAY,RAIN,0.0,1.0,0.0,0.0,0.0,1.0,2,0,[],[],[],"[""2025-10-06T22:00:00.000""]","[""2166182"", ""2166183""]","[""REAR"", ""UNKNOWN""]","[""IL""]","[""BUICK"", ""UNKNOWN""]","[""PARKED"", ""UNKNOWN/NA""]","[""OTHER (EXPLAIN IN NARRATIVE)"", ""RENDEZVOUS""]","[""0"", ""1""]","[""W""]","[""1"", ""2""]","[""DRIVER"", ""PARKED""]","[""UNKNOWN""]","[""2064908"", ""2064914""]","[""PASSENGER"", ""UNKNOWN/NA""]","[""UNKNOWN/NA""]","[""2005""]",[],[],[],[],[],"[""Y""]",[],[],[],[],[],[],[],"[""Y""]","[""Y""]",[],[],"[""DEPLOYMENT UNKNOWN""]","[""TEST NOT OFFERED""]",[],"[""2025-10-06T22:00:00.000""]","[""UNKNOWN""]","[""UNKNOWN""]",[],[],"[""UNKNOWN""]",[],"[""O2166182""]","[""DRIVER""]","[""UNKNOWN""]","[""USAGE UNKNOWN""]","[""X""]",[],"[""2064908""]",[],[],[],[],[],[],[],2025,10,22,6,False,evening,41.89,-87.75,41.89_-87.75,0.0,0,0,OTHER,0
STRAIGHT AND LEVEL,923,2025-10-06 22:00:00,2,22,10,B719470D56BFA723ECEA4E53D8B44B0D53DE880A2DA7ADC7F5C2C84C8BD87EB47A987EF00EA2523DAE040A524F6A8B160518FB7A53E56763E4A44DC863E01324,INJURY AND / OR TOW DUE TO CRASH,"OVER $1,500",NO CONTROLS,PARKED MOTOR VEHICLE,41.799009178,UNKNOWN,-87.6974652696,2,30,UNABLE TO DETERMINE,NO DEFECTS,WET,UNABLE TO DETERMINE,S,5201,NO CONTROLS,ONE-WAY,RAIN,0.0,1.0,0.0,1.0,0.0,1.0,2,0,[],[],[],"[""2025-10-06T22:00:00.000""]","[""2165433"", ""2165434""]","[""FRONT"", ""REAR""]","[""IL""]","[""JEEP"", ""UNKNOWN""]","[""PARKED"", ""STRAIGHT AHEAD""]","[""CHEROKEE"", ""OTHER (EXPLAIN IN NARRATIVE)""]","[""0"", ""1""]","[""S""]","[""1"", ""2""]","[""DRIVER"", ""PARKED""]","[""NONE"", ""UNKNOWN""]","[""2064210"", ""2064219""]","[""PASSENGER"", ""UNKNOWN/NA""]","[""PERSONAL"", ""UNKNOWN/NA""]","[""2015""]",[],"[""Y""]",[],"[""INFAMOUS TOW""]","[""Y""]","[""Y""]","[""Y""]",[],[],[],[],[],[],"[""Y""]","[""Y""]","[""3922 S EMERALD""]",[],"[""DEPLOYMENT UNKNOWN""]","[""TEST NOT OFFERED""]",[],"[""2025-10-06T22:00:00.000""]","[""FAILED TO YIELD""]","[""UNKNOWN""]",[],[],"[""NONE""]",[],"[""O2165433""]","[""DRIVER""]","[""UNKNOWN""]","[""USAGE UNKNOWN""]","[""X""]",[],"[""2064210""]",[],[],[],[],[],[],[],2025,10,22,6,False,evening,41.8,-87.7,41.8_-87.7,0.0,0,0,OTHER,0
STRAIGHT AND LEVEL,1623,2025-10-06 21:45:00,2,21,10,28BB88B2420060EBC1FCC9FAD872A53DC7EC11EAF5E807117426F6B517B5F48CA4A436AE7E2FFBEA8A1B199B8607BE349285D86E51B6B5AE273023D98FD0CBFA,NO INJURY / DRIVE AWAY,"OVER $1,500",NO CONTROLS,REAR END,41.9681329619,"DARKNESS, LIGHTED ROAD",-87.7480531882,2,30,UNABLE TO DETERMINE,UNKNOWN,WET,UNABLE TO DETERMINE,W,4800,STOP SIGN/FLASHER,NOT DIVIDED,RAIN,0.0,0.0,0.0,0.0,0.0,1.0,1,2,"[""Y""]",[],"[""Y""]","[""2025-10-06T21:45:00.000""]","[""2165164"", ""2165165""]","[""FRONT"", ""REAR""]","[""IL"", ""IN""]","[""TOYOTA"", ""VOLKSWAGEN""]","[""STRAIGHT AHEAD""]","[""ATLAS"", ""PRIUS""]","[""1""]","[""E""]","[""1"", ""2""]","[""DRIVER""]","[""UNKNOWN""]","[""2063959"", ""2063960""]","[""PASSENGER""]","[""PERSONAL""]","[""2008"", ""2021""]",[],[],"[""Y""]",[],[],"[""Y""]",[],[],[],[],[],[],[],"[""Y""]","[""Y""]",[],"['34', '40']","[""DID NOT DEPLOY""]","[""TEST NOT OFFERED""]","[""EAST CHICAGO"", ""SKOKIE""]","[""2025-10-06T21:45:00.000""]","[""OTHER""]","[""UNKNOWN""]","[""D""]","[""IL"", ""IN""]","[""NONE""]",[],"[""O2165164"", ""O2165165""]","[""DRIVER""]","[""NORMAL"", ""UNKNOWN""]","[""SAFETY BELT USED"", ""USAGE UNKNOWN""]","[""M""]","[""IL"", ""IN""]","[""2063959"", ""2063960""]","[""46312"", ""60077""]",[],[],[],[],[],[],2025,10,21,6,False,evening,41.97,-87.75,41.97_-87.75,37.0,34,40,OTHER,0
STRAIGHT AND LEVEL,2213,2025-10-06 21:42:00,2,21,10,D10CD1F2BB258820C48019C980DEEE6F6108CA352DEB885D9AA1A2895D96D143285B6E4C8D2C9938039DAE5B37A123BB6CDE5ADB26BDCE693F7DC4D6B1A94A85,NO INJURY / DRIVE AWAY,"$501 - $1,500",FUNCTIONING PROPERLY,TURNING,41.7141054836,"DARKNESS, LIGHTED ROAD",-87.6603584835,2,30,HAD BEEN DRINKING (USE WHEN ARREST IS NOT MADE),NO DEFECTS,WET,PHYSICAL CONDITION OF DRIVER,W,1500,TRAFFIC SIGNAL,FOUR WAY,RAIN,0.0,1.0,1.0,0.0,0.0,1.0,1,1,"[""Y""]",[],[],"[""2025-10-06T21:42:00.000""]","[""2165096"", ""2165097""]","[""FRONT-RIGHT-CORNER"", ""SIDE-LEFT""]","[""IL""]","[""KIA"", ""NISSAN""]","[""STRAIGHT AHEAD"", ""TURNING RIGHT""]","[""MURANO"", ""OPTIMA / K5""]","[""1""]","[""S"", ""W""]","[""1"", ""2""]","[""DRIVER""]","[""NONE"", ""UNKNOWN""]","[""2063888"", ""2063891""]","[""PASSENGER""]","[""PERSONAL""]","[""2012"", ""2016""]",[],[],[],[],[],[],[],"[""Y""]",[],[],[],[],[],[],[],[],['46'],"[""DID NOT DEPLOY""]","[""TEST NOT OFFERED""]","[""CHICAGO""]","[""2025-10-06T21:42:00.000""]","[""IMPROPER TURN"", ""NONE""]","[""NOT OBSCURED"", ""UNKNOWN""]","[""D""]","[""IL""]","[""NONE""]",[],"[""O2165096"", ""O2165097""]","[""DRIVER""]","[""HAD BEEN DRINKING"", ""NORMAL""]","[""SAFETY BELT USED"", ""USAGE UNKNOWN""]","[""F""]","[""IL""]","[""2063888"", ""2063891""]","[""60636""]",[],[],[],[],[],[],2025,10,21,6,False,evening,41.71,-87.66,41.71_-87.66,46.0,46,46,OTHER,0
STRAIGHT AND LEVEL,1935,2025-10-06 21:35:00,2,21,10,AF830246542078FB91752DC6F674DB7E609F331E345F15519CDE63F3EBC131DDC8F9A9236A57107938ADC5703E75C28DF5AECFEF37EF459CB258D1F38AD5F67F,NO INJURY / DRIVE AWAY,"$501 - $1,500",NO CONTROLS,SIDESWIPE SAME DIRECTION,41.9290909254,UNKNOWN,-87.6427172852,2,30,NOT APPLICABLE,UNKNOWN,UNKNOWN,NOT APPLICABLE,N,2552,NO CONTROLS,NOT DIVIDED,CLEAR,0.0,1.0,0.0,0.0,0.0,1.0,1,1,[],[],[],"[""2025-10-06T21:35:00.000""]","[""2165100"", ""2165101""]","[""FRONT-LEFT-CORNER"", ""SIDE-RIGHT-REAR""]","[""IL""]","[""TOYOTA""]","[""OTHER""]","[""AVALON"", ""PRIUS""]","[""1""]","[""S""]","[""1"", ""2""]","[""DRIVER""]","[""UNKNOWN""]","[""2063898"", ""2063902""]","[""PASSENGER""]","[""UNKNOWN/NA""]","[""2014""]",[],"[""Y""]","[""Y""]",[],[],[],[],[],"[""Y""]",[],[],[],[],"[""Y""]",[],[],['61'],"[""DEPLOYMENT UNKNOWN"", ""NOT APPLICABLE""]","[""TEST NOT OFFERED""]","[""CHICAGO""]","[""2025-10-06T21:35:00.000""]","[""OTHER""]","[""NOT OBSCURED"", ""UNKNOWN""]","[""AM""]","[""IL""]","[""NONE""]",[],"[""O2165100"", ""O2165101""]","[""DRIVER""]","[""NORMAL"", ""UNKNOWN""]","[""SAFETY BELT USED"", ""USAGE UNKNOWN""]","[""M""]","[""IL""]","[""2063898"", ""2063902""]","[""60611""]",[],[],[],[],[],[],2025,10,21,6,False,evening,41.93,-87.64,41.93_-87.64,61.0,61,61,OTHER,0
STRAIGHT AND LEVEL,123,2025-10-06 21:28:00,2,21,10,D0AF54EE8DA2F385767AB7E8746846A088DBE144E091FEFA2D820D969DA129CC91F9F818D777425E32992718EC73A098FD9AEF728A0F36C478CF2BFF67D7E0B5,NO INJURY / DRIVE AWAY,"OVER $1,500",NO CONTROLS,PARKED MOTOR VEHICLE,41.8727988694,"DARKNESS, LIGHTED ROAD",-87.6243378103,2,10,IMPROPER OVERTAKING/PASSING,NO DEFECTS,WET,IMPROPER LANE USAGE,S,720,NO CONTROLS,DRIVEWAY,RAIN,1.0,0.0,0.0,0.0,0.0,1.0,2,2,[],[],[],"[""2025-10-06T21:28:00.000""]","[""2165088"", ""2165089""]","[""FRONT-LEFT-CORNER"", ""SIDE-RIGHT-REAR""]","[""IL""]","[""HYUNDAI"", ""TOYOTA""]","[""PARKED"", ""PASSING/OVERTAKING""]","[""CAMRY"", ""GENESIS""]","[""1""]","[""SW""]","[""1"", ""2""]","[""DRIVER"", ""PARKED""]","[""NONE""]","[""2063880"", ""2063884""]","[""PASSENGER""]","[""PERSONAL""]","[""2017"", ""2023""]","[""Y""]","[""Y""]","[""Y""]",[],[],[],[],[],[],[],"[""1""]",[],[],"[""Y""]",[],[],"['22', '42']","[""NOT APPLICABLE""]","[""TEST NOT OFFERED""]","[""BATAVIA"", ""GLENDALE HEIGHTS""]","[""2025-10-06T21:28:00.000""]","[""IMPROPER PARKING""]","[""NOT OBSCURED""]","[""D""]","[""IL""]","[""NONE""]",[],"[""O2165088"", ""P477816""]","[""DRIVER"", ""PASSENGER""]","[""NORMAL""]","[""SAFETY BELT USED""]","[""M""]","[""IL""]","[""2063880"", ""2063884""]","[""60139"", ""60510""]",[],"[""1""]",[],[],[],[],2025,10,21,6,False,evening,41.87,-87.62,41.87_-87.62,32.0,22,42,OTHER,0
STRAIGHT AND LEVEL,131,2025-10-06 21:24:00,2,21,10,7B4610DCE43E4865EE6CF6B0F7A98EE02B8186213D24815A0C2FC1188BE9DFBC417A76648800535501A4F449B7E05B2CC7249A9E484728A6A8E8C08A44797FEC,NO INJURY / DRIVE AWAY,"$501 - $1,500",FUNCTIONING PROPERLY,REAR END,41.8673210997,"DARKNESS, LIGHTED ROAD",-87.6259539918,2,30,FOLLOWING TOO CLOSELY,UNKNOWN,UNKNOWN,UNABLE TO DETERMINE,E,31,TRAFFIC SIGNAL,FOUR WAY,CLEAR,0.0,0.0,0.0,0.0,0.0,1.0,1,1,[],[],[],"[""2025-10-06T21:24:00.000""]","[""2165103"", ""2165104""]","[""FRONT"", ""REAR""]","[""IL""]","[""CHEVROLET"", ""TESLA""]","[""STRAIGHT AHEAD""]","[""MALIBU"", ""MODEL 3""]","[""1""]","[""E""]","[""1"", ""2""]","[""DRIVER""]","[""UNKNOWN""]","[""2063904"", ""2063908""]","[""PASSENGER""]","[""PERSONAL"", ""UNKNOWN/NA""]","[""2018""]",[],[],[],[],[],"[""Y""]","[""Y""]",[],[],[],[],[],[],[],"[""Y""]",[],['23'],"[""DEPLOYMENT UNKNOWN"", ""DID NOT DEPLOY""]","[""TEST NOT OFFERED""]","[""CHICAGO""]","[""2025-10-06T21:24:00.000""]","[""NONE"", ""UNKNOWN""]","[""UNKNOWN""]","[""D""]","[""IL""]","[""NONE""]",[],"[""O2165103"", ""O2165104""]","[""DRIVER""]","[""NORMAL"", ""UNKNOWN""]","[""USAGE UNKNOWN""]","[""M""]","[""IL""]","[""2063904"", ""2063908""]","[""60619""]",[],[],[],[],[],[],2025,10,21,6,False,evening,41.87,-87.63,41.87_-87.63,23.0,23,23,FOLLOWING TOO CLOSELY,0
STRAIGHT AND LEVEL,323,2025-10-06 21:20:00,2,21,10,5AAEC2DA77BE05BED572E0E462A19FAC79C3372FBD6C6730F9537259A4F361973B7F8A52FFA770DABAEFC90205F692E0C8BA0EC5A740CE56CBFED0ADA958A76E,INJURY AND / OR TOW DUE TO CRASH,"OVER $1,500",FUNCTIONING PROPERLY,TURNING,41.7657003202,"DARKNESS, LIGHTED ROAD",-87.6105722663,2,30,FAILING TO YIELD RIGHT-OF-WAY,OTHER,WET,FAILING TO YIELD RIGHT-OF-WAY,S,7100,TRAFFIC SIGNAL,FOUR WAY,RAIN,0.0,1.0,1.0,0.0,0.0,1.0,1,2,"[""Y""]",[],"[""Y""]","[""2025-10-06T21:20:00.000""]","[""2165107"", ""2165108""]","[""FRONT""]","[""IL""]","[""CADILLAC"", ""NISSAN""]","[""STRAIGHT AHEAD"", ""TURNING LEFT""]","[""ATS"", ""SENTRA""]","[""2""]","[""NE"", ""W""]","[""1"", ""2""]","[""DRIVER""]","[""UNKNOWN""]","[""2063903"", ""2063906""]","[""PASSENGER""]","[""PERSONAL"", ""UNKNOWN/NA""]","[""2016"", ""2018""]",[],[],"[""Y""]","[""personal tow""]","[""Y""]",[],[],[],[],[],"[""1""]",[],[],[],[],[],"['22', '23']","[""DEPLOYED, COMBINATION""]","[""TEST NOT OFFERED""]","[""CHICAGO""]","[""2025-10-06T21:20:00.000""]","[""IMPROPER TURN"", ""NONE""]","[""NOT OBSCURED"", ""UNKNOWN""]","[""D""]","[""IL""]","[""NONE""]",[],"[""O2165107"", ""O2165108"", ""P477808"", ""P477810""]","[""DRIVER"", ""PASSENGER""]","[""NORMAL"", ""UNKNOWN""]","[""USAGE UNKNOWN""]","[""M""]","[""IL""]","[""2063903"", ""2063906""]","[""60623"", ""60628""]",[],"[""3""]",[],[],[],[],2025,10,21,6,False,evening,41.77,-87.61,41.77_-87.61,22.5,22,23,FAILURE-TO-YIELD,1
STRAIGHT AND LEVEL,1432,2025-10-06 21:15:00,2,21,10,5D7AA6F7DC19F20B40073ACB4FDDEF487C616D4F8C18A80D22E168EA104337D12DDF7959FE68A406758D747A13301239E2B8C89E8266E4A03601D242615BF17C,NO INJURY / DRIVE AWAY,"OVER $1,500",FUNCTIONING PROPERLY,SIDESWIPE SAME DIRECTION,41.9251137456,"DARKNESS, LIGHTED ROAD",-87.6780517443,2,30,DRIVING SKILLS/KNOWLEDGE/EXPERIENCE,UNKNOWN,WET,UNABLE TO DETERMINE,N,2402,TRAFFIC SIGNAL,DIVIDED - W/MEDIAN (NOT RAISED),RAIN,0.0,1.0,0.0,0.0,0.0,1.0,1,1,[],[],[],"[""2025-10-06T21:15:00.000""]","[""2165094"", ""2165095""]","[""SIDE-LEFT"", ""UNKNOWN""]","[""IL""]","[""BMW"", ""UNKNOWN""]","[""OTHER"", ""STRAIGHT AHEAD""]","[""3 SERIES"", ""OTHER (EXPLAIN IN NARRATIVE)""]","[""1""]","[""S""]","[""1"", ""2""]","[""DRIVER""]","[""UNKNOWN""]","[""2063892"", ""2063897""]","[""PASSENGER""]","[""PERSONAL"", ""UNKNOWN/NA""]","[""2023""]",[],[],"[""Y""]",[],[],[],"[""Y""]","[""Y""]","[""Y""]",[],[],"[""Y""]",[],[],[],[],['37'],"[""DEPLOYMENT UNKNOWN"", ""NOT APPLICABLE""]","[""TEST NOT OFFERED""]","[""CHICAGO""]","[""2025-10-06T21:15:00.000""]","[""NONE"", ""OTHER""]","[""UNKNOWN""]","[""D""]","[""IL""]","[""NONE""]",[],"[""O2165094"", ""O2165095""]","[""DRIVER""]","[""UNKNOWN""]","[""USAGE UNKNOWN""]","[""M"", ""X""]","[""IL""]","[""2063892"", ""2063897""]","[""60647""]",[],[],[],[],[],[],2025,10,21,6,False,evening,41.93,-87.68,41.93_-87.68,37.0,37,37,OTHER,0
STRAIGHT AND LEVEL,1832,2025-10-06 21:15:00,2,21,10,BD0FD95AA1873AF2811E913E01418C06560AECE4A7D189A4682B212C8593B913E5E1A6A59258268AEC22EF61CD3D80ACB706B6776B70543AC10A9C863F15BAF8,NO INJURY / DRIVE AWAY,"OVER $1,500",FUNCTIONING PROPERLY,PARKED MOTOR VEHICLE,41.8934359993,"DARKNESS, LIGHTED ROAD",-87.6295533136,2,35,UNABLE TO DETERMINE,NO DEFECTS,DRY,NOT APPLICABLE,N,635,TRAFFIC SIGNAL,ONE-WAY,CLEAR,0.0,0.0,1.0,0.0,0.0,1.0,2,0,[],"[""Y""]",[],"[""2025-10-06T21:15:00.000""]","[""2165079"", ""2165080""]","[""SIDE-LEFT-FRONT"", ""SIDE-RIGHT""]","[""IL""]","[""CHEVROLET"", ""LINCOLN""]","[""PARKED"", ""STRAIGHT AHEAD""]","[""MKZ"", ""TAHOE""]","[""1""]","[""N""]","[""1"", ""2""]","[""DRIVER"", ""PARKED""]","[""NONE""]","[""2063870"", ""2063872""]","[""PASSENGER""]","[""PERSONAL""]","[""2013"", ""2025""]","[""Y""]","[""Y""]",[],[],[],[],[],"[""Y""]","[""Y""]",[],"[""1""]",[],[],[],[],[],[],"[""NOT APPLICABLE""]","[""TEST NOT OFFERED""]","[""CICERO""]","[""2025-10-06T21:15:00.000""]","[""NONE""]","[""NOT OBSCURED""]",[],"[""IL""]","[""NONE""]",[],"[""O2165080"", ""P477799""]","[""DRIVER"", ""PASSENGER""]","[""NORMAL""]","[""SAFETY BELT USED"", ""USAGE UNKNOWN""]","[""M""]","[""IL""]","[""2063870"", ""2063872""]","[""60804""]",[],"[""1""]",[],[],[],[],2025,10,21,6,False,evening,41.89,-87.63,41.89_-87.63,0.0,0,0,OTHER,0