alignment,beat_of_occurrence,crash_date,crash_day_of_week,crash_hour,crash_month,crash_record_id,crash_type,damage,device_condition,first_crash_type,latitude,lighting_condition,longitude,num_units,posted_speed_limit,prim_contributory_cause,road_defect,roadway_surface_cond,sec_contributory_cause,street_direction,street_no,traffic_control_device,trafficway_type,weather_condition,private_property_i,hit_and_run_i,intersection_related_i,crash_date_est_i,work_zone_i,workers_present_i,veh_count,ppl_count,veh_area_01_i_list_json,veh_area_02_i_list_json,veh_area_12_i_list_json,veh_crash_date_list_json,veh_crash_unit_id_list_json,veh_first_contact_point_list_json,veh_lic_plate_state_list_json,veh_make_list_json,veh_maneuver_list_json,veh_model_list_json,veh_occupant_cnt_list_json,veh_travel_direction_list_json,veh_unit_no_list_json,veh_unit_type_list_json,veh_vehicle_defect_list_json,veh_vehicle_id_list_json,veh_vehicle_type_list_json,veh_vehicle_use_list_json,veh_vehicle_year_list_json,veh_area_03_i_list_json,veh_area_04_i_list_json,veh_area_11_i_list_json,veh_towed_by_list_json,veh_towed_i_list_json,veh_area_07_i_list_json,veh_area_99_i_list_json,veh_area_09_i_list_json,veh_area_10_i_list_json,veh_cmrc_veh_i_list_json,veh_num_passengers_list_json,veh_area_08_i_list_json,veh_area_00_i_list_json,veh_area_05_i_list_json,veh_area_06_i_list_json,veh_towed_to_list_json,ppl_age_list_json,ppl_airbag_deployed_list_json,ppl_bac_result_list_json,ppl_city_list_json,ppl_crash_date_list_json,ppl_driver_action_list_json,ppl_driver_vision_list_json,ppl_drivers_license_class_list_json,ppl_drivers_license_state_list_json,ppl_ejection_list_json,ppl_hospital_list_json,ppl_person_id_list_json,ppl_person_type_list_json,ppl_physical_condition_list_json,ppl_safety_equipment_list_json,ppl_sex_list_json,ppl_state_list_json,ppl_vehicle_id_list_json,ppl_zipcode_list_json,ppl_ems_agency_list_json,ppl_seat_no_list_json,ppl_pedpedal_action_list_json,ppl_pedpedal_location_list_json,ppl_pedpedal_visibility_list_json,ppl_ems_run_no_list_json,year,month,hour,day,is_weekend,hour_bin,lat_bin,lng_bin,grid_id,ppl_age_mean,ppl_age_min,ppl_age_max,prim_contributory_cause_group,ksi_flag
STRAIGHT AND LEVEL,411,2025-10-06 21:00:00,2,21,10,892DB01111E318B6130E4CD992FB80AFBBBAF218B9C6493C0164A792AC6A29A84C3DA325EDFD973E38514D2837696FAC21368614C082C0AB2D087C6498E4C8EE,INJURY AND / OR TOW DUE TO CRASH,"OVER $1,500",FUNCTIONING PROPERLY,REAR END,41.7513397046,"DARKNESS, LIGHTED ROAD",-87.5856322657,2,30,FAILING TO REDUCE SPEED TO AVOID CRASH,NO DEFECTS,WET,UNABLE TO DETERMINE,S,7900,TRAFFIC SIGNAL,CENTER TURN LANE,RAIN,0.0,0.0,0.0,0.0,0.0,1.0,1,3,[],[],[],"[""2025-10-06T21:00:00.000""]","[""2165084"", ""2165085""]","[""FRONT-LEFT-CORNER"", ""REAR-RIGHT-CORNER""]","[""IL"", ""IN""]","[""HONDA"", ""TOYOTA""]","[""STRAIGHT AHEAD""]","[""AVALON"", ""HR-V""]","[""1"", ""2""]","[""NW""]","[""1"", ""2""]","[""DRIVER""]","[""NONE""]","[""2063877"", ""2063882""]","[""PASSENGER""]","[""PERSONAL""]","[""2018"", ""2022""]",[],[],"[""Y""]","[""SS""]","[""Y""]",[],[],[],[],[],"[""1""]",[],[],"[""Y""]",[],"[""POUND 1""]","['30', '43', '59']","[""DID NOT DEPLOY""]","[""TEST NOT OFFERED""]","[""BLUE ISLAND"", ""DOLTON"", ""HAMMOND""]","[""2025-10-06T21:00:00.000""]","[""NONE"", ""TOO FAST FOR CONDITIONS""]","[""NOT OBSCURED"", ""UNKNOWN""]","[""D""]","[""IL""]","[""NONE""]","[""JACKSON PARK""]","[""O2165084"", ""O2165085"", ""P477800""]","[""DRIVER"", ""PASSENGER""]","[""NORMAL"", ""OTHER""]","[""USAGE UNKNOWN""]","[""M""]","[""IL"", ""IN""]","[""2063877"", ""2063882""]","[""46324"", ""60406"", ""60419""]","[""50""]","[""3""]",[],[],[],[],2025,10,21,6,False,evening,41.75,-87.59,41.75_-87.59,44.0,30,59,SPEEDING,1
STRAIGHT AND LEVEL,431,2025-10-06 21:00:00,2,21,10,BD2CCCDE4CC342C156CB264993DE40C2B17D6CFC7B1ED473CC17C994956ED1A44F35D51571AEE9736A604F3379A81B4221B8D6907A7D20CB0129E918A3C4A8C4,NO INJURY / DRIVE AWAY,"OVER $1,500",NO CONTROLS,PARKED MOTOR VEHICLE,41.7173386441,DUSK,-87.5669453687,2,25,UNABLE TO DETERMINE,NO DEFECTS,WET,UNABLE TO DETERMINE,S,9740,NO CONTROLS,NOT DIVIDED,RAIN,0.0,1.0,0.0,0.0,0.0,1.0,2,0,"[""Y""]",[],"[""Y""]","[""2025-10-06T21:00:00.000""]","[""2165578"", ""2165579""]","[""FRONT"", ""UNKNOWN""]","[""IL""]","[""CHEVROLET"", ""UNKNOWN""]","[""PARKED"", ""UNKNOWN/NA""]","[""OTHER (EXPLAIN IN NARRATIVE)""]","[""0"", ""1""]","[""S"", ""UNKNOWN""]","[""1"", ""2""]","[""DRIVER"", ""PARKED""]","[""NONE"", ""UNKNOWN""]","[""2064331"", ""2064335""]","[""PASSENGER"", ""UNKNOWN/NA""]","[""PERSONAL"", ""UNKNOWN/NA""]","[""2015""]",[],[],"[""Y""]",[],[],"[""Y""]","[""Y""]",[],[],[],[],[],[],"[""Y""]","[""Y""]",[],[],"[""DEPLOYMENT UNKNOWN""]","[""TEST NOT OFFERED""]",[],"[""2025-10-06T21:00:00.000""]","[""IMPROPER BACKING""]","[""UNKNOWN""]",[],[],"[""NONE""]",[],"[""O2165578""]","[""DRIVER""]","[""UNKNOWN""]","[""USAGE UNKNOWN""]","[""X""]",[],"[""2064331""]",[],[],[],[],[],[],[],2025,10,21,6,False,evening,41.72,-87.57,41.72_-87.57,0.0,0,0,OTHER,0
STRAIGHT AND LEVEL,622,2025-10-06 20:59:00,2,20,10,F029A6022A3D1BCDC17333627F199D19DCCF42D92E1DA12D2C7AA10A178F6F155BCD37A6120F7E0346A78FBF244CD77734451962FEB155D3B3EA3125A7A52F31,INJURY AND / OR TOW DUE TO CRASH,"OVER $1,500",FUNCTIONING PROPERLY,FIXED OBJECT,41.7419062848,"DARKNESS, LIGHTED ROAD",-87.6257305081,1,30,WEATHER,NO DEFECTS,WET,UNABLE TO DETERMINE,S,8398,STOP SIGN/FLASHER,ONE-WAY,RAIN,0.0,0.0,1.0,0.0,0.0,1.0,1,1,"[""Y""]","[""Y""]","[""Y""]","[""2025-10-06T20:59:00.000""]","[""2165081""]","[""UNKNOWN""]","[""IL""]","[""DODGE""]","[""STRAIGHT AHEAD""]","[""CHARGER""]","[""1""]","[""S""]","[""1""]","[""DRIVER""]","[""NONE""]","[""2063875""]","[""PASSENGER""]","[""PERSONAL""]","[""2016""]",[],[],"[""Y""]","[""PRIVATE TOW""]","[""Y""]",[],[],[],"[""Y""]",[],[],[],[],[],[],[],['22'],"[""DID NOT DEPLOY""]","[""TEST NOT OFFERED""]","[""CHICAGO""]","[""2025-10-06T20:59:00.000""]","[""OTHER""]","[""NOT OBSCURED""]","[""D""]","[""IL""]","[""NONE""]",[],"[""O2165081""]","[""DRIVER""]","[""NORMAL""]","[""USAGE UNKNOWN""]","[""M""]","[""IL""]","[""2063875""]","[""60620""]",[],[],[],[],[],[],2025,10,20,6,False,evening,41.74,-87.63,41.74_-87.63,22.0,22,22,WEATHER-RELATED,0
STRAIGHT AND LEVEL,1925,2025-10-06 20:55:00,2,20,10,86B3012A0FBB2C87E654FB62C9D7E2A1304E90F30C71F78C5C7BD757729A24226B68492A8BAB2375405E850B93D6813A610C1251BD8E28944F6D9D57E9EB5811,INJURY AND / OR TOW DUE TO CRASH,"OVER $1,500",NO CONTROLS,TURNING,41.9465027334,"DARKNESS, LIGHTED ROAD",-87.6469196843,2,30,FAILING TO YIELD RIGHT-OF-WAY,NO DEFECTS,WET,UNABLE TO DETERMINE,N,3540,NO CONTROLS,NOT DIVIDED,RAIN,0.0,0.0,0.0,0.0,0.0,1.0,1,3,"[""Y""]",[],"[""Y""]","[""2025-10-06T20:55:00.000""]","[""2165090"", ""2165091""]","[""FRONT"", ""SIDE-RIGHT""]","[""IL""]","[""CHEVROLET"", ""HONDA""]","[""STRAIGHT AHEAD"", ""TURNING LEFT""]","[""CR-V"", ""MALIBU""]","[""1"", ""2""]","[""S"", ""SW""]","[""1"", ""2""]","[""DRIVER""]","[""NONE""]","[""2063881"", ""2063886""]","[""PASSENGER""]","[""PERSONAL""]","[""2016"", ""2024""]","[""Y""]","[""Y""]","[""Y""]","[""CITY OF CHICAGO"", ""PRIVATE""]","[""Y""]",[],[],[],[],[],"[""1""]",[],[],[],[],"[""POUND #6""]","['23', '53', '67']","[""DEPLOYED, COMBINATION"", ""DEPLOYED, SIDE""]","[""TEST NOT OFFERED""]","[""CHICAGO""]","[""2025-10-06T20:55:00.000""]","[""FAILED TO YIELD"", ""UNKNOWN""]","[""UNKNOWN""]","[""D""]","[""IL""]","[""NONE""]",[],"[""O2165090"", ""O2165091"", ""P477801""]","[""DRIVER"", ""PASSENGER""]","[""EMOTIONAL"", ""NORMAL""]","[""SAFETY BELT USED""]","[""M""]","[""IL""]","[""2063881"", ""2063886""]","[""60619"", ""60620"", ""60657""]",[],"[""3""]",[],[],[],[],2025,10,20,6,False,evening,41.95,-87.65,41.95_-87.65,47.666666666666664,23,67,FAILURE-TO-YIELD,0
STRAIGHT AND LEVEL,513,2025-10-06 20:45:00,2,20,10,F08B99644B9EFD55639306A96851E122DB76E8249070552B82AFEF4D4A4BE1BEB65BB4297F0B38D493FE73ADC5F1372EE2F4D71A0342A401CDDED656CC005827,NO INJURY / DRIVE AWAY,"OVER $1,500",FUNCTIONING PROPERLY,ANGLE,41.6951189854,"DARKNESS, LIGHTED ROAD",-87.630688585,3,30,DISTRACTION - FROM OUTSIDE VEHICLE,NO DEFECTS,WET,FAILING TO YIELD RIGHT-OF-WAY,W,307,STOP SIGN/FLASHER,NOT DIVIDED,RAIN,0.0,0.0,1.0,0.0,0.0,1.0,2,2,"[""Y""]","[""Y""]","[""Y""]","[""2025-10-06T20:45:00.000""]","[""2165358"", ""2165359"", ""2165360""]","[""FRONT"", ""FRONT-RIGHT-CORNER"", ""SIDE-RIGHT-REAR""]","[""IL""]","[""CHEVROLET"", ""FORD"", ""MASERATI""]","[""PARKED"", ""STRAIGHT AHEAD""]","[""ESCAPE"", ""GHIBLI"", ""HHR""]","[""0"", ""1""]","[""N"", ""W""]","[""1"", ""2"", ""3""]","[""DRIVER"", ""PARKED""]","[""BRAKES"", ""NONE""]","[""2064140"", ""2064145"", ""2064153""]","[""PASSENGER"", ""SPORT UTILITY VEHICLE (SUV)""]","[""NOT IN USE"", ""PERSONAL""]","[""2008"", ""2014"", ""2025""]",[],[],"[""Y""]",[],"[""N""]","[""Y""]",[],"[""Y""]","[""Y""]",[],[],"[""Y""]",[],[],[],[],"['28', '34']","[""DID NOT DEPLOY"", ""NOT APPLICABLE""]","[""TEST NOT OFFERED""]","[""ASIP"", ""ROBBINS""]","[""2025-10-06T20:45:00.000""]","[""FAILED TO YIELD"", ""NONE""]","[""NOT OBSCURED""]","[""D""]","[""IL""]","[""NONE""]",[],"[""O2165358"", ""O2165359""]","[""DRIVER""]","[""NORMAL""]","[""SAFETY BELT USED""]","[""F""]","[""IL""]","[""2064140"", ""2064145""]","[""60472"", ""60803""]",[],[],[],[],[],[],2025,10,20,6,False,evening,41.7,-87.63,41.7_-87.63,31.0,28,34,DISTRACTION/INATTENTION,0
STRAIGHT AND LEVEL,1013,2025-10-06 20:30:00,2,20,10,C99623B92DE966C476A3432D053B83698766DFC58FD74EDC16BCD62B98BA9BC98B2008DB980F4BD0579E48BB6C7C198907CF482DDAD79347D353F4AAA82ED3F0,NO INJURY / DRIVE AWAY,"$501 - $1,500",NO CONTROLS,PARKED MOTOR VEHICLE,41.8451731545,"DARKNESS, LIGHTED ROAD",-87.7222820603,2,25,UNABLE TO DETERMINE,NO DEFECTS,DRY,UNABLE TO DETERMINE,S,2530,NO CONTROLS,ONE-WAY,CLEAR,0.0,1.0,0.0,0.0,0.0,1.0,2,0,"[""Y""]",[],"[""Y""]","[""2025-10-06T20:30:00.000""]","[""2165498"", ""2165499""]","[""FRONT"", ""REAR""]","[""IL""]","[""CHRYSLER"", ""HONDA""]","[""BACKING"", ""PARKED""]","[""HR-V"", ""TOWN & COUNTRY""]","[""1""]","[""N"", ""S""]","[""1"", ""2""]","[""DRIVER"", ""PARKED""]","[""NONE""]","[""2064259"", ""2064264""]","[""SPORT UTILITY VEHICLE (SUV)"", ""VAN/MINI-VAN""]","[""PERSONAL""]","[""2003"", ""2020""]",[],[],"[""Y""]",[],[],"[""Y""]",[],[],[],[],"[""1""]",[],[],"[""Y""]","[""Y""]",[],[],"[""DEPLOYMENT UNKNOWN"", ""NOT APPLICABLE""]","[""TEST NOT OFFERED""]","[""CHICAGO""]","[""2025-10-06T20:30:00.000""]","[""OTHER""]","[""UNKNOWN""]",[],[],"[""NONE""]",[],"[""O2165498"", ""P477861""]","[""DRIVER"", ""PASSENGER""]","[""UNKNOWN""]","[""SAFETY BELT NOT USED"", ""USAGE UNKNOWN""]","[""M""]","[""IL""]","[""2064259"", ""2064264""]","[""60623""]",[],"[""1""]",[],[],[],[],2025,10,20,6,False,evening,41.85,-87.72,41.85_-87.72,0.0,0,0,OTHER,0
STRAIGHT AND LEVEL,1422,2025-10-06 20:30:00,2,20,10,FD1A6FAF6486D3C25949EA7AD94B1A4664EC929283D751CDC333D98BCBED55D82D37C8712EE5E4368A34830A676D6DFDE1B6EC9403011FD830A91A8DA446C813,NO INJURY / DRIVE AWAY,"$501 - $1,500",FUNCTIONING PROPERLY,TURNING,41.9171823265,"DARKNESS, LIGHTED ROAD",-87.7158871515,2,35,FAILING TO YIELD RIGHT-OF-WAY,NO DEFECTS,WET,NOT APPLICABLE,W,3559,TRAFFIC SIGNAL,DIVIDED - W/MEDIAN (NOT RAISED),RAIN,0.0,0.0,1.0,0.0,0.0,1.0,1,2,[],[],[],"[""2025-10-06T20:30:00.000""]","[""2165721"", ""2165722""]","[""FRONT-LEFT-CORNER""]","[""IL""]","[""NISSAN"", ""TOYOTA""]","[""STRAIGHT AHEAD"", ""TURNING LEFT""]","[""CAMRY"", ""ROGUE""]","[""1""]","[""E"", ""W""]","[""1"", ""2""]","[""DRIVER""]","[""UNKNOWN""]","[""2064466"", ""2064467""]","[""PASSENGER""]","[""PERSONAL""]","[""2014"", ""2015""]",[],[],"[""Y""]",[],[],[],[],[],[],[],[],[],[],[],[],[],"['35', '57']","[""DEPLOYMENT UNKNOWN"", ""NOT APPLICABLE""]","[""TEST NOT OFFERED""]","[""CHICAGO"", ""MELROSE PARK""]","[""2025-10-06T20:30:00.000""]","[""FAILED TO YIELD"", ""NONE""]","[""NOT OBSCURED"", ""UNKNOWN""]",[],"[""IL""]","[""NONE"", ""UNKNOWN""]",[],"[""O2165721"", ""O2165722""]","[""DRIVER""]","[""NORMAL"", ""UNKNOWN""]","[""USAGE UNKNOWN""]","[""M""]","[""IL""]","[""2064466"", ""2064467""]","[""60160"", ""60640""]",[],[],[],[],[],[],2025,10,20,6,False,evening,41.92,-87.72,41.92_-87.72,46.0,35,57,FAILURE-TO-YIELD,0
STRAIGHT AND LEVEL,2031,2025-10-06 20:18:00,2,20,10,C77D2E63DFAEF53DDD9B13660573F9DEEA20B262FC8F777764B989FD3083FEAD50BB71D26327A0D95242A1966C91307876C866F4D6E1E1FF5B8C050F9D4E88CB,NO INJURY / DRIVE AWAY,"OVER $1,500",FUNCTIONING PROPERLY,TURNING,41.9686414076,"DARKNESS, LIGHTED ROAD",-87.6987246166,2,30,UNABLE TO DETERMINE,NO DEFECTS,WET,UNABLE TO DETERMINE,W,2800,TRAFFIC SIGNAL,T-INTERSECTION,RAIN,0.0,0.0,1.0,0.0,0.0,1.0,1,2,[],[],"[""Y""]","[""2025-10-06T20:18:00.000""]","[""2165064"", ""2165065""]","[""FRONT"", ""FRONT-LEFT-CORNER""]","[""IL"", ""IN""]","[""CADILLAC"", ""CHEVROLET""]","[""STRAIGHT AHEAD"", ""TURNING LEFT""]","[""CT5"", ""OTHER (EXPLAIN IN NARRATIVE)""]","[""1""]","[""E"", ""W""]","[""1"", ""2""]","[""DRIVER""]","[""NONE""]","[""2063860"", ""2063864""]","[""PASSENGER""]","[""PERSONAL""]","[""2014"", ""2021""]",[],[],[],[],"[""N""]",[],[],[],[],[],[],[],[],[],[],[],"['27', '50']","[""DEPLOYED, FRONT"", ""DID NOT DEPLOY""]","[""TEST NOT OFFERED""]","[""CHICAGO"", ""INDIANAPOLIS""]","[""2025-10-06T20:18:00.000""]","[""OTHER""]","[""NOT OBSCURED"", ""OTHER""]","[""D"", ""N""]","[""IL"", ""IN""]","[""NONE""]","[""REFUSED""]","[""O2165064"", ""O2165065""]","[""DRIVER""]","[""NORMAL""]","[""SAFETY BELT USED""]","[""F"", ""M""]","[""IL"", ""IN""]","[""2063860"", ""2063864""]","[""46234"", ""60659""]",[],[],[],[],[],[],2025,10,20,6,False,evening,41.97,-87.7,41.97_-87.7,38.5,27,50,OTHER,0
"CURVE, LEVEL",1824,2025-10-06 20:10:00,2,20,10,E82F17F4F047A77E09CDA618E438275BCD4F730E0280E163F4859C41E4F142B0BF90050B50CE129CCFDCC13B622E96FD66A1B91AE978B99A2A40CB690159ABF9,INJURY AND / OR TOW DUE TO CRASH,"OVER $1,500",FUNCTIONING PROPERLY,REAR END,41.9009589191,"DARKNESS, LIGHTED ROAD",-87.6199281737,2,25,FAILING TO REDUCE SPEED TO AVOID CRASH,NO DEFECTS,WET,FOLLOWING TOO CLOSELY,N,1000,FLASHING CONTROL SIGNAL,ONE-WAY,RAIN,0.0,1.0,0.0,0.0,0.0,1.0,1,2,"[""Y""]","[""Y""]","[""Y""]","[""2025-10-06T20:10:00.000""]","[""2165105"", ""2165106""]","[""FRONT"", ""REAR""]","[""IL""]","[""CHEVROLET"", ""NISSAN""]","[""NEGOTIATING A CURVE""]","[""CRUZE"", ""VERSA""]","[""2""]","[""S""]","[""1"", ""2""]","[""DRIVER""]","[""NONE"", ""UNKNOWN""]","[""2063899"", ""2063901""]","[""PASSENGER""]","[""PERSONAL"", ""UNKNOWN/NA""]","[""2014"", ""2016""]",[],"[""Y""]","[""Y""]","[""private tow""]","[""Y""]","[""Y""]",[],[],"[""Y""]",[],"[""1""]","[""Y""]",[],"[""Y""]","[""Y""]","[""private lot""]","['32', '41']","[""DEPLOYED, COMBINATION"", ""DEPLOYMENT UNKNOWN""]","[""TEST NOT OFFERED""]","[""CHICAGO"", ""UNK""]","[""2025-10-06T20:10:00.000""]","[""NONE"", ""TOO FAST FOR CONDITIONS""]","[""UNKNOWN""]","[""D""]","[""IL""]","[""NONE"", ""UNKNOWN""]","[""NORTHWESTERN HOSPITAL""]","[""O2165105"", ""O2165106"", ""P477804"", ""P477807""]","[""DRIVER"", ""PASSENGER""]","[""NORMAL"", ""UNKNOWN""]","[""USAGE UNKNOWN""]","[""F"", ""M""]","[""IL"", ""XX""]","[""2063899"", ""2063901""]","[""60619""]","[""CFD""]","[""3""]",[],[],[],"[""43""]",2025,10,20,6,False,evening,41.9,-87.62,41.9_-87.62,36.5,32,41,SPEEDING,1
STRAIGHT AND LEVEL,812,2025-10-06 20:08:00,2,20,10,47FE0B7A23D9573AF5FA851218151E657F8611F979E845AA909208584C70F50D9345F9956BC041B3B0DCC6A0A0B75BF11D3B4F16A07D7194A8C7C4F316006970,INJURY AND / OR TOW DUE TO CRASH,$500 OR LESS,FUNCTIONING PROPERLY,OTHER OBJECT,41.7796029107,"DARKNESS, LIGHTED ROAD",-87.7717062548,2,30,UNABLE TO DETERMINE,NO DEFECTS,WET,UNABLE TO DETERMINE,S,6200,STOP SIGN/FLASHER,NOT DIVIDED,RAIN,0.0,0.0,1.0,0.0,0.0,1.0,2,2,[],[],"[""Y""]","[""2025-10-06T20:08:00.000""]","[""2165058"", ""2165059""]","[""FRONT""]","[""IL""]","[""CHEVROLET""]","[""STRAIGHT AHEAD""]","[""SILVERADO""]","[""1""]","[""S""]","[""1"", ""2""]","[""DRIVER"", ""PEDESTRIAN""]","[""NONE""]","[""2063856""]","[""PICKUP""]","[""PERSONAL""]","[""2018""]",[],[],[],[],[],[],[],[],[],[],[],[],[],[],[],[],"['33', '47']","[""DID NOT DEPLOY""]","[""TEST NOT OFFERED""]","[""CHICAGO""]","[""2025-10-06T20:08:00.000""]","[""FAILED TO YIELD"", ""NONE""]","[""NOT OBSCURED""]","[""D""]","[""IL""]","[""NONE""]",[],"[""O2165058"", ""O2165059""]","[""DRIVER"", ""PEDESTRIAN""]","[""NORMAL""]","[""NONE PRESENT"", ""SAFETY BELT USED""]","[""F"", ""M""]","[""IL""]","[""2063856""]","[""60638""]",[],[],"[""OTHER ACTION""]","[""IN ROADWAY""]","[""OTHER LIGHT SOURCE USED""]",[],2025,10,20,6,False,evening,41.78,-87.77,41.78_-87.77,40.0,33,47,OTHER,1
STRAIGHT AND LEVEL,1934,2025-10-06 20:00:00,2,20,10,E7BE1C43BE80728A49A0CC1FA5B646BE18F809BBAD1C68E48AC5EEE7A6EF0A92558266A3D0797D52ECB4E797955F65082FA72D0BF4A60E066632C127FF6076C3,NO INJURY / DRIVE AWAY,"OVER $1,500",NO CONTROLS,PARKED MOTOR VEHICLE,41.9336990143,UNKNOWN,-87.6429145656,2,10,UNABLE TO DETERMINE,UNKNOWN,UNKNOWN,UNABLE TO DETERMINE,N,2828,NO CONTROLS,PARKING LOT,CLEAR,0.0,1.0,0.0,0.0,0.0,1.0,2,0,[],[],"[""Y""]","[""2025-10-06T20:00:00.000""]","[""2165323"", ""2165324""]","[""FRONT"", ""UNKNOWN""]","[""TX"", ""XX""]","[""UNKNOWN"", ""VOLKSWAGEN""]","[""PARKED"", ""UNKNOWN/NA""]","[""OTHER (EXPLAIN IN NARRATIVE)"", ""TIGUAN""]","[""0"", ""1""]","[""UNKNOWN""]","[""1"", ""2""]","[""DRIVER"", ""PARKED""]","[""UNKNOWN""]","[""2064094"", ""2064110""]","[""SPORT UTILITY VEHICLE (SUV)"", ""UNKNOWN/NA""]","[""NOT IN USE"", ""UNKNOWN/NA""]","[""2024""]",[],[],"[""Y""]",[],[],[],"[""Y""]",[],[],[],[],[],[],[],[],[],[],"[""DEPLOYMENT UNKNOWN""]","[""TEST NOT OFFERED""]",[],"[""2025-10-06T20:00:00.000""]","[""UNKNOWN""]","[""UNKNOWN""]",[],"[""XX""]","[""UNKNOWN""]",[],"[""O2165323""]","[""DRIVER""]","[""UNKNOWN""]","[""USAGE UNKNOWN""]","[""X""]",[],"[""2064094""]",[],[],[],[],[],[],[],2025,10,20,6,False,evening,41.93,-87.64,41.93_-87.64,0.0,0,0,OTHER,0
STRAIGHT AND LEVEL,924,2025-10-06 19:50:00,2,19,10,85D5C1364CC222E649F891CA1AA56CB8B5668040EBD35EA9B0AE54F8FB177191B78A2F06916E77DB7CA78816564778F7FCB3694174D549624025EC7736E8FAE5,NO INJURY / DRIVE AWAY,"OVER $1,500",NO CONTROLS,PARKED MOTOR VEHICLE,41.8096086645,DUSK,-87.6648532043,2,30,DRIVING SKILLS/KNOWLEDGE/EXPERIENCE,NO DEFECTS,WET,NOT APPLICABLE,S,4629,NO CONTROLS,DIVIDED - W/MEDIAN (NOT RAISED),OTHER,0.0,1.0,0.0,0.0,0.0,1.0,2,0,"[""Y""]",[],[],"[""2025-10-06T19:50:00.000""]","[""2165054"", ""2165055""]","[""FRONT-RIGHT-CORNER"", ""REAR-LEFT-CORNER""]","[""IL""]","[""HONDA"", ""UNKNOWN""]","[""PARKED"", ""UNKNOWN/NA""]","[""ODYSSEY"", ""OTHER (EXPLAIN IN NARRATIVE)""]","[""0"", ""1""]","[""N""]","[""1"", ""2""]","[""DRIVER"", ""PARKED""]","[""NONE"", ""UNKNOWN""]","[""2063846"", ""2063850""]","[""UNKNOWN/NA"", ""VAN/MINI-VAN""]","[""NOT IN USE"", ""UNKNOWN/NA""]","[""2023""]",[],[],[],[],[],"[""Y""]","[""Y""]",[],[],[],[],"[""N""]","[""N""]",[],[],[],[],"[""DEPLOYMENT UNKNOWN""]","[""TEST NOT OFFERED""]",[],"[""2025-10-06T19:50:00.000""]","[""UNKNOWN""]","[""UNKNOWN""]",[],[],"[""UNKNOWN""]",[],"[""O2165054""]","[""DRIVER""]","[""UNKNOWN""]","[""USAGE UNKNOWN""]","[""X""]",[],"[""2063846""]",[],[],[],[],[],[],[],2025,10,19,6,False,evening,41.81,-87.66,41.81_-87.66,0.0,0,0,OTHER,0
STRAIGHT ON GRADE,815,2025-10-06 19:45:00,2,19,10,A869550E321FA4C3406FEE8850C06C52D97B3BED06E56A85E192323C08AA0264968C2523C15ED474AC056A6589CFF139C789F90D1D1EB4B59C599313E82059B6,NO INJURY / DRIVE AWAY,"$501 - $1,500",NO CONTROLS,TURNING,41.7949574448,"DARKNESS, LIGHTED ROAD",-87.723356565,2,30,UNABLE TO DETERMINE,NO DEFECTS,WET,UNABLE TO DETERMINE,S,5400,NO CONTROLS,NOT DIVIDED,RAIN,0.0,0.0,0.0,0.0,0.0,1.0,1,2,"[""Y""]",[],"[""Y""]","[""2025-10-06T19:45:00.000""]","[""2165040"", ""2165041""]","[""FRONT"", ""SIDE-LEFT""]",[],"[""CHEVROLET"", ""MERCEDES-BENZ""]","[""STRAIGHT AHEAD"", ""TURNING LEFT""]","[""GLE"", ""SILVERADO""]","[""1"", ""2""]","[""E"", ""W""]","[""1"", ""2""]","[""DRIVER""]","[""NONE""]","[""2063831"", ""2063836""]","[""PICKUP"", ""SPORT UTILITY VEHICLE (SUV)""]","[""PERSONAL""]","[""2008"", ""2019""]",[],[],"[""Y""]",[],[],[],[],"[""Y""]","[""Y""]",[],"[""1""]","[""Y""]",[],[],[],[],"['24', '30']","[""DID NOT DEPLOY"", ""NOT APPLICABLE""]","[""TEST NOT OFFERED""]","[""CHICAGO""]","[""2025-10-06T19:45:00.000""]","[""FAILED TO YIELD"", ""NONE""]","[""NOT OBSCURED"", ""UNKNOWN""]","[""D""]","[""IL""]","[""NONE""]",[],"[""O2165040"", ""O2165041"", ""P477792""]","[""DRIVER"", ""PASSENGER""]","[""NORMAL""]","[""SAFETY BELT USED""]","[""F"", ""M""]","[""IL""]","[""2063831"", ""2063836""]","[""60617"", ""60632""]",[],"[""3""]",[],[],[],[],2025,10,19,6,False,evening,41.79,-87.72,41.79_-87.72,27.0,24,30,OTHER,0