alignment,beat_of_occurrence,crash_date,crash_day_of_week,crash_hour,crash_month,crash_record_id,crash_type,damage,device_condition,first_crash_type,latitude,lighting_condition,longitude,num_units,posted_speed_limit,prim_contributory_cause,road_defect,roadway_surface_cond,sec_contributory_cause,street_direction,street_no,traffic_control_device,trafficway_type,weather_condition,private_property_i,hit_and_run_i,intersection_related_i,crash_date_est_i,work_zone_i,workers_present_i,veh_count,ppl_count,veh_area_01_i_list_json,veh_area_02_i_list_json,veh_area_12_i_list_json,veh_crash_date_list_json,veh_crash_unit_id_list_json,veh_first_contact_point_list_json,veh_lic_plate_state_list_json,veh_make_list_json,veh_maneuver_list_json,veh_model_list_json,veh_occupant_cnt_list_json,veh_travel_direction_list_json,veh_unit_no_list_json,veh_unit_type_list_json,veh_vehicle_defect_list_json,veh_vehicle_id_list_json,veh_vehicle_type_list_json,veh_vehicle_use_list_json,veh_vehicle_year_list_json,veh_area_03_i_list_json,veh_area_04_i_list_json,veh_area_11_i_list_json,veh_towed_by_list_json,veh_towed_i_list_json,veh_area_07_i_list_json,veh_area_99_i_list_json,veh_area_09_i_list_json,veh_area_10_i_list_json,veh_cmrc_veh_i_list_json,veh_num_passengers_list_json,veh_area_08_i_list_json,veh_area_00_i_list_json,veh_area_05_i_list_json,veh_area_06_i_list_json,veh_towed_to_list_json,ppl_age_list_json,ppl_airbag_deployed_list_json,ppl_bac_result_list_json,ppl_city_list_json,ppl_crash_date_list_json,ppl_driver_action_list_json,ppl_driver_vision_list_json,ppl_drivers_license_class_list_json,ppl_drivers_license_state_list_json,ppl_ejection_list_json,ppl_hospital_list_json,ppl_person_id_list_json,ppl_person_type_list_json,ppl_physical_condition_list_json,ppl_safety_equipment_list_json,ppl_sex_list_json,ppl_state_list_json,ppl_vehicle_id_list_json,ppl_zipcode_list_json,ppl_ems_agency_list_json,ppl_seat_no_list_json,ppl_pedpedal_action_list_json,ppl_pedpedal_location_list_json,ppl_pedpedal_visibility_list_json,ppl_ems_run_no_list_json,year,month,hour,day,is_weekend,hour_bin,lat_bin,lng_bin,grid_id,ppl_age_mean,ppl_age_min,ppl_age_max,prim_contributory_cause_group,ksi_flag
STRAIGHT AND LEVEL,1224,2025-10-06 19:45:00,2,19,10,8E61C2A798D3772202F990B1F8D19A97C395B6B0335A2EAEFB1260E985D571B4258FF8161220FF8B6B4F66585102B9EC50DC47DBD4B65A83E9BA13F8F7848409,NO INJURY / DRIVE AWAY,"OVER $1,500",NO CONTROLS,PARKED MOTOR VEHICLE,41.8851654187,"DARKNESS, LIGHTED ROAD",-87.6484795159,2,30,UNABLE TO DETERMINE,NO DEFECTS,WET,DRIVING SKILLS/KNOWLEDGE/EXPERIENCE,N,171,NO CONTROLS,NOT DIVIDED,RAIN,0.0,0.0,0.0,0.0,0.0,1.0,2,1,"[""Y""]","[""Y""]",[],"[""2025-10-06T19:45:00.000""]","[""2165067"", ""2165068""]","[""FRONT-LEFT-CORNER"", ""FRONT-RIGHT-CORNER""]","[""IL"", ""OK""]","[""TOYOTA"", ""VOLKSWAGEN""]","[""PARKED"", ""UNKNOWN/NA""]","[""4RUNNER"", ""ATLAS""]","[""0"", ""1""]","[""N"", ""UNKNOWN""]","[""1"", ""2""]","[""DRIVER"", ""DRIVERLESS""]","[""UNKNOWN""]","[""2063866"", ""2063869""]","[""PASSENGER"", ""UNKNOWN/NA""]","[""PERSONAL""]","[""2020"", ""2021""]",[],[],"[""Y""]",[],[],[],[],[],"[""Y""]",[],[],[],[],[],[],[],['29'],"[""DEPLOYMENT UNKNOWN""]","[""TEST NOT OFFERED""]","[""MUSKOGEE""]","[""2025-10-06T19:45:00.000""]","[""IMPROPER PARKING""]","[""UNKNOWN""]","[""D""]","[""OK""]","[""NONE""]",[],"[""O2165067""]","[""DRIVER""]","[""UNKNOWN""]","[""USAGE UNKNOWN""]","[""M""]","[""OK""]","[""2063866""]","[""74403""]",[],[],[],[],[],[],2025,10,19,6,False,evening,41.89,-87.65,41.89_-87.65,29.0,29,29,OTHER,0
STRAIGHT AND LEVEL,2223,2025-10-06 19:40:00,2,19,10,384FE236695E0444910D8C74AA487FC9DA24D4B8A51179C8C22289A0790ED0C8BFDDEEFE62F7C11C07AF7FB1FFED627FE8372C7CCDC582D7ED9E1E119DB714F9,NO INJURY / DRIVE AWAY,"OVER $1,500",NO CONTROLS,REAR END,41.7210932799,DUSK,-87.6433515119,2,35,FOLLOWING TOO CLOSELY,NO DEFECTS,WET,WEATHER,S,9510,NO CONTROLS,DIVIDED - W/MEDIAN BARRIER,RAIN,0.0,0.0,0.0,0.0,0.0,1.0,1,2,"[""Y""]",[],"[""Y""]","[""2025-10-06T19:40:00.000""]","[""2165028"", ""2165029""]","[""FRONT"", ""REAR""]","[""IL"", ""TX""]","[""DODGE"", ""FORD""]","[""STRAIGHT AHEAD""]","[""FIESTA"", ""RAM 3500 PU""]","[""1""]","[""S""]","[""1"", ""2""]","[""DRIVER""]","[""NONE"", ""UNKNOWN""]","[""2063827"", ""2063842""]","[""PASSENGER"", ""PICKUP""]","[""PERSONAL""]","[""2016"", ""2020""]",[],[],"[""Y""]",[],[],"[""Y""]",[],[],[],[],[],[],[],"[""Y""]","[""Y""]",[],"['20', '57']","[""DID NOT DEPLOY""]","[""TEST NOT OFFERED""]","[""CHICAGO"", ""DOLTON""]","[""2025-10-06T19:40:00.000""]","[""FOLLOWED TOO CLOSELY"", ""NONE""]","[""UNKNOWN"", ""WINDSHIELD (WATER/ICE)""]","[""D""]","[""IL""]","[""NONE""]",[],"[""O2165028"", ""O2165029""]","[""DRIVER""]","[""NORMAL"", ""UNKNOWN""]","[""SAFETY BELT USED"", ""USAGE UNKNOWN""]","[""F"", ""M""]","[""IL""]","[""2063827"", ""2063842""]","[""60419"", ""60620""]",[],[],[],[],[],[],2025,10,19,6,False,evening,41.72,-87.64,41.72_-87.64,38.5,20,57,FOLLOWING TOO CLOSELY,0
STRAIGHT AND LEVEL,2223,2025-10-06 19:35:00,2,19,10,6DB3AC5793316BE189E1670FAB948088A61C6ECBAD69D5FADCC9F5B1CA869A4A9CF9714D32831A9EEDDB78976C7BC3705ED2E211C7E6F00835F0C84B06E56379,INJURY AND / OR TOW DUE TO CRASH,"OVER $1,500",FUNCTIONING PROPERLY,OTHER OBJECT,41.7208217409,DARKNESS,-87.6433445223,1,30,FAILING TO REDUCE SPEED TO AVOID CRASH,NO DEFECTS,WET,ROAD ENGINEERING/SURFACE/MARKING DEFECTS,S,9520,TRAFFIC SIGNAL,DIVIDED - W/MEDIAN BARRIER,RAIN,0.0,0.0,0.0,0.0,0.0,1.0,1,1,[],[],[],"[""2025-10-06T19:35:00.000""]","[""2165037""]","[""FRONT-LEFT-CORNER""]","[""IL""]","[""NISSAN""]","[""STRAIGHT AHEAD""]","[""350Z""]","[""1""]","[""S""]","[""1""]","[""DRIVER""]","[""UNKNOWN""]","[""2063825""]","[""PASSENGER""]","[""PERSONAL""]","[""2003""]",[],[],"[""Y""]","[""PERSONAL TOW""]","[""Y""]","[""Y""]",[],"[""Y""]","[""Y""]",[],[],"[""Y""]",[],[],[],[],['20'],"[""DID NOT DEPLOY""]","[""TEST NOT OFFERED""]","[""DIAMOND""]","[""2025-10-06T19:35:00.000""]","[""TOO FAST FOR CONDITIONS""]","[""UNKNOWN""]",[],[],"[""NONE""]",[],"[""O2165037""]","[""DRIVER""]","[""NORMAL""]","[""NONE PRESENT""]","[""M""]","[""IL""]","[""2063825""]","[""60416""]",[],[],[],[],[],[],2025,10,19,6,False,evening,41.72,-87.64,41.72_-87.64,20.0,20,20,SPEEDING,0
STRAIGHT AND LEVEL,1833,2025-10-06 19:30:00,2,19,10,81E9B93DD73F0E718FA824E872F23DA9D454A67FD41A3DC177888F90A6B254116BCF4BC5A0165AC20DA15ACE903F5134D6F432A5FA52AE8F5FC0058ECCBC8A01,NO INJURY / DRIVE AWAY,"OVER $1,500",NO CONTROLS,SIDESWIPE SAME DIRECTION,41.8968049724,"DARKNESS, LIGHTED ROAD",-87.6170274232,2,30,UNABLE TO DETERMINE,UNKNOWN,UNKNOWN,UNABLE TO DETERMINE,N,800,NO CONTROLS,NOT DIVIDED,CLEAR,0.0,0.0,0.0,0.0,0.0,1.0,1,2,"[""Y""]","[""Y""]",[],"[""2025-10-06T19:30:00.000""]","[""2165031"", ""2165032""]","[""FRONT-LEFT-CORNER"", ""UNKNOWN""]","[""AZ"", ""IL""]","[""HONDA"", ""VOLKSWAGEN""]","[""CHANGING LANES"", ""STRAIGHT AHEAD""]","[""CR-V"", ""JETTA""]","[""1""]","[""UNKNOWN""]","[""1"", ""2""]","[""DRIVER""]","[""UNKNOWN""]","[""2063826"", ""2063830""]","[""PASSENGER"", ""SPORT UTILITY VEHICLE (SUV)""]","[""PERSONAL""]","[""1998"", ""2020""]","[""Y""]","[""Y""]","[""Y""]",[],[],"[""Y""]",[],"[""Y""]","[""Y""]",[],[],"[""Y""]",[],"[""Y""]","[""Y""]",[],"['22', '28']","[""DEPLOYMENT UNKNOWN""]","[""TEST NOT OFFERED""]","[""CHICAGO""]","[""2025-10-06T19:30:00.000""]","[""IMPROPER LANE CHANGE"", ""UNKNOWN""]","[""UNKNOWN""]","[""D""]","[""IL""]","[""UNKNOWN""]",[],"[""O2165031"", ""O2165032""]","[""DRIVER""]","[""EMOTIONAL""]","[""USAGE UNKNOWN""]","[""F"", ""M""]","[""IL""]","[""2063826"", ""2063830""]","[""60608"", ""60610""]",[],[],[],[],[],[],2025,10,19,6,False,evening,41.9,-87.62,41.9_-87.62,25.0,22,28,OTHER,0
STRAIGHT AND LEVEL,2223,2025-10-06 19:30:00,2,19,10,69D9CF7F72A707029FD4FE411F6949F6A50281655885D154EFB1AAA423F2411CD2B3A93528CA7FC25557AC0AA880BC9D8B2BE56565B57D48B201CBD1CC57981E,INJURY AND / OR TOW DUE TO CRASH,$500 OR LESS,FUNCTIONING PROPERLY,REAR END,41.7359212877,"DARKNESS, LIGHTED ROAD",-87.6399062992,2,30,DRIVING SKILLS/KNOWLEDGE/EXPERIENCE,NO DEFECTS,WET,FOLLOWING TOO CLOSELY,W,629,TRAFFIC SIGNAL,DIVIDED - W/MEDIAN BARRIER,RAIN,0.0,0.0,0.0,0.0,0.0,1.0,1,2,"[""Y""]",[],"[""Y""]","[""2025-10-06T19:30:00.000""]","[""2165062"", ""2165063""]","[""FRONT"", ""REAR""]","[""IL""]","[""CHEVROLET"", ""KIA""]","[""SLOW/STOP IN TRAFFIC""]","[""MALIBU"", ""SPORTAGE""]","[""1""]","[""E""]","[""1"", ""2""]","[""DRIVER""]","[""UNKNOWN""]","[""2063859"", ""2063862""]","[""PASSENGER"", ""SPORT UTILITY VEHICLE (SUV)""]","[""PERSONAL""]","[""2014"", ""2024""]",[],[],"[""Y""]",[],[],"[""Y""]",[],[],[],[],[],[],[],"[""Y""]","[""Y""]",[],"['72', '81']","[""DID NOT DEPLOY"", ""NOT APPLICABLE""]","[""TEST NOT OFFERED""]","[""CHICAGO""]","[""2025-10-06T19:30:00.000""]","[""FOLLOWED TOO CLOSELY"", ""UNKNOWN""]","[""UNKNOWN""]","[""D""]","[""IL""]","[""NONE""]","[""LITTLE COMPANY OF MARY""]","[""O2165062"", ""O2165063""]","[""DRIVER""]","[""NORMAL"", ""UNKNOWN""]","[""USAGE UNKNOWN""]","[""F"", ""M""]","[""IL""]","[""2063859"", ""2063862""]","[""60619"", ""60637""]","[""CFD""]",[],[],[],[],[],2025,10,19,6,False,evening,41.74,-87.64,41.74_-87.64,76.5,72,81,OTHER,1
STRAIGHT AND LEVEL,433,2025-10-06 19:30:00,2,19,10,0B693FA1509A590AD88C3B7FFF66B6D7B1045F3200FCFDC6DF7C5AD7C5DDBE589E84D64AB215158257D88DB225BEC26799D621291ABBE5A5168E7C0DC6C7959C,NO INJURY / DRIVE AWAY,"OVER $1,500",NO CONTROLS,PARKED MOTOR VEHICLE,41.6609661758,DAYLIGHT,-87.559129692,2,35,DRIVING SKILLS/KNOWLEDGE/EXPERIENCE,NO DEFECTS,DRY,DRIVING SKILLS/KNOWLEDGE/EXPERIENCE,S,12900,NO CONTROLS,PARKING LOT,CLEAR,0.0,1.0,0.0,0.0,0.0,1.0,2,0,"[""Y""]",[],"[""Y""]","[""2025-10-06T19:30:00.000""]","[""2167975"", ""2167976""]","[""FRONT"", ""UNKNOWN""]","[""IL""]","[""FORD"", ""UNKNOWN""]","[""PARKED"", ""UNKNOWN/NA""]","[""OTHER (EXPLAIN IN NARRATIVE)""]","[""0"", ""1""]","[""UNKNOWN""]","[""1"", ""2""]","[""DRIVER"", ""PARKED""]","[""NONE"", ""UNKNOWN""]","[""2066601"", ""2066605""]","[""PASSENGER"", ""UNKNOWN/NA""]","[""PERSONAL""]","[""2024""]",[],[],"[""Y""]",[],[],[],"[""Y""]",[],[],[],[],[],[],[],[],[],[],"[""DEPLOYMENT UNKNOWN""]","[""TEST NOT OFFERED""]",[],"[""2025-10-06T19:30:00.000""]","[""UNKNOWN""]","[""UNKNOWN""]",[],[],"[""NONE""]",[],"[""O2167975""]","[""DRIVER""]","[""UNKNOWN""]","[""USAGE UNKNOWN""]","[""X""]",[],"[""2066601""]",[],[],[],[],[],[],[],2025,10,19,6,False,evening,41.66,-87.56,41.66_-87.56,0.0,0,0,OTHER,0
STRAIGHT ON GRADE,833,2025-10-06 19:20:00,2,19,10,B8602493831D6DD9C3DD79E0ED59DA9C9BBFBFA7E88B1DDEF379A629A3072C980E4F1CEE75600B6BC0F9B284AD1FD58164745CDCAA93C6FD9F96975C6E4B332F,NO INJURY / DRIVE AWAY,"$501 - $1,500",FUNCTIONING PROPERLY,REAR END,41.7711369422,"DARKNESS, LIGHTED ROAD",-87.7334817178,3,25,FOLLOWING TOO CLOSELY,NO DEFECTS,DRY,FOLLOWING TOO CLOSELY,W,4431,TRAFFIC SIGNAL,NOT DIVIDED,CLEAR,0.0,1.0,0.0,0.0,0.0,1.0,1,1,"[""Y""]",[],"[""Y""]","[""2025-10-06T19:20:00.000""]","[""2165019"", ""2165020"", ""2165021""]","[""FRONT"", ""REAR""]",[],"[""CHEVROLET"", ""GENERAL MOTORS CORPORATION (GMC)"", ""TOYOTA""]","[""STRAIGHT AHEAD""]","[""ACADIA"", ""OTHER (EXPLAIN IN NARRATIVE)""]","[""1""]","[""E""]","[""1"", ""2"", ""3""]","[""DRIVER""]","[""NONE""]","[""2063817"", ""2063818"", ""2063819""]","[""PASSENGER"", ""SPORT UTILITY VEHICLE (SUV)""]","[""DRIVER EDUCATION"", ""PERSONAL""]","[""2017""]",[],[],"[""Y""]",[],[],"[""Y""]",[],[],[],[],[],[],[],"[""Y""]","[""Y""]",[],['23'],"[""DEPLOYMENT UNKNOWN"", ""NOT APPLICABLE""]","[""TEST NOT OFFERED""]","[""CHICAGO""]","[""2025-10-06T19:20:00.000""]","[""FOLLOWED TOO CLOSELY"", ""NONE""]","[""NOT OBSCURED"", ""UNKNOWN""]","[""D""]","[""IL""]","[""NONE""]",[],"[""O2165019"", ""O2165020"", ""O2165021""]","[""DRIVER""]","[""NORMAL"", ""UNKNOWN""]","[""SAFETY BELT USED"", ""USAGE UNKNOWN""]","[""F"", ""X""]","[""IL""]","[""2063817"", ""2063818"", ""2063819""]","[""60629""]",[],[],[],[],[],[],2025,10,19,6,False,evening,41.77,-87.73,41.77_-87.73,23.0,23,23,FOLLOWING TOO CLOSELY,0
STRAIGHT ON GRADE,823,2025-10-06 19:20:00,2,19,10,26DFD3115BB3C176A62810192B9F10616BD90100ECF8E3A4A666D6D0CCA20B8CCD267BE3C0A61327FD6230D3AD363694890586F40A277439E0528C21BC84ECFB,NO INJURY / DRIVE AWAY,"$501 - $1,500",FUNCTIONING PROPERLY,REAR END,41.7808443819,"DARKNESS, LIGHTED ROAD",-87.6935870532,2,25,FOLLOWING TOO CLOSELY,NO DEFECTS,SNOW OR SLUSH,FOLLOWING TOO CLOSELY,S,6200,STOP SIGN/FLASHER,NOT DIVIDED,RAIN,0.0,1.0,0.0,0.0,0.0,1.0,1,1,"[""Y""]",[],"[""Y""]","[""2025-10-06T19:20:00.000""]","[""2165056"", ""2165057""]","[""FRONT"", ""REAR""]",[],"[""CHEVROLET"", ""SUBARU""]","[""STRAIGHT AHEAD""]","[""CROSSTREK"", ""SILVERADO""]","[""1""]","[""S""]","[""1"", ""2""]","[""DRIVER""]","[""NONE""]","[""2063851"", ""2063853""]","[""PASSENGER"", ""PICKUP""]","[""PERSONAL""]","[""2013"", ""2016""]",[],[],"[""Y""]",[],[],"[""Y""]",[],[],[],[],[],[],[],"[""Y""]","[""Y""]",[],['24'],"[""DEPLOYMENT UNKNOWN"", ""NOT APPLICABLE""]","[""TEST NOT OFFERED""]","[""CHICAGO""]","[""2025-10-06T19:20:00.000""]","[""FAILED TO YIELD"", ""NONE""]","[""NOT OBSCURED"", ""UNKNOWN""]","[""D""]","[""IL""]","[""NONE""]",[],"[""O2165056"", ""O2165057""]","[""DRIVER""]","[""NORMAL"", ""UNKNOWN""]","[""SAFETY BELT USED"", ""USAGE UNKNOWN""]","[""M""]","[""IL""]","[""2063851"", ""2063853""]","[""60632""]",[],[],[],[],[],[],2025,10,19,6,False,evening,41.78,-87.69,41.78_-87.69,24.0,24,24,FOLLOWING TOO CLOSELY,0
STRAIGHT AND LEVEL,1633,2025-10-06 19:18:00,2,19,10,AE75836CC63FE5FC1D505073CD04C527A05D6AE5D8836B2ADAED26A646619464E21A2356FFC810EC3555DC4D4B87D5E5B92F727D789F6824F0DB479689A526C6,NO INJURY / DRIVE AWAY,"OVER $1,500",NO CONTROLS,REAR END,41.9530387571,"DARKNESS, LIGHTED ROAD",-87.7695022973,2,30,WEATHER,NO DEFECTS,WET,FAILING TO REDUCE SPEED TO AVOID CRASH,W,5701,NO CONTROLS,FOUR WAY,RAIN,0.0,0.0,1.0,0.0,0.0,1.0,1,2,"[""Y""]",[],"[""Y""]","[""2025-10-06T19:18:00.000""]","[""2165038"", ""2165039""]","[""FRONT"", ""REAR""]","[""IL"", ""MI""]","[""CHEVROLET"", ""LEXUS""]","[""STRAIGHT AHEAD""]","[""BLAZER"", ""RX350""]","[""1""]","[""E""]","[""1"", ""2""]","[""DRIVER""]","[""NONE""]","[""2063837"", ""2063847""]","[""PASSENGER""]","[""PERSONAL""]","[""2016"", ""2024""]",[],[],"[""Y""]",[],[],"[""Y""]",[],[],[],[],[],[],[],"[""Y""]","[""Y""]",[],"['22', '68']","[""NOT APPLICABLE""]","[""TEST NOT OFFERED""]","[""GLENVIEW"", ""ROCHESTER""]","[""2025-10-06T19:18:00.000""]","[""NONE"", ""TOO FAST FOR CONDITIONS""]","[""UNKNOWN""]","[""D"", ""EO""]","[""IL"", ""MI""]","[""NONE""]",[],"[""O2165038"", ""O2165039""]","[""DRIVER""]","[""NORMAL""]","[""SAFETY BELT USED""]","[""F""]","[""IL"", ""MI""]","[""2063837"", ""2063847""]","[""48307"", ""60026""]",[],[],[],[],[],[],2025,10,19,6,False,evening,41.95,-87.77,41.95_-87.77,45.0,22,68,WEATHER-RELATED,0
STRAIGHT AND LEVEL,1711,2025-10-06 19:12:00,2,19,10,C61A3C8F56737B0BD6A9ADA277B68AD127B9D23CF7866E3789D800AB68484BCCC4BFD31D255E71720910E991D327D9997C3EDD67D7A5169FB03668EDA291DB9B,INJURY AND / OR TOW DUE TO CRASH,$500 OR LESS,NO CONTROLS,PEDESTRIAN,41.9852105539,DARKNESS,-87.712748135,2,15,UNABLE TO DETERMINE,NO DEFECTS,WET,UNABLE TO DETERMINE,N,5710,NO CONTROLS,NOT DIVIDED,CLEAR,0.0,1.0,0.0,0.0,0.0,1.0,2,1,[],[],[],"[""2025-10-06T19:12:00.000""]","[""2165060"", ""2165061""]","[""UNKNOWN""]",[],"[""NISSAN""]","[""STRAIGHT AHEAD""]","[""OTHER (EXPLAIN IN NARRATIVE)""]","[""1""]","[""UNKNOWN""]","[""1"", ""2""]","[""DRIVER"", ""PEDESTRIAN""]","[""UNKNOWN""]","[""2063858""]","[""UNKNOWN/NA""]","[""UNKNOWN/NA""]",[],[],[],[],[],[],[],"[""Y""]",[],[],[],[],[],[],[],[],[],['8'],"[""DEPLOYMENT UNKNOWN""]","[""TEST NOT OFFERED""]",[],"[""2025-10-06T19:12:00.000""]","[""UNKNOWN""]","[""UNKNOWN""]",[],[],"[""NONE""]",[],"[""O2165060"", ""O2165061""]","[""DRIVER"", ""PEDESTRIAN""]","[""UNKNOWN""]","[""USAGE UNKNOWN""]","[""M"", ""X""]",[],"[""2063858""]",[],[],[],"[""UNKNOWN/NA""]","[""UNKNOWN/NA""]","[""NO CONTRASTING CLOTHING""]",[],2025,10,19,6,False,evening,41.99,-87.71,41.99_-87.71,8.0,8,8,OTHER,1
STRAIGHT AND LEVEL,2232,2025-10-06 19:10:00,2,19,10,831F2B6F99683762F63281286D4BA58E8D4686F0C978445BC123854BBE3F6C5444609C52886DFA0C070CE0CE90D04D75DFD9FCDDBF1A289BF5FA8A2E14BE8CF8,NO INJURY / DRIVE AWAY,"OVER $1,500",NO CONTROLS,SIDESWIPE SAME DIRECTION,41.7116603517,"DARKNESS, LIGHTED ROAD",-87.6430994141,2,30,IMPROPER LANE USAGE,NO DEFECTS,WET,UNABLE TO DETERMINE,S,10022,NO CONTROLS,NOT DIVIDED,RAIN,0.0,0.0,0.0,0.0,0.0,1.0,1,1,[],"[""N""]",[],"[""2025-10-06T19:10:00.000""]","[""2165526"", ""2165527""]","[""SIDE-LEFT"", ""SIDE-RIGHT""]","[""IL""]","[""ACURA"", ""INTERNATIONAL TRAILER CORPORATION""]","[""CHANGING LANES"", ""STRAIGHT AHEAD""]","[""ILX"", ""OTHER (EXPLAIN IN NARRATIVE)""]","[""1""]","[""S""]","[""1"", ""2""]","[""DRIVER""]","[""NONE""]","[""2064342"", ""2064359""]","[""PASSENGER"", ""TRUCK - SINGLE UNIT""]","[""COMMERCIAL - SINGLE UNIT"", ""PERSONAL""]","[""2017"", ""2018""]","[""N""]",[],"[""Y""]",[],[],[],"[""Y""]","[""Y""]","[""Y""]",[],[],"[""Y""]",[],[],[],[],['51'],"[""NOT APPLICABLE""]","[""TEST NOT OFFERED""]","[""CHICAGO"", ""PORT CLINTON""]","[""2025-10-06T19:10:00.000""]","[""IMPROPER LANE CHANGE"", ""NONE""]","[""NOT OBSCURED"", ""UNKNOWN""]","[""D""]","[""IL"", ""OH""]","[""NONE"", ""UNKNOWN""]",[],"[""O2165526"", ""O2165527""]","[""DRIVER""]","[""NORMAL""]","[""SAFETY BELT USED"", ""USAGE UNKNOWN""]","[""F"", ""M""]","[""IL"", ""OH""]","[""2064342"", ""2064359""]","[""60628""]",[],[],[],[],[],[],2025,10,19,6,False,evening,41.71,-87.64,41.71_-87.64,51.0,51,51,OTHER,0
STRAIGHT AND LEVEL,924,2025-10-06 19:10:00,2,19,10,159C7520FC7A929C29B421CB79CC047BEDCF45F68074534E387611B80DF9743E72F391E96FC4D52F457FE89D3697EDD9307D8475FFE366DB4C9D0C23FEA646BC,NO INJURY / DRIVE AWAY,"OVER $1,500",FUNCTIONING PROPERLY,REAR END,41.8101381525,"DARKNESS, LIGHTED ROAD",-87.664867266,2,30,FOLLOWING TOO CLOSELY,NO DEFECTS,WET,FOLLOWING TOO CLOSELY,S,4609,TRAFFIC SIGNAL,DIVIDED - W/MEDIAN (NOT RAISED),RAIN,0.0,1.0,1.0,0.0,0.0,1.0,1,1,[],[],"[""Y""]","[""2025-10-06T19:10:00.000""]","[""2165092"", ""2165093""]","[""FRONT"", ""REAR""]","[""IL""]","[""FORD"", ""TOYOTA""]","[""SLOW/STOP IN TRAFFIC"", ""STRAIGHT AHEAD""]","[""F150"", ""OTHER (EXPLAIN IN NARRATIVE)""]","[""1""]","[""N""]","[""1"", ""2""]","[""DRIVER""]","[""NONE""]","[""2063885"", ""2063890""]","[""PASSENGER"", ""PICKUP""]","[""PERSONAL"", ""UNKNOWN/NA""]","[""2010"", ""2018""]",[],[],[],[],[],[],[],[],[],[],[],[],[],[],"[""Y""]",[],['0'],"[""DEPLOYMENT UNKNOWN"", ""DID NOT DEPLOY""]","[""TEST NOT OFFERED""]","[""CHICAGO""]","[""2025-10-06T19:10:00.000""]","[""FOLLOWED TOO CLOSELY"", ""NONE""]","[""NOT OBSCURED"", ""UNKNOWN""]","[""D""]","[""IL""]","[""NONE""]",[],"[""O2165092"", ""O2165093""]","[""DRIVER""]","[""NORMAL"", ""UNKNOWN""]","[""SAFETY BELT USED"", ""USAGE UNKNOWN""]","[""M""]","[""IL""]","[""2063885"", ""2063890""]","[""60609""]",[],[],[],[],[],[],2025,10,19,6,False,evening,41.81,-87.66,41.81_-87.66,0.0,0,0,FOLLOWING TOO CLOSELY,0
STRAIGHT AND LEVEL,1031,2025-10-06 19:05:00,2,19,10,5FA162EDD3E29FE2E9765554B010F46C2B447178D031598ECCA0D15657BB15E526527BE1434C4263EFD5B7E57DEA99B9F1BEFDDA11EF00A29996BB9448009E1C,INJURY AND / OR TOW DUE TO CRASH,"OVER $1,500",FUNCTIONING PROPERLY,PEDESTRIAN,41.836789643,DAWN,-87.7244954651,2,30,UNABLE TO DETERMINE,NO DEFECTS,WET,NOT APPLICABLE,S,3100,TRAFFIC SIGNAL,NOT DIVIDED,RAIN,0.0,1.0,0.0,0.0,0.0,1.0,2,1,"[""Y""]",[],"[""Y""]","[""2025-10-06T19:05:00.000""]","[""2165017"", ""2165018""]","[""FRONT""]","[""IL""]","[""TOYOTA""]","[""TURNING RIGHT""]","[""TACOMA""]","[""1""]","[""N""]","[""1"", ""2""]","[""DRIVER"", ""PEDESTRIAN""]","[""UNKNOWN""]","[""2063815""]","[""PICKUP""]","[""UNKNOWN/NA""]","[""2018""]",[],[],"[""Y""]",[],[],[],[],[],[],[],[],[],[],[],[],[],['17'],"[""DEPLOYMENT UNKNOWN""]","[""TEST NOT OFFERED""]","[""CHICAGO""]","[""2025-10-06T19:05:00.000""]","[""FAILED TO YIELD"", ""NONE""]","[""NOT OBSCURED"", ""UNKNOWN""]",[],[],"[""NONE""]",[],"[""O2165017"", ""O2165018""]","[""DRIVER"", ""PEDESTRIAN""]","[""NORMAL"", ""UNKNOWN""]","[""NONE PRESENT"", ""USAGE UNKNOWN""]","[""F"", ""M""]","[""IL""]","[""2063815""]","[""60609""]",[],[],"[""CROSSING - WITH SIGNAL""]","[""IN CROSSWALK""]","[""NO CONTRASTING CLOTHING""]",[],2025,10,19,6,False,evening,41.84,-87.72,41.84_-87.72,17.0,17,17,OTHER,1
STRAIGHT AND LEVEL,2223,2025-10-06 19:04:00,2,19,10,D286B89C726EEE3C43FDD46852FFA38467DB2E118DF367B8240310E8D290D7A4C9B34804909B64F6610E4668AAF91B732F38F561A14697D2EAF28324E61D1A06,NO INJURY / DRIVE AWAY,"$501 - $1,500",FUNCTIONING PROPERLY,REAR END,41.7306808236,DAYLIGHT,-87.6433213212,2,30,FOLLOWING TOO CLOSELY,NO DEFECTS,DRY,NOT APPLICABLE,W,757,TRAFFIC SIGNAL,NOT DIVIDED,CLEAR,0.0,0.0,0.0,0.0,0.0,1.0,1,2,[],[],[],"[""2025-10-06T19:04:00.000""]","[""2165588"", ""2165589""]","[""REAR"", ""UNKNOWN""]","[""IL""]","[""BMW"", ""JEEP""]","[""STRAIGHT AHEAD""]","[""WRANGLER"", ""X3""]","[""1""]","[""S"", ""UNKNOWN""]","[""1"", ""2""]","[""DRIVER""]","[""NONE"", ""UNKNOWN""]","[""2064337"", ""2064348""]","[""PASSENGER""]","[""PERSONAL""]","[""2020"", ""2022""]",[],[],[],[],[],"[""Y""]","[""Y""]",[],[],[],[],[],[],"[""Y""]","[""Y""]",[],"['0', '40']","[""NOT APPLICABLE""]","[""TEST NOT OFFERED""]","[""ORLAND PARK""]","[""2025-10-06T19:04:00.000""]","[""FOLLOWED TOO CLOSELY"", ""NONE""]","[""NOT OBSCURED""]","[""D""]","[""IL""]","[""NONE""]",[],"[""O2165588"", ""O2165589""]","[""DRIVER""]","[""NORMAL""]","[""SAFETY BELT USED"", ""USAGE UNKNOWN""]","[""F""]","[""IL""]","[""2064337"", ""2064348""]","[""60462""]",[],[],[],[],[],[],2025,10,19,6,False,evening,41.73,-87.64,41.73_-87.64,20.0,0,40,FOLLOWING TOO CLOSELY,0