alignment,beat_of_occurrence,crash_date,crash_day_of_week,crash_hour,crash_month,crash_record_id,crash_type,damage,device_condition,first_crash_type,latitude,lighting_condition,longitude,num_units,posted_speed_limit,prim_contributory_cause,road_defect,roadway_surface_cond,sec_contributory_cause,street_direction,street_no,traffic_control_device,trafficway_type,weather_condition,private_property_i,hit_and_run_i,intersection_related_i,crash_date_est_i,work_zone_i,workers_present_i,veh_count,ppl_count,veh_area_01_i_list_json,veh_area_02_i_list_json,veh_area_12_i_list_json,veh_crash_date_list_json,veh_crash_unit_id_list_json,veh_first_contact_point_list_json,veh_lic_plate_state_list_json,veh_make_list_json,veh_maneuver_list_json,veh_model_list_json,veh_occupant_cnt_list_json,veh_travel_direction_list_json,veh_unit_no_list_json,veh_unit_type_list_json,veh_vehicle_defect_list_json,veh_vehicle_id_list_json,veh_vehicle_type_list_json,veh_vehicle_use_list_json,veh_vehicle_year_list_json,veh_area_03_i_list_json,veh_area_04_i_list_json,veh_area_11_i_list_json,veh_towed_by_list_json,veh_towed_i_list_json,veh_area_07_i_list_json,veh_area_99_i_list_json,veh_area_09_i_list_json,veh_area_10_i_list_json,veh_cmrc_veh_i_list_json,veh_num_passengers_list_json,veh_area_08_i_list_json,veh_area_00_i_list_json,veh_area_05_i_list_json,veh_area_06_i_list_json,veh_towed_to_list_json,ppl_age_list_json,ppl_airbag_deployed_list_json,ppl_bac_result_list_json,ppl_city_list_json,ppl_crash_date_list_json,ppl_driver_action_list_json,ppl_driver_vision_list_json,ppl_drivers_license_class_list_json,ppl_drivers_license_state_list_json,ppl_ejection_list_json,ppl_hospital_list_json,ppl_person_id_list_json,ppl_person_type_list_json,ppl_physical_condition_list_json,ppl_safety_equipment_list_json,ppl_sex_list_json,ppl_state_list_json,ppl_vehicle_id_list_json,ppl_zipcode_list_json,ppl_ems_agency_list_json,ppl_seat_no_list_json,ppl_pedpedal_action_list_json,ppl_pedpedal_location_list_json,ppl_pedpedal_visibility_list_json,ppl_ems_run_no_list_json,year,month,hour,day,is_weekend,hour_bin,lat_bin,lng_bin,grid_id,ppl_age_mean,ppl_age_min,ppl_age_max,prim_contributory_cause_group,ksi_flag
STRAIGHT AND LEVEL,922,2025-10-06 19:01:00,2,19,10,5F9D8023DECC24900EB29E10040D636F3733C3189531A9A849FEEF3710B6F118F8FB6A182BA9EF281ADEA6B91D8AE3FBC77F0C8D50C654D6AC0B4DF311AE23BC,INJURY AND / OR TOW DUE TO CRASH,"OVER $1,500",NO CONTROLS,PARKED MOTOR VEHICLE,41.8090449973,"DARKNESS, LIGHTED ROAD",-87.6904173028,2,25,WEATHER,UNKNOWN,WET,UNABLE TO DETERMINE,S,4637,NO CONTROLS,ONE-WAY,RAIN,0.0,0.0,0.0,0.0,0.0,1.0,2,1,"[""Y""]",[],"[""Y""]","[""2025-10-06T19:01:00.000""]","[""2165048"", ""2165049""]","[""FRONT-RIGHT-CORNER"", ""REAR-LEFT-CORNER""]","[""IL""]","[""GENERAL MOTORS CORPORATION (GMC)"", ""TOYOTA""]","[""PARKED"", ""STRAIGHT AHEAD""]","[""HIGHLANDER"", ""SIERRA""]","[""0"", ""1""]","[""N"", ""UNKNOWN""]","[""1"", ""2""]","[""DRIVER"", ""DRIVERLESS""]","[""NONE""]","[""2063844"", ""2063852""]","[""PICKUP"", ""VAN/MINI-VAN""]","[""PERSONAL""]","[""2005"", ""2014""]",[],[],[],"[""PRIVATE TOW""]","[""Y""]","[""Y""]",[],[],[],[],[],"[""Y""]",[],[],[],"[""UNKNOWN""]",['42'],"[""NOT APPLICABLE""]","[""TEST NOT OFFERED""]","[""CHICAGO""]","[""2025-10-06T19:01:00.000""]","[""OTHER""]","[""NOT OBSCURED""]","[""D""]","[""IL""]","[""NONE""]",[],"[""O2165048""]","[""DRIVER""]","[""NORMAL""]","[""SAFETY BELT USED""]","[""M""]","[""IL""]","[""2063844""]","[""60632""]",[],[],[],[],[],[],2025,10,19,6,False,evening,41.81,-87.69,41.81_-87.69,42.0,42,42,WEATHER-RELATED,0
STRAIGHT AND LEVEL,2524,2025-10-06 19:00:00,2,19,10,7154DCCB34810D124D2DFBA8C74C06F0D65153A830617381BE0FD3DA575B28B48E38575AD935BBB858D4269EBB7F9933FF63BE1D58FA944AADD9EEBC89366BC0,NO INJURY / DRIVE AWAY,"OVER $1,500",NO CONTROLS,PARKED MOTOR VEHICLE,41.9299244221,UNKNOWN,-87.7241860308,2,20,UNABLE TO DETERMINE,UNKNOWN,UNKNOWN,UNABLE TO DETERMINE,W,3853,NO CONTROLS,ONE-WAY,CLEAR,0.0,1.0,0.0,0.0,0.0,1.0,2,0,"[""N""]","[""N""]",[],"[""2025-10-06T19:00:00.000""]","[""2165472"", ""2165473""]","[""FRONT-LEFT-CORNER"", ""REAR-RIGHT-CORNER""]","[""IL""]","[""HYUNDAI"", ""UNKNOWN""]","[""PARKED"", ""UNKNOWN/NA""]","[""MOTORIZED"", ""TUCSON""]","[""0"", ""1""]","[""W""]","[""1"", ""2""]","[""DRIVER"", ""PARKED""]","[""UNKNOWN""]","[""2064631"", ""2064632""]","[""SPORT UTILITY VEHICLE (SUV)"", ""UNKNOWN/NA""]","[""NOT IN USE"", ""UNKNOWN/NA""]","[""2022""]","[""N""]","[""Y""]","[""Y""]",[],[],"[""N""]",[],"[""Y""]","[""Y""]",[],[],"[""N""]",[],"[""Y""]","[""Y""]",[],[],"[""DEPLOYMENT UNKNOWN""]","[""TEST NOT OFFERED""]",[],"[""2025-10-06T19:00:00.000""]","[""UNKNOWN""]","[""UNKNOWN""]",[],[],"[""NONE""]",[],"[""O2165472""]","[""DRIVER""]","[""UNKNOWN""]","[""USAGE UNKNOWN""]","[""X""]",[],"[""2064631""]",[],[],[],[],[],[],[],2025,10,19,6,False,evening,41.93,-87.72,41.93_-87.72,0.0,0,0,OTHER,0
STRAIGHT AND LEVEL,1411,2025-10-06 19:00:00,2,19,10,4A3F14FCAE2032AA099985104C96C6E1F9BA3E5D3D4F16CBE5E9092EF16AF204ADF1AE1AE867EC2400DA90A70130B8A6E4A919B77A2896607DF41C7EB3B8257D,NO INJURY / DRIVE AWAY,"OVER $1,500",NO CONTROLS,REAR END,41.9322053951,DARKNESS,-87.6976792439,2,30,FOLLOWING TOO CLOSELY,NO DEFECTS,DRY,FOLLOWING TOO CLOSELY,W,2800,NO CONTROLS,NOT DIVIDED,CLEAR,0.0,0.0,0.0,0.0,0.0,1.0,1,2,[],[],"[""Y""]","[""2025-10-06T19:00:00.000""]","[""2165024"", ""2165025""]","[""FRONT"", ""REAR""]","[""IL""]","[""TOYOTA"", ""VOLKSWAGEN""]","[""STRAIGHT AHEAD""]","[""OTHER (EXPLAIN IN NARRATIVE)"", ""RAV4""]","[""1""]","[""N""]","[""1"", ""2""]","[""DRIVER""]","[""NONE""]","[""2063820"", ""2063821""]","[""PASSENGER""]","[""PERSONAL""]","[""2022""]",[],[],[],[],[],[],[],[],[],[],[],[],[],[],"[""Y""]",[],"['28', '29']","[""NOT APPLICABLE""]","[""TEST NOT OFFERED""]","[""CHICAGO"", ""DES PLAINES""]","[""2025-10-06T19:00:00.000""]","[""NONE"", ""UNKNOWN""]","[""NOT OBSCURED"", ""UNKNOWN""]",[],"[""IL""]","[""NONE""]",[],"[""O2165024"", ""O2165025""]","[""DRIVER""]","[""NORMAL"", ""UNKNOWN""]","[""SAFETY BELT USED"", ""USAGE UNKNOWN""]","[""F""]","[""IL""]","[""2063820"", ""2063821""]","[""60016"", ""60630""]",[],[],[],[],[],[],2025,10,19,6,False,evening,41.93,-87.7,41.93_-87.7,28.5,28,29,FOLLOWING TOO CLOSELY,0
STRAIGHT AND LEVEL,212,2025-10-06 18:52:00,2,18,10,9B10E143090BEFE240E370E3B18F608E0C4A13B0E18E4A38668746992B4213213136A7F2D59665E7117787149FD5B2BC18404C599C4B594A19701D3FE4C6086E,INJURY AND / OR TOW DUE TO CRASH,"$501 - $1,500",FUNCTIONING PROPERLY,ANGLE,41.82391453,"DARKNESS, LIGHTED ROAD",-87.6145118295,2,20,FAILING TO YIELD RIGHT-OF-WAY,NO DEFECTS,WET,FAILING TO YIELD RIGHT-OF-WAY,S,3898,STOP SIGN/FLASHER,FOUR WAY,RAIN,0.0,0.0,1.0,0.0,0.0,1.0,1,2,"[""Y""]","[""Y""]","[""Y""]","[""2025-10-06T18:52:00.000""]","[""2165013"", ""2165014""]","[""FRONT"", ""SIDE-RIGHT-FRONT""]","[""IL"", ""KY""]","[""BMW"", ""LINCOLN""]","[""STRAIGHT AHEAD""]","[""328I"", ""CUSTOM""]","[""1"", ""3""]","[""E"", ""N""]","[""1"", ""2""]","[""DRIVER""]","[""NONE"", ""UNKNOWN""]","[""2063816"", ""2063822""]","[""PASSENGER""]","[""PERSONAL""]","[""2008"", ""2009""]","[""Y""]","[""Y""]","[""Y""]",[],[],[],[],[],[],[],"[""2""]",[],[],[],[],[],"['19', '52']","[""DEPLOYMENT UNKNOWN"", ""NOT APPLICABLE""]","[""TEST NOT OFFERED""]","[""CHICAGO""]","[""2025-10-06T18:52:00.000""]","[""FAILED TO YIELD"", ""UNKNOWN""]","[""NOT OBSCURED"", ""UNKNOWN""]","[""D""]","[""IL""]","[""NONE""]","[""UNIVERSITY OF CHICAGO HOSPITAL""]","[""O2165013"", ""O2165014"", ""P477794"", ""P477795""]","[""DRIVER"", ""PASSENGER""]","[""NORMAL"", ""OTHER""]","[""USAGE UNKNOWN""]","[""F"", ""M""]","[""IL""]","[""2063816"", ""2063822""]","[""60616"", ""60637""]","[""57""]","[""3"", ""6""]",[],[],[],[],2025,10,18,6,False,afternoon,41.82,-87.61,41.82_-87.61,35.5,19,52,FAILURE-TO-YIELD,1
STRAIGHT AND LEVEL,811,2025-10-06 18:50:00,2,18,10,484BD28959DFD2965A31CF57C4018793D23F25601E702DE004EBFD2B2F28EC84E313AB01B65D1EF284AB745E914568CDAABE81968F433696AE5519B3271617F3,INJURY AND / OR TOW DUE TO CRASH,$500 OR LESS,FUNCTIONING PROPERLY,PEDESTRIAN,41.7866348278,"DARKNESS, LIGHTED ROAD",-87.8012384728,2,25,FAILING TO REDUCE SPEED TO AVOID CRASH,NO DEFECTS,WET,NOT APPLICABLE,W,7198,STOP SIGN/FLASHER,NOT DIVIDED,RAIN,0.0,0.0,1.0,0.0,0.0,1.0,2,2,[],[],[],"[""2025-10-06T18:50:00.000""]","[""2164989"", ""2164990""]","[""UNKNOWN""]","[""IL""]","[""CHEVROLET""]","[""SLOW/STOP IN TRAFFIC""]","[""SILVERADO""]","[""1""]","[""W""]","[""1"", ""2""]","[""DRIVER"", ""PEDESTRIAN""]","[""UNKNOWN""]","[""2063787""]","[""PICKUP""]","[""PERSONAL""]","[""2014""]",[],[],[],[],[],[],"[""Y""]",[],[],[],[],[],[],[],[],[],"['41', '76']","[""NOT APPLICABLE""]","[""TEST NOT OFFERED""]","[""CHICAGO"", ""OAK LAWN""]","[""2025-10-06T18:50:00.000""]","[""FAILED TO YIELD"", ""NONE""]","[""UNKNOWN""]","[""D""]","[""IL""]","[""NONE""]",[],"[""O2164989"", ""O2164990""]","[""DRIVER"", ""PEDESTRIAN""]","[""NORMAL"", ""UNKNOWN""]","[""NONE PRESENT"", ""USAGE UNKNOWN""]","[""M""]","[""IL""]","[""2063787""]","[""60453"", ""60638""]",[],[],"[""STANDING IN ROADWAY""]","[""IN CROSSWALK""]","[""NO CONTRASTING CLOTHING""]",[],2025,10,18,6,False,afternoon,41.79,-87.8,41.79_-87.8,58.5,41,76,SPEEDING,1
STRAIGHT AND LEVEL,1632,2025-10-06 18:46:00,2,18,10,5B3C8BC64CCF71A1CCA8A2F3CBDC9DA46FCD1ED70E67F9322A73E4355700CE98ACCCF658A3FF06851A5EA44E5AE94214460B4833D9527B80D8CBFC5F4ACD02B6,NO INJURY / DRIVE AWAY,"OVER $1,500",FUNCTIONING PROPERLY,TURNING,41.938266954,DUSK,-87.795761499,2,30,DISREGARDING TRAFFIC SIGNALS,UNKNOWN,WET,UNABLE TO DETERMINE,W,6800,TRAFFIC SIGNAL,NOT DIVIDED,CLEAR,0.0,1.0,1.0,0.0,0.0,1.0,1,1,"[""Y""]","[""Y""]","[""N""]","[""2025-10-06T18:46:00.000""]","[""2170356"", ""2170357""]","[""FRONT"", ""FRONT-RIGHT-CORNER""]","[""IL""]","[""HONDA"", ""VOLKSWAGEN""]","[""STRAIGHT AHEAD"", ""TURNING LEFT""]","[""ACCORD"", ""PASSAT""]","[""1""]","[""E"", ""W""]","[""1"", ""2""]","[""DRIVER""]","[""UNKNOWN""]","[""2068862"", ""2068866""]","[""PASSENGER""]","[""PERSONAL"", ""UNKNOWN/NA""]","[""2005"", ""2015""]",[],[],[],[],[],[],"[""Y""]",[],[],[],[],[],[],[],[],[],['45'],"[""DEPLOYMENT UNKNOWN"", ""DID NOT DEPLOY""]","[""TEST NOT OFFERED""]","[""CHICAGO""]","[""2025-10-06T18:46:00.000""]","[""DISREGARDED CONTROL DEVICES"", ""OTHER""]","[""UNKNOWN""]","[""D""]","[""IL""]","[""NONE""]",[],"[""O2170356"", ""O2170357""]","[""DRIVER""]","[""NORMAL"", ""UNKNOWN""]","[""SAFETY BELT USED"", ""USAGE UNKNOWN""]","[""M""]","[""IL""]","[""2068862"", ""2068866""]","[""60634""]",[],[],[],[],[],[],2025,10,18,6,False,afternoon,41.94,-87.8,41.94_-87.8,45.0,45,45,OTHER,0
STRAIGHT AND LEVEL,2223,2025-10-06 18:41:00,2,18,10,CAB85DA5E9B0057D25C5A3216D8A90C200F629B4F93E7D27E1ED62503F8A65CFCF62E2D669FA58415A71E8FA6D38D4CD849C2B11CC9695FE561DDFE9332265A2,NO INJURY / DRIVE AWAY,"OVER $1,500",NO CONTROLS,SIDESWIPE SAME DIRECTION,41.721671813,"DARKNESS, LIGHTED ROAD",-87.6358769009,2,30,IMPROPER OVERTAKING/PASSING,NO DEFECTS,DRY,NOT APPLICABLE,W,458,NO CONTROLS,FOUR WAY,CLEAR,0.0,1.0,0.0,0.0,0.0,1.0,1,1,[],[],[],"[""2025-10-06T18:41:00.000""]","[""2164983"", ""2164984""]","[""SIDE-LEFT-FRONT"", ""UNKNOWN""]","[""IL""]","[""FORD"", ""NOVA BUS""]","[""PASSING/OVERTAKING"", ""SLOW/STOP IN TRAFFIC""]","[""OTHER (EXPLAIN IN NARRATIVE)"", ""VAN""]","[""1""]","[""W""]","[""1"", ""2""]","[""DRIVER""]","[""UNKNOWN""]","[""2063783"", ""2063791""]","[""BUS OVER 15 PASS."", ""VAN/MINI-VAN""]","[""CTA"", ""UNKNOWN/NA""]","[""2023""]",[],[],"[""Y""]",[],[],[],"[""Y""]",[],"[""N""]",[],[],[],[],[],[],[],['31'],"[""DEPLOYMENT UNKNOWN"", ""DID NOT DEPLOY""]","[""TEST NOT OFFERED""]",[],"[""2025-10-06T18:41:00.000""]","[""IMPROPER PASSING"", ""NONE""]","[""NOT OBSCURED"", ""UNKNOWN""]","[""B""]","[""IN""]","[""NONE""]",[],"[""O2164983"", ""O2164984""]","[""DRIVER""]","[""NORMAL"", ""UNKNOWN""]","[""USAGE UNKNOWN""]","[""M"", ""X""]",[],"[""2063783"", ""2063791""]",[],[],[],[],[],[],[],2025,10,18,6,False,afternoon,41.72,-87.64,41.72_-87.64,31.0,31,31,OTHER,0
STRAIGHT AND LEVEL,2522,2025-10-06 18:40:00,2,18,10,24A9F7BB1D81C9DE0EC8175DC836969C6F4D13249BF84A1D85BF73F70AB9FE38BAE8D6C5A0541DB4ADC8E3D84F9C5304BFE30B757CAB1AAB4C660DA2FA21F840,NO INJURY / DRIVE AWAY,$500 OR LESS,NO CONTROLS,PARKED MOTOR VEHICLE,41.9173427559,UNKNOWN,-87.755804311,2,10,UNABLE TO DETERMINE,UNKNOWN,WET,NOT APPLICABLE,N,2013,NO CONTROLS,PARKING LOT,CLEAR,1.0,0.0,0.0,0.0,0.0,1.0,2,1,[],[],[],"[""2025-10-06T18:40:00.000""]","[""2165026"", ""2165027""]","[""SIDE-LEFT"", ""SIDE-RIGHT-REAR""]","[""IL""]","[""BMW"", ""NISSAN""]","[""BACKING"", ""PARKED""]","[""OTHER (EXPLAIN IN NARRATIVE)""]","[""0"", ""1""]","[""N"", ""S""]","[""1"", ""2""]","[""DRIVER"", ""PARKED""]","[""UNKNOWN""]","[""2063823"", ""2063824""]","[""PASSENGER"", ""SPORT UTILITY VEHICLE (SUV)""]","[""NOT IN USE"", ""PERSONAL""]","[""2011"", ""2014""]",[],[],[],[],[],[],[],"[""Y""]",[],[],[],"[""Y""]","[""Y""]","[""Y""]",[],[],['60'],"[""NOT APPLICABLE""]","[""TEST NOT OFFERED""]","[""CHICAGO""]","[""2025-10-06T18:40:00.000""]","[""OTHER""]","[""UNKNOWN""]","[""D""]","[""IL""]","[""NONE""]",[],"[""O2165026""]","[""DRIVER""]","[""NORMAL""]","[""USAGE UNKNOWN""]","[""M""]","[""IL""]","[""2063823""]","[""60641""]",[],[],[],[],[],[],2025,10,18,6,False,afternoon,41.92,-87.76,41.92_-87.76,60.0,60,60,OTHER,0
STRAIGHT AND LEVEL,1511,2025-10-06 18:40:00,2,18,10,D594659E087EC7122A3801C7740AB8096EEFE80D5F6B507FB04C1AC4FF53964B1BDF06F094827D56F9BAC66ABE0B4AD835268F69CD278674CFAC76E5DFFB26DA,INJURY AND / OR TOW DUE TO CRASH,"OVER $1,500",FUNCTIONING PROPERLY,REAR END,41.8925112209,"DARKNESS, LIGHTED ROAD",-87.7749095574,2,30,UNABLE TO DETERMINE,NO DEFECTS,WET,NOT APPLICABLE,N,651,TRAFFIC SIGNAL,NOT DIVIDED,CLEAR,0.0,0.0,1.0,0.0,0.0,1.0,1,2,[],[],[],"[""2025-10-06T18:40:00.000""]","[""2165044"", ""2165045""]","[""FRONT"", ""REAR""]","[""IL""]","[""CHEVROLET"", ""HYUNDAI""]","[""STRAIGHT AHEAD""]","[""TRAIL BLAZER"", ""TUCSON""]","[""1""]","[""N""]","[""1"", ""2""]","[""DRIVER""]","[""NONE""]","[""2063833"", ""2063843""]","[""PASSENGER"", ""SPORT UTILITY VEHICLE (SUV)""]","[""PERSONAL""]","[""2004"", ""2016""]",[],[],[],[],[],"[""Y""]","[""Y""]",[],[],[],[],[],[],[],"[""Y""]",[],"['45', '61']","[""DEPLOYMENT UNKNOWN"", ""DID NOT DEPLOY""]","[""TEST NOT OFFERED""]","[""CHICAGO"", ""OAK PARK""]","[""2025-10-06T18:40:00.000""]","[""NONE"", ""UNKNOWN""]","[""NOT OBSCURED"", ""UNKNOWN""]","[""D""]","[""IL""]","[""NONE""]",[],"[""O2165044"", ""O2165045""]","[""DRIVER""]","[""NORMAL"", ""UNKNOWN""]","[""SAFETY BELT USED"", ""USAGE UNKNOWN""]","[""F""]","[""IL""]","[""2063833"", ""2063843""]","[""60302"", ""60607""]",[],[],[],[],[],[],2025,10,18,6,False,afternoon,41.89,-87.77,41.89_-87.77,53.0,45,61,OTHER,1
STRAIGHT AND LEVEL,1033,2025-10-06 18:35:00,2,18,10,4EC7C2912BCE6FED8D5FC6FDEAA0BA92901EA61E5A0D5B931208F5D61F6BD3D1908677294A2E7B42D007FC72C018B14FC0296C163CD303734D8D345710A7BCFE,NO INJURY / DRIVE AWAY,"OVER $1,500",FUNCTIONING PROPERLY,REAR END,41.8464007185,DAYLIGHT,-87.6954163188,2,35,FAILING TO REDUCE SPEED TO AVOID CRASH,NO DEFECTS,DRY,NOT APPLICABLE,S,2500,TRAFFIC SIGNAL,NOT DIVIDED,CLEAR,0.0,0.0,0.0,0.0,0.0,1.0,1,2,[],[],"[""Y""]","[""2025-10-06T18:35:00.000""]","[""2164987"", ""2164988""]","[""FRONT-LEFT-CORNER"", ""REAR-RIGHT-CORNER""]","[""IL""]","[""JEEP"", ""TOYOTA""]","[""STRAIGHT AHEAD""]","[""COMPASS"", ""SIENNA""]","[""1""]","[""N""]","[""1"", ""2""]","[""DRIVER""]","[""NONE""]","[""2063789"", ""2063797""]","[""PASSENGER""]","[""PERSONAL""]","[""2013"", ""2021""]","[""Y""]","[""Y""]","[""Y""]",[],[],[],[],[],"[""Y""]",[],[],[],[],"[""Y""]","[""Y""]",[],"['44', '46']","[""NOT APPLICABLE""]","[""TEST NOT OFFERED""]","[""CHICAGO""]","[""2025-10-06T18:35:00.000""]","[""FOLLOWED TOO CLOSELY"", ""NONE""]","[""NOT OBSCURED""]","[""D""]","[""IL""]","[""NONE""]",[],"[""O2164987"", ""O2164988""]","[""DRIVER""]","[""NORMAL""]","[""NONE PRESENT"", ""USAGE UNKNOWN""]","[""M""]","[""IL""]","[""2063789"", ""2063797""]","[""60629"", ""60632""]",[],[],[],[],[],[],2025,10,18,6,False,afternoon,41.85,-87.7,41.85_-87.7,45.0,44,46,SPEEDING,0
STRAIGHT AND LEVEL,1723,2025-10-06 18:31:00,2,18,10,2B10D788B6CB2FE2DA04DCF3EEBAFBE40DF250E1C919AFABA74AA4F991F74085AC31DAA08B31445E675C5E87B49229400BA6B233EEC685A26EE8C47719EF2BAC,INJURY AND / OR TOW DUE TO CRASH,"OVER $1,500",NO CONTROLS,TURNING,41.9553107605,"DARKNESS, LIGHTED ROAD",-87.7216798697,2,30,DRIVING ON WRONG SIDE/WRONG WAY,UNKNOWN,WET,UNABLE TO DETERMINE,N,4048,NO CONTROLS,ONE-WAY,RAIN,0.0,0.0,1.0,0.0,0.0,1.0,1,2,"[""Y""]","[""Y""]","[""Y""]","[""2025-10-06T18:31:00.000""]","[""2165035"", ""2165036""]","[""FRONT-LEFT-CORNER"", ""FRONT-RIGHT-CORNER""]","[""IL""]","[""HYUNDAI"", ""NISSAN""]","[""STRAIGHT AHEAD"", ""TURNING RIGHT""]","[""OTHER (EXPLAIN IN NARRATIVE)""]","[""1""]","[""N"", ""S""]","[""1"", ""2""]","[""DRIVER""]","[""UNKNOWN""]","[""2063828"", ""2063834""]","[""PASSENGER""]","[""PERSONAL""]","[""2019"", ""2024""]","[""Y""]",[],"[""Y""]","[""PRIVATE TOW""]","[""Y""]",[],[],[],"[""Y""]",[],[],[],[],[],[],"[""PRIVATE TOW""]","['42', '55']","[""DEPLOYED, FRONT""]","[""TEST NOT OFFERED""]","[""CHICAG"", ""WILMETTE""]","[""2025-10-06T18:31:00.000""]","[""UNKNOWN"", ""WRONG WAY/SIDE""]","[""UNKNOWN""]","[""A"", ""D""]","[""IL""]","[""NONE""]",[],"[""O2165035"", ""O2165036""]","[""DRIVER""]","[""NORMAL"", ""UNKNOWN""]","[""USAGE UNKNOWN""]","[""F"", ""M""]","[""IL""]","[""2063828"", ""2063834""]","[""60091"", ""60643""]",[],[],[],[],[],[],2025,10,18,6,False,afternoon,41.96,-87.72,41.96_-87.72,48.5,42,55,OTHER,0
STRAIGHT AND LEVEL,1931,2025-10-06 18:30:00,2,18,10,F3EB4ABBA8D11189A4BD1791E18E252912915EDABD4A33B95F775D09177A68A2596D0994B6DA8D95FE9489A525A067E10FD579BACCB7F374289567B119324E75,NO INJURY / DRIVE AWAY,"$501 - $1,500",NO CONTROLS,TURNING,41.9270513618,"DARKNESS, LIGHTED ROAD",-87.6683594759,2,30,UNABLE TO DETERMINE,NO DEFECTS,DRY,UNABLE TO DETERMINE,N,2500,NO CONTROLS,CENTER TURN LANE,CLEAR,0.0,0.0,0.0,0.0,0.0,1.0,1,2,"[""Y""]","[""Y""]","[""Y""]","[""2025-10-06T18:30:00.000""]","[""2165913"", ""2165914""]","[""FRONT-RIGHT-CORNER"", ""REAR-LEFT-CORNER""]","[""IL""]","[""HYUNDAI"", ""LEXUS""]","[""AVOIDING VEHICLES/OBJECTS"", ""TURNING LEFT""]","[""RX350"", ""SONATA""]","[""1""]","[""N"", ""NW""]","[""1"", ""2""]","[""DRIVER""]","[""NONE""]","[""2064668"", ""2064687""]","[""PASSENGER""]","[""PERSONAL""]","[""2011"", ""2015""]",[],[],[],[],[],"[""Y""]",[],[],[],[],[],[],[],[],"[""Y""]",[],"['40', '63']","[""DID NOT DEPLOY"", ""NOT APPLICABLE""]","[""TEST NOT OFFERED""]","[""CHICAGO""]","[""2025-10-06T18:30:00.000""]","[""OTHER"", ""UNKNOWN""]","[""NOT OBSCURED""]","[""D""]","[""IL""]","[""NONE""]",[],"[""O2165913"", ""O2165914""]","[""DRIVER""]","[""NORMAL""]","[""SAFETY BELT USED""]","[""M""]","[""IL""]","[""2064668"", ""2064687""]","[""60607"", ""60631""]",[],[],[],[],[],[],2025,10,18,6,False,afternoon,41.93,-87.67,41.93_-87.67,51.5,40,63,OTHER,0
STRAIGHT AND LEVEL,1421,2025-10-06 18:30:00,2,18,10,CE20A3976F495FE6BF67F5D3C99CF716043C291C0CB6284C0FD53436E402E5BE9B5C74848091A7D4DD2C94D497E29BAE46F508EEF89669B7AF45F69C3E6925AB,NO INJURY / DRIVE AWAY,"OVER $1,500",NO CONTROLS,ANGLE,41.9102254778,DAYLIGHT,-87.7068125957,2,30,DRIVING SKILLS/KNOWLEDGE/EXPERIENCE,UNKNOWN,UNKNOWN,UNABLE TO DETERMINE,W,3156,TRAFFIC SIGNAL,DIVIDED - W/MEDIAN (NOT RAISED),CLEAR,0.0,0.0,0.0,0.0,0.0,1.0,1,2,[],"[""Y""]","[""Y""]","[""2025-10-06T18:30:00.000""]","[""2165347"", ""2165348""]","[""FRONT"", ""SIDE-RIGHT""]","[""IA"", ""IL""]","[""NISSAN"", ""TOYOTA""]","[""STRAIGHT AHEAD""]","[""ALTIMA"", ""PRIUS""]","[""1""]","[""S"", ""W""]","[""1"", ""2""]","[""DRIVER""]","[""UNKNOWN""]","[""2064139"", ""2064147""]","[""PASSENGER""]","[""PERSONAL""]","[""2014"", ""2023""]","[""Y""]","[""Y""]",[],[],[],[],[],[],[],[],[],[],[],[],[],[],"['31', '46']","[""DEPLOYMENT UNKNOWN""]","[""TEST NOT OFFERED""]","[""CHICAGO""]","[""2025-10-06T18:30:00.000""]","[""OTHER""]","[""UNKNOWN""]","[""D""]","[""IL""]","[""NONE""]",[],"[""O2165347"", ""O2165348""]","[""DRIVER""]","[""UNKNOWN""]","[""SAFETY BELT USED""]","[""F"", ""M""]","[""IL""]","[""2064139"", ""2064147""]","[""60622"", ""60647""]",[],[],[],[],[],[],2025,10,18,6,False,afternoon,41.91,-87.71,41.91_-87.71,38.5,31,46,OTHER,0
STRAIGHT AND LEVEL,313,2025-10-06 18:29:00,2,18,10,613EDB0E4AD720201B80B2CAFF12CC6062901A0813CD32E23DEB6237BBB8DB62B929C5B44BFF59425E267FB6F7A82C2B04C005821E6292E8CE282B0381081F28,NO INJURY / DRIVE AWAY,"OVER $1,500",NO CONTROLS,REAR TO SIDE,41.785387445,DAWN,-87.606183761,2,10,IMPROPER BACKING,UNKNOWN,WET,IMPROPER BACKING,S,6014,NO CONTROLS,PARKING LOT,RAIN,0.0,0.0,0.0,0.0,0.0,1.0,1,2,[],"[""Y""]",[],"[""2025-10-06T18:29:00.000""]","[""2165568"", ""2165569""]","[""REAR"", ""SIDE-RIGHT""]","[""IL""]","[""FORD"", ""NISSAN""]","[""BACKING"", ""STRAIGHT AHEAD""]","[""F150"", ""ROGUE""]","[""1""]","[""N"", ""W""]","[""1"", ""2""]","[""DRIVER""]","[""UNKNOWN""]","[""2064322"", ""2064328""]","[""PICKUP"", ""SPORT UTILITY VEHICLE (SUV)""]","[""PERSONAL""]","[""2012"", ""2017""]","[""Y""]","[""Y""]",[],[],[],[],[],[],[],[],[],[],[],[],[],[],"['29', '53']","[""NOT APPLICABLE""]","[""TEST NOT OFFERED""]","[""CHICAGO""]","[""2025-10-06T18:29:00.000""]","[""IMPROPER BACKING"", ""NONE""]","[""UNKNOWN""]","[""D""]","[""IL""]","[""NONE""]",[],"[""O2165568"", ""O2165569""]","[""DRIVER""]","[""UNKNOWN""]","[""SAFETY BELT USED"", ""USAGE UNKNOWN""]","[""F"", ""M""]","[""IL""]","[""2064322"", ""2064328""]","[""60637"", ""60649""]",[],[],[],[],[],[],2025,10,18,6,False,afternoon,41.79,-87.61,41.79_-87.61,41.0,29,53,OTHER,0