alignment,beat_of_occurrence,crash_date,crash_day_of_week,crash_hour,crash_month,crash_record_id,crash_type,damage,device_condition,first_crash_type,latitude,lighting_condition,longitude,num_units,posted_speed_limit,prim_contributory_cause,road_defect,roadway_surface_cond,sec_contributory_cause,street_direction,street_no,traffic_control_device,trafficway_type,weather_condition,private_property_i,hit_and_run_i,intersection_related_i,crash_date_est_i,work_zone_i,workers_present_i,veh_count,ppl_count,veh_area_01_i_list_json,veh_area_02_i_list_json,veh_area_12_i_list_json,veh_crash_date_list_json,veh_crash_unit_id_list_json,veh_first_contact_point_list_json,veh_lic_plate_state_list_json,veh_make_list_json,veh_maneuver_list_json,veh_model_list_json,veh_occupant_cnt_list_json,veh_travel_direction_list_json,veh_unit_no_list_json,veh_unit_type_list_json,veh_vehicle_defect_list_json,veh_vehicle_id_list_json,veh_vehicle_type_list_json,veh_vehicle_use_list_json,veh_vehicle_year_list_json,veh_area_03_i_list_json,veh_area_04_i_list_json,veh_area_11_i_list_json,veh_towed_by_list_json,veh_towed_i_list_json,veh_area_07_i_list_json,veh_area_99_i_list_json,veh_area_09_i_list_json,veh_area_10_i_list_json,veh_cmrc_veh_i_list_json,veh_num_passengers_list_json,veh_area_08_i_list_json,veh_area_00_i_list_json,veh_area_05_i_list_json,veh_area_06_i_list_json,veh_towed_to_list_json,ppl_age_list_json,ppl_airbag_deployed_list_json,ppl_bac_result_list_json,ppl_city_list_json,ppl_crash_date_list_json,ppl_driver_action_list_json,ppl_driver_vision_list_json,ppl_drivers_license_class_list_json,ppl_drivers_license_state_list_json,ppl_ejection_list_json,ppl_hospital_list_json,ppl_person_id_list_json,ppl_person_type_list_json,ppl_physical_condition_list_json,ppl_safety_equipment_list_json,ppl_sex_list_json,ppl_state_list_json,ppl_vehicle_id_list_json,ppl_zipcode_list_json,ppl_ems_agency_list_json,ppl_seat_no_list_json,ppl_pedpedal_action_list_json,ppl_pedpedal_location_list_json,ppl_pedpedal_visibility_list_json,ppl_ems_run_no_list_json,year,month,hour,day,is_weekend,hour_bin,lat_bin,lng_bin,grid_id,ppl_age_mean,ppl_age_min,ppl_age_max,prim_contributory_cause_group,ksi_flag
STRAIGHT AND LEVEL,1722,2025-10-06 18:27:00,2,18,10,C09CBDECE084C7D86F5FC0B9CC4132F19AF7D497B86316438282DD427AA78282ADF55ED25C49C2331D0DC415D3F0CBE7314935432145EC8635B8D1F00484CADB,INJURY AND / OR TOW DUE TO CRASH,"OVER $1,500",FUNCTIONING PROPERLY,ANGLE,41.9608703776,DAWN,-87.7440970213,2,30,FAILING TO YIELD RIGHT-OF-WAY,UNKNOWN,WET,NOT APPLICABLE,W,4632,TRAFFIC SIGNAL,FOUR WAY,RAIN,0.0,0.0,1.0,0.0,0.0,1.0,1,2,"[""Y""]",[],"[""Y""]","[""2025-10-06T18:27:00.000""]","[""2164991"", ""2164992""]","[""FRONT"", ""SIDE-RIGHT""]","[""IL""]","[""DODGE"", ""VOLKSWAGEN""]","[""STRAIGHT AHEAD""]","[""DURANGO"", ""TIGUAN""]","[""1""]","[""S"", ""W""]","[""1"", ""2""]","[""DRIVER""]","[""UNKNOWN""]","[""2063788"", ""2063796""]","[""PASSENGER""]","[""PERSONAL""]","[""2015""]",[],"[""Y""]","[""Y""]",[],[],[],[],[],[],[],[],[],[],"[""Y""]",[],[],"['31', '60']","[""DEPLOYMENT UNKNOWN"", ""NOT APPLICABLE""]","[""TEST NOT OFFERED""]","[""CHICAGO"", ""STREAMWOOD""]","[""2025-10-06T18:27:00.000""]","[""FAILED TO YIELD"", ""NONE""]","[""NOT OBSCURED"", ""OTHER""]","[""A"", ""D""]","[""IL""]","[""NONE""]",[],"[""O2164991"", ""O2164992""]","[""DRIVER""]","[""NORMAL""]","[""USAGE UNKNOWN""]","[""M""]","[""IL""]","[""2063788"", ""2063796""]","[""60107"", ""60618""]",[],[],[],[],[],[],2025,10,18,6,False,afternoon,41.96,-87.74,41.96_-87.74,45.5,31,60,FAILURE-TO-YIELD,1
STRAIGHT AND LEVEL,1034,2025-10-06 18:25:00,2,18,10,ADA2FC26BA8380CD6B4A957A4BF6D48C687C4808CD103284B402958DD0B6924BDE9D5D39D1CC1BD905FDC02C51543EC3D235254EDE72CCB1A1867D1346777A77,INJURY AND / OR TOW DUE TO CRASH,"$501 - $1,500",FUNCTIONING PROPERLY,TURNING,41.8379783958,"DARKNESS, LIGHTED ROAD",-87.6930894908,2,30,FAILING TO REDUCE SPEED TO AVOID CRASH,NO DEFECTS,WET,WEATHER,W,2705,TRAFFIC SIGNAL,NOT DIVIDED,RAIN,0.0,0.0,1.0,1.0,0.0,1.0,1,2,"[""Y""]",[],"[""Y""]","[""2025-10-06T18:25:00.000""]","[""2165073"", ""2165074""]","[""FRONT-RIGHT-CORNER"", ""SIDE-LEFT-REAR""]","[""IL""]","[""DODGE"", ""HONDA""]","[""STRAIGHT AHEAD"", ""TURNING LEFT""]","[""ACCORD"", ""DURANGO""]","[""1""]","[""S"", ""W""]","[""1"", ""2""]","[""DRIVER""]","[""UNKNOWN""]","[""2063871"", ""2063874""]","[""PASSENGER""]","[""PERSONAL""]","[""2011"", ""2016""]",[],[],[],[],[],[],[],"[""Y""]",[],[],[],"[""Y""]",[],[],[],[],"['18', '62']","[""DEPLOYMENT UNKNOWN""]","[""TEST NOT OFFERED""]","[""CHICAGO""]","[""2025-10-06T18:25:00.000""]","[""DISREGARDED CONTROL DEVICES"", ""UNKNOWN""]","[""NOT OBSCURED"", ""UNKNOWN""]","[""D""]","[""IL""]","[""NONE""]","[""MT. SINAI""]","[""O2165073"", ""O2165074""]","[""DRIVER""]","[""NORMAL"", ""UNKNOWN""]","[""USAGE UNKNOWN""]","[""F"", ""M""]","[""IL""]","[""2063871"", ""2063874""]","[""60623"", ""60632""]",[],[],[],[],[],[],2025,10,18,6,False,afternoon,41.84,-87.69,41.84_-87.69,40.0,18,62,SPEEDING,1
STRAIGHT AND LEVEL,922,2025-10-06 18:18:00,2,18,10,30C90010AB05E54D36B0B0A7F18E6820EFE7819D523AF258B4E1837EF7A6E8BC19F1570ABDBDEEDA993A6B41989EB40250ED05FE21735B8A468899A65133D8C4,NO INJURY / DRIVE AWAY,"OVER $1,500",NO CONTROLS,SIDESWIPE SAME DIRECTION,41.8128694018,DUSK,-87.7040151509,2,30,UNABLE TO DETERMINE,NO DEFECTS,DRY,NOT APPLICABLE,S,4423,NO CONTROLS,DIVIDED - W/MEDIAN (NOT RAISED),CLEAR,0.0,0.0,0.0,0.0,0.0,1.0,1,2,[],[],[],"[""2025-10-06T18:18:00.000""]","[""2165011"", ""2165012""]","[""SIDE-LEFT"", ""SIDE-RIGHT""]","[""IL""]","[""AUDI"", ""HONDA""]","[""CHANGING LANES"", ""STRAIGHT AHEAD""]","[""A3"", ""PILOT""]","[""1""]","[""N""]","[""1"", ""2""]","[""DRIVER""]","[""NONE""]","[""2063808"", ""2063814""]","[""PASSENGER"", ""SPORT UTILITY VEHICLE (SUV)""]","[""PERSONAL""]","[""2009"", ""2016""]","[""Y""]",[],[],[],[],[],[],"[""Y""]","[""Y""]",[],[],"[""Y""]",[],[],[],[],"['19', '56']","[""DID NOT DEPLOY"", ""NOT APPLICABLE""]","[""TEST NOT OFFERED""]","[""CHICAGO"", ""LAKE VILLA""]","[""2025-10-06T18:18:00.000""]","[""NONE"", ""OTHER""]","[""NOT OBSCURED""]","[""D""]","[""IL""]","[""NONE""]",[],"[""O2165011"", ""O2165012""]","[""DRIVER""]","[""NORMAL""]","[""SAFETY BELT USED""]","[""F"", ""M""]","[""IL""]","[""2063808"", ""2063814""]","[""60046"", ""60632""]",[],[],[],[],[],[],2025,10,18,6,False,afternoon,41.81,-87.7,41.81_-87.7,37.5,19,56,OTHER,0
STRAIGHT AND LEVEL,522,2025-10-06 18:15:00,2,18,10,53068E22CB44C436E9701E95BBBFD4076C94CEF1E909FE39E1E795948E1363778E40DACE1D3664B551674703F2F4AA42F7497751BAE8730A7387204187E2873C,INJURY AND / OR TOW DUE TO CRASH,"OVER $1,500",NO CONTROLS,FIXED OBJECT,41.6847153374,DAWN,-87.627819309,1,35,UNDER THE INFLUENCE OF ALCOHOL/DRUGS (USE WHEN ARREST IS EFFECTED),NO DEFECTS,DRY,UNDER THE INFLUENCE OF ALCOHOL/DRUGS (USE WHEN ARREST IS EFFECTED),S,11516,NO CONTROLS,DIVIDED - W/MEDIAN (NOT RAISED),CLEAR,0.0,0.0,0.0,0.0,0.0,1.0,1,1,"[""Y""]","[""Y""]","[""Y""]","[""2025-10-06T18:15:00.000""]","[""2165015""]","[""UNKNOWN""]","[""IL""]","[""CHEVROLET""]","[""STRAIGHT AHEAD""]","[""CRUZE""]","[""1""]","[""S""]","[""1""]","[""DRIVER""]","[""NONE""]","[""2063839""]","[""PASSENGER""]","[""PERSONAL""]","[""2019""]","[""Y""]","[""Y""]","[""Y""]","[""E&R""]","[""Y""]","[""Y""]",[],"[""Y""]","[""Y""]",[],[],"[""Y""]",[],"[""Y""]","[""Y""]","[""CITY POUND 2""]",['49'],"[""DEPLOYED, COMBINATION""]","[""TEST TAKEN""]","[""CHICAGO""]","[""2025-10-06T18:15:00.000""]","[""OTHER""]","[""NOT OBSCURED""]","[""D""]","[""IL""]","[""NONE""]",[],"[""O2165015""]","[""DRIVER""]","[""IMPAIRED - ALCOHOL""]","[""NONE PRESENT""]","[""M""]","[""IL""]","[""2063839""]","[""60639""]",[],[],[],[],[],[],2025,10,18,6,False,afternoon,41.68,-87.63,41.68_-87.63,49.0,49,49,DUI/IMPAIRMENT,0
STRAIGHT AND LEVEL,632,2025-10-06 18:15:00,2,18,10,D20D66A9C0B6E6B425B1F156134C917B753846C6C6B2BA62956BCF71CF613A1160DA4C6C41FB01C2AF09329DCEC9E1D1E864BE5AF2315AFFC59BE07F920EB0F5,NO INJURY / DRIVE AWAY,"OVER $1,500",FUNCTIONING PROPERLY,TURNING,41.7366139674,DUSK,-87.6144497305,2,30,UNABLE TO DETERMINE,NO DEFECTS,DRY,NOT APPLICABLE,E,400,TRAFFIC SIGNAL,DIVIDED - W/MEDIAN (NOT RAISED),CLEAR,0.0,0.0,0.0,0.0,0.0,1.0,1,1,"[""Y""]",[],"[""Y""]","[""2025-10-06T18:15:00.000""]","[""2164995"", ""2164996""]","[""FRONT"", ""SIDE-LEFT-REAR""]","[""IL"", ""IN""]","[""CHEVROLET"", ""DODGE""]","[""STRAIGHT AHEAD"", ""TURNING RIGHT""]","[""DURANGO"", ""EQUINOX""]","[""1""]","[""E""]","[""1"", ""2""]","[""DRIVER""]","[""NONE"", ""UNKNOWN""]","[""2063786"", ""2063795""]","[""PASSENGER"", ""UNKNOWN/NA""]","[""PERSONAL"", ""UNKNOWN/NA""]","[""2016""]",[],[],"[""Y""]",[],[],"[""Y""]",[],[],[],[],[],"[""Y""]",[],"[""Y""]","[""Y""]",[],['59'],"[""DEPLOYMENT UNKNOWN"", ""NOT APPLICABLE""]","[""TEST NOT OFFERED""]","[""CALUMET CITY""]","[""2025-10-06T18:15:00.000""]","[""NONE"", ""OTHER""]","[""NOT OBSCURED"", ""UNKNOWN""]",[],"[""IL""]","[""NONE""]",[],"[""O2164995"", ""O2164996""]","[""DRIVER""]","[""NORMAL"", ""UNKNOWN""]","[""SAFETY BELT USED"", ""USAGE UNKNOWN""]","[""F"", ""M""]","[""IL""]","[""2063786"", ""2063795""]","[""60409""]",[],[],[],[],[],[],2025,10,18,6,False,afternoon,41.74,-87.61,41.74_-87.61,59.0,59,59,OTHER,0
STRAIGHT AND LEVEL,2433,2025-10-06 18:15:00,2,18,10,E8A865311C0C3E3702C40ED5F29EF6F7628F1F87E3CBDCA1B9E783A48AF1E1B5096729BE97DF9429E38A71C95A23324DE9ACB6E9FAB6227ACBDE4B7D1F6F630D,NO INJURY / DRIVE AWAY,"$501 - $1,500",NO CONTROLS,SIDESWIPE SAME DIRECTION,41.9930442735,DAWN,-87.6581590506,2,30,FAILING TO REDUCE SPEED TO AVOID CRASH,NO DEFECTS,DRY,NOT APPLICABLE,N,6121,NO CONTROLS,ONE-WAY,RAIN,0.0,0.0,0.0,1.0,0.0,1.0,1,2,"[""Y""]",[],[],"[""2025-10-06T18:15:00.000""]","[""2165022"", ""2165023""]","[""FRONT-LEFT-CORNER"", ""FRONT-RIGHT-CORNER""]","[""IL""]","[""NISSAN"", ""TOYOTA""]","[""BACKING"", ""PASSING/OVERTAKING""]","[""CAMRY"", ""SENTRA""]","[""1""]","[""S""]","[""1"", ""2""]","[""DRIVER""]","[""UNKNOWN""]","[""2063840"", ""2063845""]","[""PASSENGER""]","[""PERSONAL""]","[""1997"", ""2021""]",[],[],"[""Y""]",[],[],[],[],[],[],[],[],[],[],[],[],[],"['45', '47']","[""DID NOT DEPLOY"", ""NOT APPLICABLE""]","[""TEST NOT OFFERED""]","[""CHICAGO""]","[""2025-10-06T18:15:00.000""]","[""IMPROPER PASSING"", ""NONE""]","[""NOT OBSCURED""]","[""B"", ""D""]","[""IL""]","[""NONE""]",[],"[""O2165022"", ""O2165023""]","[""DRIVER""]","[""NORMAL""]","[""USAGE UNKNOWN""]","[""M""]","[""IL""]","[""2063840"", ""2063845""]","[""60660""]",[],[],[],[],[],[],2025,10,18,6,False,afternoon,41.99,-87.66,41.99_-87.66,46.0,45,47,SPEEDING,0
STRAIGHT AND LEVEL,1131,2025-10-06 18:15:00,2,18,10,E8DB0DBB4A1319D0B8E6C2FDF1B9944899B37DD6BF2A00697D172A677D431B72F190A5416C528ACA8C642A1ECE391B02D96489CBF7EB9AD05BE9525CED3ECFFE,NO INJURY / DRIVE AWAY,"OVER $1,500",FUNCTIONING PROPERLY,REAR END,41.8732384432,"DARKNESS, LIGHTED ROAD",-87.7331424951,2,30,FAILING TO REDUCE SPEED TO AVOID CRASH,NO DEFECTS,DRY,FOLLOWING TOO CLOSELY,W,4351,TRAFFIC SIGNAL,DIVIDED - W/MEDIAN (NOT RAISED),CLEAR,0.0,0.0,0.0,0.0,0.0,1.0,1,3,"[""Y""]",[],"[""Y""]","[""2025-10-06T18:15:00.000""]","[""2164955"", ""2164956""]","[""FRONT-RIGHT-CORNER"", ""REAR""]","[""IL""]","[""JEEP"", ""VOLKSWAGEN""]","[""STRAIGHT AHEAD""]","[""GRAND CHEROKEE"", ""OTHER (EXPLAIN IN NARRATIVE)""]","[""1"", ""2""]","[""E""]","[""1"", ""2""]","[""DRIVER""]","[""UNKNOWN""]","[""2063764"", ""2063773""]","[""PASSENGER""]","[""PERSONAL""]","[""2017"", ""2025""]",[],[],[],[],[],"[""Y""]",[],[],[],[],"[""1""]",[],[],"[""Y""]","[""Y""]",[],"['22', '30', '33']","[""DID NOT DEPLOY""]","[""TEST NOT OFFERED""]","[""CHICAGO""]","[""2025-10-06T18:15:00.000""]","[""FOLLOWED TOO CLOSELY"", ""NONE""]","[""NOT OBSCURED""]","[""D""]","[""IL""]","[""NONE""]",[],"[""O2164955"", ""O2164956"", ""P477776""]","[""DRIVER"", ""PASSENGER""]","[""NORMAL""]","[""USAGE UNKNOWN""]","[""M""]","[""IL""]","[""2063764"", ""2063773""]","[""60624"", ""60628""]",[],"[""3""]",[],[],[],[],2025,10,18,6,False,afternoon,41.87,-87.73,41.87_-87.73,28.333333333333332,22,33,SPEEDING,0
STRAIGHT AND LEVEL,623,2025-10-06 18:11:00,2,18,10,01085AD35ED0887FFEBD7AA8087F2B6FE592017AAC6A3DBD6F41EEDD749289660D37B7C13FC238E6B27E5470A9EE2781DEDE5402B73EDBB48E94BCF714FB8946,NO INJURY / DRIVE AWAY,"$501 - $1,500",NO CONTROLS,REAR END,41.7509404144,DAYLIGHT,-87.6199127203,2,25,UNABLE TO DETERMINE,NO DEFECTS,DRY,UNABLE TO DETERMINE,S,7900,NO CONTROLS,DIVIDED - W/MEDIAN (NOT RAISED),CLEAR,0.0,0.0,0.0,0.0,0.0,1.0,1,2,[],[],[],"[""2025-10-06T18:11:00.000""]","[""2170650"", ""2170651""]","[""FRONT"", ""REAR""]","[""GA"", ""IL""]","[""JEEP"", ""TOYOTA""]","[""STRAIGHT AHEAD""]","[""HIGHLANDER"", ""WRANGLER""]","[""1""]","[""E""]","[""1"", ""2""]","[""DRIVER""]","[""NONE"", ""UNKNOWN""]","[""2069149"", ""2069167""]","[""PASSENGER""]","[""PERSONAL""]","[""2005"", ""2020""]",[],[],[],[],[],[],[],[],[],[],[],[],"[""Y""]",[],"[""Y""]",[],"['43', '47']","[""DID NOT DEPLOY""]","[""TEST NOT OFFERED""]","[""CHICAGO"", ""CONYERS""]","[""2025-10-06T18:11:00.000""]","[""NONE"", ""UNKNOWN""]","[""UNKNOWN""]",[],"[""GA"", ""IL""]","[""NONE""]",[],"[""O2170650"", ""O2170651""]","[""DRIVER""]","[""UNKNOWN""]","[""SAFETY BELT USED""]","[""F""]","[""GA"", ""IL""]","[""2069149"", ""2069167""]","[""30012"", ""60617""]",[],[],[],[],[],[],2025,10,18,6,False,afternoon,41.75,-87.62,41.75_-87.62,45.0,43,47,OTHER,0
STRAIGHT AND LEVEL,511,2025-10-06 18:10:00,2,18,10,962F6888F919E0DC23D67218EF6A2140CC0E6C3756F1A5B725FAC888A30F8191AEBA7C4CC35A8E2FF41A5534663E6E1533EF2DBD547BED6FDDEB183AC300866A,NO INJURY / DRIVE AWAY,"OVER $1,500",FUNCTIONING PROPERLY,ANGLE,41.7106577657,DUSK,-87.6285506561,2,30,UNABLE TO DETERMINE,NO DEFECTS,DRY,UNABLE TO DETERMINE,S,10100,STOP SIGN/FLASHER,FOUR WAY,CLEAR,0.0,1.0,0.0,0.0,0.0,1.0,1,1,[],[],[],"[""2025-10-06T18:10:00.000""]","[""2164959"", ""2164960""]","[""FRONT-LEFT-CORNER"", ""REAR-RIGHT-CORNER""]","[""IL""]","[""MAZDA"", ""UNKNOWN""]","[""STRAIGHT AHEAD""]","[""CX-5"", ""OTHER (EXPLAIN IN NARRATIVE)""]","[""1"", ""2""]","[""S"", ""W""]","[""1"", ""2""]","[""DRIVER""]","[""NONE"", ""UNKNOWN""]","[""2063756"", ""2063763""]","[""PASSENGER"", ""SPORT UTILITY VEHICLE (SUV)""]","[""PERSONAL"", ""UNKNOWN/NA""]","[""2016""]",[],"[""Y""]","[""Y""]",[],[],[],[],[],"[""Y""]",[],"[""1""]",[],[],"[""Y""]",[],[],['59'],"[""DEPLOYMENT UNKNOWN"", ""DID NOT DEPLOY""]","[""TEST NOT OFFERED""]","[""HAZEL CREST""]","[""2025-10-06T18:10:00.000""]","[""OTHER"", ""UNKNOWN""]","[""NOT OBSCURED"", ""UNKNOWN""]",[],"[""IL""]","[""NONE""]",[],"[""O2164959"", ""O2164960"", ""P477775""]","[""DRIVER"", ""PASSENGER""]","[""NORMAL"", ""UNKNOWN""]","[""SAFETY BELT USED"", ""USAGE UNKNOWN""]","[""F"", ""X""]","[""IL""]","[""2063756"", ""2063763""]","[""60429""]",[],"[""3""]",[],[],[],[],2025,10,18,6,False,afternoon,41.71,-87.63,41.71_-87.63,59.0,59,59,OTHER,0
STRAIGHT AND LEVEL,1221,2025-10-06 18:07:00,2,18,10,29E9263919EA8F41E693A7B0572F9AC4490B0552A5ED2DBA79EA0A68B8FD6043E8B425B9D70D7DC3A5724FBB4843BE9CFCF93C15062E778E568AD7844297726C,NO INJURY / DRIVE AWAY,"$501 - $1,500",NO CONTROLS,SIDESWIPE SAME DIRECTION,41.8955535004,DAYLIGHT,-87.7020558956,2,30,UNABLE TO DETERMINE,UNKNOWN,UNKNOWN,NOT APPLICABLE,N,759,NO CONTROLS,DIVIDED - W/MEDIAN (NOT RAISED),CLEAR,0.0,1.0,0.0,0.0,0.0,1.0,1,1,"[""Y""]",[],[],"[""2025-10-06T18:07:00.000""]","[""2165713"", ""2165714""]","[""FRONT-LEFT-CORNER"", ""FRONT-RIGHT-CORNER""]","[""IL""]","[""CHEVROLET"", ""HONDA""]","[""CHANGING LANES"", ""SLOW/STOP IN TRAFFIC""]","[""CIVIC"", ""EQUINOX""]","[""1""]","[""N""]","[""1"", ""2""]","[""DRIVER""]","[""UNKNOWN""]","[""2064469"", ""2064471""]","[""PASSENGER"", ""SPORT UTILITY VEHICLE (SUV)""]","[""PERSONAL"", ""UNKNOWN/NA""]","[""2013""]",[],[],"[""Y""]",[],[],[],"[""Y""]",[],[],[],[],[],[],[],[],[],['45'],"[""DEPLOYMENT UNKNOWN"", ""NOT APPLICABLE""]","[""TEST NOT OFFERED""]","[""ELMWOOD PARK""]","[""2025-10-06T18:07:00.000""]","[""NONE"", ""OTHER""]","[""UNKNOWN""]","[""D""]","[""IL""]","[""NONE""]",[],"[""O2165713"", ""O2165714""]","[""DRIVER""]","[""NORMAL"", ""UNKNOWN""]","[""USAGE UNKNOWN""]","[""F"", ""X""]","[""IL""]","[""2064469"", ""2064471""]","[""60707""]",[],[],[],[],[],[],2025,10,18,6,False,afternoon,41.9,-87.7,41.9_-87.7,45.0,45,45,OTHER,0
STRAIGHT AND LEVEL,1421,2025-10-06 18:05:00,2,18,10,233DA559536B8A2AFCD89FC50810516575A4E61A6CAA9EC0735C8F2AF6FDB1A5A38403800F54EBC8FDBD7C7DED7A7FE59F9ADAF7204F0389D8C54E6C98B7BFA7,NO INJURY / DRIVE AWAY,"OVER $1,500",NO CONTROLS,ANGLE,41.9102296082,DAYLIGHT,-87.7062300461,2,30,IMPROPER OVERTAKING/PASSING,UNKNOWN,DRY,NOT APPLICABLE,W,3142,NO CONTROLS,T-INTERSECTION,CLEAR,0.0,0.0,1.0,0.0,0.0,1.0,1,2,"[""N""]",[],"[""Y""]","[""2025-10-06T18:05:00.000""]","[""2164972"", ""2164973""]","[""FRONT"", ""SIDE-RIGHT""]","[""IA"", ""IL""]","[""NISSAN"", ""TOYOTA""]","[""ENTERING TRAFFIC LANE FROM PARKING"", ""STRAIGHT AHEAD""]","[""ALTIMA"", ""PRIUS""]","[""1""]","[""S"", ""W""]","[""1"", ""2""]","[""DRIVER""]","[""UNKNOWN""]","[""2063778"", ""2063790""]","[""PASSENGER""]","[""PERSONAL""]","[""2014"", ""2023""]","[""Y""]",[],"[""N""]",[],[],[],[],[],[],[],[],[],[],[],[],[],"['31', '46']","[""NOT APPLICABLE""]","[""TEST NOT OFFERED""]","[""CHICAGO""]","[""2025-10-06T18:05:00.000""]","[""UNKNOWN""]","[""UNKNOWN""]","[""D""]","[""IL""]","[""NONE""]",[],"[""O2164972"", ""O2164973""]","[""DRIVER""]","[""UNKNOWN""]","[""USAGE UNKNOWN""]","[""F"", ""M""]","[""IL""]","[""2063778"", ""2063790""]","[""60622"", ""60647""]",[],[],[],[],[],[],2025,10,18,6,False,afternoon,41.91,-87.71,41.91_-87.71,38.5,31,46,OTHER,0
STRAIGHT AND LEVEL,1222,2025-10-06 18:04:00,2,18,10,68E0B27D351FDDB30784DC2D59100FE61FA0783354CDC4B80DBF69877AAAF09A2CBBBD2F7973A6907259600EF44B861BBDB9AC9A603FE13884080FAC03286D6F,INJURY AND / OR TOW DUE TO CRASH,"OVER $1,500",NO CONTROLS,OTHER OBJECT,41.8811511787,DAWN,-87.6998537379,1,30,WEATHER,NO DEFECTS,WET,NOT APPLICABLE,W,2926,NO CONTROLS,DIVIDED - W/MEDIAN (NOT RAISED),RAIN,0.0,0.0,0.0,0.0,0.0,1.0,1,1,"[""Y""]","[""Y""]","[""Y""]","[""2025-10-06T18:04:00.000""]","[""2164969""]","[""FRONT""]","[""WI""]","[""DODGE""]","[""STRAIGHT AHEAD""]","[""CHARGER""]","[""1""]","[""W""]","[""1""]","[""DRIVER""]","[""NONE""]","[""2063771""]","[""PASSENGER""]","[""PERSONAL""]","[""2020""]",[],[],"[""Y""]","[""PERSONAL TOWING""]","[""Y""]",[],[],[],"[""Y""]",[],[],[],[],[],[],[],['31'],"[""DID NOT DEPLOY""]","[""TEST NOT OFFERED""]","[""OSHKOSH""]","[""2025-10-06T18:04:00.000""]","[""UNKNOWN""]","[""UNKNOWN""]","[""D""]","[""WI""]","[""NONE""]",[],"[""O2164969""]","[""DRIVER""]","[""NORMAL""]","[""USAGE UNKNOWN""]","[""M""]","[""WI""]","[""2063771""]","[""54902""]",[],[],[],[],[],[],2025,10,18,6,False,afternoon,41.88,-87.7,41.88_-87.7,31.0,31,31,WEATHER-RELATED,1
STRAIGHT AND LEVEL,1824,2025-10-06 18:00:00,2,18,10,C63B743E1AC96CAAB77B351A12ED7FA3EB0CB9677393F3ECE63C1C7BC97414E6FDE037EB697AE77C7246D4B16246B21B605337FA541496BAEFAE643B333D1F39,NO INJURY / DRIVE AWAY,"OVER $1,500",NO CONTROLS,SIDESWIPE SAME DIRECTION,41.9006702853,"DARKNESS, LIGHTED ROAD",-87.6308416959,2,30,UNABLE TO DETERMINE,UNKNOWN,UNKNOWN,UNABLE TO DETERMINE,W,66,NO CONTROLS,NOT DIVIDED,CLEAR,0.0,0.0,0.0,0.0,0.0,1.0,1,2,[],"[""Y""]",[],"[""2025-10-06T18:00:00.000""]","[""2165007"", ""2165008""]","[""FRONT-LEFT-CORNER"", ""SIDE-RIGHT""]","[""IL""]","[""FORD""]","[""CHANGING LANES"", ""STRAIGHT AHEAD""]","[""TRANSIT""]","[""1""]","[""UNKNOWN""]","[""1"", ""2""]","[""DRIVER""]","[""UNKNOWN""]","[""2063802"", ""2063807""]","[""VAN/MINI-VAN""]","[""AMBULANCE""]","[""2019"", ""2020""]","[""Y""]",[],"[""Y""]",[],[],[],[],[],"[""Y""]",[],[],[],[],[],[],[],"['26', '37']","[""DEPLOYMENT UNKNOWN""]","[""TEST NOT OFFERED""]","[""CHICAGO HEIGHTS"", ""EAST CHICAGO""]","[""2025-10-06T18:00:00.000""]","[""IMPROPER LANE CHANGE"", ""UNKNOWN""]","[""UNKNOWN""]","[""D""]","[""IL"", ""IN""]","[""UNKNOWN""]",[],"[""O2165007"", ""O2165008""]","[""DRIVER""]","[""EMOTIONAL""]","[""USAGE UNKNOWN""]","[""F""]","[""IL"", ""IN""]","[""2063802"", ""2063807""]","[""46312"", ""60411""]",[],[],[],[],[],[],2025,10,18,6,False,afternoon,41.9,-87.63,41.9_-87.63,31.5,26,37,OTHER,0
STRAIGHT AND LEVEL,1634,2025-10-06 18:00:00,2,18,10,DF8DCF0B458B17157C6A46F3C33DF77984E610500A32F6B0119774DDE430C4612AE980E241A2BD679C42B72F497EB73FF8A0E6BD9391640B48AB99FC4951AE6E,NO INJURY / DRIVE AWAY,"OVER $1,500",NO CONTROLS,TURNING,41.9461679288,DAYLIGHT,-87.7522785432,2,30,UNABLE TO DETERMINE,UNKNOWN,UNKNOWN,UNABLE TO DETERMINE,W,5004,NO CONTROLS,UNKNOWN,CLEAR,0.0,1.0,0.0,0.0,0.0,1.0,1,1,"[""Y""]","[""Y""]",[],"[""2025-10-06T18:00:00.000""]","[""2164939"", ""2164940""]","[""FRONT-LEFT-CORNER"", ""FRONT-RIGHT-CORNER""]","[""IL"", ""MN""]","[""HONDA"", ""MAZDA""]","[""STRAIGHT AHEAD"", ""TURNING LEFT""]","[""MAZDA3"", ""PILOT""]","[""1""]","[""W""]","[""1"", ""2""]","[""DRIVER""]","[""UNKNOWN""]","[""2063741"", ""2063748""]","[""PASSENGER"", ""SPORT UTILITY VEHICLE (SUV)""]","[""UNKNOWN/NA""]","[""2013"", ""2024""]","[""Y""]",[],[],[],[],[],"[""Y""]",[],[],[],[],[],[],[],[],[],['62'],"[""DEPLOYMENT UNKNOWN"", ""NOT APPLICABLE""]","[""TEST NOT OFFERED""]","[""CHICAGO""]","[""2025-10-06T18:00:00.000""]","[""FAILED TO YIELD"", ""UNKNOWN""]","[""UNKNOWN""]","[""B""]",[],"[""NONE""]",[],"[""O2164939"", ""O2164940""]","[""DRIVER""]","[""NORMAL"", ""UNKNOWN""]","[""USAGE UNKNOWN""]","[""M""]","[""IL""]","[""2063741"", ""2063748""]","[""60634""]",[],[],[],[],[],[],2025,10,18,6,False,afternoon,41.95,-87.75,41.95_-87.75,62.0,62,62,OTHER,0