alignment,beat_of_occurrence,crash_date,crash_day_of_week,crash_hour,crash_month,crash_record_id,crash_type,damage,device_condition,first_crash_type,latitude,lighting_condition,longitude,num_units,posted_speed_limit,prim_contributory_cause,road_defect,roadway_surface_cond,sec_contributory_cause,street_direction,street_no,traffic_control_device,trafficway_type,weather_condition,private_property_i,hit_and_run_i,intersection_related_i,crash_date_est_i,work_zone_i,workers_present_i,veh_count,ppl_count,veh_area_01_i_list_json,veh_area_02_i_list_json,veh_area_12_i_list_json,veh_crash_date_list_json,veh_crash_unit_id_list_json,veh_first_contact_point_list_json,veh_lic_plate_state_list_json,veh_make_list_json,veh_maneuver_list_json,veh_model_list_json,veh_occupant_cnt_list_json,veh_travel_direction_list_json,veh_unit_no_list_json,veh_unit_type_list_json,veh_vehicle_defect_list_json,veh_vehicle_id_list_json,veh_vehicle_type_list_json,veh_vehicle_use_list_json,veh_vehicle_year_list_json,veh_area_03_i_list_json,veh_area_04_i_list_json,veh_area_11_i_list_json,veh_towed_by_list_json,veh_towed_i_list_json,veh_area_07_i_list_json,veh_area_99_i_list_json,veh_area_09_i_list_json,veh_area_10_i_list_json,veh_cmrc_veh_i_list_json,veh_num_passengers_list_json,veh_area_08_i_list_json,veh_area_00_i_list_json,veh_area_05_i_list_json,veh_area_06_i_list_json,veh_towed_to_list_json,ppl_age_list_json,ppl_airbag_deployed_list_json,ppl_bac_result_list_json,ppl_city_list_json,ppl_crash_date_list_json,ppl_driver_action_list_json,ppl_driver_vision_list_json,ppl_drivers_license_class_list_json,ppl_drivers_license_state_list_json,ppl_ejection_list_json,ppl_hospital_list_json,ppl_person_id_list_json,ppl_person_type_list_json,ppl_physical_condition_list_json,ppl_safety_equipment_list_json,ppl_sex_list_json,ppl_state_list_json,ppl_vehicle_id_list_json,ppl_zipcode_list_json,ppl_ems_agency_list_json,ppl_seat_no_list_json,ppl_pedpedal_action_list_json,ppl_pedpedal_location_list_json,ppl_pedpedal_visibility_list_json,ppl_ems_run_no_list_json,year,month,hour,day,is_weekend,hour_bin,lat_bin,lng_bin,grid_id,ppl_age_mean,ppl_age_min,ppl_age_max,prim_contributory_cause_group,ksi_flag
STRAIGHT AND LEVEL,2413,2025-10-06 18:00:00,2,18,10,CB82FCFA37706A20875725A62EF1AF6B12586FABE50E849538BCD2B838D67E247255D81A91FCAB45FADA42DE414675AB74B1CCF4827C6529C05D4314FE35AF4F,NO INJURY / DRIVE AWAY,"OVER $1,500",OTHER,TURNING,41.9920985693,DAYLIGHT,-87.6996027304,2,30,UNABLE TO DETERMINE,UNKNOWN,UNKNOWN,NOT APPLICABLE,N,6058,STOP SIGN/FLASHER,DIVIDED - W/MEDIAN (NOT RAISED),RAIN,0.0,0.0,1.0,0.0,0.0,1.0,1,2,[],[],"[""Y""]","[""2025-10-06T18:00:00.000""]","[""2165583"", ""2165584""]","[""FRONT"", ""SIDE-LEFT-REAR""]","[""IL""]","[""LEXUS"", ""TOYOTA""]","[""OTHER"", ""TURNING LEFT""]","[""NX"", ""RAV4""]","[""2""]","[""N"", ""SW""]","[""1"", ""2""]","[""DRIVER""]","[""UNKNOWN""]","[""2064332"", ""2064338""]","[""PASSENGER""]","[""UNKNOWN/NA""]","[""2008"", ""2019""]",[],[],[],[],[],"[""Y""]",[],[],[],[],"[""1""]","[""Y""]",[],[],[],[],"['24', '44']","[""DEPLOYMENT UNKNOWN""]","[""TEST NOT OFFERED""]","[""CHICAGO""]","[""2025-10-06T18:00:00.000""]","[""UNKNOWN""]","[""UNKNOWN""]","[""D""]","[""IL""]","[""UNKNOWN""]",[],"[""O2165583"", ""O2165584"", ""P477869"", ""P477871""]","[""DRIVER"", ""PASSENGER""]","[""UNKNOWN""]","[""USAGE UNKNOWN""]","[""F"", ""M""]","[""IL""]","[""2064332"", ""2064338""]","[""60645"", ""60659""]",[],"[""3""]",[],[],[],[],2025,10,18,6,False,afternoon,41.99,-87.7,41.99_-87.7,34.0,24,44,OTHER,0
STRAIGHT AND LEVEL,1712,2025-10-06 18:00:00,2,18,10,A491FA016C3EC2210FFB244D0B1EF802EB9DF2E6C65BA63E7F44532C6C60942053E4C9A6ECBA81C6AA02FE0167D7D692E338269D2E27783F1743306F17DBD5B3,INJURY AND / OR TOW DUE TO CRASH,"OVER $1,500",FUNCTIONING PROPERLY,TURNING,41.9752573377,DUSK,-87.7478414338,2,30,FAILING TO YIELD RIGHT-OF-WAY,NO DEFECTS,WET,NOT APPLICABLE,N,5159,TRAFFIC SIGNAL,FOUR WAY,RAIN,0.0,0.0,1.0,0.0,0.0,1.0,1,2,"[""Y""]","[""Y""]","[""Y""]","[""2025-10-06T18:00:00.000""]","[""2164967"", ""2164968""]","[""FRONT-LEFT-CORNER"", ""FRONT-RIGHT-CORNER""]","[""IL""]","[""LEXUS"", ""TOYOTA""]","[""STRAIGHT AHEAD"", ""TURNING LEFT""]","[""RAV4"", ""RX350""]","[""1""]","[""E"", ""N""]","[""1"", ""2""]","[""DRIVER""]","[""UNKNOWN""]","[""2063765"", ""2063769""]","[""PASSENGER""]","[""PERSONAL""]","[""2009"", ""2018""]","[""Y""]","[""Y""]","[""Y""]","[""OWNER""]","[""Y""]",[],[],"[""Y""]","[""Y""]",[],[],"[""Y""]",[],[],[],[],"['16', '18']","[""DEPLOYED, COMBINATION"", ""DEPLOYED, FRONT""]","[""TEST NOT OFFERED""]","[""MORTON GROVE"", ""SKOKIE""]","[""2025-10-06T18:00:00.000""]","[""FAILED TO YIELD"", ""NONE""]","[""UNKNOWN""]","[""D""]","[""IL""]","[""NONE""]",[],"[""O2164967"", ""O2164968""]","[""DRIVER""]","[""NORMAL""]","[""SAFETY BELT USED""]","[""M""]","[""IL""]","[""2063765"", ""2063769""]","[""60053"", ""60077""]",[],[],[],[],[],[],2025,10,18,6,False,afternoon,41.98,-87.75,41.98_-87.75,17.0,16,18,FAILURE-TO-YIELD,0
STRAIGHT AND LEVEL,1133,2025-10-06 18:00:00,2,18,10,92FEB848E21EA5CE5188E3E155E55E851E4B79E9FD2F8B6907CC1706F80DD3FE201FEB1978A7FEC06901E2629165AC625DD515A6F639E825AF64D60BAA47CE4F,NO INJURY / DRIVE AWAY,$500 OR LESS,FUNCTIONING PROPERLY,TURNING,41.8745885002,DUSK,-87.7186969667,2,35,IMPROPER TURNING/NO SIGNAL,NO DEFECTS,WET,NOT APPLICABLE,W,3716,TRAFFIC SIGNAL,CENTER TURN LANE,RAIN,0.0,1.0,1.0,0.0,0.0,1.0,1,3,"[""Y""]","[""Y""]",[],"[""2025-10-06T18:00:00.000""]","[""2165033"", ""2165034""]","[""FRONT-LEFT-CORNER"", ""FRONT-RIGHT-CORNER""]","[""IL""]","[""FORD"", ""JEEP""]","[""TURNING LEFT""]","[""CUSTOM"", ""PATRIOT""]","[""2""]","[""W""]","[""1"", ""2""]","[""DRIVER""]","[""NONE"", ""OTHER""]","[""2063841"", ""2063849""]","[""PASSENGER"", ""PICKUP""]","[""PERSONAL""]","[""2016"", ""2021""]","[""Y""]",[],"[""Y""]",[],[],[],[],[],"[""Y""]",[],"[""1""]",[],[],[],[],[],"['26', '27', '62']","[""DEPLOYMENT UNKNOWN"", ""DID NOT DEPLOY""]","[""TEST NOT OFFERED""]","[""CHICAGO""]","[""2025-10-06T18:00:00.000""]","[""IMPROPER TURN"", ""NONE""]","[""NOT OBSCURED"", ""UNKNOWN""]","[""D"", ""NA""]","[""IL""]","[""NONE""]",[],"[""O2165033"", ""O2165034"", ""P477793"", ""P477796""]","[""DRIVER"", ""PASSENGER""]","[""NORMAL"", ""UNKNOWN""]","[""SAFETY BELT USED"", ""USAGE UNKNOWN""]","[""F"", ""M""]","[""IL""]","[""2063841"", ""2063849""]","[""60624"", ""60639""]",[],"[""3"", ""4""]",[],[],[],[],2025,10,18,6,False,afternoon,41.87,-87.72,41.87_-87.72,38.333333333333336,26,62,OTHER,0
STRAIGHT AND LEVEL,432,2025-10-06 18:00:00,2,18,10,0D59438AA4147190DCF968000D7B83F7481E8E84012368C42C0F4BE59875C2081059AAE994DF887AEA3F1810FF0349D590DF79648461BEEA0D3118351E0BA749,INJURY AND / OR TOW DUE TO CRASH,"OVER $1,500",FUNCTIONING PROPERLY,PEDALCYCLIST,41.7127022472,DAYLIGHT,-87.5353444048,2,30,TURNING RIGHT ON RED,NO DEFECTS,DRY,FAILING TO YIELD RIGHT-OF-WAY,S,10038,TRAFFIC SIGNAL,"FIVE POINT, OR MORE",CLEAR,0.0,1.0,1.0,0.0,0.0,1.0,2,1,[],[],"[""N""]","[""2025-10-06T18:00:00.000""]","[""2165143"", ""2165144""]","[""FRONT-LEFT-CORNER""]","[""IL""]","[""UNKNOWN""]","[""TURNING LEFT""]","[""OTHER (EXPLAIN IN NARRATIVE)""]","[""1""]","[""SE""]","[""1"", ""2""]","[""BICYCLE"", ""DRIVER""]","[""UNKNOWN""]","[""2063933""]","[""SPORT UTILITY VEHICLE (SUV)""]","[""UNKNOWN/NA""]",[],[],[],"[""N""]",[],[],[],"[""Y""]",[],[],[],[],[],[],[],[],[],['55'],"[""DEPLOYMENT UNKNOWN""]","[""TEST NOT OFFERED""]","[""CHICAGO""]","[""2025-10-06T18:00:00.000""]","[""DISREGARDED CONTROL DEVICES"", ""UNKNOWN""]","[""UNKNOWN""]",[],"[""XX""]","[""NONE""]","[""TRINITY""]","[""O2165143"", ""O2165144""]","[""BICYCLE"", ""DRIVER""]","[""UNKNOWN""]","[""BICYCLE HELMET (PEDACYCLIST INVOLVED ONLY)"", ""USAGE UNKNOWN""]","[""M"", ""X""]","[""IL""]","[""2063933""]","[""60617""]",[],[],"[""WITH TRAFFIC""]","[""IN ROADWAY""]","[""NO CONTRASTING CLOTHING""]",[],2025,10,18,6,False,afternoon,41.71,-87.54,41.71_-87.54,55.0,55,55,OTHER,1
STRAIGHT AND LEVEL,1612,2025-10-06 17:58:00,2,17,10,F55B4028FBDD3BABBDF916DDBA5F8D2F0346E137A1048C07A43620FB629421F46753396DD9DE5B18604C4D553B3AF8DB3AB8A25AFD26B2DB0AA86872645E49C8,NO INJURY / DRIVE AWAY,"OVER $1,500",NO CONTROLS,PARKED MOTOR VEHICLE,41.990020023,DAYLIGHT,-87.809224289,2,5,FAILING TO REDUCE SPEED TO AVOID CRASH,NO DEFECTS,DRY,UNABLE TO DETERMINE,W,7262,NO CONTROLS,OTHER,RAIN,0.0,1.0,0.0,0.0,0.0,1.0,2,0,[],[],"[""Y""]","[""2025-10-06T17:58:00.000""]","[""2164935"", ""2164936""]","[""FRONT"", ""REAR""]","[""IL""]","[""JEEP"", ""TOYOTA""]","[""BACKING"", ""PARKED""]","[""CAMRY"", ""GRAND CHEROKEE""]","[""0"", ""1""]","[""E"", ""W""]","[""1"", ""2""]","[""DRIVER"", ""PARKED""]","[""NONE"", ""UNKNOWN""]","[""2063740"", ""2063746""]","[""PASSENGER"", ""SPORT UTILITY VEHICLE (SUV)""]","[""PERSONAL"", ""UNKNOWN/NA""]","[""2000"", ""2009""]",[],[],[],[],[],[],"[""Y""]",[],[],[],[],[],[],[],[],[],[],"[""DEPLOYMENT UNKNOWN""]","[""TEST NOT OFFERED""]",[],"[""2025-10-06T17:58:00.000""]","[""TOO FAST FOR CONDITIONS""]","[""UNKNOWN""]",[],[],"[""NONE""]",[],"[""O2164935""]","[""DRIVER""]","[""UNKNOWN""]","[""USAGE UNKNOWN""]","[""F""]",[],"[""2063740""]",[],[],[],[],[],[],[],2025,10,17,6,False,afternoon,41.99,-87.81,41.99_-87.81,0.0,0,0,SPEEDING,0
STRAIGHT AND LEVEL,821,2025-10-06 17:51:00,2,17,10,42B846E54DDE665CC93D15672A97B69B4496A12EFA2BAB6CA81982EA0D0093E3CCDD16EBBD828ED5B11DFD1EB9C42C29A984600BF484B703639E7F6055B26230,INJURY AND / OR TOW DUE TO CRASH,"OVER $1,500",FUNCTIONING PROPERLY,SIDESWIPE SAME DIRECTION,41.8151070072,DAYLIGHT,-87.7237118795,2,30,UNABLE TO DETERMINE,NO DEFECTS,DRY,UNABLE TO DETERMINE,S,4301,TRAFFIC SIGNAL,FOUR WAY,CLEAR,0.0,0.0,1.0,0.0,0.0,1.0,1,3,"[""Y""]","[""Y""]","[""Y""]","[""2025-10-06T17:51:00.000""]","[""2164963"", ""2164964""]","[""FRONT-LEFT-CORNER"", ""FRONT-RIGHT-CORNER""]","[""IL""]","[""CHEVROLET"", ""HONDA""]","[""STRAIGHT AHEAD""]","[""CR-V"", ""EQUINOX""]","[""1"", ""2""]","[""N""]","[""1"", ""2""]","[""DRIVER""]","[""NONE""]","[""2063767"", ""2063770""]","[""SPORT UTILITY VEHICLE (SUV)""]","[""PERSONAL""]","[""2018""]",[],[],"[""Y""]","[""PRIVATE TOW""]","[""Y""]",[],[],[],"[""Y""]",[],"[""1""]",[],[],[],[],[],"['29', '31', '33']","[""DID NOT DEPLOY""]","[""TEST NOT OFFERED""]","[""CHICAGO""]","[""2025-10-06T17:51:00.000""]","[""NONE"", ""UNKNOWN""]","[""UNKNOWN""]","[""D""]","[""IL""]","[""NONE""]",[],"[""O2164963"", ""O2164964"", ""P477778""]","[""DRIVER"", ""PASSENGER""]","[""NORMAL""]","[""SAFETY BELT USED""]","[""F"", ""M""]","[""IL""]","[""2063767"", ""2063770""]","[""60623"", ""60632""]",[],"[""3""]",[],[],[],[],2025,10,17,6,False,afternoon,41.82,-87.72,41.82_-87.72,31.0,29,33,OTHER,0
STRAIGHT AND LEVEL,1231,2025-10-06 17:50:00,2,17,10,EC4AC9450DCC9CB6143180A180AC11CA799FF79CB69983DAA84A514F4865295F79A13BDF92BE25002DB78E90D5F683FDE1DD8DDEF1C13771A0D6E63BE20554F5,NO INJURY / DRIVE AWAY,"OVER $1,500",NO CONTROLS,ANGLE,41.8691915957,DAYLIGHT,-87.6640133427,2,30,FAILING TO YIELD RIGHT-OF-WAY,NO DEFECTS,DRY,FAILING TO YIELD RIGHT-OF-WAY,W,1459,NO CONTROLS,ALLEY,CLEAR,0.0,0.0,0.0,0.0,0.0,1.0,1,1,"[""Y""]",[],"[""Y""]","[""2025-10-06T17:50:00.000""]","[""2164945"", ""2164946""]","[""FRONT"", ""SIDE-RIGHT-REAR""]","[""IL""]","[""ACURA"", ""VOLKSWAGEN""]","[""ENTER FROM DRIVE/ALLEY"", ""STRAIGHT AHEAD""]","[""JETTA"", ""TLX""]","[""1""]","[""N"", ""W""]","[""1"", ""2""]","[""DRIVER""]","[""NONE"", ""UNKNOWN""]","[""2063757"", ""2063777""]","[""PASSENGER""]","[""PERSONAL""]","[""2015"", ""2023""]",[],"[""Y""]","[""Y""]",[],[],[],[],[],[],[],[],[],[],"[""Y""]",[],[],['29'],"[""NOT APPLICABLE""]","[""TEST NOT OFFERED""]","[""CHICAGO""]","[""2025-10-06T17:50:00.000""]","[""FAILED TO YIELD"", ""NONE""]","[""NOT OBSCURED""]",[],"[""IL""]","[""NONE""]",[],"[""O2164945"", ""O2164946""]","[""DRIVER""]","[""NORMAL""]","[""USAGE UNKNOWN""]","[""M""]","[""IL""]","[""2063757"", ""2063777""]","[""60607"", ""60616""]",[],[],[],[],[],[],2025,10,17,6,False,afternoon,41.87,-87.66,41.87_-87.66,29.0,29,29,FAILURE-TO-YIELD,0
STRAIGHT AND LEVEL,321,2025-10-06 17:48:00,2,17,10,E0AD097EC13D204A6E58DA018E5FA5BB4BCDBD6EA570F4731F1906588000ADA681034CE5762F546558F25A922B507371B524C6923688DE9C849F8827D78229FF,INJURY AND / OR TOW DUE TO CRASH,"OVER $1,500",FUNCTIONING PROPERLY,HEAD ON,41.7749627286,"DARKNESS, LIGHTED ROAD",-87.5962206171,2,30,DISREGARDING TRAFFIC SIGNALS,NO DEFECTS,WET,NOT APPLICABLE,S,6600,TRAFFIC SIGNAL,FOUR WAY,RAIN,0.0,1.0,1.0,0.0,0.0,1.0,1,1,"[""Y""]",[],"[""Y""]","[""2025-10-06T17:48:00.000""]","[""2165077"", ""2165078""]","[""FRONT"", ""FRONT-LEFT-CORNER""]","[""IL""]","[""AUDI"", ""UNKNOWN""]","[""STRAIGHT AHEAD"", ""UNKNOWN/NA""]","[""OTHER (EXPLAIN IN NARRATIVE)"", ""Q8""]","[""1""]","[""N"", ""UNKNOWN""]","[""1"", ""2""]","[""DRIVER""]","[""UNKNOWN""]","[""2063873"", ""2063889""]","[""PASSENGER"", ""UNKNOWN/NA""]","[""PERSONAL"", ""UNKNOWN/NA""]","[""2021""]",[],[],"[""Y""]",[],[],[],"[""Y""]",[],[],[],[],[],[],[],[],[],['51'],"[""DEPLOYMENT UNKNOWN""]","[""TEST NOT OFFERED""]","[""CHICAGO""]","[""2025-10-06T17:48:00.000""]","[""DISREGARDED CONTROL DEVICES"", ""UNKNOWN""]","[""UNKNOWN""]","[""D""]","[""IL""]","[""NONE"", ""UNKNOWN""]","[""UNIVERSITY OF CHICAGO""]","[""O2165077"", ""O2165078""]","[""DRIVER""]","[""NORMAL"", ""UNKNOWN""]","[""USAGE UNKNOWN""]","[""F""]","[""IL""]","[""2063873"", ""2063889""]","[""60637""]","[""55""]",[],[],[],[],[],2025,10,17,6,False,afternoon,41.77,-87.6,41.77_-87.6,51.0,51,51,OTHER,1
STRAIGHT AND LEVEL,722,2025-10-06 17:46:00,2,17,10,1DF0A7797BD699CB9A59694E1C2331588327B38ACB281331F3BCCE1E6E16BA87A50D55AA940932EADC08B10729B001BE53B568AE995A8D6016AA41968AE239A2,INJURY AND / OR TOW DUE TO CRASH,"OVER $1,500",FUNCTIONING PROPERLY,REAR END,41.7725587141,DUSK,-87.630098175,2,30,UNABLE TO DETERMINE,UNKNOWN,WET,FOLLOWING TOO CLOSELY,S,6702,TRAFFIC SIGNAL,DIVIDED - W/MEDIAN (NOT RAISED),RAIN,0.0,1.0,0.0,0.0,0.0,1.0,1,2,[],[],[],"[""2025-10-06T17:46:00.000""]","[""2165005"", ""2165006""]","[""FRONT"", ""REAR-RIGHT-CORNER""]","[""IL""]","[""BMW"", ""UNKNOWN""]","[""STRAIGHT AHEAD""]","[""OTHER (EXPLAIN IN NARRATIVE)"", ""X5""]","[""1"", ""2""]","[""N""]","[""1"", ""2""]","[""DRIVER""]","[""UNKNOWN""]","[""2063800"", ""2063803""]","[""PICKUP"", ""SPORT UTILITY VEHICLE (SUV)""]","[""PERSONAL"", ""UNKNOWN/NA""]","[""2016""]",[],[],[],[],[],[],"[""Y""]",[],[],[],"[""1""]",[],[],"[""Y""]","[""Y""]",[],"['53', '8']","[""DEPLOYMENT UNKNOWN"", ""DID NOT DEPLOY"", ""NOT APPLICABLE""]","[""TEST NOT OFFERED""]","[""CHICAGO""]","[""2025-10-06T17:46:00.000""]","[""NONE"", ""UNKNOWN""]","[""NOT OBSCURED"", ""UNKNOWN""]","[""D""]","[""IL""]","[""NONE"", ""UNKNOWN""]",[],"[""O2165005"", ""O2165006"", ""P477780""]","[""DRIVER"", ""PASSENGER""]","[""NORMAL"", ""UNKNOWN""]","[""USAGE UNKNOWN""]","[""F"", ""M""]","[""IL""]","[""2063800"", ""2063803""]","[""60620""]","[""14""]","[""3""]",[],[],[],[],2025,10,17,6,False,afternoon,41.77,-87.63,41.77_-87.63,30.5,8,53,OTHER,1
STRAIGHT AND LEVEL,1231,2025-10-06 17:45:00,2,17,10,38DCAC92238A2E7C3CBD9271628D02F7DCB6938DEDABD8BA2C39BF569616DC47D384453B0C0845FF317363FF6CE71CD706787EC3213274AE02F04DF81F7E9114,INJURY AND / OR TOW DUE TO CRASH,"OVER $1,500",NO CONTROLS,TURNING,41.8720129754,DAYLIGHT,-87.671353895,2,30,FAILING TO YIELD RIGHT-OF-WAY,NO DEFECTS,UNKNOWN,IMPROPER TURNING/NO SIGNAL,S,725,NO CONTROLS,NOT DIVIDED,CLEAR,0.0,0.0,0.0,0.0,0.0,1.0,1,2,"[""Y""]","[""Y""]","[""Y""]","[""2025-10-06T17:45:00.000""]","[""2164981"", ""2164982""]","[""FRONT"", ""SIDE-RIGHT""]","[""IL""]","[""NISSAN"", ""TESLA""]","[""STRAIGHT AHEAD"", ""TURNING LEFT""]","[""MODEL Y"", ""ROGUE""]","[""1""]","[""E"", ""N""]","[""1"", ""2""]","[""DRIVER""]","[""UNKNOWN""]","[""2063794"", ""2063812""]","[""PASSENGER""]","[""PERSONAL""]","[""2020"", ""2021""]","[""Y""]","[""Y""]","[""Y""]","[""PERSONAL TOW""]","[""Y""]",[],[],[],[],[],[],[],[],"[""Y""]",[],[],"['42', '59']","[""DID NOT DEPLOY""]","[""TEST NOT OFFERED""]","[""ADDISON"", ""CHICAGO""]","[""2025-10-06T17:45:00.000""]","[""FAILED TO YIELD"", ""NONE""]","[""UNKNOWN""]","[""D""]","[""IL""]","[""NONE""]",[],"[""O2164981"", ""O2164982""]","[""DRIVER""]","[""NORMAL""]","[""USAGE UNKNOWN""]","[""F"", ""M""]","[""IL""]","[""2063794"", ""2063812""]","[""60101"", ""60612""]",[],[],[],[],[],[],2025,10,17,6,False,afternoon,41.87,-87.67,41.87_-87.67,50.5,42,59,FAILURE-TO-YIELD,0
STRAIGHT AND LEVEL,524,2025-10-06 17:45:00,2,17,10,5DDF7B405E5BEB302C0EDF02FFA0D8540C3A1DBA0DF3CCC1E3AF9EF016B9CB11F0DAD477B6A9CF3D16D4B83D7B41DEBC30410D7BFB0CC6B525FC1FAB45F93556,INJURY AND / OR TOW DUE TO CRASH,$500 OR LESS,NO CONTROLS,PEDESTRIAN,41.6777753272,DAWN,-87.6372385261,2,25,UNABLE TO DETERMINE,NO DEFECTS,DRY,NOT APPLICABLE,S,11900,NO CONTROLS,DIVIDED - W/MEDIAN (NOT RAISED),CLEAR,0.0,1.0,0.0,0.0,0.0,1.0,2,1,[],[],[],"[""2025-10-06T17:45:00.000""]","[""2181815"", ""2181816""]","[""UNKNOWN""]","[""IL""]","[""HONDA""]","[""STRAIGHT AHEAD""]","[""OTHER (EXPLAIN IN NARRATIVE)""]","[""1""]","[""E""]","[""1"", ""2""]","[""DRIVER"", ""PEDESTRIAN""]","[""UNKNOWN""]","[""2079750""]","[""PASSENGER""]","[""PERSONAL""]","[""2014""]",[],[],[],[],[],[],"[""Y""]",[],[],[],[],[],[],[],[],[],['11'],"[""DEPLOYMENT UNKNOWN""]","[""TEST NOT OFFERED""]","[""CHICAGO""]","[""2025-10-06T17:45:00.000""]","[""UNKNOWN""]","[""UNKNOWN""]",[],[],"[""NONE""]","[""ROSELAND""]","[""O2181815"", ""O2181816""]","[""DRIVER"", ""PEDESTRIAN""]","[""NORMAL"", ""UNKNOWN""]","[""NONE PRESENT"", ""USAGE UNKNOWN""]","[""F"", ""M""]","[""IL""]","[""2079750""]",[],[],[],"[""NO ACTION""]","[""UNKNOWN/NA""]","[""NO CONTRASTING CLOTHING""]",[],2025,10,17,6,False,afternoon,41.68,-87.64,41.68_-87.64,11.0,11,11,OTHER,1
STRAIGHT AND LEVEL,622,2025-10-06 17:40:00,2,17,10,BE01DBD7357223A2296E5104DF49C30F26C223858BD554C9E9FDB454AAD2000E4E7085BC3FEE046F420025DADB116557AC8441BBAD37FF182997E2585599069A,NO INJURY / DRIVE AWAY,"OVER $1,500",OTHER,REAR END,41.7414844945,DAWN,-87.6383709697,2,30,FOLLOWING TOO CLOSELY,UNKNOWN,DRY,NOT APPLICABLE,S,8398,TRAFFIC SIGNAL,NOT DIVIDED,CLEAR,0.0,0.0,0.0,0.0,0.0,1.0,1,1,"[""Y""]",[],"[""Y""]","[""2025-10-06T17:40:00.000""]","[""2164937"", ""2164938""]","[""FRONT"", ""REAR""]","[""IL""]","[""INFINITI"", ""TOYOTA""]","[""OTHER""]","[""CAMRY"", ""QX60""]","[""1"", ""2""]","[""UNKNOWN"", ""W""]","[""1"", ""2""]","[""DRIVER""]","[""UNKNOWN""]","[""2063742"", ""2063755""]","[""PASSENGER""]","[""PERSONAL""]","[""2003""]",[],"[""Y""]","[""Y""]",[],[],[],[],[],[],[],"[""1""]",[],[],[],"[""Y""]",[],['20'],"[""NOT APPLICABLE""]","[""TEST NOT OFFERED""]","[""CHICAGO""]","[""2025-10-06T17:40:00.000""]","[""OTHER""]","[""UNKNOWN""]","[""D""]","[""IL""]","[""NONE""]",[],"[""O2164937"", ""O2164938"", ""P477771""]","[""DRIVER"", ""PASSENGER""]","[""NORMAL""]","[""USAGE UNKNOWN""]","[""F"", ""M""]","[""IL""]","[""2063742"", ""2063755""]","[""60643""]",[],"[""3""]",[],[],[],[],2025,10,17,6,False,afternoon,41.74,-87.64,41.74_-87.64,20.0,20,20,FOLLOWING TOO CLOSELY,0
STRAIGHT AND LEVEL,312,2025-10-06 17:34:00,2,17,10,6C1DAE18E11E8A1118E508DC5E6AD445C1FC42C3C4EE43881EE924AFDD9E0D3C7ECFE296ACCA0BC64340665AC75B4ACDCFFB0C3F5BC4CCA470409F61C56729B1,NO INJURY / DRIVE AWAY,"OVER $1,500",NO CONTROLS,SIDESWIPE SAME DIRECTION,41.7749157713,"DARKNESS, LIGHTED ROAD",-87.6253269174,2,55,IMPROPER LANE USAGE,NO DEFECTS,UNKNOWN,UNABLE TO DETERMINE,S,6600,NO CONTROLS,ONE-WAY,CLEAR,0.0,1.0,0.0,0.0,0.0,1.0,1,1,"[""Y""]","[""Y""]",[],"[""2025-10-06T17:34:00.000""]","[""2165050"", ""2165051""]","[""SIDE-LEFT"", ""SIDE-RIGHT""]","[""IL""]","[""FORD"", ""PONTIAC""]","[""CHANGING LANES"", ""STRAIGHT AHEAD""]","[""G6"", ""VAN""]","[""1""]","[""N""]","[""1"", ""2""]","[""DRIVER""]","[""NONE"", ""UNKNOWN""]","[""2063838"", ""2063854""]","[""PASSENGER"", ""VAN/MINI-VAN""]","[""COMMERCIAL - SINGLE UNIT"", ""PERSONAL""]","[""2008"", ""2024""]",[],[],[],[],[],[],"[""Y""]",[],[],[],[],[],[],[],[],[],['49'],"[""DEPLOYMENT UNKNOWN"", ""DID NOT DEPLOY""]","[""TEST NOT OFFERED""]","[""CHICAGO""]","[""2025-10-06T17:34:00.000""]","[""IMPROPER LANE CHANGE"", ""NONE""]","[""NOT OBSCURED"", ""UNKNOWN""]","[""DM""]","[""IL""]","[""NONE""]",[],"[""O2165050"", ""O2165051""]","[""DRIVER""]","[""NORMAL"", ""UNKNOWN""]","[""USAGE UNKNOWN""]","[""M""]","[""IL""]","[""2063838"", ""2063854""]","[""60647""]",[],[],[],[],[],[],2025,10,17,6,False,afternoon,41.77,-87.63,41.77_-87.63,49.0,49,49,OTHER,0