alignment,beat_of_occurrence,crash_date,crash_day_of_week,crash_hour,crash_month,crash_record_id,crash_type,damage,device_condition,first_crash_type,latitude,lighting_condition,longitude,num_units,posted_speed_limit,prim_contributory_cause,road_defect,roadway_surface_cond,sec_contributory_cause,street_direction,street_no,traffic_control_device,trafficway_type,weather_condition,private_property_i,hit_and_run_i,intersection_related_i,crash_date_est_i,work_zone_i,workers_present_i,veh_count,ppl_count,veh_area_01_i_list_json,veh_area_02_i_list_json,veh_area_12_i_list_json,veh_crash_date_list_json,veh_crash_unit_id_list_json,veh_first_contact_point_list_json,veh_lic_plate_state_list_json,veh_make_list_json,veh_maneuver_list_json,veh_model_list_json,veh_occupant_cnt_list_json,veh_travel_direction_list_json,veh_unit_no_list_json,veh_unit_type_list_json,veh_vehicle_defect_list_json,veh_vehicle_id_list_json,veh_vehicle_type_list_json,veh_vehicle_use_list_json,veh_vehicle_year_list_json,veh_area_03_i_list_json,veh_area_04_i_list_json,veh_area_11_i_list_json,veh_towed_by_list_json,veh_towed_i_list_json,veh_area_07_i_list_json,veh_area_99_i_list_json,veh_area_09_i_list_json,veh_area_10_i_list_json,veh_cmrc_veh_i_list_json,veh_num_passengers_list_json,veh_area_08_i_list_json,veh_area_00_i_list_json,veh_area_05_i_list_json,veh_area_06_i_list_json,veh_towed_to_list_json,ppl_age_list_json,ppl_airbag_deployed_list_json,ppl_bac_result_list_json,ppl_city_list_json,ppl_crash_date_list_json,ppl_driver_action_list_json,ppl_driver_vision_list_json,ppl_drivers_license_class_list_json,ppl_drivers_license_state_list_json,ppl_ejection_list_json,ppl_hospital_list_json,ppl_person_id_list_json,ppl_person_type_list_json,ppl_physical_condition_list_json,ppl_safety_equipment_list_json,ppl_sex_list_json,ppl_state_list_json,ppl_vehicle_id_list_json,ppl_zipcode_list_json,ppl_ems_agency_list_json,ppl_seat_no_list_json,ppl_pedpedal_action_list_json,ppl_pedpedal_location_list_json,ppl_pedpedal_visibility_list_json,ppl_ems_run_no_list_json,year,month,hour,day,is_weekend,hour_bin,lat_bin,lng_bin,grid_id,ppl_age_mean,ppl_age_min,ppl_age_max,prim_contributory_cause_group,ksi_flag
STRAIGHT ON GRADE,824,2025-10-06 17:30:00,2,17,10,F2ABA1F31889ED90D1FE0B053A1FEFC43C846938BD31FAA61FCD5181FD23A37CB43DAB93C45E2D78F0E6FDCFBDF5571C00AC69D6F0B114261E259800DF5B1A89,NO INJURY / DRIVE AWAY,"$501 - $1,500",FUNCTIONING PROPERLY,SIDESWIPE SAME DIRECTION,41.7866177815,DAYLIGHT,-87.6839799077,2,30,IMPROPER OVERTAKING/PASSING,NO DEFECTS,DRY,IMPROPER OVERTAKING/PASSING,S,5858,TRAFFIC SIGNAL,NOT DIVIDED,CLEAR,0.0,1.0,0.0,0.0,0.0,1.0,1,1,"[""Y""]","[""Y""]",[],"[""2025-10-06T17:30:00.000""]","[""2164931"", ""2164932""]","[""FRONT-LEFT-CORNER"", ""SIDE-RIGHT""]","[""IL""]","[""BUICK"", ""FORD""]","[""STRAIGHT AHEAD""]","[""EDGE"", ""RENDEZVOUS""]","[""1""]","[""S""]","[""1"", ""2""]","[""DRIVER""]","[""NONE"", ""UNKNOWN""]","[""2063729"", ""2063732""]","[""PASSENGER"", ""SPORT UTILITY VEHICLE (SUV)""]","[""PERSONAL""]","[""1991"", ""2013""]","[""Y""]","[""Y""]","[""Y""]",[],[],[],[],[],"[""Y""]",[],[],[],[],"[""Y""]",[],[],['44'],"[""DEPLOYMENT UNKNOWN"", ""NOT APPLICABLE""]","[""TEST NOT OFFERED""]","[""CHICAGO""]","[""2025-10-06T17:30:00.000""]","[""IMPROPER LANE CHANGE"", ""NONE""]","[""NOT OBSCURED"", ""UNKNOWN""]","[""A""]","[""IL""]","[""NONE""]",[],"[""O2164931"", ""O2164932""]","[""DRIVER""]","[""NORMAL"", ""UNKNOWN""]","[""SAFETY BELT USED"", ""USAGE UNKNOWN""]","[""F"", ""M""]","[""IL""]","[""2063729"", ""2063732""]","[""60629""]",[],[],[],[],[],[],2025,10,17,6,False,afternoon,41.79,-87.68,41.79_-87.68,44.0,44,44,OTHER,0
STRAIGHT AND LEVEL,2522,2025-10-06 17:30:00,2,17,10,487BCCB90735B7215B307F38EF1063AC6BB8E9F763E308EF86D874C3EC80B41FFDE086FC725DAC5FD8C0084969424C8441AF6984532353A5A4B853222314B373,NO INJURY / DRIVE AWAY,"OVER $1,500",NO CONTROLS,PARKED MOTOR VEHICLE,41.9170652947,DAYLIGHT,-87.7547509193,2,20,UNABLE TO DETERMINE,UNKNOWN,DRY,NOT APPLICABLE,N,2004,NO CONTROLS,ONE-WAY,CLEAR,0.0,1.0,0.0,0.0,0.0,1.0,2,0,[],[],[],"[""2025-10-06T17:30:00.000""]","[""2164919"", ""2164920""]","[""SIDE-LEFT"", ""UNKNOWN""]","[""IL""]","[""TOYOTA"", ""UNKNOWN""]","[""PARKED"", ""UNKNOWN/NA""]","[""AVALON"", ""OTHER (EXPLAIN IN NARRATIVE)""]","[""0"", ""1""]","[""S"", ""UNKNOWN""]","[""1"", ""2""]","[""DRIVER"", ""PARKED""]","[""UNKNOWN""]","[""2063719"", ""2063722""]","[""PASSENGER"", ""UNKNOWN/NA""]","[""NOT IN USE"", ""UNKNOWN/NA""]","[""2008""]",[],[],[],[],[],[],"[""Y""]","[""Y""]",[],[],[],"[""Y""]",[],[],[],[],[],"[""DEPLOYMENT UNKNOWN""]","[""TEST NOT OFFERED""]",[],"[""2025-10-06T17:30:00.000""]","[""UNKNOWN""]","[""UNKNOWN""]",[],[],"[""NONE""]",[],"[""O2164919""]","[""DRIVER""]","[""UNKNOWN""]","[""USAGE UNKNOWN""]","[""X""]",[],"[""2063719""]",[],[],[],[],[],[],[],2025,10,17,6,False,afternoon,41.92,-87.75,41.92_-87.75,0.0,0,0,OTHER,0
STRAIGHT AND LEVEL,632,2025-10-06 17:30:00,2,17,10,43394F15F7C9E6F9FE0B5C178A536228F2F8C427E61E296AD064F09B2944F8548BC0D4989C36C836B2F05B66D6D5D1E98D602DDFA2A7172BB5C3FC7488D3310B,NO INJURY / DRIVE AWAY,"OVER $1,500",NO CONTROLS,SIDESWIPE OPPOSITE DIRECTION,41.7365915897,UNKNOWN,-87.6146775954,2,30,UNABLE TO DETERMINE,UNKNOWN,UNKNOWN,UNABLE TO DETERMINE,S,8698,NO CONTROLS,DIVIDED - W/MEDIAN (NOT RAISED),CLEAR,0.0,1.0,0.0,0.0,0.0,1.0,1,1,[],[],[],"[""2025-10-06T17:30:00.000""]","[""2164952"", ""2164953""]","[""UNKNOWN""]","[""IL""]","[""NISSAN"", ""UNKNOWN""]","[""STRAIGHT AHEAD"", ""UNKNOWN/NA""]","[""ALTIMA"", ""MOTORIZED""]","[""1""]","[""E"", ""W""]","[""1"", ""2""]","[""DRIVER""]","[""UNKNOWN""]","[""2063749"", ""2063762""]","[""TRUCK - SINGLE UNIT"", ""UNKNOWN/NA""]","[""FIRE"", ""UNKNOWN/NA""]","[""2024""]",[],[],"[""Y""]",[],[],[],"[""Y""]","[""Y""]","[""Y""]",[],[],[],[],[],[],[],['41'],"[""DEPLOYMENT UNKNOWN""]","[""TEST NOT OFFERED""]","[""CHICAGO""]","[""2025-10-06T17:30:00.000""]","[""OTHER"", ""UNKNOWN""]","[""UNKNOWN""]","[""BM""]","[""IL""]","[""UNKNOWN""]",[],"[""O2164952"", ""O2164953""]","[""DRIVER""]","[""UNKNOWN""]","[""SAFETY BELT USED"", ""USAGE UNKNOWN""]","[""M"", ""X""]","[""IL""]","[""2063749"", ""2063762""]","[""60653""]",[],[],[],[],[],[],2025,10,17,6,False,afternoon,41.74,-87.61,41.74_-87.61,41.0,41,41,OTHER,0
STRAIGHT AND LEVEL,1915,2025-10-06 17:22:00,2,17,10,11C8455EDFC9998C00BE5FFA635E05850BB040D1B18D8F119BCD0811E62354C9149DC5DEBBC402080A108832A07DC84CA80655862B306F2E863F3F238955413D,NO INJURY / DRIVE AWAY,"$501 - $1,500",NO CONTROLS,ANGLE,41.9613977799,DAYLIGHT,-87.6545929748,2,30,IMPROPER OVERTAKING/PASSING,NO DEFECTS,WET,IMPROPER OVERTAKING/PASSING,N,4355,NO CONTROLS,PARKING LOT,RAIN,0.0,0.0,0.0,0.0,0.0,1.0,1,2,"[""Y""]","[""Y""]","[""Y""]","[""2025-10-06T17:22:00.000""]","[""2164925"", ""2164926""]","[""FRONT"", ""FRONT-RIGHT-CORNER""]","[""CA"", ""IL""]","[""HYUNDAI"", ""LEXUS""]","[""PASSING/OVERTAKING"", ""STRAIGHT AHEAD""]","[""IS250"", ""SONATA""]","[""1"", ""2""]","[""N"", ""W""]","[""1"", ""2""]","[""DRIVER""]","[""NONE""]","[""2063727"", ""2063731""]","[""PASSENGER""]","[""PERSONAL""]","[""2014"", ""2025""]","[""Y""]",[],"[""Y""]",[],[],[],[],[],[],[],"[""1""]",[],[],[],[],[],"['32', '77']","[""NOT APPLICABLE""]","[""TEST NOT OFFERED""]","[""CHICAGO"", ""NAPLES""]","[""2025-10-06T17:22:00.000""]","[""IMPROPER PASSING"", ""NONE""]","[""NOT OBSCURED""]","[""D"", ""E""]","[""FL"", ""IL""]","[""NONE""]",[],"[""O2164925"", ""O2164926"", ""P477760""]","[""DRIVER"", ""PASSENGER""]","[""NORMAL""]","[""USAGE UNKNOWN""]","[""F"", ""M""]","[""FL"", ""IL""]","[""2063727"", ""2063731""]","[""34108"", ""60640""]",[],"[""2""]",[],[],[],[],2025,10,17,6,False,afternoon,41.96,-87.65,41.96_-87.65,54.5,32,77,OTHER,0
STRAIGHT AND LEVEL,1034,2025-10-06 17:15:00,2,17,10,BD8C4667DE399709974AEBAA5FA38BF5201EEC5544AA88F75874BD4BF8FAE3EAEFEEE84321050740F3E248C98D09C52103C901BA94E645977E0C9F30457A72FE,NO INJURY / DRIVE AWAY,"$501 - $1,500",FUNCTIONING PROPERLY,REAR END,41.8424994528,DAYLIGHT,-87.6851708169,2,30,UNABLE TO DETERMINE,NO DEFECTS,DRY,NOT APPLICABLE,S,2741,TRAFFIC SIGNAL,NOT DIVIDED,CLEAR,0.0,0.0,0.0,0.0,0.0,1.0,1,1,"[""Y""]",[],"[""Y""]","[""2025-10-06T17:15:00.000""]","[""2164957"", ""2164958""]","[""FRONT"", ""REAR""]","[""IL""]","[""HONDA"", ""JEEP""]","[""SLOW/STOP IN TRAFFIC"", ""UNKNOWN/NA""]","[""CIVIC"", ""RENEGADE""]","[""1""]","[""N""]","[""1"", ""2""]","[""DRIVER""]","[""NONE"", ""UNKNOWN""]","[""2063768"", ""2063776""]","[""PASSENGER"", ""SPORT UTILITY VEHICLE (SUV)""]","[""PERSONAL"", ""UNKNOWN/NA""]","[""2016"", ""2017""]",[],[],"[""Y""]",[],[],[],"[""Y""]",[],[],[],[],[],[],[],[],[],['57'],"[""DID NOT DEPLOY""]","[""TEST NOT OFFERED""]","[""CHGO""]","[""2025-10-06T17:15:00.000""]","[""FOLLOWED TOO CLOSELY"", ""NONE""]","[""NOT OBSCURED"", ""UNKNOWN""]",[],"[""IL""]","[""NONE""]",[],"[""O2164957"", ""O2164958""]","[""DRIVER""]","[""NORMAL"", ""UNKNOWN""]","[""SAFETY BELT USED"", ""USAGE UNKNOWN""]","[""F"", ""M""]","[""IL""]","[""2063768"", ""2063776""]",[],[],[],[],[],[],[],2025,10,17,6,False,afternoon,41.84,-87.69,41.84_-87.69,57.0,57,57,OTHER,0
STRAIGHT ON GRADE,815,2025-10-06 17:15:00,2,17,10,9A8DE11DC6E844CB1E718370481F3D4D5D44997819E92F410BA7D7531BD0A7BCE9A3CA2EE0CCDBEA42140694A1645BAA583A3834947EC9BED34187346950DCAC,NO INJURY / DRIVE AWAY,"$501 - $1,500",FUNCTIONING PROPERLY,REAR END,41.8004695501,DAYLIGHT,-87.7317978205,2,20,FOLLOWING TOO CLOSELY,NO DEFECTS,DRY,FOLLOWING TOO CLOSELY,S,5101,STOP SIGN/FLASHER,NOT DIVIDED,CLEAR,0.0,0.0,0.0,0.0,0.0,1.0,1,2,"[""Y""]",[],"[""Y""]","[""2025-10-06T17:15:00.000""]","[""2164913"", ""2164914""]","[""FRONT"", ""REAR""]",[],"[""CHEVROLET"", ""JEEP""]","[""STRAIGHT AHEAD""]","[""CHEROKEE"", ""MALIBU""]","[""1"", ""2""]","[""N""]","[""1"", ""2""]","[""DRIVER""]","[""NONE""]","[""2063713"", ""2063717""]","[""PASSENGER"", ""SPORT UTILITY VEHICLE (SUV)""]","[""PERSONAL""]","[""2015"", ""2018""]",[],[],"[""Y""]",[],[],"[""Y""]",[],[],[],[],"[""1""]",[],[],"[""Y""]","[""Y""]",[],"['29', '73']","[""NOT APPLICABLE""]","[""TEST NOT OFFERED""]","[""CHICAGO""]","[""2025-10-06T17:15:00.000""]","[""FOLLOWED TOO CLOSELY"", ""NONE""]","[""NOT OBSCURED"", ""UNKNOWN""]","[""D""]","[""IL""]","[""NONE""]",[],"[""O2164913"", ""O2164914"", ""P477756""]","[""DRIVER"", ""PASSENGER""]","[""NORMAL""]","[""SAFETY BELT USED""]","[""F"", ""M""]","[""IL""]","[""2063713"", ""2063717""]","[""60629"", ""60632""]",[],"[""3""]",[],[],[],[],2025,10,17,6,False,afternoon,41.8,-87.73,41.8_-87.73,51.0,29,73,FOLLOWING TOO CLOSELY,0
STRAIGHT ON GRADE,431,2025-10-06 17:14:00,2,17,10,64B32F71AB8B7D4C5794EBB35FBF5F9A6E8915801F46891A203192358A06A1BAD0CD2C7F743F3DF13705953A5D1D43508F5CBFE9E612E77D490DF5E452AB8E59,INJURY AND / OR TOW DUE TO CRASH,"$501 - $1,500",NO CONTROLS,PARKED MOTOR VEHICLE,41.7224836835,DAYLIGHT,-87.5648613505,2,25,DISTRACTION - FROM OUTSIDE VEHICLE,UNKNOWN,UNKNOWN,UNABLE TO DETERMINE,S,9500,NO CONTROLS,NOT DIVIDED,CLEAR,0.0,0.0,0.0,0.0,0.0,1.0,2,1,"[""Y""]","[""Y""]","[""Y""]","[""2025-10-06T17:14:00.000""]","[""2165009"", ""2165010""]","[""FRONT-RIGHT-CORNER"", ""REAR-LEFT-CORNER""]","[""IL""]","[""DODGE"", ""TOYOTA""]","[""PARKED"", ""STRAIGHT AHEAD""]","[""CAMRY"", ""CHARGER""]","[""0"", ""1""]","[""S""]","[""1"", ""2""]","[""DRIVER"", ""DRIVERLESS""]","[""UNKNOWN""]","[""2063804"", ""2063809""]","[""PASSENGER""]","[""PERSONAL""]","[""2015"", ""2022""]",[],[],[],"[""PRIVATE""]","[""Y""]","[""Y""]",[],"[""Y""]",[],[],[],"[""Y""]",[],[],"[""Y""]",[],['34'],"[""DEPLOYED, COMBINATION""]","[""TEST NOT OFFERED""]","[""CHICAGO""]","[""2025-10-06T17:14:00.000""]","[""UNKNOWN""]","[""UNKNOWN""]","[""D""]","[""IL""]","[""NONE""]",[],"[""O2165009""]","[""DRIVER""]","[""NORMAL""]","[""USAGE UNKNOWN""]","[""M""]","[""IL""]","[""2063804""]","[""60636""]",[],[],[],[],[],[],2025,10,17,6,False,afternoon,41.72,-87.56,41.72_-87.56,34.0,34,34,DISTRACTION/INATTENTION,1
STRAIGHT AND LEVEL,2521,2025-10-06 16:54:00,2,16,10,F416C04F9281C39B387037C159927E58D78D2FEFAF2EB205EFE406B8A61F0AD9D1ED87F1A678C50D906F4ABEA2067FCB9418845CC685C70814AB6577F1A3C117,NO INJURY / DRIVE AWAY,"OVER $1,500",NO CONTROLS,SIDESWIPE SAME DIRECTION,41.9372042148,DAYLIGHT,-87.7400415104,2,30,FAILING TO YIELD RIGHT-OF-WAY,NO DEFECTS,DRY,NOT APPLICABLE,W,4512,NO CONTROLS,NOT DIVIDED,CLEAR,0.0,0.0,0.0,0.0,0.0,1.0,1,2,"[""Y""]","[""Y""]",[],"[""2025-10-06T16:54:00.000""]","[""2164899"", ""2164900""]","[""FRONT-LEFT-CORNER"", ""FRONT-RIGHT-CORNER""]","[""IL""]","[""JEEP"", ""NISSAN""]","[""ENTERING TRAFFIC LANE FROM PARKING"", ""STRAIGHT AHEAD""]","[""GRAND CHEROKEE"", ""MURANO""]","[""1""]","[""W""]","[""1"", ""2""]","[""DRIVER""]","[""UNKNOWN""]","[""2063699"", ""2063701""]","[""UNKNOWN/NA""]","[""UNKNOWN/NA""]","[""2005"", ""2012""]","[""Y""]","[""Y""]","[""Y""]",[],[],[],[],[],[],[],[],[],[],"[""Y""]",[],[],"['30', '41']","[""NOT APPLICABLE""]","[""TEST NOT OFFERED""]","[""CHICAGO""]","[""2025-10-06T16:54:00.000""]","[""FAILED TO YIELD"", ""NONE""]","[""UNKNOWN""]","[""D""]","[""IL""]","[""NONE""]",[],"[""O2164899"", ""O2164900""]","[""DRIVER""]","[""NORMAL"", ""UNKNOWN""]","[""USAGE UNKNOWN""]","[""M""]","[""IL""]","[""2063699"", ""2063701""]","[""60630"", ""60641""]",[],[],[],[],[],[],2025,10,16,6,False,afternoon,41.94,-87.74,41.94_-87.74,35.5,30,41,FAILURE-TO-YIELD,0
STRAIGHT AND LEVEL,411,2025-10-06 16:51:00,2,16,10,8FCC87B711035A40466594D2AFDE30AD970F317841BA3A82910C61760888CA332D7726ABE13E4E0812D61A80C4B02376F5FADB99C307BDB809555D73F1A6F09F,INJURY AND / OR TOW DUE TO CRASH,"OVER $1,500",NO CONTROLS,TURNING,41.7518789409,DAYLIGHT,-87.5863194647,2,30,DRIVING SKILLS/KNOWLEDGE/EXPERIENCE,NO DEFECTS,DRY,DRIVING SKILLS/KNOWLEDGE/EXPERIENCE,S,7846,NO CONTROLS,NOT DIVIDED,CLEAR,0.0,0.0,0.0,0.0,0.0,1.0,1,4,"[""Y""]",[],"[""Y""]","[""2025-10-06T16:51:00.000""]","[""2165042"", ""2165043""]","[""FRONT-LEFT-CORNER"", ""FRONT-RIGHT-CORNER""]","[""IL""]","[""FORD""]","[""STRAIGHT AHEAD"", ""TURNING LEFT""]","[""ESCAPE"", ""TAURUS""]","[""2""]","[""E"", ""NE""]","[""1"", ""2""]","[""DRIVER""]","[""UNKNOWN""]","[""2063848"", ""2063863""]","[""PASSENGER""]","[""PERSONAL""]","[""2011"", ""2020""]",[],[],"[""Y""]","[""PROGRESSIVE INSURANCE"", ""UNIVERSAL TOWING AND RECOVERY""]","[""Y""]",[],[],[],[],[],"[""1""]",[],[],[],[],"[""UNKNOWN""]","['32', '33', '44', '48']","[""DEPLOYED, COMBINATION""]","[""TEST NOT OFFERED""]","[""CHICAGO""]","[""2025-10-06T16:51:00.000""]","[""FAILED TO YIELD"", ""UNKNOWN""]","[""UNKNOWN""]","[""C"", ""D""]","[""IL""]","[""NONE""]","[""JACKSON PARK"", ""UNIVERSITY OF CHICAGO""]","[""O2165042"", ""O2165043"", ""P477797"", ""P477798""]","[""DRIVER"", ""PASSENGER""]","[""UNKNOWN""]","[""USAGE UNKNOWN""]","[""F"", ""M""]","[""IL""]","[""2063848"", ""2063863""]","[""60617"", ""60649""]","[""A24"", ""A55""]","[""2""]",[],[],[],[],2025,10,16,6,False,afternoon,41.75,-87.59,41.75_-87.59,39.25,32,48,OTHER,1
STRAIGHT AND LEVEL,1524,2025-10-06 16:50:00,2,16,10,F4C3118563ACCBA4FB193E1E2D284F5EABF58069BB031BAC04DD7A8D876DC87EA796A1959F3FBC737473CF419B0FF612298020D8BA95344F93F2A816D64BF5A3,NO INJURY / DRIVE AWAY,$500 OR LESS,FUNCTIONING PROPERLY,PEDESTRIAN,41.8950441424,DAYLIGHT,-87.755665329,2,30,UNABLE TO DETERMINE,NO DEFECTS,DRY,NOT APPLICABLE,W,5200,TRAFFIC SIGNAL,FOUR WAY,CLEAR,0.0,0.0,1.0,0.0,0.0,1.0,2,2,"[""Y""]","[""Y""]",[],"[""2025-10-06T16:50:00.000""]","[""2164905"", ""2164912""]","[""REAR-RIGHT-CORNER""]","[""IL""]","[""FORD""]","[""TURNING RIGHT""]","[""FUSION""]","[""1""]","[""S""]","[""1"", ""2""]","[""DRIVER"", ""PEDESTRIAN""]","[""UNKNOWN""]","[""2063715""]","[""PASSENGER""]","[""PERSONAL""]","[""2014""]",[],[],[],[],[],[],[],[],[],[],[],[],[],[],[],[],"['35', '63']","[""DID NOT DEPLOY""]","[""TEST NOT OFFERED""]","[""CHICAGO""]","[""2025-10-06T16:50:00.000""]","[""FAILED TO YIELD"", ""UNKNOWN""]","[""UNKNOWN""]","[""D""]","[""IL""]","[""NONE""]",[],"[""O2164905"", ""O2164912""]","[""DRIVER"", ""PEDESTRIAN""]","[""NORMAL"", ""UNKNOWN""]","[""NONE PRESENT"", ""USAGE UNKNOWN""]","[""F"", ""M""]","[""IL""]","[""2063715""]","[""60608"", ""60639""]",[],[],"[""CROSSING - WITH SIGNAL""]","[""IN CROSSWALK""]","[""NO CONTRASTING CLOTHING""]",[],2025,10,16,6,False,afternoon,41.9,-87.76,41.9_-87.76,49.0,35,63,OTHER,0
STRAIGHT AND LEVEL,1621,2025-10-06 16:45:00,2,16,10,9B70C916B5A7243E01AF19F227F2B4342496568341E452E0C0EC004802855067E1551CD19723062E1FC91B14A7FB854C746AFB7AEE6FBECEF1B446F9BFD7CB85,NO INJURY / DRIVE AWAY,"OVER $1,500",NO CONTROLS,SIDESWIPE SAME DIRECTION,41.9971470074,DAYLIGHT,-87.7484909597,2,30,IMPROPER OVERTAKING/PASSING,NO DEFECTS,DRY,IMPROPER OVERTAKING/PASSING,N,6350,STOP SIGN/FLASHER,NOT DIVIDED,CLEAR,0.0,1.0,0.0,0.0,0.0,1.0,1,1,[],"[""Y""]",[],"[""2025-10-06T16:45:00.000""]","[""2164883"", ""2164884""]","[""SIDE-RIGHT"", ""UNKNOWN""]","[""IL""]","[""HUMMER"", ""UNKNOWN""]","[""MERGING"", ""STRAIGHT AHEAD""]","[""H3"", ""OTHER (EXPLAIN IN NARRATIVE)""]","[""1""]","[""E""]","[""1"", ""2""]","[""DRIVER""]","[""NONE"", ""UNKNOWN""]","[""2063684"", ""2063688""]","[""PASSENGER""]","[""PERSONAL"", ""UNKNOWN/NA""]","[""2007""]","[""Y""]","[""Y""]",[],[],[],[],"[""Y""]",[],[],[],[],[],[],[],[],[],['27'],"[""DEPLOYMENT UNKNOWN"", ""NOT APPLICABLE""]","[""TEST NOT OFFERED""]","[""CHICAGO""]","[""2025-10-06T16:45:00.000""]","[""IMPROPER PASSING"", ""NONE""]","[""NOT OBSCURED"", ""UNKNOWN""]",[],"[""IL""]","[""NONE"", ""UNKNOWN""]",[],"[""O2164883"", ""O2164884""]","[""DRIVER""]","[""NORMAL"", ""UNKNOWN""]","[""SAFETY BELT USED"", ""USAGE UNKNOWN""]","[""M"", ""X""]","[""IL""]","[""2063684"", ""2063688""]","[""60646""]",[],[],[],[],[],[],2025,10,16,6,False,afternoon,42.0,-87.75,42.0_-87.75,27.0,27,27,OTHER,0
STRAIGHT AND LEVEL,1722,2025-10-06 16:45:00,2,16,10,17E1177D8A911B96532B2BB9025ABDF5CA12313614D4C443A6AB781B895071D404F763BAF5DFACAEE04576911CA0609115405226464E44C9C5D3B271A1B4621A,NO INJURY / DRIVE AWAY,"OVER $1,500",FUNCTIONING PROPERLY,REAR END,41.9575535469,DAYLIGHT,-87.7278772887,2,30,FOLLOWING TOO CLOSELY,NO DEFECTS,DRY,FAILING TO REDUCE SPEED TO AVOID CRASH,N,4206,TRAFFIC SIGNAL,DIVIDED - W/MEDIAN (NOT RAISED),CLEAR,0.0,1.0,0.0,0.0,0.0,1.0,1,3,[],[],[],"[""2025-10-06T16:45:00.000""]","[""2164891"", ""2164892""]","[""FRONT"", ""REAR""]","[""WI""]","[""FORD""]","[""SLOW/STOP IN TRAFFIC"", ""STRAIGHT AHEAD""]","[""F150""]","[""3""]","[""S"", ""SE""]","[""1"", ""2""]","[""DRIVER""]","[""NONE"", ""UNKNOWN""]","[""2063720"", ""2063739""]","[""PICKUP""]","[""PERSONAL"", ""UNKNOWN/NA""]","[""2024""]",[],[],[],[],[],"[""Y""]","[""Y""]",[],[],[],"[""2""]",[],[],"[""Y""]","[""Y""]",[],"['10', '46', '57']","[""DEPLOYED, FRONT"", ""DEPLOYMENT UNKNOWN"", ""DID NOT DEPLOY""]","[""TEST NOT OFFERED""]","[""GRENN BAY"", ""HOFFMAN ESTATES""]","[""2025-10-06T16:45:00.000""]","[""FOLLOWED TOO CLOSELY"", ""NONE""]","[""NOT OBSCURED"", ""UNKNOWN""]","[""D""]","[""WI""]","[""NONE""]",[],"[""O2164891"", ""O2164892"", ""P477758"", ""P477759"", ""P477768"", ""P477770""]","[""DRIVER"", ""PASSENGER""]","[""NORMAL"", ""UNKNOWN""]","[""SAFETY BELT USED"", ""USAGE UNKNOWN""]","[""F"", ""M""]","[""IL"", ""WI""]","[""2063720"", ""2063739""]","[""54302"", ""60169""]",[],"[""3"", ""4"", ""5""]",[],[],[],[],2025,10,16,6,False,afternoon,41.96,-87.73,41.96_-87.73,37.666666666666664,10,57,FOLLOWING TOO CLOSELY,0
STRAIGHT AND LEVEL,731,2025-10-06 16:40:00,2,16,10,3712803A0FA040E5F6E554C0979FFBFC8BA2B8CA55BF61D1BBAC41501FAAFA58BF496AE67107A968FE45681994A080EA2BBB91B0C2CCF2FE488243CCE455B2F2,INJURY AND / OR TOW DUE TO CRASH,"OVER $1,500",FUNCTIONING PROPERLY,REAR END,41.7653319477,DAYLIGHT,-87.6265877695,2,30,FAILING TO REDUCE SPEED TO AVOID CRASH,NO DEFECTS,DRY,NOT APPLICABLE,W,41,TRAFFIC SIGNAL,T-INTERSECTION,CLEAR,0.0,0.0,0.0,0.0,0.0,1.0,1,8,[],[],"[""Y""]","[""2025-10-06T16:40:00.000""]","[""2164985"", ""2164986""]","[""FRONT"", ""REAR""]","[""IL""]","[""FORD"", ""LINCOLN""]","[""STRAIGHT AHEAD""]","[""ESCAPE"", ""MKZ""]","[""1"", ""12""]","[""W""]","[""1"", ""2""]","[""DRIVER""]","[""NONE""]","[""2063801"", ""2063829""]","[""PASSENGER"", ""SPORT UTILITY VEHICLE (SUV)""]","[""PERSONAL""]","[""2007"", ""2019""]",[],"[""Y""]","[""Y""]","[""city tow""]","[""N"", ""Y""]","[""Y""]",[],"[""Y""]","[""Y""]",[],"[""11""]","[""Y""]",[],"[""Y""]","[""Y""]",[],"['11', '12', '15', '27', '4', '5', '58', '9']","[""DEPLOYMENT UNKNOWN"", ""NOT APPLICABLE""]","[""TEST REFUSED""]","[""CHICAGO""]","[""2025-10-06T16:40:00.000""]","[""OTHER"", ""TOO FAST FOR CONDITIONS""]","[""NOT OBSCURED""]","[""D""]","[""IL""]","[""NONE""]","[""THE UNIVERSITY OF CHICAGO MEDICAL CENTER""]","[""O2164985"", ""O2164986"", ""P477779"", ""P477781"", ""P477782"", ""P477783"", ""P477785"", ""P477786"", ""P477787"", ""P477788"", ""P477789"", ""P477790"", ""P477791""]","[""DRIVER"", ""PASSENGER""]","[""NORMAL""]","[""SAFETY BELT NOT USED"", ""SAFETY BELT USED"", ""USAGE UNKNOWN""]","[""F"", ""M""]","[""IL""]","[""2063801"", ""2063829""]","[""60636"", ""60649""]",[],"[""10"", ""11"", ""12"", ""3"", ""4"", ""5"", ""6"", ""7""]",[],[],[],[],2025,10,16,6,False,afternoon,41.77,-87.63,41.77_-87.63,17.625,4,58,SPEEDING,1