alignment,beat_of_occurrence,crash_date,crash_day_of_week,crash_hour,crash_month,crash_record_id,crash_type,damage,device_condition,first_crash_type,latitude,lighting_condition,longitude,num_units,posted_speed_limit,prim_contributory_cause,road_defect,roadway_surface_cond,sec_contributory_cause,street_direction,street_no,traffic_control_device,trafficway_type,weather_condition,private_property_i,hit_and_run_i,intersection_related_i,crash_date_est_i,work_zone_i,workers_present_i,veh_count,ppl_count,veh_area_01_i_list_json,veh_area_02_i_list_json,veh_area_12_i_list_json,veh_crash_date_list_json,veh_crash_unit_id_list_json,veh_first_contact_point_list_json,veh_lic_plate_state_list_json,veh_make_list_json,veh_maneuver_list_json,veh_model_list_json,veh_occupant_cnt_list_json,veh_travel_direction_list_json,veh_unit_no_list_json,veh_unit_type_list_json,veh_vehicle_defect_list_json,veh_vehicle_id_list_json,veh_vehicle_type_list_json,veh_vehicle_use_list_json,veh_vehicle_year_list_json,veh_area_03_i_list_json,veh_area_04_i_list_json,veh_area_11_i_list_json,veh_towed_by_list_json,veh_towed_i_list_json,veh_area_07_i_list_json,veh_area_99_i_list_json,veh_area_09_i_list_json,veh_area_10_i_list_json,veh_cmrc_veh_i_list_json,veh_num_passengers_list_json,veh_area_08_i_list_json,veh_area_00_i_list_json,veh_area_05_i_list_json,veh_area_06_i_list_json,veh_towed_to_list_json,ppl_age_list_json,ppl_airbag_deployed_list_json,ppl_bac_result_list_json,ppl_city_list_json,ppl_crash_date_list_json,ppl_driver_action_list_json,ppl_driver_vision_list_json,ppl_drivers_license_class_list_json,ppl_drivers_license_state_list_json,ppl_ejection_list_json,ppl_hospital_list_json,ppl_person_id_list_json,ppl_person_type_list_json,ppl_physical_condition_list_json,ppl_safety_equipment_list_json,ppl_sex_list_json,ppl_state_list_json,ppl_vehicle_id_list_json,ppl_zipcode_list_json,ppl_ems_agency_list_json,ppl_seat_no_list_json,ppl_pedpedal_action_list_json,ppl_pedpedal_location_list_json,ppl_pedpedal_visibility_list_json,ppl_ems_run_no_list_json,year,month,hour,day,is_weekend,hour_bin,lat_bin,lng_bin,grid_id,ppl_age_mean,ppl_age_min,ppl_age_max,prim_contributory_cause_group,ksi_flag
STRAIGHT AND LEVEL,1135,2025-10-06 16:33:00,2,16,10,6B6675C27A4D61977EBB7BB0150E368621DED28D0174853137C14C2221007795AA86E222C33989BFEBA9BB6E837F3640282482ED51BDAA7B3BD68CA52656BD89,NO INJURY / DRIVE AWAY,"OVER $1,500",FUNCTIONING PROPERLY,SIDESWIPE SAME DIRECTION,41.8665920827,DAYLIGHT,-87.6981957739,2,30,UNABLE TO DETERMINE,NO DEFECTS,DRY,UNABLE TO DETERMINE,W,2856,STOP SIGN/FLASHER,NOT DIVIDED,CLEAR,0.0,1.0,0.0,0.0,0.0,1.0,1,1,[],[],"[""N""]","[""2025-10-06T16:33:00.000""]","[""2164915"", ""2164916""]","[""REAR-RIGHT-CORNER"", ""SIDE-LEFT""]","[""IL""]","[""NOVA BUS"", ""TOYOTA""]","[""STRAIGHT AHEAD""]","[""LFS"", ""SIENNA""]","[""1""]","[""W""]","[""1"", ""2""]","[""DRIVER""]","[""NONE"", ""UNKNOWN""]","[""2063714"", ""2063718""]","[""BUS OVER 15 PASS."", ""VAN/MINI-VAN""]","[""CTA"", ""PERSONAL""]","[""2006"", ""2023""]",[],"[""Y""]","[""N""]",[],[],[],[],"[""Y""]","[""Y""]",[],[],[],[],"[""Y""]",[],[],['28'],"[""DID NOT DEPLOY"", ""NOT APPLICABLE""]","[""TEST NOT OFFERED""]","[""CHICAGO""]","[""2025-10-06T16:33:00.000""]","[""NONE"", ""UNKNOWN""]","[""NOT OBSCURED"", ""UNKNOWN""]","[""B""]","[""IL"", ""XX""]","[""NONE""]",[],"[""O2164915"", ""O2164916""]","[""DRIVER""]","[""NORMAL"", ""UNKNOWN""]","[""SAFETY BELT USED"", ""USAGE UNKNOWN""]","[""F"", ""X""]","[""IL""]","[""2063714"", ""2063718""]","[""60622""]",[],[],[],[],[],[],2025,10,16,6,False,afternoon,41.87,-87.7,41.87_-87.7,28.0,28,28,OTHER,0
STRAIGHT AND LEVEL,434,2025-10-06 16:30:00,2,16,10,1C1D5BB4EC1019E4E6E2A4AFB2F308529CFAE07EE2CE942380828814886C9CEE9697B543ABE9E132D3935B473114D56B08E15EC9E39ED0B0C7056040B841CEB4,INJURY AND / OR TOW DUE TO CRASH,"OVER $1,500",FUNCTIONING PROPERLY,REAR END,41.7028771761,DAYLIGHT,-87.5552148346,3,30,UNABLE TO DETERMINE,NO DEFECTS,DRY,UNABLE TO DETERMINE,E,2828,TRAFFIC SIGNAL,NOT DIVIDED,CLEAR,0.0,0.0,1.0,0.0,0.0,1.0,1,3,"[""Y""]",[],"[""Y""]","[""2025-10-06T16:30:00.000""]","[""2164880"", ""2164881"", ""2164882""]","[""FRONT"", ""REAR""]","[""IL""]","[""HONDA"", ""LINCOLN"", ""NISSAN""]","[""SLOW/STOP IN TRAFFIC"", ""STRAIGHT AHEAD""]","[""ALTIMA"", ""CIVIC"", ""MKZ""]","[""1""]","[""W""]","[""1"", ""2"", ""3""]","[""DRIVER""]","[""NONE"", ""UNKNOWN""]","[""2063681"", ""2063691"", ""2063696""]","[""PASSENGER""]","[""PERSONAL""]","[""2012"", ""2017"", ""2018""]",[],[],"[""Y""]",[],[],"[""Y""]",[],[],[],[],[],[],[],"[""Y""]","[""Y""]",[],"['24', '35', '41']","[""NOT APPLICABLE""]","[""TEST NOT OFFERED""]","[""CHICAGO""]","[""2025-10-06T16:30:00.000""]","[""NONE""]","[""NOT OBSCURED""]","[""D""]","[""IL""]","[""NONE""]",[],"[""O2164880"", ""O2164881"", ""O2164882""]","[""DRIVER""]","[""NORMAL""]","[""NONE PRESENT"", ""USAGE UNKNOWN""]","[""F"", ""M""]","[""IL""]","[""2063681"", ""2063691"", ""2063696""]","[""60617"", ""60624""]",[],[],[],[],[],[],2025,10,16,6,False,afternoon,41.7,-87.56,41.7_-87.56,33.333333333333336,24,41,OTHER,1
STRAIGHT AND LEVEL,1931,2025-10-06 16:30:00,2,16,10,5C5AF181F22C6359089BF2BFB027562CB3020B1C380E4578F15F4A824BFCBE41D6DBD4812D320C42DBB74D4F01762A931FDBF2090B2CBCEE690151BC8D4949D9,NO INJURY / DRIVE AWAY,"$501 - $1,500",NO CONTROLS,PARKED MOTOR VEHICLE,41.9310210058,DAYLIGHT,-87.6768640181,2,15,UNABLE TO DETERMINE,UNKNOWN,UNKNOWN,NOT APPLICABLE,N,2746,NO CONTROLS,PARKING LOT,CLEAR,1.0,1.0,0.0,0.0,0.0,1.0,2,0,[],[],[],"[""2025-10-06T16:30:00.000""]","[""2165502"", ""2165503""]","[""SIDE-RIGHT"", ""UNKNOWN""]","[""IL""]","[""TOYOTA"", ""UNKNOWN""]","[""PARKED"", ""UNKNOWN/NA""]","[""MOTORIZED"", ""RAV4""]","[""0"", ""1""]","[""UNKNOWN""]","[""1"", ""2""]","[""DRIVER"", ""PARKED""]","[""UNKNOWN""]","[""2064269"", ""2064354""]","[""SPORT UTILITY VEHICLE (SUV)"", ""UNKNOWN/NA""]","[""UNKNOWN/NA""]","[""2025""]",[],"[""Y""]",[],[],[],[],"[""Y""]",[],[],[],[],[],[],[],[],[],[],"[""DEPLOYMENT UNKNOWN""]","[""TEST NOT OFFERED""]",[],"[""2025-10-06T16:30:00.000""]","[""UNKNOWN""]","[""UNKNOWN""]",[],[],"[""NONE""]",[],"[""O2165502""]","[""DRIVER""]","[""UNKNOWN""]","[""USAGE UNKNOWN""]","[""X""]",[],"[""2064269""]",[],[],[],[],[],[],[],2025,10,16,6,False,afternoon,41.93,-87.68,41.93_-87.68,0.0,0,0,OTHER,0
STRAIGHT AND LEVEL,2221,2025-10-06 16:28:00,2,16,10,588CF090C5EB295BFC63C6338DBE79B35E97C7BB0CD5C5A5206060B8B60175E90E57A0E30C787FDD465EF5330B55E8786E59819EFC920E192640D9A3D01F8A52,NO INJURY / DRIVE AWAY,"$501 - $1,500",NO CONTROLS,SIDESWIPE SAME DIRECTION,41.7278259229,DAYLIGHT,-87.6629805788,2,30,FAILING TO YIELD RIGHT-OF-WAY,NO DEFECTS,DRY,DRIVING SKILLS/KNOWLEDGE/EXPERIENCE,S,9120,NO CONTROLS,NOT DIVIDED,CLEAR,0.0,0.0,0.0,0.0,0.0,1.0,1,1,"[""Y""]",[],[],"[""2025-10-06T16:28:00.000""]","[""2165957"", ""2165958""]","[""FRONT-RIGHT-CORNER"", ""SIDE-LEFT""]","[""IL""]","[""CHEVROLET"", ""DODGE""]","[""STARTING IN TRAFFIC"", ""STRAIGHT AHEAD""]","[""CARAVAN"", ""MALIBU""]","[""1""]","[""S""]","[""1"", ""2""]","[""DRIVER""]","[""NONE""]","[""2064703"", ""2064712""]","[""PASSENGER"", ""VAN/MINI-VAN""]","[""PERSONAL""]","[""2013"", ""2015""]",[],[],[],[],[],[],[],[],"[""Y""]",[],[],[],[],[],[],[],['30'],"[""DEPLOYMENT UNKNOWN"", ""NOT APPLICABLE""]","[""TEST NOT OFFERED""]","[""CHICAGO""]","[""2025-10-06T16:28:00.000""]","[""FAILED TO YIELD"", ""NONE""]","[""NOT OBSCURED"", ""UNKNOWN""]","[""D""]","[""IL""]","[""NONE""]",[],"[""O2165957"", ""O2165958""]","[""DRIVER""]","[""NORMAL"", ""UNKNOWN""]","[""SAFETY BELT USED"", ""USAGE UNKNOWN""]","[""M""]","[""IL""]","[""2064703"", ""2064712""]","[""60649""]",[],[],[],[],[],[],2025,10,16,6,False,afternoon,41.73,-87.66,41.73_-87.66,30.0,30,30,FAILURE-TO-YIELD,0
STRAIGHT AND LEVEL,922,2025-10-06 16:15:00,2,16,10,78C2E52F904AC99ABB1CCBC4B08C9EFBBBE8FA213546BE6A16FB9D428BA886F659CF71EA05C6EAC561E49DE2AB961F368D4ACB5ACD6AA85803796992FB6419EC,INJURY AND / OR TOW DUE TO CRASH,"$501 - $1,500",NO CONTROLS,REAR END,41.8152490367,DAYLIGHT,-87.7025892599,2,30,FOLLOWING TOO CLOSELY,NO DEFECTS,DRY,NOT APPLICABLE,S,4310,NO CONTROLS,NOT DIVIDED,CLEAR,0.0,0.0,0.0,0.0,0.0,1.0,1,2,[],[],"[""Y""]","[""2025-10-06T16:15:00.000""]","[""2164889"", ""2164890""]","[""FRONT"", ""REAR""]","[""IL""]","[""CHEVROLET"", ""HONDA""]","[""SLOW/STOP IN TRAFFIC"", ""STRAIGHT AHEAD""]","[""CIVIC"", ""TRAVERSE""]","[""1""]","[""UNKNOWN""]","[""1"", ""2""]","[""DRIVER""]","[""NONE""]","[""2063692"", ""2063694""]","[""PASSENGER"", ""SPORT UTILITY VEHICLE (SUV)""]","[""PERSONAL""]","[""2009"", ""2025""]",[],[],[],[],[],[],[],[],[],[],[],[],[],[],"[""Y""]",[],"['23', '37']","[""DID NOT DEPLOY""]","[""TEST NOT OFFERED""]","[""ROUND LAKE""]","[""2025-10-06T16:15:00.000""]","[""FOLLOWED TOO CLOSELY"", ""NONE""]","[""NOT OBSCURED""]",[],"[""IL""]","[""NONE""]",[],"[""O2164889"", ""O2164890""]","[""DRIVER""]","[""NORMAL""]","[""SAFETY BELT USED""]","[""M""]","[""IL""]","[""2063692"", ""2063694""]","[""60073""]",[],[],[],[],[],[],2025,10,16,6,False,afternoon,41.82,-87.7,41.82_-87.7,30.0,23,37,FOLLOWING TOO CLOSELY,1
STRAIGHT AND LEVEL,1214,2025-10-06 16:10:00,2,16,10,9913C86CAA47B8D1F4E5AB402B84D530C5BB2D470375958C03DF2EC4775D7ADB0433A6601D6342193F85CF5D34680A087742F9F786D3F8D9C85A6A429656699A,NO INJURY / DRIVE AWAY,"OVER $1,500",NO CONTROLS,SIDESWIPE SAME DIRECTION,41.8913388723,DAYLIGHT,-87.6443105283,2,30,DRIVING SKILLS/KNOWLEDGE/EXPERIENCE,NO DEFECTS,DRY,FAILING TO YIELD RIGHT-OF-WAY,W,634,NO CONTROLS,NOT DIVIDED,CLEAR,0.0,1.0,0.0,0.0,0.0,1.0,1,1,"[""Y""]","[""Y""]","[""Y""]","[""2025-10-06T16:10:00.000""]","[""2164897"", ""2164898""]","[""FRONT-RIGHT-CORNER"", ""REAR-LEFT-CORNER""]","[""IL""]","[""CHEVROLET"", ""HYUNDAI""]","[""STRAIGHT AHEAD""]","[""OTHER (EXPLAIN IN NARRATIVE)"", ""SANTA FE""]","[""1""]","[""W""]","[""1"", ""2""]","[""DRIVER""]","[""NONE"", ""UNKNOWN""]","[""2063697"", ""2063707""]","[""PASSENGER"", ""TRUCK - SINGLE UNIT""]","[""COMMERCIAL - MULTI-UNIT"", ""PERSONAL""]","[""2019"", ""2021""]",[],[],[],[],[],"[""Y""]",[],[],[],[],[],"[""Y""]",[],[],[],[],['37'],"[""DEPLOYMENT UNKNOWN"", ""NOT APPLICABLE""]","[""TEST NOT OFFERED""]","[""CHICAGO""]","[""2025-10-06T16:10:00.000""]","[""FAILED TO YIELD"", ""NONE""]","[""NOT OBSCURED"", ""UNKNOWN""]","[""D""]","[""IL""]","[""NONE""]","[""REFUSED""]","[""O2164897"", ""O2164898""]","[""DRIVER""]","[""NORMAL"", ""UNKNOWN""]","[""USAGE UNKNOWN""]","[""M""]","[""IL""]","[""2063697"", ""2063707""]","[""60654""]","[""N/A""]",[],[],[],[],[],2025,10,16,6,False,afternoon,41.89,-87.64,41.89_-87.64,37.0,37,37,OTHER,0
STRAIGHT AND LEVEL,1831,2025-10-06 16:10:00,2,16,10,FF507FD32E67C82DD981928824D7FA7838959F382E8B76FA605865635733EC01DBE48519BE31D955DF541814FADBBC82B8D069DD8B9C87CCB72C7D3F4755D0B7,NO INJURY / DRIVE AWAY,"OVER $1,500",NO CONTROLS,SIDESWIPE SAME DIRECTION,41.8945890248,DAYLIGHT,-87.6355063665,2,25,"OPERATING VEHICLE IN ERRATIC, RECKLESS, CARELESS, NEGLIGENT OR AGGRESSIVE MANNER",NO DEFECTS,UNKNOWN,"OPERATING VEHICLE IN ERRATIC, RECKLESS, CARELESS, NEGLIGENT OR AGGRESSIVE MANNER",N,675,NO CONTROLS,NOT DIVIDED,CLEAR,0.0,0.0,0.0,0.0,0.0,1.0,1,2,[],[],[],"[""2025-10-06T16:10:00.000""]","[""2165071"", ""2165072""]","[""FRONT-LEFT-CORNER"", ""NONE""]","[""IL""]","[""FORD"", ""TESLA""]","[""OTHER"", ""SLOW/STOP IN TRAFFIC""]","[""EXPEDITION"", ""MODEL Y""]","[""1""]","[""S""]","[""1"", ""2""]","[""DRIVER""]","[""NONE"", ""UNKNOWN""]","[""2063867"", ""2063868""]","[""PASSENGER""]","[""OTHER"", ""UNKNOWN/NA""]","[""2024""]",[],[],"[""Y""]",[],[],[],[],[],[],[],[],[],[],"[""Y""]",[],[],"['32', '41']","[""DEPLOYMENT UNKNOWN"", ""DID NOT DEPLOY""]","[""TEST NOT OFFERED""]","[""CHICAGO"", ""ROSEMONT""]","[""2025-10-06T16:10:00.000""]","[""NONE"", ""OTHER""]","[""NOT OBSCURED"", ""UNKNOWN""]","[""D""]","[""IL""]","[""NONE""]",[],"[""O2165071"", ""O2165072""]","[""DRIVER""]","[""NORMAL"", ""UNKNOWN""]","[""USAGE UNKNOWN""]","[""F"", ""M""]","[""IL""]","[""2063867"", ""2063868""]","[""60018"", ""60614""]",[],[],[],[],[],[],2025,10,16,6,False,afternoon,41.89,-87.64,41.89_-87.64,36.5,32,41,OTHER,0
STRAIGHT AND LEVEL,1431,2025-10-06 16:00:00,2,16,10,C737CDD115F9BC308809BFDA4C2EA43DE2ABC7EB01E24F8D8DB69D4AD7058444E207F93A3899B00A8816F6255C5A22E7CB72EC07F658E7B6776DA19827C392A8,NO INJURY / DRIVE AWAY,"OVER $1,500",FUNCTIONING PROPERLY,REAR END,41.9285359125,DAYLIGHT,-87.6877059773,2,30,NOT APPLICABLE,NO DEFECTS,DRY,NOT APPLICABLE,W,2401,TRAFFIC SIGNAL,DIVIDED - W/MEDIAN (NOT RAISED),CLEAR,0.0,0.0,0.0,0.0,0.0,1.0,1,0,[],[],"[""Y""]","[""2025-10-06T16:00:00.000""]","[""2170398"", ""2170399""]","[""FRONT"", ""REAR""]","[""IL""]","[""MERCEDES-BENZ"", ""UNKNOWN""]","[""STRAIGHT AHEAD""]","[""GLE"", ""OTHER (EXPLAIN IN NARRATIVE)""]","[""1""]","[""E""]","[""1"", ""2""]","[""DRIVER""]","[""NONE"", ""UNKNOWN""]","[""2068900"", ""2068905""]","[""PASSENGER""]","[""PERSONAL"", ""UNKNOWN/NA""]",[],[],[],[],[],[],[],[],[],[],[],[],[],[],[],"[""Y""]",[],[],"[""DEPLOYMENT UNKNOWN"", ""NOT APPLICABLE""]","[""TEST NOT OFFERED""]",[],"[""2025-10-06T16:00:00.000""]","[""NONE"", ""UNKNOWN""]","[""NOT OBSCURED"", ""UNKNOWN""]","[""D""]","[""IL""]","[""NONE""]",[],"[""O2170398"", ""O2170399""]","[""DRIVER""]","[""NORMAL"", ""UNKNOWN""]","[""SAFETY BELT USED"", ""USAGE UNKNOWN""]","[""F"", ""M""]",[],"[""2068900"", ""2068905""]",[],[],[],[],[],[],[],2025,10,16,6,False,afternoon,41.93,-87.69,41.93_-87.69,0.0,0,0,OTHER,0
STRAIGHT AND LEVEL,1031,2025-10-06 16:00:00,2,16,10,47F24E91A8343B143C6155F01CD8F23A398D6D0D229055ED57F62D8F71B4FD151D17378AB7FC4C255E4AD7FFE8F3DD5FB93C6884E3E9D67EA502C91D4BE8CB6B,INJURY AND / OR TOW DUE TO CRASH,"OVER $1,500",NO CONTROLS,PARKED MOTOR VEHICLE,41.8367187168,DAYLIGHT,-87.7220500175,2,30,DISTRACTION - FROM INSIDE VEHICLE,NO DEFECTS,DRY,NOT APPLICABLE,S,3104,NO CONTROLS,ONE-WAY,CLEAR,0.0,0.0,0.0,0.0,0.0,1.0,2,1,"[""Y""]",[],[],"[""2025-10-06T16:00:00.000""]","[""2164929"", ""2164930""]","[""FRONT-RIGHT-CORNER"", ""REAR-LEFT-CORNER""]","[""IL""]","[""TOYOTA""]","[""PARKED"", ""STRAIGHT AHEAD""]","[""CAMRY"", ""COROLLA""]","[""0"", ""1""]","[""S""]","[""1"", ""2""]","[""DRIVER"", ""PARKED""]","[""NONE""]","[""2063735"", ""2063737""]","[""PASSENGER""]","[""NOT IN USE"", ""PERSONAL""]","[""2007"", ""2009""]",[],[],[],[],"[""Y""]","[""Y""]",[],[],[],[],[],"[""Y""]",[],[],[],[],['31'],"[""DID NOT DEPLOY""]","[""TEST NOT OFFERED""]","[""CICERO""]","[""2025-10-06T16:00:00.000""]","[""OTHER""]","[""NOT OBSCURED""]","[""D""]","[""IL""]","[""NONE""]",[],"[""O2164929""]","[""DRIVER""]","[""NORMAL""]","[""SAFETY BELT USED""]","[""F""]","[""IL""]","[""2063735""]","[""60804""]",[],[],[],[],[],[],2025,10,16,6,False,afternoon,41.84,-87.72,41.84_-87.72,31.0,31,31,DISTRACTION/INATTENTION,0
STRAIGHT AND LEVEL,2032,2025-10-06 16:00:00,2,16,10,2AF8B881B98E10D53FB0039C6570FDCEA5D51B9D17B66F130D4D0DFC38D0A72222E79003D3218AB748251A0018AB6C69F6D396E1F4017AC7A56774828BB64AAB,NO INJURY / DRIVE AWAY,"OVER $1,500",NO CONTROLS,SIDESWIPE SAME DIRECTION,41.9690234296,DAYLIGHT,-87.6695904335,2,30,IMPROPER OVERTAKING/PASSING,UNKNOWN,DRY,NOT APPLICABLE,N,4800,NO CONTROLS,NOT DIVIDED,CLEAR,0.0,0.0,0.0,1.0,0.0,1.0,1,1,[],[],[],"[""2025-10-06T16:00:00.000""]","[""2166357"", ""2166358""]","[""FRONT-RIGHT-CORNER"", ""SIDE-RIGHT-REAR""]","[""IL""]","[""HYUNDAI"", ""SUBARU""]","[""CHANGING LANES"", ""STRAIGHT AHEAD""]","[""FORESTER"", ""PALISADE""]","[""1""]","[""N""]","[""1"", ""2""]","[""DRIVER""]","[""OTHER"", ""UNKNOWN""]","[""2065060"", ""2065063""]","[""PASSENGER""]","[""PERSONAL""]","[""2015"", ""2024""]",[],[],[],[],[],"[""Y""]",[],[],[],[],[],"[""Y""]",[],[],[],[],['61'],"[""NOT APPLICABLE""]","[""TEST NOT OFFERED""]","[""CHICAGO""]","[""2025-10-06T16:00:00.000""]","[""IMPROPER LANE CHANGE"", ""NONE""]","[""UNKNOWN""]","[""D""]","[""IL""]","[""NONE""]",[],"[""O2166357"", ""O2166358""]","[""DRIVER""]","[""UNKNOWN""]","[""USAGE UNKNOWN""]","[""F"", ""M""]","[""IL""]","[""2065060"", ""2065063""]","[""60613""]",[],[],[],[],[],[],2025,10,16,6,False,afternoon,41.97,-87.67,41.97_-87.67,61.0,61,61,OTHER,0
STRAIGHT AND LEVEL,523,2025-10-06 16:00:00,2,16,10,E394A5BB71122D24AF5109B8D2E3044AFB704AA9965423CBA15DD3111348F1118A379A28F1A20DB7DEE1CDBABDF72E3C4B4360D8B4FF37C1A6A5DAA0A107C685,INJURY AND / OR TOW DUE TO CRASH,"OVER $1,500",NO CONTROLS,SIDESWIPE SAME DIRECTION,41.6636120471,DAYLIGHT,-87.629531975,2,25,IMPROPER OVERTAKING/PASSING,NO DEFECTS,DRY,EQUIPMENT - VEHICLE CONDITION,S,12654,NO CONTROLS,NOT DIVIDED,CLEAR,0.0,0.0,0.0,0.0,0.0,1.0,1,2,"[""Y""]","[""Y""]","[""Y""]","[""2025-10-06T16:00:00.000""]","[""2164878"", ""2164879""]","[""FRONT-LEFT-CORNER"", ""FRONT-RIGHT-CORNER""]","[""IL""]","[""GENERAL MOTORS CORPORATION (GMC)"", ""NISSAN""]","[""PASSING/OVERTAKING"", ""STRAIGHT AHEAD""]","[""SIERRA"", ""STANZA""]","[""1""]","[""W""]","[""1"", ""2""]","[""DRIVER""]","[""NONE"", ""UNKNOWN""]","[""2063680"", ""2063693""]","[""PASSENGER"", ""PICKUP""]","[""PERSONAL""]","[""2006"", ""2011""]",[],[],"[""Y""]","[""Personal""]","[""Y""]",[],[],[],"[""Y""]",[],[],[],[],[],[],[],"['24', '51']","[""NOT APPLICABLE""]","[""TEST NOT OFFERED""]","[""BLUE ISLAND"", ""CHICAGO""]","[""2025-10-06T16:00:00.000""]","[""NONE"", ""TOO FAST FOR CONDITIONS""]","[""NOT OBSCURED""]","[""D""]","[""IL""]","[""NONE""]","[""REFUSED""]","[""O2164878"", ""O2164879""]","[""DRIVER""]","[""NORMAL""]","[""USAGE UNKNOWN""]","[""M""]","[""IL""]","[""2063680"", ""2063693""]","[""60406"", ""60633""]","[""CFD""]",[],[],[],[],[],2025,10,16,6,False,afternoon,41.66,-87.63,41.66_-87.63,37.5,24,51,OTHER,0
STRAIGHT AND LEVEL,1411,2025-10-06 16:00:00,2,16,10,EDE9DC1B6EF3EAF4F4E49E28D41557E0154BEAB57EF45F9CDDA45E51898C2DE131BF58D8CF74181F2A1FD014B894E4FE4C365A2DD504E26A8C3F86BF5FBB6283,NO INJURY / DRIVE AWAY,"OVER $1,500",NO CONTROLS,TURNING,41.9321680254,DAYLIGHT,-87.7025860916,2,30,DRIVING SKILLS/KNOWLEDGE/EXPERIENCE,UNKNOWN,UNKNOWN,NOT APPLICABLE,W,3000,TRAFFIC SIGNAL,FOUR WAY,CLEAR,0.0,0.0,1.0,0.0,0.0,1.0,1,2,[],[],[],"[""2025-10-06T16:00:00.000""]","[""2164887"", ""2164888""]","[""FRONT-LEFT-CORNER"", ""SIDE-LEFT""]","[""IL""]","[""THOMAS BUILT BUS COMPANY"", ""TOYOTA""]","[""SLOW/STOP IN TRAFFIC"", ""TURNING LEFT""]","[""COROLLA"", ""THOMAS BUILT BUS CO.""]","[""1""]","[""E"", ""W""]","[""1"", ""2""]","[""DRIVER""]","[""UNKNOWN""]","[""2063689"", ""2063695""]","[""BUS OVER 15 PASS."", ""PASSENGER""]","[""PERSONAL"", ""SCHOOL BUS""]","[""2015"", ""2021""]",[],[],"[""Y""]",[],[],[],[],"[""Y""]",[],[],[],[],[],[],[],[],"['26', '32']","[""NOT APPLICABLE""]","[""TEST NOT OFFERED""]","[""CHICAGO"", ""INGLESIDE""]","[""2025-10-06T16:00:00.000""]","[""NONE"", ""OTHER""]","[""UNKNOWN""]","[""CD"", ""D""]","[""IL""]","[""NONE""]",[],"[""O2164887"", ""O2164888""]","[""DRIVER""]","[""NORMAL""]","[""USAGE UNKNOWN""]","[""F"", ""M""]","[""IL""]","[""2063689"", ""2063695""]","[""60041"", ""60607""]",[],[],[],[],[],[],2025,10,16,6,False,afternoon,41.93,-87.7,41.93_-87.7,29.0,26,32,OTHER,0
STRAIGHT AND LEVEL,833,2025-10-06 16:00:00,2,16,10,46BB6E6132E9D4DC5E3D66C40C0A8351C28F6BFF6A9148B836ECADD9AE8577551F81EF20CC86515D79BF4B5117F52064DC1F909BDF1D916C1AB027DEAFD7E110,NO INJURY / DRIVE AWAY,"OVER $1,500",NO CONTROLS,SIDESWIPE SAME DIRECTION,41.7500109048,DAYLIGHT,-87.7183894677,2,20,UNABLE TO DETERMINE,NO DEFECTS,DRY,UNABLE TO DETERMINE,S,7844,NO CONTROLS,NOT DIVIDED,CLEAR,0.0,0.0,0.0,0.0,0.0,1.0,1,2,"[""Y""]","[""Y""]",[],"[""2025-10-06T16:00:00.000""]","[""2164843"", ""2164844""]","[""FRONT-RIGHT-CORNER"", ""SIDE-LEFT""]","[""IL""]","[""DODGE""]","[""OTHER""]","[""CHARGER"", ""RAM 1500 PU""]","[""1""]","[""N"", ""UNKNOWN""]","[""1"", ""2""]","[""DRIVER""]","[""UNKNOWN""]","[""2063644"", ""2063651""]","[""PASSENGER"", ""PICKUP""]","[""PERSONAL""]","[""2007"", ""2018""]",[],[],"[""N""]",[],[],[],[],"[""Y""]","[""Y""]",[],[],[],[],[],[],[],"['17', '38']","[""NOT APPLICABLE""]","[""TEST NOT OFFERED""]","[""BURBANK"", ""CHICAGO""]","[""2025-10-06T16:00:00.000""]","[""NONE"", ""OTHER""]","[""NOT OBSCURED"", ""UNKNOWN""]","[""D""]","[""IL""]","[""NONE""]",[],"[""O2164843"", ""O2164844""]","[""DRIVER""]","[""EMOTIONAL"", ""NORMAL""]","[""SAFETY BELT USED""]","[""M""]","[""IL""]","[""2063644"", ""2063651""]","[""60459"", ""60652""]",[],[],[],[],[],[],2025,10,16,6,False,afternoon,41.75,-87.72,41.75_-87.72,27.5,17,38,OTHER,0
STRAIGHT AND LEVEL,235,2025-10-06 15:54:00,2,15,10,FE71051610573EA27D37F51AF733B6ACF35B09E1DBA4933DFD75FBFFCB45A481FEC90920677ADFE0A5A48D3808FBD47488A3784CB4F51AD5F8C1FAA65251D266,NO INJURY / DRIVE AWAY,"$501 - $1,500",FUNCTIONING PROPERLY,PARKED MOTOR VEHICLE,41.787915483,DAYLIGHT,-87.5962939055,2,30,NOT APPLICABLE,NO DEFECTS,DRY,DRIVING SKILLS/KNOWLEDGE/EXPERIENCE,E,1200,STOP SIGN/FLASHER,ONE-WAY,CLEAR,0.0,0.0,1.0,0.0,0.0,1.0,2,1,"[""Y""]",[],[],"[""2025-10-06T15:54:00.000""]","[""2164903"", ""2164904""]","[""FRONT-RIGHT-CORNER"", ""REAR-LEFT-CORNER""]","[""IL""]","[""FORD"", ""NEW FLYER""]","[""PARKED"", ""TURNING RIGHT""]","[""D40LF"", ""EXPLORER""]","[""0"", ""1""]","[""W""]","[""1"", ""2""]","[""DRIVER"", ""PARKED""]","[""NONE""]","[""2063716"", ""2063725""]","[""OTHER"", ""SPORT UTILITY VEHICLE (SUV)""]","[""CTA"", ""POLICE""]","[""2006"", ""2024""]",[],[],[],[],[],"[""Y""]",[],[],[],"[""Y""]",[],[],[],[],[],[],['31'],"[""DID NOT DEPLOY""]","[""TEST NOT OFFERED""]","[""CHICAGO""]","[""2025-10-06T15:54:00.000""]","[""NONE""]","[""OTHER""]","[""B""]","[""IL""]","[""NONE""]",[],"[""O2164903""]","[""DRIVER""]","[""NORMAL""]","[""SAFETY BELT USED""]","[""F""]","[""IL""]","[""2063716""]","[""60680""]",[],[],[],[],[],[],2025,10,15,6,False,afternoon,41.79,-87.6,41.79_-87.6,31.0,31,31,OTHER,0