alignment,beat_of_occurrence,crash_date,crash_day_of_week,crash_hour,crash_month,crash_record_id,crash_type,damage,device_condition,first_crash_type,latitude,lighting_condition,longitude,num_units,posted_speed_limit,prim_contributory_cause,road_defect,roadway_surface_cond,sec_contributory_cause,street_direction,street_no,traffic_control_device,trafficway_type,weather_condition,private_property_i,hit_and_run_i,intersection_related_i,crash_date_est_i,work_zone_i,workers_present_i,veh_count,ppl_count,veh_area_01_i_list_json,veh_area_02_i_list_json,veh_area_12_i_list_json,veh_crash_date_list_json,veh_crash_unit_id_list_json,veh_first_contact_point_list_json,veh_lic_plate_state_list_json,veh_make_list_json,veh_maneuver_list_json,veh_model_list_json,veh_occupant_cnt_list_json,veh_travel_direction_list_json,veh_unit_no_list_json,veh_unit_type_list_json,veh_vehicle_defect_list_json,veh_vehicle_id_list_json,veh_vehicle_type_list_json,veh_vehicle_use_list_json,veh_vehicle_year_list_json,veh_area_03_i_list_json,veh_area_04_i_list_json,veh_area_11_i_list_json,veh_towed_by_list_json,veh_towed_i_list_json,veh_area_07_i_list_json,veh_area_99_i_list_json,veh_area_09_i_list_json,veh_area_10_i_list_json,veh_cmrc_veh_i_list_json,veh_num_passengers_list_json,veh_area_08_i_list_json,veh_area_00_i_list_json,veh_area_05_i_list_json,veh_area_06_i_list_json,veh_towed_to_list_json,ppl_age_list_json,ppl_airbag_deployed_list_json,ppl_bac_result_list_json,ppl_city_list_json,ppl_crash_date_list_json,ppl_driver_action_list_json,ppl_driver_vision_list_json,ppl_drivers_license_class_list_json,ppl_drivers_license_state_list_json,ppl_ejection_list_json,ppl_hospital_list_json,ppl_person_id_list_json,ppl_person_type_list_json,ppl_physical_condition_list_json,ppl_safety_equipment_list_json,ppl_sex_list_json,ppl_state_list_json,ppl_vehicle_id_list_json,ppl_zipcode_list_json,ppl_ems_agency_list_json,ppl_seat_no_list_json,ppl_pedpedal_action_list_json,ppl_pedpedal_location_list_json,ppl_pedpedal_visibility_list_json,ppl_ems_run_no_list_json,year,month,hour,day,is_weekend,hour_bin,lat_bin,lng_bin,grid_id,ppl_age_mean,ppl_age_min,ppl_age_max,prim_contributory_cause_group,ksi_flag
STRAIGHT AND LEVEL,1012,2025-10-06 15:50:00,2,15,10,3C10E5CCEB313501DE6B8921E53DC662066F02F92272E93F7CDDC9C997AE7AF584EB8AAE8190D5F5B2A642556D5F49A70D0B880CCDF383942E363D491796397F,NO INJURY / DRIVE AWAY,"OVER $1,500",FUNCTIONING PROPERLY,REAR END,41.8515962636,DAYLIGHT,-87.7249068003,2,30,UNABLE TO DETERMINE,NO DEFECTS,DRY,UNABLE TO DETERMINE,S,2158,TRAFFIC SIGNAL,DIVIDED - W/MEDIAN (NOT RAISED),CLEAR,0.0,0.0,0.0,0.0,0.0,1.0,1,2,[],[],[],"[""2025-10-06T15:50:00.000""]","[""2165260"", ""2165261""]","[""FRONT"", ""REAR""]","[""IL""]","[""CHEVROLET"", ""HYUNDAI""]","[""STRAIGHT AHEAD""]","[""SANTA FE"", ""SILVERADO""]","[""1""]","[""S""]","[""1"", ""2""]","[""DRIVER""]","[""NONE"", ""UNKNOWN""]","[""2064047"", ""2064053""]","[""PASSENGER"", ""TRUCK - SINGLE UNIT""]","[""PERSONAL""]","[""2012"", ""2024""]",[],[],[],[],[],"[""Y""]","[""Y""]","[""Y""]",[],[],[],"[""Y""]",[],"[""Y""]","[""Y""]",[],"['61', '78']","[""DID NOT DEPLOY""]","[""TEST NOT OFFERED""]","[""CHICAGO""]","[""2025-10-06T15:50:00.000""]","[""NONE"", ""UNKNOWN""]","[""NOT OBSCURED""]","[""D""]","[""IL""]","[""NONE""]","[""REFUSED""]","[""O2165260"", ""O2165261""]","[""DRIVER""]","[""NORMAL"", ""UNKNOWN""]","[""USAGE UNKNOWN""]","[""M""]","[""IL""]","[""2064047"", ""2064053""]","[""60612"", ""60624""]",[],[],[],[],[],[],2025,10,15,6,False,afternoon,41.85,-87.72,41.85_-87.72,69.5,61,78,OTHER,0
STRAIGHT AND LEVEL,233,2025-10-06 15:49:00,2,15,10,B3277941EF36A1DE6BEE9015F35EE81B73FB06B808B2033A0861B7B7F08EFC8EA2C1C8282C1CD038EDFC49C5D06C24F1524DC0145BF34D50AFCA0E65D0A6B2E8,INJURY AND / OR TOW DUE TO CRASH,"OVER $1,500",FUNCTIONING PROPERLY,ANGLE,41.7863868914,DAYLIGHT,-87.6061904978,2,30,FAILING TO REDUCE SPEED TO AVOID CRASH,NO DEFECTS,DRY,FAILING TO YIELD RIGHT-OF-WAY,S,5946,TRAFFIC SIGNAL,FOUR WAY,CLEAR,0.0,0.0,1.0,0.0,0.0,1.0,1,2,"[""Y""]","[""Y""]","[""Y""]","[""2025-10-06T15:49:00.000""]","[""2164979"", ""2164980""]","[""FRONT-LEFT-CORNER"", ""FRONT-RIGHT-CORNER""]","[""IL""]","[""TOYOTA""]","[""STRAIGHT AHEAD""]","[""CAMRY""]","[""1""]","[""E"", ""N""]","[""1"", ""2""]","[""DRIVER""]","[""NONE""]","[""2063784"", ""2063799""]","[""PASSENGER""]","[""PERSONAL""]","[""2011"", ""2012""]",[],[],"[""Y""]","[""INSURANCE COMPANY""]","[""Y""]",[],[],[],"[""Y""]",[],[],[],[],[],[],"[""UNKNOWN""]","['29', '36']","[""NOT APPLICABLE""]","[""TEST NOT OFFERED""]","[""CHICAGO""]","[""2025-10-06T15:49:00.000""]","[""FAILED TO YIELD"", ""NONE""]","[""UNKNOWN""]","[""D""]","[""DC"", ""IL""]","[""NONE""]",[],"[""O2164979"", ""O2164980""]","[""DRIVER""]","[""NORMAL""]","[""USAGE UNKNOWN""]","[""F"", ""M""]","[""IL""]","[""2063784"", ""2063799""]","[""60637"", ""60653""]",[],[],[],[],[],[],2025,10,15,6,False,afternoon,41.79,-87.61,41.79_-87.61,32.5,29,36,SPEEDING,0
STRAIGHT AND LEVEL,1732,2025-10-06 15:45:00,2,15,10,F8A096E3DA09E1D48F02F1FE56DDFE2D9BCE3C758983F40AC7D82D94D83CC0A2D73BADE3863DFFA4142D66AEA7D784D5DD0C7DC270BCE7BAA7EEFE7D8FC3AC9D,NO INJURY / DRIVE AWAY,"$501 - $1,500",NO CONTROLS,TURNING,41.9536036678,DAYLIGHT,-87.7274689143,2,30,FAILING TO YIELD RIGHT-OF-WAY,NO DEFECTS,DRY,NOT APPLICABLE,N,3999,STOP SIGN/FLASHER,NOT DIVIDED,CLEAR,0.0,0.0,1.0,0.0,0.0,1.0,1,2,"[""Y""]",[],[],"[""2025-10-06T15:45:00.000""]","[""2164861"", ""2164862""]","[""FRONT-LEFT-CORNER"", ""FRONT-RIGHT-CORNER""]","[""IL""]","[""KIA"", ""TOYOTA""]","[""TURNING LEFT""]","[""CAMRY"", ""FORTE""]","[""1""]","[""SE"", ""SW""]","[""1"", ""2""]","[""DRIVER""]","[""NONE""]","[""2063662"", ""2063675""]","[""PASSENGER"", ""UNKNOWN/NA""]","[""OTHER"", ""PERSONAL""]","[""2010"", ""2015""]",[],[],"[""Y""]",[],[],[],[],[],"[""Y""]",[],[],[],[],[],[],[],"['42', '63']","[""DID NOT DEPLOY""]","[""TEST NOT OFFERED""]","[""CHICAGO""]","[""2025-10-06T15:45:00.000""]","[""FAILED TO YIELD"", ""NONE""]","[""UNKNOWN""]","[""D""]","[""IL""]","[""NONE""]",[],"[""O2164861"", ""O2164862""]","[""DRIVER""]","[""NORMAL""]","[""SAFETY BELT USED""]","[""M""]","[""IL""]","[""2063662"", ""2063675""]","[""60651""]",[],[],[],[],[],[],2025,10,15,6,False,afternoon,41.95,-87.73,41.95_-87.73,52.5,42,63,FAILURE-TO-YIELD,0
STRAIGHT AND LEVEL,1121,2025-10-06 15:45:00,2,15,10,663999A2F27E1136EAFDC0B2F3C85F53B3E1E1EEDEF9CA0223DFAAB2BB1BB2B73264FC78B0871F26A135FCE697245FBB64732E0C8F4E46391FD50776B7E78773,INJURY AND / OR TOW DUE TO CRASH,"OVER $1,500",FUNCTIONING PROPERLY,REAR END,41.894792359,DAYLIGHT,-87.7112675096,4,25,DRIVING SKILLS/KNOWLEDGE/EXPERIENCE,UNKNOWN,DRY,DRIVING SKILLS/KNOWLEDGE/EXPERIENCE,N,737,TRAFFIC SIGNAL,DIVIDED - W/MEDIAN (NOT RAISED),CLEAR,0.0,1.0,0.0,0.0,0.0,1.0,1,3,"[""N"", ""Y""]",[],"[""Y""]","[""2025-10-06T15:45:00.000""]","[""2164835"", ""2164836"", ""2164837"", ""2164838""]","[""FRONT"", ""REAR""]","[""IL"", ""NH""]","[""AUDI"", ""FORD"", ""LEXUS"", ""NISSAN""]","[""STRAIGHT AHEAD""]","[""ALTIMA"", ""F150"", ""RX330"", ""S3""]","[""1""]","[""N""]","[""1"", ""2"", ""3"", ""4""]","[""DRIVER""]","[""UNKNOWN""]","[""2063638"", ""2063656"", ""2063678"", ""2063687""]","[""PASSENGER"", ""PICKUP"", ""SPORT UTILITY VEHICLE (SUV)""]","[""PERSONAL"", ""UNKNOWN/NA""]","[""2004"", ""2008"", ""2011"", ""2015""]",[],[],"[""N"", ""Y""]",[],[],"[""Y""]",[],[],[],[],[],[],[],"[""Y""]","[""Y""]",[],"['22', '29', '54']","[""DEPLOYED, COMBINATION"", ""DEPLOYMENT UNKNOWN"", ""NOT APPLICABLE""]","[""TEST NOT OFFERED""]","[""CHICAGO"", ""MONTGOMERY""]","[""2025-10-06T15:45:00.000""]","[""OTHER"", ""UNKNOWN""]","[""NOT OBSCURED"", ""UNKNOWN""]","[""D""]","[""IL""]","[""NONE""]",[],"[""O2164835"", ""O2164836"", ""O2164837"", ""O2164838""]","[""DRIVER""]","[""NORMAL"", ""UNKNOWN""]","[""USAGE UNKNOWN""]","[""F"", ""M""]","[""IL""]","[""2063638"", ""2063656"", ""2063678"", ""2063687""]","[""60538"", ""60624"", ""60641""]",[],[],[],[],[],[],2025,10,15,6,False,afternoon,41.89,-87.71,41.89_-87.71,35.0,22,54,OTHER,1
STRAIGHT AND LEVEL,1633,2025-10-06 15:43:00,2,15,10,BC8F25BFE3DE806FD2F5157836D2E5C322CBB37E3ADC0B45E53A0558FA56C1DD2170334DD4CE4F9F3244777B37D8F1B2619E9DFCFE34D86E7C1FDD866476CD02,NO INJURY / DRIVE AWAY,"$501 - $1,500",NO CONTROLS,REAR END,41.9456894278,UNKNOWN,-87.7738648566,2,30,FOLLOWING TOO CLOSELY,UNKNOWN,UNKNOWN,UNABLE TO DETERMINE,W,5857,NO CONTROLS,FOUR WAY,CLEAR,0.0,0.0,0.0,0.0,0.0,1.0,1,2,[],[],"[""N""]","[""2025-10-06T15:43:00.000""]","[""2165398"", ""2165399""]","[""FRONT"", ""REAR""]","[""IL""]","[""BMW"", ""JEEP""]","[""STRAIGHT AHEAD""]","[""JEEP"", ""X3""]","[""1""]","[""W""]","[""1"", ""2""]","[""DRIVER""]","[""UNKNOWN""]","[""2064178"", ""2064187""]","[""SPORT UTILITY VEHICLE (SUV)""]","[""UNKNOWN/NA""]","[""2003"", ""2006""]",[],[],[],[],[],[],"[""Y""]",[],[],[],[],[],[],[],"[""Y""]",[],"['19', '29']","[""DEPLOYMENT UNKNOWN""]","[""TEST NOT OFFERED""]","[""CHICAGO""]","[""2025-10-06T15:43:00.000""]","[""FOLLOWED TOO CLOSELY"", ""NONE""]","[""UNKNOWN""]","[""D""]","[""IL""]","[""UNKNOWN""]",[],"[""O2165398"", ""O2165399""]","[""DRIVER""]","[""NORMAL"", ""UNKNOWN""]","[""SAFETY BELT USED"", ""USAGE UNKNOWN""]","[""F"", ""M""]","[""IL""]","[""2064178"", ""2064187""]","[""60641""]",[],[],[],[],[],[],2025,10,15,6,False,afternoon,41.95,-87.77,41.95_-87.77,24.0,19,29,FOLLOWING TOO CLOSELY,0
STRAIGHT AND LEVEL,1014,2025-10-06 15:41:00,2,15,10,08F7A4B2A0E25D57DE2976CBF3A4F0717F6CA57A80656B85F3AE2B314B585AAF9160BAF8BF8E4483799AB19AB3FF5E6D9B06940D6A6FC9010B12A970651F12A1,NO INJURY / DRIVE AWAY,"OVER $1,500",NO CONTROLS,ANGLE,41.8519714342,DAYLIGHT,-87.7227932076,2,15,UNABLE TO DETERMINE,NO DEFECTS,DRY,NOT APPLICABLE,W,3910,NO CONTROLS,ONE-WAY,CLEAR,0.0,0.0,0.0,0.0,0.0,1.0,1,2,[],[],[],"[""2025-10-06T15:41:00.000""]","[""2164961"", ""2164962""]","[""REAR"", ""REAR-RIGHT-CORNER""]","[""IL""]","[""NISSAN"", ""SATURN""]","[""BACKING"", ""STRAIGHT AHEAD""]","[""OTHER (EXPLAIN IN NARRATIVE)""]","[""1""]","[""E"", ""S""]","[""1"", ""2""]","[""DRIVER""]","[""UNKNOWN""]","[""2063761"", ""2063766""]","[""PASSENGER""]","[""PERSONAL""]","[""2004"", ""2017""]",[],"[""Y""]",[],[],[],[],[],[],[],[],[],[],[],"[""Y""]","[""Y""]",[],"['31', '71']","[""DID NOT DEPLOY""]","[""TEST NOT OFFERED""]","[""CHICAGO"", ""CICERO""]","[""2025-10-06T15:41:00.000""]","[""UNKNOWN""]","[""UNKNOWN""]","[""D""]","[""IL""]","[""NONE""]",[],"[""O2164961"", ""O2164962""]","[""DRIVER""]","[""NORMAL""]","[""SAFETY BELT USED""]","[""F"", ""M""]","[""IL""]","[""2063761"", ""2063766""]","[""60612"", ""60804""]",[],[],[],[],[],[],2025,10,15,6,False,afternoon,41.85,-87.72,41.85_-87.72,51.0,31,71,OTHER,0
STRAIGHT AND LEVEL,2532,2025-10-06 15:35:00,2,15,10,C0CA960C9CDCF41254CD65AC89491DA4D4A92799AE7409B3580703A9DCE9E6350A9735CA6EEFF17822FF85F96C0700C2CA6A58C90BB10C5D051D86F11F56DE30,NO INJURY / DRIVE AWAY,"OVER $1,500",NO CONTROLS,PARKED MOTOR VEHICLE,41.9023047466,DAYLIGHT,-87.7606582626,2,20,UNABLE TO DETERMINE,NO DEFECTS,DRY,NOT APPLICABLE,W,5360,NO CONTROLS,PARKING LOT,CLEAR,0.0,0.0,0.0,0.0,0.0,1.0,2,1,[],[],[],"[""2025-10-06T15:35:00.000""]","[""2164825"", ""2164826""]","[""REAR-RIGHT-CORNER"", ""UNKNOWN""]","[""IL""]","[""FORD"", ""LAND ROVER""]","[""PARKED"", ""TURNING LEFT""]","[""ESCAPE"", ""RANGE ROVER (EVOQUE / SPORT / VELAR)""]","[""0"", ""1""]","[""N"", ""NE""]","[""1"", ""2""]","[""DRIVER"", ""PARKED""]","[""NONE"", ""UNKNOWN""]","[""2063634"", ""2063639""]","[""SPORT UTILITY VEHICLE (SUV)""]","[""PERSONAL""]","[""2017"", ""2024""]",[],[],[],[],[],[],"[""Y""]",[],[],[],[],[],[],"[""Y""]",[],[],['49'],"[""DID NOT DEPLOY""]","[""TEST NOT OFFERED""]","[""CHICAGO""]","[""2025-10-06T15:35:00.000""]","[""UNKNOWN""]","[""UNKNOWN""]","[""D""]","[""IL""]","[""NONE""]",[],"[""O2164825""]","[""DRIVER""]","[""UNKNOWN""]","[""USAGE UNKNOWN""]","[""M""]","[""IL""]","[""2063634""]","[""60639""]",[],[],[],[],[],[],2025,10,15,6,False,afternoon,41.9,-87.76,41.9_-87.76,49.0,49,49,OTHER,0
STRAIGHT AND LEVEL,735,2025-10-06 15:30:00,2,15,10,592AA520698DED06154F082C94E45E3D3D84B183BA777D68F68F62C5DC8E126B44553B4490FEE455579A9CDA9AFB9E820954B7A72832D584159BDC7489FF1CE4,NO INJURY / DRIVE AWAY,"OVER $1,500",NO CONTROLS,REAR END,41.759239025,DAYLIGHT,-87.6735368322,2,30,UNABLE TO DETERMINE,UNKNOWN,UNKNOWN,NOT APPLICABLE,S,7400,TRAFFIC SIGNAL,NOT DIVIDED,CLEAR,0.0,0.0,0.0,0.0,0.0,1.0,1,2,"[""Y""]",[],"[""Y""]","[""2025-10-06T15:30:00.000""]","[""2164867"", ""2164868""]","[""FRONT"", ""REAR""]","[""IL""]","[""CHEVROLET"", ""NISSAN""]","[""OTHER"", ""STRAIGHT AHEAD""]","[""MALIBU"", ""ROGUE""]","[""1""]","[""S""]","[""1"", ""2""]","[""DRIVER""]","[""UNKNOWN""]","[""2063664"", ""2063682""]","[""PASSENGER""]","[""PERSONAL""]","[""2015"", ""2021""]",[],[],"[""Y""]",[],[],[],[],[],[],[],[],[],[],[],"[""Y""]",[],"['17', '58']","[""NOT APPLICABLE""]","[""TEST NOT OFFERED""]","[""CHICAGO""]","[""2025-10-06T15:30:00.000""]","[""NONE"", ""OTHER""]","[""UNKNOWN""]",[],"[""IL""]","[""NONE""]",[],"[""O2164867"", ""O2164868""]","[""DRIVER""]","[""NORMAL""]","[""USAGE UNKNOWN""]","[""F""]","[""IL""]","[""2063664"", ""2063682""]","[""60636"", ""60652""]",[],[],[],[],[],[],2025,10,15,6,False,afternoon,41.76,-87.67,41.76_-87.67,37.5,17,58,OTHER,0
STRAIGHT AND LEVEL,432,2025-10-06 15:30:00,2,15,10,DCDC63E7F6A347911137C368956330793E2B2F57FC8AA94B79143C34E184C5A6FBF10090802B9A164DD123C80570C3F29F005990436D923AECE832C1D1776220,NO INJURY / DRIVE AWAY,$500 OR LESS,NO CONTROLS,TURNING,41.7230351237,UNKNOWN,-87.536792035,2,30,IMPROPER TURNING/NO SIGNAL,UNKNOWN,DRY,IMPROPER TURNING/NO SIGNAL,S,9480,NO CONTROLS,OTHER,CLEAR,0.0,0.0,0.0,0.0,0.0,1.0,1,1,"[""Y""]",[],"[""Y""]","[""2025-10-06T15:30:00.000""]","[""2164893"", ""2164894""]","[""FRONT-RIGHT-CORNER"", ""REAR-RIGHT-CORNER""]","[""IL""]","[""BUICK"", ""CHEVROLET""]","[""STRAIGHT AHEAD"", ""TURNING LEFT""]","[""LESABRE"", ""TAHOE""]","[""1""]","[""E""]","[""1"", ""2""]","[""DRIVER""]","[""NONE"", ""UNKNOWN""]","[""2063704"", ""2063710""]","[""PASSENGER""]","[""PERSONAL""]","[""2000"", ""2015""]",[],[],[],[],[],[],[],[],[],[],[],[],[],"[""Y""]","[""Y""]",[],['36'],"[""DEPLOYMENT UNKNOWN"", ""NOT APPLICABLE""]","[""TEST NOT OFFERED""]","[""CHICAGO""]","[""2025-10-06T15:30:00.000""]","[""IMPROPER TURN"", ""NONE""]","[""UNKNOWN""]","[""D""]","[""IL""]","[""NONE"", ""UNKNOWN""]",[],"[""O2164893"", ""O2164894""]","[""DRIVER""]","[""NORMAL"", ""UNKNOWN""]","[""USAGE UNKNOWN""]","[""F"", ""X""]","[""IL""]","[""2063704"", ""2063710""]","[""60633""]",[],[],[],[],[],[],2025,10,15,6,False,afternoon,41.72,-87.54,41.72_-87.54,36.0,36,36,OTHER,0
STRAIGHT AND LEVEL,122,2025-10-06 15:27:00,2,15,10,0CFC86A930C8BB367B5138B26B285E04483A2BD80CD4450E0A170081B877B809F0EAC460F13F114530A55755BC2402C3749D88E32BC96188EBB7D93770037C2F,NO INJURY / DRIVE AWAY,"OVER $1,500",NO CONTROLS,FIXED OBJECT,41.8762445585,UNKNOWN,-87.6308769485,1,10,DRIVING SKILLS/KNOWLEDGE/EXPERIENCE,NO DEFECTS,DRY,NOT APPLICABLE,S,430,NO CONTROLS,RAMP,CLEAR,1.0,0.0,0.0,0.0,0.0,1.0,1,1,[],[],[],"[""2025-10-06T15:27:00.000""]","[""2164873""]","[""REAR""]","[""IL""]","[""MINI""]","[""STRAIGHT AHEAD""]","[""COUNTRYMAN""]","[""1""]","[""E""]","[""1""]","[""DRIVER""]","[""UNKNOWN""]","[""2063677""]","[""PASSENGER""]","[""PERSONAL""]","[""2025""]",[],[],[],[],[],[],[],[],[],[],[],[],[],[],"[""Y""]",[],['42'],"[""DID NOT DEPLOY""]","[""TEST NOT OFFERED""]","[""BLUE ISLAND""]","[""2025-10-06T15:27:00.000""]","[""OTHER""]","[""NOT OBSCURED""]","[""D""]","[""IL""]","[""NONE""]",[],"[""O2164873""]","[""DRIVER""]","[""NORMAL""]","[""USAGE UNKNOWN""]","[""M""]","[""IL""]","[""2063677""]","[""60406""]",[],[],[],[],[],[],2025,10,15,6,False,afternoon,41.88,-87.63,41.88_-87.63,42.0,42,42,OTHER,0
STRAIGHT AND LEVEL,815,2025-10-06 15:25:00,2,15,10,C3369CBD294167E007D7F6E1C1ACE58720B90030861B43A5F7D48D4E37B225C50451AC234F198023EB9C70BF3251655C7847284B61442E200334950917D384B5,NO INJURY / DRIVE AWAY,"OVER $1,500",NO CONTROLS,PARKED MOTOR VEHICLE,41.8045146123,DAYLIGHT,-87.7245625246,2,20,DRIVING SKILLS/KNOWLEDGE/EXPERIENCE,UNKNOWN,UNKNOWN,NOT APPLICABLE,S,4851,NO CONTROLS,ONE-WAY,CLEAR,0.0,0.0,0.0,0.0,0.0,1.0,2,0,[],[],[],"[""2025-10-06T15:25:00.000""]","[""2164857"", ""2164858""]","[""REAR"", ""SIDE-RIGHT""]","[""IL""]","[""JEEP""]","[""DRIVERLESS"", ""PARKED""]","[""COMPASS"", ""RENEGADE""]","[""0"", ""2""]","[""N"", ""S""]","[""1"", ""2""]","[""DRIVERLESS"", ""PARKED""]","[""NONE""]","[""2063654"", ""2063657""]","[""PASSENGER""]","[""NOT IN USE""]","[""2011"", ""2020""]","[""Y""]","[""Y""]",[],[],[],[],[],[],[],[],"[""2""]",[],[],[],[],[],[],"[""DID NOT DEPLOY""]",[],[],"[""2025-10-06T15:25:00.000""]",[],[],[],[],"[""NONE""]",[],"[""P477746"", ""P477747""]","[""PASSENGER""]",[],"[""USAGE UNKNOWN""]","[""F"", ""M""]",[],"[""2063657""]",[],[],"[""1"", ""3""]",[],[],[],[],2025,10,15,6,False,afternoon,41.8,-87.72,41.8_-87.72,0.0,0,0,OTHER,0
STRAIGHT AND LEVEL,821,2025-10-06 15:25:00,2,15,10,9444F87B96040507FF7E762EB1F548AD180879E6BEF1768791FF596E251BEEACADE825390290AAD8945AE8A3B9A3CC654D244B66AD5C379AB7D03C0BB7B426EF,NO INJURY / DRIVE AWAY,"$501 - $1,500",NO CONTROLS,SIDESWIPE SAME DIRECTION,41.8126289892,DAYLIGHT,-87.7063942041,2,30,IMPROPER OVERTAKING/PASSING,NO DEFECTS,DRY,NOT APPLICABLE,S,4431,NO CONTROLS,NOT DIVIDED,CLEAR,0.0,0.0,0.0,0.0,0.0,1.0,1,2,[],[],[],"[""2025-10-06T15:25:00.000""]","[""2164819"", ""2164820""]","[""FRONT-LEFT-CORNER"", ""SIDE-RIGHT""]","[""IL""]","[""CHEVROLET"", ""CHRYSLER""]","[""CHANGING LANES"", ""STRAIGHT AHEAD""]","[""200"", ""MALIBU""]","[""1"", ""2""]","[""UNKNOWN""]","[""1"", ""2""]","[""DRIVER""]","[""NONE""]","[""2063624"", ""2063631""]","[""PASSENGER""]","[""PERSONAL""]","[""2011"", ""2016""]","[""Y""]","[""Y""]","[""Y""]",[],[],[],[],[],[],[],"[""1""]",[],[],[],[],[],"['17', '48']","[""DID NOT DEPLOY""]","[""TEST NOT OFFERED""]",[],"[""2025-10-06T15:25:00.000""]","[""IMPROPER LANE CHANGE"", ""NONE""]","[""NOT OBSCURED""]",[],"[""IL""]","[""NONE""]",[],"[""O2164819"", ""O2164820"", ""P477743""]","[""DRIVER"", ""PASSENGER""]","[""NORMAL""]","[""SAFETY BELT USED""]","[""F"", ""M""]",[],"[""2063624"", ""2063631""]",[],[],"[""3""]",[],[],[],[],2025,10,15,6,False,afternoon,41.81,-87.71,41.81_-87.71,32.5,17,48,OTHER,0
STRAIGHT AND LEVEL,2531,2025-10-06 15:20:00,2,15,10,DCA2EFE0819090DB33953D5C3292F247EAFDDB910C706C653AA5CE205ED5CC1F23B6F2B26E78D2636D543534EA53A4BA474DE0436367AD47703BC6FE8A633EB0,NO INJURY / DRIVE AWAY,"OVER $1,500",FUNCTIONING PROPERLY,REAR END,41.9097718064,DAYLIGHT,-87.7657519916,2,30,UNABLE TO DETERMINE,UNKNOWN,UNKNOWN,NOT APPLICABLE,N,1610,STOP SIGN/FLASHER,NOT DIVIDED,CLEAR,0.0,0.0,1.0,0.0,0.0,1.0,1,4,"[""Y""]",[],[],"[""2025-10-06T15:20:00.000""]","[""2164876"", ""2164877""]","[""FRONT-RIGHT-CORNER"", ""REAR-LEFT-CORNER""]","[""IL""]","[""DODGE"", ""NISSAN""]","[""STRAIGHT AHEAD""]","[""JOURNEY"", ""ROGUE""]","[""1"", ""3""]","[""S""]","[""1"", ""2""]","[""DRIVER""]","[""UNKNOWN""]","[""2063670"", ""2063674""]","[""SPORT UTILITY VEHICLE (SUV)""]","[""PERSONAL""]","[""2017""]",[],[],[],[],[],"[""Y""]",[],[],[],[],"[""2""]",[],[],[],[],[],"['10', '21', '35', '7']","[""NOT APPLICABLE""]","[""TEST NOT OFFERED""]","[""CHICAGO""]","[""2025-10-06T15:20:00.000""]","[""NONE"", ""UNKNOWN""]","[""UNKNOWN""]",[],"[""IL""]","[""NONE""]",[],"[""O2164876"", ""O2164877"", ""P477750"", ""P477751""]","[""DRIVER"", ""PASSENGER""]","[""UNKNOWN""]","[""SAFETY BELT USED"", ""USAGE UNKNOWN""]","[""F"", ""M""]","[""IL""]","[""2063670"", ""2063674""]","[""60651"", ""60707""]",[],"[""4"", ""6""]",[],[],[],[],2025,10,15,6,False,afternoon,41.91,-87.77,41.91_-87.77,18.25,7,35,OTHER,0
STRAIGHT AND LEVEL,1132,2025-10-06 15:20:00,2,15,10,B21E24AF6A61135EC656EB3CBF40767C0E34D97F06931A20D7CBFF7C297C64F7391AB45CF381C4C05D465C7520C225A1FD5216384342FBDBCD9D54AE11DF2AD1,NO INJURY / DRIVE AWAY,"$501 - $1,500",NO CONTROLS,PARKED MOTOR VEHICLE,41.8680080951,DAYLIGHT,-87.7318239753,2,30,UNABLE TO DETERMINE,UNKNOWN,UNKNOWN,NOT APPLICABLE,W,4242,NO CONTROLS,NOT DIVIDED,CLEAR,0.0,1.0,0.0,0.0,0.0,1.0,2,0,"[""Y""]",[],[],"[""2025-10-06T15:20:00.000""]","[""2165232"", ""2165233""]","[""FRONT-RIGHT-CORNER"", ""UNKNOWN""]","[""OH"", ""XX""]","[""FORD"", ""UNKNOWN""]","[""PARKED"", ""UNKNOWN/NA""]","[""F150"", ""OTHER (EXPLAIN IN NARRATIVE)""]","[""0"", ""1""]","[""UNKNOWN"", ""W""]","[""1"", ""2""]","[""DRIVER"", ""PARKED""]","[""NONE"", ""UNKNOWN""]","[""2064015"", ""2064019""]","[""TRUCK - SINGLE UNIT"", ""UNKNOWN/NA""]","[""NOT IN USE"", ""UNKNOWN/NA""]","[""2022""]",[],[],[],[],[],[],"[""Y""]",[],[],[],[],[],[],[],[],[],[],"[""DEPLOYMENT UNKNOWN""]","[""TEST NOT OFFERED""]","[""UNK""]","[""2025-10-06T15:20:00.000""]","[""UNKNOWN""]","[""UNKNOWN""]",[],"[""XX""]","[""UNKNOWN""]",[],"[""O2165232""]","[""DRIVER""]","[""UNKNOWN""]","[""USAGE UNKNOWN""]","[""X""]","[""XX""]","[""2064015""]",[],[],[],[],[],[],[],2025,10,15,6,False,afternoon,41.87,-87.73,41.87_-87.73,0.0,0,0,OTHER,0