alignment,beat_of_occurrence,crash_date,crash_day_of_week,crash_hour,crash_month,crash_record_id,crash_type,damage,device_condition,first_crash_type,latitude,lighting_condition,longitude,num_units,posted_speed_limit,prim_contributory_cause,road_defect,roadway_surface_cond,sec_contributory_cause,street_direction,street_no,traffic_control_device,trafficway_type,weather_condition,private_property_i,hit_and_run_i,intersection_related_i,crash_date_est_i,work_zone_i,workers_present_i,veh_count,ppl_count,veh_area_01_i_list_json,veh_area_02_i_list_json,veh_area_12_i_list_json,veh_crash_date_list_json,veh_crash_unit_id_list_json,veh_first_contact_point_list_json,veh_lic_plate_state_list_json,veh_make_list_json,veh_maneuver_list_json,veh_model_list_json,veh_occupant_cnt_list_json,veh_travel_direction_list_json,veh_unit_no_list_json,veh_unit_type_list_json,veh_vehicle_defect_list_json,veh_vehicle_id_list_json,veh_vehicle_type_list_json,veh_vehicle_use_list_json,veh_vehicle_year_list_json,veh_area_03_i_list_json,veh_area_04_i_list_json,veh_area_11_i_list_json,veh_towed_by_list_json,veh_towed_i_list_json,veh_area_07_i_list_json,veh_area_99_i_list_json,veh_area_09_i_list_json,veh_area_10_i_list_json,veh_cmrc_veh_i_list_json,veh_num_passengers_list_json,veh_area_08_i_list_json,veh_area_00_i_list_json,veh_area_05_i_list_json,veh_area_06_i_list_json,veh_towed_to_list_json,ppl_age_list_json,ppl_airbag_deployed_list_json,ppl_bac_result_list_json,ppl_city_list_json,ppl_crash_date_list_json,ppl_driver_action_list_json,ppl_driver_vision_list_json,ppl_drivers_license_class_list_json,ppl_drivers_license_state_list_json,ppl_ejection_list_json,ppl_hospital_list_json,ppl_person_id_list_json,ppl_person_type_list_json,ppl_physical_condition_list_json,ppl_safety_equipment_list_json,ppl_sex_list_json,ppl_state_list_json,ppl_vehicle_id_list_json,ppl_zipcode_list_json,ppl_ems_agency_list_json,ppl_seat_no_list_json,ppl_pedpedal_action_list_json,ppl_pedpedal_location_list_json,ppl_pedpedal_visibility_list_json,ppl_ems_run_no_list_json,year,month,hour,day,is_weekend,hour_bin,lat_bin,lng_bin,grid_id,ppl_age_mean,ppl_age_min,ppl_age_max,prim_contributory_cause_group,ksi_flag
STRAIGHT AND LEVEL,323,2025-10-06 15:16:00,2,15,10,2421FD64D515B126D6B40AF9DE79FD29BEED302934DF29529143852F041E83092E6AC61B4709AA8A6BADC8F28054036CFE7FDDEE45F099032B59FEA2E5F1BCA4,INJURY AND / OR TOW DUE TO CRASH,"OVER $1,500",NO CONTROLS,SIDESWIPE SAME DIRECTION,41.7585695775,DAYLIGHT,-87.6122827689,3,25,UNABLE TO DETERMINE,NO DEFECTS,DRY,UNABLE TO DETERMINE,E,508,NO CONTROLS,NOT DIVIDED,CLEAR,0.0,0.0,0.0,0.0,0.0,1.0,2,2,"[""Y""]","[""Y""]","[""Y""]","[""2025-10-06T15:16:00.000""]","[""2164947"", ""2164948"", ""2164949""]","[""FRONT-LEFT-CORNER"", ""FRONT-RIGHT-CORNER"", ""UNKNOWN""]","[""IL""]","[""CHEVROLET"", ""FORD"", ""TOYOTA""]","[""STARTING IN TRAFFIC"", ""STRAIGHT AHEAD"", ""UNKNOWN/NA""]","[""CAMRY"", ""FUSION"", ""MALIBU""]","[""0"", ""1"", ""2""]","[""UNKNOWN"", ""W""]","[""1"", ""2"", ""3""]","[""DRIVER"", ""DRIVERLESS""]","[""UNKNOWN""]","[""2063772"", ""2063780"", ""2063793""]","[""PASSENGER"", ""UNKNOWN/NA""]","[""PERSONAL"", ""UNKNOWN/NA""]","[""2010"", ""2015"", ""2022""]",[],[],"[""N"", ""Y""]",[],[],[],[],[],"[""N"", ""Y""]",[],"[""1""]",[],[],[],[],[],"['44', '48']","[""DEPLOYMENT UNKNOWN"", ""NOT APPLICABLE""]","[""TEST NOT OFFERED""]","[""CHICAGO""]","[""2025-10-06T15:16:00.000""]","[""UNKNOWN""]","[""UNKNOWN""]",[],"[""IL""]","[""NONE"", ""UNKNOWN""]","[""JACKSON PARK HOSPITAL""]","[""O2164947"", ""O2164948"", ""P477777""]","[""DRIVER"", ""PASSENGER""]","[""UNKNOWN""]","[""SAFETY BELT USED"", ""USAGE UNKNOWN""]","[""F"", ""M""]","[""IL""]","[""2063772"", ""2063780""]","[""60617"", ""60619""]","[""CFD""]","[""12""]",[],[],[],"[""AMBULANCE#24""]",2025,10,15,6,False,afternoon,41.76,-87.61,41.76_-87.61,46.0,44,48,OTHER,1
STRAIGHT AND LEVEL,112,2025-10-06 15:15:00,2,15,10,E1D046E159D71115221B975FC358405ECC4A8D70276BE8280124779721E39C889DB69BDF27DC4483AD48E8A1EAB1F46284124203F50CD108692BE7648C55505D,NO INJURY / DRIVE AWAY,$500 OR LESS,NO CONTROLS,PARKED MOTOR VEHICLE,41.8794690988,DAYLIGHT,-87.6294991065,2,30,IMPROPER OVERTAKING/PASSING,NO DEFECTS,WET,NOT APPLICABLE,S,198,NO CONTROLS,NOT DIVIDED,RAIN,0.0,0.0,0.0,1.0,0.0,1.0,2,1,[],[],[],"[""2025-10-06T15:15:00.000""]","[""2165052"", ""2165053""]","[""FRONT-RIGHT-CORNER"", ""REAR-LEFT-CORNER""]","[""IL""]","[""BARRINGTON HOMES (SUBS. FLEETWOOD ENTERPRISES)"", ""DODGE""]","[""PARKED"", ""PASSING/OVERTAKING""]","[""BARRINGTON HOMES (SUBS. FLEETWOOD ENTERPRISES)"", ""RAM 3500 PU""]","[""0"", ""1""]","[""N"", ""UNKNOWN""]","[""1"", ""2""]","[""DRIVER"", ""PARKED""]","[""NONE""]","[""2063855"", ""2063857""]","[""BUS UP TO 15 PASS."", ""PICKUP""]","[""CTA"", ""TOW TRUCK""]","[""2024""]",[],[],"[""Y""]",[],[],"[""Y""]",[],[],"[""Y""]",[],[],"[""Y""]",[],[],[],[],['26'],"[""NOT APPLICABLE""]","[""TEST NOT OFFERED""]","[""CHICAGO""]","[""2025-10-06T15:15:00.000""]","[""OTHER""]","[""UNKNOWN""]","[""A""]","[""IL""]","[""NONE""]",[],"[""O2165052""]","[""DRIVER""]","[""NORMAL""]","[""NONE PRESENT""]","[""M""]","[""IL""]","[""2063857""]","[""60617""]",[],[],[],[],[],[],2025,10,15,6,False,afternoon,41.88,-87.63,41.88_-87.63,26.0,26,26,OTHER,0
STRAIGHT AND LEVEL,1033,2025-10-06 15:15:00,2,15,10,429A730777807E094D253FF1FE8E554F5D4CD64062221169578A693FE255D20D64B312CB339AE4EE0698AD608E654CFA5FB9375E99B81B5505CC77E157929EFA,NO INJURY / DRIVE AWAY,"OVER $1,500",NO CONTROLS,PARKED MOTOR VEHICLE,41.8378091384,DAYLIGHT,-87.702542456,2,25,UNABLE TO DETERMINE,UNKNOWN,DRY,UNABLE TO DETERMINE,S,3042,NO CONTROLS,ONE-WAY,CLEAR,0.0,1.0,0.0,0.0,0.0,1.0,2,0,[],[],"[""Y""]","[""2025-10-06T15:15:00.000""]","[""2169135"", ""2169136""]","[""FRONT"", ""REAR""]","[""IL""]","[""NISSAN"", ""UNKNOWN""]","[""PARKED"", ""STRAIGHT AHEAD""]","[""ALTIMA"", ""MOTORIZED""]","[""0"", ""2""]","[""S""]","[""1"", ""2""]","[""DRIVER"", ""PARKED""]","[""NONE"", ""UNKNOWN""]","[""2067701"", ""2067704""]","[""PASSENGER""]","[""NOT IN USE"", ""UNKNOWN/NA""]","[""2018""]",[],[],[],[],[],[],[],[],[],[],"[""1""]",[],[],[],"[""Y""]",[],[],"[""DEPLOYMENT UNKNOWN""]","[""TEST NOT OFFERED""]",[],"[""2025-10-06T15:15:00.000""]","[""UNKNOWN""]","[""UNKNOWN""]",[],[],"[""NONE""]",[],"[""O2169135"", ""P478614""]","[""DRIVER"", ""PASSENGER""]","[""UNKNOWN""]","[""USAGE UNKNOWN""]","[""M""]",[],"[""2067701""]",[],[],"[""3""]",[],[],[],[],2025,10,15,6,False,afternoon,41.84,-87.7,41.84_-87.7,0.0,0,0,OTHER,0
STRAIGHT AND LEVEL,833,2025-10-06 15:15:00,2,15,10,57AE903C03BE31F05991BFB2A10330B664CBAF9D3BFC33D473BAFF3CEEBEE8E482C7AED7C23349236944AE4375951D1318A88736CC9EB69806C6B96C31260BCC,NO INJURY / DRIVE AWAY,"OVER $1,500",NO CONTROLS,ANGLE,41.7645896091,DAYLIGHT,-87.7222396043,2,15,DRIVING SKILLS/KNOWLEDGE/EXPERIENCE,UNKNOWN,UNKNOWN,NOT APPLICABLE,S,7045,NO CONTROLS,PARKING LOT,CLEAR,1.0,0.0,0.0,0.0,0.0,1.0,1,2,[],[],[],"[""2025-10-06T15:15:00.000""]","[""2164804"", ""2164805""]","[""REAR"", ""SIDE-RIGHT-REAR""]","[""IL"", ""WI""]","[""DODGE"", ""TOYOTA""]","[""ENTERING TRAFFIC LANE FROM PARKING"", ""STRAIGHT AHEAD""]","[""COROLLA"", ""RAM 1500 PU""]","[""1"", ""2""]","[""N"", ""W""]","[""1"", ""2""]","[""DRIVER""]","[""NONE""]","[""2063608"", ""2063617""]","[""PASSENGER"", ""PICKUP""]","[""PERSONAL""]","[""2001"", ""2024""]",[],[],[],[],[],"[""Y""]",[],"[""Y""]",[],[],"[""1""]","[""Y""]","[""Y""]",[],[],[],"['59', '84']","[""DID NOT DEPLOY"", ""NOT APPLICABLE""]","[""TEST NOT OFFERED""]","[""CHICAGO""]","[""2025-10-06T15:15:00.000""]","[""NONE"", ""OTHER""]","[""NOT OBSCURED""]",[],"[""IL""]","[""NONE""]",[],"[""O2164804"", ""O2164805"", ""P477742""]","[""DRIVER"", ""PASSENGER""]","[""NORMAL""]","[""SAFETY BELT USED""]","[""F"", ""M""]","[""IL""]","[""2063608"", ""2063617""]","[""60636"", ""60652""]",[],"[""3""]",[],[],[],[],2025,10,15,6,False,afternoon,41.76,-87.72,41.76_-87.72,71.5,59,84,OTHER,0
STRAIGHT AND LEVEL,621,2025-10-06 15:08:00,2,15,10,CE62CFA504166E1614F8C188EE31903540E01DC523B0DEA9B23A87CB90F91C1C43D21E5C291FDFEEBB4ED7A5102641756FF8425C26E06A7202BD9DFD6BA91AE5,INJURY AND / OR TOW DUE TO CRASH,"OVER $1,500",NO CONTROLS,REAR END,41.7505942898,DAYLIGHT,-87.639805087,2,30,FOLLOWING TOO CLOSELY,NO DEFECTS,DRY,NOT APPLICABLE,W,615,NO CONTROLS,DIVIDED - W/MEDIAN (NOT RAISED),CLEAR,0.0,1.0,0.0,0.0,0.0,1.0,1,2,"[""Y""]",[],"[""Y""]","[""2025-10-06T15:08:00.000""]","[""2164841"", ""2164842""]","[""FRONT"", ""REAR""]","[""IL""]","[""FORD"", ""MITSUBISHI""]","[""STRAIGHT AHEAD""]","[""OTHER (EXPLAIN IN NARRATIVE)"", ""OUTLANDER""]","[""1"", ""2""]","[""E""]","[""1"", ""2""]","[""DRIVER""]","[""NONE"", ""UNKNOWN""]","[""2063640"", ""2063645""]","[""PASSENGER"", ""TRUCK - SINGLE UNIT""]","[""COMMERCIAL - SINGLE UNIT"", ""UNKNOWN/NA""]","[""2014"", ""2018""]",[],[],"[""Y""]",[],[],"[""Y""]",[],[],[],[],"[""1""]",[],[],"[""Y""]","[""Y""]",[],"['28', '31']","[""DEPLOYMENT UNKNOWN"", ""DID NOT DEPLOY""]","[""TEST NOT OFFERED""]","[""CHICAGO""]","[""2025-10-06T15:08:00.000""]","[""FOLLOWED TOO CLOSELY"", ""NONE""]","[""NOT OBSCURED"", ""UNKNOWN""]","[""D""]","[""IL"", ""XX""]","[""NONE""]",[],"[""O2164841"", ""O2164842"", ""P477744""]","[""DRIVER"", ""PASSENGER""]","[""NORMAL"", ""UNKNOWN""]","[""USAGE UNKNOWN""]","[""M""]","[""IL""]","[""2063640"", ""2063645""]","[""60609"", ""60617""]",[],"[""2""]",[],[],[],[],2025,10,15,6,False,afternoon,41.75,-87.64,41.75_-87.64,29.5,28,31,FOLLOWING TOO CLOSELY,1
STRAIGHT AND LEVEL,1132,2025-10-06 15:03:00,2,15,10,CF33FBD9848BAAA4E81C452FAE880CD3BFE2414164B8A261EA16079330940A577AE3EF36664041A4AEBFA690583DC2096A27E6A6572985640CDAED5D24D54B8F,NO INJURY / DRIVE AWAY,"OVER $1,500",NO CONTROLS,SIDESWIPE SAME DIRECTION,41.8663106253,DAYLIGHT,-87.7231101843,2,30,IMPROPER LANE USAGE,UNKNOWN,DRY,NOT APPLICABLE,W,3908,NO CONTROLS,NOT DIVIDED,CLEAR,0.0,1.0,0.0,0.0,0.0,1.0,1,1,"[""Y""]",[],[],"[""2025-10-06T15:03:00.000""]","[""2164923"", ""2164924""]","[""FRONT-LEFT-CORNER"", ""FRONT-RIGHT-CORNER""]","[""IL"", ""XX""]","[""FORD"", ""MAZDA""]","[""STRAIGHT AHEAD""]","[""RX-3"", ""TRANSIT""]","[""1"", ""5""]","[""W""]","[""1"", ""2""]","[""DRIVER""]","[""UNKNOWN""]","[""2063728"", ""2063747""]","[""BUS OVER 15 PASS."", ""PASSENGER""]","[""SCHOOL BUS"", ""UNKNOWN/NA""]","[""2016""]",[],[],[],[],[],[],"[""Y""]",[],[],[],"[""4""]",[],[],[],[],[],['37'],"[""DEPLOYMENT UNKNOWN"", ""NOT APPLICABLE""]","[""TEST NOT OFFERED""]","[""MAYWOOD"", ""MELROSE PARK"", ""UNK""]","[""2025-10-06T15:03:00.000""]","[""IMPROPER LANE CHANGE"", ""NONE""]","[""NOT OBSCURED"", ""UNKNOWN""]","[""D""]","[""IL"", ""XX""]","[""NONE""]",[],"[""O2164923"", ""O2164924"", ""P477763"", ""P477764"", ""P477765"", ""P477766""]","[""DRIVER"", ""PASSENGER""]","[""NORMAL"", ""UNKNOWN""]","[""SAFETY BELT USED"", ""USAGE UNKNOWN""]","[""F"", ""M""]","[""IL"", ""XX""]","[""2063728"", ""2063747""]","[""60153"", ""60160""]",[],"[""12"", ""3"", ""4"", ""6""]",[],[],[],[],2025,10,15,6,False,afternoon,41.87,-87.72,41.87_-87.72,37.0,37,37,OTHER,0
STRAIGHT AND LEVEL,1213,2025-10-06 15:00:00,2,15,10,BC839575AD657C3217214BA43D105C8C5416AA938633B0E8E09778C8F627E191FEF7DFBD383CFA9F48F2C1A8C54DB9F161DBA6C3CF101F3D94F6F5C60F9D6D2F,INJURY AND / OR TOW DUE TO CRASH,"OVER $1,500",NO CONTROLS,FIXED OBJECT,41.8998058362,DAYLIGHT,-87.668042466,2,15,UNABLE TO DETERMINE,NO DEFECTS,DRY,NOT APPLICABLE,W,1614,NO CONTROLS,ALLEY,CLEAR,0.0,0.0,0.0,0.0,0.0,1.0,2,1,"[""Y""]",[],"[""Y""]","[""2025-10-06T15:00:00.000""]","[""2164802"", ""2164803""]","[""FRONT-LEFT-CORNER""]","[""IL""]","[""HONDA""]","[""ENTER FROM DRIVE/ALLEY""]","[""ACCORD""]","[""1""]","[""N""]","[""1"", ""2""]","[""DRIVER"", ""NON-MOTOR VEHICLE""]","[""UNKNOWN""]","[""2063616""]","[""PASSENGER""]","[""PERSONAL""]","[""2002""]",[],[],"[""Y""]","[""SELF""]","[""Y""]",[],[],[],[],[],[],[],[],[],[],"[""HOME""]",['25'],"[""DEPLOYED, FRONT""]","[""TEST NOT OFFERED""]","[""FLOSSMOOR""]","[""2025-10-06T15:00:00.000""]","[""UNKNOWN""]","[""NOT OBSCURED""]","[""D""]","[""IL""]","[""NONE""]",[],"[""O2164802"", ""O2164803""]","[""DRIVER"", ""NON-MOTOR VEHICLE""]","[""NORMAL""]","[""SAFETY BELT USED""]","[""M""]","[""IL""]","[""2063616""]","[""60422""]",[],[],[],[],[],[],2025,10,15,6,False,afternoon,41.9,-87.67,41.9_-87.67,25.0,25,25,OTHER,0
STRAIGHT ON GRADE,823,2025-10-06 15:00:00,2,15,10,9870E19853CB2EAFF90D324C1E5F3EF089BBB7B964FBF6E2EF2B4C53F136749EA3832E4C4E8D6FC158FA781158AB307EB62253366DAA582816C931F0EB90DAAC,NO INJURY / DRIVE AWAY,"$501 - $1,500",NO CONTROLS,PARKED MOTOR VEHICLE,41.7786863915,DAYLIGHT,-87.7179999276,2,20,UNABLE TO DETERMINE,NO DEFECTS,DRY,UNABLE TO DETERMINE,S,6300,NO CONTROLS,NOT DIVIDED,CLEAR,0.0,0.0,0.0,0.0,0.0,1.0,2,1,[],[],[],"[""2025-10-06T15:00:00.000""]","[""2164829"", ""2164830""]","[""SIDE-LEFT"", ""SIDE-RIGHT-REAR""]",[],"[""ACURA"", ""UNKNOWN""]","[""BACKING"", ""PARKED""]","[""ADX"", ""OTHER (EXPLAIN IN NARRATIVE)""]","[""0"", ""1""]","[""N"", ""S""]","[""1"", ""2""]","[""DRIVER"", ""PARKED""]","[""NONE"", ""UNKNOWN""]","[""2063632"", ""2063637""]","[""SPORT UTILITY VEHICLE (SUV)"", ""TRUCK - SINGLE UNIT""]","[""COMMERCIAL - SINGLE UNIT"", ""DRIVER EDUCATION""]","[""2008""]",[],"[""Y""]","[""Y""]",[],[],[],[],"[""Y""]","[""Y""]",[],[],"[""Y""]",[],"[""Y""]","[""Y""]",[],['58'],"[""NOT APPLICABLE""]","[""TEST NOT OFFERED""]","[""CHICAGO""]","[""2025-10-06T15:00:00.000""]","[""OTHER""]","[""UNKNOWN""]","[""C""]","[""IL""]","[""NONE""]",[],"[""O2164829""]","[""DRIVER""]","[""NORMAL""]","[""SAFETY BELT NOT USED""]","[""M""]","[""IL""]","[""2063632""]","[""60632""]",[],[],[],[],[],[],2025,10,15,6,False,afternoon,41.78,-87.72,41.78_-87.72,58.0,58,58,OTHER,0
STRAIGHT AND LEVEL,1612,2025-10-06 15:00:00,2,15,10,77945D1412BF3C7ACB1D1C5DE8A198A2B8E80A259B27CA19B8CEFCC15AF6A5A5E387ED3FFD399801F126AF757C41414BCA743CE7FDED0A469243B1969D367F3D,NO INJURY / DRIVE AWAY,"$501 - $1,500",NO CONTROLS,PARKED MOTOR VEHICLE,41.9832658239,DAYLIGHT,-87.7929194032,2,25,NOT APPLICABLE,NO DEFECTS,DRY,NOT APPLICABLE,N,5612,NO CONTROLS,NOT DIVIDED,CLEAR,0.0,0.0,0.0,0.0,0.0,1.0,2,2,[],[],[],"[""2025-10-06T15:00:00.000""]","[""2164871"", ""2164872""]","[""REAR-LEFT-CORNER"", ""SIDE-LEFT-FRONT""]","[""IL""]","[""ACURA"", ""AUDI""]","[""BACKING"", ""PARKED""]","[""A5"", ""ADX""]","[""1""]","[""N"", ""S""]","[""1"", ""2""]","[""DRIVER"", ""PARKED""]","[""NONE""]","[""2063669"", ""2063679""]","[""PASSENGER"", ""SPORT UTILITY VEHICLE (SUV)""]","[""PERSONAL""]","[""2018"", ""2020""]",[],[],[],[],[],"[""Y""]",[],[],"[""Y""]",[],"[""1""]",[],[],[],[],[],"['37', '39']","[""DID NOT DEPLOY""]","[""TEST REFUSED""]","[""CHICAGO""]","[""2025-10-06T15:00:00.000""]","[""UNKNOWN""]","[""UNKNOWN""]","[""D""]","[""IL""]","[""NONE""]",[],"[""O2164871"", ""P477752""]","[""DRIVER"", ""PASSENGER""]","[""NORMAL""]","[""SAFETY BELT USED""]","[""F""]","[""IL""]","[""2063669"", ""2063679""]","[""60631"", ""60634""]",[],"[""1""]",[],[],[],[],2025,10,15,6,False,afternoon,41.98,-87.79,41.98_-87.79,38.0,37,39,OTHER,0
STRAIGHT AND LEVEL,2523,2025-10-06 15:00:00,2,15,10,329F5DB3DABE2AC6FB4E91434F7338C54A71594A31D90D824C8104B73520884A5C66655296A9908DDC2ED365A1FFBE314277FCE9ACC81FC5DB8EBFE1303EB592,INJURY AND / OR TOW DUE TO CRASH,"OVER $1,500",FUNCTIONING PROPERLY,ANGLE,41.9318640661,DAYLIGHT,-87.7295339406,2,30,DISREGARDING TRAFFIC SIGNALS,NO DEFECTS,DRY,NOT APPLICABLE,W,4100,TRAFFIC SIGNAL,NOT DIVIDED,CLEAR,0.0,1.0,0.0,0.0,0.0,1.0,1,0,[],[],"[""Y""]","[""2025-10-06T15:00:00.000""]","[""2164851"", ""2164852""]","[""FRONT""]","[""IL""]","[""FORD"", ""INFINITI""]","[""STRAIGHT AHEAD""]","[""FOCUS"", ""FX35""]","[""1""]","[""N"", ""W""]","[""1"", ""2""]","[""DRIVER""]","[""NONE"", ""UNKNOWN""]","[""2063647"", ""2063650""]","[""PASSENGER"", ""UNKNOWN/NA""]","[""PERSONAL"", ""UNKNOWN/NA""]","[""2004""]",[],[],"[""Y""]",[],"[""Y""]",[],"[""Y""]",[],[],[],[],[],[],[],[],[],[],"[""DEPLOYMENT UNKNOWN"", ""NOT APPLICABLE""]","[""TEST NOT OFFERED""]",[],"[""2025-10-06T15:00:00.000""]","[""DISREGARDED CONTROL DEVICES"", ""NONE""]","[""NOT OBSCURED"", ""UNKNOWN""]",[],"[""IL""]","[""NONE""]",[],"[""O2164851"", ""O2164852""]","[""DRIVER""]","[""NORMAL"", ""UNKNOWN""]","[""SAFETY BELT USED"", ""USAGE UNKNOWN""]","[""F"", ""X""]",[],"[""2063647"", ""2063650""]",[],[],[],[],[],[],[],2025,10,15,6,False,afternoon,41.93,-87.73,41.93_-87.73,0.0,0,0,OTHER,0
STRAIGHT AND LEVEL,813,2025-10-06 15:00:00,2,15,10,2F290849671A78348531A94CBBADCAE4DEC3A9A32518A533922F969F1187FDDFCA623EAE664E78F8FAECB26E672B1DB6D6C310562CBE53C67A71E3F68567BCE8,NO INJURY / DRIVE AWAY,"$501 - $1,500",NO CONTROLS,SIDESWIPE SAME DIRECTION,41.7913494237,DAYLIGHT,-87.723255323,2,10,UNABLE TO DETERMINE,NO DEFECTS,DRY,UNABLE TO DETERMINE,S,5600,NO CONTROLS,PARKING LOT,CLEAR,1.0,0.0,0.0,0.0,0.0,1.0,1,2,[],"[""Y""]",[],"[""2025-10-06T15:00:00.000""]","[""2164812"", ""2164813""]","[""SIDE-LEFT"", ""SIDE-RIGHT""]","[""IL""]","[""FORD"", ""TOYOTA""]","[""STRAIGHT AHEAD""]","[""ESCAPE"", ""HIGHLANDER""]","[""1""]","[""S""]","[""1"", ""2""]","[""DRIVER""]","[""NONE""]","[""2063618"", ""2063623""]","[""SPORT UTILITY VEHICLE (SUV)""]","[""PERSONAL""]","[""2005"", ""2020""]","[""Y""]","[""Y""]",[],[],[],[],[],"[""Y""]","[""Y""]",[],[],"[""Y""]",[],[],[],[],"['51', '56']","[""NOT APPLICABLE""]","[""TEST NOT OFFERED""]","[""BERWIN"", ""CHICAGO""]","[""2025-10-06T15:00:00.000""]","[""NONE""]","[""NOT OBSCURED""]","[""D""]","[""IL""]","[""NONE""]",[],"[""O2164812"", ""O2164813""]","[""DRIVER""]","[""NORMAL""]","[""NONE PRESENT"", ""SAFETY BELT USED""]","[""F"", ""M""]","[""IL""]","[""2063618"", ""2063623""]","[""60402"", ""60624""]",[],[],[],[],[],[],2025,10,15,6,False,afternoon,41.79,-87.72,41.79_-87.72,53.5,51,56,OTHER,0
STRAIGHT AND LEVEL,921,2025-10-06 15:00:00,2,15,10,2B77565B7BD74E4BAEA74781D21E7F4FD14D2B28DA867A5971B1890CEB2587090208CB651D0449A377901EE402386BC2FCA3E0AE84A863E0EC91A85D8199DFD1,NO INJURY / DRIVE AWAY,"$501 - $1,500",FUNCTIONING PROPERLY,REAR END,41.822702162,DAYLIGHT,-87.6898747016,2,30,UNABLE TO DETERMINE,NO DEFECTS,DRY,UNABLE TO DETERMINE,S,3904,STOP SIGN/FLASHER,"FIVE POINT, OR MORE",CLEAR,0.0,1.0,0.0,0.0,0.0,1.0,1,1,[],[],"[""Y""]","[""2025-10-06T15:00:00.000""]","[""2165400"", ""2165401""]","[""FRONT"", ""REAR""]","[""IL""]","[""JEEP"", ""UNKNOWN""]","[""SLOW/STOP IN TRAFFIC"", ""STRAIGHT AHEAD""]","[""OTHER (EXPLAIN IN NARRATIVE)"", ""RENEGADE""]","[""1""]","[""N""]","[""1"", ""2""]","[""DRIVER""]","[""NONE"", ""UNKNOWN""]","[""2064173"", ""2064184""]","[""SPORT UTILITY VEHICLE (SUV)"", ""UNKNOWN/NA""]","[""PERSONAL"", ""UNKNOWN/NA""]","[""2018""]",[],[],[],[],[],[],[],[],[],[],[],[],[],[],"[""Y""]",[],['76'],"[""DEPLOYMENT UNKNOWN"", ""NOT APPLICABLE""]","[""TEST NOT OFFERED""]","[""CHICAGO""]","[""2025-10-06T15:00:00.000""]","[""IMPROPER BACKING"", ""NONE""]","[""UNKNOWN""]","[""D""]","[""IL""]","[""NONE""]","[""DNA""]","[""O2165400"", ""O2165401""]","[""DRIVER""]","[""NORMAL"", ""UNKNOWN""]","[""SAFETY BELT USED"", ""USAGE UNKNOWN""]","[""M""]","[""IL""]","[""2064173"", ""2064184""]","[""60632""]",[],[],[],[],[],[],2025,10,15,6,False,afternoon,41.82,-87.69,41.82_-87.69,76.0,76,76,OTHER,0
STRAIGHT AND LEVEL,433,2025-10-06 14:59:00,2,14,10,0593BA57C322A58643AAF04D3AC59CD1B5F35A9F522BC250F61EB3CFAA140D99E0B12076414245673095CFCA7A8F9E83E70D81C4F04BFC37393FE3DB564B0D13,NO INJURY / DRIVE AWAY,"OVER $1,500",FUNCTIONING PROPERLY,ANGLE,41.6554166506,DAYLIGHT,-87.547290795,2,30,DISREGARDING STOP SIGN,NO DEFECTS,DRY,FAILING TO REDUCE SPEED TO AVOID CRASH,S,13200,STOP SIGN/FLASHER,FOUR WAY,CLEAR,0.0,0.0,1.0,0.0,0.0,1.0,1,3,[],[],"[""Y""]","[""2025-10-06T14:59:00.000""]","[""2164853"", ""2164854""]","[""FRONT"", ""SIDE-RIGHT""]","[""IL""]","[""HYUNDAI"", ""JEEP""]","[""STRAIGHT AHEAD""]","[""CHEROKEE"", ""ELANTRA""]","[""1"", ""2""]","[""E"", ""N""]","[""1"", ""2""]","[""DRIVER""]","[""NONE""]","[""2063652"", ""2063663""]","[""PASSENGER"", ""SPORT UTILITY VEHICLE (SUV)""]","[""OTHER"", ""PERSONAL""]","[""2014"", ""2023""]","[""Y""]","[""Y""]","[""N""]",[],[],[],[],[],[],[],"[""1""]",[],[],"[""Y""]",[],[],"['31', '39', '4']","[""DID NOT DEPLOY"", ""NOT APPLICABLE""]","[""TEST NOT OFFERED""]","[""CHICAGO""]","[""2025-10-06T14:59:00.000""]","[""DISREGARDED CONTROL DEVICES"", ""NONE""]","[""NOT OBSCURED""]","[""A"", ""D""]","[""GA"", ""IL""]","[""NONE""]","[""REFUSED""]","[""O2164853"", ""O2164854"", ""P477745""]","[""DRIVER"", ""PASSENGER""]","[""EMOTIONAL"", ""NORMAL""]","[""CHILD RESTRAINT - FORWARD FACING"", ""SAFETY BELT USED""]","[""F"", ""M""]","[""IL""]","[""2063652"", ""2063663""]","[""60617"", ""60619""]","[""CFD ENGINE 61""]","[""6""]",[],[],[],[],2025,10,14,6,False,afternoon,41.66,-87.55,41.66_-87.55,24.666666666666668,4,39,OTHER,0
STRAIGHT AND LEVEL,1654,2025-10-06 14:54:00,2,14,10,20BBDF6FB4E66569A4840B2D873DD82DACB0407F1600665640797F386C56D4E5438DD4AED8EF29E6E101C4AE2D73F63DF37CD7CBD3CE4695DB9B44B3CD5603B3,NO INJURY / DRIVE AWAY,"OVER $1,500",NO CONTROLS,REAR END,41.8736407663,DAYLIGHT,-87.6723897727,2,30,UNABLE TO DETERMINE,NO DEFECTS,DRY,NOT APPLICABLE,W,9759,NO CONTROLS,ONE-WAY,CLEAR,0.0,0.0,0.0,0.0,0.0,1.0,1,2,"[""Y""]",[],"[""Y""]","[""2025-10-06T14:54:00.000""]","[""2164806"", ""2164807""]","[""FRONT"", ""REAR""]","[""IL"", ""IN""]","[""CADILLAC"", ""KIA""]","[""SLOW/STOP IN TRAFFIC"", ""STRAIGHT AHEAD""]","[""SOUL"", ""SRX""]","[""1""]","[""E""]","[""1"", ""2""]","[""DRIVER""]","[""NONE""]","[""2063611"", ""2063621""]","[""PASSENGER""]","[""PERSONAL""]","[""2014""]",[],[],"[""Y""]",[],[],[],[],[],[],[],[],[],[],[],"[""Y""]",[],"['66', '77']","[""DID NOT DEPLOY""]","[""TEST NOT OFFERED""]","[""INDIANAPOLIS"", ""LOMBARD""]","[""2025-10-06T14:54:00.000""]","[""NONE"", ""UNKNOWN""]","[""NOT OBSCURED""]","[""D"", ""DM""]","[""IL"", ""IN""]","[""NONE""]",[],"[""O2164806"", ""O2164807""]","[""DRIVER""]","[""NORMAL""]","[""SAFETY BELT USED""]","[""M""]","[""IL"", ""IN""]","[""2063611"", ""2063621""]","[""46218"", ""60148""]",[],[],[],[],[],[],2025,10,14,6,False,afternoon,41.87,-87.67,NAN_NAN,71.5,66,77,OTHER,0