alignment,beat_of_occurrence,crash_date,crash_day_of_week,crash_hour,crash_month,crash_record_id,crash_type,damage,device_condition,first_crash_type,latitude,lighting_condition,longitude,num_units,posted_speed_limit,prim_contributory_cause,road_defect,roadway_surface_cond,sec_contributory_cause,street_direction,street_no,traffic_control_device,trafficway_type,weather_condition,private_property_i,hit_and_run_i,intersection_related_i,crash_date_est_i,work_zone_i,workers_present_i,veh_count,ppl_count,veh_area_01_i_list_json,veh_area_02_i_list_json,veh_area_12_i_list_json,veh_crash_date_list_json,veh_crash_unit_id_list_json,veh_first_contact_point_list_json,veh_lic_plate_state_list_json,veh_make_list_json,veh_maneuver_list_json,veh_model_list_json,veh_occupant_cnt_list_json,veh_travel_direction_list_json,veh_unit_no_list_json,veh_unit_type_list_json,veh_vehicle_defect_list_json,veh_vehicle_id_list_json,veh_vehicle_type_list_json,veh_vehicle_use_list_json,veh_vehicle_year_list_json,veh_area_03_i_list_json,veh_area_04_i_list_json,veh_area_11_i_list_json,veh_towed_by_list_json,veh_towed_i_list_json,veh_area_07_i_list_json,veh_area_99_i_list_json,veh_area_09_i_list_json,veh_area_10_i_list_json,veh_cmrc_veh_i_list_json,veh_num_passengers_list_json,veh_area_08_i_list_json,veh_area_00_i_list_json,veh_area_05_i_list_json,veh_area_06_i_list_json,veh_towed_to_list_json,ppl_age_list_json,ppl_airbag_deployed_list_json,ppl_bac_result_list_json,ppl_city_list_json,ppl_crash_date_list_json,ppl_driver_action_list_json,ppl_driver_vision_list_json,ppl_drivers_license_class_list_json,ppl_drivers_license_state_list_json,ppl_ejection_list_json,ppl_hospital_list_json,ppl_person_id_list_json,ppl_person_type_list_json,ppl_physical_condition_list_json,ppl_safety_equipment_list_json,ppl_sex_list_json,ppl_state_list_json,ppl_vehicle_id_list_json,ppl_zipcode_list_json,ppl_ems_agency_list_json,ppl_seat_no_list_json,ppl_pedpedal_action_list_json,ppl_pedpedal_location_list_json,ppl_pedpedal_visibility_list_json,ppl_ems_run_no_list_json,year,month,hour,day,is_weekend,hour_bin,lat_bin,lng_bin,grid_id,ppl_age_mean,ppl_age_min,ppl_age_max,prim_contributory_cause_group,ksi_flag
STRAIGHT AND LEVEL,1433,2025-10-06 14:50:00,2,14,10,F8415770C981012189B0EB90DF5D05A3121E6638BFEACAD1ECEE6BE3B642B7A529325E27F6818C5CD391578C686A6372891C89FFF9C2B45A64B6A5B5CF596403,NO INJURY / DRIVE AWAY,"OVER $1,500",NO CONTROLS,SIDESWIPE SAME DIRECTION,41.9035903141,DAYLIGHT,-87.6592132092,2,30,UNABLE TO DETERMINE,UNKNOWN,UNKNOWN,UNABLE TO DETERMINE,W,1250,NO CONTROLS,NOT DIVIDED,CLEAR,0.0,0.0,0.0,0.0,0.0,1.0,1,2,[],"[""Y""]",[],"[""2025-10-06T14:50:00.000""]","[""2164823"", ""2164824""]","[""FRONT-LEFT-CORNER"", ""SIDE-RIGHT""]","[""IL""]","[""BMW"", ""NISSAN""]","[""PASSING/OVERTAKING"", ""STRAIGHT AHEAD""]","[""SENTRA"", ""X3""]","[""1""]","[""UNKNOWN""]","[""1"", ""2""]","[""DRIVER""]","[""UNKNOWN""]","[""2063635"", ""2063655""]","[""PASSENGER"", ""SPORT UTILITY VEHICLE (SUV)""]","[""PERSONAL""]","[""2012"", ""2016""]","[""Y""]","[""Y""]","[""Y""]",[],[],[],[],[],"[""Y""]",[],[],[],[],[],[],[],"['30', '58']","[""DEPLOYMENT UNKNOWN""]","[""TEST NOT OFFERED""]","[""CHICAGO""]","[""2025-10-06T14:50:00.000""]","[""IMPROPER PASSING"", ""UNKNOWN""]","[""UNKNOWN""]","[""D""]","[""IL""]","[""UNKNOWN""]",[],"[""O2164823"", ""O2164824""]","[""DRIVER""]","[""EMOTIONAL""]","[""USAGE UNKNOWN""]","[""F"", ""M""]","[""IL""]","[""2063635"", ""2063655""]","[""60607"", ""60617""]",[],[],[],[],[],[],2025,10,14,6,False,afternoon,41.9,-87.66,41.9_-87.66,44.0,30,58,OTHER,0
STRAIGHT AND LEVEL,112,2025-10-06 14:46:00,2,14,10,3AAA208A34222476C7DBC84AED4BC382A02E3DE035C6C4DB1B5652649510F254F03A594C88F2A5E21DC6E888A943DB75980BA741E63BA61EC55E06A4556B846F,NO INJURY / DRIVE AWAY,"OVER $1,500",FUNCTIONING PROPERLY,SIDESWIPE SAME DIRECTION,41.8798854403,DAYLIGHT,-87.6292115948,2,30,UNABLE TO DETERMINE,NO DEFECTS,DRY,DRIVING SKILLS/KNOWLEDGE/EXPERIENCE,S,131,TRAFFIC SIGNAL,ONE-WAY,CLEAR,0.0,0.0,0.0,0.0,0.0,1.0,1,2,"[""Y""]","[""Y""]",[],"[""2025-10-06T14:46:00.000""]","[""2164895"", ""2164896""]","[""FRONT-RIGHT-CORNER"", ""REAR-LEFT-CORNER""]","[""IL""]","[""DODGE"", ""NEW FLYER""]","[""LEAVING TRAFFIC LANE TO PARK"", ""STRAIGHT AHEAD""]","[""DE60LFR"", ""OTHER (EXPLAIN IN NARRATIVE)""]","[""1"", ""2""]","[""N""]","[""1"", ""2""]","[""DRIVER""]","[""NONE""]","[""2063706"", ""2063723""]","[""BUS OVER 15 PASS."", ""OTHER""]","[""CTA"", ""TOW TRUCK""]","[""2006"", ""2024""]","[""Y""]","[""Y""]",[],[],[],"[""Y""]",[],[],[],"[""Y""]","[""1""]","[""Y""]",[],"[""Y""]",[],[],"['25', '38']","[""DID NOT DEPLOY"", ""NOT APPLICABLE""]","[""TEST NOT OFFERED""]","[""CHICAGO""]","[""2025-10-06T14:46:00.000""]","[""OTHER""]","[""NOT OBSCURED""]","[""B"", ""D""]","[""IL""]","[""NONE""]",[],"[""O2164895"", ""O2164896"", ""P477754""]","[""DRIVER"", ""PASSENGER""]","[""NORMAL""]","[""SAFETY BELT USED""]","[""M""]","[""IL""]","[""2063706"", ""2063723""]","[""60617"", ""60623"", ""60641""]",[],"[""3""]",[],[],[],[],2025,10,14,6,False,afternoon,41.88,-87.63,41.88_-87.63,31.5,25,38,OTHER,0
STRAIGHT AND LEVEL,1431,2025-10-06 14:45:00,2,14,10,F2113054BD7265D75F28D9E91E308896C9FAE584BA338F75BB4FAB16B4912BBDA28440F612219ECEB2C6CE67B9D8423A6A1CD640728501CDB5C5D9313FDC7D19,NO INJURY / DRIVE AWAY,"OVER $1,500",NO CONTROLS,PARKED MOTOR VEHICLE,41.9236961643,DAYLIGHT,-87.6926661792,2,30,IMPROPER OVERTAKING/PASSING,UNKNOWN,DRY,NOT APPLICABLE,N,2319,NO CONTROLS,ONE-WAY,CLEAR,0.0,0.0,0.0,0.0,0.0,1.0,2,1,[],[],[],"[""2025-10-06T14:45:00.000""]","[""2164810"", ""2164811""]","[""REAR-RIGHT-CORNER""]","[""IL""]","[""HONDA"", ""NAVISTAR""]","[""AVOIDING VEHICLES/OBJECTS"", ""PARKED""]","[""CR-V"", ""NAVISTAR""]","[""0"", ""1""]","[""S""]","[""1"", ""2""]","[""DRIVER"", ""PARKED""]","[""UNKNOWN""]","[""2063633"", ""2063708""]","[""PASSENGER""]","[""PERSONAL"", ""SCHOOL BUS""]","[""2011"", ""2019""]",[],"[""Y""]",[],[],[],[],[],[],[],[],[],[],[],"[""Y""]",[],[],['34'],"[""NOT APPLICABLE""]","[""TEST NOT OFFERED""]","[""CHICAGO""]","[""2025-10-06T14:45:00.000""]","[""UNKNOWN""]","[""UNKNOWN""]","[""D""]","[""IL""]","[""NONE""]",[],"[""O2164811""]","[""DRIVER""]","[""UNKNOWN""]","[""USAGE UNKNOWN""]","[""M""]","[""IL""]","[""2063708""]","[""60651""]",[],[],[],[],[],[],2025,10,14,6,False,afternoon,41.92,-87.69,41.92_-87.69,34.0,34,34,OTHER,0
STRAIGHT AND LEVEL,321,2025-10-06 14:45:00,2,14,10,9C750AB40D9482D84B205606DE92CA8F64A5E3E235BDD264DC0719485DB7A13C8FFE85E62083D3F279AC93D8F253D14B6F3BD5D8C44C6A327E66749122D9E73F,INJURY AND / OR TOW DUE TO CRASH,"OVER $1,500",NO CONTROLS,ANGLE,41.7733089702,DAYLIGHT,-87.5997511136,2,30,UNABLE TO DETERMINE,NO DEFECTS,DRY,UNABLE TO DETERMINE,E,1026,NO CONTROLS,PARKING LOT,CLEAR,0.0,1.0,0.0,0.0,0.0,1.0,1,2,"[""Y""]","[""Y""]","[""Y""]","[""2025-10-06T14:45:00.000""]","[""2164874"", ""2164875""]","[""FRONT"", ""SIDE-RIGHT-FRONT""]","[""IL""]","[""BUICK"", ""KIA""]","[""BACKING"", ""STRAIGHT AHEAD""]","[""ENCLAVE"", ""OTHER (EXPLAIN IN NARRATIVE)""]","[""1"", ""2""]","[""E"", ""S""]","[""1"", ""2""]","[""DRIVER""]","[""NONE"", ""UNKNOWN""]","[""2063671"", ""2063683""]","[""PASSENGER""]","[""PERSONAL""]","[""2009"", ""2025""]","[""Y""]",[],"[""Y""]",[],[],[],"[""N""]",[],[],[],"[""1""]",[],[],[],[],[],"['23', '41']","[""DEPLOYMENT UNKNOWN"", ""DID NOT DEPLOY""]","[""TEST NOT OFFERED""]","[""CHICAGO""]","[""2025-10-06T14:45:00.000""]","[""NONE"", ""UNKNOWN""]","[""NOT OBSCURED"", ""UNKNOWN""]","[""D""]","[""IL""]","[""NONE"", ""UNKNOWN""]","[""UNIVERSITY OF CHICAGO""]","[""O2164874"", ""O2164875"", ""P477749""]","[""DRIVER"", ""PASSENGER""]","[""NORMAL"", ""UNKNOWN""]","[""SAFETY BELT USED"", ""USAGE UNKNOWN""]","[""F"", ""M""]","[""IL""]","[""2063671"", ""2063683""]","[""60637""]","[""AMB 55""]","[""3""]",[],[],[],[],2025,10,14,6,False,afternoon,41.77,-87.6,41.77_-87.6,32.0,23,41,OTHER,1
STRAIGHT AND LEVEL,1813,2025-10-06 14:41:00,2,14,10,4DA57E6A72AD2FFA94F7E4B1109E244FA57B0A79B20CF985B916A18DAD26C25C5CEEBC8097355034E5D2395CAF7B2E06E32C2C11E16DB32DD6D12C2700754317,NO INJURY / DRIVE AWAY,"OVER $1,500",NO CONTROLS,SIDESWIPE SAME DIRECTION,41.9158614198,DAYLIGHT,-87.6458759247,2,30,UNABLE TO DETERMINE,UNKNOWN,UNKNOWN,UNABLE TO DETERMINE,N,1875,NO CONTROLS,NOT DIVIDED,CLEAR,0.0,0.0,0.0,0.0,0.0,1.0,1,2,"[""Y""]","[""Y""]",[],"[""2025-10-06T14:41:00.000""]","[""2164781"", ""2164782""]","[""FRONT-LEFT-CORNER"", ""FRONT-RIGHT-CORNER""]","[""IL""]","[""BMW"", ""VOLVO""]","[""CHANGING LANES"", ""STRAIGHT AHEAD""]","[""OTHER (EXPLAIN IN NARRATIVE)""]","[""1""]","[""UNKNOWN""]","[""1"", ""2""]","[""DRIVER""]","[""UNKNOWN""]","[""2063590"", ""2063600""]","[""SPORT UTILITY VEHICLE (SUV)""]","[""PERSONAL""]","[""2020"", ""2023""]",[],[],"[""Y""]",[],[],[],[],[],"[""Y""]",[],[],[],[],[],[],[],"['50', '51']","[""DEPLOYMENT UNKNOWN""]","[""TEST NOT OFFERED""]","[""CHICAGO""]","[""2025-10-06T14:41:00.000""]","[""IMPROPER LANE CHANGE"", ""UNKNOWN""]","[""UNKNOWN""]","[""D""]","[""IL""]","[""UNKNOWN""]",[],"[""O2164781"", ""O2164782""]","[""DRIVER""]","[""EMOTIONAL"", ""UNKNOWN""]","[""USAGE UNKNOWN""]","[""F""]","[""IL""]","[""2063590"", ""2063600""]","[""60614"", ""60618""]",[],[],[],[],[],[],2025,10,14,6,False,afternoon,41.92,-87.65,41.92_-87.65,50.5,50,51,OTHER,0
STRAIGHT AND LEVEL,1033,2025-10-06 14:40:00,2,14,10,3DA32FD00F28C3B697F37D795847B0247E4A975FF597C4D2878292C061C78C81FC21AE3AF5C75BD4EB962094A08160B67CA88096F2AF2017568893A978CBD32A,NO INJURY / DRIVE AWAY,"OVER $1,500",NO CONTROLS,TURNING,41.8447191798,DAYLIGHT,-87.7002195442,2,30,UNABLE TO DETERMINE,NO DEFECTS,DRY,UNABLE TO DETERMINE,W,3000,NO CONTROLS,NOT DIVIDED,CLEAR,0.0,0.0,0.0,0.0,0.0,1.0,1,2,"[""Y""]",[],"[""Y""]","[""2025-10-06T14:40:00.000""]","[""2164814"", ""2164815""]","[""FRONT"", ""REAR-RIGHT-CORNER""]","[""IL""]","[""CHEVROLET"", ""TOYOTA""]","[""STRAIGHT AHEAD"", ""TURNING LEFT""]","[""RAV4"", ""TRAX""]","[""1""]","[""N"", ""SE""]","[""1"", ""2""]","[""DRIVER""]","[""NONE""]","[""2063628"", ""2063642""]","[""PASSENGER""]","[""PERSONAL""]","[""2010"", ""2017""]","[""Y""]","[""Y""]",[],[],[],[],[],[],[],[],[],[],[],[],[],[],"['31', '42']","[""DID NOT DEPLOY""]","[""TEST NOT OFFERED""]","[""CHICAGO"", ""SUMMIT""]","[""2025-10-06T14:40:00.000""]","[""NONE""]","[""NOT OBSCURED""]","[""D""]","[""IL""]","[""NONE""]",[],"[""O2164814"", ""O2164815""]","[""DRIVER""]","[""NORMAL""]","[""SAFETY BELT USED""]","[""F""]","[""IL""]","[""2063628"", ""2063642""]","[""60501"", ""60623""]",[],[],[],[],[],[],2025,10,14,6,False,afternoon,41.84,-87.7,41.84_-87.7,36.5,31,42,OTHER,0
STRAIGHT AND LEVEL,331,2025-10-06 14:30:00,2,14,10,C212161C0A7473844F1028AF3EC58C88D93E53C76FE1BE2D1A973BD03823438CBB62EDBC123429A9DB75339AE3CD4351A422CBD6B54761043E4FB15F1F9C0624,NO INJURY / DRIVE AWAY,"OVER $1,500",FUNCTIONING PROPERLY,REAR END,41.7735649152,DAYLIGHT,-87.5765509068,2,30,FOLLOWING TOO CLOSELY,UNKNOWN,DRY,DISTRACTION - FROM INSIDE VEHICLE,E,1998,TRAFFIC SIGNAL,DIVIDED - W/MEDIAN (NOT RAISED),CLEAR,0.0,1.0,0.0,0.0,0.0,1.0,1,1,[],[],"[""Y""]","[""2025-10-06T14:30:00.000""]","[""2164831"", ""2164832""]","[""FRONT"", ""REAR""]","[""IL""]","[""JEEP"", ""UNKNOWN""]","[""PASSING/OVERTAKING"", ""STRAIGHT AHEAD""]","[""CHEROKEE"", ""OTHER (EXPLAIN IN NARRATIVE)""]","[""1""]","[""N""]","[""1"", ""2""]","[""DRIVER""]","[""NONE"", ""UNKNOWN""]","[""2063636"", ""2063641""]","[""OTHER"", ""PASSENGER""]","[""PERSONAL"", ""UNKNOWN/NA""]","[""2016""]",[],[],[],[],[],"[""Y""]",[],[],[],[],[],[],[],[],"[""Y""]",[],['66'],"[""DEPLOYMENT UNKNOWN"", ""DID NOT DEPLOY""]","[""TEST NOT OFFERED""]","[""CHICAGO""]","[""2025-10-06T14:30:00.000""]","[""FAILED TO YIELD"", ""UNKNOWN""]","[""NOT OBSCURED"", ""UNKNOWN""]","[""A""]","[""IL""]","[""NONE""]",[],"[""O2164831"", ""O2164832""]","[""DRIVER""]","[""NORMAL"", ""UNKNOWN""]","[""SAFETY BELT USED"", ""USAGE UNKNOWN""]","[""F"", ""M""]","[""IL""]","[""2063636"", ""2063641""]","[""60620""]",[],[],[],[],[],[],2025,10,14,6,False,afternoon,41.77,-87.58,41.77_-87.58,66.0,66,66,FOLLOWING TOO CLOSELY,0
STRAIGHT AND LEVEL,1411,2025-10-06 14:30:00,2,14,10,214731A156BB70CB8ED75E703AACAAC95E76E2E54437DCB17F7ABCA777DCC718BDE0065A52018A30931C3AA30E91323AB5BBFD5E6EB0945685CCEF17CE66F1C4,NO INJURY / DRIVE AWAY,"OVER $1,500",FUNCTIONING PROPERLY,REAR END,41.9285790985,DAYLIGHT,-87.697149411,2,30,UNABLE TO DETERMINE,UNKNOWN,DRY,NOT APPLICABLE,W,2750,STOP SIGN/FLASHER,FOUR WAY,CLEAR,0.0,0.0,1.0,0.0,0.0,1.0,1,2,[],[],"[""Y""]","[""2025-10-06T14:30:00.000""]","[""2165003"", ""2165004""]","[""FRONT"", ""REAR""]","[""IL""]","[""PORSCHE"", ""TOYOTA""]","[""STRAIGHT AHEAD""]","[""MACAN"", ""VENZA""]","[""1""]","[""W""]","[""1"", ""2""]","[""DRIVER""]","[""UNKNOWN""]","[""2063805"", ""2063811""]","[""PASSENGER"", ""SPORT UTILITY VEHICLE (SUV)""]","[""PERSONAL""]","[""2019"", ""2021""]",[],[],[],[],[],[],[],[],[],[],[],[],[],[],"[""Y""]",[],"['45', '52']","[""NOT APPLICABLE""]","[""TEST NOT OFFERED""]","[""CHICAGO""]","[""2025-10-06T14:30:00.000""]","[""NONE"", ""UNKNOWN""]","[""UNKNOWN""]",[],"[""IL""]","[""NONE""]",[],"[""O2165003"", ""O2165004""]","[""DRIVER""]","[""NORMAL"", ""UNKNOWN""]","[""USAGE UNKNOWN""]","[""F"", ""M""]","[""IL""]","[""2063805"", ""2063811""]","[""60647"", ""60714""]",[],[],[],[],[],[],2025,10,14,6,False,afternoon,41.93,-87.7,41.93_-87.7,48.5,45,52,OTHER,0
STRAIGHT AND LEVEL,131,2025-10-06 14:26:00,2,14,10,C0CE7C004A1BA7A6A2E707B14A009125D4E3E0ACA8FDFAE487335ADF30C206B34966BA3494FE70408F0995580590917F4C1991A7D822A049DE85E7613C4927F0,NO INJURY / DRIVE AWAY,"$501 - $1,500",NO CONTROLS,PARKED MOTOR VEHICLE,41.8668563391,DAYLIGHT,-87.628651244,2,25,UNABLE TO DETERMINE,NO DEFECTS,DRY,NOT APPLICABLE,S,1212,NO CONTROLS,NOT DIVIDED,CLEAR,0.0,0.0,0.0,0.0,0.0,1.0,2,1,[],[],[],"[""2025-10-06T14:26:00.000""]","[""2164743"", ""2164744""]","[""FRONT-LEFT-CORNER"", ""REAR-RIGHT-CORNER""]","[""AZ""]","[""ARROW"", ""FORD""]","[""PARKED"", ""TURNING LEFT""]","[""ARROW"", ""CLUB WAGON E150""]","[""0"", ""1""]","[""N""]","[""1"", ""2""]","[""DRIVER"", ""DRIVERLESS""]","[""UNKNOWN""]","[""2063554"", ""2063564""]","[""TRUCK - SINGLE UNIT"", ""VAN/MINI-VAN""]","[""FIRE"", ""OTHER""]","[""2012"", ""2025""]",[],[],"[""Y""]",[],[],[],[],[],[],[],[],[],"[""Y""]","[""Y""]",[],[],['49'],"[""DID NOT DEPLOY""]","[""TEST NOT OFFERED""]","[""CHICAGO""]","[""2025-10-06T14:26:00.000""]","[""UNKNOWN""]","[""NOT OBSCURED""]","[""B""]","[""IL""]","[""NONE""]",[],"[""O2164743""]","[""DRIVER""]","[""NORMAL""]","[""USAGE UNKNOWN""]","[""M""]","[""IL""]","[""2063554""]","[""60616""]",[],[],[],[],[],[],2025,10,14,6,False,afternoon,41.87,-87.63,41.87_-87.63,49.0,49,49,OTHER,0
STRAIGHT AND LEVEL,2413,2025-10-06 14:08:00,2,14,10,4C7F3B9EA0E8C7762474006B732608466B490D57EDC881CFE6DE72FD78ACF7AB6686C6490E88911C78E0A555086A6525275E031079D5B1D1693DBAF69737264F,NO INJURY / DRIVE AWAY,"OVER $1,500",FUNCTIONING PROPERLY,ANGLE,41.9939681143,DAYLIGHT,-87.6883989075,2,30,UNABLE TO DETERMINE,NO DEFECTS,DRY,NOT APPLICABLE,N,6157,STOP SIGN/FLASHER,FOUR WAY,CLEAR,0.0,0.0,1.0,0.0,0.0,1.0,1,2,"[""Y""]",[],"[""Y""]","[""2025-10-06T14:08:00.000""]","[""2164808"", ""2164809""]","[""FRONT"", ""SIDE-LEFT-FRONT""]","[""IL""]","[""TOYOTA""]","[""STARTING IN TRAFFIC""]","[""CAMRY"", ""PRIUS""]","[""1""]","[""S"", ""W""]","[""1"", ""2""]","[""DRIVER""]","[""NONE""]","[""2063610"", ""2063615""]","[""PASSENGER""]","[""PERSONAL"", ""TAXI/FOR HIRE""]","[""2007"", ""2019""]",[],[],"[""Y""]",[],[],[],[],[],[],[],[],[],[],[],[],[],"['31', '55']","[""NOT APPLICABLE""]","[""TEST NOT OFFERED""]","[""CHICAGO""]","[""2025-10-06T14:08:00.000""]","[""NONE"", ""UNKNOWN""]","[""NOT OBSCURED"", ""UNKNOWN""]","[""D""]","[""IL""]","[""NONE""]",[],"[""O2164808"", ""O2164809""]","[""DRIVER""]","[""NORMAL""]","[""SAFETY BELT USED""]","[""M""]","[""IL""]","[""2063610"", ""2063615""]","[""60659""]",[],[],[],[],[],[],2025,10,14,6,False,afternoon,41.99,-87.69,41.99_-87.69,43.0,31,55,OTHER,0
STRAIGHT AND LEVEL,1923,2025-10-06 14:08:00,2,14,10,CCF4C18464738D202F5FEEA649A063B3438122EE4478469DD3834A3564881A6D58E9B8252AFFD9D8973A4FF2AC571D3C57EDD389C38CF7C6787FDBFB14990085,INJURY AND / OR TOW DUE TO CRASH,$500 OR LESS,FUNCTIONING PROPERLY,PEDESTRIAN,41.952551119,DAYLIGHT,-87.649794226,2,30,FAILING TO YIELD RIGHT-OF-WAY,NO DEFECTS,DRY,FAILING TO YIELD RIGHT-OF-WAY,N,3844,TRAFFIC SIGNAL,NOT DIVIDED,CLEAR,0.0,0.0,0.0,0.0,0.0,1.0,2,2,"[""Y""]",[],"[""Y""]","[""2025-10-06T14:08:00.000""]","[""2164821"", ""2164822""]","[""FRONT""]","[""IL""]","[""TOYOTA""]","[""TURNING LEFT""]","[""RAV4""]","[""1""]","[""S""]","[""1"", ""2""]","[""DRIVER"", ""PEDESTRIAN""]","[""NONE""]","[""2063626""]","[""PASSENGER""]","[""TAXI/FOR HIRE""]","[""2025""]",[],[],"[""Y""]",[],[],[],[],[],[],"[""N""]",[],[],[],[],[],[],"['18', '47']","[""NOT APPLICABLE""]","[""TEST NOT OFFERED""]","[""CHICAGO""]","[""2025-10-06T14:08:00.000""]","[""FAILED TO YIELD"", ""NONE""]","[""NOT OBSCURED"", ""UNKNOWN""]","[""A""]","[""IL""]","[""NONE""]",[],"[""O2164821"", ""O2164822""]","[""DRIVER"", ""PEDESTRIAN""]","[""NORMAL""]","[""USAGE UNKNOWN""]","[""M""]","[""IL""]","[""2063626""]","[""60613"", ""60639""]",[],[],"[""CROSSING - WITH SIGNAL""]","[""IN CROSSWALK""]","[""NO CONTRASTING CLOTHING""]",[],2025,10,14,6,False,afternoon,41.95,-87.65,41.95_-87.65,32.5,18,47,FAILURE-TO-YIELD,1
STRAIGHT AND LEVEL,1223,2025-10-06 14:02:00,2,14,10,BDD5EE8DCCFB88B833BF3C97E939E7E760AB4E4595DAAAD9E298C994311E2E1D67D5A9DA5BC7CCCD23E372F02B8D2A66F20AB80236D385DDA62D9BAF39D7E709,NO INJURY / DRIVE AWAY,$500 OR LESS,NO CONTROLS,TURNING,41.8812733943,DAYLIGHT,-87.6863106507,2,30,IMPROPER OVERTAKING/PASSING,NO DEFECTS,DRY,NOT APPLICABLE,W,2398,TRAFFIC SIGNAL,DIVIDED - W/MEDIAN (NOT RAISED),CLEAR,0.0,0.0,0.0,0.0,0.0,1.0,1,2,"[""Y""]",[],"[""Y""]","[""2025-10-06T14:02:00.000""]","[""2164777"", ""2164778""]","[""FRONT"", ""SIDE-RIGHT-REAR""]","[""IL""]","[""CHEVROLET"", ""JEEP""]","[""STRAIGHT AHEAD"", ""U-TURN""]","[""RENEGADE"", ""TRAIL BLAZER""]","[""1""]","[""E"", ""NE""]","[""1"", ""2""]","[""DRIVER""]","[""NONE""]","[""2063584"", ""2063589""]","[""SPORT UTILITY VEHICLE (SUV)""]","[""PERSONAL""]","[""2018""]",[],"[""Y""]","[""Y""]",[],[],[],[],[],[],[],[],[],[],[],[],[],"['35', '68']","[""DID NOT DEPLOY"", ""NOT APPLICABLE""]","[""TEST NOT OFFERED""]","[""CHICAGO""]","[""2025-10-06T14:02:00.000""]","[""IMPROPER TURN"", ""NONE""]","[""NOT OBSCURED"", ""UNKNOWN""]","[""D""]","[""IL""]","[""NONE""]",[],"[""O2164777"", ""O2164778""]","[""DRIVER""]","[""NORMAL""]","[""SAFETY BELT USED""]","[""F"", ""M""]","[""IL""]","[""2063584"", ""2063589""]","[""60629"", ""60636""]",[],[],[],[],[],[],2025,10,14,6,False,afternoon,41.88,-87.69,41.88_-87.69,51.5,35,68,OTHER,0
STRAIGHT AND LEVEL,2533,2025-10-06 14:00:00,2,14,10,7E4815F4DBE8FD77B49E5CFA507C93227E79D332D2F1F68EAC8B1E01CF9592D6F5E91FB551CF7D0F25B93578DBBD3B3B47E82DD3CAE3BF37591C5DBBB51D5DA9,NO INJURY / DRIVE AWAY,"OVER $1,500",NO CONTROLS,SIDESWIPE SAME DIRECTION,41.9096692763,DAYLIGHT,-87.7364321624,2,35,IMPROPER OVERTAKING/PASSING,UNKNOWN,UNKNOWN,UNABLE TO DETERMINE,N,1588,TRAFFIC SIGNAL,NOT DIVIDED,CLEAR,0.0,0.0,1.0,0.0,0.0,1.0,1,2,[],"[""Y""]",[],"[""2025-10-06T14:00:00.000""]","[""2166809"", ""2166816""]","[""SIDE-LEFT-FRONT"", ""SIDE-RIGHT""]","[""IL""]","[""ACURA"", ""BUICK""]","[""STRAIGHT AHEAD""]","[""LACROSSE"", ""ZDX""]","[""1""]","[""N""]","[""1"", ""2""]","[""DRIVER""]","[""UNKNOWN""]","[""2065502"", ""2065506""]","[""PASSENGER""]","[""PERSONAL""]","[""2011"", ""2012""]","[""Y""]",[],"[""N""]",[],[],[],[],"[""Y""]","[""Y""]",[],[],[],[],[],[],[],"['23', '27']","[""NOT APPLICABLE""]","[""TEST NOT OFFERED""]","[""CHICAGO""]","[""2025-10-06T14:00:00.000""]","[""UNKNOWN""]","[""NOT OBSCURED"", ""UNKNOWN""]","[""D""]","[""IL""]","[""NONE"", ""UNKNOWN""]","[""N/A"", ""REFUSED""]","[""O2166809"", ""O2166816""]","[""DRIVER""]","[""UNKNOWN""]","[""USAGE UNKNOWN""]","[""M"", ""X""]","[""IL""]","[""2065502"", ""2065506""]","[""60647""]","[""N/A""]",[],[],[],[],[],2025,10,14,6,False,afternoon,41.91,-87.74,41.91_-87.74,25.0,23,27,OTHER,0
STRAIGHT AND LEVEL,821,2025-10-06 13:40:00,2,13,10,92788A7793DA28F1AE2C09E0E55FBB9641CFFD14E131D3FB284EDC5D2675328434DFA45589579AD6FAB9185938FFFA6F6BAAA240720FB139190E6D4F2BCC2CC2,NO INJURY / DRIVE AWAY,"$501 - $1,500",FUNCTIONING PROPERLY,PARKED MOTOR VEHICLE,41.8080472717,DAYLIGHT,-87.7041188223,2,25,UNABLE TO DETERMINE,UNKNOWN,DRY,NOT APPLICABLE,S,4700,TRAFFIC SIGNAL,FOUR WAY,CLEAR,0.0,0.0,1.0,0.0,0.0,1.0,2,1,[],[],[],"[""2025-10-06T13:40:00.000""]","[""2165197"", ""2165198""]","[""REAR-LEFT-CORNER"", ""SIDE-RIGHT""]","[""IL""]","[""(HOMEMADE TRAILER)"", ""NOVA BUS""]","[""PARKED IN TRAFFIC LANE"", ""TURNING RIGHT""]","[""(HOMEMADE TRAILER)"", ""OTHER (EXPLAIN IN NARRATIVE)""]","[""0"", ""1""]","[""E"", ""S""]","[""1"", ""2""]","[""DRIVER"", ""PARKED""]","[""UNKNOWN""]","[""2063986"", ""2063993""]","[""BUS OVER 15 PASS."", ""OTHER""]","[""CTA"", ""NOT IN USE""]","[""2014"", ""2015""]","[""Y""]","[""Y""]",[],[],[],[],[],[],[],[],[],[],"[""Y""]",[],[],[],['52'],"[""DID NOT DEPLOY""]","[""TEST NOT OFFERED""]","[""CHICAGO""]","[""2025-10-06T13:40:00.000""]","[""IMPROPER TURN""]","[""UNKNOWN""]","[""A""]","[""IL""]","[""NONE""]",[],"[""O2165197""]","[""DRIVER""]","[""NORMAL""]","[""USAGE UNKNOWN""]","[""F""]","[""IL""]","[""2063986""]","[""60637""]",[],[],[],[],[],[],2025,10,13,6,False,afternoon,41.81,-87.7,41.81_-87.7,52.0,52,52,OTHER,0