alignment,beat_of_occurrence,crash_date,crash_day_of_week,crash_hour,crash_month,crash_record_id,crash_type,damage,device_condition,first_crash_type,latitude,lighting_condition,longitude,num_units,posted_speed_limit,prim_contributory_cause,road_defect,roadway_surface_cond,sec_contributory_cause,street_direction,street_no,traffic_control_device,trafficway_type,weather_condition,private_property_i,hit_and_run_i,intersection_related_i,crash_date_est_i,work_zone_i,workers_present_i,veh_count,ppl_count,veh_area_01_i_list_json,veh_area_02_i_list_json,veh_area_12_i_list_json,veh_crash_date_list_json,veh_crash_unit_id_list_json,veh_first_contact_point_list_json,veh_lic_plate_state_list_json,veh_make_list_json,veh_maneuver_list_json,veh_model_list_json,veh_occupant_cnt_list_json,veh_travel_direction_list_json,veh_unit_no_list_json,veh_unit_type_list_json,veh_vehicle_defect_list_json,veh_vehicle_id_list_json,veh_vehicle_type_list_json,veh_vehicle_use_list_json,veh_vehicle_year_list_json,veh_area_03_i_list_json,veh_area_04_i_list_json,veh_area_11_i_list_json,veh_towed_by_list_json,veh_towed_i_list_json,veh_area_07_i_list_json,veh_area_99_i_list_json,veh_area_09_i_list_json,veh_area_10_i_list_json,veh_cmrc_veh_i_list_json,veh_num_passengers_list_json,veh_area_08_i_list_json,veh_area_00_i_list_json,veh_area_05_i_list_json,veh_area_06_i_list_json,veh_towed_to_list_json,ppl_age_list_json,ppl_airbag_deployed_list_json,ppl_bac_result_list_json,ppl_city_list_json,ppl_crash_date_list_json,ppl_driver_action_list_json,ppl_driver_vision_list_json,ppl_drivers_license_class_list_json,ppl_drivers_license_state_list_json,ppl_ejection_list_json,ppl_hospital_list_json,ppl_person_id_list_json,ppl_person_type_list_json,ppl_physical_condition_list_json,ppl_safety_equipment_list_json,ppl_sex_list_json,ppl_state_list_json,ppl_vehicle_id_list_json,ppl_zipcode_list_json,ppl_ems_agency_list_json,ppl_seat_no_list_json,ppl_pedpedal_action_list_json,ppl_pedpedal_location_list_json,ppl_pedpedal_visibility_list_json,ppl_ems_run_no_list_json,year,month,hour,day,is_weekend,hour_bin,lat_bin,lng_bin,grid_id,ppl_age_mean,ppl_age_min,ppl_age_max,prim_contributory_cause_group,ksi_flag
STRAIGHT AND LEVEL,912,2025-10-06 13:40:00,2,13,10,7FDD03F6AD123ECDF9B56E8596CB847855ECA507EF741F5BC0217D1D814FB95E323CBD0BD42DAC65FF2CAEAEFD6F1CCE1B238C5D40483DCE026D222313461846,INJURY AND / OR TOW DUE TO CRASH,"OVER $1,500",FUNCTIONING PROPERLY,PEDESTRIAN,41.8408371818,DAYLIGHT,-87.6659703317,2,30,FAILING TO YIELD RIGHT-OF-WAY,NO DEFECTS,DRY,FAILING TO YIELD RIGHT-OF-WAY,S,2800,TRAFFIC SIGNAL,NOT DIVIDED,CLEAR,0.0,0.0,1.0,0.0,0.0,1.0,2,2,"[""Y""]",[],"[""Y""]","[""2025-10-06T13:40:00.000""]","[""2164779"", ""2164780""]","[""FRONT""]","[""IN""]","[""TOYOTA""]","[""TURNING LEFT""]","[""COROLLA""]","[""1""]","[""NW""]","[""1"", ""2""]","[""DRIVER"", ""PEDESTRIAN""]","[""UNKNOWN""]","[""2063588""]","[""PASSENGER""]","[""PERSONAL""]","[""2006""]",[],[],"[""Y""]",[],[],[],[],[],[],[],[],[],[],[],[],[],"['30', '58']","[""DID NOT DEPLOY""]","[""TEST NOT OFFERED""]","[""CHICAGO""]","[""2025-10-06T13:40:00.000""]","[""FAILED TO YIELD"", ""NONE""]","[""NOT OBSCURED"", ""UNKNOWN""]","[""D""]","[""IL""]","[""NONE""]","[""STROGER""]","[""O2164779"", ""O2164780""]","[""DRIVER"", ""PEDESTRIAN""]","[""NORMAL""]","[""SAFETY BELT USED""]","[""F""]","[""IL""]","[""2063588""]","[""60609"", ""60632""]","[""19""]",[],"[""CROSSING - WITH SIGNAL""]","[""IN CROSSWALK""]","[""NO CONTRASTING CLOTHING""]",[],2025,10,13,6,False,afternoon,41.84,-87.67,41.84_-87.67,44.0,30,58,FAILURE-TO-YIELD,1
STRAIGHT AND LEVEL,412,2025-10-06 13:30:00,2,13,10,F47C746F2F1FE0FFF6F7B15913B32273403E5D236B149FF54A36FDAF1EFEEA7E5ED58F0959A6AFD3D9B4E699CBFBF3D6B8DB39EB638256981912014C0E4FCE3A,NO INJURY / DRIVE AWAY,"OVER $1,500",NO CONTROLS,REAR END,41.8736407663,DAYLIGHT,-87.6723897727,2,40,FOLLOWING TOO CLOSELY,NO DEFECTS,DRY,UNABLE TO DETERMINE,S,8800,NO CONTROLS,DIVIDED - W/MEDIAN BARRIER,CLEAR,0.0,0.0,0.0,0.0,0.0,1.0,1,2,"[""Y""]",[],"[""Y""]","[""2025-10-06T13:30:00.000""]","[""2164771"", ""2164772""]","[""FRONT"", ""REAR""]","[""IL"", ""NY""]","[""NISSAN"", ""SUBARU""]","[""SLOW/STOP IN TRAFFIC"", ""STRAIGHT AHEAD""]","[""FORESTER"", ""PATHFINDER""]","[""1""]","[""S""]","[""1"", ""2""]","[""DRIVER""]","[""NONE""]","[""2063585"", ""2063591""]","[""PASSENGER""]","[""PERSONAL""]","[""2024"", ""2025""]",[],[],"[""Y""]",[],[],"[""Y""]",[],[],[],[],[],[],[],"[""Y""]","[""Y""]",[],"['18', '45']","[""DID NOT DEPLOY"", ""NOT APPLICABLE""]","[""TEST NOT OFFERED""]","[""ELBURN"", ""SPRINGFIELD""]","[""2025-10-06T13:30:00.000""]","[""FAILED TO YIELD"", ""NONE""]","[""NOT OBSCURED""]","[""D""]","[""IL"", ""OH""]","[""NONE""]",[],"[""O2164771"", ""O2164772""]","[""DRIVER""]","[""NORMAL""]","[""SAFETY BELT USED""]","[""F"", ""M""]","[""IL"", ""OH""]","[""2063585"", ""2063591""]","[""45505"", ""60119""]",[],[],[],[],[],[],2025,10,13,6,False,afternoon,41.87,-87.67,NAN_NAN,31.5,18,45,FOLLOWING TOO CLOSELY,0
STRAIGHT AND LEVEL,1921,2025-10-06 13:30:00,2,13,10,31516F35A0427E98E415EF2A630FD09CD7DB0BC8B9FCBE08499E13A161512B5B6C9B241FCB2C80F8A2D974BA82F547054FE13C8FF87A61341B5D896B9EF40790,NO INJURY / DRIVE AWAY,"$501 - $1,500",NO CONTROLS,PARKED MOTOR VEHICLE,41.9524813039,DAYLIGHT,-87.6870626028,2,10,UNABLE TO DETERMINE,NO DEFECTS,DRY,NOT APPLICABLE,N,3907,NO CONTROLS,ONE-WAY,CLEAR,0.0,0.0,0.0,1.0,0.0,1.0,2,1,"[""Y""]","[""Y""]",[],"[""2025-10-06T13:30:00.000""]","[""2164796"", ""2164797""]","[""FRONT-RIGHT-CORNER"", ""SIDE-LEFT""]","[""IL""]","[""HONDA"", ""HYUNDAI""]","[""AVOIDING VEHICLES/OBJECTS"", ""PARKED""]","[""CR-V"", ""SONATA""]","[""0"", ""1""]","[""N""]","[""1"", ""2""]","[""DRIVER"", ""PARKED""]","[""NONE""]","[""2063605"", ""2063607""]","[""SPORT UTILITY VEHICLE (SUV)""]","[""NOT IN USE"", ""PERSONAL""]","[""2016"", ""2017""]",[],[],[],[],[],[],[],"[""Y""]","[""Y""]",[],[],"[""Y""]",[],"[""Y""]",[],[],['29'],"[""DID NOT DEPLOY""]","[""TEST NOT OFFERED""]","[""CHICAGO""]","[""2025-10-06T13:30:00.000""]","[""OTHER""]","[""NOT OBSCURED""]",[],"[""IL""]","[""NONE""]",[],"[""O2164796""]","[""DRIVER""]","[""NORMAL""]","[""SAFETY BELT USED""]","[""F""]","[""IL""]","[""2063605""]","[""60645""]",[],[],[],[],[],[],2025,10,13,6,False,afternoon,41.95,-87.69,41.95_-87.69,29.0,29,29,OTHER,0
STRAIGHT AND LEVEL,832,2025-10-06 13:25:00,2,13,10,F3320F87BB1D7D32536BF5A3D562B962C0267A3FF532C16547A4DA734B1C77BEB53045B48045D541258C7A00434461A1BB92E7314645B15D6131EB29728FCD43,INJURY AND / OR TOW DUE TO CRASH,"OVER $1,500",NO CONTROLS,PARKED MOTOR VEHICLE,41.7683910817,DAYLIGHT,-87.6856424658,2,30,UNABLE TO DETERMINE,NO DEFECTS,DRY,NOT APPLICABLE,S,6857,NO CONTROLS,ONE-WAY,CLEAR,0.0,1.0,0.0,0.0,0.0,1.0,2,0,"[""Y""]","[""Y""]",[],"[""2025-10-06T13:25:00.000""]","[""2164714"", ""2164715""]","[""FRONT-RIGHT-CORNER"", ""SIDE-LEFT-REAR""]","[""IL""]","[""BUICK"", ""CHRYSLER""]","[""PARKED"", ""STRAIGHT AHEAD""]","[""LESABRE"", ""TOWN & COUNTRY""]","[""0"", ""1""]","[""N""]","[""1"", ""2""]","[""DRIVER"", ""PARKED""]","[""NONE"", ""UNKNOWN""]","[""2063521"", ""2063524""]","[""PASSENGER"", ""VAN/MINI-VAN""]","[""NOT IN USE"", ""PERSONAL""]","[""2001"", ""2009""]","[""Y""]","[""Y""]",[],"[""streets and san""]","[""N"", ""Y""]","[""Y""]",[],"[""Y""]","[""Y""]",[],[],"[""Y""]",[],"[""Y""]",[],"[""doty""]",[],"[""NOT APPLICABLE""]","[""TEST NOT OFFERED""]",[],"[""2025-10-06T13:25:00.000""]","[""UNKNOWN""]","[""UNKNOWN""]",[],[],"[""NONE""]",[],"[""O2164714""]","[""DRIVER""]","[""UNKNOWN""]","[""USAGE UNKNOWN""]","[""M""]",[],"[""2063521""]",[],[],[],[],[],[],[],2025,10,13,6,False,afternoon,41.77,-87.69,41.77_-87.69,0.0,0,0,OTHER,0
STRAIGHT AND LEVEL,822,2025-10-06 13:25:00,2,13,10,1388A4F75140E742C2248E553D31B6D0F01C229BD372961C56CBB637FDB256C397E94ADB6119E7FD8F686C6E362561028EAE0CF9E07D2DE674A9CFB9218CA2DA,NO INJURY / DRIVE AWAY,"OVER $1,500",NO CONTROLS,SIDESWIPE SAME DIRECTION,41.7884805908,DAYLIGHT,-87.7158236749,2,25,UNABLE TO DETERMINE,NO DEFECTS,DRY,UNABLE TO DETERMINE,S,5740,NO CONTROLS,NOT DIVIDED,CLEAR,0.0,1.0,0.0,0.0,0.0,1.0,1,1,"[""Y""]",[],[],"[""2025-10-06T13:25:00.000""]","[""2164759"", ""2164760""]","[""FRONT-RIGHT-CORNER"", ""SIDE-RIGHT-REAR""]","[""IL""]","[""FORD"", ""UNKNOWN""]","[""STRAIGHT AHEAD""]","[""EXPLORER"", ""MOTORIZED""]","[""1"", ""2""]","[""S""]","[""1"", ""2""]","[""DRIVER""]","[""NONE"", ""UNKNOWN""]","[""2063570"", ""2063577""]","[""PASSENGER"", ""TRUCK - SINGLE UNIT""]","[""POLICE"", ""UNKNOWN/NA""]","[""2018""]",[],[],[],[],[],"[""Y""]",[],[],[],[],"[""1""]","[""Y""]",[],[],[],[],['40'],"[""DEPLOYMENT UNKNOWN"", ""DID NOT DEPLOY""]","[""TEST NOT OFFERED""]","[""CHICAGO""]","[""2025-10-06T13:25:00.000""]","[""IMPROPER PASSING"", ""NONE""]","[""NOT OBSCURED"", ""UNKNOWN""]","[""D""]","[""IL""]","[""NONE""]",[],"[""O2164759"", ""O2164760"", ""P477739""]","[""DRIVER"", ""PASSENGER""]","[""NORMAL"", ""UNKNOWN""]","[""SAFETY BELT USED"", ""USAGE UNKNOWN""]","[""M""]","[""IL""]","[""2063570"", ""2063577""]",[],[],"[""3""]",[],[],[],[],2025,10,13,6,False,afternoon,41.79,-87.72,41.79_-87.72,40.0,40,40,OTHER,0
STRAIGHT AND LEVEL,2412,2025-10-06 13:21:00,2,13,10,B6B901269B76EA28545930FCE31AE366BAFCACE73609E6F612175112D9C0B2FC468B3594E3259D203F4FD12DA8247E62E00078F2D98BFC8980B90C64E5A2D774,NO INJURY / DRIVE AWAY,"$501 - $1,500",FUNCTIONING PROPERLY,REAR END,41.9974814463,DAYLIGHT,-87.7091980696,3,25,UNABLE TO DETERMINE,NO DEFECTS,DRY,UNABLE TO DETERMINE,N,6401,TRAFFIC SIGNAL,NOT DIVIDED,CLEAR,0.0,0.0,1.0,0.0,0.0,1.0,1,3,[],[],"[""Y""]","[""2025-10-06T13:21:00.000""]","[""2164735"", ""2164736"", ""2164737""]","[""FRONT"", ""REAR""]","[""IL""]","[""HYUNDAI"", ""SCION"", ""TOYOTA""]","[""STRAIGHT AHEAD""]","[""ELANTRA"", ""SIENNA"", ""XB""]","[""1""]","[""S""]","[""1"", ""2"", ""3""]","[""DRIVER""]","[""NONE""]","[""2063544"", ""2063550"", ""2063559""]","[""PASSENGER"", ""VAN/MINI-VAN""]","[""PERSONAL""]","[""2005"", ""2015"", ""2016""]",[],[],[],[],[],[],[],[],[],[],[],[],[],[],"[""Y""]",[],"['17', '54', '65']","[""NOT APPLICABLE""]","[""TEST NOT OFFERED""]","[""CHICAGO""]","[""2025-10-06T13:21:00.000""]","[""FAILED TO YIELD"", ""NONE""]","[""NOT OBSCURED""]","[""D""]","[""IL""]","[""NONE""]",[],"[""O2164735"", ""O2164736"", ""O2164737""]","[""DRIVER""]","[""NORMAL""]","[""SAFETY BELT USED""]","[""F"", ""M""]","[""IL""]","[""2063544"", ""2063550"", ""2063559""]","[""60618"", ""60645""]",[],[],[],[],[],[],2025,10,13,6,False,afternoon,42.0,-87.71,42.0_-87.71,45.333333333333336,17,65,OTHER,0
STRAIGHT AND LEVEL,2534,2025-10-06 13:19:00,2,13,10,E01CDC46568206E34F92BB544322D03332964F0EBCEBAB2F518E2134637F0909A6FF136AA01F4A50122AC217AA6F836E0A0D4C839C1A45C02834673610CADEA2,INJURY AND / OR TOW DUE TO CRASH,"OVER $1,500",NO CONTROLS,ANGLE,41.9060654738,DAYLIGHT,-87.7264925453,2,30,UNABLE TO DETERMINE,NO DEFECTS,DRY,NOT APPLICABLE,W,4001,NO CONTROLS,T-INTERSECTION,CLOUDY/OVERCAST,0.0,1.0,0.0,0.0,0.0,1.0,1,1,[],[],[],"[""2025-10-06T13:19:00.000""]","[""2164738"", ""2164739""]","[""FRONT"", ""SIDE-LEFT-REAR""]","[""IL""]","[""HONDA"", ""UNKNOWN""]","[""MERGING"", ""STRAIGHT AHEAD""]","[""HR-V"", ""MOTORIZED""]","[""1""]","[""N"", ""W""]","[""1"", ""2""]","[""DRIVER""]","[""NONE""]","[""2063543"", ""2063548""]","[""PASSENGER""]","[""PERSONAL"", ""UNKNOWN/NA""]",[],[],[],"[""Y""]",[],[],"[""N""]",[],[],[],[],[],"[""Y""]",[],[],[],[],['25'],"[""DEPLOYED, SIDE"", ""DEPLOYMENT UNKNOWN""]","[""TEST NOT OFFERED""]","[""CHICAGO""]","[""2025-10-06T13:19:00.000""]","[""NONE"", ""UNKNOWN""]","[""UNKNOWN""]",[],"[""IL""]","[""NONE""]",[],"[""O2164738"", ""O2164739""]","[""DRIVER""]","[""NORMAL"", ""UNKNOWN""]","[""SAFETY BELT USED"", ""USAGE UNKNOWN""]","[""M"", ""X""]","[""IL""]","[""2063543"", ""2063548""]","[""60639""]",[],[],[],[],[],[],2025,10,13,6,False,afternoon,41.91,-87.73,41.91_-87.73,25.0,25,25,OTHER,1
STRAIGHT AND LEVEL,213,2025-10-06 13:16:00,2,13,10,F1EC93EC896702511AD5D09050D00DA2F706F38BC12C01FC4A21ED5FA644F9D8DC656788E2E6E3C3B767CB2180B0A19CBB6DAD61877F8A75301DAA11BCD5187E,INJURY AND / OR TOW DUE TO CRASH,"$501 - $1,500",FUNCTIONING PROPERLY,REAR END,41.8237727478,DAYLIGHT,-87.6171420204,2,30,FOLLOWING TOO CLOSELY,NO DEFECTS,DRY,UNABLE TO DETERMINE,S,3900,STOP SIGN/FLASHER,UNKNOWN,CLEAR,0.0,0.0,0.0,0.0,0.0,1.0,1,1,[],[],"[""Y""]","[""2025-10-06T13:16:00.000""]","[""2164927"", ""2164928""]","[""FRONT"", ""REAR""]","[""IL""]","[""NISSAN"", ""VOLKSWAGEN""]","[""SLOW/STOP IN TRAFFIC"", ""STRAIGHT AHEAD""]","[""PASSAT"", ""ROGUE""]","[""1""]","[""N""]","[""1"", ""2""]","[""DRIVER""]","[""NONE"", ""UNKNOWN""]","[""2063736"", ""2063754""]","[""PASSENGER"", ""SPORT UTILITY VEHICLE (SUV)""]","[""PERSONAL""]","[""2012"", ""2019""]",[],[],[],[],[],[],[],[],[],[],[],[],[],[],"[""Y""]",[],['40'],"[""DID NOT DEPLOY""]","[""TEST NOT OFFERED""]","[""CHICAGO""]","[""2025-10-06T13:16:00.000""]","[""FOLLOWED TOO CLOSELY"", ""NONE""]","[""NOT OBSCURED"", ""UNKNOWN""]","[""D""]","[""IL""]","[""NONE""]",[],"[""O2164927"", ""O2164928""]","[""DRIVER""]","[""NORMAL"", ""UNKNOWN""]","[""USAGE UNKNOWN""]","[""F""]","[""IL""]","[""2063736"", ""2063754""]","[""60653""]",[],[],[],[],[],[],2025,10,13,6,False,afternoon,41.82,-87.62,41.82_-87.62,40.0,40,40,FOLLOWING TOO CLOSELY,1
STRAIGHT AND LEVEL,731,2025-10-06 13:10:00,2,13,10,47B62865C7281A317F006D5A39257223AF55C7F00F7D946C4612C5E74ED8C890260F43AF9A1CFDA3835E7AAA99F0ACC4CEFADCD30548715160C5D97972D3EE5E,NO INJURY / DRIVE AWAY,"$501 - $1,500",NO CONTROLS,REAR END,41.7600172321,DAYLIGHT,-87.6340532311,2,30,IMPROPER BACKING,NO DEFECTS,DRY,NOT APPLICABLE,W,348,NO CONTROLS,NOT DIVIDED,CLEAR,0.0,1.0,0.0,0.0,0.0,1.0,1,1,"[""Y""]",[],"[""Y""]","[""2025-10-06T13:10:00.000""]","[""2164761"", ""2164762""]","[""FRONT"", ""REAR""]","[""IL""]","[""FORD"", ""HYUNDAI""]","[""BACKING"", ""STRAIGHT AHEAD""]","[""ELANTRA"", ""F150""]","[""1""]","[""E""]","[""1"", ""2""]","[""DRIVER""]","[""NONE"", ""UNKNOWN""]","[""2063575"", ""2063586""]","[""PASSENGER""]","[""PERSONAL""]","[""2020""]",[],[],"[""Y""]",[],[],"[""Y""]","[""Y""]",[],[],[],[],[],[],"[""Y""]","[""Y""]",[],['54'],"[""DEPLOYMENT UNKNOWN"", ""DID NOT DEPLOY""]","[""TEST NOT OFFERED""]","[""CHICAGO""]","[""2025-10-06T13:10:00.000""]","[""IMPROPER BACKING"", ""UNKNOWN""]","[""NOT OBSCURED"", ""UNKNOWN""]","[""D""]","[""IL""]","[""NONE""]",[],"[""O2164761"", ""O2164762""]","[""DRIVER""]","[""NORMAL"", ""UNKNOWN""]","[""SAFETY BELT USED"", ""USAGE UNKNOWN""]","[""M"", ""X""]","[""IL""]","[""2063575"", ""2063586""]","[""60621""]",[],[],[],[],[],[],2025,10,13,6,False,afternoon,41.76,-87.63,41.76_-87.63,54.0,54,54,OTHER,0
STRAIGHT AND LEVEL,634,2025-10-06 13:10:00,2,13,10,0F1630A402CBC34E244B1E5D9FD6B82A764F8472E9E7790445A436DE272B54D1F6D830618E6F7B91FDC0F3F4C31C3B5FE97AA2383FE5C96E451DFDF0C308D41E,NO INJURY / DRIVE AWAY,"OVER $1,500",FUNCTIONING PROPERLY,SIDESWIPE SAME DIRECTION,41.7358683795,DAYLIGHT,-87.632413342,2,30,IMPROPER LANE USAGE,UNKNOWN,UNKNOWN,NOT APPLICABLE,W,321,TRAFFIC SIGNAL,DIVIDED - W/MEDIAN BARRIER,CLEAR,0.0,0.0,0.0,0.0,0.0,1.0,1,1,"[""Y""]","[""Y""]",[],"[""2025-10-06T13:10:00.000""]","[""2164794"", ""2164795""]","[""SIDE-LEFT"", ""SIDE-RIGHT""]","[""IL""]","[""DODGE"", ""TOYOTA""]","[""STRAIGHT AHEAD""]","[""GRAND CARAVAN"", ""RAV4""]","[""1""]","[""E""]","[""1"", ""2""]","[""DRIVER""]","[""UNKNOWN""]","[""2063597"", ""2063603""]","[""SPORT UTILITY VEHICLE (SUV)"", ""VAN/MINI-VAN""]","[""UNKNOWN/NA""]","[""2018"", ""2019""]","[""Y""]",[],[],[],[],[],[],[],[],[],[],[],[],[],[],[],['74'],"[""DEPLOYMENT UNKNOWN"", ""DID NOT DEPLOY""]","[""TEST NOT OFFERED""]","[""CHICAGO""]","[""2025-10-06T13:10:00.000""]","[""FAILED TO YIELD"", ""NONE""]","[""UNKNOWN""]","[""D""]","[""IL""]","[""NONE""]",[],"[""O2164794"", ""O2164795""]","[""DRIVER""]","[""NORMAL"", ""UNKNOWN""]","[""SAFETY BELT USED"", ""USAGE UNKNOWN""]","[""M""]","[""IL""]","[""2063597"", ""2063603""]","[""60617""]",[],[],[],[],[],[],2025,10,13,6,False,afternoon,41.74,-87.63,41.74_-87.63,74.0,74,74,OTHER,0
STRAIGHT AND LEVEL,1221,2025-10-06 13:00:00,2,13,10,228179E07A6B77948364A0EBE45BB4EC723A9467132D9B7A575C2A1F5C06B95A0E3CB8E9893D4476BFE2E4D3B9CEAB0CC20D2B96777D78B26757016F4B6F8A03,NO INJURY / DRIVE AWAY,"OVER $1,500",NO CONTROLS,TURNING,41.8905909609,DAYLIGHT,-87.6843072567,2,30,UNABLE TO DETERMINE,NO DEFECTS,DRY,UNABLE TO DETERMINE,W,2301,NO CONTROLS,NOT DIVIDED,CLEAR,0.0,0.0,0.0,0.0,0.0,1.0,1,2,"[""Y""]","[""Y""]",[],"[""2025-10-06T13:00:00.000""]","[""2164726"", ""2164727""]","[""FRONT-RIGHT-CORNER"", ""REAR-RIGHT-CORNER""]","[""IL""]","[""CHEVROLET"", ""DODGE""]","[""STRAIGHT AHEAD"", ""TURNING LEFT""]","[""CHALLENGER"", ""TRAIL BLAZER""]","[""1"", ""2""]","[""NE"", ""W""]","[""1"", ""2""]","[""DRIVER""]","[""NONE""]","[""2063555"", ""2063567""]","[""PASSENGER""]","[""PERSONAL""]","[""2004"", ""2023""]",[],"[""Y""]",[],[],[],[],[],[],[],[],"[""1""]",[],[],"[""Y""]",[],[],"['62', '66']","[""DID NOT DEPLOY""]","[""TEST NOT OFFERED""]","[""CHICAGO""]","[""2025-10-06T13:00:00.000""]","[""NONE""]","[""NOT OBSCURED""]","[""D""]","[""IL""]","[""NONE""]",[],"[""O2164726"", ""O2164727"", ""P477736""]","[""DRIVER"", ""PASSENGER""]","[""NORMAL""]","[""SAFETY BELT USED""]","[""F"", ""M""]","[""IL""]","[""2063555"", ""2063567""]","[""60607"", ""60617""]",[],"[""3""]",[],[],[],[],2025,10,13,6,False,afternoon,41.89,-87.68,41.89_-87.68,64.0,62,66,OTHER,0
STRAIGHT AND LEVEL,821,2025-10-06 13:00:00,2,13,10,FF5CC777C282D9A742048A47C1E5307EEF39667C3E8A2BB5532451232A77438A5017023E37A0FE23DB684EC1D85CB0722EB92A0C6E3577BD1725F4AE1CF50D3A,NO INJURY / DRIVE AWAY,"OVER $1,500",NO CONTROLS,SIDESWIPE SAME DIRECTION,41.8082165356,DAYLIGHT,-87.7049592901,2,30,ROAD CONSTRUCTION/MAINTENANCE,OTHER,UNKNOWN,NOT APPLICABLE,W,3222,NO CONTROLS,NOT DIVIDED,CLEAR,0.0,0.0,0.0,0.0,0.0,1.0,1,2,"[""Y""]",[],[],"[""2025-10-06T13:00:00.000""]","[""2164733"", ""2164734""]","[""FRONT-RIGHT-CORNER"", ""SIDE-LEFT""]","[""IL""]","[""HONDA""]","[""AVOIDING VEHICLES/OBJECTS"", ""PASSING/OVERTAKING""]","[""ACCORD"", ""CIVIC""]","[""1""]","[""W""]","[""1"", ""2""]","[""DRIVER""]","[""NONE""]","[""2063540"", ""2063547""]","[""PASSENGER""]","[""PERSONAL""]","[""2012"", ""2014""]",[],[],[],[],[],[],[],"[""Y""]","[""Y""]",[],[],[],[],[],[],[],"['24', '31']","[""DID NOT DEPLOY""]","[""TEST NOT OFFERED""]","[""CHICAGO""]","[""2025-10-06T13:00:00.000""]","[""IMPROPER PASSING"", ""OTHER""]","[""NOT OBSCURED""]",[],"[""IL""]","[""NONE""]",[],"[""O2164733"", ""O2164734""]","[""DRIVER""]","[""NORMAL""]","[""SAFETY BELT USED"", ""USAGE UNKNOWN""]","[""M""]","[""IL""]","[""2063540"", ""2063547""]","[""60629"", ""60632""]",[],[],[],[],[],[],2025,10,13,6,False,afternoon,41.81,-87.7,41.81_-87.7,27.5,24,31,OTHER,0
STRAIGHT AND LEVEL,123,2025-10-06 13:00:00,2,13,10,8DFF2D2F6271543582B6D03FCE5A509E57E411EB48E1540F34E933924C66109BE53891111AD2A9C1D06E5764A2DE8D16579A91B464BCF4116C1820881F5432A8,NO INJURY / DRIVE AWAY,"OVER $1,500",FUNCTIONING PROPERLY,PEDALCYCLIST,41.8691766697,DAYLIGHT,-87.626019153,2,30,UNABLE TO DETERMINE,NO DEFECTS,DRY,UNABLE TO DETERMINE,S,1100,TRAFFIC SIGNAL,NOT DIVIDED,CLEAR,0.0,0.0,0.0,0.0,0.0,1.0,2,1,[],[],[],"[""2025-10-06T13:00:00.000""]","[""2164773"", ""2164774""]","[""SIDE-LEFT-REAR""]","[""IL""]","[""JEEP""]","[""TURNING LEFT""]","[""GRAND CHEROKEE""]","[""1""]","[""E""]","[""1"", ""2""]","[""BICYCLE"", ""DRIVER""]","[""NONE""]","[""2063596""]","[""PASSENGER""]","[""PERSONAL""]",[],"[""Y""]","[""Y""]",[],[],[],[],[],[],[],[],[],[],[],[],[],[],['60'],"[""NOT APPLICABLE""]","[""TEST NOT OFFERED""]","[""ALSIP"", ""CHICAGO""]","[""2025-10-06T13:00:00.000""]","[""FOLLOWED TOO CLOSELY"", ""NONE""]","[""NOT OBSCURED""]","[""D""]","[""IL""]","[""NONE""]",[],"[""O2164773"", ""O2164774""]","[""BICYCLE"", ""DRIVER""]","[""NORMAL""]","[""BICYCLE HELMET (PEDACYCLIST INVOLVED ONLY)"", ""USAGE UNKNOWN""]","[""M""]","[""IL""]","[""2063596""]","[""60644"", ""60803""]",[],[],"[""OTHER ACTION""]","[""IN ROADWAY""]","[""NO CONTRASTING CLOTHING""]",[],2025,10,13,6,False,afternoon,41.87,-87.63,41.87_-87.63,60.0,60,60,OTHER,0