alignment,beat_of_occurrence,crash_date,crash_day_of_week,crash_hour,crash_month,crash_record_id,crash_type,damage,device_condition,first_crash_type,latitude,lighting_condition,longitude,num_units,posted_speed_limit,prim_contributory_cause,road_defect,roadway_surface_cond,sec_contributory_cause,street_direction,street_no,traffic_control_device,trafficway_type,weather_condition,private_property_i,hit_and_run_i,intersection_related_i,crash_date_est_i,work_zone_i,workers_present_i,veh_count,ppl_count,veh_area_01_i_list_json,veh_area_02_i_list_json,veh_area_12_i_list_json,veh_crash_date_list_json,veh_crash_unit_id_list_json,veh_first_contact_point_list_json,veh_lic_plate_state_list_json,veh_make_list_json,veh_maneuver_list_json,veh_model_list_json,veh_occupant_cnt_list_json,veh_travel_direction_list_json,veh_unit_no_list_json,veh_unit_type_list_json,veh_vehicle_defect_list_json,veh_vehicle_id_list_json,veh_vehicle_type_list_json,veh_vehicle_use_list_json,veh_vehicle_year_list_json,veh_area_03_i_list_json,veh_area_04_i_list_json,veh_area_11_i_list_json,veh_towed_by_list_json,veh_towed_i_list_json,veh_area_07_i_list_json,veh_area_99_i_list_json,veh_area_09_i_list_json,veh_area_10_i_list_json,veh_cmrc_veh_i_list_json,veh_num_passengers_list_json,veh_area_08_i_list_json,veh_area_00_i_list_json,veh_area_05_i_list_json,veh_area_06_i_list_json,veh_towed_to_list_json,ppl_age_list_json,ppl_airbag_deployed_list_json,ppl_bac_result_list_json,ppl_city_list_json,ppl_crash_date_list_json,ppl_driver_action_list_json,ppl_driver_vision_list_json,ppl_drivers_license_class_list_json,ppl_drivers_license_state_list_json,ppl_ejection_list_json,ppl_hospital_list_json,ppl_person_id_list_json,ppl_person_type_list_json,ppl_physical_condition_list_json,ppl_safety_equipment_list_json,ppl_sex_list_json,ppl_state_list_json,ppl_vehicle_id_list_json,ppl_zipcode_list_json,ppl_ems_agency_list_json,ppl_seat_no_list_json,ppl_pedpedal_action_list_json,ppl_pedpedal_location_list_json,ppl_pedpedal_visibility_list_json,ppl_ems_run_no_list_json,year,month,hour,day,is_weekend,hour_bin,lat_bin,lng_bin,grid_id,ppl_age_mean,ppl_age_min,ppl_age_max,prim_contributory_cause_group,ksi_flag
STRAIGHT AND LEVEL,1023,2025-10-06 13:00:00,2,13,10,4B84794B7AA74C617710C6BA1D208438E189AF16EDEEC723990AB53763AD4300F906F3F6A4F29593A352CD729CC076EEE2E1747A365B55B52CECEA2BB137FA92,NO INJURY / DRIVE AWAY,$500 OR LESS,NO CONTROLS,PARKED MOTOR VEHICLE,41.8622732257,DAYLIGHT,-87.6927031911,2,25,UNABLE TO DETERMINE,NO DEFECTS,DRY,UNABLE TO DETERMINE,W,2653,NO CONTROLS,NOT DIVIDED,CLEAR,0.0,0.0,1.0,0.0,0.0,1.0,2,1,[],"[""Y""]",[],"[""2025-10-06T13:00:00.000""]","[""2164712"", ""2164713""]","[""SIDE-LEFT"", ""SIDE-RIGHT""]","[""IL""]","[""FORD"", ""GENERAL MOTORS CORPORATION (GMC)""]","[""PARKED"", ""STRAIGHT AHEAD""]","[""ACADIA"", ""TRANSIT""]","[""1""]","[""S""]","[""1"", ""2""]","[""DRIVER"", ""PARKED""]","[""NONE""]","[""2063517"", ""2063525""]","[""SPORT UTILITY VEHICLE (SUV)"", ""VAN/MINI-VAN""]","[""OTHER"", ""PERSONAL""]","[""2012"", ""2017""]",[],[],[],[],[],[],[],[],"[""Y""]",[],"[""1""]",[],[],[],[],[],['50'],"[""DEPLOYMENT UNKNOWN"", ""NOT APPLICABLE""]","[""TEST NOT OFFERED""]","[""CHICAGO""]","[""2025-10-06T13:00:00.000""]","[""NONE""]","[""UNKNOWN""]",[],[],"[""NONE""]",[],"[""O2164712"", ""P477726""]","[""DRIVER"", ""PASSENGER""]","[""UNKNOWN""]","[""SAFETY BELT USED"", ""USAGE UNKNOWN""]","[""F"", ""M""]","[""IL""]","[""2063517"", ""2063525""]","[""60624""]",[],"[""1""]",[],[],[],[],2025,10,13,6,False,afternoon,41.86,-87.69,41.86_-87.69,50.0,50,50,OTHER,0
STRAIGHT AND LEVEL,1832,2025-10-06 12:55:00,2,12,10,C9D217821840AD826C52FB441197EB6D27BAEB44C26DFFA659C3F07CF69E81462B9211052EA19A560C86373754577360950369A935CC3ED73BC2E43BA9196C5B,INJURY AND / OR TOW DUE TO CRASH,"OVER $1,500",FUNCTIONING PROPERLY,SIDESWIPE SAME DIRECTION,41.8957431899,DAYLIGHT,-87.6312996333,2,25,IMPROPER OVERTAKING/PASSING,NO DEFECTS,DRY,IMPROPER OVERTAKING/PASSING,W,100,TRAFFIC SIGNAL,ONE-WAY,CLEAR,0.0,0.0,1.0,0.0,0.0,1.0,1,1,"[""Y""]","[""Y""]",[],"[""2025-10-06T12:55:00.000""]","[""2164708"", ""2164709""]","[""FRONT-LEFT-CORNER"", ""SIDE-RIGHT""]","[""IL""]","[""HYUNDAI"", ""VOLVO""]","[""PASSING/OVERTAKING"", ""STRAIGHT AHEAD""]","[""SANTA FE"", ""XC60""]","[""1"", ""2""]","[""S""]","[""1"", ""2""]","[""DRIVER""]","[""NONE"", ""UNKNOWN""]","[""2063519"", ""2063523""]","[""PASSENGER""]","[""PERSONAL"", ""RIDESHARE SERVICE""]",[],"[""Y""]","[""Y""]","[""Y""]","[""Owner""]","[""Y""]",[],[],[],"[""Y""]",[],"[""1""]",[],[],[],[],"[""Private""]",['31'],"[""NOT APPLICABLE""]","[""TEST NOT OFFERED""]","[""CHICAGO""]","[""2025-10-06T12:55:00.000""]","[""IMPROPER LANE CHANGE"", ""NONE""]","[""NOT OBSCURED""]","[""B"", ""C""]","[""IL"", ""TX""]","[""NONE""]",[],"[""O2164708"", ""O2164709"", ""P477730""]","[""DRIVER"", ""PASSENGER""]","[""NORMAL""]","[""NONE PRESENT"", ""SAFETY BELT USED""]","[""F"", ""M""]","[""IL""]","[""2063519"", ""2063523""]","[""60610""]",[],"[""6""]",[],[],[],[],2025,10,12,6,False,morning,41.9,-87.63,41.9_-87.63,31.0,31,31,OTHER,0
STRAIGHT AND LEVEL,1111,2025-10-06 12:53:00,2,12,10,2B8375848E03B4200CEEA6D4CCE9C157855CDDCE597C5C85C975A471F1CC4F7B36AFBAE3F55936C99E71BC9FC4F7C9F8135F08FD8FDBF6DDBC5E26FCAA27792D,NO INJURY / DRIVE AWAY,"OVER $1,500",FUNCTIONING PROPERLY,TURNING,41.8953814159,DAYLIGHT,-87.7311708968,2,30,IMPROPER TURNING/NO SIGNAL,NO DEFECTS,DRY,NOT APPLICABLE,W,4202,STOP SIGN/FLASHER,NOT DIVIDED,CLEAR,0.0,0.0,0.0,0.0,0.0,1.0,1,3,"[""Y""]",[],"[""Y""]","[""2025-10-06T12:53:00.000""]","[""2164755"", ""2164756""]","[""FRONT"", ""SIDE-LEFT""]","[""IL""]","[""FORD"", ""TOYOTA""]","[""STRAIGHT AHEAD"", ""U-TURN""]","[""CAMRY"", ""FUSION""]","[""1"", ""2""]","[""W""]","[""1"", ""2""]","[""DRIVER""]","[""NONE""]","[""2063569"", ""2063573""]","[""PASSENGER""]","[""PERSONAL""]","[""2010"", ""2011""]",[],[],"[""Y""]",[],[],[],[],"[""Y""]","[""Y""]",[],"[""1""]","[""Y""]",[],[],[],[],"['26', '33', '49']","[""NOT APPLICABLE""]","[""TEST NOT OFFERED""]","[""CHICAGO""]","[""2025-10-06T12:53:00.000""]","[""NONE"", ""OTHER""]","[""NOT OBSCURED""]","[""D""]","[""IL""]","[""NONE""]",[],"[""O2164755"", ""O2164756"", ""P477738""]","[""DRIVER"", ""PASSENGER""]","[""NORMAL""]","[""USAGE UNKNOWN""]","[""F"", ""M""]","[""IL""]","[""2063569"", ""2063573""]","[""60625"", ""60639""]",[],"[""3""]",[],[],[],[],2025,10,12,6,False,morning,41.9,-87.73,41.9_-87.73,36.0,26,49,OTHER,0
STRAIGHT AND LEVEL,432,2025-10-06 12:45:00,2,12,10,FBBBE3A514016383561840D9FC7A7B9D732842A7581A15CB7CCF9EDAC826073039F2A2653706168CE25D6A7FB1BE01876E1BDCD92C29B77A5C8A1FC87C3F0E76,NO INJURY / DRIVE AWAY,"OVER $1,500",NO CONTROLS,REAR END,41.7139801628,DAYLIGHT,-87.5376328154,2,30,FAILING TO REDUCE SPEED TO AVOID CRASH,NO DEFECTS,DRY,FOLLOWING TOO CLOSELY,E,3532,NO CONTROLS,NOT DIVIDED,CLEAR,0.0,0.0,0.0,0.0,0.0,1.0,1,2,[],[],"[""Y""]","[""2025-10-06T12:45:00.000""]","[""2165951"", ""2165952""]","[""FRONT"", ""REAR""]","[""IL""]","[""FORD"", ""VOLKSWAGEN""]","[""STRAIGHT AHEAD""]","[""EXPLORER"", ""PASSAT""]","[""1""]","[""W""]","[""1"", ""2""]","[""DRIVER""]","[""UNKNOWN""]","[""2064731"", ""2065217""]","[""PASSENGER""]","[""PERSONAL""]","[""2009"", ""2015""]",[],[],[],[],[],[],[],[],[],[],[],[],[],[],"[""Y""]",[],"['28', '62']","[""DID NOT DEPLOY""]","[""TEST NOT OFFERED""]","[""CHICAGO""]","[""2025-10-06T12:45:00.000""]","[""OTHER""]","[""NOT OBSCURED"", ""UNKNOWN""]","[""D""]","[""IL""]","[""NONE""]",[],"[""O2165951"", ""O2165952""]","[""DRIVER""]","[""NORMAL""]","[""SAFETY BELT USED""]","[""M""]","[""IL""]","[""2064731"", ""2065217""]","[""60617"", ""60623""]",[],[],[],[],[],[],2025,10,12,6,False,morning,41.71,-87.54,41.71_-87.54,45.0,28,62,SPEEDING,0
STRAIGHT AND LEVEL,1834,2025-10-06 12:40:00,2,12,10,8356A6B4B84920AD522844629BCDF055362ADDA57F4E3523D51B27573D4EF85A86E4A76C3CAC3BF6C77F1F98E652676050B8D4F9EAF5C7F3933B83F94974256A,NO INJURY / DRIVE AWAY,"$501 - $1,500",FUNCTIONING PROPERLY,TURNING,41.8950501453,DAYLIGHT,-87.6204706143,2,30,FOLLOWING TOO CLOSELY,NO DEFECTS,DRY,FOLLOWING TOO CLOSELY,N,700,TRAFFIC SIGNAL,NOT DIVIDED,CLEAR,0.0,1.0,1.0,0.0,0.0,1.0,1,1,[],"[""Y""]",[],"[""2025-10-06T12:40:00.000""]","[""2164716"", ""2164717""]","[""SIDE-RIGHT"", ""UNKNOWN""]","[""IL"", ""MI""]","[""JEEP"", ""SUBARU""]","[""STRAIGHT AHEAD"", ""TURNING RIGHT""]","[""COMPASS"", ""OUTBACK""]","[""1""]","[""N"", ""S""]","[""1"", ""2""]","[""DRIVER""]","[""UNKNOWN""]","[""2063526"", ""2063534""]","[""PASSENGER""]","[""PERSONAL"", ""UNKNOWN/NA""]","[""2018"", ""2025""]","[""Y""]","[""Y""]",[],[],[],[],"[""Y""]",[],[],[],[],[],[],"[""Y""]",[],[],['27'],"[""DEPLOYMENT UNKNOWN"", ""DID NOT DEPLOY""]","[""TEST NOT OFFERED""]","[""CHICAGO"", ""UNKNOWN""]","[""2025-10-06T12:40:00.000""]","[""NONE"", ""OTHER""]","[""UNKNOWN""]","[""D""]","[""IL""]","[""NONE""]",[],"[""O2164716"", ""O2164717""]","[""DRIVER""]","[""NORMAL"", ""UNKNOWN""]","[""USAGE UNKNOWN""]","[""F"", ""M""]","[""IL"", ""XX""]","[""2063526"", ""2063534""]","[""60640""]",[],[],[],[],[],[],2025,10,12,6,False,morning,41.9,-87.62,41.9_-87.62,27.0,27,27,FOLLOWING TOO CLOSELY,0
STRAIGHT AND LEVEL,213,2025-10-06 12:40:00,2,12,10,9F6A6AB08BDD736384FBC334AD47F5D584B6EED3A90DE31407FA86ABFD9C010FCA014EFCC9D73B0606B752B365A157018BDD6F89646D8BBCBF475F3DC58198C6,INJURY AND / OR TOW DUE TO CRASH,"OVER $1,500",NO CONTROLS,TURNING,41.8300705597,DAYLIGHT,-87.6267654293,2,35,IMPROPER TURNING/NO SIGNAL,NO DEFECTS,DRY,FAILING TO YIELD RIGHT-OF-WAY,S,3530,NO CONTROLS,NOT DIVIDED,CLEAR,0.0,0.0,0.0,0.0,0.0,1.0,1,4,"[""Y""]","[""Y""]","[""Y""]","[""2025-10-06T12:40:00.000""]","[""2164839"", ""2164840""]","[""FRONT"", ""SIDE-RIGHT""]","[""IL"", ""IN""]","[""HONDA"", ""NISSAN""]","[""STRAIGHT AHEAD"", ""U-TURN""]","[""HR-V"", ""SENTRA""]","[""1"", ""3""]","[""S""]","[""1"", ""2""]","[""DRIVER""]","[""NONE""]","[""2063686"", ""2063702""]","[""PASSENGER""]","[""PERSONAL"", ""POLICE""]","[""2021"", ""2024""]","[""Y""]","[""Y""]","[""Y""]","[""ONSITE TOWING & RECOVERY""]","[""Y""]",[],[],[],"[""Y""]",[],"[""2""]",[],[],"[""Y""]",[],[],"['2', '32', '37', '55']","[""DEPLOYED, COMBINATION"", ""DEPLOYED, SIDE""]","[""TEST NOT OFFERED""]","[""CHICAGO""]","[""2025-10-06T12:40:00.000""]","[""IMPROPER TURN"", ""OTHER""]","[""NOT OBSCURED"", ""PARKED VEHICLES""]","[""B""]","[""IL""]","[""NONE""]","[""INSIGHT"", ""RUSH"", ""UIC""]","[""O2164839"", ""O2164840"", ""P477753"", ""P477755""]","[""DRIVER"", ""PASSENGER""]","[""NORMAL""]","[""SAFETY BELT USED""]","[""F"", ""M""]","[""IL""]","[""2063686"", ""2063702""]","[""60637"", ""60653""]","[""CFD AMB 35"", ""CFD AMB 4""]","[""3"", ""6""]",[],[],[],[],2025,10,12,6,False,morning,41.83,-87.63,41.83_-87.63,31.5,2,55,OTHER,1
STRAIGHT AND LEVEL,2013,2025-10-06 12:30:00,2,12,10,FF9CD80FB969CC08E61643CF95FCF70DC2E592EFFA4E45178A6C08054C9BA70783A039A93EF96E7112FB90E3A6DF04877E5831EAE093125D93400FA81A9FE9E0,NO INJURY / DRIVE AWAY,"$501 - $1,500",FUNCTIONING PROPERLY,REAR END,41.9875557838,DAYLIGHT,-87.6667194013,2,30,FOLLOWING TOO CLOSELY,NO DEFECTS,DRY,NOT APPLICABLE,N,5816,TRAFFIC SIGNAL,FOUR WAY,CLEAR,0.0,0.0,1.0,0.0,0.0,1.0,1,2,[],[],[],"[""2025-10-06T12:30:00.000""]","[""2164722"", ""2164723""]","[""FRONT"", ""REAR""]","[""IL""]","[""BUICK"", ""HYUNDAI""]","[""SLOW/STOP IN TRAFFIC"", ""STRAIGHT AHEAD""]","[""LACROSSE"", ""VENUE""]","[""1""]","[""NW""]","[""1"", ""2""]","[""DRIVER""]","[""NONE""]","[""2063527"", ""2063535""]","[""PASSENGER""]","[""PERSONAL"", ""UNKNOWN/NA""]","[""2014"", ""2023""]",[],[],[],[],[],[],[],[],[],[],[],[],"[""Y""]",[],"[""Y""]",[],"['34', '75']","[""NOT APPLICABLE""]","[""TEST NOT OFFERED""]","[""CHICAGO""]","[""2025-10-06T12:30:00.000""]","[""FOLLOWED TOO CLOSELY"", ""NONE""]","[""NOT OBSCURED""]","[""D""]","[""IL""]","[""NONE""]",[],"[""O2164722"", ""O2164723""]","[""DRIVER""]","[""NORMAL""]","[""SAFETY BELT USED""]","[""F"", ""M""]","[""IL""]","[""2063527"", ""2063535""]","[""60626"", ""60640""]",[],[],[],[],[],[],2025,10,12,6,False,morning,41.99,-87.67,41.99_-87.67,54.5,34,75,FOLLOWING TOO CLOSELY,0
STRAIGHT AND LEVEL,1533,2025-10-06 12:30:00,2,12,10,C08CF2E44AFEC602B6181223C911C0461287B38548D456DC6B7D4F8C8FF24FF5CD6125D63205E8EF64CF6FAF448EF619AF9D38309A28B741A5B78D85673A176B,NO INJURY / DRIVE AWAY,"OVER $1,500",NO CONTROLS,PARKED MOTOR VEHICLE,41.8816071764,DAYLIGHT,-87.7529630266,2,30,UNABLE TO DETERMINE,NO DEFECTS,DRY,NOT APPLICABLE,W,5107,NO CONTROLS,NOT DIVIDED,CLEAR,0.0,1.0,0.0,1.0,0.0,1.0,2,0,"[""Y""]",[],[],"[""2025-10-06T12:30:00.000""]","[""2164869"", ""2164870""]","[""UNKNOWN""]","[""IL""]","[""NISSAN"", ""UNKNOWN""]","[""PARKED"", ""UNKNOWN/NA""]","[""ALTIMA"", ""MOTORIZED""]","[""0"", ""1""]","[""E"", ""UNKNOWN""]","[""1"", ""2""]","[""DRIVER"", ""PARKED""]","[""NONE"", ""UNKNOWN""]","[""2063668"", ""2063673""]","[""PASSENGER"", ""UNKNOWN/NA""]","[""PERSONAL"", ""UNKNOWN/NA""]","[""2018""]",[],[],[],[],[],[],"[""Y""]",[],[],[],[],[],[],[],[],[],[],"[""DEPLOYMENT UNKNOWN""]","[""TEST NOT OFFERED""]",[],"[""2025-10-06T12:30:00.000""]","[""UNKNOWN""]","[""UNKNOWN""]",[],[],"[""UNKNOWN""]",[],"[""O2164869""]","[""DRIVER""]","[""UNKNOWN""]","[""USAGE UNKNOWN""]","[""X""]",[],"[""2063668""]",[],[],[],[],[],[],[],2025,10,12,6,False,morning,41.88,-87.75,41.88_-87.75,0.0,0,0,OTHER,0
STRAIGHT AND LEVEL,1611,2025-10-06 12:30:00,2,12,10,1761882F0B2EC082CD3DF96B6803BBD6556C53B0B71E0D0D32B825192E702928A0E434B7B83301A8A58B22BBFE7B1CDD140C655E3934F5884C67731AF856DA9E,NO INJURY / DRIVE AWAY,"OVER $1,500",NO CONTROLS,ANGLE,41.997879311,DAYLIGHT,-87.8068505411,2,30,IMPROPER LANE USAGE,NO DEFECTS,DRY,NOT APPLICABLE,W,7200,NO CONTROLS,NOT DIVIDED,CLEAR,0.0,1.0,0.0,0.0,0.0,1.0,1,1,"[""Y""]",[],[],"[""2025-10-06T12:30:00.000""]","[""2164763"", ""2164764""]","[""SIDE-LEFT-REAR"", ""SIDE-RIGHT-FRONT""]","[""IL""]","[""CHEVROLET""]","[""CHANGING LANES"", ""STRAIGHT AHEAD""]","[""OTHER (EXPLAIN IN NARRATIVE)"", ""TAHOE""]","[""1""]","[""E"", ""NE""]","[""1"", ""2""]","[""DRIVER""]","[""NONE""]","[""2063572"", ""2063576""]","[""SPORT UTILITY VEHICLE (SUV)""]","[""OTHER"", ""UNKNOWN/NA""]","[""2016"", ""2021""]",[],[],[],[],[],"[""Y""]",[],[],[],[],[],"[""Y""]",[],[],[],[],['64'],"[""DEPLOYMENT UNKNOWN"", ""NOT APPLICABLE""]","[""TEST NOT OFFERED""]","[""CHICAGO""]","[""2025-10-06T12:30:00.000""]","[""IMPROPER LANE CHANGE"", ""NONE""]","[""NOT OBSCURED"", ""UNKNOWN""]","[""D""]","[""IL""]","[""NONE""]",[],"[""O2164763"", ""O2164764""]","[""DRIVER""]","[""NORMAL"", ""UNKNOWN""]","[""SAFETY BELT USED"", ""USAGE UNKNOWN""]","[""M""]","[""IL""]","[""2063572"", ""2063576""]","[""60659""]",[],[],[],[],[],[],2025,10,12,6,False,morning,42.0,-87.81,42.0_-87.81,64.0,64,64,OTHER,0
STRAIGHT AND LEVEL,1611,2025-10-06 12:26:00,2,12,10,61CACC7380A455B2AEC93E63637B9ABC84DFCB069E468940F2A4EEAA3A842F4ECB1F85F64641FC4FF60D8A3E7159C70BFC895269D4E38528176DE61633CF4048,NO INJURY / DRIVE AWAY,"$501 - $1,500",NO CONTROLS,SIDESWIPE SAME DIRECTION,41.9976627542,DAYLIGHT,-87.8066931859,2,30,UNABLE TO DETERMINE,NO DEFECTS,DRY,NOT APPLICABLE,W,7155,NO CONTROLS,NOT DIVIDED,CLEAR,0.0,1.0,0.0,0.0,0.0,1.0,1,3,"[""Y""]",[],[],"[""2025-10-06T12:26:00.000""]","[""2164747"", ""2164748""]","[""SIDE-LEFT-REAR"", ""SIDE-RIGHT-FRONT""]","[""IL""]","[""CHEVROLET""]","[""STRAIGHT AHEAD"", ""UNKNOWN/NA""]","[""SUBURBAN"", ""TAHOE""]","[""1"", ""3""]","[""E""]","[""1"", ""2""]","[""DRIVER""]","[""NONE"", ""UNKNOWN""]","[""2063551"", ""2063553""]","[""SPORT UTILITY VEHICLE (SUV)""]","[""PERSONAL"", ""UNKNOWN/NA""]","[""2016""]",[],[],[],[],[],"[""Y""]",[],[],[],[],"[""2""]",[],[],[],[],[],"['42', '47', '8']","[""DEPLOYMENT UNKNOWN"", ""NOT APPLICABLE""]","[""TEST NOT OFFERED""]","[""CHICAGO""]","[""2025-10-06T12:26:00.000""]","[""NONE"", ""UNKNOWN""]","[""NOT OBSCURED"", ""UNKNOWN""]",[],"[""IL""]","[""NONE""]",[],"[""O2164747"", ""O2164748"", ""P477825"", ""P477826""]","[""DRIVER"", ""PASSENGER""]","[""NORMAL"", ""UNKNOWN""]","[""USAGE UNKNOWN""]","[""F"", ""M""]","[""IL""]","[""2063551"", ""2063553""]","[""60631""]",[],"[""3"", ""6""]",[],[],[],[],2025,10,12,6,False,morning,42.0,-87.81,42.0_-87.81,32.333333333333336,8,47,OTHER,0
STRAIGHT AND LEVEL,823,2025-10-06 12:23:00,2,12,10,FD7E3FB7996ED18990007529AFB5928453618B960F472977C702C41869268C9B519070307FF1E10CCCABDBD6744A9ADA0579E3A9F528610DB89F23B41D33131A,NO INJURY / DRIVE AWAY,"OVER $1,500",NO CONTROLS,ANIMAL,41.7817970433,DAYLIGHT,-87.7043918376,1,30,ANIMAL,NO DEFECTS,DRY,NOT APPLICABLE,W,3228,NO CONTROLS,ONE-WAY,CLEAR,0.0,1.0,0.0,0.0,0.0,1.0,1,0,[],[],[],"[""2025-10-06T12:23:00.000""]","[""2164976""]","[""UNKNOWN""]","[""IL""]","[""FORD""]","[""STRAIGHT AHEAD""]","[""OTHER (EXPLAIN IN NARRATIVE)""]","[""1""]","[""W""]","[""1""]","[""DRIVER""]","[""NONE""]","[""2063779""]","[""PASSENGER""]","[""PERSONAL""]","[""2012""]",[],[],[],[],[],[],"[""Y""]",[],[],[],[],[],[],[],[],[],[],"[""DEPLOYMENT UNKNOWN""]","[""TEST NOT OFFERED""]",[],"[""2025-10-06T12:23:00.000""]","[""NONE""]","[""UNKNOWN""]",[],[],"[""NONE""]",[],"[""O2164976""]","[""DRIVER""]","[""UNKNOWN""]","[""USAGE UNKNOWN""]","[""F""]",[],"[""2063779""]",[],[],[],[],[],[],[],2025,10,12,6,False,morning,41.78,-87.7,41.78_-87.7,0.0,0,0,OTHER,0
STRAIGHT AND LEVEL,932,2025-10-06 12:15:00,2,12,10,B507564CE22273BEEB631F26F9591698388CCBE19C4DF5C0C1608274F6B02A35E39547A88130A14DD61550FB73C375E7BDB25A7C9E68FBE4D6A60E9B59AA6C44,INJURY AND / OR TOW DUE TO CRASH,"OVER $1,500",FUNCTIONING PROPERLY,TURNING,41.7940133348,DAYLIGHT,-87.6741591019,2,30,FAILING TO YIELD RIGHT-OF-WAY,NO DEFECTS,DRY,FAILING TO YIELD RIGHT-OF-WAY,S,5459,TRAFFIC SIGNAL,NOT DIVIDED,CLEAR,0.0,0.0,1.0,1.0,0.0,1.0,1,2,"[""Y""]","[""Y""]","[""Y""]","[""2025-10-06T12:15:00.000""]","[""2164691"", ""2164692""]","[""FRONT"", ""REAR-RIGHT-CORNER""]","[""IL""]","[""CHEVROLET"", ""KIA""]","[""STRAIGHT AHEAD"", ""TURNING LEFT""]","[""FORTE"", ""OTHER (EXPLAIN IN NARRATIVE)""]","[""1"", ""2""]","[""NW"", ""S""]","[""1"", ""2""]","[""DRIVER""]","[""NONE""]","[""2063500"", ""2063508""]","[""PASSENGER"", ""PICKUP""]","[""PERSONAL""]","[""2021"", ""2022""]","[""Y""]","[""Y""]","[""Y""]","[""INSURANCE""]","[""Y""]",[],[],[],[],[],"[""1""]",[],[],"[""Y""]",[],"[""UNK""]","['23', '32']","[""DID NOT DEPLOY""]","[""TEST NOT OFFERED"", ""TEST REFUSED""]","[""CHICAGO"", ""EVERGREEN PARK"", ""SOUTH BEND""]","[""2025-10-06T12:15:00.000""]","[""FAILED TO YIELD"", ""NONE""]","[""NOT OBSCURED""]","[""D""]","[""IL"", ""IN""]","[""NONE""]",[],"[""O2164691"", ""O2164692"", ""P477724""]","[""DRIVER"", ""PASSENGER""]","[""NORMAL""]","[""USAGE UNKNOWN""]","[""F"", ""M""]","[""IL"", ""IN""]","[""2063500"", ""2063508""]","[""46601"", ""60629"", ""60805""]",[],"[""3""]",[],[],[],[],2025,10,12,6,False,morning,41.79,-87.67,41.79_-87.67,27.5,23,32,FAILURE-TO-YIELD,0
STRAIGHT AND LEVEL,2221,2025-10-06 12:15:00,2,12,10,6306D9EDF23DB55EE60397EAEFA39377EB2A87BC5C3AFA47CCC5DDF8D06123607993452C2ABF20C12BB8FD9B7BC5DB8B1F955883BC73C1FA61F8A29626CB212B,NO INJURY / DRIVE AWAY,"OVER $1,500",NO CONTROLS,SIDESWIPE SAME DIRECTION,41.735576101,DAYLIGHT,-87.6710857089,2,30,FOLLOWING TOO CLOSELY,NO DEFECTS,DRY,UNABLE TO DETERMINE,S,8700,NO CONTROLS,NOT DIVIDED,CLEAR,0.0,0.0,1.0,0.0,0.0,1.0,1,2,"[""Y""]",[],[],"[""2025-10-06T12:15:00.000""]","[""2164683"", ""2164684""]","[""FRONT-LEFT-CORNER"", ""FRONT-RIGHT-CORNER""]","[""IL""]","[""LEXUS"", ""NISSAN""]","[""STRAIGHT AHEAD""]","[""RX350"", ""SENTRA""]","[""1""]","[""W""]","[""1"", ""2""]","[""DRIVER""]","[""NONE""]","[""2063497"", ""2063506""]","[""PASSENGER""]","[""PERSONAL""]","[""2017"", ""2019""]",[],[],"[""Y""]",[],[],[],[],[],[],[],[],[],[],[],[],[],"['0', '46']","[""NOT APPLICABLE""]","[""TEST NOT OFFERED""]","[""CHICAGO"", ""ROMEOVILLE""]","[""2025-10-06T12:15:00.000""]","[""FOLLOWED TOO CLOSELY"", ""UNKNOWN""]","[""NOT OBSCURED""]","[""D""]","[""IL""]","[""NONE""]",[],"[""O2164683"", ""O2164684""]","[""DRIVER""]","[""NORMAL""]","[""SAFETY BELT USED"", ""USAGE UNKNOWN""]","[""F"", ""M""]","[""IL""]","[""2063497"", ""2063506""]","[""60446"", ""60609""]",[],[],[],[],[],[],2025,10,12,6,False,morning,41.74,-87.67,41.74_-87.67,23.0,0,46,FOLLOWING TOO CLOSELY,0
STRAIGHT AND LEVEL,1225,2025-10-06 12:14:00,2,12,10,FACCCECB6D744AC5E5EC8D1018A3C46B07B963AC128CA62775F11B86F7F0E4DECA142986C2672D54AF50011BEB1ACDD166A4192B964C753000FACE81D8044F2F,NO INJURY / DRIVE AWAY,$500 OR LESS,NO CONTROLS,PARKED MOTOR VEHICLE,41.8708894961,DAYLIGHT,-87.6765126502,2,30,IMPROPER OVERTAKING/PASSING,NO DEFECTS,DRY,NOT APPLICABLE,S,820,NO CONTROLS,DIVIDED - W/MEDIAN (NOT RAISED),CLEAR,0.0,0.0,0.0,0.0,0.0,1.0,2,1,[],"[""Y""]",[],"[""2025-10-06T12:14:00.000""]","[""2164695"", ""2164696""]","[""FRONT-LEFT-CORNER"", ""FRONT-RIGHT-CORNER""]","[""IL""]","[""DODGE"", ""STAR""]","[""PARKED"", ""PASSING/OVERTAKING""]","[""CARAVAN"", ""STAR""]","[""0"", ""1""]","[""S""]","[""1"", ""2""]","[""DRIVER"", ""PARKED""]","[""NONE""]","[""2063501"", ""2063502""]","[""BUS UP TO 15 PASS.""]","[""SCHOOL BUS""]","[""2019"", ""2020""]",[],[],[],[],[],[],[],[],"[""Y""]",[],[],[],[],[],[],[],['53'],"[""DID NOT DEPLOY""]","[""TEST NOT OFFERED""]","[""CHICAGO""]","[""2025-10-06T12:14:00.000""]","[""IMPROPER PASSING""]","[""NOT OBSCURED""]","[""D""]","[""IL""]","[""NONE""]",[],"[""O2164695""]","[""DRIVER""]","[""NORMAL""]","[""SAFETY BELT USED""]","[""F""]","[""IL""]","[""2063501""]","[""60636""]",[],[],[],[],[],[],2025,10,12,6,False,morning,41.87,-87.68,41.87_-87.68,53.0,53,53,OTHER,0