alignment,beat_of_occurrence,crash_date,crash_day_of_week,crash_hour,crash_month,crash_record_id,crash_type,damage,device_condition,first_crash_type,latitude,lighting_condition,longitude,num_units,posted_speed_limit,prim_contributory_cause,road_defect,roadway_surface_cond,sec_contributory_cause,street_direction,street_no,traffic_control_device,trafficway_type,weather_condition,private_property_i,hit_and_run_i,intersection_related_i,crash_date_est_i,work_zone_i,workers_present_i,veh_count,ppl_count,veh_area_01_i_list_json,veh_area_02_i_list_json,veh_area_12_i_list_json,veh_crash_date_list_json,veh_crash_unit_id_list_json,veh_first_contact_point_list_json,veh_lic_plate_state_list_json,veh_make_list_json,veh_maneuver_list_json,veh_model_list_json,veh_occupant_cnt_list_json,veh_travel_direction_list_json,veh_unit_no_list_json,veh_unit_type_list_json,veh_vehicle_defect_list_json,veh_vehicle_id_list_json,veh_vehicle_type_list_json,veh_vehicle_use_list_json,veh_vehicle_year_list_json,veh_area_03_i_list_json,veh_area_04_i_list_json,veh_area_11_i_list_json,veh_towed_by_list_json,veh_towed_i_list_json,veh_area_07_i_list_json,veh_area_99_i_list_json,veh_area_09_i_list_json,veh_area_10_i_list_json,veh_cmrc_veh_i_list_json,veh_num_passengers_list_json,veh_area_08_i_list_json,veh_area_00_i_list_json,veh_area_05_i_list_json,veh_area_06_i_list_json,veh_towed_to_list_json,ppl_age_list_json,ppl_airbag_deployed_list_json,ppl_bac_result_list_json,ppl_city_list_json,ppl_crash_date_list_json,ppl_driver_action_list_json,ppl_driver_vision_list_json,ppl_drivers_license_class_list_json,ppl_drivers_license_state_list_json,ppl_ejection_list_json,ppl_hospital_list_json,ppl_person_id_list_json,ppl_person_type_list_json,ppl_physical_condition_list_json,ppl_safety_equipment_list_json,ppl_sex_list_json,ppl_state_list_json,ppl_vehicle_id_list_json,ppl_zipcode_list_json,ppl_ems_agency_list_json,ppl_seat_no_list_json,ppl_pedpedal_action_list_json,ppl_pedpedal_location_list_json,ppl_pedpedal_visibility_list_json,ppl_ems_run_no_list_json,year,month,hour,day,is_weekend,hour_bin,lat_bin,lng_bin,grid_id,ppl_age_mean,ppl_age_min,ppl_age_max,prim_contributory_cause_group,ksi_flag
STRAIGHT AND LEVEL,234,2025-10-06 12:14:00,2,12,10,279A320B07FABA952D9B5FC0D8A9F8F4ABBF0CECE29A2BEE1A4723BE000D4FB606DAF64F9632689707B5BDDB948047378A7A6980BB5B8DCD7EEFED25DF7AE591,NO INJURY / DRIVE AWAY,"OVER $1,500",NO CONTROLS,PARKED MOTOR VEHICLE,41.8018296312,DAYLIGHT,-87.5878260477,2,30,IMPROPER BACKING,NO DEFECTS,DRY,IMPROPER BACKING,S,5118,NO CONTROLS,NOT DIVIDED,CLEAR,0.0,1.0,0.0,0.0,0.0,1.0,2,0,[],[],"[""Y""]","[""2025-10-06T12:14:00.000""]","[""2164731"", ""2164732""]","[""FRONT"", ""REAR""]","[""IL""]","[""LEXUS"", ""SUBARU""]","[""BACKING"", ""PARKED""]","[""NX"", ""OTHER (EXPLAIN IN NARRATIVE)""]","[""0"", ""1""]","[""N"", ""S""]","[""1"", ""2""]","[""DRIVER"", ""PARKED""]","[""NONE""]","[""2063539"", ""2063546""]","[""PASSENGER""]","[""PERSONAL""]",[],[],[],[],[],[],[],[],[],[],[],[],[],[],[],"[""Y""]",[],[],"[""DEPLOYMENT UNKNOWN""]","[""TEST NOT OFFERED""]",[],"[""2025-10-06T12:14:00.000""]","[""IMPROPER BACKING""]","[""UNKNOWN""]",[],[],"[""NONE""]",[],"[""O2164731""]","[""DRIVER""]","[""UNKNOWN""]","[""USAGE UNKNOWN""]","[""X""]",[],"[""2063539""]",[],[],[],[],[],[],[],2025,10,12,6,False,morning,41.8,-87.59,41.8_-87.59,0.0,0,0,OTHER,0
STRAIGHT AND LEVEL,1115,2025-10-06 12:03:00,2,12,10,9ED66E3CF5712958090F3EB383A8CE7DA1A647B086D787DE5F6CB980F6B69356EC28FA6813B8C85174FA2AFDD03E8A067F8474C039BE7E0CFDA8B14F3AD02A5A,INJURY AND / OR TOW DUE TO CRASH,"OVER $1,500",FUNCTIONING PROPERLY,ANGLE,41.8771091982,DAYLIGHT,-87.7327799715,2,30,DISREGARDING STOP SIGN,NO DEFECTS,DRY,NOT APPLICABLE,W,4258,STOP SIGN/FLASHER,FOUR WAY,CLEAR,0.0,0.0,1.0,0.0,0.0,1.0,1,3,"[""Y""]","[""Y""]","[""N"", ""Y""]","[""2025-10-06T12:03:00.000""]","[""2164663"", ""2164664""]","[""FRONT"", ""SIDE-RIGHT""]","[""IL""]","[""CHEVROLET"", ""NISSAN""]","[""STRAIGHT AHEAD""]","[""EQUINOX"", ""SENTRA""]","[""1"", ""2""]","[""N"", ""W""]","[""1"", ""2""]","[""DRIVER""]","[""NONE""]","[""2063470"", ""2063475""]","[""PASSENGER"", ""VAN/MINI-VAN""]","[""PERSONAL""]","[""2010"", ""2024""]","[""Y""]","[""Y""]","[""N"", ""Y""]","[""OWNER""]","[""Y""]",[],[],[],[],[],"[""1""]",[],[],"[""Y""]",[],"[""UNK""]","['31', '57', '66']","[""DID NOT DEPLOY""]","[""TEST NOT OFFERED""]","[""BOLINGBROOK"", ""CHICAGO""]","[""2025-10-06T12:03:00.000""]","[""NONE"", ""UNKNOWN""]","[""NOT OBSCURED"", ""UNKNOWN""]","[""D""]","[""IL""]","[""NONE""]",[],"[""O2164663"", ""O2164664"", ""P477723""]","[""DRIVER"", ""PASSENGER""]","[""NORMAL""]","[""SAFETY BELT USED""]","[""F""]","[""IL""]","[""2063470"", ""2063475""]","[""60440"", ""60644""]",[],"[""6""]",[],[],[],[],2025,10,12,6,False,morning,41.88,-87.73,41.88_-87.73,51.333333333333336,31,66,OTHER,1
STRAIGHT AND LEVEL,1511,2025-10-06 11:50:00,2,11,10,A613427ACEA788D4A48DE6DA9540860D6B00204C44069AB2FE9D0563C603E40942CD0D88AE407DFB1B93EA2EAA3A2A5C56871F5F6996512BC4089AE020D223E4,NO INJURY / DRIVE AWAY,"OVER $1,500",NO CONTROLS,REAR TO REAR,41.9020321325,DAYLIGHT,-87.7658681318,2,30,UNABLE TO DETERMINE,NO DEFECTS,DRY,NOT APPLICABLE,W,5605,NO CONTROLS,PARKING LOT,CLEAR,0.0,0.0,0.0,0.0,0.0,1.0,1,2,[],[],[],"[""2025-10-06T11:50:00.000""]","[""2165211"", ""2165212""]","[""REAR""]","[""IL""]","[""CHEVROLET"", ""FORD""]","[""BACKING""]","[""F150"", ""IMPALA""]","[""1""]","[""N"", ""S""]","[""1"", ""2""]","[""DRIVER""]","[""NONE"", ""UNKNOWN""]","[""2063994"", ""2064003""]","[""PASSENGER"", ""PICKUP""]","[""PERSONAL""]","[""2013"", ""2018""]",[],[],[],[],[],"[""Y""]",[],[],[],[],[],[],[],"[""Y""]","[""Y""]",[],"['41', '53']","[""DID NOT DEPLOY""]","[""TEST NOT OFFERED""]","[""CHICAGO""]","[""2025-10-06T11:50:00.000""]","[""UNKNOWN""]","[""NOT OBSCURED""]","[""D""]","[""IL""]","[""NONE""]",[],"[""O2165211"", ""O2165212""]","[""DRIVER""]","[""NORMAL""]","[""SAFETY BELT USED""]","[""M""]","[""IL""]","[""2063994"", ""2064003""]","[""60639"", ""60651""]",[],[],[],[],[],[],2025,10,11,6,False,morning,41.9,-87.77,41.9_-87.77,47.0,41,53,OTHER,0
STRAIGHT AND LEVEL,833,2025-10-06 11:50:00,2,11,10,9D4BB15231DEBE3E0342AE8106D45DAB884EA2FC35EC1FC72DDD200EC2C2887402D3DC0C7CC41549066753CEFFB3D7ECED6D48D791301A598AFABE7E1A50FA51,NO INJURY / DRIVE AWAY,"OVER $1,500",NO CONTROLS,REAR END,41.7573805171,DAYLIGHT,-87.7414852913,3,35,FOLLOWING TOO CLOSELY,NO DEFECTS,DRY,UNABLE TO DETERMINE,S,7455,NO CONTROLS,NOT DIVIDED,CLEAR,0.0,0.0,0.0,0.0,0.0,1.0,1,3,[],[],"[""Y""]","[""2025-10-06T11:50:00.000""]","[""2164666"", ""2164667"", ""2164668""]","[""FRONT"", ""REAR""]","[""IL""]","[""AUDI"", ""FORD"", ""KIA""]","[""SLOW/STOP IN TRAFFIC"", ""STRAIGHT AHEAD""]","[""Q7"", ""SORENTO"", ""TAURUS""]","[""1""]","[""N""]","[""1"", ""2"", ""3""]","[""DRIVER""]","[""NONE""]","[""2063474"", ""2063480"", ""2063484""]","[""PASSENGER"", ""SPORT UTILITY VEHICLE (SUV)""]","[""PERSONAL""]","[""2003"", ""2008"", ""2017""]",[],[],[],[],[],[],[],[],[],[],[],[],[],[],"[""Y""]",[],"['22', '28', '50']","[""DID NOT DEPLOY""]","[""TEST NOT OFFERED""]","[""CHICAGO"", ""CHICAGOI""]","[""2025-10-06T11:50:00.000""]","[""FOLLOWED TOO CLOSELY"", ""NONE""]","[""NOT OBSCURED""]","[""D""]","[""IL""]","[""NONE""]","[""DNA""]","[""O2164666"", ""O2164667"", ""O2164668""]","[""DRIVER""]","[""NORMAL""]","[""SAFETY BELT USED""]","[""F"", ""M""]","[""IL""]","[""2063474"", ""2063480"", ""2063484""]","[""60619"", ""60629""]","[""DNA""]",[],[],[],[],[],2025,10,11,6,False,morning,41.76,-87.74,41.76_-87.74,33.333333333333336,22,50,FOLLOWING TOO CLOSELY,0
STRAIGHT AND LEVEL,1133,2025-10-06 11:45:00,2,11,10,9E62C34E9356C57A291259897CC68A139C737DC4F9485B35F963BD5F627D9DD99B3BD648898E2C221DE69BD3B3D4EDADEAC1A5BA5C9BAA0947662B80AC989089,INJURY AND / OR TOW DUE TO CRASH,"OVER $1,500",FUNCTIONING IMPROPERLY,ANGLE,41.867813189,DAYLIGHT,-87.7194263452,2,25,UNABLE TO DETERMINE,NO DEFECTS,DRY,UNABLE TO DETERMINE,S,1107,NO CONTROLS,NOT DIVIDED,CLEAR,0.0,0.0,0.0,0.0,0.0,1.0,1,1,"[""Y""]","[""Y""]","[""Y""]","[""2025-10-06T11:45:00.000""]","[""2164792"", ""2164793""]","[""SIDE-RIGHT"", ""UNKNOWN""]","[""IL""]","[""BUICK"", ""TOYOTA""]","[""CHANGING LANES"", ""STRAIGHT AHEAD""]","[""HIGHLANDER"", ""LACROSSE""]","[""1""]","[""N"", ""NW""]","[""1"", ""2""]","[""DRIVER""]","[""UNKNOWN""]","[""2063604"", ""2063619""]","[""PASSENGER""]","[""PERSONAL""]","[""2010"", ""2018""]","[""Y""]","[""Y""]",[],[],[],[],"[""Y""]",[],[],[],[],[],[],[],[],[],['22'],"[""DID NOT DEPLOY"", ""NOT APPLICABLE""]","[""TEST NOT OFFERED""]","[""CHICAGO""]","[""2025-10-06T11:45:00.000""]","[""IMPROPER LANE CHANGE"", ""NONE""]","[""UNKNOWN""]",[],"[""IL""]","[""NONE"", ""UNKNOWN""]",[],"[""O2164792"", ""O2164793""]","[""DRIVER""]","[""NORMAL"", ""UNKNOWN""]","[""USAGE UNKNOWN""]","[""M""]","[""IL""]","[""2063604"", ""2063619""]",[],[],[],[],[],[],[],2025,10,11,6,False,morning,41.87,-87.72,41.87_-87.72,22.0,22,22,OTHER,1
STRAIGHT AND LEVEL,611,2025-10-06 11:43:00,2,11,10,E09D8E8028A78FA84BF260AFB709C41D65AE4B153901DFF739641971A266C4C1923F9CFEA9C6BBCFA5E02A8B090F2FDB1A66D02FAED57F2CE704B418A6D23509,NO INJURY / DRIVE AWAY,"OVER $1,500",NO CONTROLS,PARKED MOTOR VEHICLE,41.7485030465,DAYLIGHT,-87.6750769471,2,15,UNABLE TO DETERMINE,NO DEFECTS,DRY,NOT APPLICABLE,W,2050,NO CONTROLS,ONE-WAY,CLEAR,0.0,1.0,0.0,0.0,0.0,1.0,2,0,[],[],"[""Y""]","[""2025-10-06T11:43:00.000""]","[""2164728"", ""2164729""]","[""FRONT-LEFT-CORNER"", ""REAR-RIGHT-CORNER""]","[""IL""]","[""NISSAN"", ""UNKNOWN""]","[""PARKED"", ""UNKNOWN/NA""]","[""OTHER (EXPLAIN IN NARRATIVE)"", ""ROGUE""]","[""0"", ""1""]","[""UNKNOWN""]","[""1"", ""2""]","[""DRIVER"", ""PARKED""]","[""UNKNOWN""]","[""2063537"", ""2063545""]","[""OTHER"", ""PASSENGER""]","[""STATE OWNED"", ""UNKNOWN/NA""]","[""2023""]",[],[],"[""Y""]",[],[],[],[],[],"[""Y""]","[""N""]",[],[],"[""Y""]",[],[],[],[],"[""DEPLOYMENT UNKNOWN""]","[""TEST NOT OFFERED""]",[],"[""2025-10-06T11:43:00.000""]","[""UNKNOWN""]","[""UNKNOWN""]",[],[],"[""NONE""]",[],"[""O2164728""]","[""DRIVER""]","[""UNKNOWN""]","[""USAGE UNKNOWN""]","[""X""]",[],"[""2063537""]",[],[],[],[],[],[],[],2025,10,11,6,False,morning,41.75,-87.68,41.75_-87.68,0.0,0,0,OTHER,0
STRAIGHT AND LEVEL,2211,2025-10-06 11:30:00,2,11,10,F73FD6DFF1AE40A61D22FECA3DB8D33EFFACEFECB2225C1B11ED0406538C024151BCB1A3D05A7421000239899009EFCA536C334C0DBCBF504FC9737CA69855A0,NO INJURY / DRIVE AWAY,"OVER $1,500",NO CONTROLS,REAR END,41.7078225527,DAYLIGHT,-87.6818120913,2,30,UNABLE TO DETERMINE,UNKNOWN,UNKNOWN,UNABLE TO DETERMINE,S,10210,NO CONTROLS,NOT DIVIDED,CLEAR,0.0,1.0,0.0,0.0,1.0,1.0,1,1,[],[],"[""Y""]","[""2025-10-06T11:30:00.000""]","[""2164671"", ""2164672""]","[""FRONT"", ""REAR""]","[""IL""]","[""CHEVROLET"", ""DODGE""]","[""STRAIGHT AHEAD""]","[""CHALLENGER"", ""TRAX""]","[""1""]","[""S""]","[""1"", ""2""]","[""DRIVER""]","[""UNKNOWN""]","[""2063476"", ""2063482""]","[""PASSENGER"", ""SPORT UTILITY VEHICLE (SUV)""]","[""PERSONAL""]","[""2021"", ""2025""]",[],[],[],[],[],[],[],[],[],[],[],[],[],[],"[""Y""]",[],['56'],"[""DEPLOYMENT UNKNOWN"", ""DID NOT DEPLOY""]","[""TEST NOT OFFERED""]","[""CHICAGO""]","[""2025-10-06T11:30:00.000""]","[""UNKNOWN""]","[""UNKNOWN""]","[""D""]","[""IL""]","[""NONE"", ""UNKNOWN""]",[],"[""O2164671"", ""O2164672""]","[""DRIVER""]","[""UNKNOWN""]","[""SAFETY BELT USED"", ""USAGE UNKNOWN""]","[""F"", ""M""]","[""IL""]","[""2063476"", ""2063482""]","[""60628""]",[],[],[],[],[],[],2025,10,11,6,False,morning,41.71,-87.68,41.71_-87.68,56.0,56,56,OTHER,0
STRAIGHT AND LEVEL,311,2025-10-06 11:30:00,2,11,10,03F2FC249F0258D9B6037D2AB78CD0B4B52F98E43C673278F7F027F097F3E043488C2CA86E3250774011A6CA1C0E7DB666BAFBECB23E2E32B3F4D7FACAF44AFE,INJURY AND / OR TOW DUE TO CRASH,"OVER $1,500",FUNCTIONING PROPERLY,FIXED OBJECT,41.7801560467,"DARKNESS, LIGHTED ROAD",-87.6211543944,1,30,DRIVING SKILLS/KNOWLEDGE/EXPERIENCE,NO DEFECTS,WET,UNABLE TO DETERMINE,E,138,TRAFFIC SIGNAL,NOT DIVIDED,CLEAR,0.0,0.0,0.0,0.0,0.0,1.0,1,1,"[""Y""]",[],"[""Y""]","[""2025-10-06T11:30:00.000""]","[""2165159""]","[""FRONT""]","[""IL""]","[""INFINITI""]","[""UNKNOWN/NA""]","[""QX50""]","[""1""]","[""E""]","[""1""]","[""DRIVER""]","[""NONE""]","[""2063954""]","[""SPORT UTILITY VEHICLE (SUV)""]","[""PERSONAL""]","[""2013""]",[],[],"[""Y""]","[""CITY OF CHICAGO""]","[""Y""]",[],[],[],"[""Y""]",[],"[""1""]",[],[],[],[],"[""10300 S DOTY""]",['35'],"[""DEPLOYED, FRONT""]","[""TEST NOT OFFERED""]","[""CHICAGO""]","[""2025-10-06T11:30:00.000""]","[""OTHER""]","[""NOT OBSCURED""]","[""D""]","[""IL""]","[""NONE""]",[],"[""O2165159"", ""P477819""]","[""DRIVER"", ""PASSENGER""]","[""NORMAL""]","[""USAGE UNKNOWN""]","[""M""]","[""IL""]","[""2063954""]","[""60615""]",[],"[""1""]",[],[],[],[],2025,10,11,6,False,morning,41.78,-87.62,41.78_-87.62,35.0,35,35,OTHER,0
STRAIGHT AND LEVEL,1232,2025-10-06 11:30:00,2,11,10,7CF34D60511E756E168AE33723F813A39C995041D0BECA6FAFC27DF1D39A00A93696E8FC37DD830227ED0A48CCB875C7B0BC436440963DA3A6A2B432C16CCACF,NO INJURY / DRIVE AWAY,"OVER $1,500",FUNCTIONING PROPERLY,REAR END,41.8718575944,DAYLIGHT,-87.6468729041,2,30,FOLLOWING TOO CLOSELY,NO DEFECTS,DRY,UNABLE TO DETERMINE,S,801,TRAFFIC SIGNAL,DIVIDED - W/MEDIAN BARRIER,CLEAR,0.0,0.0,0.0,0.0,0.0,1.0,1,2,[],[],[],"[""2025-10-06T11:30:00.000""]","[""2164679"", ""2164680""]","[""FRONT-RIGHT-CORNER"", ""REAR-RIGHT-CORNER""]","[""IL""]","[""HONDA"", ""TOYOTA""]","[""STRAIGHT AHEAD""]","[""CAMRY"", ""CIVIC""]","[""1""]","[""N""]","[""1"", ""2""]","[""DRIVER""]","[""UNKNOWN""]","[""2063491"", ""2063496""]","[""PASSENGER""]","[""UNKNOWN/NA""]","[""2008"", ""2009""]",[],[],"[""Y""]",[],[],[],[],[],"[""N""]",[],[],[],[],"[""Y""]",[],[],"['23', '71']","[""DID NOT DEPLOY""]","[""TEST NOT OFFERED""]","[""CHICAGO"", ""NAPERVILLE""]","[""2025-10-06T11:30:00.000""]","[""NONE"", ""UNKNOWN""]","[""UNKNOWN""]",[],"[""IL""]","[""NONE""]",[],"[""O2164679"", ""O2164680""]","[""DRIVER""]","[""NORMAL""]","[""SAFETY BELT USED""]","[""M""]","[""IL""]","[""2063491"", ""2063496""]","[""60564"", ""60659""]",[],[],[],[],[],[],2025,10,11,6,False,morning,41.87,-87.65,41.87_-87.65,47.0,23,71,FOLLOWING TOO CLOSELY,0
STRAIGHT AND LEVEL,1215,2025-10-06 11:25:00,2,11,10,067D47E635694FE60AC8B086E5921C109E20757D572929BD0ACDAEFB603A32C494775221B207CF5E4F90F3141BBCF34947567B9A37A7F619AD3EFC4FE678E9E5,NO INJURY / DRIVE AWAY,"OVER $1,500",FUNCTIONING PROPERLY,SIDESWIPE SAME DIRECTION,41.8911423803,DAYLIGHT,-87.6618779019,2,30,UNABLE TO DETERMINE,NO DEFECTS,DRY,UNABLE TO DETERMINE,W,1372,TRAFFIC SIGNAL,NOT DIVIDED,CLEAR,0.0,0.0,0.0,0.0,0.0,1.0,1,2,"[""Y""]","[""Y""]",[],"[""2025-10-06T11:25:00.000""]","[""2167415"", ""2167416""]","[""FRONT-LEFT-CORNER"", ""FRONT-RIGHT-CORNER""]","[""IL""]","[""NEW FLYER"", ""NISSAN""]","[""OTHER"", ""STRAIGHT AHEAD""]","[""ALTIMA"", ""D40LF""]","[""1""]","[""W""]","[""1"", ""2""]","[""DRIVER""]","[""NONE""]","[""2066065"", ""2066066""]","[""BUS OVER 15 PASS."", ""PASSENGER""]","[""CTA"", ""PERSONAL""]","[""2006"", ""2008""]",[],[],"[""Y""]",[],[],[],[],"[""Y""]","[""Y""]",[],[],[],[],[],[],[],"['32', '56']","[""NOT APPLICABLE""]","[""TEST NOT OFFERED""]","[""CHICAGO"", ""HARVEY""]","[""2025-10-06T11:25:00.000""]","[""NONE"", ""OTHER""]","[""NOT OBSCURED""]","[""B"", ""D""]","[""IL""]","[""NONE""]",[],"[""O2167415"", ""O2167416""]","[""DRIVER""]","[""NORMAL""]","[""NONE PRESENT"", ""SAFETY BELT USED""]","[""F"", ""M""]","[""IL""]","[""2066065"", ""2066066""]","[""60426"", ""60661""]",[],[],[],[],[],[],2025,10,11,6,False,morning,41.89,-87.66,41.89_-87.66,44.0,32,56,OTHER,0
STRAIGHT AND LEVEL,2211,2025-10-06 11:25:00,2,11,10,074FCDC8929A65AE05374D881D24E38EEFF0EA46278BC894825AAB68758111D5F214C32374EBD58F6B6DCFAAE01F4D67BD03CE1110EAB311635269A56A94CCD0,NO INJURY / DRIVE AWAY,"OVER $1,500",NO CONTROLS,REAR END,41.69131491,DAYLIGHT,-87.7107217516,2,30,FOLLOWING TOO CLOSELY,UNKNOWN,DRY,NOT APPLICABLE,S,11100,NO CONTROLS,NOT DIVIDED,CLEAR,0.0,0.0,0.0,0.0,0.0,1.0,1,0,[],[],[],"[""2025-10-06T11:25:00.000""]","[""2164827"", ""2164828""]","[""FRONT"", ""REAR-RIGHT-CORNER""]","[""IL""]","[""CHEVROLET"", ""FORD""]","[""STRAIGHT AHEAD""]","[""EQUINOX"", ""FLEX""]","[""1""]","[""N""]","[""1"", ""2""]","[""DRIVER""]","[""UNKNOWN""]","[""2063629"", ""2063630""]","[""PASSENGER""]","[""PERSONAL""]",[],[],[],[],[],[],[],[],[],[],[],[],[],[],[],[],[],[],"[""DID NOT DEPLOY""]","[""TEST NOT OFFERED""]",[],"[""2025-10-06T11:25:00.000""]","[""FOLLOWED TOO CLOSELY"", ""NONE""]","[""UNKNOWN""]",[],"[""IL""]","[""NONE""]",[],"[""O2164827"", ""O2164828""]","[""DRIVER""]","[""NORMAL"", ""UNKNOWN""]","[""SAFETY BELT USED"", ""USAGE UNKNOWN""]","[""F"", ""M""]",[],"[""2063629"", ""2063630""]",[],[],[],[],[],[],[],2025,10,11,6,False,morning,41.69,-87.71,41.69_-87.71,0.0,0,0,FOLLOWING TOO CLOSELY,0
STRAIGHT AND LEVEL,1632,2025-10-06 11:20:00,2,11,10,BFB5D49E49C31356C00139FDCD8B091B32020347FD95E5707357F01F4683EC724CC00B71B35FA11540A496D9658C5901B3DD47A025ACF9B4A3619A78A5A74543,NO INJURY / DRIVE AWAY,"OVER $1,500",NO CONTROLS,REAR END,41.9530969488,DAYLIGHT,-87.796438178,2,35,FAILING TO REDUCE SPEED TO AVOID CRASH,NO DEFECTS,DRY,FOLLOWING TOO CLOSELY,N,4010,NO CONTROLS,NOT DIVIDED,CLEAR,0.0,0.0,0.0,0.0,0.0,1.0,1,2,[],[],"[""Y""]","[""2025-10-06T11:20:00.000""]","[""2164651"", ""2164652""]","[""FRONT"", ""REAR""]","[""IL""]","[""HONDA"", ""TOYOTA""]","[""STRAIGHT AHEAD""]","[""CAMRY"", ""PASSPORT""]","[""1""]","[""S""]","[""1"", ""2""]","[""DRIVER""]","[""NONE""]","[""2063462"", ""2063463""]","[""PASSENGER"", ""SPORT UTILITY VEHICLE (SUV)""]","[""PERSONAL""]","[""2015"", ""2017""]",[],[],[],[],[],[],[],[],[],[],[],[],[],[],"[""Y""]",[],"['40', '50']","[""DID NOT DEPLOY""]","[""TEST NOT OFFERED""]","[""CHICAGO"", ""ROUND LAKE BEACH""]","[""2025-10-06T11:20:00.000""]","[""FOLLOWED TOO CLOSELY"", ""NONE""]","[""NOT OBSCURED""]","[""D""]","[""IL""]","[""NONE""]",[],"[""O2164651"", ""O2164652""]","[""DRIVER""]","[""NORMAL""]","[""SAFETY BELT USED""]","[""F"", ""M""]","[""IL""]","[""2063462"", ""2063463""]","[""60073"", ""60631""]",[],[],[],[],[],[],2025,10,11,6,False,morning,41.95,-87.8,41.95_-87.8,45.0,40,50,SPEEDING,0
STRAIGHT AND LEVEL,431,2025-10-06 11:15:00,2,11,10,D95AF3CA43621D3D553165C313C911E654757057AED2C7341A9BF400CBCFAAD3A512F6FFA4E6218DAC8EEA85144BBE8346A7E82B8D6FC597A43A17BFB2299999,INJURY AND / OR TOW DUE TO CRASH,"OVER $1,500",NO CONTROLS,TURNING,41.7028747032,DAYLIGHT,-87.5508808479,2,35,UNABLE TO DETERMINE,NO DEFECTS,DRY,UNABLE TO DETERMINE,E,3006,NO CONTROLS,NOT DIVIDED,CLEAR,0.0,0.0,0.0,0.0,0.0,1.0,1,2,"[""Y""]",[],[],"[""2025-10-06T11:15:00.000""]","[""2164643"", ""2164644""]","[""FRONT-LEFT-CORNER"", ""FRONT-RIGHT-CORNER""]","[""IL""]","[""CHEVROLET"", ""HYUNDAI""]","[""STRAIGHT AHEAD"", ""U-TURN""]","[""ELANTRA"", ""EQUINOX""]","[""1""]","[""E""]","[""1"", ""2""]","[""DRIVER""]","[""NONE""]","[""2063459"", ""2063469""]","[""PASSENGER"", ""SPORT UTILITY VEHICLE (SUV)""]","[""PERSONAL""]","[""2012"", ""2016""]",[],[],"[""Y""]","[""SELF""]","[""Y""]",[],[],[],[],[],[],[],[],[],[],"[""UNK""]","['44', '70']","[""DID NOT DEPLOY""]","[""TEST NOT OFFERED""]","[""CHICAGO""]","[""2025-10-06T11:15:00.000""]","[""NONE"", ""OTHER""]","[""NOT OBSCURED""]","[""D""]","[""IL""]","[""NONE""]",[],"[""O2164643"", ""O2164644""]","[""DRIVER""]","[""NORMAL""]","[""SAFETY BELT USED""]","[""F""]","[""IL""]","[""2063459"", ""2063469""]","[""60617""]",[],[],[],[],[],[],2025,10,11,6,False,morning,41.7,-87.55,41.7_-87.55,57.0,44,70,OTHER,0
STRAIGHT AND LEVEL,1722,2025-10-06 11:00:00,2,11,10,46D67A867203D911DCE27032E336428CF9097F00D8126AEF446A5522D28D51719A2C25D7F439742115C75307AC07276F9FDE1A8804D3280E0C404CB4EF9DEAC3,NO INJURY / DRIVE AWAY,$500 OR LESS,FUNCTIONING PROPERLY,REAR TO FRONT,41.9553660408,DAYLIGHT,-87.7277470085,2,30,IMPROPER BACKING,NO DEFECTS,DRY,DRIVING SKILLS/KNOWLEDGE/EXPERIENCE,W,4001,STOP SIGN/FLASHER,ONE-WAY,CLEAR,0.0,0.0,0.0,0.0,0.0,1.0,1,3,[],[],"[""Y""]","[""2025-10-06T11:00:00.000""]","[""2164624"", ""2164625""]","[""FRONT"", ""REAR""]","[""IL""]","[""FORD"", ""TESLA""]","[""BACKING"", ""SLOW/STOP IN TRAFFIC""]","[""EXPLORER"", ""MODEL Y""]","[""1"", ""5""]","[""E"", ""W""]","[""1"", ""2""]","[""DRIVER""]","[""UNKNOWN""]","[""2063435"", ""2063440""]","[""PASSENGER"", ""SPORT UTILITY VEHICLE (SUV)""]","[""PERSONAL"", ""POLICE""]","[""2021""]",[],[],[],[],[],[],[],[],[],[],"[""4""]",[],"[""Y""]",[],[],[],"['29', '32', '36']","[""NOT APPLICABLE""]","[""TEST NOT OFFERED""]","[""CHICAGO"", ""HOFFMAN ESTATES""]","[""2025-10-06T11:00:00.000""]","[""IMPROPER BACKING"", ""NONE""]","[""NOT OBSCURED""]","[""D"", ""DM""]","[""IL""]","[""NONE""]",[],"[""O2164624"", ""O2164625"", ""P477715"", ""P477716"", ""P477717"", ""P477718""]","[""DRIVER"", ""PASSENGER""]","[""NORMAL""]","[""USAGE UNKNOWN""]","[""F"", ""M""]","[""IL""]","[""2063435"", ""2063440""]","[""60169"", ""60630""]",[],"[""3"", ""4"", ""5"", ""6""]",[],[],[],[],2025,10,11,6,False,morning,41.96,-87.73,41.96_-87.73,32.333333333333336,29,36,OTHER,0