alignment,beat_of_occurrence,crash_date,crash_day_of_week,crash_hour,crash_month,crash_record_id,crash_type,damage,device_condition,first_crash_type,latitude,lighting_condition,longitude,num_units,posted_speed_limit,prim_contributory_cause,road_defect,roadway_surface_cond,sec_contributory_cause,street_direction,street_no,traffic_control_device,trafficway_type,weather_condition,private_property_i,hit_and_run_i,intersection_related_i,crash_date_est_i,work_zone_i,workers_present_i,veh_count,ppl_count,veh_area_01_i_list_json,veh_area_02_i_list_json,veh_area_12_i_list_json,veh_crash_date_list_json,veh_crash_unit_id_list_json,veh_first_contact_point_list_json,veh_lic_plate_state_list_json,veh_make_list_json,veh_maneuver_list_json,veh_model_list_json,veh_occupant_cnt_list_json,veh_travel_direction_list_json,veh_unit_no_list_json,veh_unit_type_list_json,veh_vehicle_defect_list_json,veh_vehicle_id_list_json,veh_vehicle_type_list_json,veh_vehicle_use_list_json,veh_vehicle_year_list_json,veh_area_03_i_list_json,veh_area_04_i_list_json,veh_area_11_i_list_json,veh_towed_by_list_json,veh_towed_i_list_json,veh_area_07_i_list_json,veh_area_99_i_list_json,veh_area_09_i_list_json,veh_area_10_i_list_json,veh_cmrc_veh_i_list_json,veh_num_passengers_list_json,veh_area_08_i_list_json,veh_area_00_i_list_json,veh_area_05_i_list_json,veh_area_06_i_list_json,veh_towed_to_list_json,ppl_age_list_json,ppl_airbag_deployed_list_json,ppl_bac_result_list_json,ppl_city_list_json,ppl_crash_date_list_json,ppl_driver_action_list_json,ppl_driver_vision_list_json,ppl_drivers_license_class_list_json,ppl_drivers_license_state_list_json,ppl_ejection_list_json,ppl_hospital_list_json,ppl_person_id_list_json,ppl_person_type_list_json,ppl_physical_condition_list_json,ppl_safety_equipment_list_json,ppl_sex_list_json,ppl_state_list_json,ppl_vehicle_id_list_json,ppl_zipcode_list_json,ppl_ems_agency_list_json,ppl_seat_no_list_json,ppl_pedpedal_action_list_json,ppl_pedpedal_location_list_json,ppl_pedpedal_visibility_list_json,ppl_ems_run_no_list_json,year,month,hour,day,is_weekend,hour_bin,lat_bin,lng_bin,grid_id,ppl_age_mean,ppl_age_min,ppl_age_max,prim_contributory_cause_group,ksi_flag
STRAIGHT AND LEVEL,925,2025-10-06 11:00:00,2,11,10,2219774588BBDEAEFFF0D641AE2186EF5BA6FE9107388408E1B3707D7F1F60EB25AC10E1938BE8C5277EF871E32D74B46E5E78531C7C6944B829C90D034BAA69,NO INJURY / DRIVE AWAY,"OVER $1,500",NO CONTROLS,PARKED MOTOR VEHICLE,41.8150453859,DAYLIGHT,-87.6376215369,2,25,"OPERATING VEHICLE IN ERRATIC, RECKLESS, CARELESS, NEGLIGENT OR AGGRESSIVE MANNER",NO DEFECTS,DRY,NOT APPLICABLE,S,4342,NO CONTROLS,ONE-WAY,CLEAR,0.0,1.0,0.0,0.0,0.0,1.0,2,0,"[""Y""]","[""Y""]",[],"[""2025-10-06T11:00:00.000""]","[""2164757"", ""2164758""]","[""FRONT-LEFT-CORNER"", ""UNKNOWN""]","[""IL""]","[""CHEVROLET"", ""UNKNOWN""]","[""PARKED"", ""STRAIGHT AHEAD""]","[""OTHER (EXPLAIN IN NARRATIVE)"", ""SILVERADO""]","[""0"", ""1""]","[""N"", ""S""]","[""1"", ""2""]","[""DRIVER"", ""DRIVERLESS""]","[""NONE"", ""UNKNOWN""]","[""2063571"", ""2063574""]","[""PICKUP"", ""TRUCK - SINGLE UNIT""]","[""PERSONAL"", ""UNKNOWN/NA""]","[""2021""]","[""Y""]",[],[],[],[],[],"[""Y""]",[],[],[],[],[],[],[],[],[],[],"[""DEPLOYMENT UNKNOWN""]","[""TEST NOT OFFERED""]",[],"[""2025-10-06T11:00:00.000""]","[""WRONG WAY/SIDE""]","[""UNKNOWN""]",[],[],"[""NONE""]",[],"[""O2164757""]","[""DRIVER""]","[""UNKNOWN""]","[""USAGE UNKNOWN""]","[""M""]",[],"[""2063571""]",[],[],[],[],[],[],[],2025,10,11,6,False,morning,41.82,-87.64,41.82_-87.64,0.0,0,0,OTHER,0
STRAIGHT AND LEVEL,1623,2025-10-06 10:50:00,2,10,10,7A7F5ABA7728FF328EA5C063D092195B90D226589E45AD9194D82BE4DD2C33A477C30E3D2E2656634D4ED2C1E36C0A8E99143493DE80F0D1F7108427D7A97B4E,NO INJURY / DRIVE AWAY,"OVER $1,500",NO CONTROLS,TURNING,41.9734598389,DAYLIGHT,-87.7626600725,2,30,IMPROPER TURNING/NO SIGNAL,NO DEFECTS,DRY,FAILING TO YIELD RIGHT-OF-WAY,W,5380,NO CONTROLS,NOT DIVIDED,CLEAR,0.0,0.0,0.0,0.0,0.0,1.0,1,2,"[""Y""]","[""Y""]",[],"[""2025-10-06T10:50:00.000""]","[""2164612"", ""2164613""]","[""FRONT-RIGHT-CORNER"", ""SIDE-LEFT""]","[""IL""]","[""TESLA"", ""TOYOTA""]","[""STRAIGHT AHEAD"", ""TURNING LEFT""]","[""MODEL Y"", ""RAV4""]","[""1""]","[""SW"", ""W""]","[""1"", ""2""]","[""DRIVER""]","[""NONE""]","[""2063425"", ""2063430""]","[""PASSENGER""]","[""PERSONAL""]","[""2022""]",[],[],[],[],[],[],[],"[""Y""]",[],[],[],"[""Y""]",[],[],[],[],"['34', '44']","[""DID NOT DEPLOY""]","[""TEST NOT OFFERED"", ""TEST REFUSED""]","[""CHICAGO""]","[""2025-10-06T10:50:00.000""]","[""IMPROPER TURN"", ""NONE""]","[""NOT OBSCURED"", ""PARKED VEHICLES""]","[""D""]","[""IL""]","[""NONE""]",[],"[""O2164612"", ""O2164613""]","[""DRIVER""]","[""NORMAL""]","[""SAFETY BELT USED""]","[""F"", ""M""]","[""IL""]","[""2063425"", ""2063430""]","[""60630""]",[],[],[],[],[],[],2025,10,10,6,False,morning,41.97,-87.76,41.97_-87.76,39.0,34,44,OTHER,0
STRAIGHT AND LEVEL,633,2025-10-06 10:45:00,2,10,10,E96B3227898E6E8511D3DEE1CFB4F2516CF74CC383857AA77A36B9711C256363F2AB28D319207A19D2BE88AC98E82348C44A6208B67720AE002908A7568BB9EC,INJURY AND / OR TOW DUE TO CRASH,"OVER $1,500",FUNCTIONING PROPERLY,TURNING,41.7221546496,DAYLIGHT,-87.6046013499,2,30,IMPROPER OVERTAKING/PASSING,NO DEFECTS,DRY,NOT APPLICABLE,E,798,TRAFFIC SIGNAL,FOUR WAY,CLEAR,0.0,0.0,1.0,0.0,0.0,1.0,1,2,"[""Y""]",[],"[""Y""]","[""2025-10-06T10:45:00.000""]","[""2164697"", ""2164698""]","[""FRONT"", ""REAR-LEFT-CORNER""]","[""IL""]","[""HONDA"", ""NEW FLYER""]","[""STRAIGHT AHEAD"", ""TURNING RIGHT""]","[""CR-V"", ""D40LF""]","[""1""]","[""E""]","[""1"", ""2""]","[""DRIVER""]","[""UNKNOWN""]","[""2063504"", ""2063516""]","[""BUS OVER 15 PASS."", ""SPORT UTILITY VEHICLE (SUV)""]","[""CTA"", ""PERSONAL""]","[""2006"", ""2024""]",[],[],"[""Y""]","[""CITY OF CHICAGO""]","[""Y""]","[""Y""]",[],[],[],"[""Y""]",[],"[""Y""]",[],[],[],[],"['38', '57']","[""DID NOT DEPLOY""]","[""TEST NOT OFFERED""]","[""CHICAGO""]","[""2025-10-06T10:45:00.000""]","[""FOLLOWED TOO CLOSELY"", ""NONE""]","[""UNKNOWN""]","[""B""]","[""IL""]","[""NONE""]",[],"[""O2164697"", ""O2164698""]","[""DRIVER""]","[""NORMAL""]","[""SAFETY BELT USED""]","[""F"", ""M""]","[""IL""]","[""2063504"", ""2063516""]","[""60617"", ""60620""]","[""CFD""]",[],[],[],[],[],2025,10,10,6,False,morning,41.72,-87.6,41.72_-87.6,47.5,38,57,OTHER,0
STRAIGHT AND LEVEL,2012,2025-10-06 10:40:00,2,10,10,F63DE5E945C94A1ADC8ECF0115BB1F4CADE29FAE75F55F3EF9E5FABA401FC85D3EA4015C211C8323F714303CAC062FD816B88FB70343FA110F63D2317C7E818E,INJURY AND / OR TOW DUE TO CRASH,"OVER $1,500",FUNCTIONING PROPERLY,ANGLE,41.9817056214,DAYLIGHT,-87.6685809176,2,30,UNABLE TO DETERMINE,UNKNOWN,DRY,UNABLE TO DETERMINE,N,5500,STOP SIGN/FLASHER,FOUR WAY,CLEAR,0.0,0.0,0.0,0.0,0.0,1.0,1,2,"[""Y""]","[""Y""]","[""Y""]","[""2025-10-06T10:40:00.000""]","[""2164689"", ""2164690""]","[""FRONT"", ""FRONT-LEFT-CORNER""]","[""IL""]","[""HYUNDAI"", ""NISSAN""]","[""STRAIGHT AHEAD""]","[""ALTIMA"", ""ELANTRA""]","[""1""]","[""N"", ""W""]","[""1"", ""2""]","[""DRIVER""]","[""UNKNOWN""]","[""2063499"", ""2063503""]","[""PASSENGER""]","[""PERSONAL""]","[""2008"", ""2014""]",[],[],"[""Y""]","[""PERSONAL TOW""]","[""Y""]",[],[],[],"[""Y""]",[],[],[],[],[],[],"[""UNKNOWN""]","['34', '74']","[""DID NOT DEPLOY"", ""NOT APPLICABLE""]","[""TEST NOT OFFERED""]","[""CHICAGO""]","[""2025-10-06T10:40:00.000""]","[""UNKNOWN""]","[""UNKNOWN""]","[""D""]","[""IL""]","[""NONE""]",[],"[""O2164689"", ""O2164690""]","[""DRIVER""]","[""UNKNOWN""]","[""USAGE UNKNOWN""]","[""F"", ""M""]","[""IL""]","[""2063499"", ""2063503""]","[""60626"", ""60660""]",[],[],[],[],[],[],2025,10,10,6,False,morning,41.98,-87.67,41.98_-87.67,54.0,34,74,OTHER,0
STRAIGHT AND LEVEL,215,2025-10-06 10:31:00,2,10,10,748D58B88E5D9F3D8E6DDAB79A1DB43A8352A7D5E2F61D811C5260E652572E7227895964B106CB54D91F09CDD112DACA9CA7A27D04AD50BF4421506371D8F2D8,NO INJURY / DRIVE AWAY,"OVER $1,500",NO CONTROLS,PARKED MOTOR VEHICLE,41.8152645473,DAYLIGHT,-87.6231422813,2,30,IMPROPER OVERTAKING/PASSING,NO DEFECTS,DRY,IMPROPER LANE USAGE,S,4342,NO CONTROLS,OTHER,CLEAR,0.0,1.0,0.0,0.0,0.0,1.0,2,0,[],[],[],"[""2025-10-06T10:31:00.000""]","[""2165752"", ""2165753""]","[""REAR-RIGHT-CORNER"", ""SIDE-LEFT-REAR""]","[""IL""]","[""HYUNDAI"", ""UNKNOWN""]","[""BACKING"", ""PARKED""]","[""MOTORIZED"", ""TUCSON""]","[""0"", ""1""]","[""S""]","[""1"", ""2""]","[""DRIVER"", ""PARKED""]","[""NONE"", ""UNKNOWN""]","[""2064503"", ""2064513""]","[""SPORT UTILITY VEHICLE (SUV)""]","[""NOT IN USE"", ""UNKNOWN/NA""]","[""2024""]",[],"[""Y""]","[""N""]",[],[],"[""Y""]","[""Y""]","[""Y""]",[],[],[],"[""Y""]",[],"[""Y""]","[""Y""]",[],[],"[""DEPLOYMENT UNKNOWN""]","[""TEST NOT OFFERED""]",[],"[""2025-10-06T10:31:00.000""]","[""IMPROPER BACKING""]","[""UNKNOWN""]",[],"[""XX""]","[""UNKNOWN""]",[],"[""O2165752""]","[""DRIVER""]","[""OTHER""]","[""USAGE UNKNOWN""]","[""X""]",[],"[""2064503""]",[],[],[],[],[],[],[],2025,10,10,6,False,morning,41.82,-87.62,41.82_-87.62,0.0,0,0,OTHER,0
STRAIGHT AND LEVEL,711,2025-10-06 10:30:00,2,10,10,9F19D37A212E08F8AAB04F411B1BCEFF5E3BC22803EF627417DDE635882BB3053707E9E4248919BF521C3424A2026B6C4705E8792AEF86434DB653DB0B95097B,NO INJURY / DRIVE AWAY,$500 OR LESS,NO CONTROLS,SIDESWIPE SAME DIRECTION,41.7937621998,DAYLIGHT,-87.6319477016,2,20,UNABLE TO DETERMINE,NO DEFECTS,DRY,NOT APPLICABLE,S,5510,NO CONTROLS,ONE-WAY,CLEAR,0.0,0.0,0.0,0.0,0.0,1.0,1,2,"[""Y""]",[],[],"[""2025-10-06T10:30:00.000""]","[""2164603"", ""2164604""]","[""SIDE-LEFT-REAR"", ""SIDE-RIGHT-FRONT""]","[""IL""]","[""BUICK"", ""GENERAL MOTORS CORPORATION (GMC)""]","[""STRAIGHT AHEAD""]","[""LACROSSE"", ""YUKON""]","[""1""]","[""S""]","[""1"", ""2""]","[""DRIVER""]","[""UNKNOWN""]","[""2063418"", ""2063429""]","[""PASSENGER""]","[""PERSONAL""]","[""2008"", ""2011""]",[],[],[],[],[],"[""Y""]",[],[],[],[],[],[],[],[],[],[],"['63', '64']","[""DEPLOYMENT UNKNOWN""]","[""TEST NOT OFFERED""]","[""CHICAGO"", ""GARY""]","[""2025-10-06T10:30:00.000""]","[""UNKNOWN""]","[""UNKNOWN""]","[""D""]","[""IL"", ""IN""]","[""NONE"", ""UNKNOWN""]",[],"[""O2164603"", ""O2164604""]","[""DRIVER""]","[""NORMAL""]","[""USAGE UNKNOWN""]","[""M""]","[""IL"", ""IN""]","[""2063418"", ""2063429""]","[""46403"", ""60628""]",[],[],[],[],[],[],2025,10,10,6,False,morning,41.79,-87.63,41.79_-87.63,63.5,63,64,OTHER,0
STRAIGHT AND LEVEL,112,2025-10-06 10:27:00,2,10,10,2D49381589C8F7C459A5C163AA54E34866961DEBB91E15C0B6DD379A284B31100013B7A66D5C0BDA6E6B98C3DAB8DEB23C0CB8030FAA2F1F974497B79F41A024,INJURY AND / OR TOW DUE TO CRASH,"$501 - $1,500",FUNCTIONING PROPERLY,PEDALCYCLIST,41.8815361224,DAYLIGHT,-87.6279032894,2,30,DRIVING SKILLS/KNOWLEDGE/EXPERIENCE,NO DEFECTS,DRY,IMPROPER LANE USAGE,S,20,TRAFFIC SIGNAL,DIVIDED - W/MEDIAN (NOT RAISED),CLEAR,0.0,0.0,0.0,0.0,0.0,1.0,2,2,[],[],[],"[""2025-10-06T10:27:00.000""]","[""2164599"", ""2164600""]","[""FRONT-LEFT-CORNER""]","[""IL""]","[""DODGE""]","[""STRAIGHT AHEAD""]","[""JOURNEY""]","[""1""]","[""S""]","[""1"", ""2""]","[""BICYCLE"", ""DRIVER""]","[""NONE""]","[""2063417""]","[""PASSENGER""]","[""PERSONAL""]","[""2016""]",[],[],"[""Y""]",[],[],"[""Y""]",[],"[""Y""]","[""Y""]",[],[],"[""Y""]",[],[],[],[],"['38', '68']","[""NOT APPLICABLE""]","[""TEST NOT OFFERED""]","[""CHICAGO""]","[""2025-10-06T10:27:00.000""]","[""IMPROPER LANE CHANGE"", ""NONE""]","[""NOT OBSCURED""]","[""D""]","[""IL""]","[""NONE""]",[],"[""O2164599"", ""O2164600""]","[""BICYCLE"", ""DRIVER""]","[""NORMAL""]","[""HELMET NOT USED"", ""SAFETY BELT USED""]","[""F"", ""M""]","[""IL""]","[""2063417""]","[""60611""]",[],[],"[""WITH TRAFFIC""]","[""IN ROADWAY""]","[""NO CONTRASTING CLOTHING""]",[],2025,10,10,6,False,morning,41.88,-87.63,41.88_-87.63,53.0,38,68,OTHER,1
STRAIGHT AND LEVEL,2413,2025-10-06 10:00:00,2,10,10,38A1D002F2A7460A1025FCD602D3BC2EAB7288988805F478502CCFF4D4473D2233564D6DA99A5B4C79A0697A743383FAD61B208DC45F8B311E9720A2546BAD5A,NO INJURY / DRIVE AWAY,"OVER $1,500",NO CONTROLS,PARKED MOTOR VEHICLE,41.9905932137,DAYLIGHT,-87.6921619627,2,30,UNABLE TO DETERMINE,NO DEFECTS,DRY,UNABLE TO DETERMINE,W,2500,NO CONTROLS,NOT DIVIDED,CLEAR,0.0,0.0,0.0,0.0,0.0,1.0,2,1,"[""Y""]","[""Y""]",[],"[""2025-10-06T10:00:00.000""]","[""2164605"", ""2164606""]","[""SIDE-LEFT"", ""SIDE-RIGHT""]","[""IL""]","[""TOYOTA""]","[""PARKED"", ""STRAIGHT AHEAD""]","[""HIGHLANDER"", ""PRIUS""]","[""0"", ""1""]","[""W""]","[""1"", ""2""]","[""DRIVER"", ""PARKED""]","[""NONE""]","[""2063420"", ""2063421""]","[""PASSENGER"", ""SPORT UTILITY VEHICLE (SUV)""]","[""NOT IN USE"", ""PERSONAL""]","[""2005"", ""2007""]",[],"[""Y""]","[""Y""]",[],[],"[""Y""]",[],"[""Y""]","[""Y""]",[],[],"[""Y""]",[],"[""Y""]",[],[],['72'],"[""NOT APPLICABLE""]","[""TEST NOT OFFERED""]","[""CHICAGO""]","[""2025-10-06T10:00:00.000""]","[""UNKNOWN""]","[""UNKNOWN""]","[""D""]","[""IL""]","[""NONE""]",[],"[""O2164605""]","[""DRIVER""]","[""NORMAL""]","[""SAFETY BELT USED""]","[""M""]","[""IL""]","[""2063420""]","[""60659""]",[],[],[],[],[],[],2025,10,10,6,False,morning,41.99,-87.69,41.99_-87.69,72.0,72,72,OTHER,0
STRAIGHT AND LEVEL,1031,2025-10-06 10:00:00,2,10,10,2BC2EDCC6BDA8BBAE4641ED06B6FBC888A1D2B579C75B27828B148822B1FD15DF8BFE744A90E05D49F5B6A05429535900815BA643E9A5FCC32927D4D98CAE08F,NO INJURY / DRIVE AWAY,"$501 - $1,500",NO CONTROLS,PARKED MOTOR VEHICLE,41.833728365,DAYLIGHT,-87.7265625461,2,15,UNABLE TO DETERMINE,NO DEFECTS,DRY,NOT APPLICABLE,S,3245,NO CONTROLS,NOT DIVIDED,CLEAR,0.0,0.0,0.0,0.0,0.0,1.0,2,1,[],[],[],"[""2025-10-06T10:00:00.000""]","[""2164584"", ""2164585""]","[""FRONT-LEFT-CORNER"", ""REAR-RIGHT-CORNER""]","[""IL""]","[""FREIGHTLINER CORPORATION"", ""HONDA""]","[""PARKED"", ""STRAIGHT AHEAD""]","[""CR-V"", ""FREIGHTLINER CORP.""]","[""0"", ""1""]","[""N""]","[""1"", ""2""]","[""DRIVER"", ""PARKED""]","[""NONE""]","[""2063401"", ""2063403""]","[""SPORT UTILITY VEHICLE (SUV)"", ""TRUCK - SINGLE UNIT""]","[""PERSONAL""]","[""2007"", ""2014""]",[],[],"[""Y""]",[],[],[],[],[],[],[],[],[],"[""Y""]",[],[],[],['55'],"[""DID NOT DEPLOY""]","[""TEST NOT OFFERED""]","[""CHICAGO""]","[""2025-10-06T10:00:00.000""]","[""OTHER""]","[""NOT OBSCURED""]",[],"[""IL""]","[""NONE""]",[],"[""O2164584""]","[""DRIVER""]","[""NORMAL""]","[""SAFETY BELT USED""]","[""M""]","[""IL""]","[""2063401""]","[""60632""]",[],[],[],[],[],[],2025,10,10,6,False,morning,41.83,-87.73,41.83_-87.73,55.0,55,55,OTHER,0
STRAIGHT AND LEVEL,1133,2025-10-06 09:38:00,2,9,10,C690D9DE171EB8957DDC489FC34A3730E600F641CB15CE14B6C6A83DF9F170CE44F78A87A6642A19356275BE343810AEC191C87818DF9383B534881825E7AAC4,INJURY AND / OR TOW DUE TO CRASH,"OVER $1,500",NO CONTROLS,ANGLE,41.8736407663,DAYLIGHT,-87.7109288544,3,30,DISREGARDING TRAFFIC SIGNALS,NO DEFECTS,DRY,DISREGARDING TRAFFIC SIGNALS,S,598,NO CONTROLS,T-INTERSECTION,CLEAR,0.0,1.0,0.0,1.0,0.0,1.0,1,2,"[""Y""]","[""Y""]","[""Y""]","[""2025-10-06T09:38:00.000""]","[""2164638"", ""2164639"", ""2164642""]","[""FRONT"", ""SIDE-RIGHT-FRONT""]","[""IL""]","[""CHEVROLET"", ""DODGE""]","[""STRAIGHT AHEAD""]","[""RAM 1500 PU"", ""TRAVERSE""]","[""1"", ""2""]","[""E"", ""S""]","[""1"", ""2""]","[""DRIVER""]","[""NONE""]","[""2063454"", ""2063461""]","[""PASSENGER"", ""PICKUP""]","[""PERSONAL""]","[""2015"", ""2017""]",[],[],"[""Y""]","[""city of chicago"", ""insurance""]","[""Y""]",[],[],[],[],[],"[""1""]",[],[],[],[],"[""pound""]","['25', '45']","[""DID NOT DEPLOY""]","[""TEST NOT OFFERED""]","[""CHICAGO""]","[""2025-10-06T09:38:00.000""]","[""NONE"", ""UNKNOWN""]","[""NOT OBSCURED""]","[""D""]","[""IL""]","[""NONE""]","[""REFUSED"", ""REFUSED SELF TRANSPORT AT LATER TIME PER DRIVER""]","[""O2164639"", ""O2164642"", ""P477721""]","[""DRIVER"", ""PASSENGER""]","[""NORMAL""]","[""USAGE UNKNOWN""]","[""F"", ""M""]","[""IL""]","[""2063454"", ""2063461""]","[""60620"", ""60644""]",[],"[""2""]",[],[],[],[],2025,10,9,6,False,morning,41.87,-87.71,41.87_-87.71,35.0,25,45,OTHER,1
STRAIGHT AND LEVEL,2413,2025-10-06 09:30:00,2,9,10,FF4F9E4C9B9B47C837F3A9BC455E1F8DB1CB9CC7EE7F0E09B1D41378A35E159D90E512FF40C092820842408CD3B591A29B5AFE38B9BDBC3F8E06A0D0481BE3DE,NO INJURY / DRIVE AWAY,"OVER $1,500",NO CONTROLS,ANGLE,41.9923714265,DAYLIGHT,-87.6909999812,2,25,UNABLE TO DETERMINE,UNKNOWN,DRY,NOT APPLICABLE,W,2430,NO CONTROLS,ONE-WAY,CLEAR,0.0,0.0,0.0,0.0,0.0,1.0,1,1,[],[],[],"[""2025-10-06T09:30:00.000""]","[""2164571"", ""2164572""]","[""REAR"", ""REAR-RIGHT-CORNER""]","[""IL""]","[""JEEP"", ""NISSAN""]","[""BACKING"", ""STRAIGHT AHEAD""]","[""ALTIMA"", ""CHEROKEE""]","[""1""]","[""S"", ""W""]","[""1"", ""2""]","[""DRIVER""]","[""UNKNOWN""]","[""2063387"", ""2063393""]","[""PASSENGER"", ""SPORT UTILITY VEHICLE (SUV)""]","[""PERSONAL"", ""UNKNOWN/NA""]","[""2016""]",[],"[""Y""]",[],[],[],[],[],[],[],[],[],[],[],"[""Y""]","[""Y""]",[],['30'],"[""NOT APPLICABLE""]","[""TEST NOT OFFERED""]","[""CHICAGO""]","[""2025-10-06T09:30:00.000""]","[""UNKNOWN""]","[""UNKNOWN""]","[""D""]","[""IL""]","[""NONE""]",[],"[""O2164571"", ""O2164572""]","[""DRIVER""]","[""NORMAL"", ""UNKNOWN""]","[""USAGE UNKNOWN""]","[""F""]","[""IL""]","[""2063387"", ""2063393""]","[""60645""]",[],[],[],[],[],[],2025,10,9,6,False,morning,41.99,-87.69,41.99_-87.69,30.0,30,30,OTHER,0
STRAIGHT AND LEVEL,1014,2025-10-06 09:20:00,2,9,10,B2FB1AA18384E9FEB8D718F6209BB0C143C7100B5A49410100B48F426D3022AE8B68BFC88CD44167CE1EC0A656D09089092005CE14F0485E07B0E8DCCC20EF47,NO INJURY / DRIVE AWAY,$500 OR LESS,NO CONTROLS,PARKED MOTOR VEHICLE,41.8531945151,DAYLIGHT,-87.7193289475,2,10,UNABLE TO DETERMINE,NO DEFECTS,DRY,UNABLE TO DETERMINE,W,3750,NO CONTROLS,PARKING LOT,CLEAR,0.0,0.0,0.0,0.0,0.0,1.0,2,1,[],[],[],"[""2025-10-06T09:20:00.000""]","[""2164580"", ""2164581""]","[""SIDE-LEFT-REAR"", ""SIDE-RIGHT-FRONT""]","[""IL""]","[""LAND ROVER"", ""LEXUS""]","[""OTHER"", ""PARKED""]","[""ES250"", ""RANGE ROVER (EVOQUE / SPORT / VELAR)""]","[""0"", ""1""]","[""N""]","[""1"", ""2""]","[""DRIVER"", ""PARKED""]","[""NONE"", ""UNKNOWN""]","[""2063392"", ""2063398""]","[""PASSENGER"", ""SPORT UTILITY VEHICLE (SUV)""]","[""NOT IN USE"", ""PERSONAL""]","[""2010"", ""2022""]",[],[],[],[],[],"[""Y""]",[],[],[],[],[],[],"[""Y""]",[],[],[],['76'],"[""DID NOT DEPLOY""]","[""TEST NOT OFFERED""]","[""CHICAGO""]","[""2025-10-06T09:20:00.000""]","[""UNKNOWN""]","[""NOT OBSCURED""]","[""D""]","[""IL""]","[""NONE""]",[],"[""O2164580""]","[""DRIVER""]","[""NORMAL""]","[""SAFETY BELT USED""]","[""F""]","[""IL""]","[""2063398""]","[""60624""]",[],[],[],[],[],[],2025,10,9,6,False,morning,41.85,-87.72,41.85_-87.72,76.0,76,76,OTHER,0
STRAIGHT AND LEVEL,631,2025-10-06 09:17:00,2,9,10,548DBA8C9C0E184285A1C02F8724866D3B8DBC43A4099A1A3A61B92C9B1B7F65B3561664A291B45380B424378BC7EEE28DD121289ECDC49BB908D5C10693E775,NO INJURY / DRIVE AWAY,"OVER $1,500",NO CONTROLS,REAR END,41.747839251,DAYLIGHT,-87.5991727512,2,30,FOLLOWING TOO CLOSELY,OTHER,DRY,UNABLE TO DETERMINE,S,8056,NO CONTROLS,ONE-WAY,CLEAR,0.0,0.0,0.0,0.0,0.0,1.0,1,2,[],[],[],"[""2025-10-06T09:17:00.000""]","[""2164618"", ""2164619""]","[""NONE"", ""REAR""]","[""IL"", ""IN""]","[""MAZDA"", ""THOMAS BUILT BUS COMPANY""]","[""STRAIGHT AHEAD""]","[""MAZDA3"", ""THOMAS BUILT BUS CO.""]","[""1""]","[""N""]","[""1"", ""2""]","[""DRIVER""]","[""NONE""]","[""2063432"", ""2063451""]","[""BUS OVER 15 PASS."", ""PASSENGER""]","[""PERSONAL"", ""SCHOOL BUS""]","[""2015"", ""2023""]",[],[],[],[],[],[],[],[],[],[],[],[],"[""N"", ""Y""]",[],"[""Y""]",[],"['27', '43']","[""DID NOT DEPLOY""]","[""TEST NOT OFFERED""]","[""CHICAGO"", ""GARY""]","[""2025-10-06T09:17:00.000""]","[""FOLLOWED TOO CLOSELY"", ""OTHER""]","[""NOT OBSCURED"", ""UNKNOWN""]","[""A"", ""B""]","[""IL"", ""IN""]","[""NONE""]",[],"[""O2164618"", ""O2164619""]","[""DRIVER""]","[""NORMAL""]","[""SAFETY BELT USED""]","[""M""]","[""IL"", ""IN""]","[""2063432"", ""2063451""]","[""46409"", ""60619""]",[],[],[],[],[],[],2025,10,9,6,False,morning,41.75,-87.6,41.75_-87.6,35.0,27,43,FOLLOWING TOO CLOSELY,0
STRAIGHT AND LEVEL,1222,2025-10-06 09:13:00,2,9,10,780CB034B293A628FA2B4BB779A83B2E1A8F9A7BF917B29F8304B6DD63C7E1ABC85527F82943ACDD59E2A92DB441756FDE92612F855E52381C34E5003FBD401D,NO INJURY / DRIVE AWAY,"OVER $1,500",FUNCTIONING PROPERLY,ANGLE,41.8841067492,DAYLIGHT,-87.7038868547,2,30,UNABLE TO DETERMINE,NO DEFECTS,DRY,UNABLE TO DETERMINE,W,3101,STOP SIGN/FLASHER,FOUR WAY,CLEAR,0.0,1.0,1.0,0.0,0.0,1.0,1,1,[],[],[],"[""2025-10-06T09:13:00.000""]","[""2164592"", ""2164593""]","[""SIDE-LEFT"", ""UNKNOWN""]","[""IL""]","[""CHEVROLET"", ""UNKNOWN""]","[""STRAIGHT AHEAD""]","[""ENGINE"", ""MALIBU""]","[""1""]","[""E"", ""N""]","[""1"", ""2""]","[""DRIVER""]","[""UNKNOWN""]","[""2063408"", ""2063413""]","[""PASSENGER"", ""SPORT UTILITY VEHICLE (SUV)""]","[""PERSONAL"", ""UNKNOWN/NA""]","[""2022""]",[],[],[],[],[],"[""Y""]","[""Y""]","[""Y""]",[],[],[],"[""Y""]",[],[],[],[],['35'],"[""DEPLOYMENT UNKNOWN"", ""DID NOT DEPLOY""]","[""TEST NOT OFFERED""]","[""CHICAGO""]","[""2025-10-06T09:13:00.000""]","[""OTHER""]","[""UNKNOWN""]","[""D""]","[""IL"", ""XX""]","[""NONE""]",[],"[""O2164592"", ""O2164593""]","[""DRIVER""]","[""NORMAL"", ""UNKNOWN""]","[""USAGE UNKNOWN""]","[""F""]","[""IL""]","[""2063408"", ""2063413""]","[""60617""]",[],[],[],[],[],[],2025,10,9,6,False,morning,41.88,-87.7,41.88_-87.7,35.0,35,35,OTHER,0