alignment,beat_of_occurrence,crash_date,crash_day_of_week,crash_hour,crash_month,crash_record_id,crash_type,damage,device_condition,first_crash_type,latitude,lighting_condition,longitude,num_units,posted_speed_limit,prim_contributory_cause,road_defect,roadway_surface_cond,sec_contributory_cause,street_direction,street_no,traffic_control_device,trafficway_type,weather_condition,private_property_i,hit_and_run_i,intersection_related_i,crash_date_est_i,work_zone_i,workers_present_i,veh_count,ppl_count,veh_area_01_i_list_json,veh_area_02_i_list_json,veh_area_12_i_list_json,veh_crash_date_list_json,veh_crash_unit_id_list_json,veh_first_contact_point_list_json,veh_lic_plate_state_list_json,veh_make_list_json,veh_maneuver_list_json,veh_model_list_json,veh_occupant_cnt_list_json,veh_travel_direction_list_json,veh_unit_no_list_json,veh_unit_type_list_json,veh_vehicle_defect_list_json,veh_vehicle_id_list_json,veh_vehicle_type_list_json,veh_vehicle_use_list_json,veh_vehicle_year_list_json,veh_area_03_i_list_json,veh_area_04_i_list_json,veh_area_11_i_list_json,veh_towed_by_list_json,veh_towed_i_list_json,veh_area_07_i_list_json,veh_area_99_i_list_json,veh_area_09_i_list_json,veh_area_10_i_list_json,veh_cmrc_veh_i_list_json,veh_num_passengers_list_json,veh_area_08_i_list_json,veh_area_00_i_list_json,veh_area_05_i_list_json,veh_area_06_i_list_json,veh_towed_to_list_json,ppl_age_list_json,ppl_airbag_deployed_list_json,ppl_bac_result_list_json,ppl_city_list_json,ppl_crash_date_list_json,ppl_driver_action_list_json,ppl_driver_vision_list_json,ppl_drivers_license_class_list_json,ppl_drivers_license_state_list_json,ppl_ejection_list_json,ppl_hospital_list_json,ppl_person_id_list_json,ppl_person_type_list_json,ppl_physical_condition_list_json,ppl_safety_equipment_list_json,ppl_sex_list_json,ppl_state_list_json,ppl_vehicle_id_list_json,ppl_zipcode_list_json,ppl_ems_agency_list_json,ppl_seat_no_list_json,ppl_pedpedal_action_list_json,ppl_pedpedal_location_list_json,ppl_pedpedal_visibility_list_json,ppl_ems_run_no_list_json,year,month,hour,day,is_weekend,hour_bin,lat_bin,lng_bin,grid_id,ppl_age_mean,ppl_age_min,ppl_age_max,prim_contributory_cause_group,ksi_flag
STRAIGHT AND LEVEL,313,2025-10-06 09:00:00,2,9,10,AB90AFC886D5A8CB84E85637D36F080FA054405E90F34C4429FA23E1C030AC5BED2520F5C4D2A45C876F5DB31A6655A1D1F9FD21683E78156129DF53864110A6,NO INJURY / DRIVE AWAY,"OVER $1,500",NO CONTROLS,ANGLE,41.7839219174,UNKNOWN,-87.6086037299,2,30,UNABLE TO DETERMINE,UNKNOWN,UNKNOWN,UNABLE TO DETERMINE,S,6100,STOP SIGN/FLASHER,NOT DIVIDED,CLEAR,0.0,0.0,1.0,0.0,0.0,1.0,1,2,"[""Y""]",[],[],"[""2025-10-06T09:00:00.000""]","[""2164609"", ""2164610""]","[""FRONT-LEFT-CORNER"", ""FRONT-RIGHT-CORNER""]","[""CT"", ""IL""]","[""CHEVROLET"", ""NISSAN""]","[""STRAIGHT AHEAD""]","[""SENTRA"", ""TRAX""]","[""1""]","[""S"", ""W""]","[""1"", ""2""]","[""DRIVER""]","[""UNKNOWN""]","[""2063427"", ""2063448""]","[""PASSENGER""]","[""PERSONAL""]","[""2023"", ""2025""]",[],[],"[""Y""]",[],[],[],[],[],[],[],[],[],[],[],[],[],"['27', '45']","[""NOT APPLICABLE""]","[""TEST NOT OFFERED""]","[""CHICAGO""]","[""2025-10-06T09:00:00.000""]","[""UNKNOWN""]","[""UNKNOWN""]","[""D""]","[""AK"", ""IL""]","[""NONE"", ""UNKNOWN""]",[],"[""O2164609"", ""O2164610""]","[""DRIVER""]","[""UNKNOWN""]","[""USAGE UNKNOWN""]","[""F""]","[""IL""]","[""2063427"", ""2063448""]","[""60615"", ""60637""]",[],[],[],[],[],[],2025,10,9,6,False,morning,41.78,-87.61,41.78_-87.61,36.0,27,45,OTHER,0
STRAIGHT AND LEVEL,211,2025-10-06 09:00:00,2,9,10,5C9AE17B6EE5220DEF4DC897C1A14F9E7738F3AF7E153B9DEAD195F21E10F495A6BA6DD54B80BCB5FCB27ECFD5C520BA20F38A3419189FF9CACD01BBAC0C50EA,INJURY AND / OR TOW DUE TO CRASH,"$501 - $1,500",NO CONTROLS,SIDESWIPE SAME DIRECTION,41.8311694823,DAYLIGHT,-87.6217052088,2,35,UNABLE TO DETERMINE,NO DEFECTS,DRY,UNABLE TO DETERMINE,E,200,NO CONTROLS,NOT DIVIDED,CLEAR,0.0,1.0,0.0,0.0,0.0,1.0,1,1,"[""Y""]","[""Y""]",[],"[""2025-10-06T09:00:00.000""]","[""2164557"", ""2164558""]","[""SIDE-LEFT"", ""SIDE-RIGHT""]","[""IL""]","[""AUDI"", ""CHEVROLET""]","[""STRAIGHT AHEAD"", ""UNKNOWN/NA""]","[""OTHER (EXPLAIN IN NARRATIVE)""]","[""1""]","[""W""]","[""1"", ""2""]","[""DRIVER""]","[""UNKNOWN""]","[""2063373"", ""2063385""]","[""PASSENGER""]","[""PERSONAL"", ""UNKNOWN/NA""]","[""2012"", ""2014""]","[""Y""]",[],[],[],[],[],"[""Y""]",[],[],[],[],[],[],[],[],[],['30'],"[""DEPLOYMENT UNKNOWN"", ""NOT APPLICABLE""]","[""TEST NOT OFFERED""]","[""CHICAGO""]","[""2025-10-06T09:00:00.000""]","[""NONE"", ""UNKNOWN""]","[""NOT OBSCURED"", ""UNKNOWN""]","[""D""]","[""IL""]","[""NONE""]",[],"[""O2164557"", ""O2164558""]","[""DRIVER""]","[""NORMAL"", ""UNKNOWN""]","[""SAFETY BELT USED"", ""USAGE UNKNOWN""]","[""F"", ""M""]","[""IL""]","[""2063373"", ""2063385""]","[""60649""]","[""CFD""]",[],[],[],[],[],2025,10,9,6,False,morning,41.83,-87.62,41.83_-87.62,30.0,30,30,OTHER,1
STRAIGHT AND LEVEL,1914,2025-10-06 09:00:00,2,9,10,E87C9EE2903561D650B4D37EB77E4E131ED899DFF3FE40518333BD947FB5629DA896C04544E27216FF6E92D5098EBC261696AACFFECF2391BA68249DDCBEFF11,NO INJURY / DRIVE AWAY,"OVER $1,500",NO CONTROLS,PARKED MOTOR VEHICLE,41.9619098449,UNKNOWN,-87.6531273785,2,10,UNABLE TO DETERMINE,UNKNOWN,UNKNOWN,UNABLE TO DETERMINE,W,918,NO CONTROLS,PARKING LOT,CLEAR,0.0,0.0,0.0,0.0,0.0,1.0,2,0,[],"[""Y""]",[],"[""2025-10-06T09:00:00.000""]","[""2167990"", ""2167991""]","[""SIDE-RIGHT"", ""UNKNOWN""]","[""IL""]","[""TOYOTA"", ""UNKNOWN""]","[""PARKED"", ""UNKNOWN/NA""]","[""CAMRY"", ""OTHER (EXPLAIN IN NARRATIVE)""]","[""0"", ""1""]","[""UNKNOWN""]","[""1"", ""2""]","[""DRIVER"", ""PARKED""]","[""UNKNOWN""]","[""2066627"", ""2066628""]","[""PASSENGER"", ""UNKNOWN/NA""]","[""NOT IN USE"", ""UNKNOWN/NA""]","[""2021""]","[""Y""]",[],[],[],[],[],"[""Y""]",[],[],[],[],[],[],[],[],[],[],"[""DEPLOYMENT UNKNOWN""]","[""TEST NOT OFFERED""]",[],"[""2025-10-06T09:00:00.000""]","[""UNKNOWN""]","[""UNKNOWN""]",[],[],"[""UNKNOWN""]",[],"[""O2167990""]","[""DRIVER""]","[""UNKNOWN""]","[""USAGE UNKNOWN""]","[""X""]",[],"[""2066627""]",[],[],[],[],[],[],[],2025,10,9,6,False,morning,41.96,-87.65,41.96_-87.65,0.0,0,0,OTHER,0
STRAIGHT AND LEVEL,2521,2025-10-06 09:00:00,2,9,10,FDC21978726FBDAD5BAA0E25E3DEF399620D6CA26A0A0BEB8F0EC502ABDB219FD54AC9B09ED86757D24F35CB6FB51C16BFEB1E4483FA0AACC691A5DAB51CDDFB,NO INJURY / DRIVE AWAY,"OVER $1,500",NO CONTROLS,ANGLE,41.9290225976,DAYLIGHT,-87.7561825213,2,30,FAILING TO YIELD RIGHT-OF-WAY,NO DEFECTS,DRY,NOT APPLICABLE,N,2641,STOP SIGN/FLASHER,NOT DIVIDED,CLEAR,0.0,0.0,1.0,0.0,0.0,1.0,1,2,"[""Y""]","[""Y""]","[""Y""]","[""2025-10-06T09:00:00.000""]","[""2164561"", ""2164562""]","[""FRONT"", ""SIDE-RIGHT""]","[""IL""]","[""FORD"", ""TOYOTA""]","[""STRAIGHT AHEAD""]","[""F150"", ""RAV4""]","[""1"", ""2""]","[""N"", ""W""]","[""1"", ""2""]","[""DRIVER""]","[""NONE""]","[""2063374"", ""2063377""]","[""PASSENGER""]","[""PERSONAL""]","[""2004"", ""2015""]","[""Y""]","[""Y""]","[""Y""]",[],[],[],"[""N""]",[],[],[],"[""1""]",[],[],[],[],[],"['45', '60']","[""DEPLOYMENT UNKNOWN"", ""NOT APPLICABLE""]","[""TEST NOT OFFERED""]","[""CHICAGO""]","[""2025-10-06T09:00:00.000""]","[""FAILED TO YIELD"", ""NONE""]","[""UNKNOWN""]","[""D""]","[""IL""]","[""NONE""]",[],"[""O2164561"", ""O2164562"", ""P477707""]","[""DRIVER"", ""PASSENGER""]","[""NORMAL"", ""UNKNOWN""]","[""NONE PRESENT"", ""SAFETY BELT USED"", ""USAGE UNKNOWN""]","[""F"", ""M""]","[""IL""]","[""2063374"", ""2063377""]","[""60639""]",[],"[""3""]",[],[],[],[],2025,10,9,6,False,morning,41.93,-87.76,41.93_-87.76,52.5,45,60,FAILURE-TO-YIELD,0
STRAIGHT ON GRADE,1232,2025-10-06 08:57:00,2,8,10,2AC70A92E5A463638019F19C71014C8C45AF4406495954BA593BE564951156B135F148C9C5727A5BF05C31E918872BE126EE6E9501890B1FFC5FDF5FDECACF5E,INJURY AND / OR TOW DUE TO CRASH,"$501 - $1,500",NO CONTROLS,PEDESTRIAN,41.8809816443,DAYLIGHT,-87.6521550941,2,10,"VISION OBSCURED (SIGNS, TREE LIMBS, BUILDINGS, ETC.)",NO DEFECTS,DRY,NOT APPLICABLE,S,24,NO CONTROLS,NOT DIVIDED,CLEAR,1.0,0.0,0.0,0.0,0.0,1.0,2,2,[],[],[],"[""2025-10-06T08:57:00.000""]","[""2164594"", ""2164595""]","[""FRONT""]","[""IL""]","[""HONDA""]","[""STRAIGHT AHEAD""]","[""ACCORD""]","[""1""]","[""N""]","[""1"", ""2""]","[""DRIVER"", ""PEDESTRIAN""]","[""NONE""]","[""2063409""]","[""PASSENGER""]","[""PERSONAL""]","[""2019""]",[],[],[],[],[],[],[],[],[],[],[],[],[],[],[],[],"['32', '62']","[""NOT APPLICABLE""]","[""TEST NOT OFFERED""]","[""CHICAGO"", ""LAKE IN THE HILLS""]","[""2025-10-06T08:57:00.000""]","[""NONE"", ""OTHER""]","[""NOT OBSCURED"", ""OTHER""]","[""D""]","[""IL""]","[""NONE""]","[""COOK COUNTY STROGER""]","[""O2164594"", ""O2164595""]","[""DRIVER"", ""PEDESTRIAN""]","[""NORMAL""]","[""NONE PRESENT"", ""SAFETY BELT USED""]","[""F"", ""M""]","[""IL""]","[""2063409""]","[""60156"", ""60647""]","[""CFD 80""]",[],"[""NO ACTION""]","[""DRIVEWAY ACCESS""]","[""NO CONTRASTING CLOTHING""]",[],2025,10,8,6,False,morning,41.88,-87.65,41.88_-87.65,47.0,32,62,LIGHTING/VISIBILITY,1
STRAIGHT AND LEVEL,1122,2025-10-06 08:52:00,2,8,10,47916AE5414C49BF929B452B842BC7D8F62D6362A1C13B103CB8A0B3A914582D60DFABDE5C2AB389897B06C0A03BCCED18901E8CF973C1C8107871D74E1A54DA,NO INJURY / DRIVE AWAY,"$501 - $1,500",NO CONTROLS,PARKED MOTOR VEHICLE,41.8908075344,DAYLIGHT,-87.72580456,2,30,NOT APPLICABLE,NO DEFECTS,DRY,UNABLE TO DETERMINE,N,531,NO CONTROLS,PARKING LOT,CLEAR,0.0,0.0,0.0,0.0,0.0,1.0,2,1,"[""Y""]","[""Y""]","[""Y""]","[""2025-10-06T08:52:00.000""]","[""2164569"", ""2164570""]","[""FRONT-RIGHT-CORNER"", ""REAR""]","[""IL""]","[""DODGE"", ""THOMAS BUILT BUS COMPANY""]","[""BACKING"", ""PARKED""]","[""AVENGER"", ""THOMAS BUILT BUS CO.""]","[""0"", ""1""]","[""N"", ""S""]","[""1"", ""2""]","[""DRIVER"", ""PARKED""]","[""NONE""]","[""2063390"", ""2063400""]","[""BUS UP TO 15 PASS."", ""PASSENGER""]","[""NOT IN USE"", ""SCHOOL BUS""]","[""2011"", ""2015""]",[],[],[],[],[],[],[],[],[],[],[],[],[],"[""Y""]","[""Y""]",[],['32'],"[""NOT APPLICABLE""]","[""TEST NOT OFFERED""]","[""CHICAGO""]","[""2025-10-06T08:52:00.000""]","[""IMPROPER BACKING""]","[""NOT OBSCURED""]","[""B""]","[""IL""]","[""NONE""]",[],"[""O2164569""]","[""DRIVER""]","[""NORMAL""]","[""SAFETY BELT USED""]","[""F""]","[""IL""]","[""2063390""]","[""60607""]",[],[],[],[],[],[],2025,10,8,6,False,morning,41.89,-87.73,41.89_-87.73,32.0,32,32,OTHER,0
STRAIGHT AND LEVEL,1233,2025-10-06 08:47:00,2,8,10,74997236B868F5795166D74445682F291E93691E3341960714C12092ECF13575708F9AE4E0165935626648DB0B57348F53F28CE94C45288329A6A2096E994DBF,NO INJURY / DRIVE AWAY,"OVER $1,500",NO CONTROLS,PARKED MOTOR VEHICLE,41.8665132985,DAYLIGHT,-87.6852832077,2,30,UNABLE TO DETERMINE,NO DEFECTS,DRY,UNABLE TO DETERMINE,W,2341,NO CONTROLS,NOT DIVIDED,CLEAR,0.0,0.0,0.0,0.0,0.0,1.0,2,1,[],"[""Y""]",[],"[""2025-10-06T08:47:00.000""]","[""2164526"", ""2164527""]","[""SIDE-LEFT"", ""SIDE-RIGHT""]","[""AZ"", ""IL""]","[""CHEVROLET"", ""GENERAL MOTORS CORPORATION (GMC)""]","[""PARKED"", ""STRAIGHT AHEAD""]","[""SAVANNAH"", ""TRAVERSE""]","[""0"", ""1""]","[""E""]","[""1"", ""2""]","[""DRIVER"", ""PARKED""]","[""UNKNOWN""]","[""2063343"", ""2063349""]","[""PASSENGER""]","[""COMMERCIAL - SINGLE UNIT"", ""OTHER""]","[""2020"", ""2022""]",[],[],[],[],[],[],[],[],"[""Y""]",[],[],[],[],[],[],[],['41'],"[""DID NOT DEPLOY""]","[""TEST NOT OFFERED""]","[""CHICAGO""]","[""2025-10-06T08:47:00.000""]","[""UNKNOWN""]","[""UNKNOWN""]",[],"[""IL""]","[""NONE""]",[],"[""O2164526""]","[""DRIVER""]","[""NORMAL""]","[""SAFETY BELT USED""]","[""F""]","[""IL""]","[""2063343""]","[""60608""]",[],[],[],[],[],[],2025,10,8,6,False,morning,41.87,-87.69,41.87_-87.69,41.0,41,41,OTHER,0
STRAIGHT AND LEVEL,531,2025-10-06 08:46:00,2,8,10,A5EAA2B6918353F2E046BD9F46A70243A54E7A987AE780D6B111B18483751F7F3F57837842389D31E7FED7A3B66765FC1068D39A6E7C967BA28651AA6F72F7AB,INJURY AND / OR TOW DUE TO CRASH,"OVER $1,500",FUNCTIONING PROPERLY,TURNING,41.6928604772,DAYLIGHT,-87.6007418752,2,30,DISREGARDING TRAFFIC SIGNALS,NO DEFECTS,DRY,DISREGARDING TRAFFIC SIGNALS,S,11100,TRAFFIC SIGNAL,FOUR WAY,CLEAR,0.0,0.0,1.0,0.0,0.0,1.0,1,3,"[""Y""]","[""Y""]",[],"[""2025-10-06T08:46:00.000""]","[""2164575"", ""2164576""]","[""FRONT-LEFT-CORNER"", ""FRONT-RIGHT-CORNER""]","[""IL"", ""WI""]","[""JEEP"", ""NISSAN""]","[""TURNING LEFT""]","[""SENTRA"", ""WRANGLER""]","[""1"", ""2""]","[""E"", ""NW""]","[""1"", ""2""]","[""DRIVER""]","[""UNKNOWN""]","[""2063407"", ""2063412""]","[""PASSENGER"", ""SPORT UTILITY VEHICLE (SUV)""]","[""PERSONAL""]","[""2003"", ""2013""]",[],[],"[""Y""]",[],"[""Y""]",[],[],[],[],[],"[""1""]",[],[],[],[],[],"['60', '65', '87']","[""DID NOT DEPLOY""]","[""TEST NOT OFFERED""]","[""CHICAGO"", ""KENOSHA""]","[""2025-10-06T08:46:00.000""]","[""DISREGARDED CONTROL DEVICES"", ""UNKNOWN""]","[""UNKNOWN""]","[""D""]","[""IL"", ""WI""]","[""NONE""]",[],"[""O2164575"", ""O2164576"", ""P477708""]","[""DRIVER"", ""PASSENGER""]","[""NORMAL""]","[""USAGE UNKNOWN""]","[""F"", ""M""]","[""IL"", ""WI""]","[""2063407"", ""2063412""]","[""53143"", ""60628""]",[],"[""3""]",[],[],[],[],2025,10,8,6,False,morning,41.69,-87.6,41.69_-87.6,70.66666666666667,60,87,OTHER,0
STRAIGHT AND LEVEL,123,2025-10-06 08:45:00,2,8,10,D71D73E96E1C3C5EB0134DEC3DFBED42A5807A1719CBA04715708AA6F09D1F1B317CA6EB28BF4349BB53FDF776FF9293B1144E93E16BED646B9283B3B7574578,NO INJURY / DRIVE AWAY,"OVER $1,500",NO CONTROLS,HEAD ON,41.8720863522,DAYLIGHT,-87.6337184683,2,5,DRIVING ON WRONG SIDE/WRONG WAY,NO DEFECTS,DRY,DRIVING ON WRONG SIDE/WRONG WAY,S,800,NO CONTROLS,PARKING LOT,CLEAR,1.0,1.0,0.0,0.0,0.0,1.0,1,1,"[""Y""]",[],[],"[""2025-10-06T08:45:00.000""]","[""2164620"", ""2164621""]","[""FRONT-RIGHT-CORNER""]","[""IL"", ""SC""]","[""HONDA"", ""TOYOTA""]","[""DRIVING WRONG WAY"", ""STRAIGHT AHEAD""]","[""CR-V"", ""RAV4""]","[""1""]","[""N"", ""S""]","[""1"", ""2""]","[""DRIVER""]","[""NONE"", ""UNKNOWN""]","[""2063428"", ""2063437""]","[""SPORT UTILITY VEHICLE (SUV)""]","[""PERSONAL"", ""UNKNOWN/NA""]","[""2018"", ""2023""]",[],[],[],[],[],[],[],[],[],[],[],[],[],[],[],[],['25'],"[""DEPLOYMENT UNKNOWN"", ""NOT APPLICABLE""]","[""TEST NOT OFFERED""]","[""BOLINGBROOK""]","[""2025-10-06T08:45:00.000""]","[""NONE"", ""WRONG WAY/SIDE""]","[""NOT OBSCURED"", ""UNKNOWN""]","[""D""]","[""SC""]","[""NONE""]",[],"[""O2164620"", ""O2164621""]","[""DRIVER""]","[""NORMAL"", ""UNKNOWN""]","[""SAFETY BELT USED"", ""USAGE UNKNOWN""]","[""F""]","[""IL""]","[""2063428"", ""2063437""]","[""60440""]",[],[],[],[],[],[],2025,10,8,6,False,morning,41.87,-87.63,41.87_-87.63,25.0,25,25,OTHER,0
STRAIGHT AND LEVEL,922,2025-10-06 08:45:00,2,8,10,339F1C655D811A0B84204FAD47864181E6CFB2E5C13A235054192AAF585229D0BBAF3B96243CFA34D9BF61C59676A2A75ABFE155870E2E0EDD7EA7DCD39B49BE,INJURY AND / OR TOW DUE TO CRASH,"$501 - $1,500",NO CONTROLS,REAR END,41.8120385982,DAYLIGHT,-87.684109505,3,30,FOLLOWING TOO CLOSELY,UNKNOWN,DRY,NOT APPLICABLE,S,4500,TRAFFIC SIGNAL,NOT DIVIDED,CLEAR,0.0,1.0,0.0,0.0,0.0,1.0,1,1,[],[],[],"[""2025-10-06T08:45:00.000""]","[""2164630"", ""2164631"", ""2164645""]","[""REAR"", ""REAR-RIGHT-CORNER""]","[""IL""]","[""ACURA"", ""TOYOTA"", ""UNKNOWN""]","[""SLOW/STOP IN TRAFFIC"", ""STRAIGHT AHEAD"", ""TURNING LEFT""]","[""COROLLA"", ""OTHER (EXPLAIN IN NARRATIVE)"", ""RL""]","[""1""]","[""S""]","[""1"", ""2"", ""3""]","[""DRIVER""]","[""UNKNOWN""]","[""2063444"", ""2063453"", ""2063456""]","[""PASSENGER"", ""UNKNOWN/NA""]","[""PERSONAL"", ""UNKNOWN/NA""]","[""2025""]",[],[],[],[],[],[],[],[],[],[],[],[],[],"[""Y""]",[],[],['32'],"[""DEPLOYMENT UNKNOWN"", ""NOT APPLICABLE""]","[""TEST NOT OFFERED""]","[""CHICAGO""]","[""2025-10-06T08:45:00.000""]","[""NONE"", ""UNKNOWN""]","[""UNKNOWN""]","[""D""]","[""IL"", ""XX""]","[""NONE""]",[],"[""O2164630"", ""O2164631"", ""O2164645""]","[""DRIVER""]","[""UNKNOWN""]","[""USAGE UNKNOWN""]","[""F"", ""X""]","[""IL""]","[""2063444"", ""2063453"", ""2063456""]","[""60639""]",[],[],[],[],[],[],2025,10,8,6,False,morning,41.81,-87.68,41.81_-87.68,32.0,32,32,FOLLOWING TOO CLOSELY,1
STRAIGHT AND LEVEL,1924,2025-10-06 08:40:00,2,8,10,1208844A610A466ED5FF97F9430A7BC3735D9A815146DFB8785526A107F1D052F8D658989DC596EFE5A307A8C64E235563445AEF8F2A6651AB4791C2A46DE41C,NO INJURY / DRIVE AWAY,"$501 - $1,500",FUNCTIONING PROPERLY,REAR END,41.9470067088,DAYLIGHT,-87.6610968589,2,30,FOLLOWING TOO CLOSELY,NO DEFECTS,DRY,UNABLE TO DETERMINE,W,1247,TRAFFIC SIGNAL,NOT DIVIDED,CLEAR,0.0,0.0,0.0,0.0,0.0,1.0,1,2,"[""N""]",[],"[""Y""]","[""2025-10-06T08:40:00.000""]","[""2164790"", ""2164791""]","[""FRONT"", ""REAR""]","[""IL""]","[""CHEVROLET"", ""FORD""]","[""STRAIGHT AHEAD""]","[""FOCUS"", ""IMPALA""]","[""1""]","[""E""]","[""1"", ""2""]","[""DRIVER""]","[""NONE""]","[""2063594"", ""2063595""]","[""PASSENGER""]","[""PERSONAL""]","[""2006"", ""2012""]",[],[],[],[],[],[],[],[],[],[],[],[],[],[],"[""Y""]",[],"['35', '49']","[""NOT APPLICABLE""]","[""TEST NOT OFFERED""]","[""CHICAGO""]","[""2025-10-06T08:40:00.000""]","[""FOLLOWED TOO CLOSELY"", ""NONE""]","[""NOT OBSCURED""]","[""D""]","[""IL""]","[""NONE"", ""UNKNOWN""]","[""REFUSED""]","[""O2164790"", ""O2164791""]","[""DRIVER""]","[""NORMAL""]","[""SAFETY BELT USED""]","[""F"", ""M""]","[""IL""]","[""2063594"", ""2063595""]","[""60618"", ""60644""]",[],[],[],[],[],[],2025,10,8,6,False,morning,41.95,-87.66,41.95_-87.66,42.0,35,49,FOLLOWING TOO CLOSELY,0
STRAIGHT AND LEVEL,1915,2025-10-06 08:35:00,2,8,10,AB977B29CB1988738E95F93762419E4B3473DC2A91FCA0420F5AE82D7CD703511010EA7BF2F21D0A8382B352C257AC8AC078EFB3C5230E02DFCE3BADB1A179FA,NO INJURY / DRIVE AWAY,"OVER $1,500",NO CONTROLS,SIDESWIPE SAME DIRECTION,41.9546892413,DAYLIGHT,-87.6449746442,2,30,IMPROPER LANE USAGE,NO DEFECTS,DRY,NOT APPLICABLE,N,4000,NO CONTROLS,NOT DIVIDED,CLEAR,0.0,0.0,0.0,0.0,0.0,1.0,1,2,"[""N""]",[],[],"[""2025-10-06T08:35:00.000""]","[""2164549"", ""2164550""]","[""SIDE-LEFT-FRONT"", ""SIDE-RIGHT""]","[""IL""]","[""CHEVROLET"", ""PORSCHE""]","[""MERGING""]","[""911 GT1"", ""EQUINOX""]","[""1""]","[""S""]","[""1"", ""2""]","[""DRIVER""]","[""NONE""]","[""2063369"", ""2063380""]","[""PASSENGER"", ""SPORT UTILITY VEHICLE (SUV)""]","[""PERSONAL""]","[""2023""]","[""Y""]",[],"[""Y""]",[],[],[],[],[],[],[],[],[],[],[],[],[],"['0', '80']","[""DID NOT DEPLOY""]","[""TEST NOT OFFERED""]","[""CHICAGO""]","[""2025-10-06T08:35:00.000""]","[""OTHER""]","[""NOT OBSCURED""]","[""D""]","[""IL""]","[""NONE""]",[],"[""O2164549"", ""O2164550""]","[""DRIVER""]","[""NORMAL""]","[""SAFETY BELT USED""]","[""F""]","[""IL""]","[""2063369"", ""2063380""]","[""60606"", ""60630""]",[],[],[],[],[],[],2025,10,8,6,False,morning,41.95,-87.64,41.95_-87.64,40.0,0,80,OTHER,0
STRAIGHT AND LEVEL,1232,2025-10-06 08:35:00,2,8,10,2836B2ED99AC775AA5EBC45825C3281958F46794ADC1E950148D11B237020C1D7492A85D6927EEE3AD91DAD11F7339132BFDC4DAF52D1DC915804EA91A974C10,NO INJURY / DRIVE AWAY,$500 OR LESS,NO CONTROLS,SIDESWIPE SAME DIRECTION,41.8734166157,DAYLIGHT,-87.64694043,2,30,UNABLE TO DETERMINE,NO DEFECTS,DRY,NOT APPLICABLE,S,701,NO CONTROLS,DIVIDED - W/MEDIAN BARRIER,CLEAR,0.0,0.0,0.0,0.0,0.0,1.0,1,2,[],[],[],"[""2025-10-06T08:35:00.000""]","[""2164547"", ""2164548""]","[""SIDE-LEFT-FRONT"", ""SIDE-RIGHT""]","[""IL""]","[""FORD"", ""NEW FLYER""]","[""STRAIGHT AHEAD""]","[""F550"", ""OTHER (EXPLAIN IN NARRATIVE)""]","[""1""]","[""N""]","[""1"", ""2""]","[""DRIVER""]","[""NONE""]","[""2063361"", ""2063375""]","[""BUS OVER 15 PASS."", ""TRUCK - SINGLE UNIT""]","[""COMMERCIAL - SINGLE UNIT"", ""CTA""]","[""2006"", ""2023""]","[""Y""]","[""Y""]","[""Y""]",[],[],[],[],[],[],[],[],[],"[""Y""]","[""Y""]",[],[],"['28', '34']","[""DID NOT DEPLOY"", ""NOT APPLICABLE""]","[""TEST NOT OFFERED""]","[""CHICAGO"", ""LOMBARD""]","[""2025-10-06T08:35:00.000""]","[""UNKNOWN""]","[""UNKNOWN""]","[""A"", ""B""]","[""IL""]","[""NONE""]",[],"[""O2164547"", ""O2164548""]","[""DRIVER""]","[""NORMAL""]","[""SAFETY BELT USED"", ""USAGE UNKNOWN""]","[""F"", ""M""]","[""IL""]","[""2063361"", ""2063375""]","[""60148"", ""60617""]",[],[],[],[],[],[],2025,10,8,6,False,morning,41.87,-87.65,41.87_-87.65,31.0,28,34,OTHER,0
STRAIGHT AND LEVEL,2023,2025-10-06 08:31:00,2,8,10,37F393A10D2C5DA61A2AB84826E2EC8AC96F0E863F80FD8CC30E3B0A51859A04FB826EFACE73B82E6C6A224664C4D5C2A629611D53EBE17449FEA98595065FD7,NO INJURY / DRIVE AWAY,"OVER $1,500",FUNCTIONING PROPERLY,SIDESWIPE SAME DIRECTION,41.9819239803,DAYLIGHT,-87.6589557805,2,30,IMPROPER OVERTAKING/PASSING,NO DEFECTS,DRY,IMPROPER OVERTAKING/PASSING,W,1122,TRAFFIC SIGNAL,DIVIDED - W/MEDIAN (NOT RAISED),CLEAR,0.0,1.0,0.0,0.0,0.0,1.0,1,1,"[""Y""]","[""Y""]",[],"[""2025-10-06T08:31:00.000""]","[""2164573"", ""2164574""]","[""FRONT-LEFT-CORNER"", ""FRONT-RIGHT-CORNER""]","[""IL""]","[""BMW"", ""DODGE""]","[""OTHER"", ""STRAIGHT AHEAD""]","[""330 SERIES"", ""330I""]","[""1""]","[""W""]","[""1"", ""2""]","[""DRIVER""]","[""NONE""]","[""2063391"", ""2063396""]","[""PASSENGER"", ""PICKUP""]","[""PERSONAL""]","[""2020"", ""2022""]",[],[],"[""Y""]",[],[],[],[],[],"[""Y""]",[],[],[],[],[],[],[],['44'],"[""DEPLOYMENT UNKNOWN"", ""DID NOT DEPLOY""]","[""TEST NOT OFFERED""]","[""CHICAGO"", ""FRANKFORT""]","[""2025-10-06T08:31:00.000""]","[""OTHER""]","[""NOT OBSCURED"", ""UNKNOWN""]",[],"[""IL""]","[""NONE""]",[],"[""O2164573"", ""O2164574""]","[""DRIVER""]","[""NORMAL"", ""UNKNOWN""]","[""SAFETY BELT USED"", ""USAGE UNKNOWN""]","[""M""]","[""IL""]","[""2063391"", ""2063396""]","[""60423"", ""60640""]",[],[],[],[],[],[],2025,10,8,6,False,morning,41.98,-87.66,41.98_-87.66,44.0,44,44,OTHER,0