alignment,beat_of_occurrence,crash_date,crash_day_of_week,crash_hour,crash_month,crash_record_id,crash_type,damage,device_condition,first_crash_type,latitude,lighting_condition,longitude,num_units,posted_speed_limit,prim_contributory_cause,road_defect,roadway_surface_cond,sec_contributory_cause,street_direction,street_no,traffic_control_device,trafficway_type,weather_condition,private_property_i,hit_and_run_i,intersection_related_i,crash_date_est_i,work_zone_i,workers_present_i,veh_count,ppl_count,veh_area_01_i_list_json,veh_area_02_i_list_json,veh_area_12_i_list_json,veh_crash_date_list_json,veh_crash_unit_id_list_json,veh_first_contact_point_list_json,veh_lic_plate_state_list_json,veh_make_list_json,veh_maneuver_list_json,veh_model_list_json,veh_occupant_cnt_list_json,veh_travel_direction_list_json,veh_unit_no_list_json,veh_unit_type_list_json,veh_vehicle_defect_list_json,veh_vehicle_id_list_json,veh_vehicle_type_list_json,veh_vehicle_use_list_json,veh_vehicle_year_list_json,veh_area_03_i_list_json,veh_area_04_i_list_json,veh_area_11_i_list_json,veh_towed_by_list_json,veh_towed_i_list_json,veh_area_07_i_list_json,veh_area_99_i_list_json,veh_area_09_i_list_json,veh_area_10_i_list_json,veh_cmrc_veh_i_list_json,veh_num_passengers_list_json,veh_area_08_i_list_json,veh_area_00_i_list_json,veh_area_05_i_list_json,veh_area_06_i_list_json,veh_towed_to_list_json,ppl_age_list_json,ppl_airbag_deployed_list_json,ppl_bac_result_list_json,ppl_city_list_json,ppl_crash_date_list_json,ppl_driver_action_list_json,ppl_driver_vision_list_json,ppl_drivers_license_class_list_json,ppl_drivers_license_state_list_json,ppl_ejection_list_json,ppl_hospital_list_json,ppl_person_id_list_json,ppl_person_type_list_json,ppl_physical_condition_list_json,ppl_safety_equipment_list_json,ppl_sex_list_json,ppl_state_list_json,ppl_vehicle_id_list_json,ppl_zipcode_list_json,ppl_ems_agency_list_json,ppl_seat_no_list_json,ppl_pedpedal_action_list_json,ppl_pedpedal_location_list_json,ppl_pedpedal_visibility_list_json,ppl_ems_run_no_list_json,year,month,hour,day,is_weekend,hour_bin,lat_bin,lng_bin,grid_id,ppl_age_mean,ppl_age_min,ppl_age_max,prim_contributory_cause_group,ksi_flag
STRAIGHT AND LEVEL,1213,2025-10-06 08:30:00,2,8,10,F71B85AD5BE3B96E982E8D9027EB799A273406EBF1B494B8F9CD7822BF1040A1684916104AB32AC77DBC7324D81BEF90B4EC95EF3ABFA3DE6D80963F3316F331,NO INJURY / DRIVE AWAY,"$501 - $1,500",NO CONTROLS,PEDALCYCLIST,41.896918237,DAYLIGHT,-87.6566862418,2,30,IMPROPER OVERTAKING/PASSING,NO DEFECTS,DRY,IMPROPER OVERTAKING/PASSING,N,830,NO CONTROLS,NOT DIVIDED,CLEAR,0.0,0.0,0.0,0.0,0.0,1.0,2,1,[],[],[],"[""2025-10-06T08:30:00.000""]","[""2165703"", ""2165704""]","[""NONE""]","[""IL""]","[""HYUNDAI""]","[""STRAIGHT AHEAD""]","[""ACCENT""]","[""1""]","[""SE""]","[""1"", ""2""]","[""BICYCLE"", ""DRIVER""]","[""UNKNOWN""]","[""2064457""]","[""PASSENGER""]","[""PERSONAL""]","[""2010""]",[],[],[],[],[],[],[],[],[],[],[],[],"[""Y""]",[],[],[],['46'],"[""NOT APPLICABLE""]","[""TEST NOT OFFERED""]","[""LOMBARD""]","[""2025-10-06T08:30:00.000""]","[""UNKNOWN""]","[""NOT OBSCURED"", ""UNKNOWN""]",[],"[""IL""]","[""UNKNOWN""]",[],"[""O2165703"", ""O2165704""]","[""BICYCLE"", ""DRIVER""]","[""NORMAL"", ""UNKNOWN""]","[""HELMET NOT USED"", ""SAFETY BELT USED""]","[""F"", ""M""]","[""IL""]","[""2064457""]","[""60148""]",[],[],"[""UNKNOWN/NA""]","[""IN ROADWAY""]","[""CONTRASTING CLOTHING""]",[],2025,10,8,6,False,morning,41.9,-87.66,41.9_-87.66,46.0,46,46,OTHER,0
STRAIGHT AND LEVEL,112,2025-10-06 08:30:00,2,8,10,D7B169BE83DF409407DD3C79E76E37F2C3A0FAB47039EA69FBBF17971BEC054A1E1032987B3C9501202C1E176931E6B749F7E8D1315973B6B28C54C6F8EB0820,NO INJURY / DRIVE AWAY,"$501 - $1,500",FUNCTIONING PROPERLY,SIDESWIPE SAME DIRECTION,41.8822013288,DAYLIGHT,-87.6256711219,2,30,FAILING TO YIELD RIGHT-OF-WAY,NO DEFECTS,DRY,FAILING TO YIELD RIGHT-OF-WAY,E,60,TRAFFIC SIGNAL,ONE-WAY,CLEAR,0.0,1.0,0.0,0.0,0.0,1.0,1,1,"[""Y""]","[""Y""]",[],"[""2025-10-06T08:30:00.000""]","[""2164565"", ""2164566""]","[""SIDE-LEFT"", ""SIDE-RIGHT""]","[""NC""]","[""FORD"", ""HONDA""]","[""CHANGING LANES"", ""STRAIGHT AHEAD""]","[""CR-V"", ""MUSTANG MACH-E""]","[""1""]","[""W""]","[""1"", ""2""]","[""DRIVER""]","[""NONE"", ""UNKNOWN""]","[""2063382"", ""2063386""]","[""PASSENGER"", ""SPORT UTILITY VEHICLE (SUV)""]","[""PERSONAL"", ""UNKNOWN/NA""]","[""2019""]",[],[],[],[],[],"[""Y""]",[],[],[],[],[],"[""Y""]",[],[],[],[],['32'],"[""DEPLOYMENT UNKNOWN"", ""NOT APPLICABLE""]","[""TEST NOT OFFERED""]","[""CHICAGO""]","[""2025-10-06T08:30:00.000""]","[""FAILED TO YIELD"", ""NONE""]","[""NOT OBSCURED"", ""UNKNOWN""]","[""D""]","[""IL""]","[""NONE""]",[],"[""O2164565"", ""O2164566""]","[""DRIVER""]","[""NORMAL"", ""UNKNOWN""]","[""SAFETY BELT USED"", ""USAGE UNKNOWN""]","[""F""]","[""IL""]","[""2063382"", ""2063386""]","[""60653""]",[],[],[],[],[],[],2025,10,8,6,False,morning,41.88,-87.63,41.88_-87.63,32.0,32,32,FAILURE-TO-YIELD,0
STRAIGHT AND LEVEL,1633,2025-10-06 08:30:00,2,8,10,B8C81395E3CDD99DECBCACD416CDDA05F45682A11A0F8BE27D0B0CB2EE6E6DEC147E476456C86359FE1E45722835DF46D2D83F34F029C5C9448C06A87CD4FF79,NO INJURY / DRIVE AWAY,"OVER $1,500",NO CONTROLS,PARKED MOTOR VEHICLE,41.9467304367,DAYLIGHT,-87.7822907938,2,30,UNABLE TO DETERMINE,NO DEFECTS,DRY,UNABLE TO DETERMINE,W,6220,NO CONTROLS,NOT DIVIDED,CLEAR,0.0,1.0,0.0,0.0,0.0,1.0,2,0,[],[],[],"[""2025-10-06T08:30:00.000""]","[""2165566"", ""2165567""]","[""REAR"", ""UNKNOWN""]","[""IL""]","[""CHEVROLET"", ""UNKNOWN""]","[""PARKED"", ""UNKNOWN/NA""]","[""OTHER (EXPLAIN IN NARRATIVE)"", ""TRAVERSE""]","[""0"", ""1""]","[""UNKNOWN""]","[""1"", ""2""]","[""DRIVER"", ""PARKED""]","[""NONE"", ""UNKNOWN""]","[""2064317"", ""2064319""]","[""PASSENGER"", ""UNKNOWN/NA""]","[""PERSONAL"", ""UNKNOWN/NA""]","[""2011""]","[""Y""]","[""Y""]",[],[],[],[],"[""Y""]",[],[],[],[],[],[],"[""Y""]","[""Y""]",[],[],"[""DEPLOYMENT UNKNOWN""]","[""TEST NOT OFFERED""]",[],"[""2025-10-06T08:30:00.000""]","[""UNKNOWN""]","[""UNKNOWN""]",[],[],"[""UNKNOWN""]",[],"[""O2165566""]","[""DRIVER""]","[""UNKNOWN""]","[""USAGE UNKNOWN""]","[""X""]",[],"[""2064319""]",[],[],[],[],[],[],[],2025,10,8,6,False,morning,41.95,-87.78,41.95_-87.78,0.0,0,0,OTHER,0
STRAIGHT AND LEVEL,1834,2025-10-06 08:25:00,2,8,10,1B6775D1943995E5C2E6E7072BAE11D9EE6308AA3135105604D4FF31D28EECF887DDC7AE103E8A47989F27ABDF401FD2D06216721E7172ECCC6FAE7141D5A442,NO INJURY / DRIVE AWAY,"$501 - $1,500",FUNCTIONING PROPERLY,TURNING,41.8912335806,DAYLIGHT,-87.6135012543,2,30,IMPROPER LANE USAGE,NO DEFECTS,DRY,IMPROPER LANE USAGE,E,532,TRAFFIC SIGNAL,DIVIDED - W/MEDIAN BARRIER,CLEAR,0.0,1.0,1.0,0.0,0.0,1.0,1,1,[],[],[],"[""2025-10-06T08:25:00.000""]","[""2164579"", ""2164611""]","[""FRONT-LEFT-CORNER"", ""UNKNOWN""]","[""IL""]","[""BMW"", ""UNKNOWN""]","[""STRAIGHT AHEAD"", ""TURNING LEFT""]","[""OTHER (EXPLAIN IN NARRATIVE)"", ""X3""]","[""1""]","[""S""]","[""1"", ""2""]","[""DRIVER""]","[""UNKNOWN""]","[""2063399"", ""2063423""]","[""PASSENGER"", ""UNKNOWN/NA""]","[""PERSONAL"", ""UNKNOWN/NA""]","[""2018""]",[],[],"[""Y""]",[],[],[],"[""Y""]",[],"[""Y""]",[],[],[],[],[],[],[],['24'],"[""DEPLOYMENT UNKNOWN"", ""DID NOT DEPLOY""]","[""TEST NOT OFFERED""]","[""CRYSTAL LAKE"", ""UNKNOWN""]","[""2025-10-06T08:25:00.000""]","[""NONE"", ""OTHER""]","[""UNKNOWN""]","[""D""]","[""IL"", ""XX""]","[""NONE"", ""UNKNOWN""]",[],"[""O2164579"", ""O2164611""]","[""DRIVER""]","[""NORMAL"", ""UNKNOWN""]","[""USAGE UNKNOWN""]","[""F"", ""X""]","[""IL"", ""XX""]","[""2063399"", ""2063423""]","[""60012""]",[],[],[],[],[],[],2025,10,8,6,False,morning,41.89,-87.61,41.89_-87.61,24.0,24,24,OTHER,0
STRAIGHT AND LEVEL,1125,2025-10-06 08:20:00,2,8,10,9FA2E95D922B28D6746F5C7CC09E7ACCF392B5E3AD83CA650C73B2199B4F23C10BC97C24FCA84EEB57E2D26FC4EF0CDDDB4F98C955780109AA5AFFDA006A3641,NO INJURY / DRIVE AWAY,"OVER $1,500",NO CONTROLS,SIDESWIPE SAME DIRECTION,41.8764490628,DAYLIGHT,-87.686438291,2,30,NOT APPLICABLE,NO DEFECTS,DRY,NOT APPLICABLE,S,334,NO CONTROLS,DIVIDED - W/MEDIAN (NOT RAISED),CLEAR,0.0,0.0,0.0,0.0,0.0,1.0,1,2,[],[],[],"[""2025-10-06T08:20:00.000""]","[""2164564"", ""2164598""]","[""FRONT-LEFT-CORNER"", ""REAR-RIGHT-CORNER""]","[""IL""]","[""CHEVROLET""]","[""STRAIGHT AHEAD""]","[""COLORADO"", ""MALIBU""]","[""1""]","[""S""]","[""1"", ""2""]","[""DRIVER""]","[""NONE""]","[""2063389"", ""2063411""]","[""PASSENGER""]","[""PERSONAL""]","[""2014"", ""2017""]",[],[],"[""Y""]",[],[],[],[],[],[],[],[],[],[],"[""Y""]",[],[],"['45', '60']","[""NOT APPLICABLE""]","[""TEST NOT OFFERED""]","[""CHICAGO""]","[""2025-10-06T08:20:00.000""]","[""NONE""]","[""NOT OBSCURED""]","[""D""]","[""IL""]","[""NONE""]",[],"[""O2164564"", ""O2164598""]","[""DRIVER""]","[""NORMAL""]","[""SAFETY BELT USED""]","[""M""]","[""IL""]","[""2063389"", ""2063411""]","[""60612"", ""60636""]",[],[],[],[],[],[],2025,10,8,6,False,morning,41.88,-87.69,41.88_-87.69,52.5,45,60,OTHER,0
STRAIGHT AND LEVEL,914,2025-10-06 08:20:00,2,8,10,80A6EF2D2A8BF1872BD887DDDA816CB30FE61B2817AEDE346AC9CC38DC0812EBD2DFF660DA680440EF33AF42B591A555262C04FAA476F49534B9A5EDED83DA8F,NO INJURY / DRIVE AWAY,"OVER $1,500",NO CONTROLS,REAR END,41.8441797777,DAYLIGHT,-87.6462791112,2,30,UNABLE TO DETERMINE,NO DEFECTS,DRY,NOT APPLICABLE,S,2703,NO CONTROLS,DIVIDED - W/MEDIAN (NOT RAISED),CLEAR,0.0,0.0,1.0,0.0,0.0,1.0,1,2,"[""Y""]",[],"[""Y""]","[""2025-10-06T08:20:00.000""]","[""2164508"", ""2164509""]","[""FRONT"", ""REAR""]","[""IL""]","[""JEEP"", ""TOYOTA""]","[""SLOW/STOP IN TRAFFIC"", ""STRAIGHT AHEAD""]","[""COMPASS"", ""COROLLA""]","[""1""]","[""N""]","[""1"", ""2""]","[""DRIVER""]","[""UNKNOWN""]","[""2063325"", ""2063330""]","[""PASSENGER"", ""SPORT UTILITY VEHICLE (SUV)""]","[""PERSONAL"", ""UNKNOWN/NA""]","[""2010"", ""2025""]",[],[],"[""Y""]",[],[],"[""Y""]",[],[],[],[],[],[],[],"[""Y""]","[""Y""]",[],"['34', '65']","[""DID NOT DEPLOY"", ""NOT APPLICABLE""]","[""TEST NOT OFFERED""]","[""CHICAGO""]","[""2025-10-06T08:20:00.000""]","[""FOLLOWED TOO CLOSELY"", ""NONE""]","[""UNKNOWN""]","[""D""]","[""IL""]","[""NONE""]",[],"[""O2164508"", ""O2164509""]","[""DRIVER""]","[""NORMAL"", ""UNKNOWN""]","[""USAGE UNKNOWN""]","[""M""]","[""IL""]","[""2063325"", ""2063330""]","[""60609""]",[],[],[],[],[],[],2025,10,8,6,False,morning,41.84,-87.65,41.84_-87.65,49.5,34,65,OTHER,0
STRAIGHT AND LEVEL,1611,2025-10-06 08:16:00,2,8,10,B3C90742E6213E1BA2C898FCDCED03095B665474500D9515AB0E51F35A40D41EB6F19199E10BD43034B67C737375D88F4A7EDEE450828FB31BF31C43FE988E5E,NO INJURY / DRIVE AWAY,"OVER $1,500",NO CONTROLS,REAR END,41.992389958,DAYLIGHT,-87.7874125038,2,30,UNABLE TO DETERMINE,NO DEFECTS,DRY,NOT APPLICABLE,N,6133,NO CONTROLS,NOT DIVIDED,CLEAR,0.0,0.0,1.0,0.0,0.0,1.0,1,2,[],[],"[""Y""]","[""2025-10-06T08:16:00.000""]","[""2164545"", ""2164546""]","[""FRONT"", ""REAR""]","[""IL""]","[""FORD"", ""NISSAN""]","[""SLOW/STOP IN TRAFFIC"", ""STRAIGHT AHEAD""]","[""ESCAPE"", ""SENTRA""]","[""1""]","[""N""]","[""1"", ""2""]","[""DRIVER""]","[""NONE""]","[""2063358"", ""2063364""]","[""PASSENGER""]","[""PERSONAL""]","[""2013"", ""2017""]",[],[],[],[],[],[],[],[],[],[],[],[],[],[],"[""Y""]",[],"['27', '39']","[""NOT APPLICABLE""]","[""TEST NOT OFFERED""]","[""AURORA"", ""CHICAGO""]","[""2025-10-06T08:16:00.000""]","[""FAILED TO YIELD"", ""NONE""]","[""NOT OBSCURED""]","[""D""]","[""IL""]","[""NONE""]",[],"[""O2164545"", ""O2164546""]","[""DRIVER""]","[""NORMAL""]","[""SAFETY BELT USED""]","[""F"", ""M""]","[""IL""]","[""2063358"", ""2063364""]","[""60506"", ""60634""]",[],[],[],[],[],[],2025,10,8,6,False,morning,41.99,-87.79,41.99_-87.79,33.0,27,39,OTHER,0
STRAIGHT AND LEVEL,2515,2025-10-06 08:15:00,2,8,10,B44339E107339458F114EA384F19C907DC9DE7B75CBDEFA93E8FD3375B4E39238AF13F6C9B5C9393F1A5AE40E4BA73D5333914E2BCD98177EC021179476C6087,INJURY AND / OR TOW DUE TO CRASH,"OVER $1,500",NO CONTROLS,REAR END,41.9189224955,DAYLIGHT,-87.7673216013,2,30,FAILING TO REDUCE SPEED TO AVOID CRASH,NO DEFECTS,DRY,FOLLOWING TOO CLOSELY,W,5637,NO CONTROLS,NOT DIVIDED,CLEAR,0.0,0.0,0.0,0.0,0.0,1.0,1,2,"[""Y""]",[],"[""Y""]","[""2025-10-06T08:15:00.000""]","[""2164518"", ""2164519""]","[""FRONT"", ""REAR""]","[""IL""]","[""BMW"", ""SUBARU""]","[""STRAIGHT AHEAD""]","[""OTHER (EXPLAIN IN NARRATIVE)"", ""X5""]","[""1""]","[""E""]","[""1"", ""2""]","[""DRIVER""]","[""NONE"", ""UNKNOWN""]","[""2063340"", ""2063355""]","[""PASSENGER""]","[""PERSONAL""]","[""2003"", ""2013""]",[],[],"[""Y""]","[""unknown""]","[""Y""]","[""Y""]",[],[],[],[],[],[],[],"[""Y""]","[""Y""]","[""unknown destination""]","['20', '30']","[""DEPLOYED, FRONT"", ""DID NOT DEPLOY""]","[""TEST NOT OFFERED""]","[""CHICAGO""]","[""2025-10-06T08:15:00.000""]","[""FOLLOWED TOO CLOSELY"", ""NONE""]","[""NOT OBSCURED""]","[""D""]","[""IL""]","[""NONE""]",[],"[""O2164518"", ""O2164519""]","[""DRIVER""]","[""NORMAL""]","[""SAFETY BELT USED""]","[""F"", ""M""]","[""IL""]","[""2063340"", ""2063355""]","[""60634"", ""60639""]",[],[],[],[],[],[],2025,10,8,6,False,morning,41.92,-87.77,41.92_-87.77,25.0,20,30,SPEEDING,0
STRAIGHT AND LEVEL,1915,2025-10-06 08:12:00,2,8,10,188520E6949DAF9D87042E924E943D366D3C7C0A57788980CCC63E382ABF0FB97CEE4F1462997C344BBFAF32248CEB7C5EC0140E7B36B94C223BB92CAE316D1C,INJURY AND / OR TOW DUE TO CRASH,"OVER $1,500",NO CONTROLS,REAR END,41.9547002709,DAYLIGHT,-87.6480278739,2,30,FOLLOWING TOO CLOSELY,UNKNOWN,DRY,NOT APPLICABLE,W,700,TRAFFIC SIGNAL,NOT DIVIDED,CLEAR,0.0,0.0,0.0,0.0,0.0,1.0,1,2,[],[],[],"[""2025-10-06T08:12:00.000""]","[""2164539"", ""2164540""]","[""FRONT-LEFT-CORNER"", ""REAR-LEFT-CORNER""]","[""IL"", ""IN""]","[""CHEVROLET"", ""HONDA""]","[""STRAIGHT AHEAD""]","[""CIVIC"", ""OTHER (EXPLAIN IN NARRATIVE)""]","[""1""]","[""W""]","[""1"", ""2""]","[""DRIVER""]","[""UNKNOWN""]","[""2063357"", ""2063376""]","[""PASSENGER""]","[""PERSONAL""]","[""2017"", ""2024""]",[],[],"[""Y""]","[""PRIVATE""]","[""Y""]",[],[],[],[],[],[],[],[],[],[],[],"['23', '29']","[""DEPLOYED, COMBINATION"", ""DID NOT DEPLOY""]","[""TEST NOT OFFERED""]","[""CHICAGO"", ""PLAINFIELD""]","[""2025-10-06T08:12:00.000""]","[""FOLLOWED TOO CLOSELY"", ""NONE""]","[""UNKNOWN""]","[""D""]","[""IL"", ""IN""]","[""NONE""]",[],"[""O2164539"", ""O2164540""]","[""DRIVER""]","[""NORMAL""]","[""USAGE UNKNOWN""]","[""F"", ""M""]","[""IL"", ""IN""]","[""2063357"", ""2063376""]","[""46168"", ""60632""]",[],[],[],[],[],[],2025,10,8,6,False,morning,41.95,-87.65,41.95_-87.65,26.0,23,29,FOLLOWING TOO CLOSELY,0
STRAIGHT AND LEVEL,432,2025-10-06 08:01:00,2,8,10,081A7D3900F87F2EFD945C587A59DC9045D2C7B5B21AD47DF254C04BF2B4DFC7A068A04A474FF8824609D771803EC6D77BFCC022A6742681B5C81FB1E6C25C95,INJURY AND / OR TOW DUE TO CRASH,"OVER $1,500",FUNCTIONING PROPERLY,TURNING,41.7137715401,DAYLIGHT,-87.5365407234,2,30,FAILING TO YIELD RIGHT-OF-WAY,NO DEFECTS,DRY,IMPROPER OVERTAKING/PASSING,E,3599,STOP SIGN/FLASHER,TRAFFIC ROUTE,CLEAR,0.0,0.0,0.0,0.0,0.0,1.0,1,2,"[""Y""]","[""Y""]","[""Y""]","[""2025-10-06T08:01:00.000""]","[""2164494"", ""2164495""]","[""FRONT-RIGHT-CORNER"", ""SIDE-LEFT-FRONT""]","[""IL""]","[""JEEP"", ""VOLKSWAGEN""]","[""STRAIGHT AHEAD"", ""TURNING RIGHT""]","[""CHEROKEE"", ""TIGUAN""]","[""1""]","[""S""]","[""1"", ""2""]","[""DRIVER""]","[""NONE""]","[""2063531"", ""2063536""]","[""PASSENGER""]","[""PERSONAL""]","[""2015"", ""2024""]",[],[],"[""Y""]","[""AWP TOWING""]","[""Y""]",[],[],"[""Y""]","[""Y""]",[],[],"[""Y""]",[],[],[],"[""9918 S AVENUE J""]","['31', '35']","[""DEPLOYED, SIDE"", ""NOT APPLICABLE""]","[""TEST NOT OFFERED""]","[""CHICAGO""]","[""2025-10-06T08:01:00.000""]","[""FAILED TO YIELD"", ""NONE""]","[""NOT OBSCURED""]",[],"[""IL""]","[""NONE""]","[""NONE""]","[""O2164494"", ""O2164495""]","[""DRIVER""]","[""NORMAL""]","[""SAFETY BELT USED""]","[""F""]","[""IL""]","[""2063531"", ""2063536""]","[""60617""]","[""CFD ENG 74""]",[],[],[],[],[],2025,10,8,6,False,morning,41.71,-87.54,41.71_-87.54,33.0,31,35,FAILURE-TO-YIELD,1
STRAIGHT AND LEVEL,1233,2025-10-06 08:00:00,2,8,10,957A467C4674FB06A45A1E4AA50EA4318B8D4AA84BFE4D16819BC999053028FF3172FA828DBB2F0266E112A82E52A1FFEE5F821400709377AC488BA0D856CEA4,INJURY AND / OR TOW DUE TO CRASH,"OVER $1,500",NO CONTROLS,TURNING,41.8615332752,DAYLIGHT,-87.6687840626,2,30,FAILING TO YIELD RIGHT-OF-WAY,NO DEFECTS,DRY,UNABLE TO DETERMINE,W,1700,NO CONTROLS,NOT DIVIDED,CLEAR,0.0,0.0,1.0,0.0,0.0,1.0,1,2,"[""Y""]",[],"[""Y""]","[""2025-10-06T08:00:00.000""]","[""2164543"", ""2164544""]","[""FRONT""]","[""IL""]","[""MERCURY"", ""TOYOTA""]","[""STRAIGHT AHEAD"", ""TURNING LEFT""]","[""OTHER (EXPLAIN IN NARRATIVE)"", ""RAV4""]","[""1""]","[""E"", ""W""]","[""1"", ""2""]","[""DRIVER""]","[""UNKNOWN""]","[""2063356"", ""2063362""]","[""PASSENGER""]","[""PERSONAL""]","[""2005"", ""2010""]","[""Y""]","[""Y""]","[""Y""]","[""wells road service""]","[""N"", ""Y""]",[],[],[],"[""Y""]",[],[],[],[],[],[],"[""unknown""]","['21', '49']","[""DID NOT DEPLOY""]","[""TEST NOT OFFERED""]","[""CHICAGO""]","[""2025-10-06T08:00:00.000""]","[""FAILED TO YIELD"", ""NONE""]","[""NOT OBSCURED""]","[""D""]","[""IL""]","[""NONE""]",[],"[""O2164543"", ""O2164544""]","[""DRIVER""]","[""NORMAL""]","[""SAFETY BELT USED""]","[""M""]","[""IL""]","[""2063356"", ""2063362""]","[""60609"", ""60642""]",[],[],[],[],[],[],2025,10,8,6,False,morning,41.86,-87.67,41.86_-87.67,35.0,21,49,FAILURE-TO-YIELD,0
STRAIGHT AND LEVEL,823,2025-10-06 08:00:00,2,8,10,9505F5D62D7ADB87423C25AFAC0C4CD4228652F2BF92D3BDA05CB2AC0F531DC7DB40AE19243765777BDBC90F166268472111129CA664570ADBFEC93955A5E4DE,NO INJURY / DRIVE AWAY,"OVER $1,500",NO CONTROLS,PARKED MOTOR VEHICLE,41.7780761397,DAYLIGHT,-87.7020400357,2,20,UNABLE TO DETERMINE,NO DEFECTS,DRY,UNABLE TO DETERMINE,S,6328,NO CONTROLS,ONE-WAY,CLEAR,0.0,1.0,0.0,0.0,0.0,1.0,2,0,[],[],[],"[""2025-10-06T08:00:00.000""]","[""2164506"", ""2164507""]","[""REAR-LEFT-CORNER"", ""UNKNOWN""]","[""IL""]","[""BUICK"", ""UNKNOWN""]","[""PARKED"", ""UNKNOWN/NA""]","[""ENCORE"", ""OTHER (EXPLAIN IN NARRATIVE)""]","[""0"", ""1""]","[""S""]","[""1"", ""2""]","[""DRIVER"", ""PARKED""]","[""NONE"", ""UNKNOWN""]","[""2063319"", ""2063323""]","[""SPORT UTILITY VEHICLE (SUV)"", ""UNKNOWN/NA""]","[""NOT IN USE"", ""UNKNOWN/NA""]","[""2020""]",[],[],[],[],[],"[""Y""]",[],[],[],[],[],[],[],[],[],[],[],"[""DEPLOYMENT UNKNOWN""]","[""TEST NOT OFFERED""]",[],"[""2025-10-06T08:00:00.000""]","[""UNKNOWN""]","[""UNKNOWN""]",[],[],"[""NONE""]",[],"[""O2164506""]","[""DRIVER""]","[""UNKNOWN""]","[""USAGE UNKNOWN""]","[""X""]",[],"[""2063319""]",[],[],[],[],[],[],[],2025,10,8,6,False,morning,41.78,-87.7,41.78_-87.7,0.0,0,0,OTHER,0
STRAIGHT AND LEVEL,411,2025-10-06 08:00:00,2,8,10,761CE44A6FEEE9EF045E6D0664795B0163655097624C23AB08827E5B58E1C86E8DA55D79BD30D7C7F82369722CED044AE614CB046879DE3B3698B8E87E3CC905,INJURY AND / OR TOW DUE TO CRASH,"OVER $1,500",FUNCTIONING PROPERLY,TURNING,41.7514606032,DAYLIGHT,-87.585971993,2,30,UNABLE TO DETERMINE,NO DEFECTS,DRY,NOT APPLICABLE,S,7900,TRAFFIC SIGNAL,OTHER,CLEAR,0.0,1.0,1.0,0.0,0.0,1.0,1,1,"[""Y""]",[],"[""Y""]","[""2025-10-06T08:00:00.000""]","[""2164551"", ""2164552""]","[""FRONT-RIGHT-CORNER"", ""UNKNOWN""]","[""IL""]","[""FORD"", ""UNKNOWN""]","[""STRAIGHT AHEAD"", ""TURNING LEFT""]","[""ESCORT"", ""OTHER (EXPLAIN IN NARRATIVE)""]","[""1""]","[""E"", ""W""]","[""1"", ""2""]","[""DRIVER""]","[""UNKNOWN""]","[""2063371"", ""2063383""]","[""PASSENGER""]","[""PERSONAL"", ""UNKNOWN/NA""]","[""2019""]",[],[],"[""Y""]","[""PRIVATE TOW""]","[""Y""]",[],[],[],[],[],[],[],[],[],[],"[""UNK""]",['22'],"[""DEPLOYMENT UNKNOWN"", ""DID NOT DEPLOY""]","[""TEST NOT OFFERED""]","[""CHICAGO""]","[""2025-10-06T08:00:00.000""]","[""NONE"", ""UNKNOWN""]","[""NOT OBSCURED"", ""UNKNOWN""]",[],[],"[""NONE""]",[],"[""O2164551"", ""O2164552""]","[""DRIVER""]","[""NORMAL"", ""UNKNOWN""]","[""SAFETY BELT USED"", ""USAGE UNKNOWN""]","[""M""]",[],"[""2063371"", ""2063383""]",[],[],[],[],[],[],[],2025,10,8,6,False,morning,41.75,-87.59,41.75_-87.59,22.0,22,22,OTHER,0
STRAIGHT AND LEVEL,1613,2025-10-06 08:00:00,2,8,10,E9EA3AF9108FA90A16D5EE898B35B7DEFFCA7E33ED5EDF36979EF25F2A14892EC2B626A7C78701E72F4B7DD71535A1DDB8913127BB9282175B95EB1F480D7E26,INJURY AND / OR TOW DUE TO CRASH,"OVER $1,500",NO CONTROLS,SIDESWIPE SAME DIRECTION,41.9755265727,DAYLIGHT,-87.7898162654,2,30,NOT APPLICABLE,NO DEFECTS,DRY,NOT APPLICABLE,W,6449,NO CONTROLS,NOT DIVIDED,CLEAR,0.0,0.0,0.0,0.0,0.0,1.0,1,2,"[""Y""]","[""Y""]","[""Y""]","[""2025-10-06T08:00:00.000""]","[""2164512"", ""2164513""]","[""SIDE-LEFT"", ""SIDE-RIGHT""]","[""IL""]","[""FORD"", ""TOYOTA""]","[""ENTERING TRAFFIC LANE FROM PARKING"", ""STRAIGHT AHEAD""]","[""COROLLA"", ""ESCAPE""]","[""1""]","[""E""]","[""1"", ""2""]","[""DRIVER""]","[""NONE""]","[""2063327"", ""2063337""]","[""PASSENGER"", ""SPORT UTILITY VEHICLE (SUV)""]","[""PERSONAL""]","[""2010"", ""2021""]","[""Y""]","[""Y""]","[""Y""]","[""OWNER""]","[""Y""]",[],[],[],"[""Y""]",[],[],[],[],"[""Y""]",[],"[""UNK""]","['61', '66']","[""DID NOT DEPLOY""]","[""TEST NOT OFFERED""]","[""CHICAGO""]","[""2025-10-06T08:00:00.000""]","[""NONE"", ""UNKNOWN""]","[""NOT OBSCURED""]","[""D""]","[""IL""]","[""NONE""]",[],"[""O2164512"", ""O2164513""]","[""DRIVER""]","[""NORMAL""]","[""SAFETY BELT USED""]","[""F""]","[""IL""]","[""2063327"", ""2063337""]","[""60656""]",[],[],[],[],[],[],2025,10,8,6,False,morning,41.98,-87.79,41.98_-87.79,63.5,61,66,OTHER,0