alignment,beat_of_occurrence,crash_date,crash_day_of_week,crash_hour,crash_month,crash_record_id,crash_type,damage,device_condition,first_crash_type,latitude,lighting_condition,longitude,num_units,posted_speed_limit,prim_contributory_cause,road_defect,roadway_surface_cond,sec_contributory_cause,street_direction,street_no,traffic_control_device,trafficway_type,weather_condition,private_property_i,hit_and_run_i,intersection_related_i,crash_date_est_i,work_zone_i,workers_present_i,veh_count,ppl_count,veh_area_01_i_list_json,veh_area_02_i_list_json,veh_area_12_i_list_json,veh_crash_date_list_json,veh_crash_unit_id_list_json,veh_first_contact_point_list_json,veh_lic_plate_state_list_json,veh_make_list_json,veh_maneuver_list_json,veh_model_list_json,veh_occupant_cnt_list_json,veh_travel_direction_list_json,veh_unit_no_list_json,veh_unit_type_list_json,veh_vehicle_defect_list_json,veh_vehicle_id_list_json,veh_vehicle_type_list_json,veh_vehicle_use_list_json,veh_vehicle_year_list_json,veh_area_03_i_list_json,veh_area_04_i_list_json,veh_area_11_i_list_json,veh_towed_by_list_json,veh_towed_i_list_json,veh_area_07_i_list_json,veh_area_99_i_list_json,veh_area_09_i_list_json,veh_area_10_i_list_json,veh_cmrc_veh_i_list_json,veh_num_passengers_list_json,veh_area_08_i_list_json,veh_area_00_i_list_json,veh_area_05_i_list_json,veh_area_06_i_list_json,veh_towed_to_list_json,ppl_age_list_json,ppl_airbag_deployed_list_json,ppl_bac_result_list_json,ppl_city_list_json,ppl_crash_date_list_json,ppl_driver_action_list_json,ppl_driver_vision_list_json,ppl_drivers_license_class_list_json,ppl_drivers_license_state_list_json,ppl_ejection_list_json,ppl_hospital_list_json,ppl_person_id_list_json,ppl_person_type_list_json,ppl_physical_condition_list_json,ppl_safety_equipment_list_json,ppl_sex_list_json,ppl_state_list_json,ppl_vehicle_id_list_json,ppl_zipcode_list_json,ppl_ems_agency_list_json,ppl_seat_no_list_json,ppl_pedpedal_action_list_json,ppl_pedpedal_location_list_json,ppl_pedpedal_visibility_list_json,ppl_ems_run_no_list_json,year,month,hour,day,is_weekend,hour_bin,lat_bin,lng_bin,grid_id,ppl_age_mean,ppl_age_min,ppl_age_max,prim_contributory_cause_group,ksi_flag
STRAIGHT AND LEVEL,824,2025-10-06 07:55:00,2,7,10,2F1097DA1FF3CE87763208CB66A769970AB5378B17284DA0ED7ACB0AEFED82D772FA502CDA65201E37C2FE1AE0EDF39E22F53933D3261B4428137265F25B71E2,NO INJURY / DRIVE AWAY,$500 OR LESS,NO CONTROLS,SIDESWIPE SAME DIRECTION,41.7873037974,DAYLIGHT,-87.6837065442,2,30,UNABLE TO DETERMINE,NO DEFECTS,DRY,UNABLE TO DETERMINE,S,5835,NO CONTROLS,NOT DIVIDED,CLEAR,0.0,0.0,0.0,0.0,0.0,1.0,1,2,[],[],[],"[""2025-10-06T07:55:00.000""]","[""2164498"", ""2164499""]","[""SIDE-LEFT-REAR"", ""SIDE-RIGHT""]","[""IL""]","[""PETERBILT MOTORS COMPANY (DIVISION OF PACCAR, INC.)"", ""PONTIAC""]","[""STRAIGHT AHEAD""]","[""GRAND PRIX"", ""PETERBILT MOTORS CO., DIVISION PACCAR, INC.""]","[""1""]","[""N""]","[""1"", ""2""]","[""DRIVER""]","[""NONE""]","[""2063315"", ""2063318""]","[""PASSENGER"", ""TRACTOR W/ SEMI-TRAILER""]","[""CONSTRUCTION/MAINTENANCE"", ""PERSONAL""]","[""2007"", ""2017""]",[],[],[],[],[],"[""Y""]",[],[],[],[],[],"[""Y""]","[""Y""]",[],[],[],"['25', '51']","[""DID NOT DEPLOY""]","[""TEST NOT OFFERED""]","[""CHICAGO""]","[""2025-10-06T07:55:00.000""]","[""UNKNOWN""]","[""NOT OBSCURED""]","[""A""]","[""IL""]","[""NONE""]",[],"[""O2164498"", ""O2164499""]","[""DRIVER""]","[""NORMAL""]","[""SAFETY BELT USED""]","[""F"", ""M""]","[""IL""]","[""2063315"", ""2063318""]","[""60608"", ""60638""]",[],[],[],[],[],[],2025,10,7,6,False,morning,41.79,-87.68,41.79_-87.68,38.0,25,51,OTHER,0
STRAIGHT AND LEVEL,813,2025-10-06 07:54:00,2,7,10,B18DF94F6CA6DD1FE6BFFB719D84656EA1D9C7E6F8F611CCEEF6C9E1B41AD95E83EB59C47D8C0F6DC0D91ABD9700C25C7887BF3655538E15B732FD8E1DDACAAA,INJURY AND / OR TOW DUE TO CRASH,"OVER $1,500",NO CONTROLS,FIXED OBJECT,41.779160868,DAYLIGHT,-87.7360572462,1,15,UNABLE TO DETERMINE,UNKNOWN,DRY,UNABLE TO DETERMINE,S,6239,NO CONTROLS,ALLEY,CLEAR,1.0,1.0,0.0,0.0,0.0,1.0,1,0,[],[],[],"[""2025-10-06T07:54:00.000""]","[""2164648""]","[""FRONT""]","[""IL""]","[""TOYOTA""]","[""STRAIGHT AHEAD""]","[""4RUNNER""]","[""1""]","[""N""]","[""1""]","[""DRIVER""]","[""UNKNOWN""]","[""2063458""]","[""SPORT UTILITY VEHICLE (SUV)""]","[""UNKNOWN/NA""]","[""2003""]",[],[],[],"[""CPD""]","[""Y""]",[],[],[],[],[],[],[],[],[],[],"[""POUND TWO""]",[],"[""DEPLOYMENT UNKNOWN""]","[""TEST NOT OFFERED""]",[],"[""2025-10-06T07:54:00.000""]","[""UNKNOWN""]","[""UNKNOWN""]",[],[],"[""NONE""]",[],"[""O2164648""]","[""DRIVER""]","[""UNKNOWN""]","[""USAGE UNKNOWN""]","[""M""]",[],"[""2063458""]",[],[],[],[],[],[],[],2025,10,7,6,False,morning,41.78,-87.74,41.78_-87.74,0.0,0,0,OTHER,0
STRAIGHT AND LEVEL,2533,2025-10-06 07:50:00,2,7,10,3743FD20295F3E89E8DC0FC41C348D3D236A755C30C4B21E5A38227E8FDD392DBAE167DAFBCB4506645452DB1208EB7094C952CFE73BE6FD17B2694C2FCD92AA,NO INJURY / DRIVE AWAY,"OVER $1,500",NO CONTROLS,SIDESWIPE SAME DIRECTION,41.91682247,DAYLIGHT,-87.7461730914,2,30,IMPROPER OVERTAKING/PASSING,NO DEFECTS,DRY,NOT APPLICABLE,W,4801,TRAFFIC SIGNAL,DIVIDED - W/MEDIAN (NOT RAISED),CLEAR,0.0,0.0,1.0,0.0,0.0,1.0,1,1,[],[],[],"[""2025-10-06T07:50:00.000""]","[""2165082"", ""2165083""]","[""SIDE-RIGHT-REAR"", ""UNKNOWN""]","[""IL""]","[""CHEVROLET"", ""NISSAN""]","[""PASSING/OVERTAKING"", ""STRAIGHT AHEAD""]","[""MAXIMA"", ""TRAIL BLAZER""]","[""1""]","[""E""]","[""1"", ""2""]","[""DRIVER""]","[""NONE""]","[""2063879"", ""2063883""]","[""PASSENGER""]","[""PERSONAL""]","[""2003"", ""2014""]","[""Y""]","[""Y""]",[],[],[],[],"[""Y""]",[],[],[],[],[],[],"[""Y""]",[],[],['46'],"[""NOT APPLICABLE""]","[""TEST NOT OFFERED""]","[""CHICAGO""]","[""2025-10-06T07:50:00.000""]","[""IMPROPER PASSING"", ""NONE""]","[""NOT OBSCURED"", ""UNKNOWN""]","[""D""]","[""IL""]","[""NONE""]",[],"[""O2165082"", ""O2165083""]","[""DRIVER""]","[""NORMAL""]","[""SAFETY BELT USED""]","[""M""]","[""IL""]","[""2063879"", ""2063883""]","[""60639""]",[],[],[],[],[],[],2025,10,7,6,False,morning,41.92,-87.75,41.92_-87.75,46.0,46,46,OTHER,0
STRAIGHT AND LEVEL,1613,2025-10-06 07:50:00,2,7,10,E4D19322283AC3082490AA8E0DD7AFE93DC1A315DDCD5EC27B4EB0A4E832A50FE29E26D11A5B04CAECE8FC27E37BEADD54A38F4918BDE582D5A8E1D65AE71FDA,NO INJURY / DRIVE AWAY,"OVER $1,500",FUNCTIONING PROPERLY,ANGLE,41.9739403406,DAYLIGHT,-87.7892689803,2,25,FAILING TO YIELD RIGHT-OF-WAY,NO DEFECTS,DRY,NOT APPLICABLE,W,6434,STOP SIGN/FLASHER,NOT DIVIDED,CLEAR,0.0,0.0,1.0,0.0,0.0,1.0,1,2,"[""Y""]","[""Y""]","[""Y""]","[""2025-10-06T07:50:00.000""]","[""2164514"", ""2164515""]","[""FRONT"", ""SIDE-RIGHT-FRONT""]","[""IL""]","[""FORD"", ""TESLA""]","[""STRAIGHT AHEAD""]","[""ECOSPORT"", ""OTHER (EXPLAIN IN NARRATIVE)""]","[""1""]","[""N"", ""W""]","[""1"", ""2""]","[""DRIVER""]","[""NONE""]","[""2063326"", ""2063332""]","[""SPORT UTILITY VEHICLE (SUV)""]","[""PERSONAL""]","[""2020"", ""2025""]",[],[],[],[],[],[],[],[],[],[],[],[],[],[],[],[],"['26', '57']","[""DID NOT DEPLOY""]","[""TEST NOT OFFERED""]","[""BERWYN"", ""CHICAGO""]","[""2025-10-06T07:50:00.000""]","[""FAILED TO YIELD"", ""NONE""]","[""NOT OBSCURED""]","[""D""]","[""IL""]","[""NONE""]",[],"[""O2164514"", ""O2164515""]","[""DRIVER""]","[""NORMAL""]","[""SAFETY BELT USED""]","[""F"", ""M""]","[""IL""]","[""2063326"", ""2063332""]","[""60402"", ""60634""]",[],[],[],[],[],[],2025,10,7,6,False,morning,41.97,-87.79,41.97_-87.79,41.5,26,57,FAILURE-TO-YIELD,0
STRAIGHT AND LEVEL,831,2025-10-06 07:50:00,2,7,10,8B123BD72FED2453AC49FE553B1D155596BD83E525AD7A2298501D410C85D6798B45FF824A1CED1D04BBEDF7B72600FA900C2D2AD8EE314C866F412E11374987,NO INJURY / DRIVE AWAY,$500 OR LESS,NO CONTROLS,TURNING,41.7681066241,DAYLIGHT,-87.6917494356,2,30,IMPROPER LANE USAGE,NO DEFECTS,DRY,UNABLE TO DETERMINE,S,6901,NO CONTROLS,NOT DIVIDED,CLEAR,0.0,0.0,0.0,0.0,0.0,1.0,1,2,[],"[""Y""]",[],"[""2025-10-06T07:50:00.000""]","[""2164632"", ""2164633""]","[""FRONT-LEFT-CORNER"", ""SIDE-RIGHT""]","[""IL""]","[""FREIGHTLINER CORPORATION"", ""UNKNOWN""]","[""OTHER"", ""TURNING RIGHT""]","[""FREIGHTLINER CORP."", ""OTHER (EXPLAIN IN NARRATIVE)""]","[""1"", ""2""]","[""S""]","[""1"", ""2""]","[""DRIVER""]","[""NONE""]","[""2063443"", ""2063452""]","[""BUS UP TO 15 PASS."", ""TRUCK - SINGLE UNIT""]","[""OTHER"", ""SCHOOL BUS""]","[""2024""]",[],[],[],[],[],[],[],[],[],[],"[""1""]",[],"[""Y""]",[],[],[],"['31', '50']","[""DID NOT DEPLOY"", ""NOT APPLICABLE""]","[""TEST NOT OFFERED""]","[""BURBANK"", ""CHICAGO"", ""CHICAGOI""]","[""2025-10-06T07:50:00.000""]","[""NONE"", ""OTHER""]","[""NOT OBSCURED""]","[""B""]","[""IL""]","[""NONE""]","[""DNA""]","[""O2164632"", ""O2164633"", ""P477720""]","[""DRIVER"", ""PASSENGER""]","[""NORMAL""]","[""SAFETY BELT USED"", ""USAGE UNKNOWN""]","[""F"", ""M""]","[""IL""]","[""2063443"", ""2063452""]","[""60459"", ""60608""]","[""DNA""]","[""3""]",[],[],[],"[""DNA""]",2025,10,7,6,False,morning,41.77,-87.69,41.77_-87.69,40.5,31,50,OTHER,0
STRAIGHT AND LEVEL,1233,2025-10-06 07:45:00,2,7,10,BA82D392046711404E50D026A45F117825EA4E58B9DD49F24EF0D9FFD4CA0B225C8CE22BD885811BBA1085DC57B51D57105CFE73416A885FC2A371ABBFDAE7A8,INJURY AND / OR TOW DUE TO CRASH,"OVER $1,500",OTHER,ANGLE,41.8667496486,DAYLIGHT,-87.6682294831,2,30,FAILING TO YIELD RIGHT-OF-WAY,UNKNOWN,DRY,UNABLE TO DETERMINE,W,1645,STOP SIGN/FLASHER,FOUR WAY,CLEAR,0.0,1.0,0.0,0.0,0.0,1.0,1,1,[],[],"[""Y""]","[""2025-10-06T07:45:00.000""]","[""2167914"", ""2167915""]","[""SIDE-LEFT"", ""UNKNOWN""]","[""IL""]","[""MAZDA"", ""UNKNOWN""]","[""STRAIGHT AHEAD""]","[""MAZDA6"", ""OTHER (EXPLAIN IN NARRATIVE)""]","[""1"", ""2""]","[""E"", ""N""]","[""1"", ""2""]","[""DRIVER""]","[""UNKNOWN""]","[""2066551"", ""2066554""]","[""PASSENGER"", ""UNKNOWN/NA""]","[""PERSONAL"", ""UNKNOWN/NA""]","[""2015""]",[],[],"[""Y""]","[""PRIVATE""]","[""Y""]",[],"[""Y""]","[""Y""]","[""Y""]",[],"[""1""]",[],[],[],[],"[""UNKNOWN""]",['36'],"[""DEPLOYMENT UNKNOWN"", ""DID NOT DEPLOY""]","[""TEST NOT OFFERED""]","[""CHICAGO""]","[""2025-10-06T07:45:00.000""]","[""NONE"", ""OTHER""]","[""UNKNOWN""]","[""D""]","[""IL""]","[""NONE""]",[],"[""O2167914"", ""O2167915"", ""P478336""]","[""DRIVER"", ""PASSENGER""]","[""NORMAL"", ""UNKNOWN""]","[""SAFETY BELT USED"", ""USAGE UNKNOWN""]","[""F"", ""X""]","[""IL""]","[""2066551"", ""2066554""]","[""60644""]",[],"[""3""]",[],[],[],[],2025,10,7,6,False,morning,41.87,-87.67,41.87_-87.67,36.0,36,36,FAILURE-TO-YIELD,0
STRAIGHT AND LEVEL,1731,2025-10-06 07:45:00,2,7,10,32268EC7056EC7A91E675FA7CCE72849ECCD28187B44DA32C58C8C7AEB75836B2800CE4C9784D1969D3D881F346AE53DD3CCE81DF1C4C60EB47B467F44778A3D,NO INJURY / DRIVE AWAY,"OVER $1,500",NO CONTROLS,PARKED MOTOR VEHICLE,41.9482432852,DAYLIGHT,-87.738394132,2,30,UNABLE TO DETERMINE,NO DEFECTS,DRY,UNABLE TO DETERMINE,N,3704,NO CONTROLS,DIVIDED - W/MEDIAN (NOT RAISED),CLEAR,0.0,1.0,0.0,0.0,0.0,1.0,2,0,"[""Y""]",[],[],"[""2025-10-06T07:45:00.000""]","[""2164500"", ""2164501""]","[""FRONT-LEFT-CORNER"", ""FRONT-RIGHT-CORNER""]","[""IL""]","[""THOMAS BUILT BUS COMPANY"", ""TOYOTA""]","[""PARKED"", ""STRAIGHT AHEAD""]","[""RAV4"", ""THOMAS BUILT BUS CO.""]","[""0"", ""1""]","[""S""]","[""1"", ""2""]","[""DRIVER"", ""PARKED""]","[""NONE"", ""UNKNOWN""]","[""2063316"", ""2063321""]","[""BUS OVER 15 PASS."", ""PASSENGER""]","[""PERSONAL"", ""SCHOOL BUS""]","[""2022"", ""2023""]",[],[],"[""Y""]",[],[],[],[],[],[],[],[],[],[],[],[],[],[],"[""DEPLOYMENT UNKNOWN""]","[""TEST NOT OFFERED""]",[],"[""2025-10-06T07:45:00.000""]","[""UNKNOWN""]","[""UNKNOWN""]",[],[],"[""NONE""]",[],"[""O2164500""]","[""DRIVER""]","[""UNKNOWN""]","[""USAGE UNKNOWN""]","[""M""]",[],"[""2063316""]",[],[],[],[],[],[],[],2025,10,7,6,False,morning,41.95,-87.74,41.95_-87.74,0.0,0,0,OTHER,0
STRAIGHT AND LEVEL,2515,2025-10-06 07:45:00,2,7,10,287213119F70DD36BD28EE5E29642947A4048FE8F5DBF88741F1C492FA006E49D16A9FC3E4FA2ED9896007EEA53DD66B0620774DBFF9F7547F14AF59FEAC9546,NO INJURY / DRIVE AWAY,"OVER $1,500",NO CONTROLS,PARKED MOTOR VEHICLE,41.9200612665,UNKNOWN,-87.7693502453,2,20,UNABLE TO DETERMINE,UNKNOWN,UNKNOWN,NOT APPLICABLE,N,2171,NO CONTROLS,ONE-WAY,CLEAR,0.0,1.0,0.0,0.0,0.0,1.0,2,0,"[""Y""]",[],[],"[""2025-10-06T07:45:00.000""]","[""2169278"", ""2169279""]","[""FRONT-RIGHT-CORNER"", ""UNKNOWN""]","[""IL""]","[""TOYOTA"", ""UNKNOWN""]","[""PARKED"", ""UNKNOWN/NA""]","[""OTHER (EXPLAIN IN NARRATIVE)""]","[""0"", ""1""]","[""S"", ""UNKNOWN""]","[""1"", ""2""]","[""DRIVER"", ""PARKED""]","[""UNKNOWN""]","[""2067826"", ""2067832""]","[""PASSENGER"", ""UNKNOWN/NA""]","[""NOT IN USE"", ""UNKNOWN/NA""]","[""2005""]",[],[],[],[],[],[],[],[],[],[],[],[],[],[],[],[],[],"[""DEPLOYMENT UNKNOWN""]","[""TEST NOT OFFERED""]",[],"[""2025-10-06T07:45:00.000""]","[""UNKNOWN""]","[""UNKNOWN""]",[],[],"[""NONE""]",[],"[""O2169278""]","[""DRIVER""]","[""UNKNOWN""]","[""USAGE UNKNOWN""]","[""X""]",[],"[""2067826""]",[],[],[],[],[],[],[],2025,10,7,6,False,morning,41.92,-87.77,41.92_-87.77,0.0,0,0,OTHER,0
STRAIGHT AND LEVEL,2213,2025-10-06 07:40:00,2,7,10,59D3D403B2F43E6E281F7BE79035336CE0FD2E3454D7CC6792666475164B45F6EDEE66A625CD2001B18E10D670AC4075A86E17B1C382109972837F98AAEDC14E,NO INJURY / DRIVE AWAY,"OVER $1,500",NO CONTROLS,REAR END,41.7195673163,DAYLIGHT,-87.6652095087,2,30,IMPROPER OVERTAKING/PASSING,NO DEFECTS,DRY,FAILING TO REDUCE SPEED TO AVOID CRASH,S,9556,NO CONTROLS,NOT DIVIDED,CLEAR,0.0,0.0,0.0,0.0,0.0,1.0,1,2,"[""N""]","[""N""]",[],"[""2025-10-06T07:40:00.000""]","[""2164634"", ""2164635""]","[""FRONT-RIGHT-CORNER"", ""REAR-LEFT-CORNER""]","[""IL""]","[""CHEVROLET""]","[""OTHER"", ""SLOW/STOP IN TRAFFIC""]","[""EQUINOX"", ""SILVERADO""]","[""1""]","[""N""]","[""1"", ""2""]","[""DRIVER""]","[""UNKNOWN""]","[""2063439"", ""2063449""]","[""PICKUP"", ""SPORT UTILITY VEHICLE (SUV)""]","[""PERSONAL""]","[""2015"", ""2022""]",[],[],[],[],[],"[""Y""]",[],[],[],[],[],"[""Y""]","[""Y""]",[],[],[],"['26', '30']","[""DID NOT DEPLOY""]","[""TEST NOT OFFERED""]","[""CHICAGO""]","[""2025-10-06T07:40:00.000""]","[""NONE"", ""OTHER""]","[""NOT OBSCURED""]","[""D""]","[""IL""]","[""NONE""]",[],"[""O2164634"", ""O2164635""]","[""DRIVER""]","[""NORMAL""]","[""USAGE UNKNOWN""]","[""F""]","[""IL""]","[""2063439"", ""2063449""]","[""60620"", ""60643""]",[],[],[],[],[],[],2025,10,7,6,False,morning,41.72,-87.67,41.72_-87.67,28.0,26,30,OTHER,0
STRAIGHT AND LEVEL,922,2025-10-06 07:40:00,2,7,10,43205F83C510EB530EEAB77C6714C5D3104030B7A0FDFA69FF7C7AD44B3D162E996B9EB844CC3EAB3A848F929F02E55F6BE85097DA8CC3E0E2E1C2595E767216,NO INJURY / DRIVE AWAY,"OVER $1,500",NO CONTROLS,PARKED MOTOR VEHICLE,41.8105254665,DAYLIGHT,-87.69779716,2,30,UNABLE TO DETERMINE,NO DEFECTS,DRY,UNABLE TO DETERMINE,S,4545,NO CONTROLS,ONE-WAY,CLEAR,0.0,1.0,0.0,0.0,0.0,1.0,2,0,[],[],"[""Y""]","[""2025-10-06T07:40:00.000""]","[""2164492"", ""2164493""]","[""FRONT-LEFT-CORNER"", ""UNKNOWN""]","[""IL""]","[""HYUNDAI"", ""TOYOTA""]","[""PARKED"", ""UNKNOWN/NA""]","[""KONA"", ""OTHER (EXPLAIN IN NARRATIVE)""]","[""0"", ""1""]","[""E"", ""UNKNOWN""]","[""1"", ""2""]","[""DRIVER"", ""PARKED""]","[""NONE"", ""UNKNOWN""]","[""2063305"", ""2063309""]","[""PASSENGER"", ""UNKNOWN/NA""]","[""PERSONAL"", ""UNKNOWN/NA""]","[""2009"", ""2019""]",[],[],"[""Y""]",[],[],[],"[""Y""]",[],[],[],[],[],[],[],[],[],[],"[""DEPLOYMENT UNKNOWN""]","[""TEST NOT OFFERED""]",[],"[""2025-10-06T07:40:00.000""]","[""UNKNOWN""]","[""UNKNOWN""]",[],[],"[""NONE""]",[],"[""O2164492""]","[""DRIVER""]","[""UNKNOWN""]","[""USAGE UNKNOWN""]","[""X""]",[],"[""2063305""]",[],[],[],[],[],[],[],2025,10,7,6,False,morning,41.81,-87.7,41.81_-87.7,0.0,0,0,OTHER,0
STRAIGHT AND LEVEL,823,2025-10-06 07:40:00,2,7,10,32DFC9608C3A4E9F0DECD470D35FC153D29CCC99294A024719F295EDB9B56A372F728BAB549974D794906283231BB8C9EC2D8FFBAC42421B6B1C894054AB600A,INJURY AND / OR TOW DUE TO CRASH,"OVER $1,500",NO CONTROLS,PARKED MOTOR VEHICLE,41.7789329121,DAYLIGHT,-87.6996286637,2,30,UNABLE TO DETERMINE,NO DEFECTS,DRY,UNABLE TO DETERMINE,S,6300,NO CONTROLS,ONE-WAY,CLEAR,0.0,1.0,0.0,0.0,0.0,1.0,2,0,[],[],[],"[""2025-10-06T07:40:00.000""]","[""2164675"", ""2164676""]","[""SIDE-LEFT"", ""SIDE-RIGHT""]","[""IL""]","[""CHEVROLET"", ""FORD""]","[""PARKED"", ""TURNING LEFT""]","[""EL CAMINO"", ""ESCAPE""]","[""0"", ""1""]","[""S"", ""W""]","[""1"", ""2""]","[""DRIVER"", ""PARKED""]","[""NONE"", ""UNKNOWN""]","[""2063505"", ""2063509""]","[""PASSENGER""]","[""PERSONAL""]","[""2025""]",[],[],[],"[""PRIVATE""]","[""Y""]","[""Y""]","[""Y""]","[""Y""]","[""Y""]",[],[],"[""Y""]",[],[],[],[],[],"[""NOT APPLICABLE""]","[""TEST NOT OFFERED""]",[],"[""2025-10-06T07:40:00.000""]","[""UNKNOWN""]","[""UNKNOWN""]",[],"[""XX""]","[""NONE""]",[],"[""O2164675""]","[""DRIVER""]","[""UNKNOWN""]","[""USAGE UNKNOWN""]","[""X""]",[],"[""2063505""]",[],[],[],[],[],[],[],2025,10,7,6,False,morning,41.78,-87.7,41.78_-87.7,0.0,0,0,OTHER,0
STRAIGHT AND LEVEL,1622,2025-10-06 07:38:00,2,7,10,3A8A7284FF4C8885C1ACCECAC09C8A58F837A55A955E999886E11AD27561AAFA33E8A9D3CD480F52D5C47CA97EA16F9117DA7E48A179AD1605EF982C8362AC18,INJURY AND / OR TOW DUE TO CRASH,"OVER $1,500",NO CONTROLS,REAR END,41.9724683895,DAYLIGHT,-87.7783902343,2,30,UNABLE TO DETERMINE,NO DEFECTS,DRY,UNABLE TO DETERMINE,N,5010,NO CONTROLS,NOT DIVIDED,CLEAR,0.0,0.0,0.0,0.0,0.0,1.0,1,5,"[""Y""]",[],"[""Y""]","[""2025-10-06T07:38:00.000""]","[""2164626"", ""2164627""]","[""FRONT"", ""REAR""]","[""IL""]","[""FORD"", ""TOYOTA""]","[""STRAIGHT AHEAD""]","[""CLUB WAGON E350"", ""COROLLA""]","[""2"", ""3""]","[""S""]","[""1"", ""2""]","[""DRIVER""]","[""UNKNOWN""]","[""2063434"", ""2063445""]","[""PASSENGER"", ""VAN/MINI-VAN""]","[""CONSTRUCTION/MAINTENANCE"", ""PERSONAL""]","[""2000"", ""2014""]",[],[],"[""Y""]","[""UNK""]","[""Y""]","[""Y""]",[],[],[],[],"[""1"", ""2""]",[],[],"[""Y""]","[""Y""]","[""UNK""]","['14', '3', '36', '38', '75']","[""NOT APPLICABLE""]","[""TEST NOT OFFERED""]","[""CHICAGO"", ""PARK RIDGE""]","[""2025-10-06T07:38:00.000""]","[""NONE"", ""OTHER""]","[""NOT OBSCURED"", ""UNKNOWN""]","[""D""]","[""IL""]","[""NONE""]","[""LUTHERAN GENERAL HOSPITAL""]","[""O2164626"", ""O2164627"", ""P477713"", ""P477714"", ""P477719""]","[""DRIVER"", ""PASSENGER""]","[""NORMAL""]","[""NONE PRESENT"", ""SAFETY BELT USED"", ""USAGE UNKNOWN""]","[""F"", ""M""]","[""IL""]","[""2063434"", ""2063445""]","[""60068"", ""60622"", ""60634""]","[""CFD"", ""CFD AMB""]","[""2"", ""5""]",[],[],[],"[""39"", ""47""]",2025,10,7,6,False,morning,41.97,-87.78,41.97_-87.78,33.2,3,75,OTHER,1
STRAIGHT AND LEVEL,932,2025-10-06 07:35:00,2,7,10,4A930C23F6690D9BCF4C7C72ECAD0379C2A261D21E9B43AEF02E69BF4D06FE0B81DD73863A3D90AE663641B8E9AE1FFCFB660B624D416DB2D1165CEE4F344FC5,NO INJURY / DRIVE AWAY,"OVER $1,500",FUNCTIONING PROPERLY,TURNING,41.8010855675,DAYLIGHT,-87.6835248987,2,30,"VISION OBSCURED (SIGNS, TREE LIMBS, BUILDINGS, ETC.)",NO DEFECTS,DRY,NOT APPLICABLE,S,5101,TRAFFIC SIGNAL,NOT DIVIDED,CLEAR,0.0,0.0,1.0,0.0,0.0,1.0,1,3,"[""Y""]",[],"[""Y""]","[""2025-10-06T07:35:00.000""]","[""2164528"", ""2164529""]","[""FRONT"", ""SIDE-RIGHT""]","[""IL""]","[""HONDA"", ""MAZDA""]","[""STRAIGHT AHEAD"", ""TURNING LEFT""]","[""CX-7"", ""RIDGELINE""]","[""2""]","[""E"", ""W""]","[""1"", ""2""]","[""DRIVER""]","[""NONE""]","[""2063342"", ""2063363""]","[""PICKUP"", ""SPORT UTILITY VEHICLE (SUV)""]","[""PERSONAL""]","[""2007"", ""2008""]","[""Y""]","[""Y""]","[""Y""]",[],[],[],[],[],[],[],"[""1""]",[],[],[],[],[],"['23', '24', '26']","[""DID NOT DEPLOY""]","[""TEST NOT OFFERED""]","[""CHICAGO""]","[""2025-10-06T07:35:00.000""]","[""NONE"", ""OTHER""]","[""MOVING VEHICLES"", ""NOT OBSCURED""]","[""D""]","[""IL""]","[""NONE""]",[],"[""O2164528"", ""O2164529"", ""P477701"", ""P477702""]","[""DRIVER"", ""PASSENGER""]","[""NORMAL""]","[""USAGE UNKNOWN""]","[""F"", ""M""]","[""IL""]","[""2063342"", ""2063363""]","[""60629"", ""60632""]",[],"[""3""]",[],[],[],[],2025,10,7,6,False,morning,41.8,-87.68,41.8_-87.68,24.333333333333332,23,26,LIGHTING/VISIBILITY,0
STRAIGHT AND LEVEL,923,2025-10-06 07:32:00,2,7,10,B84F495C2D73A07F8B4B1E5D54B6D776864C10D52069BAD0B9563FAC67C77B33C28F19E721CBB25D3D1AF84EA463BCB72B5FAFC8D32D3BE7424397A0ECDE1CCA,NO INJURY / DRIVE AWAY,"OVER $1,500",FUNCTIONING PROPERLY,TURNING,41.8007314612,DAYLIGHT,-87.7036168743,3,30,UNABLE TO DETERMINE,NO DEFECTS,DRY,UNABLE TO DETERMINE,S,5101,TRAFFIC SIGNAL,CENTER TURN LANE,CLEAR,0.0,0.0,0.0,0.0,0.0,1.0,1,4,"[""N"", ""Y""]",[],[],"[""2025-10-06T07:32:00.000""]","[""2164534"", ""2164535"", ""2164536""]","[""FRONT-LEFT-CORNER"", ""SIDE-LEFT""]","[""IL""]","[""CHEVROLET"", ""DODGE"", ""SUBARU""]","[""TURNING LEFT""]","[""ASCENT"", ""JOURNEY"", ""MALIBU""]","[""1"", ""2""]","[""E"", ""S""]","[""1"", ""2"", ""3""]","[""DRIVER""]","[""NONE""]","[""2063351"", ""2063359"", ""2063372""]","[""PASSENGER""]","[""PERSONAL""]","[""2001"", ""2010"", ""2021""]",[],[],"[""Y""]",[],[],[],"[""Y""]","[""Y""]","[""Y""]",[],"[""1""]","[""Y""]",[],[],[],[],"['18', '29', '51', '54']","[""NOT APPLICABLE""]","[""TEST NOT OFFERED""]","[""CHICAGO"", ""LOMBARD""]","[""2025-10-06T07:32:00.000""]","[""NONE"", ""UNKNOWN""]","[""NOT OBSCURED""]","[""D""]","[""IL""]","[""NONE""]","[""REFUSED EMS""]","[""O2164534"", ""O2164535"", ""O2164536"", ""P477700""]","[""DRIVER"", ""PASSENGER""]","[""NORMAL""]","[""USAGE UNKNOWN""]","[""F""]","[""IL""]","[""2063351"", ""2063359"", ""2063372""]","[""60148"", ""60629"", ""60632""]",[],"[""3""]",[],[],[],[],2025,10,7,6,False,morning,41.8,-87.7,41.8_-87.7,38.0,18,54,OTHER,0