alignment,beat_of_occurrence,crash_date,crash_day_of_week,crash_hour,crash_month,crash_record_id,crash_type,damage,device_condition,first_crash_type,latitude,lighting_condition,longitude,num_units,posted_speed_limit,prim_contributory_cause,road_defect,roadway_surface_cond,sec_contributory_cause,street_direction,street_no,traffic_control_device,trafficway_type,weather_condition,private_property_i,hit_and_run_i,intersection_related_i,crash_date_est_i,work_zone_i,workers_present_i,veh_count,ppl_count,veh_area_01_i_list_json,veh_area_02_i_list_json,veh_area_12_i_list_json,veh_crash_date_list_json,veh_crash_unit_id_list_json,veh_first_contact_point_list_json,veh_lic_plate_state_list_json,veh_make_list_json,veh_maneuver_list_json,veh_model_list_json,veh_occupant_cnt_list_json,veh_travel_direction_list_json,veh_unit_no_list_json,veh_unit_type_list_json,veh_vehicle_defect_list_json,veh_vehicle_id_list_json,veh_vehicle_type_list_json,veh_vehicle_use_list_json,veh_vehicle_year_list_json,veh_area_03_i_list_json,veh_area_04_i_list_json,veh_area_11_i_list_json,veh_towed_by_list_json,veh_towed_i_list_json,veh_area_07_i_list_json,veh_area_99_i_list_json,veh_area_09_i_list_json,veh_area_10_i_list_json,veh_cmrc_veh_i_list_json,veh_num_passengers_list_json,veh_area_08_i_list_json,veh_area_00_i_list_json,veh_area_05_i_list_json,veh_area_06_i_list_json,veh_towed_to_list_json,ppl_age_list_json,ppl_airbag_deployed_list_json,ppl_bac_result_list_json,ppl_city_list_json,ppl_crash_date_list_json,ppl_driver_action_list_json,ppl_driver_vision_list_json,ppl_drivers_license_class_list_json,ppl_drivers_license_state_list_json,ppl_ejection_list_json,ppl_hospital_list_json,ppl_person_id_list_json,ppl_person_type_list_json,ppl_physical_condition_list_json,ppl_safety_equipment_list_json,ppl_sex_list_json,ppl_state_list_json,ppl_vehicle_id_list_json,ppl_zipcode_list_json,ppl_ems_agency_list_json,ppl_seat_no_list_json,ppl_pedpedal_action_list_json,ppl_pedpedal_location_list_json,ppl_pedpedal_visibility_list_json,ppl_ems_run_no_list_json,year,month,hour,day,is_weekend,hour_bin,lat_bin,lng_bin,grid_id,ppl_age_mean,ppl_age_min,ppl_age_max,prim_contributory_cause_group,ksi_flag
STRAIGHT AND LEVEL,1233,2025-10-06 07:30:00,2,7,10,6CAAEF83E4FCABD3A99D583F84ED7A636839DF01B274C13DF5AD34270EF4FC4975A9EFDA178DBE0C2CB4B5F995808CD4A18F57E12CD02E7B2CE31676B2364F9A,INJURY AND / OR TOW DUE TO CRASH,"OVER $1,500",FUNCTIONING PROPERLY,ANGLE,41.8641412864,DAYLIGHT,-87.6762985263,2,20,DISTRACTION - FROM OUTSIDE VEHICLE,NO DEFECTS,DRY,"VISION OBSCURED (SIGNS, TREE LIMBS, BUILDINGS, ETC.)",W,2000,STOP SIGN/FLASHER,NOT DIVIDED,CLEAR,0.0,0.0,1.0,0.0,0.0,1.0,1,2,"[""Y""]","[""Y""]","[""Y""]","[""2025-10-06T07:30:00.000""]","[""2164490"", ""2164491""]","[""FRONT"", ""SIDE-RIGHT""]","[""IL""]","[""CHEVROLET"", ""FORD""]","[""STRAIGHT AHEAD""]","[""CRUZE"", ""TRANSIT""]","[""1""]","[""S"", ""W""]","[""1"", ""2""]","[""DRIVER""]","[""UNKNOWN""]","[""2063322"", ""2063345""]","[""PASSENGER""]","[""OTHER"", ""PERSONAL""]","[""2016"", ""2024""]","[""Y""]","[""Y""]","[""Y""]","[""PRIVATE TOW""]","[""Y""]",[],[],[],[],[],[],[],[],"[""Y""]",[],[],"['41', '57']","[""DEPLOYED, COMBINATION"", ""NOT APPLICABLE""]","[""TEST NOT OFFERED""]","[""COUNRTY CLUB HILLS"", ""ST CHARLES""]","[""2025-10-06T07:30:00.000""]","[""NONE"", ""OTHER""]","[""BLINDED - SUNLIGHT"", ""UNKNOWN""]","[""CM"", ""D""]","[""IL""]","[""NONE""]","[""REFUSED"", ""STROGER HOSPITAL""]","[""O2164490"", ""O2164491""]","[""DRIVER""]","[""NORMAL""]","[""SAFETY BELT USED""]","[""M""]","[""IL""]","[""2063322"", ""2063345""]","[""60174"", ""60478""]",[],[],[],[],[],[],2025,10,7,6,False,morning,41.86,-87.68,41.86_-87.68,49.0,41,57,DISTRACTION/INATTENTION,1
STRAIGHT AND LEVEL,1221,2025-10-06 07:20:00,2,7,10,6623F312B427755E5A27BEDDE768A8085AC5C0F5D3756760E6479216DBAC4052607253A5976C47B10BC0B01626D3B783ABF6A857F69C5A4CB11D7CA3E1089CBE,NO INJURY / DRIVE AWAY,"OVER $1,500",NO CONTROLS,SIDESWIPE SAME DIRECTION,41.8954450367,DAYLIGHT,-87.7064077672,2,30,UNABLE TO DETERMINE,NO DEFECTS,DRY,UNABLE TO DETERMINE,W,3157,NO CONTROLS,DIVIDED - W/MEDIAN (NOT RAISED),CLEAR,0.0,1.0,0.0,0.0,0.0,1.0,1,1,"[""Y""]","[""Y""]",[],"[""2025-10-06T07:20:00.000""]","[""2164504"", ""2164505""]","[""REAR-RIGHT-CORNER"", ""UNKNOWN""]","[""IL""]","[""KIA"", ""VOLKSWAGEN""]","[""UNKNOWN/NA""]","[""TELLURIDE"", ""TOURAN""]","[""1""]","[""E""]","[""1"", ""2""]","[""DRIVER""]","[""OTHER"", ""UNKNOWN""]","[""2063320"", ""2063329""]","[""SPORT UTILITY VEHICLE (SUV)""]","[""PERSONAL"", ""UNKNOWN/NA""]","[""2022"", ""2024""]","[""Y""]",[],[],[],[],[],"[""Y""]",[],[],[],[],[],[],"[""Y""]",[],[],['30'],"[""DEPLOYMENT UNKNOWN"", ""NOT APPLICABLE""]","[""TEST NOT OFFERED""]","[""CHICAGO""]","[""2025-10-06T07:20:00.000""]","[""UNKNOWN""]","[""UNKNOWN""]","[""D""]","[""IL""]","[""NONE""]",[],"[""O2164504"", ""O2164505""]","[""DRIVER""]","[""UNKNOWN""]","[""USAGE UNKNOWN""]","[""F"", ""M""]","[""IL""]","[""2063320"", ""2063329""]","[""60623""]",[],[],[],[],[],[],2025,10,7,6,False,morning,41.9,-87.71,41.9_-87.71,30.0,30,30,OTHER,0
STRAIGHT AND LEVEL,2522,2025-10-06 07:14:00,2,7,10,E48A1298A9C0CBD3514E19ABE04EE0674DF885F9510037ED9585E34AC456762ABE6EFF6D1A0241977503BF1B0377E1FEAE21DE1A5D1B345E01E72BBA4FD4EE60,INJURY AND / OR TOW DUE TO CRASH,"OVER $1,500",NO CONTROLS,REAR END,41.9241900599,DAYLIGHT,-87.7418734942,4,30,UNABLE TO DETERMINE,NO DEFECTS,DRY,NOT APPLICABLE,W,4601,NO CONTROLS,NOT DIVIDED,CLEAR,0.0,0.0,0.0,0.0,0.0,1.0,1,0,[],[],[],"[""2025-10-06T07:14:00.000""]","[""2164653"", ""2164654"", ""2164655"", ""2164656""]","[""FRONT"", ""REAR"", ""UNKNOWN""]","[""IL""]","[""AUDI"", ""KAWASAKI"", ""TOYOTA""]","[""AVOIDING VEHICLES/OBJECTS"", ""STRAIGHT AHEAD"", ""UNKNOWN/NA""]","[""MOTORCYCLE"", ""OTHER (EXPLAIN IN NARRATIVE)""]","[""1""]","[""E"", ""UNKNOWN""]","[""1"", ""2"", ""3"", ""4""]","[""DRIVER""]","[""UNKNOWN""]","[""2063468"", ""2063473"", ""2063478"", ""2063486""]","[""MOTORCYCLE (OVER 150CC)"", ""PASSENGER"", ""VAN/MINI-VAN""]","[""UNKNOWN/NA""]","[""2013"", ""2014"", ""2018"", ""2023""]",[],[],[],[],[],[],"[""Y""]",[],[],[],[],[],[],[],[],[],[],"[""DEPLOYMENT UNKNOWN"", ""NOT APPLICABLE""]","[""TEST NOT OFFERED"", ""TEST REFUSED""]","[""CHICAGO"", ""MAYWOOD""]","[""2025-10-06T07:14:00.000""]","[""OTHER"", ""UNKNOWN""]","[""UNKNOWN""]",[],"[""IL""]","[""NONE"", ""UNKNOWN""]","[""COMMUNITY FIRST/ILLINOIS MASONIC""]","[""O2164653"", ""O2164654"", ""O2164655"", ""O2164656""]","[""DRIVER""]","[""REMOVED BY EMS"", ""UNKNOWN""]","[""NOT DOT COMPLIANT MOTORCYCLE HELMET"", ""USAGE UNKNOWN""]","[""F"", ""M""]","[""IL""]","[""2063468"", ""2063473"", ""2063478"", ""2063486""]","[""60153"", ""60639"", ""60641"", ""60647""]","[""CFD""]",[],[],[],[],[],2025,10,7,6,False,morning,41.92,-87.74,41.92_-87.74,0.0,0,0,OTHER,1
STRAIGHT AND LEVEL,924,2025-10-06 07:10:00,2,7,10,6E5D89C6FB1C589E33BD576E3247CE5A7A27DFA4460463E0E9CD675D9E13BBB8EADFDDD0276031A4B3547168074D11B0D56E7C218D2DA32C2EC479E95EE78824,NO INJURY / DRIVE AWAY,$500 OR LESS,NO CONTROLS,REAR END,41.8202849356,DAYLIGHT,-87.6653968216,2,30,UNABLE TO DETERMINE,NO DEFECTS,DRY,UNABLE TO DETERMINE,S,4016,NO CONTROLS,DIVIDED - W/MEDIAN (NOT RAISED),CLEAR,0.0,0.0,1.0,0.0,0.0,1.0,1,1,[],[],"[""Y""]","[""2025-10-06T07:10:00.000""]","[""2164477"", ""2164478""]","[""FRONT"", ""REAR""]","[""IL"", ""KS""]","[""CHEVROLET"", ""DODGE""]","[""BACKING"", ""STRAIGHT AHEAD""]","[""CRUZE"", ""OTHER (EXPLAIN IN NARRATIVE)""]","[""1""]","[""N""]","[""1"", ""2""]","[""DRIVER""]","[""NONE"", ""UNKNOWN""]","[""2063297"", ""2063306""]","[""PASSENGER"", ""VAN/MINI-VAN""]","[""OTHER"", ""PERSONAL""]","[""2013"", ""2019""]",[],[],[],[],[],[],[],[],[],[],[],[],[],[],"[""Y""]",[],['56'],"[""DEPLOYMENT UNKNOWN"", ""NOT APPLICABLE""]","[""TEST NOT OFFERED""]","[""CHICAGO""]","[""2025-10-06T07:10:00.000""]","[""NONE"", ""UNKNOWN""]","[""NOT OBSCURED"", ""UNKNOWN""]","[""D""]","[""IL""]","[""NONE""]",[],"[""O2164477"", ""O2164478""]","[""DRIVER""]","[""NORMAL"", ""UNKNOWN""]","[""NONE PRESENT"", ""USAGE UNKNOWN""]","[""M""]","[""IL""]","[""2063297"", ""2063306""]","[""60619""]",[],[],[],[],[],[],2025,10,7,6,False,morning,41.82,-87.67,41.82_-87.67,56.0,56,56,OTHER,0
STRAIGHT AND LEVEL,1624,2025-10-06 07:03:00,2,7,10,0F8CA5EF1DAB96AF3B3CF5CA9419626D5746A850ED616A1F0F835B51EEC8ADE199A6B6AA77DDB1D7C284E82B6AB6C4468ED99FC4CF9092D31D93F37E4E33EF03,INJURY AND / OR TOW DUE TO CRASH,"OVER $1,500",NO CONTROLS,SIDESWIPE SAME DIRECTION,41.9540796571,DAYLIGHT,-87.7745137256,2,20,UNABLE TO DETERMINE,NO DEFECTS,DRY,UNABLE TO DETERMINE,N,4032,NO CONTROLS,DIVIDED - W/MEDIAN (NOT RAISED),CLEAR,0.0,0.0,0.0,0.0,0.0,1.0,1,2,"[""Y""]","[""Y""]",[],"[""2025-10-06T07:03:00.000""]","[""2169619"", ""2169620""]","[""FRONT-LEFT-CORNER"", ""SIDE-RIGHT-FRONT""]","[""IL""]","[""FORD"", ""NISSAN""]","[""STRAIGHT AHEAD""]","[""ALTIMA"", ""MAVERICK TRUCK""]","[""1""]","[""N""]","[""1"", ""2""]","[""DRIVER""]","[""NONE""]","[""2068162"", ""2068163""]","[""PASSENGER"", ""PICKUP""]","[""PERSONAL""]","[""2018"", ""2025""]","[""Y""]",[],"[""Y""]",[],"[""Y""]",[],[],[],[],[],[],[],[],[],[],[],"['17', '28']","[""NOT APPLICABLE""]","[""TEST NOT OFFERED""]","[""CHICAGO""]","[""2025-10-06T07:03:00.000""]","[""NONE""]","[""UNKNOWN""]","[""D""]","[""IL""]","[""NONE""]",[],"[""O2169619"", ""O2169620""]","[""DRIVER""]","[""NORMAL""]","[""SAFETY BELT USED""]","[""M""]","[""IL""]","[""2068162"", ""2068163""]","[""60634"", ""60651""]",[],[],[],[],[],[],2025,10,7,6,False,morning,41.95,-87.77,41.95_-87.77,22.5,17,28,OTHER,0
STRAIGHT AND LEVEL,413,2025-10-06 06:59:00,2,6,10,315C3E8B8623669292E1951BCE7ED1CC9C5D2F57410ADB76E8CB98F12AB37A9606EC786C462037D06BEF3FB24CC7A3250A834D22F7E4D652CC7B8C814BDEF837,INJURY AND / OR TOW DUE TO CRASH,"OVER $1,500",FUNCTIONING PROPERLY,ANGLE,41.72812718,DAYLIGHT,-87.5694745347,3,30,FAILING TO REDUCE SPEED TO AVOID CRASH,NO DEFECTS,DRY,DRIVING SKILLS/KNOWLEDGE/EXPERIENCE,E,2226,STOP SIGN/FLASHER,FOUR WAY,CLEAR,0.0,0.0,1.0,0.0,0.0,1.0,1,3,"[""Y""]","[""Y""]","[""Y""]","[""2025-10-06T06:59:00.000""]","[""2164471"", ""2164472"", ""2164474""]","[""FRONT"", ""FRONT-RIGHT-CORNER""]","[""IL""]","[""NISSAN"", ""VOLKSWAGEN""]","[""STRAIGHT AHEAD""]","[""JETTA"", ""VERSA""]","[""1"", ""2""]","[""E"", ""S""]","[""1"", ""2""]","[""DRIVER""]","[""UNKNOWN""]","[""2063292"", ""2063294""]","[""PASSENGER""]","[""PERSONAL""]","[""2017"", ""2019""]",[],[],"[""N"", ""Y""]","[""PRIVATE TOW""]","[""Y""]",[],[],[],[],[],"[""1""]",[],[],[],[],[],"['0', '26', '27']","[""DEPLOYED, FRONT"", ""DEPLOYED, SIDE""]","[""TEST NOT OFFERED""]","[""CHICAGO"", ""FLOSSMOOR""]","[""2025-10-06T06:59:00.000""]","[""NONE"", ""UNKNOWN""]","[""UNKNOWN""]","[""D""]","[""IL""]","[""NONE""]",[],"[""O2164472"", ""O2164474"", ""P477698""]","[""DRIVER"", ""PASSENGER""]","[""NORMAL""]","[""CHILD RESTRAINT - REAR FACING"", ""USAGE UNKNOWN""]","[""F""]","[""IL""]","[""2063292"", ""2063294""]","[""60422"", ""60617""]",[],"[""12""]",[],[],[],[],2025,10,6,6,False,night,41.73,-87.57,41.73_-87.57,17.666666666666668,0,27,SPEEDING,0
STRAIGHT AND LEVEL,833,2025-10-06 06:50:00,2,6,10,0C63600C5DC07BA50628F156219222600349A3958DA722EE98357EF9E5B13D7534C6DFCF99ABA0140950D73B9C05F9D2C0733736E8380E7B661F2575C8C0C56B,NO INJURY / DRIVE AWAY,"$501 - $1,500",FUNCTIONING PROPERLY,REAR END,41.7577347918,DAYLIGHT,-87.7326178426,2,30,UNABLE TO DETERMINE,NO DEFECTS,DRY,UNABLE TO DETERMINE,S,7432,STOP SIGN/FLASHER,NOT DIVIDED,CLEAR,0.0,0.0,1.0,0.0,0.0,1.0,1,2,"[""Y""]",[],"[""Y""]","[""2025-10-06T06:50:00.000""]","[""2164468"", ""2164473""]","[""FRONT"", ""REAR""]","[""IL"", ""TN""]","[""AJAX TRAILER COMPANY"", ""FORD""]","[""STRAIGHT AHEAD""]","[""AJAX TRAILER CO."", ""ESCAPE""]","[""1""]","[""S""]","[""1"", ""2""]","[""DRIVER""]","[""NONE""]","[""2063290"", ""2063293""]","[""PASSENGER"", ""TRACTOR W/ SEMI-TRAILER""]","[""OTHER""]","[""1994"", ""2010""]",[],[],[],[],[],[],[],[],[],[],[],[],[],[],"[""Y""]",[],"['26', '55']","[""NOT APPLICABLE""]","[""TEST NOT OFFERED""]","[""CHICAGO""]","[""2025-10-06T06:50:00.000""]","[""NONE"", ""UNKNOWN""]","[""NOT OBSCURED""]","[""A"", ""B""]","[""IL""]","[""NONE""]",[],"[""O2164468"", ""O2164473""]","[""DRIVER""]","[""NORMAL""]","[""SAFETY BELT USED""]","[""M""]","[""IL""]","[""2063290"", ""2063293""]","[""60629"", ""60638""]",[],[],[],[],[],[],2025,10,6,6,False,night,41.76,-87.73,41.76_-87.73,40.5,26,55,OTHER,0
STRAIGHT AND LEVEL,321,2025-10-06 06:30:00,2,6,10,1DDBADC9C87477A883260C69284516F69DA85DC54F12436FAACD2B678E5AA0F6E18CF5B60C53D99C33C0299C054C520C48056B547675BEB5731D55F5CB29C7A0,NO INJURY / DRIVE AWAY,"$501 - $1,500",NO CONTROLS,PARKED MOTOR VEHICLE,41.7754887352,DAYLIGHT,-87.5959389362,2,25,UNABLE TO DETERMINE,NO DEFECTS,DRY,UNABLE TO DETERMINE,S,6547,NO CONTROLS,NOT DIVIDED,CLEAR,0.0,0.0,0.0,0.0,0.0,1.0,2,1,"[""Y""]",[],"[""Y""]","[""2025-10-06T06:30:00.000""]","[""2165218"", ""2165219""]","[""FRONT"", ""REAR""]","[""IL""]","[""MERCEDES-BENZ""]","[""PARKED"", ""STRAIGHT AHEAD""]","[""OTHER (EXPLAIN IN NARRATIVE)""]","[""0"", ""1""]","[""N""]","[""1"", ""2""]","[""DRIVER"", ""PARKED""]","[""UNKNOWN""]","[""2064010"", ""2064021""]","[""PASSENGER"", ""SPORT UTILITY VEHICLE (SUV)""]","[""NOT IN USE"", ""UNKNOWN/NA""]","[""2014""]",[],[],"[""Y""]",[],[],"[""Y""]",[],[],[],[],[],[],[],"[""Y""]","[""Y""]",[],['57'],"[""DEPLOYMENT UNKNOWN""]","[""TEST NOT OFFERED""]","[""CHICAGO""]","[""2025-10-06T06:30:00.000""]","[""UNKNOWN""]","[""UNKNOWN""]",[],"[""IL""]","[""NONE""]",[],"[""O2165218""]","[""DRIVER""]","[""UNKNOWN""]","[""USAGE UNKNOWN""]","[""M""]","[""IL""]","[""2064021""]","[""60637""]",[],[],[],[],[],[],2025,10,6,6,False,night,41.78,-87.6,41.78_-87.6,57.0,57,57,OTHER,0
STRAIGHT AND LEVEL,632,2025-10-06 06:30:00,2,6,10,2BBF4ABE7FE90A45444CD71834951CB8D01FA050AA9461770328FE71ABF4C18FB6B2BDEE0B3EA19307AF782099AC6B5772D564CA15E7C4A476830F5A961FE1BF,NO INJURY / DRIVE AWAY,"OVER $1,500",NO CONTROLS,PARKED MOTOR VEHICLE,41.7356632245,DAYLIGHT,-87.6240025906,2,30,UNABLE TO DETERMINE,UNKNOWN,DRY,NOT APPLICABLE,S,8721,NO CONTROLS,NOT DIVIDED,CLEAR,0.0,1.0,0.0,0.0,0.0,1.0,2,0,[],[],[],"[""2025-10-06T06:30:00.000""]","[""2164703"", ""2164704""]","[""REAR-LEFT-CORNER"", ""SIDE-RIGHT""]",[],"[""CHEVROLET"", ""UNKNOWN""]","[""PARKED"", ""STRAIGHT AHEAD""]","[""IMPALA"", ""OTHER (EXPLAIN IN NARRATIVE)""]","[""1""]","[""N""]","[""1"", ""2""]","[""DRIVER"", ""PARKED""]","[""NONE"", ""UNKNOWN""]","[""2063511"", ""2063513""]","[""BUS OVER 15 PASS."", ""PASSENGER""]","[""NOT IN USE"", ""OTHER""]",[],[],[],[],[],[],"[""Y""]",[],[],[],[],"[""1""]",[],[],[],[],[],[],"[""DEPLOYMENT UNKNOWN"", ""DID NOT DEPLOY""]","[""TEST NOT OFFERED""]",[],"[""2025-10-06T06:30:00.000""]","[""UNKNOWN""]","[""UNKNOWN""]",[],[],"[""NONE""]",[],"[""O2164703"", ""P477725""]","[""DRIVER"", ""PASSENGER""]","[""UNKNOWN""]","[""USAGE UNKNOWN""]","[""M"", ""X""]",[],"[""2063511"", ""2063513""]",[],[],"[""1""]",[],[],[],[],2025,10,6,6,False,night,41.74,-87.62,41.74_-87.62,0.0,0,0,OTHER,0
STRAIGHT AND LEVEL,2522,2025-10-06 06:30:00,2,6,10,0DE57E27AEC37F37E7C1BBC8AA1A93B167070DCF45324B45078D5B7C4FC60221C129311E9F9FCA6BF4A9A027A18AB4DFE458911E2C528434A4933FF561D0B2AB,INJURY AND / OR TOW DUE TO CRASH,"$501 - $1,500",NO CONTROLS,PARKED MOTOR VEHICLE,41.9195364676,DAYLIGHT,-87.7480636457,2,20,UNABLE TO DETERMINE,NO DEFECTS,DRY,UNABLE TO DETERMINE,W,4847,NO CONTROLS,ONE-WAY,CLEAR,0.0,0.0,0.0,0.0,0.0,1.0,2,1,"[""Y""]",[],"[""Y""]","[""2025-10-06T06:30:00.000""]","[""2164582"", ""2164583""]","[""FRONT-RIGHT-CORNER"", ""REAR-RIGHT-CORNER""]","[""IL""]","[""HONDA"", ""NISSAN""]","[""PARKED"", ""STRAIGHT AHEAD""]","[""CR-V"", ""SENTRA""]","[""0"", ""1""]","[""W""]","[""1"", ""2""]","[""DRIVER"", ""PARKED""]","[""NONE""]","[""2063394"", ""2063395""]","[""PASSENGER""]","[""PERSONAL""]","[""2001"", ""2013""]",[],[],[],[],[],[],[],[],[],[],[],[],[],"[""Y""]","[""Y""]",[],['40'],"[""NOT APPLICABLE""]","[""TEST NOT OFFERED""]","[""CHICAGO""]","[""2025-10-06T06:30:00.000""]","[""UNKNOWN""]","[""UNKNOWN""]","[""D""]","[""IL""]","[""NONE""]","[""HUMBOLDT PARK HEALTH""]","[""O2164582""]","[""DRIVER""]","[""NORMAL""]","[""USAGE UNKNOWN""]","[""M""]","[""IL""]","[""2063394""]","[""60639""]","[""52""]",[],[],[],[],[],2025,10,6,6,False,night,41.92,-87.75,41.92_-87.75,40.0,40,40,OTHER,1
STRAIGHT AND LEVEL,114,2025-10-06 06:24:00,2,6,10,9F6E2FFC0C72CCCC7C0C6D09CEBFB80A1CD22C904B9D91A4B421F0FE19DE688DA0AC12BAB00E5D88297F7B290D9618B051388C823736FF8A80E82F41AA68CF87,NO INJURY / DRIVE AWAY,"OVER $1,500",FUNCTIONING PROPERLY,SIDESWIPE SAME DIRECTION,41.8771670285,DAYLIGHT,-87.6170248832,2,30,IMPROPER LANE USAGE,NO DEFECTS,DRY,IMPROPER LANE USAGE,S,363,TRAFFIC SIGNAL,DIVIDED - W/MEDIAN (NOT RAISED),CLEAR,0.0,1.0,0.0,0.0,0.0,1.0,1,1,[],[],[],"[""2025-10-06T06:24:00.000""]","[""2164977"", ""2164978""]","[""FRONT-LEFT-CORNER"", ""SIDE-RIGHT-REAR""]","[""IL""]","[""CHEVROLET""]","[""PASSING/OVERTAKING"", ""STRAIGHT AHEAD""]","[""MALIBU"", ""TRAX""]","[""1""]","[""N""]","[""1"", ""2""]","[""DRIVER""]","[""NONE""]","[""2063782"", ""2063810""]","[""PASSENGER""]","[""PERSONAL""]","[""2004"", ""2025""]",[],[],"[""Y""]",[],[],[],[],[],[],[],[],[],[],"[""Y""]",[],[],['23'],"[""DEPLOYMENT UNKNOWN"", ""DID NOT DEPLOY""]","[""TEST NOT OFFERED""]","[""CHICAGO""]","[""2025-10-06T06:24:00.000""]","[""IMPROPER LANE CHANGE"", ""NONE""]","[""NOT OBSCURED"", ""UNKNOWN""]","[""D""]","[""IL""]","[""NONE""]",[],"[""O2164977"", ""O2164978""]","[""DRIVER""]","[""NORMAL"", ""UNKNOWN""]","[""SAFETY BELT USED"", ""USAGE UNKNOWN""]","[""F"", ""X""]","[""IL""]","[""2063782"", ""2063810""]","[""60628""]",[],[],[],[],[],[],2025,10,6,6,False,night,41.88,-87.62,41.88_-87.62,23.0,23,23,OTHER,0
STRAIGHT AND LEVEL,1935,2025-10-06 06:15:00,2,6,10,E22208B1ED70680FDC8A3640AD37BA9FC8E7C2968004160D9C647291F08FE8CFAEB44A71EA1851BF9077D78C13041C02EDBE5078E3B19B9869512EDA9679E238,NO INJURY / DRIVE AWAY,"$501 - $1,500",NO CONTROLS,PARKED MOTOR VEHICLE,41.930608237,DAYLIGHT,-87.6419959939,2,30,IMPROPER OVERTAKING/PASSING,NO DEFECTS,DRY,UNABLE TO DETERMINE,W,512,NO CONTROLS,NOT DIVIDED,CLEAR,0.0,1.0,0.0,0.0,0.0,1.0,2,0,[],[],[],"[""2025-10-06T06:15:00.000""]","[""2164908"", ""2164909""]","[""FRONT-LEFT-CORNER"", ""UNKNOWN""]","[""MO""]","[""MAZDA"", ""UNKNOWN""]","[""PARKED"", ""STRAIGHT AHEAD""]","[""CX-5"", ""MOTORIZED""]","[""0"", ""1""]","[""W""]","[""1"", ""2""]","[""DRIVER"", ""PARKED""]","[""NONE""]","[""2063705"", ""2063709""]","[""PASSENGER"", ""UNKNOWN/NA""]","[""PERSONAL"", ""UNKNOWN/NA""]","[""2018""]",[],[],"[""Y""]",[],[],[],"[""Y""]",[],"[""Y""]",[],[],[],[],[],[],[],[],"[""DEPLOYMENT UNKNOWN""]","[""TEST NOT OFFERED""]",[],"[""2025-10-06T06:15:00.000""]","[""IMPROPER PASSING""]","[""UNKNOWN""]",[],[],"[""NONE""]","[""REFUSED""]","[""O2164908""]","[""DRIVER""]","[""UNKNOWN""]","[""USAGE UNKNOWN""]","[""X""]",[],"[""2063705""]",[],[],[],[],[],[],[],2025,10,6,6,False,night,41.93,-87.64,41.93_-87.64,0.0,0,0,OTHER,0
STRAIGHT AND LEVEL,1235,2025-10-06 06:03:00,2,6,10,67A9D3E876BE43F99E590C0BC5A53F88D93FB90CC7BE52B9AE8A58C87D697ED38C9B95C34D50603C89E3285CC87FC8A6DE4B463A0624F70DBCD8A1468C36C367,INJURY AND / OR TOW DUE TO CRASH,"OVER $1,500",OTHER,SIDESWIPE SAME DIRECTION,41.8575425336,"DARKNESS, LIGHTED ROAD",-87.6442903843,2,60,DRIVING SKILLS/KNOWLEDGE/EXPERIENCE,NO DEFECTS,DRY,NOT APPLICABLE,S,1800,OTHER,UNKNOWN,CLEAR,0.0,1.0,0.0,0.0,0.0,1.0,1,1,"[""Y""]","[""Y""]",[],"[""2025-10-06T06:03:00.000""]","[""2164460"", ""2164461""]","[""SIDE-LEFT"", ""SIDE-RIGHT""]","[""IL""]","[""DODGE"", ""UNKNOWN""]","[""STRAIGHT AHEAD"", ""UNKNOWN/NA""]","[""JOURNEY"", ""OTHER (EXPLAIN IN NARRATIVE)""]","[""1""]","[""N"", ""UNKNOWN""]","[""1"", ""2""]","[""DRIVER""]","[""NONE"", ""UNKNOWN""]","[""2063281"", ""2063284""]","[""PASSENGER"", ""UNKNOWN/NA""]","[""POLICE"", ""UNKNOWN/NA""]","[""2010""]","[""Y""]","[""Y""]","[""Y""]",[],[],"[""Y""]",[],"[""Y""]","[""Y""]",[],[],"[""Y""]",[],[],[],[],['47'],"[""DEPLOYMENT UNKNOWN"", ""DID NOT DEPLOY""]","[""TEST NOT OFFERED""]","[""MAYWOOD""]","[""2025-10-06T06:03:00.000""]","[""OTHER"", ""UNKNOWN""]","[""UNKNOWN""]","[""D""]","[""IL""]","[""NONE""]",[],"[""O2164460"", ""O2164461""]","[""DRIVER""]","[""UNKNOWN""]","[""SAFETY BELT USED"", ""USAGE UNKNOWN""]","[""M"", ""X""]","[""IL""]","[""2063281"", ""2063284""]","[""60153""]",[],[],[],[],[],[],2025,10,6,6,False,night,41.86,-87.64,41.86_-87.64,47.0,47,47,OTHER,1