alignment,beat_of_occurrence,crash_date,crash_day_of_week,crash_hour,crash_month,crash_record_id,crash_type,damage,device_condition,first_crash_type,latitude,lighting_condition,longitude,num_units,posted_speed_limit,prim_contributory_cause,road_defect,roadway_surface_cond,sec_contributory_cause,street_direction,street_no,traffic_control_device,trafficway_type,weather_condition,private_property_i,hit_and_run_i,intersection_related_i,crash_date_est_i,work_zone_i,workers_present_i,veh_count,ppl_count,veh_area_01_i_list_json,veh_area_02_i_list_json,veh_area_12_i_list_json,veh_crash_date_list_json,veh_crash_unit_id_list_json,veh_first_contact_point_list_json,veh_lic_plate_state_list_json,veh_make_list_json,veh_maneuver_list_json,veh_model_list_json,veh_occupant_cnt_list_json,veh_travel_direction_list_json,veh_unit_no_list_json,veh_unit_type_list_json,veh_vehicle_defect_list_json,veh_vehicle_id_list_json,veh_vehicle_type_list_json,veh_vehicle_use_list_json,veh_vehicle_year_list_json,veh_area_03_i_list_json,veh_area_04_i_list_json,veh_area_11_i_list_json,veh_towed_by_list_json,veh_towed_i_list_json,veh_area_07_i_list_json,veh_area_99_i_list_json,veh_area_09_i_list_json,veh_area_10_i_list_json,veh_cmrc_veh_i_list_json,veh_num_passengers_list_json,veh_area_08_i_list_json,veh_area_00_i_list_json,veh_area_05_i_list_json,veh_area_06_i_list_json,veh_towed_to_list_json,ppl_age_list_json,ppl_airbag_deployed_list_json,ppl_bac_result_list_json,ppl_city_list_json,ppl_crash_date_list_json,ppl_driver_action_list_json,ppl_driver_vision_list_json,ppl_drivers_license_class_list_json,ppl_drivers_license_state_list_json,ppl_ejection_list_json,ppl_hospital_list_json,ppl_person_id_list_json,ppl_person_type_list_json,ppl_physical_condition_list_json,ppl_safety_equipment_list_json,ppl_sex_list_json,ppl_state_list_json,ppl_vehicle_id_list_json,ppl_zipcode_list_json,ppl_ems_agency_list_json,ppl_seat_no_list_json,ppl_pedpedal_action_list_json,ppl_pedpedal_location_list_json,ppl_pedpedal_visibility_list_json,ppl_ems_run_no_list_json,year,month,hour,day,is_weekend,hour_bin,lat_bin,lng_bin,grid_id,ppl_age_mean,ppl_age_min,ppl_age_max,prim_contributory_cause_group,ksi_flag
STRAIGHT AND LEVEL,834,2025-10-06 06:00:00,2,6,10,2766757C51C108C2451370CF21CA0D749D494A63A111C1B8917039C42CAC8CD8DFE3D2C71C4B1C0BC6948EC37912583FC8B71229D95DA3D520AA5CEF56D3B6A6,NO INJURY / DRIVE AWAY,"OVER $1,500",NO CONTROLS,PARKED MOTOR VEHICLE,41.7406364586,DAWN,-87.7107701322,2,30,IMPROPER BACKING,NO DEFECTS,DRY,NOT APPLICABLE,W,3534,NO CONTROLS,NOT DIVIDED,CLEAR,0.0,1.0,0.0,1.0,0.0,1.0,2,0,[],[],[],"[""2025-10-06T06:00:00.000""]","[""2164481"", ""2164488""]","[""FRONT-LEFT-CORNER"", ""REAR-RIGHT-CORNER""]","[""IL""]","[""DODGE"", ""JEEP""]","[""BACKING"", ""PARKED""]","[""GRAND CHEROKEE"", ""RAM 1500 PU""]","[""0"", ""1""]","[""E"", ""W""]","[""1"", ""2""]","[""DRIVER"", ""PARKED""]","[""NONE"", ""UNKNOWN""]","[""2063304"", ""2063310""]","[""PICKUP"", ""UNKNOWN/NA""]","[""CONSTRUCTION/MAINTENANCE"", ""UNKNOWN/NA""]","[""2013""]",[],[],"[""Y""]",[],[],[],"[""Y""]",[],[],[],[],[],[],"[""Y""]",[],[],[],"[""DEPLOYMENT UNKNOWN""]","[""TEST NOT OFFERED""]",[],"[""2025-10-06T06:00:00.000""]","[""IMPROPER BACKING""]","[""UNKNOWN""]",[],[],"[""NONE""]",[],"[""O2164481""]","[""DRIVER""]","[""UNKNOWN""]","[""USAGE UNKNOWN""]","[""X""]",[],"[""2063310""]",[],[],[],[],[],[],[],2025,10,6,6,False,night,41.74,-87.71,41.74_-87.71,0.0,0,0,OTHER,0
STRAIGHT AND LEVEL,611,2025-10-06 06:00:00,2,6,10,26C94E21E26301B3A35270668C2C3581DE5B84E93E0BD57B08414BFD3B8076BF45FEF146C0B07BF3092322F8CCBE739B669E13106B7F03BE76C9A8BCCC10E203,NO INJURY / DRIVE AWAY,"OVER $1,500",NO CONTROLS,REAR TO SIDE,41.7540445472,DAWN,-87.6683275657,2,30,FAILING TO YIELD RIGHT-OF-WAY,NO DEFECTS,DRY,NOT APPLICABLE,W,1798,NO CONTROLS,UNKNOWN,CLEAR,0.0,0.0,0.0,0.0,0.0,1.0,1,2,"[""Y""]",[],[],"[""2025-10-06T06:00:00.000""]","[""2164458"", ""2164459""]","[""FRONT"", ""FRONT-RIGHT-CORNER""]","[""IL""]","[""HONDA""]","[""ENTER FROM DRIVE/ALLEY"", ""STRAIGHT AHEAD""]","[""HR-V"", ""ODYSSEY""]","[""1"", ""2""]","[""N"", ""W""]","[""1"", ""2""]","[""DRIVER""]","[""UNKNOWN""]","[""2063282"", ""2063285""]","[""PASSENGER""]","[""PERSONAL""]","[""2007"", ""2022""]",[],[],"[""N"", ""Y""]",[],[],[],[],[],[],[],"[""1""]",[],[],[],[],[],"['48', '64']","[""DID NOT DEPLOY""]","[""TEST NOT OFFERED""]","[""CHCIAGO"", ""CHICAGO""]","[""2025-10-06T06:00:00.000""]","[""FAILED TO YIELD"", ""NONE""]","[""NOT OBSCURED""]","[""D""]","[""IL""]","[""NONE""]",[],"[""O2164458"", ""O2164459"", ""P477695""]","[""DRIVER"", ""PASSENGER""]","[""NORMAL""]","[""USAGE UNKNOWN""]","[""F"", ""M""]","[""IL""]","[""2063282"", ""2063285""]","[""60620""]",[],"[""3""]",[],[],[],[],2025,10,6,6,False,night,41.75,-87.67,41.75_-87.67,56.0,48,64,FAILURE-TO-YIELD,0
STRAIGHT AND LEVEL,434,2025-10-06 05:00:00,2,5,10,D814BC5C3FDDA7F1BB43C75643742F3992FD4CDBD489354B826C8CF7368A6A72FFBF6F0905F331D3AAF67EC6B3BCEFF65AB221A7A56F0DD80C183EC478A7621C,NO INJURY / DRIVE AWAY,"OVER $1,500",NO CONTROLS,REAR END,41.8736407663,UNKNOWN,-87.6723897727,2,30,FOLLOWING TOO CLOSELY,UNKNOWN,UNKNOWN,NOT APPLICABLE,S,13000,NO CONTROLS,DIVIDED - W/MEDIAN (NOT RAISED),CLEAR,0.0,0.0,0.0,0.0,0.0,1.0,1,1,[],[],[],"[""2025-10-06T05:00:00.000""]","[""2164767"", ""2164768""]","[""FRONT"", ""REAR""]","[""IL""]","[""FORD"", ""JEEP""]","[""SLOW/STOP IN TRAFFIC""]","[""EXPLORER"", ""GRAND CHEROKEE""]","[""1""]","[""W""]","[""1"", ""2""]","[""DRIVER""]","[""UNKNOWN""]","[""2063578"", ""2063583""]","[""SPORT UTILITY VEHICLE (SUV)""]","[""UNKNOWN/NA""]","[""2012"", ""2013""]",[],[],[],[],[],[],[],[],[],[],[],[],[],[],[],[],['35'],"[""DEPLOYMENT UNKNOWN""]","[""TEST NOT OFFERED""]","[""CHICAGO""]","[""2025-10-06T05:00:00.000""]","[""FAILED TO YIELD"", ""UNKNOWN""]","[""UNKNOWN""]","[""A""]","[""IL""]","[""NONE""]",[],"[""O2164767"", ""O2164768""]","[""DRIVER""]","[""UNKNOWN""]","[""USAGE UNKNOWN""]","[""M"", ""X""]","[""IL""]","[""2063578"", ""2063583""]","[""60633""]",[],[],[],[],[],[],2025,10,5,6,False,night,41.87,-87.67,NAN_NAN,35.0,35,35,FOLLOWING TOO CLOSELY,0
STRAIGHT AND LEVEL,911,2025-10-06 04:51:00,2,4,10,9A8F2BC8248017D47C0C14E752EDF33DBB7F385525B412F1503576E2F994DF363E8E98376EBF24FE53A67DC33221F755971DE96C9FE265EB957EEC4C66DC8D19,NO INJURY / DRIVE AWAY,"OVER $1,500",FUNCTIONING PROPERLY,TURNING,41.8243563076,"DARKNESS, LIGHTED ROAD",-87.7045936543,2,30,IMPROPER TURNING/NO SIGNAL,NO DEFECTS,DRY,NOT APPLICABLE,S,3800,TRAFFIC SIGNAL,DIVIDED - W/MEDIAN (NOT RAISED),CLEAR,0.0,1.0,0.0,1.0,0.0,1.0,1,1,[],[],[],"[""2025-10-06T04:51:00.000""]","[""2164451"", ""2164452""]","[""SIDE-LEFT-FRONT"", ""UNKNOWN""]","[""IL""]","[""PREVOST CAR / BUS (SAINTE CLAIRE, QUEBEC)"", ""UNKNOWN""]","[""STRAIGHT AHEAD"", ""TURNING RIGHT""]","[""MOTORIZED"", ""PREVOST CAR, (\""PREVOST BUS;\"" SAINTE CLAIRE, QUEBEC""]","[""1""]","[""N"", ""NE""]","[""1"", ""2""]","[""DRIVER""]","[""NONE"", ""UNKNOWN""]","[""2063268"", ""2063274""]","[""BUS OVER 15 PASS."", ""VAN/MINI-VAN""]","[""CTA"", ""NOT IN USE""]","[""2016""]",[],[],"[""Y""]",[],[],[],[],[],"[""Y""]","[""Y""]",[],[],[],[],[],[],['60'],"[""DEPLOYMENT UNKNOWN"", ""NOT APPLICABLE""]","[""TEST NOT OFFERED""]","[""CHICAGO""]","[""2025-10-06T04:51:00.000""]","[""IMPROPER TURN"", ""NONE""]","[""NOT OBSCURED"", ""UNKNOWN""]","[""B""]","[""IL""]","[""NONE""]",[],"[""O2164451"", ""O2164452""]","[""DRIVER""]","[""NORMAL"", ""UNKNOWN""]","[""SAFETY BELT USED"", ""USAGE UNKNOWN""]","[""M"", ""X""]","[""IL""]","[""2063268"", ""2063274""]","[""60612""]",[],[],[],[],[],[],2025,10,4,6,False,night,41.82,-87.7,41.82_-87.7,60.0,60,60,OTHER,0
STRAIGHT AND LEVEL,1724,2025-10-06 04:20:00,2,4,10,5599E4727D1084759AD10C6A6522B5C823D4A75888E297406DD943D260497B4E4C54E83A26EC94FB611BB39346A8BA8B2AE65D479359C63F1EBA4736D34A5E69,NO INJURY / DRIVE AWAY,"OVER $1,500",NO CONTROLS,PARKED MOTOR VEHICLE,41.9567500404,DARKNESS,-87.7111285253,2,30,UNABLE TO DETERMINE,NO DEFECTS,DRY,NOT APPLICABLE,W,3312,NO CONTROLS,ONE-WAY,CLEAR,0.0,1.0,0.0,1.0,0.0,1.0,2,0,"[""Y""]","[""Y""]",[],"[""2025-10-06T04:20:00.000""]","[""2166013"", ""2166014""]","[""SIDE-RIGHT"", ""UNKNOWN""]","[""IL""]","[""HYUNDAI"", ""UNKNOWN""]","[""PARKED"", ""STRAIGHT AHEAD""]","[""OTHER (EXPLAIN IN NARRATIVE)"", ""SANTA FE""]","[""0"", ""1""]","[""E""]","[""1"", ""2""]","[""DRIVER"", ""PARKED""]","[""NONE"", ""UNKNOWN""]","[""2064747"", ""2064755""]","[""PASSENGER"", ""UNKNOWN/NA""]","[""PERSONAL"", ""UNKNOWN/NA""]","[""2022""]","[""Y""]","[""Y""]",[],[],[],[],"[""Y""]",[],[],[],[],[],[],"[""Y""]",[],[],[],"[""DEPLOYMENT UNKNOWN""]","[""TEST NOT OFFERED""]",[],"[""2025-10-06T04:20:00.000""]","[""UNKNOWN""]","[""UNKNOWN""]",[],[],"[""UNKNOWN""]",[],"[""O2166013""]","[""DRIVER""]","[""UNKNOWN""]","[""USAGE UNKNOWN""]","[""X""]",[],"[""2064747""]",[],[],[],[],[],[],[],2025,10,4,6,False,night,41.96,-87.71,41.96_-87.71,0.0,0,0,OTHER,0
STRAIGHT AND LEVEL,1235,2025-10-06 04:15:00,2,4,10,D7D1D4948216D4B7F8C1548C14F7FA60ACA975FD8F50866E0505E2E783BD11EF1764BEF97744F77536E863E4ADC5E54D679B335677A648478036C536E0CE6262,INJURY AND / OR TOW DUE TO CRASH,"OVER $1,500",FUNCTIONING PROPERLY,REAR END,41.8574618466,"DARKNESS, LIGHTED ROAD",-87.6448715069,2,30,FOLLOWING TOO CLOSELY,UNKNOWN,DRY,NOT APPLICABLE,W,701,TRAFFIC SIGNAL,DIVIDED - W/MEDIAN (NOT RAISED),CLEAR,0.0,0.0,0.0,0.0,0.0,1.0,1,2,"[""Y""]",[],"[""Y""]","[""2025-10-06T04:15:00.000""]","[""2164449"", ""2164450""]","[""FRONT"", ""REAR""]","[""IL""]","[""CHEVROLET"", ""TOYOTA""]","[""SLOW/STOP IN TRAFFIC"", ""STRAIGHT AHEAD""]","[""CAMRY"", ""SILVERADO""]","[""1""]","[""E""]","[""1"", ""2""]","[""DRIVER""]","[""UNKNOWN""]","[""2063269"", ""2063271""]","[""PASSENGER"", ""PICKUP""]","[""OTHER"", ""PERSONAL""]","[""2006"", ""2009""]",[],[],"[""Y""]","[""PRIVATE""]","[""Y""]","[""Y""]",[],[],[],[],[],[],[],"[""Y""]","[""Y""]","[""PRIVATE""]","['29', '48']","[""DID NOT DEPLOY""]","[""TEST NOT OFFERED""]","[""CHICAGO""]","[""2025-10-06T04:15:00.000""]","[""FOLLOWED TOO CLOSELY"", ""NONE""]","[""UNKNOWN""]","[""A"", ""D""]","[""IL""]","[""NONE""]","[""DECLINED""]","[""O2164449"", ""O2164450""]","[""DRIVER""]","[""UNKNOWN""]","[""USAGE UNKNOWN""]","[""M""]","[""IL""]","[""2063269"", ""2063271""]","[""60619"", ""60632""]",[],[],[],[],[],[],2025,10,4,6,False,night,41.86,-87.64,41.86_-87.64,38.5,29,48,FOLLOWING TOO CLOSELY,1
STRAIGHT AND LEVEL,731,2025-10-06 04:02:00,2,4,10,C312A853B4A05FF2983A3A58293F4701056496BBAAEE11A9A20DF3330591BE3FE95E551D7F3EAA1380282B4832F94DCE046D54097727A95DCCAB71AF4709A532,INJURY AND / OR TOW DUE TO CRASH,"OVER $1,500",NO CONTROLS,SIDESWIPE SAME DIRECTION,41.7599561446,DARKNESS,-87.6265657401,2,30,IMPROPER LANE USAGE,NO DEFECTS,DRY,IMPROPER LANE USAGE,S,7400,NO CONTROLS,ONE-WAY,CLEAR,0.0,1.0,0.0,0.0,0.0,1.0,1,1,"[""Y""]","[""Y""]","[""Y""]","[""2025-10-06T04:02:00.000""]","[""2164453"", ""2164454""]","[""FRONT-RIGHT-CORNER"", ""UNKNOWN""]","[""FL"", ""IL""]","[""MAZDA"", ""VOLKSWAGEN""]","[""CHANGING LANES"", ""UNKNOWN/NA""]","[""ATLAS"", ""CX-5""]","[""1""]","[""S""]","[""1"", ""2""]","[""DRIVER""]","[""UNKNOWN""]","[""2063276"", ""2063277""]","[""PASSENGER""]","[""UNKNOWN/NA""]","[""2005"", ""2025""]","[""Y""]",[],"[""Y""]","[""CITY OF CHICAGO""]","[""Y""]",[],[],"[""Y""]","[""Y""]","[""N""]",[],[],[],[],[],"[""POUND 2""]",['29'],"[""DEPLOYMENT UNKNOWN"", ""DID NOT DEPLOY""]","[""TEST NOT OFFERED""]","[""LEWISVILLE""]","[""2025-10-06T04:02:00.000""]","[""NONE"", ""UNKNOWN""]","[""UNKNOWN""]","[""C""]","[""TX""]","[""NONE"", ""UNKNOWN""]","[""ST BERNARD""]","[""O2164453"", ""O2164454""]","[""DRIVER""]","[""UNKNOWN""]","[""USAGE UNKNOWN""]","[""F"", ""M""]","[""TX""]","[""2063276"", ""2063277""]","[""75077""]","[""CFD""]",[],[],[],[],[],2025,10,4,6,False,night,41.76,-87.63,41.76_-87.63,29.0,29,29,OTHER,1
STRAIGHT AND LEVEL,1122,2025-10-06 03:24:00,2,3,10,F669392FCC6C584BEB02FBF0DC6676A8279BAD14EE795C7FF187D7F4DA267F7B60624D103F545D1D978C7CB245D4EBFBF9B32CAB0BCFFE1F66D8BC8BF32EC790,INJURY AND / OR TOW DUE TO CRASH,$500 OR LESS,NO CONTROLS,PEDESTRIAN,41.8852826358,UNKNOWN,-87.7210695385,2,30,NOT APPLICABLE,UNKNOWN,UNKNOWN,NOT APPLICABLE,N,300,NO CONTROLS,NOT DIVIDED,CLEAR,0.0,1.0,1.0,0.0,0.0,1.0,2,0,[],[],[],"[""2025-10-06T03:24:00.000""]","[""2164447"", ""2164448""]","[""FRONT""]","[""IL""]","[""UNKNOWN""]","[""UNKNOWN/NA""]","[""ENGINE""]","[""1""]","[""UNKNOWN""]","[""1"", ""2""]","[""DRIVER"", ""PEDESTRIAN""]","[""UNKNOWN""]","[""2063265""]","[""UNKNOWN/NA""]","[""UNKNOWN/NA""]",[],[],[],[],[],[],[],[],[],[],[],[],[],[],[],[],[],[],"[""DEPLOYMENT UNKNOWN""]","[""TEST NOT OFFERED""]",[],"[""2025-10-06T03:24:00.000""]","[""OTHER"", ""UNKNOWN""]","[""UNKNOWN""]",[],[],"[""UNKNOWN""]","[""MOUNT SINAI HOSPITAL""]","[""O2164447"", ""O2164448""]","[""DRIVER"", ""PEDESTRIAN""]","[""UNKNOWN""]","[""USAGE UNKNOWN""]","[""M"", ""X""]",[],"[""2063265""]",[],"[""AMB #10""]",[],"[""UNKNOWN/NA""]","[""IN ROADWAY""]","[""NO CONTRASTING CLOTHING""]",[],2025,10,3,6,False,night,41.89,-87.72,41.89_-87.72,0.0,0,0,OTHER,1
STRAIGHT AND LEVEL,2522,2025-10-06 03:00:00,2,3,10,D5A5B442CCAC5853D989EBAD062DD5CB8DA00E19465A571C15569AB889DCDEF8624674F3693ED35118C1D210C917A3E600D007DD10C202986E8304EC98C9B06C,NO INJURY / DRIVE AWAY,"OVER $1,500",NO CONTROLS,PARKED MOTOR VEHICLE,41.9211592393,"DARKNESS, LIGHTED ROAD",-87.7439374359,2,20,UNABLE TO DETERMINE,NO DEFECTS,DRY,NOT APPLICABLE,N,2216,NO CONTROLS,ONE-WAY,CLEAR,0.0,1.0,0.0,0.0,0.0,1.0,2,0,"[""Y""]","[""Y""]",[],"[""2025-10-06T03:00:00.000""]","[""2164524"", ""2164525""]","[""SIDE-RIGHT"", ""UNKNOWN""]","[""IL""]","[""HYUNDAI"", ""UNKNOWN""]","[""PARKED"", ""UNKNOWN/NA""]","[""ELANTRA"", ""ENGINE""]","[""0"", ""1""]","[""N"", ""UNKNOWN""]","[""1"", ""2""]","[""DRIVER"", ""PARKED""]","[""NONE""]","[""2063335"", ""2063338""]","[""PASSENGER"", ""UNKNOWN/NA""]","[""PERSONAL"", ""UNKNOWN/NA""]","[""2024""]","[""Y""]",[],[],[],[],[],"[""Y""]",[],[],[],[],[],[],[],[],[],[],"[""DEPLOYMENT UNKNOWN""]","[""TEST NOT OFFERED""]",[],"[""2025-10-06T03:00:00.000""]","[""FAILED TO YIELD""]","[""UNKNOWN""]",[],[],"[""NONE""]",[],"[""O2164524""]","[""DRIVER""]","[""UNKNOWN""]","[""USAGE UNKNOWN""]","[""X""]",[],"[""2063335""]",[],[],[],[],[],[],[],2025,10,3,6,False,night,41.92,-87.74,41.92_-87.74,0.0,0,0,OTHER,0
STRAIGHT AND LEVEL,922,2025-10-06 02:20:00,2,2,10,40FEA9E37E038587FF7DF948110891799C6A607089D50EF4298CB60F57F85843296642C7AD58FAEF4BCA6457930DE057E320104BBCB077865D05BD9B10821A74,NO INJURY / DRIVE AWAY,"OVER $1,500",NO CONTROLS,ANGLE,41.8099439081,"DARKNESS, LIGHTED ROAD",-87.6980736271,2,25,UNABLE TO DETERMINE,NO DEFECTS,DRY,UNABLE TO DETERMINE,S,4600,STOP SIGN/FLASHER,FOUR WAY,CLEAR,0.0,1.0,1.0,1.0,0.0,1.0,1,1,"[""Y""]",[],"[""Y""]","[""2025-10-06T02:20:00.000""]","[""2164445"", ""2164446""]","[""FRONT"", ""UNKNOWN""]","[""IL""]","[""HONDA"", ""TOYOTA""]","[""STRAIGHT AHEAD""]","[""CAMRY"", ""CIVIC""]","[""1""]","[""S"", ""UNKNOWN""]","[""1"", ""2""]","[""DRIVER""]","[""UNKNOWN""]","[""2063263"", ""2063264""]","[""PASSENGER""]","[""PERSONAL"", ""UNKNOWN/NA""]","[""2005"", ""2009""]",[],[],"[""N"", ""Y""]",[],[],[],"[""Y""]","[""N""]","[""N""]",[],[],[],[],[],[],[],['18'],"[""DEPLOYMENT UNKNOWN"", ""NOT APPLICABLE""]","[""TEST NOT OFFERED""]","[""CHICAGO""]","[""2025-10-06T02:20:00.000""]","[""UNKNOWN""]","[""UNKNOWN""]","[""D""]","[""IL""]","[""NONE""]",[],"[""O2164445"", ""O2164446""]","[""DRIVER""]","[""NORMAL"", ""UNKNOWN""]","[""USAGE UNKNOWN""]","[""M"", ""X""]","[""IL""]","[""2063263"", ""2063264""]","[""60629"", ""60652""]",[],[],[],[],[],[],2025,10,2,6,False,night,41.81,-87.7,41.81_-87.7,18.0,18,18,OTHER,0
STRAIGHT AND LEVEL,1032,2025-10-06 01:57:00,2,1,10,09EBBEF81452F5389692C02C8A3CF5F48D0EBEE9100162D1F3E80E791EDA9B331E1140054C9DE3A879C2D518F208B436F2D062ECED101C77EE15431F7D680D3A,INJURY AND / OR TOW DUE TO CRASH,"OVER $1,500",NO CONTROLS,PARKED MOTOR VEHICLE,41.8383292206,"DARKNESS, LIGHTED ROAD",-87.7120355645,3,30,UNDER THE INFLUENCE OF ALCOHOL/DRUGS (USE WHEN ARREST IS EFFECTED),NO DEFECTS,DRY,UNDER THE INFLUENCE OF ALCOHOL/DRUGS (USE WHEN ARREST IS EFFECTED),S,3019,NO CONTROLS,ONE-WAY,CLEAR,0.0,0.0,0.0,0.0,0.0,1.0,2,1,"[""Y""]","[""Y""]",[],"[""2025-10-06T01:57:00.000""]","[""2164442"", ""2164443"", ""2164444""]","[""SIDE-LEFT"", ""SIDE-RIGHT-REAR""]","[""IL""]","[""CHEVROLET"", ""FORD""]","[""PARKED"", ""STRAIGHT AHEAD""]","[""EDGE"", ""ESCAPE"", ""TAHOE""]","[""0"", ""1""]","[""N""]","[""1"", ""2"", ""3""]","[""DRIVER"", ""PARKED""]","[""NONE"", ""UNKNOWN""]","[""2063260"", ""2063261"", ""2063262""]","[""SPORT UTILITY VEHICLE (SUV)""]","[""UNKNOWN/NA""]","[""2007"", ""2012"", ""2017""]","[""Y""]","[""Y""]","[""Y""]","[""CITY OF CHICAGO""]","[""Y""]",[],[],"[""Y""]","[""Y""]",[],[],"[""Y""]",[],"[""Y""]","[""Y""]",[],['22'],"[""NOT APPLICABLE""]","[""TEST TAKEN""]","[""CHICAGO""]","[""2025-10-06T01:57:00.000""]","[""OTHER""]","[""NOT OBSCURED""]",[],"[""IL""]","[""NONE""]",[],"[""O2164442""]","[""DRIVER""]","[""IMPAIRED - ALCOHOL""]","[""USAGE UNKNOWN""]","[""M""]","[""IL""]","[""2063260""]","[""60623""]",[],[],[],[],[],[],2025,10,1,6,False,night,41.84,-87.71,41.84_-87.71,22.0,22,22,DUI/IMPAIRMENT,0
STRAIGHT AND LEVEL,2522,2025-10-06 01:16:00,2,1,10,92E7B362061C91744C3529DA5DB4D08BBE53C33D32040F05EF1F937B3A68EECD5348FC5EB6CE49FE42E32E35AB33FC78B1AA3CF6C8ECE103EA5E5B395B083989,NO INJURY / DRIVE AWAY,"$501 - $1,500",FUNCTIONING PROPERLY,REAR END,41.9169571309,"DARKNESS, LIGHTED ROAD",-87.7527240359,2,30,CELL PHONE USE OTHER THAN TEXTING,NO DEFECTS,DRY,NOT APPLICABLE,W,5044,TRAFFIC SIGNAL,NOT DIVIDED,CLEAR,0.0,0.0,1.0,0.0,0.0,1.0,1,4,"[""Y""]",[],"[""Y""]","[""2025-10-06T01:16:00.000""]","[""2164432"", ""2164433""]","[""FRONT"", ""REAR""]","[""IL""]","[""DODGE"", ""LEXUS""]","[""SLOW/STOP IN TRAFFIC"", ""STRAIGHT AHEAD""]","[""DURANGO"", ""LS460""]","[""1"", ""4""]","[""W""]","[""1"", ""2""]","[""DRIVER""]","[""NONE""]","[""2063248"", ""2063250""]","[""PASSENGER"", ""SPORT UTILITY VEHICLE (SUV)""]","[""PERSONAL""]","[""2009"", ""2014""]",[],[],"[""Y""]",[],[],"[""Y""]",[],[],[],[],"[""3""]",[],[],"[""Y""]","[""Y""]",[],"['32', '39', '45', '60']","[""DID NOT DEPLOY"", ""NOT APPLICABLE""]","[""TEST NOT OFFERED""]","[""CHICAGO"", ""ELMWOOD PARK""]","[""2025-10-06T01:16:00.000""]","[""CELL PHONE USE OTHER THAN TEXTING"", ""NONE""]","[""NOT OBSCURED"", ""UNKNOWN""]","[""D"", ""DM""]","[""IL""]","[""NONE""]","[""REFUSED""]","[""O2164432"", ""O2164433"", ""P477686"", ""P477687"", ""P477688""]","[""DRIVER"", ""PASSENGER""]","[""NORMAL""]","[""USAGE UNKNOWN""]","[""F"", ""M""]","[""IL""]","[""2063248"", ""2063250""]","[""60639"", ""60707""]",[],"[""3"", ""4"", ""6""]",[],[],[],[],2025,10,1,6,False,night,41.92,-87.75,41.92_-87.75,44.0,32,60,OTHER,0
STRAIGHT AND LEVEL,2223,2025-10-06 01:00:00,2,1,10,A6C013E0521D66705C4A93316B99102964EAA9352B0261714195884434A8E6C294A08F0DDAC7BE31ADD82633255E2015C89886607EDDABC9FEAAAD5B6EC0128D,NO INJURY / DRIVE AWAY,"$501 - $1,500",NO CONTROLS,PARKED MOTOR VEHICLE,41.7175419624,UNKNOWN,-87.6429586663,2,10,UNABLE TO DETERMINE,UNKNOWN,UNKNOWN,NOT APPLICABLE,S,9705,NO CONTROLS,PARKING LOT,CLEAR,0.0,1.0,0.0,0.0,0.0,1.0,2,0,[],[],"[""Y""]","[""2025-10-06T01:00:00.000""]","[""2165607"", ""2165608""]","[""FRONT"", ""UNKNOWN""]","[""IL""]","[""UNKNOWN"", ""VOLKSWAGEN""]","[""PARKED"", ""UNKNOWN/NA""]","[""ATLAS"", ""OTHER (EXPLAIN IN NARRATIVE)""]","[""0"", ""1""]","[""UNKNOWN""]","[""1"", ""2""]","[""DRIVER"", ""PARKED""]","[""UNKNOWN""]","[""2064353"", ""2064355""]","[""PASSENGER"", ""UNKNOWN/NA""]","[""PERSONAL"", ""UNKNOWN/NA""]","[""2021""]",[],[],"[""Y""]",[],[],[],"[""Y""]",[],[],[],[],[],[],[],[],[],[],"[""DEPLOYMENT UNKNOWN""]","[""TEST NOT OFFERED""]",[],"[""2025-10-06T01:00:00.000""]","[""UNKNOWN""]","[""UNKNOWN""]",[],[],"[""NONE""]",[],"[""O2165607""]","[""DRIVER""]","[""UNKNOWN""]","[""USAGE UNKNOWN""]","[""X""]",[],"[""2064353""]",[],[],[],[],[],[],[],2025,10,1,6,False,night,41.72,-87.64,41.72_-87.64,0.0,0,0,OTHER,0
STRAIGHT AND LEVEL,632,2025-10-06 00:35:00,2,0,10,6EC16FBFD5BB1520DABEEA4E1BFA26F79ABC14C8D3778495EAB07EBD173886E6E425CBD3893DDE5757F64A9B84B6466FD8405303B91D6B96B0BD42F468985386,INJURY AND / OR TOW DUE TO CRASH,"OVER $1,500",NO CONTROLS,FIXED OBJECT,41.7363694133,"DARKNESS, LIGHTED ROAD",-87.6162160399,1,35,PHYSICAL CONDITION OF DRIVER,NO DEFECTS,DRY,NOT APPLICABLE,E,335,NO CONTROLS,NOT DIVIDED,CLEAR,0.0,0.0,0.0,0.0,0.0,1.0,1,1,"[""Y""]",[],"[""Y""]","[""2025-10-06T00:35:00.000""]","[""2164440""]","[""FRONT""]","[""IL""]","[""FORD""]","[""STRAIGHT AHEAD""]","[""FUSION""]","[""1""]","[""E""]","[""1""]","[""DRIVER""]","[""UNKNOWN""]","[""2063257""]","[""PASSENGER""]","[""PERSONAL""]","[""2016""]",[],[],"[""Y""]","[""CPD-ERS""]","[""Y""]",[],[],[],[],[],[],[],[],[],[],"[""POUND 2""]",['28'],"[""DEPLOYED, FRONT""]","[""TEST NOT OFFERED""]","[""CHICAGO""]","[""2025-10-06T00:35:00.000""]","[""UNKNOWN""]","[""UNKNOWN""]","[""D""]","[""IL""]","[""NONE""]",[],"[""O2164440""]","[""DRIVER""]","[""NORMAL""]","[""USAGE UNKNOWN""]","[""M""]","[""IL""]","[""2063257""]",[],[],[],[],[],[],[],2025,10,0,6,False,afternoon,41.74,-87.62,41.74_-87.62,28.0,28,28,OTHER,0
STRAIGHT AND LEVEL,423,2025-10-06 00:30:00,2,0,10,F4AA2EC32CD4579DAC5D8142C8649F97461DC967AB617EAB6E93EAC771E6D2DC0FCFC403B2985D04A374AF10749C62A377F8FE37AB71EBAB45314470CAA05666,INJURY AND / OR TOW DUE TO CRASH,"OVER $1,500",NO CONTROLS,FIXED OBJECT,41.7297948033,"DARKNESS, LIGHTED ROAD",-87.5556338987,1,30,UNABLE TO DETERMINE,NO DEFECTS,DRY,NOT APPLICABLE,S,9100,NO CONTROLS,NOT DIVIDED,CLEAR,0.0,0.0,0.0,0.0,0.0,1.0,1,1,"[""Y""]",[],"[""Y""]","[""2025-10-06T00:30:00.000""]","[""2164429""]","[""FRONT""]","[""IN""]","[""MERCEDES-BENZ""]","[""STRAIGHT AHEAD""]","[""C30""]","[""1""]","[""SE""]","[""1""]","[""DRIVER""]","[""UNKNOWN""]","[""2063247""]","[""PASSENGER""]","[""PERSONAL""]","[""2008""]",[],[],"[""Y""]",[],"[""Y""]",[],[],[],[],[],[],[],[],[],[],[],['17'],"[""NOT APPLICABLE""]","[""TEST NOT OFFERED""]","[""CHICAGO""]","[""2025-10-06T00:30:00.000""]","[""UNKNOWN""]","[""NOT OBSCURED""]",[],"[""IN""]","[""NONE""]",[],"[""O2164429""]","[""DRIVER""]","[""NORMAL""]","[""USAGE UNKNOWN""]","[""F""]","[""IL""]","[""2063247""]","[""46368""]",[],[],[],[],[],[],2025,10,0,6,False,afternoon,41.73,-87.56,41.73_-87.56,17.0,17,17,OTHER,0