alignment,beat_of_occurrence,crash_date,crash_day_of_week,crash_hour,crash_month,crash_record_id,crash_type,damage,device_condition,first_crash_type,latitude,lighting_condition,longitude,num_units,posted_speed_limit,prim_contributory_cause,road_defect,roadway_surface_cond,sec_contributory_cause,street_direction,street_no,traffic_control_device,trafficway_type,weather_condition,private_property_i,hit_and_run_i,intersection_related_i,crash_date_est_i,work_zone_i,workers_present_i,veh_count,ppl_count,veh_area_01_i_list_json,veh_area_02_i_list_json,veh_area_12_i_list_json,veh_crash_date_list_json,veh_crash_unit_id_list_json,veh_first_contact_point_list_json,veh_lic_plate_state_list_json,veh_make_list_json,veh_maneuver_list_json,veh_model_list_json,veh_occupant_cnt_list_json,veh_travel_direction_list_json,veh_unit_no_list_json,veh_unit_type_list_json,veh_vehicle_defect_list_json,veh_vehicle_id_list_json,veh_vehicle_type_list_json,veh_vehicle_use_list_json,veh_vehicle_year_list_json,veh_area_03_i_list_json,veh_area_04_i_list_json,veh_area_11_i_list_json,veh_towed_by_list_json,veh_towed_i_list_json,veh_area_07_i_list_json,veh_area_99_i_list_json,veh_area_09_i_list_json,veh_area_10_i_list_json,veh_cmrc_veh_i_list_json,veh_num_passengers_list_json,veh_area_08_i_list_json,veh_area_00_i_list_json,veh_area_05_i_list_json,veh_area_06_i_list_json,veh_towed_to_list_json,ppl_age_list_json,ppl_airbag_deployed_list_json,ppl_bac_result_list_json,ppl_city_list_json,ppl_crash_date_list_json,ppl_driver_action_list_json,ppl_driver_vision_list_json,ppl_drivers_license_class_list_json,ppl_drivers_license_state_list_json,ppl_ejection_list_json,ppl_hospital_list_json,ppl_person_id_list_json,ppl_person_type_list_json,ppl_physical_condition_list_json,ppl_safety_equipment_list_json,ppl_sex_list_json,ppl_state_list_json,ppl_vehicle_id_list_json,ppl_zipcode_list_json,ppl_ems_agency_list_json,ppl_seat_no_list_json,ppl_pedpedal_action_list_json,ppl_pedpedal_location_list_json,ppl_pedpedal_visibility_list_json,ppl_ems_run_no_list_json,year,month,hour,day,is_weekend,hour_bin,lat_bin,lng_bin,grid_id,ppl_age_mean,ppl_age_min,ppl_age_max,prim_contributory_cause_group,ksi_flag
STRAIGHT AND LEVEL,412,2025-10-05 19:48:00,1,19,10,EAD9421AB200F9D8D20008686EE1029117942DA19C30E736A0A007F091224D4E8698F95F1CD092E52039FAF664B824CE7FCB9EFF6D9475C50F3A106F41F9CB06,INJURY AND / OR TOW DUE TO CRASH,"OVER $1,500",NO CONTROLS,PARKED MOTOR VEHICLE,41.7346072332,DAYLIGHT,-87.5670119602,3,25,ANIMAL,NO DEFECTS,DRY,ANIMAL,S,8825,NO CONTROLS,NOT DIVIDED,CLEAR,0.0,0.0,0.0,0.0,0.0,1.0,2,1,"[""Y""]",[],"[""Y""]","[""2025-10-05T19:48:00.000""]","[""2164368"", ""2164369"", ""2164370""]","[""FRONT""]","[""IL""]","[""HYUNDAI"", ""KIA"", ""TOYOTA""]","[""PARKED"", ""STRAIGHT AHEAD""]","[""CAMRY"", ""SONATA"", ""SPORTAGE""]","[""0"", ""1""]","[""N"", ""S""]","[""1"", ""2"", ""3""]","[""DRIVER"", ""PARKED""]","[""NONE""]","[""2063194"", ""2063200"", ""2063204""]","[""PASSENGER""]","[""PERSONAL""]","[""2010"", ""2015"", ""2016""]",[],[],"[""Y""]","[""ss""]","[""Y""]",[],[],[],"[""Y""]",[],[],[],[],[],[],"[""pound 2""]",['39'],"[""DEPLOYMENT UNKNOWN""]","[""TEST NOT OFFERED""]","[""CHICAGO""]","[""2025-10-05T19:48:00.000""]","[""NONE""]","[""NOT OBSCURED""]","[""D""]","[""IL""]","[""NONE""]",[],"[""O2164368""]","[""DRIVER""]","[""NORMAL""]","[""SAFETY BELT USED""]","[""M""]","[""IL""]","[""2063194""]","[""60619""]",[],[],[],[],[],[],2025,10,19,5,True,evening,41.73,-87.57,41.73_-87.57,39.0,39,39,OTHER,0
STRAIGHT AND LEVEL,1533,2025-10-05 19:40:00,1,19,10,139C1231A42569FC369A52E8BBA8CE48BA42E7363FBA6DC4A78104C758A5B060920063231ECA604B2DCB256F38BEA499DEEBF02BA2E6CEE3ADFE1303571E449C,INJURY AND / OR TOW DUE TO CRASH,"OVER $1,500",NO CONTROLS,PEDESTRIAN,41.8803450456,DUSK,-87.7485172234,2,30,UNABLE TO DETERMINE,NO DEFECTS,DRY,NOT APPLICABLE,W,4919,NO CONTROLS,NOT DIVIDED,CLEAR,0.0,1.0,0.0,0.0,0.0,1.0,2,1,[],[],"[""Y""]","[""2025-10-05T19:40:00.000""]","[""2164362"", ""2164363""]","[""FRONT""]",[],"[""UNKNOWN""]","[""STRAIGHT AHEAD""]","[""MOTORIZED""]","[""1""]","[""E""]","[""1"", ""2""]","[""DRIVER"", ""PEDESTRIAN""]","[""UNKNOWN""]","[""2063188""]","[""3-WHEELED MOTORCYCLE (2 REAR WHEELS)""]","[""UNKNOWN/NA""]",[],[],[],[],[],[],[],[],[],[],[],[],[],[],[],[],[],['41'],"[""DEPLOYMENT UNKNOWN""]","[""TEST NOT OFFERED""]","[""CHICAGO""]","[""2025-10-05T19:40:00.000""]","[""UNKNOWN""]","[""NOT OBSCURED"", ""UNKNOWN""]","[""NA""]","[""XX""]","[""UNKNOWN""]","[""MT SINAI""]","[""O2164362"", ""O2164363""]","[""DRIVER"", ""PEDESTRIAN""]","[""NORMAL"", ""UNKNOWN""]","[""HELMET NOT USED""]","[""M""]","[""IL""]","[""2063188""]","[""60644""]","[""CFD AMB 23""]",[],"[""CROSSING - NO CONTROLS (NOT AT INTERSECTION)""]","[""IN ROADWAY""]","[""NO CONTRASTING CLOTHING""]",[],2025,10,19,5,True,evening,41.88,-87.75,41.88_-87.75,41.0,41,41,OTHER,1
STRAIGHT AND LEVEL,814,2025-10-05 19:38:00,1,19,10,FE7C9E15A2B30C4B55515E333726786FCFCE44A0A9B83D35CD17D01E87E37D4C069E4127272106A6E76027115A7B460BC022823D65E2F486B368DE8ED4FCD222,INJURY AND / OR TOW DUE TO CRASH,"OVER $1,500",NO CONTROLS,REAR END,41.7958655341,"DARKNESS, LIGHTED ROAD",-87.760663833,2,30,FOLLOWING TOO CLOSELY,NO DEFECTS,DRY,DRIVING SKILLS/KNOWLEDGE/EXPERIENCE,S,5851,NO CONTROLS,DIVIDED - W/MEDIAN (NOT RAISED),CLEAR,0.0,1.0,0.0,0.0,0.0,1.0,1,1,"[""Y""]",[],"[""Y""]","[""2025-10-05T19:38:00.000""]","[""2164333"", ""2164334""]","[""FRONT"", ""REAR""]","[""IL""]","[""TOYOTA"", ""UNKNOWN""]","[""STRAIGHT AHEAD""]","[""OTHER (EXPLAIN IN NARRATIVE)"", ""RAV4""]","[""1""]","[""E""]","[""1"", ""2""]","[""DRIVER""]","[""NONE""]","[""2063160"", ""2063162""]","[""SPORT UTILITY VEHICLE (SUV)""]","[""PERSONAL""]","[""2024""]",[],"[""Y""]","[""Y""]","[""Private tow""]","[""Y""]","[""Y""]",[],[],[],[],[],"[""Y""]",[],"[""Y""]","[""Y""]",[],['48'],"[""DEPLOYED, COMBINATION"", ""DEPLOYMENT UNKNOWN""]","[""TEST NOT OFFERED""]","[""CHICAGO""]","[""2025-10-05T19:38:00.000""]","[""NONE"", ""OTHER""]","[""NOT OBSCURED"", ""UNKNOWN""]","[""D""]","[""IL""]","[""NONE""]",[],"[""O2164333"", ""O2164334""]","[""DRIVER""]","[""NORMAL"", ""UNKNOWN""]","[""SAFETY BELT USED"", ""USAGE UNKNOWN""]","[""M"", ""X""]","[""IL""]","[""2063160"", ""2063162""]","[""60609""]",[],[],[],[],[],[],2025,10,19,5,True,evening,41.8,-87.76,41.8_-87.76,48.0,48,48,FOLLOWING TOO CLOSELY,1
STRAIGHT AND LEVEL,213,2025-10-05 19:35:00,1,19,10,D79374B3A21CE5221E270ECF5784E3DAB823D209D5DD8487E86E6C8274FCF848DAC3EC20A8FD3495CB238BA95C7748520AFA66B50E12ACA05FEA882321694F76,INJURY AND / OR TOW DUE TO CRASH,"$501 - $1,500",FUNCTIONING PROPERLY,HEAD ON,41.8309623692,DARKNESS,-87.6267918461,2,30,DISTRACTION - FROM INSIDE VEHICLE,NO DEFECTS,DRY,NOT APPLICABLE,S,3500,TRAFFIC SIGNAL,FOUR WAY,CLEAR,0.0,0.0,0.0,0.0,0.0,1.0,1,3,[],[],[],"[""2025-10-05T19:35:00.000""]","[""2164390"", ""2164391""]","[""FRONT-LEFT-CORNER""]","[""IL""]","[""BUICK"", ""LEXUS""]","[""STRAIGHT AHEAD""]","[""ENCORE"", ""GS350""]","[""1"", ""2""]","[""E"", ""W""]","[""1"", ""2""]","[""DRIVER""]","[""BRAKES"", ""NONE""]","[""2063216"", ""2063217""]","[""PASSENGER"", ""SPORT UTILITY VEHICLE (SUV)""]","[""PERSONAL""]","[""2016""]",[],[],"[""Y""]","[""PRIVATAE TOW""]","[""Y""]",[],[],"[""Y""]","[""Y""]",[],"[""1""]",[],[],[],[],"[""RESIDENCE""]","['19', '53', '76']","[""NOT APPLICABLE""]","[""TEST NOT OFFERED"", ""TEST REFUSED""]","[""CHICAGO""]","[""2025-10-05T19:35:00.000""]","[""CELL PHONE USE OTHER THAN TEXTING"", ""NONE""]","[""NOT OBSCURED""]","[""D""]","[""IL""]","[""NONE""]",[],"[""O2164390"", ""O2164391"", ""P477678""]","[""DRIVER"", ""PASSENGER""]","[""NORMAL""]","[""SAFETY BELT USED"", ""USAGE UNKNOWN""]","[""F"", ""M""]","[""IL""]","[""2063216"", ""2063217""]","[""60620"", ""60653""]",[],"[""3""]",[],[],[],[],2025,10,19,5,True,evening,41.83,-87.63,41.83_-87.63,49.333333333333336,19,76,DISTRACTION/INATTENTION,0
STRAIGHT AND LEVEL,2211,2025-10-05 19:30:00,1,19,10,3D1D7A009D7786BD7E934616F2848815EADD90CEEEA956C5077DF589A34DF5E0413D01D2712A0DA875387103D4CB2822551803798B06BD8E339FEC2BF1C8A771,NO INJURY / DRIVE AWAY,"OVER $1,500",NO CONTROLS,PARKED MOTOR VEHICLE,41.691399886,"DARKNESS, LIGHTED ROAD",-87.7046463437,2,35,UNABLE TO DETERMINE,NO DEFECTS,DRY,UNABLE TO DETERMINE,W,3333,NO CONTROLS,NOT DIVIDED,CLEAR,0.0,1.0,0.0,0.0,0.0,1.0,2,0,[],[],[],"[""2025-10-05T19:30:00.000""]","[""2164331"", ""2164332""]","[""REAR-LEFT-CORNER"", ""UNKNOWN""]","[""GA""]","[""GENERAL MOTORS CORPORATION (GMC)"", ""UNKNOWN""]","[""PARKED"", ""UNKNOWN/NA""]","[""OTHER (EXPLAIN IN NARRATIVE)"", ""SIERRA""]","[""0"", ""1""]","[""E""]","[""1"", ""2""]","[""DRIVER"", ""PARKED""]","[""NONE"", ""UNKNOWN""]","[""2063156"", ""2063159""]","[""PASSENGER""]","[""PERSONAL"", ""UNKNOWN/NA""]","[""2025""]",[],[],[],[],[],"[""Y""]","[""Y""]","[""Y""]",[],[],[],"[""Y""]",[],[],[],[],[],"[""DEPLOYMENT UNKNOWN""]","[""TEST NOT OFFERED""]",[],"[""2025-10-05T19:30:00.000""]","[""UNKNOWN""]","[""UNKNOWN""]",[],[],"[""NONE""]",[],"[""O2164331""]","[""DRIVER""]","[""UNKNOWN""]","[""USAGE UNKNOWN""]","[""X""]",[],"[""2063156""]",[],[],[],[],[],[],[],2025,10,19,5,True,evening,41.69,-87.7,41.69_-87.7,0.0,0,0,OTHER,0
STRAIGHT AND LEVEL,1225,2025-10-05 19:30:00,1,19,10,2192F607830E5A0D39BCE5ED394DE00092E50342E244BE3BDE875E59CE946C22CD1F4622177786E83CCB1160E2B77D9CB0CF68502D292CBFDE74B9E71AAEB73C,INJURY AND / OR TOW DUE TO CRASH,"OVER $1,500",FUNCTIONING PROPERLY,PEDESTRIAN,41.8740893295,"DARKNESS, LIGHTED ROAD",-87.6766045617,2,25,UNABLE TO DETERMINE,NO DEFECTS,DRY,UNABLE TO DETERMINE,S,598,NO CONTROLS,NOT DIVIDED,CLEAR,0.0,0.0,1.0,0.0,0.0,1.0,2,1,[],[],"[""N""]","[""2025-10-05T19:30:00.000""]","[""2164974"", ""2164975""]","[""NONE""]","[""IL""]","[""TESLA""]","[""STRAIGHT AHEAD""]","[""MODEL Y""]","[""1""]","[""W""]","[""1"", ""2""]","[""DRIVER"", ""PEDESTRIAN""]","[""UNKNOWN""]","[""2063774""]","[""PASSENGER""]","[""PERSONAL""]",[],[],[],[],[],[],[],"[""N""]",[],[],[],[],[],"[""Y""]",[],[],[],['67'],"[""DID NOT DEPLOY""]","[""TEST NOT OFFERED""]","[""WESTMONT""]","[""2025-10-05T19:30:00.000""]","[""FAILED TO YIELD"", ""UNKNOWN""]","[""NOT OBSCURED"", ""UNKNOWN""]",[],"[""IL""]","[""NONE""]",[],"[""O2164974"", ""O2164975""]","[""DRIVER"", ""PEDESTRIAN""]","[""UNKNOWN""]","[""USAGE UNKNOWN""]","[""F"", ""M""]","[""IL""]","[""2063774""]",[],[],[],"[""CROSSING - WITH SIGNAL""]","[""IN CROSSWALK""]","[""NO CONTRASTING CLOTHING""]",[],2025,10,19,5,True,evening,41.87,-87.68,41.87_-87.68,67.0,67,67,OTHER,1
STRAIGHT AND LEVEL,1434,2025-10-05 19:30:00,1,19,10,0441030191F69464AF2AC4F4055F7CA28C8A8AA8075865D4D8270F6C02372731CF330F425E72C1886EE12EAC0337841C57195A5C38FDB34E96335E9065EF8411,NO INJURY / DRIVE AWAY,"$501 - $1,500",FUNCTIONING PROPERLY,SIDESWIPE SAME DIRECTION,41.9166844664,"DARKNESS, LIGHTED ROAD",-87.6872388779,2,30,IMPROPER OVERTAKING/PASSING,NO DEFECTS,DRY,NOT APPLICABLE,N,1933,TRAFFIC SIGNAL,NOT DIVIDED,CLEAR,0.0,0.0,0.0,0.0,0.0,1.0,1,3,"[""Y""]","[""Y""]",[],"[""2025-10-05T19:30:00.000""]","[""2164933"", ""2164934""]","[""SIDE-LEFT-REAR"", ""SIDE-RIGHT-FRONT""]","[""IL""]","[""ACURA"", ""CHEVROLET""]","[""PASSING/OVERTAKING"", ""STRAIGHT AHEAD""]","[""MALIBU"", ""TLX""]","[""2"", ""3""]","[""N""]","[""1"", ""2""]","[""DRIVER""]","[""NONE""]","[""2063733"", ""2063734""]","[""PASSENGER""]","[""PERSONAL""]","[""2006"", ""2018""]",[],[],[],[],[],"[""Y""]",[],[],[],[],"[""1"", ""2""]","[""Y""]",[],[],[],[],"['16', '73', '79']","[""DID NOT DEPLOY""]","[""TEST NOT OFFERED""]","[""CHICAGO"", ""NORRIDGE""]","[""2025-10-05T19:30:00.000""]","[""IMPROPER LANE CHANGE"", ""NONE""]","[""NOT OBSCURED"", ""UNKNOWN""]","[""D""]","[""IL""]","[""NONE""]",[],"[""O2164933"", ""O2164934"", ""P477761"", ""P477762"", ""P477767""]","[""DRIVER"", ""PASSENGER""]","[""NORMAL""]","[""SAFETY BELT USED""]","[""F"", ""M""]","[""IL""]","[""2063733"", ""2063734""]","[""60647"", ""60706""]",[],"[""3"", ""4""]",[],[],[],[],2025,10,19,5,True,evening,41.92,-87.69,41.92_-87.69,56.0,16,79,OTHER,0
STRAIGHT AND LEVEL,1225,2025-10-05 19:22:00,1,19,10,F0065B81DE9F295ABA8C0F4AD40A32DE1F4AB822F2B76E2E460DB549F1BE20C7D8EE8950AE6396B509C849B607638E76BF855B339C4FE52C850697274327E634,INJURY AND / OR TOW DUE TO CRASH,"OVER $1,500",FUNCTIONING PROPERLY,PEDESTRIAN,41.8749114648,"DARKNESS, LIGHTED ROAD",-87.6765070914,2,30,FAILING TO YIELD RIGHT-OF-WAY,NO DEFECTS,DRY,UNABLE TO DETERMINE,W,2001,STOP SIGN/FLASHER,FOUR WAY,CLEAR,0.0,1.0,1.0,0.0,0.0,1.0,2,1,[],[],[],"[""2025-10-05T19:22:00.000""]","[""2164352"", ""2164359""]","[""FRONT""]","[""IL""]","[""UNKNOWN""]","[""UNKNOWN/NA""]","[""OTHER (EXPLAIN IN NARRATIVE)""]","[""1""]","[""N""]","[""1"", ""2""]","[""DRIVER"", ""PEDESTRIAN""]","[""UNKNOWN""]","[""2063179""]","[""UNKNOWN/NA""]","[""UNKNOWN/NA""]",[],[],[],[],[],[],[],"[""Y""]",[],[],[],[],[],[],[],[],[],['27'],"[""DEPLOYMENT UNKNOWN""]","[""TEST NOT OFFERED""]","[""CHICAGO""]","[""2025-10-05T19:22:00.000""]","[""NONE"", ""UNKNOWN""]","[""UNKNOWN""]",[],[],"[""NONE""]","[""RUSH HOSPITAL""]","[""O2164352"", ""O2164359""]","[""DRIVER"", ""PEDESTRIAN""]","[""NORMAL"", ""UNKNOWN""]","[""USAGE UNKNOWN""]","[""F"", ""X""]","[""IL""]","[""2063179""]","[""60612""]",[],[],"[""CROSSING - WITH SIGNAL""]","[""IN CROSSWALK""]","[""NO CONTRASTING CLOTHING""]",[],2025,10,19,5,True,evening,41.87,-87.68,41.87_-87.68,27.0,27,27,FAILURE-TO-YIELD,1
STRAIGHT AND LEVEL,1223,2025-10-05 19:20:00,1,19,10,93A098E05369EADB25E33C4AD31A75E18E2FF61135841E1A1A5F200AE1096A712A0479A29FAAC3D1A5F40B48BBB3334D25556AA983BD615159830E85651AE779,NO INJURY / DRIVE AWAY,"OVER $1,500",FUNCTIONING PROPERLY,REAR END,41.8820423229,DAWN,-87.6863087667,2,30,UNABLE TO DETERMINE,NO DEFECTS,DRY,NOT APPLICABLE,N,31,TRAFFIC SIGNAL,DIVIDED - W/MEDIAN (NOT RAISED),CLEAR,0.0,1.0,0.0,0.0,0.0,1.0,1,1,"[""Y""]",[],"[""Y""]","[""2025-10-05T19:20:00.000""]","[""2164724"", ""2164725""]","[""FRONT"", ""REAR""]","[""IL""]","[""CHEVROLET""]","[""STRAIGHT AHEAD""]","[""IMPALA"", ""TAHOE""]","[""1""]","[""N""]","[""1"", ""2""]","[""DRIVER""]","[""NONE"", ""UNKNOWN""]","[""2063530"", ""2063538""]","[""PASSENGER"", ""UNKNOWN/NA""]","[""PERSONAL"", ""UNKNOWN/NA""]","[""2024""]",[],[],"[""Y""]",[],[],"[""Y""]",[],[],[],[],[],[],[],"[""Y""]","[""Y""]",[],['37'],"[""DEPLOYMENT UNKNOWN"", ""NOT APPLICABLE""]","[""TEST NOT OFFERED""]","[""CHICAGO""]","[""2025-10-05T19:20:00.000""]","[""FOLLOWED TOO CLOSELY"", ""NONE""]","[""NOT OBSCURED"", ""UNKNOWN""]","[""D""]","[""IL""]","[""NONE""]",[],"[""O2164724"", ""O2164725""]","[""DRIVER""]","[""NORMAL"", ""UNKNOWN""]","[""SAFETY BELT USED"", ""USAGE UNKNOWN""]","[""F""]","[""IL""]","[""2063530"", ""2063538""]","[""60647""]",[],[],[],[],[],[],2025,10,19,5,True,evening,41.88,-87.69,41.88_-87.69,37.0,37,37,OTHER,0
STRAIGHT AND LEVEL,1634,2025-10-05 19:20:00,1,19,10,91D2151FD44D9980AA046F1B1C5CBFDBBCA333F41EA05351EFA36A34F7CEAD2EBF7E7EB1EC8E9778531EDDBF238277519E58E419C9FDDA7510D44528739AAF36,NO INJURY / DRIVE AWAY,$500 OR LESS,NO CONTROLS,PARKED MOTOR VEHICLE,41.9507040531,"DARKNESS, LIGHTED ROAD",-87.7535074923,2,30,UNABLE TO DETERMINE,UNKNOWN,DRY,NOT APPLICABLE,W,5032,NO CONTROLS,ONE-WAY,CLEAR,0.0,1.0,0.0,0.0,0.0,1.0,2,0,[],[],[],"[""2025-10-05T19:20:00.000""]","[""2164346"", ""2164347""]","[""SIDE-LEFT"", ""UNKNOWN""]","[""IL""]","[""TOYOTA"", ""VOLKSWAGEN""]","[""PARKED"", ""STRAIGHT AHEAD""]","[""HIGHLANDER"", ""TIGUAN""]","[""0"", ""1""]","[""UNKNOWN"", ""W""]","[""1"", ""2""]","[""DRIVER"", ""PARKED""]","[""UNKNOWN""]","[""2063173"", ""2063175""]","[""SPORT UTILITY VEHICLE (SUV)""]","[""PERSONAL"", ""UNKNOWN/NA""]","[""2008"", ""2022""]",[],[],[],[],[],[],[],[],"[""Y""]",[],[],[],[],[],[],[],[],"[""DEPLOYMENT UNKNOWN""]","[""TEST NOT OFFERED""]",[],"[""2025-10-05T19:20:00.000""]","[""UNKNOWN""]","[""UNKNOWN""]",[],[],"[""NONE""]",[],"[""O2164346""]","[""DRIVER""]","[""UNKNOWN""]","[""USAGE UNKNOWN""]","[""X""]",[],"[""2063173""]",[],[],[],[],[],[],[],2025,10,19,5,True,evening,41.95,-87.75,41.95_-87.75,0.0,0,0,OTHER,0
STRAIGHT AND LEVEL,824,2025-10-05 19:17:00,1,19,10,74D09789B65CEF0EE0D4969A83EFED664DF500230CF00B15653CE9AD1CD2ECADE6F83D973D90F6A51E35764D9664875617CDD12A789051F30D0124AAA4E7BFA9,NO INJURY / DRIVE AWAY,"OVER $1,500",FUNCTIONING PROPERLY,TURNING,41.7936020985,DAYLIGHT,-87.6936487482,2,30,IMPROPER OVERTAKING/PASSING,NO DEFECTS,DRY,NOT APPLICABLE,S,5501,TRAFFIC SIGNAL,NOT DIVIDED,CLEAR,0.0,1.0,1.0,0.0,0.0,1.0,1,1,[],[],"[""Y""]","[""2025-10-05T19:17:00.000""]","[""2164350"", ""2164351""]","[""FRONT"", ""SIDE-LEFT""]","[""IL""]","[""CHEVROLET"", ""UNKNOWN""]","[""PASSING/OVERTAKING"", ""TURNING LEFT""]","[""EQUINOX"", ""OTHER (EXPLAIN IN NARRATIVE)""]","[""1"", ""2""]","[""N"", ""SE""]","[""1"", ""2""]","[""DRIVER""]","[""NONE"", ""UNKNOWN""]","[""2063176"", ""2063178""]","[""PASSENGER""]","[""PERSONAL"", ""UNKNOWN/NA""]","[""2011""]",[],[],[],[],[],[],"[""Y""]",[],[],[],"[""1""]",[],[],[],[],[],['19'],"[""DEPLOYMENT UNKNOWN"", ""NOT APPLICABLE""]","[""TEST NOT OFFERED""]","[""CHICAGO""]","[""2025-10-05T19:17:00.000""]","[""IMPROPER PASSING"", ""OTHER""]","[""NOT OBSCURED"", ""UNKNOWN""]","[""D""]","[""IL""]","[""NONE""]",[],"[""O2164350"", ""O2164351"", ""P477660""]","[""DRIVER"", ""PASSENGER""]","[""NORMAL"", ""UNKNOWN""]","[""USAGE UNKNOWN""]","[""F"", ""M"", ""X""]","[""IL""]","[""2063176"", ""2063178""]","[""60632""]",[],"[""3""]",[],[],[],[],2025,10,19,5,True,evening,41.79,-87.69,41.79_-87.69,19.0,19,19,OTHER,0
STRAIGHT AND LEVEL,511,2025-10-05 19:16:00,1,19,10,F3858929A435F2AEAB81841634D1F5B588190497A73F06739502DDADF8E179C59F2C26AF12E56C70F7F1AD1F00B13E151180D22ACDFC8BEFB3E45BC16BBF6DD9,INJURY AND / OR TOW DUE TO CRASH,"OVER $1,500",FUNCTIONING PROPERLY,TURNING,41.7073259318,DAWN,-87.6201338671,2,30,FAILING TO YIELD RIGHT-OF-WAY,NO DEFECTS,DRY,NOT APPLICABLE,E,100,TRAFFIC SIGNAL,FOUR WAY,CLEAR,0.0,0.0,1.0,0.0,0.0,1.0,1,2,"[""Y""]",[],"[""Y""]","[""2025-10-05T19:16:00.000""]","[""2164329"", ""2164330""]","[""FRONT""]","[""IL"", ""TX""]","[""CHEVROLET"", ""TOYOTA""]","[""STRAIGHT AHEAD"", ""TURNING LEFT""]","[""CAMRY"", ""IMPALA""]","[""1""]","[""E"", ""W""]","[""1"", ""2""]","[""DRIVER""]","[""NONE""]","[""2063161"", ""2063180""]","[""PASSENGER""]","[""PERSONAL""]","[""2004"", ""2010""]",[],[],"[""Y""]","[""UNKNOWN""]","[""Y""]",[],"[""Y""]",[],"[""Y""]",[],[],[],"[""Y""]",[],[],"[""UNKNOWN""]","['22', '42']","[""DEPLOYED, FRONT""]","[""TEST NOT OFFERED""]","[""CHICAGO""]","[""2025-10-05T19:16:00.000""]","[""FAILED TO YIELD"", ""NONE""]","[""NOT OBSCURED""]","[""D"", ""E""]","[""FL"", ""IL""]","[""NONE""]",[],"[""O2164329"", ""O2164330""]","[""DRIVER""]","[""NORMAL""]","[""SAFETY BELT USED""]","[""M""]","[""IL""]","[""2063161"", ""2063180""]","[""60643"", ""60649""]","[""CFD""]",[],[],[],[],[],2025,10,19,5,True,evening,41.71,-87.62,41.71_-87.62,32.0,22,42,FAILURE-TO-YIELD,0
STRAIGHT AND LEVEL,824,2025-10-05 19:15:00,1,19,10,55CB632EB94FD7EA399C9887123B8C7D1581AF6B901A07B83320D399FFD57D660A5395914F7E4136466A71382C04A5BA1FCC6843B0EB7F01281D7F45E700F692,INJURY AND / OR TOW DUE TO CRASH,"$501 - $1,500",NO CONTROLS,PARKED MOTOR VEHICLE,41.7888914342,DARKNESS,-87.7032795922,3,30,FOLLOWING TOO CLOSELY,NO DEFECTS,DRY,NOT APPLICABLE,S,5733,NO CONTROLS,NOT DIVIDED,CLEAR,0.0,0.0,0.0,0.0,0.0,1.0,2,1,"[""Y""]",[],"[""Y""]","[""2025-10-05T19:15:00.000""]","[""2164337"", ""2164338"", ""2164339""]","[""FRONT"", ""REAR""]","[""IL""]","[""CHEVROLET"", ""DODGE"", ""GENERAL MOTORS CORPORATION (GMC)""]","[""PARKED"", ""STRAIGHT AHEAD""]","[""CAMARO"", ""RAM 2500 PU"", ""YUKON""]","[""0"", ""1""]","[""N""]","[""1"", ""2"", ""3""]","[""DRIVER"", ""PARKED""]","[""NONE""]","[""2063165"", ""2063166"", ""2063170""]","[""PASSENGER"", ""PICKUP"", ""SPORT UTILITY VEHICLE (SUV)""]","[""PERSONAL""]","[""1994"", ""2010"", ""2023""]",[],[],"[""Y""]","[""unk""]","[""Y""]",[],[],[],[],[],"[""1""]",[],[],[],"[""Y""]","[""unk""]",['30'],"[""DEPLOYMENT UNKNOWN"", ""DID NOT DEPLOY""]","[""TEST NOT OFFERED""]",[],"[""2025-10-05T19:15:00.000""]","[""FAILED TO YIELD""]","[""NOT OBSCURED""]",[],"[""IL""]","[""NONE""]",[],"[""O2164337"", ""P477659""]","[""DRIVER"", ""PASSENGER""]","[""NORMAL""]","[""SAFETY BELT USED""]","[""F"", ""M""]",[],"[""2063165"", ""2063170""]",[],[],"[""1""]",[],[],[],[],2025,10,19,5,True,evening,41.79,-87.7,41.79_-87.7,30.0,30,30,FOLLOWING TOO CLOSELY,0
STRAIGHT AND LEVEL,1914,2025-10-05 19:14:00,1,19,10,0E8E8A7810CD1447CB5B46C1A0982303BC702CA37A413E25BF4BEA571C0871DF087A549F3013B523A2A552E5331FA20A9E64D764D7E637C6DC24A16801A4DBDA,NO INJURY / DRIVE AWAY,"OVER $1,500",FUNCTIONING PROPERLY,TURNING,41.9689205378,"DARKNESS, LIGHTED ROAD",-87.6594252856,2,30,IMPROPER TURNING/NO SIGNAL,NO DEFECTS,DRY,IMPROPER TURNING/NO SIGNAL,W,1143,TRAFFIC SIGNAL,DIVIDED - W/MEDIAN (NOT RAISED),CLEAR,0.0,1.0,0.0,0.0,0.0,1.0,1,1,"[""Y""]","[""Y""]","[""Y""]","[""2025-10-05T19:14:00.000""]","[""2164366"", ""2164367""]","[""FRONT-LEFT-CORNER"", ""FRONT-RIGHT-CORNER""]","[""IL""]","[""TOYOTA"", ""UNKNOWN""]","[""TURNING LEFT"", ""TURNING RIGHT""]","[""CAMRY"", ""OTHER (EXPLAIN IN NARRATIVE)""]","[""1"", ""2""]","[""E"", ""W""]","[""1"", ""2""]","[""DRIVER""]","[""NONE"", ""UNKNOWN""]","[""2063192"", ""2063195""]","[""PASSENGER"", ""UNKNOWN/NA""]","[""RIDESHARE SERVICE"", ""UNKNOWN/NA""]","[""2013""]","[""Y""]",[],"[""Y""]",[],[],[],[],"[""Y""]","[""Y""]",[],"[""1""]",[],[],[],[],[],['45'],"[""DEPLOYMENT UNKNOWN""]","[""TEST NOT OFFERED""]","[""CHICAGO""]","[""2025-10-05T19:14:00.000""]","[""IMPROPER TURN"", ""NONE""]","[""NOT OBSCURED"", ""UNKNOWN""]","[""D""]","[""IL""]","[""NONE""]","[""REFUSED"", ""UNKNOWN""]","[""O2164366"", ""O2164367"", ""P477666""]","[""DRIVER"", ""PASSENGER""]","[""NORMAL"", ""UNKNOWN""]","[""SAFETY BELT USED"", ""USAGE UNKNOWN""]","[""F"", ""M""]","[""IL""]","[""2063192"", ""2063195""]","[""60626""]",[],"[""4""]",[],[],[],[],2025,10,19,5,True,evening,41.97,-87.66,41.97_-87.66,45.0,45,45,OTHER,0