alignment,beat_of_occurrence,crash_date,crash_day_of_week,crash_hour,crash_month,crash_record_id,crash_type,damage,device_condition,first_crash_type,latitude,lighting_condition,longitude,num_units,posted_speed_limit,prim_contributory_cause,road_defect,roadway_surface_cond,sec_contributory_cause,street_direction,street_no,traffic_control_device,trafficway_type,weather_condition,private_property_i,hit_and_run_i,intersection_related_i,crash_date_est_i,work_zone_i,workers_present_i,veh_count,ppl_count,veh_area_01_i_list_json,veh_area_02_i_list_json,veh_area_12_i_list_json,veh_crash_date_list_json,veh_crash_unit_id_list_json,veh_first_contact_point_list_json,veh_lic_plate_state_list_json,veh_make_list_json,veh_maneuver_list_json,veh_model_list_json,veh_occupant_cnt_list_json,veh_travel_direction_list_json,veh_unit_no_list_json,veh_unit_type_list_json,veh_vehicle_defect_list_json,veh_vehicle_id_list_json,veh_vehicle_type_list_json,veh_vehicle_use_list_json,veh_vehicle_year_list_json,veh_area_03_i_list_json,veh_area_04_i_list_json,veh_area_11_i_list_json,veh_towed_by_list_json,veh_towed_i_list_json,veh_area_07_i_list_json,veh_area_99_i_list_json,veh_area_09_i_list_json,veh_area_10_i_list_json,veh_cmrc_veh_i_list_json,veh_num_passengers_list_json,veh_area_08_i_list_json,veh_area_00_i_list_json,veh_area_05_i_list_json,veh_area_06_i_list_json,veh_towed_to_list_json,ppl_age_list_json,ppl_airbag_deployed_list_json,ppl_bac_result_list_json,ppl_city_list_json,ppl_crash_date_list_json,ppl_driver_action_list_json,ppl_driver_vision_list_json,ppl_drivers_license_class_list_json,ppl_drivers_license_state_list_json,ppl_ejection_list_json,ppl_hospital_list_json,ppl_person_id_list_json,ppl_person_type_list_json,ppl_physical_condition_list_json,ppl_safety_equipment_list_json,ppl_sex_list_json,ppl_state_list_json,ppl_vehicle_id_list_json,ppl_zipcode_list_json,ppl_ems_agency_list_json,ppl_seat_no_list_json,ppl_pedpedal_action_list_json,ppl_pedpedal_location_list_json,ppl_pedpedal_visibility_list_json,ppl_ems_run_no_list_json,year,month,hour,day,is_weekend,hour_bin,lat_bin,lng_bin,grid_id,ppl_age_mean,ppl_age_min,ppl_age_max,prim_contributory_cause_group,ksi_flag
STRAIGHT AND LEVEL,1832,2025-10-05 19:10:00,1,19,10,8646E37F885A5126076247E92153735D04ED721E66F17E02F5F9945A1709EA27A0B30F4A6AE30485CA7F56708464F95C757B44903473B93A77D1AE772580B451,NO INJURY / DRIVE AWAY,$500 OR LESS,NO CONTROLS,PARKED MOTOR VEHICLE,41.8931307961,DARKNESS,-87.6302970742,2,30,PHYSICAL CONDITION OF DRIVER,NO DEFECTS,DRY,PHYSICAL CONDITION OF DRIVER,W,57,NO CONTROLS,NOT DIVIDED,CLEAR,0.0,0.0,0.0,0.0,0.0,1.0,2,1,[],[],[],"[""2025-10-05T19:10:00.000""]","[""2164344"", ""2164345""]","[""FRONT-LEFT-CORNER"", ""REAR-RIGHT-CORNER""]","[""IL""]","[""MAZDA"", ""TESLA""]","[""PARKED"", ""STRAIGHT AHEAD""]","[""CX-3"", ""MODEL 3""]","[""0"", ""1""]","[""W""]","[""1"", ""2""]","[""DRIVER"", ""PARKED""]","[""NONE""]","[""2063167"", ""2063174""]","[""PASSENGER""]","[""PERSONAL"", ""RIDESHARE SERVICE""]","[""2018"", ""2022""]",[],[],"[""Y""]",[],[],[],[],[],[],[],[],[],[],"[""Y""]",[],[],['65'],"[""NOT APPLICABLE""]","[""TEST NOT OFFERED""]","[""CHICAGO""]","[""2025-10-05T19:10:00.000""]","[""IMPROPER PASSING""]","[""NOT OBSCURED""]",[],"[""IL""]","[""NONE""]",[],"[""O2164344""]","[""DRIVER""]","[""MEDICATED""]","[""SAFETY BELT USED""]","[""M""]","[""IL""]","[""2063167""]","[""60660""]",[],[],[],[],[],[],2025,10,19,5,True,evening,41.89,-87.63,41.89_-87.63,65.0,65,65,OTHER,0
STRAIGHT AND LEVEL,1651,2025-10-05 19:05:00,1,19,10,DACDE6D8A0AEE7B1658CCA48C8ADAA3B7100D5FA56EE27E89023A100255BB7C9779B9AA76421C8D91C9B71565E6538803BFF475654210F5320E6013C96D9B237,NO INJURY / DRIVE AWAY,"OVER $1,500",NO CONTROLS,REAR END,41.976201139,"DARKNESS, LIGHTED ROAD",-87.9053091251,2,30,FOLLOWING TOO CLOSELY,NO DEFECTS,DRY,NOT APPLICABLE,W,10000,NO CONTROLS,ONE-WAY,CLEAR,0.0,0.0,0.0,0.0,0.0,1.0,1,2,"[""Y""]",[],"[""Y""]","[""2025-10-05T19:05:00.000""]","[""2164375"", ""2164376""]","[""FRONT"", ""REAR""]","[""IL"", ""IN""]","[""SUBARU"", ""TOYOTA""]","[""STRAIGHT AHEAD""]","[""FORESTER"", ""SIENNA""]","[""1""]","[""W""]","[""1"", ""2""]","[""DRIVER""]","[""NONE""]","[""2063198"", ""2063207""]","[""PASSENGER""]","[""PERSONAL""]","[""2012"", ""2023""]",[],[],"[""Y""]",[],"[""N""]","[""Y""]",[],[],[],[],[],[],[],"[""Y""]","[""Y""]",[],"['18', '30']","[""DID NOT DEPLOY"", ""NOT APPLICABLE""]","[""TEST NOT OFFERED""]","[""CHICAGO"", ""GRANGER""]","[""2025-10-05T19:05:00.000""]","[""FOLLOWED TOO CLOSELY"", ""NONE""]","[""NOT OBSCURED""]","[""D""]","[""IL"", ""IN""]","[""NONE""]",[],"[""O2164375"", ""O2164376""]","[""DRIVER""]","[""NORMAL""]","[""SAFETY BELT USED""]","[""F"", ""M""]","[""IL"", ""IN""]","[""2063198"", ""2063207""]","[""46530"", ""60645""]",[],[],[],[],[],[],2025,10,19,5,True,evening,41.98,-87.91,41.98_-87.91,24.0,18,30,FOLLOWING TOO CLOSELY,0
STRAIGHT AND LEVEL,2013,2025-10-05 19:00:00,1,19,10,EBF578B2B0C2AB7BEB054946404563E869807AC54A9A33ADFB0BDE95FA2B910FA57B4CA82BFBAF186F1ED986A66031A8BC976972B1B9B47115F9F76B9DE2E24A,NO INJURY / DRIVE AWAY,"OVER $1,500",NO CONTROLS,SIDESWIPE SAME DIRECTION,41.989959784,DUSK,-87.6698470742,2,30,UNABLE TO DETERMINE,UNKNOWN,DRY,UNABLE TO DETERMINE,N,5951,NO CONTROLS,DIVIDED - W/MEDIAN (NOT RAISED),CLEAR,0.0,0.0,0.0,0.0,0.0,1.0,1,2,"[""Y""]","[""Y""]",[],"[""2025-10-05T19:00:00.000""]","[""2166067"", ""2166068""]","[""FRONT-RIGHT-CORNER"", ""SIDE-LEFT-REAR""]","[""IL""]","[""FORD"", ""MAZDA""]","[""PASSING/OVERTAKING"", ""SLOW/STOP IN TRAFFIC""]","[""CX-30"", ""ESCAPE""]","[""1""]","[""N""]","[""1"", ""2""]","[""DRIVER""]","[""UNKNOWN""]","[""2064812"", ""2064819""]","[""PASSENGER""]","[""PERSONAL""]","[""2019"", ""2021""]","[""Y""]",[],"[""Y""]",[],[],"[""Y""]",[],"[""Y""]","[""Y""]",[],[],"[""Y""]",[],[],[],[],"['63', '70']","[""DID NOT DEPLOY""]","[""TEST NOT OFFERED""]","[""CHICAGO"", ""EVANSTON""]","[""2025-10-05T19:00:00.000""]","[""IMPROPER LANE CHANGE"", ""UNKNOWN""]","[""UNKNOWN""]","[""D""]","[""IL""]","[""NONE""]",[],"[""O2166067"", ""O2166068""]","[""DRIVER""]","[""NORMAL"", ""UNKNOWN""]","[""USAGE UNKNOWN""]","[""F""]","[""IL""]","[""2064812"", ""2064819""]","[""60201"", ""60625""]",[],[],[],[],[],[],2025,10,19,5,True,evening,41.99,-87.67,41.99_-87.67,66.5,63,70,OTHER,0
STRAIGHT AND LEVEL,1633,2025-10-05 19:00:00,1,19,10,19B19D08F1B0FA6E1426D0C3070C4ABA561281CBC9CD1AB51155BEBE853CBE8C414028B3E7981418245700239E8D1BA57606E27DD35E8CBDE8FF31F9ACE81A97,NO INJURY / DRIVE AWAY,$500 OR LESS,NO CONTROLS,PARKED MOTOR VEHICLE,41.9406503617,"DARKNESS, LIGHTED ROAD",-87.7785843638,2,15,DRIVING SKILLS/KNOWLEDGE/EXPERIENCE,NO DEFECTS,DRY,NOT APPLICABLE,N,3313,NO CONTROLS,NOT DIVIDED,CLEAR,0.0,1.0,0.0,0.0,0.0,1.0,2,2,[],"[""Y""]",[],"[""2025-10-05T19:00:00.000""]","[""2164355"", ""2164356""]","[""SIDE-LEFT"", ""SIDE-RIGHT""]","[""IL""]","[""LEXUS"", ""NISSAN""]","[""PARKED"", ""STRAIGHT AHEAD""]","[""OTHER (EXPLAIN IN NARRATIVE)""]","[""0"", ""2""]","[""N""]","[""1"", ""2""]","[""DRIVER"", ""PARKED""]","[""UNKNOWN""]","[""2063182"", ""2063189""]","[""SPORT UTILITY VEHICLE (SUV)""]","[""PERSONAL""]","[""2007""]",[],[],[],[],[],[],[],[],"[""Y""]",[],"[""1""]",[],[],[],[],[],"['15', '16']","[""NOT APPLICABLE""]","[""TEST NOT OFFERED""]","[""CHICAGO""]","[""2025-10-05T19:00:00.000""]","[""OTHER""]","[""NOT OBSCURED""]",[],[],"[""NONE""]",[],"[""O2164355"", ""P477662""]","[""DRIVER"", ""PASSENGER""]","[""NORMAL""]","[""SAFETY BELT USED""]","[""M""]","[""IL""]","[""2063182""]","[""60634""]",[],"[""3""]",[],[],[],[],2025,10,19,5,True,evening,41.94,-87.78,41.94_-87.78,15.5,15,16,OTHER,0
STRAIGHT AND LEVEL,322,2025-10-05 18:59:00,1,18,10,04304404512E8788A9203C8B61743C4A56F88F8DF7DC3AC10655D3DF0CB06636676517E89B899966D59235C4E13AF259AE518794D3A4C7433B6ED841F7E700FF,NO INJURY / DRIVE AWAY,"OVER $1,500",NO CONTROLS,FIXED OBJECT,41.765848418,DARKNESS,-87.6136634282,1,15,UNABLE TO DETERMINE,NO DEFECTS,DRY,NOT APPLICABLE,E,440,NO CONTROLS,ALLEY,CLEAR,0.0,0.0,0.0,0.0,0.0,1.0,1,0,[],[],[],"[""2025-10-05T18:59:00.000""]","[""2164328""]","[""SIDE-RIGHT-REAR""]","[""IL""]","[""FORD""]","[""BACKING""]","[""EXPLORER""]","[""1""]","[""S""]","[""1""]","[""DRIVER""]","[""NONE""]","[""2063157""]","[""PASSENGER""]","[""POLICE""]",[],[],[],[],[],[],[],[],[],[],[],[],[],[],[],[],[],[],"[""DID NOT DEPLOY""]","[""TEST NOT OFFERED""]","[""CHICAGO""]","[""2025-10-05T18:59:00.000""]","[""OTHER""]","[""NOT OBSCURED""]",[],[],"[""NONE""]",[],"[""O2164328""]","[""DRIVER""]","[""NORMAL""]","[""SAFETY BELT USED""]","[""M""]","[""IL""]","[""2063157""]","[""60637""]",[],[],[],[],[],[],2025,10,18,5,True,afternoon,41.77,-87.61,41.77_-87.61,0.0,0,0,OTHER,0
STRAIGHT AND LEVEL,1432,2025-10-05 18:53:00,1,18,10,84A7321F1110FFD8B1DDE869FE33DA75F1926763990B77CA1B93A71B7DF4DDB4EBF5EF7D86C71D07D6D0701AD3EB2E3787901E8B1814C326E3353EB31B7CA680,NO INJURY / DRIVE AWAY,"OVER $1,500",FUNCTIONING PROPERLY,TURNING,41.9250608815,DAYLIGHT,-87.6839595142,2,30,UNABLE TO DETERMINE,NO DEFECTS,DRY,NOT APPLICABLE,W,2216,TRAFFIC SIGNAL,NOT DIVIDED,CLEAR,0.0,0.0,1.0,0.0,0.0,1.0,1,4,"[""Y""]","[""Y""]","[""Y""]","[""2025-10-05T18:53:00.000""]","[""2164322"", ""2164323""]","[""FRONT-LEFT-CORNER"", ""FRONT-RIGHT-CORNER""]","[""IL""]","[""HONDA"", ""TOYOTA""]","[""STRAIGHT AHEAD"", ""TURNING LEFT""]","[""ACCORD"", ""COROLLA""]","[""1"", ""3""]","[""E"", ""W""]","[""1"", ""2""]","[""DRIVER""]","[""NONE""]","[""2063151"", ""2063152""]","[""PASSENGER""]","[""PERSONAL""]","[""2010"", ""2015""]",[],[],"[""Y""]",[],[],[],[],[],"[""Y""]",[],"[""2""]",[],[],[],[],[],"['18', '19', '51', '54']","[""DID NOT DEPLOY"", ""NOT APPLICABLE""]","[""TEST NOT OFFERED""]","[""CHICAGO"", ""HIGHLAND PARK""]","[""2025-10-05T18:53:00.000""]","[""FAILED TO YIELD"", ""NONE""]","[""NOT OBSCURED""]","[""D""]","[""IL""]","[""NONE""]",[],"[""O2164322"", ""O2164323"", ""P477652"", ""P477653""]","[""DRIVER"", ""PASSENGER""]","[""NORMAL""]","[""USAGE UNKNOWN""]","[""F"", ""M""]","[""IL""]","[""2063151"", ""2063152""]","[""60035"", ""60647""]",[],"[""3"", ""4""]",[],[],[],[],2025,10,18,5,True,afternoon,41.93,-87.68,41.93_-87.68,35.5,18,54,OTHER,0
STRAIGHT AND LEVEL,1031,2025-10-05 18:50:00,1,18,10,8779D393A48296CDBA3E210FC5FAEDB489B108645D070C3A2FB3AE2E9ED1968787A17CD9298D82D67865CA420AF2642DA8B74455776C66D79C7EAFB4898C448F,NO INJURY / DRIVE AWAY,"OVER $1,500",FUNCTIONING PROPERLY,REAR END,41.8406551937,"DARKNESS, LIGHTED ROAD",-87.7245994693,2,30,UNABLE TO DETERMINE,UNKNOWN,DRY,UNABLE TO DETERMINE,S,2758,TRAFFIC SIGNAL,DIVIDED - W/MEDIAN (NOT RAISED),CLEAR,0.0,0.0,0.0,0.0,0.0,1.0,1,2,[],[],"[""Y""]","[""2025-10-05T18:50:00.000""]","[""2164325"", ""2164326""]","[""FRONT"", ""REAR""]","[""IL""]","[""FORD""]","[""STRAIGHT AHEAD""]","[""F250"", ""MUSTANG""]","[""1""]","[""S""]","[""1"", ""2""]","[""DRIVER""]","[""UNKNOWN""]","[""2063153"", ""2063155""]","[""PASSENGER"", ""PICKUP""]","[""OTHER"", ""PERSONAL""]","[""2022""]",[],[],[],[],[],[],[],[],[],[],[],[],[],[],"[""Y""]",[],"['22', '47']","[""DID NOT DEPLOY""]","[""TEST NOT OFFERED""]","[""CHICAGO""]","[""2025-10-05T18:50:00.000""]","[""NONE"", ""UNKNOWN""]","[""NOT OBSCURED""]","[""D""]","[""IL""]","[""NONE""]",[],"[""O2164325"", ""O2164326""]","[""DRIVER""]","[""NORMAL""]","[""SAFETY BELT USED""]","[""M""]","[""IL""]","[""2063153"", ""2063155""]","[""60623"", ""60639""]",[],[],[],[],[],[],2025,10,18,5,True,afternoon,41.84,-87.72,41.84_-87.72,34.5,22,47,OTHER,0
STRAIGHT AND LEVEL,1034,2025-10-05 18:48:00,1,18,10,A989B94954E9D97E258A4AEC0BFA93F8F60DEACC5B6ACC8A8785F10B8D8346C0BC6C9544DB46092EDFEAD98B4B59927CE4D9AE21715447A93FACC786A829DD23,INJURY AND / OR TOW DUE TO CRASH,"OVER $1,500",FUNCTIONING PROPERLY,ANGLE,41.8483004268,DAYLIGHT,-87.6905785772,2,30,DISREGARDING STOP SIGN,UNKNOWN,DRY,FAILING TO YIELD RIGHT-OF-WAY,S,2400,STOP SIGN/FLASHER,FOUR WAY,CLEAR,0.0,0.0,1.0,0.0,0.0,1.0,1,5,"[""Y""]","[""Y""]","[""Y""]","[""2025-10-05T18:48:00.000""]","[""2164386"", ""2164387""]","[""FRONT"", ""SIDE-LEFT""]","[""IL""]","[""HONDA"", ""UNKNOWN""]","[""STRAIGHT AHEAD""]","[""FIT"", ""OTHER (EXPLAIN IN NARRATIVE)""]","[""1"", ""4""]","[""E"", ""N""]","[""1"", ""2""]","[""DRIVER""]","[""UNKNOWN""]","[""2063211"", ""2063213""]","[""MOPED OR MOTORIZED BICYCLE"", ""PASSENGER""]","[""PERSONAL""]","[""2012"", ""2025""]","[""Y""]",[],"[""Y""]",[],[],[],[],"[""Y""]","[""Y""]",[],"[""3""]",[],[],[],[],[],"['16', '19', '34', '41', '9']","[""DID NOT DEPLOY"", ""NOT APPLICABLE""]","[""TEST NOT OFFERED""]","[""CHICAGO""]","[""2025-10-05T18:48:00.000""]","[""DISREGARDED CONTROL DEVICES"", ""NONE""]","[""UNKNOWN""]","[""D""]","[""IL""]","[""NONE""]","[""ST ANTHONY""]","[""O2164386"", ""O2164387"", ""P477673"", ""P477674"", ""P477675""]","[""DRIVER"", ""PASSENGER""]","[""NORMAL""]","[""HELMET NOT USED"", ""USAGE UNKNOWN""]","[""F"", ""M""]","[""IL""]","[""2063211"", ""2063213""]","[""60608"", ""60623""]",[],"[""3"", ""4"", ""6""]",[],[],[],[],2025,10,18,5,True,afternoon,41.85,-87.69,41.85_-87.69,23.8,9,41,OTHER,1
STRAIGHT AND LEVEL,821,2025-10-05 18:45:00,1,18,10,1DEF03D745080C83EEC89BEBC137691F037EC8921D3DB0D378ADEC04BEAD4F73D5DE4ED4D22E13597BF776A7A603F5D8B8E2E06B7C7907E7970CDF11FD6B8991,NO INJURY / DRIVE AWAY,"OVER $1,500",FUNCTIONING PROPERLY,REAR END,41.8081706082,UNKNOWN,-87.7086234781,2,30,DRIVING SKILLS/KNOWLEDGE/EXPERIENCE,UNKNOWN,UNKNOWN,NOT APPLICABLE,W,3400,TRAFFIC SIGNAL,NOT DIVIDED,CLEAR,0.0,0.0,0.0,0.0,0.0,1.0,1,2,"[""Y""]",[],[],"[""2025-10-05T18:45:00.000""]","[""2164701"", ""2164702""]","[""FRONT-LEFT-CORNER"", ""FRONT-RIGHT-CORNER""]","[""IL""]","[""JEEP"", ""TOYOTA""]","[""SLOW/STOP IN TRAFFIC"", ""STRAIGHT AHEAD""]","[""CHEROKEE"", ""RAV4""]","[""1""]","[""E""]","[""1"", ""2""]","[""DRIVER""]","[""NONE"", ""UNKNOWN""]","[""2063512"", ""2063515""]","[""SPORT UTILITY VEHICLE (SUV)""]","[""PERSONAL""]","[""2008"", ""2015""]",[],[],"[""N""]",[],[],"[""Y""]",[],[],[],[],[],[],[],[],[],[],"['31', '35']","[""DID NOT DEPLOY""]","[""TEST NOT OFFERED""]","[""CHICAGO""]","[""2025-10-05T18:45:00.000""]","[""OTHER""]","[""NOT OBSCURED""]",[],"[""IL""]","[""NONE""]",[],"[""O2164701"", ""O2164702""]","[""DRIVER""]","[""NORMAL""]","[""SAFETY BELT USED""]","[""F""]","[""IL""]","[""2063512"", ""2063515""]","[""60609"", ""60623""]",[],[],[],[],[],[],2025,10,18,5,True,afternoon,41.81,-87.71,41.81_-87.71,33.0,31,35,OTHER,0
STRAIGHT AND LEVEL,2211,2025-10-05 18:40:00,1,18,10,BE784EEA56AB1350A1F0762E6E60DE023953DC75EB4751BBADA839BAA1618D233BD20D636B06E2D1D58CC8E61AE73B300672310CE505C6969259EC1D41035D9B,NO INJURY / DRIVE AWAY,"OVER $1,500",NO CONTROLS,REAR TO REAR,41.7120121332,DUSK,-87.6819354084,2,30,IMPROPER BACKING,NO DEFECTS,DRY,UNABLE TO DETERMINE,S,9956,NO CONTROLS,DIVIDED - W/MEDIAN (NOT RAISED),CLEAR,0.0,0.0,0.0,0.0,0.0,1.0,1,1,[],[],[],"[""2025-10-05T18:40:00.000""]","[""2164342"", ""2164343""]","[""REAR-RIGHT-CORNER""]","[""IL""]","[""CHEVROLET"", ""JEEP""]","[""BACKING""]","[""GRAND CHEROKEE"", ""TRAX""]","[""1""]","[""N"", ""SE""]","[""1"", ""2""]","[""DRIVER""]","[""NONE""]","[""2063169"", ""2063172""]","[""PASSENGER""]","[""PERSONAL""]","[""2019"", ""2024""]",[],"[""N"", ""Y""]",[],[],[],[],[],[],[],[],[],[],[],"[""Y""]",[],[],['39'],"[""DID NOT DEPLOY""]","[""TEST NOT OFFERED""]","[""CHICAGO""]","[""2025-10-05T18:40:00.000""]","[""IMPROPER BACKING"", ""NONE""]","[""NOT OBSCURED""]","[""D""]","[""IL""]","[""NONE""]",[],"[""O2164342"", ""O2164343""]","[""DRIVER""]","[""NORMAL""]","[""SAFETY BELT USED""]","[""F""]","[""IL""]","[""2063169"", ""2063172""]","[""60655""]",[],[],[],[],[],[],2025,10,18,5,True,afternoon,41.71,-87.68,41.71_-87.68,39.0,39,39,OTHER,0
STRAIGHT AND LEVEL,731,2025-10-05 18:35:00,1,18,10,A48A4AF08FC3270FB59086FEB27B1828ED73C1AC21F184274B857DE373F533F92E78A9D27CFBD6C1605B00AED35CDBAD31CCBCBDE8B7D8F772A69698B06996F3,INJURY AND / OR TOW DUE TO CRASH,"$501 - $1,500",FUNCTIONING PROPERLY,REAR END,41.7653364471,"DARKNESS, LIGHTED ROAD",-87.6270918163,3,30,FAILING TO REDUCE SPEED TO AVOID CRASH,NO DEFECTS,DRY,FOLLOWING TOO CLOSELY,W,55,TRAFFIC SIGNAL,FOUR WAY,CLEAR,0.0,1.0,0.0,0.0,0.0,1.0,2,1,[],[],[],"[""2025-10-05T18:35:00.000""]","[""2164317"", ""2164318"", ""2164319""]","[""FRONT"", ""REAR""]","[""IL""]","[""FORD"", ""UNKNOWN""]","[""SLOW/STOP IN TRAFFIC"", ""STRAIGHT AHEAD""]","[""ESCAPE"", ""OTHER (EXPLAIN IN NARRATIVE)""]","[""0"", ""1""]","[""W""]","[""1"", ""2"", ""3""]","[""DRIVER"", ""DRIVERLESS""]","[""NONE"", ""UNKNOWN""]","[""2063146"", ""2063147"", ""2063149""]","[""PASSENGER"", ""SPORT UTILITY VEHICLE (SUV)"", ""TRUCK - SINGLE UNIT""]","[""NOT IN USE"", ""TOW TRUCK"", ""UNKNOWN/NA""]","[""2012"", ""2013""]",[],[],[],"[""private tow""]","[""Y""]","[""Y""]","[""Y""]",[],[],[],[],[],"[""Y""]","[""Y""]","[""Y""]","[""private tow""]",['49'],"[""DEPLOYMENT UNKNOWN"", ""DID NOT DEPLOY""]","[""TEST NOT OFFERED""]","[""CHICAGO""]","[""2025-10-05T18:35:00.000""]","[""NONE"", ""TOO FAST FOR CONDITIONS""]","[""NOT OBSCURED"", ""UNKNOWN""]","[""C""]","[""IL""]","[""NONE""]",[],"[""O2164317"", ""O2164319""]","[""DRIVER""]","[""NORMAL"", ""UNKNOWN""]","[""SAFETY BELT USED"", ""USAGE UNKNOWN""]","[""M""]","[""IL""]","[""2063146"", ""2063149""]","[""60628""]",[],[],[],[],[],[],2025,10,18,5,True,afternoon,41.77,-87.63,41.77_-87.63,49.0,49,49,SPEEDING,0
STRAIGHT ON GRADE,114,2025-10-05 18:30:00,1,18,10,B329F1B29428AF9F0303794E35B9A938661C3287739C7E238DD6387EDCF3F998BB93CD864E752943358510BD5C1C6580B7B3DEE758A4D64A933E69BC384B0EBA,NO INJURY / DRIVE AWAY,"$501 - $1,500",NO CONTROLS,SIDESWIPE SAME DIRECTION,41.8845479458,DAYLIGHT,-87.6235883436,2,30,UNABLE TO DETERMINE,UNKNOWN,DRY,NOT APPLICABLE,E,120,TRAFFIC SIGNAL,DIVIDED - W/MEDIAN BARRIER,CLEAR,0.0,1.0,0.0,0.0,0.0,1.0,1,1,[],[],[],"[""2025-10-05T18:30:00.000""]","[""2164373"", ""2164374""]","[""UNKNOWN""]","[""IL""]","[""TOYOTA"", ""UNKNOWN""]","[""STRAIGHT AHEAD"", ""UNKNOWN/NA""]","[""MOTORIZED"", ""SIENNA""]","[""1""]","[""W""]","[""1"", ""2""]","[""DRIVER""]","[""UNKNOWN""]","[""2063197"", ""2063202""]","[""UNKNOWN/NA""]","[""UNKNOWN/NA""]","[""2024""]",[],[],[],[],[],[],"[""Y""]",[],[],"[""N""]",[],[],[],[],[],[],['57'],"[""DEPLOYMENT UNKNOWN"", ""NOT APPLICABLE""]","[""TEST NOT OFFERED""]","[""LINDENHURST""]","[""2025-10-05T18:30:00.000""]","[""UNKNOWN""]","[""UNKNOWN""]","[""D""]","[""IL""]","[""NONE""]",[],"[""O2164373"", ""O2164374""]","[""DRIVER""]","[""UNKNOWN""]","[""USAGE UNKNOWN""]","[""M""]","[""IL""]","[""2063197"", ""2063202""]","[""60046""]",[],[],[],[],[],[],2025,10,18,5,True,afternoon,41.88,-87.62,41.88_-87.62,57.0,57,57,OTHER,0
STRAIGHT AND LEVEL,114,2025-10-05 18:20:00,1,18,10,CC55B559948F734245B35392B159010445533C72754593477A53385D9349D3ED82B62DD4E46311EBAF66D4C83E6C610C94B4A82CF8BAD8904E865C5063E3FCBE,NO INJURY / DRIVE AWAY,"OVER $1,500",FUNCTIONING PROPERLY,REAR END,41.8843598552,DAYLIGHT,-87.6244448142,2,35,UNABLE TO DETERMINE,NO DEFECTS,DRY,NOT APPLICABLE,E,101,TRAFFIC SIGNAL,FOUR WAY,CLEAR,0.0,0.0,1.0,0.0,0.0,1.0,1,0,[],[],[],"[""2025-10-05T18:20:00.000""]","[""2167142"", ""2167143""]","[""REAR"", ""UNKNOWN""]","[""IL"", ""IN""]","[""FORD"", ""TOYOTA""]","[""OTHER"", ""STRAIGHT AHEAD""]","[""MUSTANG"", ""SIENNA""]","[""1""]","[""W""]","[""1"", ""2""]","[""DRIVER""]","[""NONE""]","[""2065804"", ""2065805""]","[""PASSENGER""]","[""RIDESHARE SERVICE"", ""UNKNOWN/NA""]","[""2024""]",[],[],[],[],[],"[""Y""]","[""Y""]",[],[],[],[],[],[],[],[],[],[],"[""NOT APPLICABLE""]","[""TEST NOT OFFERED""]",[],"[""2025-10-05T18:20:00.000""]","[""NONE"", ""OTHER""]","[""NOT OBSCURED"", ""UNKNOWN""]",[],"[""IL""]","[""NONE""]",[],"[""O2167142"", ""O2167143""]","[""DRIVER""]","[""NORMAL"", ""UNKNOWN""]","[""SAFETY BELT USED"", ""USAGE UNKNOWN""]","[""M""]",[],"[""2065804"", ""2065805""]",[],[],[],[],[],[],[],2025,10,18,5,True,afternoon,41.88,-87.62,41.88_-87.62,0.0,0,0,OTHER,0
STRAIGHT AND LEVEL,1935,2025-10-05 18:07:00,1,18,10,F3801BCFCFB3B42F5B511AFDA07E090DFDAFD8B0837FB39340E25C368CBBBA1A0B798F056ECF2069514AF86BF225A4ADDAAD5948E0DF60E86318E3C8AF26680F,NO INJURY / DRIVE AWAY,"$501 - $1,500",NO CONTROLS,PARKED MOTOR VEHICLE,41.9324600354,"DARKNESS, LIGHTED ROAD",-87.6491496097,2,10,NOT APPLICABLE,UNKNOWN,DRY,NOT APPLICABLE,N,2730,NO CONTROLS,PARKING LOT,CLEAR,1.0,0.0,0.0,0.0,0.0,1.0,1,0,[],[],[],"[""2025-10-05T18:07:00.000""]","[""2164310"", ""2164311""]","[""SIDE-LEFT"", ""SIDE-RIGHT-REAR""]","[""IL""]","[""LEXUS"", ""MAZDA""]","[""PARKED""]","[""CX-9"", ""RX""]","[""0""]","[""E""]","[""1"", ""2""]","[""PARKED""]","[""UNKNOWN""]","[""2063140"", ""2063143""]","[""SPORT UTILITY VEHICLE (SUV)""]","[""UNKNOWN/NA""]","[""2018"", ""2022""]",[],"[""Y""]",[],[],[],[],[],[],[],[],[],"[""Y""]",[],[],[],[],[],"[""DID NOT DEPLOY""]","[""TEST NOT OFFERED""]","[""CHICAGO""]","[""2025-10-07T08:00:00.000""]","[""UNKNOWN""]","[""UNKNOWN""]","[""D""]","[""IL""]","[""NONE""]",[],"[""O2161905"", ""O2161906""]","[""DRIVER""]","[""NORMAL""]","[""USAGE UNKNOWN""]","[""F"", ""M""]","[""IL""]",[],[],[],[],[],[],[],[],2025,10,18,5,True,afternoon,41.93,-87.65,41.93_-87.65,0.0,0,0,OTHER,0