alignment,beat_of_occurrence,crash_date,crash_day_of_week,crash_hour,crash_month,crash_record_id,crash_type,damage,device_condition,first_crash_type,latitude,lighting_condition,longitude,num_units,posted_speed_limit,prim_contributory_cause,road_defect,roadway_surface_cond,sec_contributory_cause,street_direction,street_no,traffic_control_device,trafficway_type,weather_condition,private_property_i,hit_and_run_i,intersection_related_i,crash_date_est_i,work_zone_i,workers_present_i,veh_count,ppl_count,veh_area_01_i_list_json,veh_area_02_i_list_json,veh_area_12_i_list_json,veh_crash_date_list_json,veh_crash_unit_id_list_json,veh_first_contact_point_list_json,veh_lic_plate_state_list_json,veh_make_list_json,veh_maneuver_list_json,veh_model_list_json,veh_occupant_cnt_list_json,veh_travel_direction_list_json,veh_unit_no_list_json,veh_unit_type_list_json,veh_vehicle_defect_list_json,veh_vehicle_id_list_json,veh_vehicle_type_list_json,veh_vehicle_use_list_json,veh_vehicle_year_list_json,veh_area_03_i_list_json,veh_area_04_i_list_json,veh_area_11_i_list_json,veh_towed_by_list_json,veh_towed_i_list_json,veh_area_07_i_list_json,veh_area_99_i_list_json,veh_area_09_i_list_json,veh_area_10_i_list_json,veh_cmrc_veh_i_list_json,veh_num_passengers_list_json,veh_area_08_i_list_json,veh_area_00_i_list_json,veh_area_05_i_list_json,veh_area_06_i_list_json,veh_towed_to_list_json,ppl_age_list_json,ppl_airbag_deployed_list_json,ppl_bac_result_list_json,ppl_city_list_json,ppl_crash_date_list_json,ppl_driver_action_list_json,ppl_driver_vision_list_json,ppl_drivers_license_class_list_json,ppl_drivers_license_state_list_json,ppl_ejection_list_json,ppl_hospital_list_json,ppl_person_id_list_json,ppl_person_type_list_json,ppl_physical_condition_list_json,ppl_safety_equipment_list_json,ppl_sex_list_json,ppl_state_list_json,ppl_vehicle_id_list_json,ppl_zipcode_list_json,ppl_ems_agency_list_json,ppl_seat_no_list_json,ppl_pedpedal_action_list_json,ppl_pedpedal_location_list_json,ppl_pedpedal_visibility_list_json,ppl_ems_run_no_list_json,year,month,hour,day,is_weekend,hour_bin,lat_bin,lng_bin,grid_id,ppl_age_mean,ppl_age_min,ppl_age_max,prim_contributory_cause_group,ksi_flag
STRAIGHT AND LEVEL,1032,2025-10-05 18:00:00,1,18,10,A8CB11857F7521E5C32ED15C44B0D88378E39193BBBC38C0A0BCB32F72CD314E3EED067E2F6DABFC32D736576152F07661BB02D563F31FE5B492B0D4CC99B59A,NO INJURY / DRIVE AWAY,"OVER $1,500",NO CONTROLS,SIDESWIPE SAME DIRECTION,41.8391477252,DAYLIGHT,-87.7050239564,2,30,UNABLE TO DETERMINE,UNKNOWN,DRY,UNABLE TO DETERMINE,S,2856,NO CONTROLS,DIVIDED - W/MEDIAN (NOT RAISED),CLEAR,0.0,0.0,0.0,0.0,0.0,1.0,1,3,"[""Y""]",[],[],"[""2025-10-05T18:00:00.000""]","[""2164296"", ""2164297""]","[""FRONT-RIGHT-CORNER"", ""SIDE-LEFT""]","[""IL""]","[""JAGUAR"", ""PORSCHE""]","[""STRAIGHT AHEAD""]","[""CAYENNE"", ""XE""]","[""1"", ""2""]","[""S""]","[""1"", ""2""]","[""DRIVER""]","[""UNKNOWN""]","[""2063123"", ""2063128""]","[""PASSENGER"", ""SPORT UTILITY VEHICLE (SUV)""]","[""PERSONAL""]","[""2017"", ""2023""]",[],[],[],[],[],"[""Y""]",[],"[""Y""]",[],[],"[""1""]","[""Y""]",[],[],[],[],"['21', '27', '34']","[""DID NOT DEPLOY""]","[""TEST NOT OFFERED""]","[""CHICAGO"", ""PLAINFIELD""]","[""2025-10-05T18:00:00.000""]","[""NONE"", ""UNKNOWN""]","[""NOT OBSCURED"", ""UNKNOWN""]","[""D""]","[""IL""]","[""NONE""]",[],"[""O2164296"", ""O2164297"", ""P477644""]","[""DRIVER"", ""PASSENGER""]","[""NORMAL""]","[""SAFETY BELT USED""]","[""M""]","[""IL""]","[""2063123"", ""2063128""]","[""60585"", ""60623"", ""60652""]",[],"[""3""]",[],[],[],[],2025,10,18,5,True,afternoon,41.84,-87.71,41.84_-87.71,27.333333333333332,21,34,OTHER,0
STRAIGHT AND LEVEL,1733,2025-10-05 18:00:00,1,18,10,7628924DC35552A6917CA7DDA5A07CFD67973EB3C05C889A11DC14A6D0D04BB6791291CB7789B5826EDAC97BD2B064BC9B37C3A29A50CBC07F0D6B959417291B,NO INJURY / DRIVE AWAY,"OVER $1,500",NO CONTROLS,PARKED MOTOR VEHICLE,41.9503917647,UNKNOWN,-87.7076200106,2,30,UNABLE TO DETERMINE,UNKNOWN,UNKNOWN,NOT APPLICABLE,W,3152,NO CONTROLS,NOT DIVIDED,CLEAR,0.0,1.0,0.0,1.0,0.0,1.0,2,0,"[""N"", ""Y""]","[""N"", ""Y""]",[],"[""2025-10-05T18:00:00.000""]","[""2164681"", ""2164682""]","[""SIDE-RIGHT-FRONT"", ""UNKNOWN""]","[""IL""]","[""FORD"", ""UNKNOWN""]","[""PARKED"", ""UNKNOWN/NA""]","[""EXPLORER"", ""OTHER (EXPLAIN IN NARRATIVE)""]","[""0"", ""1""]","[""UNKNOWN""]","[""1"", ""2""]","[""DRIVER"", ""PARKED""]","[""UNKNOWN""]","[""2063489"", ""2063493""]","[""PASSENGER"", ""UNKNOWN/NA""]","[""UNKNOWN/NA""]",[],[],[],[],[],[],[],"[""Y""]",[],[],[],[],[],[],[],[],[],[],"[""DEPLOYMENT UNKNOWN""]","[""TEST NOT OFFERED""]",[],"[""2025-10-05T18:00:00.000""]","[""UNKNOWN""]","[""UNKNOWN""]",[],[],"[""NONE""]",[],"[""O2164681""]","[""DRIVER""]","[""UNKNOWN""]","[""USAGE UNKNOWN""]","[""X""]",[],"[""2063489""]",[],[],[],[],[],[],[],2025,10,18,5,True,afternoon,41.95,-87.71,41.95_-87.71,0.0,0,0,OTHER,0
STRAIGHT AND LEVEL,834,2025-10-05 18:00:00,1,18,10,AC4809A10254CEA15B4864E921361243A088E4981883E29F2655EA809EA4DCC4770FBB96DFEC11EB5C2CC7AA54BD50F6E42C4D0F86C3EC1C6FC47E6EA691E027,NO INJURY / DRIVE AWAY,"OVER $1,500",NO CONTROLS,PARKED MOTOR VEHICLE,41.7409110654,DAYLIGHT,-87.7409228594,2,15,UNABLE TO DETERMINE,NO DEFECTS,DRY,UNABLE TO DETERMINE,S,8333,NO CONTROLS,PARKING LOT,CLEAR,0.0,1.0,0.0,0.0,0.0,1.0,2,0,"[""Y""]","[""Y""]",[],"[""2025-10-05T18:00:00.000""]","[""2164555"", ""2164556""]","[""SIDE-RIGHT"", ""UNKNOWN""]","[""IL"", ""XX""]","[""CHEVROLET"", ""UNKNOWN""]","[""PARKED"", ""UNKNOWN/NA""]","[""EQUINOX"", ""OTHER (EXPLAIN IN NARRATIVE)""]","[""0"", ""1""]","[""UNKNOWN"", ""W""]","[""1"", ""2""]","[""DRIVER"", ""PARKED""]","[""NONE"", ""UNKNOWN""]","[""2063368"", ""2063370""]","[""SPORT UTILITY VEHICLE (SUV)"", ""UNKNOWN/NA""]","[""NOT IN USE"", ""UNKNOWN/NA""]","[""2024""]","[""Y""]","[""Y""]",[],[],[],[],"[""Y""]",[],[],[],[],[],[],"[""Y""]",[],[],[],"[""DID NOT DEPLOY""]","[""TEST NOT OFFERED""]",[],"[""2025-10-05T18:00:00.000""]","[""UNKNOWN""]","[""NOT OBSCURED""]",[],"[""XX""]","[""NONE""]","[""DNA""]","[""O2164555""]","[""DRIVER""]","[""UNKNOWN""]","[""USAGE UNKNOWN""]","[""X""]",[],"[""2063368""]",[],"[""DNA""]",[],[],[],[],[],2025,10,18,5,True,afternoon,41.74,-87.74,41.74_-87.74,0.0,0,0,OTHER,0
STRAIGHT AND LEVEL,811,2025-10-05 17:50:00,1,17,10,B19105EEEED73CA6647C0B31443B73059937D87CC05DF5FA839C9B69ABADFC4459C83785ADCFF157220FB4135032E04DAF723E2509698EB44C9E438E63DB0FCE,NO INJURY / DRIVE AWAY,"OVER $1,500",FUNCTIONING PROPERLY,TURNING,41.7923208488,DAYLIGHT,-87.7807603516,2,35,FAILING TO REDUCE SPEED TO AVOID CRASH,NO DEFECTS,DRY,NOT APPLICABLE,S,5500,TRAFFIC SIGNAL,NOT DIVIDED,CLEAR,0.0,1.0,1.0,0.0,0.0,1.0,1,1,"[""Y""]",[],"[""Y""]","[""2025-10-05T17:50:00.000""]","[""2164286"", ""2164287""]","[""FRONT"", ""REAR""]","[""IL""]","[""FORD"", ""UNKNOWN""]","[""STRAIGHT AHEAD"", ""TURNING LEFT""]","[""MOTORIZED"", ""TRANSIT""]","[""1""]","[""E""]","[""1"", ""2""]","[""DRIVER""]","[""NONE"", ""UNKNOWN""]","[""2063113"", ""2063115""]","[""PASSENGER"", ""VAN/MINI-VAN""]","[""PERSONAL""]","[""2014""]",[],[],"[""Y""]",[],[],"[""Y""]",[],[],[],[],[],[],[],"[""Y""]","[""Y""]",[],['24'],"[""DEPLOYMENT UNKNOWN"", ""NOT APPLICABLE""]","[""TEST NOT OFFERED""]","[""LAKE IN THE HILLS""]","[""2025-10-05T17:50:00.000""]","[""FAILED TO YIELD"", ""NONE""]","[""NOT OBSCURED"", ""UNKNOWN""]","[""D""]","[""IL""]","[""NONE""]",[],"[""O2164286"", ""O2164287""]","[""DRIVER""]","[""NORMAL"", ""UNKNOWN""]","[""SAFETY BELT USED"", ""USAGE UNKNOWN""]","[""M"", ""X""]","[""IL""]","[""2063113"", ""2063115""]","[""60156""]",[],[],[],[],[],[],2025,10,17,5,True,afternoon,41.79,-87.78,41.79_-87.78,24.0,24,24,SPEEDING,0
STRAIGHT AND LEVEL,1532,2025-10-05 17:50:00,1,17,10,BB6CDC74D7481E371DE6F5571403041B407FFF9A6EF125EA1AF492CA44CD280F26625310BB87C2A45B156ABB66FF0FFE0D9DCF7266D93A2CA599EE8B090254DC,INJURY AND / OR TOW DUE TO CRASH,"OVER $1,500",NO CONTROLS,PEDESTRIAN,41.891450046,DAYLIGHT,-87.750076569,2,30,"VISION OBSCURED (SIGNS, TREE LIMBS, BUILDINGS, ETC.)",NO DEFECTS,DRY,NOT APPLICABLE,W,4948,NO CONTROLS,ONE-WAY,CLEAR,0.0,0.0,0.0,0.0,0.0,1.0,2,4,[],[],"[""Y""]","[""2025-10-05T17:50:00.000""]","[""2182811"", ""2182812""]","[""FRONT-LEFT-CORNER""]","[""IL""]","[""NISSAN""]","[""STRAIGHT AHEAD""]","[""ALTIMA""]","[""3""]","[""E""]","[""1"", ""2""]","[""DRIVER"", ""PEDESTRIAN""]","[""NONE""]","[""2080691""]","[""PASSENGER""]","[""PERSONAL""]","[""2020""]",[],[],"[""Y""]",[],[],[],[],[],[],[],"[""2""]",[],[],[],[],[],"['1', '20', '22', '9']","[""NOT APPLICABLE""]","[""TEST NOT OFFERED""]","[""CHICAGO""]","[""2025-10-05T17:50:00.000""]","[""OTHER""]","[""NOT OBSCURED""]",[],"[""IL""]","[""NONE""]","[""STROGER""]","[""O2182811"", ""O2182812"", ""P481500"", ""P481501""]","[""DRIVER"", ""PASSENGER"", ""PEDESTRIAN""]","[""NORMAL""]","[""CHILD RESTRAINT - FORWARD FACING"", ""NONE PRESENT""]","[""F"", ""M""]","[""IL""]","[""2080691""]","[""60644""]","[""CFD""]","[""12"", ""3""]","[""CROSSING - NO CONTROLS (NOT AT INTERSECTION)""]","[""IN ROADWAY""]","[""NO CONTRASTING CLOTHING""]",[],2025,10,17,5,True,afternoon,41.89,-87.75,41.89_-87.75,13.0,1,22,LIGHTING/VISIBILITY,1
STRAIGHT AND LEVEL,322,2025-10-05 17:45:00,1,17,10,61EE98A82027D5D882CEE9E1072D87BAAFFC6A5D8366147D6EBDB03937DB26B3A71E991006F6744E5B8B9D05C4A37A249B94AD7A822E75EE4794D80997ED8FF5,INJURY AND / OR TOW DUE TO CRASH,"OVER $1,500",FUNCTIONING PROPERLY,SIDESWIPE SAME DIRECTION,41.7655630071,DAYLIGHT,-87.6249370408,2,30,DISREGARDING TRAFFIC SIGNALS,UNKNOWN,DRY,NOT APPLICABLE,W,2,TRAFFIC SIGNAL,FOUR WAY,CLEAR,0.0,0.0,1.0,0.0,0.0,1.0,1,4,"[""Y""]","[""Y""]",[],"[""2025-10-05T17:45:00.000""]","[""2164320"", ""2164321""]","[""FRONT-LEFT-CORNER"", ""SIDE-RIGHT-REAR""]","[""IL"", ""IN""]","[""LINCOLN"", ""TOYOTA""]","[""STRAIGHT AHEAD""]","[""HIGHLANDER"", ""OTHER (EXPLAIN IN NARRATIVE)""]","[""3"", ""4""]","[""E""]","[""1"", ""2""]","[""DRIVER""]","[""UNKNOWN""]","[""2063150"", ""2063154""]","[""SPORT UTILITY VEHICLE (SUV)""]","[""PERSONAL""]","[""2013"", ""2015""]","[""Y""]","[""Y""]","[""Y""]","[""PRIVATE TOW""]","[""Y""]",[],[],[],[],[],"[""2"", ""3""]",[],[],[],[],"[""UNKNOWN LOCATION""]","['12', '3', '36', '4']","[""NOT APPLICABLE""]","[""TEST NOT OFFERED""]","[""CHICAGO""]","[""2025-10-05T17:45:00.000""]","[""DISREGARDED CONTROL DEVICES"", ""NONE""]","[""NOT OBSCURED"", ""OTHER""]","[""D""]","[""IL""]","[""NONE""]","[""ST BENARDS""]","[""O2164320"", ""O2164321"", ""P477649"", ""P477650"", ""P477651"", ""P477654"", ""P477655""]","[""DRIVER"", ""PASSENGER""]","[""NORMAL""]","[""USAGE UNKNOWN""]","[""F"", ""M""]","[""IL""]","[""2063150"", ""2063154""]","[""60619"", ""60624""]","[""CFD""]","[""3"", ""4"", ""5"", ""6""]",[],[],[],[],2025,10,17,5,True,afternoon,41.77,-87.62,41.77_-87.62,13.75,3,36,OTHER,1
STRAIGHT AND LEVEL,2012,2025-10-05 17:40:00,1,17,10,9C93A00F536D3EAA566C4D0C65455D084774700359C1199BA0E9CF1DEDF966A8174C7272DCC3B334F7D06C80C5D72445BED1E9CBA7EBEF259109B6FB5A5F59F0,NO INJURY / DRIVE AWAY,$500 OR LESS,FUNCTIONING PROPERLY,SIDESWIPE SAME DIRECTION,41.9890201931,UNKNOWN,-87.6700662495,2,20,UNABLE TO DETERMINE,UNKNOWN,UNKNOWN,NOT APPLICABLE,N,5920,TRAFFIC SIGNAL,DIVIDED - W/MEDIAN (NOT RAISED),CLEAR,0.0,0.0,0.0,0.0,0.0,1.0,1,2,[],[],[],"[""2025-10-05T17:40:00.000""]","[""2165786"", ""2165787""]","[""SIDE-LEFT"", ""UNKNOWN""]","[""IL""]","[""FORD"", ""MAZDA""]","[""STRAIGHT AHEAD""]","[""CX-30"", ""OTHER (EXPLAIN IN NARRATIVE)""]","[""1""]","[""N""]","[""1"", ""2""]","[""DRIVER""]","[""NONE""]","[""2064544"", ""2064546""]","[""PASSENGER""]","[""PERSONAL""]","[""2019"", ""2021""]",[],[],[],[],[],[],[],[],"[""Y""]",[],[],[],"[""Y""]",[],[],[],"['63', '70']","[""NOT APPLICABLE""]","[""TEST NOT OFFERED""]","[""CHICAGO"", ""EVANSTON""]","[""2025-10-05T17:40:00.000""]","[""UNKNOWN""]","[""UNKNOWN""]","[""D""]","[""IL""]","[""NONE""]",[],"[""O2165786"", ""O2165787""]","[""DRIVER""]","[""UNKNOWN""]","[""SAFETY BELT USED"", ""USAGE UNKNOWN""]","[""F""]","[""IL""]","[""2064544"", ""2064546""]","[""60201"", ""60625""]",[],[],[],[],[],[],2025,10,17,5,True,afternoon,41.99,-87.67,41.99_-87.67,66.5,63,70,OTHER,0
STRAIGHT AND LEVEL,1513,2025-10-05 17:34:00,1,17,10,9945A8367FBA1F7A0BA96C9EA71B254E1A4F36968B4C61240197AC439BB1539F46C109FB1E1E17F5D501674E7777F6FFD3A8D4BF137DC24D63D3170BABD83B4A,INJURY AND / OR TOW DUE TO CRASH,"OVER $1,500",NO CONTROLS,FIXED OBJECT,41.8772149219,DAYLIGHT,-87.7676495824,1,30,UNDER THE INFLUENCE OF ALCOHOL/DRUGS (USE WHEN ARREST IS EFFECTED),NO DEFECTS,DRY,NOT APPLICABLE,W,5670,NO CONTROLS,DIVIDED - W/MEDIAN (NOT RAISED),CLEAR,0.0,0.0,0.0,0.0,0.0,1.0,1,1,"[""Y""]",[],"[""Y""]","[""2025-10-05T17:34:00.000""]","[""2164327""]","[""FRONT""]","[""IL""]","[""NISSAN""]","[""STRAIGHT AHEAD""]","[""ROGUE""]","[""1""]","[""W""]","[""1""]","[""DRIVER""]","[""UNKNOWN""]","[""2063158""]","[""SPORT UTILITY VEHICLE (SUV)""]","[""PERSONAL""]","[""2019""]",[],[],"[""Y""]","[""SS: 066428""]","[""Y""]",[],[],[],[],[],[],[],[],[],[],[],['54'],"[""DEPLOYED, SIDE""]","[""TEST TAKEN""]","[""CHICAGO""]","[""2025-10-05T17:34:00.000""]","[""OTHER""]","[""UNKNOWN""]","[""D""]","[""WI""]","[""NONE""]","[""MT. SINAI""]","[""O2164327""]","[""DRIVER""]","[""IMPAIRED - ALCOHOL""]","[""USAGE UNKNOWN""]","[""F""]","[""IL""]","[""2063158""]","[""53210""]","[""CFD AMBULANCE 23""]",[],[],[],[],[],2025,10,17,5,True,afternoon,41.88,-87.77,41.88_-87.77,54.0,54,54,DUI/IMPAIRMENT,1
STRAIGHT AND LEVEL,332,2025-10-05 17:30:00,1,17,10,FFF1CFDEAF182EB5A5CB2B151382FE458C8FB0E5AACB27AF0FEDE23CF7D344FD33AE98BD7250135B841B2469D647F92D5A540EB727AC40966FCCF112199C5DFA,NO INJURY / DRIVE AWAY,"OVER $1,500",FUNCTIONING PROPERLY,PARKED MOTOR VEHICLE,41.7698395626,DARKNESS,-87.5832808504,2,30,UNABLE TO DETERMINE,NO DEFECTS,DRY,NOT APPLICABLE,E,1710,NO CONTROLS,ONE-WAY,CLEAR,0.0,1.0,0.0,0.0,0.0,1.0,2,0,"[""Y""]","[""Y""]",[],"[""2025-10-05T17:30:00.000""]","[""2165547"", ""2165548""]","[""SIDE-LEFT"", ""UNKNOWN""]","[""IL""]","[""CHEVROLET"", ""JEEP""]","[""PARKED"", ""STRAIGHT AHEAD""]","[""EQUINOX"", ""JEEP""]","[""0"", ""1""]","[""E""]","[""1"", ""2""]","[""DRIVER"", ""PARKED""]","[""UNKNOWN""]","[""2064294"", ""2064303""]","[""SPORT UTILITY VEHICLE (SUV)""]","[""PERSONAL""]","[""2012"", ""2016""]","[""Y""]","[""Y""]",[],[],[],[],[],[],[],[],[],[],[],"[""Y""]",[],[],[],"[""DEPLOYMENT UNKNOWN""]","[""TEST NOT OFFERED""]",[],"[""2025-10-05T17:30:00.000""]","[""UNKNOWN""]","[""UNKNOWN""]",[],[],"[""NONE""]",[],"[""O2165547""]","[""DRIVER""]","[""UNKNOWN""]","[""USAGE UNKNOWN""]","[""F""]",[],"[""2064303""]",[],[],[],[],[],[],[],2025,10,17,5,True,afternoon,41.77,-87.58,41.77_-87.58,0.0,0,0,OTHER,0
STRAIGHT AND LEVEL,235,2025-10-05 17:30:00,1,17,10,3072BE6117BBD3B1793FAA74CA3A3B9AA4D9574BE6F89D2E4675E1200BCE4517FC06CA3EC1B4CC811A371A338E71FD1130B8701551A32B9BD253A25993C26EDC,NO INJURY / DRIVE AWAY,"OVER $1,500",NO CONTROLS,PARKED MOTOR VEHICLE,41.7942545139,DAYLIGHT,-87.5826617175,2,30,UNABLE TO DETERMINE,NO DEFECTS,DRY,UNABLE TO DETERMINE,S,5532,NO CONTROLS,NOT DIVIDED,CLEAR,0.0,1.0,0.0,1.0,0.0,1.0,2,0,"[""Y""]",[],"[""Y""]","[""2025-10-05T17:30:00.000""]","[""2164588"", ""2164589""]","[""FRONT"", ""UNKNOWN""]","[""IL"", ""VA""]","[""FORD"", ""UNKNOWN""]","[""PARKED"", ""UNKNOWN/NA""]","[""F150"", ""MOTORIZED""]","[""0"", ""1""]","[""E"", ""UNKNOWN""]","[""1"", ""2""]","[""DRIVER"", ""PARKED""]","[""NONE"", ""UNKNOWN""]","[""2063402"", ""2063406""]","[""PICKUP"", ""UNKNOWN/NA""]","[""NOT IN USE"", ""UNKNOWN/NA""]","[""2011""]",[],[],"[""Y""]",[],[],[],"[""Y""]",[],[],[],[],[],[],[],[],[],[],"[""DEPLOYMENT UNKNOWN""]","[""TEST NOT OFFERED""]",[],"[""2025-10-05T17:30:00.000""]","[""UNKNOWN""]","[""UNKNOWN""]",[],[],"[""NONE""]",[],"[""O2164588""]","[""DRIVER""]","[""UNKNOWN""]","[""USAGE UNKNOWN""]","[""X""]",[],"[""2063402""]",[],[],[],[],[],[],[],2025,10,17,5,True,afternoon,41.79,-87.58,41.79_-87.58,0.0,0,0,OTHER,0
STRAIGHT AND LEVEL,322,2025-10-05 17:26:00,1,17,10,229579C2ABCFD0EFA13810EE127A2E431B905E8D221F428065FBF2E6E22AD12893B2789F7EE38B4B9CF3DDAD13D5C1FE81EC28108AEACAAD592CECFD93C43D33,INJURY AND / OR TOW DUE TO CRASH,"OVER $1,500",FUNCTIONING PROPERLY,REAR END,41.7673305313,DAYLIGHT,-87.6199922264,2,30,FOLLOWING TOO CLOSELY,NO DEFECTS,DRY,FOLLOWING TOO CLOSELY,E,203,TRAFFIC SIGNAL,NOT DIVIDED,CLEAR,0.0,0.0,0.0,0.0,0.0,1.0,1,2,"[""Y""]",[],"[""Y""]","[""2025-10-05T17:26:00.000""]","[""2173324"", ""2173325""]","[""FRONT"", ""REAR""]","[""IL""]","[""FORD"", ""HONDA""]","[""STRAIGHT AHEAD""]","[""BRONCO / BRONCO II"", ""CIVIC""]","[""1"", ""2""]","[""W""]","[""1"", ""2""]","[""DRIVER""]","[""BRAKES"", ""UNKNOWN""]","[""2071667"", ""2071668""]","[""PASSENGER"", ""SPORT UTILITY VEHICLE (SUV)""]","[""PERSONAL""]","[""2006"", ""2024""]",[],[],"[""Y""]","[""CPD""]","[""Y""]","[""Y""]",[],[],[],[],"[""1""]",[],[],"[""Y""]","[""Y""]","[""DOTY ROAD""]","['19', '71']","[""DID NOT DEPLOY""]","[""TEST NOT OFFERED""]","[""CHICAGO""]","[""2025-10-05T17:26:00.000""]","[""FOLLOWED TOO CLOSELY"", ""NONE""]","[""UNKNOWN""]","[""D""]","[""IL""]","[""NONE""]",[],"[""O2173324"", ""O2173325"", ""P479510""]","[""DRIVER"", ""PASSENGER""]","[""NORMAL""]","[""USAGE UNKNOWN""]","[""F""]","[""IL""]","[""2071667"", ""2071668""]","[""60628"", ""60637""]",[],"[""3""]",[],[],[],[],2025,10,17,5,True,afternoon,41.77,-87.62,41.77_-87.62,45.0,19,71,FOLLOWING TOO CLOSELY,0
STRAIGHT AND LEVEL,1712,2025-10-05 17:24:00,1,17,10,85CB83B17500572A2696D22D8C0F99F1404555B99CE92783168C5EBF18B4C263228D249F6B440F6F10922B9CB834EB0CDC191E0E7FAA4357BBADEBD56CC07103,INJURY AND / OR TOW DUE TO CRASH,"OVER $1,500",NO CONTROLS,PARKED MOTOR VEHICLE,41.9827164645,DAYLIGHT,-87.7278199283,3,30,UNABLE TO DETERMINE,NO DEFECTS,DRY,UNABLE TO DETERMINE,W,3945,NO CONTROLS,NOT DIVIDED,CLEAR,0.0,0.0,0.0,0.0,0.0,1.0,2,1,[],[],[],"[""2025-10-05T17:24:00.000""]","[""2164816"", ""2164817"", ""2164818""]","[""REAR-LEFT-CORNER"", ""UNKNOWN""]","[""IL""]","[""FORD"", ""MERCEDES-BENZ""]","[""PARKED"", ""STRAIGHT AHEAD""]","[""ESCAPE"", ""FUSION"", ""TRUCK""]","[""0"", ""1""]","[""E""]","[""1"", ""2"", ""3""]","[""DRIVER"", ""PARKED""]","[""NONE""]","[""2063612"", ""2063613"", ""2063614""]","[""PASSENGER"", ""VAN/MINI-VAN""]","[""PERSONAL""]","[""2008"", ""2015"", ""2018""]",[],[],[],"[""STREETS & SANITATION""]","[""Y""]","[""Y""]",[],"[""N""]","[""N""]",[],[],"[""Y""]","[""Y""]",[],[],"[""103RD & DOTY""]",['43'],"[""DEPLOYED, FRONT""]","[""TEST NOT OFFERED""]","[""CHICAGO""]","[""2025-10-05T17:24:00.000""]","[""UNKNOWN""]","[""NOT OBSCURED""]","[""D""]","[""IL""]","[""NONE""]",[],"[""O2164816""]","[""DRIVER""]","[""NORMAL""]","[""SAFETY BELT USED""]","[""F""]","[""IL""]","[""2063612""]","[""60618""]",[],[],[],[],[],[],2025,10,17,5,True,afternoon,41.98,-87.73,41.98_-87.73,43.0,43,43,OTHER,0
STRAIGHT AND LEVEL,1812,2025-10-05 17:13:00,1,17,10,958D14B253B3783B327F55E7FA05D7D78EBCB5BFEA59965F14373C9C2334ED4D057346F506FF79BFF570300FAF8A14B672CFE4114629C46E70CEA9C75C3F84BB,NO INJURY / DRIVE AWAY,"OVER $1,500",NO CONTROLS,PARKED MOTOR VEHICLE,41.9238685268,DAYLIGHT,-87.6401131769,2,30,UNABLE TO DETERMINE,UNKNOWN,UNKNOWN,UNABLE TO DETERMINE,W,424,NO CONTROLS,ONE-WAY,CLEAR,0.0,0.0,0.0,0.0,0.0,1.0,2,2,[],[],[],"[""2025-10-05T17:13:00.000""]","[""2164277"", ""2164278""]","[""REAR-LEFT-CORNER"", ""SIDE-RIGHT-REAR""]","[""IL"", ""WI""]","[""FORD"", ""TOYOTA""]","[""PARKED"", ""TURNING LEFT""]","[""EXPLORER"", ""RAV4""]","[""0"", ""2""]","[""UNKNOWN""]","[""1"", ""2""]","[""DRIVER"", ""PARKED""]","[""UNKNOWN""]","[""2063106"", ""2063110""]","[""SPORT UTILITY VEHICLE (SUV)""]","[""NOT IN USE"", ""POLICE""]","[""2024""]",[],"[""Y""]",[],[],[],"[""Y""]",[],"[""Y""]",[],[],"[""1""]","[""Y""]",[],"[""Y""]",[],[],"['28', '33']","[""DEPLOYMENT UNKNOWN"", ""DID NOT DEPLOY""]","[""TEST NOT OFFERED""]","[""CHICAGO""]","[""2025-10-05T17:13:00.000""]","[""UNKNOWN""]","[""UNKNOWN""]","[""D""]","[""IL""]","[""UNKNOWN""]",[],"[""O2164277"", ""P477640""]","[""DRIVER"", ""PASSENGER""]","[""UNKNOWN""]","[""SAFETY BELT USED""]","[""F""]","[""IL""]","[""2063106""]","[""60610""]",[],"[""3""]",[],[],[],[],2025,10,17,5,True,afternoon,41.92,-87.64,41.92_-87.64,30.5,28,33,OTHER,0