alignment,beat_of_occurrence,crash_date,crash_day_of_week,crash_hour,crash_month,crash_record_id,crash_type,damage,device_condition,first_crash_type,latitude,lighting_condition,longitude,num_units,posted_speed_limit,prim_contributory_cause,road_defect,roadway_surface_cond,sec_contributory_cause,street_direction,street_no,traffic_control_device,trafficway_type,weather_condition,private_property_i,hit_and_run_i,intersection_related_i,crash_date_est_i,work_zone_i,workers_present_i,veh_count,ppl_count,veh_area_01_i_list_json,veh_area_02_i_list_json,veh_area_12_i_list_json,veh_crash_date_list_json,veh_crash_unit_id_list_json,veh_first_contact_point_list_json,veh_lic_plate_state_list_json,veh_make_list_json,veh_maneuver_list_json,veh_model_list_json,veh_occupant_cnt_list_json,veh_travel_direction_list_json,veh_unit_no_list_json,veh_unit_type_list_json,veh_vehicle_defect_list_json,veh_vehicle_id_list_json,veh_vehicle_type_list_json,veh_vehicle_use_list_json,veh_vehicle_year_list_json,veh_area_03_i_list_json,veh_area_04_i_list_json,veh_area_11_i_list_json,veh_towed_by_list_json,veh_towed_i_list_json,veh_area_07_i_list_json,veh_area_99_i_list_json,veh_area_09_i_list_json,veh_area_10_i_list_json,veh_cmrc_veh_i_list_json,veh_num_passengers_list_json,veh_area_08_i_list_json,veh_area_00_i_list_json,veh_area_05_i_list_json,veh_area_06_i_list_json,veh_towed_to_list_json,ppl_age_list_json,ppl_airbag_deployed_list_json,ppl_bac_result_list_json,ppl_city_list_json,ppl_crash_date_list_json,ppl_driver_action_list_json,ppl_driver_vision_list_json,ppl_drivers_license_class_list_json,ppl_drivers_license_state_list_json,ppl_ejection_list_json,ppl_hospital_list_json,ppl_person_id_list_json,ppl_person_type_list_json,ppl_physical_condition_list_json,ppl_safety_equipment_list_json,ppl_sex_list_json,ppl_state_list_json,ppl_vehicle_id_list_json,ppl_zipcode_list_json,ppl_ems_agency_list_json,ppl_seat_no_list_json,ppl_pedpedal_action_list_json,ppl_pedpedal_location_list_json,ppl_pedpedal_visibility_list_json,ppl_ems_run_no_list_json,year,month,hour,day,is_weekend,hour_bin,lat_bin,lng_bin,grid_id,ppl_age_mean,ppl_age_min,ppl_age_max,prim_contributory_cause_group,ksi_flag
STRAIGHT AND LEVEL,1614,2025-10-05 17:00:00,1,17,10,2FFC745968CEC36CC7E1DF39B15C2E349754882FFEB80380DCB85E71CC63A7F8B828DC03FD6CA46F71333295B7F932A24C778920F79F470A5E1C0B2FCD9FA765,NO INJURY / DRIVE AWAY,"OVER $1,500",NO CONTROLS,PARKED MOTOR VEHICLE,41.9830446741,DAYLIGHT,-87.8280041514,2,10,UNABLE TO DETERMINE,NO DEFECTS,DRY,UNABLE TO DETERMINE,N,5701,NO CONTROLS,PARKING LOT,CLEAR,0.0,1.0,0.0,0.0,0.0,1.0,2,0,[],[],[],"[""2025-10-05T17:00:00.000""]","[""2164646"", ""2164647""]","[""SIDE-LEFT"", ""UNKNOWN""]","[""IL""]","[""BMW"", ""UNKNOWN""]","[""PARKED"", ""UNKNOWN/NA""]","[""OTHER (EXPLAIN IN NARRATIVE)""]","[""0"", ""1""]","[""E"", ""UNKNOWN""]","[""1"", ""2""]","[""DRIVER"", ""PARKED""]","[""NONE"", ""UNKNOWN""]","[""2063457"", ""2063460""]","[""SPORT UTILITY VEHICLE (SUV)"", ""UNKNOWN/NA""]","[""PERSONAL"", ""UNKNOWN/NA""]","[""2020""]",[],[],[],[],[],[],"[""Y""]","[""Y""]",[],[],[],[],[],[],[],[],[],"[""DEPLOYMENT UNKNOWN""]","[""TEST NOT OFFERED""]",[],"[""2025-10-05T17:00:00.000""]","[""UNKNOWN""]","[""UNKNOWN""]",[],[],"[""NONE""]",[],"[""O2164646""]","[""DRIVER""]","[""UNKNOWN""]","[""USAGE UNKNOWN""]","[""X""]",[],"[""2063460""]",[],[],[],[],[],[],[],2025,10,17,5,True,afternoon,41.98,-87.83,41.98_-87.83,0.0,0,0,OTHER,0
STRAIGHT AND LEVEL,612,2025-10-05 16:45:00,1,16,10,1B74BF8ABD3A4B229ECDA8C70E97F85E98E035428AFFECF78A8BB41C379EFD72AA60B615CDC6D16DFDEA4740C4F5EAE9991E0E3276C81A6E6AFA9C72817249A3,NO INJURY / DRIVE AWAY,"$501 - $1,500",NO CONTROLS,SIDESWIPE SAME DIRECTION,41.7468635578,DAYLIGHT,-87.6632013781,2,35,FAILING TO REDUCE SPEED TO AVOID CRASH,NO DEFECTS,DRY,DRIVING SKILLS/KNOWLEDGE/EXPERIENCE,S,8057,NO CONTROLS,NOT DIVIDED,CLEAR,0.0,1.0,0.0,0.0,0.0,1.0,1,1,"[""Y""]","[""Y""]",[],"[""2025-10-05T16:45:00.000""]","[""2164292"", ""2164293""]","[""FRONT-RIGHT-CORNER"", ""REAR-LEFT-CORNER""]","[""IL""]","[""LINCOLN"", ""UNKNOWN""]","[""STRAIGHT AHEAD""]","[""MKZ"", ""MOTORIZED""]","[""1""]","[""S""]","[""1"", ""2""]","[""DRIVER""]","[""UNKNOWN""]","[""2063116"", ""2063119""]","[""SPORT UTILITY VEHICLE (SUV)"", ""VAN/MINI-VAN""]","[""PERSONAL"", ""UNKNOWN/NA""]","[""2020""]",[],[],[],[],[],"[""Y""]",[],[],[],[],[],[],[],[],[],[],['30'],"[""DEPLOYMENT UNKNOWN"", ""DID NOT DEPLOY""]","[""TEST NOT OFFERED""]","[""HOFFMAN ESTATES""]","[""2025-10-05T16:45:00.000""]","[""NONE"", ""UNKNOWN""]","[""UNKNOWN""]","[""D""]","[""IL""]","[""NONE""]",[],"[""O2164292"", ""O2164293""]","[""DRIVER""]","[""NORMAL""]","[""SAFETY BELT USED"", ""USAGE UNKNOWN""]","[""M"", ""X""]","[""IL""]","[""2063116"", ""2063119""]","[""60169""]",[],[],[],[],[],[],2025,10,16,5,True,afternoon,41.75,-87.66,41.75_-87.66,30.0,30,30,SPEEDING,0
STRAIGHT AND LEVEL,1614,2025-10-05 16:30:00,1,16,10,2E07CCC8CA87218185A929E1C973563FD422C7774D1C9796EA52E21C1933314685852E72242BC96F61D52E6FCD17467558899304159BE1F56B1D3B7DBD678E84,INJURY AND / OR TOW DUE TO CRASH,"OVER $1,500",FUNCTIONING PROPERLY,TURNING,41.9592663337,DAYLIGHT,-87.8368443196,2,45,FAILING TO YIELD RIGHT-OF-WAY,NO DEFECTS,DRY,IMPROPER TURNING/NO SIGNAL,N,4398,TRAFFIC SIGNAL,DIVIDED - W/MEDIAN BARRIER,CLEAR,0.0,0.0,1.0,0.0,0.0,1.0,1,4,"[""Y""]","[""Y""]","[""Y""]","[""2025-10-05T16:30:00.000""]","[""2177161"", ""2177162""]","[""FRONT"", ""SIDE-RIGHT-FRONT""]","[""IL""]","[""HONDA"", ""JEEP""]","[""STRAIGHT AHEAD"", ""TURNING LEFT""]","[""CR-V"", ""JEEP""]","[""1"", ""3""]","[""E"", ""SW""]","[""1"", ""2""]","[""DRIVER""]","[""NONE""]","[""2075324"", ""2075325""]","[""SPORT UTILITY VEHICLE (SUV)""]","[""PERSONAL""]","[""2015"", ""2019""]","[""Y""]","[""Y""]","[""Y""]","[""PERSONAL""]","[""Y""]",[],[],"[""Y""]","[""Y""]",[],"[""2""]",[],[],[],[],[],"['31', '40', '7', '72']","[""DEPLOYED, COMBINATION""]","[""TEST NOT OFFERED""]","[""CHICAGO""]","[""2025-10-05T16:30:00.000""]","[""IMPROPER TURN"", ""NONE""]","[""NOT OBSCURED"", ""UNKNOWN""]","[""D""]","[""IL""]","[""NONE""]","[""LUTHERAN"", ""RESURRECTION""]","[""O2177161"", ""O2177162"", ""P480277"", ""P480278""]","[""DRIVER"", ""PASSENGER""]","[""NORMAL""]","[""SAFETY BELT NOT USED"", ""SAFETY BELT USED""]","[""F"", ""M""]","[""IL""]","[""2075324"", ""2075325""]","[""60634"", ""60656""]","[""2"", ""20""]","[""12"", ""3""]",[],[],[],[],2025,10,16,5,True,afternoon,41.96,-87.84,41.96_-87.84,37.5,7,72,FAILURE-TO-YIELD,1
STRAIGHT AND LEVEL,124,2025-10-05 16:28:00,1,16,10,DB84DB99372CA140C2D2C734D55A51DDD8F3A1654D2CC4637015B02397699EEE3392C8BF4222ECB872ABA33BE06AA6D03BC44BCE4B19D22C3F11BA5DE4A4A30B,NO INJURY / DRIVE AWAY,$500 OR LESS,FUNCTIONING PROPERLY,REAR END,41.8673626926,DAYLIGHT,-87.6392931946,2,30,EQUIPMENT - VEHICLE CONDITION,NO DEFECTS,DRY,NOT APPLICABLE,W,500,TRAFFIC SIGNAL,NOT DIVIDED,CLEAR,0.0,0.0,0.0,0.0,0.0,1.0,1,2,[],[],"[""Y""]","[""2025-10-05T16:28:00.000""]","[""2164246"", ""2164247""]","[""FRONT"", ""REAR""]","[""IL""]","[""AUDI"", ""HYUNDAI""]","[""SLOW/STOP IN TRAFFIC"", ""STRAIGHT AHEAD""]","[""Q5"", ""TUCSON""]","[""1"", ""3""]","[""S""]","[""1"", ""2""]","[""DRIVER""]","[""NONE""]","[""2063072"", ""2063076""]","[""SPORT UTILITY VEHICLE (SUV)""]","[""PERSONAL""]","[""2014"", ""2022""]",[],[],[],[],[],[],[],[],[],[],"[""2""]",[],[],[],"[""Y""]",[],"['11', '22']","[""DID NOT DEPLOY"", ""NOT APPLICABLE""]","[""TEST NOT OFFERED""]","[""CHICAGO""]","[""2025-10-05T16:28:00.000""]","[""NONE""]","[""NOT OBSCURED""]","[""D""]","[""IL""]","[""NONE""]",[],"[""O2164246"", ""O2164247"", ""P477637"", ""P477638""]","[""DRIVER"", ""PASSENGER""]","[""NORMAL""]","[""SAFETY BELT USED""]","[""F"", ""M""]","[""IL""]","[""2063072"", ""2063076""]","[""60608"", ""60654""]",[],"[""3"", ""4""]",[],[],[],[],2025,10,16,5,True,afternoon,41.87,-87.64,41.87_-87.64,16.5,11,22,OTHER,0
STRAIGHT AND LEVEL,821,2025-10-05 16:25:00,1,16,10,3C61FE38F5BBAA43D7BFA98DB61D6F98A95170649F56B0899FDC6E74291392C4014D0FBF881C1C65DBCF1138DDD72E082A9AF6ECE699D790CB0D2666324D0134,INJURY AND / OR TOW DUE TO CRASH,"OVER $1,500",NO CONTROLS,TURNING,41.8081726144,DAYLIGHT,-87.70848389,2,30,FAILING TO YIELD RIGHT-OF-WAY,NO DEFECTS,DRY,NOT APPLICABLE,W,3350,NO CONTROLS,NOT DIVIDED,CLEAR,0.0,1.0,0.0,0.0,0.0,1.0,1,2,"[""N""]","[""Y""]",[],"[""2025-10-05T16:25:00.000""]","[""2164294"", ""2164295""]","[""FRONT"", ""SIDE-RIGHT-REAR""]","[""IL""]","[""CHEVROLET"", ""UNKNOWN""]","[""STRAIGHT AHEAD"", ""TURNING LEFT""]","[""EQUINOX"", ""OTHER (EXPLAIN IN NARRATIVE)""]","[""1"", ""2""]","[""S"", ""W""]","[""1"", ""2""]","[""DRIVER""]","[""NONE"", ""UNKNOWN""]","[""2063118"", ""2063120""]","[""PICKUP"", ""SPORT UTILITY VEHICLE (SUV)""]","[""PERSONAL"", ""UNKNOWN/NA""]","[""2012""]","[""Y""]","[""Y""]",[],"[""OWNER""]","[""Y""]",[],"[""Y""]",[],[],[],"[""1""]",[],[],"[""Y""]",[],[],"['10', '39']","[""DEPLOYED OTHER (KNEE, AIR, BELT, ETC.)"", ""DEPLOYED, COMBINATION"", ""DEPLOYMENT UNKNOWN""]","[""TEST NOT OFFERED""]","[""CHICAGO""]","[""2025-10-05T16:25:00.000""]","[""FAILED TO YIELD"", ""NONE""]","[""NOT OBSCURED"", ""UNKNOWN""]","[""D""]","[""IL""]","[""NONE""]",[],"[""O2164294"", ""O2164295"", ""P477642""]","[""DRIVER"", ""PASSENGER""]","[""NORMAL"", ""UNKNOWN""]","[""SAFETY BELT USED"", ""USAGE UNKNOWN""]","[""F"", ""X""]","[""IL""]","[""2063118"", ""2063120""]","[""60632""]",[],"[""3""]",[],[],[],[],2025,10,16,5,True,afternoon,41.81,-87.71,41.81_-87.71,24.5,10,39,FAILURE-TO-YIELD,1
STRAIGHT AND LEVEL,1733,2025-10-05 16:24:00,1,16,10,0645456F02F8E30533EAA73BB6158E356BEE3631BEB5045BD56844225767C55BEC056574F9E085AE55E5D97D3487C05D328E6693B07BC4FDB3FB6C12E98DEFFA,NO INJURY / DRIVE AWAY,"OVER $1,500",NO CONTROLS,REAR TO SIDE,41.946057604,DAYLIGHT,-87.7082301098,2,10,UNABLE TO DETERMINE,NO DEFECTS,DRY,NOT APPLICABLE,N,3570,NO CONTROLS,PARKING LOT,CLEAR,1.0,0.0,0.0,0.0,0.0,1.0,1,2,[],[],[],"[""2025-10-05T16:24:00.000""]","[""2164256"", ""2164257""]","[""REAR-LEFT-CORNER"", ""REAR-RIGHT-CORNER""]","[""IL""]","[""TOYOTA"", ""VOLKSWAGEN""]","[""BACKING"", ""SLOW/STOP IN TRAFFIC""]","[""GTI"", ""RAV4""]","[""1""]","[""N"", ""W""]","[""1"", ""2""]","[""DRIVER""]","[""NONE""]","[""2063091"", ""2063097""]","[""PASSENGER""]","[""PERSONAL"", ""TAXI/FOR HIRE""]","[""2018"", ""2021""]",[],[],[],[],[],"[""N"", ""Y""]",[],[],[],[],[],[],[],"[""Y""]",[],[],"['38', '49']","[""DID NOT DEPLOY""]","[""TEST NOT OFFERED""]","[""CHICAGO""]","[""2025-10-05T16:24:00.000""]","[""NONE"", ""OTHER""]","[""NOT OBSCURED"", ""UNKNOWN""]","[""D""]","[""IL""]","[""NONE""]",[],"[""O2164256"", ""O2164257""]","[""DRIVER""]","[""NORMAL"", ""UNKNOWN""]","[""SAFETY BELT USED"", ""USAGE UNKNOWN""]","[""M""]","[""IL""]","[""2063091"", ""2063097""]","[""60618"", ""60641""]",[],[],[],[],[],[],2025,10,16,5,True,afternoon,41.95,-87.71,41.95_-87.71,43.5,38,49,OTHER,0
STRAIGHT AND LEVEL,924,2025-10-05 16:20:00,1,16,10,8012B86EC86F4F385A4F931E1600020FED24BF6117BE1B07ABF77EBC5143A1EA612AF46A8985C2688C22CF5448F30A8F85C656E9C96ECB004E2263EEACCFE6E9,NO INJURY / DRIVE AWAY,"OVER $1,500",FUNCTIONING PROPERLY,SIDESWIPE SAME DIRECTION,41.8089304545,DAYLIGHT,-87.6651261367,2,30,UNABLE TO DETERMINE,NO DEFECTS,DRY,NOT APPLICABLE,S,4650,TRAFFIC SIGNAL,NOT DIVIDED,CLEAR,0.0,0.0,0.0,0.0,0.0,1.0,1,4,"[""Y""]",[],[],"[""2025-10-05T16:20:00.000""]","[""2164260"", ""2164261""]","[""FRONT-RIGHT-CORNER"", ""SIDE-LEFT""]","[""IL""]","[""CADILLAC"", ""VOLKSWAGEN""]","[""ENTER FROM DRIVE/ALLEY"", ""STRAIGHT AHEAD""]","[""ESCALADE"", ""JETTA""]","[""1"", ""3""]","[""S""]","[""1"", ""2""]","[""DRIVER""]","[""NONE""]","[""2063094"", ""2063103""]","[""PASSENGER"", ""SPORT UTILITY VEHICLE (SUV)""]","[""PERSONAL""]","[""2014"", ""2019""]",[],[],[],[],[],[],[],"[""Y""]",[],[],"[""2""]","[""Y""]",[],[],[],[],"['21', '25', '28', '71']","[""DID NOT DEPLOY""]","[""TEST NOT OFFERED""]","[""CHICAGO""]","[""2025-10-05T16:20:00.000""]","[""UNKNOWN""]","[""NOT OBSCURED""]","[""D""]","[""IL""]","[""NONE""]",[],"[""O2164260"", ""O2164261"", ""P477639"", ""P477641""]","[""DRIVER"", ""PASSENGER""]","[""NORMAL""]","[""SAFETY BELT USED""]","[""M""]","[""IL""]","[""2063094"", ""2063103""]","[""60615"", ""60629"", ""60649""]",[],"[""3"", ""6""]",[],[],[],[],2025,10,16,5,True,afternoon,41.81,-87.67,41.81_-87.67,36.25,21,71,OTHER,0
STRAIGHT AND LEVEL,822,2025-10-05 16:20:00,1,16,10,595E4998044F10FD6EB0116E4A9D15DC0EAAA89678922378EF2EC063B80380B7E31360C819D5387B3139978B5C5DE06C37E6F650F34B60ECCD95E4FF417CC086,NO INJURY / DRIVE AWAY,"$501 - $1,500",NO CONTROLS,REAR END,41.7895331156,DAYLIGHT,-87.7229138465,3,30,FOLLOWING TOO CLOSELY,NO DEFECTS,DRY,NOT APPLICABLE,S,5701,NO CONTROLS,NOT DIVIDED,CLEAR,0.0,0.0,0.0,0.0,0.0,1.0,1,2,[],[],"[""Y""]","[""2025-10-05T16:20:00.000""]","[""2164264"", ""2164265"", ""2164266""]","[""FRONT"", ""REAR""]","[""IL""]","[""CHEVROLET"", ""LINCOLN"", ""TOYOTA""]","[""STRAIGHT AHEAD""]","[""CRUZE"", ""MKS"", ""OTHER (EXPLAIN IN NARRATIVE)""]","[""1""]","[""N""]","[""1"", ""2"", ""3""]","[""DRIVER""]","[""NONE""]","[""2063095"", ""2063100"", ""2063108""]","[""PASSENGER""]","[""PERSONAL""]","[""2012"", ""2015"", ""2016""]",[],[],[],[],[],[],[],[],[],[],[],[],[],[],"[""Y""]",[],"['39', '65']","[""DEPLOYMENT UNKNOWN"", ""DID NOT DEPLOY"", ""NOT APPLICABLE""]","[""TEST NOT OFFERED""]","[""EAST AURORA"", ""SOUTH HOLLAND""]","[""2025-10-05T16:20:00.000""]","[""FOLLOWED TOO CLOSELY"", ""NONE""]","[""NOT OBSCURED"", ""UNKNOWN""]",[],"[""IL"", ""NY""]","[""NONE""]",[],"[""O2164264"", ""O2164265"", ""O2164266""]","[""DRIVER""]","[""NORMAL"", ""UNKNOWN""]","[""SAFETY BELT USED"", ""USAGE UNKNOWN""]","[""F"", ""M""]","[""IL"", ""NY""]","[""2063095"", ""2063100"", ""2063108""]","[""14052"", ""60473""]",[],[],[],[],[],[],2025,10,16,5,True,afternoon,41.79,-87.72,41.79_-87.72,52.0,39,65,FOLLOWING TOO CLOSELY,0
STRAIGHT AND LEVEL,1911,2025-10-05 16:19:00,1,16,10,B4F3A2A4E7E2C37D2DD04DB4DBB07FB73ADFDDB2656E6E4A8C4109F344724B3CFF6B91D811C557725B11F7F227E42EFE8A4CA6F7E7AC6D26F8E00BC83B40AAD9,NO INJURY / DRIVE AWAY,$500 OR LESS,FUNCTIONING PROPERLY,PARKED MOTOR VEHICLE,41.9560589387,DAYLIGHT,-87.6799247953,2,25,PHYSICAL CONDITION OF DRIVER,NO DEFECTS,DRY,UNABLE TO DETERMINE,N,4101,STOP SIGN/FLASHER,DIVIDED - W/MEDIAN (NOT RAISED),CLEAR,0.0,0.0,0.0,0.0,0.0,1.0,2,0,[],[],"[""Y""]","[""2025-10-05T16:19:00.000""]","[""2164262"", ""2164263""]","[""FRONT"", ""REAR""]","[""IL""]","[""FORD""]","[""PARKED"", ""PASSING/OVERTAKING""]","[""ESCAPE"", ""F150""]","[""0"", ""1""]","[""N""]","[""1"", ""2""]","[""DRIVER"", ""PARKED""]","[""NONE""]","[""2063093"", ""2063096""]","[""PASSENGER""]","[""PERSONAL""]","[""2012"", ""2016""]",[],[],"[""Y""]",[],[],[],[],[],[],[],[],[],[],[],"[""Y""]",[],[],"[""DID NOT DEPLOY""]","[""TEST NOT OFFERED""]","[""CHICAGO""]","[""2025-10-05T16:19:00.000""]","[""IMPROPER PASSING""]","[""UNKNOWN""]","[""D""]","[""IL""]","[""NONE""]","[""SWEDISH""]","[""O2164262""]","[""DRIVER""]","[""ILLNESS/FAINTED""]","[""SAFETY BELT USED""]","[""M""]","[""IL""]","[""2063093""]","[""60618""]","[""61""]",[],[],[],[],[],2025,10,16,5,True,afternoon,41.96,-87.68,41.96_-87.68,0.0,0,0,OTHER,0
STRAIGHT AND LEVEL,2023,2025-10-05 16:05:00,1,16,10,6003E5229A333E2C5D9AE43139CC6D2B83F419BA174E92008A9ED715FA1972DB78355E94B5658689E7D584FA2B1D47856577F4299E895DB3194E23815BDF767D,NO INJURY / DRIVE AWAY,$500 OR LESS,NO CONTROLS,PARKED MOTOR VEHICLE,41.9805009949,DAYLIGHT,-87.6552476713,2,10,UNABLE TO DETERMINE,UNKNOWN,DRY,UNABLE TO DETERMINE,N,5414,NO CONTROLS,RAMP,CLEAR,1.0,0.0,0.0,0.0,0.0,1.0,2,1,"[""Y""]",[],[],"[""2025-10-05T16:05:00.000""]","[""2164267"", ""2164268""]","[""FRONT-RIGHT-CORNER"", ""REAR-LEFT-CORNER""]","[""IL""]","[""GENERAL MOTORS CORPORATION (GMC)""]","[""PARKED"", ""UNKNOWN/NA""]","[""ACADIA"", ""YUKON""]","[""0"", ""1""]","[""UNKNOWN""]","[""1"", ""2""]","[""DRIVER"", ""PARKED""]","[""UNKNOWN""]","[""2063101"", ""2063104""]","[""SPORT UTILITY VEHICLE (SUV)""]","[""PERSONAL""]","[""2015"", ""2025""]",[],[],[],[],[],"[""Y""]",[],[],[],[],[],[],[],[],[],[],['61'],"[""DID NOT DEPLOY""]","[""TEST NOT OFFERED""]","[""CHICAGO""]","[""2025-10-05T16:05:00.000""]","[""UNKNOWN""]","[""UNKNOWN""]","[""D""]","[""IL""]","[""NONE""]",[],"[""O2164267""]","[""DRIVER""]","[""UNKNOWN""]","[""USAGE UNKNOWN""]","[""M""]","[""IL""]","[""2063101""]","[""60645""]",[],[],[],[],[],[],2025,10,16,5,True,afternoon,41.98,-87.66,41.98_-87.66,61.0,61,61,OTHER,0
STRAIGHT AND LEVEL,915,2025-10-05 16:00:00,1,16,10,0640EA0ADDB33D4B4108EE2B8E13393C82A57FA06A6136F2BA70182AF4177FAE9ECF484A21F44CB0F03E90816D25B331BEC1312D7AC26B2CEDF3EA17B0963820,INJURY AND / OR TOW DUE TO CRASH,$500 OR LESS,FUNCTIONING PROPERLY,PEDESTRIAN,41.8236318628,DAYLIGHT,-87.6411257546,2,25,"VISION OBSCURED (SIGNS, TREE LIMBS, BUILDINGS, ETC.)",NO DEFECTS,DRY,"VISION OBSCURED (SIGNS, TREE LIMBS, BUILDINGS, ETC.)",W,600,TRAFFIC SIGNAL,FOUR WAY,CLEAR,0.0,0.0,1.0,0.0,0.0,1.0,2,2,"[""Y""]",[],[],"[""2025-10-05T16:00:00.000""]","[""2164250"", ""2164251""]","[""OTHER""]","[""IL""]","[""TOYOTA""]","[""STRAIGHT AHEAD""]","[""COROLLA""]","[""1""]","[""S""]","[""1"", ""2""]","[""DRIVER"", ""PEDESTRIAN""]","[""NONE""]","[""2063080""]","[""PASSENGER""]","[""PERSONAL""]","[""2018""]",[],[],[],[],[],[],[],[],[],[],[],[],[],[],[],[],"['16', '40']","[""DID NOT DEPLOY""]","[""TEST NOT OFFERED""]","[""CHICAGO""]","[""2025-10-05T16:00:00.000""]","[""FAILED TO YIELD"", ""NONE""]","[""BLINDED - SUNLIGHT""]","[""D""]","[""IL""]","[""NONE""]",[],"[""O2164250"", ""O2164251""]","[""DRIVER"", ""PEDESTRIAN""]","[""NORMAL""]","[""NONE PRESENT"", ""SAFETY BELT USED""]","[""M""]","[""IL""]","[""2063080""]","[""60609"", ""60632""]",[],[],"[""CROSSING - WITH SIGNAL""]","[""IN CROSSWALK""]","[""NO CONTRASTING CLOTHING""]",[],2025,10,16,5,True,afternoon,41.82,-87.64,41.82_-87.64,28.0,16,40,LIGHTING/VISIBILITY,1
STRAIGHT AND LEVEL,1023,2025-10-05 16:00:00,1,16,10,46D19B5F81D9EA73FC0345DD56CF48C9F162F9B6540C81FCF977AE17DE7A9C576C2EB5D7452F2C319989BBA1D3AA89D304266F21A5B5C0C12BFCE4ED1597A40E,NO INJURY / DRIVE AWAY,$500 OR LESS,FUNCTIONING PROPERLY,REAR END,41.862519666,DAYLIGHT,-87.6956445338,2,30,FOLLOWING TOO CLOSELY,NO DEFECTS,DRY,FOLLOWING TOO CLOSELY,S,1401,TRAFFIC SIGNAL,FOUR WAY,CLEAR,0.0,0.0,1.0,0.0,0.0,1.0,1,1,[],[],[],"[""2025-10-05T16:00:00.000""]","[""2164384"", ""2164385""]","[""FRONT"", ""REAR""]","[""IL""]","[""CHEVROLET"", ""HONDA""]","[""SLOW/STOP IN TRAFFIC"", ""STRAIGHT AHEAD""]","[""CR-V"", ""EXPRESS""]","[""1""]","[""S""]","[""1"", ""2""]","[""DRIVER""]","[""UNKNOWN""]","[""2063210"", ""2063214""]","[""PASSENGER"", ""PICKUP""]","[""OTHER"", ""PERSONAL""]","[""2004"", ""2013""]",[],[],[],[],[],[],[],[],[],"[""N""]",[],[],[],[],"[""Y""]",[],['58'],"[""DID NOT DEPLOY""]","[""TEST NOT OFFERED""]","[""BERWYN"", ""CHICAGO""]","[""2025-10-05T16:00:00.000""]","[""FOLLOWED TOO CLOSELY"", ""NONE""]","[""UNKNOWN""]","[""D""]","[""IL""]","[""NONE""]",[],"[""O2164384"", ""O2164385""]","[""DRIVER""]","[""UNKNOWN""]","[""USAGE UNKNOWN""]","[""F"", ""M""]","[""IL""]","[""2063210"", ""2063214""]","[""60402"", ""60608""]",[],[],[],[],[],[],2025,10,16,5,True,afternoon,41.86,-87.7,41.86_-87.7,58.0,58,58,FOLLOWING TOO CLOSELY,0
STRAIGHT AND LEVEL,834,2025-10-05 16:00:00,1,16,10,473327DFAD9BF98F2CF59D28A9094AC931A1014F9E9665A04B35FBBCDA7C81226C517E5EF0449F2AF073A2B3CE6C5DFF405DA19B1E5EA21CCC8899050054E52E,NO INJURY / DRIVE AWAY,"OVER $1,500",NO CONTROLS,PARKED MOTOR VEHICLE,41.7352740895,DAYLIGHT,-87.7035112835,2,10,NOT APPLICABLE,UNKNOWN,UNKNOWN,UNABLE TO DETERMINE,W,3250,NO CONTROLS,PARKING LOT,CLEAR,0.0,0.0,0.0,0.0,0.0,1.0,2,1,"[""Y""]","[""Y""]",[],"[""2025-10-05T16:00:00.000""]","[""2164273"", ""2164274""]","[""SIDE-LEFT-REAR"", ""SIDE-RIGHT-FRONT""]","[""IL""]","[""DODGE"", ""TOYOTA""]","[""PARKED"", ""STRAIGHT AHEAD""]","[""CHALLENGER"", ""HIGHLANDER""]","[""0"", ""1""]","[""E""]","[""1"", ""2""]","[""DRIVER"", ""PARKED""]","[""UNKNOWN""]","[""2063107"", ""2063111""]","[""PASSENGER"", ""SPORT UTILITY VEHICLE (SUV)""]","[""PERSONAL""]","[""2009"", ""2013""]",[],[],[],[],[],"[""Y""]",[],[],[],[],[],"[""Y""]",[],[],[],[],['45'],"[""DID NOT DEPLOY""]","[""TEST NOT OFFERED""]","[""CHICAGO""]","[""2025-10-05T16:00:00.000""]","[""UNKNOWN""]","[""UNKNOWN""]","[""D""]","[""IL""]","[""UNKNOWN""]",[],"[""O2164273""]","[""DRIVER""]","[""UNKNOWN""]","[""USAGE UNKNOWN""]","[""F""]","[""IL""]","[""2063107""]","[""60628""]",[],[],[],[],[],[],2025,10,16,5,True,afternoon,41.74,-87.7,41.74_-87.7,45.0,45,45,OTHER,0
STRAIGHT AND LEVEL,1214,2025-10-05 15:57:00,1,15,10,A9ECC665AD151488A749669D8EE1E0C2E90E903D9045BA4FCDD0C32EE7E2F3B785DFEDA9EB11BF39DC0BB8135C074C361CFDAA17A8C70DFE1FC714DFBD7080E1,INJURY AND / OR TOW DUE TO CRASH,"OVER $1,500",FUNCTIONING PROPERLY,ANGLE,41.8890883524,DAYLIGHT,-87.6477309225,2,30,"VISION OBSCURED (SIGNS, TREE LIMBS, BUILDINGS, ETC.)",NO DEFECTS,DRY,NOT APPLICABLE,N,400,STOP SIGN/FLASHER,FOUR WAY,CLEAR,0.0,0.0,1.0,0.0,0.0,1.0,1,2,"[""Y""]","[""Y""]","[""Y""]","[""2025-10-05T15:57:00.000""]","[""2164269"", ""2164270""]","[""FRONT"", ""FRONT-RIGHT-CORNER""]","[""IL""]","[""FORD"", ""LINCOLN""]","[""STRAIGHT AHEAD""]","[""MKX"", ""OTHER (EXPLAIN IN NARRATIVE)""]","[""1""]","[""E"", ""N""]","[""1"", ""2""]","[""DRIVER""]","[""NONE""]","[""2063098"", ""2063105""]","[""PASSENGER""]","[""PERSONAL""]","[""2014"", ""2016""]","[""Y""]",[],"[""Y""]","[""PRIVATE""]","[""Y""]",[],[],[],"[""Y""]",[],[],[],[],[],[],"[""PRIVATE""]","['25', '30']","[""DEPLOYED, COMBINATION""]","[""TEST NOT OFFERED""]","[""AURORA"", ""CHICAGO""]","[""2025-10-05T15:57:00.000""]","[""NONE"", ""OTHER""]","[""OTHER""]","[""D""]","[""IL""]","[""NONE""]","[""REFUSED""]","[""O2164269"", ""O2164270""]","[""DRIVER""]","[""NORMAL""]","[""USAGE UNKNOWN""]","[""F"", ""M""]","[""IL""]","[""2063098"", ""2063105""]","[""60504"", ""60611""]",[],[],[],[],[],[],2025,10,15,5,True,afternoon,41.89,-87.65,41.89_-87.65,27.5,25,30,LIGHTING/VISIBILITY,1