alignment,beat_of_occurrence,crash_date,crash_day_of_week,crash_hour,crash_month,crash_record_id,crash_type,damage,device_condition,first_crash_type,latitude,lighting_condition,longitude,num_units,posted_speed_limit,prim_contributory_cause,road_defect,roadway_surface_cond,sec_contributory_cause,street_direction,street_no,traffic_control_device,trafficway_type,weather_condition,private_property_i,hit_and_run_i,intersection_related_i,crash_date_est_i,work_zone_i,workers_present_i,veh_count,ppl_count,veh_area_01_i_list_json,veh_area_02_i_list_json,veh_area_12_i_list_json,veh_crash_date_list_json,veh_crash_unit_id_list_json,veh_first_contact_point_list_json,veh_lic_plate_state_list_json,veh_make_list_json,veh_maneuver_list_json,veh_model_list_json,veh_occupant_cnt_list_json,veh_travel_direction_list_json,veh_unit_no_list_json,veh_unit_type_list_json,veh_vehicle_defect_list_json,veh_vehicle_id_list_json,veh_vehicle_type_list_json,veh_vehicle_use_list_json,veh_vehicle_year_list_json,veh_area_03_i_list_json,veh_area_04_i_list_json,veh_area_11_i_list_json,veh_towed_by_list_json,veh_towed_i_list_json,veh_area_07_i_list_json,veh_area_99_i_list_json,veh_area_09_i_list_json,veh_area_10_i_list_json,veh_cmrc_veh_i_list_json,veh_num_passengers_list_json,veh_area_08_i_list_json,veh_area_00_i_list_json,veh_area_05_i_list_json,veh_area_06_i_list_json,veh_towed_to_list_json,ppl_age_list_json,ppl_airbag_deployed_list_json,ppl_bac_result_list_json,ppl_city_list_json,ppl_crash_date_list_json,ppl_driver_action_list_json,ppl_driver_vision_list_json,ppl_drivers_license_class_list_json,ppl_drivers_license_state_list_json,ppl_ejection_list_json,ppl_hospital_list_json,ppl_person_id_list_json,ppl_person_type_list_json,ppl_physical_condition_list_json,ppl_safety_equipment_list_json,ppl_sex_list_json,ppl_state_list_json,ppl_vehicle_id_list_json,ppl_zipcode_list_json,ppl_ems_agency_list_json,ppl_seat_no_list_json,ppl_pedpedal_action_list_json,ppl_pedpedal_location_list_json,ppl_pedpedal_visibility_list_json,ppl_ems_run_no_list_json,year,month,hour,day,is_weekend,hour_bin,lat_bin,lng_bin,grid_id,ppl_age_mean,ppl_age_min,ppl_age_max,prim_contributory_cause_group,ksi_flag
STRAIGHT AND LEVEL,524,2025-10-05 15:45:00,1,15,10,011BDC61E6B31831C7F6EF129EBA776EB49368900D90C63A34A4C376453D153E7675B11B5885C318799B570CEBE4F524ACB55D1F1EBDCC03CD247BEBD0F4F6A6,NO INJURY / DRIVE AWAY,"OVER $1,500",FUNCTIONING PROPERLY,REAR END,41.6850295867,DAYLIGHT,-87.6420045322,2,30,FOLLOWING TOO CLOSELY,NO DEFECTS,DRY,FAILING TO REDUCE SPEED TO AVOID CRASH,S,11501,TRAFFIC SIGNAL,DIVIDED - W/MEDIAN BARRIER,CLEAR,0.0,0.0,0.0,0.0,0.0,1.0,1,2,[],[],"[""Y""]","[""2025-10-05T15:45:00.000""]","[""2164705"", ""2164706""]","[""FRONT"", ""REAR""]","[""IL""]","[""BUICK"", ""TOYOTA""]","[""SLOW/STOP IN TRAFFIC"", ""STRAIGHT AHEAD""]","[""CAMRY"", ""OTHER (EXPLAIN IN NARRATIVE)""]","[""1""]","[""N""]","[""1"", ""2""]","[""DRIVER""]","[""NONE"", ""UNKNOWN""]","[""2063522"", ""2063528""]","[""PASSENGER""]","[""PERSONAL""]","[""2010"", ""2014""]",[],[],[],[],[],[],[],[],[],[],[],[],[],[],"[""Y""]",[],"['67', '70']","[""DID NOT DEPLOY""]","[""TEST NOT OFFERED""]","[""CHICAGO""]","[""2025-10-05T15:45:00.000""]","[""FOLLOWED TOO CLOSELY"", ""NONE""]","[""NOT OBSCURED"", ""UNKNOWN""]","[""D""]","[""IL""]","[""NONE""]",[],"[""O2164705"", ""O2164706""]","[""DRIVER""]","[""NORMAL"", ""UNKNOWN""]","[""SAFETY BELT USED"", ""USAGE UNKNOWN""]","[""M""]","[""IL""]","[""2063522"", ""2063528""]","[""60617"", ""60628""]",[],[],[],[],[],[],2025,10,15,5,True,afternoon,41.69,-87.64,41.69_-87.64,68.5,67,70,FOLLOWING TOO CLOSELY,0
STRAIGHT AND LEVEL,1934,2025-10-05 15:40:00,1,15,10,B6B86968D790F53F53AD5E1A5A7A5B54EB547DA9E04C3E106A63619225DE7609928E6D5DF3723C8993E5D9C4FB77CFE4B2CC212A32A8A49596ED594C940962FB,NO INJURY / DRIVE AWAY,"OVER $1,500",NO CONTROLS,REAR TO SIDE,41.9366512882,DAYLIGHT,-87.6478330945,2,15,FAILING TO YIELD RIGHT-OF-WAY,NO DEFECTS,DRY,DRIVING SKILLS/KNOWLEDGE/EXPERIENCE,N,3005,NO CONTROLS,PARKING LOT,CLEAR,0.0,0.0,0.0,0.0,0.0,1.0,1,2,"[""Y""]","[""Y""]",[],"[""2025-10-05T15:40:00.000""]","[""2164240"", ""2164241""]","[""FRONT-RIGHT-CORNER"", ""REAR-LEFT-CORNER""]","[""IL"", ""IN""]","[""BUICK"", ""FORD""]","[""BACKING"", ""STRAIGHT AHEAD""]","[""EXPLORER"", ""LUCERNE""]","[""1""]","[""N"", ""W""]","[""1"", ""2""]","[""DRIVER""]","[""NONE""]","[""2063068"", ""2063089""]","[""PASSENGER""]","[""PERSONAL"", ""POLICE""]","[""2008"", ""2025""]",[],[],[],[],[],[],[],[],[],[],[],[],[],[],[],[],"['30', '60']","[""NOT APPLICABLE""]","[""TEST NOT OFFERED""]","[""CHICAGO"", ""VALPARAISO""]","[""2025-10-05T15:40:00.000""]","[""FAILED TO YIELD"", ""NONE""]","[""NOT OBSCURED""]","[""D""]","[""IL"", ""IN""]","[""NONE""]",[],"[""O2164240"", ""O2164241""]","[""DRIVER""]","[""NORMAL""]","[""SAFETY BELT USED""]","[""M""]","[""IL"", ""IN""]","[""2063068"", ""2063089""]","[""46383"", ""60613""]",[],[],[],[],[],[],2025,10,15,5,True,afternoon,41.94,-87.65,41.94_-87.65,45.0,30,60,FAILURE-TO-YIELD,0
STRAIGHT AND LEVEL,123,2025-10-05 15:39:00,1,15,10,AC1D3CA5241AB594E94AABCB50970F0F8E0B21FE5AD479584903D1994A246FE80E394D384BD4B8775036CF47A72AB31AE0F13E5B2C9158C1247B335DA08284B1,NO INJURY / DRIVE AWAY,"OVER $1,500",NO CONTROLS,SIDESWIPE SAME DIRECTION,41.8755190828,DAYLIGHT,-87.628888638,2,30,UNABLE TO DETERMINE,NO DEFECTS,DRY,UNABLE TO DETERMINE,W,33,NO CONTROLS,DIVIDED - W/MEDIAN (NOT RAISED),CLEAR,0.0,0.0,0.0,0.0,0.0,1.0,1,2,[],[],[],"[""2025-10-05T15:39:00.000""]","[""2164282"", ""2164283""]","[""SIDE-LEFT"", ""SIDE-RIGHT""]","[""IL""]","[""NISSAN"", ""WESTERN STAR""]","[""PASSING/OVERTAKING"", ""STRAIGHT AHEAD""]","[""ALTIMA"", ""WESTERN STAR""]","[""1""]","[""E""]","[""1"", ""2""]","[""DRIVER""]","[""NONE""]","[""2063112"", ""2063114""]","[""PASSENGER"", ""PICKUP""]","[""CTA"", ""PERSONAL""]","[""2020""]",[],[],[],[],[],[],"[""Y""]","[""Y""]","[""Y""]",[],[],[],[],[],[],[],"['22', '32']","[""NOT APPLICABLE""]","[""TEST NOT OFFERED""]","[""CHICAGO"", ""DECATUR""]","[""2025-10-05T15:39:00.000""]","[""UNKNOWN""]","[""NOT OBSCURED""]","[""A"", ""D""]","[""AZ"", ""IL""]","[""NONE""]",[],"[""O2164282"", ""O2164283""]","[""DRIVER""]","[""NORMAL""]","[""NONE PRESENT""]","[""M""]","[""IL""]","[""2063112"", ""2063114""]","[""60661"", ""62521""]",[],[],[],[],[],[],2025,10,15,5,True,afternoon,41.88,-87.63,41.88_-87.63,27.0,22,32,OTHER,0
STRAIGHT AND LEVEL,1523,2025-10-05 15:37:00,1,15,10,B70CBC4EE79BF1A7475F309633CC97DD1BFC42F83EE6EBAAA461A9D5E11CED7327F34BEF36FCA48C70C2B446F25FB360B98E802B7F647D4D6640962EDA5C8CB7,NO INJURY / DRIVE AWAY,"OVER $1,500",NO CONTROLS,SIDESWIPE SAME DIRECTION,41.8871877025,DAYLIGHT,-87.7604173074,2,30,UNABLE TO DETERMINE,UNKNOWN,UNKNOWN,NOT APPLICABLE,W,5401,NO CONTROLS,DIVIDED - W/MEDIAN (NOT RAISED),CLEAR,0.0,0.0,0.0,0.0,0.0,1.0,1,3,"[""Y""]","[""Y""]","[""Y""]","[""2025-10-05T15:37:00.000""]","[""2164234"", ""2164235""]","[""FRONT"", ""SIDE-RIGHT""]","[""IL""]","[""CHEVROLET""]","[""STRAIGHT AHEAD""]","[""EQUINOX"", ""IMPALA""]","[""1"", ""3""]","[""E""]","[""1"", ""2""]","[""DRIVER""]","[""UNKNOWN""]","[""2063071"", ""2063088""]","[""PASSENGER""]","[""PERSONAL""]","[""2012"", ""2022""]","[""Y""]",[],"[""Y""]",[],[],[],[],[],[],[],"[""2""]",[],[],[],[],[],"['18', '23', '35']","[""DEPLOYMENT UNKNOWN""]","[""TEST NOT OFFERED""]","[""COPEMISH"", ""OAK PARK""]","[""2025-10-05T15:37:00.000""]","[""UNKNOWN""]","[""UNKNOWN""]","[""D""]","[""IL"", ""MI""]","[""UNKNOWN""]",[],"[""O2164234"", ""O2164235"", ""P477632"", ""P477634""]","[""DRIVER"", ""PASSENGER""]","[""UNKNOWN""]","[""SAFETY BELT USED"", ""USAGE UNKNOWN""]","[""M""]","[""IL"", ""MI""]","[""2063071"", ""2063088""]","[""49625"", ""60301""]",[],"[""3"", ""6""]",[],[],[],[],2025,10,15,5,True,afternoon,41.89,-87.76,41.89_-87.76,25.333333333333332,18,35,OTHER,0
STRAIGHT AND LEVEL,914,2025-10-05 15:36:00,1,15,10,57C4E5FF3ACAE814E4BF74FDD1A124C4FFB9EFE4E5E585307933720C2B7CE44799BE8CC4E696CAC6141243B6B50A3A246B58F742B634F283DD77CAFEA419D839,NO INJURY / DRIVE AWAY,"OVER $1,500",NO CONTROLS,TURNING,41.8527575712,DAYLIGHT,-87.630952871,2,35,IMPROPER TURNING/NO SIGNAL,UNKNOWN,DRY,UNABLE TO DETERMINE,W,137,TRAFFIC SIGNAL,DIVIDED - W/MEDIAN (NOT RAISED),CLEAR,0.0,0.0,1.0,0.0,0.0,1.0,1,2,[],"[""Y""]",[],"[""2025-10-05T15:36:00.000""]","[""2164254"", ""2164255""]","[""FRONT"", ""TOTAL (ALL AREAS)""]","[""IL"", ""WI""]","[""HONDA"", ""TOYOTA""]","[""STRAIGHT AHEAD"", ""TURNING RIGHT""]","[""CAMRY"", ""CIVIC""]","[""1""]","[""E""]","[""1"", ""2""]","[""DRIVER""]","[""UNKNOWN""]","[""2063084"", ""2063090""]","[""PASSENGER""]","[""PERSONAL"", ""RIDESHARE SERVICE""]","[""2012"", ""2014""]","[""Y""]","[""Y""]","[""Y""]",[],[],[],[],[],[],[],[],[],[],[],[],[],"['19', '65']","[""DID NOT DEPLOY""]","[""TEST NOT OFFERED""]","[""CHICAGO"", ""LOMBARD""]","[""2025-10-05T15:36:00.000""]","[""IMPROPER TURN"", ""NONE""]","[""UNKNOWN""]","[""D""]","[""IL""]","[""NONE""]",[],"[""O2164254"", ""O2164255""]","[""DRIVER""]","[""NORMAL""]","[""SAFETY BELT USED""]","[""F""]","[""IL""]","[""2063084"", ""2063090""]","[""60148"", ""60621""]",[],[],[],[],[],[],2025,10,15,5,True,afternoon,41.85,-87.63,41.85_-87.63,42.0,19,65,OTHER,0
STRAIGHT AND LEVEL,234,2025-10-05 15:30:00,1,15,10,8847B520DD462416EC0EBE3F6465BF65E409D127BA382AF7A1122E34A90B5E4733093A50067002340231195F0DDC84A90D3E3C10526AE3585E1C20F94FF31FA5,NO INJURY / DRIVE AWAY,"OVER $1,500",NO CONTROLS,PARKED MOTOR VEHICLE,41.7998983019,DAYLIGHT,-87.5905953988,2,30,UNABLE TO DETERMINE,UNKNOWN,UNKNOWN,NOT APPLICABLE,S,5234,NO CONTROLS,NOT DIVIDED,CLEAR,0.0,1.0,0.0,0.0,0.0,1.0,2,1,[],[],"[""Y""]","[""2025-10-05T15:30:00.000""]","[""2167617"", ""2167618""]","[""FRONT"", ""REAR""]","[""IL""]","[""CHRYSLER"", ""TOYOTA""]","[""BACKING"", ""PARKED""]","[""RAV4"", ""TOWN & COUNTRY""]","[""1""]","[""N"", ""S""]","[""1"", ""2""]","[""DRIVER"", ""PARKED""]","[""UNKNOWN""]","[""2066259"", ""2066262""]","[""SPORT UTILITY VEHICLE (SUV)"", ""VAN/MINI-VAN""]","[""PERSONAL"", ""UNKNOWN/NA""]","[""2007"", ""2014""]",[],[],"[""N""]",[],[],[],"[""Y""]",[],[],[],"[""1""]",[],[],[],[],[],['32'],"[""DEPLOYMENT UNKNOWN"", ""DID NOT DEPLOY""]","[""TEST NOT OFFERED""]","[""AURORA""]","[""2025-10-05T15:30:00.000""]","[""OTHER""]","[""UNKNOWN""]",[],[],"[""NONE""]",[],"[""O2167617"", ""P478267""]","[""DRIVER"", ""PASSENGER""]","[""UNKNOWN""]","[""SAFETY BELT USED"", ""USAGE UNKNOWN""]","[""F"", ""M""]","[""IL""]","[""2066259"", ""2066262""]","[""60505""]",[],"[""1""]",[],[],[],[],2025,10,15,5,True,afternoon,41.8,-87.59,41.8_-87.59,32.0,32,32,OTHER,0
STRAIGHT AND LEVEL,822,2025-10-05 15:30:00,1,15,10,9CDA7CF29BF3CE1B8B72AE590E4CE4A223A08FC3E2E14F758F4524C6A3330856E84B63B90ABB7C58E7656878293A90723790B7DFF12756D8F477A7E046413342,INJURY AND / OR TOW DUE TO CRASH,"OVER $1,500",FUNCTIONING PROPERLY,HEAD ON,41.793268792,DAYLIGHT,-87.7156628812,2,30,DRIVING SKILLS/KNOWLEDGE/EXPERIENCE,NO DEFECTS,DRY,DRIVING SKILLS/KNOWLEDGE/EXPERIENCE,S,5501,TRAFFIC SIGNAL,DIVIDED - W/MEDIAN (NOT RAISED),CLEAR,0.0,0.0,0.0,0.0,0.0,1.0,1,2,"[""Y""]",[],"[""Y""]","[""2025-10-05T15:30:00.000""]","[""2164248"", ""2164249""]","[""FRONT""]","[""IL""]","[""CHEVROLET"", ""DODGE""]","[""STRAIGHT AHEAD""]","[""AVEO"", ""DURANGO""]","[""1"", ""2""]","[""N"", ""S""]","[""1"", ""2""]","[""DRIVER""]","[""NONE""]","[""2063075"", ""2063082""]","[""PASSENGER"", ""SPORT UTILITY VEHICLE (SUV)""]","[""PERSONAL""]","[""2010"", ""2018""]",[],[],"[""Y""]","[""Private tow""]","[""Y""]",[],[],[],[],[],"[""1""]",[],[],[],[],[],"['33', '62']","[""DID NOT DEPLOY""]","[""TEST NOT OFFERED""]","[""CHICAGO""]","[""2025-10-05T15:30:00.000""]","[""NONE"", ""OTHER""]","[""NOT OBSCURED""]","[""A"", ""D""]","[""IL""]","[""NONE""]",[],"[""O2164248"", ""O2164249"", ""P477635""]","[""DRIVER"", ""PASSENGER""]","[""NORMAL""]","[""CHILD RESTRAINT - TYPE UNKNOWN"", ""SAFETY BELT USED""]","[""F"", ""M""]","[""IL""]","[""2063075"", ""2063082""]","[""60629""]",[],"[""4""]",[],[],[],[],2025,10,15,5,True,afternoon,41.79,-87.72,41.79_-87.72,47.5,33,62,OTHER,1
STRAIGHT AND LEVEL,1732,2025-10-05 15:30:00,1,15,10,8B0B37B59EA08E85E31B79203D50507E1137F11E48BC3A3BC6F2C547B53DDBE1449585261262225987FC23297AE8FF221C87DC3FAB977969CC6ED985F6E143FD,NO INJURY / DRIVE AWAY,$500 OR LESS,NO CONTROLS,REAR END,41.9534198942,DAYLIGHT,-87.718499,2,30,FOLLOWING TOO CLOSELY,NO DEFECTS,DRY,NOT APPLICABLE,N,3971,NO CONTROLS,NOT DIVIDED,CLEAR,0.0,1.0,0.0,0.0,0.0,1.0,1,1,[],[],[],"[""2025-10-05T15:30:00.000""]","[""2164238"", ""2164239""]","[""FRONT"", ""REAR""]","[""IL""]","[""GENERAL MOTORS CORPORATION (GMC)"", ""MERCEDES-BENZ""]","[""STRAIGHT AHEAD""]","[""CANYON"", ""CLA""]","[""1"", ""2""]","[""NW""]","[""1"", ""2""]","[""DRIVER""]","[""NONE"", ""UNKNOWN""]","[""2063070"", ""2063083""]","[""PASSENGER""]","[""PERSONAL"", ""UNKNOWN/NA""]","[""2014"", ""2023""]",[],[],"[""Y""]",[],[],"[""Y""]",[],[],[],[],"[""1""]",[],[],[],[],[],['25'],"[""DEPLOYMENT UNKNOWN"", ""NOT APPLICABLE""]","[""TEST NOT OFFERED""]","[""CHICAGO""]","[""2025-10-05T15:30:00.000""]","[""FOLLOWED TOO CLOSELY"", ""NONE""]","[""NOT OBSCURED"", ""UNKNOWN""]","[""D""]","[""IL""]","[""NONE""]",[],"[""O2164238"", ""O2164239"", ""P477629""]","[""DRIVER"", ""PASSENGER""]","[""NORMAL""]","[""SAFETY BELT USED"", ""USAGE UNKNOWN""]","[""F""]","[""IL""]","[""2063070"", ""2063083""]","[""60615""]",[],"[""3""]",[],[],[],[],2025,10,15,5,True,afternoon,41.95,-87.72,41.95_-87.72,25.0,25,25,FOLLOWING TOO CLOSELY,0
STRAIGHT AND LEVEL,1911,2025-10-05 15:30:00,1,15,10,25EB7FB136CAE517AA06719942AAF0716C9E910043BDA7C9ED70505033348450DDDA467B923216D2300392C7E4C5ED786D3F7D7856B34B57E7EEEC34F152AECC,NO INJURY / DRIVE AWAY,"OVER $1,500",NO CONTROLS,PARKED MOTOR VEHICLE,41.9678325068,UNKNOWN,-87.6870070729,2,20,UNABLE TO DETERMINE,UNKNOWN,UNKNOWN,NOT APPLICABLE,W,2316,NO CONTROLS,OTHER,CLEAR,0.0,0.0,0.0,0.0,0.0,1.0,2,1,[],[],[],"[""2025-10-05T15:30:00.000""]","[""2164271"", ""2164272""]","[""FRONT-LEFT-CORNER"", ""REAR-RIGHT-CORNER""]","[""IL""]","[""DODGE"", ""NISSAN""]","[""PARKED"", ""STRAIGHT AHEAD""]","[""RAM PROMASTER"", ""SENTRA""]","[""0"", ""1""]","[""W""]","[""1"", ""2""]","[""DRIVER"", ""PARKED""]","[""NONE""]","[""2063102"", ""2063109""]","[""PASSENGER""]","[""NOT IN USE"", ""OTHER""]","[""2015"", ""2023""]",[],[],"[""Y""]",[],[],[],[],[],[],[],[],[],[],"[""N""]",[],[],['23'],"[""DID NOT DEPLOY""]","[""TEST NOT OFFERED""]","[""CHICAGO""]","[""2025-10-05T15:30:00.000""]","[""UNKNOWN""]","[""UNKNOWN""]","[""C""]","[""IL""]","[""NONE""]",[],"[""O2164271""]","[""DRIVER""]","[""UNKNOWN""]","[""SAFETY BELT USED""]","[""M""]","[""IL""]","[""2063109""]","[""60624""]",[],[],[],[],[],[],2025,10,15,5,True,afternoon,41.97,-87.69,41.97_-87.69,23.0,23,23,OTHER,0
STRAIGHT AND LEVEL,1722,2025-10-05 15:30:00,1,15,10,07EA665A0302273558D72A8372502A94AB77C0D493C151A498301495C2DEE53C02FBBEDDC828A25E8A85A9C8E0482325A8CB34CEB40A0E65E35048FEFC9918F7,NO INJURY / DRIVE AWAY,"$501 - $1,500",NO CONTROLS,REAR END,41.9610807553,DAYLIGHT,-87.7279790782,2,30,UNABLE TO DETERMINE,NO DEFECTS,DRY,NOT APPLICABLE,N,4402,NO CONTROLS,NOT DIVIDED,CLEAR,0.0,0.0,1.0,0.0,0.0,1.0,1,1,[],[],"[""Y""]","[""2025-10-05T15:30:00.000""]","[""2166328"", ""2166337""]","[""FRONT"", ""REAR""]","[""IL""]","[""HYUNDAI"", ""TOYOTA""]","[""STRAIGHT AHEAD""]","[""CAMRY"", ""ELANTRA""]","[""1""]","[""S""]","[""1"", ""2""]","[""DRIVER""]","[""NONE""]","[""2065031"", ""2065038""]","[""PASSENGER""]","[""NOT IN USE"", ""PERSONAL""]","[""2013"", ""2018""]",[],[],[],[],[],[],[],[],[],[],[],[],[],[],"[""Y""]",[],['65'],"[""DID NOT DEPLOY"", ""NOT APPLICABLE""]","[""TEST NOT OFFERED"", ""TEST REFUSED""]","[""CHICAGO""]","[""2025-10-05T15:30:00.000""]","[""OTHER"", ""UNKNOWN""]","[""NOT OBSCURED"", ""UNKNOWN""]","[""D""]","[""IL""]","[""NONE""]",[],"[""O2166328"", ""O2166337""]","[""DRIVER""]","[""NORMAL"", ""UNKNOWN""]","[""SAFETY BELT USED"", ""USAGE UNKNOWN""]","[""F"", ""M""]","[""IL""]","[""2065031"", ""2065038""]","[""60624""]",[],[],[],[],[],[],2025,10,15,5,True,afternoon,41.96,-87.73,41.96_-87.73,65.0,65,65,OTHER,0
STRAIGHT AND LEVEL,1612,2025-10-05 15:30:00,1,15,10,03EFA7BCA298638F0F7F01571CF8F8C602A54A0DCCE2B04D9E036979EE2B6B0A128B2EF382A8316BEBBC1ACE4E77BC6C97179AF8477399890C649D6C060462E1,NO INJURY / DRIVE AWAY,"OVER $1,500",FUNCTIONING PROPERLY,REAR END,41.9952823861,DAYLIGHT,-87.8068462888,2,25,IMPROPER BACKING,NO DEFECTS,DRY,UNABLE TO DETERMINE,W,7201,STOP SIGN/FLASHER,FOUR WAY,CLEAR,0.0,0.0,0.0,0.0,0.0,1.0,1,2,"[""Y""]",[],[],"[""2025-10-05T15:30:00.000""]","[""2164222"", ""2164223""]","[""FRONT-RIGHT-CORNER"", ""REAR-LEFT-CORNER""]","[""IL""]","[""CADILLAC"", ""KIA""]","[""BACKING"", ""STRAIGHT AHEAD""]","[""CTS"", ""SORENTO""]","[""1""]","[""E""]","[""1"", ""2""]","[""DRIVER""]","[""NONE""]","[""2063046"", ""2063051""]","[""PASSENGER""]","[""PERSONAL""]","[""2015"", ""2016""]",[],[],[],[],[],"[""Y""]",[],[],[],[],[],[],[],[],"[""N""]",[],"['26', '49']","[""NOT APPLICABLE""]","[""TEST NOT OFFERED""]","[""CHICAGO""]","[""2025-10-05T15:30:00.000""]","[""IMPROPER BACKING"", ""NONE""]","[""MOVING VEHICLES"", ""NOT OBSCURED""]",[],"[""IL""]","[""NONE""]",[],"[""O2164222"", ""O2164223""]","[""DRIVER""]","[""NORMAL""]","[""SAFETY BELT USED""]","[""F"", ""M""]","[""IL""]","[""2063046"", ""2063051""]","[""60631""]",[],[],[],[],[],[],2025,10,15,5,True,afternoon,42.0,-87.81,42.0_-87.81,37.5,26,49,OTHER,0
STRAIGHT AND LEVEL,222,2025-10-05 15:20:00,1,15,10,5BB089D23E5B5F4F31816B22A397D2F64078E6F042E5237CADDFF14E007F4D43BA04D441D144E5A4F52794991FE6029BF8373D70C9C927BE0A0FE00095E134EE,INJURY AND / OR TOW DUE TO CRASH,"OVER $1,500",NO CONTROLS,PARKED MOTOR VEHICLE,41.8123430719,DAYLIGHT,-87.597034865,4,15,UNABLE TO DETERMINE,NO DEFECTS,DRY,UNABLE TO DETERMINE,S,4530,NO CONTROLS,ALLEY,CLEAR,0.0,0.0,0.0,0.0,0.0,1.0,2,1,"[""Y""]","[""Y""]","[""Y""]","[""2025-10-05T15:20:00.000""]","[""2170422"", ""2170423"", ""2170424"", ""2170425""]","[""FRONT"", ""UNKNOWN""]","[""IL""]","[""JEEP"", ""MERCEDES-BENZ"", ""NISSAN""]","[""PARKED"", ""STRAIGHT AHEAD""]","[""CLK320"", ""GLADIATOR"", ""ROGUE"", ""WRANGLER""]","[""0"", ""1""]","[""E"", ""W""]","[""1"", ""2"", ""3"", ""4""]","[""DRIVER"", ""PARKED""]","[""UNKNOWN""]","[""2068923"", ""2068924"", ""2068925"", ""2068926""]","[""PASSENGER"", ""PICKUP"", ""SPORT UTILITY VEHICLE (SUV)""]","[""UNKNOWN/NA""]","[""2005"", ""2012"", ""2016"", ""2022""]","[""Y""]","[""N"", ""Y""]","[""N"", ""Y""]","[""UNKNOWN""]","[""Y""]","[""Y""]",[],"[""N"", ""Y""]","[""N"", ""Y""]",[],[],"[""Y""]",[],"[""Y""]","[""Y""]","[""UNKNOWN""]",['30'],"[""DEPLOYMENT UNKNOWN""]","[""TEST NOT OFFERED""]","[""CHICAGO""]","[""2025-10-05T15:20:00.000""]","[""UNKNOWN""]","[""UNKNOWN""]","[""D""]","[""IL""]","[""NONE""]",[],"[""O2170422""]","[""DRIVER""]","[""UNKNOWN""]","[""USAGE UNKNOWN""]","[""F""]","[""IL""]","[""2068923""]","[""60653""]",[],[],[],[],[],[],2025,10,15,5,True,afternoon,41.81,-87.6,41.81_-87.6,30.0,30,30,OTHER,0
STRAIGHT AND LEVEL,334,2025-10-05 15:00:00,1,15,10,A6D2D90F0B1E0A9D146C4910DDF27ABCB5F6811F75131B2D859D81AA5CC95CFB5B7E8C863732C8B0FD601857EE3BE4979BE36796D81B8199DF0FA687D2CFE108,NO INJURY / DRIVE AWAY,"OVER $1,500",FUNCTIONING PROPERLY,ANGLE,41.7643097391,DAYLIGHT,-87.5651941594,2,30,FAILING TO YIELD RIGHT-OF-WAY,NO DEFECTS,DRY,NOT APPLICABLE,S,7200,STOP SIGN/FLASHER,FOUR WAY,CLEAR,0.0,0.0,1.0,0.0,0.0,1.0,1,2,"[""Y""]",[],"[""Y""]","[""2025-10-05T15:00:00.000""]","[""2164284"", ""2164285""]","[""FRONT"", ""SIDE-RIGHT-REAR""]","[""IL"", ""WI""]","[""FORD"", ""JEEP""]","[""STRAIGHT AHEAD""]","[""COMPASS"", ""F150""]","[""1""]","[""S"", ""W""]","[""1"", ""2""]","[""DRIVER""]","[""NONE""]","[""2063117"", ""2063121""]","[""PICKUP"", ""SPORT UTILITY VEHICLE (SUV)""]","[""NOT IN USE"", ""PERSONAL""]","[""2001"", ""2022""]","[""Y""]","[""Y""]","[""Y""]",[],[],[],[],[],[],[],[],[],[],"[""Y""]",[],[],"['40', '51']","[""DID NOT DEPLOY""]","[""TEST NOT OFFERED""]","[""CHICAGO""]","[""2025-10-05T15:00:00.000""]","[""FAILED TO YIELD"", ""OTHER""]","[""NOT OBSCURED"", ""UNKNOWN""]","[""D""]","[""IL""]","[""NONE""]",[],"[""O2164284"", ""O2164285""]","[""DRIVER""]","[""NORMAL""]","[""SAFETY BELT USED""]","[""F"", ""M""]","[""IL""]","[""2063117"", ""2063121""]","[""60619"", ""60636""]",[],[],[],[],[],[],2025,10,15,5,True,afternoon,41.76,-87.57,41.76_-87.57,45.5,40,51,FAILURE-TO-YIELD,0
STRAIGHT AND LEVEL,1814,2025-10-05 15:00:00,1,15,10,43E7B694D9F59AFA9CE17667864789B22791DE0A892182B5E55566D31C33774EEADDFCA8086ED0D12550FB788C6503625414F07BA60D760967820BEF504CDF87,NO INJURY / DRIVE AWAY,"OVER $1,500",NO CONTROLS,SIDESWIPE SAME DIRECTION,41.9200307814,UNKNOWN,-87.6365455506,2,25,NOT APPLICABLE,UNKNOWN,UNKNOWN,NOT APPLICABLE,N,2054,NO CONTROLS,NOT DIVIDED,CLEAR,0.0,0.0,0.0,0.0,0.0,1.0,1,2,"[""Y""]","[""Y""]","[""Y""]","[""2025-10-05T15:00:00.000""]","[""2164193"", ""2164194""]","[""FRONT-RIGHT-CORNER"", ""SIDE-LEFT""]","[""IL"", ""WI""]","[""CHEVROLET"", ""FORD""]","[""UNKNOWN/NA""]","[""EQUINOX"", ""EXPLORER""]","[""1""]","[""UNKNOWN""]","[""1"", ""2""]","[""DRIVER""]","[""UNKNOWN""]","[""2063023"", ""2063026""]","[""PASSENGER""]","[""PERSONAL""]","[""2017"", ""2024""]","[""Y""]",[],[],[],[],"[""Y""]",[],"[""Y""]","[""Y""]",[],[],"[""Y""]",[],[],[],[],"['25', '37']","[""NOT APPLICABLE""]","[""TEST NOT OFFERED""]","[""CHICAGO"", ""LAKE GENEVA""]","[""2025-10-05T15:00:00.000""]","[""UNKNOWN""]","[""UNKNOWN""]",[],"[""IL"", ""WI""]","[""NONE"", ""UNKNOWN""]",[],"[""O2164193"", ""O2164194""]","[""DRIVER""]","[""UNKNOWN""]","[""USAGE UNKNOWN""]","[""F"", ""M""]","[""IL"", ""WI""]","[""2063023"", ""2063026""]","[""53147"", ""60657""]",[],[],[],[],[],[],2025,10,15,5,True,afternoon,41.92,-87.64,41.92_-87.64,31.0,25,37,OTHER,0