alignment,beat_of_occurrence,crash_date,crash_day_of_week,crash_hour,crash_month,crash_record_id,crash_type,damage,device_condition,first_crash_type,latitude,lighting_condition,longitude,num_units,posted_speed_limit,prim_contributory_cause,road_defect,roadway_surface_cond,sec_contributory_cause,street_direction,street_no,traffic_control_device,trafficway_type,weather_condition,private_property_i,hit_and_run_i,intersection_related_i,crash_date_est_i,work_zone_i,workers_present_i,veh_count,ppl_count,veh_area_01_i_list_json,veh_area_02_i_list_json,veh_area_12_i_list_json,veh_crash_date_list_json,veh_crash_unit_id_list_json,veh_first_contact_point_list_json,veh_lic_plate_state_list_json,veh_make_list_json,veh_maneuver_list_json,veh_model_list_json,veh_occupant_cnt_list_json,veh_travel_direction_list_json,veh_unit_no_list_json,veh_unit_type_list_json,veh_vehicle_defect_list_json,veh_vehicle_id_list_json,veh_vehicle_type_list_json,veh_vehicle_use_list_json,veh_vehicle_year_list_json,veh_area_03_i_list_json,veh_area_04_i_list_json,veh_area_11_i_list_json,veh_towed_by_list_json,veh_towed_i_list_json,veh_area_07_i_list_json,veh_area_99_i_list_json,veh_area_09_i_list_json,veh_area_10_i_list_json,veh_cmrc_veh_i_list_json,veh_num_passengers_list_json,veh_area_08_i_list_json,veh_area_00_i_list_json,veh_area_05_i_list_json,veh_area_06_i_list_json,veh_towed_to_list_json,ppl_age_list_json,ppl_airbag_deployed_list_json,ppl_bac_result_list_json,ppl_city_list_json,ppl_crash_date_list_json,ppl_driver_action_list_json,ppl_driver_vision_list_json,ppl_drivers_license_class_list_json,ppl_drivers_license_state_list_json,ppl_ejection_list_json,ppl_hospital_list_json,ppl_person_id_list_json,ppl_person_type_list_json,ppl_physical_condition_list_json,ppl_safety_equipment_list_json,ppl_sex_list_json,ppl_state_list_json,ppl_vehicle_id_list_json,ppl_zipcode_list_json,ppl_ems_agency_list_json,ppl_seat_no_list_json,ppl_pedpedal_action_list_json,ppl_pedpedal_location_list_json,ppl_pedpedal_visibility_list_json,ppl_ems_run_no_list_json,year,month,hour,day,is_weekend,hour_bin,lat_bin,lng_bin,grid_id,ppl_age_mean,ppl_age_min,ppl_age_max,prim_contributory_cause_group,ksi_flag
STRAIGHT AND LEVEL,1621,2025-10-05 15:00:00,1,15,10,26E0F95C72CE2DC030ED3C3D056EEEDDEDB43CA7F386A024B5FA38A25899F10DE9539BFB255A1ADD3EFCE11CA369FC78A62B564ADF00BF22F5BCFAE2364AA871,NO INJURY / DRIVE AWAY,"$501 - $1,500",NO CONTROLS,REAR TO SIDE,41.9904947718,DAYLIGHT,-87.7484774142,2,5,IMPROPER BACKING,UNKNOWN,DRY,NOT APPLICABLE,N,6020,NO CONTROLS,PARKING LOT,CLEAR,0.0,0.0,0.0,0.0,0.0,1.0,1,2,[],[],[],"[""2025-10-05T15:00:00.000""]","[""2164242"", ""2164243""]","[""REAR"", ""SIDE-RIGHT""]","[""IL""]","[""HONDA"", ""JEEP""]","[""BACKING"", ""SLOW/STOP IN TRAFFIC""]","[""ACCORD"", ""GRAND CHEROKEE""]","[""2""]","[""S"", ""W""]","[""1"", ""2""]","[""DRIVER""]","[""UNKNOWN""]","[""2063079"", ""2063087""]","[""PASSENGER"", ""SPORT UTILITY VEHICLE (SUV)""]","[""PERSONAL""]","[""2012"", ""2014""]","[""Y""]","[""Y""]",[],[],[],[],[],[],[],[],"[""1""]",[],[],[],"[""Y""]",[],"['56', '65']","[""DID NOT DEPLOY""]","[""TEST NOT OFFERED""]","[""CHICAGO"", ""SKOKIE""]","[""2025-10-05T15:00:00.000""]","[""IMPROPER BACKING"", ""OTHER""]","[""UNKNOWN""]","[""D""]","[""IL""]","[""NONE""]",[],"[""O2164242"", ""O2164243"", ""P477633"", ""P477636""]","[""DRIVER"", ""PASSENGER""]","[""NORMAL""]","[""SAFETY BELT USED"", ""USAGE UNKNOWN""]","[""F"", ""M""]","[""IL""]","[""2063079"", ""2063087""]","[""60077"", ""60630""]",[],"[""3""]",[],[],[],[],2025,10,15,5,True,afternoon,41.99,-87.75,41.99_-87.75,60.5,56,65,OTHER,0
STRAIGHT AND LEVEL,2212,2025-10-05 15:00:00,1,15,10,D59AF36A0F90207C9C550E875AFBEC172EC769DA4FF3F71C024BECF5E3F5CE6933B5D5CC2FEC5D6EA7301284922F37AF7D70DB25DB02E82F66D9B3495CE058FB,NO INJURY / DRIVE AWAY,"OVER $1,500",NO CONTROLS,PARKED MOTOR VEHICLE,41.6779885225,DAYLIGHT,-87.680579839,2,10,UNABLE TO DETERMINE,NO DEFECTS,DRY,NOT APPLICABLE,S,11833,NO CONTROLS,PARKING LOT,CLEAR,0.0,1.0,0.0,0.0,0.0,1.0,2,0,[],[],[],"[""2025-10-05T15:00:00.000""]","[""2164520"", ""2164521""]","[""SIDE-RIGHT-REAR"", ""UNKNOWN""]","[""IL"", ""MN""]","[""NISSAN"", ""UNKNOWN""]","[""PARKED"", ""UNKNOWN/NA""]","[""OTHER (EXPLAIN IN NARRATIVE)"", ""SENTRA""]","[""0"", ""1""]","[""N"", ""UNKNOWN""]","[""1"", ""2""]","[""DRIVER"", ""PARKED""]","[""NONE"", ""UNKNOWN""]","[""2063331"", ""2063334""]","[""PASSENGER"", ""UNKNOWN/NA""]","[""PERSONAL"", ""UNKNOWN/NA""]","[""2025""]",[],[],[],[],[],[],[],[],[],[],[],[],[],"[""N""]",[],[],[],"[""DEPLOYMENT UNKNOWN""]","[""TEST NOT OFFERED""]",[],"[""2025-10-05T15:00:00.000""]","[""UNKNOWN""]","[""UNKNOWN""]",[],[],"[""NONE""]",[],"[""O2164520""]","[""DRIVER""]","[""UNKNOWN""]","[""USAGE UNKNOWN""]","[""X""]",[],"[""2063331""]",[],[],[],[],[],[],[],2025,10,15,5,True,afternoon,41.68,-87.68,41.68_-87.68,0.0,0,0,OTHER,0
STRAIGHT AND LEVEL,723,2025-10-05 14:52:00,1,14,10,4F559CA299C4657A837B18A5A3187DBE8D186FFF424C1FC4EB7CF6ED72C91DBC0067885E6E3AE3E31331CA67DEA0E792B27857F063BA87537D8DF428ABCD9930,INJURY AND / OR TOW DUE TO CRASH,"OVER $1,500",FUNCTIONING PROPERLY,ANGLE,41.7723796165,DAYLIGHT,-87.6447416419,2,30,FAILING TO REDUCE SPEED TO AVOID CRASH,NO DEFECTS,DRY,NOT APPLICABLE,S,6700,TRAFFIC SIGNAL,NOT DIVIDED,CLEAR,0.0,0.0,1.0,0.0,0.0,1.0,1,2,"[""Y""]","[""Y""]","[""Y""]","[""2025-10-05T14:52:00.000""]","[""2164211"", ""2164212""]","[""FRONT"", ""SIDE-RIGHT""]","[""IL"", ""IN""]","[""FORD"", ""JEEP""]","[""STRAIGHT AHEAD""]","[""COMANCHE"", ""EXPLORER""]","[""1""]","[""E"", ""S""]","[""1"", ""2""]","[""DRIVER""]","[""NONE""]","[""2063042"", ""2063047""]","[""PASSENGER""]","[""PERSONAL"", ""POLICE""]","[""2017"", ""2021""]","[""Y""]",[],"[""Y""]","[""CITY OF CHICAGO""]","[""Y""]",[],[],[],[],[],[],[],[],[],[],"[""AREA 1""]","['27', '32']","[""DEPLOYED, FRONT"", ""DID NOT DEPLOY""]","[""TEST NOT OFFERED""]","[""CHICAGO"", ""GARY""]","[""2025-10-05T14:52:00.000""]","[""EMERGENCY VEHICLE ON CALL"", ""NONE""]","[""NOT OBSCURED""]","[""D""]","[""IL"", ""IN""]","[""NONE""]","[""UNIVERSITY OF CHICAGO""]","[""O2164211"", ""O2164212""]","[""DRIVER""]","[""NORMAL""]","[""SAFETY BELT USED""]","[""F"", ""M""]","[""IL"", ""IN""]","[""2063042"", ""2063047""]","[""46403"", ""60636""]","[""36"", ""55""]",[],[],[],[],[],2025,10,14,5,True,afternoon,41.77,-87.64,41.77_-87.64,29.5,27,32,SPEEDING,1
STRAIGHT AND LEVEL,821,2025-10-05 14:50:00,1,14,10,8EA6673531475AF9FDB2F26D0FD528653A6C27A66CAB2EC820A0C3B1B0DB209632AEDF7925FAB544B0D0571E96AC38BBCAECFB461A96D761B9149803ECA576D4,NO INJURY / DRIVE AWAY,"OVER $1,500",NO CONTROLS,ANGLE,41.8123747103,DAYLIGHT,-87.7236084038,2,10,UNABLE TO DETERMINE,NO DEFECTS,DRY,UNABLE TO DETERMINE,S,4433,NO CONTROLS,PARKING LOT,CLEAR,0.0,0.0,0.0,0.0,0.0,1.0,1,2,[],[],[],"[""2025-10-05T14:50:00.000""]","[""2164215"", ""2164216""]","[""REAR-LEFT-CORNER"", ""REAR-RIGHT-CORNER""]","[""IL""]","[""AUDI"", ""TOYOTA""]","[""BACKING"", ""SLOW/STOP IN TRAFFIC""]","[""Q5"", ""TACOMA""]","[""1""]","[""S"", ""W""]","[""1"", ""2""]","[""DRIVER""]","[""UNKNOWN""]","[""2063067"", ""2063078""]","[""PICKUP"", ""UNKNOWN/NA""]","[""UNKNOWN/NA""]","[""2020"", ""2025""]",[],[],[],[],[],"[""Y""]",[],[],[],[],[],[],[],"[""Y""]",[],[],"['33', '62']","[""DID NOT DEPLOY""]","[""TEST NOT OFFERED""]","[""CHICAGO""]","[""2025-10-05T14:50:00.000""]","[""NONE"", ""OTHER""]","[""UNKNOWN""]","[""D""]","[""IL""]","[""NONE""]",[],"[""O2164215"", ""O2164216""]","[""DRIVER""]","[""NORMAL""]","[""SAFETY BELT USED""]","[""M""]","[""IL""]","[""2063067"", ""2063078""]","[""60632"", ""60638""]",[],[],[],[],[],[],2025,10,14,5,True,afternoon,41.81,-87.72,41.81_-87.72,47.5,33,62,OTHER,0
STRAIGHT AND LEVEL,224,2025-10-05 14:38:00,1,14,10,C17A98275EA1CFD821A62B7C93A186E61A55003779AA1583FA1B5351C82C6FE051AA9FD579B7A83EB9C6AB59FC272BC511049405D4E52EB52DBD7910167C7A5A,INJURY AND / OR TOW DUE TO CRASH,"OVER $1,500",FUNCTIONING PROPERLY,ANGLE,41.8039587719,DAYLIGHT,-87.6209949741,3,30,FAILING TO YIELD RIGHT-OF-WAY,NO DEFECTS,DRY,UNABLE TO DETERMINE,E,200,STOP SIGN/FLASHER,UNKNOWN INTERSECTION TYPE,CLEAR,0.0,0.0,1.0,0.0,0.0,1.0,2,2,[],"[""Y""]","[""Y""]","[""2025-10-05T14:38:00.000""]","[""2164219"", ""2164220"", ""2164221""]","[""FRONT"", ""REAR"", ""SIDE-RIGHT""]","[""IL""]","[""FORD"", ""NISSAN""]","[""PARKED"", ""STRAIGHT AHEAD""]","[""MUSTANG"", ""ROGUE"", ""SENTRA""]","[""0"", ""1""]","[""N"", ""W""]","[""1"", ""2"", ""3""]","[""DRIVER"", ""PARKED""]","[""NONE""]","[""2063052"", ""2063060"", ""2063066""]","[""PASSENGER"", ""SPORT UTILITY VEHICLE (SUV)""]","[""PERSONAL""]","[""2014"", ""2019"", ""2020""]","[""Y""]","[""Y""]","[""Y""]","[""by owner""]","[""Y""]","[""Y""]",[],[],"[""N""]",[],[],"[""Y""]",[],"[""Y""]","[""Y""]",[],"['31', '51']","[""DEPLOYED, COMBINATION"", ""DEPLOYED, FRONT""]","[""TEST NOT OFFERED""]","[""CHICAGO""]","[""2025-10-05T14:38:00.000""]","[""FAILED TO YIELD"", ""NONE""]","[""UNKNOWN""]","[""D""]","[""IL""]","[""NONE""]",[],"[""O2164219"", ""O2164220""]","[""DRIVER""]","[""NORMAL""]","[""SAFETY BELT USED""]","[""F"", ""M""]","[""IL""]","[""2063052"", ""2063060""]","[""60628"", ""60645""]",[],[],[],[],[],[],2025,10,14,5,True,afternoon,41.8,-87.62,41.8_-87.62,41.0,31,51,FAILURE-TO-YIELD,0
STRAIGHT AND LEVEL,512,2025-10-05 14:35:00,1,14,10,8459A8FD01CB2826CD93C65A8FEC9A39A82CA336EDFA3D8653087AE16D9F0979484B2A8C4F8F60206EDCBFED22AF06AE75CE69B7E72F4EE2D7DE8F802DEC1835,INJURY AND / OR TOW DUE TO CRASH,"OVER $1,500",FUNCTIONING PROPERLY,ANGLE,41.7035880865,DAYLIGHT,-87.6125934238,2,30,DISREGARDING STOP SIGN,NO DEFECTS,DRY,DISREGARDING STOP SIGN,S,10500,STOP SIGN/FLASHER,FOUR WAY,CLEAR,0.0,0.0,1.0,0.0,0.0,1.0,1,2,"[""Y""]","[""Y""]","[""Y""]","[""2025-10-05T14:35:00.000""]","[""2164195"", ""2164196""]","[""FRONT"", ""SIDE-RIGHT""]","[""IL""]","[""JEEP"", ""LEXUS""]","[""STRAIGHT AHEAD""]","[""ES300"", ""PATRIOT""]","[""1""]","[""S"", ""W""]","[""1"", ""2""]","[""DRIVER""]","[""NONE""]","[""2063030"", ""2063034""]","[""PASSENGER""]","[""PERSONAL""]","[""2003"", ""2016""]","[""Y""]",[],"[""Y""]","[""Quick fast towing""]","[""Y""]",[],[],[],"[""Y""]",[],[],[],[],[],[],"[""Residence""]","['30', '81']","[""DEPLOYED, FRONT"", ""DID NOT DEPLOY""]","[""TEST NOT OFFERED""]","[""CHICAGO""]","[""2025-10-05T14:35:00.000""]","[""DISREGARDED CONTROL DEVICES"", ""NONE""]","[""NOT OBSCURED""]","[""D"", ""N""]","[""IL""]","[""NONE""]",[],"[""O2164195"", ""O2164196""]","[""DRIVER""]","[""NORMAL""]","[""SAFETY BELT USED""]","[""F""]","[""IL""]","[""2063030"", ""2063034""]","[""60628""]","[""ENGINE 93""]",[],[],[],[],[],2025,10,14,5,True,afternoon,41.7,-87.61,41.7_-87.61,55.5,30,81,OTHER,1
STRAIGHT AND LEVEL,1622,2025-10-05 14:30:00,1,14,10,A8978C14D5384E7BDA40A331DD658DEB4BCB540FEC20532827ACEC6A16C17A0CE0525980844AB7F4DB41C61C3EF276736FE1E4985102867F4C0596F5A15AF580,NO INJURY / DRIVE AWAY,"OVER $1,500",NO CONTROLS,REAR END,41.9823457723,DAYLIGHT,-87.7875990026,2,30,UNABLE TO DETERMINE,NO DEFECTS,DRY,NOT APPLICABLE,N,5543,STOP SIGN/FLASHER,FOUR WAY,CLEAR,0.0,0.0,1.0,0.0,0.0,1.0,1,3,"[""Y""]",[],"[""Y""]","[""2025-10-05T14:30:00.000""]","[""2164205"", ""2164206""]","[""FRONT"", ""REAR""]","[""IL""]","[""NISSAN"", ""TOYOTA""]","[""SLOW/STOP IN TRAFFIC"", ""STRAIGHT AHEAD""]","[""CAMRY"", ""ROGUE""]","[""1"", ""2""]","[""N""]","[""1"", ""2""]","[""DRIVER""]","[""UNKNOWN""]","[""2063040"", ""2063045""]","[""PASSENGER""]","[""PERSONAL""]","[""2015"", ""2017""]",[],[],"[""Y""]",[],[],"[""Y""]",[],[],[],[],"[""1""]",[],[],"[""Y""]","[""Y""]",[],"['54', '70', '73']","[""NOT APPLICABLE""]","[""TEST NOT OFFERED""]","[""CHICAGO""]","[""2025-10-05T14:30:00.000""]","[""NONE"", ""UNKNOWN""]","[""UNKNOWN""]",[],"[""IL""]","[""NONE""]",[],"[""O2164205"", ""O2164206"", ""P477626""]","[""DRIVER"", ""PASSENGER""]","[""UNKNOWN""]","[""SAFETY BELT USED"", ""USAGE UNKNOWN""]","[""F"", ""M""]","[""IL""]","[""2063040"", ""2063045""]","[""60123"", ""60630""]",[],"[""3""]",[],[],[],[],2025,10,14,5,True,afternoon,41.98,-87.79,41.98_-87.79,65.66666666666667,54,73,OTHER,0
STRAIGHT AND LEVEL,222,2025-10-05 14:30:00,1,14,10,A20B42F7DE3DD647B18610516AA0B213948239043271CE1CDCF07217CB7E1A942172F8402EA973E4DDE0E0CAC579FE694217E3114C952AE0236A115AD6915C56,NO INJURY / DRIVE AWAY,"OVER $1,500",NO CONTROLS,REAR TO SIDE,41.8095347808,DAYLIGHT,-87.5924502234,2,30,DRIVING SKILLS/KNOWLEDGE/EXPERIENCE,NO DEFECTS,DRY,NOT APPLICABLE,S,4700,NO CONTROLS,PARKING LOT,CLEAR,1.0,0.0,0.0,0.0,0.0,1.0,1,1,[],[],[],"[""2025-10-05T14:30:00.000""]","[""2167541"", ""2167542""]","[""REAR"", ""SIDE-RIGHT-REAR""]","[""IL""]","[""MITSUBISHI"", ""UNKNOWN""]","[""BACKING"", ""ENTERING TRAFFIC LANE FROM PARKING""]","[""MIRAGE"", ""OTHER (EXPLAIN IN NARRATIVE)""]","[""1""]","[""S"", ""W""]","[""1"", ""2""]","[""DRIVER""]","[""NONE"", ""UNKNOWN""]","[""2066182"", ""2066190""]","[""PASSENGER""]","[""PERSONAL"", ""UNKNOWN/NA""]","[""2024""]",[],[],[],[],[],"[""Y""]","[""Y""]",[],[],[],[],"[""Y""]",[],[],[],[],['76'],"[""DEPLOYMENT UNKNOWN"", ""DID NOT DEPLOY""]","[""TEST NOT OFFERED""]","[""CHICAGO""]","[""2025-10-05T14:30:00.000""]","[""OTHER""]","[""NOT OBSCURED"", ""UNKNOWN""]","[""D""]","[""IL""]","[""NONE""]",[],"[""O2167541"", ""O2167542""]","[""DRIVER""]","[""NORMAL"", ""UNKNOWN""]","[""SAFETY BELT USED"", ""USAGE UNKNOWN""]","[""F""]","[""IL""]","[""2066182"", ""2066190""]","[""60615""]",[],[],[],[],[],[],2025,10,14,5,True,afternoon,41.81,-87.59,41.81_-87.59,76.0,76,76,OTHER,0
STRAIGHT AND LEVEL,632,2025-10-05 14:30:00,1,14,10,3C4A28F7219198E0FB2521866B2C4DF3A119DB5BA0A03EBFA1C67A45A304FCA4EA6F9F2FEF747DEDD208C798B79F2840ACA6D1593E5EBEC8FB005F3E94B5AD2E,NO INJURY / DRIVE AWAY,"OVER $1,500",NO CONTROLS,ANGLE,41.7364921839,DAYLIGHT,-87.6122406209,2,30,IMPROPER LANE USAGE,NO DEFECTS,DRY,NOT APPLICABLE,S,8700,NO CONTROLS,DIVIDED - W/MEDIAN (NOT RAISED),CLEAR,0.0,0.0,0.0,0.0,0.0,1.0,1,2,[],[],[],"[""2025-10-05T14:30:00.000""]","[""2164201"", ""2164202""]","[""FRONT-RIGHT-CORNER"", ""REAR-LEFT-CORNER""]","[""IL""]","[""FORD"", ""NISSAN""]","[""PASSING/OVERTAKING"", ""STRAIGHT AHEAD""]","[""ESCAPE"", ""ROGUE""]","[""1""]","[""S"", ""W""]","[""1"", ""2""]","[""DRIVER""]","[""NONE"", ""UNKNOWN""]","[""2063028"", ""2063032""]","[""SPORT UTILITY VEHICLE (SUV)""]","[""PERSONAL""]","[""2017"", ""2025""]",[],[],"[""Y""]",[],[],[],"[""Y""]",[],[],[],[],[],[],[],[],[],"['26', '52']","[""DEPLOYMENT UNKNOWN"", ""DID NOT DEPLOY""]","[""TEST NOT OFFERED""]","[""CHICAGO""]","[""2025-10-05T14:30:00.000""]","[""IMPROPER PASSING"", ""NONE""]","[""NOT OBSCURED"", ""UNKNOWN""]","[""D""]","[""IL""]","[""NONE""]",[],"[""O2164201"", ""O2164202""]","[""DRIVER""]","[""NORMAL"", ""UNKNOWN""]","[""USAGE UNKNOWN""]","[""F"", ""M""]","[""IL""]","[""2063028"", ""2063032""]","[""60619"", ""60805""]",[],[],[],[],[],[],2025,10,14,5,True,afternoon,41.74,-87.61,41.74_-87.61,39.0,26,52,OTHER,0
STRAIGHT AND LEVEL,1412,2025-10-05 14:22:00,1,14,10,1F5D42B3079DD53327BFB1851E1CEFBC7DC0DF0D1DD39B24B822CD975C0C3200D2B1F4F25AEA3E02036CF345A655F29B0CD7F57E2D6EDCAFE927FF5F790C8F98,NO INJURY / DRIVE AWAY,"OVER $1,500",FUNCTIONING PROPERLY,SIDESWIPE SAME DIRECTION,41.8736407663,DAYLIGHT,-87.6723897727,2,30,FOLLOWING TOO CLOSELY,NO DEFECTS,DRY,NOT APPLICABLE,N,2801,TRAFFIC SIGNAL,NOT DIVIDED,CLEAR,0.0,0.0,1.0,0.0,0.0,1.0,1,3,[],"[""Y""]",[],"[""2025-10-05T14:22:00.000""]","[""2165162"", ""2165163""]","[""SIDE-LEFT-FRONT"", ""SIDE-RIGHT""]","[""IL""]","[""FORD""]","[""STRAIGHT AHEAD""]","[""EXPLORER"", ""FIESTA""]","[""1"", ""2""]","[""SE""]","[""1"", ""2""]","[""DRIVER""]","[""NONE""]","[""2063957"", ""2063958""]","[""PASSENGER""]","[""PERSONAL""]","[""2017""]","[""Y""]","[""Y""]","[""Y""]",[],[],[],[],[],"[""Y""]",[],"[""1""]",[],[],"[""Y""]",[],[],"['30', '52', '57']","[""DID NOT DEPLOY""]","[""TEST NOT OFFERED""]","[""CHICAGO"", ""GENEVA""]","[""2025-10-05T14:22:00.000""]","[""NONE""]","[""NOT OBSCURED""]","[""D""]","[""IL""]","[""NONE""]","[""REFUSED""]","[""O2165162"", ""O2165163"", ""P477822""]","[""DRIVER"", ""PASSENGER""]","[""NORMAL""]","[""SAFETY BELT USED""]","[""F"", ""M""]","[""IL""]","[""2063957"", ""2063958""]","[""60134"", ""60618""]",[],"[""3""]",[],[],[],[],2025,10,14,5,True,afternoon,41.87,-87.67,NAN_NAN,46.333333333333336,30,57,FOLLOWING TOO CLOSELY,0
STRAIGHT AND LEVEL,2032,2025-10-05 14:22:00,1,14,10,F60E8CF7D12FEB6656D09384F54B4D184D70C49360B9377E9795980EF547D368455AB526DC17B57B7C301C1928265EA2B7C0624DF95D20BBE2D4D8061DAB33D0,INJURY AND / OR TOW DUE TO CRASH,"OVER $1,500",NO CONTROLS,PARKED MOTOR VEHICLE,41.9731507427,DAYLIGHT,-87.6697006397,2,30,UNABLE TO DETERMINE,WORN SURFACE,DRY,UNABLE TO DETERMINE,N,5020,NO CONTROLS,DIVIDED - W/MEDIAN (NOT RAISED),CLEAR,0.0,0.0,0.0,0.0,0.0,1.0,2,1,"[""Y""]","[""Y""]","[""Y""]","[""2025-10-05T14:22:00.000""]","[""2164209"", ""2164210""]","[""FRONT-RIGHT-CORNER"", ""REAR-LEFT-CORNER""]","[""CA"", ""IL""]","[""HONDA"", ""LEXUS""]","[""AVOIDING VEHICLES/OBJECTS"", ""PARKED""]","[""CIVIC"", ""ES350""]","[""0"", ""1""]","[""S""]","[""1"", ""2""]","[""DRIVER"", ""PARKED""]","[""UNKNOWN""]","[""2063038"", ""2063048""]","[""PASSENGER""]","[""PERSONAL""]","[""2010"", ""2020""]",[],[],[],"[""PRIVATE""]","[""Y""]","[""Y""]",[],[],[],[],[],"[""Y""]",[],[],"[""Y""]","[""UNKNOWN""]",['59'],"[""DEPLOYMENT UNKNOWN""]","[""TEST NOT OFFERED""]","[""CHICAGO""]","[""2025-10-05T14:22:00.000""]","[""UNKNOWN""]","[""UNKNOWN""]","[""D""]","[""IL""]","[""NONE""]",[],"[""O2164209""]","[""DRIVER""]","[""UNKNOWN""]","[""USAGE UNKNOWN""]","[""M""]","[""IL""]","[""2063038""]","[""60640""]",[],[],[],[],[],[],2025,10,14,5,True,afternoon,41.97,-87.67,41.97_-87.67,59.0,59,59,OTHER,0
STRAIGHT AND LEVEL,1212,2025-10-05 14:22:00,1,14,10,65FC3F6C9C3A572EC4BAAC9B80686CEF32C6FD1B9A742B949995F18C5020E8C38A6BDDEB9A6E9B2784F41A9176257853326A2C416B9FF3487181F677E31BFA38,NO INJURY / DRIVE AWAY,"OVER $1,500",FUNCTIONING PROPERLY,ANGLE,41.8965410075,DAYLIGHT,-87.6870096402,2,30,FOLLOWING TOO CLOSELY,NO DEFECTS,DRY,NOT APPLICABLE,N,822,TRAFFIC SIGNAL,NOT DIVIDED,CLEAR,0.0,0.0,1.0,0.0,0.0,1.0,1,2,[],[],"[""Y""]","[""2025-10-05T14:22:00.000""]","[""2164567"", ""2164568""]","[""FRONT-LEFT-CORNER""]","[""IL""]","[""FORD"", ""INFINITI""]","[""STRAIGHT AHEAD""]","[""EXPLORER"", ""QX60""]","[""1""]","[""E"", ""S""]","[""1"", ""2""]","[""DRIVER""]","[""NONE""]","[""2063378"", ""2063379""]","[""PASSENGER""]","[""PERSONAL""]","[""2018""]",[],[],"[""Y""]",[],[],[],[],[],"[""Y""]",[],[],[],[],[],[],[],"['36', '46']","[""DID NOT DEPLOY""]","[""TEST NOT OFFERED""]","[""CHICAGO""]","[""2025-10-05T14:22:00.000""]","[""NONE""]","[""NOT OBSCURED""]","[""D""]","[""IL""]","[""NONE""]","[""REFUSED""]","[""O2164567"", ""O2164568""]","[""DRIVER""]","[""NORMAL""]","[""SAFETY BELT USED""]","[""F"", ""M""]","[""IL""]","[""2063378"", ""2063379""]","[""60614"", ""60622""]",[],[],[],[],[],[],2025,10,14,5,True,afternoon,41.9,-87.69,41.9_-87.69,41.0,36,46,FOLLOWING TOO CLOSELY,0
STRAIGHT AND LEVEL,2412,2025-10-05 14:20:00,1,14,10,D8F14F285208D07001FBABEEE9DCBE6E28CC5BF102604F9D728F5B6C88521075D413F2B9DEDFA2A8F0F0039300CFDA224BF9DD7671C375EC25519F9F1BCCCEDF,NO INJURY / DRIVE AWAY,"OVER $1,500",NO CONTROLS,PARKED MOTOR VEHICLE,41.9977561285,DAYLIGHT,-87.7034669424,2,30,FAILING TO YIELD RIGHT-OF-WAY,NO DEFECTS,DRY,FAILING TO YIELD RIGHT-OF-WAY,N,6406,NO CONTROLS,ONE-WAY,CLEAR,0.0,0.0,1.0,0.0,0.0,1.0,2,1,"[""Y""]","[""Y""]",[],"[""2025-10-05T14:20:00.000""]","[""2164170"", ""2164171""]","[""SIDE-LEFT-REAR"", ""SIDE-RIGHT-FRONT""]","[""IL""]","[""HONDA"", ""TOYOTA""]","[""AVOIDING VEHICLES/OBJECTS"", ""PARKED""]","[""COROLLA"", ""PILOT""]","[""0"", ""1""]","[""S""]","[""1"", ""2""]","[""DRIVER"", ""PARKED""]","[""UNKNOWN""]","[""2063011"", ""2063014""]","[""PASSENGER"", ""SPORT UTILITY VEHICLE (SUV)""]","[""NOT IN USE"", ""PERSONAL""]","[""2014"", ""2021""]",[],[],[],[],[],"[""Y""]",[],[],[],[],[],"[""Y""]",[],[],[],[],['21'],"[""DID NOT DEPLOY""]","[""TEST NOT OFFERED""]","[""PHILADELPHIA""]","[""2025-10-05T14:20:00.000""]","[""OTHER""]","[""UNKNOWN""]","[""C""]","[""PA""]","[""NONE""]","[""DOES NOT APPLY""]","[""O2164170""]","[""DRIVER""]","[""NORMAL""]","[""USAGE UNKNOWN""]","[""M""]","[""PA""]","[""2063011""]","[""19131""]","[""N/A""]",[],[],[],[],[],2025,10,14,5,True,afternoon,42.0,-87.7,42.0_-87.7,21.0,21,21,FAILURE-TO-YIELD,0