alignment,beat_of_occurrence,crash_date,crash_day_of_week,crash_hour,crash_month,crash_record_id,crash_type,damage,device_condition,first_crash_type,latitude,lighting_condition,longitude,num_units,posted_speed_limit,prim_contributory_cause,road_defect,roadway_surface_cond,sec_contributory_cause,street_direction,street_no,traffic_control_device,trafficway_type,weather_condition,private_property_i,hit_and_run_i,intersection_related_i,crash_date_est_i,work_zone_i,workers_present_i,veh_count,ppl_count,veh_area_01_i_list_json,veh_area_02_i_list_json,veh_area_12_i_list_json,veh_crash_date_list_json,veh_crash_unit_id_list_json,veh_first_contact_point_list_json,veh_lic_plate_state_list_json,veh_make_list_json,veh_maneuver_list_json,veh_model_list_json,veh_occupant_cnt_list_json,veh_travel_direction_list_json,veh_unit_no_list_json,veh_unit_type_list_json,veh_vehicle_defect_list_json,veh_vehicle_id_list_json,veh_vehicle_type_list_json,veh_vehicle_use_list_json,veh_vehicle_year_list_json,veh_area_03_i_list_json,veh_area_04_i_list_json,veh_area_11_i_list_json,veh_towed_by_list_json,veh_towed_i_list_json,veh_area_07_i_list_json,veh_area_99_i_list_json,veh_area_09_i_list_json,veh_area_10_i_list_json,veh_cmrc_veh_i_list_json,veh_num_passengers_list_json,veh_area_08_i_list_json,veh_area_00_i_list_json,veh_area_05_i_list_json,veh_area_06_i_list_json,veh_towed_to_list_json,ppl_age_list_json,ppl_airbag_deployed_list_json,ppl_bac_result_list_json,ppl_city_list_json,ppl_crash_date_list_json,ppl_driver_action_list_json,ppl_driver_vision_list_json,ppl_drivers_license_class_list_json,ppl_drivers_license_state_list_json,ppl_ejection_list_json,ppl_hospital_list_json,ppl_person_id_list_json,ppl_person_type_list_json,ppl_physical_condition_list_json,ppl_safety_equipment_list_json,ppl_sex_list_json,ppl_state_list_json,ppl_vehicle_id_list_json,ppl_zipcode_list_json,ppl_ems_agency_list_json,ppl_seat_no_list_json,ppl_pedpedal_action_list_json,ppl_pedpedal_location_list_json,ppl_pedpedal_visibility_list_json,ppl_ems_run_no_list_json,year,month,hour,day,is_weekend,hour_bin,lat_bin,lng_bin,grid_id,ppl_age_mean,ppl_age_min,ppl_age_max,prim_contributory_cause_group,ksi_flag
STRAIGHT AND LEVEL,1931,2025-10-05 14:10:00,1,14,10,C3C3BA84AC1AFD271AD0360ECEBC7EBC4901CFAE674E1498EE8B1F3FCD7AB2290BE56B757A08E6D9DD626BBD39A7C0A8E15F1FA5057D6EFD211FBC1BDD4AB9FD,NO INJURY / DRIVE AWAY,"OVER $1,500",FUNCTIONING PROPERLY,SIDESWIPE SAME DIRECTION,41.9288670185,DAYLIGHT,-87.6684221017,2,30,FAILING TO YIELD RIGHT-OF-WAY,UNKNOWN,DRY,NOT APPLICABLE,N,2600,TRAFFIC SIGNAL,DIVIDED - W/MEDIAN BARRIER,CLEAR,0.0,0.0,0.0,1.0,0.0,1.0,1,2,"[""N"", ""Y""]","[""N"", ""Y""]",[],"[""2025-10-05T14:10:00.000""]","[""2164166"", ""2164167""]","[""SIDE-LEFT"", ""SIDE-RIGHT-FRONT""]","[""IL""]","[""LAND ROVER"", ""TOYOTA""]","[""ENTERING TRAFFIC LANE FROM PARKING"", ""STRAIGHT AHEAD""]","[""DISCOVERY"", ""RAV4""]","[""1""]","[""N""]","[""1"", ""2""]","[""DRIVER""]","[""UNKNOWN""]","[""2063005"", ""2063020""]","[""PASSENGER"", ""UNKNOWN/NA""]","[""UNKNOWN/NA""]","[""2018"", ""2022""]",[],[],[],[],[],[],"[""N"", ""Y""]",[],[],[],[],[],[],[],[],[],"['28', '55']","[""DID NOT DEPLOY""]","[""TEST NOT OFFERED""]","[""BARTLETT"", ""CHICAGO""]","[""2025-10-05T14:10:00.000""]","[""FAILED TO YIELD"", ""NONE""]","[""UNKNOWN""]","[""D""]","[""IL""]","[""NONE""]",[],"[""O2164166"", ""O2164167""]","[""DRIVER""]","[""UNKNOWN""]","[""USAGE UNKNOWN""]","[""F""]","[""IL""]","[""2063005"", ""2063020""]","[""60103"", ""60613""]",[],[],[],[],[],[],2025,10,14,5,True,afternoon,41.93,-87.67,41.93_-87.67,41.5,28,55,FAILURE-TO-YIELD,0
STRAIGHT AND LEVEL,1922,2025-10-05 14:00:00,1,14,10,D0A5F8562335DEFC52540AAB13F6CDCFDB9E4010AEC25DA461C8028A2B2B549E39BC9C80D3DFE92DAD0E83C248BBED1B933B81B56105DFF976CCF803DC946787,NO INJURY / DRIVE AWAY,"OVER $1,500",NO CONTROLS,ANGLE,41.9477691506,DAYLIGHT,-87.6763011954,2,20,UNABLE TO DETERMINE,NO DEFECTS,DRY,NOT APPLICABLE,N,3628,NO CONTROLS,NOT DIVIDED,CLEAR,0.0,0.0,0.0,0.0,0.0,1.0,1,1,"[""Y""]",[],[],"[""2025-10-05T14:00:00.000""]","[""2165514"", ""2165515""]","[""FRONT"", ""FRONT-RIGHT-CORNER""]","[""IL""]","[""HONDA"", ""TOYOTA""]","[""STARTING IN TRAFFIC"", ""STRAIGHT AHEAD""]","[""CIVIC"", ""PRIUS""]","[""1""]","[""E"", ""S""]","[""1"", ""2""]","[""DRIVER""]","[""NONE""]","[""2064270"", ""2064271""]","[""PASSENGER""]","[""PERSONAL""]","[""2008"", ""2016""]",[],[],"[""Y""]",[],[],[],[],[],[],[],[],[],[],[],[],[],['24'],"[""DID NOT DEPLOY""]","[""TEST NOT OFFERED""]","[""CHICAGO""]","[""2025-10-05T14:00:00.000""]","[""NONE""]","[""NOT OBSCURED""]","[""D""]","[""IL""]","[""NONE""]",[],"[""O2165514"", ""O2165515""]","[""DRIVER""]","[""NORMAL""]","[""SAFETY BELT USED""]","[""F""]","[""IL""]","[""2064270"", ""2064271""]","[""60613"", ""60651""]",[],[],[],[],[],[],2025,10,14,5,True,afternoon,41.95,-87.68,41.95_-87.68,24.0,24,24,OTHER,0
STRAIGHT AND LEVEL,1424,2025-10-05 14:00:00,1,14,10,6CF2A648975F8F8581BEBB7907DA059B9E2390C919CC2FE077EC2B01EF2901E3D4D0C146503C8BB93730C2A5CC03D4D1E342DB63441B4BFFFB1421A30F2BC6DA,NO INJURY / DRIVE AWAY,"OVER $1,500",NO CONTROLS,PEDALCYCLIST,41.9064093268,DAYLIGHT,-87.6728377006,2,20,UNABLE TO DETERMINE,UNKNOWN,DRY,NOT APPLICABLE,N,1325,NO CONTROLS,ONE-WAY,CLEAR,0.0,1.0,0.0,0.0,0.0,1.0,2,0,"[""Y""]","[""Y""]",[],"[""2025-10-05T14:00:00.000""]","[""2164847"", ""2164848""]","[""SIDE-RIGHT""]","[""IL""]","[""FORD""]","[""PARKED""]","[""FOCUS""]","[""0""]","[""N""]","[""1"", ""2""]","[""BICYCLE"", ""PARKED""]","[""NONE""]","[""2063661""]","[""PASSENGER""]","[""NOT IN USE""]","[""2014""]","[""Y""]",[],[],[],[],[],[],[],[],[],[],[],[],[],[],[],[],[],"[""TEST NOT OFFERED""]",[],"[""2025-10-05T14:00:00.000""]","[""UNKNOWN""]","[""UNKNOWN""]",[],[],"[""UNKNOWN""]",[],"[""O2164847""]","[""BICYCLE""]","[""UNKNOWN""]","[""HELMET NOT USED""]","[""X""]",[],[],[],[],[],"[""UNKNOWN/NA""]","[""UNKNOWN/NA""]","[""NO CONTRASTING CLOTHING""]",[],2025,10,14,5,True,afternoon,41.91,-87.67,41.91_-87.67,0.0,0,0,OTHER,0
STRAIGHT AND LEVEL,1935,2025-10-05 13:55:00,1,13,10,29427CCD8CE7FE480C014075930E9C602C0E5C7AC9CD1F4A2701BDCA4F1260623CFF0120F769FC33714BF374943571AA2243A3802FF96B963D2A3E6E87FE9F81,NO INJURY / DRIVE AWAY,"OVER $1,500",NO CONTROLS,PARKED MOTOR VEHICLE,41.9322509673,DAYLIGHT,-87.6449304996,2,25,NOT APPLICABLE,NO DEFECTS,DRY,NOT APPLICABLE,N,2736,NO CONTROLS,NOT DIVIDED,CLEAR,0.0,0.0,0.0,0.0,0.0,1.0,2,2,"[""Y""]","[""Y""]",[],"[""2025-10-05T13:55:00.000""]","[""2164150"", ""2164151""]","[""SIDE-LEFT"", ""SIDE-RIGHT""]","[""CO"", ""MI""]","[""JEEP"", ""TOYOTA""]","[""PARKED"", ""STRAIGHT AHEAD""]","[""RAV4"", ""WRANGLER""]","[""1"", ""2""]","[""N""]","[""1"", ""2""]","[""DRIVER"", ""PARKED""]","[""NONE""]","[""2062996"", ""2063001""]","[""PASSENGER""]","[""PERSONAL""]","[""2011"", ""2020""]","[""Y""]","[""Y""]","[""N"", ""Y""]",[],[],"[""N"", ""Y""]",[],"[""N"", ""Y""]","[""N"", ""Y""]",[],"[""1""]","[""N"", ""Y""]",[],"[""Y""]",[],[],"['26', '32']","[""NOT APPLICABLE""]","[""TEST NOT OFFERED""]","[""HOPKINTON"", ""PUEBLO""]","[""2025-10-05T13:55:00.000""]","[""UNKNOWN""]","[""UNKNOWN""]",[],"[""MA""]","[""NONE""]",[],"[""O2164150"", ""P477620"", ""P477624""]","[""DRIVER"", ""PASSENGER""]","[""UNKNOWN""]","[""USAGE UNKNOWN""]","[""F"", ""M""]","[""CO"", ""MA""]","[""2062996"", ""2063001""]","[""01748"", ""81004""]",[],"[""1"", ""2""]",[],[],[],[],2025,10,13,5,True,afternoon,41.93,-87.64,41.93_-87.64,29.0,26,32,OTHER,0
STRAIGHT AND LEVEL,1531,2025-10-05 13:52:00,1,13,10,029705E50484814C19AD09BB34B91FF6F6E605E576D282EAA29C0EB85263F82640ED13F1F7D69D907D81922945D15E6D8536B35D307D3075DC951B4DC20A1E2B,INJURY AND / OR TOW DUE TO CRASH,"OVER $1,500",FUNCTIONING PROPERLY,ANGLE,41.8950930256,DAYLIGHT,-87.74845769,2,30,UNABLE TO DETERMINE,NO DEFECTS,DRY,UNABLE TO DETERMINE,W,4902,STOP SIGN/FLASHER,NOT DIVIDED,CLEAR,0.0,1.0,0.0,0.0,0.0,1.0,1,1,"[""Y""]","[""Y""]","[""Y""]","[""2025-10-05T13:52:00.000""]","[""2164207"", ""2164208""]","[""FRONT"", ""UNKNOWN""]","[""IL""]","[""BMW"", ""HONDA""]","[""STRAIGHT AHEAD""]","[""CIVIC"", ""OTHER (EXPLAIN IN NARRATIVE)""]","[""1"", ""3""]","[""E"", ""S""]","[""1"", ""2""]","[""DRIVER""]","[""UNKNOWN""]","[""2063041"", ""2063054""]","[""PASSENGER""]","[""PERSONAL""]","[""2019""]",[],[],"[""Y""]","[""UNKNOWN""]","[""Y""]",[],[],[],[],[],"[""2""]",[],[],[],[],"[""627 N LEAMINGTONAVE""]",['26'],"[""DEPLOYMENT UNKNOWN"", ""DID NOT DEPLOY"", ""NOT APPLICABLE""]","[""TEST NOT OFFERED""]","[""CHICAGO""]","[""2025-10-05T13:52:00.000""]","[""FAILED TO YIELD"", ""NONE""]","[""NOT OBSCURED"", ""UNKNOWN""]","[""D""]","[""IL"", ""XX""]","[""NONE""]",[],"[""O2164207"", ""O2164208"", ""P477627"", ""P477628""]","[""DRIVER"", ""PASSENGER""]","[""NORMAL"", ""UNKNOWN""]","[""SAFETY BELT USED"", ""USAGE UNKNOWN""]","[""F"", ""M""]","[""IL""]","[""2063041"", ""2063054""]","[""60644""]",[],"[""10"", ""12""]",[],[],[],[],2025,10,13,5,True,afternoon,41.9,-87.75,41.9_-87.75,26.0,26,26,OTHER,0
STRAIGHT AND LEVEL,1112,2025-10-05 13:52:00,1,13,10,B981195C6C16F61C9709752D0C191781999A617C4536E3D999B494F194BB874818220120B5972BAF61C5FF83BB8CEEEE940FEF98210EA7F4ACA67A8251077182,NO INJURY / DRIVE AWAY,"OVER $1,500",NO CONTROLS,REAR TO SIDE,41.902047793,DAYLIGHT,-87.7224774023,2,30,IMPROPER LANE USAGE,NO DEFECTS,DRY,NOT APPLICABLE,N,1139,NO CONTROLS,ALLEY,CLEAR,0.0,0.0,1.0,0.0,0.0,1.0,1,2,[],[],[],"[""2025-10-05T13:52:00.000""]","[""2164168"", ""2164169""]","[""REAR"", ""SIDE-RIGHT""]","[""IL""]","[""CHEVROLET"", ""HONDA""]","[""DIVERGING"", ""DRIVING WRONG WAY""]","[""CR-V"", ""EQUINOX""]","[""1""]","[""N"", ""UNKNOWN""]","[""1"", ""2""]","[""DRIVER""]","[""UNKNOWN""]","[""2062999"", ""2063006""]","[""PASSENGER""]","[""PERSONAL""]","[""2008"", ""2015""]",[],[],"[""Y""]",[],[],"[""Y""]",[],"[""Y""]","[""Y""]",[],[],"[""Y""]",[],[],"[""Y""]",[],"['20', '26']","[""NOT APPLICABLE""]","[""TEST NOT OFFERED""]","[""CHICAGO""]","[""2025-10-05T13:52:00.000""]","[""FAILED TO YIELD"", ""IMPROPER PARKING""]","[""NOT OBSCURED"", ""UNKNOWN""]","[""D""]","[""IL""]","[""NONE""]",[],"[""O2164168"", ""O2164169""]","[""DRIVER""]","[""NORMAL"", ""UNKNOWN""]","[""NONE PRESENT""]","[""M""]","[""IL""]","[""2062999"", ""2063006""]","[""60644"", ""60651""]",[],[],[],[],[],[],2025,10,13,5,True,afternoon,41.9,-87.72,41.9_-87.72,23.0,20,26,OTHER,0
STRAIGHT AND LEVEL,913,2025-10-05 13:51:00,1,13,10,220B3FCF810EBDEEA9A1EFB53B8ED4276EBCB264368BE3C4AF213BA3780D81C45BE8837AFDBB8B58C4D75DE4CE8348164EE860013A8A90A833067BCB7BB980AE,NO INJURY / DRIVE AWAY,$500 OR LESS,NO CONTROLS,REAR TO SIDE,41.8378374026,DAYLIGHT,-87.6536207854,2,30,IMPROPER BACKING,NO DEFECTS,DRY,NOT APPLICABLE,W,1101,NO CONTROLS,PARKING LOT,CLEAR,0.0,0.0,0.0,0.0,0.0,1.0,1,2,[],[],[],"[""2025-10-05T13:51:00.000""]","[""2164189"", ""2164190""]","[""REAR"", ""SIDE-RIGHT""]","[""GA"", ""IL""]","[""KIA"", ""NISSAN""]","[""BACKING"", ""UNKNOWN/NA""]","[""ALTIMA"", ""OPTIMA / K5""]","[""1""]","[""N"", ""W""]","[""1"", ""2""]","[""DRIVER""]","[""NONE""]","[""2063027"", ""2063037""]","[""PASSENGER""]","[""PERSONAL""]","[""2017"", ""2025""]","[""Y""]",[],[],[],[],[],[],[],[],[],[],[],"[""Y""]",[],[],[],"['31', '48']","[""DID NOT DEPLOY"", ""NOT APPLICABLE""]","[""TEST NOT OFFERED""]","[""CHICAGO"", ""RIVERDALE""]","[""2025-10-05T13:51:00.000""]","[""IMPROPER BACKING"", ""NONE""]","[""NOT OBSCURED""]","[""B""]","[""IL""]","[""NONE""]",[],"[""O2164189"", ""O2164190""]","[""DRIVER""]","[""EMOTIONAL"", ""NORMAL""]","[""NONE PRESENT"", ""USAGE UNKNOWN""]","[""F""]","[""IL""]","[""2063027"", ""2063037""]","[""60617"", ""60827""]",[],[],[],[],[],[],2025,10,13,5,True,afternoon,41.84,-87.65,41.84_-87.65,39.5,31,48,OTHER,0
STRAIGHT AND LEVEL,912,2025-10-05 13:50:00,1,13,10,DF5E5F66567254B7D3E69BEA90DDE68F8BCB87B5A9E8983B1FD44D144A7247C21949262F64A5B79AA41F844402B254E70555AFFE512A6B90223D2CC9DDCE37D3,NO INJURY / DRIVE AWAY,$500 OR LESS,NO CONTROLS,PARKED MOTOR VEHICLE,41.8364683477,DAYLIGHT,-87.6655669021,2,15,UNABLE TO DETERMINE,NO DEFECTS,DRY,UNABLE TO DETERMINE,S,3145,NO CONTROLS,PARKING LOT,CLEAR,0.0,1.0,0.0,0.0,0.0,1.0,2,0,"[""Y""]","[""Y""]",[],"[""2025-10-05T13:50:00.000""]","[""2164187"", ""2164188""]","[""FRONT-RIGHT-CORNER"", ""UNKNOWN""]","[""IL""]","[""HONDA"", ""UNKNOWN""]","[""PARKED"", ""STRAIGHT AHEAD""]","[""HR-V"", ""OTHER (EXPLAIN IN NARRATIVE)""]","[""0"", ""1""]","[""W""]","[""1"", ""2""]","[""DRIVER"", ""PARKED""]","[""UNKNOWN""]","[""2063018"", ""2063019""]","[""PASSENGER"", ""UNKNOWN/NA""]","[""PERSONAL""]","[""2025""]",[],[],[],[],[],[],"[""Y""]",[],[],[],[],[],[],[],[],[],[],"[""DEPLOYMENT UNKNOWN""]","[""TEST NOT OFFERED""]",[],"[""2025-10-05T13:50:00.000""]","[""UNKNOWN""]","[""UNKNOWN""]",[],[],"[""NONE""]",[],"[""O2164187""]","[""DRIVER""]","[""UNKNOWN""]","[""USAGE UNKNOWN""]","[""X""]",[],"[""2063018""]",[],[],[],[],[],[],[],2025,10,13,5,True,afternoon,41.84,-87.67,41.84_-87.67,0.0,0,0,OTHER,0
STRAIGHT AND LEVEL,432,2025-10-05 13:50:00,1,13,10,0845D49E2C43A2D013ECF7495D2A0C97285C8469148DD99D331347ACA4879108F0C36273ED0A800DCAC40C0F4C2579E56A6DC9658DAAB0E1489E82A705774AF3,NO INJURY / DRIVE AWAY,"OVER $1,500",FUNCTIONING PROPERLY,ANGLE,41.7139856831,DAYLIGHT,-87.5368812915,2,30,FAILING TO YIELD RIGHT-OF-WAY,NO DEFECTS,DRY,NOT APPLICABLE,E,3550,STOP SIGN/FLASHER,DIVIDED - W/MEDIAN (NOT RAISED),CLEAR,0.0,1.0,1.0,0.0,0.0,1.0,1,1,[],[],[],"[""2025-10-05T13:50:00.000""]","[""2164199"", ""2164200""]","[""FRONT-LEFT-CORNER""]","[""IL""]","[""AUDI"", ""NISSAN""]","[""STRAIGHT AHEAD""]","[""ALTIMA"", ""Q3""]","[""1""]","[""S"", ""W""]","[""1"", ""2""]","[""DRIVER""]","[""NONE"", ""UNKNOWN""]","[""2063029"", ""2063031""]","[""PASSENGER""]","[""PERSONAL"", ""UNKNOWN/NA""]","[""2017""]",[],[],"[""Y""]",[],[],[],[],[],[],[],[],[],[],[],[],[],['28'],"[""DEPLOYMENT UNKNOWN"", ""DID NOT DEPLOY""]","[""TEST NOT OFFERED""]","[""HARVEY""]","[""2025-10-05T13:50:00.000""]","[""FAILED TO YIELD"", ""NONE""]","[""NOT OBSCURED"", ""UNKNOWN""]","[""D""]","[""IL""]","[""NONE""]",[],"[""O2164199"", ""O2164200""]","[""DRIVER""]","[""NORMAL"", ""UNKNOWN""]","[""SAFETY BELT USED"", ""USAGE UNKNOWN""]","[""F"", ""M""]","[""IL""]","[""2063029"", ""2063031""]","[""60426""]",[],[],[],[],[],[],2025,10,13,5,True,afternoon,41.71,-87.54,41.71_-87.54,28.0,28,28,FAILURE-TO-YIELD,0
STRAIGHT AND LEVEL,2212,2025-10-05 13:45:00,1,13,10,83DE11BCD557814626BBA61CED8A6944D3DBB55F0BD8593AC2D122E89B8A0033ED8407D9D0CD137DF540562C0B6431869BE16116A4CD1028377091D16B54DBEA,NO INJURY / DRIVE AWAY,"OVER $1,500",FUNCTIONING PROPERLY,REAR END,41.7065016007,DAYLIGHT,-87.6673355035,2,30,FOLLOWING TOO CLOSELY,NO DEFECTS,DRY,UNABLE TO DETERMINE,W,1805,TRAFFIC SIGNAL,DIVIDED - W/MEDIAN (NOT RAISED),CLEAR,0.0,0.0,0.0,0.0,0.0,1.0,1,2,[],[],"[""Y""]","[""2025-10-05T13:45:00.000""]","[""2164141"", ""2164142""]","[""FRONT"", ""REAR""]","[""IL""]","[""CHEVROLET""]","[""SLOW/STOP IN TRAFFIC"", ""STRAIGHT AHEAD""]","[""EQUINOX"", ""SILVERADO""]","[""1""]","[""E""]","[""1"", ""2""]","[""DRIVER""]","[""NONE""]","[""2062981"", ""2062983""]","[""PASSENGER"", ""PICKUP""]","[""PERSONAL""]","[""2019"", ""2020""]",[],[],[],[],[],[],[],[],[],[],[],[],[],[],"[""Y""]",[],"['37', '49']","[""DID NOT DEPLOY"", ""NOT APPLICABLE""]","[""TEST NOT OFFERED""]","[""CHICAGO""]","[""2025-10-05T13:45:00.000""]","[""FOLLOWED TOO CLOSELY"", ""NONE""]","[""NOT OBSCURED""]","[""D""]","[""IL"", ""VA""]","[""NONE""]",[],"[""O2164141"", ""O2164142""]","[""DRIVER""]","[""NORMAL""]","[""SAFETY BELT USED""]","[""F"", ""M""]","[""IL""]","[""2062981"", ""2062983""]","[""60628"", ""60655""]",[],[],[],[],[],[],2025,10,13,5,True,afternoon,41.71,-87.67,41.71_-87.67,43.0,37,49,FOLLOWING TOO CLOSELY,0
STRAIGHT AND LEVEL,2535,2025-10-05 13:45:00,1,13,10,9845AB032DE05316E3562819F8BA248B3C671851070F8527FA7796A50729106DC4AC11B0738BB5890ED64D98CB60288E0F20A82E2CCF166094776D68FA28E583,NO INJURY / DRIVE AWAY,"OVER $1,500",FUNCTIONING PROPERLY,TURNING,41.9082120835,DAYLIGHT,-87.7217552269,2,30,FAILING TO YIELD RIGHT-OF-WAY,NO DEFECTS,DRY,DISREGARDING STOP SIGN,N,1500,STOP SIGN/FLASHER,TRAFFIC ROUTE,CLEAR,0.0,0.0,1.0,0.0,0.0,1.0,1,2,"[""Y""]","[""Y""]","[""Y""]","[""2025-10-05T13:45:00.000""]","[""2164185"", ""2164186""]","[""FRONT"", ""FRONT-LEFT-CORNER""]","[""WI""]","[""HONDA"", ""KIA""]","[""STRAIGHT AHEAD"", ""TURNING LEFT""]","[""ACCORD"", ""FORTE""]","[""1""]","[""N"", ""SW""]","[""1"", ""2""]","[""DRIVER""]","[""NONE""]","[""2063058"", ""2063073""]","[""PASSENGER""]","[""PERSONAL""]","[""2017"", ""2022""]",[],[],"[""Y""]",[],[],[],[],[],"[""Y""]",[],[],[],[],[],[],[],"['26', '33']","[""NOT APPLICABLE""]","[""TEST NOT OFFERED""]","[""CHICAGO""]","[""2025-10-05T13:45:00.000""]","[""DISREGARDED CONTROL DEVICES"", ""UNKNOWN""]","[""NOT OBSCURED""]","[""D""]","[""IL""]","[""UNKNOWN""]",[],"[""O2164185"", ""O2164186""]","[""DRIVER""]","[""NORMAL""]","[""USAGE UNKNOWN""]","[""M""]","[""IL""]","[""2063058"", ""2063073""]","[""60651"", ""60660""]",[],[],[],[],[],[],2025,10,13,5,True,afternoon,41.91,-87.72,41.91_-87.72,29.5,26,33,FAILURE-TO-YIELD,0
STRAIGHT AND LEVEL,412,2025-10-05 13:37:00,1,13,10,AF63F3CB8A2CF159DC3B4B1BD5739FBD799C63E54B52EBF463CB33E0FFEA8F683821220CFA7E4AD9F3CC9AA405E5A0FD92A8DD37B89CD1765A2898E0B1562DF5,INJURY AND / OR TOW DUE TO CRASH,"$501 - $1,500",NO CONTROLS,PARKED MOTOR VEHICLE,41.7336159552,DAYLIGHT,-87.5754893615,3,30,IMPROPER LANE USAGE,NO DEFECTS,DRY,NOT APPLICABLE,S,8855,NO CONTROLS,DIVIDED - W/MEDIAN (NOT RAISED),CLEAR,0.0,0.0,0.0,0.0,0.0,1.0,3,2,[],"[""Y""]",[],"[""2025-10-05T13:37:00.000""]","[""2164148"", ""2164149"", ""2164180""]","[""SIDE-LEFT"", ""SIDE-RIGHT""]","[""IL""]","[""KIA"", ""MERCURY""]","[""PARKED"", ""STRAIGHT AHEAD""]","[""FORTE"", ""GRAND MARQUIS""]","[""0"", ""1""]","[""N""]","[""1"", ""2"", ""3""]","[""DRIVER"", ""PARKED"", ""PEDESTRIAN""]","[""NONE""]","[""2063010"", ""2063013""]","[""PASSENGER""]","[""NOT IN USE"", ""PERSONAL""]","[""2005"", ""2018""]",[],[],[],[],[],[],[],"[""Y""]",[],[],[],"[""Y""]",[],[],[],[],"['37', '83']","[""DID NOT DEPLOY""]","[""TEST NOT OFFERED""]","[""CHICAGO""]","[""2025-10-05T13:37:00.000""]","[""NONE"", ""OTHER""]","[""NOT OBSCURED""]",[],"[""IL""]","[""NONE""]",[],"[""O2164148"", ""O2164149""]","[""DRIVER"", ""PEDESTRIAN""]","[""NORMAL""]","[""NONE PRESENT"", ""SAFETY BELT USED""]","[""F""]","[""IL""]","[""2063010""]","[""60620"", ""60628""]","[""CFD AMB 9""]",[],"[""OTHER ACTION""]","[""SHOULDER""]","[""NO CONTRASTING CLOTHING""]",[],2025,10,13,5,True,afternoon,41.73,-87.58,41.73_-87.58,60.0,37,83,OTHER,1
STRAIGHT AND LEVEL,213,2025-10-05 13:32:00,1,13,10,E56EE5E2FC0B9D44B419F0E4FB879B170C9E18004430938873215E7293440EA07C59528F1B30524EFE6575FE8C2869598E120D2ACA5B4FBCB2A6EDC492A97EA3,INJURY AND / OR TOW DUE TO CRASH,"OVER $1,500",FUNCTIONING PROPERLY,PARKED MOTOR VEHICLE,41.816662565,DAYLIGHT,-87.6222647175,3,30,UNABLE TO DETERMINE,NO DEFECTS,DRY,UNABLE TO DETERMINE,E,116,TRAFFIC SIGNAL,NOT DIVIDED,CLEAR,0.0,1.0,0.0,0.0,0.0,1.0,2,0,"[""Y""]",[],"[""Y""]","[""2025-10-05T13:32:00.000""]","[""2164455"", ""2164456"", ""2164457""]","[""FRONT"", ""FRONT-RIGHT-CORNER"", ""SIDE-LEFT""]","[""IL""]","[""ACURA"", ""CHEVROLET"", ""FORD""]","[""PARKED"", ""UNKNOWN/NA""]","[""ILX"", ""OTHER (EXPLAIN IN NARRATIVE)""]","[""0"", ""1""]","[""UNKNOWN"", ""W""]","[""1"", ""2"", ""3""]","[""DRIVER"", ""PARKED""]","[""UNKNOWN""]","[""2063278"", ""2063279"", ""2063280""]","[""PASSENGER"", ""SPORT UTILITY VEHICLE (SUV)""]","[""NOT IN USE"", ""PERSONAL""]","[""2008"", ""2017"", ""2021""]",[],[],"[""Y""]",[],[],"[""Y""]",[],"[""Y""]",[],[],[],"[""Y""]",[],[],[],[],[],"[""DEPLOYED, COMBINATION""]","[""TEST NOT OFFERED""]",[],"[""2025-10-05T13:32:00.000""]","[""UNKNOWN""]","[""UNKNOWN""]",[],[],"[""NONE""]",[],"[""O2164455""]","[""DRIVER""]","[""UNKNOWN""]","[""USAGE UNKNOWN""]","[""F""]",[],"[""2063278""]",[],[],[],[],[],[],[],2025,10,13,5,True,afternoon,41.82,-87.62,41.82_-87.62,0.0,0,0,OTHER,1
STRAIGHT AND LEVEL,1433,2025-10-05 13:30:00,1,13,10,DFEC53821AE0474CB32A73C86580387188E71043B542779684473A98FE4A7375F85FD01FFA9BB2ADBD25DE51DAB3366922F5E8FD449B9C92E8459198D5BC407F,NO INJURY / DRIVE AWAY,"OVER $1,500",NO CONTROLS,SIDESWIPE SAME DIRECTION,41.9035352442,UNKNOWN,-87.6619319996,2,25,NOT APPLICABLE,UNKNOWN,UNKNOWN,NOT APPLICABLE,W,1334,NO CONTROLS,NOT DIVIDED,CLEAR,0.0,0.0,0.0,0.0,0.0,1.0,1,2,"[""Y""]","[""Y""]","[""Y""]","[""2025-10-05T13:30:00.000""]","[""2164128"", ""2164129""]","[""FRONT-RIGHT-CORNER"", ""SIDE-LEFT""]","[""IA"", ""IL""]","[""DODGE"", ""LEXUS""]","[""UNKNOWN/NA""]","[""ES300"", ""OTHER (EXPLAIN IN NARRATIVE)""]","[""1""]","[""UNKNOWN""]","[""1"", ""2""]","[""DRIVER""]","[""UNKNOWN""]","[""2062968"", ""2062971""]","[""PASSENGER""]","[""PERSONAL""]","[""1998"", ""2024""]",[],[],"[""Y""]",[],[],"[""Y""]",[],"[""Y""]","[""Y""]",[],[],"[""Y""]",[],[],"[""Y""]",[],"['34', '42']","[""NOT APPLICABLE""]","[""TEST NOT OFFERED""]","[""BURLINGTON"", ""CHICAGO""]","[""2025-10-05T13:30:00.000""]","[""UNKNOWN""]","[""UNKNOWN""]",[],"[""IA"", ""IL""]","[""NONE""]",[],"[""O2164128"", ""O2164129""]","[""DRIVER""]","[""UNKNOWN""]","[""USAGE UNKNOWN""]","[""F"", ""M""]","[""IA"", ""IL""]","[""2062968"", ""2062971""]","[""52601"", ""60622""]",[],[],[],[],[],[],2025,10,13,5,True,afternoon,41.9,-87.66,41.9_-87.66,38.0,34,42,OTHER,0