alignment,beat_of_occurrence,crash_date,crash_day_of_week,crash_hour,crash_month,crash_record_id,crash_type,damage,device_condition,first_crash_type,latitude,lighting_condition,longitude,num_units,posted_speed_limit,prim_contributory_cause,road_defect,roadway_surface_cond,sec_contributory_cause,street_direction,street_no,traffic_control_device,trafficway_type,weather_condition,private_property_i,hit_and_run_i,intersection_related_i,crash_date_est_i,work_zone_i,workers_present_i,veh_count,ppl_count,veh_area_01_i_list_json,veh_area_02_i_list_json,veh_area_12_i_list_json,veh_crash_date_list_json,veh_crash_unit_id_list_json,veh_first_contact_point_list_json,veh_lic_plate_state_list_json,veh_make_list_json,veh_maneuver_list_json,veh_model_list_json,veh_occupant_cnt_list_json,veh_travel_direction_list_json,veh_unit_no_list_json,veh_unit_type_list_json,veh_vehicle_defect_list_json,veh_vehicle_id_list_json,veh_vehicle_type_list_json,veh_vehicle_use_list_json,veh_vehicle_year_list_json,veh_area_03_i_list_json,veh_area_04_i_list_json,veh_area_11_i_list_json,veh_towed_by_list_json,veh_towed_i_list_json,veh_area_07_i_list_json,veh_area_99_i_list_json,veh_area_09_i_list_json,veh_area_10_i_list_json,veh_cmrc_veh_i_list_json,veh_num_passengers_list_json,veh_area_08_i_list_json,veh_area_00_i_list_json,veh_area_05_i_list_json,veh_area_06_i_list_json,veh_towed_to_list_json,ppl_age_list_json,ppl_airbag_deployed_list_json,ppl_bac_result_list_json,ppl_city_list_json,ppl_crash_date_list_json,ppl_driver_action_list_json,ppl_driver_vision_list_json,ppl_drivers_license_class_list_json,ppl_drivers_license_state_list_json,ppl_ejection_list_json,ppl_hospital_list_json,ppl_person_id_list_json,ppl_person_type_list_json,ppl_physical_condition_list_json,ppl_safety_equipment_list_json,ppl_sex_list_json,ppl_state_list_json,ppl_vehicle_id_list_json,ppl_zipcode_list_json,ppl_ems_agency_list_json,ppl_seat_no_list_json,ppl_pedpedal_action_list_json,ppl_pedpedal_location_list_json,ppl_pedpedal_visibility_list_json,ppl_ems_run_no_list_json,year,month,hour,day,is_weekend,hour_bin,lat_bin,lng_bin,grid_id,ppl_age_mean,ppl_age_min,ppl_age_max,prim_contributory_cause_group,ksi_flag
STRAIGHT AND LEVEL,2534,2025-10-05 13:30:00,1,13,10,9BCA43F5327547F7A6AA9DD06374A786C3CD6F78B292661D019EEB3E893AE945171E0EE198D8D8D8891B87C4345D6DF5C32E13B68B9C4C296B943A7CF9AE18E0,NO INJURY / DRIVE AWAY,"OVER $1,500",NO CONTROLS,ANGLE,41.9170035259,DAYLIGHT,-87.7315819915,2,20,IMPROPER BACKING,NO DEFECTS,DRY,NOT APPLICABLE,N,1982,NO CONTROLS,ONE-WAY,CLEAR,0.0,0.0,0.0,0.0,0.0,1.0,1,2,[],[],[],"[""2025-10-05T13:30:00.000""]","[""2164417"", ""2164418""]","[""REAR"", ""REAR-RIGHT-CORNER""]","[""IL""]","[""HYUNDAI"", ""SCION""]","[""BACKING"", ""STRAIGHT AHEAD""]","[""PALISADE"", ""XB""]","[""1""]","[""N"", ""W""]","[""1"", ""2""]","[""DRIVER""]","[""NONE""]","[""2063237"", ""2063238""]","[""PASSENGER""]","[""PERSONAL""]","[""2010"", ""2025""]",[],"[""N"", ""Y""]",[],[],[],"[""Y""]",[],[],[],[],[],[],[],"[""Y""]","[""Y""]",[],"['33', '43']","[""NOT APPLICABLE""]","[""TEST NOT OFFERED""]","[""CHICAGO""]","[""2025-10-05T13:30:00.000""]","[""IMPROPER BACKING"", ""NONE""]","[""NOT OBSCURED""]","[""D""]","[""IL""]","[""NONE""]",[],"[""O2164417"", ""O2164418""]","[""DRIVER""]","[""NORMAL""]","[""SAFETY BELT USED""]","[""F""]","[""IL""]","[""2063237"", ""2063238""]","[""60639"", ""60647""]",[],[],[],[],[],[],2025,10,13,5,True,afternoon,41.92,-87.73,41.92_-87.73,38.0,33,43,OTHER,0
STRAIGHT AND LEVEL,1731,2025-10-05 13:30:00,1,13,10,5F55DE2CD4A35085C1295C8842E05CD59EA07AC44AF889FC5CF5A7A5BA1801EEB7D660FFB3916AB9E14A5B572FA4AEA02B28E9D6E2CE80748DD119646194E93E,NO INJURY / DRIVE AWAY,"OVER $1,500",NO CONTROLS,TURNING,41.939022692,DAYLIGHT,-87.7406489907,2,30,FOLLOWING TOO CLOSELY,UNKNOWN,UNKNOWN,NOT APPLICABLE,W,4528,NO CONTROLS,DIVIDED - W/MEDIAN (NOT RAISED),CLEAR,0.0,0.0,0.0,0.0,0.0,1.0,1,3,"[""Y""]",[],"[""Y""]","[""2025-10-05T13:30:00.000""]","[""2164160"", ""2164161""]","[""FRONT"", ""REAR""]","[""IL""]","[""JEEP"", ""SUBARU""]","[""STRAIGHT AHEAD"", ""TURNING LEFT""]","[""CHEROKEE"", ""FORESTER""]","[""1"", ""2""]","[""W""]","[""1"", ""2""]","[""DRIVER""]","[""UNKNOWN""]","[""2062994"", ""2063004""]","[""PASSENGER"", ""SPORT UTILITY VEHICLE (SUV)""]","[""PERSONAL""]","[""2014"", ""2023""]",[],[],"[""Y""]",[],[],"[""Y""]",[],[],[],[],"[""1""]",[],[],"[""Y""]","[""Y""]",[],"['20', '39', '68']","[""DEPLOYMENT UNKNOWN""]","[""TEST NOT OFFERED""]","[""CHICAGO""]","[""2025-10-05T13:30:00.000""]","[""NONE"", ""UNKNOWN""]","[""UNKNOWN""]","[""D""]","[""IL""]","[""UNKNOWN""]",[],"[""O2164160"", ""O2164161"", ""P477619""]","[""DRIVER"", ""PASSENGER""]","[""UNKNOWN""]","[""USAGE UNKNOWN""]","[""F"", ""M""]","[""IL""]","[""2062994"", ""2063004""]","[""60641""]",[],"[""3""]",[],[],[],[],2025,10,13,5,True,afternoon,41.94,-87.74,41.94_-87.74,42.333333333333336,20,68,FOLLOWING TOO CLOSELY,0
STRAIGHT AND LEVEL,2515,2025-10-05 13:30:00,1,13,10,51B7E8FD267B2D6AD1E8BBB790F14D30DD2BCD6C785C837B369073A3D201E164FE5029211735B4F003E4B779C03B834DED30D04C5F3E7B0339C54F53F868761B,NO INJURY / DRIVE AWAY,"OVER $1,500",NO CONTROLS,REAR END,41.9240335497,DAYLIGHT,-87.7697014301,2,30,FOLLOWING TOO CLOSELY,UNKNOWN,DRY,NOT APPLICABLE,W,5730,STOP SIGN/FLASHER,FOUR WAY,CLEAR,0.0,1.0,1.0,0.0,0.0,1.0,1,1,[],[],"[""Y""]","[""2025-10-05T13:30:00.000""]","[""2164174"", ""2164175""]","[""FRONT"", ""REAR""]","[""IL""]","[""CHEVROLET"", ""HONDA""]","[""SLOW/STOP IN TRAFFIC"", ""STRAIGHT AHEAD""]","[""CIVIC"", ""SILVERADO""]","[""1""]","[""W""]","[""1"", ""2""]","[""DRIVER""]","[""UNKNOWN""]","[""2063009"", ""2063012""]","[""PICKUP"", ""SPORT UTILITY VEHICLE (SUV)""]","[""PERSONAL"", ""UNKNOWN/NA""]","[""2016"", ""2018""]",[],[],[],[],[],"[""Y""]",[],[],[],[],[],[],[],"[""Y""]","[""Y""]",[],['0'],"[""DEPLOYMENT UNKNOWN"", ""NOT APPLICABLE""]","[""TEST NOT OFFERED""]","[""CHICAGO""]","[""2025-10-05T13:30:00.000""]","[""FAILED TO YIELD""]","[""UNKNOWN""]",[],"[""IL""]","[""NONE""]",[],"[""O2164174"", ""O2164175""]","[""DRIVER""]","[""UNKNOWN""]","[""USAGE UNKNOWN""]","[""M"", ""X""]","[""IL""]","[""2063009"", ""2063012""]","[""60651""]",[],[],[],[],[],[],2025,10,13,5,True,afternoon,41.92,-87.77,41.92_-87.77,0.0,0,0,FOLLOWING TOO CLOSELY,0
STRAIGHT AND LEVEL,734,2025-10-05 13:19:00,1,13,10,69A4AF3F8A028A91DF125D6F1E083A8FADD4D69A0DF0235B05751D148A648530A7F1D1235A9C674818BEB1ECC95D62D1FA2E0F946CEE29E7E9EB6DE7F52D4677,INJURY AND / OR TOW DUE TO CRASH,"OVER $1,500",FUNCTIONING PROPERLY,ANGLE,41.7594343236,DAYLIGHT,-87.6589700191,2,30,DISREGARDING TRAFFIC SIGNALS,NO DEFECTS,DRY,NOT APPLICABLE,S,7400,TRAFFIC SIGNAL,NOT DIVIDED,CLEAR,0.0,0.0,0.0,0.0,0.0,1.0,1,3,"[""Y""]","[""Y""]","[""Y""]","[""2025-10-05T13:19:00.000""]","[""2164136"", ""2164137""]","[""FRONT"", ""SIDE-RIGHT""]","[""IL"", ""IN""]","[""NISSAN"", ""VOLKSWAGEN""]","[""STRAIGHT AHEAD""]","[""ALTIMA"", ""JETTA""]","[""1"", ""2""]","[""N"", ""W""]","[""1"", ""2""]","[""DRIVER""]","[""UNKNOWN""]","[""2062974"", ""2062977""]","[""PASSENGER""]","[""PERSONAL""]","[""2019"", ""2023""]","[""Y""]","[""Y""]","[""Y""]","[""PRIVATE""]","[""Y""]",[],[],[],[],[],"[""1""]",[],[],"[""Y""]",[],"[""PRIVATE""]","['28', '39', '61']","[""DEPLOYED, COMBINATION""]","[""TEST NOT OFFERED""]","[""CHICAGO""]","[""2025-10-05T13:19:00.000""]","[""DISREGARDED CONTROL DEVICES"", ""UNKNOWN""]","[""UNKNOWN""]","[""D""]","[""IL""]","[""NONE""]","[""HOLY CROSS""]","[""O2164136"", ""O2164137"", ""P477616""]","[""DRIVER"", ""PASSENGER""]","[""NORMAL""]","[""USAGE UNKNOWN""]","[""F"", ""M""]","[""IL""]","[""2062974"", ""2062977""]","[""60612"", ""60621""]","[""CFD""]","[""3""]",[],[],[],"[""27""]",2025,10,13,5,True,afternoon,41.76,-87.66,41.76_-87.66,42.666666666666664,28,61,OTHER,1
STRAIGHT AND LEVEL,1624,2025-10-05 13:15:00,1,13,10,DC95F9455D60E9AA9C5346F6D1BB1DA72F5E582B11DA35C15CD7014C080B80CAAD42D74E54152C5C1132CDE11157497FED784DCC47283CEBD61B142E08459096,INJURY AND / OR TOW DUE TO CRASH,"OVER $1,500",NO CONTROLS,REAR END,41.9601322897,DAYLIGHT,-87.7866552492,2,30,UNABLE TO DETERMINE,UNKNOWN,UNKNOWN,UNABLE TO DETERMINE,N,4399,NO CONTROLS,NOT DIVIDED,CLEAR,0.0,0.0,0.0,0.0,0.0,1.0,1,3,"[""Y""]",[],"[""Y""]","[""2025-10-05T13:15:00.000""]","[""2164197"", ""2164198""]","[""FRONT"", ""REAR""]","[""IL""]","[""FORD"", ""UNKNOWN""]","[""STRAIGHT AHEAD""]","[""F150"", ""MOTORIZED""]","[""1"", ""2""]","[""N""]","[""1"", ""2""]","[""DRIVER""]","[""UNKNOWN""]","[""2063025"", ""2063035""]","[""PICKUP"", ""UNKNOWN/NA""]","[""UNKNOWN/NA""]","[""2019"", ""2023""]",[],[],"[""Y""]",[],[],"[""Y""]",[],[],[],[],"[""1""]",[],[],"[""Y""]","[""Y""]",[],"['56', '63', '65']","[""NOT APPLICABLE""]","[""TEST NOT OFFERED""]","[""CHICAGO"", ""DES PLAINES""]","[""2025-10-05T13:15:00.000""]","[""UNKNOWN""]","[""UNKNOWN""]","[""D""]","[""IL""]","[""NONE""]",[],"[""O2164197"", ""O2164198"", ""P477625""]","[""DRIVER"", ""PASSENGER""]","[""NORMAL"", ""UNKNOWN""]","[""USAGE UNKNOWN""]","[""F"", ""M""]","[""IL""]","[""2063025"", ""2063035""]","[""60018"", ""60656""]",[],"[""3""]",[],[],[],[],2025,10,13,5,True,afternoon,41.96,-87.79,41.96_-87.79,61.333333333333336,56,65,OTHER,1
STRAIGHT AND LEVEL,1814,2025-10-05 13:13:00,1,13,10,5A5A4AF08BB1381FD731CE00237F3BA85AACAA477A2620C9A8B3223A685ED546D4EF8794B21DF23DC9122115374E63733C117B5FA3B4C5C95D83CDF9F398BCC5,INJURY AND / OR TOW DUE TO CRASH,$500 OR LESS,NO CONTROLS,PEDALCYCLIST,41.9155293956,DAYLIGHT,-87.6351065395,2,30,IMPROPER OVERTAKING/PASSING,UNKNOWN,DRY,NOT APPLICABLE,N,1820,NO CONTROLS,NOT DIVIDED,CLEAR,0.0,1.0,0.0,0.0,0.0,1.0,2,2,[],[],[],"[""2025-10-05T13:13:00.000""]","[""2164178"", ""2164179""]","[""FRONT-LEFT-CORNER""]","[""IL""]","[""HONDA""]","[""PASSING/OVERTAKING""]","[""ODYSSEY""]","[""1""]","[""SE""]","[""1"", ""2""]","[""BICYCLE"", ""DRIVER""]","[""UNKNOWN""]","[""2063022""]","[""PASSENGER""]","[""PERSONAL""]","[""2016""]",[],[],"[""N""]",[],[],[],[],"[""Y""]","[""N""]",[],[],[],[],[],[],[],"['26', '42']","[""DID NOT DEPLOY""]","[""TEST NOT OFFERED""]","[""CHICAGO""]","[""2025-10-05T13:13:00.000""]","[""IMPROPER PASSING"", ""NONE""]","[""UNKNOWN""]","[""D""]","[""IL""]","[""NONE""]",[],"[""O2164178"", ""O2164179""]","[""BICYCLE"", ""DRIVER""]","[""UNKNOWN""]","[""HELMET NOT USED"", ""USAGE UNKNOWN""]","[""F"", ""M""]","[""IL""]","[""2063022""]","[""60614"", ""60654""]",[],[],"[""NO ACTION""]","[""BIKE LANE""]","[""NO CONTRASTING CLOTHING""]",[],2025,10,13,5,True,afternoon,41.92,-87.64,41.92_-87.64,34.0,26,42,OTHER,1
STRAIGHT AND LEVEL,2211,2025-10-05 13:10:00,1,13,10,8C8DFA1C4FA77A555915D77DC1386DB8739ED01E502BB894F4C5557535E21ADDEA87B18769CE49FF9E475C41164B950008DE5147506E1E349D3213047ABF54EA,NO INJURY / DRIVE AWAY,"OVER $1,500",NO CONTROLS,PARKED MOTOR VEHICLE,41.7017124969,DAYLIGHT,-87.7062311108,2,30,DISTRACTION - FROM INSIDE VEHICLE,NO DEFECTS,DRY,FAILING TO REDUCE SPEED TO AVOID CRASH,S,10522,NO CONTROLS,NOT DIVIDED,CLEAR,0.0,0.0,0.0,0.0,0.0,1.0,2,1,"[""Y""]","[""Y""]",[],"[""2025-10-05T13:10:00.000""]","[""2164657"", ""2164658""]","[""SIDE-LEFT"", ""SIDE-RIGHT""]","[""IL""]","[""GENERAL MOTORS CORPORATION (GMC)"", ""VOLKSWAGEN""]","[""OTHER"", ""PARKED""]","[""PASSAT"", ""SAVANNAH""]","[""0"", ""1""]","[""S"", ""UNKNOWN""]","[""1"", ""2""]","[""DRIVER"", ""PARKED""]","[""UNKNOWN""]","[""2063465"", ""2063467""]","[""PASSENGER"", ""VAN/MINI-VAN""]","[""NOT IN USE"", ""PERSONAL""]","[""2007"", ""2012""]","[""Y""]","[""Y""]","[""Y""]",[],[],"[""Y""]",[],"[""Y""]","[""Y""]",[],[],"[""Y""]",[],"[""Y""]",[],[],['59'],"[""DID NOT DEPLOY""]","[""TEST NOT OFFERED""]","[""CHICAGO""]","[""2025-10-05T13:10:00.000""]","[""OTHER""]","[""NOT OBSCURED""]",[],"[""IL""]","[""NONE""]",[],"[""O2164657""]","[""DRIVER""]","[""NORMAL""]","[""USAGE UNKNOWN""]","[""M""]","[""IL""]","[""2063465""]","[""60643""]",[],[],[],[],[],[],2025,10,13,5,True,afternoon,41.7,-87.71,41.7_-87.71,59.0,59,59,DISTRACTION/INATTENTION,0
STRAIGHT AND LEVEL,834,2025-10-05 13:07:00,1,13,10,B704ECB9FDDE44C42D7E605C280A8795672E6EF9FDC296A77C955C729911B9396611CEB17406E69380B3044C4D611C2AD659F65EE5E7159FDAFB0C343BB3F858,INJURY AND / OR TOW DUE TO CRASH,"OVER $1,500",FUNCTIONING PROPERLY,PARKED MOTOR VEHICLE,41.7424714376,DAYLIGHT,-87.7023443826,2,30,UNABLE TO DETERMINE,UNKNOWN,DRY,UNABLE TO DETERMINE,S,8300,TRAFFIC SIGNAL,NOT DIVIDED,CLEAR,0.0,0.0,0.0,0.0,0.0,1.0,2,2,"[""Y""]","[""Y""]",[],"[""2025-10-05T13:07:00.000""]","[""2164152"", ""2164153""]","[""FRONT-RIGHT-CORNER"", ""REAR-LEFT-CORNER""]","[""IL""]","[""ACURA"", ""KIA""]","[""PARKED"", ""STRAIGHT AHEAD""]","[""ILX"", ""OPTIMA / K5""]","[""0"", ""2""]","[""S""]","[""1"", ""2""]","[""DRIVER"", ""PARKED""]","[""UNKNOWN""]","[""2062985"", ""2062991""]","[""PASSENGER""]","[""PERSONAL""]","[""2015"", ""2019""]","[""Y""]",[],[],[],"[""Y""]","[""Y""]",[],"[""Y""]",[],[],"[""1""]","[""Y""]",[],[],[],[],"['15', '25']","[""DID NOT DEPLOY"", ""NOT APPLICABLE""]","[""TEST NOT OFFERED""]","[""CHICAGO""]","[""2025-10-05T13:07:00.000""]","[""UNKNOWN""]","[""NOT OBSCURED""]","[""D""]","[""IL""]","[""NONE""]",[],"[""O2164152"", ""P477617""]","[""DRIVER"", ""PASSENGER""]","[""NORMAL""]","[""SAFETY BELT USED""]","[""F"", ""M""]","[""IL""]","[""2062985""]","[""60629""]",[],"[""3""]",[],[],[],[],2025,10,13,5,True,afternoon,41.74,-87.7,41.74_-87.7,20.0,15,25,OTHER,0
STRAIGHT AND LEVEL,622,2025-10-05 13:07:00,1,13,10,5528B516B9F7319733D0CB42E24FC56BE90F4E2C9422D17B6A05A1FEB36395C4AFF631E56FDE5CF16977190D9C6C100AD83716831A01610F633571FE96A3B32C,INJURY AND / OR TOW DUE TO CRASH,"OVER $1,500",FUNCTIONING PROPERLY,HEAD ON,41.7360784594,DAYLIGHT,-87.6329125335,3,30,UNABLE TO DETERMINE,NO DEFECTS,DRY,FAILING TO YIELD RIGHT-OF-WAY,W,334,TRAFFIC SIGNAL,FOUR WAY,CLEAR,0.0,0.0,1.0,0.0,0.0,1.0,1,2,"[""Y""]","[""Y""]","[""Y""]","[""2025-10-05T13:07:00.000""]","[""2170324"", ""2170325"", ""2170326""]","[""FRONT"", ""FRONT-RIGHT-CORNER"", ""UNKNOWN""]","[""IL""]","[""BUICK"", ""DODGE"", ""UNKNOWN""]","[""STRAIGHT AHEAD"", ""UNKNOWN/NA""]","[""CHARGER"", ""ENCORE"", ""OTHER (EXPLAIN IN NARRATIVE)""]","[""1""]","[""E"", ""W""]","[""1"", ""2"", ""3""]","[""DRIVER""]","[""NONE"", ""UNKNOWN""]","[""2068828"", ""2068829"", ""2068830""]","[""PASSENGER""]","[""PERSONAL"", ""UNKNOWN/NA""]","[""2016"", ""2022""]","[""Y""]","[""Y""]","[""Y""]",[],"[""N""]",[],[],[],[],[],[],[],[],[],[],[],"['53', '79']","[""DEPLOYED, FRONT"", ""DEPLOYMENT UNKNOWN"", ""NOT APPLICABLE""]","[""TEST NOT OFFERED""]","[""CHICAGO""]","[""2025-10-05T13:07:00.000""]","[""FAILED TO YIELD"", ""IMPROPER TURN"", ""UNKNOWN""]","[""NOT OBSCURED"", ""UNKNOWN""]","[""C"", ""D""]","[""IL""]","[""NONE""]","[""NONE""]","[""O2170324"", ""O2170325"", ""O2170326""]","[""DRIVER""]","[""NORMAL"", ""UNKNOWN""]","[""NONE PRESENT"", ""USAGE UNKNOWN""]","[""F"", ""M"", ""X""]","[""IL""]","[""2068828"", ""2068829"", ""2068830""]","[""60637"", ""60644""]",[],[],[],[],[],[],2025,10,13,5,True,afternoon,41.74,-87.63,41.74_-87.63,66.0,53,79,OTHER,1
STRAIGHT AND LEVEL,2024,2025-10-05 13:00:00,1,13,10,38B9B5F0B301A7901687580B077A7368D8B0D16DECCD984B75DD20D1473BB8E9E13B1437E580276A5C846BD5A2BD5CD540C514948062C6BF043BAE66414A6EA5,NO INJURY / DRIVE AWAY,"OVER $1,500",NO CONTROLS,PARKED MOTOR VEHICLE,41.9699868689,DAYLIGHT,-87.6546960382,2,30,UNABLE TO DETERMINE,NO DEFECTS,DRY,NOT APPLICABLE,N,4827,NO CONTROLS,NOT DIVIDED,CLEAR,0.0,1.0,0.0,0.0,0.0,1.0,2,0,[],[],[],"[""2025-10-05T13:00:00.000""]","[""2165238"", ""2165239""]","[""FRONT-LEFT-CORNER"", ""UNKNOWN""]","[""IL""]","[""TOYOTA"", ""UNKNOWN""]","[""PARKED"", ""UNKNOWN/NA""]","[""ENCLOSED BODY"", ""RAV4""]","[""0"", ""1""]","[""S"", ""UNKNOWN""]","[""1"", ""2""]","[""DRIVER"", ""PARKED""]","[""NONE"", ""UNKNOWN""]","[""2064022"", ""2064026""]","[""PASSENGER"", ""UNKNOWN/NA""]","[""TAXI/FOR HIRE"", ""UNKNOWN/NA""]","[""2022""]",[],[],"[""Y""]",[],[],[],"[""Y""]",[],[],[],[],[],[],[],[],[],[],"[""DEPLOYMENT UNKNOWN""]","[""TEST NOT OFFERED""]",[],"[""2025-10-05T13:00:00.000""]","[""NONE""]","[""UNKNOWN""]",[],[],"[""NONE""]",[],"[""O2165238""]","[""DRIVER""]","[""UNKNOWN""]","[""USAGE UNKNOWN""]","[""X""]",[],"[""2064022""]",[],[],[],[],[],[],[],2025,10,13,5,True,afternoon,41.97,-87.65,41.97_-87.65,0.0,0,0,OTHER,0
STRAIGHT AND LEVEL,1633,2025-10-05 13:00:00,1,13,10,F5335784460DB9CBCD4B4EB9B5E7FCE07A76546FDF9872D5DCEC96E045D5D4954AEB36D1F3CDECD991C50CD1A9AA3000A64981CD0B7EE8B8316E1142B91CD2CC,NO INJURY / DRIVE AWAY,"$501 - $1,500",NO CONTROLS,PARKED MOTOR VEHICLE,41.9521386969,DAYLIGHT,-87.7834227037,2,20,UNABLE TO DETERMINE,NO DEFECTS,DRY,UNABLE TO DETERMINE,N,3935,NO CONTROLS,DRIVEWAY,CLEAR,0.0,0.0,0.0,0.0,0.0,1.0,2,1,[],"[""N""]",[],"[""2025-10-05T13:00:00.000""]","[""2164226"", ""2164227""]","[""REAR"", ""SIDE-RIGHT""]","[""IL""]","[""DODGE"", ""TOYOTA""]","[""BACKING"", ""PARKED""]","[""OTHER (EXPLAIN IN NARRATIVE)"", ""RAV4""]","[""0"", ""1""]","[""N"", ""W""]","[""1"", ""2""]","[""DRIVER"", ""PARKED""]","[""UNKNOWN""]","[""2063059"", ""2063064""]","[""PASSENGER"", ""VAN/MINI-VAN""]","[""OTHER"", ""PERSONAL""]","[""2020"", ""2024""]","[""Y""]","[""Y""]",[],[],[],[],[],[],[],[],[],[],[],[],"[""Y""]",[],['64'],"[""DID NOT DEPLOY""]","[""TEST NOT OFFERED""]","[""CHICAGO""]","[""2025-10-05T13:00:00.000""]","[""UNKNOWN""]","[""UNKNOWN""]","[""D""]","[""IL""]","[""NONE""]",[],"[""O2164226""]","[""DRIVER""]","[""NORMAL""]","[""USAGE UNKNOWN""]","[""F""]","[""IL""]","[""2063059""]","[""60634""]",[],[],[],[],[],[],2025,10,13,5,True,afternoon,41.95,-87.78,41.95_-87.78,64.0,64,64,OTHER,0
STRAIGHT AND LEVEL,1814,2025-10-05 13:00:00,1,13,10,B95EDDEF1EA4F558AE87BF780D45FB5FB155F13908617A3EFAC8B8A4609C27FFCFD6549E382483D98DC3A88F1FEBA3931EC461F8BE13255BFB9FEFA084556057,INJURY AND / OR TOW DUE TO CRASH,"$501 - $1,500",NO CONTROLS,PEDALCYCLIST,41.9148162676,DAYLIGHT,-87.6337038476,2,30,UNABLE TO DETERMINE,NO DEFECTS,DRY,UNABLE TO DETERMINE,N,1797,NO CONTROLS,NOT DIVIDED,CLEAR,0.0,0.0,0.0,1.0,0.0,1.0,2,3,"[""Y""]","[""Y""]",[],"[""2025-10-05T13:00:00.000""]","[""2168776"", ""2168777""]","[""SIDE-RIGHT""]","[""IL""]","[""VOLVO""]","[""TURNING RIGHT""]","[""XC90""]","[""2""]","[""N""]","[""1"", ""2""]","[""BICYCLE"", ""DRIVER""]","[""UNKNOWN""]","[""2067374""]","[""PASSENGER""]","[""PERSONAL""]","[""2018""]","[""Y""]",[],[],[],[],[],[],[],[],[],"[""1""]",[],[],[],[],[],"['30', '31', '51']","[""DEPLOYMENT UNKNOWN"", ""NOT APPLICABLE""]","[""TEST NOT OFFERED""]","[""CHICAGO""]","[""2025-10-05T13:00:00.000""]","[""NONE"", ""UNKNOWN""]","[""UNKNOWN""]","[""D""]","[""IL""]","[""NONE"", ""TOTALLY EJECTED"", ""UNKNOWN""]","[""ENDEAVOR HEALTH IMMEDIATE CARE""]","[""O2168776"", ""O2168777"", ""P478537""]","[""BICYCLE"", ""DRIVER"", ""PASSENGER""]","[""NORMAL"", ""UNKNOWN""]","[""BICYCLE HELMET (PEDACYCLIST INVOLVED ONLY)"", ""USAGE UNKNOWN""]","[""M""]","[""IL""]","[""2067374""]","[""60614"", ""60622""]",[],"[""3""]","[""WITH TRAFFIC""]","[""BIKEWAY""]","[""OTHER LIGHT SOURCE USED""]",[],2025,10,13,5,True,afternoon,41.91,-87.63,41.91_-87.63,37.333333333333336,30,51,OTHER,1
STRAIGHT AND LEVEL,932,2025-10-05 12:54:00,1,12,10,6188BB492C6E7DEA9335F3659B7EAB71048411CEC13E6E6E6B332FB730A321DBFA9EB8F2606770F8A7D4CDDD625F1BB59B68FD09BB587263D37B2FC49A318DF0,NO INJURY / DRIVE AWAY,"OVER $1,500",NO CONTROLS,SIDESWIPE SAME DIRECTION,41.7981299804,DAYLIGHT,-87.6754537949,2,25,FAILING TO YIELD RIGHT-OF-WAY,NO DEFECTS,DRY,NOT APPLICABLE,W,2024,NO CONTROLS,NOT DIVIDED,CLEAR,0.0,0.0,0.0,0.0,0.0,1.0,1,1,"[""Y""]","[""Y""]",[],"[""2025-10-05T12:54:00.000""]","[""2164941"", ""2164942""]","[""SIDE-LEFT"", ""SIDE-RIGHT""]","[""IL""]","[""JEEP"", ""TOYOTA""]","[""STARTING IN TRAFFIC"", ""STRAIGHT AHEAD""]","[""COMPASS"", ""COROLLA""]","[""1""]","[""W""]","[""1"", ""2""]","[""DRIVER""]","[""NONE""]","[""2063753"", ""2063760""]","[""PASSENGER""]","[""PERSONAL""]","[""2011"", ""2023""]","[""Y""]",[],"[""Y""]",[],[],[],[],[],"[""Y""]",[],[],[],[],[],[],[],['18'],"[""NOT APPLICABLE""]","[""TEST NOT OFFERED""]","[""CHICAGO""]","[""2025-10-05T12:54:00.000""]","[""FAILED TO YIELD"", ""NONE""]","[""NOT OBSCURED""]","[""D""]","[""IL""]","[""NONE""]",[],"[""O2164941"", ""O2164942""]","[""DRIVER""]","[""NORMAL""]","[""NONE PRESENT"", ""USAGE UNKNOWN""]","[""M""]","[""IL""]","[""2063753"", ""2063760""]","[""60623""]",[],[],[],[],[],[],2025,10,12,5,True,morning,41.8,-87.68,41.8_-87.68,18.0,18,18,FAILURE-TO-YIELD,0
STRAIGHT AND LEVEL,313,2025-10-05 12:50:00,1,12,10,65A4EBF39538583F40232F4E0CE34D9E82197E6CAAF440593D1D636E28CDFD09DD9F30B8ACD66872090EC6BE1ADB1DF8CA62FB1FB610DFB7B4DAA4F9AFD9DB02,INJURY AND / OR TOW DUE TO CRASH,$500 OR LESS,FUNCTIONING PROPERLY,PEDALCYCLIST,41.7839643653,DAYLIGHT,-87.6061537907,2,30,UNABLE TO DETERMINE,NO DEFECTS,DRY,UNABLE TO DETERMINE,S,6100,TRAFFIC SIGNAL,FOUR WAY,CLEAR,0.0,0.0,1.0,0.0,0.0,1.0,2,2,[],[],[],"[""2025-10-05T12:50:00.000""]","[""2164156"", ""2164157""]","[""SIDE-RIGHT-FRONT""]","[""IL""]","[""TOYOTA""]","[""TURNING RIGHT""]","[""CAMRY""]","[""1""]","[""W""]","[""1"", ""2""]","[""BICYCLE"", ""DRIVER""]","[""UNKNOWN""]","[""2062990""]","[""PASSENGER""]","[""PERSONAL""]","[""2025""]",[],[],[],[],[],[],[],[],[],[],[],[],"[""Y""]",[],[],[],"['46', '58']","[""DID NOT DEPLOY""]","[""TEST NOT OFFERED""]","[""CHICAGO""]","[""2025-10-05T12:50:00.000""]","[""UNKNOWN""]","[""UNKNOWN""]",[],"[""IN""]","[""NONE""]","[""UNIVERSITY OF CHICAGO""]","[""O2164156"", ""O2164157""]","[""BICYCLE"", ""DRIVER""]","[""UNKNOWN""]","[""HELMET NOT USED"", ""USAGE UNKNOWN""]","[""F"", ""M""]","[""IL""]","[""2062990""]","[""60637""]",[],[],"[""TURNING LEFT""]","[""IN ROADWAY""]","[""NO CONTRASTING CLOTHING""]",[],2025,10,12,5,True,morning,41.78,-87.61,41.78_-87.61,52.0,46,58,OTHER,1