alignment,beat_of_occurrence,crash_date,crash_day_of_week,crash_hour,crash_month,crash_record_id,crash_type,damage,device_condition,first_crash_type,latitude,lighting_condition,longitude,num_units,posted_speed_limit,prim_contributory_cause,road_defect,roadway_surface_cond,sec_contributory_cause,street_direction,street_no,traffic_control_device,trafficway_type,weather_condition,private_property_i,hit_and_run_i,intersection_related_i,crash_date_est_i,work_zone_i,workers_present_i,veh_count,ppl_count,veh_area_01_i_list_json,veh_area_02_i_list_json,veh_area_12_i_list_json,veh_crash_date_list_json,veh_crash_unit_id_list_json,veh_first_contact_point_list_json,veh_lic_plate_state_list_json,veh_make_list_json,veh_maneuver_list_json,veh_model_list_json,veh_occupant_cnt_list_json,veh_travel_direction_list_json,veh_unit_no_list_json,veh_unit_type_list_json,veh_vehicle_defect_list_json,veh_vehicle_id_list_json,veh_vehicle_type_list_json,veh_vehicle_use_list_json,veh_vehicle_year_list_json,veh_area_03_i_list_json,veh_area_04_i_list_json,veh_area_11_i_list_json,veh_towed_by_list_json,veh_towed_i_list_json,veh_area_07_i_list_json,veh_area_99_i_list_json,veh_area_09_i_list_json,veh_area_10_i_list_json,veh_cmrc_veh_i_list_json,veh_num_passengers_list_json,veh_area_08_i_list_json,veh_area_00_i_list_json,veh_area_05_i_list_json,veh_area_06_i_list_json,veh_towed_to_list_json,ppl_age_list_json,ppl_airbag_deployed_list_json,ppl_bac_result_list_json,ppl_city_list_json,ppl_crash_date_list_json,ppl_driver_action_list_json,ppl_driver_vision_list_json,ppl_drivers_license_class_list_json,ppl_drivers_license_state_list_json,ppl_ejection_list_json,ppl_hospital_list_json,ppl_person_id_list_json,ppl_person_type_list_json,ppl_physical_condition_list_json,ppl_safety_equipment_list_json,ppl_sex_list_json,ppl_state_list_json,ppl_vehicle_id_list_json,ppl_zipcode_list_json,ppl_ems_agency_list_json,ppl_seat_no_list_json,ppl_pedpedal_action_list_json,ppl_pedpedal_location_list_json,ppl_pedpedal_visibility_list_json,ppl_ems_run_no_list_json,year,month,hour,day,is_weekend,hour_bin,lat_bin,lng_bin,grid_id,ppl_age_mean,ppl_age_min,ppl_age_max,prim_contributory_cause_group,ksi_flag
STRAIGHT AND LEVEL,2512,2025-10-05 12:50:00,1,12,10,DBE1BCB61FD20808939F2FE24648FD1B6C1422BFFF3916E7D61913799210C867FD8FBA9ED19E932EC67B47B522C121AC36621A9080E98A0D1BFFA63DBA4D8BF8,NO INJURY / DRIVE AWAY,"OVER $1,500",NO CONTROLS,PARKED MOTOR VEHICLE,41.9308339152,DAYLIGHT,-87.7891337875,2,30,UNABLE TO DETERMINE,UNKNOWN,DRY,NOT APPLICABLE,W,6525,NO CONTROLS,PARKING LOT,CLEAR,0.0,1.0,0.0,0.0,0.0,1.0,2,0,"[""Y""]","[""Y""]",[],"[""2025-10-05T12:50:00.000""]","[""2164158"", ""2164159""]","[""SIDE-RIGHT"", ""UNKNOWN""]","[""IL""]","[""NISSAN"", ""UNKNOWN""]","[""PARKED"", ""UNKNOWN/NA""]","[""ALTIMA"", ""OTHER (EXPLAIN IN NARRATIVE)""]","[""0"", ""1""]","[""N"", ""UNKNOWN""]","[""1"", ""2""]","[""DRIVER"", ""PARKED""]","[""UNKNOWN""]","[""2062986"", ""2062988""]","[""PASSENGER"", ""UNKNOWN/NA""]","[""NOT IN USE"", ""UNKNOWN/NA""]","[""2019""]","[""Y""]","[""Y""]","[""N""]",[],[],[],"[""Y""]",[],[],[],[],[],[],"[""Y""]",[],[],[],"[""DEPLOYMENT UNKNOWN""]","[""TEST NOT OFFERED""]",[],"[""2025-10-05T12:50:00.000""]","[""UNKNOWN""]","[""UNKNOWN""]",[],[],"[""NONE""]",[],"[""O2164158""]","[""DRIVER""]","[""UNKNOWN""]","[""USAGE UNKNOWN""]","[""X""]",[],"[""2062986""]",[],[],[],[],[],[],[],2025,10,12,5,True,morning,41.93,-87.79,41.93_-87.79,0.0,0,0,OTHER,0
STRAIGHT AND LEVEL,1832,2025-10-05 12:45:00,1,12,10,C6F5984A246B09DDDD2D5B420106475ABA4D3FA2986975E41C5D5B21432D6EF5FF3F0F8673CA4B7384A1E53C63A4C9EAA7A54158A0104B1DB3D61CFAB1F1D315,NO INJURY / DRIVE AWAY,"OVER $1,500",NO CONTROLS,SIDESWIPE SAME DIRECTION,41.8960047472,DAYLIGHT,-87.6313805169,2,25,FAILING TO YIELD RIGHT-OF-WAY,NO DEFECTS,DRY,NOT APPLICABLE,N,738,NO CONTROLS,ONE-WAY,CLEAR,0.0,0.0,0.0,0.0,0.0,1.0,1,1,"[""Y""]","[""Y""]",[],"[""2025-10-05T12:45:00.000""]","[""2164107"", ""2164108""]","[""FRONT-LEFT-CORNER"", ""FRONT-RIGHT-CORNER""]","[""IL""]","[""FORD"", ""TOYOTA""]","[""STARTING IN TRAFFIC"", ""STRAIGHT AHEAD""]","[""COROLLA"", ""FUSION""]","[""1""]","[""S""]","[""1"", ""2""]","[""DRIVER""]","[""NONE"", ""UNKNOWN""]","[""2062948"", ""2062954""]","[""PASSENGER""]","[""PERSONAL""]",[],[],[],"[""Y""]",[],[],[],[],[],"[""Y""]",[],[],[],[],[],[],[],['23'],"[""NOT APPLICABLE""]","[""TEST NOT OFFERED""]","[""CHICAGO""]","[""2025-10-05T12:45:00.000""]","[""FAILED TO YIELD"", ""NONE""]","[""NOT OBSCURED""]","[""D""]","[""IL""]","[""NONE""]",[],"[""O2164107"", ""O2164108""]","[""DRIVER""]","[""NORMAL""]","[""SAFETY BELT USED""]","[""M""]","[""IL""]","[""2062948"", ""2062954""]","[""60649""]",[],[],[],[],[],[],2025,10,12,5,True,morning,41.9,-87.63,41.9_-87.63,23.0,23,23,FAILURE-TO-YIELD,0
STRAIGHT AND LEVEL,1232,2025-10-05 12:45:00,1,12,10,739716AFBEB0F2E81D33C8B27751FB35129C72E7D33D8963D9502EF8A70900BB367D56503EC9DCB146D64217C0B11765A048CC76240113DF5F9F6D6897D96D4C,NO INJURY / DRIVE AWAY,"OVER $1,500",NO CONTROLS,PARKED MOTOR VEHICLE,41.8777272172,DAYLIGHT,-87.6542100168,2,30,UNABLE TO DETERMINE,NO DEFECTS,DRY,NOT APPLICABLE,W,1059,NO CONTROLS,OTHER,CLEAR,0.0,1.0,0.0,0.0,0.0,1.0,2,0,[],[],[],"[""2025-10-05T12:45:00.000""]","[""2164224"", ""2164225""]","[""FRONT-LEFT-CORNER"", ""UNKNOWN""]","[""IL""]","[""KIA"", ""UNKNOWN""]","[""PARKED"", ""UNKNOWN/NA""]","[""OTHER (EXPLAIN IN NARRATIVE)"", ""SELTOS""]","[""0"", ""1""]","[""E"", ""UNKNOWN""]","[""1"", ""2""]","[""DRIVER"", ""PARKED""]","[""UNKNOWN""]","[""2063050"", ""2063053""]","[""PASSENGER"", ""UNKNOWN/NA""]","[""PERSONAL"", ""UNKNOWN/NA""]","[""2023""]",[],[],"[""Y""]",[],[],[],[],[],[],[],[],[],[],[],[],[],[],"[""DEPLOYMENT UNKNOWN""]","[""TEST NOT OFFERED""]",[],"[""2025-10-05T12:45:00.000""]","[""UNKNOWN""]","[""UNKNOWN""]",[],[],"[""NONE""]",[],"[""O2164224""]","[""DRIVER""]","[""UNKNOWN""]","[""USAGE UNKNOWN""]","[""X""]",[],"[""2063050""]",[],[],[],[],[],[],[],2025,10,12,5,True,morning,41.88,-87.65,41.88_-87.65,0.0,0,0,OTHER,0
STRAIGHT AND LEVEL,1822,2025-10-05 12:40:00,1,12,10,D3FCB2B6020ABB0680BA4979050F1AD97CE4ADD6B2131E29DDB8544129834AE7E79FBDD23A92422FEFDBCCFD6269A91688B154A68A769027FAD8547F3AC48BB3,NO INJURY / DRIVE AWAY,"OVER $1,500",NO CONTROLS,FIXED OBJECT,41.9080029546,DAYLIGHT,-87.6480506174,1,10,DRIVING SKILLS/KNOWLEDGE/EXPERIENCE,NO DEFECTS,DRY,NOT APPLICABLE,N,1457,NO CONTROLS,PARKING LOT,CLEAR,1.0,0.0,0.0,0.0,0.0,1.0,1,1,[],[],[],"[""2025-10-05T12:40:00.000""]","[""2164140""]","[""UNKNOWN""]","[""IL""]","[""PORSCHE""]","[""STRAIGHT AHEAD""]","[""CAYENNE""]","[""1""]","[""UNKNOWN""]","[""1""]","[""DRIVER""]","[""NONE""]","[""2062980""]","[""PASSENGER""]","[""NOT IN USE""]","[""2022""]",[],[],[],[],[],[],"[""Y""]",[],[],[],[],[],[],[],[],[],['46'],"[""NOT APPLICABLE""]","[""TEST NOT OFFERED""]","[""CHICAGO""]","[""2025-10-05T12:40:00.000""]","[""IMPROPER BACKING""]","[""NOT OBSCURED""]","[""D""]","[""IL""]","[""NONE""]",[],"[""O2164140""]","[""DRIVER""]","[""NORMAL""]","[""NONE PRESENT""]","[""M""]","[""IL""]","[""2062980""]","[""60657""]",[],[],[],[],[],[],2025,10,12,5,True,morning,41.91,-87.65,41.91_-87.65,46.0,46,46,OTHER,0
STRAIGHT AND LEVEL,2031,2025-10-05 12:40:00,1,12,10,7CFDABF20432FFBFAF0D85D7BA7082BE8272731686B4D5C4FEB75FF850D3382C8CA5AE2CC184662A562AA1A17EBF119DE09163C04AF82CB2C1739F1DC4F2C3B4,INJURY AND / OR TOW DUE TO CRASH,"OVER $1,500",NO CONTROLS,SIDESWIPE SAME DIRECTION,41.9710176239,DAYLIGHT,-87.6891325605,2,30,UNABLE TO DETERMINE,NO DEFECTS,DRY,UNABLE TO DETERMINE,N,4920,NO CONTROLS,DIVIDED - W/MEDIAN BARRIER,CLEAR,0.0,0.0,0.0,0.0,0.0,1.0,1,3,"[""Y""]","[""Y""]","[""N"", ""Y""]","[""2025-10-05T12:40:00.000""]","[""2164115"", ""2164116""]","[""FRONT-LEFT-CORNER"", ""FRONT-RIGHT-CORNER""]","[""IL""]","[""HONDA"", ""JEEP""]","[""STARTING IN TRAFFIC"", ""STRAIGHT AHEAD""]","[""PILOT"", ""WRANGLER""]","[""1"", ""2""]","[""S"", ""SE""]","[""1"", ""2""]","[""DRIVER""]","[""NONE""]","[""2062955"", ""2062957""]","[""PASSENGER""]","[""PERSONAL""]","[""2013"", ""2017""]",[],[],"[""Y""]","[""PRIVATE TOW""]","[""Y""]",[],[],[],"[""Y""]",[],"[""1""]",[],[],[],[],"[""PRIVATE TOW""]","['46', '53', '55']","[""NOT APPLICABLE""]","[""TEST NOT OFFERED""]","[""CHICAGO""]","[""2025-10-05T12:40:00.000""]","[""OTHER""]","[""NOT OBSCURED""]","[""D""]","[""IL""]","[""NONE""]","[""DNA""]","[""O2164115"", ""O2164116"", ""P477613""]","[""DRIVER"", ""PASSENGER""]","[""NORMAL""]","[""USAGE UNKNOWN""]","[""F"", ""M""]","[""IL""]","[""2062955"", ""2062957""]","[""60612"", ""60660""]","[""DNA""]","[""3""]",[],[],[],"[""DNA""]",2025,10,12,5,True,morning,41.97,-87.69,41.97_-87.69,51.333333333333336,46,55,OTHER,0
STRAIGHT AND LEVEL,421,2025-10-05 12:35:00,1,12,10,093030F566E663FE97EDB0ABD5F601F09DE8334D5F572AFD1B87126BACA93DE87886CC2AD7724A9E5B8B30EEBF1E3912491B9A043D124188F9039EC6B1C14A3D,INJURY AND / OR TOW DUE TO CRASH,"OVER $1,500",NO CONTROLS,FIXED OBJECT,41.7581916155,DAYLIGHT,-87.5567978242,1,35,NOT APPLICABLE,NO DEFECTS,DRY,NOT APPLICABLE,E,2800,STOP SIGN/FLASHER,FOUR WAY,CLEAR,0.0,1.0,0.0,0.0,0.0,1.0,1,0,"[""Y""]",[],"[""Y""]","[""2025-10-05T12:35:00.000""]","[""2164112""]","[""FRONT""]","[""IL""]","[""DODGE""]","[""UNKNOWN/NA""]","[""RAM 1500 PU""]","[""1""]","[""UNKNOWN""]","[""1""]","[""DRIVER""]","[""UNKNOWN""]","[""2062953""]","[""PICKUP""]","[""PERSONAL""]","[""2006""]",[],[],"[""Y""]","[""CITY OF CHICAGO""]","[""Y""]",[],[],[],[],[],[],[],[],[],[],"[""#2 POUND""]",[],"[""DEPLOYED, FRONT""]","[""TEST NOT OFFERED""]",[],"[""2025-10-05T12:35:00.000""]","[""UNKNOWN""]","[""UNKNOWN""]",[],[],"[""UNKNOWN""]",[],"[""O2164112""]","[""DRIVER""]","[""UNKNOWN""]","[""USAGE UNKNOWN""]","[""F""]",[],"[""2062953""]",[],[],[],[],[],[],[],2025,10,12,5,True,morning,41.76,-87.56,41.76_-87.56,0.0,0,0,OTHER,0
STRAIGHT AND LEVEL,1912,2025-10-05 12:30:00,1,12,10,FE1805142B78F7C336B46F797D6E137681C43BDFE9ACE3255866635263803230882C532B76DADAEF2048F8F7A171E93C3BB0359DEA386BE52740442846DFC75F,NO INJURY / DRIVE AWAY,"OVER $1,500",NO CONTROLS,REAR END,41.9616790904,DAYLIGHT,-87.6694091294,2,25,NOT APPLICABLE,NO DEFECTS,DRY,NOT APPLICABLE,N,4400,NO CONTROLS,NOT DIVIDED,CLEAR,0.0,0.0,0.0,0.0,0.0,1.0,1,2,"[""Y""]",[],"[""Y""]","[""2025-10-05T12:30:00.000""]","[""2164103"", ""2164104""]","[""FRONT"", ""REAR""]","[""IL""]","[""AUDI"", ""DODGE""]","[""STRAIGHT AHEAD""]","[""CHARGER"", ""Q7""]","[""1"", ""2""]","[""S""]","[""1"", ""2""]","[""DRIVER""]","[""NONE""]","[""2062945"", ""2062949""]","[""PASSENGER""]","[""PERSONAL""]","[""2016"", ""2023""]",[],[],"[""Y""]",[],[],"[""Y""]",[],[],[],[],"[""1""]",[],[],"[""Y""]","[""Y""]",[],"['35', '38']","[""NOT APPLICABLE""]","[""TEST NOT OFFERED""]","[""CHICAGO""]","[""2025-10-05T12:30:00.000""]","[""NONE"", ""UNKNOWN""]","[""NOT OBSCURED"", ""UNKNOWN""]",[],"[""IL""]","[""NONE""]",[],"[""O2164103"", ""O2164104"", ""P477611""]","[""DRIVER"", ""PASSENGER""]","[""NORMAL"", ""UNKNOWN""]","[""USAGE UNKNOWN""]","[""M""]","[""IL""]","[""2062945"", ""2062949""]","[""60640""]",[],"[""2""]",[],[],[],[],2025,10,12,5,True,morning,41.96,-87.67,41.96_-87.67,36.5,35,38,OTHER,0
STRAIGHT AND LEVEL,131,2025-10-05 12:30:00,1,12,10,9B23333161A754EB546FB9253484781B1D7BF757D9D4A4721ED7E2C83998299F93D4050DF89F4E20F64E3049071DEEB91B1AD13C877A9E88C69BCB1BFAE48175,NO INJURY / DRIVE AWAY,$500 OR LESS,NO CONTROLS,REAR TO FRONT,41.8667276755,DAYLIGHT,-87.6256674863,2,30,IMPROPER BACKING,NO DEFECTS,DRY,UNABLE TO DETERMINE,S,1225,NO CONTROLS,OTHER,CLEAR,0.0,0.0,0.0,0.0,0.0,1.0,1,2,"[""Y""]",[],"[""Y""]","[""2025-10-05T12:30:00.000""]","[""2164132"", ""2164133""]","[""FRONT"", ""REAR""]","[""IL""]","[""LEXUS"", ""PORSCHE""]","[""BACKING"", ""SLOW/STOP IN TRAFFIC""]","[""CAYENNE"", ""RX350""]","[""1""]","[""UNKNOWN""]","[""1"", ""2""]","[""DRIVER""]","[""NONE""]","[""2062976"", ""2062993""]","[""SPORT UTILITY VEHICLE (SUV)""]","[""PERSONAL""]","[""2024"", ""2025""]",[],[],"[""Y""]",[],[],[],[],[],[],[],[],[],[],[],"[""Y""]",[],"['0', '41']","[""DID NOT DEPLOY""]","[""TEST NOT OFFERED""]","[""CHICAGO""]","[""2025-10-05T12:30:00.000""]","[""IMPROPER BACKING"", ""NONE""]","[""NOT OBSCURED""]","[""D""]","[""IL""]","[""NONE""]",[],"[""O2164132"", ""O2164133""]","[""DRIVER""]","[""NORMAL""]","[""SAFETY BELT USED""]","[""F"", ""M""]","[""IL""]","[""2062976"", ""2062993""]","[""60616""]",[],[],[],[],[],[],2025,10,12,5,True,morning,41.87,-87.63,41.87_-87.63,20.5,0,41,OTHER,0
STRAIGHT AND LEVEL,2523,2025-10-05 12:19:00,1,12,10,9602A800BA4DB8873CCE8DA9B892D38DD7CEF730627E00D0BC4218F1683E65B0152ABC4AE4F8D25FE4F3EDD029C72E20CEB54F52E20C2124CEB4F82CD86EB4E1,NO INJURY / DRIVE AWAY,"OVER $1,500",NO CONTROLS,SIDESWIPE SAME DIRECTION,41.9360729016,DAYLIGHT,-87.7183439178,2,20,FAILING TO YIELD RIGHT-OF-WAY,NO DEFECTS,DRY,DRIVING SKILLS/KNOWLEDGE/EXPERIENCE,N,3015,NO CONTROLS,ONE-WAY,CLEAR,0.0,0.0,0.0,0.0,0.0,1.0,1,2,"[""Y""]",[],[],"[""2025-10-05T12:19:00.000""]","[""2164464"", ""2164465""]","[""FRONT-RIGHT-CORNER"", ""REAR-LEFT-CORNER""]","[""IL""]","[""SATURN"", ""TESLA""]","[""ENTERING TRAFFIC LANE FROM PARKING"", ""STRAIGHT AHEAD""]","[""MODEL 3"", ""VUE""]","[""1""]","[""N""]","[""1"", ""2""]","[""DRIVER""]","[""UNKNOWN""]","[""2063286"", ""2063313""]","[""PASSENGER""]","[""PERSONAL""]","[""2004"", ""2023""]",[],[],[],[],[],"[""Y""]",[],[],[],[],[],"[""Y""]",[],[],[],[],"['44', '75']","[""DID NOT DEPLOY""]","[""TEST NOT OFFERED""]","[""CHICAGO"", ""CHICAHO""]","[""2025-10-05T12:19:00.000""]","[""FAILED TO YIELD"", ""NONE""]","[""UNKNOWN""]","[""D""]","[""IL""]","[""NONE""]","[""REFUSED EMS"", ""REFUSED ON SCENE""]","[""O2164464"", ""O2164465""]","[""DRIVER""]","[""NORMAL""]","[""USAGE UNKNOWN""]","[""M""]","[""IL""]","[""2063286"", ""2063313""]","[""60618"", ""60646""]",[],[],[],[],[],[],2025,10,12,5,True,morning,41.94,-87.72,41.94_-87.72,59.5,44,75,FAILURE-TO-YIELD,0
STRAIGHT AND LEVEL,2533,2025-10-05 12:15:00,1,12,10,FCB8E39FAE1F33FE82C301E878BCEA34B4CFF53B2F1C27DFC6CF005D47178A22076B499627E71DC49BA8A46B1B2E219F58B8F999B369E671DEFD5F9345499BAF,NO INJURY / DRIVE AWAY,"OVER $1,500",NO CONTROLS,PARKED MOTOR VEHICLE,41.9095051477,DAYLIGHT,-87.7469599363,2,20,IMPROPER BACKING,NO DEFECTS,DRY,UNABLE TO DETERMINE,W,4821,NO CONTROLS,PARKING LOT,CLEAR,1.0,1.0,0.0,0.0,0.0,1.0,2,0,"[""Y""]","[""N""]",[],"[""2025-10-05T12:15:00.000""]","[""2164553"", ""2164554""]","[""FRONT-RIGHT-CORNER"", ""SIDE-LEFT-REAR""]","[""IL""]","[""BUICK"", ""INFINITI""]","[""BACKING"", ""PARKED""]","[""ENCLAVE"", ""QX80""]","[""0"", ""1""]","[""E"", ""W""]","[""1"", ""2""]","[""DRIVER"", ""PARKED""]","[""NONE"", ""UNKNOWN""]","[""2063367"", ""2063381""]","[""SPORT UTILITY VEHICLE (SUV)""]","[""NOT IN USE"", ""PERSONAL""]","[""2015"", ""2016""]",[],[],[],[],[],[],"[""Y""]",[],[],[],[],[],[],[],[],[],[],"[""DEPLOYMENT UNKNOWN""]","[""TEST NOT OFFERED""]",[],"[""2025-10-05T12:15:00.000""]","[""IMPROPER BACKING""]","[""UNKNOWN""]",[],[],"[""NONE""]",[],"[""O2164553""]","[""DRIVER""]","[""UNKNOWN""]","[""USAGE UNKNOWN""]","[""F""]",[],"[""2063367""]",[],[],[],[],[],[],[],2025,10,12,5,True,morning,41.91,-87.75,41.91_-87.75,0.0,0,0,OTHER,0
STRAIGHT AND LEVEL,1634,2025-10-05 12:00:00,1,12,10,A9CEF82A056E7E0DBD018AAD9A80ADD00C5219CAE7D6800339EA18E72A2499A112C7F2CFC223CDDD5D6E03BBAB75C21B074099B0D6AB87A8B45D82B55632807B,NO INJURY / DRIVE AWAY,"OVER $1,500",NO CONTROLS,PARKED MOTOR VEHICLE,41.9422155162,DAYLIGHT,-87.7588317685,2,25,UNABLE TO DETERMINE,NO DEFECTS,DRY,UNABLE TO DETERMINE,W,5251,NO CONTROLS,ONE-WAY,CLEAR,0.0,1.0,0.0,1.0,0.0,1.0,2,0,[],[],[],"[""2025-10-05T12:00:00.000""]","[""2164217"", ""2164218""]","[""SIDE-LEFT"", ""UNKNOWN""]","[""IL""]","[""FORD"", ""UNKNOWN""]","[""PARKED"", ""UNKNOWN/NA""]","[""OTHER (EXPLAIN IN NARRATIVE)"", ""TAURUS""]","[""0"", ""1""]","[""E""]","[""1"", ""2""]","[""DRIVER"", ""PARKED""]","[""UNKNOWN""]","[""2063043"", ""2063044""]","[""PASSENGER"", ""UNKNOWN/NA""]","[""PERSONAL"", ""UNKNOWN/NA""]","[""2014""]",[],[],"[""Y""]",[],[],"[""Y""]",[],"[""Y""]","[""Y""]",[],[],"[""Y""]",[],[],[],[],[],"[""DEPLOYMENT UNKNOWN""]","[""TEST NOT OFFERED""]",[],"[""2025-10-05T12:00:00.000""]","[""UNKNOWN""]","[""UNKNOWN""]",[],[],"[""NONE""]",[],"[""O2164217""]","[""DRIVER""]","[""UNKNOWN""]","[""USAGE UNKNOWN""]","[""X""]",[],"[""2063043""]",[],[],[],[],[],[],[],2025,10,12,5,True,morning,41.94,-87.76,41.94_-87.76,0.0,0,0,OTHER,0
STRAIGHT AND LEVEL,723,2025-10-05 12:00:00,1,12,10,044E3397C6F418F27E3CA24CC7A4F9D6E614B35DFAB5A2DD9800A3F7B6B6ACE74A69408796A578FB86C0D6FF769E4E12CED778642BDA76253441EF9B6D108EB1,INJURY AND / OR TOW DUE TO CRASH,"OVER $1,500",FUNCTIONING PROPERLY,FIXED OBJECT,41.7726476167,DAYLIGHT,-87.6444546628,1,30,ROAD ENGINEERING/SURFACE/MARKING DEFECTS,NO DEFECTS,DRY,ROAD ENGINEERING/SURFACE/MARKING DEFECTS,S,6655,TRAFFIC SIGNAL,CENTER TURN LANE,CLEAR,0.0,0.0,1.0,0.0,0.0,1.0,1,1,"[""Y""]",[],[],"[""2025-10-05T12:00:00.000""]","[""2164127""]","[""FRONT-LEFT-CORNER""]","[""IL""]","[""MERCEDES-BENZ""]","[""TURNING LEFT""]","[""500 SERIES""]","[""1""]","[""S""]","[""1""]","[""DRIVER""]","[""NONE""]","[""2062972""]","[""PASSENGER""]","[""PERSONAL""]","[""1999""]",[],[],"[""Y""]","[""PRIVATE TOW""]","[""Y""]",[],[],[],[],[],[],[],[],[],[],"[""UNKNOWN""]",['81'],"[""DID NOT DEPLOY""]","[""TEST NOT OFFERED""]","[""CHICAGO""]","[""2025-10-05T12:00:00.000""]","[""NONE""]","[""EMBANKMENT""]","[""D""]","[""IL""]","[""NONE""]",[],"[""O2164127""]","[""DRIVER""]","[""NORMAL""]","[""SAFETY BELT USED""]","[""M""]","[""IL""]","[""2062972""]","[""60615""]",[],[],[],[],[],[],2025,10,12,5,True,morning,41.77,-87.64,41.77_-87.64,81.0,81,81,OTHER,0
STRAIGHT AND LEVEL,1911,2025-10-05 11:55:00,1,11,10,27F7EA35B5E9699ACF450B72606ED14D9D1C436596BC7F0C892E121FD9C4C16D055385C5E19CC22AEA1A6A69B28138A1C1C11F8DC9D8F6870E265C4A3D69840F,INJURY AND / OR TOW DUE TO CRASH,"OVER $1,500",NO CONTROLS,TURNING,41.9613039315,DAYLIGHT,-87.6821685629,2,30,FAILING TO YIELD RIGHT-OF-WAY,UNKNOWN,DRY,UNABLE TO DETERMINE,W,2119,NO CONTROLS,T-INTERSECTION,CLEAR,0.0,0.0,1.0,0.0,0.0,1.0,1,2,"[""Y""]","[""Y""]","[""Y""]","[""2025-10-05T11:55:00.000""]","[""2164181"", ""2164182""]","[""FRONT-LEFT-CORNER"", ""FRONT-RIGHT-CORNER""]","[""CO"", ""IL""]","[""TOYOTA"", ""VOLKSWAGEN""]","[""STRAIGHT AHEAD"", ""TURNING LEFT""]","[""OTHER (EXPLAIN IN NARRATIVE)"", ""PRIUS""]","[""1""]","[""E"", ""S""]","[""1"", ""2""]","[""DRIVER""]","[""UNKNOWN""]","[""2063016"", ""2063021""]","[""PASSENGER""]","[""PERSONAL""]","[""2013"", ""2025""]",[],[],"[""Y""]",[],"[""Y""]",[],[],[],"[""Y""]",[],[],[],[],[],[],[],"['23', '77']","[""NOT APPLICABLE""]","[""TEST NOT OFFERED""]","[""CHICAGO""]","[""2025-10-05T11:55:00.000""]","[""FAILED TO YIELD"", ""NONE""]","[""UNKNOWN""]","[""D""]","[""IL""]","[""NONE""]",[],"[""O2164181"", ""O2164182""]","[""DRIVER""]","[""NORMAL""]","[""USAGE UNKNOWN""]","[""F""]","[""IL""]","[""2063016"", ""2063021""]","[""60614"", ""60640""]",[],[],[],[],[],[],2025,10,11,5,True,morning,41.96,-87.68,41.96_-87.68,50.0,23,77,FAILURE-TO-YIELD,0
STRAIGHT AND LEVEL,1632,2025-10-05 11:50:00,1,11,10,121F1D6A2FAF0CCC742DE2BF7956DDDB32A1F18BD3BD7283D05EB5356EF8205703B80F33A874EF3678595939BEB835AB952B32C87B89E8FD13E3E3B60D4A83AE,NO INJURY / DRIVE AWAY,"OVER $1,500",NO CONTROLS,PARKED MOTOR VEHICLE,41.9452853798,DAYLIGHT,-87.8002650467,2,20,IMPROPER BACKING,NO DEFECTS,DRY,NOT APPLICABLE,W,6949,NO CONTROLS,PARKING LOT,CLEAR,0.0,0.0,0.0,0.0,0.0,1.0,2,2,"[""Y""]","[""Y""]",[],"[""2025-10-05T11:50:00.000""]","[""2164099"", ""2164100""]","[""REAR-RIGHT-CORNER"", ""SIDE-LEFT-REAR""]","[""IL""]","[""CADILLAC"", ""TOYOTA""]","[""BACKING"", ""PARKED""]","[""RAV4"", ""SRX""]","[""0"", ""2""]","[""E"", ""W""]","[""1"", ""2""]","[""DRIVER"", ""PARKED""]","[""NONE""]","[""2062941"", ""2062944""]","[""PASSENGER""]","[""NOT IN USE"", ""PERSONAL""]","[""2008"", ""2024""]","[""Y""]","[""Y""]",[],[],[],[],[],"[""Y""]",[],[],"[""1""]","[""Y""]",[],[],[],[],"['76', '84']","[""NOT APPLICABLE""]","[""TEST NOT OFFERED""]","[""RIVER GROVE""]","[""2025-10-05T11:50:00.000""]","[""IMPROPER BACKING""]","[""NOT OBSCURED""]","[""D""]","[""IL""]","[""NONE""]",[],"[""O2164099"", ""P477609""]","[""DRIVER"", ""PASSENGER""]","[""NORMAL""]","[""USAGE UNKNOWN""]","[""F"", ""M""]","[""IL""]","[""2062941""]","[""60171""]",[],"[""3""]",[],[],[],[],2025,10,11,5,True,morning,41.95,-87.8,41.95_-87.8,80.0,76,84,OTHER,0