alignment,beat_of_occurrence,crash_date,crash_day_of_week,crash_hour,crash_month,crash_record_id,crash_type,damage,device_condition,first_crash_type,latitude,lighting_condition,longitude,num_units,posted_speed_limit,prim_contributory_cause,road_defect,roadway_surface_cond,sec_contributory_cause,street_direction,street_no,traffic_control_device,trafficway_type,weather_condition,private_property_i,hit_and_run_i,intersection_related_i,crash_date_est_i,work_zone_i,workers_present_i,veh_count,ppl_count,veh_area_01_i_list_json,veh_area_02_i_list_json,veh_area_12_i_list_json,veh_crash_date_list_json,veh_crash_unit_id_list_json,veh_first_contact_point_list_json,veh_lic_plate_state_list_json,veh_make_list_json,veh_maneuver_list_json,veh_model_list_json,veh_occupant_cnt_list_json,veh_travel_direction_list_json,veh_unit_no_list_json,veh_unit_type_list_json,veh_vehicle_defect_list_json,veh_vehicle_id_list_json,veh_vehicle_type_list_json,veh_vehicle_use_list_json,veh_vehicle_year_list_json,veh_area_03_i_list_json,veh_area_04_i_list_json,veh_area_11_i_list_json,veh_towed_by_list_json,veh_towed_i_list_json,veh_area_07_i_list_json,veh_area_99_i_list_json,veh_area_09_i_list_json,veh_area_10_i_list_json,veh_cmrc_veh_i_list_json,veh_num_passengers_list_json,veh_area_08_i_list_json,veh_area_00_i_list_json,veh_area_05_i_list_json,veh_area_06_i_list_json,veh_towed_to_list_json,ppl_age_list_json,ppl_airbag_deployed_list_json,ppl_bac_result_list_json,ppl_city_list_json,ppl_crash_date_list_json,ppl_driver_action_list_json,ppl_driver_vision_list_json,ppl_drivers_license_class_list_json,ppl_drivers_license_state_list_json,ppl_ejection_list_json,ppl_hospital_list_json,ppl_person_id_list_json,ppl_person_type_list_json,ppl_physical_condition_list_json,ppl_safety_equipment_list_json,ppl_sex_list_json,ppl_state_list_json,ppl_vehicle_id_list_json,ppl_zipcode_list_json,ppl_ems_agency_list_json,ppl_seat_no_list_json,ppl_pedpedal_action_list_json,ppl_pedpedal_location_list_json,ppl_pedpedal_visibility_list_json,ppl_ems_run_no_list_json,year,month,hour,day,is_weekend,hour_bin,lat_bin,lng_bin,grid_id,ppl_age_mean,ppl_age_min,ppl_age_max,prim_contributory_cause_group,ksi_flag
STRAIGHT AND LEVEL,715,2025-10-05 11:40:00,1,11,10,76F01D4FE61356372FA5875AE85536111693B8CA4982C4999C16C50452AA1C2BA34BC968C329469E2B6C37EA41CBACEEFEA1812384F8418C96AE71CE60B5E871,INJURY AND / OR TOW DUE TO CRASH,"OVER $1,500",NO CONTROLS,PEDESTRIAN,41.790223419,DAYLIGHT,-87.6706987735,2,30,NOT APPLICABLE,UNKNOWN,UNKNOWN,UNABLE TO DETERMINE,S,5700,NO CONTROLS,UNKNOWN,CLEAR,0.0,1.0,1.0,0.0,0.0,1.0,2,1,[],[],[],"[""2025-10-05T11:40:00.000""]","[""2164203"", ""2164204""]","[""UNKNOWN""]",[],"[""GENERAL MOTORS CORPORATION (GMC)""]","[""UNKNOWN/NA""]","[""OTHER (EXPLAIN IN NARRATIVE)""]","[""1""]","[""N""]","[""1"", ""2""]","[""DRIVER"", ""PEDESTRIAN""]","[""UNKNOWN""]","[""2063036""]","[""SPORT UTILITY VEHICLE (SUV)""]","[""UNKNOWN/NA""]",[],[],[],[],[],[],[],[],[],[],[],[],[],[],[],[],[],['16'],"[""DEPLOYMENT UNKNOWN""]","[""TEST NOT OFFERED""]","[""CHICAGO""]","[""2025-10-05T11:40:00.000""]","[""UNKNOWN""]","[""UNKNOWN""]",[],[],"[""UNKNOWN""]","[""HOLY CROSS HOSPITAL""]","[""O2164203"", ""O2164204""]","[""DRIVER"", ""PEDESTRIAN""]","[""UNKNOWN""]","[""USAGE UNKNOWN""]","[""F"", ""M""]","[""IL""]","[""2063036""]",[],[],[],"[""UNKNOWN/NA""]","[""IN ROADWAY""]","[""OTHER LIGHT SOURCE USED""]",[],2025,10,11,5,True,morning,41.79,-87.67,41.79_-87.67,16.0,16,16,OTHER,1
STRAIGHT AND LEVEL,1423,2025-10-05 11:30:00,1,11,10,1CB63C179939605A4B55D2A7EB2B2DE418DF8BF66C74C51A5B2D81C4F15F737AA0305F77BCC0C659135245A4A7EFF6FC4D7332D17805A19E24538E4F1C12D7F2,INJURY AND / OR TOW DUE TO CRASH,"OVER $1,500",NO CONTROLS,PARKED MOTOR VEHICLE,41.9092405515,DAYLIGHT,-87.7068458204,2,30,UNABLE TO DETERMINE,NO DEFECTS,DRY,UNABLE TO DETERMINE,N,1531,NO CONTROLS,NOT DIVIDED,CLEAR,0.0,1.0,0.0,0.0,0.0,1.0,2,0,[],[],[],"[""2025-10-05T11:30:00.000""]","[""2164117"", ""2164118""]","[""REAR"", ""SIDE-LEFT""]","[""MI""]","[""BMW"", ""UNKNOWN""]","[""PARKED"", ""STRAIGHT AHEAD""]","[""540"", ""OTHER (EXPLAIN IN NARRATIVE)""]","[""0"", ""1""]","[""N"", ""S""]","[""1"", ""2""]","[""DRIVER"", ""PARKED""]","[""NONE"", ""UNKNOWN""]","[""2062956"", ""2062958""]","[""PASSENGER"", ""UNKNOWN/NA""]","[""PERSONAL"", ""UNKNOWN/NA""]","[""1998"", ""2025""]",[],[],[],[],"[""Y""]",[],[],"[""Y""]","[""Y""]",[],[],"[""Y""]",[],[],"[""Y""]",[],[],"[""NOT APPLICABLE""]","[""TEST NOT OFFERED""]",[],"[""2025-10-05T11:30:00.000""]","[""OTHER""]","[""UNKNOWN""]",[],"[""XX""]","[""NONE""]",[],"[""O2164117""]","[""DRIVER""]","[""UNKNOWN""]","[""USAGE UNKNOWN""]","[""M""]",[],"[""2062956""]",[],[],[],[],[],[],[],2025,10,11,5,True,morning,41.91,-87.71,41.91_-87.71,0.0,0,0,OTHER,0
STRAIGHT AND LEVEL,1031,2025-10-05 11:30:00,1,11,10,C69B9BBD03407239FEBFE2DFEAD3B642A848D897DFD7EEC915F01615C839A4D3482CD8F559F8D884ECEBB1A2DA1C746FA9663106326913182221B6075437BCE1,NO INJURY / DRIVE AWAY,"OVER $1,500",NO CONTROLS,PARKED MOTOR VEHICLE,41.8423244044,UNKNOWN,-87.7227586731,2,25,UNABLE TO DETERMINE,UNKNOWN,UNKNOWN,UNABLE TO DETERMINE,W,3915,NO CONTROLS,ONE-WAY,CLEAR,0.0,1.0,0.0,1.0,0.0,1.0,2,0,"[""Y""]","[""Y""]",[],"[""2025-10-05T11:30:00.000""]","[""2164661"", ""2164662""]","[""UNKNOWN""]","[""IL""]","[""KIA"", ""UNKNOWN""]","[""PARKED"", ""UNKNOWN/NA""]","[""OTHER (EXPLAIN IN NARRATIVE)"", ""RIO / K2""]","[""0"", ""1""]","[""UNKNOWN""]","[""1"", ""2""]","[""DRIVER"", ""PARKED""]","[""UNKNOWN""]","[""2063967"", ""2063969""]","[""PASSENGER"", ""UNKNOWN/NA""]","[""PERSONAL"", ""UNKNOWN/NA""]","[""2025""]","[""Y""]","[""Y""]",[],[],[],[],"[""Y""]",[],[],[],[],[],[],"[""Y""]",[],[],[],"[""DEPLOYMENT UNKNOWN""]","[""TEST NOT OFFERED""]",[],"[""2025-10-05T11:30:00.000""]","[""UNKNOWN""]","[""UNKNOWN""]",[],[],"[""UNKNOWN""]",[],"[""O2164661""]","[""DRIVER""]","[""UNKNOWN""]","[""USAGE UNKNOWN""]","[""X""]",[],"[""2063967""]",[],[],[],[],[],[],[],2025,10,11,5,True,morning,41.84,-87.72,41.84_-87.72,0.0,0,0,OTHER,0
STRAIGHT AND LEVEL,2533,2025-10-05 11:28:00,1,11,10,B1BC251FC72E80DDDC090A1FC094B4F8DD5BA5B9565F424A0B76D178D18C165186DB9D5E6F72347534424FA31235086FAFED38FA48E53D2411C41A86163EF8E5,NO INJURY / DRIVE AWAY,"$501 - $1,500",FUNCTIONING PROPERLY,SIDESWIPE SAME DIRECTION,41.9097363475,DAYLIGHT,-87.7460534468,2,25,UNABLE TO DETERMINE,UNKNOWN,DRY,UNABLE TO DETERMINE,W,4756,TRAFFIC SIGNAL,NOT DIVIDED,CLEAR,0.0,0.0,0.0,0.0,0.0,1.0,1,2,[],"[""Y""]",[],"[""2025-10-05T11:28:00.000""]","[""2164101"", ""2164102""]","[""SIDE-LEFT-FRONT"", ""SIDE-RIGHT""]","[""IL""]","[""HONDA"", ""NISSAN""]","[""STRAIGHT AHEAD""]","[""FIT"", ""SENTRA""]","[""1"", ""2""]","[""W""]","[""1"", ""2""]","[""DRIVER""]","[""UNKNOWN""]","[""2062943"", ""2063273""]","[""PASSENGER""]","[""PERSONAL""]","[""2010"", ""2014""]","[""Y""]","[""Y""]","[""Y""]",[],[],[],[],[],"[""Y""]",[],"[""1""]",[],[],[],[],[],"['57', '62']","[""NOT APPLICABLE""]","[""TEST NOT OFFERED""]","[""CHICAGO""]","[""2025-10-05T11:28:00.000""]","[""UNKNOWN""]","[""UNKNOWN""]","[""D""]","[""IL""]","[""NONE""]",[],"[""O2164101"", ""O2164102"", ""P477694""]","[""DRIVER"", ""PASSENGER""]","[""NORMAL"", ""UNKNOWN""]","[""USAGE UNKNOWN""]","[""F"", ""M""]","[""IL""]","[""2062943"", ""2063273""]","[""60615"", ""60651""]",[],"[""3""]",[],[],[],[],2025,10,11,5,True,morning,41.91,-87.75,41.91_-87.75,59.5,57,62,OTHER,0
STRAIGHT AND LEVEL,825,2025-10-05 11:07:00,1,11,10,CB567D9CEA427C6C5857717B7100A4859BBBE16D92CA845BB6D6B5E8CE5C06B9917BDD49701C8C2777DDE678FC5F1F81116878C7436FAE930AA6D4EBA1986952,NO INJURY / DRIVE AWAY,"OVER $1,500",NO CONTROLS,PARKED MOTOR VEHICLE,41.7789591773,DAYLIGHT,-87.6862297727,2,30,UNABLE TO DETERMINE,NO DEFECTS,DRY,UNABLE TO DETERMINE,S,6306,NO CONTROLS,ONE-WAY,CLEAR,0.0,0.0,0.0,0.0,0.0,1.0,2,1,"[""Y""]","[""Y""]",[],"[""2025-10-05T11:07:00.000""]","[""2164078"", ""2164079""]","[""SIDE-LEFT-REAR"", ""SIDE-RIGHT""]","[""IL""]","[""SEAGRAVE FIRE APPARTUS, CLINTONVILLE,WI"", ""TOYOTA""]","[""PARKED"", ""STRAIGHT AHEAD""]","[""SEAGRAVE FIRE APPARTUS, CLINTONVILLE,WI"", ""SIENNA""]","[""0"", ""1""]","[""S""]","[""1"", ""2""]","[""DRIVER"", ""PARKED""]","[""NONE""]","[""2062924"", ""2062927""]","[""PASSENGER"", ""TRUCK - SINGLE UNIT""]","[""FIRE"", ""NOT IN USE""]","[""2022""]","[""Y""]","[""Y""]",[],[],[],"[""Y""]",[],"[""Y""]",[],[],[],"[""Y""]",[],"[""Y""]",[],[],['58'],"[""NOT APPLICABLE""]","[""TEST NOT OFFERED""]","[""CHICAGO""]","[""2025-10-05T11:07:00.000""]","[""EMERGENCY VEHICLE ON CALL""]","[""UNKNOWN""]","[""BM""]","[""IL""]","[""NONE""]","[""REFUSED""]","[""O2164078""]","[""DRIVER""]","[""NORMAL""]","[""SAFETY BELT USED""]","[""M""]","[""IL""]","[""2062924""]",[],[],[],[],[],[],[],2025,10,11,5,True,morning,41.78,-87.69,41.78_-87.69,58.0,58,58,OTHER,0
STRAIGHT AND LEVEL,1915,2025-10-05 11:07:00,1,11,10,9627C20425464471C92F1E4B113332445B15C76935B2B5DE50CABFDD025F17B1A98B104549A8AD0E5CFCC775431FBFD6D09798EABB182B91610AB02ADECDFE39,NO INJURY / DRIVE AWAY,"$501 - $1,500",FUNCTIONING PROPERLY,SIDESWIPE SAME DIRECTION,41.9545371499,DAYLIGHT,-87.6543989861,2,30,UNABLE TO DETERMINE,NO DEFECTS,DRY,NOT APPLICABLE,N,4001,TRAFFIC SIGNAL,NOT DIVIDED,CLEAR,0.0,0.0,0.0,0.0,0.0,1.0,1,2,[],[],[],"[""2025-10-05T11:07:00.000""]","[""2164087"", ""2164088""]","[""FRONT-RIGHT-CORNER"", ""SIDE-LEFT""]","[""IL""]","[""LEXUS"", ""NEW FLYER""]","[""STRAIGHT AHEAD""]","[""RX300"", ""XCELSIOR XE40""]","[""1""]","[""N""]","[""1"", ""2""]","[""DRIVER""]","[""NONE""]","[""2062931"", ""2062936""]","[""PASSENGER""]","[""CTA"", ""PERSONAL""]","[""2008"", ""2010""]",[],[],"[""Y""]",[],[],[],[],[],[],[],[],[],[],[],[],[],"['24', '50']","[""DID NOT DEPLOY""]","[""TEST NOT OFFERED""]","[""CHICAGO"", ""GENEVA""]","[""2025-10-05T11:07:00.000""]","[""IMPROPER TURN"", ""UNKNOWN""]","[""NOT OBSCURED""]","[""B"", ""D""]","[""IL""]","[""NONE""]",[],"[""O2164087"", ""O2164088""]","[""DRIVER""]","[""NORMAL""]","[""NONE PRESENT"", ""USAGE UNKNOWN""]","[""F"", ""M""]","[""IL""]","[""2062931"", ""2062936""]","[""60134"", ""60626""]",[],[],[],[],[],[],2025,10,11,5,True,morning,41.95,-87.65,41.95_-87.65,37.0,24,50,OTHER,0
STRAIGHT AND LEVEL,423,2025-10-05 11:05:00,1,11,10,2AF19E29EE7D250906623A487B88898A210FC64823F136B5494509EC134D56FF66B0D4263608A096800FB8160B207F301A0DA7FEF241A0AF5B80D2927ECE91EF,NO INJURY / DRIVE AWAY,"OVER $1,500",NO CONTROLS,FIXED OBJECT,41.7352238017,DAYLIGHT,-87.56316645,2,10,UNABLE TO DETERMINE,UNKNOWN,DRY,UNABLE TO DETERMINE,S,8800,NO CONTROLS,PARKING LOT,CLEAR,0.0,0.0,0.0,0.0,0.0,1.0,1,1,"[""Y""]",[],"[""Y""]","[""2025-10-05T11:05:00.000""]","[""2164607"", ""2164608""]","[""FRONT-RIGHT-CORNER""]","[""IL""]","[""TOYOTA""]","[""STRAIGHT AHEAD""]","[""COROLLA""]","[""1""]","[""N""]","[""1"", ""2""]","[""DRIVER""]","[""NONE""]","[""2063487""]","[""PASSENGER""]","[""UNKNOWN/NA""]","[""2015""]",[],[],[],[],[],[],[],[],[],[],[],[],[],[],[],[],['75'],"[""DID NOT DEPLOY""]","[""TEST NOT OFFERED""]","[""CHICAGO""]","[""2025-10-05T11:05:00.000""]","[""UNKNOWN""]","[""UNKNOWN""]","[""D""]","[""IL""]","[""NONE""]",[],"[""O2164607""]","[""DRIVER""]","[""UNKNOWN""]","[""USAGE UNKNOWN""]","[""F""]","[""IL""]","[""2063487""]","[""60628""]",[],[],[],[],[],[],2025,10,11,5,True,morning,41.74,-87.56,41.74_-87.56,75.0,75,75,OTHER,0
STRAIGHT AND LEVEL,1921,2025-10-05 11:00:00,1,11,10,1B7A4C95212575F85E416D28BEC34F6E39B91285BFF8567361D9DE72EA69C9939D748E2CCCCE7CF3562129F06507E6C95D3B1E1A5856D9CB5F814A1ADD5C83E1,INJURY AND / OR TOW DUE TO CRASH,"$501 - $1,500",NO CONTROLS,REAR END,41.9539703539,DAYLIGHT,-87.6839221722,2,30,FOLLOWING TOO CLOSELY,NO DEFECTS,DRY,UNABLE TO DETERMINE,W,2207,NO CONTROLS,NOT DIVIDED,CLEAR,0.0,0.0,0.0,0.0,0.0,1.0,1,2,[],[],[],"[""2025-10-05T11:00:00.000""]","[""2164093"", ""2164094""]","[""FRONT"", ""REAR""]","[""IL""]","[""CHEVROLET"", ""TOYOTA""]","[""SLOW/STOP IN TRAFFIC"", ""STRAIGHT AHEAD""]","[""OTHER (EXPLAIN IN NARRATIVE)"", ""RAV4""]","[""1"", ""2""]","[""E""]","[""1"", ""2""]","[""DRIVER""]","[""NONE"", ""UNKNOWN""]","[""2063266"", ""2063267""]","[""PASSENGER"", ""SPORT UTILITY VEHICLE (SUV)""]","[""PERSONAL""]","[""2010"", ""2016""]",[],[],[],[],[],[],"[""Y""]",[],[],[],"[""1""]",[],[],[],"[""Y""]",[],"['35', '70']","[""DID NOT DEPLOY""]","[""TEST NOT OFFERED""]","[""CHICAGO""]","[""2025-10-05T11:00:00.000""]","[""FOLLOWED TOO CLOSELY"", ""NONE""]","[""NOT OBSCURED"", ""UNKNOWN""]","[""D""]","[""IL""]","[""NONE""]",[],"[""O2164093"", ""O2164094"", ""P477693""]","[""DRIVER"", ""PASSENGER""]","[""NORMAL"", ""UNKNOWN""]","[""SAFETY BELT USED"", ""USAGE UNKNOWN""]","[""F"", ""M""]","[""IL""]","[""2063266"", ""2063267""]","[""60618"", ""60651""]",[],"[""3""]",[],[],[],[],2025,10,11,5,True,morning,41.95,-87.68,41.95_-87.68,52.5,35,70,FOLLOWING TOO CLOSELY,1
STRAIGHT AND LEVEL,1231,2025-10-05 11:00:00,1,11,10,1E6753BDA15ED74C182CD45FB00A5526139C0D9E726753DF299F628199369C2A4540F4251E64406E41984AA2013123345DD0EDEB88C93C7BF86F99A455C4ADB7,NO INJURY / DRIVE AWAY,"OVER $1,500",FUNCTIONING PROPERLY,REAR END,41.8764606299,DAYLIGHT,-87.6666220791,2,30,FOLLOWING TOO CLOSELY,NO DEFECTS,DRY,NOT APPLICABLE,W,1598,TRAFFIC SIGNAL,ONE-WAY,CLEAR,0.0,1.0,1.0,0.0,0.0,1.0,1,1,[],[],[],"[""2025-10-05T11:00:00.000""]","[""2164074"", ""2164075""]","[""FRONT"", ""REAR""]","[""IL""]","[""KIA"", ""VOLKSWAGEN""]","[""STRAIGHT AHEAD""]","[""PASSAT"", ""RIO / K2""]","[""1""]","[""W""]","[""1"", ""2""]","[""DRIVER""]","[""NONE""]","[""2062923"", ""2062933""]","[""PASSENGER""]","[""PERSONAL""]","[""2013"", ""2020""]",[],[],[],[],[],"[""Y""]","[""Y""]",[],[],[],[],[],[],"[""Y""]","[""Y""]",[],['72'],"[""DEPLOYMENT UNKNOWN"", ""NOT APPLICABLE""]","[""TEST NOT OFFERED""]","[""CHICAGO""]","[""2025-10-05T11:00:00.000""]","[""FOLLOWED TOO CLOSELY"", ""NONE""]","[""NOT OBSCURED"", ""UNKNOWN""]","[""D""]","[""IL""]","[""NONE""]",[],"[""O2164074"", ""O2164075""]","[""DRIVER""]","[""NORMAL"", ""UNKNOWN""]","[""NONE PRESENT"", ""USAGE UNKNOWN""]","[""F"", ""M""]","[""IL""]","[""2062923"", ""2062933""]","[""60653""]",[],[],[],[],[],[],2025,10,11,5,True,morning,41.88,-87.67,41.88_-87.67,72.0,72,72,FOLLOWING TOO CLOSELY,0
STRAIGHT AND LEVEL,724,2025-10-05 10:48:00,1,10,10,3D926710C6AD9F2BBB2065C99041CAC5F0AC92D7F8DE166ED59F19DC2D6C1B87B832BC7CE6891CB3B896C12A6D52987133703A52CDAAB9E37D5E43DC3934CC6E,NO INJURY / DRIVE AWAY,"OVER $1,500",FUNCTIONING PROPERLY,TURNING,41.7724222596,DAYLIGHT,-87.6544582076,2,30,FAILING TO YIELD RIGHT-OF-WAY,NO DEFECTS,DRY,DRIVING SKILLS/KNOWLEDGE/EXPERIENCE,S,6658,TRAFFIC SIGNAL,NOT DIVIDED,CLEAR,0.0,0.0,1.0,0.0,0.0,1.0,1,2,"[""Y""]",[],[],"[""2025-10-05T10:48:00.000""]","[""2164080"", ""2164081""]","[""FRONT-RIGHT-CORNER"", ""REAR-RIGHT-CORNER""]","[""IL""]","[""FORD"", ""MITSUBISHI""]","[""STRAIGHT AHEAD"", ""TURNING LEFT""]","[""OUTLANDER"", ""TRANSIT""]","[""1""]","[""N"", ""S""]","[""1"", ""2""]","[""DRIVER""]","[""NONE""]","[""2062921"", ""2062926""]","[""SPORT UTILITY VEHICLE (SUV)"", ""VAN/MINI-VAN""]","[""COMMERCIAL - SINGLE UNIT"", ""PERSONAL""]","[""2018"", ""2021""]","[""Y""]","[""Y""]",[],[],[],[],[],[],[],"[""N""]",[],[],[],"[""Y""]",[],[],"['17', '32']","[""NOT APPLICABLE""]","[""TEST NOT OFFERED""]","[""CHICAGO""]","[""2025-10-05T10:48:00.000""]","[""FAILED TO YIELD"", ""NONE""]","[""UNKNOWN""]","[""D""]","[""IL""]","[""NONE""]",[],"[""O2164080"", ""O2164081""]","[""DRIVER""]","[""NORMAL""]","[""USAGE UNKNOWN""]","[""M""]","[""IL""]","[""2062921"", ""2062926""]",[],[],[],[],[],[],[],2025,10,10,5,True,morning,41.77,-87.65,41.77_-87.65,24.5,17,32,FAILURE-TO-YIELD,0
STRAIGHT AND LEVEL,813,2025-10-05 10:45:00,1,10,10,0E71789AD14354C7914F27F35467CBD663BE7A76B9939244B2DD5BCE3187AB0EAAC4AC9C0CD087151DB9E36E70E30DD19CC5DB5760BA093D99AB1C11CC48571B,NO INJURY / DRIVE AWAY,"$501 - $1,500",NO CONTROLS,REAR END,41.7928506372,DAYLIGHT,-87.7474720443,2,30,UNABLE TO DETERMINE,UNKNOWN,DRY,UNABLE TO DETERMINE,W,4957,NO CONTROLS,NOT DIVIDED,CLEAR,0.0,0.0,0.0,0.0,0.0,1.0,1,1,[],[],"[""Y""]","[""2025-10-05T10:45:00.000""]","[""2164056"", ""2164057""]","[""FRONT"", ""REAR""]","[""IL""]","[""FORD"", ""JEEP""]","[""STRAIGHT AHEAD""]","[""EDGE"", ""WRANGLER""]","[""1""]","[""SW"", ""W""]","[""1"", ""2""]","[""DRIVER""]","[""UNKNOWN""]","[""2062906"", ""2062915""]","[""PASSENGER""]","[""PERSONAL""]","[""2013"", ""2018""]",[],[],[],[],[],[],[],[],[],[],[],[],[],[],"[""Y""]",[],['53'],"[""NOT APPLICABLE""]","[""TEST NOT OFFERED""]","[""CHICAGO""]","[""2025-10-05T10:45:00.000""]","[""UNKNOWN""]","[""UNKNOWN""]","[""D""]","[""IL""]","[""NONE""]",[],"[""O2164056"", ""O2164057""]","[""DRIVER""]","[""NORMAL""]","[""USAGE UNKNOWN""]","[""M""]","[""IL""]","[""2062906"", ""2062915""]","[""60632"", ""60638""]",[],[],[],[],[],[],2025,10,10,5,True,morning,41.79,-87.75,41.79_-87.75,53.0,53,53,OTHER,0
STRAIGHT AND LEVEL,1925,2025-10-05 10:45:00,1,10,10,93C40012C3EEFC0649C819E55A80819FEB5B001061BD7C1B9E7286C386BD5E27CCB10B9BC1760D83EEFD3251D713640A69BBB37C657A38F7AF975CC1E82FB336,NO INJURY / DRIVE AWAY,"$501 - $1,500",FUNCTIONING PROPERLY,SIDESWIPE SAME DIRECTION,41.9411052933,DAYLIGHT,-87.6396605291,2,30,IMPROPER LANE USAGE,NO DEFECTS,DRY,IMPROPER LANE USAGE,N,3232,TRAFFIC SIGNAL,FOUR WAY,CLEAR,0.0,1.0,0.0,0.0,0.0,1.0,1,1,[],"[""Y""]",[],"[""2025-10-05T10:45:00.000""]","[""2164510"", ""2164511""]","[""SIDE-LEFT"", ""SIDE-RIGHT""]","[""IL""]","[""SUBARU"", ""UNKNOWN""]","[""CHANGING LANES"", ""SLOW/STOP IN TRAFFIC""]","[""IMPREZA"", ""MOTORIZED""]","[""1""]","[""W""]","[""1"", ""2""]","[""DRIVER""]","[""NONE""]","[""2063324"", ""2063328""]","[""PASSENGER""]","[""PERSONAL"", ""UNKNOWN/NA""]","[""2017""]","[""Y""]","[""Y""]","[""Y""]",[],[],"[""Y""]",[],"[""Y""]","[""Y""]",[],[],"[""Y""]",[],"[""Y""]",[],[],['62'],"[""DEPLOYMENT UNKNOWN"", ""NOT APPLICABLE""]","[""TEST NOT OFFERED""]","[""CHICAGO""]","[""2025-10-05T10:45:00.000""]","[""IMPROPER LANE CHANGE"", ""NONE""]","[""NOT OBSCURED"", ""UNKNOWN""]","[""D""]","[""IL""]","[""NONE""]",[],"[""O2164510"", ""O2164511""]","[""DRIVER""]","[""NORMAL"", ""UNKNOWN""]","[""SAFETY BELT USED"", ""USAGE UNKNOWN""]","[""M"", ""X""]","[""IL""]","[""2063324"", ""2063328""]","[""60657""]",[],[],[],[],[],[],2025,10,10,5,True,morning,41.94,-87.64,41.94_-87.64,62.0,62,62,OTHER,0
STRAIGHT AND LEVEL,1632,2025-10-05 10:30:00,1,10,10,8C50EDD9714472E6AC1C4C8E2F1091061D3B3CE972B9AF8EFF51DB4A4E1C0D35A23288B6FA2E4A888B1B07D8CD0D706DFC2915709F8B88A2E30C2D9B96B6894E,NO INJURY / DRIVE AWAY,"OVER $1,500",FUNCTIONING PROPERLY,TURNING,41.9526437098,DAYLIGHT,-87.7956932249,2,30,UNABLE TO DETERMINE,UNKNOWN,UNKNOWN,UNABLE TO DETERMINE,W,6747,TRAFFIC SIGNAL,DIVIDED - W/MEDIAN (NOT RAISED),CLEAR,0.0,0.0,0.0,0.0,0.0,1.0,1,2,[],[],"[""Y""]","[""2025-10-05T10:30:00.000""]","[""2164054"", ""2164055""]","[""FRONT-LEFT-CORNER"", ""SIDE-RIGHT""]","[""IL""]","[""MITSUBISHI"", ""NISSAN""]","[""STRAIGHT AHEAD"", ""TURNING RIGHT""]","[""MAXIMA"", ""OUTLANDER""]","[""1""]","[""E""]","[""1"", ""2""]","[""DRIVER""]","[""NONE""]","[""2062902"", ""2062904""]","[""PASSENGER""]","[""PERSONAL""]","[""2010"", ""2023""]","[""Y""]","[""Y""]","[""Y""]",[],[],[],[],[],[],[],[],[],[],"[""Y""]",[],[],"['20', '64']","[""NOT APPLICABLE""]","[""TEST NOT OFFERED""]","[""CHICAGO""]","[""2025-10-05T10:30:00.000""]","[""UNKNOWN""]","[""UNKNOWN""]","[""D""]","[""IL""]","[""NONE""]",[],"[""O2164054"", ""O2164055""]","[""DRIVER""]","[""NORMAL""]","[""SAFETY BELT USED""]","[""M""]","[""IL""]","[""2062902"", ""2062904""]","[""60618"", ""60634""]",[],[],[],[],[],[],2025,10,10,5,True,morning,41.95,-87.8,41.95_-87.8,42.0,20,64,OTHER,0
STRAIGHT AND LEVEL,1921,2025-10-05 10:30:00,1,10,10,636D1FA23C6B42B933A119BFA356F05A3375BFEC8B29ED3CDD3B0380F8685A508EB7DD15018338183F1C7FE32B9059722780972F84A298B9AFFB5AD12CE013A9,NO INJURY / DRIVE AWAY,"$501 - $1,500",NO CONTROLS,PARKED MOTOR VEHICLE,41.9522904083,UNKNOWN,-87.6904553368,2,10,UNABLE TO DETERMINE,NO DEFECTS,DRY,NOT APPLICABLE,W,2452,NO CONTROLS,PARKING LOT,CLEAR,0.0,0.0,0.0,0.0,0.0,1.0,2,1,"[""Y""]",[],[],"[""2025-10-05T10:30:00.000""]","[""2176978"", ""2176979""]","[""FRONT-RIGHT-CORNER"", ""UNKNOWN""]","[""IL""]","[""HONDA"", ""JEEP""]","[""PARKED"", ""UNKNOWN/NA""]","[""CR-V"", ""JEEP""]","[""0"", ""1""]","[""UNKNOWN""]","[""1"", ""2""]","[""DRIVER"", ""PARKED""]","[""NONE""]","[""2075150"", ""2075152""]","[""PASSENGER""]","[""NOT IN USE"", ""PERSONAL""]","[""2025""]",[],[],[],[],[],[],"[""Y""]",[],[],[],[],[],[],[],[],[],['71'],"[""NOT APPLICABLE""]","[""TEST NOT OFFERED""]","[""CHICAGO""]","[""2025-10-05T10:30:00.000""]","[""UNKNOWN""]","[""NOT OBSCURED""]",[],"[""IL""]","[""NONE""]",[],"[""O2176978""]","[""DRIVER""]","[""NORMAL""]","[""USAGE UNKNOWN""]","[""M""]",[],"[""2075150""]",[],[],[],[],[],[],[],2025,10,10,5,True,morning,41.95,-87.69,41.95_-87.69,71.0,71,71,OTHER,0
STRAIGHT AND LEVEL,2223,2025-10-05 10:30:00,1,10,10,5872218D4E36C88FFAAA9D23447417B9E9FD6D5F34917DF7C578439F35DCA4E9F4497C513FDCB80E5874B31C55C324F8D7205152F4C4F37389877BE08E6700F9,NO INJURY / DRIVE AWAY,"$501 - $1,500",NO CONTROLS,PARKED MOTOR VEHICLE,41.7248580121,DAYLIGHT,-87.6434522185,2,10,IMPROPER BACKING,NO DEFECTS,DRY,NOT APPLICABLE,S,9300,NO CONTROLS,PARKING LOT,CLEAR,0.0,1.0,0.0,0.0,0.0,1.0,2,0,[],[],[],"[""2025-10-05T10:30:00.000""]","[""2164045"", ""2164046""]","[""REAR"", ""SIDE-RIGHT""]",[],"[""FORD"", ""VOLVO""]","[""BACKING"", ""PARKED IN TRAFFIC LANE""]","[""ESCAPE"", ""OTHER (EXPLAIN IN NARRATIVE)""]","[""0"", ""1""]","[""E"", ""S""]","[""1"", ""2""]","[""DRIVER"", ""PARKED""]","[""NONE"", ""UNKNOWN""]","[""2062894"", ""2062901""]","[""PASSENGER"", ""SPORT UTILITY VEHICLE (SUV)""]","[""PERSONAL"", ""UNKNOWN/NA""]","[""2022""]",[],[],[],[],[],[],[],[],[],[],[],[],[],"[""Y""]",[],[],[],"[""DEPLOYMENT UNKNOWN""]","[""TEST NOT OFFERED""]",[],"[""2025-10-05T10:30:00.000""]","[""IMPROPER BACKING""]","[""UNKNOWN""]",[],[],"[""NONE""]",[],"[""O2164045""]","[""DRIVER""]","[""UNKNOWN""]","[""USAGE UNKNOWN""]","[""F""]",[],"[""2062894""]",[],[],[],[],[],[],[],2025,10,10,5,True,morning,41.72,-87.64,41.72_-87.64,0.0,0,0,OTHER,0