alignment,beat_of_occurrence,crash_date,crash_day_of_week,crash_hour,crash_month,crash_record_id,crash_type,damage,device_condition,first_crash_type,latitude,lighting_condition,longitude,num_units,posted_speed_limit,prim_contributory_cause,road_defect,roadway_surface_cond,sec_contributory_cause,street_direction,street_no,traffic_control_device,trafficway_type,weather_condition,private_property_i,hit_and_run_i,intersection_related_i,crash_date_est_i,work_zone_i,workers_present_i,veh_count,ppl_count,veh_area_01_i_list_json,veh_area_02_i_list_json,veh_area_12_i_list_json,veh_crash_date_list_json,veh_crash_unit_id_list_json,veh_first_contact_point_list_json,veh_lic_plate_state_list_json,veh_make_list_json,veh_maneuver_list_json,veh_model_list_json,veh_occupant_cnt_list_json,veh_travel_direction_list_json,veh_unit_no_list_json,veh_unit_type_list_json,veh_vehicle_defect_list_json,veh_vehicle_id_list_json,veh_vehicle_type_list_json,veh_vehicle_use_list_json,veh_vehicle_year_list_json,veh_area_03_i_list_json,veh_area_04_i_list_json,veh_area_11_i_list_json,veh_towed_by_list_json,veh_towed_i_list_json,veh_area_07_i_list_json,veh_area_99_i_list_json,veh_area_09_i_list_json,veh_area_10_i_list_json,veh_cmrc_veh_i_list_json,veh_num_passengers_list_json,veh_area_08_i_list_json,veh_area_00_i_list_json,veh_area_05_i_list_json,veh_area_06_i_list_json,veh_towed_to_list_json,ppl_age_list_json,ppl_airbag_deployed_list_json,ppl_bac_result_list_json,ppl_city_list_json,ppl_crash_date_list_json,ppl_driver_action_list_json,ppl_driver_vision_list_json,ppl_drivers_license_class_list_json,ppl_drivers_license_state_list_json,ppl_ejection_list_json,ppl_hospital_list_json,ppl_person_id_list_json,ppl_person_type_list_json,ppl_physical_condition_list_json,ppl_safety_equipment_list_json,ppl_sex_list_json,ppl_state_list_json,ppl_vehicle_id_list_json,ppl_zipcode_list_json,ppl_ems_agency_list_json,ppl_seat_no_list_json,ppl_pedpedal_action_list_json,ppl_pedpedal_location_list_json,ppl_pedpedal_visibility_list_json,ppl_ems_run_no_list_json,year,month,hour,day,is_weekend,hour_bin,lat_bin,lng_bin,grid_id,ppl_age_mean,ppl_age_min,ppl_age_max,prim_contributory_cause_group,ksi_flag
STRAIGHT AND LEVEL,1723,2025-10-05 10:30:00,1,10,10,BA289DDA0A64316B3B00DA5E09FBCED351072646C3BFFA21BD12057CF2CDB18FA2F8B229E0BA94661FD954CF98E677FA9C9C37AE289CEB8144CFA69C88BFE83A,NO INJURY / DRIVE AWAY,"OVER $1,500",NO CONTROLS,PARKED MOTOR VEHICLE,41.953930482,DAYLIGHT,-87.7154261961,2,35,UNABLE TO DETERMINE,NO DEFECTS,DRY,UNABLE TO DETERMINE,W,3500,NO CONTROLS,DIVIDED - W/MEDIAN (NOT RAISED),CLEAR,0.0,0.0,0.0,0.0,0.0,1.0,2,1,"[""Y""]","[""Y""]",[],"[""2025-10-05T10:30:00.000""]","[""2164062"", ""2164063""]","[""SIDE-LEFT"", ""SIDE-RIGHT""]","[""IL""]","[""CHEVROLET"", ""UNKNOWN""]","[""PARKED"", ""STRAIGHT AHEAD""]","[""NOVA"", ""OTHER (EXPLAIN IN NARRATIVE)""]","[""0"", ""1""]","[""W""]","[""1"", ""2""]","[""DRIVER"", ""PARKED""]","[""NONE""]","[""2062908"", ""2062911""]","[""PASSENGER""]","[""PERSONAL""]","[""2016""]","[""Y""]","[""Y""]","[""Y""]",[],[],"[""Y""]",[],"[""Y""]","[""Y""]",[],[],"[""Y""]",[],"[""Y""]",[],[],['78'],"[""NOT APPLICABLE""]","[""TEST NOT OFFERED""]","[""CHICAGO""]","[""2025-10-05T10:30:00.000""]","[""UNKNOWN""]","[""UNKNOWN""]","[""D""]","[""IL""]","[""NONE""]",[],"[""O2164062""]","[""DRIVER""]","[""NORMAL""]","[""SAFETY BELT USED""]","[""M""]","[""IL""]","[""2062908""]","[""60618""]",[],[],[],[],[],[],2025,10,10,5,True,morning,41.95,-87.72,41.95_-87.72,78.0,78,78,OTHER,0
STRAIGHT AND LEVEL,1911,2025-10-05 10:25:00,1,10,10,FC9C8837E6CC3059F55566D9491D060B3A5ABB0A343BE6AB24592DFD877758C34641CA9852D34E6D3AA3007BF6A80ED12AE7E3F6E214AA8C529CF1D29FF1DC19,INJURY AND / OR TOW DUE TO CRASH,"OVER $1,500",NO CONTROLS,PARKED MOTOR VEHICLE,41.9655604537,DAYLIGHT,-87.6889562021,2,30,UNABLE TO DETERMINE,NO DEFECTS,DRY,UNABLE TO DETERMINE,N,4620,NO CONTROLS,DIVIDED - W/MEDIAN (NOT RAISED),CLEAR,0.0,0.0,0.0,0.0,0.0,1.0,2,4,"[""Y""]",[],[],"[""2025-10-05T10:25:00.000""]","[""2164068"", ""2164069""]","[""FRONT-RIGHT-CORNER"", ""SIDE-LEFT""]","[""IL""]","[""BMW"", ""MERCEDES-BENZ""]","[""PARKED"", ""STRAIGHT AHEAD""]","[""EQE"", ""OTHER (EXPLAIN IN NARRATIVE)""]","[""2""]","[""S""]","[""1"", ""2""]","[""DRIVER"", ""PARKED""]","[""NONE""]","[""2062913"", ""2062922""]","[""SPORT UTILITY VEHICLE (SUV)""]","[""PERSONAL""]","[""2022"", ""2024""]",[],"[""Y""]",[],"[""PRIVATE TOW""]","[""Y""]",[],[],[],"[""Y""]",[],"[""1"", ""2""]",[],[],[],[],[],"['10', '43', '45', '57']","[""DID NOT DEPLOY""]","[""TEST NOT OFFERED""]","[""CHICAGO""]","[""2025-10-05T10:25:00.000""]","[""UNKNOWN""]","[""NOT OBSCURED""]","[""D""]","[""IL""]","[""NONE""]",[],"[""O2164069"", ""P477606"", ""P477607"", ""P477608""]","[""DRIVER"", ""PASSENGER""]","[""NORMAL""]","[""SAFETY BELT USED"", ""USAGE UNKNOWN""]","[""F"", ""M""]","[""IL""]","[""2062913"", ""2062922""]","[""60612"", ""60614""]",[],"[""1"", ""3"", ""5""]",[],[],[],[],2025,10,10,5,True,morning,41.97,-87.69,41.97_-87.69,38.75,10,57,OTHER,0
STRAIGHT AND LEVEL,1014,2025-10-05 10:10:00,1,10,10,4422390929474A013C9FB840E9F68D39015B89C1C3B5065471A6D84F6F9056F16309B0B3729F1B094DC41F9DD0676D337C484EF2FD779951443766544F88B0D3,INJURY AND / OR TOW DUE TO CRASH,"OVER $1,500",FUNCTIONING PROPERLY,TURNING,41.8588809029,DAYLIGHT,-87.7153513345,2,30,FAILING TO YIELD RIGHT-OF-WAY,NO DEFECTS,DRY,NOT APPLICABLE,S,1600,TRAFFIC SIGNAL,NOT DIVIDED,CLEAR,0.0,0.0,1.0,0.0,0.0,1.0,1,2,[],"[""Y""]","[""Y""]","[""2025-10-05T10:10:00.000""]","[""2164033"", ""2164034""]","[""FRONT"", ""SIDE-LEFT""]","[""IL""]","[""BUICK"", ""NISSAN""]","[""STRAIGHT AHEAD"", ""TURNING LEFT""]","[""ALTIMA"", ""LACROSSE""]","[""1""]","[""E"", ""N""]","[""1"", ""2""]","[""DRIVER""]","[""NONE""]","[""2062884"", ""2062887""]","[""PASSENGER""]","[""PERSONAL""]","[""2013"", ""2016""]","[""Y""]","[""Y""]",[],[],[],[],[],[],[],[],[],[],[],[],[],[],"['32', '60']","[""DEPLOYED, COMBINATION"", ""DID NOT DEPLOY""]","[""TEST NOT OFFERED""]","[""BATAVIA"", ""CARPENTERVILLE""]","[""2025-10-05T10:10:00.000""]","[""FAILED TO YIELD"", ""NONE""]","[""NOT OBSCURED""]","[""D""]","[""IL""]","[""NONE""]","[""D N A"", ""MT SINAI""]","[""O2164033"", ""O2164034""]","[""DRIVER""]","[""NORMAL""]","[""USAGE UNKNOWN""]","[""F"", ""M""]","[""IL""]","[""2062884"", ""2062887""]","[""60100"", ""60510""]","[""77""]",[],[],[],[],[],2025,10,10,5,True,morning,41.86,-87.72,41.86_-87.72,46.0,32,60,FAILURE-TO-YIELD,1
STRAIGHT AND LEVEL,1711,2025-10-05 10:10:00,1,10,10,19738955E74FCCAD4199B530E0E3A8432EA9837686384ABC1612BFB6440E0AFD5158B7D4ABBC3FF5D491A3850DC2C8F005399D24C89BB3129F161B5B0A3E4DA2,NO INJURY / DRIVE AWAY,"OVER $1,500",FUNCTIONING PROPERLY,REAR END,41.9971654033,DAYLIGHT,-87.745346423,2,30,FOLLOWING TOO CLOSELY,UNKNOWN,DRY,UNABLE TO DETERMINE,W,4647,TRAFFIC SIGNAL,DIVIDED - W/MEDIAN BARRIER,CLEAR,0.0,0.0,0.0,0.0,0.0,1.0,1,3,"[""Y""]",[],"[""Y""]","[""2025-10-05T10:10:00.000""]","[""2164052"", ""2164053""]","[""FRONT-LEFT-CORNER"", ""REAR-LEFT-CORNER""]","[""IL""]","[""DODGE"", ""LEXUS""]","[""STRAIGHT AHEAD""]","[""RAM 1500 PU"", ""RX""]","[""1"", ""2""]","[""E""]","[""1"", ""2""]","[""DRIVER""]","[""UNKNOWN""]","[""2062909"", ""2062937""]","[""PASSENGER"", ""PICKUP""]","[""PERSONAL""]","[""2010"", ""2014""]",[],[],[],[],[],"[""Y""]",[],[],[],[],"[""1""]",[],[],[],"[""Y""]",[],"['31', '63', '66']","[""DID NOT DEPLOY""]","[""TEST NOT OFFERED""]","[""PALATINE"", ""ROLLING MEADOWS""]","[""2025-10-05T10:10:00.000""]","[""FOLLOWED TOO CLOSELY"", ""UNKNOWN""]","[""UNKNOWN""]","[""D""]","[""IL""]","[""NONE""]",[],"[""O2164052"", ""O2164053"", ""P477614""]","[""DRIVER"", ""PASSENGER""]","[""NORMAL""]","[""USAGE UNKNOWN""]","[""F"", ""M""]","[""IL""]","[""2062909"", ""2062937""]","[""60008"", ""60074""]",[],"[""3""]",[],[],[],[],2025,10,10,5,True,morning,42.0,-87.75,42.0_-87.75,53.333333333333336,31,66,FOLLOWING TOO CLOSELY,0
STRAIGHT AND LEVEL,1111,2025-10-05 10:05:00,1,10,10,20AE5391C3F064A867B7FBD6737561A26B7D774E666B2302F3F3B15143E030194482B27E2F8D5DBAB5E40D7FE44BB7D9C84250518BBEF7924FB67E27BE3C5856,NO INJURY / DRIVE AWAY,$500 OR LESS,NO CONTROLS,SIDESWIPE SAME DIRECTION,41.902331663,DAYLIGHT,-87.7404589449,2,15,IMPROPER BACKING,NO DEFECTS,DRY,IMPROPER BACKING,W,4545,NO CONTROLS,ONE-WAY,CLEAR,0.0,0.0,0.0,0.0,0.0,1.0,1,2,[],[],[],"[""2025-10-05T10:05:00.000""]","[""2164097"", ""2164098""]","[""REAR-RIGHT-CORNER"", ""SIDE-LEFT-REAR""]","[""IL"", ""MI""]","[""JEEP"", ""UNKNOWN""]","[""BACKING"", ""STRAIGHT AHEAD""]","[""OTHER (EXPLAIN IN NARRATIVE)"", ""WRANGLER""]","[""1"", ""2""]","[""N""]","[""1"", ""2""]","[""DRIVER""]","[""NONE""]","[""2062940"", ""2062946""]","[""BUS OVER 15 PASS."", ""PASSENGER""]","[""OTHER"", ""PERSONAL""]","[""2009"", ""2024""]",[],"[""Y""]",[],[],[],"[""Y""]",[],[],[],"[""Y""]","[""1""]","[""Y""]",[],"[""N""]",[],[],"['45', '64']","[""NOT APPLICABLE""]","[""TEST NOT OFFERED""]","[""CHESTERFIELD"", ""CHICAGO""]","[""2025-10-05T10:05:00.000""]","[""IMPROPER BACKING"", ""NONE""]","[""NOT OBSCURED"", ""UNKNOWN""]","[""D"", ""E""]","[""IL"", ""MI""]","[""NONE""]",[],"[""O2164097"", ""O2164098"", ""P477612""]","[""DRIVER"", ""PASSENGER""]","[""NORMAL""]","[""SAFETY BELT USED""]","[""F"", ""M""]","[""IL"", ""MO""]","[""2062940"", ""2062946""]","[""48047"", ""60707""]",[],"[""3""]",[],[],[],[],2025,10,10,5,True,morning,41.9,-87.74,41.9_-87.74,54.5,45,64,OTHER,0
STRAIGHT AND LEVEL,1225,2025-10-05 10:05:00,1,10,10,7E67BE6B49BA94D5A8D7B296B78DA769EEA1319B44B65C85E5B8EE903089EB2E643BFB26F7324932D4F346831A45BC286BE0AA1C2D54A354FA00897DC71FEC50,NO INJURY / DRIVE AWAY,"OVER $1,500",FUNCTIONING PROPERLY,TURNING,41.8763168212,"DARKNESS, LIGHTED ROAD",-87.6764977909,2,30,UNABLE TO DETERMINE,NO DEFECTS,DRY,NOT APPLICABLE,W,1998,TRAFFIC SIGNAL,FOUR WAY,CLEAR,0.0,0.0,1.0,0.0,0.0,1.0,1,1,"[""Y""]","[""Y""]",[],"[""2025-10-05T10:05:00.000""]","[""2165988"", ""2165989""]","[""SIDE-LEFT"", ""SIDE-RIGHT-FRONT""]","[""IL""]","[""FORD"", ""TOYOTA""]","[""TURNING LEFT""]","[""CAMRY"", ""EXPLORER""]","[""1""]","[""W""]","[""1"", ""2""]","[""DRIVER""]","[""UNKNOWN""]","[""2064733"", ""2064740""]","[""PASSENGER"", ""SPORT UTILITY VEHICLE (SUV)""]","[""UNKNOWN/NA""]","[""2015"", ""2017""]",[],[],[],[],[],[],[],"[""Y""]","[""Y""]",[],[],"[""Y""]",[],[],[],[],['32'],"[""NOT APPLICABLE""]","[""TEST NOT OFFERED""]","[""AURORA"", ""CHICAGO""]","[""2025-10-05T10:05:00.000""]","[""UNKNOWN""]","[""UNKNOWN""]","[""D""]","[""IL""]","[""NONE""]",[],"[""O2165988"", ""O2165989""]","[""DRIVER""]","[""UNKNOWN""]","[""USAGE UNKNOWN""]","[""F"", ""M""]","[""IL""]","[""2064733"", ""2064740""]","[""60504"", ""60619""]",[],[],[],[],[],[],2025,10,10,5,True,morning,41.88,-87.68,41.88_-87.68,32.0,32,32,OTHER,0
STRAIGHT AND LEVEL,2513,2025-10-05 10:00:00,1,10,10,C41B1677C63AAC97430C75CC3D047DB3265B961C75E353EBAF27BC56F461D82F00300C2CA5F4F9C5507F3F5A9F03B3E22B92E2C367A007E528CD9B0DFFF6107A,NO INJURY / DRIVE AWAY,"OVER $1,500",NO CONTROLS,OTHER OBJECT,41.9129556172,UNKNOWN,-87.7802768112,1,10,UNABLE TO DETERMINE,UNKNOWN,DRY,NOT APPLICABLE,W,6200,NO CONTROLS,OTHER,CLEAR,1.0,1.0,0.0,0.0,0.0,1.0,1,0,[],[],[],"[""2025-10-05T10:00:00.000""]","[""2164707""]","[""UNKNOWN""]",[],"[""UNKNOWN""]","[""UNKNOWN/NA""]","[""OTHER (EXPLAIN IN NARRATIVE)""]","[""1""]","[""UNKNOWN""]","[""1""]","[""DRIVER""]","[""UNKNOWN""]","[""2063514""]","[""UNKNOWN/NA""]","[""UNKNOWN/NA""]",[],[],[],[],[],[],[],"[""Y""]",[],[],[],[],[],[],[],[],[],[],"[""DEPLOYMENT UNKNOWN""]","[""TEST NOT OFFERED""]",[],"[""2025-10-05T10:00:00.000""]","[""UNKNOWN""]","[""UNKNOWN""]",[],[],"[""NONE""]",[],"[""O2164707""]","[""DRIVER""]","[""UNKNOWN""]","[""USAGE UNKNOWN""]","[""X""]",[],"[""2063514""]",[],[],[],[],[],[],[],2025,10,10,5,True,morning,41.91,-87.78,41.91_-87.78,0.0,0,0,OTHER,0
STRAIGHT AND LEVEL,2512,2025-10-05 10:00:00,1,10,10,B370BE53E8E81A78BA231F3CCFE6242238154070E932C2B638772822AE145A275BA66FF7C3C4A543F451FBC1F9742D576CABA325D62AB621D00144C6243E3BA7,NO INJURY / DRIVE AWAY,"OVER $1,500",NO CONTROLS,PARKED MOTOR VEHICLE,41.9239952539,DAYLIGHT,-87.7990666741,2,20,UNABLE TO DETERMINE,UNKNOWN,DRY,NOT APPLICABLE,N,2412,NO CONTROLS,ONE-WAY,CLEAR,0.0,1.0,0.0,0.0,0.0,1.0,2,0,"[""Y""]","[""Y""]",[],"[""2025-10-05T10:00:00.000""]","[""2164901"", ""2164902""]","[""FRONT-RIGHT-CORNER"", ""UNKNOWN""]","[""IL""]","[""CHEVROLET"", ""UNKNOWN""]","[""PARKED"", ""UNKNOWN/NA""]","[""CAMARO"", ""OTHER (EXPLAIN IN NARRATIVE)""]","[""0"", ""1""]","[""N"", ""UNKNOWN""]","[""1"", ""2""]","[""DRIVER"", ""PARKED""]","[""UNKNOWN""]","[""2063698"", ""2063700""]","[""PASSENGER"", ""UNKNOWN/NA""]","[""NOT IN USE"", ""UNKNOWN/NA""]","[""2015""]",[],[],[],[],[],[],"[""Y""]",[],[],[],[],[],[],[],[],[],[],"[""DEPLOYMENT UNKNOWN""]","[""TEST NOT OFFERED""]",[],"[""2025-10-05T10:00:00.000""]","[""UNKNOWN""]","[""UNKNOWN""]",[],[],"[""NONE""]",[],"[""O2164901""]","[""DRIVER""]","[""UNKNOWN""]","[""USAGE UNKNOWN""]","[""X""]",[],"[""2063698""]",[],[],[],[],[],[],[],2025,10,10,5,True,morning,41.92,-87.8,41.92_-87.8,0.0,0,0,OTHER,0
STRAIGHT AND LEVEL,912,2025-10-05 09:35:00,1,9,10,73089A68794C45D436DE07153D067304759F3B06C7B1477383F1D8A601E5D94968A6C6BA545A346A8A2EA00290A48180B51717C5B782178B72C2D46242CEA005,INJURY AND / OR TOW DUE TO CRASH,"OVER $1,500",FUNCTIONING PROPERLY,ANGLE,41.8369518594,DAYLIGHT,-87.6671668986,2,30,FAILING TO YIELD RIGHT-OF-WAY,UNKNOWN,DRY,DISREGARDING TRAFFIC SIGNALS,S,3150,TRAFFIC SIGNAL,FOUR WAY,CLEAR,0.0,0.0,1.0,0.0,0.0,1.0,1,2,"[""Y""]","[""Y""]","[""Y""]","[""2025-10-05T09:35:00.000""]","[""2164043"", ""2164044""]","[""FRONT"", ""FRONT-RIGHT-CORNER""]","[""IL""]","[""CHEVROLET"", ""TOYOTA""]","[""STRAIGHT AHEAD""]","[""CAMRY"", ""TRAVERSE""]","[""1""]","[""E"", ""N""]","[""1"", ""2""]","[""DRIVER""]","[""NONE""]","[""2062896"", ""2062900""]","[""PASSENGER""]","[""PERSONAL""]","[""2012"", ""2023""]",[],[],"[""Y""]","[""OWNER'S INSURANCE"", ""S&S""]","[""Y""]",[],[],[],[],[],[],[],[],[],[],"[""POUND #2""]","['39', '59']","[""DEPLOYED, COMBINATION"", ""DEPLOYED, FRONT""]","[""TEST NOT OFFERED""]","[""CHICAGO""]","[""2025-10-05T09:35:00.000""]","[""FAILED TO YIELD"", ""NONE""]","[""UNKNOWN""]","[""A"", ""D""]","[""IL""]","[""NONE""]",[],"[""O2164043"", ""O2164044""]","[""DRIVER""]","[""NORMAL""]","[""SAFETY BELT USED""]","[""M""]","[""IL""]","[""2062896"", ""2062900""]","[""60501"", ""60609""]",[],[],[],[],[],[],2025,10,9,5,True,morning,41.84,-87.67,41.84_-87.67,49.0,39,59,FAILURE-TO-YIELD,0
STRAIGHT AND LEVEL,1523,2025-10-05 09:30:00,1,9,10,8CDC421E24322D775BC23FACEAF9D45FD72E38AE02C06F8B75669185F940541F9E8F2DB5D867F1B2E6185A5191EB6BE31001DBDD9E240E857A7B75E597B03C2C,NO INJURY / DRIVE AWAY,"OVER $1,500",NO CONTROLS,PARKED MOTOR VEHICLE,41.88434627,DAYLIGHT,-87.7649204853,2,20,UNABLE TO DETERMINE,NO DEFECTS,DRY,UNABLE TO DETERMINE,W,5546,NO CONTROLS,ONE-WAY,CLEAR,0.0,1.0,0.0,0.0,0.0,1.0,2,0,[],[],[],"[""2025-10-05T09:30:00.000""]","[""2164021"", ""2164022""]","[""SIDE-RIGHT"", ""UNKNOWN""]","[""IL"", ""TX""]","[""CHEVROLET"", ""UNKNOWN""]","[""PARKED"", ""UNKNOWN/NA""]","[""MALIBU"", ""OTHER (EXPLAIN IN NARRATIVE)""]","[""0"", ""1""]","[""E"", ""UNKNOWN""]","[""1"", ""2""]","[""DRIVER"", ""PARKED""]","[""NONE"", ""UNKNOWN""]","[""2062873"", ""2062874""]","[""PASSENGER"", ""UNKNOWN/NA""]","[""NOT IN USE"", ""UNKNOWN/NA""]","[""2024""]","[""Y""]",[],[],[],[],[],[],[],[],[],[],[],[],[],[],[],[],"[""DEPLOYMENT UNKNOWN""]","[""TEST NOT OFFERED""]",[],"[""2025-10-05T09:30:00.000""]","[""UNKNOWN""]","[""UNKNOWN""]",[],[],"[""UNKNOWN""]",[],"[""O2164021""]","[""DRIVER""]","[""UNKNOWN""]","[""USAGE UNKNOWN""]","[""X""]",[],"[""2062873""]",[],[],[],[],[],[],[],2025,10,9,5,True,morning,41.88,-87.76,41.88_-87.76,0.0,0,0,OTHER,0
STRAIGHT AND LEVEL,1834,2025-10-05 08:57:00,1,8,10,9A04B4645B23BF05FC63C95BC39626A927160EC8F201CE0CFE175A73BBC1E0AAD2ECA01F18E2A295EA64F6016DF26182BEF2907B919B35C3A2D0259580F65C82,NO INJURY / DRIVE AWAY,"OVER $1,500",NO CONTROLS,PARKED MOTOR VEHICLE,41.891120593,DAYLIGHT,-87.6239887043,2,30,UNABLE TO DETERMINE,UNKNOWN,DRY,UNABLE TO DETERMINE,N,505,NO CONTROLS,PARKING LOT,CLEAR,1.0,1.0,0.0,1.0,0.0,1.0,2,0,[],[],[],"[""2025-10-05T08:57:00.000""]","[""2164031"", ""2164032""]","[""FRONT-LEFT-CORNER"", ""UNKNOWN""]","[""NC""]","[""MITSUBISHI"", ""UNKNOWN""]","[""PARKED"", ""UNKNOWN/NA""]","[""OTHER (EXPLAIN IN NARRATIVE)"", ""OUTLANDER""]","[""0"", ""1""]","[""UNKNOWN""]","[""1"", ""2""]","[""DRIVER"", ""PARKED""]","[""NONE"", ""UNKNOWN""]","[""2062882"", ""2062885""]","[""PASSENGER"", ""UNKNOWN/NA""]","[""PERSONAL"", ""UNKNOWN/NA""]","[""2025""]",[],[],"[""Y""]",[],[],[],"[""Y""]",[],"[""Y""]",[],[],[],[],[],[],[],[],"[""DEPLOYMENT UNKNOWN""]","[""TEST NOT OFFERED""]",[],"[""2025-10-05T08:57:00.000""]","[""UNKNOWN""]","[""UNKNOWN""]",[],[],"[""UNKNOWN""]",[],"[""O2164031""]","[""DRIVER""]","[""UNKNOWN""]","[""USAGE UNKNOWN""]","[""X""]",[],"[""2062882""]",[],[],[],[],[],[],[],2025,10,8,5,True,morning,41.89,-87.62,41.89_-87.62,0.0,0,0,OTHER,0
STRAIGHT AND LEVEL,531,2025-10-05 08:45:00,1,8,10,936F76741CEB310E369DAE0E0A934A361DD62208CAB4F6319B749614BAC1A54214DB94038D476361F39A91C14FBAF4F3AAB7548DE583380026D1DE7558DFF420,INJURY AND / OR TOW DUE TO CRASH,"OVER $1,500",FUNCTIONING PROPERLY,ANGLE,41.6925417016,"DARKNESS, LIGHTED ROAD",-87.6229564294,2,35,DISREGARDING TRAFFIC SIGNALS,UNKNOWN,DRY,FAILING TO REDUCE SPEED TO AVOID CRASH,S,11101,TRAFFIC SIGNAL,FOUR WAY,CLEAR,0.0,0.0,1.0,0.0,0.0,1.0,1,1,"[""Y""]","[""Y""]","[""Y""]","[""2025-10-05T08:45:00.000""]","[""2164394"", ""2164395""]","[""FRONT"", ""SIDE-LEFT""]","[""IL""]","[""JEEP"", ""TOYOTA""]","[""STRAIGHT AHEAD""]","[""COMPASS"", ""OTHER (EXPLAIN IN NARRATIVE)""]","[""1""]","[""E"", ""N""]","[""1"", ""2""]","[""DRIVER""]","[""UNKNOWN""]","[""2063220"", ""2063229""]","[""PASSENGER""]","[""PERSONAL""]","[""2020"", ""2021""]",[],[],"[""Y""]","[""E&R"", ""PRIVATE TOW""]","[""Y""]","[""Y""]",[],"[""Y""]","[""Y""]",[],[],"[""Y""]",[],[],[],"[""CITY POUND 2"", ""UNKNOWN""]",['22'],"[""DEPLOYED, COMBINATION""]","[""TEST NOT OFFERED""]","[""CHICAGO"", ""HAMMOND""]","[""2025-10-05T08:45:00.000""]","[""DISREGARDED CONTROL DEVICES"", ""NONE""]","[""NOT OBSCURED""]","[""D""]","[""IL"", ""IN""]","[""NONE""]","[""ROSELAND"", ""ROSELAND HOSPITAL""]","[""O2164394"", ""O2164395""]","[""DRIVER""]","[""NORMAL""]","[""NONE PRESENT"", ""USAGE UNKNOWN""]","[""F"", ""M""]","[""IL"", ""IN""]","[""2063220"", ""2063229""]","[""46320"", ""60628""]","[""CFD""]",[],[],[],[],[],2025,10,8,5,True,morning,41.69,-87.62,41.69_-87.62,22.0,22,22,OTHER,1
STRAIGHT AND LEVEL,2413,2025-10-05 08:20:00,1,8,10,DFB90A1CD4225E1ACFA09CDC17D05C9525537DF4A6F7087C65419260A21B73DE79913674B0E8E562539887FBD1C2206BB77998FBEF95622210814EE459A09DC5,NO INJURY / DRIVE AWAY,"$501 - $1,500",NO CONTROLS,ANGLE,41.9908397111,DAYLIGHT,-87.7068428444,2,20,FAILING TO YIELD RIGHT-OF-WAY,NO DEFECTS,DRY,UNABLE TO DETERMINE,N,6012,NO CONTROLS,NOT DIVIDED,CLEAR,0.0,0.0,0.0,0.0,0.0,1.0,1,2,"[""Y""]",[],"[""Y""]","[""2025-10-05T08:20:00.000""]","[""2164230"", ""2164231""]","[""FRONT"", ""FRONT-RIGHT-CORNER""]","[""IL""]","[""FORD"", ""TOYOTA""]","[""STRAIGHT AHEAD""]","[""FOCUS"", ""RAV4""]","[""1""]","[""E"", ""S""]","[""1"", ""2""]","[""DRIVER""]","[""NONE""]","[""2063057"", ""2063065""]","[""PASSENGER""]","[""PERSONAL""]","[""2015"", ""2021""]",[],[],[],[],[],[],[],[],[],[],[],[],[],[],[],[],"['31', '53']","[""DID NOT DEPLOY""]","[""TEST NOT OFFERED""]","[""CHICAGO""]","[""2025-10-05T08:20:00.000""]","[""NONE"", ""OTHER""]","[""NOT OBSCURED""]","[""D""]","[""IL""]","[""NONE""]",[],"[""O2164230"", ""O2164231""]","[""DRIVER""]","[""NORMAL""]","[""SAFETY BELT USED"", ""USAGE UNKNOWN""]","[""F"", ""M""]","[""IL""]","[""2063057"", ""2063065""]","[""60659""]",[],[],[],[],[],[],2025,10,8,5,True,morning,41.99,-87.71,41.99_-87.71,42.0,31,53,FAILURE-TO-YIELD,0
STRAIGHT AND LEVEL,835,2025-10-05 08:15:00,1,8,10,143B985D4A27850C80A0C5C351B6DC2202DCA42563EED12ADF730AE944EEC58CDF8B47CEBEEB6C8D7B0355495A1F0CF42D9FEC5E4AB4931DF52413EF92B82C3D,NO INJURY / DRIVE AWAY,"OVER $1,500",NO CONTROLS,PARKED MOTOR VEHICLE,41.7442229985,DARKNESS,-87.6959893058,2,30,UNABLE TO DETERMINE,NO DEFECTS,DRY,UNABLE TO DETERMINE,S,8205,NO CONTROLS,NOT DIVIDED,CLEAR,0.0,1.0,0.0,0.0,0.0,1.0,2,0,[],[],[],"[""2025-10-05T08:15:00.000""]","[""2164015"", ""2164016""]","[""SIDE-LEFT-REAR"", ""UNKNOWN""]","[""IL""]","[""FORD"", ""UNKNOWN""]","[""PARKED"", ""UNKNOWN/NA""]","[""BRONCO / BRONCO II"", ""OTHER (EXPLAIN IN NARRATIVE)""]","[""0"", ""1""]","[""N"", ""UNKNOWN""]","[""1"", ""2""]","[""DRIVER"", ""PARKED""]","[""NONE"", ""UNKNOWN""]","[""2062868"", ""2062870""]","[""PASSENGER"", ""UNKNOWN/NA""]","[""PERSONAL"", ""UNKNOWN/NA""]","[""2024""]",[],[],[],[],[],"[""Y""]","[""Y""]",[],[],[],[],"[""Y""]",[],[],"[""Y""]",[],[],"[""DEPLOYMENT UNKNOWN""]","[""TEST NOT OFFERED""]",[],"[""2025-10-05T08:15:00.000""]","[""UNKNOWN""]","[""UNKNOWN""]",[],[],"[""UNKNOWN""]",[],"[""O2164015""]","[""DRIVER""]","[""UNKNOWN""]","[""USAGE UNKNOWN""]","[""X""]",[],"[""2062868""]",[],[],[],[],[],[],[],2025,10,8,5,True,morning,41.74,-87.7,41.74_-87.7,0.0,0,0,OTHER,0