alignment,beat_of_occurrence,crash_date,crash_day_of_week,crash_hour,crash_month,crash_record_id,crash_type,damage,device_condition,first_crash_type,latitude,lighting_condition,longitude,num_units,posted_speed_limit,prim_contributory_cause,road_defect,roadway_surface_cond,sec_contributory_cause,street_direction,street_no,traffic_control_device,trafficway_type,weather_condition,private_property_i,hit_and_run_i,intersection_related_i,crash_date_est_i,work_zone_i,workers_present_i,veh_count,ppl_count,veh_area_01_i_list_json,veh_area_02_i_list_json,veh_area_12_i_list_json,veh_crash_date_list_json,veh_crash_unit_id_list_json,veh_first_contact_point_list_json,veh_lic_plate_state_list_json,veh_make_list_json,veh_maneuver_list_json,veh_model_list_json,veh_occupant_cnt_list_json,veh_travel_direction_list_json,veh_unit_no_list_json,veh_unit_type_list_json,veh_vehicle_defect_list_json,veh_vehicle_id_list_json,veh_vehicle_type_list_json,veh_vehicle_use_list_json,veh_vehicle_year_list_json,veh_area_03_i_list_json,veh_area_04_i_list_json,veh_area_11_i_list_json,veh_towed_by_list_json,veh_towed_i_list_json,veh_area_07_i_list_json,veh_area_99_i_list_json,veh_area_09_i_list_json,veh_area_10_i_list_json,veh_cmrc_veh_i_list_json,veh_num_passengers_list_json,veh_area_08_i_list_json,veh_area_00_i_list_json,veh_area_05_i_list_json,veh_area_06_i_list_json,veh_towed_to_list_json,ppl_age_list_json,ppl_airbag_deployed_list_json,ppl_bac_result_list_json,ppl_city_list_json,ppl_crash_date_list_json,ppl_driver_action_list_json,ppl_driver_vision_list_json,ppl_drivers_license_class_list_json,ppl_drivers_license_state_list_json,ppl_ejection_list_json,ppl_hospital_list_json,ppl_person_id_list_json,ppl_person_type_list_json,ppl_physical_condition_list_json,ppl_safety_equipment_list_json,ppl_sex_list_json,ppl_state_list_json,ppl_vehicle_id_list_json,ppl_zipcode_list_json,ppl_ems_agency_list_json,ppl_seat_no_list_json,ppl_pedpedal_action_list_json,ppl_pedpedal_location_list_json,ppl_pedpedal_visibility_list_json,ppl_ems_run_no_list_json,year,month,hour,day,is_weekend,hour_bin,lat_bin,lng_bin,grid_id,ppl_age_mean,ppl_age_min,ppl_age_max,prim_contributory_cause_group,ksi_flag
STRAIGHT AND LEVEL,1633,2025-10-05 08:15:00,1,8,10,A1CF2F76727C73FF5AF549D9CA0056C633E11C7961007E2872BD7145FB4BCB8F9FE6CD49B52F1EEB45322C4B98B831CFB2DF39912426F37D7C7787E6261FBC8D,NO INJURY / DRIVE AWAY,"OVER $1,500",FUNCTIONING PROPERLY,TURNING,41.938397196,DAYLIGHT,-87.7836541678,2,30,IMPROPER TURNING/NO SIGNAL,NO DEFECTS,DRY,NOT APPLICABLE,N,3200,STOP SIGN/FLASHER,FOUR WAY,CLEAR,0.0,1.0,1.0,0.0,0.0,1.0,1,2,"[""Y""]",[],[],"[""2025-10-05T08:15:00.000""]","[""2164236"", ""2164237""]","[""FRONT-LEFT-CORNER"", ""FRONT-RIGHT-CORNER""]","[""IL""]","[""NISSAN"", ""TOYOTA""]","[""SLOW/STOP IN TRAFFIC"", ""TURNING RIGHT""]","[""OTHER (EXPLAIN IN NARRATIVE)"", ""RAV4""]","[""1"", ""2""]","[""E"", ""N""]","[""1"", ""2""]","[""DRIVER""]","[""UNKNOWN""]","[""2063063"", ""2063077""]","[""PASSENGER"", ""SPORT UTILITY VEHICLE (SUV)""]","[""PERSONAL""]","[""2007"", ""2018""]",[],[],"[""Y""]",[],[],[],[],[],[],[],"[""1""]",[],[],[],[],[],"['29', '30']","[""DEPLOYMENT UNKNOWN"", ""NOT APPLICABLE""]","[""TEST NOT OFFERED""]","[""CHICAGO""]","[""2025-10-05T08:15:00.000""]","[""IMPROPER TURN"", ""NONE""]","[""UNKNOWN""]",[],"[""IL""]","[""NONE""]",[],"[""O2164236"", ""O2164237"", ""P477631""]","[""DRIVER"", ""PASSENGER""]","[""UNKNOWN""]","[""SAFETY BELT USED"", ""USAGE UNKNOWN""]","[""F"", ""M""]","[""IL""]","[""2063063"", ""2063077""]","[""60634""]",[],"[""3""]",[],[],[],[],2025,10,8,5,True,morning,41.94,-87.78,41.94_-87.78,29.5,29,30,OTHER,0
STRAIGHT AND LEVEL,2211,2025-10-05 08:00:00,1,8,10,48B5C358F117C52BD545EF19E55EF7829D1D28B4168EFCEDA6FB0D6D9A98621106DCA01A26A297BB1DDF6987B86BBD46A3B7C0649B26BAB5BDDE1044EE64EC7E,NO INJURY / DRIVE AWAY,"$501 - $1,500",NO CONTROLS,PARKED MOTOR VEHICLE,41.7010268576,DAYLIGHT,-87.6853076606,2,30,UNABLE TO DETERMINE,NO DEFECTS,DRY,NOT APPLICABLE,S,10556,NO CONTROLS,NOT DIVIDED,CLEAR,0.0,1.0,0.0,0.0,0.0,1.0,2,0,[],[],[],"[""2025-10-05T08:00:00.000""]","[""2164119"", ""2164120""]","[""FRONT"", ""SIDE-LEFT-FRONT""]","[""IL""]","[""SUBARU"", ""UNKNOWN""]","[""PARKED"", ""STRAIGHT AHEAD""]","[""MOTORIZED"", ""OUTBACK""]","[""0"", ""1""]","[""N""]","[""1"", ""2""]","[""DRIVER"", ""PARKED""]","[""NONE""]","[""2062959"", ""2062960""]","[""PASSENGER""]","[""NOT IN USE"", ""PERSONAL""]","[""2022""]",[],[],[],[],[],[],"[""Y""]",[],"[""Y""]",[],[],[],[],[],[],[],[],"[""DEPLOYMENT UNKNOWN""]","[""TEST NOT OFFERED""]",[],"[""2025-10-05T08:00:00.000""]","[""UNKNOWN""]","[""UNKNOWN""]",[],[],"[""NONE""]",[],"[""O2164119""]","[""DRIVER""]","[""UNKNOWN""]","[""USAGE UNKNOWN""]","[""X""]",[],"[""2062959""]",[],[],[],[],[],[],[],2025,10,8,5,True,morning,41.7,-87.69,41.7_-87.69,0.0,0,0,OTHER,0
STRAIGHT AND LEVEL,1621,2025-10-05 07:55:00,1,7,10,645E3D3D51F75D84D7CB89340FDFE47BBBBF967AFC69EC14690C62939F17E1A8C25E93F1F3EA73ED10827FDC7B0A1AA043DE69EA2A1D3798F71028357AB618BE,NO INJURY / DRIVE AWAY,"OVER $1,500",NO CONTROLS,SIDESWIPE SAME DIRECTION,41.9974327027,DAYLIGHT,-87.7585726179,2,30,"OPERATING VEHICLE IN ERRATIC, RECKLESS, CARELESS, NEGLIGENT OR AGGRESSIVE MANNER",NO DEFECTS,DRY,NOT APPLICABLE,W,5214,NO CONTROLS,NOT DIVIDED,CLEAR,0.0,1.0,0.0,0.0,0.0,1.0,1,1,"[""Y""]","[""Y""]","[""Y""]","[""2025-10-05T07:55:00.000""]","[""2164003"", ""2164004""]","[""FRONT-RIGHT-CORNER"", ""REAR-LEFT-CORNER""]","[""IL""]","[""NISSAN"", ""TOYOTA""]","[""STRAIGHT AHEAD""]","[""ALTIMA"", ""PRIUS""]","[""1""]","[""W""]","[""1"", ""2""]","[""DRIVER""]","[""NONE"", ""UNKNOWN""]","[""2062855"", ""2062856""]","[""PASSENGER""]","[""PERSONAL""]","[""2014""]","[""Y""]",[],"[""Y""]",[],[],"[""Y""]",[],[],"[""Y""]",[],[],"[""Y""]",[],[],"[""Y""]",[],['41'],"[""DEPLOYMENT UNKNOWN"", ""NOT APPLICABLE""]","[""TEST NOT OFFERED""]","[""CHICAGO""]","[""2025-10-05T07:55:00.000""]","[""OTHER""]","[""NOT OBSCURED"", ""UNKNOWN""]","[""A""]","[""IL""]","[""NONE""]",[],"[""O2164003"", ""O2164004""]","[""DRIVER""]","[""NORMAL"", ""UNKNOWN""]","[""NONE PRESENT"", ""USAGE UNKNOWN""]","[""M""]","[""IL""]","[""2062855"", ""2062856""]","[""60645""]",[],[],[],[],[],[],2025,10,7,5,True,morning,42.0,-87.76,42.0_-87.76,41.0,41,41,OTHER,0
STRAIGHT AND LEVEL,932,2025-10-05 07:50:00,1,7,10,F7E73DA54ACD38ABF88530B78F0B19542FB606A47AE9BA510ADB04CC461C2E50CD233EF4711C9CE09FFB2819F3CB100E22E453770B029022AC7728A6FF209C16,INJURY AND / OR TOW DUE TO CRASH,"OVER $1,500",NO CONTROLS,HEAD ON,41.800576147,DAYLIGHT,-87.674639692,2,30,UNABLE TO DETERMINE,NO DEFECTS,DRY,UNABLE TO DETERMINE,S,5120,NO CONTROLS,NOT DIVIDED,CLEAR,0.0,0.0,0.0,0.0,0.0,1.0,1,2,"[""Y""]",[],"[""Y""]","[""2025-10-05T07:50:00.000""]","[""2164023"", ""2164024""]","[""FRONT""]","[""IL""]","[""ISUZU"", ""NISSAN""]","[""STRAIGHT AHEAD""]","[""ALTIMA"", ""I-MARK""]","[""1""]","[""N"", ""S""]","[""1"", ""2""]","[""DRIVER""]","[""NONE"", ""UNKNOWN""]","[""2062876"", ""2063730""]","[""PASSENGER"", ""VAN/MINI-VAN""]","[""OTHER"", ""PERSONAL""]","[""2015"", ""2016""]",[],[],"[""Y""]","[""Owner"", ""cpd""]","[""Y""]",[],[],[],[],[],[],[],[],[],[],"[""Pwrsonal"", ""city pound doty""]","['25', '44']","[""DEPLOYED, FRONT""]","[""TEST NOT OFFERED""]","[""CHICAGO""]","[""2025-10-05T07:50:00.000""]","[""NONE"", ""UNKNOWN""]","[""NOT OBSCURED""]","[""D""]","[""IL""]","[""NONE""]","[""HOLY CROSS""]","[""O2164023"", ""O2164024""]","[""DRIVER""]","[""NORMAL""]","[""SAFETY BELT USED"", ""USAGE UNKNOWN""]","[""M""]","[""IL""]","[""2062876"", ""2063730""]","[""60609"", ""60632""]","[""CFD""]",[],[],[],[],[],2025,10,7,5,True,morning,41.8,-87.67,41.8_-87.67,34.5,25,44,OTHER,1
STRAIGHT AND LEVEL,931,2025-10-05 07:45:00,1,7,10,AC04DA72E1E938E70D5BBD4BA211AE464A82A8B00C502474C8E43C60422634F8E213DBEAE1DA11E5EBCFAB674A2423A01E8612B34B324DE2ACD889A936A5CD8A,INJURY AND / OR TOW DUE TO CRASH,"$501 - $1,500",FUNCTIONING PROPERLY,PEDESTRIAN,41.8084732516,DAYLIGHT,-87.6661332194,2,30,FAILING TO YIELD RIGHT-OF-WAY,NO DEFECTS,DRY,UNABLE TO DETERMINE,W,1631,YIELD,FOUR WAY,CLEAR,0.0,1.0,1.0,0.0,0.0,1.0,2,1,[],"[""Y""]",[],"[""2025-10-05T07:45:00.000""]","[""2164011"", ""2164012""]","[""SIDE-RIGHT-FRONT""]","[""TX""]","[""ACURA""]","[""STRAIGHT AHEAD""]","[""TLX""]","[""1""]","[""E""]","[""1"", ""2""]","[""DRIVER"", ""PEDESTRIAN""]","[""UNKNOWN""]","[""2062866""]","[""PASSENGER""]","[""UNKNOWN/NA""]","[""2015""]",[],[],[],[],[],[],[],[],[],[],[],[],[],[],[],[],['64'],"[""DEPLOYMENT UNKNOWN""]","[""TEST NOT OFFERED""]","[""CHICAGO""]","[""2025-10-05T07:45:00.000""]","[""FAILED TO YIELD"", ""NONE""]","[""NOT OBSCURED"", ""UNKNOWN""]",[],[],"[""NONE""]",[],"[""O2164011"", ""O2164012""]","[""DRIVER"", ""PEDESTRIAN""]","[""NORMAL"", ""UNKNOWN""]","[""NONE PRESENT"", ""USAGE UNKNOWN""]","[""F"", ""M""]","[""IL""]","[""2062866""]","[""60609""]","[""68""]",[],"[""CROSSING - NO CONTROLS (NOT AT INTERSECTION)""]","[""IN CROSSWALK""]","[""CONTRASTING CLOTHING""]",[],2025,10,7,5,True,morning,41.81,-87.67,41.81_-87.67,64.0,64,64,FAILURE-TO-YIELD,1
STRAIGHT AND LEVEL,1424,2025-10-05 07:32:00,1,7,10,81A486880464FDBA743B1F75B6D92C080972D3B113191496F6E44CDBB6FC622417DF35CA9823D776EA7F264437A9594CBB0EC8A44F7A519F11228AB55870B282,NO INJURY / DRIVE AWAY,"OVER $1,500",NO CONTROLS,PARKED MOTOR VEHICLE,41.9050571318,DAYLIGHT,-87.6771642489,2,30,RELATED TO BUS STOP,NO DEFECTS,DRY,NOT APPLICABLE,N,1301,NO CONTROLS,NOT DIVIDED,CLEAR,0.0,0.0,0.0,0.0,0.0,1.0,2,2,[],[],[],"[""2025-10-05T07:32:00.000""]","[""2164001"", ""2164002""]","[""FRONT-LEFT-CORNER"", ""REAR-LEFT-CORNER""]","[""IL""]","[""FORD"", ""NOVA BUS""]","[""PARKED"", ""STRAIGHT AHEAD""]","[""ESCAPE"", ""LFS""]","[""1"", ""2""]","[""N""]","[""1"", ""2""]","[""DRIVER"", ""PARKED""]","[""UNKNOWN""]","[""2062857"", ""2062859""]","[""BUS OVER 15 PASS."", ""PASSENGER""]","[""CTA"", ""PERSONAL""]","[""2018"", ""2024""]",[],[],"[""Y""]",[],[],[],[],[],[],[],"[""2""]",[],[],"[""Y""]",[],[],"['18', '34']","[""DID NOT DEPLOY""]","[""TEST NOT OFFERED""]","[""CHICAGO""]","[""2025-10-05T07:32:00.000""]","[""UNKNOWN""]","[""NOT OBSCURED""]","[""B""]","[""IL""]","[""NONE""]",[],"[""O2164001"", ""P477600"", ""P477602""]","[""DRIVER"", ""PASSENGER""]","[""NORMAL""]","[""SAFETY BELT USED"", ""USAGE UNKNOWN""]","[""F"", ""M""]","[""IL""]","[""2062857"", ""2062859""]","[""60612"", ""60623"", ""60661""]",[],"[""1"", ""3""]",[],[],[],[],2025,10,7,5,True,morning,41.91,-87.68,41.91_-87.68,26.0,18,34,OTHER,0
STRAIGHT AND LEVEL,1935,2025-10-05 07:25:00,1,7,10,A5CFF2EF5D921B7704BF245E8BEC2E9C1D85E7621B2BB472A2B456B171E4437000959A6E37CA6B463AC143454F6532CDD9A89211437CE99AB5CABCC60DE37324,INJURY AND / OR TOW DUE TO CRASH,$500 OR LESS,NO CONTROLS,PEDALCYCLIST,41.9322865853,DAYLIGHT,-87.64225841,2,25,FAILING TO YIELD RIGHT-OF-WAY,NO DEFECTS,DRY,NOT APPLICABLE,N,2759,STOP SIGN/FLASHER,NOT DIVIDED,CLEAR,0.0,0.0,1.0,0.0,0.0,1.0,2,2,[],[],[],"[""2025-10-05T07:25:00.000""]","[""2164009"", ""2164010""]","[""FRONT""]","[""IL""]","[""ACURA""]","[""STRAIGHT AHEAD""]","[""RLX""]","[""2""]","[""N""]","[""1"", ""2""]","[""BICYCLE"", ""DRIVER""]","[""NONE""]","[""2062860""]","[""PASSENGER""]","[""PERSONAL""]","[""2016""]",[],[],[],[],[],[],[],[],[],[],"[""1""]",[],"[""Y""]",[],[],[],"['27', '35']","[""DID NOT DEPLOY"", ""NOT APPLICABLE""]","[""TEST NOT OFFERED""]","[""CHICAGO"", ""WILLOWBROOK""]","[""2025-10-05T07:25:00.000""]","[""FAILED TO YIELD"", ""NONE""]","[""NOT OBSCURED""]","[""D""]","[""IL""]","[""NONE""]","[""ST JOSEPHS""]","[""O2164009"", ""O2164010"", ""P477601""]","[""BICYCLE"", ""DRIVER"", ""PASSENGER""]","[""NORMAL""]","[""HELMET NOT USED"", ""SAFETY BELT USED""]","[""F"", ""M""]","[""IL""]","[""2062860""]","[""60527""]","[""61""]","[""3""]","[""CROSSING - NO CONTROLS (NOT AT INTERSECTION)""]","[""IN CROSSWALK""]","[""NO CONTRASTING CLOTHING""]",[],2025,10,7,5,True,morning,41.93,-87.64,41.93_-87.64,31.0,27,35,FAILURE-TO-YIELD,1
STRAIGHT AND LEVEL,332,2025-10-05 07:15:00,1,7,10,5A9833FB81E1495C5337ED22DB4399FD6EF897C09938767CD2079CB4C0A2218E9384C44A139BE15DFF0E53E0511B2EEF9887738781D902E7498207AB8FF257CE,NO INJURY / DRIVE AWAY,$500 OR LESS,NO CONTROLS,PARKED MOTOR VEHICLE,41.7726833007,DAYLIGHT,-87.5852082873,2,35,UNABLE TO DETERMINE,UNKNOWN,UNKNOWN,NOT APPLICABLE,S,6720,NO CONTROLS,NOT DIVIDED,CLEAR,0.0,0.0,0.0,0.0,0.0,1.0,2,1,[],[],[],"[""2025-10-05T07:15:00.000""]","[""2164007"", ""2164008""]","[""FRONT-LEFT-CORNER"", ""REAR-RIGHT-CORNER""]","[""IL""]","[""DODGE"", ""FORD""]","[""BACKING"", ""PARKED""]","[""AVENGER"", ""TRANSIT""]","[""0"", ""2""]","[""UNKNOWN""]","[""1"", ""2""]","[""DRIVER"", ""PARKED""]","[""UNKNOWN""]","[""2062861"", ""2062869""]","[""BUS UP TO 15 PASS."", ""PASSENGER""]","[""OTHER"", ""PERSONAL""]","[""2013"", ""2020""]",[],[],"[""Y""]",[],[],"[""N""]",[],[],"[""Y""]","[""N""]","[""1""]",[],[],"[""Y""]",[],[],['50'],"[""NOT APPLICABLE""]","[""TEST NOT OFFERED""]","[""CHICAGO""]","[""2025-10-05T07:15:00.000""]","[""IMPROPER PARKING""]","[""UNKNOWN""]",[],"[""IN""]","[""NONE""]",[],"[""O2164007"", ""P477603""]","[""DRIVER"", ""PASSENGER""]","[""NORMAL""]","[""USAGE UNKNOWN""]","[""M""]","[""IL""]","[""2062869""]","[""60609""]",[],"[""4""]",[],[],[],[],2025,10,7,5,True,morning,41.77,-87.59,41.77_-87.59,50.0,50,50,OTHER,0
STRAIGHT AND LEVEL,1711,2025-10-05 07:11:00,1,7,10,020EBABD9102EAE796F302224BBA9C54F04E365F88761776C512D8D3E6F1531E8A6D7EF8A9E701B622BA038B2C2B77A16466FCE459E32D1D4007E0A532446A3B,NO INJURY / DRIVE AWAY,"OVER $1,500",NO CONTROLS,PARKED MOTOR VEHICLE,41.9868520195,DAYLIGHT,-87.7176847213,3,20,DISTRACTION - FROM INSIDE VEHICLE,NO DEFECTS,DRY,NOT APPLICABLE,N,5806,NO CONTROLS,ONE-WAY,CLEAR,0.0,0.0,0.0,0.0,0.0,1.0,2,1,"[""Y""]","[""Y""]",[],"[""2025-10-05T07:11:00.000""]","[""2163995"", ""2163996"", ""2163997""]","[""REAR-RIGHT-CORNER"", ""SIDE-LEFT"", ""SIDE-RIGHT""]","[""IL"", ""IN""]","[""BUICK"", ""CHEVROLET"", ""TOYOTA""]","[""PARKED"", ""STRAIGHT AHEAD""]","[""BLAZER"", ""ENVISION"", ""RAV4""]","[""0"", ""1""]","[""N""]","[""1"", ""2"", ""3""]","[""DRIVER"", ""PARKED""]","[""UNKNOWN""]","[""2062850"", ""2062851"", ""2062853""]","[""SPORT UTILITY VEHICLE (SUV)""]","[""PERSONAL""]","[""2018"", ""2021"", ""2023""]","[""Y""]","[""Y""]","[""Y""]",[],[],"[""Y""]",[],"[""Y""]","[""Y""]",[],[],"[""Y""]",[],"[""Y""]",[],[],['27'],"[""DID NOT DEPLOY""]","[""TEST NOT OFFERED""]","[""SKOKIE""]","[""2025-10-05T07:11:00.000""]","[""OTHER""]","[""NOT OBSCURED""]","[""D""]","[""IL""]","[""NONE""]",[],"[""O2163995""]","[""DRIVER""]","[""NORMAL""]","[""SAFETY BELT USED""]","[""M""]","[""IL""]","[""2062850""]","[""60076""]",[],[],[],[],[],[],2025,10,7,5,True,morning,41.99,-87.72,41.99_-87.72,27.0,27,27,DISTRACTION/INATTENTION,0
STRAIGHT AND LEVEL,422,2025-10-05 06:46:00,1,6,10,8E563FCDE3D14CA41BDF03E39A5FFFB8444B7945F4D06DE60AA82E82B83EAF5D2607624B48DB2CBB3EFE5CA84085205891EF19C10130C1C44D1980C402817F84,NO INJURY / DRIVE AWAY,"OVER $1,500",NO CONTROLS,PARKED MOTOR VEHICLE,41.7492444129,DAYLIGHT,-87.5587667213,2,35,UNABLE TO DETERMINE,NO DEFECTS,DRY,UNABLE TO DETERMINE,S,8025,NO CONTROLS,ONE-WAY,CLEAR,0.0,0.0,0.0,0.0,0.0,1.0,2,1,"[""N""]","[""N""]",[],"[""2025-10-05T06:46:00.000""]","[""2163999"", ""2164000""]","[""SIDE-LEFT-REAR"", ""UNKNOWN""]","[""IL""]","[""DODGE"", ""GENERAL MOTORS CORPORATION (GMC)""]","[""PARKED"", ""UNKNOWN/NA""]","[""RAM 1500 PU"", ""YUKON""]","[""0"", ""1""]","[""N""]","[""1"", ""2""]","[""DRIVER"", ""PARKED""]","[""UNKNOWN""]","[""2062858"", ""2062863""]","[""PASSENGER"", ""UNKNOWN/NA""]","[""PERSONAL""]","[""2011"", ""2016""]","[""N""]","[""N""]","[""Y""]",[],[],"[""Y""]","[""Y""]","[""Y""]","[""Y""]",[],[],"[""Y""]",[],"[""N""]",[],[],['55'],"[""DID NOT DEPLOY""]","[""TEST NOT OFFERED""]","[""CHICAGO""]","[""2025-10-05T06:46:00.000""]","[""UNKNOWN""]","[""UNKNOWN""]","[""D""]","[""IL""]","[""NONE""]",[],"[""O2163999""]","[""DRIVER""]","[""UNKNOWN""]","[""NONE PRESENT""]","[""M""]","[""IL""]","[""2062858""]","[""60617""]",[],[],[],[],[],[],2025,10,6,5,True,night,41.75,-87.56,41.75_-87.56,55.0,55,55,OTHER,0
STRAIGHT AND LEVEL,124,2025-10-05 06:18:00,1,6,10,B2BABEE999D160F1544CFC2DE2C45C00F405AF719CE7ED4019FA07985E8E0CE9CF06C345DBE862610E8E62D83CF778E5805F10FD8CEC672EBBF89A669FE205E3,NO INJURY / DRIVE AWAY,"OVER $1,500",NO CONTROLS,FIXED OBJECT,41.8625537707,DAYLIGHT,-87.6404796555,1,30,"OPERATING VEHICLE IN ERRATIC, RECKLESS, CARELESS, NEGLIGENT OR AGGRESSIVE MANNER",NO DEFECTS,DRY,NOT APPLICABLE,W,534,NO CONTROLS,OTHER,CLEAR,1.0,1.0,0.0,0.0,0.0,1.0,1,0,[],[],[],"[""2025-10-05T06:18:00.000""]","[""2164086""]","[""UNKNOWN""]",[],"[""JEEP""]","[""SKIDDING/CONTROL LOSS""]","[""JEEP""]","[""1""]","[""UNKNOWN""]","[""1""]","[""DRIVER""]","[""UNKNOWN""]","[""2062929""]","[""SPORT UTILITY VEHICLE (SUV)""]","[""UNKNOWN/NA""]",[],[],[],[],[],[],[],"[""Y""]",[],[],[],[],[],[],[],[],[],[],"[""DID NOT DEPLOY""]","[""TEST NOT OFFERED""]",[],"[""2025-10-05T06:18:00.000""]","[""TOO FAST FOR CONDITIONS""]","[""UNKNOWN""]",[],[],"[""NONE""]",[],"[""O2164086""]","[""DRIVER""]","[""UNKNOWN""]","[""USAGE UNKNOWN""]","[""X""]",[],"[""2062929""]",[],[],[],[],[],[],[],2025,10,6,5,True,night,41.86,-87.64,41.86_-87.64,0.0,0,0,OTHER,0
STRAIGHT AND LEVEL,722,2025-10-05 05:58:00,1,5,10,9C8D365925194EDDFA3283AF14E46A7CC1E6A04ED548187F2C864D33C2807E430E41A0B6EF20E02E98753C5F6081E3B1233D433ED2BED5D343150FAF8CD9D7AC,INJURY AND / OR TOW DUE TO CRASH,"OVER $1,500",NO CONTROLS,SIDESWIPE SAME DIRECTION,41.7798642131,"DARKNESS, LIGHTED ROAD",-87.6310726575,2,30,FAILING TO YIELD RIGHT-OF-WAY,NO DEFECTS,DRY,DRIVING SKILLS/KNOWLEDGE/EXPERIENCE,W,223,NO CONTROLS,NOT DIVIDED,CLEAR,0.0,0.0,0.0,0.0,0.0,1.0,1,2,"[""Y""]","[""Y""]","[""Y""]","[""2025-10-05T05:58:00.000""]","[""2163983"", ""2163984""]","[""FRONT-RIGHT-CORNER"", ""SIDE-LEFT""]","[""IL""]","[""CHEVROLET"", ""FORD""]","[""CHANGING LANES""]","[""EDGE"", ""TRAX""]","[""1""]","[""E""]","[""1"", ""2""]","[""DRIVER""]","[""UNKNOWN""]","[""2062841"", ""2062842""]","[""PASSENGER"", ""VAN/MINI-VAN""]","[""PERSONAL""]","[""2017"", ""2022""]","[""Y""]",[],"[""Y""]","[""city of chicago""]","[""N"", ""Y""]",[],[],"[""Y""]","[""Y""]",[],[],[],[],[],[],"[""pound 2""]","['26', '37']","[""DEPLOYED, COMBINATION"", ""DEPLOYED, FRONT""]","[""TEST NOT OFFERED""]","[""BLUE ISLAND"", ""CHICAGO""]","[""2025-10-05T05:58:00.000""]","[""FAILED TO YIELD"", ""NONE""]","[""UNKNOWN""]","[""D""]","[""IL""]","[""NONE""]",[],"[""O2163983"", ""O2163984""]","[""DRIVER""]","[""NORMAL"", ""UNKNOWN""]","[""USAGE UNKNOWN""]","[""F"", ""M""]","[""IL""]","[""2062841"", ""2062842""]","[""60406"", ""60619""]",[],[],[],[],[],[],2025,10,5,5,True,night,41.78,-87.63,41.78_-87.63,31.5,26,37,FAILURE-TO-YIELD,0
STRAIGHT AND LEVEL,1524,2025-10-05 05:36:00,1,5,10,ED07EB19AC79D8897C9B26F576518EEE9C75B9E72F1A90788BD5FC18A90AD0B66A22000DD37AD55B6608A616D959B60E1FA8D1181F7EB1618946CDA377A22EA1,NO INJURY / DRIVE AWAY,$500 OR LESS,FUNCTIONING PROPERLY,PARKED MOTOR VEHICLE,41.8995596352,"DARKNESS, LIGHTED ROAD",-87.7606560242,3,30,DISREGARDING STOP SIGN,NO DEFECTS,DRY,NOT APPLICABLE,N,1033,NO CONTROLS,T-INTERSECTION,CLEAR,0.0,1.0,0.0,0.0,0.0,1.0,2,0,"[""Y""]",[],"[""Y""]","[""2025-10-05T05:36:00.000""]","[""2163986"", ""2163987"", ""2163998""]","[""FRONT-RIGHT-CORNER"", ""SIDE-LEFT-FRONT"", ""SIDE-RIGHT-FRONT""]","[""IL""]","[""DODGE"", ""FORD""]","[""PARKED"", ""UNKNOWN/NA""]","[""DURANGO"", ""EXPLORER""]","[""0"", ""1""]","[""N"", ""S"", ""UNKNOWN""]","[""1"", ""2"", ""3""]","[""DRIVER"", ""PARKED""]","[""UNKNOWN""]","[""2062844"", ""2062849"", ""2062852""]","[""SPORT UTILITY VEHICLE (SUV)""]","[""PERSONAL"", ""POLICE""]","[""2017"", ""2020"", ""2021""]",[],[],"[""Y""]",[],[],[],[],[],[],[],[],[],[],[],[],[],[],"[""DEPLOYMENT UNKNOWN""]","[""TEST NOT OFFERED""]",[],"[""2025-10-05T05:36:00.000""]","[""DISREGARDED CONTROL DEVICES""]","[""UNKNOWN""]",[],[],"[""NONE""]",[],"[""O2163986""]","[""DRIVER""]","[""UNKNOWN""]","[""USAGE UNKNOWN""]","[""M""]",[],"[""2062844""]",[],[],[],[],[],[],[],2025,10,5,5,True,night,41.9,-87.76,41.9_-87.76,0.0,0,0,OTHER,0
STRAIGHT AND LEVEL,912,2025-10-05 05:25:00,1,5,10,D3FBEA9F2E2602203D899B56CDF093B523372BBC0CC12EC078D1152A399DFC78A1855C9425990FEC8827F489D47519D70681081684DE309B082A8861C5CE9BE0,NO INJURY / DRIVE AWAY,"$501 - $1,500",NO CONTROLS,ANGLE,41.8322466603,"DARKNESS, LIGHTED ROAD",-87.6657487447,2,30,FAILING TO YIELD RIGHT-OF-WAY,NO DEFECTS,DRY,UNABLE TO DETERMINE,S,3400,NO CONTROLS,FOUR WAY,CLEAR,0.0,0.0,0.0,0.0,0.0,1.0,1,1,"[""Y""]",[],[],"[""2025-10-05T05:25:00.000""]","[""2163981"", ""2163982""]","[""FRONT-LEFT-CORNER"", ""FRONT-RIGHT-CORNER""]","[""IL""]","[""CHRYSLER"", ""JEEP""]","[""STRAIGHT AHEAD""]","[""300"", ""GRAND CHEROKEE""]","[""1""]","[""E"", ""S""]","[""1"", ""2""]","[""DRIVER""]","[""NONE"", ""UNKNOWN""]","[""2062839"", ""2062840""]","[""PASSENGER""]","[""PERSONAL""]","[""2006""]",[],[],"[""Y""]",[],[],[],[],[],[],[],[],[],[],[],[],[],['27'],"[""DEPLOYMENT UNKNOWN"", ""NOT APPLICABLE""]","[""TEST NOT OFFERED""]","[""CHICAGO""]","[""2025-10-05T05:25:00.000""]","[""FAILED TO YIELD"", ""NONE""]","[""NOT OBSCURED"", ""UNKNOWN""]",[],[],"[""NONE""]","[""REFUSED""]","[""O2163981"", ""O2163982""]","[""DRIVER""]","[""NORMAL"", ""UNKNOWN""]","[""USAGE UNKNOWN""]","[""M"", ""X""]","[""IL""]","[""2062839"", ""2062840""]","[""60609""]",[],[],[],[],[],[],2025,10,5,5,True,night,41.83,-87.67,41.83_-87.67,27.0,27,27,FAILURE-TO-YIELD,0