alignment,beat_of_occurrence,crash_date,crash_day_of_week,crash_hour,crash_month,crash_record_id,crash_type,damage,device_condition,first_crash_type,latitude,lighting_condition,longitude,num_units,posted_speed_limit,prim_contributory_cause,road_defect,roadway_surface_cond,sec_contributory_cause,street_direction,street_no,traffic_control_device,trafficway_type,weather_condition,private_property_i,hit_and_run_i,intersection_related_i,crash_date_est_i,work_zone_i,workers_present_i,veh_count,ppl_count,veh_area_01_i_list_json,veh_area_02_i_list_json,veh_area_12_i_list_json,veh_crash_date_list_json,veh_crash_unit_id_list_json,veh_first_contact_point_list_json,veh_lic_plate_state_list_json,veh_make_list_json,veh_maneuver_list_json,veh_model_list_json,veh_occupant_cnt_list_json,veh_travel_direction_list_json,veh_unit_no_list_json,veh_unit_type_list_json,veh_vehicle_defect_list_json,veh_vehicle_id_list_json,veh_vehicle_type_list_json,veh_vehicle_use_list_json,veh_vehicle_year_list_json,veh_area_03_i_list_json,veh_area_04_i_list_json,veh_area_11_i_list_json,veh_towed_by_list_json,veh_towed_i_list_json,veh_area_07_i_list_json,veh_area_99_i_list_json,veh_area_09_i_list_json,veh_area_10_i_list_json,veh_cmrc_veh_i_list_json,veh_num_passengers_list_json,veh_area_08_i_list_json,veh_area_00_i_list_json,veh_area_05_i_list_json,veh_area_06_i_list_json,veh_towed_to_list_json,ppl_age_list_json,ppl_airbag_deployed_list_json,ppl_bac_result_list_json,ppl_city_list_json,ppl_crash_date_list_json,ppl_driver_action_list_json,ppl_driver_vision_list_json,ppl_drivers_license_class_list_json,ppl_drivers_license_state_list_json,ppl_ejection_list_json,ppl_hospital_list_json,ppl_person_id_list_json,ppl_person_type_list_json,ppl_physical_condition_list_json,ppl_safety_equipment_list_json,ppl_sex_list_json,ppl_state_list_json,ppl_vehicle_id_list_json,ppl_zipcode_list_json,ppl_ems_agency_list_json,ppl_seat_no_list_json,ppl_pedpedal_action_list_json,ppl_pedpedal_location_list_json,ppl_pedpedal_visibility_list_json,ppl_ems_run_no_list_json,year,month,hour,day,is_weekend,hour_bin,lat_bin,lng_bin,grid_id,ppl_age_mean,ppl_age_min,ppl_age_max,prim_contributory_cause_group,ksi_flag
STRAIGHT AND LEVEL,923,2025-10-05 05:05:00,1,5,10,51830A2DEC599B2DF1958CD2D3CA156687710AF6094710D6B0B1175C01CCAD812F96DB8F603073707FFCF81DBAD62D53EE528605A717A7E31910B381B5881232,NO INJURY / DRIVE AWAY,"OVER $1,500",NO CONTROLS,PARKED MOTOR VEHICLE,41.8024972687,DAYLIGHT,-87.6905257399,2,15,"OPERATING VEHICLE IN ERRATIC, RECKLESS, CARELESS, NEGLIGENT OR AGGRESSIVE MANNER",NO DEFECTS,DRY,IMPROPER BACKING,S,5010,NO CONTROLS,NOT DIVIDED,CLEAR,0.0,1.0,0.0,0.0,0.0,1.0,2,1,[],[],"[""Y""]","[""2025-10-05T05:05:00.000""]","[""2164005"", ""2164006""]","[""FRONT"", ""UNKNOWN""]","[""IL"", ""TN""]","[""CHEVROLET"", ""INFINITI""]","[""BACKING"", ""PARKED""]","[""EQUINOX"", ""OTHER (EXPLAIN IN NARRATIVE)""]","[""0"", ""1""]","[""N"", ""S""]","[""1"", ""2""]","[""DRIVER"", ""PARKED""]","[""NONE"", ""UNKNOWN""]","[""2062862"", ""2062865""]","[""PASSENGER""]","[""PERSONAL""]","[""2010"", ""2022""]",[],[],[],[],[],[],"[""Y""]",[],[],[],[],[],[],[],[],[],['33'],"[""DEPLOYMENT UNKNOWN""]","[""TEST NOT OFFERED""]","[""CHICAGO""]","[""2025-10-05T05:05:00.000""]","[""NONE""]","[""UNKNOWN""]",[],[],"[""UNKNOWN""]",[],"[""O2164005""]","[""DRIVER""]","[""UNKNOWN""]","[""USAGE UNKNOWN""]","[""M""]","[""IL""]","[""2062862""]",[],[],[],[],[],[],[],2025,10,5,5,True,night,41.8,-87.69,41.8_-87.69,33.0,33,33,OTHER,0
STRAIGHT AND LEVEL,1911,2025-10-05 05:00:00,1,5,10,F2501A574D504DB915366DF7A90181BFDD333C058FEB94A8B412E6B30B70074897ED24C491BBDE6D6C7FC2596C50F24DA28A580A1F967868F558CC7275698D50,NO INJURY / DRIVE AWAY,"OVER $1,500",NO CONTROLS,REAR END,41.968467526,DAYLIGHT,-87.6931465825,2,30,UNABLE TO DETERMINE,NO DEFECTS,DRY,UNABLE TO DETERMINE,W,2545,NO CONTROLS,DIVIDED - W/MEDIAN (NOT RAISED),CLEAR,0.0,0.0,0.0,0.0,0.0,1.0,1,2,[],[],[],"[""2025-10-05T05:00:00.000""]","[""2164110"", ""2164111""]","[""FRONT"", ""REAR""]","[""IL""]","[""NISSAN"", ""TESLA""]","[""STRAIGHT AHEAD""]","[""ALTIMA"", ""MODEL X""]","[""1""]","[""W""]","[""1"", ""2""]","[""DRIVER""]","[""UNKNOWN""]","[""2063270"", ""2063272""]","[""PASSENGER""]","[""PERSONAL""]","[""2019"", ""2023""]",[],[],"[""N""]",[],[],"[""Y""]","[""Y""]",[],[],[],[],[],[],"[""Y""]","[""Y""]",[],"['19', '33']","[""DEPLOYMENT UNKNOWN"", ""DID NOT DEPLOY""]","[""TEST NOT OFFERED""]","[""CHICAGO"", ""WHEATON""]","[""2025-10-05T05:00:00.000""]","[""NONE"", ""UNKNOWN""]","[""NOT OBSCURED"", ""UNKNOWN""]","[""D""]","[""IL""]","[""NONE"", ""UNKNOWN""]","[""REFUSED""]","[""O2164110"", ""O2164111""]","[""DRIVER""]","[""NORMAL"", ""UNKNOWN""]","[""USAGE UNKNOWN""]","[""F"", ""M""]","[""IL""]","[""2063270"", ""2063272""]","[""60187"", ""60612""]",[],[],[],[],[],[],2025,10,5,5,True,night,41.97,-87.69,41.97_-87.69,26.0,19,33,OTHER,0
STRAIGHT AND LEVEL,912,2025-10-05 04:57:00,1,4,10,EFD622E572BFC2D839CB1E269F09D7D5FD787CAB7666AC014176AB0885BB8C13B293BEB7C961040D9FABECF1C71103DF6440BB76B05D5481A0B98CB5BEBF395C,INJURY AND / OR TOW DUE TO CRASH,"OVER $1,500",NO CONTROLS,PARKED MOTOR VEHICLE,41.8231445878,"DARKNESS, LIGHTED ROAD",-87.6812242061,4,30,UNABLE TO DETERMINE,NO DEFECTS,DRY,UNABLE TO DETERMINE,W,2226,NO CONTROLS,NOT DIVIDED,CLEAR,0.0,0.0,0.0,0.0,0.0,1.0,2,1,"[""Y""]","[""Y""]","[""Y""]","[""2025-10-05T04:57:00.000""]","[""2163977"", ""2163978"", ""2163979"", ""2163980""]","[""UNKNOWN""]","[""IL""]","[""HUMMER"", ""NISSAN"", ""TOYOTA"", ""VOLKSWAGEN""]","[""PARKED"", ""UNKNOWN/NA""]","[""COROLLA"", ""HUMMER"", ""JETTA"", ""ROGUE""]","[""0"", ""1""]","[""W""]","[""1"", ""2"", ""3"", ""4""]","[""DRIVER"", ""PARKED""]","[""NONE""]","[""2062835"", ""2062836"", ""2062837"", ""2062838""]","[""PASSENGER"", ""PICKUP""]","[""PERSONAL""]","[""2007"", ""2010"", ""2016"", ""2021""]",[],[],"[""N"", ""Y""]","[""Private Tow""]","[""Y""]","[""Y""]","[""Y""]",[],[],[],[],[],[],"[""Y""]","[""Y""]","[""UNKNOWN""]",['34'],"[""NOT APPLICABLE""]","[""TEST NOT OFFERED""]","[""CHICAGO""]","[""2025-10-05T04:57:00.000""]","[""UNKNOWN""]","[""NOT OBSCURED""]","[""A""]","[""IL""]","[""NONE""]",[],"[""O2163977""]","[""DRIVER""]","[""NORMAL""]","[""USAGE UNKNOWN""]","[""M""]","[""IL""]","[""2062835""]","[""60609""]","[""CFD""]",[],[],[],[],[],2025,10,4,5,True,night,41.82,-87.68,41.82_-87.68,34.0,34,34,OTHER,1
STRAIGHT AND LEVEL,1532,2025-10-05 04:30:00,1,4,10,FE2C2F2312B87681681B6BE18BDB5E94C8892370C141DFAF64254CFC58CA2C3EC65C092090D78D9F71E2E9B97217CA33606711FA5F8CD8296E3684EEEF3C6DF1,INJURY AND / OR TOW DUE TO CRASH,"OVER $1,500",NO CONTROLS,PARKED MOTOR VEHICLE,41.8905769617,DARKNESS,-87.7466359905,2,30,DRIVING ON WRONG SIDE/WRONG WAY,NO DEFECTS,DRY,DRIVING ON WRONG SIDE/WRONG WAY,W,4820,NO CONTROLS,ONE-WAY,CLEAR,0.0,1.0,0.0,0.0,0.0,1.0,2,0,"[""Y""]",[],"[""Y""]","[""2025-10-05T04:30:00.000""]","[""2164138"", ""2164139""]","[""FRONT""]","[""IL""]","[""DODGE"", ""UNKNOWN""]","[""DRIVING WRONG WAY"", ""PARKED""]","[""DURANGO"", ""OTHER (EXPLAIN IN NARRATIVE)""]","[""0"", ""1""]","[""E"", ""W""]","[""1"", ""2""]","[""DRIVER"", ""PARKED""]","[""NONE"", ""UNKNOWN""]","[""2062975"", ""2062978""]","[""PASSENGER"", ""UNKNOWN/NA""]","[""PERSONAL"", ""UNKNOWN/NA""]","[""2024""]",[],[],"[""Y""]","[""PRIVATE TOW""]","[""Y""]","[""Y""]",[],"[""Y""]","[""Y""]",[],[],"[""Y""]",[],[],[],"[""UKNOWN""]",[],"[""DEPLOYMENT UNKNOWN""]","[""TEST NOT OFFERED""]",[],"[""2025-10-05T04:30:00.000""]","[""WRONG WAY/SIDE""]","[""UNKNOWN""]",[],[],"[""UNKNOWN""]",[],"[""O2164138""]","[""DRIVER""]","[""UNKNOWN""]","[""USAGE UNKNOWN""]","[""X""]",[],"[""2062975""]",[],[],[],[],[],[],[],2025,10,4,5,True,night,41.89,-87.75,41.89_-87.75,0.0,0,0,OTHER,0
STRAIGHT AND LEVEL,811,2025-10-05 04:29:00,1,4,10,89A94E1DAB7CB9DACFE9C946803559462DDD3110F297C96218407F64635DA3678ECB9A715DAE756CE636FAB35FE7C59BAB6EDF593D2372D59460937A1520B4F1,INJURY AND / OR TOW DUE TO CRASH,"OVER $1,500",FUNCTIONING PROPERLY,REAR END,41.7956880528,"DARKNESS, LIGHTED ROAD",-87.8014596705,2,30,FOLLOWING TOO CLOSELY,NO DEFECTS,DRY,FOLLOWING TOO CLOSELY,S,5301,TRAFFIC SIGNAL,DIVIDED - W/MEDIAN BARRIER,CLEAR,0.0,0.0,0.0,0.0,0.0,1.0,1,3,"[""Y""]",[],"[""Y""]","[""2025-10-05T04:29:00.000""]","[""2163974"", ""2163975""]","[""FRONT"", ""REAR""]","[""IL""]","[""CADILLAC"", ""HONDA""]","[""SLOW/STOP IN TRAFFIC"", ""STRAIGHT AHEAD""]","[""ACCORD"", ""ATS""]","[""1"", ""2""]","[""N""]","[""1"", ""2""]","[""DRIVER""]","[""NONE""]","[""2062831"", ""2062833""]","[""PASSENGER""]","[""PERSONAL""]","[""2015"", ""2016""]",[],[],"[""Y""]","[""PERSONAL TOW""]","[""Y""]","[""Y""]",[],[],[],[],"[""1""]",[],[],"[""Y""]","[""Y""]","[""HOME""]","['19', '25', '28']","[""DEPLOYED, FRONT"", ""NOT APPLICABLE""]","[""TEST NOT OFFERED""]","[""BRIDGEVIEW"", ""CHICAGO"", ""CHICAGO RIDGE""]","[""2025-10-05T04:29:00.000""]","[""FOLLOWED TOO CLOSELY"", ""NONE""]","[""NOT OBSCURED""]","[""D""]","[""IL""]","[""NONE""]","[""REFUSED""]","[""O2163974"", ""O2163975"", ""P477593""]","[""DRIVER"", ""PASSENGER""]","[""NORMAL""]","[""SAFETY BELT USED""]","[""M""]","[""IL""]","[""2062831"", ""2062833""]","[""60415"", ""60455"", ""60628""]",[],"[""3""]",[],[],[],[],2025,10,4,5,True,night,41.8,-87.8,41.8_-87.8,24.0,19,28,FOLLOWING TOO CLOSELY,1
STRAIGHT AND LEVEL,725,2025-10-05 03:40:00,1,3,10,00B0B0792C490562B40BB4EE8A92EBCA59A46F8D59EBB57361DFEACC3548E37F5331A69AECFB85784E460F437AF803E85CE30C9CD9B51683241B3968BD30CA4E,NO INJURY / DRIVE AWAY,"OVER $1,500",NO CONTROLS,SIDESWIPE SAME DIRECTION,41.7686754711,"DARKNESS, LIGHTED ROAD",-87.6628513384,2,30,UNABLE TO DETERMINE,NO DEFECTS,DRY,NOT APPLICABLE,W,1534,NO CONTROLS,NOT DIVIDED,CLEAR,0.0,0.0,0.0,0.0,0.0,1.0,1,0,"[""Y""]",[],[],"[""2025-10-05T03:40:00.000""]","[""2166236"", ""2166237""]","[""FRONT-RIGHT-CORNER"", ""NONE""]","[""IL""]","[""HYUNDAI"", ""MERCEDES-BENZ""]","[""UNKNOWN/NA""]","[""GLS"", ""SONATA""]","[""1""]","[""W""]","[""1"", ""2""]","[""DRIVER""]","[""NONE""]","[""2064944"", ""2064989""]","[""PASSENGER""]","[""PERSONAL""]",[],[],[],[],[],[],[],[],[],[],[],[],[],"[""Y""]",[],[],[],[],"[""DEPLOYMENT UNKNOWN"", ""DID NOT DEPLOY""]","[""TEST NOT OFFERED""]","[""BLUE ISLAND""]","[""2025-10-05T03:40:00.000""]","[""NONE"", ""OTHER""]","[""NOT OBSCURED"", ""UNKNOWN""]","[""B""]","[""IL""]","[""NONE""]",[],"[""O2166236"", ""O2166237""]","[""DRIVER""]","[""NORMAL"", ""UNKNOWN""]","[""SAFETY BELT USED"", ""USAGE UNKNOWN""]","[""M""]","[""IL""]","[""2064944"", ""2064989""]","[""60406""]",[],[],[],[],[],[],2025,10,3,5,True,night,41.77,-87.66,41.77_-87.66,0.0,0,0,OTHER,0
STRAIGHT AND LEVEL,324,2025-10-05 03:35:00,1,3,10,3C32822C0FB8FA06C36FAF0ED4126F57D3AA9DDA530335CE861C1731BCB7602FF63BC9164E1F0252A06BF729CA88FDEF088FE5F628180191ACFBF6C2206A2776,INJURY AND / OR TOW DUE TO CRASH,"OVER $1,500",FUNCTIONING PROPERLY,FIXED OBJECT,41.7641530547,"DARKNESS, LIGHTED ROAD",-87.5848727773,1,30,ROAD CONSTRUCTION/MAINTENANCE,OTHER,DRY,NOT APPLICABLE,S,7200,STOP SIGN/FLASHER,UNKNOWN INTERSECTION TYPE,CLEAR,0.0,0.0,1.0,0.0,0.0,1.0,1,3,[],[],[],"[""2025-10-05T03:35:00.000""]","[""2163976""]","[""UNDER CARRIAGE""]","[""IL""]","[""NISSAN""]","[""STRAIGHT AHEAD""]","[""ALTIMA""]","[""3""]","[""S""]","[""1""]","[""DRIVER""]","[""UNKNOWN""]","[""2062834""]","[""PASSENGER""]","[""PERSONAL""]","[""2019""]",[],[],[],[],[],[],[],[],[],[],"[""2""]",[],[],[],[],[],"['33', '35', '39']","[""DEPLOYED, COMBINATION"", ""DEPLOYED, FRONT"", ""DID NOT DEPLOY""]","[""TEST NOT OFFERED""]","[""CHICAGO""]","[""2025-10-05T03:35:00.000""]","[""NONE""]","[""NOT OBSCURED""]","[""D""]","[""IL""]","[""NONE""]",[],"[""O2163976"", ""P477596"", ""P477597""]","[""DRIVER"", ""PASSENGER""]","[""UNKNOWN""]","[""USAGE UNKNOWN""]","[""F"", ""M""]","[""IL""]","[""2062834""]","[""60619""]",[],"[""3"", ""6""]",[],[],[],[],2025,10,3,5,True,night,41.76,-87.58,41.76_-87.58,35.666666666666664,33,39,OTHER,1
STRAIGHT AND LEVEL,1631,2025-10-05 03:20:00,1,3,10,91F64DB58EBCF43C2631ABEC50E99E56EA625F42AFEFD716C2CABE2E3C287C14F3D551A8743FC8159BE084A2B476C15B00FA9BD9DB09D070922C81984C4F6C07,INJURY AND / OR TOW DUE TO CRASH,"OVER $1,500",NO CONTROLS,PARKED MOTOR VEHICLE,41.9453131385,"DARKNESS, LIGHTED ROAD",-87.810083962,3,30,FAILING TO REDUCE SPEED TO AVOID CRASH,NO DEFECTS,DRY,"OPERATING VEHICLE IN ERRATIC, RECKLESS, CARELESS, NEGLIGENT OR AGGRESSIVE MANNER",W,7314,NO CONTROLS,NOT DIVIDED,CLEAR,0.0,0.0,0.0,0.0,0.0,1.0,2,1,"[""Y""]","[""Y""]","[""Y""]","[""2025-10-05T03:20:00.000""]","[""2163959"", ""2163960"", ""2163961""]","[""FRONT-RIGHT-CORNER"", ""SIDE-LEFT"", ""TOTAL (ALL AREAS)""]","[""IL""]","[""FORD"", ""GENERAL MOTORS CORPORATION (GMC)"", ""TOYOTA""]","[""PARKED"", ""STRAIGHT AHEAD""]","[""CAMRY"", ""EXPLORER"", ""TERRAIN""]","[""0"", ""1""]","[""E"", ""W""]","[""1"", ""2"", ""3""]","[""DRIVER"", ""PARKED""]","[""NONE""]","[""2062819"", ""2062821"", ""2062825""]","[""PASSENGER"", ""SPORT UTILITY VEHICLE (SUV)""]","[""NOT IN USE"", ""PERSONAL""]","[""2011"", ""2023"", ""2024""]","[""Y""]","[""Y""]","[""Y""]",[],"[""Y""]","[""Y""]",[],"[""Y""]","[""Y""]",[],"[""1""]","[""Y""]",[],[],[],[],['53'],"[""DEPLOYED, COMBINATION"", ""DID NOT DEPLOY""]","[""TEST PERFORMED, RESULTS UNKNOWN""]","[""CHICAGO"", ""SCHILLER PARK""]","[""2025-10-05T03:20:00.000""]","[""NONE""]","[""NOT OBSCURED""]","[""D""]","[""IL""]","[""NONE"", ""TRAPPED/EXTRICATED""]",[],"[""O2163959"", ""P477586""]","[""DRIVER"", ""PASSENGER""]","[""UNKNOWN""]","[""SAFETY BELT USED"", ""USAGE UNKNOWN""]","[""M""]","[""IL""]","[""2062819"", ""2062825""]","[""60176"", ""60630""]",[],"[""1""]",[],[],[],[],2025,10,3,5,True,night,41.95,-87.81,41.95_-87.81,53.0,53,53,SPEEDING,1
STRAIGHT AND LEVEL,432,2025-10-05 03:15:00,1,3,10,769CF7BC22F5ECDC3C380F86C91D190B66C80DE536643FC9DCE7F278E081E9D2F65071374F230669ED2559E41A33750353C9D3B47E28AF96F5036E47E15A0FCA,INJURY AND / OR TOW DUE TO CRASH,"OVER $1,500",NO CONTROLS,PARKED MOTOR VEHICLE,41.7181952283,"DARKNESS, LIGHTED ROAD",-87.5339311148,4,30,DRIVING SKILLS/KNOWLEDGE/EXPERIENCE,NO DEFECTS,UNKNOWN,FAILING TO REDUCE SPEED TO AVOID CRASH,S,9747,NO CONTROLS,ONE-WAY,CLEAR,0.0,1.0,0.0,0.0,0.0,1.0,2,0,"[""Y""]",[],"[""Y""]","[""2025-10-05T03:15:00.000""]","[""2164999"", ""2165000"", ""2165001"", ""2165002""]","[""FRONT-RIGHT-CORNER"", ""REAR"", ""SIDE-LEFT""]","[""IL""]","[""CHEVROLET"", ""HONDA""]","[""PARKED"", ""STRAIGHT AHEAD""]","[""ODYSSEY"", ""TRAX""]","[""0"", ""2""]","[""N""]","[""1"", ""2"", ""3"", ""4""]","[""DRIVER"", ""PARKED""]","[""UNKNOWN""]","[""2063806"", ""2063813"", ""2064494"", ""2064534""]","[""PASSENGER"", ""VAN/MINI-VAN""]","[""PERSONAL"", ""UNKNOWN/NA""]","[""2001"", ""2007"", ""2025""]",[],[],"[""Y""]","[""CITY OF CHICAGO""]","[""Y""]","[""Y""]",[],"[""Y""]","[""Y""]",[],"[""1""]","[""Y""]",[],[],"[""Y""]","[""POUND 2""]",[],"[""DEPLOYED, FRONT"", ""DEPLOYMENT UNKNOWN""]","[""TEST NOT OFFERED""]",[],"[""2025-10-05T03:15:00.000""]","[""TOO FAST FOR CONDITIONS""]","[""UNKNOWN""]",[],[],"[""NONE""]",[],"[""O2164999"", ""P477784""]","[""DRIVER"", ""PASSENGER""]","[""UNKNOWN""]","[""USAGE UNKNOWN""]","[""F"", ""M""]",[],"[""2063806""]",[],[],"[""3""]",[],[],[],[],2025,10,3,5,True,night,41.72,-87.53,41.72_-87.53,0.0,0,0,OTHER,0
STRAIGHT AND LEVEL,2022,2025-10-05 03:09:00,1,3,10,5E463D7D5ADE6098651C508516C105EF3C949832E586CF30D898A5CF42D5DC7E150BE8BC8A555653810C52BA084661053B69271748A478C6E7B19B469AA00764,NO INJURY / DRIVE AWAY,"OVER $1,500",NO CONTROLS,SIDESWIPE SAME DIRECTION,41.9856802483,UNKNOWN,-87.6550676257,2,30,UNABLE TO DETERMINE,UNKNOWN,UNKNOWN,UNABLE TO DETERMINE,W,926,NO CONTROLS,DIVIDED - W/MEDIAN (NOT RAISED),CLEAR,0.0,1.0,0.0,0.0,0.0,1.0,1,1,[],[],[],"[""2025-10-05T03:09:00.000""]","[""2164244"", ""2164245""]","[""FRONT-RIGHT-CORNER"", ""SIDE-LEFT""]","[""IL""]","[""ACURA"", ""CHEVROLET""]","[""UNKNOWN/NA""]","[""ADX"", ""MALIBU""]","[""1"", ""2""]","[""W""]","[""1"", ""2""]","[""DRIVER""]","[""UNKNOWN""]","[""2063074"", ""2063086""]","[""PASSENGER"", ""UNKNOWN/NA""]","[""PERSONAL"", ""UNKNOWN/NA""]","[""2007"", ""2015""]",[],[],[],[],[],[],"[""Y""]",[],"[""Y""]",[],"[""1""]",[],[],[],[],[],['25'],"[""DEPLOYMENT UNKNOWN""]","[""TEST NOT OFFERED""]","[""CHICAGO""]","[""2025-10-05T03:09:00.000""]","[""UNKNOWN""]","[""UNKNOWN""]",[],"[""IL""]","[""NONE""]",[],"[""O2164244"", ""O2164245"", ""P477630""]","[""DRIVER"", ""PASSENGER""]","[""UNKNOWN""]","[""USAGE UNKNOWN""]","[""F"", ""M""]","[""IL""]","[""2063074"", ""2063086""]","[""60617""]",[],"[""3""]",[],[],[],[],2025,10,3,5,True,night,41.99,-87.66,41.99_-87.66,25.0,25,25,OTHER,0
STRAIGHT AND LEVEL,1813,2025-10-05 03:00:00,1,3,10,930C96BFB5375B64BB99BBABCE91B0F29D5B5ED0B064E7092B98D9FFB6D1B140F09CC54FCB7DF32C022B8B0F41ACD36FACAC079D3C1CA927C6846CB76214EF0C,NO INJURY / DRIVE AWAY,"$501 - $1,500",FUNCTIONING PROPERLY,SIDESWIPE SAME DIRECTION,41.9111238433,"DARKNESS, LIGHTED ROAD",-87.6434903449,2,30,IMPROPER OVERTAKING/PASSING,UNKNOWN,DRY,IMPROPER OVERTAKING/PASSING,W,600,TRAFFIC SIGNAL,FOUR WAY,CLEAR,0.0,1.0,0.0,0.0,0.0,1.0,1,0,"[""Y""]","[""Y""]",[],"[""2025-10-05T03:00:00.000""]","[""2163942"", ""2163943""]","[""SIDE-LEFT"", ""SIDE-RIGHT""]","[""IL""]","[""FORD"", ""TOYOTA""]","[""OTHER"", ""SLOW/STOP IN TRAFFIC""]","[""F150"", ""PRIUS""]","[""1""]","[""W""]","[""1"", ""2""]","[""DRIVER""]","[""UNKNOWN""]","[""2062801"", ""2062803""]","[""PASSENGER"", ""PICKUP""]","[""TAXI/FOR HIRE"", ""UNKNOWN/NA""]","[""2016""]","[""Y""]","[""Y""]",[],[],[],[],[],"[""Y""]",[],[],[],[],[],"[""Y""]",[],[],[],"[""DEPLOYMENT UNKNOWN"", ""NOT APPLICABLE""]","[""TEST NOT OFFERED""]","[""OAK FOREST""]","[""2025-10-05T03:00:00.000""]","[""OTHER"", ""UNKNOWN""]","[""NOT OBSCURED"", ""UNKNOWN""]",[],"[""IL""]","[""NONE""]",[],"[""O2163942"", ""O2163943""]","[""DRIVER""]","[""NORMAL"", ""UNKNOWN""]","[""USAGE UNKNOWN""]","[""M"", ""X""]","[""IL""]","[""2062801"", ""2062803""]","[""60452""]",[],[],[],[],[],[],2025,10,3,5,True,night,41.91,-87.64,41.91_-87.64,0.0,0,0,OTHER,0
STRAIGHT AND LEVEL,1834,2025-10-05 03:00:00,1,3,10,49E7DFD60D0B293393FC3786AA44BDCE293366DC40E68EBBFF0F410F6A599BBA08A87A28186B03A7FB9CF546DD0EF0C295431D0AAD4C36EEF5B62A85B87F8728,INJURY AND / OR TOW DUE TO CRASH,"$501 - $1,500",FUNCTIONING PROPERLY,TURNING,41.8736407663,"DARKNESS, LIGHTED ROAD",-87.6723897727,2,30,IMPROPER TURNING/NO SIGNAL,UNKNOWN,DRY,IMPROPER TURNING/NO SIGNAL,N,598,TRAFFIC SIGNAL,FOUR WAY,CLEAR,0.0,1.0,1.0,0.0,0.0,1.0,1,0,[],[],[],"[""2025-10-05T03:00:00.000""]","[""2163951"", ""2163952""]","[""SIDE-LEFT"", ""SIDE-RIGHT""]",[],"[""FORD"", ""HYUNDAI""]","[""TURNING LEFT""]","[""ELANTRA"", ""F150""]","[""1""]","[""S""]","[""1"", ""2""]","[""DRIVER""]","[""UNKNOWN""]","[""2062811"", ""2062812""]","[""PASSENGER"", ""PICKUP""]","[""PERSONAL"", ""UNKNOWN/NA""]",[],"[""Y""]",[],[],[],[],"[""Y""]",[],[],[],[],[],[],[],[],[],[],[],"[""DEPLOYMENT UNKNOWN"", ""NOT APPLICABLE""]","[""TEST NOT OFFERED""]","[""SOUTH HOLLAND""]","[""2025-10-05T03:00:00.000""]","[""IMPROPER TURN"", ""OTHER""]","[""NOT OBSCURED"", ""UNKNOWN""]",[],"[""IL""]","[""NONE""]",[],"[""O2163951"", ""O2163952""]","[""DRIVER""]","[""NORMAL"", ""UNKNOWN""]","[""SAFETY BELT USED"", ""USAGE UNKNOWN""]","[""F"", ""M""]",[],"[""2062811"", ""2062812""]","[""60473""]",[],[],[],[],[],[],2025,10,3,5,True,night,41.87,-87.67,NAN_NAN,0.0,0,0,OTHER,1
STRAIGHT AND LEVEL,1513,2025-10-05 02:58:00,1,2,10,E353628B09B435F0A46AE7E17E506083B21EBCEA6CC2AA330456B525ABC7BEC1F3F7EF7D33B780FD54232366E1FA9AEC204999AF603D99677340A463C9B583E4,NO INJURY / DRIVE AWAY,"OVER $1,500",NO CONTROLS,PARKED MOTOR VEHICLE,41.8797978038,"DARKNESS, LIGHTED ROAD",-87.7731585701,2,25,UNABLE TO DETERMINE,UNKNOWN,DRY,NOT APPLICABLE,S,10,NO CONTROLS,ONE-WAY,CLEAR,0.0,0.0,0.0,0.0,0.0,1.0,2,1,[],[],[],"[""2025-10-05T02:58:00.000""]","[""2163964"", ""2163965""]","[""FRONT-LEFT-CORNER"", ""REAR-RIGHT-CORNER""]","[""IL""]","[""JEEP"", ""MERCEDES-BENZ""]","[""PARKED"", ""STRAIGHT AHEAD""]","[""E320"", ""GRAND CHEROKEE""]","[""0"", ""1""]","[""N""]","[""1"", ""2""]","[""DRIVER"", ""PARKED""]","[""UNKNOWN""]","[""2062824"", ""2062827""]","[""PASSENGER""]","[""NOT IN USE"", ""UNKNOWN/NA""]","[""2000"", ""2007""]","[""Y""]","[""Y""]","[""Y""]",[],[],[],[],[],"[""Y""]",[],[],[],[],"[""Y""]",[],[],['46'],"[""DID NOT DEPLOY""]","[""TEST NOT OFFERED""]","[""CHICAGO""]","[""2025-10-05T02:58:00.000""]","[""OTHER""]","[""UNKNOWN""]","[""D""]","[""IL""]","[""NONE""]",[],"[""O2163964""]","[""DRIVER""]","[""UNKNOWN""]","[""USAGE UNKNOWN""]","[""M""]","[""IL""]","[""2062824""]","[""60644""]",[],[],[],[],[],[],2025,10,2,5,True,night,41.88,-87.77,41.88_-87.77,46.0,46,46,OTHER,0