alignment,beat_of_occurrence,crash_date,crash_day_of_week,crash_hour,crash_month,crash_record_id,crash_type,damage,device_condition,first_crash_type,latitude,lighting_condition,longitude,num_units,posted_speed_limit,prim_contributory_cause,road_defect,roadway_surface_cond,sec_contributory_cause,street_direction,street_no,traffic_control_device,trafficway_type,weather_condition,private_property_i,hit_and_run_i,intersection_related_i,crash_date_est_i,work_zone_i,workers_present_i,veh_count,ppl_count,veh_area_01_i_list_json,veh_area_02_i_list_json,veh_area_12_i_list_json,veh_crash_date_list_json,veh_crash_unit_id_list_json,veh_first_contact_point_list_json,veh_lic_plate_state_list_json,veh_make_list_json,veh_maneuver_list_json,veh_model_list_json,veh_occupant_cnt_list_json,veh_travel_direction_list_json,veh_unit_no_list_json,veh_unit_type_list_json,veh_vehicle_defect_list_json,veh_vehicle_id_list_json,veh_vehicle_type_list_json,veh_vehicle_use_list_json,veh_vehicle_year_list_json,veh_area_03_i_list_json,veh_area_04_i_list_json,veh_area_11_i_list_json,veh_towed_by_list_json,veh_towed_i_list_json,veh_area_07_i_list_json,veh_area_99_i_list_json,veh_area_09_i_list_json,veh_area_10_i_list_json,veh_cmrc_veh_i_list_json,veh_num_passengers_list_json,veh_area_08_i_list_json,veh_area_00_i_list_json,veh_area_05_i_list_json,veh_area_06_i_list_json,veh_towed_to_list_json,ppl_age_list_json,ppl_airbag_deployed_list_json,ppl_bac_result_list_json,ppl_city_list_json,ppl_crash_date_list_json,ppl_driver_action_list_json,ppl_driver_vision_list_json,ppl_drivers_license_class_list_json,ppl_drivers_license_state_list_json,ppl_ejection_list_json,ppl_hospital_list_json,ppl_person_id_list_json,ppl_person_type_list_json,ppl_physical_condition_list_json,ppl_safety_equipment_list_json,ppl_sex_list_json,ppl_state_list_json,ppl_vehicle_id_list_json,ppl_zipcode_list_json,ppl_ems_agency_list_json,ppl_seat_no_list_json,ppl_pedpedal_action_list_json,ppl_pedpedal_location_list_json,ppl_pedpedal_visibility_list_json,ppl_ems_run_no_list_json,year,month,hour,day,is_weekend,hour_bin,lat_bin,lng_bin,grid_id,ppl_age_mean,ppl_age_min,ppl_age_max,prim_contributory_cause_group,ksi_flag
STRAIGHT AND LEVEL,235,2025-10-05 02:50:00,1,2,10,3E2F2DE49FC4A75F4A94CFBFB1A62BC44567B70590EA67AF4F152C9BFCA0D240A96798A9821852D8569CBDC63055187FEA45D326D3E8EBC0C422E8AF8BB28C86,INJURY AND / OR TOW DUE TO CRASH,"OVER $1,500",FUNCTIONING PROPERLY,REAR END,41.7949751006,DARKNESS,-87.5966895437,2,30,UNABLE TO DETERMINE,UNKNOWN,DRY,NOT APPLICABLE,S,5500,TRAFFIC SIGNAL,FOUR WAY,CLEAR,0.0,0.0,1.0,0.0,0.0,1.0,1,4,"[""Y""]",[],"[""Y""]","[""2025-10-05T02:50:00.000""]","[""2163956"", ""2163957""]","[""FRONT"", ""REAR""]","[""IL""]","[""CHRYSLER"", ""FORD""]","[""STRAIGHT AHEAD"", ""UNKNOWN/NA""]","[""FUSION"", ""TRUCK""]","[""2""]","[""E""]","[""1"", ""2""]","[""DRIVER""]","[""UNKNOWN""]","[""2062815"", ""2062820""]","[""PASSENGER"", ""VAN/MINI-VAN""]","[""PERSONAL""]","[""2013"", ""2020""]",[],[],"[""Y""]",[],"[""Y""]","[""Y""]",[],[],[],[],"[""1""]",[],[],"[""Y""]","[""Y""]",[],"['21', '23', '38', '46']","[""DID NOT DEPLOY""]","[""TEST NOT OFFERED""]","[""CHICAGO""]","[""2025-10-05T02:50:00.000""]","[""UNKNOWN""]","[""UNKNOWN""]","[""D""]","[""IL""]","[""NONE""]",[],"[""O2163956"", ""O2163957"", ""P477582"", ""P477583""]","[""DRIVER"", ""PASSENGER""]","[""UNKNOWN""]","[""USAGE UNKNOWN""]","[""F"", ""M""]","[""IL""]","[""2062815"", ""2062820""]","[""60615"", ""60621""]",[],"[""3""]",[],[],[],[],2025,10,2,5,True,night,41.79,-87.6,41.79_-87.6,32.0,21,46,OTHER,0
STRAIGHT AND LEVEL,923,2025-10-05 02:37:00,1,2,10,AD0DB22D803EA90170770533156B18D5CD9B1EC9F549AF5D4B56BA1BDD9ED4D9F0AB37745F0BF9DE77A1BB5D659F3AC479A5CACA4FBA1508F174805134A7B18C,INJURY AND / OR TOW DUE TO CRASH,"OVER $1,500",FUNCTIONING PROPERLY,ANGLE,41.7939875727,"DARKNESS, LIGHTED ROAD",-87.6840238135,2,30,DISREGARDING TRAFFIC SIGNALS,NO DEFECTS,DRY,UNABLE TO DETERMINE,W,2398,TRAFFIC SIGNAL,FOUR WAY,CLEAR,0.0,0.0,1.0,0.0,0.0,1.0,1,3,"[""Y""]","[""Y""]","[""Y""]","[""2025-10-05T02:37:00.000""]","[""2163946"", ""2163947""]","[""UNKNOWN""]","[""IL""]","[""HYUNDAI"", ""TOYOTA""]","[""CHANGING LANES"", ""STRAIGHT AHEAD""]","[""RAV4"", ""SANTA FE""]","[""1"", ""3""]","[""N"", ""W""]","[""1"", ""2""]","[""DRIVER""]","[""NONE""]","[""2062809"", ""2062813""]","[""PASSENGER""]","[""PERSONAL""]","[""2017""]","[""Y""]",[],"[""Y""]","[""Private tow""]","[""Y""]",[],[],"[""Y""]","[""Y""]",[],"[""2""]",[],[],[],[],"[""unknown""]","['32', '38', '50']","[""DEPLOYED, COMBINATION"", ""NOT APPLICABLE""]","[""TEST NOT OFFERED""]","[""CHICAGO"", ""WHEELING""]","[""2025-10-05T02:37:00.000""]","[""DISREGARDED CONTROL DEVICES"", ""UNKNOWN""]","[""UNKNOWN""]","[""D""]","[""IL""]","[""NONE""]",[],"[""O2163946"", ""O2163947"", ""P477579"", ""P477580""]","[""DRIVER"", ""PASSENGER""]","[""NORMAL""]","[""USAGE UNKNOWN""]","[""F"", ""M""]","[""IL""]","[""2062809"", ""2062813""]","[""60090"", ""60616"", ""60629""]","[""CFD AMBO 8""]","[""4"", ""6""]",[],[],[],[],2025,10,2,5,True,night,41.79,-87.68,41.79_-87.68,40.0,32,50,OTHER,1
STRAIGHT AND LEVEL,732,2025-10-05 02:36:00,1,2,10,7BA5CA598A6918355B9AF6F97472C6835C55A75C387AE3194F07CC6EAACA0677A3BB6007C802EE9A10DDEA094543C15D4C92A417733E43A495E514EADCB333A7,INJURY AND / OR TOW DUE TO CRASH,"OVER $1,500",NO CONTROLS,REAR END,41.7653196102,"DARKNESS, LIGHTED ROAD",-87.6440339451,3,30,UNABLE TO DETERMINE,NO DEFECTS,DRY,UNABLE TO DETERMINE,W,750,NO CONTROLS,NOT DIVIDED,CLEAR,0.0,1.0,0.0,0.0,0.0,1.0,2,1,[],[],"[""Y""]","[""2025-10-05T02:36:00.000""]","[""2163948"", ""2163949"", ""2163950""]","[""FRONT-LEFT-CORNER"", ""SIDE-LEFT"", ""UNKNOWN""]","[""IL""]","[""CHEVROLET"", ""UNKNOWN""]","[""PARKED"", ""STRAIGHT AHEAD"", ""UNKNOWN/NA""]","[""CRUZE"", ""OTHER (EXPLAIN IN NARRATIVE)""]","[""0"", ""1"", ""2""]","[""UNKNOWN"", ""W""]","[""1"", ""2"", ""3""]","[""DRIVER"", ""PARKED""]","[""OTHER"", ""UNKNOWN""]","[""2062806"", ""2062808"", ""2062810""]","[""PASSENGER"", ""UNKNOWN/NA""]","[""PERSONAL"", ""UNKNOWN/NA""]","[""2012"", ""2016""]",[],[],"[""Y""]","[""CITY OF CHICAGO""]","[""Y""]",[],"[""Y""]","[""Y""]","[""Y""]",[],"[""1""]","[""Y""]",[],[],[],"[""AUTO POUND 2""]",['21'],"[""DEPLOYED, COMBINATION"", ""DEPLOYMENT UNKNOWN""]","[""TEST NOT OFFERED""]","[""CHCIAGO"", ""CHICAGO""]","[""2025-10-05T02:36:00.000""]","[""NONE"", ""UNKNOWN""]","[""UNKNOWN""]","[""D""]","[""IL""]","[""NONE"", ""UNKNOWN""]",[],"[""O2163948"", ""O2163949"", ""P477581""]","[""DRIVER"", ""PASSENGER""]","[""NORMAL"", ""UNKNOWN""]","[""USAGE UNKNOWN""]","[""F"", ""M"", ""X""]","[""IL""]","[""2062806"", ""2062808""]","[""60609"", ""60629""]","[""CFD""]","[""3""]",[],[],[],[],2025,10,2,5,True,night,41.77,-87.64,41.77_-87.64,21.0,21,21,OTHER,0
STRAIGHT AND LEVEL,824,2025-10-05 02:30:00,1,2,10,3A47574AEBAEFBDF4D8B807B926F2F827C3CF6A9C75E87299D0F971343A5EABF52B78E14732742B89DA349903D30A0E7D45CAC6F65090245C8F9D4B0FEC311EF,NO INJURY / DRIVE AWAY,"OVER $1,500",NO CONTROLS,PARKED MOTOR VEHICLE,41.785599499,DAWN,-87.6958641743,2,10,NOT APPLICABLE,NO DEFECTS,DRY,NOT APPLICABLE,S,5925,NO CONTROLS,ALLEY,CLEAR,0.0,1.0,0.0,0.0,0.0,1.0,2,0,[],[],[],"[""2025-10-05T02:30:00.000""]","[""2164164"", ""2164165""]","[""REAR-RIGHT-CORNER""]","[""IL""]","[""CADILLAC"", ""DODGE""]","[""BACKING"", ""PARKED""]","[""DURANGO"", ""OTHER (EXPLAIN IN NARRATIVE)""]","[""0"", ""2""]","[""N"", ""S""]","[""1"", ""2""]","[""DRIVER"", ""PARKED""]","[""NONE""]","[""2062997"", ""2063003""]","[""SPORT UTILITY VEHICLE (SUV)""]","[""PERSONAL""]","[""2011"", ""2015""]",[],[],[],[],[],[],[],[],[],[],"[""1""]",[],[],"[""Y""]",[],[],[],"[""DEPLOYMENT UNKNOWN"", ""DID NOT DEPLOY""]","[""TEST NOT OFFERED""]",[],"[""2025-10-05T02:30:00.000""]","[""IMPROPER BACKING""]","[""UNKNOWN""]",[],[],"[""NONE""]",[],"[""O2164164"", ""P477618""]","[""DRIVER"", ""PASSENGER""]","[""UNKNOWN""]","[""SAFETY BELT USED"", ""USAGE UNKNOWN""]","[""F"", ""M""]",[],"[""2062997""]",[],[],"[""3""]",[],[],[],[],2025,10,2,5,True,night,41.79,-87.7,41.79_-87.7,0.0,0,0,OTHER,0
STRAIGHT AND LEVEL,1824,2025-10-05 02:27:00,1,2,10,9F65FF2F84B54C367F4D949072C68B76CA112101D0B6C10E0428F6948F37E3F966AE86EB14D2C910EB7A9BC851C19DB237E8B96B25C875718AD4177096175952,NO INJURY / DRIVE AWAY,"OVER $1,500",NO CONTROLS,REAR END,41.9024816462,"DARKNESS, LIGHTED ROAD",-87.6242210436,2,40,FAILING TO REDUCE SPEED TO AVOID CRASH,NO DEFECTS,DRY,NOT APPLICABLE,N,1100,NO CONTROLS,DIVIDED - W/MEDIAN BARRIER,CLEAR,0.0,1.0,0.0,0.0,0.0,1.0,1,1,[],[],[],"[""2025-10-05T02:27:00.000""]","[""2163970"", ""2163971""]","[""FRONT"", ""REAR-LEFT-CORNER""]","[""IL""]","[""TOYOTA"", ""UNKNOWN""]","[""STRAIGHT AHEAD""]","[""OTHER (EXPLAIN IN NARRATIVE)"", ""RAV4""]","[""1""]","[""S""]","[""1"", ""2""]","[""DRIVER""]","[""NONE"", ""UNKNOWN""]","[""2062828"", ""2062829""]","[""PASSENGER"", ""UNKNOWN/NA""]","[""PERSONAL"", ""UNKNOWN/NA""]","[""2018""]",[],[],[],[],[],"[""Y""]","[""Y""]",[],[],[],[],"[""Y""]",[],[],"[""Y""]",[],['34'],"[""DEPLOYMENT UNKNOWN"", ""DID NOT DEPLOY""]","[""TEST NOT OFFERED""]","[""GLENDALE HEIGHTS""]","[""2025-10-05T02:27:00.000""]","[""FAILED TO YIELD"", ""NONE""]","[""NOT OBSCURED"", ""UNKNOWN""]",[],"[""IL""]","[""NONE""]",[],"[""O2163970"", ""O2163971""]","[""DRIVER""]","[""NORMAL"", ""UNKNOWN""]","[""SAFETY BELT USED"", ""USAGE UNKNOWN""]","[""F"", ""X""]","[""IL""]","[""2062828"", ""2062829""]","[""60139""]",[],[],[],[],[],[],2025,10,2,5,True,night,41.9,-87.62,41.9_-87.62,34.0,34,34,SPEEDING,0
STRAIGHT AND LEVEL,2223,2025-10-05 02:26:00,1,2,10,C493895944CD2A162AC4BE5068CBCDF3B35C8C7EE5A73B8475B07F4A9FB3425C62CC3DF393A2F20D6E797BF5997868F269793E3C27675264390C200D2A648035,INJURY AND / OR TOW DUE TO CRASH,"OVER $1,500",NO CONTROLS,OVERTURNED,41.7151434607,"DARKNESS, LIGHTED ROAD",-87.6483478366,1,30,UNABLE TO DETERMINE,NO DEFECTS,DRY,UNABLE TO DETERMINE,W,1008,NO CONTROLS,ONE-WAY,CLEAR,0.0,0.0,0.0,0.0,0.0,1.0,1,0,[],[],[],"[""2025-10-05T02:26:00.000""]","[""2163940""]","[""UNKNOWN""]","[""IL""]","[""LINCOLN""]","[""UNKNOWN/NA""]","[""CORSAIR""]","[""0""]","[""W""]","[""1""]","[""DRIVERLESS""]","[""UNKNOWN""]","[""2062798""]","[""SPORT UTILITY VEHICLE (SUV)""]","[""UNKNOWN/NA""]","[""2022""]",[],[],"[""Y""]","[""E & R""]","[""Y""]","[""Y""]",[],"[""Y""]","[""Y""]",[],[],"[""Y""]",[],[],[],"[""103 AND DOTY""]",[],"[""DID NOT DEPLOY""]","[""TEST NOT OFFERED""]","[""CHICAGO""]","[""2025-10-07T08:00:00.000""]","[""UNKNOWN""]","[""UNKNOWN""]","[""D""]","[""IL""]","[""NONE""]",[],"[""O2161905"", ""O2161906""]","[""DRIVER""]","[""NORMAL""]","[""USAGE UNKNOWN""]","[""F"", ""M""]","[""IL""]",[],[],[],[],[],[],[],[],2025,10,2,5,True,night,41.72,-87.65,41.72_-87.65,0.0,0,0,OTHER,0
STRAIGHT AND LEVEL,2232,2025-10-05 02:26:00,1,2,10,B5F519666EC966C8DB7143DBBEC31F4F227A1020307CE832D49BF7355F993309ABC635EA29E0698A2BDBBBBA50C4E2B25F0CBF144C7CB1783A029FA61397017C,INJURY AND / OR TOW DUE TO CRASH,"OVER $1,500",NO CONTROLS,FIXED OBJECT,41.7099563921,"DARKNESS, LIGHTED ROAD",-87.6430575754,1,30,UNABLE TO DETERMINE,NO DEFECTS,DRY,UNABLE TO DETERMINE,S,10118,NO CONTROLS,DIVIDED - W/MEDIAN BARRIER,CLEAR,0.0,0.0,0.0,0.0,0.0,1.0,1,1,"[""Y""]","[""Y""]","[""Y""]","[""2025-10-05T02:26:00.000""]","[""2163941""]","[""FRONT""]","[""IL""]","[""FORD""]","[""STRAIGHT AHEAD""]","[""TAURUS""]","[""2""]","[""S""]","[""1""]","[""DRIVER""]","[""NONE""]","[""2062804""]","[""PASSENGER""]","[""PERSONAL""]","[""2008""]",[],[],"[""Y""]","[""PERSONEL""]","[""Y""]",[],[],[],"[""Y""]",[],"[""1""]",[],[],[],[],"[""RESDIENCE""]",['29'],"[""DID NOT DEPLOY""]","[""TEST NOT OFFERED""]","[""LANSING""]","[""2025-10-05T02:26:00.000""]","[""UNKNOWN""]","[""NOT OBSCURED""]",[],"[""IL""]","[""NONE""]",[],"[""O2163941"", ""P477578""]","[""DRIVER"", ""PASSENGER""]","[""NORMAL""]","[""SAFETY BELT USED""]","[""F""]","[""IL""]","[""2062804""]","[""60438""]",[],"[""3""]",[],[],[],[],2025,10,2,5,True,night,41.71,-87.64,41.71_-87.64,29.0,29,29,OTHER,0
STRAIGHT AND LEVEL,511,2025-10-05 02:22:00,1,2,10,D864DBC5DCAC108481AC89406DD1E137B855102D0CD6441A0620329A6DEC3FC74183D3BF86F0F2DDD163AF84539EEC444B9BEE347FB0889F61FDB511EB81126F,INJURY AND / OR TOW DUE TO CRASH,"OVER $1,500",NO CONTROLS,REAR END,41.7078449551,DARKNESS,-87.5889387252,2,30,FOLLOWING TOO CLOSELY,NO DEFECTS,DRY,NOT APPLICABLE,E,1400,NO CONTROLS,DIVIDED - W/MEDIAN (NOT RAISED),CLEAR,0.0,0.0,0.0,0.0,0.0,1.0,1,2,"[""Y""]",[],"[""Y""]","[""2025-10-05T02:22:00.000""]","[""2163944"", ""2163945""]","[""FRONT"", ""REAR""]","[""IL""]","[""SATURN"", ""TOYOTA""]","[""STRAIGHT AHEAD""]","[""SIENNA"", ""VUE""]","[""1"", ""2""]","[""E""]","[""1"", ""2""]","[""DRIVER""]","[""NONE""]","[""2062805"", ""2062807""]","[""PASSENGER"", ""VAN/MINI-VAN""]","[""PERSONAL""]","[""2007"", ""2009""]",[],[],"[""Y""]","[""PERSONAL TOW""]","[""Y""]","[""Y""]",[],[],[],[],"[""1""]",[],[],"[""Y""]","[""Y""]",[],"['19', '23']","[""DID NOT DEPLOY""]","[""TEST NOT OFFERED""]","[""CHICAGO"", ""ELMHURST""]","[""2025-10-05T02:22:00.000""]","[""NONE"", ""OTHER""]","[""NOT OBSCURED""]","[""D""]","[""IL""]","[""NONE""]",[],"[""O2163944"", ""O2163945"", ""P477577""]","[""DRIVER"", ""PASSENGER""]","[""UNKNOWN""]","[""SAFETY BELT USED"", ""USAGE UNKNOWN""]","[""M""]","[""IL""]","[""2062805"", ""2062807""]","[""60126"", ""60620""]",[],"[""2""]",[],[],[],[],2025,10,2,5,True,night,41.71,-87.59,41.71_-87.59,21.0,19,23,FOLLOWING TOO CLOSELY,0
STRAIGHT AND LEVEL,511,2025-10-05 02:15:00,1,2,10,FEECB3D2326AA640C4B12ABDA16EDBDB0D26111E92CDB8B2755BAE4C6E3D2F4AC2D7AB35DC285BCEC12CACA8B31B08AEFBF72F989228D038F247CFF185C0351D,INJURY AND / OR TOW DUE TO CRASH,"OVER $1,500",NO CONTROLS,PARKED MOTOR VEHICLE,41.7117433635,DARKNESS,-87.6036649202,3,25,FAILING TO REDUCE SPEED TO AVOID CRASH,NO DEFECTS,DRY,UNABLE TO DETERMINE,E,803,NO CONTROLS,NOT DIVIDED,CLEAR,0.0,1.0,0.0,0.0,0.0,1.0,3,0,"[""Y""]","[""Y""]",[],"[""2025-10-05T02:15:00.000""]","[""2163936"", ""2163937"", ""2163938""]","[""FRONT-LEFT-CORNER"", ""FRONT-RIGHT-CORNER""]","[""IL""]","[""CHEVROLET"", ""DODGE"", ""TOYOTA""]","[""PARKED"", ""UNKNOWN/NA""]","[""CAMRY"", ""DURANGO"", ""MALIBU""]","[""0"", ""1""]","[""E"", ""N""]","[""1"", ""2"", ""3""]","[""DRIVER"", ""DRIVERLESS"", ""PARKED""]","[""NONE"", ""UNKNOWN""]","[""2062795"", ""2062800"", ""2062802""]","[""PASSENGER""]","[""PERSONAL""]","[""2018"", ""2024""]","[""N"", ""Y""]",[],"[""Y""]","[""PERSONAL""]","[""Y""]",[],[],"[""Y""]","[""Y""]",[],[],[],[],[],[],"[""UNK""]",[],"[""DEPLOYMENT UNKNOWN""]","[""TEST NOT OFFERED""]",[],"[""2025-10-05T02:15:00.000""]","[""UNKNOWN""]","[""UNKNOWN""]",[],[],"[""NONE""]",[],"[""O2163936""]","[""DRIVER""]","[""UNKNOWN""]","[""USAGE UNKNOWN""]","[""X""]",[],"[""2062795""]",[],[],[],[],[],[],[],2025,10,2,5,True,night,41.71,-87.6,41.71_-87.6,0.0,0,0,SPEEDING,0
STRAIGHT AND LEVEL,411,2025-10-05 02:14:00,1,2,10,A84BE1A1D04C0092E5675BA12F0815BA903392E175BEE591379DD785860C69014A7DAAA606F5D521F722B973408C6A97F8386B22331DCC85AB0FB0FB2DCA9088,INJURY AND / OR TOW DUE TO CRASH,"OVER $1,500",FUNCTIONING PROPERLY,ANGLE,41.7514606032,DAYLIGHT,-87.585971993,2,35,DISREGARDING TRAFFIC SIGNALS,NO DEFECTS,DRY,NOT APPLICABLE,S,7900,TRAFFIC SIGNAL,FOUR WAY,CLEAR,0.0,0.0,1.0,0.0,0.0,1.0,1,1,[],[],"[""Y""]","[""2025-10-05T02:14:00.000""]","[""2164917"", ""2164918""]","[""FRONT"", ""FRONT-LEFT-CORNER""]","[""IL"", ""TX""]","[""HYUNDAI"", ""JEEP""]","[""STRAIGHT AHEAD""]","[""CHEROKEE"", ""ELANTRA""]","[""1""]","[""N"", ""W""]","[""1"", ""2""]","[""DRIVER""]","[""NONE"", ""UNKNOWN""]","[""2063724"", ""2063726""]","[""PASSENGER"", ""SPORT UTILITY VEHICLE (SUV)""]","[""PERSONAL""]","[""2018"", ""2019""]",[],[],"[""Y""]","[""d89 towing and recovery llc""]","[""Y""]",[],[],"[""N""]","[""N""]",[],[],[],[],[],[],"[""447 e 111th pl""]",['23'],"[""DEPLOYMENT UNKNOWN"", ""NOT APPLICABLE""]","[""TEST NOT OFFERED""]","[""CHICAGO""]","[""2025-10-05T02:14:00.000""]","[""DISREGARDED CONTROL DEVICES"", ""NONE""]","[""NOT OBSCURED"", ""UNKNOWN""]","[""D""]","[""IL""]","[""NONE""]",[],"[""O2164917"", ""O2164918""]","[""DRIVER""]","[""NORMAL"", ""UNKNOWN""]","[""SAFETY BELT USED"", ""USAGE UNKNOWN""]","[""F"", ""M""]","[""IL""]","[""2063724"", ""2063726""]","[""60643""]",[],[],[],[],[],[],2025,10,2,5,True,night,41.75,-87.59,41.75_-87.59,23.0,23,23,OTHER,1
STRAIGHT AND LEVEL,1834,2025-10-05 02:05:00,1,2,10,175225C97B72A7F274FBE41315CA45662884A3ECDE9C4AB372B6DBE76BA91417B50A52E0D1115C143AF7AAB701146C199A70C88BEC05982B37CB3CED7807ABD3,NO INJURY / DRIVE AWAY,"$501 - $1,500",FUNCTIONING PROPERLY,TURNING,41.8918417349,"DARKNESS, LIGHTED ROAD",-87.6203818108,2,30,IMPROPER TURNING/NO SIGNAL,UNKNOWN,DRY,IMPROPER TURNING/NO SIGNAL,N,528,TRAFFIC SIGNAL,T-INTERSECTION,CLEAR,0.0,1.0,1.0,0.0,0.0,1.0,1,0,[],[],[],"[""2025-10-05T02:05:00.000""]","[""2163962"", ""2163963""]","[""FRONT-LEFT-CORNER"", ""SIDE-RIGHT-REAR""]",[],"[""CHEVROLET"", ""TOYOTA""]","[""TURNING RIGHT""]","[""COROLLA"", ""OTHER (EXPLAIN IN NARRATIVE)""]","[""1""]","[""S""]","[""1"", ""2""]","[""DRIVER""]","[""UNKNOWN""]","[""2062816"", ""2062823""]","[""PASSENGER""]","[""RIDESHARE SERVICE"", ""UNKNOWN/NA""]",[],[],"[""Y""]","[""Y""]",[],[],[],[],[],[],[],[],"[""N""]",[],"[""Y""]",[],[],[],"[""DEPLOYMENT UNKNOWN"", ""NOT APPLICABLE""]","[""TEST NOT OFFERED""]",[],"[""2025-10-05T02:05:00.000""]","[""OTHER""]","[""NOT OBSCURED"", ""UNKNOWN""]",[],"[""IL""]","[""NONE""]",[],"[""O2163962"", ""O2163963""]","[""DRIVER""]","[""NORMAL"", ""UNKNOWN""]","[""USAGE UNKNOWN""]","[""M"", ""X""]",[],"[""2062816"", ""2062823""]","[""60660""]",[],[],[],[],[],[],2025,10,2,5,True,night,41.89,-87.62,41.89_-87.62,0.0,0,0,OTHER,0
STRAIGHT AND LEVEL,1232,2025-10-05 02:00:00,1,2,10,F5087A084D43043E3A034CE09EDAF92DFCDDB602D1178503E74FF6D926B7E448C7554AF12A881CE1CA4707033C2B75974A410055DCD2A9C7F6D427466B76D566,NO INJURY / DRIVE AWAY,"OVER $1,500",NO CONTROLS,PARKED MOTOR VEHICLE,41.8775940808,DAYLIGHT,-87.6473802097,2,25,UNABLE TO DETERMINE,NO DEFECTS,DRY,UNABLE TO DETERMINE,S,310,NO CONTROLS,NOT DIVIDED,CLEAR,0.0,1.0,0.0,0.0,0.0,1.0,2,0,"[""Y""]",[],[],"[""2025-10-05T02:00:00.000""]","[""2164745"", ""2164746""]","[""FRONT-RIGHT-CORNER"", ""REAR-LEFT-CORNER""]","[""IL""]","[""FIAT"", ""UNKNOWN""]","[""PARKED"", ""STRAIGHT AHEAD""]","[""OTHER (EXPLAIN IN NARRATIVE)""]","[""0"", ""1""]","[""S""]","[""1"", ""2""]","[""DRIVER"", ""PARKED""]","[""NONE""]","[""2063552"", ""2063565""]","[""PASSENGER""]","[""PERSONAL""]","[""2013""]",[],[],"[""Y""]",[],[],"[""Y""]",[],"[""Y""]","[""Y""]",[],[],"[""Y""]",[],[],[],[],[],"[""DEPLOYMENT UNKNOWN""]","[""TEST NOT OFFERED""]",[],"[""2025-10-05T02:00:00.000""]","[""UNKNOWN""]","[""UNKNOWN""]",[],[],"[""UNKNOWN""]",[],"[""O2164745""]","[""DRIVER""]","[""UNKNOWN""]","[""USAGE UNKNOWN""]","[""X""]",[],"[""2063552""]",[],[],[],[],[],[],[],2025,10,2,5,True,night,41.88,-87.65,41.88_-87.65,0.0,0,0,OTHER,0
STRAIGHT AND LEVEL,511,2025-10-05 02:00:00,1,2,10,C915F7EA5B85803B546B30F95D79357D2A1333E7F55DD474492BE203CD39C43EA070E032BB46BB6A524D9FF9B3AA0F5FB9D2E60E316998E4D3543B85C03E734B,NO INJURY / DRIVE AWAY,"OVER $1,500",NO CONTROLS,PARKED MOTOR VEHICLE,41.7119772116,"DARKNESS, LIGHTED ROAD",-87.6035963207,2,10,UNABLE TO DETERMINE,NO DEFECTS,DRY,UNABLE TO DETERMINE,E,800,NO CONTROLS,NOT DIVIDED,CLEAR,0.0,0.0,0.0,0.0,0.0,1.0,2,1,"[""Y""]",[],"[""Y""]","[""2025-10-05T02:00:00.000""]","[""2164765"", ""2164787""]","[""FRONT-LEFT-CORNER"", ""FRONT-RIGHT-CORNER""]","[""IL""]","[""GENERAL MOTORS CORPORATION (GMC)"", ""UNKNOWN""]","[""PARKED"", ""STRAIGHT AHEAD""]","[""ACADIA"", ""MOTORIZED""]","[""0"", ""1""]","[""E"", ""UNKNOWN""]","[""1"", ""2""]","[""DRIVER"", ""PARKED""]","[""UNKNOWN""]","[""2063582"", ""2063592""]","[""PASSENGER"", ""UNKNOWN/NA""]","[""PERSONAL"", ""UNKNOWN/NA""]","[""2021""]",[],[],"[""Y""]",[],[],[],[],[],[],[],[],[],[],[],[],[],['31'],"[""DID NOT DEPLOY""]","[""TEST NOT OFFERED""]","[""CHICAGO""]","[""2025-10-05T02:00:00.000""]","[""UNKNOWN""]","[""UNKNOWN""]","[""D""]","[""IL""]","[""NONE""]",[],"[""O2164765""]","[""DRIVER""]","[""UNKNOWN""]","[""USAGE UNKNOWN""]","[""F""]","[""IL""]","[""2063582""]","[""60628""]",[],[],[],[],[],[],2025,10,2,5,True,night,41.71,-87.6,41.71_-87.6,31.0,31,31,OTHER,0
STRAIGHT AND LEVEL,1633,2025-10-05 01:55:00,1,1,10,EA3F4F83B73A5717A10BF40AD2A6DC32E9B37A9CEDAFEC8300AC63EA944E65C2A91111BF33537F2AEBF9C7AC0825F44720962FACF0A8DB7E1446A029BC7C11F3,NO INJURY / DRIVE AWAY,"OVER $1,500",NO CONTROLS,TURNING,41.9384654508,"DARKNESS, LIGHTED ROAD",-87.7833864907,2,30,FOLLOWING TOO CLOSELY,NO DEFECTS,DRY,FAILING TO YIELD RIGHT-OF-WAY,W,6298,NO CONTROLS,NOT DIVIDED,CLEAR,0.0,0.0,1.0,0.0,0.0,1.0,1,3,"[""Y""]","[""Y""]","[""Y""]","[""2025-10-05T01:55:00.000""]","[""2163929"", ""2163930""]","[""FRONT-LEFT-CORNER"", ""SIDE-RIGHT-FRONT""]","[""IL""]","[""INFINITI"", ""LINCOLN""]","[""STRAIGHT AHEAD"", ""TURNING RIGHT""]","[""NAUTILUS"", ""QX50""]","[""1"", ""3""]","[""W""]","[""1"", ""2""]","[""DRIVER""]","[""NONE""]","[""2062788"", ""2062792""]","[""PASSENGER""]","[""PERSONAL""]","[""2006"", ""2022""]","[""Y""]",[],"[""Y""]",[],[],[],[],[],"[""Y""]",[],"[""2""]",[],[],[],[],[],"['18', '21', '35']","[""DID NOT DEPLOY"", ""NOT APPLICABLE""]","[""TEST NOT OFFERED""]","[""CHICAGO"", ""RIVERSIDE""]","[""2025-10-05T01:55:00.000""]","[""FOLLOWED TOO CLOSELY"", ""NONE""]","[""NOT OBSCURED""]","[""D""]","[""IL""]","[""NONE""]",[],"[""O2163929"", ""O2163930"", ""P477572"", ""P477574""]","[""DRIVER"", ""PASSENGER""]","[""NORMAL""]","[""SAFETY BELT USED"", ""USAGE UNKNOWN""]","[""F"", ""M""]","[""IL""]","[""2062788"", ""2062792""]","[""60546"", ""60609"", ""60634""]",[],"[""3"", ""6""]",[],[],[],[],2025,10,1,5,True,night,41.94,-87.78,41.94_-87.78,24.666666666666668,18,35,FOLLOWING TOO CLOSELY,0