alignment,beat_of_occurrence,crash_date,crash_day_of_week,crash_hour,crash_month,crash_record_id,crash_type,damage,device_condition,first_crash_type,latitude,lighting_condition,longitude,num_units,posted_speed_limit,prim_contributory_cause,road_defect,roadway_surface_cond,sec_contributory_cause,street_direction,street_no,traffic_control_device,trafficway_type,weather_condition,private_property_i,hit_and_run_i,intersection_related_i,crash_date_est_i,work_zone_i,workers_present_i,veh_count,ppl_count,veh_area_01_i_list_json,veh_area_02_i_list_json,veh_area_12_i_list_json,veh_crash_date_list_json,veh_crash_unit_id_list_json,veh_first_contact_point_list_json,veh_lic_plate_state_list_json,veh_make_list_json,veh_maneuver_list_json,veh_model_list_json,veh_occupant_cnt_list_json,veh_travel_direction_list_json,veh_unit_no_list_json,veh_unit_type_list_json,veh_vehicle_defect_list_json,veh_vehicle_id_list_json,veh_vehicle_type_list_json,veh_vehicle_use_list_json,veh_vehicle_year_list_json,veh_area_03_i_list_json,veh_area_04_i_list_json,veh_area_11_i_list_json,veh_towed_by_list_json,veh_towed_i_list_json,veh_area_07_i_list_json,veh_area_99_i_list_json,veh_area_09_i_list_json,veh_area_10_i_list_json,veh_cmrc_veh_i_list_json,veh_num_passengers_list_json,veh_area_08_i_list_json,veh_area_00_i_list_json,veh_area_05_i_list_json,veh_area_06_i_list_json,veh_towed_to_list_json,ppl_age_list_json,ppl_airbag_deployed_list_json,ppl_bac_result_list_json,ppl_city_list_json,ppl_crash_date_list_json,ppl_driver_action_list_json,ppl_driver_vision_list_json,ppl_drivers_license_class_list_json,ppl_drivers_license_state_list_json,ppl_ejection_list_json,ppl_hospital_list_json,ppl_person_id_list_json,ppl_person_type_list_json,ppl_physical_condition_list_json,ppl_safety_equipment_list_json,ppl_sex_list_json,ppl_state_list_json,ppl_vehicle_id_list_json,ppl_zipcode_list_json,ppl_ems_agency_list_json,ppl_seat_no_list_json,ppl_pedpedal_action_list_json,ppl_pedpedal_location_list_json,ppl_pedpedal_visibility_list_json,ppl_ems_run_no_list_json,year,month,hour,day,is_weekend,hour_bin,lat_bin,lng_bin,grid_id,ppl_age_mean,ppl_age_min,ppl_age_max,prim_contributory_cause_group,ksi_flag
STRAIGHT AND LEVEL,1224,2025-10-05 01:45:00,1,1,10,CBAF88E75FAD5D7CE89A2DD973C05078223BEC81C06F51B24A44D9716003DE638249DC11462D431AEB8A708A9E1A2C86481E49ABA3D4FFE05F6A8A402CAF46F6,NO INJURY / DRIVE AWAY,"OVER $1,500",NO CONTROLS,PARKED MOTOR VEHICLE,41.8849229403,"DARKNESS, LIGHTED ROAD",-87.6484723034,2,25,FAILING TO REDUCE SPEED TO AVOID CRASH,NO DEFECTS,DRY,NOT APPLICABLE,N,163,NO CONTROLS,NOT DIVIDED,CLEAR,0.0,0.0,0.0,0.0,0.0,1.0,2,1,"[""Y""]",[],[],"[""2025-10-05T01:45:00.000""]","[""2164064"", ""2164065""]","[""FRONT-RIGHT-CORNER"", ""REAR-LEFT-CORNER""]","[""IL""]","[""INFINITI"", ""LINCOLN""]","[""LEAVING TRAFFIC LANE TO PARK"", ""PARKED""]","[""CORSAIR"", ""OTHER (EXPLAIN IN NARRATIVE)""]","[""1""]","[""N""]","[""1"", ""2""]","[""DRIVER"", ""PARKED""]","[""NONE""]","[""2062907"", ""2062910""]","[""PASSENGER"", ""SPORT UTILITY VEHICLE (SUV)""]","[""PERSONAL"", ""RIDESHARE SERVICE""]","[""2022"", ""2025""]",[],[],[],[],[],"[""Y""]",[],[],[],[],"[""1""]",[],[],[],[],[],['41'],"[""DID NOT DEPLOY"", ""NOT APPLICABLE""]","[""TEST NOT OFFERED""]","[""CHICAGO HEIGHTS"", ""SKOKIE""]","[""2025-10-05T01:45:00.000""]","[""OTHER""]","[""NOT OBSCURED""]","[""D""]","[""IL""]","[""NONE""]",[],"[""O2164064"", ""P477605""]","[""DRIVER"", ""PASSENGER""]","[""UNKNOWN""]","[""SAFETY BELT USED""]","[""F"", ""M""]","[""IL""]","[""2062907"", ""2062910""]","[""60076"", ""60411""]",[],"[""1""]",[],[],[],[],2025,10,1,5,True,night,41.88,-87.65,41.88_-87.65,41.0,41,41,SPEEDING,0
STRAIGHT AND LEVEL,1911,2025-10-05 01:34:00,1,1,10,E1802E4FA7505B84EB05C90DC82EDB1192658119D4B7302BE7332673CB68B08FB7B095C9E9D6003A421C3184E42225E0AF6EF6E854BF433A99ADE1AB21B46AF3,INJURY AND / OR TOW DUE TO CRASH,"OVER $1,500",NO CONTROLS,TURNING,41.9684871922,"DARKNESS, LIGHTED ROAD",-87.6907730404,2,30,"VISION OBSCURED (SIGNS, TREE LIMBS, BUILDINGS, ETC.)",NO DEFECTS,DRY,FAILING TO YIELD RIGHT-OF-WAY,W,2447,NO CONTROLS,NOT DIVIDED,CLEAR,0.0,0.0,0.0,0.0,0.0,1.0,1,2,"[""Y""]","[""Y""]","[""Y""]","[""2025-10-05T01:34:00.000""]","[""2163916"", ""2163917""]","[""FRONT-LEFT-CORNER"", ""FRONT-RIGHT-CORNER""]","[""IL""]","[""FORD"", ""MAZDA""]","[""STRAIGHT AHEAD"", ""TURNING LEFT""]","[""CX-5"", ""FUSION""]","[""1""]","[""E"", ""N""]","[""1"", ""2""]","[""DRIVER""]","[""UNKNOWN""]","[""2062778"", ""2062780""]","[""PASSENGER""]","[""PERSONAL"", ""RIDESHARE SERVICE""]","[""2017"", ""2025""]",[],[],"[""Y""]","[""PRIVATE TOW""]","[""Y""]",[],[],"[""Y""]","[""Y""]",[],[],[],[],[],[],[],"['39', '42']","[""DEPLOYED, SIDE"", ""NOT APPLICABLE""]","[""TEST NOT OFFERED""]","[""CHICAGO"", ""MELISSA""]","[""2025-10-05T01:34:00.000""]","[""FAILED TO YIELD"", ""UNKNOWN""]","[""PARKED VEHICLES""]","[""C"", ""D""]","[""IL"", ""TX""]","[""NONE""]",[],"[""O2163916"", ""O2163917""]","[""DRIVER""]","[""NORMAL""]","[""SAFETY BELT USED""]","[""M""]","[""IL"", ""TX""]","[""2062778"", ""2062780""]","[""60660"", ""75454""]",[],[],[],[],[],[],2025,10,1,5,True,night,41.97,-87.69,41.97_-87.69,40.5,39,42,LIGHTING/VISIBILITY,0
STRAIGHT AND LEVEL,814,2025-10-05 01:30:00,1,1,10,B8A5EBC210E6888F29698415A3B1AD44E796E411CEF2775F541260D9378FCB0CD9BC8DC7061586B474864BE6BE795873939D56ACE5A11F011A844A534BB98F20,INJURY AND / OR TOW DUE TO CRASH,"OVER $1,500",FUNCTIONING PROPERLY,PARKED MOTOR VEHICLE,41.7982178103,"DARKNESS, LIGHTED ROAD",-87.745261599,2,30,IMPROPER OVERTAKING/PASSING,NO DEFECTS,DRY,NOT APPLICABLE,S,5461,TRAFFIC SIGNAL,NOT DIVIDED,CLEAR,0.0,0.0,0.0,0.0,0.0,1.0,2,1,"[""Y""]","[""Y""]","[""Y""]","[""2025-10-05T01:30:00.000""]","[""2163927"", ""2163928""]","[""FRONT-RIGHT-CORNER"", ""REAR-LEFT-CORNER""]","[""IL""]","[""MAZDA"", ""TOYOTA""]","[""CHANGING LANES"", ""PARKED""]","[""CX-5"", ""SOLARA""]","[""0"", ""1""]","[""E""]","[""1"", ""2""]","[""DRIVER"", ""PARKED""]","[""UNKNOWN""]","[""2062786"", ""2062789""]","[""PASSENGER""]","[""UNKNOWN/NA""]","[""2006"", ""2025""]","[""Y""]","[""Y""]","[""Y""]",[],[],"[""Y""]",[],"[""Y""]","[""Y""]",[],[],"[""Y""]",[],"[""Y""]",[],[],['24'],"[""DEPLOYED, FRONT""]","[""TEST NOT OFFERED""]","[""CICERO""]","[""2025-10-05T01:30:00.000""]","[""IMPROPER LANE CHANGE""]","[""UNKNOWN""]","[""D""]","[""IL""]","[""NONE""]",[],"[""O2163927""]","[""DRIVER""]","[""NORMAL""]","[""USAGE UNKNOWN""]","[""M""]","[""IL""]","[""2062786""]","[""60804""]",[],[],[],[],[],[],2025,10,1,5,True,night,41.8,-87.75,41.8_-87.75,24.0,24,24,OTHER,1
STRAIGHT AND LEVEL,2533,2025-10-05 01:30:00,1,1,10,618AD9FC0F650346DD724C6EF59D2CC858A50397C6214DCED9B7FCCF0BAC737E22691A9EEA39A1058AD5A94281044BF0B96A4D744388CADFFA69F0640DF8E116,INJURY AND / OR TOW DUE TO CRASH,"OVER $1,500",NO CONTROLS,PARKED MOTOR VEHICLE,41.9082713137,"DARKNESS, LIGHTED ROAD",-87.7523809148,2,30,UNABLE TO DETERMINE,NO DEFECTS,DRY,NOT APPLICABLE,N,1516,NO CONTROLS,T-INTERSECTION,CLEAR,0.0,1.0,0.0,1.0,0.0,1.0,2,0,"[""Y""]","[""Y""]",[],"[""2025-10-05T01:30:00.000""]","[""2164072"", ""2164073""]","[""SIDE-LEFT-REAR"", ""SIDE-RIGHT""]","[""IL""]","[""NISSAN"", ""UNKNOWN""]","[""PARKED"", ""UNKNOWN/NA""]","[""OTHER (EXPLAIN IN NARRATIVE)"", ""ROGUE""]","[""0"", ""1""]","[""S""]","[""1"", ""2""]","[""DRIVER"", ""PARKED""]","[""NONE"", ""UNKNOWN""]","[""2062914"", ""2062916""]","[""PASSENGER"", ""UNKNOWN/NA""]","[""PERSONAL"", ""UNKNOWN/NA""]","[""2018""]","[""Y""]","[""Y""]",[],"[""private""]","[""Y""]","[""N"", ""Y""]",[],"[""Y""]",[],[],[],"[""Y""]",[],"[""Y""]",[],[],[],"[""DEPLOYMENT UNKNOWN""]","[""TEST NOT OFFERED""]",[],"[""2025-10-05T01:30:00.000""]","[""UNKNOWN""]","[""UNKNOWN""]",[],[],"[""NONE""]",[],"[""O2164072""]","[""DRIVER""]","[""UNKNOWN""]","[""USAGE UNKNOWN""]","[""X""]",[],"[""2062914""]",[],[],[],[],[],[],[],2025,10,1,5,True,night,41.91,-87.75,41.91_-87.75,0.0,0,0,OTHER,0
STRAIGHT AND LEVEL,231,2025-10-05 01:30:00,1,1,10,3EB10E3B13FF91F3D629B8055B1C4DBE77D4DB52BC6B33CFCC2F82328ACE82888247FD0C328D07A81D6947AB547959D0BD9B1E52A68E4AD85456F247D64B31CF,NO INJURY / DRIVE AWAY,$500 OR LESS,NO CONTROLS,OTHER OBJECT,41.7962353701,DARKNESS,-87.6207375305,1,10,NOT APPLICABLE,NO DEFECTS,DRY,NOT APPLICABLE,S,5409,NO CONTROLS,ALLEY,CLEAR,0.0,0.0,0.0,0.0,0.0,1.0,1,0,[],"[""Y""]",[],"[""2025-10-05T01:30:00.000""]","[""2163922""]","[""SIDE-LEFT-FRONT""]","[""IL""]","[""FORD""]","[""BACKING""]","[""EXPLORER""]","[""2""]","[""N""]","[""1""]","[""DRIVER""]","[""NONE""]","[""2062783""]","[""SPORT UTILITY VEHICLE (SUV)""]","[""POLICE""]","[""2023""]",[],[],[],[],[],[],[],[],[],[],"[""1""]",[],[],[],[],[],[],"[""NOT APPLICABLE""]","[""TEST NOT OFFERED""]","[""CHICAGO""]","[""2025-10-05T01:30:00.000""]","[""OTHER""]","[""NOT OBSCURED""]","[""D""]","[""IL""]","[""NONE""]",[],"[""O2163922"", ""P477569""]","[""DRIVER"", ""PASSENGER""]","[""NORMAL""]","[""SAFETY BELT USED""]","[""M""]","[""IL""]","[""2062783""]","[""60609""]",[],"[""3""]",[],[],[],[],2025,10,1,5,True,night,41.8,-87.62,41.8_-87.62,0.0,0,0,OTHER,0
STRAIGHT AND LEVEL,631,2025-10-05 01:30:00,1,1,10,2AAA7D8600F0B38003A80588236599FEF410E2FC5533DDDE4C7FDD8C9C3BC0B3A3F60653EE93848BEF67B48FF4F4C0A95694E6ECFF4B69A0A35477C34B94D149,NO INJURY / DRIVE AWAY,"OVER $1,500",NO CONTROLS,REAR TO FRONT,41.7487950526,"DARKNESS, LIGHTED ROAD",-87.6053163178,2,30,IMPROPER BACKING,NO DEFECTS,DRY,NOT APPLICABLE,S,8020,NO CONTROLS,NOT DIVIDED,CLEAR,0.0,1.0,0.0,0.0,0.0,1.0,1,1,"[""Y""]",[],"[""Y""]","[""2025-10-05T01:30:00.000""]","[""2163918"", ""2163919""]","[""FRONT"", ""UNKNOWN""]","[""IL""]","[""MERCEDES-BENZ"", ""RANGE ROVER OF NORTH AMERICA""]","[""BACKING"", ""STRAIGHT AHEAD""]","[""E320"", ""RANGE ROVER OF NORTH AMERICA""]","[""1""]","[""S"", ""UNKNOWN""]","[""1"", ""2""]","[""DRIVER""]","[""NONE""]","[""2062776"", ""2062791""]","[""PASSENGER""]","[""PERSONAL"", ""UNKNOWN/NA""]","[""2019""]",[],[],"[""Y""]",[],[],[],[],[],[],[],[],[],[],[],[],[],['27'],"[""DEPLOYMENT UNKNOWN"", ""NOT APPLICABLE""]","[""TEST NOT OFFERED""]","[""CHICAGO""]","[""2025-10-05T01:30:00.000""]","[""IMPROPER BACKING"", ""UNKNOWN""]","[""UNKNOWN""]",[],"[""IL""]","[""NONE""]",[],"[""O2163918"", ""O2163919""]","[""DRIVER""]","[""NORMAL"", ""UNKNOWN""]","[""SAFETY BELT USED"", ""USAGE UNKNOWN""]","[""F""]","[""IL""]","[""2062776"", ""2062791""]",[],[],[],[],[],[],[],2025,10,1,5,True,night,41.75,-87.61,41.75_-87.61,27.0,27,27,OTHER,0
STRAIGHT AND LEVEL,2223,2025-10-05 01:28:00,1,1,10,BFF322143DC2C3F6FECAA5352F73165C7DFFF13B8732EA3D48CCE00175E11A4EE0C55359B996ED428BD0D4EA847081C9AEA3C622845803EA1FD098EC78EEE0A1,INJURY AND / OR TOW DUE TO CRASH,"OVER $1,500",FUNCTIONING PROPERLY,FIXED OBJECT,41.735942014,DARKNESS,-87.6451541748,1,30,FOLLOWING TOO CLOSELY,NO DEFECTS,DRY,FOLLOWING TOO CLOSELY,W,839,TRAFFIC SIGNAL,DIVIDED - W/MEDIAN BARRIER,CLEAR,0.0,0.0,1.0,1.0,0.0,1.0,1,1,"[""Y""]",[],"[""Y""]","[""2025-10-05T01:28:00.000""]","[""2163935""]","[""FRONT""]","[""IL""]","[""DODGE""]","[""STRAIGHT AHEAD""]","[""JOURNEY""]","[""1""]","[""W""]","[""1""]","[""DRIVER""]","[""UNKNOWN""]","[""2062793""]","[""PASSENGER""]","[""PERSONAL""]","[""2020""]",[],[],"[""Y""]","[""PRIVATE TOW""]","[""Y""]",[],[],[],[],[],[],[],[],[],[],[],['40'],"[""DEPLOYED, FRONT""]","[""TEST NOT OFFERED""]","[""CHICAGO""]","[""2025-10-05T01:28:00.000""]","[""FOLLOWED TOO CLOSELY""]","[""UNKNOWN""]",[],"[""IL""]","[""NONE""]",[],"[""O2163935""]","[""DRIVER""]","[""NORMAL""]","[""USAGE UNKNOWN""]","[""M""]","[""IL""]","[""2062793""]","[""60652""]","[""CFD""]",[],[],[],[],[],2025,10,1,5,True,night,41.74,-87.65,41.74_-87.65,40.0,40,40,FOLLOWING TOO CLOSELY,0
STRAIGHT AND LEVEL,724,2025-10-05 01:00:00,1,1,10,5E74AE47D34E1F6C8421F4FEA3ECE064B8CF05D2BE6EAB0AAB7954D9355BFEE97A83A444D5192F7DBD269A7C240A99290B70A633D2B4ACC4CCE998EBA1C5AD30,NO INJURY / DRIVE AWAY,"OVER $1,500",OTHER,ANGLE,41.7776977974,DARKNESS,-87.6545943507,2,30,FAILING TO YIELD RIGHT-OF-WAY,NO DEFECTS,DRY,FAILING TO YIELD RIGHT-OF-WAY,S,6400,STOP SIGN/FLASHER,NOT DIVIDED,CLEAR,0.0,0.0,0.0,0.0,0.0,1.0,1,2,[],[],"[""Y""]","[""2025-10-05T01:00:00.000""]","[""2163914"", ""2163915""]","[""FRONT""]","[""IL""]","[""CHEVROLET"", ""DODGE""]","[""STRAIGHT AHEAD""]","[""DURANGO"", ""MALIBU""]","[""1"", ""2""]","[""E"", ""S""]","[""1"", ""2""]","[""DRIVER""]","[""NONE""]","[""2062777"", ""2062779""]","[""PASSENGER""]","[""PERSONAL""]","[""2011"", ""2017""]",[],[],"[""Y""]",[],[],[],[],[],"[""Y""]",[],"[""1""]",[],[],[],[],[],"['22', '27']","[""DEPLOYED, FRONT"", ""DID NOT DEPLOY"", ""NOT APPLICABLE""]","[""TEST NOT OFFERED""]","[""CHICAGO"", ""DOLTON""]","[""2025-10-05T01:00:00.000""]","[""FAILED TO YIELD""]","[""NOT OBSCURED""]","[""D""]","[""IL""]","[""NONE""]",[],"[""O2163914"", ""O2163915"", ""P477568""]","[""DRIVER"", ""PASSENGER""]","[""NORMAL""]","[""NONE PRESENT"", ""SAFETY BELT USED""]","[""F""]","[""IL""]","[""2062777"", ""2062779""]","[""60419"", ""60620"", ""60649""]",[],"[""3""]",[],[],[],[],2025,10,1,5,True,night,41.78,-87.65,41.78_-87.65,24.5,22,27,FAILURE-TO-YIELD,0
STRAIGHT AND LEVEL,823,2025-10-05 01:00:00,1,1,10,D9B0F6601792FE455FCC6C6656AB41A0EC2807BCED101B3C70AC78609141D24864912B93A1A20CA747E7BF75EDFB5239AB312D7D9EF409A6FB08ECBC543C826F,INJURY AND / OR TOW DUE TO CRASH,"$501 - $1,500",NO CONTROLS,PARKED MOTOR VEHICLE,41.7801289805,UNKNOWN,-87.7126377348,2,30,UNABLE TO DETERMINE,NO DEFECTS,DRY,NOT APPLICABLE,S,6215,NO CONTROLS,ONE-WAY,CLEAR,0.0,1.0,0.0,1.0,0.0,1.0,2,0,[],[],[],"[""2025-10-05T01:00:00.000""]","[""2164060"", ""2164061""]","[""FRONT-LEFT-CORNER"", ""SIDE-RIGHT""]","[""IL"", ""WI""]","[""NISSAN"", ""TOYOTA""]","[""PARKED"", ""STRAIGHT AHEAD""]","[""HIGHLANDER"", ""MAXIMA""]","[""0"", ""1""]","[""S""]","[""1"", ""2""]","[""DRIVER"", ""PARKED""]","[""NONE""]","[""2062903"", ""2062905""]","[""PASSENGER""]","[""NOT IN USE"", ""PERSONAL""]","[""2009"", ""2011""]","[""Y""]","[""Y""]","[""Y""]","[""CPD""]","[""Y""]",[],[],[],"[""Y""]",[],[],[],[],[],[],"[""DOTY ROAD""]",[],"[""DEPLOYMENT UNKNOWN""]","[""TEST NOT OFFERED""]",[],"[""2025-10-05T01:00:00.000""]","[""UNKNOWN""]","[""UNKNOWN""]",[],[],"[""NONE""]",[],"[""O2164060""]","[""DRIVER""]","[""UNKNOWN""]","[""USAGE UNKNOWN""]","[""F""]",[],"[""2062903""]",[],[],[],[],[],[],[],2025,10,1,5,True,night,41.78,-87.71,41.78_-87.71,0.0,0,0,OTHER,0
STRAIGHT AND LEVEL,511,2025-10-05 01:00:00,1,1,10,9479F36B6C0F2B5811BC26F7F1BAC2E333F2C80645FF9AF1B76BF75F9EB1C19CF9E7F15F33AF00134B6AC401FED678D601BE419B004A87D4C44951678C8635A5,NO INJURY / DRIVE AWAY,"OVER $1,500",FUNCTIONING PROPERLY,REAR END,41.7216886888,DARKNESS,-87.6207334604,2,30,UNABLE TO DETERMINE,NO DEFECTS,DRY,UNABLE TO DETERMINE,S,9500,TRAFFIC SIGNAL,NOT DIVIDED,CLEAR,0.0,0.0,0.0,0.0,0.0,1.0,1,1,"[""Y""]",[],"[""Y""]","[""2025-10-05T01:00:00.000""]","[""2164027"", ""2164028""]","[""FRONT"", ""REAR""]","[""IL""]","[""HYUNDAI"", ""JEEP""]","[""SLOW/STOP IN TRAFFIC"", ""STRAIGHT AHEAD""]","[""CHEROKEE"", ""ELANTRA""]","[""1""]","[""E""]","[""1"", ""2""]","[""DRIVER""]","[""NONE"", ""UNKNOWN""]","[""2062877"", ""2062883""]","[""PASSENGER""]","[""PERSONAL""]","[""2012""]",[],[],"[""Y""]",[],[],"[""Y""]",[],[],[],[],[],[],[],"[""Y""]","[""Y""]",[],['24'],"[""DEPLOYMENT UNKNOWN"", ""DID NOT DEPLOY""]","[""TEST NOT OFFERED""]","[""CHICAGO""]","[""2025-10-05T01:00:00.000""]","[""FOLLOWED TOO CLOSELY"", ""OTHER""]","[""NOT OBSCURED"", ""UNKNOWN""]","[""D""]","[""IL""]","[""NONE""]",[],"[""O2164027"", ""O2164028""]","[""DRIVER""]","[""NORMAL"", ""UNKNOWN""]","[""SAFETY BELT USED"", ""USAGE UNKNOWN""]","[""F"", ""X""]","[""IL""]","[""2062877"", ""2062883""]","[""60637""]",[],[],[],[],[],[],2025,10,1,5,True,night,41.72,-87.62,41.72_-87.62,24.0,24,24,OTHER,0
STRAIGHT AND LEVEL,1812,2025-10-05 00:40:00,1,0,10,C456A2DE05809AD012B3160ADE8FB0934BDC0643156D6D8960AD43EEBD39758D22B9E8145E9B1A347AAF2EDC3B456894DA1EA87CA2A483A5450B38F672C75346,NO INJURY / DRIVE AWAY,"OVER $1,500",FUNCTIONING PROPERLY,HEAD ON,41.9253432955,"DARKNESS, LIGHTED ROAD",-87.648818374,2,30,DISTRACTION - FROM INSIDE VEHICLE,NO DEFECTS,DRY,NOT APPLICABLE,W,801,TRAFFIC SIGNAL,"FIVE POINT, OR MORE",CLEAR,0.0,0.0,0.0,0.0,0.0,1.0,1,2,[],[],[],"[""2025-10-05T00:40:00.000""]","[""2163966"", ""2163967""]","[""FRONT-LEFT-CORNER""]","[""IL""]","[""TOYOTA""]","[""STRAIGHT AHEAD""]","[""HIGHLANDER"", ""OTHER (EXPLAIN IN NARRATIVE)""]","[""1""]","[""E"", ""W""]","[""1"", ""2""]","[""DRIVER""]","[""NONE""]","[""2062818"", ""2062822""]","[""PASSENGER""]","[""PERSONAL""]","[""2010"", ""2021""]",[],"[""Y""]","[""Y""]",[],[],[],[],[],"[""Y""]",[],[],[],[],"[""Y""]","[""Y""]",[],"['30', '31']","[""DID NOT DEPLOY""]","[""TEST NOT OFFERED""]","[""CHICAGO""]","[""2025-10-05T00:40:00.000""]","[""FAILED TO YIELD"", ""NONE""]","[""NOT OBSCURED""]",[],"[""IL""]","[""NONE""]",[],"[""O2163966"", ""O2163967""]","[""DRIVER""]","[""NORMAL""]","[""SAFETY BELT USED""]","[""F"", ""M""]","[""IL""]","[""2062818"", ""2062822""]","[""60618"", ""60656""]",[],[],[],[],[],[],2025,10,0,5,True,afternoon,41.93,-87.65,41.93_-87.65,30.5,30,31,DISTRACTION/INATTENTION,0
STRAIGHT AND LEVEL,215,2025-10-05 00:36:00,1,0,10,904C650A436403162755A8F984109DA1A30EBDFAB1E37ECBEDA8FECC8E7AD2CFAE679C27FB727E3F948C75AC4B544F81CE11F3FE3EAB065C7D58A8C9A2AEBF5D,INJURY AND / OR TOW DUE TO CRASH,"OVER $1,500",FUNCTIONING PROPERLY,ANGLE,41.8164207116,"DARKNESS, LIGHTED ROAD",-87.6247989604,2,30,DISREGARDING TRAFFIC SIGNALS,UNKNOWN,DRY,DISREGARDING TRAFFIC SIGNALS,S,4300,TRAFFIC SIGNAL,FOUR WAY,CLEAR,0.0,0.0,1.0,0.0,0.0,1.0,1,6,"[""Y""]",[],"[""Y""]","[""2025-10-05T00:36:00.000""]","[""2178519"", ""2178520""]","[""FRONT"", ""SIDE-LEFT-FRONT""]","[""IL""]","[""DODGE"", ""FORD""]","[""STRAIGHT AHEAD""]","[""DURANGO"", ""ESCAPE""]","[""1"", ""5""]","[""E"", ""S""]","[""1"", ""2""]","[""DRIVER""]","[""UNKNOWN""]","[""2076632"", ""2076633""]","[""PASSENGER""]","[""PERSONAL""]","[""2014"", ""2018""]",[],[],"[""Y""]","[""PERSONAL""]","[""Y""]",[],[],"[""Y""]","[""Y""]",[],"[""4""]","[""Y""]",[],[],[],"[""TOW""]","['13', '14', '19', '33', '41', '8']","[""DEPLOYED, COMBINATION"", ""DEPLOYED, SIDE"", ""NOT APPLICABLE""]","[""TEST NOT OFFERED""]","[""BATON ROUGE"", ""CHICAGO""]","[""2025-10-05T00:36:00.000""]","[""DISREGARDED CONTROL DEVICES"", ""NONE""]","[""UNKNOWN""]","[""D"", ""E""]","[""IL"", ""LA""]","[""NONE""]","[""COMER"", ""UNIVERSITY OF CHICAGGO""]","[""O2178519"", ""O2178520"", ""P480565"", ""P480566"", ""P480567"", ""P480568""]","[""DRIVER"", ""PASSENGER""]","[""NORMAL""]","[""SAFETY BELT USED"", ""USAGE UNKNOWN""]","[""F"", ""M""]","[""IL"", ""LA""]","[""2076632"", ""2076633""]","[""60636"", ""60653"", ""70806""]","[""CFD""]","[""3"", ""4"", ""5"", ""6""]",[],[],[],"[""35""]",2025,10,0,5,True,afternoon,41.82,-87.62,41.82_-87.62,21.333333333333332,8,41,OTHER,1
STRAIGHT AND LEVEL,831,2025-10-05 00:19:00,1,0,10,38BDEC674D292DC906269EB622B0B2ABE66AD1F1E28D80AEEB757DD0A35791FE8981FDA5AD0A94ADD82FAC8731F1AEF8307544B8E34B415679B76606FF7974CC,INJURY AND / OR TOW DUE TO CRASH,"OVER $1,500",FUNCTIONING PROPERLY,PARKED MOTOR VEHICLE,41.7716144717,"DARKNESS, LIGHTED ROAD",-87.6994282976,3,30,DISREGARDING STOP SIGN,NO DEFECTS,DRY,FAILING TO REDUCE SPEED TO AVOID CRASH,W,3035,STOP SIGN/FLASHER,NOT DIVIDED,CLEAR,0.0,1.0,0.0,0.0,0.0,1.0,2,3,[],[],[],"[""2025-10-05T00:19:00.000""]","[""2164950"", ""2164951"", ""2164954""]","[""FRONT-LEFT-CORNER"", ""SIDE-LEFT""]","[""IL""]","[""DODGE"", ""HYUNDAI"", ""TOYOTA""]","[""DRIVING WRONG WAY"", ""PARKED"", ""STRAIGHT AHEAD""]","[""CAMRY"", ""CHARGER"", ""SONATA""]","[""0"", ""1"", ""2""]","[""E"", ""W""]","[""1"", ""2"", ""3""]","[""DRIVER"", ""PARKED""]","[""NONE""]","[""2063743"", ""2063744"", ""2063750""]","[""PASSENGER""]","[""PERSONAL"", ""UNKNOWN/NA""]","[""2005"", ""2021"", ""2022""]",[],[],"[""Y""]","[""CPD""]","[""Y""]",[],[],"[""Y""]","[""Y""]",[],"[""1""]","[""Y""]",[],[],[],"[""103 DOTY RD""]","['20', '22', '52']","[""DID NOT DEPLOY"", ""NOT APPLICABLE""]","[""TEST NOT OFFERED""]","[""CHICAGO""]","[""2025-10-05T00:19:00.000""]","[""DISREGARDED CONTROL DEVICES"", ""NONE""]","[""NOT OBSCURED""]","[""D""]","[""IL""]","[""NONE""]",[],"[""O2164950"", ""O2164954"", ""P477769""]","[""DRIVER"", ""PASSENGER""]","[""NORMAL""]","[""SAFETY BELT USED"", ""USAGE UNKNOWN""]","[""F"", ""M""]","[""IL""]","[""2063743"", ""2063750""]","[""60629"", ""60652""]",[],"[""3""]",[],[],[],[],2025,10,0,5,True,afternoon,41.77,-87.7,41.77_-87.7,31.333333333333332,20,52,OTHER,0