alignment,beat_of_occurrence,crash_date,crash_day_of_week,crash_hour,crash_month,crash_record_id,crash_type,damage,device_condition,first_crash_type,latitude,lighting_condition,longitude,num_units,posted_speed_limit,prim_contributory_cause,road_defect,roadway_surface_cond,sec_contributory_cause,street_direction,street_no,traffic_control_device,trafficway_type,weather_condition,private_property_i,hit_and_run_i,intersection_related_i,crash_date_est_i,work_zone_i,workers_present_i,veh_count,ppl_count,veh_area_01_i_list_json,veh_area_02_i_list_json,veh_area_12_i_list_json,veh_crash_date_list_json,veh_crash_unit_id_list_json,veh_first_contact_point_list_json,veh_lic_plate_state_list_json,veh_make_list_json,veh_maneuver_list_json,veh_model_list_json,veh_occupant_cnt_list_json,veh_travel_direction_list_json,veh_unit_no_list_json,veh_unit_type_list_json,veh_vehicle_defect_list_json,veh_vehicle_id_list_json,veh_vehicle_type_list_json,veh_vehicle_use_list_json,veh_vehicle_year_list_json,veh_area_03_i_list_json,veh_area_04_i_list_json,veh_area_11_i_list_json,veh_towed_by_list_json,veh_towed_i_list_json,veh_area_07_i_list_json,veh_area_99_i_list_json,veh_area_09_i_list_json,veh_area_10_i_list_json,veh_cmrc_veh_i_list_json,veh_num_passengers_list_json,veh_area_08_i_list_json,veh_area_00_i_list_json,veh_area_05_i_list_json,veh_area_06_i_list_json,veh_towed_to_list_json,ppl_age_list_json,ppl_airbag_deployed_list_json,ppl_bac_result_list_json,ppl_city_list_json,ppl_crash_date_list_json,ppl_driver_action_list_json,ppl_driver_vision_list_json,ppl_drivers_license_class_list_json,ppl_drivers_license_state_list_json,ppl_ejection_list_json,ppl_hospital_list_json,ppl_person_id_list_json,ppl_person_type_list_json,ppl_physical_condition_list_json,ppl_safety_equipment_list_json,ppl_sex_list_json,ppl_state_list_json,ppl_vehicle_id_list_json,ppl_zipcode_list_json,ppl_ems_agency_list_json,ppl_seat_no_list_json,ppl_pedpedal_action_list_json,ppl_pedpedal_location_list_json,ppl_pedpedal_visibility_list_json,ppl_ems_run_no_list_json,year,month,hour,day,is_weekend,hour_bin,lat_bin,lng_bin,grid_id,ppl_age_mean,ppl_age_min,ppl_age_max,prim_contributory_cause_group,ksi_flag
STRAIGHT AND LEVEL,2524,2025-10-05 00:18:00,1,0,10,27BC86CEF6476F34BD45C7AA8638250A764249C21A9DB8CAF36742D3F41B24304ABED6E4F532FAD5F27D2499F412637F416F9252B32954A8173B1ADFDD50416A,INJURY AND / OR TOW DUE TO CRASH,"OVER $1,500",FUNCTIONING PROPERLY,PARKED MOTOR VEHICLE,41.9317421236,"DARKNESS, LIGHTED ROAD",-87.7220240935,4,30,UNABLE TO DETERMINE,NO DEFECTS,DRY,UNABLE TO DETERMINE,W,3759,TRAFFIC SIGNAL,FOUR WAY,CLEAR,0.0,0.0,1.0,0.0,0.0,1.0,2,1,"[""Y""]","[""Y""]","[""Y""]","[""2025-10-05T00:18:00.000""]","[""2163931"", ""2163932"", ""2163933"", ""2163934""]","[""FRONT"", ""REAR""]","[""AR"", ""IL""]","[""CHEVROLET"", ""FORD"", ""INFINITI"", ""VOLKSWAGEN""]","[""PARKED"", ""PASSING/OVERTAKING""]","[""EQUINOX"", ""F150"", ""G37"", ""OTHER (EXPLAIN IN NARRATIVE)""]","[""0"", ""3""]","[""E""]","[""1"", ""2"", ""3"", ""4""]","[""DRIVER"", ""PARKED""]","[""NONE""]","[""2062794"", ""2062796"", ""2062797"", ""2062799""]","[""PASSENGER"", ""PICKUP"", ""SPORT UTILITY VEHICLE (SUV)""]","[""PERSONAL"", ""UNKNOWN/NA""]","[""1998"", ""2011"", ""2016"", ""2024""]",[],"[""Y""]","[""Y""]","[""STREETS & SANITATION""]","[""Y""]","[""Y""]",[],[],"[""Y""]",[],"[""2""]","[""Y""]",[],"[""Y""]","[""Y""]",[],['19'],"[""DEPLOYED, FRONT"", ""NOT APPLICABLE""]","[""TEST NOT OFFERED""]","[""CHICAGO""]","[""2025-10-05T00:18:00.000""]","[""OTHER""]","[""NOT OBSCURED""]",[],"[""XX""]","[""NONE""]",[],"[""O2163931"", ""P477575"", ""P477576""]","[""DRIVER"", ""PASSENGER""]","[""UNKNOWN""]","[""USAGE UNKNOWN""]","[""M""]","[""IL""]","[""2062794""]","[""60645""]",[],"[""3"", ""4""]",[],[],[],[],2025,10,0,5,True,afternoon,41.93,-87.72,41.93_-87.72,19.0,19,19,OTHER,0
STRAIGHT AND LEVEL,2022,2025-10-05 00:12:00,1,0,10,5873D144E019E00A0AF6B6CA8054CC5B016D46E5A50FD1BF58FA4CD0FE5747762550A6EE708886C7353B735B42F3EBA3FD0B7B5C41747DA945AD38A878BF2BDE,NO INJURY / DRIVE AWAY,"OVER $1,500",FUNCTIONING PROPERLY,SIDESWIPE SAME DIRECTION,41.9856497986,"DARKNESS, LIGHTED ROAD",-87.6553358066,2,35,IMPROPER TURNING/NO SIGNAL,NO DEFECTS,DRY,UNABLE TO DETERMINE,W,1000,TRAFFIC SIGNAL,NOT DIVIDED,CLEAR,0.0,1.0,0.0,0.0,0.0,1.0,1,1,[],[],[],"[""2025-10-05T00:12:00.000""]","[""2164134"", ""2164135""]","[""FRONT-LEFT-CORNER"", ""UNKNOWN""]","[""IL""]","[""NISSAN"", ""UNKNOWN""]","[""STRAIGHT AHEAD"", ""UNKNOWN/NA""]","[""MOTORIZED"", ""SENTRA""]","[""1""]","[""W""]","[""1"", ""2""]","[""DRIVER""]","[""UNKNOWN""]","[""2062966"", ""2062967""]","[""PASSENGER"", ""UNKNOWN/NA""]","[""PERSONAL"", ""UNKNOWN/NA""]","[""2020""]",[],[],"[""Y""]",[],[],"[""Y""]","[""Y""]","[""Y""]","[""Y""]",[],[],"[""Y""]",[],[],[],[],['27'],"[""DEPLOYMENT UNKNOWN"", ""NOT APPLICABLE""]","[""TEST NOT OFFERED""]","[""CHICAGO""]","[""2025-10-05T00:12:00.000""]","[""IMPROPER LANE CHANGE"", ""UNKNOWN""]","[""NOT OBSCURED"", ""UNKNOWN""]","[""D""]","[""IL"", ""XX""]","[""NONE""]",[],"[""O2164134"", ""O2164135""]","[""DRIVER""]","[""NORMAL"", ""UNKNOWN""]","[""SAFETY BELT USED"", ""USAGE UNKNOWN""]","[""F"", ""X""]","[""IL""]","[""2062966"", ""2062967""]","[""60625""]",[],[],[],[],[],[],2025,10,0,5,True,afternoon,41.99,-87.66,41.99_-87.66,27.0,27,27,OTHER,0
STRAIGHT AND LEVEL,223,2025-10-05 00:05:00,1,0,10,1E38E08260D5F2A94D3C6D979166A1D57B2C7167B5A03CFEF669E2D3CA69FAF96A9E213CF350D6467C549A4678C527AF9CC5AE8B833E4D7EC7375F477180EE0A,INJURY AND / OR TOW DUE TO CRASH,"OVER $1,500",FUNCTIONING PROPERLY,REAR END,41.8094854275,DARKNESS,-87.6067108184,2,25,FOLLOWING TOO CLOSELY,NO DEFECTS,DRY,NOT APPLICABLE,S,4700,TRAFFIC SIGNAL,FOUR WAY,CLEAR,0.0,0.0,1.0,0.0,0.0,1.0,1,2,[],[],"[""Y""]","[""2025-10-05T00:05:00.000""]","[""2163892"", ""2163893""]","[""FRONT"", ""REAR""]","[""IL""]","[""JEEP"", ""NISSAN""]","[""STRAIGHT AHEAD""]","[""ALTIMA"", ""RENEGADE""]","[""2""]","[""S""]","[""1"", ""2""]","[""DRIVER""]","[""NONE""]","[""2062757"", ""2062766""]","[""PASSENGER""]","[""PERSONAL""]","[""2018"", ""2019""]",[],[],"[""Y""]",[],"[""Y""]",[],[],[],[],[],"[""1""]",[],[],"[""N""]","[""Y""]",[],"['16', '17']","[""DEPLOYED, FRONT"", ""NOT APPLICABLE""]","[""TEST NOT OFFERED""]","[""CHICAGO"", ""OAK PARK""]","[""2025-10-05T00:05:00.000""]","[""FOLLOWED TOO CLOSELY"", ""NONE""]","[""NOT OBSCURED""]","[""D""]","[""IL""]","[""NONE""]",[],"[""O2163892"", ""O2163893"", ""P477561"", ""P477564""]","[""DRIVER"", ""PASSENGER""]","[""NORMAL""]","[""NONE PRESENT"", ""SAFETY BELT USED""]","[""F"", ""M""]","[""IL""]","[""2062757"", ""2062766""]","[""60653""]",[],"[""3""]",[],[],[],[],2025,10,0,5,True,afternoon,41.81,-87.61,41.81_-87.61,16.5,16,17,FOLLOWING TOO CLOSELY,0
STRAIGHT AND LEVEL,824,2025-10-05 00:04:00,1,0,10,4D9BE1492E53450D4D29FA70CBD291F0399047CF6B12BEC653BA65F3C8863957F5AB8E9C3C57C6C4034023716552A6DB1544D13C527BC30DAD620AD37212432C,NO INJURY / DRIVE AWAY,"OVER $1,500",NO CONTROLS,TURNING,41.7862223254,DARKNESS,-87.6982381309,2,30,FAILING TO YIELD RIGHT-OF-WAY,NO DEFECTS,DRY,NOT APPLICABLE,W,2955,NO CONTROLS,NOT DIVIDED,CLEAR,0.0,1.0,0.0,0.0,0.0,1.0,1,1,"[""Y""]",[],"[""Y""]","[""2025-10-05T00:04:00.000""]","[""2163884"", ""2163885""]","[""FRONT-LEFT-CORNER"", ""UNKNOWN""]","[""IL"", ""XX""]","[""HYUNDAI"", ""UNKNOWN""]","[""STRAIGHT AHEAD"", ""TURNING LEFT""]","[""ELANTRA"", ""OTHER (EXPLAIN IN NARRATIVE)""]","[""1""]","[""E""]","[""1"", ""2""]","[""DRIVER""]","[""NONE"", ""UNKNOWN""]","[""2062747"", ""2062749""]","[""MOTORCYCLE (OVER 150CC)"", ""PASSENGER""]","[""PERSONAL"", ""UNKNOWN/NA""]","[""2013""]",[],[],[],[],[],[],"[""Y""]",[],[],[],[],[],[],[],[],[],['25'],"[""DEPLOYMENT UNKNOWN"", ""NOT APPLICABLE""]","[""TEST NOT OFFERED""]","[""CHICAGO"", ""UNKNOWN""]","[""2025-10-05T00:04:00.000""]","[""NONE"", ""UNKNOWN""]","[""NOT OBSCURED"", ""UNKNOWN""]","[""D""]","[""IL"", ""XX""]","[""NONE""]",[],"[""O2163884"", ""O2163885""]","[""DRIVER""]","[""NORMAL"", ""UNKNOWN""]","[""NONE PRESENT"", ""NOT DOT COMPLIANT MOTORCYCLE HELMET""]","[""F"", ""M""]","[""IL"", ""XX""]","[""2062747"", ""2062749""]","[""60632""]",[],[],[],[],[],[],2025,10,0,5,True,afternoon,41.79,-87.7,41.79_-87.7,25.0,25,25,FAILURE-TO-YIELD,0
STRAIGHT AND LEVEL,511,2025-10-05 00:00:00,1,0,10,A12BCA9AFD8D1DB3DC143C759D62341EEDEE4F4CFB31A2F5F9D94CD8921DC3F2A5F1672F6569E7C0E69A4F708CF78ED12C750E1E8D9D3A16ADC12C227F5032F4,NO INJURY / DRIVE AWAY,"OVER $1,500",NO CONTROLS,FIXED OBJECT,41.7199568608,UNKNOWN,-87.6154517616,2,30,UNABLE TO DETERMINE,NO DEFECTS,DRY,NOT APPLICABLE,S,9600,NO CONTROLS,NOT DIVIDED,CLEAR,0.0,1.0,0.0,0.0,0.0,1.0,1,0,[],[],[],"[""2025-10-05T00:00:00.000""]","[""2164025"", ""2164026""]","[""UNKNOWN""]",[],"[""UNKNOWN""]","[""UNKNOWN/NA""]","[""OTHER (EXPLAIN IN NARRATIVE)""]","[""1""]","[""UNKNOWN""]","[""1""]","[""DRIVER""]","[""UNKNOWN""]","[""2062875""]","[""UNKNOWN/NA""]","[""UNKNOWN/NA""]",[],[],[],[],[],[],[],"[""Y""]",[],[],[],[],[],[],[],[],[],[],"[""DEPLOYMENT UNKNOWN""]","[""TEST NOT OFFERED""]",[],"[""2025-10-05T00:00:00.000""]","[""UNKNOWN""]","[""UNKNOWN""]",[],[],"[""NONE""]",[],"[""O2164026""]","[""DRIVER""]","[""UNKNOWN""]","[""USAGE UNKNOWN""]","[""X""]",[],"[""2062875""]",[],[],[],[],[],[],[],2025,10,0,5,True,afternoon,41.72,-87.62,41.72_-87.62,0.0,0,0,OTHER,0
STRAIGHT AND LEVEL,1133,2025-10-04 23:57:00,7,23,10,43AC8D06FE24B43630033593780993B56D138B1CE6C4C8A81C8CB57AA2F44D0CB74DBAB578A8B59FD31BEECC7F315A31F4EEE1F4CCCEC1D890A0C1C30D674D5E,INJURY AND / OR TOW DUE TO CRASH,"OVER $1,500",NO CONTROLS,FIXED OBJECT,41.8734142217,"DARKNESS, LIGHTED ROAD",-87.717969801,1,35,NOT APPLICABLE,UNKNOWN,DRY,NOT APPLICABLE,W,3699,NO CONTROLS,OTHER,CLEAR,0.0,0.0,0.0,0.0,0.0,1.0,1,2,"[""Y""]","[""Y""]","[""Y""]","[""2025-10-04T23:57:00.000""]","[""2163895""]","[""FRONT""]","[""IL""]","[""VOLKSWAGEN""]","[""AVOIDING VEHICLES/OBJECTS""]","[""OTHER (EXPLAIN IN NARRATIVE)""]","[""3""]","[""E""]","[""1""]","[""DRIVER""]","[""UNKNOWN""]","[""2062755""]","[""PASSENGER""]","[""UNKNOWN/NA""]","[""2016""]",[],[],"[""Y""]","[""CITY OF CHICAGO SS#066315""]","[""Y""]",[],"[""Y""]",[],"[""Y""]",[],"[""2""]",[],"[""N""]",[],[],"[""POUND 6""]","['28', '9']","[""DEPLOYED, COMBINATION""]","[""TEST NOT OFFERED""]","[""CHICAGO""]","[""2025-10-04T23:57:00.000""]","[""UNKNOWN""]","[""UNKNOWN""]",[],"[""IL""]","[""UNKNOWN""]","[""STROGER"", ""STROGER HOSPITAL""]","[""O2163895"", ""P477562"", ""P477563""]","[""DRIVER"", ""PASSENGER""]","[""NORMAL""]","[""USAGE UNKNOWN""]","[""F"", ""M""]","[""IL""]","[""2062755""]","[""60619""]",[],"[""3"", ""4""]",[],[],[],[],2025,10,23,4,True,evening,41.87,-87.72,41.87_-87.72,18.5,9,28,OTHER,1
STRAIGHT AND LEVEL,1925,2025-10-04 23:50:00,7,23,10,08A53F2F8ED3637FA1D4942F0F248922AFCEB711B9D7191E55F5C0C511C1EEC7D822C3E1652C61AEC445D1AE86FBC72257610212C7B41B7C530FE4A69E8D4EE9,NO INJURY / DRIVE AWAY,"OVER $1,500",NO CONTROLS,SIDESWIPE SAME DIRECTION,41.9544939556,"DARKNESS, LIGHTED ROAD",-87.6472443312,2,30,IMPROPER OVERTAKING/PASSING,UNKNOWN,UNKNOWN,IMPROPER OVERTAKING/PASSING,W,655,NO CONTROLS,ONE-WAY,CLEAR,0.0,0.0,0.0,0.0,0.0,1.0,1,2,[],[],[],"[""2025-10-04T23:50:00.000""]","[""2163911"", ""2163912""]","[""REAR-LEFT-CORNER"", ""SIDE-RIGHT-REAR""]","[""IL""]","[""FORD"", ""TOYOTA""]","[""PASSING/OVERTAKING"", ""STRAIGHT AHEAD""]","[""COROLLA"", ""OTHER (EXPLAIN IN NARRATIVE)""]","[""1"", ""3""]","[""W""]","[""1"", ""2""]","[""DRIVER""]","[""UNKNOWN""]","[""2062771"", ""2062773""]","[""BUS UP TO 15 PASS."", ""PASSENGER""]","[""OTHER"", ""UNKNOWN/NA""]","[""2010"", ""2020""]","[""Y""]","[""Y""]",[],[],[],"[""Y""]",[],[],[],"[""N""]","[""2""]",[],[],[],[],[],"['31', '36']","[""DID NOT DEPLOY""]","[""TEST NOT OFFERED""]","[""CHICAGO""]","[""2025-10-04T23:50:00.000""]","[""IMPROPER PASSING"", ""NONE""]","[""UNKNOWN""]","[""D""]","[""IL""]","[""NONE""]",[],"[""O2163911"", ""O2163912"", ""P477565"", ""P477566""]","[""DRIVER"", ""PASSENGER""]","[""NORMAL"", ""UNKNOWN""]","[""USAGE UNKNOWN"", ""WHEELCHAIR""]","[""F"", ""M""]","[""IL""]","[""2062771"", ""2062773""]","[""60629"", ""60630""]",[],"[""10"", ""4""]",[],[],[],[],2025,10,23,4,True,evening,41.95,-87.65,41.95_-87.65,33.5,31,36,OTHER,0
STRAIGHT AND LEVEL,432,2025-10-04 23:35:00,7,23,10,026020DE8B8D60B0561199E53D9E136C36AC826E3E86442AA4102D0A329E55F32C11779BD9C85D6949370514BBD4F21A690894C65380914DBEE782763F72DC6E,NO INJURY / DRIVE AWAY,"OVER $1,500",FUNCTIONING PROPERLY,REAR END,41.7157227021,DARKNESS,-87.5354229376,3,30,UNABLE TO DETERMINE,NO DEFECTS,DRY,NOT APPLICABLE,S,9900,TRAFFIC SIGNAL,FOUR WAY,CLEAR,0.0,1.0,0.0,0.0,0.0,1.0,1,2,"[""Y""]",[],"[""Y""]","[""2025-10-04T23:35:00.000""]","[""2163906"", ""2163907"", ""2163908""]","[""FRONT"", ""REAR""]","[""IL"", ""IN""]","[""CHEVROLET"", ""HYUNDAI""]","[""STRAIGHT AHEAD""]","[""OTHER (EXPLAIN IN NARRATIVE)"", ""TRAVERSE""]","[""1""]","[""N""]","[""1"", ""2"", ""3""]","[""DRIVER""]","[""NONE"", ""UNKNOWN""]","[""2062763"", ""2062768"", ""2062772""]","[""PASSENGER""]","[""PERSONAL""]","[""2011"", ""2017"", ""2019""]",[],[],"[""Y""]",[],[],"[""Y""]",[],[],[],[],[],[],[],"[""Y""]","[""Y""]",[],"['30', '41']","[""DEPLOYMENT UNKNOWN"", ""DID NOT DEPLOY""]","[""TEST NOT OFFERED""]","[""CHICAGO"", ""HAMMOND""]","[""2025-10-04T23:35:00.000""]","[""UNKNOWN""]","[""UNKNOWN""]","[""D""]","[""IL"", ""IN""]","[""NONE"", ""UNKNOWN""]",[],"[""O2163906"", ""O2163907"", ""O2163908""]","[""DRIVER""]","[""UNKNOWN""]","[""USAGE UNKNOWN""]","[""F"", ""M""]","[""IL"", ""IN""]","[""2062763"", ""2062768"", ""2062772""]","[""46324"", ""60624""]",[],[],[],[],[],[],2025,10,23,4,True,evening,41.72,-87.54,41.72_-87.54,35.5,30,41,OTHER,0
STRAIGHT AND LEVEL,423,2025-10-04 23:32:00,7,23,10,6C00B5E0C48455A1161909E97DDCAE1F439810DB4FF9ACFB97D9FF5327403240A5CDF3D8431588CD0CF1B388F63B469D9D2258520E9AFBF8D951A75440C0A29E,INJURY AND / OR TOW DUE TO CRASH,"OVER $1,500",NO CONTROLS,PARKED MOTOR VEHICLE,41.7355771473,"DARKNESS, LIGHTED ROAD",-87.5570711688,4,20,NOT APPLICABLE,UNKNOWN,DRY,NOT APPLICABLE,S,8798,NO CONTROLS,ONE-WAY,CLEAR,0.0,1.0,0.0,0.0,0.0,1.0,2,0,"[""Y""]","[""Y""]","[""Y""]","[""2025-10-04T23:32:00.000""]","[""2163898"", ""2163899"", ""2163900"", ""2163901""]","[""FRONT"", ""REAR""]","[""IL""]","[""CHEVROLET"", ""FORD"", ""GENERAL MOTORS CORPORATION (GMC)"", ""KIA""]","[""PARKED"", ""STRAIGHT AHEAD"", ""UNKNOWN/NA""]","[""SEDONA"", ""TRANSIT"", ""TRUCK""]","[""0"", ""1""]","[""W""]","[""1"", ""2"", ""3"", ""4""]","[""DRIVER"", ""PARKED""]","[""UNKNOWN""]","[""2062760"", ""2062767"", ""2062774"", ""2062775""]","[""TRACTOR W/O SEMI-TRAILER"", ""TRUCK - SINGLE UNIT"", ""UNKNOWN/NA""]","[""NOT IN USE"", ""PERSONAL""]","[""1991"", ""1992"", ""2002"", ""2012""]",[],"[""Y""]","[""Y""]","[""OEMC""]","[""Y""]","[""Y""]",[],"[""Y""]","[""Y""]",[],[],"[""Y""]",[],"[""Y""]","[""Y""]","[""CITY POUND #2""]",[],"[""DEPLOYED, COMBINATION""]","[""TEST NOT OFFERED""]",[],"[""2025-10-04T23:32:00.000""]","[""UNKNOWN""]","[""UNKNOWN""]",[],[],"[""UNKNOWN""]",[],"[""O2163898""]","[""DRIVER""]","[""UNKNOWN""]","[""USAGE UNKNOWN""]","[""M""]",[],"[""2062760""]",[],[],[],[],[],[],[],2025,10,23,4,True,evening,41.74,-87.56,41.74_-87.56,0.0,0,0,OTHER,0
STRAIGHT AND LEVEL,1925,2025-10-04 23:30:00,7,23,10,6D0A5FEB2A4C94DEC28FC49FFFC7D956C9BCFBB0579034DEBCA1077FCE7C42B421520E2AAE5D6BB235272DA6189FD767EB370E1A0029D9F15ADB52FAB8F50763,INJURY AND / OR TOW DUE TO CRASH,$500 OR LESS,NO CONTROLS,PEDESTRIAN,41.9454177043,DUSK,-87.6492811425,2,30,NOT APPLICABLE,NO DEFECTS,DRY,NOT APPLICABLE,N,3459,STOP SIGN/FLASHER,FOUR WAY,CLEAR,0.0,0.0,0.0,0.0,0.0,1.0,2,2,[],[],[],"[""2025-10-04T23:30:00.000""]","[""2163968"", ""2163969""]","[""SIDE-RIGHT""]","[""IL""]","[""TOYOTA""]","[""STRAIGHT AHEAD""]","[""CARINA""]","[""5""]","[""N""]","[""1"", ""2""]","[""DRIVER"", ""PEDESTRIAN""]","[""UNKNOWN""]","[""2062826""]","[""PASSENGER""]","[""PERSONAL""]","[""2014""]","[""Y""]",[],[],[],[],[],[],[],[],[],"[""4""]",[],[],[],[],[],"['27', '32']","[""DID NOT DEPLOY""]","[""TEST NOT OFFERED""]","[""CHICAGO"", ""DES PLAINES""]","[""2025-10-04T23:30:00.000""]","[""NONE""]","[""NOT OBSCURED""]","[""D""]","[""IL""]","[""NONE""]",[],"[""O2163968"", ""O2163969"", ""P477584"", ""P477585"", ""P477587"", ""P477588""]","[""DRIVER"", ""PASSENGER"", ""PEDESTRIAN""]","[""NORMAL""]","[""USAGE UNKNOWN""]","[""M""]","[""IL""]","[""2062826""]","[""60016"", ""60657""]","[""CFD AMB 6""]","[""10"", ""11"", ""12"", ""3""]","[""WITH TRAFFIC""]","[""IN ROADWAY""]","[""NO CONTRASTING CLOTHING""]",[],2025,10,23,4,True,evening,41.95,-87.65,41.95_-87.65,29.5,27,32,OTHER,1
STRAIGHT AND LEVEL,323,2025-10-04 23:30:00,7,23,10,E9C68B73E329A3177BB26064D94640C9827BD199F7E763306AA443C0652E0548D8D08165E286D47415EADEC447C1D72B4A5F180C6AA310FC2D7FA9DBBBF9C76E,NO INJURY / DRIVE AWAY,"OVER $1,500",FUNCTIONING PROPERLY,TURNING,41.7583543838,"DARKNESS, LIGHTED ROAD",-87.6236915432,2,30,FAILING TO YIELD RIGHT-OF-WAY,NO DEFECTS,DRY,UNABLE TO DETERMINE,E,24,TRAFFIC SIGNAL,NOT DIVIDED,CLEAR,0.0,0.0,1.0,0.0,0.0,1.0,1,2,"[""Y""]","[""Y""]",[],"[""2025-10-04T23:30:00.000""]","[""2163925"", ""2163926""]","[""FRONT-RIGHT-CORNER"", ""SIDE-RIGHT-FRONT""]","[""IL""]","[""CHEVROLET"", ""LEXUS""]","[""STRAIGHT AHEAD"", ""TURNING LEFT""]","[""EQUINOX"", ""ES350""]","[""1""]","[""E"", ""W""]","[""1"", ""2""]","[""DRIVER""]","[""NONE""]","[""2062787"", ""2062790""]","[""PASSENGER"", ""SPORT UTILITY VEHICLE (SUV)""]","[""PERSONAL""]","[""2019""]",[],[],[],[],[],[],[],[],[],[],[],"[""Y""]",[],[],[],[],"['41', '65']","[""DID NOT DEPLOY""]","[""TEST NOT OFFERED""]","[""CHICAGO""]","[""2025-10-04T23:30:00.000""]","[""IMPROPER TURN"", ""NONE""]","[""NOT OBSCURED""]","[""D""]","[""IL""]","[""NONE""]",[],"[""O2163925"", ""O2163926""]","[""DRIVER""]","[""NORMAL""]","[""SAFETY BELT USED""]","[""M""]","[""IL""]","[""2062787"", ""2062790""]","[""60622"", ""60628""]",[],[],[],[],[],[],2025,10,23,4,True,evening,41.76,-87.62,41.76_-87.62,53.0,41,65,FAILURE-TO-YIELD,0
STRAIGHT AND LEVEL,1211,2025-10-04 23:11:00,7,23,10,E856164623A288DD0686B5C276C72D1ABC1547AA7D41BD75582DB74763DABABA31CF304260ACF63E10FC85DAE4E87B42463D9C46476EFD99538989908A8D42E2,INJURY AND / OR TOW DUE TO CRASH,"$501 - $1,500",NO CONTROLS,PARKED MOTOR VEHICLE,41.9018875746,"DARKNESS, LIGHTED ROAD",-87.6964254521,2,30,UNABLE TO DETERMINE,UNKNOWN,DRY,NOT APPLICABLE,W,2751,NO CONTROLS,ONE-WAY,CLEAR,0.0,0.0,0.0,0.0,0.0,1.0,2,2,[],[],[],"[""2025-10-04T23:11:00.000""]","[""2164125"", ""2164126""]","[""REAR-RIGHT-CORNER""]","[""IL""]","[""CHEVROLET"", ""HONDA""]","[""PARKED"", ""STRAIGHT AHEAD""]","[""IMPALA"", ""PILOT""]","[""1""]","[""E""]","[""1"", ""2""]","[""DRIVER"", ""PARKED""]","[""UNKNOWN""]","[""2062964"", ""2062965""]","[""PASSENGER""]","[""PERSONAL""]","[""2012"", ""2016""]",[],"[""Y""]",[],[],[],[],[],[],[],[],"[""1""]",[],[],"[""Y""]",[],[],"['37', '38']","[""NOT APPLICABLE""]","[""TEST NOT OFFERED""]","[""CHICAGO"", ""JOLIET""]","[""2025-10-04T23:11:00.000""]","[""OTHER""]","[""UNKNOWN""]","[""DM""]","[""IL""]","[""NONE""]",[],"[""O2164125"", ""P477615""]","[""DRIVER"", ""PASSENGER""]","[""UNKNOWN""]","[""SAFETY BELT USED""]","[""M""]","[""IL""]","[""2062964"", ""2062965""]","[""60433"", ""60626""]",[],"[""1""]",[],[],[],[],2025,10,23,4,True,evening,41.9,-87.7,41.9_-87.7,37.5,37,38,OTHER,1
STRAIGHT AND LEVEL,622,2025-10-04 23:10:00,7,23,10,6F8FBDAD6D875DA605D336F5136812DEF4BCD58AA39DB95E3E0F9CEC1799435BEFC41DB9A9A208F7D86FF8BC835B6796E0EFF3AC0A532E109426144A75431EC0,INJURY AND / OR TOW DUE TO CRASH,"OVER $1,500",NO CONTROLS,HEAD ON,41.7432767532,DARKNESS,-87.6420076206,2,30,DRIVING ON WRONG SIDE/WRONG WAY,NO DEFECTS,DRY,IMPROPER OVERTAKING/PASSING,S,8300,OTHER,NOT DIVIDED,CLEAR,0.0,1.0,1.0,0.0,0.0,1.0,1,1,"[""Y""]","[""Y""]",[],"[""2025-10-04T23:10:00.000""]","[""2164516"", ""2164517""]","[""FRONT-RIGHT-CORNER"", ""UNKNOWN""]","[""IL"", ""XX""]","[""LINCOLN"", ""UNKNOWN""]","[""AVOIDING VEHICLES/OBJECTS"", ""STRAIGHT AHEAD""]","[""MKZ"", ""OTHER (EXPLAIN IN NARRATIVE)""]","[""1""]","[""E"", ""W""]","[""1"", ""2""]","[""DRIVER""]","[""NONE"", ""UNKNOWN""]","[""2063333"", ""2063339""]","[""PASSENGER"", ""UNKNOWN/NA""]","[""PERSONAL"", ""UNKNOWN/NA""]","[""2017""]","[""Y""]",[],[],"[""AAA""]","[""Y""]",[],"[""Y""]",[],[],[],[],[],[],[],[],"[""8209 S. Michigan Ave.""]",['35'],"[""DEPLOYMENT UNKNOWN"", ""DID NOT DEPLOY""]","[""TEST NOT OFFERED"", ""TEST REFUSED""]","[""CHICAGO""]","[""2025-10-04T23:10:00.000""]","[""UNKNOWN""]","[""NOT OBSCURED"", ""UNKNOWN""]","[""D""]","[""IL""]","[""NONE""]",[],"[""O2164516"", ""O2164517""]","[""DRIVER""]","[""NORMAL"", ""UNKNOWN""]","[""SAFETY BELT USED"", ""USAGE UNKNOWN""]","[""F"", ""X""]","[""IL""]","[""2063333"", ""2063339""]","[""60653""]",[],[],[],[],[],[],2025,10,23,4,True,evening,41.74,-87.64,41.74_-87.64,35.0,35,35,OTHER,0
STRAIGHT AND LEVEL,1212,2025-10-04 23:05:00,7,23,10,D282A15A8D8DED504089D886CADA9482E8569441B768C12E00CD6D0F63D9FE3A2BA6B09BD25C83892CBFE63AD6A697443FA62EFD2C35B0F414A681F5FB2B173D,INJURY AND / OR TOW DUE TO CRASH,"OVER $1,500",NO CONTROLS,PARKED MOTOR VEHICLE,41.8995078652,"DARKNESS, LIGHTED ROAD",-87.6732588771,2,25,PHYSICAL CONDITION OF DRIVER,UNKNOWN,DRY,NOT APPLICABLE,W,1823,NO CONTROLS,DIVIDED - W/MEDIAN (NOT RAISED),CLEAR,0.0,0.0,0.0,0.0,0.0,1.0,2,2,"[""Y""]","[""Y""]","[""N""]","[""2025-10-04T23:05:00.000""]","[""2163874"", ""2163875""]","[""FRONT-RIGHT-CORNER"", ""SIDE-LEFT""]","[""IL""]","[""FORD"", ""KIA""]","[""PARKED"", ""STRAIGHT AHEAD""]","[""EXPLORER"", ""FORTE""]","[""0"", ""3""]","[""E""]","[""1"", ""2""]","[""DRIVER"", ""PARKED""]","[""UNKNOWN""]","[""2062736"", ""2062739""]","[""PASSENGER""]","[""NOT IN USE"", ""PERSONAL""]","[""2017"", ""2024""]","[""Y""]",[],[],"[""PRIVATE TOW""]","[""Y""]","[""Y""]",[],"[""Y""]","[""Y""]",[],"[""2""]","[""Y""]",[],[],[],"[""UNKNOWN""]","['24', '26']","[""NOT APPLICABLE""]","[""TEST NOT OFFERED""]","[""CHICAGO"", ""MORTON GROVE""]","[""2025-10-04T23:05:00.000""]","[""OTHER""]","[""UNKNOWN""]",[],"[""IL""]","[""NONE""]",[],"[""O2163874"", ""P477555"", ""P477556""]","[""DRIVER"", ""PASSENGER""]","[""UNKNOWN""]","[""USAGE UNKNOWN""]","[""F""]","[""IL""]","[""2062736""]","[""60053"", ""60625""]",[],"[""12"", ""3""]",[],[],[],[],2025,10,23,4,True,evening,41.9,-87.67,41.9_-87.67,25.0,24,26,OTHER,0