alignment,beat_of_occurrence,crash_date,crash_day_of_week,crash_hour,crash_month,crash_record_id,crash_type,damage,device_condition,first_crash_type,latitude,lighting_condition,longitude,num_units,posted_speed_limit,prim_contributory_cause,road_defect,roadway_surface_cond,sec_contributory_cause,street_direction,street_no,traffic_control_device,trafficway_type,weather_condition,private_property_i,hit_and_run_i,intersection_related_i,crash_date_est_i,work_zone_i,workers_present_i,veh_count,ppl_count,veh_area_01_i_list_json,veh_area_02_i_list_json,veh_area_12_i_list_json,veh_crash_date_list_json,veh_crash_unit_id_list_json,veh_first_contact_point_list_json,veh_lic_plate_state_list_json,veh_make_list_json,veh_maneuver_list_json,veh_model_list_json,veh_occupant_cnt_list_json,veh_travel_direction_list_json,veh_unit_no_list_json,veh_unit_type_list_json,veh_vehicle_defect_list_json,veh_vehicle_id_list_json,veh_vehicle_type_list_json,veh_vehicle_use_list_json,veh_vehicle_year_list_json,veh_area_03_i_list_json,veh_area_04_i_list_json,veh_area_11_i_list_json,veh_towed_by_list_json,veh_towed_i_list_json,veh_area_07_i_list_json,veh_area_99_i_list_json,veh_area_09_i_list_json,veh_area_10_i_list_json,veh_cmrc_veh_i_list_json,veh_num_passengers_list_json,veh_area_08_i_list_json,veh_area_00_i_list_json,veh_area_05_i_list_json,veh_area_06_i_list_json,veh_towed_to_list_json,ppl_age_list_json,ppl_airbag_deployed_list_json,ppl_bac_result_list_json,ppl_city_list_json,ppl_crash_date_list_json,ppl_driver_action_list_json,ppl_driver_vision_list_json,ppl_drivers_license_class_list_json,ppl_drivers_license_state_list_json,ppl_ejection_list_json,ppl_hospital_list_json,ppl_person_id_list_json,ppl_person_type_list_json,ppl_physical_condition_list_json,ppl_safety_equipment_list_json,ppl_sex_list_json,ppl_state_list_json,ppl_vehicle_id_list_json,ppl_zipcode_list_json,ppl_ems_agency_list_json,ppl_seat_no_list_json,ppl_pedpedal_action_list_json,ppl_pedpedal_location_list_json,ppl_pedpedal_visibility_list_json,ppl_ems_run_no_list_json,year,month,hour,day,is_weekend,hour_bin,lat_bin,lng_bin,grid_id,ppl_age_mean,ppl_age_min,ppl_age_max,prim_contributory_cause_group,ksi_flag
STRAIGHT AND LEVEL,1624,2025-10-04 23:01:00,7,23,10,131FAAE60937E2178C717932A1A4ED7DEE3268B15A8264B076E5E4186728D5706170C30AE5E0859D573690A19D6236ACED1F05385A8642A5C081FBDEE7DBC10F,NO INJURY / DRIVE AWAY,"OVER $1,500",NO CONTROLS,SIDESWIPE SAME DIRECTION,41.9565805249,"DARKNESS, LIGHTED ROAD",-87.7778867062,2,20,FAILING TO YIELD RIGHT-OF-WAY,NO DEFECTS,DRY,IMPROPER OVERTAKING/PASSING,W,6023,NO CONTROLS,NOT DIVIDED,CLEAR,0.0,0.0,0.0,0.0,0.0,1.0,1,3,"[""Y""]","[""Y""]","[""Y""]","[""2025-10-04T23:01:00.000""]","[""2163888"", ""2163889""]","[""FRONT-LEFT-CORNER"", ""FRONT-RIGHT-CORNER""]","[""IL""]","[""CHEVROLET"", ""TOYOTA""]","[""LEAVING TRAFFIC LANE TO PARK"", ""PASSING/OVERTAKING""]","[""COROLLA"", ""SILVERADO""]","[""1"", ""2""]","[""E""]","[""1"", ""2""]","[""DRIVER""]","[""UNKNOWN""]","[""2062752"", ""2062761""]","[""PASSENGER"", ""PICKUP""]","[""UNKNOWN/NA""]","[""2014"", ""2020""]","[""Y""]","[""Y""]","[""Y""]",[],[],[],[],[],"[""Y""]",[],"[""1""]",[],[],[],[],[],"['36', '41', '66']","[""NOT APPLICABLE""]","[""TEST NOT OFFERED""]","[""CHICAGO"", ""CICERO""]","[""2025-10-04T23:01:00.000""]","[""FAILED TO YIELD"", ""NONE""]","[""UNKNOWN""]","[""A"", ""D""]","[""IL""]","[""NONE""]",[],"[""O2163888"", ""O2163889"", ""P477560""]","[""DRIVER"", ""PASSENGER""]","[""NORMAL""]","[""USAGE UNKNOWN""]","[""F""]","[""IL""]","[""2062752"", ""2062761""]","[""60618"", ""60634"", ""60804""]",[],"[""3""]",[],[],[],[],2025,10,23,4,True,evening,41.96,-87.78,41.96_-87.78,47.666666666666664,36,66,FAILURE-TO-YIELD,0
STRAIGHT AND LEVEL,813,2025-10-04 23:00:00,7,23,10,8646DAC79AE9A2FAABDB293797B214BE8109EE70C7A1B505D7958606BBFD9916D8728E85A165D78AB4ED0807AAD1C62ABCE1B3F9004897018CA1A5F7B18F3827,NO INJURY / DRIVE AWAY,"OVER $1,500",NO CONTROLS,PARKED MOTOR VEHICLE,41.7778621279,"DARKNESS, LIGHTED ROAD",-87.7348014504,2,25,"EVASIVE ACTION DUE TO ANIMAL, OBJECT, NONMOTORIST",NO DEFECTS,DRY,NOT APPLICABLE,S,6321,NO CONTROLS,ONE-WAY,CLEAR,0.0,0.0,0.0,0.0,0.0,1.0,2,1,[],[],[],"[""2025-10-04T23:00:00.000""]","[""2164636"", ""2164637""]","[""SIDE-LEFT"", ""UNKNOWN""]","[""IL""]","[""BUICK"", ""GENERAL MOTORS CORPORATION (GMC)""]","[""AVOIDING VEHICLES/OBJECTS"", ""PARKED""]","[""ENVOY"", ""VERANO""]","[""0"", ""1""]","[""N""]","[""1"", ""2""]","[""DRIVER"", ""PARKED""]","[""NONE"", ""UNKNOWN""]","[""2063442"", ""2063455""]","[""PASSENGER"", ""SPORT UTILITY VEHICLE (SUV)""]","[""PERSONAL"", ""UNKNOWN/NA""]","[""2006"", ""2013""]",[],[],"[""Y""]",[],[],[],"[""Y""]","[""Y""]","[""Y""]",[],[],"[""Y""]",[],[],[],[],['57'],"[""DEPLOYMENT UNKNOWN""]","[""TEST NOT OFFERED""]","[""CHICAGO""]","[""2025-10-04T23:00:00.000""]","[""OTHER""]","[""UNKNOWN""]","[""D""]","[""IL""]","[""NONE""]",[],"[""O2164636""]","[""DRIVER""]","[""UNKNOWN""]","[""USAGE UNKNOWN""]","[""M""]","[""IL""]","[""2063455""]","[""60623""]",[],[],[],[],[],[],2025,10,23,4,True,evening,41.78,-87.73,41.78_-87.73,57.0,57,57,OTHER,0
STRAIGHT AND LEVEL,1832,2025-10-04 22:57:00,7,22,10,BCC5D7B3D8EF15AAB7D33E9F758172FCD45616757CED2543A909A417E4EEC11E10AA04EA10440FE0C75C980D11722F5F6F1AC796D69593464796F95E1F110991,NO INJURY / DRIVE AWAY,"OVER $1,500",FUNCTIONING PROPERLY,SIDESWIPE SAME DIRECTION,41.8949415623,"DARKNESS, LIGHTED ROAD",-87.63127966,2,30,FAILING TO YIELD RIGHT-OF-WAY,NO DEFECTS,DRY,FAILING TO YIELD RIGHT-OF-WAY,W,100,TRAFFIC SIGNAL,ONE-WAY,CLEAR,0.0,0.0,0.0,0.0,0.0,1.0,1,2,[],[],[],"[""2025-10-04T22:57:00.000""]","[""2163886"", ""2163887""]","[""FRONT-LEFT-CORNER"", ""SIDE-RIGHT-REAR""]","[""IL""]","[""FORD"", ""LINCOLN""]","[""SLOW/STOP IN TRAFFIC"", ""STRAIGHT AHEAD""]","[""EXPEDITION"", ""NAVIGATOR""]","[""1""]","[""W""]","[""1"", ""2""]","[""DRIVER""]","[""NONE""]","[""2062750"", ""2062756""]","[""PASSENGER""]","[""OTHER""]","[""2022"", ""2023""]",[],"[""Y""]",[],[],[],[],[],[],[],[],[],[],[],[],[],[],"['40', '50']","[""DID NOT DEPLOY"", ""NOT APPLICABLE""]","[""TEST NOT OFFERED""]","[""BARTLETT"", ""NILES""]","[""2025-10-04T22:57:00.000""]","[""NONE"", ""OTHER""]","[""NOT OBSCURED""]","[""D""]","[""IL""]","[""NONE""]",[],"[""O2163886"", ""O2163887""]","[""DRIVER""]","[""NORMAL""]","[""SAFETY BELT USED""]","[""M""]","[""IL""]","[""2062750"", ""2062756""]","[""60103"", ""60714""]",[],[],[],[],[],[],2025,10,22,4,True,evening,41.89,-87.63,41.89_-87.63,45.0,40,50,FAILURE-TO-YIELD,0
STRAIGHT AND LEVEL,2535,2025-10-04 22:40:00,7,22,10,4147B11C544AAB365CF1612E6D2752550150967DED9A866D072C105351190258A513ECDFA7521BB07264C13361E7CE15B54E1D0342CE9332666CA57555358CAF,INJURY AND / OR TOW DUE TO CRASH,"OVER $1,500",NO CONTROLS,PARKED MOTOR VEHICLE,41.9049729877,"DARKNESS, LIGHTED ROAD",-87.7216493079,2,30,UNABLE TO DETERMINE,UNKNOWN,DRY,UNABLE TO DETERMINE,N,1318,NO CONTROLS,DIVIDED - W/MEDIAN (NOT RAISED),CLEAR,0.0,0.0,0.0,0.0,0.0,1.0,2,1,"[""Y""]","[""Y""]",[],"[""2025-10-04T22:40:00.000""]","[""2163882"", ""2163883""]","[""FRONT-RIGHT-CORNER"", ""SIDE-LEFT-REAR""]","[""IL""]","[""DODGE"", ""HONDA""]","[""PARKED"", ""STRAIGHT AHEAD""]","[""CR-V"", ""RAM 1500 PU""]","[""0"", ""1""]","[""S""]","[""1"", ""2""]","[""DRIVER"", ""PARKED""]","[""UNKNOWN""]","[""2062746"", ""2062748""]","[""PICKUP"", ""SPORT UTILITY VEHICLE (SUV)""]","[""PERSONAL""]","[""2014"", ""2018""]",[],[],"[""Y""]","[""PRIVATE TOW""]","[""Y""]","[""Y""]",[],"[""Y""]","[""Y""]",[],[],"[""Y""]",[],[],[],"[""3558 W SHAKESPEARE AVE""]",['47'],"[""DID NOT DEPLOY""]","[""TEST NOT OFFERED""]","[""CHICAGO""]","[""2025-10-04T22:40:00.000""]","[""UNKNOWN""]","[""UNKNOWN""]","[""D""]","[""IL""]","[""NONE""]",[],"[""O2163882""]","[""DRIVER""]","[""UNKNOWN""]","[""SAFETY BELT USED""]","[""F""]","[""IL""]","[""2062746""]","[""60647""]",[],[],[],[],[],[],2025,10,22,4,True,evening,41.9,-87.72,41.9_-87.72,47.0,47,47,OTHER,0
STRAIGHT AND LEVEL,714,2025-10-04 22:40:00,7,22,10,B9D36114ED326A34933F184600F1252BF6A3C532A8353D1AAFC6A71D4E9E79DE9974396D02A6EB95ED9220EE08E83A38BC83221001C0EED1955CD449797E6D3B,INJURY AND / OR TOW DUE TO CRASH,"OVER $1,500",NO CONTROLS,FIXED OBJECT,41.7803488007,"DARKNESS, LIGHTED ROAD",-87.66438884,1,35,FAILING TO REDUCE SPEED TO AVOID CRASH,OTHER,DRY,"OPERATING VEHICLE IN ERRATIC, RECKLESS, CARELESS, NEGLIGENT OR AGGRESSIVE MANNER",S,6230,NO CONTROLS,DIVIDED - W/MEDIAN (NOT RAISED),CLEAR,0.0,0.0,0.0,0.0,0.0,1.0,1,4,[],"[""Y""]","[""N""]","[""2025-10-04T22:40:00.000""]","[""2163958""]","[""FRONT-RIGHT-CORNER""]","[""IL""]","[""DODGE""]","[""SKIDDING/CONTROL LOSS""]","[""CHARGER""]","[""5""]","[""N""]","[""1""]","[""DRIVER""]","[""NONE""]","[""2062817""]","[""PASSENGER""]","[""PERSONAL""]","[""2018""]",[],[],[],"[""s&s""]","[""Y""]",[],[],[],[],[],"[""4""]",[],[],[],[],"[""3""]","['16', '19', '20', '22']","[""DID NOT DEPLOY"", ""NOT APPLICABLE""]","[""TEST NOT OFFERED""]","[""CHARLESTON AVE"", ""CHIACAGO"", ""CHICAGO"", ""VALPARSAISO""]","[""2025-10-04T22:40:00.000""]","[""TOO FAST FOR CONDITIONS""]","[""NOT OBSCURED""]","[""D""]","[""IL""]","[""NONE""]",[],"[""O2163958"", ""P477591"", ""P477592"", ""P477594"", ""P477595""]","[""DRIVER"", ""PASSENGER""]","[""NORMAL""]","[""SAFETY BELT NOT USED"", ""USAGE UNKNOWN""]","[""F"", ""M""]","[""IL""]","[""2062817""]","[""46383"", ""61920""]",[],"[""3"", ""4"", ""6""]",[],[],[],[],2025,10,22,4,True,evening,41.78,-87.66,41.78_-87.66,19.25,16,22,SPEEDING,0
STRAIGHT AND LEVEL,1925,2025-10-04 22:27:00,7,22,10,72DCF669BCF047ABD9E73FD5704FAEE6C8BD1CE94FBB3167B2E783DD5D7F88AC0F44E6A9D3F24610BBB32FA5279662F1F139CA7FE0C266DDFEC9179D768DF5B8,INJURY AND / OR TOW DUE TO CRASH,"$501 - $1,500",NO CONTROLS,REAR END,41.9401867226,"DARKNESS, LIGHTED ROAD",-87.642384513,2,30,FAILING TO REDUCE SPEED TO AVOID CRASH,NO DEFECTS,DRY,UNABLE TO DETERMINE,W,510,NO CONTROLS,NOT DIVIDED,CLEAR,0.0,1.0,0.0,0.0,0.0,1.0,1,1,[],[],"[""N""]","[""2025-10-04T22:27:00.000""]","[""2163876"", ""2163877""]","[""FRONT"", ""REAR""]","[""IL""]","[""CHEVROLET"", ""SUBARU""]","[""SLOW/STOP IN TRAFFIC"", ""STRAIGHT AHEAD""]","[""CROSSTREK"", ""MALIBU""]","[""1""]","[""W""]","[""1"", ""2""]","[""DRIVER""]","[""NONE"", ""UNKNOWN""]","[""2062737"", ""2062741""]","[""PASSENGER""]","[""PERSONAL"", ""UNKNOWN/NA""]","[""2012"", ""2019""]",[],[],[],[],[],[],"[""Y""]",[],[],[],[],[],[],[],"[""Y""]",[],['33'],"[""DEPLOYMENT UNKNOWN"", ""NOT APPLICABLE""]","[""TEST NOT OFFERED""]","[""CHICAGO""]","[""2025-10-04T22:27:00.000""]","[""NONE"", ""OTHER""]","[""UNKNOWN""]","[""D""]","[""IL"", ""XX""]","[""NONE""]",[],"[""O2163876"", ""O2163877""]","[""DRIVER""]","[""NORMAL"", ""UNKNOWN""]","[""SAFETY BELT USED"", ""USAGE UNKNOWN""]","[""M""]","[""IL""]","[""2062737"", ""2062741""]","[""60657""]",[],[],[],[],[],[],2025,10,22,4,True,evening,41.94,-87.64,41.94_-87.64,33.0,33,33,SPEEDING,1
STRAIGHT AND LEVEL,131,2025-10-04 22:26:00,7,22,10,378DC109774FE321F5C9AEAD4B10E95FFEB6C33B3EAE710FAC63DD2B8668E225F71BF15E300C79DBE6E503EA97AC154BC9149A116E38EA3C7B55172621E898CE,NO INJURY / DRIVE AWAY,"OVER $1,500",NO CONTROLS,TURNING,41.8656570299,"DARKNESS, LIGHTED ROAD",-87.6275294189,2,30,FAILING TO REDUCE SPEED TO AVOID CRASH,NO DEFECTS,DRY,NOT APPLICABLE,S,1300,NO CONTROLS,DIVIDED - W/MEDIAN BARRIER,CLEAR,0.0,0.0,1.0,0.0,0.0,1.0,1,3,[],[],[],"[""2025-10-04T22:26:00.000""]","[""2178289"", ""2178290""]","[""FRONT-LEFT-CORNER"", ""SIDE-RIGHT""]","[""IL""]","[""FORD"", ""KIA""]","[""STRAIGHT AHEAD"", ""TURNING RIGHT""]","[""F450"", ""OPTIMA / K5""]","[""2""]","[""N"", ""W""]","[""1"", ""2""]","[""DRIVER""]","[""NONE""]","[""2076406"", ""2076407""]","[""PASSENGER"", ""SPORT UTILITY VEHICLE (SUV)""]","[""PERSONAL"", ""POLICE""]","[""2021"", ""2023""]","[""Y""]","[""Y""]","[""Y""]",[],[],[],[],[],"[""Y""]",[],"[""1""]",[],[],[],[],[],"['30', '31', '33']","[""DID NOT DEPLOY""]","[""TEST NOT OFFERED""]","[""CHICAGO""]","[""2025-10-04T22:26:00.000""]","[""EMERGENCY VEHICLE ON CALL"", ""OTHER""]","[""NOT OBSCURED""]","[""D""]","[""IL""]","[""NONE""]",[],"[""O2178289"", ""O2178290"", ""P480514"", ""P480515""]","[""DRIVER"", ""PASSENGER""]","[""NORMAL""]","[""SAFETY BELT USED""]","[""M""]","[""IL""]","[""2076406"", ""2076407""]","[""60616"", ""60620"", ""60633""]",[],"[""3""]",[],[],[],[],2025,10,22,4,True,evening,41.87,-87.63,41.87_-87.63,31.333333333333332,30,33,SPEEDING,0
STRAIGHT AND LEVEL,1011,2025-10-04 22:04:00,7,22,10,752A9C908B1DED99E889FDEC8C24B90C074CBD2A501E904809E20CA6F19E31CB83E3AB726DAA44091630D30D47C933F5BAEA8BE32D0224F39D6639D9CDC82740,NO INJURY / DRIVE AWAY,"OVER $1,500",FUNCTIONING PROPERLY,ANGLE,41.8642519403,"DARKNESS, LIGHTED ROAD",-87.7249691037,2,30,FAILING TO YIELD RIGHT-OF-WAY,NO DEFECTS,DRY,UNABLE TO DETERMINE,S,1301,STOP SIGN/FLASHER,NOT DIVIDED,CLEAR,0.0,1.0,0.0,0.0,0.0,1.0,1,1,"[""Y""]",[],"[""Y""]","[""2025-10-04T22:04:00.000""]","[""2170049"", ""2170050""]","[""FRONT"", ""SIDE-RIGHT""]","[""IA"", ""WI""]","[""DODGE"", ""HONDA""]","[""STRAIGHT AHEAD""]","[""CARAVAN"", ""ODYSSEY""]","[""1""]","[""E"", ""N""]","[""1"", ""2""]","[""DRIVER""]","[""UNKNOWN""]","[""2068569"", ""2068573""]","[""VAN/MINI-VAN""]","[""PERSONAL""]","[""2001""]","[""Y""]","[""Y""]","[""Y""]",[],[],[],[],[],[],[],[],[],[],[],[],[],['46'],"[""DEPLOYED, FRONT"", ""DEPLOYMENT UNKNOWN""]","[""TEST NOT OFFERED""]","[""CHICAGO""]","[""2025-10-04T22:04:00.000""]","[""DISREGARDED CONTROL DEVICES"", ""UNKNOWN""]","[""UNKNOWN""]","[""D""]","[""IL""]","[""NONE""]",[],"[""O2170049"", ""O2170050""]","[""DRIVER""]","[""NORMAL"", ""UNKNOWN""]","[""SAFETY BELT USED"", ""USAGE UNKNOWN""]","[""F"", ""M""]","[""IL""]","[""2068569"", ""2068573""]","[""60612""]",[],[],[],[],[],[],2025,10,22,4,True,evening,41.86,-87.72,41.86_-87.72,46.0,46,46,FAILURE-TO-YIELD,0
STRAIGHT AND LEVEL,1912,2025-10-04 22:03:00,7,22,10,FFE537390D1D0CA7B58A88E951351AB57056FAD267DB16FDCF5E565F1F756CA411DE57E91DCCFD68885E23C94701D1EC006CCAF8F917D061C9DCA0BA1DFD2C98,INJURY AND / OR TOW DUE TO CRASH,"OVER $1,500",NO CONTROLS,ANGLE,41.9570136397,DARKNESS,-87.6780409398,2,30,FAILING TO YIELD RIGHT-OF-WAY,NO DEFECTS,DRY,FAILING TO REDUCE SPEED TO AVOID CRASH,W,1940,NO CONTROLS,ALLEY,CLEAR,0.0,1.0,0.0,0.0,0.0,1.0,1,1,[],[],[],"[""2025-10-04T22:03:00.000""]","[""2163954"", ""2163955""]","[""FRONT""]","[""IL""]","[""UNKNOWN""]","[""STRAIGHT AHEAD""]","[""MOTORIZED""]","[""2""]","[""E"", ""S""]","[""1"", ""2""]","[""DRIVER""]","[""UNKNOWN""]","[""2062814"", ""2063259""]","[""PASSENGER"", ""UNKNOWN/NA""]","[""PERSONAL"", ""UNKNOWN/NA""]",[],[],[],[],[],[],[],"[""Y""]",[],[],[],"[""1""]",[],[],[],[],[],['14'],"[""DEPLOYMENT UNKNOWN"", ""NOT APPLICABLE""]","[""TEST NOT OFFERED""]","[""CHICAGO""]","[""2025-10-04T22:03:00.000""]","[""FAILED TO YIELD"", ""UNKNOWN""]","[""UNKNOWN""]",[],[],"[""NONE"", ""UNKNOWN""]","[""REFUSED""]","[""O2163954"", ""O2163955"", ""P477691"", ""P477692""]","[""DRIVER"", ""PASSENGER""]","[""UNKNOWN""]","[""USAGE UNKNOWN""]","[""F"", ""M""]","[""IL""]","[""2062814"", ""2063259""]","[""60647""]",[],"[""3"", ""4""]",[],[],[],[],2025,10,22,4,True,evening,41.96,-87.68,41.96_-87.68,14.0,14,14,FAILURE-TO-YIELD,1
STRAIGHT AND LEVEL,1622,2025-10-04 22:00:00,7,22,10,B3C4CD0608E4A098EE126BA77BAF84AEC4ADF684C16D29189F12B759E351F90B0B937A94977A812234A577132B60A42C9E1D45ED9A3E2B6D202F41BB8594085A,INJURY AND / OR TOW DUE TO CRASH,"OVER $1,500",FUNCTIONING PROPERLY,PEDALCYCLIST,41.9830130307,"DARKNESS, LIGHTED ROAD",-87.7733372575,2,25,UNABLE TO DETERMINE,NO DEFECTS,DRY,NOT APPLICABLE,N,5600,STOP SIGN/FLASHER,NOT DIVIDED,CLEAR,0.0,0.0,0.0,0.0,0.0,1.0,2,2,"[""Y""]","[""Y""]",[],"[""2025-10-04T22:00:00.000""]","[""2163855"", ""2163856""]","[""SIDE-RIGHT""]","[""IL""]","[""MERCEDES-BENZ""]","[""TURNING LEFT""]","[""C300""]","[""1""]","[""S""]","[""1"", ""2""]","[""BICYCLE"", ""DRIVER""]","[""NONE""]","[""2062722""]","[""PASSENGER""]","[""PERSONAL""]","[""2024""]","[""Y""]",[],[],[],[],[],[],[],[],[],[],[],[],[],[],[],"['25', '38']","[""DID NOT DEPLOY""]","[""TEST NOT OFFERED""]","[""CHICAGO""]","[""2025-10-04T22:00:00.000""]","[""NONE""]","[""NOT OBSCURED"", ""UNKNOWN""]","[""D""]","[""IL""]","[""NONE""]",[],"[""O2163855"", ""O2163856""]","[""BICYCLE"", ""DRIVER""]","[""NORMAL""]","[""HELMET NOT USED"", ""SAFETY BELT USED""]","[""M""]","[""IL""]","[""2062722""]","[""60610"", ""60646""]",[],[],"[""CROSSING - NO CONTROLS (NOT AT INTERSECTION)""]","[""SHOULDER""]","[""OTHER LIGHT SOURCE USED""]",[],2025,10,22,4,True,evening,41.98,-87.77,41.98_-87.77,31.5,25,38,OTHER,1
STRAIGHT AND LEVEL,623,2025-10-04 22:00:00,7,22,10,A163447AA881E322FDFCBEFC67152247F44D68985B96F1C5A7150FC19A7DFAA344E60A28E0038585062167AF4040F34756CC361ADF7DB0D02B55F5B4869DF6CD,NO INJURY / DRIVE AWAY,"OVER $1,500",NO CONTROLS,SIDESWIPE SAME DIRECTION,41.7578253153,"DARKNESS, LIGHTED ROAD",-87.6246031865,2,30,DRIVING SKILLS/KNOWLEDGE/EXPERIENCE,NO DEFECTS,DRY,NOT APPLICABLE,S,7511,NO CONTROLS,ONE-WAY,CLEAR,0.0,0.0,0.0,0.0,0.0,1.0,1,2,"[""Y""]","[""Y""]",[],"[""2025-10-04T22:00:00.000""]","[""2163870"", ""2163871""]","[""FRONT-LEFT-CORNER"", ""FRONT-RIGHT-CORNER""]","[""IL""]","[""CHEVROLET"", ""DODGE""]","[""STRAIGHT AHEAD""]","[""ASTRO"", ""NEON""]","[""1""]","[""N""]","[""1"", ""2""]","[""DRIVER""]","[""NONE""]","[""2062735"", ""2062738""]","[""PASSENGER""]","[""PERSONAL""]","[""1999"", ""2003""]",[],[],"[""Y""]",[],[],[],[],"[""Y""]","[""Y""]",[],[],[],[],[],[],[],"['62', '88']","[""NOT APPLICABLE""]","[""TEST NOT OFFERED""]","[""CHICAGO"", ""PARK FOREST""]","[""2025-10-04T22:00:00.000""]","[""IMPROPER LANE CHANGE"", ""NONE""]","[""NOT OBSCURED""]",[],"[""IL""]","[""NONE""]",[],"[""O2163870"", ""O2163871""]","[""DRIVER""]","[""NORMAL""]","[""SAFETY BELT USED""]","[""M""]","[""IL""]","[""2062735"", ""2062738""]","[""60466"", ""60620""]",[],[],[],[],[],[],2025,10,22,4,True,evening,41.76,-87.62,41.76_-87.62,75.0,62,88,OTHER,0
STRAIGHT AND LEVEL,132,2025-10-04 22:00:00,7,22,10,8BA939C7A5524B00D731DBB6D81A30DCB834A44577C2DA050E6FB2620FDB4635E92AF4F1B246B1A056904B55BF69F566036C129033A2030F3304E58DA4BE9FBF,NO INJURY / DRIVE AWAY,"OVER $1,500",NO CONTROLS,REAR END,41.8578490871,"DARKNESS, LIGHTED ROAD",-87.6168408794,2,30,FAILING TO REDUCE SPEED TO AVOID CRASH,NO DEFECTS,DRY,DRIVING SKILLS/KNOWLEDGE/EXPERIENCE,S,1800,NO CONTROLS,DIVIDED - W/MEDIAN BARRIER,CLEAR,0.0,0.0,0.0,0.0,0.0,1.0,1,3,"[""N""]",[],"[""Y""]","[""2025-10-04T22:00:00.000""]","[""2164718"", ""2164719""]","[""FRONT"", ""REAR""]","[""IL""]","[""JEEP""]","[""STRAIGHT AHEAD""]","[""GRAND CHEROKEE""]","[""1"", ""2""]","[""S""]","[""1"", ""2""]","[""DRIVER""]","[""NONE""]","[""2063533"", ""2063561""]","[""SPORT UTILITY VEHICLE (SUV)""]","[""PERSONAL""]","[""2017"", ""2025""]",[],[],"[""N""]",[],[],[],[],[],[],[],"[""1""]",[],[],[],"[""Y""]",[],"['25', '50', '55']","[""DEPLOYED, FRONT"", ""DID NOT DEPLOY""]","[""TEST NOT OFFERED""]","[""BURR RIDGE"", ""JOLIET""]","[""2025-10-04T22:00:00.000""]","[""NONE"", ""UNKNOWN""]","[""NOT OBSCURED"", ""UNKNOWN""]","[""C"", ""DM""]","[""IL""]","[""NONE""]",[],"[""O2164718"", ""O2164719"", ""P477737""]","[""DRIVER"", ""PASSENGER""]","[""NORMAL"", ""UNKNOWN""]","[""SAFETY BELT USED"", ""USAGE UNKNOWN""]","[""F"", ""M""]","[""IL""]","[""2063533"", ""2063561""]","[""60436"", ""60527""]",[],"[""3""]",[],[],[],[],2025,10,22,4,True,evening,41.86,-87.62,41.86_-87.62,43.333333333333336,25,55,SPEEDING,0
STRAIGHT AND LEVEL,1031,2025-10-04 22:00:00,7,22,10,421569851DDF0A6FCE62ACF2F8DF07FA232F64FC3828E4C5D460739F2E2398F1B8C6B8825E33E3C7A20B3D5CD2BBCCCC70CFD52A8F2774D490D919774D32A42F,INJURY AND / OR TOW DUE TO CRASH,"OVER $1,500",NO CONTROLS,HEAD ON,41.8367265133,"DARKNESS, LIGHTED ROAD",-87.728476471,2,30,IMPROPER LANE USAGE,NO DEFECTS,DRY,UNDER THE INFLUENCE OF ALCOHOL/DRUGS (USE WHEN ARREST IS EFFECTED),W,4143,NO CONTROLS,DIVIDED - W/MEDIAN (NOT RAISED),CLEAR,0.0,0.0,0.0,0.0,0.0,1.0,1,2,"[""Y""]","[""Y""]","[""Y""]","[""2025-10-04T22:00:00.000""]","[""2163890"", ""2163891""]","[""FRONT"", ""OTHER""]","[""IL""]","[""HONDA"", ""HYUNDAI""]","[""STRAIGHT AHEAD""]","[""ACCORD"", ""SONATA""]","[""1""]","[""E"", ""W""]","[""1"", ""2""]","[""DRIVER""]","[""NONE"", ""UNKNOWN""]","[""2062751"", ""2062758""]","[""PASSENGER""]","[""PERSONAL""]","[""2006"", ""2008""]",[],[],"[""N"", ""Y""]",[],[],[],[],"[""Y""]","[""Y""]",[],[],[],[],[],[],[],"['22', '45']","[""DEPLOYED, COMBINATION"", ""DID NOT DEPLOY""]","[""TEST NOT OFFERED"", ""TEST REFUSED""]","[""CHICAGO""]","[""2025-10-04T22:00:00.000""]","[""NONE"", ""OTHER""]","[""NOT OBSCURED"", ""UNKNOWN""]","[""D""]","[""IL""]","[""NONE""]","[""MCNEIL""]","[""O2163890"", ""O2163891""]","[""DRIVER""]","[""IMPAIRED - ALCOHOL"", ""NORMAL""]","[""SAFETY BELT USED"", ""USAGE UNKNOWN""]","[""M""]","[""IL""]","[""2062751"", ""2062758""]","[""60623"", ""60632""]",[],[],[],[],[],[],2025,10,22,4,True,evening,41.84,-87.73,41.84_-87.73,33.5,22,45,OTHER,1