alignment,beat_of_occurrence,crash_date,crash_day_of_week,crash_hour,crash_month,crash_record_id,crash_type,damage,device_condition,first_crash_type,latitude,lighting_condition,longitude,num_units,posted_speed_limit,prim_contributory_cause,road_defect,roadway_surface_cond,sec_contributory_cause,street_direction,street_no,traffic_control_device,trafficway_type,weather_condition,private_property_i,hit_and_run_i,intersection_related_i,crash_date_est_i,work_zone_i,workers_present_i,veh_count,ppl_count,veh_area_01_i_list_json,veh_area_02_i_list_json,veh_area_12_i_list_json,veh_crash_date_list_json,veh_crash_unit_id_list_json,veh_first_contact_point_list_json,veh_lic_plate_state_list_json,veh_make_list_json,veh_maneuver_list_json,veh_model_list_json,veh_occupant_cnt_list_json,veh_travel_direction_list_json,veh_unit_no_list_json,veh_unit_type_list_json,veh_vehicle_defect_list_json,veh_vehicle_id_list_json,veh_vehicle_type_list_json,veh_vehicle_use_list_json,veh_vehicle_year_list_json,veh_area_03_i_list_json,veh_area_04_i_list_json,veh_area_11_i_list_json,veh_towed_by_list_json,veh_towed_i_list_json,veh_area_07_i_list_json,veh_area_99_i_list_json,veh_area_09_i_list_json,veh_area_10_i_list_json,veh_cmrc_veh_i_list_json,veh_num_passengers_list_json,veh_area_08_i_list_json,veh_area_00_i_list_json,veh_area_05_i_list_json,veh_area_06_i_list_json,veh_towed_to_list_json,ppl_age_list_json,ppl_airbag_deployed_list_json,ppl_bac_result_list_json,ppl_city_list_json,ppl_crash_date_list_json,ppl_driver_action_list_json,ppl_driver_vision_list_json,ppl_drivers_license_class_list_json,ppl_drivers_license_state_list_json,ppl_ejection_list_json,ppl_hospital_list_json,ppl_person_id_list_json,ppl_person_type_list_json,ppl_physical_condition_list_json,ppl_safety_equipment_list_json,ppl_sex_list_json,ppl_state_list_json,ppl_vehicle_id_list_json,ppl_zipcode_list_json,ppl_ems_agency_list_json,ppl_seat_no_list_json,ppl_pedpedal_action_list_json,ppl_pedpedal_location_list_json,ppl_pedpedal_visibility_list_json,ppl_ems_run_no_list_json,year,month,hour,day,is_weekend,hour_bin,lat_bin,lng_bin,grid_id,ppl_age_mean,ppl_age_min,ppl_age_max,prim_contributory_cause_group,ksi_flag
STRAIGHT AND LEVEL,1512,2025-10-04 21:59:00,7,21,10,A452CFDFF7C479994647E60DB5DA6D6A5DECDAEB6A0A71AC6428E2E01B88B5274535F9CF980CF0DD3130C7F7A93DE413C6F5AEF73206D01BCBFA29B9623A3FA5,NO INJURY / DRIVE AWAY,"$501 - $1,500",NO CONTROLS,REAR END,41.8822822382,"DARKNESS, LIGHTED ROAD",-87.7701662112,2,25,FOLLOWING TOO CLOSELY,NO DEFECTS,DRY,NOT APPLICABLE,W,5806,TRAFFIC SIGNAL,TRAFFIC ROUTE,CLEAR,0.0,0.0,0.0,0.0,0.0,1.0,1,4,"[""Y""]",[],"[""Y""]","[""2025-10-04T21:59:00.000""]","[""2163848"", ""2163849""]","[""REAR"", ""UNKNOWN""]","[""IL""]","[""CHEVROLET"", ""TOYOTA""]","[""STRAIGHT AHEAD""]","[""CAMRY"", ""TRAVERSE""]","[""1"", ""3""]","[""S""]","[""1"", ""2""]","[""DRIVER""]","[""NONE"", ""UNKNOWN""]","[""2062718"", ""2062719""]","[""PASSENGER""]","[""PERSONAL""]","[""2011"", ""2015""]",[],[],"[""Y""]",[],[],"[""Y""]",[],[],[],[],"[""2""]",[],[],"[""Y""]","[""Y""]",[],"['1', '23', '41', '47']","[""DEPLOYMENT UNKNOWN"", ""NOT APPLICABLE""]","[""TEST NOT OFFERED""]","[""CHICAGO""]","[""2025-10-04T21:59:00.000""]","[""FOLLOWED TOO CLOSELY"", ""UNKNOWN""]","[""NOT OBSCURED"", ""UNKNOWN""]","[""D""]","[""IL"", ""TX""]","[""NONE"", ""UNKNOWN""]",[],"[""O2163848"", ""O2163849"", ""P477549"", ""P477550""]","[""DRIVER"", ""PASSENGER""]","[""NORMAL""]","[""CHILD RESTRAINT - FORWARD FACING"", ""SAFETY BELT USED""]","[""F"", ""M""]","[""IL""]","[""2062718"", ""2062719""]","[""60624"", ""60641"", ""60651""]",[],"[""10"", ""11""]",[],[],[],[],2025,10,21,4,True,evening,41.88,-87.77,41.88_-87.77,28.0,1,47,FOLLOWING TOO CLOSELY,0
STRAIGHT AND LEVEL,2223,2025-10-04 21:55:00,7,21,10,19F2946319FF0DCA132666C14AAD26DFB1C0315443A3340FA51BEEC41A1480723ECA3D63C60C6AE06F655D47A51BF21896FD6AD8FCD6AB2F9A38E43AF620822F,NO INJURY / DRIVE AWAY,$500 OR LESS,FUNCTIONING PROPERLY,SIDESWIPE SAME DIRECTION,41.7152239326,"DARKNESS, LIGHTED ROAD",-87.642983674,2,30,IMPROPER OVERTAKING/PASSING,UNKNOWN,DRY,FAILING TO YIELD RIGHT-OF-WAY,W,776,TRAFFIC SIGNAL,ONE-WAY,CLEAR,0.0,0.0,0.0,0.0,0.0,1.0,1,1,"[""N""]","[""Y""]",[],"[""2025-10-04T21:55:00.000""]","[""2163852"", ""2163853""]","[""FRONT-LEFT-CORNER"", ""SIDE-RIGHT-FRONT""]","[""IL""]","[""HONDA"", ""JEEP""]","[""MERGING"", ""STRAIGHT AHEAD""]","[""CHEROKEE"", ""FIT""]","[""1"", ""2""]","[""W""]","[""1"", ""2""]","[""DRIVER""]","[""UNKNOWN""]","[""2062723"", ""2062724""]","[""PASSENGER""]","[""PERSONAL"", ""UNKNOWN/NA""]","[""2015"", ""2019""]",[],[],"[""Y""]",[],[],[],[],[],[],[],"[""1""]",[],[],[],[],[],['97'],"[""DEPLOYMENT UNKNOWN"", ""DID NOT DEPLOY""]","[""TEST NOT OFFERED""]","[""CHICAGO"", ""PLAINFIELD""]","[""2025-10-04T21:55:00.000""]","[""IMPROPER LANE CHANGE"", ""NONE""]","[""NOT OBSCURED"", ""UNKNOWN""]","[""D""]","[""IL""]","[""NONE""]",[],"[""O2163852"", ""O2163853"", ""P477553""]","[""DRIVER"", ""PASSENGER""]","[""NORMAL"", ""UNKNOWN""]","[""SAFETY BELT USED"", ""USAGE UNKNOWN""]","[""F"", ""M""]","[""IL""]","[""2062723"", ""2062724""]","[""60544"", ""60643""]",[],"[""5""]",[],[],[],[],2025,10,21,4,True,evening,41.72,-87.64,41.72_-87.64,97.0,97,97,OTHER,0
STRAIGHT AND LEVEL,2223,2025-10-04 21:50:00,7,21,10,3C5157AE05EACE0A6383C7466B6D3E037F4105A729C8737502636ED2F589CC526A1FEFB0072FA36DA90BFF790FA57E66D00A81D0F84F14A44F530714A8D1C181,NO INJURY / DRIVE AWAY,"OVER $1,500",NO CONTROLS,SIDESWIPE SAME DIRECTION,41.71602036,"DARKNESS, LIGHTED ROAD",-87.6432192231,2,30,UNABLE TO DETERMINE,UNKNOWN,DRY,UNABLE TO DETERMINE,W,802,TRAFFIC SIGNAL,ONE-WAY,CLEAR,0.0,0.0,0.0,0.0,0.0,1.0,1,2,[],[],[],"[""2025-10-04T21:50:00.000""]","[""2163872"", ""2163873""]","[""FRONT-LEFT-CORNER"", ""REAR-RIGHT-CORNER""]","[""IL""]","[""HONDA"", ""JEEP""]","[""MERGING"", ""STRAIGHT AHEAD""]","[""CHEROKEE"", ""OTHER (EXPLAIN IN NARRATIVE)""]","[""1""]","[""W""]","[""1"", ""2""]","[""DRIVER""]","[""UNKNOWN""]","[""2062740"", ""2062744""]","[""PASSENGER"", ""SPORT UTILITY VEHICLE (SUV)""]","[""PERSONAL"", ""UNKNOWN/NA""]","[""2015"", ""2019""]",[],"[""Y""]","[""Y""]",[],[],[],[],[],[],[],[],[],[],"[""Y""]",[],[],"['26', '75']","[""DID NOT DEPLOY""]","[""TEST NOT OFFERED""]","[""CHICAGO""]","[""2025-10-04T21:50:00.000""]","[""NONE"", ""UNKNOWN""]","[""NOT OBSCURED"", ""UNKNOWN""]","[""D""]","[""IL""]","[""NONE""]",[],"[""O2163872"", ""O2163873""]","[""DRIVER""]","[""NORMAL"", ""UNKNOWN""]","[""SAFETY BELT USED"", ""USAGE UNKNOWN""]","[""F"", ""M""]","[""IL""]","[""2062740"", ""2062744""]","[""60636"", ""60643""]",[],[],[],[],[],[],2025,10,21,4,True,evening,41.72,-87.64,41.72_-87.64,50.5,26,75,OTHER,0
STRAIGHT AND LEVEL,424,2025-10-04 21:45:00,7,21,10,4648A0DAF25A37CDE8D0B54514647F62665E3B96622D31056E8C8EACB528E7816872A94A45F42EF5EC9DC0C139E6B3BCFEB9C3BA70DDA3E2B469590F92E0B8A7,NO INJURY / DRIVE AWAY,$500 OR LESS,NO CONTROLS,PARKED MOTOR VEHICLE,41.7300418115,"DARKNESS, LIGHTED ROAD",-87.5448007222,2,30,FAILING TO REDUCE SPEED TO AVOID CRASH,NO DEFECTS,DRY,FAILING TO REDUCE SPEED TO AVOID CRASH,E,3251,NO CONTROLS,NOT DIVIDED,CLEAR,0.0,0.0,0.0,0.0,0.0,1.0,2,1,[],[],"[""Y""]","[""2025-10-04T21:45:00.000""]","[""2163868"", ""2163869""]","[""FRONT"", ""REAR""]","[""IL""]","[""CHEVROLET"", ""JAGUAR""]","[""PARKED"", ""STRAIGHT AHEAD""]","[""F-TYPE"", ""OTHER (EXPLAIN IN NARRATIVE)""]","[""1""]","[""E""]","[""1"", ""2""]","[""DRIVER"", ""PARKED""]","[""NONE"", ""UNKNOWN""]","[""2062731"", ""2062732""]","[""PASSENGER""]","[""PERSONAL""]","[""2021"", ""2022""]",[],[],[],[],[],[],[],[],[],[],"[""1""]",[],[],[],"[""Y""]",[],['47'],"[""NOT APPLICABLE""]","[""TEST NOT OFFERED""]","[""SOUTH HOLLAND""]","[""2025-10-04T21:45:00.000""]","[""UNKNOWN""]","[""UNKNOWN""]",[],[],"[""NONE""]",[],"[""O2163868"", ""P477554""]","[""DRIVER"", ""PASSENGER""]","[""UNKNOWN""]","[""NONE PRESENT""]","[""M""]","[""IL""]","[""2062731"", ""2062732""]","[""60473""]",[],"[""1""]",[],[],[],[],2025,10,21,4,True,evening,41.73,-87.54,41.73_-87.54,47.0,47,47,SPEEDING,0
STRAIGHT AND LEVEL,2211,2025-10-04 21:30:00,7,21,10,22B8D1DA93279F2A4A7B1ED1EA4E1B05763DBB731FA46541B6DA3933AD9F3FBB4C2107F804244B858C975009BDBA2174A60110AD4A50DBB69C7E1C67D357E0D5,NO INJURY / DRIVE AWAY,"$501 - $1,500",FUNCTIONING PROPERLY,TURNING,41.6840510278,"DARKNESS, LIGHTED ROAD",-87.7215798335,2,30,IMPROPER LANE USAGE,UNKNOWN,DRY,IMPROPER OVERTAKING/PASSING,W,4038,NO CONTROLS,NOT DIVIDED,CLEAR,0.0,0.0,0.0,0.0,0.0,1.0,1,1,[],[],[],"[""2025-10-04T21:30:00.000""]","[""2163909"", ""2163910""]","[""SIDE-LEFT-FRONT"", ""UNKNOWN""]","[""IL""]","[""CHEVROLET"", ""JEEP""]","[""PASSING/OVERTAKING"", ""TURNING LEFT""]","[""TAHOE"", ""WAGONEER""]","[""1""]","[""E""]","[""1"", ""2""]","[""DRIVER""]","[""UNKNOWN""]","[""2062769"", ""2062770""]","[""PASSENGER""]","[""PERSONAL""]","[""2024"", ""2025""]",[],[],"[""Y""]",[],[],[],[],[],"[""Y""]",[],[],[],[],[],[],[],['42'],"[""DEPLOYMENT UNKNOWN"", ""DID NOT DEPLOY""]","[""TEST NOT OFFERED""]","[""CHICAGO"", ""OAK LAWN""]","[""2025-10-04T21:30:00.000""]","[""IMPROPER PASSING"", ""NONE""]","[""NOT OBSCURED"", ""UNKNOWN""]","[""D""]","[""IL""]","[""NONE""]",[],"[""O2163909"", ""O2163910""]","[""DRIVER""]","[""NORMAL"", ""UNKNOWN""]","[""SAFETY BELT USED"", ""USAGE UNKNOWN""]","[""F"", ""M""]","[""IL""]","[""2062769"", ""2062770""]","[""60453"", ""60638""]",[],[],[],[],[],[],2025,10,21,4,True,evening,41.68,-87.72,41.68_-87.72,42.0,42,42,OTHER,0
STRAIGHT AND LEVEL,432,2025-10-04 21:30:00,7,21,10,823FBC11F267C4CE1F990A0FE93675D5EDE0A3FBC5C82051F47F3FA469004385CF93444F5DA3533C30ACAF710BFC372983C5C40DAFEFAA10F330F040F6249165,NO INJURY / DRIVE AWAY,"OVER $1,500",NO CONTROLS,ANGLE,41.6990422698,UNKNOWN,-87.5402330703,2,25,NOT APPLICABLE,UNKNOWN,UNKNOWN,NOT APPLICABLE,S,10800,STOP SIGN/FLASHER,NOT DIVIDED,CLEAR,0.0,1.0,0.0,0.0,0.0,1.0,1,1,[],[],[],"[""2025-10-04T21:30:00.000""]","[""2163864"", ""2163865""]","[""FRONT"", ""UNKNOWN""]","[""IL""]","[""HONDA"", ""UNKNOWN""]","[""STRAIGHT AHEAD""]","[""ODYSSEY"", ""OTHER (EXPLAIN IN NARRATIVE)""]","[""1""]","[""N"", ""W""]","[""1"", ""2""]","[""DRIVER""]","[""NONE"", ""UNKNOWN""]","[""2062725"", ""2062730""]","[""PASSENGER"", ""UNKNOWN/NA""]","[""PERSONAL"", ""UNKNOWN/NA""]","[""2010""]",[],[],[],[],[],[],"[""Y""]",[],[],[],[],[],[],[],[],[],['38'],"[""DEPLOYMENT UNKNOWN""]","[""TEST NOT OFFERED""]","[""CHICAGO""]","[""2025-10-04T21:30:00.000""]","[""UNKNOWN""]","[""UNKNOWN""]","[""D""]","[""IL""]","[""UNKNOWN""]",[],"[""O2163864"", ""O2163865""]","[""DRIVER""]","[""NORMAL"", ""UNKNOWN""]","[""USAGE UNKNOWN""]","[""F"", ""X""]","[""IL""]","[""2062725"", ""2062730""]","[""60617""]",[],[],[],[],[],[],2025,10,21,4,True,evening,41.7,-87.54,41.7_-87.54,38.0,38,38,OTHER,0
STRAIGHT AND LEVEL,1732,2025-10-04 21:20:00,7,21,10,B9914F1CCABF3B3741D1E838C60F5E0EE3F6F6DD75187136A411914AC6385CDAAEFA6CC555F85C78D93C316246983ACC66B165B62FF6C439161C3C785676317C,NO INJURY / DRIVE AWAY,"OVER $1,500",FUNCTIONING PROPERLY,REAR END,41.9537461868,"DARKNESS, LIGHTED ROAD",-87.7129631256,2,30,UNABLE TO DETERMINE,UNKNOWN,DRY,UNABLE TO DETERMINE,W,3401,TRAFFIC SIGNAL,FOUR WAY,CLEAR,0.0,0.0,0.0,0.0,0.0,1.0,1,2,"[""Y""]",[],"[""Y""]","[""2025-10-04T21:20:00.000""]","[""2163839"", ""2163840""]","[""FRONT"", ""REAR""]","[""IL""]","[""FORD"", ""HONDA""]","[""STRAIGHT AHEAD""]","[""CIVIC"", ""ESCAPE""]","[""1"", ""2""]","[""E""]","[""1"", ""2""]","[""DRIVER""]","[""UNKNOWN""]","[""2062703"", ""2062708""]","[""PASSENGER""]","[""PERSONAL""]","[""2008"", ""2024""]",[],[],"[""Y""]",[],[],"[""Y""]",[],[],[],[],"[""1""]",[],[],"[""Y""]","[""Y""]",[],"['28', '43']","[""DID NOT DEPLOY""]","[""TEST NOT OFFERED""]","[""CHICAGO"", ""SCHILLER PK""]","[""2025-10-04T21:20:00.000""]","[""OTHER""]","[""NOT OBSCURED"", ""UNKNOWN""]","[""D""]","[""IL""]","[""NONE""]",[],"[""O2163839"", ""O2163840"", ""P477538""]","[""DRIVER"", ""PASSENGER""]","[""NORMAL"", ""UNKNOWN""]","[""SAFETY BELT USED"", ""USAGE UNKNOWN""]","[""F""]","[""IL""]","[""2062703"", ""2062708""]","[""60176"", ""60618"", ""60622""]",[],"[""2""]",[],[],[],[],2025,10,21,4,True,evening,41.95,-87.71,41.95_-87.71,35.5,28,43,OTHER,0
STRAIGHT AND LEVEL,114,2025-10-04 21:10:00,7,21,10,A7388406F2FB215479809A16B8AAACEB8E537AAD9D471EA1FED84BADF83C8E00D85CC7F8526BD658CC6004431D71983588974565ECE6C9460A56DABAF5EE4C8D,INJURY AND / OR TOW DUE TO CRASH,"$501 - $1,500",FUNCTIONING PROPERLY,SIDESWIPE SAME DIRECTION,41.8757110332,"DARKNESS, LIGHTED ROAD",-87.6207367629,2,30,IMPROPER OVERTAKING/PASSING,NO DEFECTS,DRY,NOT APPLICABLE,S,500,TRAFFIC SIGNAL,T-INTERSECTION,CLEAR,0.0,0.0,0.0,0.0,0.0,1.0,1,2,[],[],[],"[""2025-10-04T21:10:00.000""]","[""2163843"", ""2163844""]","[""FRONT-LEFT-CORNER"", ""REAR-RIGHT-CORNER""]","[""IL""]","[""LEXUS"", ""TOYOTA""]","[""PASSING/OVERTAKING"", ""STRAIGHT AHEAD""]","[""ES"", ""HIGHLANDER""]","[""2"", ""4""]","[""N""]","[""1"", ""2""]","[""DRIVER""]","[""NONE""]","[""2062709"", ""2062714""]","[""PASSENGER"", ""VAN/MINI-VAN""]","[""PERSONAL""]","[""2022"", ""2025""]",[],[],"[""Y""]",[],[],[],[],[],"[""Y""]",[],"[""1"", ""3""]",[],[],[],[],[],"['49', '50']","[""DID NOT DEPLOY"", ""NOT APPLICABLE""]","[""TEST NOT OFFERED""]","[""BOLINGBROOK"", ""FOREST PARK""]","[""2025-10-04T21:10:00.000""]","[""UNKNOWN""]","[""NOT OBSCURED""]",[],"[""IL""]","[""NONE""]",[],"[""O2163843"", ""O2163844"", ""P477540"", ""P477542"", ""P477543"", ""P477544""]","[""DRIVER"", ""PASSENGER""]","[""NORMAL""]","[""SAFETY BELT USED""]","[""F"", ""M""]","[""IL""]","[""2062709"", ""2062714""]","[""60130"", ""60430"", ""60490""]",[],"[""3"", ""4"", ""6""]",[],[],[],[],2025,10,21,4,True,evening,41.88,-87.62,41.88_-87.62,49.5,49,50,OTHER,1
STRAIGHT AND LEVEL,533,2025-10-04 21:05:00,7,21,10,184EECA19BF1612166E8E06BC7A1C7303E984459C51692D928CB5E00DE82D021E6E3AD4F885B4B22D39711DE3D6A169C7A71FA2B3CE616FC9EDFCE1F77FABFB0,INJURY AND / OR TOW DUE TO CRASH,"OVER $1,500",FUNCTIONING PROPERLY,FIXED OBJECT,41.6471449535,"DARKNESS, LIGHTED ROAD",-87.6171165701,1,30,UNABLE TO DETERMINE,NO DEFECTS,DRY,NOT APPLICABLE,E,200,TRAFFIC SIGNAL,NOT DIVIDED,CLEAR,0.0,0.0,0.0,0.0,0.0,1.0,1,0,"[""Y""]","[""Y""]","[""Y""]","[""2025-10-04T21:05:00.000""]","[""2163861""]","[""FRONT-RIGHT-CORNER""]","[""IL""]","[""HONDA""]","[""UNKNOWN/NA""]","[""ACCORD""]","[""0""]","[""N""]","[""1""]","[""DRIVERLESS""]","[""UNKNOWN""]","[""2062728""]","[""PASSENGER""]","[""UNKNOWN/NA""]","[""2022""]","[""Y""]",[],[],[],"[""Y""]",[],[],[],[],[],[],[],[],[],[],[],[],"[""DID NOT DEPLOY""]","[""TEST NOT OFFERED""]","[""CHICAGO""]","[""2025-10-07T08:00:00.000""]","[""UNKNOWN""]","[""UNKNOWN""]","[""D""]","[""IL""]","[""NONE""]",[],"[""O2161905"", ""O2161906""]","[""DRIVER""]","[""NORMAL""]","[""USAGE UNKNOWN""]","[""F"", ""M""]","[""IL""]",[],[],[],[],[],[],[],[],2025,10,21,4,True,evening,41.65,-87.62,41.65_-87.62,0.0,0,0,OTHER,0
STRAIGHT AND LEVEL,935,2025-10-04 21:00:00,7,21,10,F8783E883649C9353563AA00C858B19F4BFDD4836AEBFC6E278443000982AC99476D65C823AF0488B32FD6E545E0C508501D2A1BDDCF633ED5EC3DC194E543C7,NO INJURY / DRIVE AWAY,"$501 - $1,500",FUNCTIONING PROPERLY,TURNING,41.8090958212,"DARKNESS, LIGHTED ROAD",-87.632731197,2,30,IMPROPER TURNING/NO SIGNAL,NO DEFECTS,DRY,IMPROPER TURNING/NO SIGNAL,S,4700,TRAFFIC SIGNAL,FOUR WAY,CLEAR,0.0,0.0,1.0,0.0,0.0,1.0,1,3,"[""Y""]","[""Y""]",[],"[""2025-10-04T21:00:00.000""]","[""2163832"", ""2163833""]","[""FRONT-RIGHT-CORNER"", ""REAR-LEFT-CORNER""]","[""IL""]","[""ACURA"", ""GENESIS""]","[""TURNING LEFT""]","[""G70"", ""ILX""]","[""1"", ""2""]","[""S""]","[""1"", ""2""]","[""DRIVER""]","[""NONE""]","[""2062698"", ""2062706""]","[""PASSENGER"", ""SPORT UTILITY VEHICLE (SUV)""]","[""PERSONAL""]","[""2025""]",[],[],[],[],[],"[""Y""]",[],[],[],[],"[""1""]",[],[],[],[],[],"['23', '24', '31']","[""NOT APPLICABLE""]","[""TEST NOT OFFERED""]","[""CHICAGO""]","[""2025-10-04T21:00:00.000""]","[""IMPROPER TURN"", ""NONE""]","[""NOT OBSCURED""]","[""D""]","[""IL""]","[""NONE""]",[],"[""O2163832"", ""O2163833"", ""P477539""]","[""DRIVER"", ""PASSENGER""]","[""NORMAL""]","[""NONE PRESENT"", ""SAFETY BELT USED"", ""USAGE UNKNOWN""]","[""F"", ""M""]","[""IL""]","[""2062698"", ""2062706""]","[""60612"", ""60643"", ""60653""]",[],"[""3""]",[],[],[],[],2025,10,21,4,True,evening,41.81,-87.63,41.81_-87.63,26.0,23,31,OTHER,0
STRAIGHT AND LEVEL,333,2025-10-04 20:55:00,7,20,10,6D6C70B73AE99498643CEF085720954F1C2C74ED956571B90924CC5870A3666FF0474E97E78D640C6799DB568BA65A4EAC1F2F3261F804DBC52F219258EC5966,NO INJURY / DRIVE AWAY,"$501 - $1,500",FUNCTIONING PROPERLY,TURNING,41.7659112231,"DARKNESS, LIGHTED ROAD",-87.5782848346,2,30,UNABLE TO DETERMINE,UNKNOWN,DRY,UNABLE TO DETERMINE,S,7102,STOP SIGN/FLASHER,T-INTERSECTION,CLEAR,0.0,0.0,1.0,0.0,0.0,1.0,1,3,"[""Y""]","[""Y""]",[],"[""2025-10-04T20:55:00.000""]","[""2163845"", ""2163846""]","[""FRONT-LEFT-CORNER"", ""SIDE-RIGHT""]","[""IL""]","[""KIA"", ""MERCEDES-BENZ""]","[""STRAIGHT AHEAD"", ""TURNING RIGHT""]","[""GLC"", ""OTHER (EXPLAIN IN NARRATIVE)""]","[""1"", ""2""]","[""E"", ""N""]","[""1"", ""2""]","[""DRIVER""]","[""UNKNOWN""]","[""2062710"", ""2062716""]","[""PASSENGER"", ""SPORT UTILITY VEHICLE (SUV)""]","[""PERSONAL""]","[""2018"", ""2025""]","[""Y""]","[""Y""]","[""Y""]",[],[],[],[],[],[],[],"[""1""]",[],[],"[""Y""]",[],[],"['26', '35', '36']","[""DEPLOYMENT UNKNOWN"", ""DID NOT DEPLOY""]","[""TEST NOT OFFERED""]","[""CHICAGO"", ""PARK FOREST""]","[""2025-10-04T20:55:00.000""]","[""NONE"", ""UNKNOWN""]","[""UNKNOWN""]","[""D7""]","[""IL""]","[""NONE"", ""UNKNOWN""]",[],"[""O2163845"", ""O2163846"", ""P477541""]","[""DRIVER"", ""PASSENGER""]","[""NORMAL"", ""UNKNOWN""]","[""USAGE UNKNOWN""]","[""F"", ""M""]","[""IL""]","[""2062710"", ""2062716""]","[""60466"", ""60637""]",[],"[""3""]",[],[],[],[],2025,10,20,4,True,evening,41.77,-87.58,41.77_-87.58,32.333333333333336,26,36,OTHER,0
STRAIGHT AND LEVEL,121,2025-10-04 20:50:00,7,20,10,1C7BFE6454EBC984ADD5504AD9982112D13D31489180ADB9528C3483D9677510AFC7E417D336242E2BCDF8DA40EAF97522AA72D2B63CA0F2C07BE2D72643DE32,NO INJURY / DRIVE AWAY,"OVER $1,500",FUNCTIONING PROPERLY,SIDESWIPE SAME DIRECTION,41.8835653128,DAYLIGHT,-87.6396372837,2,30,UNABLE TO DETERMINE,NO DEFECTS,DRY,UNABLE TO DETERMINE,N,111,TRAFFIC SIGNAL,ONE-WAY,CLEAR,0.0,0.0,0.0,0.0,0.0,1.0,1,2,"[""Y""]","[""Y""]","[""Y""]","[""2025-10-04T20:50:00.000""]","[""2163859"", ""2163860""]","[""FRONT-LEFT-CORNER"", ""FRONT-RIGHT-CORNER""]","[""IL"", ""NV""]","[""TESLA"", ""TOYOTA""]","[""PASSING/OVERTAKING"", ""STRAIGHT AHEAD""]","[""OTHER (EXPLAIN IN NARRATIVE)"", ""RAV4""]","[""1""]","[""E""]","[""1"", ""2""]","[""DRIVER""]","[""NONE""]","[""2062729"", ""2062733""]","[""PASSENGER""]","[""PERSONAL""]","[""2019"", ""2024""]",[],[],"[""Y""]",[],[],[],"[""Y""]",[],"[""Y""]",[],[],[],[],[],[],[],"['27', '33']","[""NOT APPLICABLE""]","[""TEST NOT OFFERED""]","[""LAS VEGAS"", ""SCHAUMBURG""]","[""2025-10-04T20:50:00.000""]","[""NONE""]","[""NOT OBSCURED""]","[""C"", ""D""]","[""IL"", ""NV""]","[""NONE""]",[],"[""O2163859"", ""O2163860""]","[""DRIVER""]","[""NORMAL""]","[""NONE PRESENT""]","[""F""]","[""IL"", ""NV""]","[""2062729"", ""2062733""]","[""60193"", ""89123""]",[],[],[],[],[],[],2025,10,20,4,True,evening,41.88,-87.64,41.88_-87.64,30.0,27,33,OTHER,0
STRAIGHT AND LEVEL,2521,2025-10-04 20:50:00,7,20,10,C9198C7355FBD3B7705077108C14D7DE361A98BF4192C51D61C458A7036522A44FE12E1F934D773DEB78056A1AD569C3BD286C84884275F0E74973E8501F5DF4,INJURY AND / OR TOW DUE TO CRASH,"OVER $1,500",NO CONTROLS,PARKED MOTOR VEHICLE,41.9373364468,"DARKNESS, LIGHTED ROAD",-87.7457029729,2,25,UNABLE TO DETERMINE,NO DEFECTS,DRY,NOT APPLICABLE,N,3108,NO CONTROLS,ONE-WAY,CLEAR,0.0,1.0,0.0,0.0,0.0,1.0,2,0,"[""Y""]","[""Y""]",[],"[""2025-10-04T20:50:00.000""]","[""2166107"", ""2166108""]","[""SIDE-LEFT-REAR"", ""UNKNOWN""]","[""IL""]","[""GENERAL MOTORS CORPORATION (GMC)"", ""UNKNOWN""]","[""PARKED"", ""STRAIGHT AHEAD""]","[""OTHER (EXPLAIN IN NARRATIVE)""]","[""0"", ""1""]","[""S""]","[""1"", ""2""]","[""DRIVER"", ""PARKED""]","[""UNKNOWN""]","[""2064844"", ""2064845""]","[""PICKUP"", ""VAN/MINI-VAN""]","[""UNKNOWN/NA""]","[""2007""]",[],[],"[""Y""]","[""PRIVATE""]","[""Y""]",[],"[""Y""]","[""Y""]","[""Y""]",[],[],"[""Y""]",[],[],[],[],[],"[""DEPLOYMENT UNKNOWN""]","[""TEST NOT OFFERED""]",[],"[""2025-10-04T20:50:00.000""]","[""UNKNOWN""]","[""UNKNOWN""]",[],[],"[""UNKNOWN""]",[],"[""O2166107""]","[""DRIVER""]","[""UNKNOWN""]","[""USAGE UNKNOWN""]","[""X""]",[],"[""2064844""]",[],[],[],[],[],[],[],2025,10,20,4,True,evening,41.94,-87.75,41.94_-87.75,0.0,0,0,OTHER,0