alignment,beat_of_occurrence,crash_date,crash_day_of_week,crash_hour,crash_month,crash_record_id,crash_type,damage,device_condition,first_crash_type,latitude,lighting_condition,longitude,num_units,posted_speed_limit,prim_contributory_cause,road_defect,roadway_surface_cond,sec_contributory_cause,street_direction,street_no,traffic_control_device,trafficway_type,weather_condition,private_property_i,hit_and_run_i,intersection_related_i,crash_date_est_i,work_zone_i,workers_present_i,veh_count,ppl_count,veh_area_01_i_list_json,veh_area_02_i_list_json,veh_area_12_i_list_json,veh_crash_date_list_json,veh_crash_unit_id_list_json,veh_first_contact_point_list_json,veh_lic_plate_state_list_json,veh_make_list_json,veh_maneuver_list_json,veh_model_list_json,veh_occupant_cnt_list_json,veh_travel_direction_list_json,veh_unit_no_list_json,veh_unit_type_list_json,veh_vehicle_defect_list_json,veh_vehicle_id_list_json,veh_vehicle_type_list_json,veh_vehicle_use_list_json,veh_vehicle_year_list_json,veh_area_03_i_list_json,veh_area_04_i_list_json,veh_area_11_i_list_json,veh_towed_by_list_json,veh_towed_i_list_json,veh_area_07_i_list_json,veh_area_99_i_list_json,veh_area_09_i_list_json,veh_area_10_i_list_json,veh_cmrc_veh_i_list_json,veh_num_passengers_list_json,veh_area_08_i_list_json,veh_area_00_i_list_json,veh_area_05_i_list_json,veh_area_06_i_list_json,veh_towed_to_list_json,ppl_age_list_json,ppl_airbag_deployed_list_json,ppl_bac_result_list_json,ppl_city_list_json,ppl_crash_date_list_json,ppl_driver_action_list_json,ppl_driver_vision_list_json,ppl_drivers_license_class_list_json,ppl_drivers_license_state_list_json,ppl_ejection_list_json,ppl_hospital_list_json,ppl_person_id_list_json,ppl_person_type_list_json,ppl_physical_condition_list_json,ppl_safety_equipment_list_json,ppl_sex_list_json,ppl_state_list_json,ppl_vehicle_id_list_json,ppl_zipcode_list_json,ppl_ems_agency_list_json,ppl_seat_no_list_json,ppl_pedpedal_action_list_json,ppl_pedpedal_location_list_json,ppl_pedpedal_visibility_list_json,ppl_ems_run_no_list_json,year,month,hour,day,is_weekend,hour_bin,lat_bin,lng_bin,grid_id,ppl_age_mean,ppl_age_min,ppl_age_max,prim_contributory_cause_group,ksi_flag
STRAIGHT AND LEVEL,1433,2025-10-04 20:50:00,7,20,10,2D68630A96A28D3E4FD381E71FE12A6CFAF5C3EB95E680223CEFAB412AFB76F40098416842890D1316A32636B60952096DB21F09C33D1A3B0D54DEB33652280E,NO INJURY / DRIVE AWAY,"$501 - $1,500",NO CONTROLS,PARKED MOTOR VEHICLE,41.9070494717,DARKNESS,-87.6597649708,2,30,UNABLE TO DETERMINE,NO DEFECTS,DRY,NOT APPLICABLE,N,1357,NO CONTROLS,NOT DIVIDED,CLEAR,0.0,0.0,0.0,0.0,0.0,1.0,2,1,"[""Y""]","[""Y""]",[],"[""2025-10-04T20:50:00.000""]","[""2163837"", ""2163838""]","[""OTHER"", ""SIDE-RIGHT""]","[""IL""]","[""DODGE"", ""FORD""]","[""PARKED"", ""STRAIGHT AHEAD""]","[""OTHER (EXPLAIN IN NARRATIVE)"", ""RAM PROMASTER""]","[""0"", ""1""]","[""UNKNOWN""]","[""1"", ""2""]","[""DRIVER"", ""PARKED""]","[""NONE""]","[""2062707"", ""2062712""]","[""SPORT UTILITY VEHICLE (SUV)"", ""VAN/MINI-VAN""]","[""OTHER"", ""PERSONAL""]","[""2022"", ""2024""]",[],[],"[""Y""]",[],[],[],[],[],[],[],[],[],[],[],[],[],['68'],"[""DID NOT DEPLOY""]","[""TEST NOT OFFERED""]","[""HICKORY HILLS""]","[""2025-10-04T20:50:00.000""]","[""UNKNOWN""]","[""NOT OBSCURED""]","[""D""]","[""IL""]","[""NONE""]",[],"[""O2163837""]","[""DRIVER""]","[""NORMAL""]","[""USAGE UNKNOWN""]","[""M""]","[""IL""]","[""2062707""]","[""60457""]",[],[],[],[],[],[],2025,10,20,4,True,evening,41.91,-87.66,41.91_-87.66,68.0,68,68,OTHER,0
STRAIGHT AND LEVEL,111,2025-10-04 20:45:00,7,20,10,5734D87DEC29BFF70C71B259D50E282139F71433A02D57DE5D9068D1F37FC93EA581136AB43562BB37B9859BE8340E8797ED21E814B8E014F71FD6956786F8E3,NO INJURY / DRIVE AWAY,"$501 - $1,500",FUNCTIONING PROPERLY,REAR END,41.8843806506,"DARKNESS, LIGHTED ROAD",-87.6279870457,2,30,FOLLOWING TOO CLOSELY,UNKNOWN,DRY,FOLLOWING TOO CLOSELY,W,1,TRAFFIC SIGNAL,FOUR WAY,CLEAR,0.0,0.0,0.0,0.0,0.0,1.0,1,0,[],[],"[""Y""]","[""2025-10-04T20:45:00.000""]","[""2163835"", ""2163836""]","[""FRONT"", ""REAR""]",[],"[""HONDA"", ""TOYOTA""]","[""OTHER"", ""SLOW/STOP IN TRAFFIC""]","[""ACCORD"", ""COROLLA""]","[""1""]","[""E""]","[""1"", ""2""]","[""DRIVER""]","[""UNKNOWN""]","[""2062699"", ""2062700""]","[""PASSENGER""]","[""PERSONAL"", ""UNKNOWN/NA""]",[],[],[],[],[],[],[],[],[],[],[],[],[],[],[],"[""Y""]",[],[],"[""DID NOT DEPLOY"", ""NOT APPLICABLE""]","[""TEST NOT OFFERED""]","[""EAST CHICAGO"", ""SKOKIE""]","[""2025-10-04T20:45:00.000""]","[""FOLLOWED TOO CLOSELY"", ""NONE""]","[""NOT OBSCURED"", ""UNKNOWN""]",[],"[""IL"", ""IN""]","[""NONE""]",[],"[""O2163835"", ""O2163836""]","[""DRIVER""]","[""NORMAL"", ""UNKNOWN""]","[""USAGE UNKNOWN""]","[""M""]","[""IN""]","[""2062699"", ""2062700""]","[""46312"", ""60076""]",[],[],[],[],[],[],2025,10,20,4,True,evening,41.88,-87.63,41.88_-87.63,0.0,0,0,FOLLOWING TOO CLOSELY,0
"CURVE, LEVEL",1834,2025-10-04 20:41:00,7,20,10,8E28075FFE35DF3D6EE98C71437D0DE22CE82188DE2A0ACF3920FA8DB4A7F716FAFB7C47F3BD296390FE9B6397FCB6EA12E4AF24F5A830D6D133137906A480B8,NO INJURY / DRIVE AWAY,"OVER $1,500",NO CONTROLS,FIXED OBJECT,41.8912792935,"DARKNESS, LIGHTED ROAD",-87.6141075333,1,15,DRIVING SKILLS/KNOWLEDGE/EXPERIENCE,UNKNOWN,DRY,NOT APPLICABLE,N,505,NO CONTROLS,OTHER,CLEAR,1.0,1.0,0.0,0.0,0.0,1.0,1,0,[],[],[],"[""2025-10-04T20:41:00.000""]","[""2163847""]","[""REAR-LEFT-CORNER""]","[""IN""]","[""UNKNOWN""]","[""U-TURN""]","[""OTHER (EXPLAIN IN NARRATIVE)""]","[""1""]","[""UNKNOWN""]","[""1""]","[""DRIVER""]","[""UNKNOWN""]","[""2062711""]","[""BUS UP TO 15 PASS.""]","[""UNKNOWN/NA""]",[],[],[],[],[],[],[],"[""Y""]",[],[],[],[],[],[],[],[],[],[],"[""DEPLOYMENT UNKNOWN""]","[""TEST NOT OFFERED""]",[],"[""2025-10-04T20:41:00.000""]","[""OTHER""]","[""UNKNOWN""]",[],[],"[""NONE""]",[],"[""O2163847""]","[""DRIVER""]","[""UNKNOWN""]","[""USAGE UNKNOWN""]","[""M""]",[],"[""2062711""]",[],[],[],[],[],[],[],2025,10,20,4,True,evening,41.89,-87.61,41.89_-87.61,0.0,0,0,OTHER,0
STRAIGHT AND LEVEL,232,2025-10-04 20:40:00,7,20,10,1FB2A0D3672F7FC6BEFFA75163D9B998E8D67546666931EEDBED103FB5764680DEF682016E80440C6FFA5807EA481F28EC3AD1DFB478D36D005AB2F77AE10C8A,INJURY AND / OR TOW DUE TO CRASH,"$501 - $1,500",FUNCTIONING PROPERLY,PEDESTRIAN,41.7908914292,"DARKNESS, LIGHTED ROAD",-87.6256472507,2,30,"EVASIVE ACTION DUE TO ANIMAL, OBJECT, NONMOTORIST",NO DEFECTS,DRY,"EVASIVE ACTION DUE TO ANIMAL, OBJECT, NONMOTORIST",W,1,STOP SIGN/FLASHER,NOT DIVIDED,CLEAR,0.0,0.0,0.0,1.0,0.0,1.0,2,2,[],[],"[""Y""]","[""2025-10-04T20:40:00.000""]","[""2163828"", ""2163829""]","[""FRONT""]","[""IL""]","[""CHEVROLET""]","[""STRAIGHT AHEAD""]","[""COLORADO""]","[""1""]","[""E""]","[""1"", ""2""]","[""DRIVER"", ""PEDESTRIAN""]","[""NONE""]","[""2062701""]","[""PICKUP""]","[""PERSONAL""]","[""2021""]",[],[],[],[],[],[],[],[],[],[],[],[],[],[],[],[],"['38', '42']","[""DID NOT DEPLOY""]","[""TEST NOT OFFERED""]","[""HARVEY"", ""MISHAWAKA""]","[""2025-10-04T20:40:00.000""]","[""FAILED TO YIELD"", ""NONE""]","[""UNKNOWN""]","[""D""]","[""IL""]","[""NONE""]","[""U OF C EMERGENCY ROOM""]","[""O2163828"", ""O2163829""]","[""DRIVER"", ""PEDESTRIAN""]","[""NORMAL"", ""UNKNOWN""]","[""NONE PRESENT"", ""SAFETY BELT USED""]","[""F"", ""M""]","[""IL"", ""IN""]","[""2062701""]","[""46545"", ""60426""]","[""49""]",[],"[""CROSSING - NO CONTROLS (NOT AT INTERSECTION)""]","[""IN ROADWAY""]","[""NO CONTRASTING CLOTHING""]",[],2025,10,20,4,True,evening,41.79,-87.63,41.79_-87.63,40.0,38,42,OTHER,1
STRAIGHT AND LEVEL,2223,2025-10-04 20:20:00,7,20,10,F8880284BBC327C89187E676A608CAF057D32B578071542A1D399E40152E1C19E4818F8A08CBE8050269E9D8B85845534B21E9C812989EA73F4B171C07C2973E,NO INJURY / DRIVE AWAY,"OVER $1,500",NO CONTROLS,PARKED MOTOR VEHICLE,41.7327457939,DARKNESS,-87.6351586102,2,30,UNABLE TO DETERMINE,NO DEFECTS,DRY,UNABLE TO DETERMINE,S,8854,NO CONTROLS,NOT DIVIDED,CLEAR,0.0,1.0,0.0,0.0,0.0,1.0,2,0,"[""Y""]","[""Y""]","[""Y""]","[""2025-10-04T20:20:00.000""]","[""2163799"", ""2163800""]","[""FRONT-LEFT-CORNER"", ""REAR""]","[""IL"", ""TN""]","[""JAGUAR"", ""SATURN""]","[""PARKED"", ""STRAIGHT AHEAD""]","[""VUE"", ""XJ6""]","[""0"", ""1""]","[""E""]","[""1"", ""2""]","[""DRIVER"", ""PARKED""]","[""NONE"", ""UNKNOWN""]","[""2062668"", ""2062677""]","[""PASSENGER"", ""UNKNOWN/NA""]","[""PERSONAL""]","[""2016"", ""2020""]",[],[],[],[],[],"[""Y""]",[],[],[],[],[],[],[],[],[],[],[],"[""DEPLOYMENT UNKNOWN""]","[""TEST NOT OFFERED""]",[],"[""2025-10-04T20:20:00.000""]","[""TOO FAST FOR CONDITIONS""]","[""UNKNOWN""]",[],[],"[""NONE""]",[],"[""O2163799""]","[""DRIVER""]","[""UNKNOWN""]","[""USAGE UNKNOWN""]","[""X""]",[],"[""2062677""]",[],[],[],[],[],[],[],2025,10,20,4,True,evening,41.73,-87.64,41.73_-87.64,0.0,0,0,OTHER,0
STRAIGHT AND LEVEL,1131,2025-10-04 20:15:00,7,20,10,BBEC24EB4576E58A771F867F8D508349CB834AFBF39D2DB39E615E220BFEA47C269F82353718498D574ECA1C5DC91B3DBE5BDE7EEE9523F898692C26B7E2DFD5,NO INJURY / DRIVE AWAY,"OVER $1,500",FUNCTIONING PROPERLY,REAR END,41.8690252459,DARKNESS,-87.7349210895,2,30,UNABLE TO DETERMINE,NO DEFECTS,DRY,UNABLE TO DETERMINE,S,957,TRAFFIC SIGNAL,NOT DIVIDED,CLEAR,0.0,1.0,0.0,0.0,0.0,1.0,1,1,"[""Y""]",[],"[""Y""]","[""2025-10-04T20:15:00.000""]","[""2163794"", ""2163795""]","[""FRONT"", ""REAR""]","[""IL""]","[""HONDA"", ""UNKNOWN""]","[""STRAIGHT AHEAD""]","[""MOTORIZED"", ""ODYSSEY""]","[""1""]","[""N""]","[""1"", ""2""]","[""DRIVER""]","[""NONE"", ""UNKNOWN""]","[""2062657"", ""2062662""]","[""PASSENGER""]","[""PERSONAL"", ""UNKNOWN/NA""]","[""2011""]",[],"[""Y""]","[""Y""]",[],[],"[""Y""]",[],[],"[""Y""]",[],[],[],[],"[""Y""]","[""Y""]",[],['55'],"[""DEPLOYED, FRONT"", ""NOT APPLICABLE""]","[""TEST NOT OFFERED""]","[""CHICAGO""]","[""2025-10-04T20:15:00.000""]","[""NONE"", ""UNKNOWN""]","[""NOT OBSCURED"", ""UNKNOWN""]","[""D""]","[""IL"", ""XX""]","[""NONE""]",[],"[""O2163794"", ""O2163795""]","[""DRIVER""]","[""NORMAL"", ""UNKNOWN""]","[""SAFETY BELT USED"", ""USAGE UNKNOWN""]","[""M""]","[""IL""]","[""2062657"", ""2062662""]","[""60644""]",[],[],[],[],[],[],2025,10,20,4,True,evening,41.87,-87.73,41.87_-87.73,55.0,55,55,OTHER,0
STRAIGHT AND LEVEL,914,2025-10-04 20:15:00,7,20,10,CA8E05FD1E8B91D050F815AFC7B81DE75B614A80243D3D3549F5C73C5B104842252774BEEBFE78291BFE89C8162290AE12E9525FE51EC35052F271D13C4F46DE,NO INJURY / DRIVE AWAY,"$501 - $1,500",FUNCTIONING PROPERLY,REAR END,41.8529769859,"DARKNESS, LIGHTED ROAD",-87.6309693986,2,30,UNABLE TO DETERMINE,NO DEFECTS,DRY,NOT APPLICABLE,W,138,TRAFFIC SIGNAL,DIVIDED - W/MEDIAN (NOT RAISED),CLEAR,0.0,1.0,0.0,0.0,0.0,1.0,1,1,[],[],[],"[""2025-10-04T20:15:00.000""]","[""2163880"", ""2163881""]","[""FRONT"", ""REAR""]","[""IL"", ""VA""]","[""FORD"", ""HYUNDAI""]","[""STRAIGHT AHEAD""]","[""MUSTANG"", ""SONATA""]","[""1"", ""2""]","[""W""]","[""1"", ""2""]","[""DRIVER""]","[""UNKNOWN""]","[""2062742"", ""2062745""]","[""PASSENGER"", ""SPORT UTILITY VEHICLE (SUV)""]","[""UNKNOWN/NA""]","[""2019""]",[],[],[],[],[],"[""N""]","[""Y""]",[],[],[],"[""1""]",[],[],"[""Y""]","[""Y""]",[],['26'],"[""DEPLOYMENT UNKNOWN"", ""DID NOT DEPLOY"", ""NOT APPLICABLE""]","[""TEST NOT OFFERED""]","[""ARLINGTON""]","[""2025-10-04T20:15:00.000""]","[""DISREGARDED CONTROL DEVICES"", ""NONE""]","[""UNKNOWN""]","[""D""]","[""VA""]","[""NONE""]",[],"[""O2163880"", ""O2163881"", ""P477559""]","[""DRIVER"", ""PASSENGER""]","[""UNKNOWN""]","[""USAGE UNKNOWN""]","[""F"", ""M"", ""X""]","[""VA""]","[""2062742"", ""2062745""]","[""22202""]",[],"[""3""]",[],[],[],[],2025,10,20,4,True,evening,41.85,-87.63,41.85_-87.63,26.0,26,26,OTHER,0
STRAIGHT AND LEVEL,1915,2025-10-04 20:13:00,7,20,10,B2FB887B0F2CCBF20C6C70597C6B98EC9131489695689951BE53D211F669E796A99F4B53EC06B7D571BC9AB009C3930A61573C629878DC6C84756AB8C46BC3DB,INJURY AND / OR TOW DUE TO CRASH,$500 OR LESS,FUNCTIONING PROPERLY,PEDESTRIAN,41.9546978495,"DARKNESS, LIGHTED ROAD",-87.6451193959,2,30,UNABLE TO DETERMINE,UNKNOWN,DRY,NOT APPLICABLE,N,4001,TRAFFIC SIGNAL,FOUR WAY,CLEAR,0.0,0.0,1.0,0.0,0.0,1.0,2,2,[],[],[],"[""2025-10-04T20:13:00.000""]","[""2163811"", ""2163812""]","[""FRONT-LEFT-CORNER""]","[""IL""]","[""NISSAN""]","[""TURNING LEFT""]","[""SENTRA""]","[""1""]","[""W""]","[""1"", ""2""]","[""DRIVER"", ""PEDESTRIAN""]","[""UNKNOWN""]","[""2062680""]","[""PASSENGER""]","[""UNKNOWN/NA""]","[""2012""]",[],[],[],[],[],[],"[""Y""]",[],[],[],[],[],[],[],[],[],"['22', '30']","[""DID NOT DEPLOY""]","[""TEST NOT OFFERED""]","[""CHICAGO""]","[""2025-10-04T20:13:00.000""]","[""UNKNOWN""]","[""UNKNOWN""]","[""D""]","[""IL""]","[""NONE""]","[""IL MASONIC""]","[""O2163811"", ""O2163812""]","[""DRIVER"", ""PEDESTRIAN""]","[""NORMAL"", ""UNKNOWN""]","[""NONE PRESENT"", ""USAGE UNKNOWN""]","[""F"", ""M""]","[""IL""]","[""2062680""]","[""60638""]","[""CFD A48""]",[],"[""UNKNOWN/NA""]","[""IN CROSSWALK""]","[""NO CONTRASTING CLOTHING""]",[],2025,10,20,4,True,evening,41.95,-87.65,41.95_-87.65,26.0,22,30,OTHER,1
STRAIGHT AND LEVEL,1724,2025-10-04 20:01:00,7,20,10,B12E15FFED143E977F1E60712578D001EB296A1057DBE6D71DC736E4BB7B3B4CEA8E875AA6B99DAFF5212AE3E4351444FDF664A9D75E9E4FFA1667F617DAF598,INJURY AND / OR TOW DUE TO CRASH,"OVER $1,500",NO CONTROLS,PARKED MOTOR VEHICLE,41.9540592615,"DARKNESS, LIGHTED ROAD",-87.7031908558,2,30,UNABLE TO DETERMINE,UNKNOWN,DRY,NOT APPLICABLE,W,3000,NO CONTROLS,DIVIDED - W/MEDIAN BARRIER,CLEAR,0.0,0.0,0.0,0.0,0.0,1.0,2,2,[],[],[],"[""2025-10-04T20:01:00.000""]","[""2163822"", ""2163823""]","[""FRONT-LEFT-CORNER"", ""UNKNOWN""]","[""IL""]","[""KIA"", ""NOVA BUS""]","[""PARKED IN TRAFFIC LANE"", ""STRAIGHT AHEAD""]","[""NIRO"", ""OTHER (EXPLAIN IN NARRATIVE)""]","[""1"", ""2""]","[""W""]","[""1"", ""2""]","[""DRIVER"", ""PARKED""]","[""UNKNOWN""]","[""2062688"", ""2062693""]","[""BUS OVER 15 PASS."", ""PASSENGER""]","[""CTA"", ""PERSONAL""]","[""2018"", ""2022""]",[],[],"[""Y""]",[],[],[],"[""Y""]",[],"[""Y""]",[],"[""2""]",[],[],[],[],[],"['34', '53']","[""NOT APPLICABLE""]","[""TEST NOT OFFERED""]","[""CHICAGO""]","[""2025-10-04T20:01:00.000""]","[""UNKNOWN""]","[""UNKNOWN""]","[""B""]","[""IL""]","[""NONE""]","[""SWEDISH""]","[""O2163823"", ""P477535"", ""P477536""]","[""DRIVER"", ""PASSENGER""]","[""NORMAL""]","[""USAGE UNKNOWN""]","[""F"", ""M""]","[""IL""]","[""2062688"", ""2062693""]","[""60618"", ""60646""]","[""CFD""]","[""1"", ""3""]",[],[],[],"[""61""]",2025,10,20,4,True,evening,41.95,-87.7,41.95_-87.7,43.5,34,53,OTHER,1
STRAIGHT AND LEVEL,1224,2025-10-04 20:00:00,7,20,10,7EAC464AF6F76FE1621FB895FD068250FFA1151E967FBAF7D30D2CA1D2E755DFEAFFC68D33D1238E4E06B71EA44D0C12494F6846C66BE4C4DE3D8A0504636393,NO INJURY / DRIVE AWAY,"OVER $1,500",NO CONTROLS,SIDESWIPE SAME DIRECTION,41.8855418494,"DARKNESS, LIGHTED ROAD",-87.6482289578,2,30,IMPROPER OVERTAKING/PASSING,NO DEFECTS,DRY,NOT APPLICABLE,W,817,NO CONTROLS,DIVIDED - W/MEDIAN (NOT RAISED),CLEAR,0.0,1.0,0.0,0.0,0.0,1.0,1,1,[],[],[],"[""2025-10-04T20:00:00.000""]","[""2163841"", ""2163842""]","[""FRONT-LEFT-CORNER"", ""REAR-RIGHT-CORNER""]","[""IL""]","[""MAZDA"", ""UNKNOWN""]","[""STRAIGHT AHEAD""]","[""CX-5"", ""OTHER (EXPLAIN IN NARRATIVE)""]","[""1"", ""3""]","[""E""]","[""1"", ""2""]","[""DRIVER""]","[""NONE"", ""UNKNOWN""]","[""2062705"", ""2062717""]","[""PASSENGER"", ""SPORT UTILITY VEHICLE (SUV)""]","[""UNKNOWN/NA""]","[""2017""]",[],"[""Y""]",[],[],[],[],"[""Y""]",[],[],[],"[""2""]",[],[],"[""Y""]",[],[],['45'],"[""DEPLOYMENT UNKNOWN"", ""DID NOT DEPLOY""]","[""TEST NOT OFFERED""]","[""CHICAGO""]","[""2025-10-04T20:00:00.000""]","[""IMPROPER PASSING"", ""NONE""]","[""UNKNOWN""]","[""D""]","[""IL""]","[""NONE""]",[],"[""O2163841"", ""O2163842"", ""P477545"", ""P477546""]","[""DRIVER"", ""PASSENGER""]","[""NORMAL"", ""UNKNOWN""]","[""USAGE UNKNOWN""]","[""F"", ""X""]","[""IL""]","[""2062705"", ""2062717""]","[""60616""]",[],"[""3"", ""6""]",[],[],[],[],2025,10,20,4,True,evening,41.89,-87.65,41.89_-87.65,45.0,45,45,OTHER,0
STRAIGHT AND LEVEL,632,2025-10-04 20:00:00,7,20,10,85F04D7AFF54D21F3CE35A30C997A5479B781860610917E7D2ACF26812CC1389ECC319872DBD5D1F8B8C6C84854891769A2D8DF48B99607A42F0A18FFE7753A6,NO INJURY / DRIVE AWAY,"OVER $1,500",FUNCTIONING PROPERLY,REAR END,41.7362094694,DARKNESS,-87.6243055191,2,35,FAILING TO REDUCE SPEED TO AVOID CRASH,NO DEFECTS,DRY,NOT APPLICABLE,S,8700,STOP SIGN/FLASHER,FOUR WAY,CLEAR,0.0,0.0,1.0,0.0,0.0,1.0,1,1,[],[],"[""Y""]","[""2025-10-04T20:00:00.000""]","[""2163788"", ""2163789""]","[""FRONT"", ""REAR""]","[""IL""]","[""CHEVROLET"", ""JEEP""]","[""STRAIGHT AHEAD""]","[""CHEROKEE"", ""MALIBU""]","[""1""]","[""N""]","[""1"", ""2""]","[""DRIVER""]","[""NONE""]","[""2062656"", ""2062660""]","[""PASSENGER""]","[""PERSONAL""]","[""2017""]",[],[],[],[],[],[],[],[],[],[],[],[],[],[],"[""Y""]",[],['58'],"[""DEPLOYMENT UNKNOWN"", ""DID NOT DEPLOY""]","[""TEST NOT OFFERED""]","[""CHICAGO""]","[""2025-10-04T20:00:00.000""]","[""FAILED TO YIELD"", ""NONE""]","[""NOT OBSCURED"", ""UNKNOWN""]","[""D""]","[""IL""]","[""NONE""]",[],"[""O2163788"", ""O2163789""]","[""DRIVER""]","[""NORMAL"", ""UNKNOWN""]","[""SAFETY BELT USED"", ""USAGE UNKNOWN""]","[""F"", ""M""]","[""IL""]","[""2062656"", ""2062660""]","[""60612""]",[],[],[],[],[],[],2025,10,20,4,True,evening,41.74,-87.62,41.74_-87.62,58.0,58,58,SPEEDING,0
STRAIGHT AND LEVEL,1532,2025-10-04 20:00:00,7,20,10,A09B3AC6DAC83B46D8801B7108D889F9CDA9720562541CE8F048E7E2032B9578B233B5ED7BF38E5CA320495580AC8864226B9C75A51F42D5754DC5E07D1B5C4D,INJURY AND / OR TOW DUE TO CRASH,"OVER $1,500",NO CONTROLS,PARKED MOTOR VEHICLE,41.8819088573,DARKNESS,-87.7466729644,2,30,UNABLE TO DETERMINE,NO DEFECTS,DRY,NOT APPLICABLE,W,4832,NO CONTROLS,NOT DIVIDED,CLEAR,0.0,1.0,0.0,0.0,0.0,1.0,2,0,[],[],[],"[""2025-10-04T20:00:00.000""]","[""2163985"", ""2163988""]","[""REAR-LEFT-CORNER"", ""UNKNOWN""]","[""IL"", ""XX""]","[""INFINITI"", ""UNKNOWN""]","[""PARKED"", ""UNKNOWN/NA""]","[""OTHER (EXPLAIN IN NARRATIVE)"", ""QX60""]","[""0"", ""1""]","[""UNKNOWN"", ""W""]","[""1"", ""2""]","[""DRIVER"", ""PARKED""]","[""NONE"", ""UNKNOWN""]","[""2062843"", ""2062846""]","[""PASSENGER"", ""UNKNOWN/NA""]","[""PERSONAL"", ""UNKNOWN/NA""]","[""2017"", ""2025""]",[],[],[],[],"[""Y""]","[""Y""]",[],[],[],[],[],[],[],[],"[""Y""]",[],[],"[""DEPLOYMENT UNKNOWN""]","[""TEST NOT OFFERED""]",[],"[""2025-10-04T20:00:00.000""]","[""UNKNOWN""]","[""UNKNOWN""]",[],[],"[""UNKNOWN""]",[],"[""O2163985""]","[""DRIVER""]","[""UNKNOWN""]","[""USAGE UNKNOWN""]","[""X""]",[],"[""2062846""]",[],[],[],[],[],[],[],2025,10,20,4,True,evening,41.88,-87.75,41.88_-87.75,0.0,0,0,OTHER,0
STRAIGHT AND LEVEL,2521,2025-10-04 20:00:00,7,20,10,86DEE3585B0B014899FED1DD269B617BEF5172403448DEDEAF432FFC5F93773F8DCB548128C9B6CC79A3BDDF4BF9179C0A8F59BB90ED26FA9F266CA1EF90E734,NO INJURY / DRIVE AWAY,$500 OR LESS,NO CONTROLS,PARKED MOTOR VEHICLE,41.9359637075,DARKNESS,-87.7484201439,2,20,IMPROPER BACKING,NO DEFECTS,DRY,NOT APPLICABLE,W,4841,NO CONTROLS,ONE-WAY,CLEAR,0.0,0.0,0.0,0.0,0.0,1.0,2,1,[],[],"[""Y""]","[""2025-10-04T20:00:00.000""]","[""2163826"", ""2163834""]","[""FRONT"", ""REAR""]","[""IL""]","[""CHEVROLET"", ""UNKNOWN""]","[""BACKING"", ""PARKED""]","[""MOTORIZED"", ""TRAX""]","[""0"", ""1""]","[""E"", ""W""]","[""1"", ""2""]","[""DRIVER"", ""PARKED""]","[""UNKNOWN""]","[""2062692"", ""2062696""]","[""PASSENGER""]","[""PERSONAL""]","[""2020""]",[],[],[],[],[],[],[],[],[],[],[],[],[],[],"[""Y""]",[],['69'],"[""NOT APPLICABLE""]","[""TEST NOT OFFERED""]","[""CHICAGO""]","[""2025-10-04T20:00:00.000""]","[""IMPROPER BACKING""]","[""UNKNOWN""]",[],"[""IL""]","[""NONE""]",[],"[""O2163826""]","[""DRIVER""]","[""NORMAL""]","[""USAGE UNKNOWN""]","[""M""]","[""IL""]","[""2062692""]","[""60641""]",[],[],[],[],[],[],2025,10,20,4,True,evening,41.94,-87.75,41.94_-87.75,69.0,69,69,OTHER,0
STRAIGHT AND LEVEL,432,2025-10-04 19:58:00,7,19,10,D7581A7C2650D8B380D4ED3F2EE5183CFFFBE6A8AC027D67EFBD59DA8A28D62E34084B476BC3B084CC188067A0B43AF74BA1203542EA2A5707049335D7528AA7,NO INJURY / DRIVE AWAY,"OVER $1,500",FUNCTIONING PROPERLY,ANGLE,41.6989872764,"DARKNESS, LIGHTED ROAD",-87.5306011365,2,30,DISREGARDING STOP SIGN,UNKNOWN,DRY,FAILING TO YIELD RIGHT-OF-WAY,S,10800,STOP SIGN/FLASHER,FOUR WAY,CLEAR,0.0,0.0,1.0,0.0,0.0,1.0,1,2,[],[],[],"[""2025-10-04T19:58:00.000""]","[""2163862"", ""2163863""]","[""FRONT-LEFT-CORNER"", ""SIDE-LEFT-REAR""]","[""IL""]","[""CHEVROLET"", ""HYUNDAI""]","[""STRAIGHT AHEAD"", ""UNKNOWN/NA""]","[""CRUZE"", ""OTHER (EXPLAIN IN NARRATIVE)""]","[""1"", ""3""]","[""S"", ""UNKNOWN""]","[""1"", ""2""]","[""DRIVER""]","[""NONE"", ""UNKNOWN""]","[""2062734"", ""2062743""]","[""PASSENGER""]","[""PERSONAL""]","[""2014"", ""2015""]",[],"[""Y""]","[""Y""]",[],[],[],[],[],[],[],"[""2""]",[],[],"[""Y""]",[],[],"['19', '42']","[""NOT APPLICABLE""]","[""TEST NOT OFFERED""]","[""CHICAGO""]","[""2025-10-04T19:58:00.000""]","[""FAILED TO YIELD"", ""NONE""]","[""UNKNOWN""]","[""D""]","[""IL""]","[""NONE""]","[""N/A""]","[""O2163862"", ""O2163863"", ""P477557"", ""P477558""]","[""DRIVER"", ""PASSENGER""]","[""UNKNOWN""]","[""NONE PRESENT"", ""SAFETY BELT USED""]","[""F""]","[""IL""]","[""2062734"", ""2062743""]","[""60617""]","[""N/A""]","[""3"", ""6""]",[],[],[],[],2025,10,19,4,True,evening,41.7,-87.53,41.7_-87.53,30.5,19,42,OTHER,0