alignment,beat_of_occurrence,crash_date,crash_day_of_week,crash_hour,crash_month,crash_record_id,crash_type,damage,device_condition,first_crash_type,latitude,lighting_condition,longitude,num_units,posted_speed_limit,prim_contributory_cause,road_defect,roadway_surface_cond,sec_contributory_cause,street_direction,street_no,traffic_control_device,trafficway_type,weather_condition,private_property_i,hit_and_run_i,intersection_related_i,crash_date_est_i,work_zone_i,workers_present_i,veh_count,ppl_count,veh_area_01_i_list_json,veh_area_02_i_list_json,veh_area_12_i_list_json,veh_crash_date_list_json,veh_crash_unit_id_list_json,veh_first_contact_point_list_json,veh_lic_plate_state_list_json,veh_make_list_json,veh_maneuver_list_json,veh_model_list_json,veh_occupant_cnt_list_json,veh_travel_direction_list_json,veh_unit_no_list_json,veh_unit_type_list_json,veh_vehicle_defect_list_json,veh_vehicle_id_list_json,veh_vehicle_type_list_json,veh_vehicle_use_list_json,veh_vehicle_year_list_json,veh_area_03_i_list_json,veh_area_04_i_list_json,veh_area_11_i_list_json,veh_towed_by_list_json,veh_towed_i_list_json,veh_area_07_i_list_json,veh_area_99_i_list_json,veh_area_09_i_list_json,veh_area_10_i_list_json,veh_cmrc_veh_i_list_json,veh_num_passengers_list_json,veh_area_08_i_list_json,veh_area_00_i_list_json,veh_area_05_i_list_json,veh_area_06_i_list_json,veh_towed_to_list_json,ppl_age_list_json,ppl_airbag_deployed_list_json,ppl_bac_result_list_json,ppl_city_list_json,ppl_crash_date_list_json,ppl_driver_action_list_json,ppl_driver_vision_list_json,ppl_drivers_license_class_list_json,ppl_drivers_license_state_list_json,ppl_ejection_list_json,ppl_hospital_list_json,ppl_person_id_list_json,ppl_person_type_list_json,ppl_physical_condition_list_json,ppl_safety_equipment_list_json,ppl_sex_list_json,ppl_state_list_json,ppl_vehicle_id_list_json,ppl_zipcode_list_json,ppl_ems_agency_list_json,ppl_seat_no_list_json,ppl_pedpedal_action_list_json,ppl_pedpedal_location_list_json,ppl_pedpedal_visibility_list_json,ppl_ems_run_no_list_json,year,month,hour,day,is_weekend,hour_bin,lat_bin,lng_bin,grid_id,ppl_age_mean,ppl_age_min,ppl_age_max,prim_contributory_cause_group,ksi_flag
STRAIGHT AND LEVEL,1934,2025-10-04 19:50:00,7,19,10,B1322A08C49DF43409730F0E68CF7C3786A7C0F7639B5C3FCC59068693E8887432CE4C204CC888680399E1A4EE5142091771F5DD3467F7A1AB817CB692572EF5,NO INJURY / DRIVE AWAY,"OVER $1,500",NO CONTROLS,REAR END,41.9330419872,"DARKNESS, LIGHTED ROAD",-87.6380227109,2,30,FAILING TO REDUCE SPEED TO AVOID CRASH,NO DEFECTS,DRY,UNABLE TO DETERMINE,W,330,NO CONTROLS,ONE-WAY,CLEAR,0.0,0.0,0.0,0.0,0.0,1.0,1,2,"[""Y""]",[],[],"[""2025-10-04T19:50:00.000""]","[""2163813"", ""2163814""]","[""FRONT-RIGHT-CORNER"", ""REAR-LEFT-CORNER""]","[""IL""]","[""MERCEDES-BENZ"", ""TESLA""]","[""OTHER"", ""STRAIGHT AHEAD""]","[""300 SERIES"", ""MODEL X""]","[""1"", ""2""]","[""W""]","[""1"", ""2""]","[""DRIVER""]","[""NONE""]","[""2062683"", ""2062689""]","[""PASSENGER""]","[""PERSONAL""]","[""2018"", ""2022""]",[],[],[],[],[],"[""Y""]",[],[],[],[],"[""1""]",[],[],[],[],[],"['26', '81']","[""NOT APPLICABLE""]","[""TEST NOT OFFERED""]","[""CHICAGO""]","[""2025-10-04T19:50:00.000""]","[""NONE"", ""OTHER""]","[""NOT OBSCURED"", ""UNKNOWN""]","[""D""]","[""IL""]","[""NONE""]",[],"[""O2163813"", ""O2163814"", ""P477534""]","[""DRIVER"", ""PASSENGER""]","[""NORMAL"", ""UNKNOWN""]","[""USAGE UNKNOWN""]","[""F"", ""M""]","[""IL""]","[""2062683"", ""2062689""]","[""60614"", ""60657""]",[],"[""3""]",[],[],[],[],2025,10,19,4,True,evening,41.93,-87.64,41.93_-87.64,53.5,26,81,SPEEDING,0
STRAIGHT AND LEVEL,1411,2025-10-04 19:48:00,7,19,10,0D43B07F1E8EF54B4CD7ACC57ADAF5D5B6AE670739A46B40BF41AA0AB2D5931B0D9208D9FAC32ED66DB63809B7E3B3FC553C7F6E315169827C0937AC8BDABC01,INJURY AND / OR TOW DUE TO CRASH,"OVER $1,500",NO CONTROLS,PARKED MOTOR VEHICLE,41.939242767,DARKNESS,-87.7048256266,2,30,PHYSICAL CONDITION OF DRIVER,NO DEFECTS,DRY,FAILING TO REDUCE SPEED TO AVOID CRASH,W,3101,NO CONTROLS,NOT DIVIDED,CLEAR,0.0,0.0,0.0,0.0,0.0,1.0,2,1,"[""Y""]",[],"[""Y""]","[""2025-10-04T19:48:00.000""]","[""2163820"", ""2163821""]","[""FRONT"", ""REAR""]","[""KY"", ""OH""]","[""KIA"", ""NISSAN""]","[""PARKED"", ""STRAIGHT AHEAD""]","[""ROGUE"", ""SOUL""]","[""0"", ""1""]","[""E""]","[""1"", ""2""]","[""DRIVER"", ""PARKED""]","[""NONE""]","[""2062687"", ""2062694""]","[""PASSENGER""]","[""PERSONAL""]","[""2025""]",[],[],"[""Y""]",[],[],"[""Y""]",[],[],[],[],[],[],[],"[""Y""]","[""Y""]",[],['48'],"[""DEPLOYED, COMBINATION""]","[""TEST NOT OFFERED""]","[""SEATTLE""]","[""2025-10-04T19:48:00.000""]","[""IMPROPER PASSING""]","[""NOT OBSCURED""]","[""9""]","[""WA""]","[""NONE""]","[""ENDEAVOR HEALTH SWEDISH HOSPITAL""]","[""O2163820""]","[""DRIVER""]","[""NORMAL""]","[""USAGE UNKNOWN""]","[""F""]",[],"[""2062687""]","[""98118""]","[""63""]",[],[],[],[],[],2025,10,19,4,True,evening,41.94,-87.7,41.94_-87.7,48.0,48,48,OTHER,1
STRAIGHT AND LEVEL,114,2025-10-04 19:40:00,7,19,10,2F494850F1A227B97E02FAF94F95194E29374DD7A0B970FA50B1382B5110AFB56FC4F6A695D031A41B26F24CAD7EFB1102D0BA8FCFC0C4D91513C4981F8A03D9,NO INJURY / DRIVE AWAY,"$501 - $1,500",FUNCTIONING PROPERLY,REAR END,41.8841669681,DUSK,-87.6221132938,2,30,FOLLOWING TOO CLOSELY,NO DEFECTS,DRY,NOT APPLICABLE,E,205,OTHER,NOT DIVIDED,CLEAR,0.0,0.0,0.0,0.0,0.0,1.0,1,2,"[""Y""]",[],"[""Y""]","[""2025-10-04T19:40:00.000""]","[""2168787"", ""2168788""]","[""FRONT"", ""REAR""]","[""IL""]","[""CHEVROLET"", ""JEEP""]","[""STRAIGHT AHEAD""]","[""JEEP"", ""OTHER (EXPLAIN IN NARRATIVE)""]","[""1""]","[""E""]","[""1"", ""2""]","[""DRIVER""]","[""NONE"", ""UNKNOWN""]","[""2067386"", ""2067391""]","[""PASSENGER""]","[""PERSONAL""]","[""2014"", ""2020""]",[],[],"[""Y""]",[],[],"[""Y""]",[],[],[],[],[],[],[],"[""Y""]","[""Y""]",[],"['28', '43']","[""NOT APPLICABLE""]","[""TEST NOT OFFERED""]","[""CHICAGO"", ""COUNTRY CLUB HILLS""]","[""2025-10-04T19:40:00.000""]","[""FOLLOWED TOO CLOSELY"", ""OTHER""]","[""NOT OBSCURED""]","[""D""]","[""IL""]","[""NONE""]",[],"[""O2168787"", ""O2168788""]","[""DRIVER""]","[""NORMAL"", ""UNKNOWN""]","[""USAGE UNKNOWN""]","[""F""]","[""IL""]","[""2067386"", ""2067391""]","[""60478"", ""60623""]",[],[],[],[],[],[],2025,10,19,4,True,evening,41.88,-87.62,41.88_-87.62,35.5,28,43,FOLLOWING TOO CLOSELY,0
STRAIGHT AND LEVEL,1215,2025-10-04 19:33:00,7,19,10,A4FA0518FF8ED75553BC5EB60C8BC26CD84446C6290E6A73E3FC4D73121552D2A751CD111F2B611FE00EFC0FC96C51A14DBC0FF50233ED21EA321F90F68049C9,INJURY AND / OR TOW DUE TO CRASH,"OVER $1,500",FUNCTIONING PROPERLY,PEDALCYCLIST,41.8958116925,"DARKNESS, LIGHTED ROAD",-87.6551956587,2,30,UNABLE TO DETERMINE,NO DEFECTS,DRY,UNABLE TO DETERMINE,N,758,TRAFFIC SIGNAL,NOT DIVIDED,CLEAR,0.0,0.0,1.0,0.0,0.0,1.0,2,2,"[""Y""]","[""Y""]","[""Y""]","[""2025-10-04T19:33:00.000""]","[""2163782"", ""2163783""]","[""FRONT-RIGHT-CORNER""]","[""IL""]","[""HYUNDAI""]","[""TURNING LEFT""]","[""ELANTRA""]","[""1""]","[""SW""]","[""1"", ""2""]","[""BICYCLE"", ""DRIVER""]","[""NONE""]","[""2062684""]","[""PASSENGER""]","[""PERSONAL""]","[""2024""]","[""Y""]",[],[],[],[],[],[],[],[],[],[],[],[],[],[],[],"['0', '28']","[""DID NOT DEPLOY""]","[""TEST NOT OFFERED""]","[""CHICAGO""]","[""2025-10-04T19:33:00.000""]","[""UNKNOWN""]","[""NOT OBSCURED""]","[""D""]","[""IL""]","[""NONE""]","[""MOUNT SINAI""]","[""O2163782"", ""O2163783""]","[""BICYCLE"", ""DRIVER""]","[""NORMAL""]","[""HELMET NOT USED"", ""USAGE UNKNOWN""]","[""F""]","[""IL""]","[""2062684""]","[""60619"", ""60634""]",[],[],"[""CROSSING - WITH SIGNAL""]","[""BIKEWAY""]","[""NO CONTRASTING CLOTHING""]",[],2025,10,19,4,True,evening,41.9,-87.66,41.9_-87.66,14.0,0,28,OTHER,1
STRAIGHT AND LEVEL,821,2025-10-04 19:32:00,7,19,10,A052DB1E36C2E5D18B068CB099B8309A8D2D29EBEE4CF3A1806C12E35235A3E18A04FCC96D8411038E97927B2C918763E7AA014AC2811BA2C5A9E8602E61EEE3,NO INJURY / DRIVE AWAY,"OVER $1,500",NO CONTROLS,OTHER OBJECT,41.8115433478,DARKNESS,-87.7201913949,1,30,UNABLE TO DETERMINE,NO DEFECTS,DRY,NOT APPLICABLE,S,4500,NO CONTROLS,ONE-WAY,CLEAR,0.0,1.0,0.0,0.0,0.0,1.0,1,0,[],[],[],"[""2025-10-04T19:32:00.000""]","[""2163780""]","[""UNKNOWN""]",[],"[""UNKNOWN""]","[""UNKNOWN/NA""]","[""OTHER (EXPLAIN IN NARRATIVE)""]","[""1""]","[""W""]","[""1""]","[""DRIVER""]","[""UNKNOWN""]","[""2062648""]","[""UNKNOWN/NA""]","[""UNKNOWN/NA""]",[],[],[],[],[],[],[],[],[],[],[],[],[],[],[],[],[],[],"[""DEPLOYMENT UNKNOWN""]","[""TEST NOT OFFERED""]",[],"[""2025-10-04T19:32:00.000""]","[""UNKNOWN""]","[""UNKNOWN""]",[],[],"[""NONE""]",[],"[""O2163780""]","[""DRIVER""]","[""UNKNOWN""]","[""NONE PRESENT""]","[""X""]",[],"[""2062648""]",[],[],[],[],[],[],[],2025,10,19,4,True,evening,41.81,-87.72,41.81_-87.72,0.0,0,0,OTHER,0
STRAIGHT AND LEVEL,1424,2025-10-04 19:20:00,7,19,10,559CE92E88C2E0A885CF131A8A34199B6C60BCF0014F5E516E5B395564C13CF3A6D7A3709D1ED996C328E8BD550477A11B71DD617CCE42BE078E5F617F737700,NO INJURY / DRIVE AWAY,"OVER $1,500",NO CONTROLS,PARKED MOTOR VEHICLE,41.9075758709,"DARKNESS, LIGHTED ROAD",-87.677239051,2,30,IMPROPER BACKING,NO DEFECTS,DRY,DRIVING SKILLS/KNOWLEDGE/EXPERIENCE,N,1413,NO CONTROLS,NOT DIVIDED,CLEAR,0.0,1.0,0.0,0.0,0.0,1.0,2,0,[],[],"[""Y""]","[""2025-10-04T19:20:00.000""]","[""2163803"", ""2163804""]","[""FRONT"", ""REAR""]","[""CO"", ""IL""]","[""JEEP"", ""TOYOTA""]","[""BACKING"", ""PARKED""]","[""COMPASS"", ""PRIUS""]","[""0"", ""1""]","[""N"", ""S""]","[""1"", ""2""]","[""DRIVER"", ""PARKED""]","[""NONE"", ""UNKNOWN""]","[""2062667"", ""2062673""]","[""PASSENGER"", ""SPORT UTILITY VEHICLE (SUV)""]","[""NOT IN USE""]","[""2015"", ""2017""]",[],[],[],[],[],[],[],[],[],[],[],[],[],[],"[""Y""]",[],[],"[""DEPLOYMENT UNKNOWN""]","[""TEST NOT OFFERED""]",[],"[""2025-10-04T19:20:00.000""]","[""UNKNOWN""]","[""UNKNOWN""]",[],[],"[""NONE""]",[],"[""O2163803""]","[""DRIVER""]","[""UNKNOWN""]","[""USAGE UNKNOWN""]","[""X""]",[],"[""2062667""]",[],[],[],[],[],[],[],2025,10,19,4,True,evening,41.91,-87.68,41.91_-87.68,0.0,0,0,OTHER,0
STRAIGHT AND LEVEL,113,2025-10-04 19:18:00,7,19,10,4D570C3A14BFDFE12D48B1B5169909706A1EAA093EC5EFF91E2CA735A6C545EF1474C26E119EB9620A81B0B172B6342AED6A0A37A12ABDFD63A76BDAC2960479,INJURY AND / OR TOW DUE TO CRASH,"OVER $1,500",FUNCTIONING PROPERLY,ANGLE,41.8778595203,DAWN,-87.6306304797,5,30,DISREGARDING TRAFFIC SIGNALS,NO DEFECTS,DRY,DRIVING ON WRONG SIDE/WRONG WAY,S,311,TRAFFIC SIGNAL,NOT DIVIDED,CLEAR,0.0,0.0,1.0,0.0,0.0,1.0,2,2,"[""Y""]","[""Y""]","[""Y""]","[""2025-10-04T19:18:00.000""]","[""2163773"", ""2163774"", ""2163775"", ""2163798"", ""2163810""]","[""FRONT"", ""REAR"", ""SIDE-LEFT-REAR""]","[""IL""]","[""DODGE"", ""HYUNDAI"", ""KAWASAKI"", ""LINCOLN"", ""MAZDA""]","[""DRIVING WRONG WAY"", ""PARKED"", ""STRAIGHT AHEAD""]","[""CHARGER"", ""CX-5"", ""MKS"", ""MOTORCYCLE"", ""TUCSON""]","[""0"", ""1""]","[""S"", ""W""]","[""1"", ""2"", ""3"", ""4"", ""5""]","[""DRIVER"", ""PARKED""]","[""NONE""]","[""2062650"", ""2062653"", ""2062666"", ""2062671"", ""2062676""]","[""MOTORCYCLE (OVER 150CC)"", ""PASSENGER"", ""SPORT UTILITY VEHICLE (SUV)""]","[""PERSONAL""]","[""2009"", ""2014"", ""2019"", ""2020"", ""2022""]",[],[],[],[],"[""Y""]","[""Y""]",[],[],[],[],[],"[""Y""]",[],"[""Y""]","[""Y""]","[""city pound""]","['20', '50']","[""DEPLOYED, FRONT"", ""NOT APPLICABLE""]","[""TEST NOT OFFERED""]","[""BATAVIA"", ""CHICAGO""]","[""2025-10-04T19:18:00.000""]","[""NONE"", ""WRONG WAY/SIDE""]","[""NOT OBSCURED""]","[""D""]","[""IL""]","[""NONE"", ""TOTALLY EJECTED""]","[""NORTHWESTERN HOSPITAL""]","[""O2163773"", ""O2163774""]","[""DRIVER""]","[""NORMAL""]","[""DOT COMPLIANT MOTORCYCLE HELMET"", ""SAFETY BELT USED""]","[""M""]","[""IL""]","[""2062650"", ""2062653""]","[""60510"", ""60645""]",[],[],[],[],[],[],2025,10,19,4,True,evening,41.88,-87.63,41.88_-87.63,35.0,20,50,OTHER,1
STRAIGHT AND LEVEL,723,2025-10-04 19:15:00,7,19,10,886C9C8CA6D694FDF66DEF5C63D607F9F7E55C225D3B7B99814290E7A400392C0F55493A32D936FCFFC8B00F81E8D469AE20CEF50C481AB900463EC68527A090,INJURY AND / OR TOW DUE TO CRASH,"OVER $1,500",NO CONTROLS,PARKED MOTOR VEHICLE,41.7743779842,DARKNESS,-87.6462599257,2,15,UNABLE TO DETERMINE,NO DEFECTS,DRY,UNABLE TO DETERMINE,W,840,NO CONTROLS,NOT DIVIDED,CLEAR,0.0,0.0,0.0,0.0,0.0,1.0,2,1,"[""Y""]","[""Y""]","[""Y""]","[""2025-10-04T19:15:00.000""]","[""2163776"", ""2163777""]","[""FRONT"", ""REAR-LEFT-CORNER""]","[""GA"", ""IL""]","[""CHRYSLER"", ""TOYOTA""]","[""AVOIDING VEHICLES/OBJECTS"", ""PARKED""]","[""200"", ""CAMRY""]","[""0"", ""1""]","[""W""]","[""1"", ""2""]","[""DRIVER"", ""PARKED""]","[""NONE"", ""UNKNOWN""]","[""2062647"", ""2062649""]","[""PASSENGER""]","[""PERSONAL""]","[""2011"", ""2015""]",[],[],"[""Y""]","[""PRIVATE TOW""]","[""Y""]","[""Y""]",[],"[""Y""]","[""Y""]",[],[],"[""Y""]",[],[],"[""Y""]","[""UNKNOWN""]",['55'],"[""NOT APPLICABLE""]","[""TEST NOT OFFERED""]","[""BRUNSWICK""]","[""2025-10-04T19:15:00.000""]","[""OTHER""]","[""NOT OBSCURED""]","[""C""]","[""GA""]","[""NONE""]",[],"[""O2163776""]","[""DRIVER""]","[""NORMAL""]","[""USAGE UNKNOWN""]","[""M""]","[""GA""]","[""2062647""]","[""31520""]",[],[],[],[],[],[],2025,10,19,4,True,evening,41.77,-87.65,41.77_-87.65,55.0,55,55,OTHER,0
STRAIGHT AND LEVEL,911,2025-10-04 19:14:00,7,19,10,766AD3A8EFFA1C5C7273A7B237F8F701286EC42C41D10E7E94870BA2901BA34CFBA2B58D3D81AAA0A8342721A49F6AA432CAD782684A327637A7545243BDB2E6,NO INJURY / DRIVE AWAY,"OVER $1,500",FUNCTIONING PROPERLY,TURNING,41.830076617,"DARKNESS, LIGHTED ROAD",-87.690050472,2,35,FAILING TO YIELD RIGHT-OF-WAY,NO DEFECTS,DRY,NOT APPLICABLE,W,2601,STOP SIGN/FLASHER,DIVIDED - W/MEDIAN (NOT RAISED),CLEAR,0.0,0.0,1.0,0.0,0.0,1.0,1,3,"[""Y""]","[""Y""]","[""Y""]","[""2025-10-04T19:14:00.000""]","[""2163786"", ""2163787""]","[""FRONT-RIGHT-CORNER"", ""SIDE-LEFT""]","[""CO"", ""IL""]","[""HONDA"", ""NISSAN""]","[""STRAIGHT AHEAD"", ""TURNING LEFT""]","[""ACCORD"", ""ARMADA""]","[""1"", ""3""]","[""E""]","[""1"", ""2""]","[""DRIVER""]","[""NONE""]","[""2062652"", ""2062658""]","[""PASSENGER""]","[""PERSONAL""]","[""2006"", ""2018""]",[],[],"[""Y""]",[],[],[],"[""Y""]",[],"[""Y""]",[],"[""2""]",[],"[""N""]",[],[],[],"['2', '25', '47']","[""NOT APPLICABLE""]","[""TEST NOT OFFERED""]","[""CHICAGO"", ""DENVER""]","[""2025-10-04T19:14:00.000""]","[""FAILED TO YIELD"", ""NONE""]","[""UNKNOWN""]","[""D"", ""R""]","[""CO"", ""IL""]","[""NONE""]",[],"[""O2163786"", ""O2163787"", ""P477529"", ""P477533""]","[""DRIVER"", ""PASSENGER""]","[""NORMAL""]","[""CHILD RESTRAINT - FORWARD FACING"", ""USAGE UNKNOWN""]","[""F"", ""M""]","[""CO"", ""IL""]","[""2062652"", ""2062658""]","[""60629"", ""80222""]",[],"[""2"", ""5""]",[],[],[],[],2025,10,19,4,True,evening,41.83,-87.69,41.83_-87.69,24.666666666666668,2,47,FAILURE-TO-YIELD,0
STRAIGHT AND LEVEL,1522,2025-10-04 19:10:00,7,19,10,9B24B7AA6A6DE567BD4E729A5EBEBF5FE6F7FD6A51C551988E8D608D88471E84DE8D522C0D867C1964AB66B351E61AC6624A3699BFFD7AC5390EABE8F0516D04,NO INJURY / DRIVE AWAY,"OVER $1,500",FUNCTIONING PROPERLY,TURNING,41.8803993994,"DARKNESS, LIGHTED ROAD",-87.7615597911,2,30,UNABLE TO DETERMINE,NO DEFECTS,UNKNOWN,UNABLE TO DETERMINE,W,5438,TRAFFIC SIGNAL,NOT DIVIDED,CLEAR,0.0,0.0,0.0,0.0,0.0,1.0,1,1,[],[],[],"[""2025-10-04T19:10:00.000""]","[""2167161"", ""2167162""]","[""SIDE-LEFT"", ""UNKNOWN""]","[""IL""]","[""FORD"", ""TOYOTA""]","[""ENTERING TRAFFIC LANE FROM PARKING"", ""TURNING RIGHT""]","[""COROLLA"", ""EXPEDITION""]","[""1""]","[""W""]","[""1"", ""2""]","[""DRIVER""]","[""UNKNOWN""]","[""2065828"", ""2065830""]","[""PASSENGER"", ""SPORT UTILITY VEHICLE (SUV)""]","[""PERSONAL"", ""UNKNOWN/NA""]","[""2013"", ""2017""]",[],[],[],[],[],[],"[""Y""]","[""Y""]","[""Y""]",[],[],[],[],[],[],[],['34'],"[""NOT APPLICABLE""]","[""TEST NOT OFFERED""]","[""CHICAGO""]","[""2025-10-04T19:10:00.000""]","[""UNKNOWN""]","[""UNKNOWN""]",[],"[""IL""]","[""NONE""]",[],"[""O2167161"", ""O2167162""]","[""DRIVER""]","[""UNKNOWN""]","[""USAGE UNKNOWN""]","[""F""]","[""IL""]","[""2065828"", ""2065830""]","[""60639""]",[],[],[],[],[],[],2025,10,19,4,True,evening,41.88,-87.76,41.88_-87.76,34.0,34,34,OTHER,0
STRAIGHT AND LEVEL,424,2025-10-04 19:00:00,7,19,10,EE08DF9B84F0DC9E97CC162C79D702C4FC75CAC75AD15A57002FEE27DA603891025E7F85123188FABEAD61D0BDB8584F9BC598B1301C0B9DBA9D28E458DD72B2,NO INJURY / DRIVE AWAY,$500 OR LESS,NO CONTROLS,PARKED MOTOR VEHICLE,41.7366423302,DAYLIGHT,-87.548811678,2,30,IMPROPER TURNING/NO SIGNAL,NO DEFECTS,DRY,NOT APPLICABLE,S,8724,NO CONTROLS,ALLEY,CLEAR,0.0,0.0,0.0,0.0,0.0,1.0,2,1,[],[],"[""Y""]","[""2025-10-04T19:00:00.000""]","[""2164798"", ""2164799""]","[""FRONT"", ""REAR""]","[""IL""]","[""(HOMEMADE TRAILER)"", ""CHEVROLET""]","[""PARKED"", ""TURNING RIGHT""]","[""(HOMEMADE TRAILER)"", ""TRAIL BLAZER""]","[""0"", ""1""]","[""N""]","[""1"", ""2""]","[""DRIVER"", ""PARKED""]","[""UNKNOWN""]","[""2063622"", ""2063627""]","[""PASSENGER""]","[""PERSONAL""]","[""1998""]",[],[],"[""Y""]",[],[],[],[],[],[],[],[],[],[],"[""Y""]","[""Y""]",[],['57'],"[""NOT APPLICABLE""]","[""TEST NOT OFFERED""]","[""CHICAGO""]","[""2025-10-04T19:00:00.000""]","[""IMPROPER TURN""]","[""UNKNOWN""]","[""D""]","[""IL""]","[""NONE""]",[],"[""O2164798""]","[""DRIVER""]","[""NORMAL""]","[""USAGE UNKNOWN""]","[""M""]","[""IL""]","[""2063622""]","[""60617""]",[],[],[],[],[],[],2025,10,19,4,True,evening,41.74,-87.55,41.74_-87.55,57.0,57,57,OTHER,0
STRAIGHT AND LEVEL,834,2025-10-04 19:00:00,7,19,10,A3F42074B47ADC05F78C4D244BF8704ABE94DB10A9965815ED237E2D8ECC943856212B0A0598D6A112025444BA18B4B5B7594AD019195EF07D864C755841F5C4,NO INJURY / DRIVE AWAY,"OVER $1,500",NO CONTROLS,SIDESWIPE OPPOSITE DIRECTION,41.7491998834,UNKNOWN,-87.7372965641,2,30,UNABLE TO DETERMINE,UNKNOWN,UNKNOWN,UNABLE TO DETERMINE,S,7900,NO CONTROLS,UNKNOWN,CLEAR,0.0,1.0,0.0,0.0,0.0,1.0,1,0,[],[],"[""Y""]","[""2025-10-04T19:00:00.000""]","[""2163761"", ""2163768""]","[""UNKNOWN""]",[],"[""CHEVROLET"", ""UNKNOWN""]","[""UNKNOWN/NA""]","[""CAMARO"", ""MOTORIZED""]","[""1""]","[""UNKNOWN""]","[""1"", ""2""]","[""DRIVER""]","[""UNKNOWN""]","[""2062631"", ""2062633""]","[""UNKNOWN/NA""]","[""UNKNOWN/NA""]","[""2020""]",[],[],"[""Y""]",[],[],[],"[""N"", ""Y""]",[],"[""Y""]",[],[],[],[],[],[],[],[],"[""DEPLOYMENT UNKNOWN""]","[""TEST NOT OFFERED""]","[""CHICAGO""]","[""2025-10-04T19:00:00.000""]","[""UNKNOWN""]","[""UNKNOWN""]",[],"[""IL""]","[""UNKNOWN""]",[],"[""O2163761"", ""O2163768""]","[""DRIVER""]","[""UNKNOWN""]","[""USAGE UNKNOWN""]","[""M"", ""X""]","[""IL""]","[""2062631"", ""2062633""]",[],[],[],[],[],[],[],2025,10,19,4,True,evening,41.75,-87.74,41.75_-87.74,0.0,0,0,OTHER,0
STRAIGHT AND LEVEL,1224,2025-10-04 19:00:00,7,19,10,8C980CB2BBC20C83135244D8F21D8B8F725156C5E2D8584D760F4E815BF0523CB267B5C859302959BA3E93ADA9F9CC19DF6E2E74AE9DB9FE912FD2C4E073AC2D,NO INJURY / DRIVE AWAY,$500 OR LESS,NO CONTROLS,PARKED MOTOR VEHICLE,41.8853669851,"DARKNESS, LIGHTED ROAD",-87.6519869935,2,30,UNABLE TO DETERMINE,NO DEFECTS,DRY,NOT APPLICABLE,N,179,NO CONTROLS,DIVIDED - W/MEDIAN (NOT RAISED),CLEAR,0.0,0.0,0.0,0.0,0.0,1.0,2,1,[],[],[],"[""2025-10-04T19:00:00.000""]","[""2163896"", ""2163897""]","[""FRONT"", ""REAR""]","[""IL""]","[""TOYOTA"", ""UNKNOWN""]","[""LEAVING TRAFFIC LANE TO PARK"", ""PARKED""]","[""OTHER (EXPLAIN IN NARRATIVE)"", ""PRIUS""]","[""0"", ""1""]","[""N""]","[""1"", ""2""]","[""DRIVER"", ""PARKED""]","[""UNKNOWN""]","[""2062754"", ""2062765""]","[""PASSENGER""]","[""UNKNOWN/NA""]","[""2014""]",[],[],[],[],[],[],[],[],[],[],[],[],"[""Y""]",[],[],[],['26'],"[""DID NOT DEPLOY""]","[""TEST NOT OFFERED""]","[""JERSEY CITY""]","[""2025-10-04T19:00:00.000""]","[""IMPROPER BACKING""]","[""UNKNOWN""]","[""D""]","[""NJ""]","[""NONE""]",[],"[""O2163896""]","[""DRIVER""]","[""UNKNOWN""]","[""USAGE UNKNOWN""]","[""M""]","[""NJ""]","[""2062754""]","[""07306""]",[],[],[],[],[],[],2025,10,19,4,True,evening,41.89,-87.65,41.89_-87.65,26.0,26,26,OTHER,0
STRAIGHT AND LEVEL,2413,2025-10-04 19:00:00,7,19,10,74605FA70C36D2447229F927EE51D20F60B200C696D08822DCFDCBB916DC41D06B9C1C68DB5AF83409C9E9CE8CE5FC672988FD568C4A5577C18BA3356D247B0B,NO INJURY / DRIVE AWAY,$500 OR LESS,NO CONTROLS,PARKED MOTOR VEHICLE,41.9974719137,"DARKNESS, LIGHTED ROAD",-87.6983649832,2,35,FOLLOWING TOO CLOSELY,NO DEFECTS,DRY,FOLLOWING TOO CLOSELY,W,2729,NO CONTROLS,NOT DIVIDED,CLEAR,0.0,1.0,0.0,0.0,0.0,1.0,2,0,[],[],[],"[""2025-10-04T19:00:00.000""]","[""2163817"", ""2163818""]","[""FRONT"", ""SIDE-LEFT-REAR""]","[""IL""]","[""NISSAN"", ""TESLA""]","[""PARKED"", ""STRAIGHT AHEAD""]","[""MODEL Y"", ""ROGUE""]","[""0"", ""1""]","[""E""]","[""1"", ""2""]","[""DRIVER"", ""PARKED""]","[""NONE""]","[""2062681"", ""2062686""]","[""PASSENGER""]","[""PERSONAL""]","[""2019"", ""2024""]",[],[],[],[],[],"[""Y""]","[""Y""]",[],[],[],[],[],[],[],[],[],[],"[""DEPLOYMENT UNKNOWN""]","[""TEST NOT OFFERED""]",[],"[""2025-10-04T19:00:00.000""]","[""FOLLOWED TOO CLOSELY""]","[""UNKNOWN""]",[],[],"[""NONE""]",[],"[""O2163817""]","[""DRIVER""]","[""UNKNOWN""]","[""USAGE UNKNOWN""]","[""M""]",[],"[""2062681""]",[],[],[],[],[],[],[],2025,10,19,4,True,evening,42.0,-87.7,42.0_-87.7,0.0,0,0,FOLLOWING TOO CLOSELY,0