alignment,beat_of_occurrence,crash_date,crash_day_of_week,crash_hour,crash_month,crash_record_id,crash_type,damage,device_condition,first_crash_type,latitude,lighting_condition,longitude,num_units,posted_speed_limit,prim_contributory_cause,road_defect,roadway_surface_cond,sec_contributory_cause,street_direction,street_no,traffic_control_device,trafficway_type,weather_condition,private_property_i,hit_and_run_i,intersection_related_i,crash_date_est_i,work_zone_i,workers_present_i,veh_count,ppl_count,veh_area_01_i_list_json,veh_area_02_i_list_json,veh_area_12_i_list_json,veh_crash_date_list_json,veh_crash_unit_id_list_json,veh_first_contact_point_list_json,veh_lic_plate_state_list_json,veh_make_list_json,veh_maneuver_list_json,veh_model_list_json,veh_occupant_cnt_list_json,veh_travel_direction_list_json,veh_unit_no_list_json,veh_unit_type_list_json,veh_vehicle_defect_list_json,veh_vehicle_id_list_json,veh_vehicle_type_list_json,veh_vehicle_use_list_json,veh_vehicle_year_list_json,veh_area_03_i_list_json,veh_area_04_i_list_json,veh_area_11_i_list_json,veh_towed_by_list_json,veh_towed_i_list_json,veh_area_07_i_list_json,veh_area_99_i_list_json,veh_area_09_i_list_json,veh_area_10_i_list_json,veh_cmrc_veh_i_list_json,veh_num_passengers_list_json,veh_area_08_i_list_json,veh_area_00_i_list_json,veh_area_05_i_list_json,veh_area_06_i_list_json,veh_towed_to_list_json,ppl_age_list_json,ppl_airbag_deployed_list_json,ppl_bac_result_list_json,ppl_city_list_json,ppl_crash_date_list_json,ppl_driver_action_list_json,ppl_driver_vision_list_json,ppl_drivers_license_class_list_json,ppl_drivers_license_state_list_json,ppl_ejection_list_json,ppl_hospital_list_json,ppl_person_id_list_json,ppl_person_type_list_json,ppl_physical_condition_list_json,ppl_safety_equipment_list_json,ppl_sex_list_json,ppl_state_list_json,ppl_vehicle_id_list_json,ppl_zipcode_list_json,ppl_ems_agency_list_json,ppl_seat_no_list_json,ppl_pedpedal_action_list_json,ppl_pedpedal_location_list_json,ppl_pedpedal_visibility_list_json,ppl_ems_run_no_list_json,year,month,hour,day,is_weekend,hour_bin,lat_bin,lng_bin,grid_id,ppl_age_mean,ppl_age_min,ppl_age_max,prim_contributory_cause_group,ksi_flag
STRAIGHT AND LEVEL,613,2025-10-04 18:59:00,7,18,10,7BC9632A7867A12FE91688D39995C955CF4FB4608705E7DD0444C77C21F5716F9AC8A0CFC41C7D0F71F2029A221015C704CE912841267BE315B1DCB4BEBA482A,NO INJURY / DRIVE AWAY,"OVER $1,500",FUNCTIONING PROPERLY,REAR END,41.739803556,DARKNESS,-87.6437841036,2,30,FOLLOWING TOO CLOSELY,NO DEFECTS,DRY,FOLLOWING TOO CLOSELY,W,800,STOP SIGN/FLASHER,Y-INTERSECTION,CLEAR,0.0,0.0,0.0,0.0,0.0,1.0,1,3,"[""Y""]",[],"[""Y""]","[""2025-10-04T18:59:00.000""]","[""2163778"", ""2163779""]","[""FRONT"", ""REAR-RIGHT-CORNER""]","[""IL""]","[""JEEP""]","[""STRAIGHT AHEAD""]","[""CHEROKEE"", ""PATRIOT""]","[""1"", ""2""]","[""S""]","[""1"", ""2""]","[""DRIVER""]","[""UNKNOWN""]","[""2062651"", ""2062654""]","[""PASSENGER""]","[""PERSONAL""]","[""2012"", ""2016""]",[],"[""Y""]","[""Y""]",[],[],[],[],[],"[""Y""]",[],"[""1""]",[],[],"[""Y""]","[""Y""]",[],"['19', '40', '5']","[""DID NOT DEPLOY""]","[""TEST NOT OFFERED""]","[""CHICAGO"", ""EAST CHICAGO""]","[""2025-10-04T18:59:00.000""]","[""FOLLOWED TOO CLOSELY"", ""NONE""]","[""NOT OBSCURED"", ""UNKNOWN""]","[""D""]","[""IL"", ""IN""]","[""NONE""]",[],"[""O2163778"", ""O2163779"", ""P477530""]","[""DRIVER"", ""PASSENGER""]","[""NORMAL""]","[""USAGE UNKNOWN""]","[""F"", ""M""]","[""IL"", ""IN""]","[""2062651"", ""2062654""]","[""46312"", ""60617"", ""60652""]",[],"[""3""]",[],[],[],[],2025,10,18,4,True,afternoon,41.74,-87.64,41.74_-87.64,21.333333333333332,5,40,FOLLOWING TOO CLOSELY,0
STRAIGHT AND LEVEL,1824,2025-10-04 18:59:00,7,18,10,93B981722F8D0EF58EFF94B58F18E906C4E9661A9FBCFBCF3329D55834F3E25E8FB01CE3DCFA5598EA77736BADEDE66F2BC1349ECF250AD954AF67EA0419E3ED,NO INJURY / DRIVE AWAY,"OVER $1,500",NO CONTROLS,PARKED MOTOR VEHICLE,41.9024422871,"DARKNESS, LIGHTED ROAD",-87.6281941645,2,30,IMPROPER BACKING,NO DEFECTS,DRY,NOT APPLICABLE,N,1121,NO CONTROLS,NOT DIVIDED,CLEAR,0.0,1.0,0.0,0.0,0.0,1.0,2,1,[],[],"[""Y""]","[""2025-10-04T18:59:00.000""]","[""2167825"", ""2167826""]","[""FRONT"", ""REAR""]","[""IL""]","[""TOYOTA""]","[""BACKING"", ""PARKED""]","[""HIGHLANDER"", ""PRIUS""]","[""1""]","[""N"", ""S""]","[""1"", ""2""]","[""DRIVER"", ""PARKED""]","[""NONE"", ""UNKNOWN""]","[""2066464"", ""2066465""]","[""PASSENGER"", ""SPORT UTILITY VEHICLE (SUV)""]","[""PERSONAL"", ""UNKNOWN/NA""]","[""2012"", ""2024""]",[],[],[],[],[],[],"[""Y""]",[],[],[],"[""1""]",[],[],[],[],[],['35'],"[""DID NOT DEPLOY""]","[""TEST NOT OFFERED""]","[""PALOS HILLS""]","[""2025-10-04T18:59:00.000""]","[""IMPROPER BACKING""]","[""UNKNOWN""]",[],[],"[""NONE""]",[],"[""O2167825"", ""P478312""]","[""DRIVER"", ""PASSENGER""]","[""UNKNOWN""]","[""SAFETY BELT USED"", ""USAGE UNKNOWN""]","[""M""]","[""IL""]","[""2066464"", ""2066465""]","[""60465""]",[],"[""1""]",[],[],[],[],2025,10,18,4,True,afternoon,41.9,-87.63,41.9_-87.63,35.0,35,35,OTHER,0
STRAIGHT AND LEVEL,925,2025-10-04 18:55:00,7,18,10,D8AF72610DA7E6D9A93281669AF79FC22EC2CE6B1D582CC5293796B9E7D5688E633C3F08562ECE56BF237050D6F0EF8BF11BAB1EFDFB2DB33BF18C159E89B971,NO INJURY / DRIVE AWAY,"OVER $1,500",FUNCTIONING PROPERLY,REAR END,41.809063955,"DARKNESS, LIGHTED ROAD",-87.6405599808,2,30,UNABLE TO DETERMINE,NO DEFECTS,DRY,UNABLE TO DETERMINE,W,598,TRAFFIC SIGNAL,NOT DIVIDED,CLEAR,0.0,1.0,0.0,0.0,0.0,1.0,1,2,"[""Y""]",[],"[""Y""]","[""2025-10-04T18:55:00.000""]","[""2163771"", ""2163772""]","[""FRONT"", ""REAR""]","[""IL""]","[""CHEVROLET"", ""UNKNOWN""]","[""STRAIGHT AHEAD""]","[""OTHER (EXPLAIN IN NARRATIVE)"", ""TRAIL BLAZER""]","[""1"", ""3""]","[""E""]","[""1"", ""2""]","[""DRIVER""]","[""UNKNOWN""]","[""2062642"", ""2062646""]","[""PASSENGER"", ""UNKNOWN/NA""]","[""PERSONAL"", ""UNKNOWN/NA""]","[""2024""]",[],[],"[""Y""]",[],[],"[""Y""]",[],[],[],[],"[""2""]",[],[],"[""Y""]","[""Y""]",[],"['38', '46']","[""DEPLOYMENT UNKNOWN"", ""NOT APPLICABLE""]","[""TEST NOT OFFERED""]","[""CHICAGO""]","[""2025-10-04T18:55:00.000""]","[""NONE"", ""UNKNOWN""]","[""UNKNOWN""]","[""D""]","[""IL""]","[""NONE"", ""UNKNOWN""]","[""REFUSED""]","[""O2163771"", ""O2163772"", ""P477527"", ""P477528""]","[""DRIVER"", ""PASSENGER""]","[""NORMAL"", ""UNKNOWN""]","[""USAGE UNKNOWN""]","[""F"", ""X""]","[""IL""]","[""2062642"", ""2062646""]","[""60609""]",[],"[""3"", ""4""]",[],[],[],[],2025,10,18,4,True,afternoon,41.81,-87.64,41.81_-87.64,42.0,38,46,OTHER,0
STRAIGHT AND LEVEL,724,2025-10-04 18:50:00,7,18,10,AA6C37D30BF8184223469DCCFFB20272D1E1C1A60188F83B9E6ACCCFC6DD69A2C8AFA3C6BFC4B6AC02DF4AD0BA6EB544D5130FA3B5B4A3C431169F6009741B54,INJURY AND / OR TOW DUE TO CRASH,"OVER $1,500",NO CONTROLS,PARKED MOTOR VEHICLE,41.7717317496,DUSK,-87.6544420803,2,30,FAILING TO REDUCE SPEED TO AVOID CRASH,NO DEFECTS,DRY,DISTRACTION - FROM OUTSIDE VEHICLE,S,6718,NO CONTROLS,NOT DIVIDED,CLEAR,0.0,0.0,0.0,0.0,0.0,1.0,2,1,"[""Y""]","[""Y""]","[""Y""]","[""2025-10-04T18:50:00.000""]","[""2163815"", ""2163816""]","[""FRONT-RIGHT-CORNER"", ""REAR-LEFT-CORNER""]","[""IL"", ""IN""]","[""BUICK"", ""HYUNDAI""]","[""PARKED"", ""TURNING LEFT""]","[""ELANTRA"", ""ENCORE""]","[""0"", ""1""]","[""S"", ""SW""]","[""1"", ""2""]","[""DRIVER"", ""PARKED""]","[""NONE"", ""UNKNOWN""]","[""2062685"", ""2062690""]","[""PASSENGER""]","[""PERSONAL""]","[""2015"", ""2019""]","[""Y""]","[""Y""]","[""Y""]","[""CITY OF CHICAGO"", ""PRIVATE""]","[""Y""]","[""Y""]","[""Y""]","[""Y""]","[""Y""]",[],[],"[""Y""]",[],"[""Y""]","[""Y""]","[""POUND #2""]",['41'],"[""DEPLOYED, COMBINATION""]","[""TEST NOT OFFERED""]","[""CHICAGO""]","[""2025-10-04T18:50:00.000""]","[""FAILED TO YIELD""]","[""UNKNOWN""]","[""D""]","[""IL""]","[""NONE""]","[""ST. BERNARDS""]","[""O2163815""]","[""DRIVER""]","[""UNKNOWN""]","[""USAGE UNKNOWN""]","[""F""]","[""IL""]","[""2062685""]","[""60609""]","[""AMB 30""]",[],[],[],[],[],2025,10,18,4,True,afternoon,41.77,-87.65,41.77_-87.65,41.0,41,41,SPEEDING,1
STRAIGHT AND LEVEL,1831,2025-10-04 18:35:00,7,18,10,9807C9A991BD7E0532FCEE5A1F1CBAFF7D42A2EB3A31B2F49A8083DCC5522316765A5D45743FEB1015B1870B31AE2CB6F437C7229F9A8D28556E2090FD9EF290,NO INJURY / DRIVE AWAY,"OVER $1,500",FUNCTIONING PROPERLY,SIDESWIPE SAME DIRECTION,41.8894198046,DARKNESS,-87.6294458105,2,30,IMPROPER OVERTAKING/PASSING,UNKNOWN,UNKNOWN,IMPROPER TURNING/NO SIGNAL,N,405,TRAFFIC SIGNAL,FOUR WAY,CLEAR,0.0,0.0,1.0,0.0,0.0,1.0,1,2,[],"[""Y""]",[],"[""2025-10-04T18:35:00.000""]","[""2163792"", ""2163793""]","[""SIDE-LEFT-FRONT"", ""SIDE-RIGHT""]","[""IL""]","[""GENERAL MOTORS CORPORATION (GMC)"", ""MAZDA""]","[""PASSING/OVERTAKING"", ""STRAIGHT AHEAD""]","[""MAZDA3"", ""OTHER (EXPLAIN IN NARRATIVE)""]","[""1""]","[""N""]","[""1"", ""2""]","[""DRIVER""]","[""UNKNOWN""]","[""2062659"", ""2062674""]","[""PASSENGER"", ""PICKUP""]","[""PERSONAL""]","[""2023"", ""2025""]","[""Y""]","[""Y""]","[""Y""]",[],[],[],[],[],"[""Y""]",[],[],[],[],[],[],[],"['25', '35']","[""DEPLOYMENT UNKNOWN""]","[""TEST NOT OFFERED""]","[""LANSING"", ""ORLAND PARK""]","[""2025-10-04T18:35:00.000""]","[""IMPROPER LANE CHANGE"", ""NONE""]","[""UNKNOWN""]","[""D"", ""DM""]","[""IL""]","[""UNKNOWN""]",[],"[""O2163792"", ""O2163793""]","[""DRIVER""]","[""UNKNOWN""]","[""SAFETY BELT USED""]","[""M""]","[""IL""]","[""2062659"", ""2062674""]","[""60438"", ""60467""]",[],[],[],[],[],[],2025,10,18,4,True,afternoon,41.89,-87.63,41.89_-87.63,30.0,25,35,OTHER,0
STRAIGHT AND LEVEL,2413,2025-10-04 18:31:00,7,18,10,203BB223AA2EAEBA795D022324A14E9596D1C492B403C511480748CFF06CA9C990F03573579B43BEDE4C74A1C4FFAFCDA264638EA78B5F008C5AC9D79F145982,NO INJURY / DRIVE AWAY,"$501 - $1,500",FUNCTIONING PROPERLY,TURNING,41.9972999605,DUSK,-87.709490091,2,30,IMPROPER LANE USAGE,NO DEFECTS,DRY,UNABLE TO DETERMINE,N,6398,TRAFFIC SIGNAL,NOT DIVIDED,CLEAR,0.0,1.0,1.0,0.0,0.0,1.0,1,2,[],[],[],"[""2025-10-04T18:31:00.000""]","[""2163759"", ""2163760""]","[""FRONT"", ""FRONT-LEFT-CORNER""]","[""IL""]","[""UNKNOWN"", ""VESPA""]","[""TURNING LEFT"", ""TURNING RIGHT""]","[""ENCLOSED BODY"", ""PRIMAVERA""]","[""1"", ""2""]","[""N"", ""S""]","[""1"", ""2""]","[""DRIVER""]","[""NONE"", ""UNKNOWN""]","[""2062624"", ""2062632""]","[""MOTORCYCLE (OVER 150CC)"", ""UNKNOWN/NA""]","[""PERSONAL"", ""UNKNOWN/NA""]","[""2023""]",[],[],"[""Y""]",[],[],[],[],[],[],[],"[""1""]",[],[],[],[],[],"['19', '38']","[""NOT APPLICABLE""]","[""TEST NOT OFFERED""]","[""SKOKIE""]","[""2025-10-04T18:31:00.000""]","[""IMPROPER TURN"", ""NONE""]","[""NOT OBSCURED"", ""UNKNOWN""]","[""DM""]","[""IL""]","[""NONE""]",[],"[""O2163759"", ""O2163760"", ""P477524""]","[""DRIVER"", ""PASSENGER""]","[""NORMAL"", ""UNKNOWN""]","[""HELMET NOT USED"", ""USAGE UNKNOWN""]","[""F"", ""M""]","[""IL""]","[""2062624"", ""2062632""]","[""60076""]",[],"[""5""]",[],[],[],[],2025,10,18,4,True,afternoon,42.0,-87.71,42.0_-87.71,28.5,19,38,OTHER,0
STRAIGHT AND LEVEL,1024,2025-10-04 18:30:00,7,18,10,F5B48809C4D101C5AB58BCF92C696E4E734A2A08BD3EDA661FFC165C5482F7CCC6004FFDD345208935E1F5905FB311955A3B6043C00908A0360B0873A8EA0EB7,INJURY AND / OR TOW DUE TO CRASH,"OVER $1,500",FUNCTIONING PROPERLY,ANGLE,41.8462414552,DARKNESS,-87.7052389236,2,25,UNABLE TO DETERMINE,NO DEFECTS,DRY,NOT APPLICABLE,S,2500,TRAFFIC SIGNAL,NOT DIVIDED,CLEAR,0.0,1.0,0.0,0.0,0.0,1.0,1,1,[],"[""Y""]",[],"[""2025-10-04T18:30:00.000""]","[""2163878"", ""2163879""]","[""SIDE-RIGHT"", ""UNKNOWN""]","[""IL""]","[""GENERAL MOTORS CORPORATION (GMC)"", ""HYUNDAI""]","[""STRAIGHT AHEAD""]","[""OTHER (EXPLAIN IN NARRATIVE)"", ""SONATA""]","[""1""]","[""E"", ""S""]","[""1"", ""2""]","[""DRIVER""]","[""UNKNOWN""]","[""2062970"", ""2062973""]","[""PASSENGER"", ""PICKUP""]","[""PERSONAL"", ""UNKNOWN/NA""]","[""2014""]","[""Y""]","[""Y""]",[],"[""PERSONAL TOW""]","[""Y""]",[],"[""Y""]",[],[],[],[],[],[],[],[],[],['23'],"[""DEPLOYED, COMBINATION"", ""DEPLOYMENT UNKNOWN""]","[""TEST NOT OFFERED""]","[""CICERO""]","[""2025-10-04T18:30:00.000""]","[""UNKNOWN""]","[""UNKNOWN""]","[""D""]","[""IL""]","[""NONE""]",[],"[""O2163878"", ""O2163879""]","[""DRIVER""]","[""NORMAL"", ""UNKNOWN""]","[""SAFETY BELT USED"", ""USAGE UNKNOWN""]","[""M"", ""X""]","[""IL""]","[""2062970"", ""2062973""]","[""60804""]",[],[],[],[],[],[],2025,10,18,4,True,afternoon,41.85,-87.71,41.85_-87.71,23.0,23,23,OTHER,0
STRAIGHT AND LEVEL,1932,2025-10-04 18:30:00,7,18,10,F1430841B17897505CE3FF1AA8B09AA50316E6FDE931A43E82481B816FD257060CAFFE705136371F9BFEAF4E54CFD2FBA6BED284E516DB2F1F3AE23D29A13FA0,NO INJURY / DRIVE AWAY,$500 OR LESS,NO CONTROLS,SIDESWIPE OPPOSITE DIRECTION,41.9335034761,DAYLIGHT,-87.6630771901,2,25,NOT APPLICABLE,NO DEFECTS,DRY,NOT APPLICABLE,W,1346,NO CONTROLS,NOT DIVIDED,CLEAR,0.0,0.0,0.0,0.0,0.0,1.0,1,1,[],[],[],"[""2025-10-04T18:30:00.000""]","[""2163733"", ""2163734""]","[""NONE""]","[""IL""]","[""FORD"", ""MAZDA""]","[""STRAIGHT AHEAD""]","[""CX-5"", ""VAN""]","[""1""]","[""E"", ""W""]","[""1"", ""2""]","[""DRIVER""]","[""NONE"", ""UNKNOWN""]","[""2062600"", ""2062604""]","[""PASSENGER"", ""VAN/MINI-VAN""]","[""OTHER"", ""PERSONAL""]","[""2024""]",[],[],[],[],[],[],[],[],[],[],[],[],"[""Y""]",[],[],[],['34'],"[""NOT APPLICABLE""]","[""TEST NOT OFFERED""]","[""CHICAGO""]","[""2025-10-04T18:30:00.000""]","[""NONE"", ""UNKNOWN""]","[""NOT OBSCURED"", ""UNKNOWN""]",[],"[""IL""]","[""NONE""]",[],"[""O2163733"", ""O2163734""]","[""DRIVER""]","[""NORMAL"", ""UNKNOWN""]","[""USAGE UNKNOWN""]","[""F"", ""M""]","[""IL""]","[""2062600"", ""2062604""]","[""60612""]",[],[],[],[],[],[],2025,10,18,4,True,afternoon,41.93,-87.66,41.93_-87.66,34.0,34,34,OTHER,0
STRAIGHT AND LEVEL,1024,2025-10-04 18:30:00,7,18,10,1909B9969D9FC206DA09E0B179A1FEE7A0175E108F03D92751FD8A22CA999BF9EA875B0BA202E651532D00A9BD8976C23E1A5F914B013745070249C2E7365656,NO INJURY / DRIVE AWAY,"OVER $1,500",NO CONTROLS,PEDALCYCLIST,41.8463287713,"DARKNESS, LIGHTED ROAD",-87.714525417,2,30,FAILING TO YIELD RIGHT-OF-WAY,UNKNOWN,DRY,FAILING TO YIELD RIGHT-OF-WAY,W,3552,NO CONTROLS,ALLEY,CLEAR,0.0,1.0,0.0,0.0,0.0,1.0,2,1,[],[],[],"[""2025-10-04T18:30:00.000""]","[""2163850"", ""2163851""]","[""UNKNOWN""]",[],"[""UNKNOWN""]","[""UNKNOWN/NA""]","[""OTHER (EXPLAIN IN NARRATIVE)""]","[""1""]","[""N""]","[""1"", ""2""]","[""BICYCLE"", ""DRIVER""]","[""UNKNOWN""]","[""2062715""]","[""UNKNOWN/NA""]","[""UNKNOWN/NA""]",[],[],[],[],[],[],[],"[""Y""]",[],[],[],[],[],[],[],[],[],['11'],"[""DEPLOYMENT UNKNOWN""]","[""TEST NOT OFFERED""]","[""CHICAGO""]","[""2025-10-04T18:30:00.000""]","[""NONE"", ""UNKNOWN""]","[""UNKNOWN""]",[],[],"[""NONE"", ""UNKNOWN""]","[""MT SINAI HOSPITAL.""]","[""O2163850"", ""O2163851""]","[""BICYCLE"", ""DRIVER""]","[""NORMAL"", ""UNKNOWN""]","[""HELMET NOT USED"", ""USAGE UNKNOWN""]","[""M""]","[""IL""]","[""2062715""]","[""60623""]",[],[],"[""ENTER FROM DRIVE/ALLEY""]","[""IN CROSSWALK""]","[""OTHER LIGHT SOURCE USED""]",[],2025,10,18,4,True,afternoon,41.85,-87.71,41.85_-87.71,11.0,11,11,FAILURE-TO-YIELD,0
STRAIGHT AND LEVEL,1233,2025-10-04 18:30:00,7,18,10,15D35C8773E91C8DAAD094702C72D34AB443CC52A85320CCCB1934338834B5FC5956BA1A5655779E65DC6F98D3459C95EC2E29E3D5022DF221076DD5E5C142D3,NO INJURY / DRIVE AWAY,"OVER $1,500",FUNCTIONING PROPERLY,REAR END,41.8665096265,DAYLIGHT,-87.6855193386,2,30,UNABLE TO DETERMINE,NO DEFECTS,DRY,UNABLE TO DETERMINE,W,2347,TRAFFIC SIGNAL,NOT DIVIDED,CLEAR,0.0,1.0,0.0,0.0,0.0,1.0,1,2,[],[],"[""N""]","[""2025-10-04T18:30:00.000""]","[""2163743"", ""2163744""]","[""REAR"", ""UNKNOWN""]","[""IL""]","[""NISSAN"", ""UNKNOWN""]","[""STRAIGHT AHEAD""]","[""KICKS"", ""MOTORIZED""]","[""1"", ""2""]","[""E""]","[""1"", ""2""]","[""DRIVER""]","[""NONE"", ""UNKNOWN""]","[""2062609"", ""2062619""]","[""PASSENGER"", ""UNKNOWN/NA""]","[""PERSONAL"", ""UNKNOWN/NA""]","[""2024""]",[],[],"[""N""]",[],[],"[""Y""]",[],[],[],[],"[""1""]",[],[],"[""Y""]","[""Y""]",[],"['32', '35']","[""DEPLOYMENT UNKNOWN"", ""DID NOT DEPLOY"", ""NOT APPLICABLE""]","[""TEST NOT OFFERED""]","[""CHICAGO""]","[""2025-10-04T18:30:00.000""]","[""FAILED TO YIELD"", ""NONE""]","[""NOT OBSCURED"", ""UNKNOWN""]","[""D""]","[""IL"", ""XX""]","[""NONE""]",[],"[""O2163743"", ""O2163744"", ""P477500""]","[""DRIVER"", ""PASSENGER""]","[""NORMAL"", ""UNKNOWN""]","[""SAFETY BELT USED"", ""USAGE UNKNOWN""]","[""F"", ""M""]","[""IL""]","[""2062609"", ""2062619""]","[""60624"", ""60644""]",[],"[""3""]",[],[],[],[],2025,10,18,4,True,afternoon,41.87,-87.69,41.87_-87.69,33.5,32,35,OTHER,0
STRAIGHT AND LEVEL,1932,2025-10-04 18:25:00,7,18,10,E9A2BF7984E08FC6F6065AEC67A832C8FD9400147E2E1EBF5BD946DA760275EE07EC2BFD7AB64AF8B419210942B985A270F4E9A0E8430A9C9CEF1754ACC60F05,INJURY AND / OR TOW DUE TO CRASH,"OVER $1,500",NO CONTROLS,PARKED MOTOR VEHICLE,41.928766069,DAYLIGHT,-87.6617559439,2,30,DRIVING SKILLS/KNOWLEDGE/EXPERIENCE,NO DEFECTS,DRY,DRIVING SKILLS/KNOWLEDGE/EXPERIENCE,W,1317,NO CONTROLS,NOT DIVIDED,CLEAR,0.0,0.0,0.0,0.0,0.0,1.0,2,3,"[""Y""]","[""Y""]","[""Y""]","[""2025-10-04T18:25:00.000""]","[""2164590"", ""2164591""]","[""FRONT-RIGHT-CORNER"", ""SIDE-RIGHT""]","[""IL""]","[""CHEVROLET"", ""HONDA""]","[""PARKED"", ""STRAIGHT AHEAD""]","[""CR-V"", ""EXPRESS""]","[""1"", ""2""]","[""E""]","[""1"", ""2""]","[""DRIVER"", ""PARKED""]","[""NONE""]","[""2063404"", ""2063405""]","[""SPORT UTILITY VEHICLE (SUV)"", ""VAN/MINI-VAN""]","[""NOT IN USE"", ""PERSONAL""]","[""2013"", ""2025""]",[],[],[],[],[],[],[],"[""Y""]","[""Y""]",[],"[""2""]",[],[],[],[],[],"['35', '54', '8']","[""NOT APPLICABLE""]","[""TEST NOT OFFERED""]","[""CHICAGO"", ""PROSPECT HEIGHTS""]","[""2025-10-04T18:25:00.000""]","[""NONE""]","[""UNKNOWN""]","[""D""]","[""IL""]","[""NONE""]","[""REFUSED""]","[""O2164591"", ""P477705"", ""P477706""]","[""DRIVER"", ""PASSENGER""]","[""NORMAL""]","[""USAGE UNKNOWN""]","[""F"", ""M""]","[""IL""]","[""2063404"", ""2063405""]","[""60070"", ""60641""]","[""REFUSED""]","[""1"", ""3""]",[],[],[],[],2025,10,18,4,True,afternoon,41.93,-87.66,41.93_-87.66,32.333333333333336,8,54,OTHER,1
STRAIGHT AND LEVEL,211,2025-10-04 18:25:00,7,18,10,9D8A0189F82F45FC3222CA14F6C3BEA8F40E4AC6AEE2A94B3004146A4AB6DF22CD33D52F85A584CDA4A259BFB6E7ABECEEFE921889B03881EBAB94BD313040B0,INJURY AND / OR TOW DUE TO CRASH,"OVER $1,500",NO CONTROLS,PEDALCYCLIST,41.838428603,"DARKNESS, LIGHTED ROAD",-87.6136448533,2,35,UNABLE TO DETERMINE,UNKNOWN,UNKNOWN,UNABLE TO DETERMINE,S,3100,TRAFFIC SIGNAL,DIVIDED - W/MEDIAN (NOT RAISED),CLEAR,0.0,1.0,0.0,0.0,0.0,1.0,2,1,[],[],[],"[""2025-10-04T18:25:00.000""]","[""2165655"", ""2165656""]","[""UNKNOWN""]","[""IL""]","[""UNKNOWN""]","[""STRAIGHT AHEAD""]","[""OTHER (EXPLAIN IN NARRATIVE)""]","[""1""]","[""W""]","[""1"", ""2""]","[""BICYCLE"", ""DRIVER""]","[""UNKNOWN""]","[""2064403""]","[""OTHER VEHICLE WITH TRAILER""]","[""UNKNOWN/NA""]",[],[],[],[],[],[],[],"[""Y""]",[],[],[],[],[],[],[],[],[],['51'],"[""DEPLOYMENT UNKNOWN""]","[""TEST NOT OFFERED""]","[""CHICAGO""]","[""2025-10-04T18:25:00.000""]","[""NONE"", ""OTHER""]","[""NOT OBSCURED"", ""UNKNOWN""]",[],[],"[""NONE""]",[],"[""O2165655"", ""O2165656""]","[""BICYCLE"", ""DRIVER""]","[""NORMAL"", ""UNKNOWN""]","[""HELMET NOT USED"", ""USAGE UNKNOWN""]","[""M"", ""X""]","[""IL""]","[""2064403""]","[""60619""]",[],[],"[""WITH TRAFFIC""]","[""BIKE LANE""]","[""NO CONTRASTING CLOTHING""]",[],2025,10,18,4,True,afternoon,41.84,-87.61,41.84_-87.61,51.0,51,51,OTHER,1
STRAIGHT AND LEVEL,1421,2025-10-04 18:24:00,7,18,10,74B7C36A9BFECED02F2C65526C7B829151830F7393DD0518EA0F972E4E76AC7D696983F3D37C23FEA2F7ADC3E0FD48E869332C7D0FBDFFA1FC94B6E1430492FB,NO INJURY / DRIVE AWAY,"OVER $1,500",FUNCTIONING PROPERLY,REAR END,41.9102178281,DAYLIGHT,-87.7075978827,2,30,UNABLE TO DETERMINE,NO DEFECTS,DRY,UNABLE TO DETERMINE,W,3216,TRAFFIC SIGNAL,T-INTERSECTION,CLEAR,0.0,0.0,0.0,0.0,0.0,1.0,1,2,"[""Y""]",[],"[""Y""]","[""2025-10-04T18:24:00.000""]","[""2164089"", ""2164090""]","[""FRONT"", ""REAR""]","[""IL""]","[""CHEVROLET"", ""LEXUS""]","[""STRAIGHT AHEAD""]","[""EQUINOX"", ""GS""]","[""1""]","[""E""]","[""1"", ""2""]","[""DRIVER""]","[""UNKNOWN""]","[""2062930"", ""2062932""]","[""PASSENGER""]","[""PERSONAL""]","[""2019""]",[],[],"[""Y""]",[],[],"[""Y""]",[],[],[],[],[],[],[],"[""Y""]","[""Y""]",[],"['23', '39']","[""NOT APPLICABLE""]","[""TEST NOT OFFERED""]","[""CHICAGO""]","[""2025-10-04T18:24:00.000""]","[""NONE"", ""UNKNOWN""]","[""UNKNOWN""]","[""D""]","[""IL""]","[""NONE""]",[],"[""O2164089"", ""O2164090""]","[""DRIVER""]","[""NORMAL"", ""UNKNOWN""]","[""USAGE UNKNOWN""]","[""F"", ""M""]","[""IL""]","[""2062930"", ""2062932""]","[""60632"", ""60651""]",[],[],[],[],[],[],2025,10,18,4,True,afternoon,41.91,-87.71,41.91_-87.71,31.0,23,39,OTHER,0
STRAIGHT AND LEVEL,114,2025-10-04 18:20:00,7,18,10,222E91EB33F5B932F648BDF802CC3AAF8A6374A24F1DB74D9D25A5B40ACD7C25C5CCF415924144E61DF9B703765259D728473E533C26F395C251B1D9B7D5CE20,NO INJURY / DRIVE AWAY,"OVER $1,500",NO CONTROLS,SIDESWIPE SAME DIRECTION,41.8845319927,DAYLIGHT,-87.6197648286,2,30,UNABLE TO DETERMINE,UNKNOWN,DRY,UNABLE TO DETERMINE,E,320,NO CONTROLS,NOT DIVIDED,CLEAR,0.0,0.0,0.0,0.0,0.0,1.0,1,2,"[""Y""]",[],[],"[""2025-10-04T18:20:00.000""]","[""2163721"", ""2163722""]","[""FRONT-LEFT-CORNER"", ""FRONT-RIGHT-CORNER""]","[""IL""]","[""TOYOTA""]","[""UNKNOWN/NA""]","[""SEQUOIA""]","[""1""]","[""W""]","[""1"", ""2""]","[""DRIVER""]","[""UNKNOWN""]","[""2062598"", ""2062602""]","[""PASSENGER""]","[""PERSONAL"", ""TAXI/FOR HIRE""]","[""2003"", ""2025""]",[],[],"[""Y""]",[],[],"[""N""]",[],[],[],[],[],[],[],[],[],[],"['39', '44']","[""NOT APPLICABLE""]","[""TEST NOT OFFERED""]","[""CHICAGO""]","[""2025-10-04T18:20:00.000""]","[""UNKNOWN""]","[""UNKNOWN""]","[""D""]","[""IL""]","[""NONE""]",[],"[""O2163721"", ""O2163722""]","[""DRIVER""]","[""UNKNOWN""]","[""USAGE UNKNOWN""]","[""M""]","[""IL""]","[""2062598"", ""2062602""]","[""60628"", ""60640""]",[],[],[],[],[],[],2025,10,18,4,True,afternoon,41.88,-87.62,41.88_-87.62,41.5,39,44,OTHER,0