alignment,beat_of_occurrence,crash_date,crash_day_of_week,crash_hour,crash_month,crash_record_id,crash_type,damage,device_condition,first_crash_type,latitude,lighting_condition,longitude,num_units,posted_speed_limit,prim_contributory_cause,road_defect,roadway_surface_cond,sec_contributory_cause,street_direction,street_no,traffic_control_device,trafficway_type,weather_condition,private_property_i,hit_and_run_i,intersection_related_i,crash_date_est_i,work_zone_i,workers_present_i,veh_count,ppl_count,veh_area_01_i_list_json,veh_area_02_i_list_json,veh_area_12_i_list_json,veh_crash_date_list_json,veh_crash_unit_id_list_json,veh_first_contact_point_list_json,veh_lic_plate_state_list_json,veh_make_list_json,veh_maneuver_list_json,veh_model_list_json,veh_occupant_cnt_list_json,veh_travel_direction_list_json,veh_unit_no_list_json,veh_unit_type_list_json,veh_vehicle_defect_list_json,veh_vehicle_id_list_json,veh_vehicle_type_list_json,veh_vehicle_use_list_json,veh_vehicle_year_list_json,veh_area_03_i_list_json,veh_area_04_i_list_json,veh_area_11_i_list_json,veh_towed_by_list_json,veh_towed_i_list_json,veh_area_07_i_list_json,veh_area_99_i_list_json,veh_area_09_i_list_json,veh_area_10_i_list_json,veh_cmrc_veh_i_list_json,veh_num_passengers_list_json,veh_area_08_i_list_json,veh_area_00_i_list_json,veh_area_05_i_list_json,veh_area_06_i_list_json,veh_towed_to_list_json,ppl_age_list_json,ppl_airbag_deployed_list_json,ppl_bac_result_list_json,ppl_city_list_json,ppl_crash_date_list_json,ppl_driver_action_list_json,ppl_driver_vision_list_json,ppl_drivers_license_class_list_json,ppl_drivers_license_state_list_json,ppl_ejection_list_json,ppl_hospital_list_json,ppl_person_id_list_json,ppl_person_type_list_json,ppl_physical_condition_list_json,ppl_safety_equipment_list_json,ppl_sex_list_json,ppl_state_list_json,ppl_vehicle_id_list_json,ppl_zipcode_list_json,ppl_ems_agency_list_json,ppl_seat_no_list_json,ppl_pedpedal_action_list_json,ppl_pedpedal_location_list_json,ppl_pedpedal_visibility_list_json,ppl_ems_run_no_list_json,year,month,hour,day,is_weekend,hour_bin,lat_bin,lng_bin,grid_id,ppl_age_mean,ppl_age_min,ppl_age_max,prim_contributory_cause_group,ksi_flag
STRAIGHT AND LEVEL,1912,2025-10-04 18:08:00,7,18,10,327C3D45611333F6D2F7F850203E6230D6E604788B2EBC56EE13B7ECE6B30E9B7D2CF3A2C621C13C65EEFCDF6084664DFF2CFC59F473FA7777DDF0341FC617E3,NO INJURY / DRIVE AWAY,"OVER $1,500",NO CONTROLS,SIDESWIPE SAME DIRECTION,41.968765065,DAYLIGHT,-87.6700178264,2,30,IMPROPER OVERTAKING/PASSING,NO DEFECTS,DRY,IMPROPER LANE USAGE,W,1613,NO CONTROLS,NOT DIVIDED,CLEAR,0.0,1.0,0.0,0.0,0.0,1.0,1,1,[],[],[],"[""2025-10-04T18:08:00.000""]","[""2163731"", ""2163732""]","[""FRONT-LEFT-CORNER"", ""REAR-RIGHT-CORNER""]","[""IL""]","[""HONDA"", ""TESLA""]","[""STRAIGHT AHEAD"", ""UNKNOWN/NA""]","[""ELEMENT"", ""MODEL 3""]","[""1""]","[""E""]","[""1"", ""2""]","[""DRIVER""]","[""NONE""]","[""2062601"", ""2062607""]","[""PASSENGER""]","[""PERSONAL""]","[""2003"", ""2020""]",[],"[""Y""]","[""Y""]",[],[],[],[],[],"[""Y""]",[],[],[],[],"[""Y""]",[],[],['34'],"[""DEPLOYMENT UNKNOWN"", ""DID NOT DEPLOY""]","[""TEST NOT OFFERED""]","[""CHICAGO""]","[""2025-10-04T18:08:00.000""]","[""IMPROPER LANE CHANGE"", ""NONE""]","[""NOT OBSCURED"", ""UNKNOWN""]","[""D""]","[""IL""]","[""NONE""]",[],"[""O2163731"", ""O2163732""]","[""DRIVER""]","[""NORMAL"", ""UNKNOWN""]","[""SAFETY BELT USED"", ""USAGE UNKNOWN""]","[""F"", ""M""]","[""IL""]","[""2062601"", ""2062607""]","[""60659""]",[],[],[],[],[],[],2025,10,18,4,True,afternoon,41.97,-87.67,41.97_-87.67,34.0,34,34,OTHER,0
STRAIGHT AND LEVEL,834,2025-10-04 18:04:00,7,18,10,C5F0374A0A424886DE7DF47DDE579B31BFDB42A155D7C4C3889779EA45AB7DA490860DC5BAEE24D37DE8D4074CCDAC290F0058C3536CBCF681505D33782BECDC,INJURY AND / OR TOW DUE TO CRASH,"OVER $1,500",FUNCTIONING PROPERLY,TURNING,41.7491535448,DUSK,-87.7315084667,2,30,UNABLE TO DETERMINE,NO DEFECTS,DRY,UNABLE TO DETERMINE,W,4371,TRAFFIC SIGNAL,DIVIDED - W/MEDIAN BARRIER,CLEAR,0.0,0.0,1.0,0.0,0.0,1.0,1,4,"[""Y""]","[""Y""]","[""Y""]","[""2025-10-04T18:04:00.000""]","[""2164559"", ""2164560""]","[""FRONT"", ""SIDE-RIGHT-FRONT""]","[""IL""]","[""HONDA""]","[""STRAIGHT AHEAD"", ""TURNING LEFT""]","[""CIVIC"", ""CR-V""]","[""1"", ""3""]","[""E"", ""SW""]","[""1"", ""2""]","[""DRIVER""]","[""UNKNOWN""]","[""2063365"", ""2063366""]","[""PASSENGER"", ""SPORT UTILITY VEHICLE (SUV)""]","[""PERSONAL""]","[""2005"", ""2021""]","[""Y""]",[],"[""Y""]","[""CITY RELOCATION"", ""PRIVATE TOW""]","[""Y""]",[],[],"[""N""]","[""Y""]",[],"[""2""]",[],[],[],[],"[""8111 S KOLMAR AVE""]","['0', '19', '21', '30']","[""DEPLOYED, COMBINATION""]","[""TEST NOT OFFERED""]","[""CHICAGO""]","[""2025-10-04T18:04:00.000""]","[""OTHER""]","[""NOT OBSCURED""]",[],"[""IL""]","[""NONE""]","[""CHRIST MEDICAL CENTER""]","[""O2164559"", ""O2164560"", ""P477703"", ""P477704""]","[""DRIVER"", ""PASSENGER""]","[""NORMAL""]","[""CHILD RESTRAINT - TYPE UNKNOWN"", ""NONE PRESENT"", ""USAGE UNKNOWN""]","[""F"", ""M""]","[""IL""]","[""2063365"", ""2063366""]","[""60638"", ""60652""]","[""CFD""]","[""3"", ""4""]",[],[],[],"[""27""]",2025,10,18,4,True,afternoon,41.75,-87.73,41.75_-87.73,17.5,0,30,OTHER,1
STRAIGHT AND LEVEL,925,2025-10-04 18:00:00,7,18,10,FC1E2EC45F7767F37FBEABF81558F2D04C8AC78F09C6EBED34704F54209B146EAECC07F250917C25267E01818DE61280A57C0E55E3783BF2B57A8E0F82280F02,NO INJURY / DRIVE AWAY,"$501 - $1,500",NO CONTROLS,PARKED MOTOR VEHICLE,41.8154427426,"DARKNESS, LIGHTED ROAD",-87.6419458877,2,25,UNABLE TO DETERMINE,NO DEFECTS,DRY,UNABLE TO DETERMINE,W,626,NO CONTROLS,NOT DIVIDED,CLEAR,0.0,0.0,0.0,0.0,0.0,1.0,2,1,[],[],[],"[""2025-10-04T18:00:00.000""]","[""2163790"", ""2163791""]","[""NONE"", ""REAR-RIGHT-CORNER""]","[""IL""]","[""NISSAN"", ""RIVIAN""]","[""PARKED IN TRAFFIC LANE"", ""STRAIGHT AHEAD""]","[""R3"", ""SENTRA""]","[""0"", ""1""]","[""E"", ""W""]","[""1"", ""2""]","[""DRIVER"", ""PARKED""]","[""UNKNOWN""]","[""2062655"", ""2062663""]","[""PASSENGER"", ""VAN/MINI-VAN""]","[""PERSONAL""]","[""2022"", ""2024""]",[],"[""N""]",[],[],[],[],[],[],[],"[""Y""]",[],"[""N""]","[""Y""]","[""Y""]",[],[],['29'],"[""NOT APPLICABLE""]","[""TEST NOT OFFERED""]","[""CHICAGO""]","[""2025-10-04T18:00:00.000""]","[""UNKNOWN""]","[""NOT OBSCURED""]","[""D""]","[""IL""]","[""NONE""]",[],"[""O2163790""]","[""DRIVER""]","[""NORMAL""]","[""SAFETY BELT USED""]","[""M""]","[""IL""]","[""2062655""]","[""60609""]",[],[],[],[],[],[],2025,10,18,4,True,afternoon,41.82,-87.64,41.82_-87.64,29.0,29,29,OTHER,0
STRAIGHT AND LEVEL,1214,2025-10-04 18:00:00,7,18,10,95B1462DDDCE892C200A5A305D67D854EDFB00AC2B4ECC1BB3F9E17E41D89695DCE1473459A13F8DB625D08CDF6E559250E8B861AA164FE49C538CB6A68739F1,INJURY AND / OR TOW DUE TO CRASH,"OVER $1,500",FUNCTIONING PROPERLY,HEAD ON,41.8957670451,DAWN,-87.6548841064,2,30,UNABLE TO DETERMINE,NO DEFECTS,DRY,UNABLE TO DETERMINE,N,755,TRAFFIC SIGNAL,"FIVE POINT, OR MORE",CLEAR,0.0,0.0,1.0,0.0,0.0,1.0,1,2,"[""Y""]","[""Y""]","[""Y""]","[""2025-10-04T18:00:00.000""]","[""2163762"", ""2163763""]","[""FRONT""]","[""IL""]","[""HONDA""]","[""OTHER""]","[""ACCORD"", ""HR-V""]","[""1"", ""2""]","[""NE"", ""SW""]","[""1"", ""2""]","[""DRIVER""]","[""NONE""]","[""2062630"", ""2062640""]","[""PASSENGER"", ""SPORT UTILITY VEHICLE (SUV)""]","[""PERSONAL""]","[""2010"", ""2023""]",[],[],"[""Y""]","[""PRIVATE""]","[""Y""]",[],[],[],"[""Y""]",[],"[""1""]",[],[],[],[],[],"['17', '34']","[""DEPLOYED, FRONT""]","[""TEST NOT OFFERED""]","[""CHICAGO""]","[""2025-10-04T18:00:00.000""]","[""OTHER""]","[""UNKNOWN""]","[""D""]","[""IL""]","[""NONE""]",[],"[""O2163762"", ""O2163763"", ""P477509""]","[""DRIVER"", ""PASSENGER""]","[""NORMAL""]","[""USAGE UNKNOWN""]","[""F"", ""M""]","[""IL""]","[""2062630"", ""2062640""]","[""60614"", ""60618""]",[],"[""4""]",[],[],[],[],2025,10,18,4,True,afternoon,41.9,-87.65,41.9_-87.65,25.5,17,34,OTHER,0
STRAIGHT AND LEVEL,2533,2025-10-04 18:00:00,7,18,10,36396D744EBB2A1FB28625137ED29B83EFB4F813457617AAF0479DA9024DF8EC659B86C0CD44B0C2BF7BCFCA2BAC35FEEFB73901B79233D2EAC73DED1DBBBBEC,NO INJURY / DRIVE AWAY,"OVER $1,500",NO CONTROLS,PARKED MOTOR VEHICLE,41.909764527,DAYLIGHT,-87.7433762957,2,10,UNABLE TO DETERMINE,NO DEFECTS,DRY,NOT APPLICABLE,W,4650,NO CONTROLS,PARKING LOT,CLEAR,0.0,1.0,0.0,0.0,0.0,1.0,2,0,[],[],"[""Y""]","[""2025-10-04T18:00:00.000""]","[""2166270"", ""2166271""]","[""FRONT-LEFT-CORNER"", ""UNKNOWN""]","[""IL""]","[""TOYOTA"", ""UNKNOWN""]","[""PARKED"", ""UNKNOWN/NA""]","[""OTHER (EXPLAIN IN NARRATIVE)"", ""SIENNA""]","[""0"", ""1""]","[""UNKNOWN""]","[""1"", ""2""]","[""DRIVER"", ""PARKED""]","[""NONE"", ""UNKNOWN""]","[""2064970"", ""2064973""]","[""UNKNOWN/NA"", ""VAN/MINI-VAN""]","[""TAXI/FOR HIRE"", ""UNKNOWN/NA""]","[""2021""]",[],[],"[""Y""]",[],[],[],"[""Y""]",[],[],[],[],[],[],[],[],[],[],"[""DEPLOYMENT UNKNOWN""]","[""TEST NOT OFFERED""]",[],"[""2025-10-04T18:00:00.000""]","[""UNKNOWN""]","[""UNKNOWN""]",[],[],"[""NONE""]",[],"[""O2166270""]","[""DRIVER""]","[""UNKNOWN""]","[""USAGE UNKNOWN""]","[""X""]",[],"[""2064970""]",[],[],[],[],[],[],[],2025,10,18,4,True,afternoon,41.91,-87.74,41.91_-87.74,0.0,0,0,OTHER,0
STRAIGHT AND LEVEL,934,2025-10-04 18:00:00,7,18,10,FC89C84349CC05E32002B17ADE03F024133830A6FEF8E0A2D0AE7FC27EFF61F4E7E61FC38EF5FC130DB9E5D3345E1B9F2F8101011E75C5C018F96E16E9597176,NO INJURY / DRIVE AWAY,"OVER $1,500",NO CONTROLS,TURNING,41.7951486744,DAYLIGHT,-87.6453286532,2,30,"OPERATING VEHICLE IN ERRATIC, RECKLESS, CARELESS, NEGLIGENT OR AGGRESSIVE MANNER",WORN SURFACE,DRY,DRIVING ON WRONG SIDE/WRONG WAY,S,5430,NO CONTROLS,FOUR WAY,CLEAR,0.0,1.0,1.0,0.0,0.0,1.0,1,1,[],[],[],"[""2025-10-04T18:00:00.000""]","[""2163723"", ""2163724""]","[""FRONT-LEFT-CORNER""]","[""IL""]","[""NISSAN"", ""UNKNOWN""]","[""STRAIGHT AHEAD"", ""TURNING RIGHT""]","[""ALTIMA"", ""OTHER (EXPLAIN IN NARRATIVE)""]","[""1""]","[""S"", ""W""]","[""1"", ""2""]","[""DRIVER""]","[""UNKNOWN""]","[""2062594"", ""2062596""]","[""PASSENGER"", ""SPORT UTILITY VEHICLE (SUV)""]","[""PERSONAL"", ""UNKNOWN/NA""]","[""2008""]",[],[],"[""Y""]",[],[],[],[],[],"[""Y""]",[],[],[],[],[],[],[],['26'],"[""DEPLOYMENT UNKNOWN"", ""DID NOT DEPLOY""]","[""TEST NOT OFFERED""]","[""CHICAGO""]","[""2025-10-04T18:00:00.000""]","[""IMPROPER TURN"", ""NONE""]","[""NOT OBSCURED"", ""UNKNOWN""]","[""D""]","[""IL""]","[""NONE""]",[],"[""O2163723"", ""O2163724""]","[""DRIVER""]","[""NORMAL"", ""UNKNOWN""]","[""USAGE UNKNOWN""]","[""F""]","[""IL""]","[""2062594"", ""2062596""]","[""60619""]",[],[],[],[],[],[],2025,10,18,4,True,afternoon,41.8,-87.65,41.8_-87.65,26.0,26,26,OTHER,0
STRAIGHT AND LEVEL,2031,2025-10-04 17:50:00,7,17,10,131280AAC51C1244E156FD61394B14A00CCB8464E5E58B7AABE9174078A003A608A2F051F46784153565107965E25589EA984C23C66C96A8715B0C53FD898F5B,NO INJURY / DRIVE AWAY,"OVER $1,500",FUNCTIONING PROPERLY,SIDESWIPE SAME DIRECTION,41.9757525451,UNKNOWN,-87.6931393139,2,30,UNABLE TO DETERMINE,UNKNOWN,UNKNOWN,NOT APPLICABLE,W,2521,TRAFFIC SIGNAL,NOT DIVIDED,CLEAR,0.0,0.0,0.0,0.0,0.0,1.0,1,1,"[""Y""]",[],[],"[""2025-10-04T17:50:00.000""]","[""2164865"", ""2164866""]","[""FRONT-RIGHT-CORNER"", ""SIDE-LEFT-REAR""]","[""IL""]","[""CHRYSLER"", ""SUBARU""]","[""CHANGING LANES"", ""STRAIGHT AHEAD""]","[""IMPREZA"", ""TOWN & COUNTRY""]","[""1""]","[""E""]","[""1"", ""2""]","[""DRIVER""]","[""NONE""]","[""2063660"", ""2063666""]","[""PASSENGER""]","[""PERSONAL""]","[""2007"", ""2024""]",[],[],[],[],[],"[""Y""]",[],"[""Y""]",[],[],[],"[""Y""]","[""Y""]",[],[],[],['39'],"[""DEPLOYMENT UNKNOWN"", ""DID NOT DEPLOY""]","[""TEST NOT OFFERED""]","[""CHICAGO""]","[""2025-10-04T17:50:00.000""]","[""UNKNOWN""]","[""UNKNOWN""]","[""D""]","[""IL""]","[""NONE""]",[],"[""O2164865"", ""O2164866""]","[""DRIVER""]","[""UNKNOWN""]","[""SAFETY BELT USED"", ""USAGE UNKNOWN""]","[""F"", ""M""]","[""IL""]","[""2063660"", ""2063666""]","[""60640""]",[],[],[],[],[],[],2025,10,17,4,True,afternoon,41.98,-87.69,41.98_-87.69,39.0,39,39,OTHER,0
STRAIGHT AND LEVEL,1432,2025-10-04 17:50:00,7,17,10,02120E03E82C4639C07805EDDCF3F99EB8388A7FCF99CD3FBB2205251622404934BEA250F7994177F46FD68F93EE4B8059D5F2892FB31D9664BA5A626BD7CB06,NO INJURY / DRIVE AWAY,"OVER $1,500",FUNCTIONING PROPERLY,SIDESWIPE SAME DIRECTION,41.9323314799,DAYLIGHT,-87.683403141,2,30,IMPROPER OVERTAKING/PASSING,NO DEFECTS,DRY,UNABLE TO DETERMINE,W,2208,TRAFFIC SIGNAL,NOT DIVIDED,CLEAR,0.0,0.0,0.0,0.0,0.0,1.0,1,4,"[""Y""]","[""Y""]",[],"[""2025-10-04T17:50:00.000""]","[""2163747"", ""2163748""]","[""FRONT-RIGHT-CORNER"", ""SIDE-LEFT""]","[""IL""]","[""CADILLAC"", ""HONDA""]","[""STRAIGHT AHEAD""]","[""ATS"", ""HR-V""]","[""2""]","[""UNKNOWN""]","[""1"", ""2""]","[""DRIVER""]","[""NONE""]","[""2062622"", ""2062643""]","[""PASSENGER""]","[""PERSONAL""]","[""2018"", ""2022""]",[],[],[],[],[],[],[],"[""Y""]","[""Y""]",[],"[""1""]","[""Y""]",[],[],[],[],"['28', '3', '35', '56']","[""DID NOT DEPLOY""]","[""TEST NOT OFFERED""]","[""CHICAGO""]","[""2025-10-04T17:50:00.000""]","[""NONE"", ""OTHER""]","[""NOT OBSCURED""]","[""D""]","[""IL""]","[""NONE""]",[],"[""O2163747"", ""O2163748"", ""P477510"", ""P477523""]","[""DRIVER"", ""PASSENGER""]","[""NORMAL"", ""UNKNOWN""]","[""SAFETY BELT USED""]","[""F"", ""M""]","[""IL""]","[""2062622"", ""2062643""]","[""60618"", ""60657""]",[],"[""3"", ""6""]",[],[],[],[],2025,10,17,4,True,afternoon,41.93,-87.68,41.93_-87.68,30.5,3,56,OTHER,0
STRAIGHT AND LEVEL,133,2025-10-04 17:45:00,7,17,10,85A0D1B3A0CE2001E9E7242752DC73920F85630944229D416397E00974D54EBDCCDBF7111B17B918FC120595570BF0F0DB44F28530C3148765C01D070B4FCB42,NO INJURY / DRIVE AWAY,"OVER $1,500",NO CONTROLS,TURNING,41.8464710461,DAYLIGHT,-87.6171696495,2,30,FAILING TO YIELD RIGHT-OF-WAY,NO DEFECTS,DRY,UNABLE TO DETERMINE,S,2535,NO CONTROLS,DIVIDED - W/MEDIAN BARRIER,CLEAR,0.0,0.0,0.0,0.0,0.0,1.0,1,0,[],[],[],"[""2025-10-04T17:45:00.000""]","[""2164076"", ""2164077""]","[""FRONT"", ""SIDE-LEFT""]",[],"[""CHEVROLET"", ""MAZDA""]","[""STRAIGHT AHEAD"", ""TURNING LEFT""]","[""MAZDA3"", ""TAHOE""]","[""1""]","[""S""]","[""1"", ""2""]","[""DRIVER""]","[""NONE""]","[""2062919"", ""2062925""]","[""SPORT UTILITY VEHICLE (SUV)""]","[""PERSONAL""]",[],[],[],[],[],[],[],[],[],[],[],[],[],[],[],[],[],[],"[""DID NOT DEPLOY""]","[""TEST NOT OFFERED""]",[],"[""2025-10-04T17:45:00.000""]","[""IMPROPER TURN"", ""NONE""]","[""NOT OBSCURED"", ""OTHER""]",[],"[""ON""]","[""NONE""]",[],"[""O2164076"", ""O2164077""]","[""DRIVER""]","[""NORMAL""]","[""SAFETY BELT USED""]","[""F"", ""M""]",[],"[""2062919"", ""2062925""]",[],[],[],[],[],[],[],2025,10,17,4,True,afternoon,41.85,-87.62,41.85_-87.62,0.0,0,0,FAILURE-TO-YIELD,0
STRAIGHT AND LEVEL,1911,2025-10-04 17:40:00,7,17,10,13F29BB5B59E516C5766B7D1E7AFCA9191F3F41CFEEE7A913B9C674DE54C5F05F9C605940B2A4F62B254A75DDDD702405D11F8CAF5000AC77BB9AD87ED32E987,NO INJURY / DRIVE AWAY,"OVER $1,500",NO CONTROLS,PARKED MOTOR VEHICLE,41.9657992968,DAYLIGHT,-87.6858422382,2,25,NOT APPLICABLE,NO DEFECTS,DRY,NOT APPLICABLE,W,2249,NO CONTROLS,ONE-WAY,CLEAR,0.0,1.0,0.0,0.0,0.0,1.0,2,0,[],[],[],"[""2025-10-04T17:40:00.000""]","[""2164308"", ""2164309""]","[""REAR-RIGHT-CORNER"", ""UNKNOWN""]","[""IL""]","[""DODGE"", ""TOYOTA""]","[""PARKED"", ""UNKNOWN/NA""]","[""COROLLA"", ""RAM 1500 VAN""]","[""0"", ""1""]","[""SW"", ""W""]","[""1"", ""2""]","[""DRIVER"", ""PARKED""]","[""NONE"", ""UNKNOWN""]","[""2063136"", ""2063139""]","[""PASSENGER"", ""VAN/MINI-VAN""]","[""PERSONAL"", ""UNKNOWN/NA""]","[""1999"", ""2020""]",[],[],[],[],[],[],"[""Y""]",[],[],[],[],[],[],"[""Y""]","[""Y""]",[],[],"[""DEPLOYMENT UNKNOWN""]","[""TEST NOT OFFERED""]",[],"[""2025-10-04T17:40:00.000""]","[""UNKNOWN""]","[""UNKNOWN""]",[],[],"[""NONE""]",[],"[""O2164308""]","[""DRIVER""]","[""UNKNOWN""]","[""USAGE UNKNOWN""]","[""X""]",[],"[""2063136""]",[],[],[],[],[],[],[],2025,10,17,4,True,afternoon,41.97,-87.69,41.97_-87.69,0.0,0,0,OTHER,0
STRAIGHT AND LEVEL,2013,2025-10-04 17:40:00,7,17,10,514020FAD4F18F018522E544A9974E667044A9E8BD6DAFCD9C00C32D0001862E04ED7D83E58AFB872C02DDFDCF0B5CB32710841CD94FF077B675AC52CE2E00A9,NO INJURY / DRIVE AWAY,"OVER $1,500",NO CONTROLS,SIDESWIPE SAME DIRECTION,41.9872192578,DAYLIGHT,-87.6657091671,2,30,UNABLE TO DETERMINE,UNKNOWN,DRY,UNABLE TO DETERMINE,N,5785,NO CONTROLS,NOT DIVIDED,CLEAR,0.0,0.0,0.0,0.0,0.0,1.0,1,2,[],[],[],"[""2025-10-04T17:40:00.000""]","[""2164019"", ""2164020""]","[""FRONT-LEFT-CORNER"", ""REAR-RIGHT-CORNER""]","[""IL""]","[""HONDA"", ""HYUNDAI""]","[""CHANGING LANES"", ""STRAIGHT AHEAD""]","[""ACCORD"", ""SONATA""]","[""1""]","[""N""]","[""1"", ""2""]","[""DRIVER""]","[""UNKNOWN""]","[""2062872"", ""2062879""]","[""PASSENGER""]","[""PERSONAL""]","[""2002"", ""2019""]",[],"[""Y""]","[""Y""]",[],[],[],[],[],"[""Y""]",[],[],[],[],"[""Y""]",[],[],"['23', '42']","[""DID NOT DEPLOY"", ""NOT APPLICABLE""]","[""TEST NOT OFFERED""]","[""CHICAGO""]","[""2025-10-04T17:40:00.000""]","[""UNKNOWN""]","[""UNKNOWN""]","[""A"", ""D""]","[""IL""]","[""NONE""]",[],"[""O2164019"", ""O2164020""]","[""DRIVER""]","[""UNKNOWN""]","[""SAFETY BELT USED""]","[""M""]","[""IL""]","[""2062872"", ""2062879""]","[""60641"", ""60645""]",[],[],[],[],[],[],2025,10,17,4,True,afternoon,41.99,-87.67,41.99_-87.67,32.5,23,42,OTHER,0
STRAIGHT AND LEVEL,1733,2025-10-04 17:37:00,7,17,10,4072DAF0E02FFADEA8809EA5F1E7D0996EA825AD918A676A9E642B95A75D9AFAC0CF8837BCF8F165945296120A70B5CEA0454DF36001B36B5BC56A3A2E285C1C,INJURY AND / OR TOW DUE TO CRASH,"OVER $1,500",NO CONTROLS,PARKED MOTOR VEHICLE,41.9412826376,DAYLIGHT,-87.7075287506,2,30,UNABLE TO DETERMINE,NO DEFECTS,DRY,UNABLE TO DETERMINE,N,3307,NO CONTROLS,NOT DIVIDED,CLEAR,0.0,0.0,0.0,0.0,0.0,1.0,2,1,"[""Y""]","[""Y""]","[""Y""]","[""2025-10-04T17:37:00.000""]","[""2163710"", ""2163711""]","[""FRONT"", ""REAR-LEFT-CORNER""]","[""IL""]","[""TOYOTA"", ""VOLKSWAGEN""]","[""PARKED"", ""STRAIGHT AHEAD""]","[""RAV4"", ""TIGUAN""]","[""0"", ""1""]","[""N""]","[""1"", ""2""]","[""DRIVER"", ""PARKED""]","[""NONE""]","[""2062584"", ""2062588""]","[""PASSENGER""]","[""PERSONAL""]","[""2013"", ""2017""]",[],[],"[""Y""]","[""CITY OF CHICAGO""]","[""Y""]","[""Y""]",[],"[""Y""]","[""Y""]",[],[],"[""Y""]",[],[],[],"[""POUND 2""]",['59'],"[""NOT APPLICABLE""]","[""TEST NOT OFFERED""]","[""CHICAGO""]","[""2025-10-04T17:37:00.000""]","[""OTHER""]","[""NOT OBSCURED""]","[""D""]","[""IL""]","[""NONE""]","[""COMMUNITY FIRST""]","[""O2163710""]","[""DRIVER""]","[""MEDICATED""]","[""SAFETY BELT USED""]","[""F""]","[""IL""]","[""2062584""]","[""60639""]","[""7""]",[],[],[],[],[],2025,10,17,4,True,afternoon,41.94,-87.71,41.94_-87.71,59.0,59,59,OTHER,1
STRAIGHT AND LEVEL,532,2025-10-04 17:30:00,7,17,10,CDB54066DF5F8BEEF9C6AD265596DD0CD9313E6D1BBA48783ED116F63946C7A3DC80798C0637D000FDE09E880B8BBC50FC6AC500113E272DA8646F717F306129,INJURY AND / OR TOW DUE TO CRASH,"OVER $1,500",NO CONTROLS,PARKED MOTOR VEHICLE,41.6816835673,DAYLIGHT,-87.6226309736,2,30,NOT APPLICABLE,NO DEFECTS,DRY,UNABLE TO DETERMINE,S,11699,STOP SIGN/FLASHER,NOT DIVIDED,CLEAR,0.0,1.0,0.0,0.0,0.0,1.0,2,0,[],[],"[""Y""]","[""2025-10-04T17:30:00.000""]","[""2163737"", ""2163738""]","[""FRONT-LEFT-CORNER"", ""REAR""]","[""IL""]","[""NISSAN"", ""UNKNOWN""]","[""BACKING"", ""PARKED""]","[""ENGINE"", ""MAXIMA""]","[""0"", ""1""]","[""N"", ""S""]","[""1"", ""2""]","[""DRIVER"", ""PARKED""]","[""NONE"", ""UNKNOWN""]","[""2062606"", ""2062612""]","[""PASSENGER""]","[""PERSONAL""]","[""2014""]",[],[],"[""Y""]","[""PERSONAL""]","[""Y""]","[""Y""]",[],[],"[""Y""]",[],[],[],[],"[""Y""]","[""Y""]","[""UNKNOWN""]",[],"[""DEPLOYMENT UNKNOWN""]","[""TEST NOT OFFERED""]",[],"[""2025-10-04T17:30:00.000""]","[""UNKNOWN""]","[""UNKNOWN""]","[""D""]",[],"[""UNKNOWN""]",[],"[""O2163737""]","[""DRIVER""]","[""UNKNOWN""]","[""USAGE UNKNOWN""]","[""X""]",[],"[""2062606""]",[],[],[],[],[],[],[],2025,10,17,4,True,afternoon,41.68,-87.62,41.68_-87.62,0.0,0,0,OTHER,0
STRAIGHT AND LEVEL,2031,2025-10-04 17:30:00,7,17,10,827867A7118C86F827BACD34277A2AF804B548312657BF77AC32C6DA5E68D27801EF64CCCF86EF204F05C65F29A6D293A0FF8798D941595C96850D1BA303DCBE,NO INJURY / DRIVE AWAY,"OVER $1,500",NO CONTROLS,PARKED MOTOR VEHICLE,41.9719663101,UNKNOWN,-87.6937532433,2,30,UNABLE TO DETERMINE,UNKNOWN,UNKNOWN,NOT APPLICABLE,W,2592,NO CONTROLS,ONE-WAY,CLEAR,0.0,1.0,0.0,1.0,0.0,1.0,2,0,[],[],[],"[""2025-10-04T17:30:00.000""]","[""2164172"", ""2164173""]","[""SIDE-LEFT"", ""UNKNOWN""]","[""IL""]","[""TOYOTA"", ""UNKNOWN""]","[""PARKED"", ""STRAIGHT AHEAD""]","[""MOTORIZED"", ""YARIS""]","[""0"", ""1""]","[""W""]","[""1"", ""2""]","[""DRIVER"", ""PARKED""]","[""NONE""]","[""2063000"", ""2063002""]","[""PASSENGER"", ""UNKNOWN/NA""]","[""NOT IN USE"", ""UNKNOWN/NA""]","[""2012""]",[],[],"[""Y""]",[],[],"[""Y""]","[""Y""]","[""Y""]","[""Y""]",[],[],"[""Y""]",[],[],[],[],[],"[""DEPLOYMENT UNKNOWN""]","[""TEST NOT OFFERED""]",[],"[""2025-10-04T17:30:00.000""]","[""UNKNOWN""]","[""UNKNOWN""]",[],[],"[""UNKNOWN""]",[],"[""O2164172""]","[""DRIVER""]","[""UNKNOWN""]","[""USAGE UNKNOWN""]","[""X""]",[],"[""2063000""]",[],[],[],[],[],[],[],2025,10,17,4,True,afternoon,41.97,-87.69,41.97_-87.69,0.0,0,0,OTHER,0