alignment,beat_of_occurrence,crash_date,crash_day_of_week,crash_hour,crash_month,crash_record_id,crash_type,damage,device_condition,first_crash_type,latitude,lighting_condition,longitude,num_units,posted_speed_limit,prim_contributory_cause,road_defect,roadway_surface_cond,sec_contributory_cause,street_direction,street_no,traffic_control_device,trafficway_type,weather_condition,private_property_i,hit_and_run_i,intersection_related_i,crash_date_est_i,work_zone_i,workers_present_i,veh_count,ppl_count,veh_area_01_i_list_json,veh_area_02_i_list_json,veh_area_12_i_list_json,veh_crash_date_list_json,veh_crash_unit_id_list_json,veh_first_contact_point_list_json,veh_lic_plate_state_list_json,veh_make_list_json,veh_maneuver_list_json,veh_model_list_json,veh_occupant_cnt_list_json,veh_travel_direction_list_json,veh_unit_no_list_json,veh_unit_type_list_json,veh_vehicle_defect_list_json,veh_vehicle_id_list_json,veh_vehicle_type_list_json,veh_vehicle_use_list_json,veh_vehicle_year_list_json,veh_area_03_i_list_json,veh_area_04_i_list_json,veh_area_11_i_list_json,veh_towed_by_list_json,veh_towed_i_list_json,veh_area_07_i_list_json,veh_area_99_i_list_json,veh_area_09_i_list_json,veh_area_10_i_list_json,veh_cmrc_veh_i_list_json,veh_num_passengers_list_json,veh_area_08_i_list_json,veh_area_00_i_list_json,veh_area_05_i_list_json,veh_area_06_i_list_json,veh_towed_to_list_json,ppl_age_list_json,ppl_airbag_deployed_list_json,ppl_bac_result_list_json,ppl_city_list_json,ppl_crash_date_list_json,ppl_driver_action_list_json,ppl_driver_vision_list_json,ppl_drivers_license_class_list_json,ppl_drivers_license_state_list_json,ppl_ejection_list_json,ppl_hospital_list_json,ppl_person_id_list_json,ppl_person_type_list_json,ppl_physical_condition_list_json,ppl_safety_equipment_list_json,ppl_sex_list_json,ppl_state_list_json,ppl_vehicle_id_list_json,ppl_zipcode_list_json,ppl_ems_agency_list_json,ppl_seat_no_list_json,ppl_pedpedal_action_list_json,ppl_pedpedal_location_list_json,ppl_pedpedal_visibility_list_json,ppl_ems_run_no_list_json,year,month,hour,day,is_weekend,hour_bin,lat_bin,lng_bin,grid_id,ppl_age_mean,ppl_age_min,ppl_age_max,prim_contributory_cause_group,ksi_flag
STRAIGHT AND LEVEL,734,2025-10-04 17:30:00,7,17,10,823CF3A79DCABCC25C65441D7F9CD2434B77DD7C9E3FFA4CAB8BA3133B6A685CA3D2C560D6A1AF7CDC4E519BA1304E4B2366A3F9DD8767D8ED2DDBD4651888E7,INJURY AND / OR TOW DUE TO CRASH,"OVER $1,500",NO CONTROLS,REAR END,41.7648525366,DAYLIGHT,-87.6600435269,2,30,FOLLOWING TOO CLOSELY,NO DEFECTS,DRY,FOLLOWING TOO CLOSELY,W,1429,NO CONTROLS,DIVIDED - W/MEDIAN (NOT RAISED),CLEAR,0.0,0.0,0.0,0.0,0.0,1.0,1,5,"[""Y""]",[],"[""Y""]","[""2025-10-04T17:30:00.000""]","[""2163729"", ""2163730""]","[""FRONT"", ""REAR""]","[""IL""]","[""AUDI"", ""HYUNDAI""]","[""STRAIGHT AHEAD""]","[""Q7"", ""SONATA""]","[""2"", ""4""]","[""E""]","[""1"", ""2""]","[""DRIVER""]","[""NONE""]","[""2062618"", ""2062638""]","[""PASSENGER""]","[""PERSONAL""]","[""2009"", ""2011""]",[],[],"[""Y""]","[""e&r""]","[""Y""]",[],[],[],[],[],"[""1"", ""3""]",[],[],[],"[""Y""]","[""103 doty""]","['0', '13', '31', '44', '9']","[""DID NOT DEPLOY""]","[""TEST NOT OFFERED""]","[""CHICAGO""]","[""2025-10-04T17:30:00.000""]","[""NONE""]","[""NOT OBSCURED""]","[""D""]","[""IL""]","[""NONE""]","[""COMER CHILDREN'S HOSPITAL"", ""UNIVERSITY OF CHICAGO""]","[""O2163729"", ""O2163730"", ""P477511"", ""P477515"", ""P477519"", ""P477520""]","[""DRIVER"", ""PASSENGER""]","[""NORMAL""]","[""SAFETY BELT USED""]","[""F"", ""M""]","[""IL""]","[""2062618"", ""2062638""]","[""60628"", ""60636""]","[""CFD""]","[""2"", ""4"", ""6""]",[],[],[],[],2025,10,17,4,True,afternoon,41.76,-87.66,41.76_-87.66,19.4,0,44,FOLLOWING TOO CLOSELY,1
STRAIGHT AND LEVEL,1724,2025-10-04 17:30:00,7,17,10,0A14B8AE8E85EE1DA703A8B7A1557007F117722DE88DF7CA6CE2F99B52A7233C6D089F27AA6DEC7DCCED399233EDE7ECF049C7EB6DF0489A1B1CD9BDE71DCBC0,NO INJURY / DRIVE AWAY,"OVER $1,500",NO CONTROLS,SIDESWIPE SAME DIRECTION,41.9540840101,UNKNOWN,-87.6981764436,2,30,IMPROPER OVERTAKING/PASSING,UNKNOWN,UNKNOWN,IMPROPER OVERTAKING/PASSING,W,2782,TRAFFIC SIGNAL,NOT DIVIDED,CLEAR,0.0,0.0,0.0,0.0,0.0,1.0,1,2,[],"[""Y""]",[],"[""2025-10-04T17:30:00.000""]","[""2164041"", ""2164042""]","[""FRONT-LEFT-CORNER"", ""SIDE-RIGHT-FRONT""]","[""IL""]","[""HONDA""]","[""PASSING/OVERTAKING"", ""STRAIGHT AHEAD""]","[""CR-V"", ""HR-V""]","[""1""]","[""W""]","[""1"", ""2""]","[""DRIVER""]","[""UNKNOWN""]","[""2062890"", ""2062891""]","[""PASSENGER""]","[""UNKNOWN/NA""]","[""2015"", ""2019""]","[""Y""]",[],"[""Y""]",[],[],[],[],[],[],[],[],[],[],[],[],[],"['45', '53']","[""DEPLOYMENT UNKNOWN"", ""DID NOT DEPLOY""]","[""TEST NOT OFFERED""]","[""CHICAGO""]","[""2025-10-04T17:30:00.000""]","[""IMPROPER PASSING"", ""NONE""]","[""UNKNOWN""]","[""D""]","[""IL""]","[""NONE"", ""UNKNOWN""]",[],"[""O2164041"", ""O2164042""]","[""DRIVER""]","[""NORMAL"", ""UNKNOWN""]","[""SAFETY BELT USED"", ""USAGE UNKNOWN""]","[""F"", ""M""]","[""IL""]","[""2062890"", ""2062891""]","[""60613"", ""60657""]",[],[],[],[],[],[],2025,10,17,4,True,afternoon,41.95,-87.7,41.95_-87.7,49.0,45,53,OTHER,0
STRAIGHT AND LEVEL,1531,2025-10-04 17:28:00,7,17,10,C3182A674512235578BE0EDA1D20880B93DA66650146F555E5942C2E4AA9C4AF99AAA312BE5C58EB926A0DE99BDEA1636A4B6466F585E458F896DC0E72EB6A3F,NO INJURY / DRIVE AWAY,"OVER $1,500",NO CONTROLS,REAR END,41.8991977735,DAYLIGHT,-87.7460498724,2,25,UNABLE TO DETERMINE,UNKNOWN,DRY,UNABLE TO DETERMINE,N,1016,NO CONTROLS,NOT DIVIDED,CLEAR,0.0,0.0,0.0,1.0,0.0,1.0,1,3,[],[],"[""Y""]","[""2025-10-04T17:28:00.000""]","[""2163751"", ""2163752""]","[""FRONT"", ""REAR""]","[""IL""]","[""JEEP"", ""PONTIAC""]","[""STRAIGHT AHEAD""]","[""CHEROKEE"", ""OTHER (EXPLAIN IN NARRATIVE)""]","[""1"", ""3""]","[""S""]","[""1"", ""2""]","[""DRIVER""]","[""NONE"", ""UNKNOWN""]","[""2062615"", ""2062625""]","[""PASSENGER""]","[""NOT IN USE"", ""PERSONAL""]","[""2010"", ""2019""]",[],[],[],[],[],[],[],[],[],[],"[""2""]",[],[],[],"[""Y""]",[],"['31', '33', '5']","[""NOT APPLICABLE""]","[""TEST NOT OFFERED""]","[""CHICAGO""]","[""2025-10-04T17:28:00.000""]","[""NONE""]","[""NOT OBSCURED""]","[""D""]","[""IL""]","[""NONE""]",[],"[""O2163751"", ""O2163752"", ""P477501"", ""P477503""]","[""DRIVER"", ""PASSENGER""]","[""NORMAL""]","[""NONE PRESENT"", ""USAGE UNKNOWN""]","[""F"", ""M""]","[""IL""]","[""2062615"", ""2062625""]","[""60639"", ""60644""]",[],"[""2"", ""6""]",[],[],[],[],2025,10,17,4,True,afternoon,41.9,-87.75,41.9_-87.75,23.0,5,33,OTHER,0
STRAIGHT AND LEVEL,1224,2025-10-04 17:25:00,7,17,10,FBBE1DE25F286D87D69EADA1857C875327D007083D7BC8C21897C9E1697E92FC1186ED6644C068B0FD5A8843FF1481EC346E095D7A586B26555A84CBC79EF019,INJURY AND / OR TOW DUE TO CRASH,"OVER $1,500",FUNCTIONING PROPERLY,ANGLE,41.8800406194,DAYLIGHT,-87.6668986959,2,30,FAILING TO YIELD RIGHT-OF-WAY,NO DEFECTS,DRY,UNABLE TO DETERMINE,S,102,TRAFFIC SIGNAL,FOUR WAY,CLEAR,0.0,0.0,1.0,0.0,0.0,1.0,1,3,"[""Y""]",[],"[""Y""]","[""2025-10-04T17:25:00.000""]","[""2163725"", ""2163726""]","[""FRONT"", ""SIDE-LEFT""]","[""IL""]","[""BUICK"", ""TOYOTA""]","[""STRAIGHT AHEAD""]","[""ENCORE"", ""PRIUS""]","[""1"", ""2""]","[""S"", ""W""]","[""1"", ""2""]","[""DRIVER""]","[""UNKNOWN""]","[""2062597"", ""2062626""]","[""PASSENGER""]","[""PERSONAL"", ""TAXI/FOR HIRE""]","[""2013"", ""2018""]",[],"[""Y""]","[""Y""]","[""PRIVATE""]","[""Y""]",[],[],[],"[""Y""]",[],"[""1""]",[],[],[],[],[],"['26', '30', '66']","[""DEPLOYMENT UNKNOWN""]","[""TEST NOT OFFERED""]","[""ADDISON"", ""CHICAGO""]","[""2025-10-04T17:25:00.000""]","[""DISREGARDED CONTROL DEVICES"", ""OTHER""]","[""UNKNOWN""]","[""D""]","[""IL""]","[""NONE""]","[""UIC""]","[""O2163725"", ""O2163726"", ""P477496""]","[""DRIVER"", ""PASSENGER""]","[""NORMAL""]","[""USAGE UNKNOWN""]","[""F"", ""M""]","[""IL""]","[""2062597"", ""2062626""]","[""60101"", ""60612"", ""60621""]",[],"[""3""]",[],[],[],[],2025,10,17,4,True,afternoon,41.88,-87.67,41.88_-87.67,40.666666666666664,26,66,FAILURE-TO-YIELD,1
STRAIGHT AND LEVEL,2513,2025-10-04 17:25:00,7,17,10,131DAC619EABB464182B684696ED06B37A3CA2C05F74EF3CD5DCEBB8400380A332F16FE0EEEDE7E315CDCC05E3EF8E86B312A5B3D2D04FBCC26C5C5957E72CF2,NO INJURY / DRIVE AWAY,"OVER $1,500",NO CONTROLS,FIXED OBJECT,41.9129963795,DAYLIGHT,-87.7769431114,1,30,UNABLE TO DETERMINE,NO DEFECTS,DRY,UNABLE TO DETERMINE,W,6038,NO CONTROLS,NOT DIVIDED,CLEAR,0.0,0.0,0.0,1.0,0.0,1.0,1,1,"[""N""]",[],"[""Y""]","[""2025-10-04T17:25:00.000""]","[""2163720""]","[""FRONT-LEFT-CORNER""]","[""IL""]","[""GENERAL MOTORS CORPORATION (GMC)""]","[""AVOIDING VEHICLES/OBJECTS""]","[""ACADIA""]","[""1""]","[""NE""]","[""1""]","[""DRIVER""]","[""UNKNOWN""]","[""2062595""]","[""PASSENGER""]","[""PERSONAL""]","[""2012""]",[],[],"[""Y""]",[],[],[],"[""Y""]",[],[],[],[],[],[],[],[],[],['0'],"[""DID NOT DEPLOY""]","[""TEST NOT OFFERED""]","[""CHICAGO""]","[""2025-10-04T17:25:00.000""]","[""UNKNOWN""]","[""UNKNOWN""]",[],[],"[""NONE""]",[],"[""O2163720""]","[""DRIVER""]","[""NORMAL""]","[""USAGE UNKNOWN""]","[""M""]","[""IL""]","[""2062595""]","[""60707""]",[],[],[],[],[],[],2025,10,17,4,True,afternoon,41.91,-87.78,41.91_-87.78,0.0,0,0,OTHER,0
STRAIGHT AND LEVEL,1832,2025-10-04 17:22:00,7,17,10,95745267AABF7863093033BB4F7403F966490D13AE53465CE34C117ED3FF82ED082103CE4D390FEA29E4504E6FDB96F4809F046721C384BBF5B3802A06F6F224,NO INJURY / DRIVE AWAY,"OVER $1,500",FUNCTIONING PROPERLY,TURNING,41.8933792957,DAYLIGHT,-87.6282004199,2,30,IMPROPER TURNING/NO SIGNAL,NO DEFECTS,DRY,IMPROPER TURNING/NO SIGNAL,W,2,TRAFFIC SIGNAL,DIVIDED - W/MEDIAN (NOT RAISED),CLEAR,0.0,0.0,0.0,0.0,0.0,1.0,1,3,"[""Y""]","[""Y""]",[],"[""2025-10-04T17:22:00.000""]","[""2163739"", ""2163740""]","[""SIDE-LEFT"", ""SIDE-RIGHT""]","[""IL"", ""KS""]","[""DODGE"", ""KENWORTH MOTOR TRUCK COMPANY""]","[""TURNING RIGHT""]","[""OTHER (EXPLAIN IN NARRATIVE)"", ""RAM 1500 PU""]","[""1"", ""2""]","[""SW""]","[""1"", ""2""]","[""DRIVER""]","[""NONE""]","[""2062610"", ""2062621""]","[""PICKUP"", ""TRUCK - SINGLE UNIT""]","[""PERSONAL"", ""UNKNOWN/NA""]","[""2019"", ""2025""]",[],"[""Y""]","[""Y""]",[],[],[],[],"[""Y""]","[""Y""]","[""Y""]","[""1""]",[],[],[],[],[],"['44', '47', '53']","[""NOT APPLICABLE""]","[""TEST NOT OFFERED""]","[""CHICAGO"", ""VALPARAISO""]","[""2025-10-04T17:22:00.000""]","[""IMPROPER TURN"", ""NONE""]","[""NOT OBSCURED"", ""UNKNOWN""]","[""D""]","[""IL"", ""IN""]","[""NONE"", ""UNKNOWN""]",[],"[""O2163739"", ""O2163740"", ""P477499""]","[""DRIVER"", ""PASSENGER""]","[""NORMAL"", ""UNKNOWN""]","[""SAFETY BELT USED"", ""USAGE UNKNOWN""]","[""F"", ""M""]","[""IL"", ""IN""]","[""2062610"", ""2062621""]","[""46383"", ""60456""]",[],"[""3""]",[],[],[],[],2025,10,17,4,True,afternoon,41.89,-87.63,41.89_-87.63,48.0,44,53,OTHER,0
STRAIGHT AND LEVEL,813,2025-10-04 17:20:00,7,17,10,96AFF8A309203B6B4B527836F439BFDBC17B4EFBD1EED7A7C492936F4D86F69084E10FAE2CD0BED24D24CD4295D9D1BDD5AAB86DD21E85BBC55CFD2115FF9E8F,NO INJURY / DRIVE AWAY,"OVER $1,500",NO CONTROLS,SIDESWIPE OPPOSITE DIRECTION,41.7858884944,UNKNOWN,-87.7231065914,2,30,UNABLE TO DETERMINE,UNKNOWN,UNKNOWN,UNABLE TO DETERMINE,S,5900,NO CONTROLS,UNKNOWN,CLEAR,0.0,0.0,0.0,0.0,0.0,1.0,1,0,[],[],[],"[""2025-10-04T17:20:00.000""]","[""2163700"", ""2163701""]","[""UNKNOWN""]",[],"[""CHEVROLET"", ""HONDA""]","[""UNKNOWN/NA""]","[""CIVIC"", ""MALIBU""]","[""1""]","[""UNKNOWN""]","[""1"", ""2""]","[""DRIVER""]","[""UNKNOWN""]","[""2062568"", ""2062570""]","[""UNKNOWN/NA""]","[""UNKNOWN/NA""]","[""2004"", ""2020""]",[],[],[],[],[],[],"[""Y""]",[],[],[],[],[],[],[],[],[],[],"[""DEPLOYMENT UNKNOWN""]","[""TEST NOT OFFERED""]","[""CHICAGO""]","[""2025-10-04T17:20:00.000""]","[""UNKNOWN""]","[""UNKNOWN""]",[],"[""IL""]","[""UNKNOWN""]",[],"[""O2163700"", ""O2163701""]","[""DRIVER""]","[""UNKNOWN""]","[""USAGE UNKNOWN""]","[""M""]","[""IL""]","[""2062568"", ""2062570""]","[""60629"", ""60641""]",[],[],[],[],[],[],2025,10,17,4,True,afternoon,41.79,-87.72,41.79_-87.72,0.0,0,0,OTHER,0
STRAIGHT AND LEVEL,1911,2025-10-04 17:20:00,7,17,10,4F34CDF2B8ACD10269AFD01D9C2D4897CB47572496A512C14AD2ACC1C5A88986D51A5C8AB603BE1B49000AA52399EADDE03A24B75B115AAC20BB638B4D1023D9,NO INJURY / DRIVE AWAY,$500 OR LESS,NO CONTROLS,TURNING,41.959100433,DAYLIGHT,-87.6823922417,2,30,UNABLE TO DETERMINE,NO DEFECTS,DRY,NOT APPLICABLE,N,4250,NO CONTROLS,NOT DIVIDED,CLEAR,0.0,1.0,0.0,0.0,0.0,1.0,1,1,[],[],[],"[""2025-10-04T17:20:00.000""]","[""2163718"", ""2163719""]","[""REAR-LEFT-CORNER"", ""SIDE-LEFT""]","[""IL""]","[""CHEVROLET"", ""LEXUS""]","[""LEAVING TRAFFIC LANE TO PARK"", ""TURNING LEFT""]","[""OTHER (EXPLAIN IN NARRATIVE)"", ""TRAX""]","[""1""]","[""NE"", ""SW""]","[""1"", ""2""]","[""DRIVER""]","[""NONE"", ""UNKNOWN""]","[""2062589"", ""2062591""]","[""SPORT UTILITY VEHICLE (SUV)""]","[""PERSONAL"", ""UNKNOWN/NA""]","[""2017""]",[],[],[],[],[],"[""Y""]",[],"[""Y""]",[],[],[],"[""Y""]",[],"[""N""]",[],[],['64'],"[""DEPLOYMENT UNKNOWN"", ""DID NOT DEPLOY""]","[""TEST NOT OFFERED""]","[""CHICAGO""]","[""2025-10-04T17:20:00.000""]","[""NONE"", ""UNKNOWN""]","[""NOT OBSCURED"", ""UNKNOWN""]","[""D""]","[""IL""]","[""NONE""]",[],"[""O2163718"", ""O2163719""]","[""DRIVER""]","[""NORMAL"", ""UNKNOWN""]","[""SAFETY BELT USED"", ""USAGE UNKNOWN""]","[""F"", ""M""]","[""IL""]","[""2062589"", ""2062591""]","[""60625""]",[],[],[],[],[],[],2025,10,17,4,True,afternoon,41.96,-87.68,41.96_-87.68,64.0,64,64,OTHER,0
STRAIGHT AND LEVEL,623,2025-10-04 17:15:00,7,17,10,519F937994A9135BC5DF77E7C6ABD050CD0D177CF1C308380DB7FF9DAE8BF406FAC2EDF9B7BB273B45674F4548EF1EB8D66BE0B8CF7C88ECE88EB63ADAC6D20C,INJURY AND / OR TOW DUE TO CRASH,"OVER $1,500",NO CONTROLS,REAR END,41.7509265387,UNKNOWN,-87.62439717,2,30,FAILING TO REDUCE SPEED TO AVOID CRASH,UNKNOWN,UNKNOWN,NOT APPLICABLE,S,7901,TRAFFIC SIGNAL,DIVIDED - W/MEDIAN (NOT RAISED),CLEAR,0.0,0.0,0.0,0.0,0.0,1.0,1,3,[],[],"[""Y""]","[""2025-10-04T17:15:00.000""]","[""2163702"", ""2163703""]","[""REAR"", ""UNKNOWN""]","[""IL""]","[""AUDI"", ""CHEVROLET""]","[""STRAIGHT AHEAD""]","[""C/K 1500"", ""Q3""]","[""1"", ""2""]","[""W""]","[""1"", ""2""]","[""DRIVER""]","[""UNKNOWN""]","[""2062576"", ""2062581""]","[""PASSENGER"", ""VAN/MINI-VAN""]","[""PERSONAL""]","[""2005"", ""2019""]",[],[],"[""N""]",[],[],"[""Y""]",[],[],[],[],"[""1""]",[],"[""N""]","[""Y""]","[""Y""]",[],"['35', '44', '55']","[""DEPLOYMENT UNKNOWN""]","[""TEST NOT OFFERED""]","[""CHICAGO""]","[""2025-10-04T17:15:00.000""]","[""UNKNOWN""]","[""UNKNOWN""]","[""D""]","[""IL""]","[""UNKNOWN""]",[],"[""O2163702"", ""O2163703"", ""P477494""]","[""DRIVER"", ""PASSENGER""]","[""UNKNOWN""]","[""USAGE UNKNOWN""]","[""F"", ""M""]","[""IL""]","[""2062576"", ""2062581""]","[""60616"", ""60629""]","[""CFD""]","[""3""]",[],[],[],"[""24""]",2025,10,17,4,True,afternoon,41.75,-87.62,41.75_-87.62,44.666666666666664,35,55,SPEEDING,1
STRAIGHT AND LEVEL,1215,2025-10-04 17:05:00,7,17,10,A8F0613F94C89FB17A4268DB43A95E8FFAC36FCA07F0DE102C3CD3F3DD2D87DE69299F12F120F644D08BFB3D5B1FCAA642CF2CDD1CBA92561AAA6B775AC8C9DE,NO INJURY / DRIVE AWAY,$500 OR LESS,NO CONTROLS,REAR END,41.8882250676,DAYLIGHT,-87.666913513,2,30,FOLLOWING TOO CLOSELY,NO DEFECTS,DRY,NOT APPLICABLE,N,363,STOP SIGN/FLASHER,NOT DIVIDED,RAIN,0.0,0.0,0.0,0.0,0.0,1.0,1,3,[],[],"[""Y""]","[""2025-10-04T17:05:00.000""]","[""2163698"", ""2163699""]","[""FRONT"", ""REAR""]","[""IL""]","[""LEXUS"", ""VOLVO""]","[""SLOW/STOP IN TRAFFIC"", ""STRAIGHT AHEAD""]","[""ES350"", ""XC90""]","[""1"", ""2""]","[""N""]","[""1"", ""2""]","[""DRIVER""]","[""NONE""]","[""2062561"", ""2062564""]","[""PASSENGER""]","[""PERSONAL""]","[""2008"", ""2021""]",[],[],[],[],[],[],[],[],[],[],"[""1""]",[],[],[],"[""Y""]",[],"['1', '25', '33']","[""DID NOT DEPLOY"", ""NOT APPLICABLE""]","[""TEST NOT OFFERED""]","[""CHICAGO""]","[""2025-10-04T17:05:00.000""]","[""FOLLOWED TOO CLOSELY"", ""NONE""]","[""NOT OBSCURED""]",[],"[""IL""]","[""NONE""]",[],"[""O2163698"", ""O2163699"", ""P477489""]","[""DRIVER"", ""PASSENGER""]","[""NORMAL""]","[""CHILD RESTRAINT - FORWARD FACING"", ""SAFETY BELT NOT USED"", ""SAFETY BELT USED""]","[""F"", ""M""]","[""IL""]","[""2062561"", ""2062564""]","[""60057"", ""60632""]",[],"[""5""]",[],[],[],[],2025,10,17,4,True,afternoon,41.89,-87.67,41.89_-87.67,19.666666666666668,1,33,FOLLOWING TOO CLOSELY,0
STRAIGHT AND LEVEL,1522,2025-10-04 17:01:00,7,17,10,7151E9F27580D2637803BBE16DC9A654FB3E83361833F91E9D0C9DD5F241ABE3DB316CC194729E96FEA59C43B1D994A0DCB6DCFB90EC53D77A2691CDA547D910,INJURY AND / OR TOW DUE TO CRASH,"OVER $1,500",FUNCTIONING PROPERLY,ANGLE,41.8821486937,DAYLIGHT,-87.7647737747,2,30,DISREGARDING TRAFFIC SIGNALS,NO DEFECTS,DRY,NOT APPLICABLE,N,99,TRAFFIC SIGNAL,FOUR WAY,CLEAR,0.0,0.0,1.0,0.0,0.0,1.0,1,3,"[""Y""]",[],"[""Y""]","[""2025-10-04T17:01:00.000""]","[""2163708"", ""2163709""]","[""FRONT"", ""SIDE-LEFT-FRONT""]","[""IL""]","[""FORD"", ""GENERAL MOTORS CORPORATION (GMC)""]","[""STRAIGHT AHEAD""]","[""BRONCO / BRONCO II"", ""TERRAIN""]","[""1"", ""3""]","[""N"", ""W""]","[""1"", ""2""]","[""DRIVER""]","[""UNKNOWN""]","[""2062578"", ""2062583""]","[""PASSENGER""]","[""PERSONAL""]","[""2016"", ""2021""]",[],[],"[""Y""]",[],[],[],[],"[""Y""]","[""Y""]",[],"[""2""]",[],[],[],[],[],"['26', '4', '42']","[""NOT APPLICABLE""]","[""TEST NOT OFFERED""]","[""CHICAGO"", ""OAK PARK""]","[""2025-10-04T17:01:00.000""]","[""DISREGARDED CONTROL DEVICES"", ""UNKNOWN""]","[""UNKNOWN""]","[""D""]","[""IL""]","[""NONE""]",[],"[""O2163708"", ""O2163709"", ""P477492"", ""P477493""]","[""DRIVER"", ""PASSENGER""]","[""UNKNOWN""]","[""USAGE UNKNOWN""]","[""F"", ""M""]","[""IL""]","[""2062578"", ""2062583""]","[""60302"", ""60632""]",[],"[""3"", ""4""]",[],[],[],[],2025,10,17,4,True,afternoon,41.88,-87.76,41.88_-87.76,24.0,4,42,OTHER,1
STRAIGHT AND LEVEL,1033,2025-10-04 17:00:00,7,17,10,BF42A88A3754F44CEE3C9769FF0443644662E55273812E09B87AD0960AED70C3E4FC342A429C098174F61B17DA6A0A47DFB16F23FAB1900DA9B8C0B78515221D,INJURY AND / OR TOW DUE TO CRASH,"OVER $1,500",NO CONTROLS,SIDESWIPE SAME DIRECTION,41.8479685881,DAYLIGHT,-87.6972871231,3,20,IMPROPER OVERTAKING/PASSING,NO DEFECTS,DRY,NOT APPLICABLE,W,2850,NO CONTROLS,DIVIDED - W/MEDIAN (NOT RAISED),CLEAR,0.0,1.0,0.0,0.0,0.0,1.0,1,1,"[""Y""]","[""Y""]","[""Y""]","[""2025-10-04T17:00:00.000""]","[""2163691"", ""2163692"", ""2163693""]","[""FRONT-LEFT-CORNER"", ""UNKNOWN""]","[""IL""]","[""SUBARU"", ""UNKNOWN""]","[""PASSING/OVERTAKING"", ""STRAIGHT AHEAD""]","[""LEGACY"", ""MOTORIZED""]","[""1""]","[""N""]","[""1"", ""2"", ""3""]","[""DRIVER""]","[""NONE"", ""UNKNOWN""]","[""2062554"", ""2062559"", ""2062567""]","[""PASSENGER"", ""SPORT UTILITY VEHICLE (SUV)""]","[""PERSONAL"", ""UNKNOWN/NA""]","[""2015""]",[],[],"[""Y""]",[],"[""Y""]",[],"[""Y""]",[],"[""Y""]",[],[],[],[],[],[],[],['21'],"[""DEPLOYED, FRONT"", ""DEPLOYMENT UNKNOWN""]","[""TEST NOT OFFERED""]","[""CHICAGO""]","[""2025-10-04T17:00:00.000""]","[""IMPROPER PASSING"", ""NONE""]","[""NOT OBSCURED"", ""UNKNOWN""]",[],[],"[""NONE""]",[],"[""O2163691"", ""O2163692"", ""O2163693""]","[""DRIVER""]","[""NORMAL"", ""UNKNOWN""]","[""SAFETY BELT USED"", ""USAGE UNKNOWN""]","[""F"", ""X""]","[""IL""]","[""2062554"", ""2062559"", ""2062567""]","[""60625""]",[],[],[],[],[],[],2025,10,17,4,True,afternoon,41.85,-87.7,41.85_-87.7,21.0,21,21,OTHER,0
STRAIGHT AND LEVEL,2515,2025-10-04 17:00:00,7,17,10,49205DC525C278F11E473AE46F7534ECA22BC3157732B2E31BADBD32D781B8E3D52BE41FCBEAB9EA8E8B0E5677DDF06F213A543287F2D92EE11F8EC736122109,NO INJURY / DRIVE AWAY,"$501 - $1,500",NO CONTROLS,PARKED MOTOR VEHICLE,41.9249911705,UNKNOWN,-87.7609536324,2,25,UNABLE TO DETERMINE,UNKNOWN,UNKNOWN,UNABLE TO DETERMINE,N,2431,NO CONTROLS,NOT DIVIDED,CLEAR,0.0,1.0,0.0,1.0,0.0,1.0,2,0,[],[],[],"[""2025-10-04T17:00:00.000""]","[""2164066"", ""2164067""]","[""SIDE-LEFT"", ""UNKNOWN""]","[""IL""]","[""TOYOTA"", ""UNKNOWN""]","[""PARKED"", ""UNKNOWN/NA""]","[""HIGHLANDER"", ""OTHER (EXPLAIN IN NARRATIVE)""]","[""0"", ""1""]","[""N"", ""UNKNOWN""]","[""1"", ""2""]","[""DRIVER"", ""PARKED""]","[""UNKNOWN""]","[""2062912"", ""2062918""]","[""SPORT UTILITY VEHICLE (SUV)"", ""UNKNOWN/NA""]","[""PERSONAL"", ""UNKNOWN/NA""]","[""2021""]",[],[],"[""Y""]",[],[],"[""Y""]","[""Y""]","[""Y""]","[""Y""]",[],[],"[""Y""]",[],[],[],[],[],"[""DEPLOYMENT UNKNOWN""]","[""TEST NOT OFFERED""]",[],"[""2025-10-04T17:00:00.000""]","[""UNKNOWN""]","[""UNKNOWN""]",[],[],"[""NONE""]",[],"[""O2164066""]","[""DRIVER""]","[""UNKNOWN""]","[""USAGE UNKNOWN""]","[""X""]",[],"[""2062912""]",[],[],[],[],[],[],[],2025,10,17,4,True,afternoon,41.92,-87.76,41.92_-87.76,0.0,0,0,OTHER,0