alignment,beat_of_occurrence,crash_date,crash_day_of_week,crash_hour,crash_month,crash_record_id,crash_type,damage,device_condition,first_crash_type,latitude,lighting_condition,longitude,num_units,posted_speed_limit,prim_contributory_cause,road_defect,roadway_surface_cond,sec_contributory_cause,street_direction,street_no,traffic_control_device,trafficway_type,weather_condition,private_property_i,hit_and_run_i,intersection_related_i,crash_date_est_i,work_zone_i,workers_present_i,veh_count,ppl_count,veh_area_01_i_list_json,veh_area_02_i_list_json,veh_area_12_i_list_json,veh_crash_date_list_json,veh_crash_unit_id_list_json,veh_first_contact_point_list_json,veh_lic_plate_state_list_json,veh_make_list_json,veh_maneuver_list_json,veh_model_list_json,veh_occupant_cnt_list_json,veh_travel_direction_list_json,veh_unit_no_list_json,veh_unit_type_list_json,veh_vehicle_defect_list_json,veh_vehicle_id_list_json,veh_vehicle_type_list_json,veh_vehicle_use_list_json,veh_vehicle_year_list_json,veh_area_03_i_list_json,veh_area_04_i_list_json,veh_area_11_i_list_json,veh_towed_by_list_json,veh_towed_i_list_json,veh_area_07_i_list_json,veh_area_99_i_list_json,veh_area_09_i_list_json,veh_area_10_i_list_json,veh_cmrc_veh_i_list_json,veh_num_passengers_list_json,veh_area_08_i_list_json,veh_area_00_i_list_json,veh_area_05_i_list_json,veh_area_06_i_list_json,veh_towed_to_list_json,ppl_age_list_json,ppl_airbag_deployed_list_json,ppl_bac_result_list_json,ppl_city_list_json,ppl_crash_date_list_json,ppl_driver_action_list_json,ppl_driver_vision_list_json,ppl_drivers_license_class_list_json,ppl_drivers_license_state_list_json,ppl_ejection_list_json,ppl_hospital_list_json,ppl_person_id_list_json,ppl_person_type_list_json,ppl_physical_condition_list_json,ppl_safety_equipment_list_json,ppl_sex_list_json,ppl_state_list_json,ppl_vehicle_id_list_json,ppl_zipcode_list_json,ppl_ems_agency_list_json,ppl_seat_no_list_json,ppl_pedpedal_action_list_json,ppl_pedpedal_location_list_json,ppl_pedpedal_visibility_list_json,ppl_ems_run_no_list_json,year,month,hour,day,is_weekend,hour_bin,lat_bin,lng_bin,grid_id,ppl_age_mean,ppl_age_min,ppl_age_max,prim_contributory_cause_group,ksi_flag
STRAIGHT AND LEVEL,2013,2025-10-04 16:50:00,7,16,10,4CF25B1D9B4F66710B01B5957C2E384228A7E4171231CB1AFACA6AB9DE0D67DD96D4B1C5AECF627D6DA71C77CBFC54A36BCB5C845E97802DEF46B052A71F263C,NO INJURY / DRIVE AWAY,"$501 - $1,500",FUNCTIONING PROPERLY,SIDESWIPE SAME DIRECTION,41.9837690227,DAYLIGHT,-87.6602200339,2,30,IMPROPER OVERTAKING/PASSING,UNKNOWN,DRY,UNABLE TO DETERMINE,N,5602,TRAFFIC SIGNAL,DIVIDED - W/MEDIAN (NOT RAISED),CLEAR,0.0,0.0,1.0,0.0,0.0,1.0,1,2,"[""Y""]",[],[],"[""2025-10-04T16:50:00.000""]","[""2169709"", ""2169710""]","[""FRONT-LEFT-CORNER"", ""FRONT-RIGHT-CORNER""]","[""IL""]","[""NISSAN"", ""TOYOTA""]","[""MERGING"", ""STRAIGHT AHEAD""]","[""PRIUS"", ""VERSA""]","[""1""]","[""S""]","[""1"", ""2""]","[""DRIVER""]","[""UNKNOWN""]","[""2068250"", ""2068258""]","[""PASSENGER""]","[""PERSONAL""]","[""2012"", ""2019""]",[],[],"[""Y""]",[],[],[],[],[],[],[],[],[],[],[],[],[],"['24', '26']","[""DID NOT DEPLOY""]","[""TEST NOT OFFERED""]","[""CHICAGO"", ""WILMET""]","[""2025-10-04T16:50:00.000""]","[""UNKNOWN""]","[""UNKNOWN""]","[""D""]","[""IL""]","[""NONE""]",[],"[""O2169709"", ""O2169710""]","[""DRIVER""]","[""NORMAL"", ""UNKNOWN""]","[""USAGE UNKNOWN""]","[""F"", ""M""]","[""IL""]","[""2068250"", ""2068258""]","[""60091"", ""60626""]",[],[],[],[],[],[],2025,10,16,4,True,afternoon,41.98,-87.66,41.98_-87.66,25.0,24,26,OTHER,0
STRAIGHT AND LEVEL,512,2025-10-04 16:50:00,7,16,10,860E3EF5E86DD3270BCDB0EA7611B013FEF844E0505651884FB1246217E3F0FA7C915DA22D4CD3730ECA7AE9763DB2BB2F511BC294ACB49825F756992DEF82BF,INJURY AND / OR TOW DUE TO CRASH,"OVER $1,500",FUNCTIONING PROPERLY,ANGLE,41.6999223392,DAYLIGHT,-87.6282157472,2,25,DISREGARDING TRAFFIC SIGNALS,NO DEFECTS,DRY,NOT APPLICABLE,W,200,TRAFFIC SIGNAL,FOUR WAY,CLEAR,0.0,0.0,1.0,0.0,0.0,1.0,1,2,"[""Y""]",[],"[""Y""]","[""2025-10-04T16:50:00.000""]","[""2163714"", ""2163715""]","[""FRONT"", ""SIDE-LEFT""]","[""IL""]","[""CHEVROLET"", ""FORD""]","[""STRAIGHT AHEAD""]","[""EQUINOX"", ""EXPLORER""]","[""1"", ""2""]","[""E"", ""S""]","[""1"", ""2""]","[""DRIVER""]","[""UNKNOWN""]","[""2062587"", ""2062590""]","[""PASSENGER""]","[""PERSONAL""]","[""2017"", ""2025""]",[],[],"[""Y""]",[],[],[],[],"[""Y""]","[""Y""]",[],"[""1""]","[""Y""]",[],[],[],[],"['54', '70']","[""DID NOT DEPLOY"", ""NOT APPLICABLE""]","[""TEST NOT OFFERED""]","[""CHICAGO""]","[""2025-10-04T16:50:00.000""]","[""DISREGARDED CONTROL DEVICES"", ""NONE""]","[""BLINDED - SUNLIGHT"", ""NOT OBSCURED""]","[""D""]","[""IL""]","[""NONE""]","[""ROSELAND COMMUNITY HOSPITAL""]","[""O2163714"", ""O2163715"", ""P477495""]","[""DRIVER"", ""PASSENGER""]","[""NORMAL""]","[""USAGE UNKNOWN""]","[""F"", ""M""]","[""IL""]","[""2062587"", ""2062590""]","[""60628"", ""60636""]","[""CFD AMBO 72""]","[""3""]",[],[],[],[],2025,10,16,4,True,afternoon,41.7,-87.63,41.7_-87.63,62.0,54,70,OTHER,1
STRAIGHT AND LEVEL,413,2025-10-04 16:46:00,7,16,10,C60D1E4771BD79538EC0212F604B09C912B7D1A61FDED32817CF254D3C8007B8A3E28B590E3B30E84F9B253E1FED87E4C58125FD1103B88BE05F8A15B9FB69E3,NO INJURY / DRIVE AWAY,"OVER $1,500",NO CONTROLS,TURNING,41.7258881,DAYLIGHT,-87.5855587858,2,30,IMPROPER TURNING/NO SIGNAL,NO DEFECTS,DRY,IMPROPER TURNING/NO SIGNAL,S,9300,NO CONTROLS,NOT DIVIDED,CLEAR,0.0,0.0,0.0,0.0,0.0,1.0,1,2,"[""Y""]","[""Y""]",[],"[""2025-10-04T16:46:00.000""]","[""2164710"", ""2164711""]","[""FRONT-LEFT-CORNER"", ""FRONT-RIGHT-CORNER""]","[""AZ"", ""IL""]","[""GENERAL MOTORS CORPORATION (GMC)"", ""MERCURY""]","[""TURNING RIGHT""]","[""MARINER"", ""SAVANNAH""]","[""1""]","[""N""]","[""1"", ""2""]","[""DRIVER""]","[""UNKNOWN""]","[""2063520"", ""2063532""]","[""PASSENGER""]","[""PERSONAL""]","[""2010"", ""2016""]",[],[],"[""Y""]",[],[],[],[],[],[],[],[],[],[],[],[],[],"['26', '63']","[""NOT APPLICABLE""]","[""TEST NOT OFFERED""]","[""CHICAGO""]","[""2025-10-04T16:46:00.000""]","[""IMPROPER TURN"", ""NONE""]","[""UNKNOWN""]","[""D""]","[""IL""]","[""NONE"", ""UNKNOWN""]",[],"[""O2164710"", ""O2164711""]","[""DRIVER""]","[""NORMAL"", ""UNKNOWN""]","[""USAGE UNKNOWN""]","[""M""]","[""IL""]","[""2063520"", ""2063532""]","[""60638"", ""60652""]",[],[],[],[],[],[],2025,10,16,4,True,afternoon,41.73,-87.59,41.73_-87.59,44.5,26,63,OTHER,0
STRAIGHT AND LEVEL,2412,2025-10-04 16:40:00,7,16,10,34E8D8DA121CA6D9141D3EC56F4BE2FAA8E42B290228330D131DEAD84AA87B6F045C0A9FA76AFAF820FBD4B81EF5A204661AE4177ECCDDDE587C02CAD1A8FC40,NO INJURY / DRIVE AWAY,"OVER $1,500",NO CONTROLS,PARKED MOTOR VEHICLE,41.9978447948,UNKNOWN,-87.6896575688,2,30,UNABLE TO DETERMINE,UNKNOWN,UNKNOWN,UNABLE TO DETERMINE,W,2354,NO CONTROLS,DIVIDED - W/MEDIAN (NOT RAISED),CLEAR,0.0,1.0,0.0,0.0,0.0,1.0,2,0,[],[],[],"[""2025-10-04T16:40:00.000""]","[""2164191"", ""2164192""]","[""REAR-LEFT-CORNER"", ""UNKNOWN""]","[""IL""]","[""CHEVROLET"", ""NEW FLYER""]","[""PARKED"", ""UNKNOWN/NA""]","[""CORVETTE"", ""OTHER (EXPLAIN IN NARRATIVE)""]","[""0"", ""1""]","[""E""]","[""1"", ""2""]","[""DRIVER"", ""PARKED""]","[""UNKNOWN""]","[""2063033"", ""2063039""]","[""BUS OVER 15 PASS."", ""UNKNOWN/NA""]","[""CTA"", ""NOT IN USE""]","[""2003"", ""2012""]","[""Y""]",[],"[""Y""]",[],[],"[""Y""]","[""Y""]","[""Y""]","[""Y""]",[],[],"[""Y""]",[],"[""Y""]","[""Y""]",[],[],"[""DEPLOYMENT UNKNOWN""]","[""TEST NOT OFFERED""]",[],"[""2025-10-04T16:40:00.000""]","[""UNKNOWN""]","[""UNKNOWN""]",[],[],"[""NONE""]",[],"[""O2164191""]","[""DRIVER""]","[""UNKNOWN""]","[""USAGE UNKNOWN""]","[""X""]",[],"[""2063033""]",[],[],[],[],[],[],[],2025,10,16,4,True,afternoon,42.0,-87.69,42.0_-87.69,0.0,0,0,OTHER,0
STRAIGHT AND LEVEL,914,2025-10-04 16:40:00,7,16,10,179655D19816FA65CD5479A71000BDB11375B1FE7C1943A04CD73C01D5000B70F847513CB0EABD059B9091EF5B6A643D878318CE629F1012D9CD9D2E445F8A79,NO INJURY / DRIVE AWAY,"OVER $1,500",FUNCTIONING PROPERLY,SIDESWIPE SAME DIRECTION,41.8527490601,DAYLIGHT,-87.6315700217,2,30,UNABLE TO DETERMINE,UNKNOWN,UNKNOWN,UNABLE TO DETERMINE,W,157,TRAFFIC SIGNAL,NOT DIVIDED,CLEAR,0.0,1.0,0.0,0.0,0.0,1.0,1,1,"[""N""]",[],[],"[""2025-10-04T16:40:00.000""]","[""2163671"", ""2163672""]","[""FRONT-LEFT-CORNER"", ""SIDE-LEFT""]","[""IL""]","[""NISSAN"", ""TOYOTA""]","[""UNKNOWN/NA""]","[""HIGHLANDER"", ""SENTRA""]","[""1"", ""3""]","[""W""]","[""1"", ""2""]","[""DRIVER""]","[""UNKNOWN""]","[""2062540"", ""2062546""]","[""PASSENGER""]","[""PERSONAL""]","[""2005"", ""2021""]",[],[],[],[],[],[],"[""N""]","[""Y""]","[""N""]",[],"[""2""]","[""Y""]","[""Y""]",[],[],[],['53'],"[""DEPLOYMENT UNKNOWN"", ""NOT APPLICABLE""]","[""TEST NOT OFFERED""]","[""CHICAGO""]","[""2025-10-04T16:40:00.000""]","[""UNKNOWN""]","[""UNKNOWN""]","[""D""]","[""IL""]","[""NONE""]",[],"[""O2163671"", ""O2163672"", ""P477484"", ""P477485""]","[""DRIVER"", ""PASSENGER""]","[""UNKNOWN""]","[""USAGE UNKNOWN""]","[""F"", ""M""]","[""IL""]","[""2062540"", ""2062546""]","[""60619""]",[],"[""10"", ""12""]",[],[],[],[],2025,10,16,4,True,afternoon,41.85,-87.63,41.85_-87.63,53.0,53,53,OTHER,0
STRAIGHT AND LEVEL,423,2025-10-04 16:35:00,7,16,10,4E72EA2C26CFE12F0D766C96874025EFAFC2507246B5159E09543EFA35BC83CF68BEFD51348811FF7ACD57ED25709C0A3C9E04B189C2D814AA54C5F078D3FAD8,NO INJURY / DRIVE AWAY,$500 OR LESS,NO CONTROLS,REAR TO FRONT,41.7437866168,DAYLIGHT,-87.5545559064,2,20,IMPROPER BACKING,NO DEFECTS,DRY,NOT APPLICABLE,S,8340,NO CONTROLS,ONE-WAY,CLEAR,0.0,0.0,0.0,0.0,0.0,1.0,1,2,[],[],"[""Y""]","[""2025-10-04T16:35:00.000""]","[""2163689"", ""2163690""]","[""FRONT-LEFT-CORNER"", ""REAR-RIGHT-CORNER""]","[""IL""]","[""FORD"", ""VOLKSWAGEN""]","[""BACKING"", ""SLOW/STOP IN TRAFFIC""]","[""EXPLORER"", ""PASSAT""]","[""1"", ""2""]","[""NW"", ""SE""]","[""1"", ""2""]","[""DRIVER""]","[""NONE""]","[""2062562"", ""2062574""]","[""PASSENGER"", ""SPORT UTILITY VEHICLE (SUV)""]","[""PERSONAL"", ""POLICE""]","[""2014"", ""2023""]",[],[],"[""Y""]",[],[],[],[],[],[],[],"[""1""]",[],[],"[""Y""]","[""Y""]",[],"['24', '38']","[""NOT APPLICABLE""]","[""TEST NOT OFFERED""]","[""CHICAGO""]","[""2025-10-04T16:35:00.000""]","[""IMPROPER BACKING"", ""NONE""]","[""NOT OBSCURED""]","[""D""]","[""IL""]","[""NONE""]","[""REFUSED""]","[""O2163689"", ""O2163690"", ""P477491""]","[""DRIVER"", ""PASSENGER""]","[""NORMAL"", ""OTHER""]","[""SAFETY BELT USED""]","[""M""]","[""IL""]","[""2062562"", ""2062574""]","[""60617""]",[],"[""3""]",[],[],[],[],2025,10,16,4,True,afternoon,41.74,-87.55,41.74_-87.55,31.0,24,38,OTHER,0
STRAIGHT AND LEVEL,914,2025-10-04 16:30:00,7,16,10,650D90CF99FCD79B76B5A0201668F11C320104206E4F879C27033711F89887DE9484CA6A7A0856844B00F5691EA0F3E9CBBDC48C6DDDFA0AF2594DEED285E8AC,NO INJURY / DRIVE AWAY,"OVER $1,500",NO CONTROLS,TURNING,41.8529596787,UNKNOWN,-87.6321520043,2,30,DRIVING SKILLS/KNOWLEDGE/EXPERIENCE,UNKNOWN,UNKNOWN,UNABLE TO DETERMINE,W,200,NO CONTROLS,NOT DIVIDED,CLEAR,0.0,0.0,0.0,0.0,0.0,1.0,1,2,[],[],[],"[""2025-10-04T16:30:00.000""]","[""2163727"", ""2163728""]","[""UNKNOWN""]","[""IL""]","[""LEXUS"", ""TOYOTA""]","[""STRAIGHT AHEAD"", ""TURNING RIGHT""]","[""CAMRY"", ""ES300""]","[""1""]","[""E""]","[""1"", ""2""]","[""DRIVER""]","[""UNKNOWN""]","[""2062599"", ""2062605""]","[""UNKNOWN/NA""]","[""TAXI/FOR HIRE"", ""UNKNOWN/NA""]","[""2017"", ""2020""]",[],[],[],[],[],[],[],[],[],[],[],[],[],[],[],[],"['60', '64']","[""DEPLOYMENT UNKNOWN""]","[""TEST NOT OFFERED""]","[""CHICAGO""]","[""2025-10-04T16:30:00.000""]","[""UNKNOWN""]","[""UNKNOWN""]","[""D""]","[""IL""]","[""UNKNOWN""]",[],"[""O2163727"", ""O2163728""]","[""DRIVER""]","[""UNKNOWN""]","[""USAGE UNKNOWN""]","[""M""]","[""IL""]","[""2062599"", ""2062605""]","[""60619"", ""60659""]",[],[],[],[],[],[],2025,10,16,4,True,afternoon,41.85,-87.63,41.85_-87.63,62.0,60,64,OTHER,0
STRAIGHT AND LEVEL,1931,2025-10-04 16:30:00,7,16,10,BC830424E258778A17A27B7EEA6E1DAB6042C8AA76BFBEAD33260B1576BA9E9E2BD462BB9F4C7B34FC9453FA023D3D1C2A26AA2C8BCE7B4328EFB760B2219E6C,NO INJURY / DRIVE AWAY,"OVER $1,500",NO CONTROLS,TURNING,41.9310210058,DAYLIGHT,-87.6768640181,2,10,FAILING TO YIELD RIGHT-OF-WAY,UNKNOWN,DRY,NOT APPLICABLE,N,2746,NO CONTROLS,PARKING LOT,CLEAR,0.0,0.0,0.0,1.0,0.0,1.0,1,2,"[""Y""]",[],"[""Y""]","[""2025-10-04T16:30:00.000""]","[""2163665"", ""2163666""]","[""FRONT-RIGHT-CORNER"", ""SIDE-LEFT-REAR""]","[""IL""]","[""HONDA""]","[""STRAIGHT AHEAD"", ""TURNING LEFT""]","[""ACCORD"", ""CR-V""]","[""1""]","[""S"", ""W""]","[""1"", ""2""]","[""DRIVER""]","[""UNKNOWN""]","[""2062534"", ""2062538""]","[""PASSENGER""]","[""PERSONAL""]","[""2002"", ""2016""]",[],[],[],[],[],"[""Y""]",[],[],[],[],[],"[""Y""]",[],[],[],[],"['59', '67']","[""NOT APPLICABLE""]","[""TEST NOT OFFERED""]","[""CHICAGO""]","[""2025-10-04T16:30:00.000""]","[""FAILED TO YIELD"", ""NONE""]","[""UNKNOWN""]","[""D"", ""DM""]","[""IL""]","[""NONE""]",[],"[""O2163665"", ""O2163666""]","[""DRIVER""]","[""UNKNOWN""]","[""USAGE UNKNOWN""]","[""F"", ""M""]","[""IL""]","[""2062534"", ""2062538""]","[""60612"", ""60647""]",[],[],[],[],[],[],2025,10,16,4,True,afternoon,41.93,-87.68,41.93_-87.68,63.0,59,67,FAILURE-TO-YIELD,0
STRAIGHT AND LEVEL,931,2025-10-04 16:30:00,7,16,10,89562B8ECB53D1D29630C066463EB71F3FB35716F9A96D046C03735035FA2B9EAFAD9647B7AC2EC90AF39ADC6E13D6AA1856F3C9584A4CB490E7ED92E8F24F55,NO INJURY / DRIVE AWAY,"OVER $1,500",NO CONTROLS,ANGLE,41.8084242838,DAYLIGHT,-87.6720246338,2,30,IMPROPER BACKING,NO DEFECTS,DRY,FAILING TO YIELD RIGHT-OF-WAY,W,1855,NO CONTROLS,NOT DIVIDED,CLEAR,0.0,0.0,0.0,0.0,0.0,1.0,1,2,"[""Y""]","[""Y""]","[""Y""]","[""2025-10-04T16:30:00.000""]","[""2163679"", ""2163680""]","[""FRONT-RIGHT-CORNER"", ""REAR""]","[""IL""]","[""HONDA"", ""TOYOTA""]","[""BACKING"", ""STRAIGHT AHEAD""]","[""CAMRY"", ""CR-V""]","[""1""]","[""E"", ""N""]","[""1"", ""2""]","[""DRIVER""]","[""NONE""]","[""2062548"", ""2062556""]","[""PASSENGER""]","[""PERSONAL""]","[""2017"", ""2025""]",[],[],[],[],[],"[""Y""]",[],[],[],[],[],[],[],[],"[""Y""]",[],"['44', '47']","[""NOT APPLICABLE""]","[""TEST NOT OFFERED""]","[""CHICAGO"", ""CICERO""]","[""2025-10-04T16:30:00.000""]","[""IMPROPER BACKING"", ""OTHER""]","[""NOT OBSCURED""]","[""A"", ""D""]","[""IL""]","[""NONE""]",[],"[""O2163679"", ""O2163680""]","[""DRIVER""]","[""NORMAL""]","[""SAFETY BELT USED""]","[""M""]","[""IL""]","[""2062548"", ""2062556""]","[""60609"", ""60804""]",[],[],[],[],[],[],2025,10,16,4,True,afternoon,41.81,-87.67,41.81_-87.67,45.5,44,47,OTHER,0
STRAIGHT AND LEVEL,921,2025-10-04 16:30:00,7,16,10,6E42F5211B8C77F7BF549FA1E1D064F2DB635E446DBBA34D32B33FED361063B3DFFCACA4BDD42AB24E9D50003F16D8D2E5511FC02E5ADB44CA69F54D6E9267C9,NO INJURY / DRIVE AWAY,"$501 - $1,500",NO CONTROLS,PARKED MOTOR VEHICLE,41.8183699062,DAYLIGHT,-87.6848419261,2,30,NOT APPLICABLE,NO DEFECTS,DRY,NOT APPLICABLE,S,4130,NO CONTROLS,PARKING LOT,CLEAR,0.0,0.0,0.0,0.0,0.0,1.0,2,2,"[""Y""]","[""Y""]","[""Y""]","[""2025-10-04T16:30:00.000""]","[""2163796"", ""2163797""]","[""FRONT-LEFT-CORNER"", ""SIDE-RIGHT-FRONT""]","[""IL""]","[""DODGE"", ""GENERAL MOTORS CORPORATION (GMC)""]","[""PARKED"", ""STRAIGHT AHEAD""]","[""ACADIA"", ""OTHER (EXPLAIN IN NARRATIVE)""]","[""1"", ""2""]","[""UNKNOWN""]","[""1"", ""2""]","[""DRIVER"", ""PARKED""]","[""NONE""]","[""2062661"", ""2062669""]","[""PASSENGER""]","[""PERSONAL""]","[""2017"", ""2021""]",[],[],"[""Y""]",[],[],[],[],"[""Y""]","[""Y""]",[],"[""2""]",[],[],[],[],[],"['12', '5']","[""NOT APPLICABLE""]","[""TEST NOT OFFERED""]","[""CHICAGO""]","[""2025-10-04T16:30:00.000""]","[""OTHER""]","[""NOT OBSCURED""]",[],[],"[""NONE""]",[],"[""O2163796"", ""P477531"", ""P477532""]","[""DRIVER"", ""PASSENGER""]","[""NORMAL""]","[""SAFETY BELT NOT USED"", ""SAFETY BELT USED"", ""USAGE UNKNOWN""]","[""F"", ""M""]","[""IL""]","[""2062661"", ""2062669""]","[""60636""]",[],"[""10"", ""11""]",[],[],[],[],2025,10,16,4,True,afternoon,41.82,-87.68,41.82_-87.68,8.5,5,12,OTHER,0
STRAIGHT AND LEVEL,131,2025-10-04 16:27:00,7,16,10,6810B6310D9973EB6BD4FF90313216068A1F12BEEC45CDAD07B4BFAC470D61FD8BE04E6858BB776558085EC2C1933C30449739802D017020DC887450A7B20163,INJURY AND / OR TOW DUE TO CRASH,"OVER $1,500",NO CONTROLS,PEDALCYCLIST,41.8668314544,DAYLIGHT,-87.625669609,2,30,FAILING TO REDUCE SPEED TO AVOID CRASH,NO DEFECTS,DRY,UNABLE TO DETERMINE,S,1221,NO CONTROLS,DIVIDED - W/MEDIAN (NOT RAISED),CLEAR,0.0,0.0,0.0,0.0,0.0,1.0,2,2,"[""Y""]",[],"[""Y""]","[""2025-10-04T16:27:00.000""]","[""2163784"", ""2163785""]","[""FRONT""]","[""IL""]","[""TOYOTA""]","[""STRAIGHT AHEAD""]","[""HIGHLANDER""]","[""1""]","[""N""]","[""1"", ""2""]","[""BICYCLE"", ""DRIVER""]","[""UNKNOWN""]","[""2062678""]","[""SPORT UTILITY VEHICLE (SUV)""]","[""PERSONAL""]","[""2025""]",[],[],[],[],[],[],[],[],[],[],[],[],[],[],[],[],"['38', '43']","[""DID NOT DEPLOY""]","[""TEST NOT OFFERED""]","[""CHICAGO"", ""DES PLAINES""]","[""2025-10-04T16:27:00.000""]","[""FAILED TO YIELD"", ""OTHER""]","[""PARKED VEHICLES""]","[""D""]","[""IL""]","[""NONE""]","[""N.A"", ""UIC""]","[""O2163784"", ""O2163785""]","[""BICYCLE"", ""DRIVER""]","[""NORMAL"", ""OTHER""]","[""HELMET NOT USED"", ""SAFETY BELT USED""]","[""M""]","[""IL""]","[""2062678""]","[""60016"", ""60641""]","[""CFD AMBO # 66"", ""N.A""]",[],"[""ENTER FROM DRIVE/ALLEY""]","[""IN ROADWAY""]","[""NO CONTRASTING CLOTHING""]",[],2025,10,16,4,True,afternoon,41.87,-87.63,41.87_-87.63,40.5,38,43,SPEEDING,1
STRAIGHT AND LEVEL,1614,2025-10-04 16:25:00,7,16,10,F584D14802424A940BECB3FE92E0BE89C45D2705562F5F5211B94CE8893E623FFD90720DF7A86337A7D75E03E11FDF80BA1F8A33AC60DF056581E8FAD83A44E7,NO INJURY / DRIVE AWAY,"OVER $1,500",NO CONTROLS,SIDESWIPE SAME DIRECTION,41.9524491107,DAYLIGHT,-87.8416069406,2,30,UNABLE TO DETERMINE,UNKNOWN,UNKNOWN,UNABLE TO DETERMINE,W,8600,NO CONTROLS,UNKNOWN,CLEAR,0.0,0.0,0.0,0.0,0.0,1.0,1,2,"[""Y""]","[""Y""]",[],"[""2025-10-04T16:25:00.000""]","[""2164154"", ""2164155""]","[""FRONT-RIGHT-CORNER"", ""SIDE-LEFT-REAR""]","[""IL""]","[""CHEVROLET"", ""JEEP""]","[""CHANGING LANES"", ""STRAIGHT AHEAD""]","[""CHEROKEE"", ""TRAVERSE""]","[""1""]","[""E""]","[""1"", ""2""]","[""DRIVER""]","[""UNKNOWN""]","[""2062987"", ""2062992""]","[""SPORT UTILITY VEHICLE (SUV)"", ""UNKNOWN/NA""]","[""UNKNOWN/NA""]","[""2015"", ""2019""]",[],[],[],[],[],[],[],"[""Y""]",[],[],[],"[""Y""]",[],[],[],[],"['23', '48']","[""NOT APPLICABLE""]","[""TEST NOT OFFERED""]","[""EVERGREEN PARK""]","[""2025-10-04T16:25:00.000""]","[""UNKNOWN""]","[""UNKNOWN""]","[""D""]","[""IL""]","[""NONE""]",[],"[""O2164154"", ""O2164155""]","[""DRIVER""]","[""NORMAL"", ""UNKNOWN""]","[""USAGE UNKNOWN""]","[""M""]","[""IL""]","[""2062987"", ""2062992""]","[""60805""]",[],[],[],[],[],[],2025,10,16,4,True,afternoon,41.95,-87.84,41.95_-87.84,35.5,23,48,OTHER,0
STRAIGHT AND LEVEL,1834,2025-10-04 16:20:00,7,16,10,8E994A49C86376A9AE402823998B8A872B0EA4C0A6657A98426193B3E47BDA20BB77FB88D7761B05AC8FF1D5CC5FD42E1602CCBFA28C653FA426F9043A64B5A9,INJURY AND / OR TOW DUE TO CRASH,"OVER $1,500",NO CONTROLS,REAR END,41.8911523839,DAYLIGHT,-87.6137479277,2,40,NOT APPLICABLE,NO DEFECTS,DRY,NOT APPLICABLE,N,501,NO CONTROLS,NOT DIVIDED,CLEAR,0.0,0.0,0.0,0.0,0.0,1.0,1,3,"[""Y""]",[],"[""Y""]","[""2025-10-04T16:20:00.000""]","[""2163651"", ""2163652""]","[""FRONT"", ""REAR""]","[""IL"", ""IN""]","[""TESLA"", ""TOYOTA""]","[""STRAIGHT AHEAD""]","[""HIGHLANDER"", ""MODEL Y""]","[""2""]","[""N""]","[""1"", ""2""]","[""DRIVER""]","[""NONE""]","[""2062525"", ""2062529""]","[""PASSENGER""]","[""PERSONAL""]","[""2010"", ""2021""]",[],[],"[""Y""]",[],[],"[""Y""]",[],[],[],[],"[""1""]",[],[],"[""Y""]","[""Y""]",[],"['42', '44', '47']","[""NOT APPLICABLE""]","[""TEST NOT OFFERED""]","[""CHICAGO"", ""INDIANAPOLIS""]","[""2025-10-04T16:20:00.000""]","[""NONE"", ""UNKNOWN""]","[""NOT OBSCURED"", ""UNKNOWN""]",[],"[""IL"", ""IN""]","[""NONE""]",[],"[""O2163651"", ""O2163652"", ""P477476"", ""P477478""]","[""DRIVER"", ""PASSENGER""]","[""NORMAL"", ""UNKNOWN""]","[""USAGE UNKNOWN""]","[""F"", ""M""]","[""IL"", ""IN""]","[""2062525"", ""2062529""]","[""46202"", ""60653""]",[],"[""2""]",[],[],[],[],2025,10,16,4,True,afternoon,41.89,-87.61,41.89_-87.61,44.333333333333336,42,47,OTHER,1
STRAIGHT AND LEVEL,1031,2025-10-04 16:15:00,7,16,10,7153E31F85625A3F3877374780631995B94AB745C82C608CB496B7F895AA3C400A0B5C7F3809B33F013CFFE307397BF61077513E8F2C7403AFAE66C7BA50366A,NO INJURY / DRIVE AWAY,"OVER $1,500",FUNCTIONING PROPERLY,SIDESWIPE OPPOSITE DIRECTION,41.8441575859,DAYLIGHT,-87.7246938088,2,25,UNABLE TO DETERMINE,NO DEFECTS,DRY,UNABLE TO DETERMINE,S,2600,TRAFFIC SIGNAL,NOT DIVIDED,CLEAR,0.0,1.0,0.0,0.0,0.0,1.0,1,2,"[""Y""]","[""Y""]","[""Y""]","[""2025-10-04T16:15:00.000""]","[""2163764"", ""2163765""]","[""FRONT-RIGHT-CORNER"", ""SIDE-RIGHT-REAR""]","[""IL""]","[""NISSAN"", ""UNKNOWN""]","[""STRAIGHT AHEAD"", ""UNKNOWN/NA""]","[""FRONTIER"", ""MOTORIZED""]","[""1"", ""2""]","[""N"", ""S""]","[""1"", ""2""]","[""DRIVER""]","[""NONE""]","[""2062629"", ""2062635""]","[""TRUCK - SINGLE UNIT"", ""UNKNOWN/NA""]","[""PERSONAL"", ""UNKNOWN/NA""]","[""2025""]",[],[],[],[],[],[],[],[],[],[],"[""1""]",[],[],"[""Y""]",[],[],"['49', '63']","[""DEPLOYMENT UNKNOWN"", ""NOT APPLICABLE""]","[""TEST NOT OFFERED""]","[""CICERO""]","[""2025-10-04T16:15:00.000""]","[""IMPROPER TURN"", ""NONE""]","[""NOT OBSCURED"", ""UNKNOWN""]","[""D""]","[""IL""]","[""NONE""]",[],"[""O2163764"", ""O2163765"", ""P477514""]","[""DRIVER"", ""PASSENGER""]","[""NORMAL"", ""UNKNOWN""]","[""SAFETY BELT USED"", ""USAGE UNKNOWN""]","[""F"", ""M""]","[""IL""]","[""2062629"", ""2062635""]","[""60804""]",[],"[""3""]",[],[],[],[],2025,10,16,4,True,afternoon,41.84,-87.72,41.84_-87.72,56.0,49,63,OTHER,0