alignment,beat_of_occurrence,crash_date,crash_day_of_week,crash_hour,crash_month,crash_record_id,crash_type,damage,device_condition,first_crash_type,latitude,lighting_condition,longitude,num_units,posted_speed_limit,prim_contributory_cause,road_defect,roadway_surface_cond,sec_contributory_cause,street_direction,street_no,traffic_control_device,trafficway_type,weather_condition,private_property_i,hit_and_run_i,intersection_related_i,crash_date_est_i,work_zone_i,workers_present_i,veh_count,ppl_count,veh_area_01_i_list_json,veh_area_02_i_list_json,veh_area_12_i_list_json,veh_crash_date_list_json,veh_crash_unit_id_list_json,veh_first_contact_point_list_json,veh_lic_plate_state_list_json,veh_make_list_json,veh_maneuver_list_json,veh_model_list_json,veh_occupant_cnt_list_json,veh_travel_direction_list_json,veh_unit_no_list_json,veh_unit_type_list_json,veh_vehicle_defect_list_json,veh_vehicle_id_list_json,veh_vehicle_type_list_json,veh_vehicle_use_list_json,veh_vehicle_year_list_json,veh_area_03_i_list_json,veh_area_04_i_list_json,veh_area_11_i_list_json,veh_towed_by_list_json,veh_towed_i_list_json,veh_area_07_i_list_json,veh_area_99_i_list_json,veh_area_09_i_list_json,veh_area_10_i_list_json,veh_cmrc_veh_i_list_json,veh_num_passengers_list_json,veh_area_08_i_list_json,veh_area_00_i_list_json,veh_area_05_i_list_json,veh_area_06_i_list_json,veh_towed_to_list_json,ppl_age_list_json,ppl_airbag_deployed_list_json,ppl_bac_result_list_json,ppl_city_list_json,ppl_crash_date_list_json,ppl_driver_action_list_json,ppl_driver_vision_list_json,ppl_drivers_license_class_list_json,ppl_drivers_license_state_list_json,ppl_ejection_list_json,ppl_hospital_list_json,ppl_person_id_list_json,ppl_person_type_list_json,ppl_physical_condition_list_json,ppl_safety_equipment_list_json,ppl_sex_list_json,ppl_state_list_json,ppl_vehicle_id_list_json,ppl_zipcode_list_json,ppl_ems_agency_list_json,ppl_seat_no_list_json,ppl_pedpedal_action_list_json,ppl_pedpedal_location_list_json,ppl_pedpedal_visibility_list_json,ppl_ems_run_no_list_json,year,month,hour,day,is_weekend,hour_bin,lat_bin,lng_bin,grid_id,ppl_age_mean,ppl_age_min,ppl_age_max,prim_contributory_cause_group,ksi_flag
STRAIGHT AND LEVEL,1834,2025-10-04 16:10:00,7,16,10,EBD56E36EB92C84918FFA1167B4D4F01E6CE66924F3CEACB22E58967D64EF88860AE5A6E77BF47A97E72AF99A912C5868CEB300563B91C7CD53402197D3C5EA8,INJURY AND / OR TOW DUE TO CRASH,"$501 - $1,500",NO CONTROLS,PARKED MOTOR VEHICLE,41.8924420229,UNKNOWN,-87.6231474753,2,30,UNABLE TO DETERMINE,UNKNOWN,UNKNOWN,NOT APPLICABLE,E,157,NO CONTROLS,ONE-WAY,CLEAR,0.0,0.0,0.0,0.0,0.0,1.0,2,2,[],[],[],"[""2025-10-04T16:10:00.000""]","[""2165788"", ""2165789""]","[""FRONT"", ""REAR""]","[""IL"", ""OH""]","[""LEXUS"", ""MITSUBISHI""]","[""ENTERING TRAFFIC LANE FROM PARKING"", ""PARKED""]","[""ECLIPSE"", ""RX350""]","[""1"", ""4""]","[""E"", ""UNKNOWN""]","[""1"", ""2""]","[""DRIVER"", ""PARKED""]","[""UNKNOWN""]","[""2064549"", ""2064550""]","[""PASSENGER"", ""SPORT UTILITY VEHICLE (SUV)""]","[""UNKNOWN/NA""]","[""2007"", ""2022""]",[],[],[],[],[],[],"[""Y""]",[],[],[],"[""4""]",[],[],[],"[""Y""]",[],"['29', '63']","[""DEPLOYMENT UNKNOWN""]","[""TEST NOT OFFERED""]","[""CHICAGO""]","[""2025-10-04T16:10:00.000""]","[""UNKNOWN""]","[""UNKNOWN""]",[],"[""IL""]","[""NONE""]",[],"[""O2165788"", ""P477912"", ""P477913"", ""P477914"", ""P477915""]","[""DRIVER"", ""PASSENGER""]","[""UNKNOWN""]","[""USAGE UNKNOWN""]","[""F"", ""M""]","[""IL""]","[""2064549"", ""2064550""]","[""60614"", ""60645""]",[],"[""1"", ""3"", ""4"", ""6""]",[],[],[],[],2025,10,16,4,True,afternoon,41.89,-87.62,41.89_-87.62,46.0,29,63,OTHER,1
STRAIGHT AND LEVEL,2514,2025-10-04 16:10:00,7,16,10,544FD2244C9EFDD080B7D3E4D29453F453D2623098C70D2D691C70ADC147F4E88FF52B0584A4966773C3F87626C5B9B4EE73DABDE9F9D784EF4FB7DF933AA38E,INJURY AND / OR TOW DUE TO CRASH,"OVER $1,500",NO CONTROLS,PEDESTRIAN,41.9343288775,DAYLIGHT,-87.7662030981,2,30,UNABLE TO DETERMINE,UNKNOWN,UNKNOWN,UNABLE TO DETERMINE,N,2941,NO CONTROLS,NOT DIVIDED,CLEAR,0.0,1.0,0.0,0.0,0.0,1.0,2,1,[],[],[],"[""2025-10-04T16:10:00.000""]","[""2164859"", ""2164860""]","[""UNKNOWN""]",[],"[""UNKNOWN""]","[""STRAIGHT AHEAD""]","[""OTHER (EXPLAIN IN NARRATIVE)""]","[""1""]","[""N""]","[""1"", ""2""]","[""DRIVER"", ""PEDESTRIAN""]","[""UNKNOWN""]","[""2063659""]","[""UNKNOWN/NA""]","[""UNKNOWN/NA""]",[],[],[],[],[],[],[],"[""Y""]",[],[],[],[],[],[],[],[],[],['57'],"[""DEPLOYMENT UNKNOWN""]","[""TEST NOT OFFERED""]","[""CHICAGO""]","[""2025-10-04T16:10:00.000""]","[""UNKNOWN""]","[""UNKNOWN""]",[],[],"[""NONE""]",[],"[""O2164859"", ""O2164860""]","[""DRIVER"", ""PEDESTRIAN""]","[""UNKNOWN""]","[""NONE PRESENT"", ""USAGE UNKNOWN""]","[""F"", ""M""]","[""IL""]","[""2063659""]","[""60639""]",[],[],"[""UNKNOWN/NA""]","[""IN CROSSWALK""]","[""NO CONTRASTING CLOTHING""]",[],2025,10,16,4,True,afternoon,41.93,-87.77,41.93_-87.77,57.0,57,57,OTHER,1
STRAIGHT AND LEVEL,2011,2025-10-04 16:08:00,7,16,10,67DB16834CDEE11B00ACFDBCBC9FF6BBF95E9CC1AB6EBC4C8C3A4CEF81E96483AE9CB5EB4B031D22445A9C86B568458B051CE5628926987F6AC7FC41CD59A397,NO INJURY / DRIVE AWAY,"OVER $1,500",FUNCTIONING PROPERLY,REAR END,41.978358948,DAYLIGHT,-87.6893930957,2,30,UNABLE TO DETERMINE,UNKNOWN,UNKNOWN,NOT APPLICABLE,N,5320,TRAFFIC SIGNAL,NOT DIVIDED,CLEAR,0.0,0.0,0.0,0.0,0.0,1.0,1,3,[],[],"[""Y""]","[""2025-10-04T16:08:00.000""]","[""2164047"", ""2164048""]","[""FRONT"", ""REAR""]","[""IL""]","[""AUDI"", ""DODGE""]","[""STRAIGHT AHEAD""]","[""CHARGER"", ""Q5""]","[""1"", ""2""]","[""S""]","[""1"", ""2""]","[""DRIVER""]","[""UNKNOWN""]","[""2062895"", ""2062898""]","[""PASSENGER""]","[""UNKNOWN/NA""]","[""2019"", ""2024""]",[],[],[],[],[],[],[],[],[],[],"[""1""]",[],[],[],"[""Y""]",[],"['11', '40', '50']","[""NOT APPLICABLE""]","[""TEST NOT OFFERED""]","[""CHICAGO"", ""WILMETTE""]","[""2025-10-04T16:08:00.000""]","[""UNKNOWN""]","[""UNKNOWN""]","[""D""]","[""IL""]","[""NONE""]",[],"[""O2164047"", ""O2164048"", ""P477604""]","[""DRIVER"", ""PASSENGER""]","[""NORMAL"", ""UNKNOWN""]","[""USAGE UNKNOWN""]","[""F"", ""M""]","[""IL""]","[""2062895"", ""2062898""]","[""60091"", ""60622""]",[],"[""4""]",[],[],[],[],2025,10,16,4,True,afternoon,41.98,-87.69,41.98_-87.69,33.666666666666664,11,50,OTHER,0
STRAIGHT AND LEVEL,815,2025-10-04 16:00:00,7,16,10,56DEC7994E276CFEA83AE6EB135A60585D1B7F16F73F01212B58178B881A2A1A166B694F9B724E2CD993C9D44D39EAD49A8CBA5ADA9EA9202F3251E35A8AF5C7,NO INJURY / DRIVE AWAY,"OVER $1,500",NO CONTROLS,REAR END,41.8002921084,UNKNOWN,-87.728412355,2,30,UNABLE TO DETERMINE,UNKNOWN,UNKNOWN,UNABLE TO DETERMINE,S,5104,NO CONTROLS,UNKNOWN,CLEAR,0.0,0.0,0.0,0.0,0.0,1.0,1,0,"[""N""]",[],"[""N""]","[""2025-10-04T16:00:00.000""]","[""2163661"", ""2163662""]","[""UNKNOWN""]",[],"[""CHEVROLET"", ""NISSAN""]","[""UNKNOWN/NA""]","[""ALTIMA"", ""IMPALA""]","[""1""]","[""UNKNOWN""]","[""1"", ""2""]","[""DRIVER""]","[""UNKNOWN""]","[""2062533"", ""2062539""]","[""UNKNOWN/NA""]","[""UNKNOWN/NA""]","[""2009"", ""2016""]",[],[],"[""N""]",[],[],[],"[""Y""]",[],"[""N""]",[],[],[],[],[],[],[],[],"[""DEPLOYMENT UNKNOWN""]","[""TEST NOT OFFERED""]","[""CHICAGO""]","[""2025-10-04T16:00:00.000""]","[""UNKNOWN""]","[""UNKNOWN""]",[],"[""IL""]","[""UNKNOWN""]",[],"[""O2163661"", ""O2163662""]","[""DRIVER""]","[""UNKNOWN""]","[""USAGE UNKNOWN""]","[""M""]","[""IL""]","[""2062533"", ""2062539""]","[""60632""]",[],[],[],[],[],[],2025,10,16,4,True,afternoon,41.8,-87.73,41.8_-87.73,0.0,0,0,OTHER,0
STRAIGHT AND LEVEL,935,2025-10-04 16:00:00,7,16,10,077BFB4320DEFE1CF3D0D59C871D86E4D8C9F6B538F8D9BADE60744CD9E4AF6D5275FD7D7EFCBD4C1D114DD3749D65E230D66211329603198AD83AC9CF0C20BA,NO INJURY / DRIVE AWAY,"$501 - $1,500",NO CONTROLS,SIDESWIPE SAME DIRECTION,41.7978916641,DAYLIGHT,-87.6429659732,2,30,NOT APPLICABLE,NO DEFECTS,DRY,NOT APPLICABLE,S,5300,NO CONTROLS,NOT DIVIDED,CLEAR,0.0,1.0,0.0,0.0,0.0,1.0,1,1,[],[],[],"[""2025-10-04T16:00:00.000""]","[""2163755"", ""2163756""]","[""SIDE-LEFT-REAR"", ""UNKNOWN""]","[""IL""]","[""CHEVROLET"", ""UNKNOWN""]","[""STRAIGHT AHEAD""]","[""MOTORIZED"", ""TRAX""]","[""1"", ""3""]","[""W""]","[""1"", ""2""]","[""DRIVER""]","[""NONE"", ""UNKNOWN""]","[""2062617"", ""2062627""]","[""PASSENGER"", ""TRUCK - SINGLE UNIT""]","[""OTHER"", ""PERSONAL""]","[""2024""]",[],[],[],[],[],"[""Y""]","[""Y""]",[],[],[],"[""2""]","[""Y""]",[],[],"[""Y""]",[],['66'],"[""NOT APPLICABLE""]","[""TEST NOT OFFERED""]","[""DOLTON""]","[""2025-10-04T16:00:00.000""]","[""NONE"", ""OTHER""]","[""NOT OBSCURED""]","[""D""]","[""IL""]","[""NONE""]",[],"[""O2163755"", ""O2163756"", ""P477505"", ""P477507""]","[""DRIVER"", ""PASSENGER""]","[""NORMAL""]","[""SAFETY BELT USED"", ""USAGE UNKNOWN""]","[""F"", ""M""]","[""IL""]","[""2062617"", ""2062627""]","[""60419""]",[],"[""10"", ""12""]",[],[],[],[],2025,10,16,4,True,afternoon,41.8,-87.64,41.8_-87.64,66.0,66,66,OTHER,0
STRAIGHT AND LEVEL,611,2025-10-04 16:00:00,7,16,10,25D0D45995FFC326A29E865F360CA6120DC7A4A50670F88B52C4C76112CCFCF99943C3ED5C2224BAF1EE6F920837247BF7B995D6731B7484205F94F6B5888874,INJURY AND / OR TOW DUE TO CRASH,"OVER $1,500",FUNCTIONING PROPERLY,PARKED MOTOR VEHICLE,41.7522376213,DAYLIGHT,-87.667065084,4,25,DISREGARDING STOP SIGN,NO DEFECTS,DRY,UNABLE TO DETERMINE,W,1730,STOP SIGN/FLASHER,ONE-WAY,CLEAR,0.0,1.0,0.0,0.0,0.0,1.0,2,1,"[""N"", ""Y""]",[],"[""N"", ""Y""]","[""2025-10-04T16:00:00.000""]","[""2163683"", ""2163684"", ""2163685"", ""2163686""]","[""FRONT"", ""REAR"", ""SIDE-LEFT""]","[""IL""]","[""CHEVROLET"", ""DODGE"", ""GENERAL MOTORS CORPORATION (GMC)"", ""JEEP""]","[""PARKED"", ""STRAIGHT AHEAD""]","[""EQUINOX"", ""OTHER (EXPLAIN IN NARRATIVE)"", ""PATRIOT"", ""SIERRA""]","[""0"", ""1""]","[""W""]","[""1"", ""2"", ""3"", ""4""]","[""DRIVER"", ""PARKED""]","[""NONE"", ""UNKNOWN""]","[""2062558"", ""2062565"", ""2062572"", ""2062593""]","[""PASSENGER"", ""VAN/MINI-VAN""]","[""CONSTRUCTION/MAINTENANCE"", ""PERSONAL""]","[""2005"", ""2018"", ""2019"", ""2021""]",[],[],"[""N"", ""Y""]","[""E&R""]","[""Y""]","[""Y""]",[],"[""Y""]","[""Y""]",[],[],"[""Y""]",[],"[""Y""]","[""Y""]","[""POUND#2""]",['0'],"[""DEPLOYMENT UNKNOWN""]","[""TEST NOT OFFERED""]",[],"[""2025-10-04T16:00:00.000""]","[""DISREGARDED CONTROL DEVICES""]","[""UNKNOWN""]",[],"[""XX""]","[""UNKNOWN""]",[],"[""O2163683""]","[""DRIVER""]","[""UNKNOWN""]","[""USAGE UNKNOWN""]","[""M""]",[],"[""2062558""]",[],[],[],[],[],[],[],2025,10,16,4,True,afternoon,41.75,-87.67,41.75_-87.67,0.0,0,0,OTHER,0
STRAIGHT AND LEVEL,911,2025-10-04 16:00:00,7,16,10,5ABCA31332C54E65B2E101D28A5CD1DCE86D3E44B375A14427F9259FB104B5168EDCE0B661FFE6623E086B19211950BCDD8992381DBD5AFD6A55AC930A0CC1B2,NO INJURY / DRIVE AWAY,"OVER $1,500",FUNCTIONING PROPERLY,PARKED MOTOR VEHICLE,41.8226972945,DAYLIGHT,-87.7045640279,2,30,UNABLE TO DETERMINE,NO DEFECTS,DRY,NOT APPLICABLE,W,3200,TRAFFIC SIGNAL,DIVIDED - W/MEDIAN (NOT RAISED),CLEAR,0.0,1.0,0.0,1.0,0.0,1.0,2,0,[],[],[],"[""2025-10-04T16:00:00.000""]","[""2164252"", ""2164253""]","[""SIDE-LEFT"", ""UNKNOWN""]","[""IL""]","[""TOYOTA"", ""UNKNOWN""]","[""PARKED"", ""UNKNOWN/NA""]","[""COROLLA"", ""MOTORIZED""]","[""0"", ""1""]","[""N"", ""UNKNOWN""]","[""1"", ""2""]","[""DRIVER"", ""PARKED""]","[""NONE"", ""UNKNOWN""]","[""2063081"", ""2063085""]","[""PASSENGER"", ""UNKNOWN/NA""]","[""PERSONAL"", ""UNKNOWN/NA""]","[""2010""]",[],[],"[""Y""]",[],[],[],"[""Y""]",[],[],[],[],"[""Y""]",[],[],[],[],[],"[""DEPLOYMENT UNKNOWN""]","[""TEST NOT OFFERED""]",[],"[""2025-10-04T16:00:00.000""]","[""UNKNOWN""]","[""UNKNOWN""]",[],[],"[""UNKNOWN""]",[],"[""O2164252""]","[""DRIVER""]","[""UNKNOWN""]","[""USAGE UNKNOWN""]","[""X""]",[],"[""2063081""]",[],[],[],[],[],[],[],2025,10,16,4,True,afternoon,41.82,-87.7,41.82_-87.7,0.0,0,0,OTHER,0
STRAIGHT AND LEVEL,214,2025-10-04 16:00:00,7,16,10,B965925D6737436E6D82D051A936C401285B12C64AC7E4CB7AD834595A5C9B5A1CD352E9A359B26A7FE7CBEFB80C1F69CFE8D7610DBD8CD362244EDB8D8C0E21,NO INJURY / DRIVE AWAY,"OVER $1,500",NO CONTROLS,PARKED MOTOR VEHICLE,41.8240011646,DAYLIGHT,-87.6031226401,2,10,UNABLE TO DETERMINE,UNKNOWN,DRY,UNABLE TO DETERMINE,S,3939,NO CONTROLS,PARKING LOT,CLEAR,0.0,0.0,0.0,0.0,0.0,1.0,2,0,"[""Y""]",[],[],"[""2025-10-04T16:00:00.000""]","[""2164105"", ""2164106""]","[""FRONT-RIGHT-CORNER"", ""REAR-LEFT-CORNER""]","[""IL""]","[""KIA"", ""MERCEDES-BENZ""]","[""PARKED"", ""STRAIGHT AHEAD""]","[""GLB"", ""SEDONA""]","[""0"", ""2""]","[""E""]","[""1"", ""2""]","[""DRIVER"", ""PARKED""]","[""UNKNOWN""]","[""2062947"", ""2062952""]","[""SPORT UTILITY VEHICLE (SUV)"", ""VAN/MINI-VAN""]","[""PERSONAL"", ""UNKNOWN/NA""]","[""2016"", ""2021""]",[],[],[],[],[],"[""Y""]",[],"[""N""]",[],[],"[""1""]","[""Y""]",[],[],[],[],[],"[""DEPLOYMENT UNKNOWN"", ""NOT APPLICABLE""]","[""TEST NOT OFFERED""]",[],"[""2025-10-04T16:00:00.000""]","[""OTHER""]","[""UNKNOWN""]",[],[],"[""NONE""]","[""N/A""]","[""O2164105"", ""P477610""]","[""DRIVER"", ""PASSENGER""]","[""UNKNOWN""]","[""USAGE UNKNOWN""]","[""F"", ""M""]",[],"[""2062947""]",[],"[""N/A""]","[""2""]",[],[],[],"[""N/A""]",2025,10,16,4,True,afternoon,41.82,-87.6,41.82_-87.6,0.0,0,0,OTHER,0
STRAIGHT AND LEVEL,914,2025-10-04 15:57:00,7,15,10,60AAECFCDB1BE1B40BF319CC514A785F66A0C9B88D2CC7F2D380D08D5307222B19C2727C7F3616D1BFC3E395AF134C927C1904952B1A6646A10DE66CA0B97E44,NO INJURY / DRIVE AWAY,"$501 - $1,500",NO CONTROLS,REAR TO SIDE,41.8536473028,DAYLIGHT,-87.6334669145,2,30,FAILING TO YIELD RIGHT-OF-WAY,NO DEFECTS,DRY,NOT APPLICABLE,S,2140,NO CONTROLS,NOT DIVIDED,CLEAR,0.0,0.0,0.0,0.0,0.0,1.0,1,4,[],[],[],"[""2025-10-04T15:57:00.000""]","[""2163641"", ""2163642""]","[""REAR"", ""SIDE-LEFT""]","[""IL""]","[""ACURA"", ""BMW""]","[""STRAIGHT AHEAD""]","[""ADX"", ""X5""]","[""2""]","[""S"", ""W""]","[""1"", ""2""]","[""DRIVER""]","[""NONE""]","[""2062516"", ""2062526""]","[""SPORT UTILITY VEHICLE (SUV)""]","[""PERSONAL""]","[""2008"", ""2023""]",[],[],[],[],[],[],[],[],"[""Y""]",[],"[""1""]",[],[],[],"[""Y""]",[],"['25', '28', '3', '32']","[""DID NOT DEPLOY""]","[""TEST NOT OFFERED""]","[""CHICAGO"", ""DOLTON"", ""FLOSSMOOR""]","[""2025-10-04T15:57:00.000""]","[""FAILED TO YIELD"", ""NONE""]","[""NOT OBSCURED""]","[""D""]","[""IL""]","[""NONE""]",[],"[""O2163641"", ""O2163642"", ""P477475"", ""P477477""]","[""DRIVER"", ""PASSENGER""]","[""NORMAL""]","[""SAFETY BELT USED""]","[""F"", ""M""]","[""IL""]","[""2062516"", ""2062526""]","[""60419"", ""60422"", ""60609""]",[],"[""10"", ""3""]",[],[],[],[],2025,10,15,4,True,afternoon,41.85,-87.63,41.85_-87.63,22.0,3,32,FAILURE-TO-YIELD,0
STRAIGHT AND LEVEL,114,2025-10-04 15:50:00,7,15,10,4AE0E7F784E82401058C12A8545E82330BC4BD21A12F4989A47829A8DF6B33B42309374E887EA0187BFFC231E05D81D2C7626685C794E211812C9C48B3CE1351,NO INJURY / DRIVE AWAY,"OVER $1,500",NO CONTROLS,SIDESWIPE SAME DIRECTION,41.8700026969,DAYLIGHT,-87.6203753268,2,30,IMPROPER OVERTAKING/PASSING,NO DEFECTS,DRY,IMPROPER OVERTAKING/PASSING,S,965,TRAFFIC SIGNAL,NOT DIVIDED,CLEAR,0.0,0.0,0.0,0.0,0.0,1.0,1,1,"[""Y""]",[],[],"[""2025-10-04T15:50:00.000""]","[""2163663"", ""2163664""]","[""FRONT-RIGHT-CORNER"", ""REAR-LEFT-CORNER""]","[""IL""]","[""CADILLAC"", ""TOYOTA""]","[""MERGING"", ""STRAIGHT AHEAD""]","[""RAV4"", ""SRX""]","[""1""]","[""N""]","[""1"", ""2""]","[""DRIVER""]","[""NONE"", ""UNKNOWN""]","[""2062537"", ""2062545""]","[""SPORT UTILITY VEHICLE (SUV)"", ""UNKNOWN/NA""]","[""PERSONAL""]","[""2010"", ""2019""]",[],[],[],[],[],"[""Y""]",[],"[""Y""]",[],[],[],"[""Y""]",[],[],[],[],['43'],"[""DEPLOYMENT UNKNOWN"", ""NOT APPLICABLE""]","[""TEST NOT OFFERED""]","[""CHICAGO""]","[""2025-10-04T15:50:00.000""]","[""NONE""]","[""NOT OBSCURED"", ""UNKNOWN""]","[""D""]","[""IL""]","[""NONE""]",[],"[""O2163663"", ""O2163664""]","[""DRIVER""]","[""NORMAL"", ""UNKNOWN""]","[""USAGE UNKNOWN""]","[""F"", ""M""]","[""IL""]","[""2062537"", ""2062545""]","[""60641""]",[],[],[],[],[],[],2025,10,15,4,True,afternoon,41.87,-87.62,41.87_-87.62,43.0,43,43,OTHER,0
STRAIGHT AND LEVEL,2413,2025-10-04 15:50:00,7,15,10,0A3821FC74F30D037456318F4DC0422594DED57E2E146E351AA62FB8F76331F00FDECCACBB189F5AFD5F5052943D8A66FF13D851F5E7618B050438EF89871F07,NO INJURY / DRIVE AWAY,"OVER $1,500",NO CONTROLS,SIDESWIPE SAME DIRECTION,41.9905777119,UNKNOWN,-87.6950515949,2,30,UNABLE TO DETERMINE,UNKNOWN,UNKNOWN,DRIVING SKILLS/KNOWLEDGE/EXPERIENCE,W,2610,NO CONTROLS,DIVIDED - W/MEDIAN (NOT RAISED),CLEAR,0.0,1.0,0.0,0.0,0.0,1.0,1,1,[],[],[],"[""2025-10-04T15:50:00.000""]","[""2163623"", ""2163624""]","[""FRONT-RIGHT-CORNER"", ""SIDE-LEFT""]","[""IL""]","[""CHEVROLET"", ""NISSAN""]","[""UNKNOWN/NA""]","[""FRONTIER"", ""OTHER (EXPLAIN IN NARRATIVE)""]","[""1""]","[""E""]","[""1"", ""2""]","[""DRIVER""]","[""UNKNOWN""]","[""2062494"", ""2062528""]","[""UNKNOWN/NA""]","[""UNKNOWN/NA""]","[""2012"", ""2025""]",[],[],"[""Y""]",[],[],[],"[""Y""]","[""Y""]","[""Y""]",[],[],[],[],[],[],[],['40'],"[""DEPLOYMENT UNKNOWN""]","[""TEST NOT OFFERED""]","[""CHICAGO""]","[""2025-10-04T15:50:00.000""]","[""UNKNOWN""]","[""UNKNOWN""]",[],"[""IL""]","[""NONE""]",[],"[""O2163623"", ""O2163624""]","[""DRIVER""]","[""UNKNOWN""]","[""USAGE UNKNOWN""]","[""M""]","[""IL""]","[""2062494"", ""2062528""]","[""60613""]",[],[],[],[],[],[],2025,10,15,4,True,afternoon,41.99,-87.7,41.99_-87.7,40.0,40,40,OTHER,0
STRAIGHT AND LEVEL,1614,2025-10-04 15:45:00,7,15,10,E67A39ECC64C9692135890918E2B63D52394FE11FE7239114182C61F5C0BE9AAEC09703AA92248381C4025F766B5CA0F5F67FB79A41B22824C83199F9948253C,NO INJURY / DRIVE AWAY,"OVER $1,500",NO CONTROLS,TURNING,41.9738311162,DAYLIGHT,-87.8451478296,2,25,FAILING TO REDUCE SPEED TO AVOID CRASH,NO DEFECTS,DRY,NOT APPLICABLE,W,8728,STOP SIGN/FLASHER,NOT DIVIDED,CLEAR,0.0,0.0,1.0,0.0,0.0,1.0,1,2,"[""Y""]","[""Y""]","[""Y""]","[""2025-10-04T15:45:00.000""]","[""2163633"", ""2163634""]","[""FRONT-LEFT-CORNER"", ""SIDE-RIGHT-FRONT""]","[""IL""]","[""LEXUS"", ""SUZUKI""]","[""STRAIGHT AHEAD"", ""TURNING LEFT""]","[""ES350"", ""KIZASHI""]","[""1""]","[""SE"", ""W""]","[""1"", ""2""]","[""DRIVER""]","[""NONE""]","[""2062505"", ""2062521""]","[""PASSENGER""]","[""PERSONAL""]","[""2011"", ""2019""]","[""Y""]",[],"[""Y""]",[],[],[],[],[],"[""Y""]",[],[],[],[],[],[],[],"['24', '43']","[""DEPLOYED, FRONT"", ""NOT APPLICABLE""]","[""TEST NOT OFFERED""]","[""CHICAGO""]","[""2025-10-04T15:45:00.000""]","[""FAILED TO YIELD"", ""NONE""]","[""NOT OBSCURED"", ""UNKNOWN""]","[""D""]","[""IL""]","[""NONE""]",[],"[""O2163633"", ""O2163634""]","[""DRIVER""]","[""NORMAL""]","[""NONE PRESENT""]","[""F"", ""M""]","[""IL""]","[""2062505"", ""2062521""]","[""60656""]",[],[],[],[],[],[],2025,10,15,4,True,afternoon,41.97,-87.85,41.97_-87.85,33.5,24,43,SPEEDING,0
STRAIGHT AND LEVEL,2211,2025-10-04 15:44:00,7,15,10,136CF20AE21A9EFAA34BF147949E4A3811A911476F5DC19401DE8F7BFD7A7FECFDD335F487C9BB213FF2D25639BF70EBF1DA2159CACD731A170787E563DC7377,NO INJURY / DRIVE AWAY,"OVER $1,500",NO CONTROLS,SIDESWIPE SAME DIRECTION,41.7062823319,DAYLIGHT,-87.6817635946,2,15,UNABLE TO DETERMINE,NO DEFECTS,DRY,UNABLE TO DETERMINE,S,10300,NO CONTROLS,OTHER,CLEAR,1.0,0.0,0.0,0.0,0.0,1.0,1,2,[],[],[],"[""2025-10-04T15:44:00.000""]","[""2163625"", ""2163626""]","[""REAR-RIGHT-CORNER"", ""UNKNOWN""]","[""IL""]","[""HYUNDAI"", ""UNKNOWN""]","[""SLOW/STOP IN TRAFFIC"", ""UNKNOWN/NA""]","[""ELANTRA"", ""OTHER (EXPLAIN IN NARRATIVE)""]","[""1"", ""2""]","[""W""]","[""1"", ""2""]","[""DRIVER""]","[""UNKNOWN""]","[""2062495"", ""2062531""]","[""PASSENGER"", ""UNKNOWN/NA""]","[""PERSONAL"", ""UNKNOWN/NA""]","[""2017""]",[],"[""Y""]",[],[],[],[],[],[],[],"[""Y""]","[""1""]",[],[],"[""Y""]","[""Y""]",[],"['23', '60']","[""DEPLOYMENT UNKNOWN"", ""NOT APPLICABLE""]","[""TEST NOT OFFERED""]","[""CHICAGO"", ""DORCHESTER""]","[""2025-10-04T15:44:00.000""]","[""NONE"", ""UNKNOWN""]","[""UNKNOWN""]","[""D""]","[""IL"", ""MA""]","[""NONE"", ""UNKNOWN""]",[],"[""O2163625"", ""O2163626"", ""P477472""]","[""DRIVER"", ""PASSENGER""]","[""NORMAL"", ""UNKNOWN""]","[""USAGE UNKNOWN""]","[""M""]","[""IL"", ""MA""]","[""2062495"", ""2062531""]","[""02125"", ""60651""]",[],"[""3""]",[],[],[],[],2025,10,15,4,True,afternoon,41.71,-87.68,41.71_-87.68,41.5,23,60,OTHER,0
STRAIGHT AND LEVEL,1131,2025-10-04 15:40:00,7,15,10,F0F7793C1D0AE99D19F19B95E0A034644AFE0C83D259EEEC12A406F3F875709CAF5C8085ED0748C281312ED8A567C50E76B3A052D24C507D74EB2CF99B42FE20,INJURY AND / OR TOW DUE TO CRASH,"OVER $1,500",FUNCTIONING PROPERLY,TURNING,41.8768550783,DAYLIGHT,-87.7354694946,2,30,FAILING TO YIELD RIGHT-OF-WAY,NO DEFECTS,DRY,NOT APPLICABLE,W,4401,TRAFFIC SIGNAL,FOUR WAY,CLEAR,0.0,0.0,1.0,0.0,0.0,1.0,1,2,"[""Y""]","[""Y""]","[""Y""]","[""2025-10-04T15:40:00.000""]","[""2163866"", ""2163867""]","[""FRONT""]","[""IL""]","[""AUDI"", ""CADILLAC""]","[""STRAIGHT AHEAD"", ""TURNING LEFT""]","[""Q5"", ""SRX""]","[""1"", ""3""]","[""N"", ""S""]","[""1"", ""2""]","[""DRIVER""]","[""NONE""]","[""2062726"", ""2062727""]","[""PASSENGER""]","[""PERSONAL"", ""UNKNOWN/NA""]","[""2014"", ""2015""]",[],[],"[""Y""]","[""PRIVATE TOW""]","[""Y""]",[],[],[],"[""Y""]",[],"[""2""]",[],[],[],[],[],"['29', '51']","[""DEPLOYED, COMBINATION"", ""DEPLOYED, FRONT""]","[""TEST NOT OFFERED""]","[""CHICAGO""]","[""2025-10-04T15:40:00.000""]","[""FAILED TO YIELD"", ""NONE""]","[""NOT OBSCURED""]","[""D"", ""DM""]","[""IL""]","[""NONE""]","[""ST ANTHONY'S HOSPITAL""]","[""O2163866"", ""O2163867"", ""P477551"", ""P477552""]","[""DRIVER"", ""PASSENGER""]","[""NORMAL"", ""UNKNOWN""]","[""SAFETY BELT USED"", ""USAGE UNKNOWN""]","[""F"", ""M""]","[""IL""]","[""2062726"", ""2062727""]","[""60623"", ""60624""]","[""CFD 10""]","[""11"", ""3""]",[],[],[],[],2025,10,15,4,True,afternoon,41.88,-87.74,41.88_-87.74,40.0,29,51,FAILURE-TO-YIELD,1