alignment,beat_of_occurrence,crash_date,crash_day_of_week,crash_hour,crash_month,crash_record_id,crash_type,damage,device_condition,first_crash_type,latitude,lighting_condition,longitude,num_units,posted_speed_limit,prim_contributory_cause,road_defect,roadway_surface_cond,sec_contributory_cause,street_direction,street_no,traffic_control_device,trafficway_type,weather_condition,private_property_i,hit_and_run_i,intersection_related_i,crash_date_est_i,work_zone_i,workers_present_i,veh_count,ppl_count,veh_area_01_i_list_json,veh_area_02_i_list_json,veh_area_12_i_list_json,veh_crash_date_list_json,veh_crash_unit_id_list_json,veh_first_contact_point_list_json,veh_lic_plate_state_list_json,veh_make_list_json,veh_maneuver_list_json,veh_model_list_json,veh_occupant_cnt_list_json,veh_travel_direction_list_json,veh_unit_no_list_json,veh_unit_type_list_json,veh_vehicle_defect_list_json,veh_vehicle_id_list_json,veh_vehicle_type_list_json,veh_vehicle_use_list_json,veh_vehicle_year_list_json,veh_area_03_i_list_json,veh_area_04_i_list_json,veh_area_11_i_list_json,veh_towed_by_list_json,veh_towed_i_list_json,veh_area_07_i_list_json,veh_area_99_i_list_json,veh_area_09_i_list_json,veh_area_10_i_list_json,veh_cmrc_veh_i_list_json,veh_num_passengers_list_json,veh_area_08_i_list_json,veh_area_00_i_list_json,veh_area_05_i_list_json,veh_area_06_i_list_json,veh_towed_to_list_json,ppl_age_list_json,ppl_airbag_deployed_list_json,ppl_bac_result_list_json,ppl_city_list_json,ppl_crash_date_list_json,ppl_driver_action_list_json,ppl_driver_vision_list_json,ppl_drivers_license_class_list_json,ppl_drivers_license_state_list_json,ppl_ejection_list_json,ppl_hospital_list_json,ppl_person_id_list_json,ppl_person_type_list_json,ppl_physical_condition_list_json,ppl_safety_equipment_list_json,ppl_sex_list_json,ppl_state_list_json,ppl_vehicle_id_list_json,ppl_zipcode_list_json,ppl_ems_agency_list_json,ppl_seat_no_list_json,ppl_pedpedal_action_list_json,ppl_pedpedal_location_list_json,ppl_pedpedal_visibility_list_json,ppl_ems_run_no_list_json,year,month,hour,day,is_weekend,hour_bin,lat_bin,lng_bin,grid_id,ppl_age_mean,ppl_age_min,ppl_age_max,prim_contributory_cause_group,ksi_flag
STRAIGHT AND LEVEL,1623,2025-10-04 15:35:00,7,15,10,36F0E3286A133F40B840282BE9979319B1C55FB6C96E0892DDE87F270FB20D8FD45DB324C6E3057EF29A1D9C8C226AD16A98370E69DBF953288DD8EB92DBB8F3,NO INJURY / DRIVE AWAY,"OVER $1,500",FUNCTIONING PROPERLY,SIDESWIPE SAME DIRECTION,41.9846184304,DAYLIGHT,-87.768159268,2,30,IMPROPER OVERTAKING/PASSING,NO DEFECTS,DRY,UNABLE TO DETERMINE,N,5659,TRAFFIC SIGNAL,FOUR WAY,CLEAR,0.0,0.0,1.0,0.0,0.0,1.0,1,2,"[""Y""]",[],[],"[""2025-10-04T15:35:00.000""]","[""2163607"", ""2163608""]","[""FRONT-LEFT-CORNER"", ""FRONT-RIGHT-CORNER""]","[""IL"", ""WI""]","[""CHEVROLET"", ""SUBARU""]","[""CHANGING LANES"", ""STRAIGHT AHEAD""]","[""CRUZE"", ""FORESTER""]","[""1""]","[""N""]","[""1"", ""2""]","[""DRIVER""]","[""NONE""]","[""2062478"", ""2062480""]","[""PASSENGER""]","[""PERSONAL""]","[""2015"", ""2017""]",[],[],"[""Y""]",[],[],[],[],[],[],[],[],[],[],[],[],[],"['23', '64']","[""NOT APPLICABLE""]","[""TEST NOT OFFERED""]","[""CHICAGO"", ""NEW BERLIN""]","[""2025-10-04T15:35:00.000""]","[""IMPROPER LANE CHANGE"", ""NONE""]","[""NOT OBSCURED""]",[],"[""IL"", ""WI""]","[""NONE""]",[],"[""O2163607"", ""O2163608""]","[""DRIVER""]","[""NORMAL""]","[""SAFETY BELT USED""]","[""F""]","[""IL"", ""WI""]","[""2062478"", ""2062480""]","[""53151"", ""60646""]",[],[],[],[],[],[],2025,10,15,4,True,afternoon,41.98,-87.77,41.98_-87.77,43.5,23,64,OTHER,0
STRAIGHT AND LEVEL,432,2025-10-04 15:30:00,7,15,10,F81267B123FBB05F0ECDC13414D85F0A878B2A9543B9C0088733162F46704F43C6187AF2C81AFB33F8D52836228CBE609B1FABE72F3D1C486580E3828F4B6527,NO INJURY / DRIVE AWAY,"OVER $1,500",NO CONTROLS,SIDESWIPE SAME DIRECTION,41.7011333896,DAYLIGHT,-87.5259015026,2,25,FAILING TO YIELD RIGHT-OF-WAY,NO DEFECTS,DRY,FAILING TO YIELD RIGHT-OF-WAY,S,10652,NO CONTROLS,ONE-WAY,CLEAR,0.0,0.0,0.0,0.0,0.0,1.0,1,1,"[""Y""]",[],[],"[""2025-10-04T15:30:00.000""]","[""2166308"", ""2166309""]","[""FRONT-RIGHT-CORNER"", ""SIDE-LEFT""]","[""IL""]","[""CHEVROLET"", ""HONDA""]","[""ENTERING TRAFFIC LANE FROM PARKING"", ""STRAIGHT AHEAD""]","[""PILOT"", ""TRAIL BLAZER""]","[""1""]","[""N""]","[""1"", ""2""]","[""DRIVER""]","[""NONE""]","[""2065007"", ""2065012""]","[""SPORT UTILITY VEHICLE (SUV)""]","[""PERSONAL""]","[""2019"", ""2026""]",[],[],[],[],[],"[""Y""]",[],"[""Y""]",[],[],[],"[""Y""]",[],[],[],[],['17'],"[""DEPLOYMENT UNKNOWN"", ""DID NOT DEPLOY""]","[""TEST NOT OFFERED""]","[""CHICAGO""]","[""2025-10-04T15:30:00.000""]","[""FAILED TO YIELD"", ""NONE""]","[""NOT OBSCURED"", ""UNKNOWN""]","[""D""]","[""IL""]","[""NONE""]",[],"[""O2166308"", ""O2166309""]","[""DRIVER""]","[""NORMAL"", ""UNKNOWN""]","[""SAFETY BELT USED"", ""USAGE UNKNOWN""]","[""F"", ""M""]","[""IL""]","[""2065007"", ""2065012""]","[""60617""]",[],[],[],[],[],[],2025,10,15,4,True,afternoon,41.7,-87.53,41.7_-87.53,17.0,17,17,FAILURE-TO-YIELD,0
STRAIGHT AND LEVEL,2012,2025-10-04 15:30:00,7,15,10,601115F55673DA6C0DE1A5C27382F3327C2338AA9E3566C40AE081894AB7D5D29A4DC00CD52496579F9DD843FBE6AE493E0288287ED75D1365E259E721882B25,INJURY AND / OR TOW DUE TO CRASH,"OVER $1,500",NO CONTROLS,PARKED MOTOR VEHICLE,41.9839522006,DAYLIGHT,-87.6690061635,2,30,FAILING TO REDUCE SPEED TO AVOID CRASH,NO DEFECTS,DRY,FAILING TO REDUCE SPEED TO AVOID CRASH,N,5614,NO CONTROLS,OTHER,CLEAR,1.0,0.0,0.0,0.0,0.0,1.0,2,1,[],[],"[""Y""]","[""2025-10-04T15:30:00.000""]","[""2163704"", ""2163705""]","[""FRONT"", ""SIDE-LEFT""]","[""IL""]","[""HONDA"", ""TOYOTA""]","[""OTHER"", ""PARKED""]","[""CAMRY"", ""CIVIC""]","[""0"", ""1""]","[""S""]","[""1"", ""2""]","[""DRIVER"", ""PARKED""]","[""UNKNOWN""]","[""2062573"", ""2062580""]","[""PASSENGER""]","[""NOT IN USE"", ""PERSONAL""]","[""2011"", ""2013""]",[],[],[],"[""owner""]","[""Y""]",[],[],"[""Y""]","[""N""]",[],[],[],[],[],[],[],['34'],"[""NOT APPLICABLE""]","[""TEST NOT OFFERED""]","[""CHICAGO""]","[""2025-10-04T15:30:00.000""]","[""IMPROPER PARKING""]","[""NOT OBSCURED""]","[""D""]","[""IL""]","[""NONE""]",[],"[""O2163704""]","[""DRIVER""]","[""NORMAL""]","[""USAGE UNKNOWN""]","[""F""]","[""IL""]","[""2062573""]","[""60640""]",[],[],[],[],[],[],2025,10,15,4,True,afternoon,41.98,-87.67,41.98_-87.67,34.0,34,34,SPEEDING,0
STRAIGHT AND LEVEL,1215,2025-10-04 15:30:00,7,15,10,529F424AC8DDA7F4B5C758A96B1860A85143EFE422161044A0892280D6BD8082AE34EF3037F6881D5D9C71A972BE9FE469EED6DDDC9350A2A5463624AA126DA3,NO INJURY / DRIVE AWAY,"OVER $1,500",NO CONTROLS,TURNING,41.8933131019,DAYLIGHT,-87.6673578188,2,30,IMPROPER TURNING/NO SIGNAL,UNKNOWN,UNKNOWN,FAILING TO REDUCE SPEED TO AVOID CRASH,N,630,TRAFFIC SIGNAL,FOUR WAY,CLEAR,0.0,0.0,0.0,0.0,0.0,1.0,1,2,"[""Y""]",[],[],"[""2025-10-04T15:30:00.000""]","[""2163631"", ""2163632""]","[""FRONT-RIGHT-CORNER"", ""SIDE-LEFT-REAR""]","[""IL""]","[""FORD""]","[""STRAIGHT AHEAD"", ""U-TURN""]","[""ESCAPE"", ""VAN""]","[""1""]","[""N"", ""S""]","[""1"", ""2""]","[""DRIVER""]","[""NONE"", ""UNKNOWN""]","[""2062498"", ""2062510""]","[""SPORT UTILITY VEHICLE (SUV)"", ""VAN/MINI-VAN""]","[""TAXI/FOR HIRE"", ""UNKNOWN/NA""]","[""2012"", ""2013""]",[],[],[],[],[],"[""Y""]",[],[],[],[],[],"[""Y""]",[],[],[],[],"['48', '71']","[""DID NOT DEPLOY""]","[""TEST NOT OFFERED""]","[""CHICAGO""]","[""2025-10-04T15:30:00.000""]","[""IMPROPER TURN"", ""OTHER""]","[""NOT OBSCURED"", ""UNKNOWN""]","[""D""]","[""IL""]","[""NONE""]",[],"[""O2163631"", ""O2163632""]","[""DRIVER""]","[""NORMAL"", ""UNKNOWN""]","[""SAFETY BELT USED""]","[""M""]","[""IL""]","[""2062498"", ""2062510""]","[""60624"", ""60642""]",[],[],[],[],[],[],2025,10,15,4,True,afternoon,41.89,-87.67,41.89_-87.67,59.5,48,71,OTHER,0
STRAIGHT AND LEVEL,1834,2025-10-04 15:15:00,7,15,10,75B437761FDD6C876A2C06EB1F7C24F8EFC89209CC70B6F8CDD82FC23036ABD44FCD1E94ADEEF7D7F7A397A4ADF1C329620B710574E3C2093A72E97FAAE441AB,NO INJURY / DRIVE AWAY,"OVER $1,500",FUNCTIONING PROPERLY,SIDESWIPE SAME DIRECTION,41.8933722143,DAYLIGHT,-87.6243614185,2,30,IMPROPER OVERTAKING/PASSING,UNKNOWN,UNKNOWN,IMPROPER TURNING/NO SIGNAL,N,626,TRAFFIC SIGNAL,FOUR WAY,CLEAR,0.0,0.0,1.0,0.0,0.0,1.0,1,1,"[""Y""]","[""Y""]",[],"[""2025-10-04T15:15:00.000""]","[""2163669"", ""2163670""]","[""FRONT-LEFT-CORNER"", ""SIDE-RIGHT-FRONT""]","[""IL""]","[""NEW FLYER"", ""UNKNOWN""]","[""PASSING/OVERTAKING"", ""STRAIGHT AHEAD""]","[""D40LF"", ""MOTORIZED""]","[""1""]","[""S""]","[""1"", ""2""]","[""DRIVER""]","[""UNKNOWN""]","[""2062543"", ""2062551""]","[""BUS OVER 15 PASS."", ""OTHER""]","[""CTA"", ""OTHER""]","[""2006"", ""2025""]",[],[],"[""Y""]",[],[],[],[],[],"[""N""]",[],[],[],[],[],[],[],['33'],"[""DEPLOYMENT UNKNOWN""]","[""TEST NOT OFFERED""]","[""CHICAGO""]","[""2025-10-04T15:15:00.000""]","[""IMPROPER LANE CHANGE"", ""NONE""]","[""UNKNOWN""]","[""A"", ""B""]","[""IL""]","[""UNKNOWN""]",[],"[""O2163669"", ""O2163670""]","[""DRIVER""]","[""UNKNOWN""]","[""SAFETY BELT USED""]","[""F"", ""M""]","[""IL""]","[""2062543"", ""2062551""]","[""60680""]",[],[],[],[],[],[],2025,10,15,4,True,afternoon,41.89,-87.62,41.89_-87.62,33.0,33,33,OTHER,0
STRAIGHT AND LEVEL,813,2025-10-04 15:10:00,7,15,10,CD3839C8A2F4A90F00CF1D8523F0C9A728BBB6CDA1E83B353C05E276999D0C53980D136A7DD35FE82CF7A58D5DA83E3A21BE8B23F0947EFB3B6F09CAA3C02F11,NO INJURY / DRIVE AWAY,"OVER $1,500",NO CONTROLS,PARKED MOTOR VEHICLE,41.7752215642,DAYLIGHT,-87.7614668455,2,25,UNABLE TO DETERMINE,NO DEFECTS,DRY,NOT APPLICABLE,S,6435,NO CONTROLS,NOT DIVIDED,CLEAR,0.0,1.0,0.0,0.0,0.0,1.0,2,0,[],[],[],"[""2025-10-04T15:10:00.000""]","[""2178674"", ""2178675""]","[""FRONT-LEFT-CORNER"", ""UNKNOWN""]","[""IL""]","[""TOYOTA""]","[""PARKED"", ""STRAIGHT AHEAD""]","[""AVALON"", ""COROLLA""]","[""0"", ""1""]","[""N"", ""S""]","[""1"", ""2""]","[""DRIVER"", ""PARKED""]","[""NONE""]","[""2076764"", ""2076765""]","[""PASSENGER""]","[""PERSONAL""]","[""1997"", ""2022""]",[],[],"[""Y""]",[],[],[],[],[],"[""Y""]",[],[],[],[],[],[],[],[],"[""DEPLOYMENT UNKNOWN""]","[""TEST NOT OFFERED""]",[],"[""2025-10-04T15:10:00.000""]","[""UNKNOWN""]","[""UNKNOWN""]",[],[],"[""NONE""]",[],"[""O2178674""]","[""DRIVER""]","[""UNKNOWN""]","[""USAGE UNKNOWN""]","[""M""]",[],"[""2076764""]",[],[],[],[],[],[],[],2025,10,15,4,True,afternoon,41.78,-87.76,41.78_-87.76,0.0,0,0,OTHER,0
STRAIGHT AND LEVEL,1913,2025-10-04 15:10:00,7,15,10,A6B72A1F11B12B3B7E0422E3E3A4C32240B5CC65D30781909FF718D2713AEA93BAA7E24FAFEB4E624645E925DB0CE82C2FDB15A5B825AD578EAC2967562380E0,NO INJURY / DRIVE AWAY,"OVER $1,500",NO CONTROLS,REAR END,41.9689076886,UNKNOWN,-87.6600904672,2,30,FOLLOWING TOO CLOSELY,UNKNOWN,UNKNOWN,UNABLE TO DETERMINE,W,1209,NO CONTROLS,DIVIDED - W/MEDIAN (NOT RAISED),CLEAR,0.0,0.0,0.0,0.0,0.0,1.0,1,6,[],[],"[""Y""]","[""2025-10-04T15:10:00.000""]","[""2163741"", ""2163742""]","[""FRONT"", ""REAR""]","[""IA"", ""IL""]","[""HONDA"", ""INFINITI""]","[""UNKNOWN/NA""]","[""CIVIC"", ""QX80""]","[""1"", ""5""]","[""E""]","[""1"", ""2""]","[""DRIVER""]","[""UNKNOWN""]","[""2062613"", ""2062620""]","[""PASSENGER"", ""UNKNOWN/NA""]","[""PERSONAL"", ""UNKNOWN/NA""]","[""2015"", ""2017""]",[],[],[],[],[],[],[],[],[],[],"[""4""]",[],[],[],"[""Y""]",[],"['10', '3', '31', '43', '48', '8']","[""DEPLOYMENT UNKNOWN"", ""DID NOT DEPLOY""]","[""TEST NOT OFFERED""]","[""CHICAGO"", ""CORALVILLE""]","[""2025-10-04T15:10:00.000""]","[""UNKNOWN""]","[""UNKNOWN""]",[],"[""IA"", ""IL""]","[""NONE""]",[],"[""O2163741"", ""O2163742"", ""P477502"", ""P477504"", ""P477506"", ""P477508""]","[""DRIVER"", ""PASSENGER""]","[""UNKNOWN""]","[""SAFETY BELT USED"", ""USAGE UNKNOWN""]","[""F"", ""M""]","[""IA"", ""IL""]","[""2062613"", ""2062620""]","[""52241"", ""60660""]",[],"[""12"", ""3"", ""4"", ""6""]",[],[],[],[],2025,10,15,4,True,afternoon,41.97,-87.66,41.97_-87.66,23.833333333333332,3,48,FOLLOWING TOO CLOSELY,0
STRAIGHT AND LEVEL,1622,2025-10-04 15:00:00,7,15,10,DC5BBFBEF02C580E1216DCE383111D890801EF218A02CA30B0C217F6DF61795CA410A80512D175F65AFAA605A70E87372637FAF1F87640999C656C107EB12819,NO INJURY / DRIVE AWAY,"OVER $1,500",FUNCTIONING PROPERLY,REAR END,41.9603838016,DAYLIGHT,-87.7827071915,2,30,FOLLOWING TOO CLOSELY,NO DEFECTS,DRY,UNABLE TO DETERMINE,W,6216,TRAFFIC SIGNAL,NOT DIVIDED,CLEAR,0.0,0.0,0.0,0.0,0.0,1.0,1,0,[],[],"[""Y""]","[""2025-10-04T15:00:00.000""]","[""2163587"", ""2163588""]","[""FRONT"", ""REAR""]","[""IL""]","[""CHEVROLET""]","[""SLOW/STOP IN TRAFFIC"", ""STRAIGHT AHEAD""]","[""EQUINOX"", ""TRAVERSE""]","[""1""]","[""W""]","[""1"", ""2""]","[""DRIVER""]","[""NONE""]","[""2062459"", ""2062468""]","[""PASSENGER""]","[""OTHER"", ""PERSONAL""]","[""2017"", ""2023""]",[],[],[],[],[],[],[],[],[],[],[],[],[],[],"[""Y""]",[],[],"[""DID NOT DEPLOY""]","[""TEST NOT OFFERED""]","[""CHICAGO""]","[""2025-10-04T15:00:00.000""]","[""FOLLOWED TOO CLOSELY"", ""NONE""]","[""NOT OBSCURED""]","[""D""]","[""IL""]","[""NONE""]",[],"[""O2163587"", ""O2163588""]","[""DRIVER""]","[""NORMAL""]","[""USAGE UNKNOWN""]","[""M""]","[""IL""]","[""2062459"", ""2062468""]","[""60608"", ""60656""]",[],[],[],[],[],[],2025,10,15,4,True,afternoon,41.96,-87.78,41.96_-87.78,0.0,0,0,FOLLOWING TOO CLOSELY,0
STRAIGHT AND LEVEL,614,2025-10-04 15:00:00,7,15,10,54A2F9F0FE16046C2B30BFC2589D74FDABC2ADE16519450863F753282A4D6DB400181B7C4932D2D7C53C5C2313B4D297757B6A425B1A2A74D1E87757FB9C3F86,NO INJURY / DRIVE AWAY,"OVER $1,500",NO CONTROLS,TURNING,41.7448201026,DAYLIGHT,-87.6622323924,2,20,IMPROPER OVERTAKING/PASSING,NO DEFECTS,DRY,UNABLE TO DETERMINE,S,8200,NO CONTROLS,FOUR WAY,CLEAR,0.0,1.0,1.0,0.0,0.0,1.0,1,1,"[""Y""]","[""Y""]",[],"[""2025-10-04T15:00:00.000""]","[""2163801"", ""2163802""]","[""FRONT-LEFT-CORNER"", ""SIDE-RIGHT-REAR""]","[""IL""]","[""PONTIAC"", ""SUBARU""]","[""PASSING/OVERTAKING"", ""TURNING LEFT""]","[""GRAND PRIX"", ""IMPREZA""]","[""1""]","[""E""]","[""1"", ""2""]","[""DRIVER""]","[""NONE"", ""UNKNOWN""]","[""2062670"", ""2062672""]","[""PASSENGER""]","[""PERSONAL"", ""UNKNOWN/NA""]","[""2018""]","[""Y""]","[""Y""]","[""Y""]",[],[],"[""Y""]",[],"[""Y""]","[""Y""]",[],[],"[""Y""]",[],"[""Y""]",[],[],['35'],"[""DEPLOYMENT UNKNOWN"", ""DID NOT DEPLOY""]","[""TEST NOT OFFERED""]","[""CHICAGO""]","[""2025-10-04T15:00:00.000""]","[""IMPROPER PASSING"", ""NONE""]","[""NOT OBSCURED"", ""UNKNOWN""]","[""D""]","[""IL"", ""XX""]","[""NONE""]",[],"[""O2163801"", ""O2163802""]","[""DRIVER""]","[""NORMAL"", ""UNKNOWN""]","[""USAGE UNKNOWN""]","[""M""]","[""IL""]","[""2062670"", ""2062672""]","[""60620""]",[],[],[],[],[],[],2025,10,15,4,True,afternoon,41.74,-87.66,41.74_-87.66,35.0,35,35,OTHER,0
STRAIGHT AND LEVEL,1034,2025-10-04 14:55:00,7,14,10,7DC7C3D7A548822AB174AC4CEA50534FF168D91FF42E05A0ABE3683B3D7B42FF6775D2AA4ED363DC62682F19839F5BF5D4B9E97402FFCAB16337C8DFD89875B4,NO INJURY / DRIVE AWAY,"OVER $1,500",NO CONTROLS,PARKED MOTOR VEHICLE,41.8483772349,DAYLIGHT,-87.6950723097,4,30,UNABLE TO DETERMINE,NO DEFECTS,DRY,UNABLE TO DETERMINE,W,2754,NO CONTROLS,DIVIDED - W/MEDIAN (NOT RAISED),CLEAR,0.0,1.0,0.0,0.0,0.0,1.0,2,0,[],[],[],"[""2025-10-04T14:55:00.000""]","[""2163653"", ""2163656"", ""2163657"", ""2163658""]","[""UNKNOWN""]","[""IL""]","[""HARLEY-DAVIDSON"", ""JEEP"", ""MERCURY"", ""UNKNOWN""]","[""PARKED"", ""UNKNOWN/NA""]","[""HARLEY-DAVIDSON"", ""OTHER (EXPLAIN IN NARRATIVE)"", ""WRANGLER""]","[""0"", ""1""]","[""UNKNOWN"", ""W""]","[""1"", ""2"", ""3"", ""4""]","[""DRIVER"", ""PARKED""]","[""UNKNOWN""]","[""2062517"", ""2062520"", ""2062523"", ""2062527""]","[""MOTORCYCLE (OVER 150CC)"", ""PASSENGER"", ""UNKNOWN/NA""]","[""UNKNOWN/NA""]","[""1989"", ""2006"", ""2024""]",[],"[""Y""]","[""Y""]",[],[],"[""Y""]","[""Y""]","[""Y""]","[""Y""]",[],[],[],[],"[""Y""]","[""Y""]",[],[],"[""DEPLOYMENT UNKNOWN""]","[""TEST NOT OFFERED""]",[],"[""2025-10-04T14:55:00.000""]","[""UNKNOWN""]","[""UNKNOWN""]",[],[],"[""NONE""]",[],"[""O2163653""]","[""DRIVER""]","[""UNKNOWN""]","[""USAGE UNKNOWN""]","[""X""]",[],"[""2062517""]",[],[],[],[],[],[],[],2025,10,14,4,True,afternoon,41.85,-87.7,41.85_-87.7,0.0,0,0,OTHER,0
STRAIGHT AND LEVEL,1224,2025-10-04 14:50:00,7,14,10,83244B852C7B90DB38260C7E383DCDC3E43C90A35C243C2BBDEB64088B56F10BAFAC3E0C95FEC5BF8F622C42234F1287D97B61C0F2E641A576ACC2AECF1BFDFA,NO INJURY / DRIVE AWAY,"$501 - $1,500",NO CONTROLS,SIDESWIPE SAME DIRECTION,41.8842384965,DAYLIGHT,-87.6508779091,2,30,IMPROPER BACKING,NO DEFECTS,DRY,NOT APPLICABLE,W,925,NO CONTROLS,NOT DIVIDED,CLEAR,0.0,1.0,0.0,0.0,0.0,1.0,1,0,"[""Y""]",[],[],"[""2025-10-04T14:50:00.000""]","[""2163639"", ""2163640""]","[""FRONT-LEFT-CORNER"", ""FRONT-RIGHT-CORNER""]","[""AR"", ""IL""]","[""BMW"", ""TOYOTA""]","[""BACKING"", ""STRAIGHT AHEAD""]","[""CELICA"", ""X3""]","[""1""]","[""E""]","[""1"", ""2""]","[""DRIVER""]","[""NONE""]","[""2062499"", ""2062503""]","[""PASSENGER"", ""SPORT UTILITY VEHICLE (SUV)""]","[""PERSONAL""]","[""2019""]",[],[],"[""Y""]",[],[],[],[],[],[],[],[],[],[],[],[],[],[],"[""DEPLOYMENT UNKNOWN"", ""NOT APPLICABLE""]","[""TEST NOT OFFERED""]",[],"[""2025-10-04T14:50:00.000""]","[""IMPROPER BACKING"", ""NONE""]","[""NOT OBSCURED"", ""UNKNOWN""]",[],[],"[""NONE""]",[],"[""O2163639"", ""O2163640""]","[""DRIVER""]","[""NORMAL"", ""UNKNOWN""]","[""SAFETY BELT USED"", ""USAGE UNKNOWN""]","[""M""]",[],"[""2062499"", ""2062503""]",[],[],[],[],[],[],[],2025,10,14,4,True,afternoon,41.88,-87.65,41.88_-87.65,0.0,0,0,OTHER,0
STRAIGHT AND LEVEL,933,2025-10-04 14:50:00,7,14,10,B4A3B1FA8DBBB8FC371B39974CE4F0DCE537790217B40C1F7C80CC17F9161B15F2E09DA1C78BFCC17891F1AE63A1CD5308F9CEB9944DF9E0B320461284F83AD4,NO INJURY / DRIVE AWAY,"OVER $1,500",NO CONTROLS,PARKED MOTOR VEHICLE,41.8064110594,DAYLIGHT,-87.6647647705,2,25,UNABLE TO DETERMINE,NO DEFECTS,DRY,UNABLE TO DETERMINE,S,4811,NO CONTROLS,NOT DIVIDED,CLEAR,0.0,0.0,0.0,0.0,0.0,1.0,2,2,[],"[""Y""]",[],"[""2025-10-04T14:50:00.000""]","[""2163595"", ""2163596""]","[""SIDE-LEFT"", ""SIDE-RIGHT""]","[""IL""]","[""CHEVROLET"", ""FORD""]","[""PARKED"", ""STRAIGHT AHEAD""]","[""ECONOLINE E450"", ""SILVERADO""]","[""1""]","[""N""]","[""1"", ""2""]","[""DRIVER"", ""PARKED""]","[""NONE"", ""UNKNOWN""]","[""2062466"", ""2062474""]","[""TRUCK - SINGLE UNIT""]","[""COMMERCIAL - SINGLE UNIT"", ""PERSONAL""]","[""2011"", ""2022""]","[""Y""]","[""Y""]","[""Y""]",[],[],[],[],"[""Y""]","[""Y""]",[],"[""1""]",[],[],[],[],[],"['43', '58']","[""NOT APPLICABLE""]","[""TEST NOT OFFERED""]","[""CHICAGO""]","[""2025-10-04T14:50:00.000""]","[""UNKNOWN""]","[""UNKNOWN""]","[""D""]","[""IL""]","[""NONE""]","[""REFUSED""]","[""O2163595"", ""P477465""]","[""DRIVER"", ""PASSENGER""]","[""UNKNOWN""]","[""SAFETY BELT USED"", ""USAGE UNKNOWN""]","[""F"", ""M""]","[""IL""]","[""2062466"", ""2062474""]","[""60609"", ""60629""]",[],"[""3""]",[],[],[],[],2025,10,14,4,True,afternoon,41.81,-87.66,41.81_-87.66,50.5,43,58,OTHER,0
STRAIGHT AND LEVEL,421,2025-10-04 14:48:00,7,14,10,9DAC0387CEA63A893A0350FC0F010A8F0434BB5198BE54F4D48F19E2CCDF5475CC7E7B0F072DB6AC97409718275F867E714D14DB81DD5812919B9C596CEDA610,NO INJURY / DRIVE AWAY,"OVER $1,500",NO CONTROLS,REAR END,41.7589165985,DAYLIGHT,-87.5632732031,2,30,UNABLE TO DETERMINE,UNKNOWN,UNKNOWN,UNABLE TO DETERMINE,E,2515,NO CONTROLS,NOT DIVIDED,CLEAR,0.0,0.0,0.0,0.0,0.0,1.0,1,2,[],[],"[""Y""]","[""2025-10-04T14:48:00.000""]","[""2163637"", ""2163638""]","[""FRONT"", ""REAR""]","[""IL""]","[""CHEVROLET"", ""NISSAN""]","[""STRAIGHT AHEAD""]","[""CRUZE"", ""SENTRA""]","[""1""]","[""UNKNOWN""]","[""1"", ""2""]","[""DRIVER""]","[""UNKNOWN""]","[""2062500"", ""2062511""]","[""PASSENGER""]","[""PERSONAL""]","[""2012"", ""2014""]",[],[],[],[],[],[],[],[],[],[],[],[],[],[],"[""Y""]",[],"['22', '45']","[""DEPLOYMENT UNKNOWN""]","[""TEST NOT OFFERED""]","[""CHICAGO"", ""NORTH CHICAGO""]","[""2025-10-04T14:48:00.000""]","[""FOLLOWED TOO CLOSELY"", ""UNKNOWN""]","[""UNKNOWN""]","[""D""]","[""IL""]","[""UNKNOWN""]",[],"[""O2163637"", ""O2163638""]","[""DRIVER""]","[""EMOTIONAL""]","[""USAGE UNKNOWN""]","[""F"", ""M""]","[""IL""]","[""2062500"", ""2062511""]","[""60064"", ""60628""]",[],[],[],[],[],[],2025,10,14,4,True,afternoon,41.76,-87.56,41.76_-87.56,33.5,22,45,OTHER,0