alignment,beat_of_occurrence,crash_date,crash_day_of_week,crash_hour,crash_month,crash_record_id,crash_type,damage,device_condition,first_crash_type,latitude,lighting_condition,longitude,num_units,posted_speed_limit,prim_contributory_cause,road_defect,roadway_surface_cond,sec_contributory_cause,street_direction,street_no,traffic_control_device,trafficway_type,weather_condition,private_property_i,hit_and_run_i,intersection_related_i,crash_date_est_i,work_zone_i,workers_present_i,veh_count,ppl_count,veh_area_01_i_list_json,veh_area_02_i_list_json,veh_area_12_i_list_json,veh_crash_date_list_json,veh_crash_unit_id_list_json,veh_first_contact_point_list_json,veh_lic_plate_state_list_json,veh_make_list_json,veh_maneuver_list_json,veh_model_list_json,veh_occupant_cnt_list_json,veh_travel_direction_list_json,veh_unit_no_list_json,veh_unit_type_list_json,veh_vehicle_defect_list_json,veh_vehicle_id_list_json,veh_vehicle_type_list_json,veh_vehicle_use_list_json,veh_vehicle_year_list_json,veh_area_03_i_list_json,veh_area_04_i_list_json,veh_area_11_i_list_json,veh_towed_by_list_json,veh_towed_i_list_json,veh_area_07_i_list_json,veh_area_99_i_list_json,veh_area_09_i_list_json,veh_area_10_i_list_json,veh_cmrc_veh_i_list_json,veh_num_passengers_list_json,veh_area_08_i_list_json,veh_area_00_i_list_json,veh_area_05_i_list_json,veh_area_06_i_list_json,veh_towed_to_list_json,ppl_age_list_json,ppl_airbag_deployed_list_json,ppl_bac_result_list_json,ppl_city_list_json,ppl_crash_date_list_json,ppl_driver_action_list_json,ppl_driver_vision_list_json,ppl_drivers_license_class_list_json,ppl_drivers_license_state_list_json,ppl_ejection_list_json,ppl_hospital_list_json,ppl_person_id_list_json,ppl_person_type_list_json,ppl_physical_condition_list_json,ppl_safety_equipment_list_json,ppl_sex_list_json,ppl_state_list_json,ppl_vehicle_id_list_json,ppl_zipcode_list_json,ppl_ems_agency_list_json,ppl_seat_no_list_json,ppl_pedpedal_action_list_json,ppl_pedpedal_location_list_json,ppl_pedpedal_visibility_list_json,ppl_ems_run_no_list_json,year,month,hour,day,is_weekend,hour_bin,lat_bin,lng_bin,grid_id,ppl_age_mean,ppl_age_min,ppl_age_max,prim_contributory_cause_group,ksi_flag
STRAIGHT AND LEVEL,832,2025-10-04 14:45:00,7,14,10,7D01B1D8120E1D58104FB39B5B05F5F6EDD06EFEB9596AEAD1C489DF024253A8DC3C7452158C032B0BBD4AB75FB23FE27BE9AAF4C9DAFD5252074AB432B851C4,NO INJURY / DRIVE AWAY,"$501 - $1,500",OTHER,REAR END,41.7736773168,DAYLIGHT,-87.6835660936,2,30,FAILING TO YIELD RIGHT-OF-WAY,NO DEFECTS,DRY,UNABLE TO DETERMINE,W,2401,STOP SIGN/FLASHER,FOUR WAY,CLEAR,0.0,0.0,0.0,0.0,0.0,1.0,1,1,[],[],"[""Y""]","[""2025-10-04T14:45:00.000""]","[""2163581"", ""2163582""]","[""FRONT"", ""REAR""]","[""IL""]","[""CHEVROLET"", ""JEEP""]","[""SLOW/STOP IN TRAFFIC"", ""STRAIGHT AHEAD""]","[""OTHER (EXPLAIN IN NARRATIVE)"", ""PATRIOT""]","[""1"", ""3""]","[""E""]","[""1"", ""2""]","[""DRIVER""]","[""UNKNOWN""]","[""2062446"", ""2062453""]","[""PASSENGER"", ""SPORT UTILITY VEHICLE (SUV)""]","[""PERSONAL"", ""UNKNOWN/NA""]","[""2016""]",[],[],[],[],[],[],[],[],[],[],"[""2""]",[],[],[],"[""Y""]",[],['62'],"[""DID NOT DEPLOY""]","[""TEST NOT OFFERED""]","[""CHICAGO"", ""UNKNOWN""]","[""2025-10-04T14:45:00.000""]","[""FAILED TO YIELD"", ""OTHER""]","[""NOT OBSCURED""]","[""B""]","[""IL"", ""XX""]","[""NONE""]",[],"[""O2163581"", ""O2163582"", ""P477457"", ""P477458""]","[""DRIVER"", ""PASSENGER""]","[""NORMAL""]","[""SAFETY BELT USED""]","[""F"", ""M"", ""X""]","[""IL"", ""XX""]","[""2062446"", ""2062453""]","[""60629""]",[],"[""2"", ""5""]",[],[],[],[],2025,10,14,4,True,afternoon,41.77,-87.68,41.77_-87.68,62.0,62,62,FAILURE-TO-YIELD,0
STRAIGHT AND LEVEL,912,2025-10-04 14:40:00,7,14,10,83622532EE1D9F657F3A2BA016219A72C57D14F296EB21B9DCABFFE06B7C508CB2EBE217B0B400521755F6428ADFAC448193FB3CD339109E61DDBD0CEAAA2F9F,NO INJURY / DRIVE AWAY,"OVER $1,500",NO CONTROLS,REAR END,41.8318307302,DAYLIGHT,-87.675527192,2,30,UNABLE TO DETERMINE,NO DEFECTS,DRY,UNABLE TO DETERMINE,S,3414,NO CONTROLS,NOT DIVIDED,CLEAR,0.0,0.0,0.0,0.0,0.0,1.0,1,4,"[""Y""]",[],"[""Y""]","[""2025-10-04T14:40:00.000""]","[""2163567"", ""2163568""]","[""FRONT"", ""REAR""]","[""IL""]","[""TOYOTA"", ""VOLKSWAGEN""]","[""STRAIGHT AHEAD""]","[""JETTA"", ""RAV4""]","[""1"", ""3""]","[""N""]","[""1"", ""2""]","[""DRIVER""]","[""UNKNOWN""]","[""2062440"", ""2062452""]","[""PASSENGER""]","[""PERSONAL""]","[""2007"", ""2023""]",[],[],"[""Y""]",[],[],"[""Y""]",[],[],[],[],"[""2""]",[],[],"[""Y""]","[""Y""]",[],"['3', '31', '32', '4']","[""NOT APPLICABLE""]","[""TEST NOT OFFERED""]","[""CHICAGO""]","[""2025-10-04T14:40:00.000""]","[""NONE"", ""UNKNOWN""]","[""NOT OBSCURED""]","[""D""]","[""IL""]","[""NONE""]",[],"[""O2163567"", ""O2163568"", ""P477453"", ""P477454""]","[""DRIVER"", ""PASSENGER""]","[""NORMAL""]","[""SAFETY BELT USED""]","[""F"", ""M""]","[""IL""]","[""2062440"", ""2062452""]","[""60609"", ""60632""]",[],"[""4"", ""6""]",[],[],[],[],2025,10,14,4,True,afternoon,41.83,-87.68,41.83_-87.68,17.5,3,32,OTHER,0
STRAIGHT AND LEVEL,815,2025-10-04 14:36:00,7,14,10,FF13536499EECD1C6CC143BC659021A14C2DCBD467E6B7F498A9397B987C9C92C0A4F7EC97E9D4718B0A1013BE81D06A073E5A43741D8F1F09FFE1F1D25698C6,NO INJURY / DRIVE AWAY,"OVER $1,500",NO CONTROLS,REAR END,41.8069628997,DAYLIGHT,-87.7298268038,2,30,FOLLOWING TOO CLOSELY,NO DEFECTS,DRY,IMPROPER LANE USAGE,S,4726,NO CONTROLS,ONE-WAY,CLEAR,0.0,1.0,0.0,0.0,0.0,1.0,1,2,"[""Y""]","[""Y""]","[""Y""]","[""2025-10-04T14:36:00.000""]","[""2163627"", ""2163628""]","[""FRONT-RIGHT-CORNER"", ""UNKNOWN""]","[""IL""]","[""ACURA"", ""CHEVROLET""]","[""DRIVING WRONG WAY"", ""STRAIGHT AHEAD""]","[""ASTRO"", ""TLX""]","[""1""]","[""N""]","[""1"", ""2""]","[""DRIVER""]","[""UNKNOWN""]","[""2062497"", ""2062518""]","[""PASSENGER"", ""VAN/MINI-VAN""]","[""PERSONAL"", ""UNKNOWN/NA""]","[""2013""]",[],[],[],[],[],[],"[""Y""]",[],[],[],[],[],[],[],[],[],"['20', '26']","[""DEPLOYMENT UNKNOWN"", ""NOT APPLICABLE""]","[""TEST NOT OFFERED""]","[""HODGKINS""]","[""2025-10-04T14:36:00.000""]","[""FOLLOWED TOO CLOSELY"", ""NONE""]","[""UNKNOWN""]","[""D""]","[""IL""]","[""NONE"", ""UNKNOWN""]",[],"[""O2163627"", ""O2163628""]","[""DRIVER""]","[""NORMAL"", ""UNKNOWN""]","[""USAGE UNKNOWN""]","[""M""]","[""IL""]","[""2062497"", ""2062518""]","[""60525""]",[],[],[],[],[],[],2025,10,14,4,True,afternoon,41.81,-87.73,41.81_-87.73,23.0,20,26,FOLLOWING TOO CLOSELY,0
STRAIGHT AND LEVEL,1834,2025-10-04 14:36:00,7,14,10,FB3E8200CB8D51C2F42A43643AC0510DB83D94725BE9C0D7D62479FD48097F18BF4E4BA19458F1CF5076C7E5A55ED25919887FAC4709E616CFE483735B747BF6,NO INJURY / DRIVE AWAY,"OVER $1,500",NO CONTROLS,SIDESWIPE SAME DIRECTION,41.8902191422,DAYLIGHT,-87.6194586634,2,30,IMPROPER LANE USAGE,NO DEFECTS,DRY,NOT APPLICABLE,N,455,NO CONTROLS,NOT DIVIDED,CLEAR,0.0,0.0,0.0,0.0,0.0,1.0,1,3,"[""Y""]",[],[],"[""2025-10-04T14:36:00.000""]","[""2163603"", ""2163604""]","[""FRONT-LEFT-CORNER"", ""FRONT-RIGHT-CORNER""]","[""AZ"", ""IL""]","[""HONDA"", ""TOYOTA""]","[""CHANGING LANES"", ""STRAIGHT AHEAD""]","[""ACCORD"", ""CAMRY""]","[""1"", ""2""]","[""S""]","[""1"", ""2""]","[""DRIVER""]","[""NONE""]","[""2062515"", ""2062541""]","[""PASSENGER""]","[""PERSONAL""]","[""2018"", ""2022""]",[],[],"[""Y""]",[],[],[],[],[],[],[],"[""1""]",[],[],[],[],[],"['23', '25', '54']","[""NOT APPLICABLE""]","[""TEST NOT OFFERED""]","[""CHICAGO""]","[""2025-10-04T14:36:00.000""]","[""IMPROPER LANE CHANGE"", ""NONE""]","[""NOT OBSCURED""]",[],"[""IL""]","[""NONE"", ""UNKNOWN""]",[],"[""O2163603"", ""O2163604"", ""P477483""]","[""DRIVER"", ""PASSENGER""]","[""NORMAL""]","[""SAFETY BELT USED""]","[""F"", ""M""]","[""IL""]","[""2062515"", ""2062541""]","[""60632"", ""60645""]",[],"[""3""]",[],[],[],[],2025,10,14,4,True,afternoon,41.89,-87.62,41.89_-87.62,34.0,23,54,OTHER,0
STRAIGHT AND LEVEL,612,2025-10-04 14:35:00,7,14,10,987C202A30938D81A95E7D2988C245818A3A992B8FF5CBEB0358713E2C7C3BBD808BA5847CE7E865461E5C9FC75DEBCA29479802F644AB2C3F4BD6D045CB79C4,NO INJURY / DRIVE AWAY,"OVER $1,500",NO CONTROLS,ANGLE,41.7565454141,DAYLIGHT,-87.6634438529,2,30,FAILING TO YIELD RIGHT-OF-WAY,NO DEFECTS,DRY,FAILING TO YIELD RIGHT-OF-WAY,S,7535,NO CONTROLS,PARKING LOT,CLEAR,0.0,0.0,0.0,0.0,0.0,1.0,1,2,[],[],[],"[""2025-10-04T14:35:00.000""]","[""2164095"", ""2164096""]","[""REAR"", ""SIDE-RIGHT-REAR""]","[""IL""]","[""CHEVROLET"", ""NISSAN""]","[""BACKING"", ""STRAIGHT AHEAD""]","[""IMPALA"", ""SENTRA""]","[""1""]","[""S"", ""W""]","[""1"", ""2""]","[""DRIVER""]","[""NONE""]","[""2062938"", ""2062942""]","[""PASSENGER""]","[""PERSONAL""]","[""2015"", ""2017""]",[],"[""Y""]",[],[],[],[],[],[],[],[],[],[],[],"[""Y""]","[""Y""]",[],"['51', '71']","[""NOT APPLICABLE""]","[""TEST NOT OFFERED""]","[""CHICAGO""]","[""2025-10-04T14:35:00.000""]","[""IMPROPER BACKING"", ""NONE""]","[""NOT OBSCURED""]","[""D""]","[""IL""]","[""NONE""]",[],"[""O2164095"", ""O2164096""]","[""DRIVER""]","[""NORMAL""]","[""SAFETY BELT USED""]","[""F"", ""M""]","[""IL""]","[""2062938"", ""2062942""]","[""60619"", ""60621""]",[],[],[],[],[],[],2025,10,14,4,True,afternoon,41.76,-87.66,41.76_-87.66,61.0,51,71,FAILURE-TO-YIELD,0
STRAIGHT AND LEVEL,1224,2025-10-04 14:35:00,7,14,10,B1A375E05827A300DFB75C3A474E0D8CB83DF196013EBEDF014E20A7734B4B8C455AF8CC9DAD03EBE8360C337351929D9DD8F04ECDD5A3546DEDCF80E323128A,NO INJURY / DRIVE AWAY,"OVER $1,500",NO CONTROLS,ANGLE,41.8819065463,DAYLIGHT,-87.6458265255,2,30,FAILING TO YIELD RIGHT-OF-WAY,NO DEFECTS,DRY,FAILING TO YIELD RIGHT-OF-WAY,W,704,NO CONTROLS,OTHER,CLEAR,0.0,0.0,1.0,0.0,0.0,1.0,1,2,"[""Y""]","[""Y""]","[""Y""]","[""2025-10-04T14:35:00.000""]","[""2163654"", ""2163655""]","[""FRONT-LEFT-CORNER"", ""FRONT-RIGHT-CORNER""]","[""IL""]","[""CHEVROLET"", ""VOLKSWAGEN""]","[""STRAIGHT AHEAD""]","[""JETTA"", ""MALIBU""]","[""1""]","[""E"", ""N""]","[""1"", ""2""]","[""DRIVER""]","[""NONE"", ""UNKNOWN""]","[""2062532"", ""2062536""]","[""PASSENGER""]","[""PERSONAL""]","[""2007"", ""2016""]",[],[],[],[],[],[],[],[],[],[],[],[],[],[],[],[],"['20', '25']","[""NOT APPLICABLE""]","[""TEST NOT OFFERED""]","[""PLAINFIELD"", ""SKOKIE""]","[""2025-10-04T14:35:00.000""]","[""FAILED TO YIELD"", ""NONE""]","[""NOT OBSCURED""]",[],"[""IL""]","[""NONE""]",[],"[""O2163654"", ""O2163655""]","[""DRIVER""]","[""NORMAL""]","[""USAGE UNKNOWN""]","[""F""]","[""IL""]","[""2062532"", ""2062536""]","[""60076"", ""60586""]",[],[],[],[],[],[],2025,10,14,4,True,afternoon,41.88,-87.65,41.88_-87.65,22.5,20,25,FAILURE-TO-YIELD,0
STRAIGHT AND LEVEL,915,2025-10-04 14:35:00,7,14,10,A87CC92B587E31F7E0688435AC4B32D92F26A963C948EAA49B3A9902EE463A79FB7FF23743F5E9786F31ED833AAFC30A1A7BA8C49E0A447748E182A3B834B8E1,NO INJURY / DRIVE AWAY,"OVER $1,500",NO CONTROLS,PARKED MOTOR VEHICLE,41.838066711,DAYLIGHT,-87.6360182828,2,10,UNABLE TO DETERMINE,NO DEFECTS,DRY,NOT APPLICABLE,W,349,NO CONTROLS,ALLEY,CLEAR,0.0,1.0,0.0,0.0,0.0,1.0,2,1,[],[],"[""Y""]","[""2025-10-04T14:35:00.000""]","[""2163609"", ""2163610""]","[""FRONT"", ""REAR""]","[""IL""]","[""BUICK"", ""KIA""]","[""PARKED"", ""STRAIGHT AHEAD""]","[""ENCORE"", ""OTHER (EXPLAIN IN NARRATIVE)""]","[""1""]","[""N""]","[""1"", ""2""]","[""DRIVER"", ""PARKED""]","[""NONE"", ""UNKNOWN""]","[""2062481"", ""2062489""]","[""PASSENGER"", ""SPORT UTILITY VEHICLE (SUV)""]","[""PERSONAL"", ""UNKNOWN/NA""]","[""2021"", ""2025""]",[],[],[],[],[],[],[],[],[],[],"[""1""]",[],[],[],"[""Y""]",[],['27'],"[""DEPLOYMENT UNKNOWN"", ""DID NOT DEPLOY""]","[""TEST NOT OFFERED""]","[""CHICAGO""]","[""2025-10-04T14:35:00.000""]","[""OTHER""]","[""UNKNOWN""]",[],[],"[""NONE""]",[],"[""O2163609"", ""P477471""]","[""DRIVER"", ""PASSENGER""]","[""UNKNOWN""]","[""SAFETY BELT USED"", ""USAGE UNKNOWN""]","[""F""]","[""IL""]","[""2062481"", ""2062489""]","[""60639""]",[],"[""1""]",[],[],[],[],2025,10,14,4,True,afternoon,41.84,-87.64,41.84_-87.64,27.0,27,27,OTHER,0
STRAIGHT AND LEVEL,321,2025-10-04 14:30:00,7,14,10,BA3885F4A765B1777914582012ADD3F363FEE14A2B3669CEC58184D58235174E9D8408271538FE5CFA0C40677FBF31F3FD4460B6D0763BBA0D5EBA3A002739B5,NO INJURY / DRIVE AWAY,"OVER $1,500",NO CONTROLS,REAR END,41.7673771369,DAYLIGHT,-87.6074760663,2,30,FOLLOWING TOO CLOSELY,UNKNOWN,DRY,NOT APPLICABLE,S,7033,NO CONTROLS,NOT DIVIDED,CLEAR,0.0,0.0,0.0,0.0,0.0,1.0,1,3,[],[],[],"[""2025-10-04T14:30:00.000""]","[""2163569"", ""2163570""]","[""FRONT"", ""REAR""]","[""IL""]","[""HONDA"", ""KIA""]","[""STRAIGHT AHEAD""]","[""CIVIC"", ""SPORTAGE""]","[""1"", ""2""]","[""S""]","[""1"", ""2""]","[""DRIVER""]","[""NONE"", ""UNKNOWN""]","[""2062451"", ""2062460""]","[""PASSENGER""]","[""PERSONAL""]","[""2005"", ""2023""]",[],[],[],[],[],"[""Y""]",[],[],[],[],"[""1""]",[],[],"[""Y""]","[""Y""]",[],"['13', '32', '51']","[""DID NOT DEPLOY""]","[""TEST NOT OFFERED""]","[""CHICAGO"", ""GLENDALE HEIGHTS""]","[""2025-10-04T14:30:00.000""]","[""NONE""]","[""NOT OBSCURED""]",[],"[""IL""]","[""NONE""]",[],"[""O2163569"", ""O2163570"", ""P477463""]","[""DRIVER"", ""PASSENGER""]","[""NORMAL""]","[""USAGE UNKNOWN""]","[""F"", ""M""]","[""IL""]","[""2062451"", ""2062460""]","[""60139"", ""60637""]",[],"[""5""]",[],[],[],[],2025,10,14,4,True,afternoon,41.77,-87.61,41.77_-87.61,32.0,13,51,FOLLOWING TOO CLOSELY,0
STRAIGHT AND LEVEL,225,2025-10-04 14:30:00,7,14,10,E866C7CB90653BA8096AD6DA4013529F507E5EA48C8758D0058CF7F90F68AD7B36EACD5B1C11FF755A98606EA54DDEC7840EDB1E01158E8C14BDD227AAFC7531,NO INJURY / DRIVE AWAY,"OVER $1,500",NO CONTROLS,ANGLE,41.8736407663,DAYLIGHT,-87.6723897727,2,30,UNABLE TO DETERMINE,UNKNOWN,DRY,UNABLE TO DETERMINE,S,5100,NO CONTROLS,UNKNOWN,CLEAR,0.0,1.0,0.0,0.0,0.0,1.0,1,1,"[""Y""]","[""Y""]",[],"[""2025-10-04T14:30:00.000""]","[""2163611"", ""2163612""]","[""SIDE-RIGHT"", ""UNKNOWN""]","[""IL""]","[""JEEP"", ""UNKNOWN""]","[""UNKNOWN/NA""]","[""COMPASS"", ""OTHER (EXPLAIN IN NARRATIVE)""]","[""1""]","[""UNKNOWN""]","[""1"", ""2""]","[""DRIVER""]","[""UNKNOWN""]","[""2062488"", ""2062524""]","[""UNKNOWN/NA""]","[""UNKNOWN/NA""]","[""2025""]","[""Y""]",[],[],[],[],[],"[""Y""]",[],[],[],[],[],[],[],[],[],['31'],"[""DEPLOYMENT UNKNOWN"", ""NOT APPLICABLE""]","[""TEST NOT OFFERED""]","[""CHICAGO""]","[""2025-10-04T14:30:00.000""]","[""UNKNOWN""]","[""UNKNOWN""]","[""D""]","[""IL""]","[""NONE""]",[],"[""O2163611"", ""O2163612""]","[""DRIVER""]","[""NORMAL"", ""UNKNOWN""]","[""SAFETY BELT USED"", ""USAGE UNKNOWN""]","[""F"", ""X""]","[""IL""]","[""2062488"", ""2062524""]","[""60649""]",[],[],[],[],[],[],2025,10,14,4,True,afternoon,41.87,-87.67,NAN_NAN,31.0,31,31,OTHER,0
STRAIGHT AND LEVEL,1722,2025-10-04 14:25:00,7,14,10,829A3F307AB53D1733A5AE12F7B44C14002B671FBC1E73C726824DB23C5B00823B2157B23683AB2C3EAE959100A8F8D92C68180DEB68BB6BBB9D0E53EF5FC480,NO INJURY / DRIVE AWAY,"OVER $1,500",NO CONTROLS,TURNING,41.9550989425,DAYLIGHT,-87.727805704,2,30,FAILING TO YIELD RIGHT-OF-WAY,NO DEFECTS,DRY,NOT APPLICABLE,N,4048,NO CONTROLS,NOT DIVIDED,CLEAR,0.0,0.0,0.0,0.0,0.0,1.0,1,3,"[""Y""]",[],"[""Y""]","[""2025-10-04T14:25:00.000""]","[""2163577"", ""2163578""]","[""FRONT-LEFT-CORNER"", ""FRONT-RIGHT-CORNER""]","[""IL""]","[""CHEVROLET"", ""NISSAN""]","[""STRAIGHT AHEAD"", ""TURNING LEFT""]","[""ALTIMA"", ""EQUINOX""]","[""1"", ""2""]","[""NE"", ""S""]","[""1"", ""2""]","[""DRIVER""]","[""NONE""]","[""2062444"", ""2062470""]","[""PASSENGER""]","[""PERSONAL""]","[""2014"", ""2018""]",[],[],"[""Y""]",[],[],[],[],[],"[""Y""]",[],"[""1""]",[],[],[],[],[],"['32', '38', '7']","[""NOT APPLICABLE""]","[""TEST NOT OFFERED""]","[""CHICAGO""]","[""2025-10-04T14:25:00.000""]","[""NONE""]","[""NOT OBSCURED""]","[""D""]","[""IL""]","[""NONE""]","[""DNA""]","[""O2163577"", ""O2163578"", ""P477456""]","[""DRIVER"", ""PASSENGER""]","[""NORMAL""]","[""SAFETY BELT USED""]","[""F"", ""M""]","[""IL""]","[""2062444"", ""2062470""]","[""60613"", ""60625""]","[""DNA""]","[""6""]",[],[],[],"[""DNA""]",2025,10,14,4,True,afternoon,41.96,-87.73,41.96_-87.73,25.666666666666668,7,38,FAILURE-TO-YIELD,0
STRAIGHT AND LEVEL,132,2025-10-04 14:25:00,7,14,10,4DE7E9BB0560360B163AEF0AD40E325C71EF0F3B2B51BE3C41F24DDFDF2185AAAD9EA6BA5CB53C9E4CFDC739500621611AACEFDC45F31264B308F57DCD4CE837,INJURY AND / OR TOW DUE TO CRASH,"OVER $1,500",FUNCTIONING PROPERLY,PEDALCYCLIST,41.860333658,DAYLIGHT,-87.6240471213,2,30,DISREGARDING TRAFFIC SIGNALS,UNKNOWN,UNKNOWN,DISREGARDING TRAFFIC SIGNALS,E,100,TRAFFIC SIGNAL,FOUR WAY,CLEAR,0.0,0.0,1.0,0.0,0.0,1.0,2,2,"[""Y""]",[],"[""Y""]","[""2025-10-04T14:25:00.000""]","[""2163673"", ""2163674""]","[""FRONT""]","[""IL""]","[""HYUNDAI""]","[""STRAIGHT AHEAD""]","[""SANTA FE""]","[""1""]","[""W""]","[""1"", ""2""]","[""BICYCLE"", ""DRIVER""]","[""UNKNOWN""]","[""2062557""]","[""PASSENGER""]","[""PERSONAL""]","[""2021""]",[],[],"[""Y""]",[],[],[],"[""N""]",[],[],[],[],[],[],[],[],[],"['30', '43']","[""DEPLOYMENT UNKNOWN""]","[""TEST NOT OFFERED""]","[""CHICAGO""]","[""2025-10-04T14:25:00.000""]","[""DISREGARDED CONTROL DEVICES"", ""NONE""]","[""UNKNOWN""]","[""D""]","[""IL""]","[""NONE"", ""TOTALLY EJECTED""]","[""NORTHWESTERN MEMORIAL HOSPITAL""]","[""O2163673"", ""O2163674""]","[""BICYCLE"", ""DRIVER""]","[""NORMAL"", ""UNKNOWN""]","[""HELMET NOT USED"", ""USAGE UNKNOWN""]","[""M""]","[""IL""]","[""2062557""]","[""60605"", ""60621""]","[""CFD""]",[],"[""CROSSING - AGAINST SIGNAL""]","[""IN ROADWAY""]","[""NO CONTRASTING CLOTHING""]",[],2025,10,14,4,True,afternoon,41.86,-87.62,41.86_-87.62,36.5,30,43,OTHER,1
STRAIGHT AND LEVEL,2534,2025-10-04 14:20:00,7,14,10,F84F22751E3A277DB9208891247D4EF26A721C2CCB18F6BB4D630F4C3E1D7D55712021AA35DC33549814B06EC2E76E56A75A40220330724C5106573920954543,NO INJURY / DRIVE AWAY,"$501 - $1,500",FUNCTIONING PROPERLY,REAR END,41.9044851488,UNKNOWN,-87.728669461,2,30,UNABLE TO DETERMINE,UNKNOWN,UNKNOWN,UNABLE TO DETERMINE,N,1301,STOP SIGN/FLASHER,DIVIDED - W/MEDIAN (NOT RAISED),CLEAR,0.0,0.0,1.0,0.0,0.0,1.0,1,1,[],[],[],"[""2025-10-04T14:20:00.000""]","[""2163749"", ""2163750""]","[""REAR"", ""UNKNOWN""]","[""IL""]","[""JEEP"", ""KIA""]","[""STRAIGHT AHEAD"", ""UNKNOWN/NA""]","[""FORTE"", ""JEEP""]","[""1"", ""6""]","[""S"", ""UNKNOWN""]","[""1"", ""2""]","[""DRIVER""]","[""UNKNOWN""]","[""2062639"", ""2062644""]","[""PASSENGER""]","[""UNKNOWN/NA""]","[""2006"", ""2023""]",[],[],[],[],[],[],"[""Y""]",[],[],[],"[""5""]",[],[],[],"[""Y""]",[],['36'],"[""NOT APPLICABLE""]","[""TEST NOT OFFERED""]","[""CHICAGO""]","[""2025-10-04T14:20:00.000""]","[""UNKNOWN""]","[""UNKNOWN""]","[""D""]","[""IL""]","[""NONE""]",[],"[""O2163749"", ""O2163750"", ""P477512"", ""P477513"", ""P477516"", ""P477517"", ""P477518""]","[""DRIVER"", ""PASSENGER""]","[""UNKNOWN""]","[""SHOULD/LAP BELT USED IMPROPERLY"", ""USAGE UNKNOWN""]","[""F"", ""M"", ""X""]","[""IL""]","[""2062639"", ""2062644""]","[""60607""]",[],"[""10"", ""11"", ""2"", ""4"", ""5""]",[],[],[],[],2025,10,14,4,True,afternoon,41.9,-87.73,41.9_-87.73,36.0,36,36,OTHER,0
STRAIGHT AND LEVEL,1032,2025-10-04 14:20:00,7,14,10,9D1C24F78032166EC34456C75B2D4017DCF1C736EB845C34C6C9631B08DF64F58FA02721B264CC0844B7A16449B082879ADA317B7A52D5D171605AC1C0CE2F00,INJURY AND / OR TOW DUE TO CRASH,"OVER $1,500",NO CONTROLS,PARKED MOTOR VEHICLE,41.8372346307,UNKNOWN,-87.710870769,3,30,UNABLE TO DETERMINE,NO DEFECTS,UNKNOWN,NOT APPLICABLE,W,3430,NO CONTROLS,NOT DIVIDED,CLEAR,0.0,1.0,0.0,0.0,0.0,1.0,2,0,"[""Y""]","[""Y""]","[""Y""]","[""2025-10-04T14:20:00.000""]","[""2167516"", ""2167517"", ""2167518""]","[""REAR"", ""UNKNOWN""]","[""IL""]","[""CHEVROLET"", ""KIA""]","[""PARKED"", ""UNKNOWN/NA""]","[""EQUINOX"", ""FORTE"", ""TRAVERSE""]","[""0"", ""1""]","[""E"", ""UNKNOWN"", ""W""]","[""1"", ""2"", ""3""]","[""DRIVER"", ""PARKED""]","[""NONE"", ""UNKNOWN""]","[""2066146"", ""2066147"", ""2066148""]","[""SPORT UTILITY VEHICLE (SUV)"", ""UNKNOWN/NA""]","[""PERSONAL"", ""UNKNOWN/NA""]","[""2010"", ""2013"", ""2025""]","[""Y""]",[],"[""Y""]","[""OWNER""]","[""Y""]","[""Y""]","[""Y""]",[],[],[],[],"[""Y""]",[],"[""Y""]","[""Y""]",[],[],"[""DEPLOYMENT UNKNOWN""]","[""TEST NOT OFFERED""]",[],"[""2025-10-04T14:20:00.000""]","[""UNKNOWN""]","[""UNKNOWN""]",[],[],"[""NONE""]",[],"[""O2167516""]","[""DRIVER""]","[""UNKNOWN""]","[""USAGE UNKNOWN""]","[""X""]",[],"[""2066146""]",[],[],[],[],[],[],[],2025,10,14,4,True,afternoon,41.84,-87.71,41.84_-87.71,0.0,0,0,OTHER,0
STRAIGHT AND LEVEL,1032,2025-10-04 14:15:00,7,14,10,AE06B2FE5B6403E23F6A075435333D01DD548EEEB22308E75144810D413DBE31BBE17BFCD14DA7D8FB568B0E3406DBC8141E13D2EB5E1CFB9CEB4850B4A08E9D,NO INJURY / DRIVE AWAY,"OVER $1,500",NO CONTROLS,PARKED MOTOR VEHICLE,41.8443184369,DAYLIGHT,-87.7115268715,2,25,UNABLE TO DETERMINE,NO DEFECTS,DRY,UNABLE TO DETERMINE,W,3441,NO CONTROLS,NOT DIVIDED,CLEAR,0.0,1.0,0.0,0.0,0.0,1.0,2,1,"[""Y""]","[""Y""]",[],"[""2025-10-04T14:15:00.000""]","[""2163537"", ""2163538""]","[""SIDE-LEFT"", ""SIDE-RIGHT""]","[""IL""]","[""GENERAL MOTORS CORPORATION (GMC)"", ""NISSAN""]","[""PARKED"", ""STRAIGHT AHEAD""]","[""ACADIA"", ""VERSA""]","[""1"", ""2""]","[""E""]","[""1"", ""2""]","[""DRIVER"", ""PARKED""]","[""NONE""]","[""2062414"", ""2062418""]","[""PASSENGER""]","[""PERSONAL""]","[""2009"", ""2021""]","[""Y""]",[],"[""Y""]",[],[],[],[],"[""Y""]","[""Y""]",[],"[""2""]",[],[],[],[],[],['12'],"[""DEPLOYMENT UNKNOWN"", ""NOT APPLICABLE""]","[""TEST NOT OFFERED""]","[""EVERGREEN PARK""]","[""2025-10-04T14:15:00.000""]","[""UNKNOWN""]","[""UNKNOWN""]",[],[],"[""NONE""]",[],"[""O2163537"", ""P477446"", ""P477449""]","[""DRIVER"", ""PASSENGER""]","[""UNKNOWN""]","[""SAFETY BELT NOT USED"", ""SAFETY BELT USED"", ""USAGE UNKNOWN""]","[""F"", ""M""]","[""IL""]","[""2062414"", ""2062418""]","[""60805""]",[],"[""1"", ""12""]",[],[],[],[],2025,10,14,4,True,afternoon,41.84,-87.71,41.84_-87.71,12.0,12,12,OTHER,0