alignment,beat_of_occurrence,crash_date,crash_day_of_week,crash_hour,crash_month,crash_record_id,crash_type,damage,device_condition,first_crash_type,latitude,lighting_condition,longitude,num_units,posted_speed_limit,prim_contributory_cause,road_defect,roadway_surface_cond,sec_contributory_cause,street_direction,street_no,traffic_control_device,trafficway_type,weather_condition,private_property_i,hit_and_run_i,intersection_related_i,crash_date_est_i,work_zone_i,workers_present_i,veh_count,ppl_count,veh_area_01_i_list_json,veh_area_02_i_list_json,veh_area_12_i_list_json,veh_crash_date_list_json,veh_crash_unit_id_list_json,veh_first_contact_point_list_json,veh_lic_plate_state_list_json,veh_make_list_json,veh_maneuver_list_json,veh_model_list_json,veh_occupant_cnt_list_json,veh_travel_direction_list_json,veh_unit_no_list_json,veh_unit_type_list_json,veh_vehicle_defect_list_json,veh_vehicle_id_list_json,veh_vehicle_type_list_json,veh_vehicle_use_list_json,veh_vehicle_year_list_json,veh_area_03_i_list_json,veh_area_04_i_list_json,veh_area_11_i_list_json,veh_towed_by_list_json,veh_towed_i_list_json,veh_area_07_i_list_json,veh_area_99_i_list_json,veh_area_09_i_list_json,veh_area_10_i_list_json,veh_cmrc_veh_i_list_json,veh_num_passengers_list_json,veh_area_08_i_list_json,veh_area_00_i_list_json,veh_area_05_i_list_json,veh_area_06_i_list_json,veh_towed_to_list_json,ppl_age_list_json,ppl_airbag_deployed_list_json,ppl_bac_result_list_json,ppl_city_list_json,ppl_crash_date_list_json,ppl_driver_action_list_json,ppl_driver_vision_list_json,ppl_drivers_license_class_list_json,ppl_drivers_license_state_list_json,ppl_ejection_list_json,ppl_hospital_list_json,ppl_person_id_list_json,ppl_person_type_list_json,ppl_physical_condition_list_json,ppl_safety_equipment_list_json,ppl_sex_list_json,ppl_state_list_json,ppl_vehicle_id_list_json,ppl_zipcode_list_json,ppl_ems_agency_list_json,ppl_seat_no_list_json,ppl_pedpedal_action_list_json,ppl_pedpedal_location_list_json,ppl_pedpedal_visibility_list_json,ppl_ems_run_no_list_json,year,month,hour,day,is_weekend,hour_bin,lat_bin,lng_bin,grid_id,ppl_age_mean,ppl_age_min,ppl_age_max,prim_contributory_cause_group,ksi_flag
STRAIGHT AND LEVEL,123,2025-10-04 14:15:00,7,14,10,E126F678B876B1CFF347A100B5BCAEDA5D6EC8CF0A75958D3FE4AB8E67D84B4E5257ABFF843C730DD57A16996C678653C4D2435379B2587FA810725607C4287F,NO INJURY / DRIVE AWAY,"OVER $1,500",FUNCTIONING PROPERLY,SIDESWIPE SAME DIRECTION,41.8727988694,DAYLIGHT,-87.6243378103,2,30,UNABLE TO DETERMINE,UNKNOWN,DRY,UNABLE TO DETERMINE,S,720,TRAFFIC SIGNAL,DIVIDED - W/MEDIAN BARRIER,CLEAR,0.0,0.0,0.0,0.0,0.0,1.0,1,2,[],"[""Y""]",[],"[""2025-10-04T14:15:00.000""]","[""2163561"", ""2163562""]","[""FRONT-LEFT-CORNER"", ""SIDE-RIGHT""]","[""IL""]","[""LINCOLN"", ""TOYOTA""]","[""UNKNOWN/NA""]","[""CORSAIR"", ""SIENNA""]","[""1"", ""2""]","[""S""]","[""1"", ""2""]","[""DRIVER""]","[""UNKNOWN""]","[""2062435"", ""2062443""]","[""PASSENGER""]","[""TAXI/FOR HIRE""]","[""2022"", ""2024""]","[""Y""]",[],"[""Y""]",[],[],[],[],[],[],[],"[""1""]",[],[],[],[],[],"['40', '69']","[""NOT APPLICABLE""]","[""TEST NOT OFFERED""]","[""CHICAGO""]","[""2025-10-04T14:15:00.000""]","[""UNKNOWN""]","[""UNKNOWN""]","[""D""]","[""IL""]","[""NONE""]",[],"[""O2163561"", ""O2163562"", ""P477455""]","[""DRIVER"", ""PASSENGER""]","[""UNKNOWN""]","[""USAGE UNKNOWN""]","[""M"", ""X""]","[""IL""]","[""2062435"", ""2062443""]","[""60641"", ""60653""]",[],"[""12""]",[],[],[],[],2025,10,14,4,True,afternoon,41.87,-87.62,41.87_-87.62,54.5,40,69,OTHER,0
STRAIGHT AND LEVEL,1814,2025-10-04 14:15:00,7,14,10,C962EDAE25E0B4F20F4DD68BB3A58FDD3C7C98F38F0FF3B5D92E878C47E158A79E84A03FC8581D2BE69B95E26BA83CDD99CA5EF9BBC1D7814371AD165697CBD5,NO INJURY / DRIVE AWAY,"OVER $1,500",NO CONTROLS,SIDESWIPE SAME DIRECTION,41.9221207966,DAYLIGHT,-87.6302432603,2,40,IMPROPER LANE USAGE,UNKNOWN,UNKNOWN,FAILING TO REDUCE SPEED TO AVOID CRASH,N,2200,NO CONTROLS,DIVIDED - W/MEDIAN BARRIER,CLEAR,0.0,0.0,0.0,0.0,0.0,1.0,1,3,[],"[""Y""]",[],"[""2025-10-04T14:15:00.000""]","[""2163531"", ""2163532""]","[""SIDE-LEFT"", ""SIDE-RIGHT""]","[""IL"", ""IN""]","[""CHEVROLET"", ""HYUNDAI""]","[""CHANGING LANES"", ""STRAIGHT AHEAD""]","[""ELANTRA"", ""EQUINOX""]","[""1"", ""2""]","[""S""]","[""1"", ""2""]","[""DRIVER""]","[""NONE"", ""UNKNOWN""]","[""2062410"", ""2062417""]","[""PASSENGER"", ""SPORT UTILITY VEHICLE (SUV)""]","[""PERSONAL"", ""RIDESHARE SERVICE""]","[""2023""]","[""N"", ""Y""]","[""N"", ""Y""]",[],[],[],[],[],"[""Y""]","[""Y""]",[],"[""1""]","[""Y""]",[],[],[],[],"['23', '31', '35']","[""DID NOT DEPLOY""]","[""TEST NOT OFFERED""]","[""CHICAGO"", ""EVANSSTON""]","[""2025-10-04T14:15:00.000""]","[""IMPROPER LANE CHANGE"", ""OTHER""]","[""NOT OBSCURED"", ""UNKNOWN""]","[""D""]","[""IL""]","[""NONE""]",[],"[""O2163531"", ""O2163532"", ""P477448""]","[""DRIVER"", ""PASSENGER""]","[""NORMAL"", ""UNKNOWN""]","[""SAFETY BELT USED"", ""USAGE UNKNOWN""]","[""F"", ""M""]","[""IL""]","[""2062410"", ""2062417""]","[""60202"", ""60610"", ""60647""]",[],"[""6""]",[],[],[],[],2025,10,14,4,True,afternoon,41.92,-87.63,41.92_-87.63,29.666666666666668,23,35,OTHER,0
STRAIGHT AND LEVEL,813,2025-10-04 14:10:00,7,14,10,711469A95B579DFB2C2361658E9D358D5E5412F99628F41DE2BEC62E45147B66AD9C42D7CE8B7FD62CD67C209F07D28FDD8B0118B5A1DA7FAA14C383A54A657F,NO INJURY / DRIVE AWAY,"OVER $1,500",FUNCTIONING PROPERLY,SIDESWIPE SAME DIRECTION,41.7864333041,DAYLIGHT,-87.7415134669,2,30,IMPROPER LANE USAGE,NO DEFECTS,DRY,NOT APPLICABLE,S,5840,TRAFFIC SIGNAL,DIVIDED - W/MEDIAN BARRIER,CLEAR,0.0,0.0,0.0,0.0,0.0,1.0,1,2,"[""N""]",[],[],"[""2025-10-04T14:10:00.000""]","[""2163543"", ""2163544""]","[""FRONT-LEFT-CORNER"", ""SIDE-RIGHT""]","[""IL""]","[""HONDA"", ""NISSAN""]","[""CHANGING LANES"", ""STRAIGHT AHEAD""]","[""ALTIMA"", ""RIDGELINE""]","[""1""]","[""S""]","[""1"", ""2""]","[""DRIVER""]","[""NONE""]","[""2062426"", ""2062434""]","[""PASSENGER"", ""PICKUP""]","[""PERSONAL""]","[""2017"", ""2022""]","[""Y""]",[],"[""Y""]",[],[],[],"[""N""]","[""N""]","[""Y""]",[],[],[],[],[],[],[],"['36', '65']","[""NOT APPLICABLE""]","[""TEST NOT OFFERED""]","[""CHICAGO"", ""COUNTRY CLUB HILLS""]","[""2025-10-04T14:10:00.000""]","[""NONE"", ""OTHER""]","[""NOT OBSCURED""]","[""D""]","[""IL""]","[""NONE""]",[],"[""O2163543"", ""O2163544""]","[""DRIVER""]","[""NORMAL""]","[""NONE PRESENT"", ""USAGE UNKNOWN""]","[""M""]","[""IL""]","[""2062426"", ""2062434""]","[""60478"", ""60632""]",[],[],[],[],[],[],2025,10,14,4,True,afternoon,41.79,-87.74,41.79_-87.74,50.5,36,65,OTHER,0
STRAIGHT AND LEVEL,2413,2025-10-04 14:10:00,7,14,10,A7185D4CF54FC807EB94440A9D335ED8873CA0676766BAF699FDF96D510D644248F17ED2CF85272E6A43AD559F19209CAEBCBD8FC0437CB68CFDDB65DF0AE806,NO INJURY / DRIVE AWAY,"$501 - $1,500",NO CONTROLS,SIDESWIPE OPPOSITE DIRECTION,41.9928811984,DAYLIGHT,-87.7088061933,2,20,UNABLE TO DETERMINE,NO DEFECTS,DRY,NOT APPLICABLE,W,3151,NO CONTROLS,NOT DIVIDED,CLEAR,0.0,1.0,0.0,0.0,0.0,1.0,1,1,[],[],[],"[""2025-10-04T14:10:00.000""]","[""2163535"", ""2163536""]","[""SIDE-LEFT-FRONT"", ""SIDE-LEFT-REAR""]","[""IL""]","[""HYUNDAI"", ""TOYOTA""]","[""STRAIGHT AHEAD""]","[""ELANTRA"", ""RAV4""]","[""1""]","[""E"", ""W""]","[""1"", ""2""]","[""DRIVER""]","[""NONE""]","[""2062416"", ""2062438""]","[""PASSENGER""]","[""PERSONAL""]","[""2015""]",[],[],"[""Y""]",[],[],"[""Y""]",[],"[""Y""]","[""Y""]",[],[],"[""Y""]",[],[],[],[],['43'],"[""DID NOT DEPLOY""]","[""TEST NOT OFFERED""]","[""CHICAGO""]","[""2025-10-04T14:10:00.000""]","[""NONE"", ""UNKNOWN""]","[""NOT OBSCURED"", ""UNKNOWN""]","[""A""]","[""IL""]","[""NONE""]",[],"[""O2163535"", ""O2163536""]","[""DRIVER""]","[""NORMAL"", ""UNKNOWN""]","[""SAFETY BELT USED"", ""USAGE UNKNOWN""]","[""F"", ""M""]","[""IL""]","[""2062416"", ""2062438""]","[""60645""]",[],[],[],[],[],[],2025,10,14,4,True,afternoon,41.99,-87.71,41.99_-87.71,43.0,43,43,OTHER,0
STRAIGHT AND LEVEL,431,2025-10-04 14:05:00,7,14,10,F77F115973E9272571AF71A675F8A70E990E0424E91A501BF05508B2B4563E652EC135D5B57573D5EC0D48F95119C21D9D5528F416819D92A0B855A4487AD84E,NO INJURY / DRIVE AWAY,"$501 - $1,500",FUNCTIONING PROPERLY,SIDESWIPE SAME DIRECTION,41.722375907,DAYLIGHT,-87.5754999033,2,30,FAILING TO YIELD RIGHT-OF-WAY,NO DEFECTS,UNKNOWN,NOT APPLICABLE,S,9500,TRAFFIC SIGNAL,DIVIDED - W/MEDIAN (NOT RAISED),CLEAR,0.0,0.0,0.0,0.0,0.0,1.0,1,2,[],[],[],"[""2025-10-04T14:05:00.000""]","[""2163573"", ""2163574""]","[""SIDE-LEFT"", ""SIDE-RIGHT""]","[""IL""]","[""FORD"", ""NISSAN""]","[""PASSING/OVERTAKING"", ""STRAIGHT AHEAD""]","[""ALTIMA"", ""EXPLORER""]","[""1""]","[""S""]","[""1"", ""2""]","[""DRIVER""]","[""UNKNOWN""]","[""2062442"", ""2062447""]","[""PASSENGER"", ""SPORT UTILITY VEHICLE (SUV)""]","[""UNKNOWN/NA""]","[""2009"", ""2016""]",[],[],"[""Y""]",[],[],[],[],[],[],[],[],[],[],[],[],[],"['36', '48']","[""DID NOT DEPLOY""]","[""TEST NOT OFFERED""]","[""CHICAGO"", ""STEGER""]","[""2025-10-04T14:05:00.000""]","[""FAILED TO YIELD"", ""NONE""]","[""UNKNOWN""]","[""C"", ""D""]","[""IL""]","[""NONE""]",[],"[""O2163573"", ""O2163574""]","[""DRIVER""]","[""NORMAL""]","[""SAFETY BELT USED""]","[""F"", ""M""]","[""IL""]","[""2062442"", ""2062447""]","[""60475"", ""60643""]",[],[],[],[],[],[],2025,10,14,4,True,afternoon,41.72,-87.58,41.72_-87.58,42.0,36,48,FAILURE-TO-YIELD,0
STRAIGHT AND LEVEL,321,2025-10-04 14:00:00,7,14,10,1D5952934E4EE599DE33BB48937545E86FA5B500E6623A70152CF8B3756586A9127EB0B9DB2C258279739A4B01F9E9AC70129C2A23DB8A91C20D3F6EAE5530EB,NO INJURY / DRIVE AWAY,"OVER $1,500",NO CONTROLS,SIDESWIPE SAME DIRECTION,41.7734103275,DAYLIGHT,-87.604708156,2,30,UNABLE TO DETERMINE,NO DEFECTS,DRY,UNABLE TO DETERMINE,S,6652,NO CONTROLS,PARKING LOT,CLEAR,1.0,0.0,0.0,0.0,0.0,1.0,1,2,"[""Y""]",[],[],"[""2025-10-04T14:00:00.000""]","[""2163545"", ""2163546""]","[""FRONT-RIGHT-CORNER"", ""SIDE-LEFT""]","[""IL""]","[""FORD"", ""NISSAN""]","[""STRAIGHT AHEAD""]","[""ALTIMA"", ""ESCAPE""]","[""1""]","[""S""]","[""1"", ""2""]","[""DRIVER""]","[""NONE"", ""UNKNOWN""]","[""2062427"", ""2062439""]","[""PASSENGER"", ""SPORT UTILITY VEHICLE (SUV)""]","[""PERSONAL""]","[""2019"", ""2024""]",[],[],[],[],[],[],[],"[""Y""]",[],[],[],[],[],[],[],[],"['35', '39']","[""DID NOT DEPLOY""]","[""TEST NOT OFFERED""]","[""CHICAGO""]","[""2025-10-04T14:00:00.000""]","[""NONE"", ""OTHER""]","[""UNKNOWN""]","[""D"", ""E""]","[""FL"", ""IL""]","[""NONE""]",[],"[""O2163545"", ""O2163546""]","[""DRIVER""]","[""NORMAL""]","[""USAGE UNKNOWN""]","[""F"", ""M""]","[""IL""]","[""2062427"", ""2062439""]","[""60637""]",[],[],[],[],[],[],2025,10,14,4,True,afternoon,41.77,-87.6,41.77_-87.6,37.0,35,39,OTHER,0
STRAIGHT AND LEVEL,823,2025-10-04 14:00:00,7,14,10,75A9E116C9F0F10634D710ABB477435D8BC43C262CAA9FE77EB4D8B4198849FED40479B639E58F525AB2E1457406A04EFB636BC1EFB8C754AE97CAB791986979,NO INJURY / DRIVE AWAY,"OVER $1,500",NO CONTROLS,PARKED MOTOR VEHICLE,41.7790045338,UNKNOWN,-87.6947541883,2,30,UNABLE TO DETERMINE,UNKNOWN,UNKNOWN,UNABLE TO DETERMINE,S,6300,NO CONTROLS,UNKNOWN,CLEAR,0.0,1.0,0.0,0.0,0.0,1.0,2,0,[],[],[],"[""2025-10-04T14:00:00.000""]","[""2166872"", ""2166873""]","[""SIDE-LEFT"", ""UNKNOWN""]","[""IL""]","[""DODGE"", ""UNKNOWN""]","[""PARKED"", ""UNKNOWN/NA""]","[""MOTORIZED"", ""NITRO""]","[""0"", ""1""]","[""UNKNOWN""]","[""1"", ""2""]","[""DRIVER"", ""PARKED""]","[""UNKNOWN""]","[""2065555"", ""2065560""]","[""UNKNOWN/NA""]","[""UNKNOWN/NA""]","[""2007""]",[],[],"[""Y""]",[],[],"[""Y""]","[""Y""]","[""Y""]","[""Y""]",[],[],"[""Y""]",[],[],[],[],[],"[""DEPLOYMENT UNKNOWN""]","[""TEST NOT OFFERED""]",[],"[""2025-10-04T14:00:00.000""]","[""UNKNOWN""]","[""UNKNOWN""]",[],[],"[""UNKNOWN""]",[],"[""O2166872""]","[""DRIVER""]","[""UNKNOWN""]","[""USAGE UNKNOWN""]","[""X""]",[],"[""2065555""]",[],[],[],[],[],[],[],2025,10,14,4,True,afternoon,41.78,-87.69,41.78_-87.69,0.0,0,0,OTHER,0
STRAIGHT AND LEVEL,1522,2025-10-04 14:00:00,7,14,10,DF4E01543D79A4C1F3453F36A97E293620319D9C4B0F1127579EBD3547EAB13CBD27AF18350FE7F15B0B7417CD0FCC90332033BC578AF990B5E98D409DE702AD,NO INJURY / DRIVE AWAY,"OVER $1,500",NO CONTROLS,ANGLE,41.879423449,DAYLIGHT,-87.7551777389,2,30,NOT APPLICABLE,UNKNOWN,DRY,FAILING TO YIELD RIGHT-OF-WAY,S,54,NO CONTROLS,NOT DIVIDED,CLEAR,0.0,1.0,0.0,0.0,0.0,1.0,1,1,"[""Y""]","[""Y""]",[],"[""2025-10-04T14:00:00.000""]","[""2163563"", ""2163564""]","[""FRONT-LEFT-CORNER"", ""SIDE-RIGHT""]","[""IN"", ""MS""]","[""JEEP"", ""NISSAN""]","[""ENTERING TRAFFIC LANE FROM PARKING"", ""STRAIGHT AHEAD""]","[""COMPASS"", ""VERSA""]","[""1""]","[""S"", ""SE""]","[""1"", ""2""]","[""DRIVER""]","[""UNKNOWN""]","[""2062449"", ""2062456""]","[""PASSENGER""]","[""PERSONAL"", ""UNKNOWN/NA""]","[""2010""]","[""Y""]",[],[],[],[],[],[],[],[],[],[],[],[],[],[],[],['55'],"[""DEPLOYMENT UNKNOWN"", ""DID NOT DEPLOY""]","[""TEST NOT OFFERED""]","[""CHICAGO""]","[""2025-10-04T14:00:00.000""]","[""FAILED TO YIELD"", ""UNKNOWN""]","[""UNKNOWN""]","[""D""]","[""IL""]","[""NONE""]",[],"[""O2163563"", ""O2163564""]","[""DRIVER""]","[""UNKNOWN""]","[""USAGE UNKNOWN""]","[""F""]","[""IL""]","[""2062449"", ""2062456""]","[""60639""]",[],[],[],[],[],[],2025,10,14,4,True,afternoon,41.88,-87.76,41.88_-87.76,55.0,55,55,OTHER,0
STRAIGHT AND LEVEL,1111,2025-10-04 13:52:00,7,13,10,E360DB457E162F9C2D6FC732403758E179407DFDA5A05834DA1876095709F91C5F51E0B8F1125D50811B5C3B5977C255E48C7B1C91EF777DA9CB21CFA67C2BBE,NO INJURY / DRIVE AWAY,"OVER $1,500",NO CONTROLS,TURNING,41.8986651655,DAYLIGHT,-87.7361846873,2,35,IMPROPER OVERTAKING/PASSING,UNKNOWN,DRY,UNABLE TO DETERMINE,N,952,TRAFFIC SIGNAL,NOT DIVIDED,CLEAR,0.0,0.0,1.0,0.0,0.0,1.0,1,2,[],[],"[""Y""]","[""2025-10-04T13:52:00.000""]","[""2163613"", ""2163614""]","[""REAR"", ""SIDE-LEFT-FRONT""]","[""IL""]","[""KIA"", ""NISSAN""]","[""STRAIGHT AHEAD"", ""TURNING LEFT""]","[""OTHER (EXPLAIN IN NARRATIVE)"", ""ROGUE""]","[""1""]","[""N""]","[""1"", ""2""]","[""DRIVER""]","[""UNKNOWN""]","[""2062487"", ""2062490""]","[""PASSENGER""]","[""PERSONAL""]","[""2008"", ""2014""]",[],[],"[""Y""]",[],[],"[""N""]",[],[],[],[],[],[],[],"[""Y""]","[""Y""]",[],"['52', '54']","[""NOT APPLICABLE""]","[""TEST NOT OFFERED""]","[""CHICAGO"", ""FRANKLIN PARK""]","[""2025-10-04T13:52:00.000""]","[""IMPROPER PASSING"", ""OVERCORRECTED""]","[""UNKNOWN""]","[""D""]","[""IL""]","[""NONE""]","[""REFUSED""]","[""O2163613"", ""O2163614""]","[""DRIVER""]","[""UNKNOWN""]","[""USAGE UNKNOWN""]","[""F""]","[""IL""]","[""2062487"", ""2062490""]","[""60131"", ""60651""]","[""N/A""]",[],[],[],[],[],2025,10,13,4,True,afternoon,41.9,-87.74,41.9_-87.74,53.0,52,54,OTHER,0
STRAIGHT AND LEVEL,1531,2025-10-04 13:50:00,7,13,10,13D2DD7FB0A7C10238082ACE6F055FACE831992670973BC8F11B3514E2CD44CB2FFC1113F9FD0D20A23F65449B5A4795734A604F204C58D4AE2704AFD86AB0C3,NO INJURY / DRIVE AWAY,"$501 - $1,500",NO CONTROLS,SIDESWIPE SAME DIRECTION,41.8975168321,DAYLIGHT,-87.7460110654,2,30,IMPROPER OVERTAKING/PASSING,UNKNOWN,UNKNOWN,NOT APPLICABLE,N,918,NO CONTROLS,DIVIDED - W/MEDIAN (NOT RAISED),CLEAR,0.0,0.0,0.0,0.0,0.0,1.0,1,2,[],[],[],"[""2025-10-04T13:50:00.000""]","[""2164430"", ""2164431""]","[""SIDE-LEFT"", ""SIDE-RIGHT""]","[""IL""]","[""CHEVROLET"", ""JEEP""]","[""MERGING"", ""STRAIGHT AHEAD""]","[""GRAND CHEROKEE"", ""TAHOE""]","[""1""]","[""S""]","[""1"", ""2""]","[""DRIVER""]","[""NONE"", ""UNKNOWN""]","[""2063249"", ""2063251""]","[""PASSENGER""]","[""PERSONAL""]","[""1995"", ""2017""]",[],[],[],[],[],[],"[""Y""]",[],"[""Y""]",[],[],[],[],[],[],[],"['32', '37']","[""NOT APPLICABLE""]","[""TEST NOT OFFERED""]","[""CHICAGO""]","[""2025-10-04T13:50:00.000""]","[""IMPROPER LANE CHANGE"", ""NONE""]","[""NOT OBSCURED"", ""UNKNOWN""]",[],"[""IL""]","[""NONE""]",[],"[""O2164430"", ""O2164431""]","[""DRIVER""]","[""NORMAL"", ""UNKNOWN""]","[""USAGE UNKNOWN""]","[""F"", ""M""]","[""IL""]","[""2063249"", ""2063251""]","[""60639"", ""60644""]",[],[],[],[],[],[],2025,10,13,4,True,afternoon,41.9,-87.75,41.9_-87.75,34.5,32,37,OTHER,0
STRAIGHT AND LEVEL,1431,2025-10-04 13:46:00,7,13,10,247E68364D44057EAAFFDD36F2B999ED3341DC9A15BBF6987341F9AAFE7C913628377A4B4014F08680CD99ED035137A91C07464270E5AC089833DEE34CA09146,NO INJURY / DRIVE AWAY,"OVER $1,500",NO CONTROLS,TURNING,41.9209177596,DAYLIGHT,-87.697152683,2,30,IMPROPER OVERTAKING/PASSING,NO DEFECTS,DRY,FAILING TO YIELD RIGHT-OF-WAY,N,2147,NO CONTROLS,NOT DIVIDED,CLEAR,0.0,1.0,0.0,0.0,0.0,1.0,1,2,"[""N""]",[],"[""Y""]","[""2025-10-04T13:46:00.000""]","[""2163512"", ""2163513""]","[""FRONT-LEFT-CORNER"", ""SIDE-RIGHT""]","[""IL""]","[""HYUNDAI"", ""UNKNOWN""]","[""TURNING RIGHT""]","[""ELANTRA"", ""MOTORIZED""]","[""1"", ""2""]","[""NE""]","[""1"", ""2""]","[""DRIVER""]","[""NONE"", ""UNKNOWN""]","[""2062394"", ""2062399""]","[""PASSENGER"", ""SPORT UTILITY VEHICLE (SUV)""]","[""PERSONAL"", ""UNKNOWN/NA""]","[""2017""]","[""Y""]",[],"[""Y""]",[],[],[],[],[],"[""Y""]",[],"[""1""]",[],[],[],[],[],"['21', '23']","[""DEPLOYMENT UNKNOWN"", ""DID NOT DEPLOY""]","[""TEST NOT OFFERED""]","[""CHICAGO""]","[""2025-10-04T13:46:00.000""]","[""IMPROPER PASSING"", ""NONE""]","[""NOT OBSCURED"", ""UNKNOWN""]","[""D""]","[""IL""]","[""NONE""]",[],"[""O2163512"", ""O2163513"", ""P477443""]","[""DRIVER"", ""PASSENGER""]","[""NORMAL"", ""UNKNOWN""]","[""SAFETY BELT USED"", ""USAGE UNKNOWN""]","[""F"", ""X""]","[""IL""]","[""2062394"", ""2062399""]","[""60607"", ""60647""]",[],"[""3""]",[],[],[],[],2025,10,13,4,True,afternoon,41.92,-87.7,41.92_-87.7,22.0,21,23,OTHER,0
STRAIGHT AND LEVEL,1931,2025-10-04 13:43:00,7,13,10,65E6E3ED9674BAE889A07283DC0AAA53FA351F4748578844769E447367BED5698758219351ED719A48255DAE27E5B551C6318EF787580A3A2B6A52CE0E9CCED2,NO INJURY / DRIVE AWAY,"$501 - $1,500",NO CONTROLS,PARKED MOTOR VEHICLE,41.9388384825,DAYLIGHT,-87.6830371813,2,30,DRIVING SKILLS/KNOWLEDGE/EXPERIENCE,UNKNOWN,DRY,DRIVING SKILLS/KNOWLEDGE/EXPERIENCE,N,3139,NO CONTROLS,NOT DIVIDED,CLEAR,0.0,0.0,0.0,0.0,0.0,1.0,2,2,[],[],[],"[""2025-10-04T13:43:00.000""]","[""2163601"", ""2163602""]","[""NONE"", ""SIDE-LEFT""]","[""IL""]","[""AUDI"", ""TOYOTA""]","[""PARKED"", ""TURNING RIGHT""]","[""OTHER (EXPLAIN IN NARRATIVE)""]","[""0"", ""2""]","[""N"", ""W""]","[""1"", ""2""]","[""DRIVER"", ""PARKED""]","[""UNKNOWN""]","[""2062472"", ""2062475""]","[""PASSENGER""]","[""PERSONAL""]","[""2016"", ""2021""]",[],[],[],[],[],[],[],"[""Y""]","[""Y""]",[],"[""1""]","[""Y""]","[""N""]","[""N""]",[],[],"['32', '37']","[""DID NOT DEPLOY""]","[""TEST NOT OFFERED""]","[""BURBANK""]","[""2025-10-04T13:43:00.000""]","[""OTHER""]","[""UNKNOWN""]","[""D""]","[""IL""]","[""NONE""]",[],"[""O2163601"", ""P477464""]","[""DRIVER"", ""PASSENGER""]","[""NORMAL""]","[""USAGE UNKNOWN""]","[""F"", ""M""]","[""IL""]","[""2062472""]","[""60459""]",[],"[""3""]",[],[],[],[],2025,10,13,4,True,afternoon,41.94,-87.68,41.94_-87.68,34.5,32,37,OTHER,0
STRAIGHT AND LEVEL,124,2025-10-04 13:40:00,7,13,10,AC81D499A0C88890AFFF6E7E98EDC5906BC44DF1C10303F4E9A97871637C4888686BDF2FAEEA5F884902C5542FC3D7512C0F075932FF32B69C0DDFFBD0687197,NO INJURY / DRIVE AWAY,"OVER $1,500",NO CONTROLS,SIDESWIPE SAME DIRECTION,41.8663295354,UNKNOWN,-87.6393625873,2,30,DRIVING SKILLS/KNOWLEDGE/EXPERIENCE,UNKNOWN,UNKNOWN,UNABLE TO DETERMINE,S,1232,NO CONTROLS,NOT DIVIDED,CLEAR,0.0,0.0,0.0,0.0,0.0,1.0,1,2,[],[],[],"[""2025-10-04T13:40:00.000""]","[""2163539"", ""2163540""]","[""UNKNOWN""]","[""IL""]","[""ACURA"", ""TOYOTA""]","[""STRAIGHT AHEAD""]","[""COROLLA"", ""ZDX""]","[""1"", ""2""]","[""S""]","[""1"", ""2""]","[""DRIVER""]","[""UNKNOWN""]","[""2062420"", ""2062431""]","[""PASSENGER"", ""SPORT UTILITY VEHICLE (SUV)""]","[""UNKNOWN/NA""]","[""2007"", ""2017""]",[],[],[],[],[],[],[],[],[],[],"[""1""]",[],[],[],[],[],"['25', '33']","[""DEPLOYMENT UNKNOWN""]","[""TEST NOT OFFERED""]","[""CHICAGO"", ""SCHAUMBURG""]","[""2025-10-04T13:40:00.000""]","[""UNKNOWN""]","[""UNKNOWN""]","[""D""]","[""IL""]","[""UNKNOWN""]",[],"[""O2163539"", ""O2163540"", ""P477450""]","[""DRIVER"", ""PASSENGER""]","[""NORMAL"", ""UNKNOWN""]","[""USAGE UNKNOWN""]","[""F""]","[""IL""]","[""2062420"", ""2062431""]","[""60173"", ""60638""]",[],"[""3""]",[],[],[],[],2025,10,13,4,True,afternoon,41.87,-87.64,41.87_-87.64,29.0,25,33,OTHER,0
STRAIGHT AND LEVEL,1931,2025-10-04 13:40:00,7,13,10,011A7AB377F74F62004D1687D7DC0D27C6B724A90FFBD679A21CB7A52C61720B3A1EF66F5EC99451AC2837728C51E017920A3F7D4D0A8549B3103CD4FD067B38,INJURY AND / OR TOW DUE TO CRASH,"OVER $1,500",FUNCTIONING PROPERLY,ANGLE,41.9288670185,DAYLIGHT,-87.6684221017,2,30,UNABLE TO DETERMINE,NO DEFECTS,DRY,"DISTRACTION - OTHER ELECTRONIC DEVICE (NAVIGATION DEVICE, DVD PLAYER, ETC.)",N,2600,TRAFFIC SIGNAL,FOUR WAY,CLEAR,0.0,0.0,1.0,0.0,0.0,1.0,1,6,"[""Y""]",[],[],"[""2025-10-04T13:40:00.000""]","[""2163589"", ""2163590""]","[""FRONT"", ""SIDE-LEFT""]","[""IL""]","[""BMW"", ""CHEVROLET""]","[""STRAIGHT AHEAD""]","[""3 SERIES"", ""EQUINOX""]","[""4"", ""5""]","[""N"", ""W""]","[""1"", ""2""]","[""DRIVER""]","[""UNKNOWN""]","[""2062463"", ""2062476""]","[""PASSENGER"", ""SPORT UTILITY VEHICLE (SUV)""]","[""PERSONAL"", ""RIDESHARE SERVICE""]","[""2016"", ""2024""]",[],[],"[""Y""]",[],"[""Y""]",[],"[""Y""]","[""Y""]","[""Y""]",[],"[""3"", ""4""]","[""Y""]",[],[],[],[],"['30', '32', '38', '43', '58', '61']","[""DEPLOYED, SIDE"", ""DID NOT DEPLOY""]","[""TEST NOT OFFERED""]","[""CHICAGO"", ""LANSING""]","[""2025-10-04T13:40:00.000""]","[""DISREGARDED CONTROL DEVICES"", ""NONE""]","[""NOT OBSCURED"", ""UNKNOWN""]","[""D""]","[""IL""]","[""NONE""]",[],"[""O2163589"", ""O2163590"", ""P477460"", ""P477461"", ""P477462"", ""P477466"", ""P477467"", ""P477468"", ""P477470""]","[""DRIVER"", ""PASSENGER""]","[""NORMAL""]","[""CHILD RESTRAINT - TYPE UNKNOWN"", ""USAGE UNKNOWN""]","[""F"", ""M""]","[""IL""]","[""2062463"", ""2062476""]","[""60438"", ""60613"", ""60626"", ""60645"", ""60654""]",[],"[""3"", ""4"", ""5"", ""6""]",[],[],[],[],2025,10,13,4,True,afternoon,41.93,-87.67,41.93_-87.67,43.666666666666664,30,61,OTHER,0