alignment,beat_of_occurrence,crash_date,crash_day_of_week,crash_hour,crash_month,crash_record_id,crash_type,damage,device_condition,first_crash_type,latitude,lighting_condition,longitude,num_units,posted_speed_limit,prim_contributory_cause,road_defect,roadway_surface_cond,sec_contributory_cause,street_direction,street_no,traffic_control_device,trafficway_type,weather_condition,private_property_i,hit_and_run_i,intersection_related_i,crash_date_est_i,work_zone_i,workers_present_i,veh_count,ppl_count,veh_area_01_i_list_json,veh_area_02_i_list_json,veh_area_12_i_list_json,veh_crash_date_list_json,veh_crash_unit_id_list_json,veh_first_contact_point_list_json,veh_lic_plate_state_list_json,veh_make_list_json,veh_maneuver_list_json,veh_model_list_json,veh_occupant_cnt_list_json,veh_travel_direction_list_json,veh_unit_no_list_json,veh_unit_type_list_json,veh_vehicle_defect_list_json,veh_vehicle_id_list_json,veh_vehicle_type_list_json,veh_vehicle_use_list_json,veh_vehicle_year_list_json,veh_area_03_i_list_json,veh_area_04_i_list_json,veh_area_11_i_list_json,veh_towed_by_list_json,veh_towed_i_list_json,veh_area_07_i_list_json,veh_area_99_i_list_json,veh_area_09_i_list_json,veh_area_10_i_list_json,veh_cmrc_veh_i_list_json,veh_num_passengers_list_json,veh_area_08_i_list_json,veh_area_00_i_list_json,veh_area_05_i_list_json,veh_area_06_i_list_json,veh_towed_to_list_json,ppl_age_list_json,ppl_airbag_deployed_list_json,ppl_bac_result_list_json,ppl_city_list_json,ppl_crash_date_list_json,ppl_driver_action_list_json,ppl_driver_vision_list_json,ppl_drivers_license_class_list_json,ppl_drivers_license_state_list_json,ppl_ejection_list_json,ppl_hospital_list_json,ppl_person_id_list_json,ppl_person_type_list_json,ppl_physical_condition_list_json,ppl_safety_equipment_list_json,ppl_sex_list_json,ppl_state_list_json,ppl_vehicle_id_list_json,ppl_zipcode_list_json,ppl_ems_agency_list_json,ppl_seat_no_list_json,ppl_pedpedal_action_list_json,ppl_pedpedal_location_list_json,ppl_pedpedal_visibility_list_json,ppl_ems_run_no_list_json,year,month,hour,day,is_weekend,hour_bin,lat_bin,lng_bin,grid_id,ppl_age_mean,ppl_age_min,ppl_age_max,prim_contributory_cause_group,ksi_flag
STRAIGHT AND LEVEL,634,2025-10-04 13:30:00,7,13,10,B03811C8FA6BFA0B424484C68AFC3EC313D21D27A7331F48A06A83CF70113F6E6A64573ACC242308DC6C83AF63BC568CEB8E2E75B11686E5B58486123405619E,NO INJURY / DRIVE AWAY,"OVER $1,500",NO CONTROLS,REAR END,41.7217225795,DAYLIGHT,-87.631958489,2,30,FAILING TO REDUCE SPEED TO AVOID CRASH,NO DEFECTS,DRY,UNABLE TO DETERMINE,W,322,NO CONTROLS,NOT DIVIDED,CLEAR,0.0,0.0,0.0,0.0,0.0,1.0,1,2,"[""Y""]","[""Y""]",[],"[""2025-10-04T13:30:00.000""]","[""2163830"", ""2163831""]","[""FRONT-RIGHT-CORNER"", ""REAR-RIGHT-CORNER""]","[""IL""]","[""CHEVROLET"", ""VOLKSWAGEN""]","[""SLOW/STOP IN TRAFFIC"", ""STRAIGHT AHEAD""]","[""JETTA"", ""MALIBU""]","[""1""]","[""W""]","[""1"", ""2""]","[""DRIVER""]","[""NONE""]","[""2062697"", ""2062702""]","[""PASSENGER""]","[""PERSONAL""]","[""2014"", ""2021""]",[],"[""Y""]",[],[],[],[],[],[],[],[],[],"[""Y""]",[],"[""Y""]","[""Y""]",[],"['0', '30']","[""DID NOT DEPLOY""]","[""TEST NOT OFFERED""]","[""CHICAGO""]","[""2025-10-04T13:30:00.000""]","[""FAILED TO YIELD"", ""NONE""]","[""NOT OBSCURED"", ""UNKNOWN""]","[""D""]","[""IL""]","[""NONE""]",[],"[""O2163830"", ""O2163831""]","[""DRIVER""]","[""NORMAL""]","[""SAFETY BELT USED""]","[""F"", ""M""]","[""IL""]","[""2062697"", ""2062702""]","[""60620"", ""60643""]",[],[],[],[],[],[],2025,10,13,4,True,afternoon,41.72,-87.63,41.72_-87.63,15.0,0,30,SPEEDING,0
STRAIGHT AND LEVEL,1822,2025-10-04 13:30:00,7,13,10,C6F9BA84E67A7A41F0A159484A0A155815FA358DF8BC3A1AF0121B180D806B98D3EC077B8C75DBCB580B606C19E2C63AA8D7AF318575E4F7CF33665D76F9C8C5,NO INJURY / DRIVE AWAY,"OVER $1,500",NO CONTROLS,REAR END,41.9037127756,DAYLIGHT,-87.6510698931,2,30,FOLLOWING TOO CLOSELY,UNKNOWN,UNKNOWN,FAILING TO REDUCE SPEED TO AVOID CRASH,W,900,NO CONTROLS,DIVIDED - W/MEDIAN (NOT RAISED),CLEAR,0.0,0.0,0.0,0.0,0.0,1.0,1,2,"[""Y""]",[],"[""Y""]","[""2025-10-04T13:30:00.000""]","[""2163502"", ""2163503""]","[""FRONT"", ""REAR""]","[""IL""]","[""FORD"", ""TESLA""]","[""SLOW/STOP IN TRAFFIC""]","[""F250"", ""MODEL Y""]","[""1""]","[""W""]","[""1"", ""2""]","[""DRIVER""]","[""NONE""]","[""2062385"", ""2062389""]","[""PASSENGER"", ""PICKUP""]","[""PERSONAL""]","[""2022""]",[],[],"[""Y""]",[],[],"[""Y""]",[],[],[],[],[],[],[],"[""Y""]","[""Y""]",[],"['42', '57']","[""DID NOT DEPLOY""]","[""TEST NOT OFFERED""]","[""CHICAGO""]","[""2025-10-04T13:30:00.000""]","[""FOLLOWED TOO CLOSELY"", ""NONE""]","[""NOT OBSCURED""]","[""A"", ""D""]","[""IL""]","[""NONE""]",[],"[""O2163502"", ""O2163503""]","[""DRIVER""]","[""NORMAL""]","[""SAFETY BELT USED""]","[""M""]","[""IL""]","[""2062385"", ""2062389""]","[""60610"", ""60616""]",[],[],[],[],[],[],2025,10,13,4,True,afternoon,41.9,-87.65,41.9_-87.65,49.5,42,57,FOLLOWING TOO CLOSELY,0
STRAIGHT AND LEVEL,1731,2025-10-04 13:30:00,7,13,10,AF35D9A249783D3C1D8A554835C2203DCCF2238F35C87DFEFDADFDC57771254B6D2C91D49FD62623DFB4AC8D6043C8E73E9869F69A4E38439C296D0BB6AC1632,NO INJURY / DRIVE AWAY,"OVER $1,500",NO CONTROLS,ANGLE,41.9417962509,DAYLIGHT,-87.7280444852,2,30,FAILING TO YIELD RIGHT-OF-WAY,NO DEFECTS,DRY,UNABLE TO DETERMINE,N,3333,NO CONTROLS,DIVIDED - W/MEDIAN BARRIER,CLEAR,0.0,0.0,0.0,0.0,0.0,1.0,1,2,[],[],[],"[""2025-10-04T13:30:00.000""]","[""2163547"", ""2163548""]","[""FRONT-LEFT-CORNER"", ""SIDE-LEFT""]","[""IL""]","[""ACURA"", ""TESLA""]","[""AVOIDING VEHICLES/OBJECTS"", ""ENTER FROM DRIVE/ALLEY""]","[""MODEL S"", ""ZDX""]","[""1""]","[""NW"", ""S""]","[""1"", ""2""]","[""DRIVER""]","[""NONE""]","[""2062433"", ""2062457""]","[""PASSENGER""]","[""PERSONAL""]","[""2019"", ""2021""]",[],[],"[""Y""]",[],[],[],[],"[""Y""]","[""Y""]",[],[],"[""Y""]",[],[],[],[],"['19', '31']","[""DID NOT DEPLOY""]","[""TEST NOT OFFERED""]","[""CHICAGO"", ""MIDLOTHIAN""]","[""2025-10-04T13:30:00.000""]","[""FAILED TO YIELD"", ""NONE""]","[""UNKNOWN""]","[""D""]","[""IL""]","[""NONE""]",[],"[""O2163547"", ""O2163548""]","[""DRIVER""]","[""NORMAL""]","[""SAFETY BELT USED""]","[""M""]","[""IL""]","[""2062433"", ""2062457""]","[""60445"", ""60630""]",[],[],[],[],[],[],2025,10,13,4,True,afternoon,41.94,-87.73,41.94_-87.73,25.0,19,31,FAILURE-TO-YIELD,0
STRAIGHT AND LEVEL,2221,2025-10-04 13:30:00,7,13,10,9D278862CF0FB119F87C675A0D4F8F9CE0C29F3219312A08CDE747FA9B326F42AC5658636D3A1A5E14F7DA6ED423D4AC9C4B6991B7419A353E904DA9A6CDC7A7,INJURY AND / OR TOW DUE TO CRASH,"OVER $1,500",NO CONTROLS,ANGLE,41.7238801262,DAYLIGHT,-87.6820107001,3,30,UNABLE TO DETERMINE,NO DEFECTS,DRY,NOT APPLICABLE,S,9321,NO CONTROLS,DIVIDED - W/MEDIAN BARRIER,CLEAR,0.0,0.0,0.0,0.0,0.0,1.0,1,0,[],[],[],"[""2025-10-04T13:30:00.000""]","[""2164049"", ""2164050"", ""2164051""]","[""FRONT"", ""SIDE-RIGHT""]","[""IL""]","[""CHEVROLET"", ""VOLKSWAGEN""]","[""AVOIDING VEHICLES/OBJECTS"", ""STRAIGHT AHEAD""]","[""SPORTVAN"", ""TIGUAN""]","[""1""]","[""N"", ""NW""]","[""1"", ""2"", ""3""]","[""DRIVER""]","[""NONE""]","[""2063471"", ""2063479""]","[""SPORT UTILITY VEHICLE (SUV)"", ""VAN/MINI-VAN""]","[""PERSONAL""]","[""1993"", ""2016""]",[],[],[],[],[],[],[],[],[],[],[],[],[],[],[],[],[],"[""DEPLOYMENT UNKNOWN"", ""DID NOT DEPLOY""]","[""TEST NOT OFFERED""]","[""CHICAGO""]","[""2025-10-04T13:30:00.000""]","[""NONE"", ""OVERCORRECTED""]","[""UNKNOWN""]",[],"[""IL""]","[""NONE""]","[""LITTLE COMPANY OF MARY""]","[""O2164049"", ""O2164050""]","[""DRIVER""]","[""NORMAL"", ""UNKNOWN""]","[""SAFETY BELT USED"", ""USAGE UNKNOWN""]","[""F"", ""M""]","[""IL""]","[""2063471"", ""2063479""]","[""60629"", ""60643""]","[""CFD AMO 29""]",[],[],[],[],[],2025,10,13,4,True,afternoon,41.72,-87.68,41.72_-87.68,0.0,0,0,OTHER,1
STRAIGHT AND LEVEL,1411,2025-10-04 13:30:00,7,13,10,5C064FF230D03104E55A1F7949A4C6635664F15E095ED1DA26922D480AA8715076195108C2F60832CBF5C0E73F947FE40F564563C674638161B40742EA349A18,NO INJURY / DRIVE AWAY,"OVER $1,500",FUNCTIONING PROPERLY,REAR END,41.935720422,DAYLIGHT,-87.7027604566,3,30,UNABLE TO DETERMINE,UNKNOWN,UNKNOWN,NOT APPLICABLE,N,3000,TRAFFIC SIGNAL,NOT DIVIDED,CLEAR,0.0,0.0,0.0,0.0,0.0,1.0,1,2,"[""Y""]",[],"[""Y""]","[""2025-10-04T13:30:00.000""]","[""2163516"", ""2163517"", ""2163518""]","[""FRONT"", ""REAR""]","[""IL"", ""IN""]","[""HYUNDAI"", ""NISSAN"", ""TOYOTA""]","[""STRAIGHT AHEAD""]","[""ELANTRA"", ""OTHER (EXPLAIN IN NARRATIVE)"", ""SENTRA""]","[""1"", ""2""]","[""N""]","[""1"", ""2"", ""3""]","[""DRIVER""]","[""NONE""]","[""2062398"", ""2062406"", ""2062411""]","[""PASSENGER""]","[""PERSONAL""]","[""2010"", ""2021"", ""2025""]",[],[],"[""Y""]",[],[],"[""Y""]",[],[],[],[],"[""1""]",[],[],"[""Y""]","[""Y""]",[],"['3', '33']","[""DEPLOYMENT UNKNOWN"", ""NOT APPLICABLE""]","[""TEST NOT OFFERED""]","[""CHICAGO""]","[""2025-10-04T13:30:00.000""]","[""NONE""]","[""NOT OBSCURED"", ""UNKNOWN""]","[""D""]","[""IL""]","[""NONE""]",[],"[""O2163516"", ""O2163517"", ""O2163518"", ""P477445""]","[""DRIVER"", ""PASSENGER""]","[""NORMAL"", ""UNKNOWN""]","[""SAFETY BELT USED"", ""USAGE UNKNOWN""]","[""F"", ""M""]","[""IL""]","[""2062398"", ""2062406"", ""2062411""]","[""60644""]",[],"[""4""]",[],[],[],[],2025,10,13,4,True,afternoon,41.94,-87.7,41.94_-87.7,18.0,3,33,OTHER,0
STRAIGHT AND LEVEL,1621,2025-10-04 13:26:00,7,13,10,46E796124D89CE90B90F145B64BEFA923D9F60781555CD45010CDF80E5563BCF586EF89156D0D094574CBA9D838ADFD492B57894F164F03187269648ACC13025,NO INJURY / DRIVE AWAY,"OVER $1,500",NO CONTROLS,ANGLE,41.999569607,DAYLIGHT,-87.7673156994,2,30,FAILING TO YIELD RIGHT-OF-WAY,NO DEFECTS,DRY,FAILING TO YIELD RIGHT-OF-WAY,N,6557,NO CONTROLS,FOUR WAY,CLEAR,0.0,0.0,1.0,0.0,0.0,1.0,1,2,"[""Y""]","[""Y""]","[""N""]","[""2025-10-04T13:26:00.000""]","[""2163519"", ""2163520""]","[""FRONT-LEFT-CORNER"", ""FRONT-RIGHT-CORNER""]","[""IL""]","[""LEXUS"", ""TOYOTA""]","[""STRAIGHT AHEAD""]","[""COROLLA"", ""RX""]","[""1""]","[""E"", ""N""]","[""1"", ""2""]","[""DRIVER""]","[""UNKNOWN""]","[""2062400"", ""2062409""]","[""PASSENGER""]","[""PERSONAL""]","[""2004"", ""2023""]",[],[],"[""Y""]",[],[],[],[],[],"[""Y""]",[],[],[],[],[],[],[],"['37', '70']","[""DID NOT DEPLOY""]","[""TEST NOT OFFERED""]","[""CHICAGO""]","[""2025-10-04T13:26:00.000""]","[""FAILED TO YIELD"", ""NONE""]","[""NOT OBSCURED""]","[""D""]","[""IL""]","[""NONE""]",[],"[""O2163519"", ""O2163520""]","[""DRIVER""]","[""NORMAL""]","[""SAFETY BELT USED""]","[""M""]","[""IL""]","[""2062400"", ""2062409""]","[""60630"", ""60641""]",[],[],[],[],[],[],2025,10,13,4,True,afternoon,42.0,-87.77,42.0_-87.77,53.5,37,70,FAILURE-TO-YIELD,0
STRAIGHT AND LEVEL,813,2025-10-04 13:20:00,7,13,10,145DDCBC12B58E1339F7BFFF0E83788A166810916B109D9D288FA9217844645DD3D6E70D0F13022EDEF2226B5DF281FE4598FD0791234D486C16EE7A4C1E3253,NO INJURY / DRIVE AWAY,"OVER $1,500",FUNCTIONING PROPERLY,REAR TO FRONT,41.7785478711,DAYLIGHT,-87.7228193118,2,30,IMPROPER BACKING,NO DEFECTS,DRY,NOT APPLICABLE,W,4001,TRAFFIC SIGNAL,NOT DIVIDED,CLEAR,0.0,0.0,1.0,0.0,0.0,1.0,1,2,[],[],[],"[""2025-10-04T13:20:00.000""]","[""2163500"", ""2163501""]","[""FRONT"", ""REAR""]","[""IL""]","[""NISSAN"", ""TOYOTA""]","[""BACKING"", ""SLOW/STOP IN TRAFFIC""]","[""CAMRY"", ""PATHFINDER""]","[""1"", ""2""]","[""E"", ""W""]","[""1"", ""2""]","[""DRIVER""]","[""NONE""]","[""2062379"", ""2062382""]","[""PASSENGER""]","[""PERSONAL""]","[""2014"", ""2015""]",[],[],[],[],[],[],"[""Y""]",[],[],[],"[""1""]",[],"[""Y""]",[],[],[],"['25', '62']","[""NOT APPLICABLE""]","[""TEST NOT OFFERED""]","[""BURBANK"", ""CHICAGO""]","[""2025-10-04T13:20:00.000""]","[""IMPROPER BACKING"", ""NONE""]","[""NOT OBSCURED""]","[""D""]","[""IL""]","[""NONE""]",[],"[""O2163500"", ""O2163501"", ""P477438""]","[""DRIVER"", ""PASSENGER""]","[""NORMAL""]","[""USAGE UNKNOWN""]","[""F"", ""M""]","[""IL""]","[""2062379"", ""2062382""]","[""60459"", ""60629""]",[],"[""3""]",[],[],[],[],2025,10,13,4,True,afternoon,41.78,-87.72,41.78_-87.72,43.5,25,62,OTHER,0
STRAIGHT AND LEVEL,1622,2025-10-04 13:15:00,7,13,10,432A68AFE2760D77D31FB840583E93B8ABD89872554508688F069D5AAD227C576AC76238BF3544027FA1C2C13DCAAC6E29FA5C1717A21406F3C3BB958E632BC6,NO INJURY / DRIVE AWAY,"OVER $1,500",FUNCTIONING PROPERLY,REAR END,41.9823457723,DAYLIGHT,-87.7875990026,2,35,FOLLOWING TOO CLOSELY,NO DEFECTS,DRY,NOT APPLICABLE,N,5539,TRAFFIC SIGNAL,DIVIDED - W/MEDIAN BARRIER,CLEAR,0.0,0.0,0.0,0.0,0.0,1.0,1,2,[],[],"[""Y""]","[""2025-10-04T13:15:00.000""]","[""2164039"", ""2164040""]","[""FRONT"", ""REAR""]","[""IL""]","[""INFINITI"", ""MERCEDES-BENZ""]","[""STRAIGHT AHEAD""]","[""GLE"", ""Q50""]","[""1""]","[""N""]","[""1"", ""2""]","[""DRIVER""]","[""NONE"", ""UNKNOWN""]","[""2062893"", ""2062897""]","[""PASSENGER""]","[""PERSONAL""]","[""2021"", ""2023""]",[],[],[],[],[],[],[],[],[],[],[],[],[],[],"[""Y""]",[],"['23', '53']","[""NOT APPLICABLE""]","[""TEST NOT OFFERED""]","[""CHICAGO""]","[""2025-10-04T13:15:00.000""]","[""FOLLOWED TOO CLOSELY"", ""NONE""]","[""NOT OBSCURED""]","[""D""]","[""IL""]","[""NONE""]",[],"[""O2164039"", ""O2164040""]","[""DRIVER""]","[""NORMAL""]","[""SAFETY BELT USED""]","[""F"", ""M""]","[""IL""]","[""2062893"", ""2062897""]","[""60634"", ""60666""]",[],[],[],[],[],[],2025,10,13,4,True,afternoon,41.98,-87.79,41.98_-87.79,38.0,23,53,FOLLOWING TOO CLOSELY,0
STRAIGHT AND LEVEL,1632,2025-10-04 13:10:00,7,13,10,CAF1DC054B231558E8D91AC1E037CAED01EE72A66D6B502FE30B494E8F6895F3FAADCF9029656B462A0B00E6E0F2189BEF868E5C27C692DFF28D47B491995036,NO INJURY / DRIVE AWAY,"$501 - $1,500",NO CONTROLS,PARKED MOTOR VEHICLE,41.9530247508,DAYLIGHT,-87.7866832377,2,10,IMPROPER BACKING,NO DEFECTS,DRY,UNABLE TO DETERMINE,W,6400,NO CONTROLS,PARKING LOT,CLEAR,0.0,1.0,0.0,0.0,0.0,1.0,2,0,[],[],[],"[""2025-10-04T13:10:00.000""]","[""2163494"", ""2163495""]","[""REAR-RIGHT-CORNER"", ""UNKNOWN""]","[""IL""]","[""CHEVROLET"", ""UNKNOWN""]","[""PARKED"", ""UNKNOWN/NA""]","[""OTHER (EXPLAIN IN NARRATIVE)"", ""SILVERADO""]","[""0"", ""1""]","[""UNKNOWN""]","[""1"", ""2""]","[""DRIVER"", ""PARKED""]","[""NONE"", ""UNKNOWN""]","[""2062375"", ""2062387""]","[""PICKUP"", ""UNKNOWN/NA""]","[""PERSONAL"", ""UNKNOWN/NA""]","[""2015""]",[],[],[],[],[],[],"[""Y""]",[],[],[],[],[],[],"[""Y""]",[],[],[],"[""DEPLOYMENT UNKNOWN""]","[""TEST NOT OFFERED""]",[],"[""2025-10-04T13:10:00.000""]","[""UNKNOWN""]","[""UNKNOWN""]",[],[],"[""NONE""]",[],"[""O2163494""]","[""DRIVER""]","[""UNKNOWN""]","[""USAGE UNKNOWN""]","[""X""]",[],"[""2062387""]",[],[],[],[],[],[],[],2025,10,13,4,True,afternoon,41.95,-87.79,41.95_-87.79,0.0,0,0,OTHER,0
STRAIGHT AND LEVEL,813,2025-10-04 13:10:00,7,13,10,6825198376ED857BA3A0959908DD6532055E4B00B52BDC26476B755BBF6B6AA3452D7A5507BBD9D9086EFA2F84C71D94054A5530C4D84B12EB8F420BB35D4162,INJURY AND / OR TOW DUE TO CRASH,"$501 - $1,500",NO CONTROLS,REAR END,41.7929943849,DAYLIGHT,-87.7418060289,2,30,FOLLOWING TOO CLOSELY,NO DEFECTS,DRY,NOT APPLICABLE,S,5501,NO CONTROLS,NOT DIVIDED,CLEAR,0.0,0.0,0.0,0.0,0.0,1.0,1,2,[],[],"[""Y""]","[""2025-10-04T13:10:00.000""]","[""2163508"", ""2163509""]","[""FRONT"", ""REAR""]","[""IL"", ""TX""]","[""HYUNDAI"", ""TOYOTA""]","[""SLOW/STOP IN TRAFFIC"", ""STRAIGHT AHEAD""]","[""CAMRY"", ""TUCSON""]","[""2"", ""4""]","[""N""]","[""1"", ""2""]","[""DRIVER""]","[""NONE""]","[""2062390"", ""2062393""]","[""PASSENGER"", ""SPORT UTILITY VEHICLE (SUV)""]","[""PERSONAL"", ""TAXI/FOR HIRE""]","[""2020"", ""2025""]",[],[],[],[],[],[],[],[],[],[],"[""1"", ""3""]",[],[],[],"[""Y""]",[],"['45', '48']","[""DID NOT DEPLOY"", ""NOT APPLICABLE""]","[""TEST NOT OFFERED""]","[""PALATINE""]","[""2025-10-04T13:10:00.000""]","[""FAILED TO YIELD"", ""NONE""]","[""NOT OBSCURED""]",[],"[""IL"", ""TN""]","[""NONE""]",[],"[""O2163508"", ""O2163509"", ""P477439"", ""P477440"", ""P477441"", ""P477442""]","[""DRIVER"", ""PASSENGER""]","[""NORMAL""]","[""SAFETY BELT USED""]","[""F"", ""M"", ""X""]","[""IL""]","[""2062390"", ""2062393""]","[""60074""]",[],"[""3"", ""4"", ""6""]",[],[],[],[],2025,10,13,4,True,afternoon,41.79,-87.74,41.79_-87.74,46.5,45,48,FOLLOWING TOO CLOSELY,1
STRAIGHT AND LEVEL,1511,2025-10-04 13:08:00,7,13,10,7CB401162B7E46D18B53D2399DD644AA60BC1C8F1078074054787707817DFBD291C484CB0EB9C8F3A8FB525502CD6B43A86F082FDF945256907E82017AB202C3,NO INJURY / DRIVE AWAY,"OVER $1,500",NO CONTROLS,PARKED MOTOR VEHICLE,41.8949606742,DAYLIGHT,-87.7655468849,2,30,UNABLE TO DETERMINE,NO DEFECTS,DRY,NOT APPLICABLE,W,5602,NO CONTROLS,NOT DIVIDED,CLEAR,0.0,0.0,0.0,0.0,0.0,1.0,2,1,[],[],[],"[""2025-10-04T13:08:00.000""]","[""2163585"", ""2163586""]","[""SIDE-LEFT"", ""SIDE-RIGHT""]","[""IL""]","[""CHEVROLET"", ""NOVA BUS""]","[""PARKED"", ""STRAIGHT AHEAD""]","[""EQUINOX"", ""OTHER (EXPLAIN IN NARRATIVE)""]","[""0"", ""1""]","[""W""]","[""1"", ""2""]","[""DRIVER"", ""PARKED""]","[""NONE""]","[""2062455"", ""2062464""]","[""BUS OVER 15 PASS."", ""PASSENGER""]","[""CTA"", ""NOT IN USE""]","[""2022"", ""2023""]",[],[],"[""Y""]",[],[],"[""Y""]",[],"[""Y""]","[""Y""]","[""N""]",[],"[""Y""]",[],[],[],[],['38'],"[""NOT APPLICABLE""]","[""TEST NOT OFFERED""]","[""CHICAGO""]","[""2025-10-04T13:08:00.000""]","[""OTHER""]","[""NOT OBSCURED""]","[""B""]","[""IL""]","[""NONE""]","[""DNA""]","[""O2163585""]","[""DRIVER""]","[""NORMAL""]","[""SAFETY BELT USED""]","[""F""]","[""IL""]","[""2062455""]","[""60628""]",[],[],[],[],[],[],2025,10,13,4,True,afternoon,41.89,-87.77,41.89_-87.77,38.0,38,38,OTHER,0
STRAIGHT AND LEVEL,1832,2025-10-04 13:05:00,7,13,10,B1553DA079D6B593D9ABD593DC73B9030096AA89650F87B58C80FB3310DB030CB3FAFE6A0FE814A593F6D4202DAE5BE20617892B984931D34DCE31B434511672,NO INJURY / DRIVE AWAY,"OVER $1,500",NO CONTROLS,SIDESWIPE SAME DIRECTION,41.8967433048,DAYLIGHT,-87.6313944644,2,25,UNABLE TO DETERMINE,NO DEFECTS,DRY,UNABLE TO DETERMINE,W,102,NO CONTROLS,NOT DIVIDED,CLEAR,0.0,0.0,0.0,0.0,0.0,1.0,1,2,[],[],[],"[""2025-10-04T13:05:00.000""]","[""2163541"", ""2163542""]","[""SIDE-LEFT-REAR"", ""UNKNOWN""]","[""IL""]","[""FREIGHTLINER CORPORATION"", ""VOLKSWAGEN""]","[""STRAIGHT AHEAD""]","[""FREIGHTLINER CORP."", ""JETTA""]","[""1""]","[""E""]","[""1"", ""2""]","[""DRIVER""]","[""UNKNOWN""]","[""2062430"", ""2062454""]","[""OTHER"", ""PASSENGER""]","[""OTHER"", ""PERSONAL""]","[""2024""]",[],[],[],[],[],"[""Y""]","[""Y""]",[],[],[],[],"[""Y""]",[],[],[],[],"['26', '36']","[""DEPLOYMENT UNKNOWN"", ""DID NOT DEPLOY""]","[""TEST NOT OFFERED""]","[""CHICAGO"", ""MAYWOOD""]","[""2025-10-04T13:05:00.000""]","[""UNKNOWN""]","[""UNKNOWN""]","[""D""]","[""IL""]","[""NONE""]",[],"[""O2163541"", ""O2163542""]","[""DRIVER""]","[""UNKNOWN""]","[""USAGE UNKNOWN""]","[""F"", ""M""]","[""IL""]","[""2062430"", ""2062454""]","[""60153"", ""60625""]",[],[],[],[],[],[],2025,10,13,4,True,afternoon,41.9,-87.63,41.9_-87.63,31.0,26,36,OTHER,0
STRAIGHT AND LEVEL,1931,2025-10-04 13:00:00,7,13,10,7C1AAB72535D5A19BF12CD3DE23C53516E2E8A47724BFF58EDB1CFB8E7DE907F0579798DCACDA4A7A40C15177C57CCF929DDA3C69D7AD1767B1DBC4B8D5E367C,NO INJURY / DRIVE AWAY,"OVER $1,500",NO CONTROLS,PARKED MOTOR VEHICLE,41.9310210058,DAYLIGHT,-87.6768640181,2,15,UNABLE TO DETERMINE,NO DEFECTS,DRY,NOT APPLICABLE,N,2746,NO CONTROLS,PARKING LOT,CLEAR,0.0,1.0,0.0,0.0,0.0,1.0,2,0,[],[],[],"[""2025-10-04T13:00:00.000""]","[""2169077"", ""2169078""]","[""REAR-LEFT-CORNER"", ""UNKNOWN""]","[""IL""]","[""MERCEDES-BENZ"", ""UNKNOWN""]","[""PARKED"", ""UNKNOWN/NA""]","[""MOTORIZED"", ""OTHER (EXPLAIN IN NARRATIVE)""]","[""0"", ""1""]","[""E"", ""UNKNOWN""]","[""1"", ""2""]","[""DRIVER"", ""PARKED""]","[""NONE"", ""UNKNOWN""]","[""2067663"", ""2067699""]","[""SPORT UTILITY VEHICLE (SUV)"", ""UNKNOWN/NA""]","[""PERSONAL"", ""UNKNOWN/NA""]","[""2025""]",[],[],[],[],[],"[""Y""]","[""Y""]",[],[],[],[],[],[],[],[],[],[],"[""DEPLOYMENT UNKNOWN""]","[""TEST NOT OFFERED""]",[],"[""2025-10-04T13:00:00.000""]","[""UNKNOWN""]","[""UNKNOWN""]",[],[],"[""NONE""]",[],"[""O2169077""]","[""DRIVER""]","[""UNKNOWN""]","[""USAGE UNKNOWN""]","[""X""]",[],"[""2067663""]",[],[],[],[],[],[],[],2025,10,13,4,True,afternoon,41.93,-87.68,41.93_-87.68,0.0,0,0,OTHER,0