alignment,beat_of_occurrence,crash_date,crash_day_of_week,crash_hour,crash_month,crash_record_id,crash_type,damage,device_condition,first_crash_type,latitude,lighting_condition,longitude,num_units,posted_speed_limit,prim_contributory_cause,road_defect,roadway_surface_cond,sec_contributory_cause,street_direction,street_no,traffic_control_device,trafficway_type,weather_condition,private_property_i,hit_and_run_i,intersection_related_i,crash_date_est_i,work_zone_i,workers_present_i,veh_count,ppl_count,veh_area_01_i_list_json,veh_area_02_i_list_json,veh_area_12_i_list_json,veh_crash_date_list_json,veh_crash_unit_id_list_json,veh_first_contact_point_list_json,veh_lic_plate_state_list_json,veh_make_list_json,veh_maneuver_list_json,veh_model_list_json,veh_occupant_cnt_list_json,veh_travel_direction_list_json,veh_unit_no_list_json,veh_unit_type_list_json,veh_vehicle_defect_list_json,veh_vehicle_id_list_json,veh_vehicle_type_list_json,veh_vehicle_use_list_json,veh_vehicle_year_list_json,veh_area_03_i_list_json,veh_area_04_i_list_json,veh_area_11_i_list_json,veh_towed_by_list_json,veh_towed_i_list_json,veh_area_07_i_list_json,veh_area_99_i_list_json,veh_area_09_i_list_json,veh_area_10_i_list_json,veh_cmrc_veh_i_list_json,veh_num_passengers_list_json,veh_area_08_i_list_json,veh_area_00_i_list_json,veh_area_05_i_list_json,veh_area_06_i_list_json,veh_towed_to_list_json,ppl_age_list_json,ppl_airbag_deployed_list_json,ppl_bac_result_list_json,ppl_city_list_json,ppl_crash_date_list_json,ppl_driver_action_list_json,ppl_driver_vision_list_json,ppl_drivers_license_class_list_json,ppl_drivers_license_state_list_json,ppl_ejection_list_json,ppl_hospital_list_json,ppl_person_id_list_json,ppl_person_type_list_json,ppl_physical_condition_list_json,ppl_safety_equipment_list_json,ppl_sex_list_json,ppl_state_list_json,ppl_vehicle_id_list_json,ppl_zipcode_list_json,ppl_ems_agency_list_json,ppl_seat_no_list_json,ppl_pedpedal_action_list_json,ppl_pedpedal_location_list_json,ppl_pedpedal_visibility_list_json,ppl_ems_run_no_list_json,year,month,hour,day,is_weekend,hour_bin,lat_bin,lng_bin,grid_id,ppl_age_mean,ppl_age_min,ppl_age_max,prim_contributory_cause_group,ksi_flag
STRAIGHT AND LEVEL,234,2025-10-04 13:00:00,7,13,10,7A83BD61BE0E58D45110CC941762A478B0201BB7EF3CC0D96268CAAE1C1CDF23F3933D9931491FAD23A40AD799A2A852AA7078E96A5014C4FD1518DBC0798C8A,INJURY AND / OR TOW DUE TO CRASH,$500 OR LESS,NO CONTROLS,PEDESTRIAN,41.799611564,DAYLIGHT,-87.5925334423,2,30,IMPROPER BACKING,NO DEFECTS,DRY,NOT APPLICABLE,E,1368,NO CONTROLS,OTHER,CLEAR,0.0,0.0,0.0,0.0,0.0,1.0,2,2,[],[],[],"[""2025-10-04T13:00:00.000""]","[""2163993"", ""2163994""]","[""REAR""]","[""MI""]","[""JEEP""]","[""PASSING/OVERTAKING""]","[""COMPASS""]","[""1""]","[""N""]","[""1"", ""2""]","[""DRIVER"", ""PEDESTRIAN""]","[""UNKNOWN""]","[""2062854""]","[""PASSENGER""]","[""PERSONAL""]","[""2018""]",[],[],[],[],[],[],[],[],[],[],[],[],"[""Y""]",[],[],[],"['21', '56']","[""DID NOT DEPLOY""]","[""TEST NOT OFFERED""]","[""CHICAGO"", ""ST CLAIR SHORES""]","[""2025-10-04T13:00:00.000""]","[""IMPROPER BACKING"", ""NONE""]","[""NOT OBSCURED"", ""UNKNOWN""]","[""E""]","[""IL""]","[""NONE""]","[""UNIVERSITY OF CHICAGO""]","[""O2163993"", ""O2163994""]","[""DRIVER"", ""PEDESTRIAN""]","[""NORMAL""]","[""NONE PRESENT"", ""USAGE UNKNOWN""]","[""M""]","[""IL"", ""MI""]","[""2062854""]","[""48080"", ""60647""]","[""57""]",[],"[""CROSSING - NO CONTROLS (NOT AT INTERSECTION)""]","[""IN CROSSWALK""]","[""NO CONTRASTING CLOTHING""]",[],2025,10,13,4,True,afternoon,41.8,-87.59,41.8_-87.59,38.5,21,56,OTHER,1
STRAIGHT AND LEVEL,1233,2025-10-04 13:00:00,7,13,10,732461F351CCA71B84BD07B69BD5EEF3E0A69CCE904204E1B168BF8089F5583B92B882C77E7CF2A14F1DC409288845E3FECA2BC4E92FE3B3E844454B2A10096E,INJURY AND / OR TOW DUE TO CRASH,"$501 - $1,500",FUNCTIONING PROPERLY,OTHER NONCOLLISION,41.865012892,DAYLIGHT,-87.6858488264,2,30,"OPERATING VEHICLE IN ERRATIC, RECKLESS, CARELESS, NEGLIGENT OR AGGRESSIVE MANNER",NO DEFECTS,DRY,IMPROPER LANE USAGE,S,1247,TRAFFIC SIGNAL,FOUR WAY,CLEAR,0.0,0.0,1.0,1.0,0.0,1.0,2,1,[],[],[],"[""2025-10-04T13:00:00.000""]","[""2164143"", ""2164144""]","[""NONE""]",[],"[""UNKNOWN""]","[""CHANGING LANES""]","[""OTHER (EXPLAIN IN NARRATIVE)""]","[""1""]","[""N""]","[""1"", ""2""]","[""BICYCLE"", ""DRIVER""]","[""UNKNOWN""]","[""2062979""]","[""SPORT UTILITY VEHICLE (SUV)""]","[""UNKNOWN/NA""]",[],[],[],[],[],[],[],"[""N""]",[],[],[],[],[],"[""Y""]",[],[],[],['18'],"[""DID NOT DEPLOY""]","[""TEST NOT OFFERED""]","[""CHICAGO""]","[""2025-10-04T13:00:00.000""]","[""IMPROPER LANE CHANGE"", ""NONE""]","[""NOT OBSCURED"", ""UNKNOWN""]",[],[],"[""NONE"", ""UNKNOWN""]",[],"[""O2164143"", ""O2164144""]","[""BICYCLE"", ""DRIVER""]","[""NORMAL"", ""UNKNOWN""]","[""HELMET NOT USED"", ""USAGE UNKNOWN""]","[""M""]","[""IL""]","[""2062979""]","[""60639""]",[],[],"[""WITH TRAFFIC""]","[""BIKEWAY""]","[""CONTRASTING CLOTHING""]",[],2025,10,13,4,True,afternoon,41.87,-87.69,41.87_-87.69,18.0,18,18,OTHER,1
STRAIGHT AND LEVEL,712,2025-10-04 13:00:00,7,13,10,59936BD9C55FC76F2C977200DEB665FBD1B604F4962FDB029A27F039F9D0AFDEF943C6146749798BD0217E8139B530745F6A181A81D886C8444CD427EFCC45B0,NO INJURY / DRIVE AWAY,"$501 - $1,500",NO CONTROLS,REAR END,41.7797186922,DAYLIGHT,-87.6544428588,2,30,FOLLOWING TOO CLOSELY,NO DEFECTS,UNKNOWN,FOLLOWING TOO CLOSELY,W,1158,TRAFFIC SIGNAL,NOT DIVIDED,CLEAR,0.0,0.0,0.0,0.0,0.0,1.0,1,1,"[""Y""]",[],"[""Y""]","[""2025-10-04T13:00:00.000""]","[""2164849"", ""2164850""]","[""FRONT"", ""REAR""]","[""IL""]","[""BMW"", ""TOYOTA""]","[""STRAIGHT AHEAD""]","[""HIGHLANDER"", ""OTHER (EXPLAIN IN NARRATIVE)""]","[""1""]","[""W""]","[""1"", ""2""]","[""DRIVER""]","[""NONE""]","[""2063658"", ""2063672""]","[""PASSENGER""]","[""PERSONAL""]","[""2013"", ""2022""]",[],[],"[""Y""]",[],[],"[""Y""]",[],[],[],[],[],[],[],"[""Y""]","[""Y""]",[],['27'],"[""NOT APPLICABLE""]","[""TEST NOT OFFERED""]","[""BURBANK"", ""FRANKFORT""]","[""2025-10-04T13:00:00.000""]","[""FOLLOWED TOO CLOSELY"", ""NONE""]","[""NOT OBSCURED""]","[""D""]","[""IL""]","[""NONE""]",[],"[""O2164849"", ""O2164850""]","[""DRIVER""]","[""NORMAL""]","[""SAFETY BELT USED"", ""USAGE UNKNOWN""]","[""F"", ""M""]","[""IL""]","[""2063658"", ""2063672""]","[""60423"", ""60459""]",[],[],[],[],[],[],2025,10,13,4,True,afternoon,41.78,-87.65,41.78_-87.65,27.0,27,27,FOLLOWING TOO CLOSELY,0
STRAIGHT AND LEVEL,1812,2025-10-04 13:00:00,7,13,10,56A9F1A717F323D784EB3DF7B7D70083D4405B4A1645BB558C328DDA7B738BABEF4A2C4423A6D9D0DC4AFDD55B09DB11CCBB61146A47D4D23AEAFC630B17FB9A,NO INJURY / DRIVE AWAY,"OVER $1,500",NO CONTROLS,PARKED MOTOR VEHICLE,41.9246990999,DAYLIGHT,-87.6479290249,2,30,FAILING TO REDUCE SPEED TO AVOID CRASH,UNKNOWN,UNKNOWN,UNABLE TO DETERMINE,N,2350,NO CONTROLS,DIVIDED - W/MEDIAN (NOT RAISED),CLEAR,0.0,1.0,0.0,0.0,0.0,1.0,2,0,[],[],"[""Y""]","[""2025-10-04T13:00:00.000""]","[""2163712"", ""2163713""]","[""FRONT-LEFT-CORNER"", ""UNKNOWN""]","[""MO""]","[""TOYOTA"", ""UNKNOWN""]","[""PARKED"", ""UNKNOWN/NA""]","[""CAMRY"", ""OTHER (EXPLAIN IN NARRATIVE)""]","[""0"", ""1""]","[""NW"", ""SE""]","[""1"", ""2""]","[""DRIVER"", ""PARKED""]","[""NONE"", ""UNKNOWN""]","[""2062582"", ""2062585""]","[""PASSENGER"", ""UNKNOWN/NA""]","[""NOT IN USE"", ""UNKNOWN/NA""]","[""2025""]",[],[],"[""Y""]",[],[],[],"[""Y""]",[],"[""Y""]",[],[],[],[],[],[],[],[],"[""DEPLOYMENT UNKNOWN""]","[""TEST NOT OFFERED""]",[],"[""2025-10-04T13:00:00.000""]","[""UNKNOWN""]","[""UNKNOWN""]",[],[],"[""NONE""]",[],"[""O2163712""]","[""DRIVER""]","[""UNKNOWN""]","[""USAGE UNKNOWN""]","[""X""]",[],"[""2062582""]",[],[],[],[],[],[],[],2025,10,13,4,True,afternoon,41.92,-87.65,41.92_-87.65,0.0,0,0,SPEEDING,0
STRAIGHT ON GRADE,831,2025-10-04 13:00:00,7,13,10,29AA257ED1217911418D90C53A118EBCF543A777DA1C49E51BE1E48CDE08702F7F11DC59AD1A4E40CBC62347EAA0838325CFA3D50EDCE2EBEB941E8C1081F1B6,NO INJURY / DRIVE AWAY,$500 OR LESS,NO CONTROLS,ANGLE,41.764249097,DAYLIGHT,-87.7054053305,2,15,FAILING TO YIELD RIGHT-OF-WAY,NO DEFECTS,DRY,FAILING TO YIELD RIGHT-OF-WAY,S,7100,NO CONTROLS,ALLEY,CLEAR,0.0,1.0,0.0,0.0,0.0,1.0,1,1,"[""Y""]","[""Y""]","[""Y""]","[""2025-10-04T13:00:00.000""]","[""2165766"", ""2165767""]","[""FRONT-LEFT-CORNER"", ""FRONT-RIGHT-CORNER""]",[],"[""HONDA"", ""UNKNOWN""]","[""STRAIGHT AHEAD""]","[""CIVIC"", ""OTHER (EXPLAIN IN NARRATIVE)""]","[""2""]","[""N"", ""W""]","[""1"", ""2""]","[""DRIVER""]","[""NONE"", ""OTHER""]","[""2064514"", ""2064520""]","[""PASSENGER"", ""PICKUP""]","[""PERSONAL""]","[""2001""]",[],[],"[""Y""]",[],[],[],[],[],"[""Y""]",[],"[""1""]",[],[],[],[],[],['54'],"[""DEPLOYMENT UNKNOWN"", ""NOT APPLICABLE""]","[""TEST NOT OFFERED""]","[""CHICAGO""]","[""2025-10-04T13:00:00.000""]","[""FAILED TO YIELD"", ""NONE""]","[""NOT OBSCURED"", ""UNKNOWN""]","[""D""]","[""IL""]","[""NONE""]",[],"[""O2165766"", ""O2165767"", ""P477900"", ""P477903""]","[""DRIVER"", ""PASSENGER""]","[""NORMAL"", ""UNKNOWN""]","[""SAFETY BELT USED"", ""USAGE UNKNOWN""]","[""F"", ""M""]","[""IL""]","[""2064514"", ""2064520""]","[""60609""]",[],"[""3""]",[],[],[],[],2025,10,13,4,True,afternoon,41.76,-87.71,41.76_-87.71,54.0,54,54,FAILURE-TO-YIELD,0
STRAIGHT AND LEVEL,1832,2025-10-04 13:00:00,7,13,10,C12076A9653D3C3F929604344F3FF5AA9B322B386FC93E9F5FF8E3879754B5F111752061C624BB4AA3C561BE2FADCF74897051DECEF945285F7FC05D99634BFA,NO INJURY / DRIVE AWAY,"OVER $1,500",NO CONTROLS,SIDESWIPE SAME DIRECTION,41.8967036455,DAYLIGHT,-87.6310993464,2,30,UNABLE TO DETERMINE,UNKNOWN,UNKNOWN,UNABLE TO DETERMINE,N,801,NO CONTROLS,NOT DIVIDED,CLEAR,0.0,0.0,0.0,0.0,0.0,1.0,1,2,"[""Y""]","[""Y""]",[],"[""2025-10-04T13:00:00.000""]","[""2163599"", ""2163600""]","[""FRONT-RIGHT-CORNER"", ""SIDE-LEFT-REAR""]","[""IL"", ""IN""]","[""FREIGHTLINER CORPORATION"", ""VOLKSWAGEN""]","[""CHANGING LANES"", ""STRAIGHT AHEAD""]","[""JETTA"", ""OTHER (EXPLAIN IN NARRATIVE)""]","[""1""]","[""UNKNOWN""]","[""1"", ""2""]","[""DRIVER""]","[""UNKNOWN""]","[""2062469"", ""2062477""]","[""PASSENGER"", ""TRACTOR W/ SEMI-TRAILER""]","[""PERSONAL"", ""UNKNOWN/NA""]","[""2023"", ""2024""]",[],[],[],[],[],"[""Y""]",[],[],[],[],[],"[""Y""]",[],[],[],[],"['26', '36']","[""DEPLOYMENT UNKNOWN""]","[""TEST NOT OFFERED""]","[""CHICAGO"", ""MAYWOOD""]","[""2025-10-04T13:00:00.000""]","[""IMPROPER LANE CHANGE"", ""UNKNOWN""]","[""UNKNOWN""]","[""D""]","[""IL""]","[""UNKNOWN""]",[],"[""O2163599"", ""O2163600""]","[""DRIVER""]","[""EMOTIONAL""]","[""USAGE UNKNOWN""]","[""F"", ""M""]","[""IL""]","[""2062469"", ""2062477""]","[""60153"", ""60625""]",[],[],[],[],[],[],2025,10,13,4,True,afternoon,41.9,-87.63,41.9_-87.63,31.0,26,36,OTHER,0
STRAIGHT AND LEVEL,1712,2025-10-04 12:42:00,7,12,10,466757909E03A1230C284A7B6F9CB19241105384D42C3466981C388697B39BD19CE03AD5A6015EA4235AE985C793508D88C77064AAD939114F8B446FA02F35AD,INJURY AND / OR TOW DUE TO CRASH,"OVER $1,500",NO CONTROLS,SIDESWIPE SAME DIRECTION,41.9829061837,DAYLIGHT,-87.7129724991,2,30,FAILING TO YIELD RIGHT-OF-WAY,NO DEFECTS,DRY,DRIVING SKILLS/KNOWLEDGE/EXPERIENCE,W,3341,NO CONTROLS,NOT DIVIDED,CLEAR,0.0,0.0,0.0,0.0,0.0,1.0,1,4,"[""Y""]",[],"[""Y""]","[""2025-10-04T12:42:00.000""]","[""2163480"", ""2163481""]","[""FRONT-LEFT-CORNER"", ""FRONT-RIGHT-CORNER""]","[""IL""]","[""AUDI"", ""DODGE""]","[""ENTERING TRAFFIC LANE FROM PARKING"", ""STRAIGHT AHEAD""]","[""A5"", ""RAM 1500 PU""]","[""1"", ""3""]","[""E""]","[""1"", ""2""]","[""DRIVER""]","[""UNKNOWN""]","[""2062361"", ""2062365""]","[""PASSENGER"", ""PICKUP""]","[""OTHER"", ""PERSONAL""]","[""2019"", ""2020""]",[],[],"[""Y""]","[""PRIVATE TOWING""]","[""Y""]",[],[],[],"[""Y""]",[],"[""2""]",[],[],[],[],"[""UNK""]","['0', '32', '35', '49']","[""DID NOT DEPLOY""]","[""TEST NOT OFFERED""]","[""CHICAGO""]","[""2025-10-04T12:42:00.000""]","[""FAILED TO YIELD"", ""NONE""]","[""NOT OBSCURED""]","[""D""]","[""IL""]","[""NONE""]","[""EMS DECLINED ON SCENE""]","[""O2163480"", ""O2163481"", ""P477434"", ""P477435""]","[""DRIVER"", ""PASSENGER""]","[""NORMAL""]","[""CHILD RESTRAINT - REAR FACING"", ""SAFETY BELT USED""]","[""F"", ""M""]","[""IL""]","[""2062361"", ""2062365""]","[""60641"", ""60659""]",[],"[""4"", ""5""]",[],[],[],[],2025,10,12,4,True,morning,41.98,-87.71,41.98_-87.71,29.0,0,49,FAILURE-TO-YIELD,1
STRAIGHT AND LEVEL,911,2025-10-04 12:40:00,7,12,10,6A38FA82EB3B1D0AB99BAC3271D5F13AF33C7FF77179114907DEAFE6C5256F74CC53BCC2B54C6CFE4323A126994C1CADFEE820165AF2C4362DBCBBB36DCA4156,NO INJURY / DRIVE AWAY,"OVER $1,500",NO CONTROLS,SIDESWIPE SAME DIRECTION,41.836857593,DAYLIGHT,-87.6849099946,2,30,IMPROPER LANE USAGE,NO DEFECTS,DRY,IMPROPER LANE USAGE,S,3114,NO CONTROLS,DIVIDED - W/MEDIAN BARRIER,CLEAR,0.0,1.0,0.0,0.0,0.0,1.0,1,0,"[""Y""]","[""Y""]",[],"[""2025-10-04T12:40:00.000""]","[""2163498"", ""2163499""]","[""OTHER"", ""UNKNOWN""]","[""IL""]","[""AUDI"", ""FORD""]","[""MERGING"", ""STRAIGHT AHEAD""]","[""A3"", ""EXPLORER""]","[""1""]","[""S""]","[""1"", ""2""]","[""DRIVER""]","[""UNKNOWN""]","[""2062373"", ""2062380""]","[""PASSENGER""]","[""PERSONAL""]","[""2014"", ""2018""]","[""Y""]",[],"[""Y""]",[],[],[],"[""Y""]","[""Y""]","[""Y""]",[],[],[],[],[],[],[],[],"[""NOT APPLICABLE""]","[""TEST NOT OFFERED""]","[""CHICAGO""]","[""2025-10-04T12:40:00.000""]","[""IMPROPER LANE CHANGE"", ""NONE""]","[""NOT OBSCURED"", ""UNKNOWN""]","[""D""]","[""IL""]","[""NONE""]",[],"[""O2163498"", ""O2163499""]","[""DRIVER""]","[""NORMAL"", ""UNKNOWN""]","[""SAFETY BELT USED"", ""USAGE UNKNOWN""]","[""M"", ""X""]","[""IL""]","[""2062373"", ""2062380""]","[""60629""]",[],[],[],[],[],[],2025,10,12,4,True,morning,41.84,-87.68,41.84_-87.68,0.0,0,0,OTHER,0
STRAIGHT AND LEVEL,1512,2025-10-04 12:39:00,7,12,10,799DD142AB1338DEF9F4EA79BB274A94C93462AE66AB36BD31FC3DBBA12FEBFF7858940C4D23043C94DCA26FF5616654AE9214785690417ADBD01CB201C5C60D,NO INJURY / DRIVE AWAY,"OVER $1,500",FUNCTIONING PROPERLY,REAR END,41.8822431417,DAYLIGHT,-87.7720062331,2,30,NOT APPLICABLE,UNKNOWN,DRY,FAILING TO REDUCE SPEED TO AVOID CRASH,N,100,STOP SIGN/FLASHER,ONE-WAY,CLEAR,0.0,1.0,1.0,0.0,0.0,1.0,1,1,[],[],[],"[""2025-10-04T12:39:00.000""]","[""2163716"", ""2163717""]","[""REAR"", ""UNKNOWN""]","[""IL""]","[""CHEVROLET"", ""KIA""]","[""SLOW/STOP IN TRAFFIC"", ""STRAIGHT AHEAD""]","[""OTHER (EXPLAIN IN NARRATIVE)"", ""STINGER""]","[""1""]","[""S""]","[""1"", ""2""]","[""DRIVER""]","[""UNKNOWN""]","[""2062586"", ""2062592""]","[""PASSENGER""]","[""PERSONAL"", ""UNKNOWN/NA""]","[""2017"", ""2023""]",[],[],[],[],[],"[""Y""]","[""Y""]",[],[],[],[],[],[],"[""Y""]","[""Y""]",[],['36'],"[""DEPLOYMENT UNKNOWN"", ""DID NOT DEPLOY""]","[""TEST NOT OFFERED""]","[""CHICAGO""]","[""2025-10-04T12:39:00.000""]","[""FOLLOWED TOO CLOSELY"", ""UNKNOWN""]","[""UNKNOWN""]","[""D""]","[""IL""]","[""NONE""]",[],"[""O2163716"", ""O2163717""]","[""DRIVER""]","[""UNKNOWN""]","[""USAGE UNKNOWN""]","[""M""]","[""IL""]","[""2062586"", ""2062592""]","[""60624""]",[],[],[],[],[],[],2025,10,12,4,True,morning,41.88,-87.77,41.88_-87.77,36.0,36,36,OTHER,0
STRAIGHT AND LEVEL,131,2025-10-04 12:32:00,7,12,10,EDD0756FCA60B39699356394BA30C2E2A2A249FFE66300ADC42E9C946124AEFAA50015E6C2F30CB2C689E3541E35FFB1D7F1A03544DDA51365EDE69B05B5B828,INJURY AND / OR TOW DUE TO CRASH,"OVER $1,500",NO CONTROLS,TURNING,41.8660735868,DAYLIGHT,-87.6242676732,2,30,FAILING TO YIELD RIGHT-OF-WAY,NO DEFECTS,DRY,IMPROPER LANE USAGE,S,1250,NO CONTROLS,NOT DIVIDED,CLEAR,0.0,0.0,0.0,0.0,0.0,1.0,1,2,[],[],"[""Y""]","[""2025-10-04T12:32:00.000""]","[""2163484"", ""2163485""]","[""FRONT-LEFT-CORNER"", ""FRONT-RIGHT-CORNER""]","[""IL"", ""VA""]","[""FORD"", ""NISSAN""]","[""STRAIGHT AHEAD"", ""U-TURN""]","[""MUSTANG"", ""PATHFINDER""]","[""1""]","[""S""]","[""1"", ""2""]","[""DRIVER""]","[""NONE"", ""UNKNOWN""]","[""2062383"", ""2062388""]","[""PASSENGER"", ""SPORT UTILITY VEHICLE (SUV)""]","[""PERSONAL""]","[""2005"", ""2012""]",[],[],"[""Y""]","[""PRIVATE""]","[""Y""]",[],[],[],"[""Y""]","[""N""]",[],[],[],[],[],"[""UNKNOWN""]","['37', '54']","[""DID NOT DEPLOY""]","[""TEST NOT OFFERED""]","[""CHICAGO""]","[""2025-10-04T12:32:00.000""]","[""FAILED TO YIELD"", ""NONE""]","[""NOT OBSCURED"", ""UNKNOWN""]","[""D""]","[""IL""]","[""NONE""]",[],"[""O2163484"", ""O2163485""]","[""DRIVER""]","[""NORMAL""]","[""USAGE UNKNOWN""]","[""F""]","[""IL""]","[""2062383"", ""2062388""]","[""60647"", ""60653""]",[],[],[],[],[],[],2025,10,12,4,True,morning,41.87,-87.62,41.87_-87.62,45.5,37,54,FAILURE-TO-YIELD,0
STRAIGHT AND LEVEL,633,2025-10-04 12:31:00,7,12,10,7DBD46ADD41EC1844F4FC73DFABE71E554FCD41BFB7302E1AA33D53D3A5AE8B28F23B6A06B2F6F9EB9A7D3DB4B1D8E44C884AD125BBA995B0182F10923358A74,NO INJURY / DRIVE AWAY,"OVER $1,500",NO CONTROLS,ANGLE,41.7329530229,DAYLIGHT,-87.6048797999,2,30,UNABLE TO DETERMINE,UNKNOWN,DRY,NOT APPLICABLE,S,8900,NO CONTROLS,NOT DIVIDED,CLEAR,0.0,0.0,1.0,0.0,0.0,1.0,1,2,"[""Y""]",[],"[""Y""]","[""2025-10-04T12:31:00.000""]","[""2163478"", ""2163479""]","[""FRONT"", ""FRONT-LEFT-CORNER""]","[""IL"", ""TN""]","[""CHEVROLET"", ""VOLKSWAGEN""]","[""STRAIGHT AHEAD""]","[""JETTA"", ""MALIBU""]","[""1"", ""4""]","[""N"", ""W""]","[""1"", ""2""]","[""DRIVER""]","[""NONE"", ""UNKNOWN""]","[""2062359"", ""2062363""]","[""PASSENGER""]","[""PERSONAL""]","[""1999"", ""2013""]",[],[],"[""Y""]",[],[],[],[],"[""Y""]","[""Y""]",[],"[""3""]",[],[],[],[],[],"['17', '37']","[""NOT APPLICABLE""]","[""TEST NOT OFFERED""]","[""CHICAGO""]","[""2025-10-04T12:31:00.000""]","[""NONE"", ""UNKNOWN""]","[""UNKNOWN""]",[],"[""IL""]","[""NONE""]",[],"[""O2163478"", ""O2163479"", ""P477431"", ""P477432"", ""P477433""]","[""DRIVER"", ""PASSENGER""]","[""NORMAL""]","[""NONE PRESENT"", ""USAGE UNKNOWN""]","[""M""]","[""IL""]","[""2062359"", ""2062363""]","[""60617"", ""60619""]",[],"[""10"", ""12"", ""3""]",[],[],[],[],2025,10,12,4,True,morning,41.73,-87.6,41.73_-87.6,27.0,17,37,OTHER,0
STRAIGHT AND LEVEL,2221,2025-10-04 12:30:00,7,12,10,6E208ADB0E8ACFBF732B95EFA16AEE08EF8AF7C7B98A64D003F2CA416677FD49C0CEA4E3CE006664B9D91DE962E15CF7E205B132C25833DE0D82287E6DCB348B,NO INJURY / DRIVE AWAY,"$501 - $1,500",NO CONTROLS,REAR END,41.7210779703,DAYLIGHT,-87.6801431098,2,15,FOLLOWING TOO CLOSELY,NO DEFECTS,DRY,NOT APPLICABLE,W,2310,NO CONTROLS,NOT DIVIDED,CLEAR,0.0,0.0,0.0,0.0,0.0,1.0,1,1,[],[],[],"[""2025-10-04T12:30:00.000""]","[""2164730"", ""2164742""]","[""REAR"", ""UNKNOWN""]","[""IL""]","[""HYUNDAI""]","[""BACKING"", ""STRAIGHT AHEAD""]","[""ELANTRA"", ""KONA""]","[""1"", ""2""]","[""UNKNOWN""]","[""1"", ""2""]","[""DRIVER""]","[""NONE""]","[""2063542"", ""2063549""]","[""PASSENGER""]","[""PERSONAL""]","[""2016"", ""2024""]",[],[],[],[],[],[],"[""Y""]",[],[],[],"[""1""]",[],[],"[""Y""]","[""Y""]",[],['66'],"[""NOT APPLICABLE""]","[""TEST NOT OFFERED""]","[""CHICAGO""]","[""2025-10-04T12:30:00.000""]","[""FOLLOWED TOO CLOSELY"", ""NONE""]","[""NOT OBSCURED""]","[""D""]","[""IL""]","[""NONE"", ""UNKNOWN""]",[],"[""O2164730"", ""O2164742"", ""P477735""]","[""DRIVER"", ""PASSENGER""]","[""NORMAL""]","[""SAFETY BELT USED"", ""USAGE UNKNOWN""]","[""F"", ""M""]","[""IL""]","[""2063542"", ""2063549""]","[""60643""]",[],"[""2""]",[],[],[],[],2025,10,12,4,True,morning,41.72,-87.68,41.72_-87.68,66.0,66,66,FOLLOWING TOO CLOSELY,0
STRAIGHT AND LEVEL,1221,2025-10-04 12:30:00,7,12,10,96A4D582CE2C11748429C4E74B201C2C1A4F30C77A346897F34495E75ED12929DFE923E2716824B3705166113D76021B66E459301C2829DDC2C5B0A4CDAEE792,NO INJURY / DRIVE AWAY,"OVER $1,500",NO CONTROLS,SIDESWIPE SAME DIRECTION,41.8921489995,UNKNOWN,-87.7018607556,2,30,IMPROPER LANE USAGE,UNKNOWN,UNKNOWN,IMPROPER LANE USAGE,N,605,STOP SIGN/FLASHER,DIVIDED - W/MEDIAN (NOT RAISED),CLEAR,0.0,1.0,0.0,0.0,0.0,1.0,1,1,[],[],[],"[""2025-10-04T12:30:00.000""]","[""2163629"", ""2163630""]","[""SIDE-LEFT-FRONT"", ""TOTAL (ALL AREAS)""]","[""IL""]","[""NISSAN"", ""TESLA""]","[""STRAIGHT AHEAD"", ""UNKNOWN/NA""]","[""MODEL Y"", ""SENTRA""]","[""1""]","[""S""]","[""1"", ""2""]","[""DRIVER""]","[""UNKNOWN""]","[""2062496"", ""2062519""]","[""PASSENGER""]","[""UNKNOWN/NA""]","[""2021""]",[],[],"[""Y""]",[],[],[],"[""N""]",[],"[""Y""]",[],[],[],[],[],[],[],['52'],"[""DEPLOYMENT UNKNOWN"", ""NOT APPLICABLE""]","[""TEST NOT OFFERED""]","[""CHICAGO""]","[""2025-10-04T12:30:00.000""]","[""NONE"", ""UNKNOWN""]","[""UNKNOWN""]","[""D""]","[""IL""]","[""NONE"", ""UNKNOWN""]",[],"[""O2163629"", ""O2163630""]","[""DRIVER""]","[""UNKNOWN""]","[""USAGE UNKNOWN""]","[""M"", ""X""]","[""IL""]","[""2062496"", ""2062519""]","[""60624""]",[],[],[],[],[],[],2025,10,12,4,True,morning,41.89,-87.7,41.89_-87.7,52.0,52,52,OTHER,0
STRAIGHT AND LEVEL,1225,2025-10-04 12:30:00,7,12,10,6F700A6915BF6F9F6308BFC979C21B825F61F9AC2540269A16A866477FE6B23A4682F3173EA966EC5F35C99995410E0815D3E2A5B9208366A5F1A22DB2DA99AF,INJURY AND / OR TOW DUE TO CRASH,"$501 - $1,500",FUNCTIONING PROPERLY,REAR END,41.8762463467,DAYLIGHT,-87.6825266468,2,30,FAILING TO REDUCE SPEED TO AVOID CRASH,NO DEFECTS,DRY,DRIVING SKILLS/KNOWLEDGE/EXPERIENCE,W,2250,TRAFFIC SIGNAL,ONE-WAY,CLEAR,0.0,0.0,0.0,0.0,0.0,1.0,1,2,[],[],"[""Y""]","[""2025-10-04T12:30:00.000""]","[""2163533"", ""2163534""]","[""REAR"", ""TOP""]","[""IL""]","[""HONDA"", ""MERCEDES-BENZ""]","[""STRAIGHT AHEAD""]","[""E-CLASS"", ""OTHER (EXPLAIN IN NARRATIVE)""]","[""1""]","[""W""]","[""1"", ""2""]","[""DRIVER""]","[""UNKNOWN""]","[""2062413"", ""2062419""]","[""MOTORCYCLE (OVER 150CC)"", ""PASSENGER""]","[""PERSONAL""]","[""2006"", ""2018""]",[],[],[],[],[],"[""Y""]",[],[],[],[],[],[],[],"[""Y""]",[],[],"['22', '45']","[""DID NOT DEPLOY"", ""NOT APPLICABLE""]","[""TEST NOT OFFERED""]","[""CHICAGO"", ""EVANSTON""]","[""2025-10-04T12:30:00.000""]","[""FOLLOWED TOO CLOSELY"", ""NONE""]","[""UNKNOWN""]","[""D""]","[""IL""]","[""NONE""]","[""STROGER HOSPITAL""]","[""O2163533"", ""O2163534""]","[""DRIVER""]","[""NORMAL""]","[""DOT COMPLIANT MOTORCYCLE HELMET"", ""SAFETY BELT USED""]","[""M""]","[""IL""]","[""2062413"", ""2062419""]","[""60201"", ""60622""]","[""CFD AMB 45""]",[],[],[],[],[],2025,10,12,4,True,morning,41.88,-87.68,41.88_-87.68,33.5,22,45,SPEEDING,1