alignment,beat_of_occurrence,crash_date,crash_day_of_week,crash_hour,crash_month,crash_record_id,crash_type,damage,device_condition,first_crash_type,latitude,lighting_condition,longitude,num_units,posted_speed_limit,prim_contributory_cause,road_defect,roadway_surface_cond,sec_contributory_cause,street_direction,street_no,traffic_control_device,trafficway_type,weather_condition,private_property_i,hit_and_run_i,intersection_related_i,crash_date_est_i,work_zone_i,workers_present_i,veh_count,ppl_count,veh_area_01_i_list_json,veh_area_02_i_list_json,veh_area_12_i_list_json,veh_crash_date_list_json,veh_crash_unit_id_list_json,veh_first_contact_point_list_json,veh_lic_plate_state_list_json,veh_make_list_json,veh_maneuver_list_json,veh_model_list_json,veh_occupant_cnt_list_json,veh_travel_direction_list_json,veh_unit_no_list_json,veh_unit_type_list_json,veh_vehicle_defect_list_json,veh_vehicle_id_list_json,veh_vehicle_type_list_json,veh_vehicle_use_list_json,veh_vehicle_year_list_json,veh_area_03_i_list_json,veh_area_04_i_list_json,veh_area_11_i_list_json,veh_towed_by_list_json,veh_towed_i_list_json,veh_area_07_i_list_json,veh_area_99_i_list_json,veh_area_09_i_list_json,veh_area_10_i_list_json,veh_cmrc_veh_i_list_json,veh_num_passengers_list_json,veh_area_08_i_list_json,veh_area_00_i_list_json,veh_area_05_i_list_json,veh_area_06_i_list_json,veh_towed_to_list_json,ppl_age_list_json,ppl_airbag_deployed_list_json,ppl_bac_result_list_json,ppl_city_list_json,ppl_crash_date_list_json,ppl_driver_action_list_json,ppl_driver_vision_list_json,ppl_drivers_license_class_list_json,ppl_drivers_license_state_list_json,ppl_ejection_list_json,ppl_hospital_list_json,ppl_person_id_list_json,ppl_person_type_list_json,ppl_physical_condition_list_json,ppl_safety_equipment_list_json,ppl_sex_list_json,ppl_state_list_json,ppl_vehicle_id_list_json,ppl_zipcode_list_json,ppl_ems_agency_list_json,ppl_seat_no_list_json,ppl_pedpedal_action_list_json,ppl_pedpedal_location_list_json,ppl_pedpedal_visibility_list_json,ppl_ems_run_no_list_json,year,month,hour,day,is_weekend,hour_bin,lat_bin,lng_bin,grid_id,ppl_age_mean,ppl_age_min,ppl_age_max,prim_contributory_cause_group,ksi_flag
STRAIGHT AND LEVEL,524,2025-10-04 12:18:00,7,12,10,53507BE631DF9393CF057F2BB2761613A4C24DBE4781AE2E4527E64A3E2A8B9CFB7056DEAEE09C34C658DAFEE32C88309A15A3D5B4BB51687310FA7F2DF2E09E,NO INJURY / DRIVE AWAY,"$501 - $1,500",NO CONTROLS,SIDESWIPE SAME DIRECTION,41.6850262563,DAYLIGHT,-87.642297367,2,30,UNABLE TO DETERMINE,UNKNOWN,DRY,NOT APPLICABLE,S,11500,NO CONTROLS,NOT DIVIDED,CLEAR,0.0,1.0,0.0,0.0,0.0,1.0,1,1,[],[],[],"[""2025-10-04T12:18:00.000""]","[""2163745"", ""2163746""]","[""SIDE-LEFT"", ""UNKNOWN""]",[],"[""CHEVROLET"", ""UNKNOWN""]","[""STRAIGHT AHEAD""]","[""MALIBU"", ""OTHER (EXPLAIN IN NARRATIVE)""]","[""1""]","[""N""]","[""1"", ""2""]","[""DRIVER""]","[""UNKNOWN""]","[""2062608"", ""2062611""]","[""PASSENGER"", ""UNKNOWN/NA""]","[""PERSONAL"", ""UNKNOWN/NA""]","[""2017""]",[],[],"[""Y""]",[],[],[],"[""Y""]","[""Y""]","[""Y""]",[],[],[],[],[],[],[],['80'],"[""DEPLOYMENT UNKNOWN"", ""NOT APPLICABLE""]","[""TEST NOT OFFERED""]","[""CHICAGO""]","[""2025-10-04T12:18:00.000""]","[""UNKNOWN""]","[""UNKNOWN""]",[],"[""IL""]","[""NONE"", ""UNKNOWN""]",[],"[""O2163745"", ""O2163746""]","[""DRIVER""]","[""NORMAL"", ""UNKNOWN""]","[""SAFETY BELT USED"", ""USAGE UNKNOWN""]","[""F"", ""M""]","[""IL""]","[""2062608"", ""2062611""]","[""60643""]",[],[],[],[],[],[],2025,10,12,4,True,morning,41.69,-87.64,41.69_-87.64,80.0,80,80,OTHER,0
STRAIGHT AND LEVEL,911,2025-10-04 12:17:00,7,12,10,9EFF76421A7EE0ED394516B64017B973C056E6C36F1F52FDD079F8B7DA76D30ED817F3C553344CE1B51CF997A25D464204CC10643FAB1D3F92E1542D82ABDDDD,INJURY AND / OR TOW DUE TO CRASH,"OVER $1,500",NO CONTROLS,ANGLE,41.8251989043,DAYLIGHT,-87.7046237007,2,30,"OPERATING VEHICLE IN ERRATIC, RECKLESS, CARELESS, NEGLIGENT OR AGGRESSIVE MANNER",DEBRIS ON ROADWAY,DRY,UNABLE TO DETERMINE,S,3730,NO CONTROLS,DIVIDED - W/MEDIAN (NOT RAISED),CLEAR,0.0,1.0,1.0,0.0,0.0,1.0,1,0,[],"[""Y""]","[""Y""]","[""2025-10-04T12:17:00.000""]","[""2163555"", ""2163556""]","[""FRONT"", ""SIDE-RIGHT""]","[""IL""]","[""CHEVROLET"", ""FORD""]","[""STRAIGHT AHEAD""]","[""EXPEDITION"", ""TAHOE""]","[""1""]","[""S"", ""W""]","[""1"", ""2""]","[""DRIVER""]","[""NONE"", ""UNKNOWN""]","[""2062428"", ""2062436""]","[""SPORT UTILITY VEHICLE (SUV)""]","[""OTHER"", ""UNKNOWN/NA""]","[""2007"", ""2025""]","[""Y""]","[""Y""]",[],"[""city of chicago""]","[""Y""]",[],[],[],"[""Y""]",[],[],[],[],[],"[""Y""]","[""pound 1""]",[],"[""DEPLOYMENT UNKNOWN"", ""DID NOT DEPLOY""]","[""TEST NOT OFFERED""]","[""IMPERIAL""]","[""2025-10-04T12:17:00.000""]","[""NONE"", ""OTHER""]","[""NOT OBSCURED"", ""UNKNOWN""]",[],[],"[""NONE""]",[],"[""O2163555"", ""O2163556""]","[""DRIVER""]","[""NORMAL"", ""UNKNOWN""]","[""SAFETY BELT USED"", ""USAGE UNKNOWN""]","[""M""]","[""CA""]","[""2062428"", ""2062436""]","[""92243""]",[],[],[],[],[],[],2025,10,12,4,True,morning,41.83,-87.7,41.83_-87.7,0.0,0,0,OTHER,0
STRAIGHT AND LEVEL,911,2025-10-04 12:12:00,7,12,10,35EDFBD9C773CF78BEC38418EC759098C2CFFB65423E264943C5C4B78C94718D7A695416F5C6B51BB1AB0A0325F8F8F9CFE4B0A877FF30F2480E9BDE1319D3CB,INJURY AND / OR TOW DUE TO CRASH,"OVER $1,500",FUNCTIONING PROPERLY,REAR END,41.830133934,DAYLIGHT,-87.7047449824,2,30,"OPERATING VEHICLE IN ERRATIC, RECKLESS, CARELESS, NEGLIGENT OR AGGRESSIVE MANNER",NO DEFECTS,DRY,UNABLE TO DETERMINE,W,3200,TRAFFIC SIGNAL,T-INTERSECTION,CLEAR,0.0,1.0,1.0,0.0,0.0,1.0,1,1,[],[],"[""Y""]","[""2025-10-04T12:12:00.000""]","[""2163529"", ""2163530""]","[""FRONT"", ""REAR""]","[""IL""]","[""CHEVROLET"", ""DODGE""]","[""STRAIGHT AHEAD""]","[""RAM 1500 PU"", ""TAHOE""]","[""1""]","[""W""]","[""1"", ""2""]","[""DRIVER""]","[""NONE"", ""UNKNOWN""]","[""2062407"", ""2062412""]","[""PICKUP"", ""SPORT UTILITY VEHICLE (SUV)""]","[""OTHER"", ""UNKNOWN/NA""]","[""2007""]",[],[],[],"[""city of chicago""]","[""Y""]",[],[],[],[],[],[],[],[],[],"[""Y""]","[""pound 1""]",['49'],"[""DEPLOYMENT UNKNOWN"", ""DID NOT DEPLOY""]","[""TEST NOT OFFERED""]","[""CHICAGO""]","[""2025-10-04T12:12:00.000""]","[""NONE"", ""OTHER""]","[""NOT OBSCURED"", ""UNKNOWN""]",[],[],"[""NONE""]",[],"[""O2163529"", ""O2163530""]","[""DRIVER""]","[""NORMAL"", ""UNKNOWN""]","[""SAFETY BELT USED"", ""USAGE UNKNOWN""]","[""M""]","[""IL""]","[""2062407"", ""2062412""]","[""60605""]",[],[],[],[],[],[],2025,10,12,4,True,morning,41.83,-87.7,41.83_-87.7,49.0,49,49,OTHER,0
STRAIGHT AND LEVEL,214,2025-10-04 12:10:00,7,12,10,7585A8ABA62FCC05BEDF296C5F2ED2EE2F108CEAC8C85375FEF2539512CA452768B5E6AE74F0F459B3E5C17F09DF176945CA1F3286149BA018989C5FDE816366,NO INJURY / DRIVE AWAY,"OVER $1,500",FUNCTIONING PROPERLY,SIDESWIPE SAME DIRECTION,41.8167512175,DAYLIGHT,-87.6162401555,2,30,UNABLE TO DETERMINE,UNKNOWN,DRY,UNABLE TO DETERMINE,E,406,TRAFFIC SIGNAL,NOT DIVIDED,CLEAR,0.0,0.0,0.0,0.0,0.0,1.0,1,2,[],[],[],"[""2025-10-04T12:10:00.000""]","[""2163510"", ""2163511""]","[""FRONT-LEFT-CORNER"", ""SIDE-RIGHT-REAR""]","[""IL""]","[""DODGE"", ""KIA""]","[""STRAIGHT AHEAD"", ""UNKNOWN/NA""]","[""DURANGO"", ""SELTOS""]","[""1""]","[""W""]","[""1"", ""2""]","[""DRIVER""]","[""UNKNOWN""]","[""2062392"", ""2062396""]","[""PASSENGER""]","[""PERSONAL""]","[""2015"", ""2022""]","[""Y""]","[""Y""]","[""Y""]",[],[],[],[],[],[],[],[],[],[],[],[],[],"['31', '45']","[""NOT APPLICABLE""]","[""TEST NOT OFFERED""]","[""BERWYN"", ""CHICAGO""]","[""2025-10-04T12:10:00.000""]","[""UNKNOWN""]","[""UNKNOWN""]","[""D""]","[""IL""]","[""NONE""]",[],"[""O2163510"", ""O2163511""]","[""DRIVER""]","[""UNKNOWN""]","[""USAGE UNKNOWN""]","[""F"", ""M""]","[""IL""]","[""2062392"", ""2062396""]","[""60402"", ""60653""]",[],[],[],[],[],[],2025,10,12,4,True,morning,41.82,-87.62,41.82_-87.62,38.0,31,45,OTHER,0
STRAIGHT AND LEVEL,413,2025-10-04 12:05:00,7,12,10,7433E7D445831AF08ECA2482767B5D69DD7B924B3301913F6A59576E041507BFA90E5C62D7623EF2325A7F418F9E63F9EA01904653AC2728F82594FC4A9D133A,NO INJURY / DRIVE AWAY,"OVER $1,500",NO CONTROLS,SIDESWIPE SAME DIRECTION,41.7225657845,DAYLIGHT,-87.5763445966,2,30,DRIVING SKILLS/KNOWLEDGE/EXPERIENCE,NO DEFECTS,DRY,UNABLE TO DETERMINE,E,1936,NO CONTROLS,NOT DIVIDED,CLEAR,0.0,0.0,0.0,0.0,0.0,1.0,1,4,"[""Y""]","[""Y""]",[],"[""2025-10-04T12:05:00.000""]","[""2163506"", ""2163507""]","[""SIDE-LEFT"", ""SIDE-RIGHT""]","[""IL""]","[""BUICK"", ""INFINITI""]","[""STRAIGHT AHEAD""]","[""OTHER (EXPLAIN IN NARRATIVE)"", ""QX30""]","[""1"", ""3""]","[""W""]","[""1"", ""2""]","[""DRIVER""]","[""UNKNOWN""]","[""2063625"", ""2064451""]","[""PASSENGER"", ""SPORT UTILITY VEHICLE (SUV)""]","[""PERSONAL""]","[""2014"", ""2016""]","[""Y""]","[""Y""]",[],[],[],[],[],"[""Y""]","[""N""]",[],"[""2""]","[""Y""]",[],[],[],[],"['13', '14', '38', '39']","[""DEPLOYMENT UNKNOWN"", ""DID NOT DEPLOY""]","[""TEST NOT OFFERED""]","[""CHICAGO""]","[""2025-10-04T12:05:00.000""]","[""NONE"", ""OVERCORRECTED""]","[""UNKNOWN""]","[""D""]","[""IL""]","[""NONE""]",[],"[""O2163506"", ""O2163507"", ""P477889"", ""P477890""]","[""DRIVER"", ""PASSENGER""]","[""UNKNOWN""]","[""USAGE UNKNOWN""]","[""F"", ""M""]","[""IL""]","[""2063625"", ""2064451""]","[""60617""]",[],"[""4"", ""6""]",[],[],[],[],2025,10,12,4,True,morning,41.72,-87.58,41.72_-87.58,26.0,13,39,OTHER,0
STRAIGHT AND LEVEL,1832,2025-10-04 12:00:00,7,12,10,A97C465A2F6A91F8B2DC2EB083CE9209433003FC6E66B6975E2F2BC388D7984C57BDF61CC408CD47432922AB3C2F0BE1C3D809017AD56782E3DAC74740E96108,NO INJURY / DRIVE AWAY,"OVER $1,500",NO CONTROLS,SIDESWIPE SAME DIRECTION,41.8941247035,DAYLIGHT,-87.6325163201,2,30,UNABLE TO DETERMINE,UNKNOWN,UNKNOWN,UNABLE TO DETERMINE,N,661,NO CONTROLS,NOT DIVIDED,CLEAR,0.0,0.0,0.0,0.0,0.0,1.0,1,1,"[""Y""]","[""Y""]",[],"[""2025-10-04T12:00:00.000""]","[""2163492"", ""2163493""]","[""FRONT-LEFT-CORNER"", ""FRONT-RIGHT-CORNER""]","[""IL""]","[""FORD"", ""MAZDA""]","[""CHANGING LANES"", ""STRAIGHT AHEAD""]","[""MUSTANG"", ""OTHER (EXPLAIN IN NARRATIVE)""]","[""1""]","[""UNKNOWN""]","[""1"", ""2""]","[""DRIVER""]","[""UNKNOWN""]","[""2062370"", ""2062384""]","[""SPORT UTILITY VEHICLE (SUV)""]","[""PERSONAL""]","[""2022"", ""2025""]",[],[],"[""Y""]",[],[],[],[],[],"[""Y""]",[],[],[],[],[],[],[],['41'],"[""DEPLOYMENT UNKNOWN""]","[""TEST NOT OFFERED""]","[""LAKE ZURICH""]","[""2025-10-04T12:00:00.000""]","[""IMPROPER LANE CHANGE"", ""UNKNOWN""]","[""UNKNOWN""]","[""D""]","[""IL""]","[""UNKNOWN""]",[],"[""O2163492"", ""O2163493""]","[""DRIVER""]","[""EMOTIONAL"", ""UNKNOWN""]","[""USAGE UNKNOWN""]","[""M""]","[""IL""]","[""2062370"", ""2062384""]","[""60047""]",[],[],[],[],[],[],2025,10,12,4,True,morning,41.89,-87.63,41.89_-87.63,41.0,41,41,OTHER,0
STRAIGHT AND LEVEL,1931,2025-10-04 12:00:00,7,12,10,8C6F6C547A8A7EE099A5410A008C480A0092354E3ECC2D56F01FE59BFDBD8AF364E1A1946C2CE36A6A559C9B05888FEC5223ABDE66B32086376BF2916293BA5C,NO INJURY / DRIVE AWAY,"OVER $1,500",NO CONTROLS,PARKED MOTOR VEHICLE,41.9394580308,DAYLIGHT,-87.6787750127,2,30,UNABLE TO DETERMINE,NO DEFECTS,DRY,UNABLE TO DETERMINE,W,2009,NO CONTROLS,NOT DIVIDED,CLEAR,0.0,1.0,0.0,0.0,0.0,1.0,2,0,[],[],[],"[""2025-10-04T12:00:00.000""]","[""2170133"", ""2170134""]","[""REAR-RIGHT-CORNER"", ""UNKNOWN""]","[""IL""]","[""JEEP"", ""UNKNOWN""]","[""PARKED"", ""STRAIGHT AHEAD""]","[""GRAND CHEROKEE"", ""MOTORIZED""]","[""0"", ""1""]","[""E""]","[""1"", ""2""]","[""DRIVER"", ""PARKED""]","[""NONE"", ""UNKNOWN""]","[""2068652"", ""2068653""]","[""PASSENGER""]","[""NOT IN USE"", ""PERSONAL""]","[""2019""]",[],[],[],[],[],"[""Y""]","[""Y""]",[],[],[],[],"[""Y""]",[],[],[],[],[],"[""DEPLOYMENT UNKNOWN""]","[""TEST NOT OFFERED""]",[],"[""2025-10-04T12:00:00.000""]","[""FAILED TO YIELD""]","[""UNKNOWN""]",[],[],"[""NONE""]",[],"[""O2170133""]","[""DRIVER""]","[""UNKNOWN""]","[""USAGE UNKNOWN""]","[""X""]",[],"[""2068652""]",[],[],[],[],[],[],[],2025,10,12,4,True,morning,41.94,-87.68,41.94_-87.68,0.0,0,0,OTHER,0
STRAIGHT AND LEVEL,1234,2025-10-04 12:00:00,7,12,10,856438DEB411663478A2DEBBE5EE877B0254FD35AC979126006DDE1CA288AD4E2257359291E361F6412C26EB3D36B6F00A44A422B4D973A36211AAD6A5DD2AF3,NO INJURY / DRIVE AWAY,"$501 - $1,500",NO CONTROLS,ANGLE,41.8521490192,DAYLIGHT,-87.6846531741,2,30,FAILING TO YIELD RIGHT-OF-WAY,NO DEFECTS,DRY,FAILING TO YIELD RIGHT-OF-WAY,W,2334,NO CONTROLS,NOT DIVIDED,CLEAR,0.0,0.0,0.0,0.0,0.0,1.0,1,1,"[""Y""]","[""Y""]","[""Y""]","[""2025-10-04T12:00:00.000""]","[""2163565"", ""2163566""]","[""FRONT-LEFT-CORNER"", ""SIDE-RIGHT""]","[""IL""]","[""HYUNDAI"", ""NISSAN""]","[""ENTERING TRAFFIC LANE FROM PARKING"", ""STRAIGHT AHEAD""]","[""ELANTRA"", ""KICKS""]","[""1""]","[""N"", ""W""]","[""1"", ""2""]","[""DRIVER""]","[""NONE"", ""UNKNOWN""]","[""2062501"", ""2062513""]","[""PASSENGER""]","[""PERSONAL""]","[""2007"", ""2023""]",[],[],"[""Y""]",[],[],[],[],[],[],[],[],[],[],[],[],[],['86'],"[""NOT APPLICABLE""]","[""TEST NOT OFFERED"", ""TEST REFUSED""]","[""CHICAGO""]","[""2025-10-04T12:00:00.000""]","[""FAILED TO YIELD"", ""NONE""]","[""NOT OBSCURED"", ""WINDSHIELD (WATER/ICE)""]",[],"[""IL""]","[""NONE""]",[],"[""O2163565"", ""O2163566""]","[""DRIVER""]","[""IMPAIRED - ALCOHOL"", ""NORMAL""]","[""USAGE UNKNOWN""]","[""F"", ""M""]","[""IL""]","[""2062501"", ""2062513""]","[""60608""]",[],[],[],[],[],[],2025,10,12,4,True,morning,41.85,-87.68,41.85_-87.68,86.0,86,86,FAILURE-TO-YIELD,0
STRAIGHT AND LEVEL,813,2025-10-04 12:00:00,7,12,10,15B8CE5C28C1A5A3989F458FE88D124B973DF297F39382829B6C35F1ECBE644543D9D9A2F3FB59FDB462EC1F23021EFBBBF0D35C6F8E98A1544B1CEE7DFBAD1B,NO INJURY / DRIVE AWAY,"$501 - $1,500",NO CONTROLS,SIDESWIPE SAME DIRECTION,41.7786523743,DAYLIGHT,-87.7325896285,2,30,IMPROPER OVERTAKING/PASSING,NO DEFECTS,DRY,NOT APPLICABLE,W,4400,NO CONTROLS,NOT DIVIDED,CLEAR,0.0,0.0,0.0,0.0,0.0,1.0,1,2,[],"[""Y""]",[],"[""2025-10-04T12:00:00.000""]","[""2163521"", ""2163522""]","[""FRONT-LEFT-CORNER"", ""SIDE-RIGHT""]","[""IL""]","[""BUICK"", ""DODGE""]","[""CHANGING LANES"", ""STRAIGHT AHEAD""]","[""LACROSSE"", ""OTHER (EXPLAIN IN NARRATIVE)""]","[""1""]","[""E""]","[""1"", ""2""]","[""DRIVER""]","[""NONE""]","[""2062408"", ""2062415""]","[""PASSENGER""]","[""PERSONAL""]","[""2016""]","[""Y""]",[],"[""Y""]",[],[],[],[],[],[],[],[],[],[],[],[],[],"['26', '85']","[""DID NOT DEPLOY"", ""NOT APPLICABLE""]","[""TEST NOT OFFERED""]","[""CICERO""]","[""2025-10-04T12:00:00.000""]","[""IMPROPER PASSING"", ""NONE""]","[""NOT OBSCURED""]",[],"[""IL""]","[""NONE""]",[],"[""O2163521"", ""O2163522""]","[""DRIVER""]","[""NORMAL""]","[""SAFETY BELT USED""]","[""F"", ""M""]","[""IL""]","[""2062408"", ""2062415""]",[],[],[],[],[],[],[],2025,10,12,4,True,morning,41.78,-87.73,41.78_-87.73,55.5,26,85,OTHER,0
STRAIGHT AND LEVEL,2515,2025-10-04 12:00:00,7,12,10,A9CE9D1C789C1648C2C6E26FBFCF0BC1EE0A3350DF1F1ED398B2152F41D1A3CE469BFCD9C22DA2C42AEA7C898F76D0B2BDBEDDEAFC18753E067E3371FAF0B88F,NO INJURY / DRIVE AWAY,"OVER $1,500",NO CONTROLS,TURNING,41.9267008786,DAYLIGHT,-87.7613114889,2,35,FAILING TO YIELD RIGHT-OF-WAY,UNKNOWN,DRY,UNABLE TO DETERMINE,N,2526,NO CONTROLS,NOT DIVIDED,CLEAR,0.0,0.0,1.0,0.0,0.0,1.0,1,2,"[""Y""]","[""Y""]","[""Y""]","[""2025-10-04T12:00:00.000""]","[""2163470"", ""2163471""]","[""SIDE-LEFT-FRONT"", ""SIDE-RIGHT-FRONT""]","[""IL""]","[""ACURA"", ""NISSAN""]","[""STRAIGHT AHEAD"", ""TURNING LEFT""]","[""SENTRA"", ""TLX""]","[""1""]","[""N"", ""W""]","[""1"", ""2""]","[""DRIVER""]","[""UNKNOWN""]","[""2062360"", ""2062364""]","[""PASSENGER""]","[""PERSONAL""]","[""2004"", ""2017""]",[],[],"[""Y""]",[],[],[],[],[],[],[],[],[],[],[],[],[],"['28', '31']","[""NOT APPLICABLE""]","[""TEST NOT OFFERED""]","[""CHICAGO""]","[""2025-10-04T12:00:00.000""]","[""UNKNOWN""]","[""UNKNOWN""]","[""C"", ""D""]","[""IL""]","[""NONE""]","[""REFUSED""]","[""O2163470"", ""O2163471""]","[""DRIVER""]","[""UNKNOWN""]","[""USAGE UNKNOWN""]","[""M""]","[""IL""]","[""2062360"", ""2062364""]","[""60639""]","[""N/A""]",[],[],[],[],[],2025,10,12,4,True,morning,41.93,-87.76,41.93_-87.76,29.5,28,31,FAILURE-TO-YIELD,0
STRAIGHT AND LEVEL,1723,2025-10-04 11:44:00,7,11,10,C3BDE7D6863027E848C51F86E654132E7D30CA398A5BDBE92A74AA61B1071C0D9754BBC79F32B618EBC7EB46778A6A8C9C20B8DEB5FF6858455B118ED06188CA,INJURY AND / OR TOW DUE TO CRASH,"OVER $1,500",FUNCTIONING PROPERLY,TURNING,41.9682219822,DAYLIGHT,-87.7278798029,2,30,FAILING TO REDUCE SPEED TO AVOID CRASH,NO DEFECTS,DRY,FAILING TO REDUCE SPEED TO AVOID CRASH,N,4759,TRAFFIC SIGNAL,FOUR WAY,CLEAR,0.0,0.0,1.0,0.0,0.0,1.0,1,1,"[""Y""]",[],"[""Y""]","[""2025-10-04T11:44:00.000""]","[""2163468"", ""2163469""]","[""FRONT"", ""SIDE-RIGHT-FRONT""]","[""CA"", ""IL""]","[""FORD"", ""PORSCHE""]","[""STRAIGHT AHEAD"", ""TURNING LEFT""]","[""ESCAPE"", ""TAYCAN""]","[""1""]","[""N"", ""SE""]","[""1"", ""2""]","[""DRIVER""]","[""UNKNOWN""]","[""2062352"", ""2062358""]","[""PASSENGER"", ""SPORT UTILITY VEHICLE (SUV)""]","[""PERSONAL""]","[""2021"", ""2024""]",[],[],"[""Y""]","[""PRIVATE TOW""]","[""Y""]",[],[],[],[],"[""N""]",[],[],[],[],[],[],['28'],"[""DEPLOYED, COMBINATION"", ""DID NOT DEPLOY""]","[""TEST NOT OFFERED""]","[""ATLANTA"", ""CHICAGO""]","[""2025-10-04T11:44:00.000""]","[""NONE"", ""OTHER""]","[""UNKNOWN""]","[""C"", ""D""]","[""GA"", ""IL""]","[""NONE""]",[],"[""O2163468"", ""O2163469""]","[""DRIVER""]","[""NORMAL""]","[""USAGE UNKNOWN""]","[""F"", ""M""]","[""GA"", ""IL""]","[""2062352"", ""2062358""]","[""30326"", ""60625""]",[],[],[],[],[],[],2025,10,11,4,True,morning,41.97,-87.73,41.97_-87.73,28.0,28,28,SPEEDING,0
STRAIGHT AND LEVEL,1624,2025-10-04 11:42:00,7,11,10,61BDB5DBB1C7F41BAFC5EDA7A746B92DD5C04E846A95AE5E53DF21C2C9C52E515E978845A989F18BC768AA798D9CFBDF46A0FAE8880D9D6D259999A18E2C8041,INJURY AND / OR TOW DUE TO CRASH,"OVER $1,500",FUNCTIONING PROPERLY,PEDESTRIAN,41.9532971981,DAYLIGHT,-87.7668813377,2,30,FAILING TO YIELD RIGHT-OF-WAY,NO DEFECTS,DRY,IMPROPER TURNING/NO SIGNAL,W,5598,TRAFFIC SIGNAL,NOT DIVIDED,CLEAR,0.0,0.0,0.0,0.0,0.0,1.0,2,2,[],[],"[""Y""]","[""2025-10-04T11:42:00.000""]","[""2163482"", ""2163483""]","[""FRONT""]","[""IL""]","[""DODGE""]","[""TURNING RIGHT""]","[""JOURNEY""]","[""1""]","[""S""]","[""1"", ""2""]","[""DRIVER"", ""PEDESTRIAN""]","[""NONE""]","[""2062366""]","[""PASSENGER""]","[""PERSONAL""]","[""2017""]",[],[],[],[],[],[],[],[],[],[],[],[],[],[],[],[],"['39', '66']","[""NOT APPLICABLE""]","[""TEST NOT OFFERED""]","[""CHICAGO""]","[""2025-10-04T11:42:00.000""]","[""FAILED TO YIELD"", ""NONE""]","[""NOT OBSCURED""]","[""D""]","[""IL""]","[""NONE""]","[""COMMUNITY FIRST MEDICAL CENTER""]","[""O2163482"", ""O2163483""]","[""DRIVER"", ""PEDESTRIAN""]","[""NORMAL"", ""REMOVED BY EMS""]","[""SAFETY BELT USED""]","[""F""]","[""IL""]","[""2062366""]","[""60630"", ""60634""]","[""CFD""]",[],"[""CROSSING - WITH SIGNAL""]","[""IN CROSSWALK""]","[""NO CONTRASTING CLOTHING""]",[],2025,10,11,4,True,morning,41.95,-87.77,41.95_-87.77,52.5,39,66,FAILURE-TO-YIELD,1
STRAIGHT AND LEVEL,921,2025-10-04 11:40:00,7,11,10,85C033E0E8E6ED5D4D7216A2AD7C99E4D0DBE6AABD82DA54C1A117260E48AFE3D17EEF519ECE5C6E388DF67077CBCE456A6D7E76CD785E9F18374E126BB0FB08,NO INJURY / DRIVE AWAY,$500 OR LESS,NO CONTROLS,REAR TO FRONT,41.8175791619,DAYLIGHT,-87.6872254965,2,25,UNABLE TO DETERMINE,NO DEFECTS,DRY,UNABLE TO DETERMINE,W,2500,NO CONTROLS,NOT DIVIDED,CLEAR,0.0,0.0,0.0,0.0,0.0,1.0,1,2,"[""Y""]",[],[],"[""2025-10-04T11:40:00.000""]","[""2163490"", ""2163491""]","[""FRONT-RIGHT-CORNER"", ""REAR-LEFT-CORNER""]","[""IL""]","[""HONDA"", ""LEXUS""]","[""BACKING"", ""STRAIGHT AHEAD""]","[""PILOT"", ""RX300""]","[""1""]","[""E"", ""W""]","[""1"", ""2""]","[""DRIVER""]","[""UNKNOWN""]","[""2062371"", ""2062378""]","[""PASSENGER""]","[""PERSONAL""]","[""2010"", ""2019""]",[],[],[],[],[],"[""Y""]",[],[],[],[],[],[],[],[],[],[],"['44', '46']","[""DID NOT DEPLOY"", ""NOT APPLICABLE""]","[""TEST NOT OFFERED""]","[""CHICAGO""]","[""2025-10-04T11:40:00.000""]","[""UNKNOWN""]","[""UNKNOWN""]","[""D""]","[""IL""]","[""NONE""]",[],"[""O2163490"", ""O2163491""]","[""DRIVER""]","[""NORMAL""]","[""USAGE UNKNOWN""]","[""F"", ""M""]","[""IL""]","[""2062371"", ""2062378""]","[""60632""]",[],[],[],[],[],[],2025,10,11,4,True,morning,41.82,-87.69,41.82_-87.69,45.0,44,46,OTHER,0