alignment,beat_of_occurrence,crash_date,crash_day_of_week,crash_hour,crash_month,crash_record_id,crash_type,damage,device_condition,first_crash_type,latitude,lighting_condition,longitude,num_units,posted_speed_limit,prim_contributory_cause,road_defect,roadway_surface_cond,sec_contributory_cause,street_direction,street_no,traffic_control_device,trafficway_type,weather_condition,private_property_i,hit_and_run_i,intersection_related_i,crash_date_est_i,work_zone_i,workers_present_i,veh_count,ppl_count,veh_area_01_i_list_json,veh_area_02_i_list_json,veh_area_12_i_list_json,veh_crash_date_list_json,veh_crash_unit_id_list_json,veh_first_contact_point_list_json,veh_lic_plate_state_list_json,veh_make_list_json,veh_maneuver_list_json,veh_model_list_json,veh_occupant_cnt_list_json,veh_travel_direction_list_json,veh_unit_no_list_json,veh_unit_type_list_json,veh_vehicle_defect_list_json,veh_vehicle_id_list_json,veh_vehicle_type_list_json,veh_vehicle_use_list_json,veh_vehicle_year_list_json,veh_area_03_i_list_json,veh_area_04_i_list_json,veh_area_11_i_list_json,veh_towed_by_list_json,veh_towed_i_list_json,veh_area_07_i_list_json,veh_area_99_i_list_json,veh_area_09_i_list_json,veh_area_10_i_list_json,veh_cmrc_veh_i_list_json,veh_num_passengers_list_json,veh_area_08_i_list_json,veh_area_00_i_list_json,veh_area_05_i_list_json,veh_area_06_i_list_json,veh_towed_to_list_json,ppl_age_list_json,ppl_airbag_deployed_list_json,ppl_bac_result_list_json,ppl_city_list_json,ppl_crash_date_list_json,ppl_driver_action_list_json,ppl_driver_vision_list_json,ppl_drivers_license_class_list_json,ppl_drivers_license_state_list_json,ppl_ejection_list_json,ppl_hospital_list_json,ppl_person_id_list_json,ppl_person_type_list_json,ppl_physical_condition_list_json,ppl_safety_equipment_list_json,ppl_sex_list_json,ppl_state_list_json,ppl_vehicle_id_list_json,ppl_zipcode_list_json,ppl_ems_agency_list_json,ppl_seat_no_list_json,ppl_pedpedal_action_list_json,ppl_pedpedal_location_list_json,ppl_pedpedal_visibility_list_json,ppl_ems_run_no_list_json,year,month,hour,day,is_weekend,hour_bin,lat_bin,lng_bin,grid_id,ppl_age_mean,ppl_age_min,ppl_age_max,prim_contributory_cause_group,ksi_flag
STRAIGHT AND LEVEL,1731,2025-10-04 11:34:00,7,11,10,B45859CC1FD3C6B61563BA21D7A3B398040C8FD9A0BE8E2009AE7E3AD4C7179050078BC36EBC2187A42AEB54346DC2B2669DB08B893B68E7DCBE0140CA9AB629,NO INJURY / DRIVE AWAY,"$501 - $1,500",NO CONTROLS,PARKED MOTOR VEHICLE,41.9421998787,DAYLIGHT,-87.739739381,2,25,UNABLE TO DETERMINE,UNKNOWN,DRY,UNABLE TO DETERMINE,N,3348,NO CONTROLS,NOT DIVIDED,CLEAR,0.0,1.0,0.0,0.0,0.0,1.0,2,0,[],[],[],"[""2025-10-04T11:34:00.000""]","[""2164037"", ""2164038""]","[""FRONT-LEFT-CORNER"", ""SIDE-RIGHT""]","[""IL""]","[""FORD"", ""HONDA""]","[""BACKING"", ""PARKED""]","[""CR-V"", ""TRANSIT""]","[""0"", ""1""]","[""S""]","[""1"", ""2""]","[""DRIVER"", ""PARKED""]","[""NONE"", ""UNKNOWN""]","[""2062889"", ""2062892""]","[""SPORT UTILITY VEHICLE (SUV)"", ""VAN/MINI-VAN""]","[""NOT IN USE"", ""UNKNOWN/NA""]","[""2009"", ""2019""]","[""Y""]",[],"[""Y""]",[],[],[],"[""Y""]",[],"[""Y""]",[],[],[],[],[],[],[],[],"[""DEPLOYMENT UNKNOWN""]","[""TEST NOT OFFERED""]","[""CHICAGO""]","[""2025-10-04T11:34:00.000""]","[""OTHER""]","[""UNKNOWN""]",[],[],"[""NONE""]",[],"[""O2164037""]","[""DRIVER""]","[""UNKNOWN""]","[""USAGE UNKNOWN""]","[""M""]","[""IL""]","[""2062889""]","[""60608""]",[],[],[],[],[],[],2025,10,11,4,True,morning,41.94,-87.74,41.94_-87.74,0.0,0,0,OTHER,0
STRAIGHT AND LEVEL,835,2025-10-04 11:30:00,7,11,10,98872188F68A2BF14E6BF870169D650373E55547128AA392E045281F2556EA9F01D1A1C9C5530389E8607B2BFB8CCA0890EFC6C14165A4FEE931EB3C30E07CF5,NO INJURY / DRIVE AWAY,$500 OR LESS,NO CONTROLS,SIDESWIPE SAME DIRECTION,41.7428895857,DAYLIGHT,-87.6828266386,2,30,UNABLE TO DETERMINE,NO DEFECTS,DRY,UNABLE TO DETERMINE,S,8258,NO CONTROLS,NOT DIVIDED,CLEAR,0.0,0.0,0.0,0.0,0.0,1.0,1,0,[],[],[],"[""2025-10-04T11:30:00.000""]","[""2163462"", ""2163463""]","[""FRONT-LEFT-CORNER"", ""UNKNOWN""]","[""IL""]","[""DODGE"", ""TOYOTA""]","[""CHANGING LANES"", ""STRAIGHT AHEAD""]","[""CAMRY"", ""RAM PROMASTER""]","[""1""]","[""N""]","[""1"", ""2""]","[""DRIVER""]","[""NONE""]","[""2062340"", ""2062342""]","[""PASSENGER""]","[""PERSONAL""]","[""2015"", ""2019""]",[],[],"[""Y""]",[],[],[],"[""Y""]",[],[],[],[],[],[],[],[],[],[],"[""DID NOT DEPLOY"", ""NOT APPLICABLE""]","[""TEST NOT OFFERED""]","[""CHICAGO""]","[""2025-10-04T11:30:00.000""]","[""FAILED TO YIELD""]","[""NOT OBSCURED"", ""UNKNOWN""]","[""D""]","[""IL""]","[""NONE""]",[],"[""O2163462"", ""O2163463""]","[""DRIVER""]","[""NORMAL""]","[""SAFETY BELT USED"", ""USAGE UNKNOWN""]","[""F"", ""M""]","[""IL""]","[""2062340"", ""2062342""]","[""60637"", ""60652""]",[],[],[],[],[],[],2025,10,11,4,True,morning,41.74,-87.68,41.74_-87.68,0.0,0,0,OTHER,0
STRAIGHT AND LEVEL,812,2025-10-04 11:30:00,7,11,10,48A6AAF7C718C76E696001DF000263606F7D9DE37456A051DEEDB318FF90850384B1E5D7304112ED93C2AF9CB442DA73C762BA7CC4EF48F8EE1D185D8317C271,NO INJURY / DRIVE AWAY,"OVER $1,500",NO CONTROLS,TURNING,41.7781356369,DAYLIGHT,-87.7630125084,2,30,UNABLE TO DETERMINE,NO DEFECTS,DRY,UNABLE TO DETERMINE,W,5632,NO CONTROLS,NOT DIVIDED,CLEAR,0.0,0.0,1.0,0.0,0.0,1.0,1,0,[],[],"[""N""]","[""2025-10-04T11:30:00.000""]","[""2164082"", ""2164083""]","[""FRONT-LEFT-CORNER"", ""SIDE-RIGHT""]","[""IL""]","[""CHEVROLET"", ""TOYOTA""]","[""STRAIGHT AHEAD"", ""TURNING LEFT""]","[""MALIBU"", ""SIENNA""]","[""1""]","[""W""]","[""1"", ""2""]","[""DRIVER""]","[""NONE"", ""UNKNOWN""]","[""2062928"", ""2062934""]","[""PASSENGER""]","[""PERSONAL""]","[""2017"", ""2021""]","[""Y""]",[],"[""Y""]",[],[],[],"[""Y""]",[],[],[],[],[],[],[],[],[],[],"[""DEPLOYMENT UNKNOWN"", ""DID NOT DEPLOY""]","[""TEST NOT OFFERED""]",[],"[""2025-10-04T11:30:00.000""]","[""FAILED TO YIELD"", ""UNKNOWN""]","[""UNKNOWN""]",[],"[""IL""]","[""NONE""]",[],"[""O2164082"", ""O2164083""]","[""DRIVER""]","[""NORMAL"", ""UNKNOWN""]","[""SAFETY BELT USED"", ""USAGE UNKNOWN""]","[""F"", ""M""]",[],"[""2062928"", ""2062934""]","[""60638""]",[],[],[],[],[],[],2025,10,11,4,True,morning,41.78,-87.76,41.78_-87.76,0.0,0,0,OTHER,0
STRAIGHT AND LEVEL,2525,2025-10-04 11:30:00,7,11,10,4C28AF312D09FB08F1C87D3C7EB5F213256D5AFF463C864CCE446E75846D93B52835CF0EA55A571178E34470698CF138B081375BF06D303E7F22FB10F6A74448,INJURY AND / OR TOW DUE TO CRASH,"OVER $1,500",FUNCTIONING PROPERLY,PEDALCYCLIST,41.9243735287,DAYLIGHT,-87.7268136781,2,30,IMPROPER TURNING/NO SIGNAL,NO DEFECTS,DRY,FAILING TO YIELD RIGHT-OF-WAY,W,4001,TRAFFIC SIGNAL,FOUR WAY,CLEAR,0.0,0.0,1.0,0.0,0.0,1.0,2,2,"[""Y""]",[],[],"[""2025-10-04T11:30:00.000""]","[""2163436"", ""2163437""]","[""FRONT-RIGHT-CORNER""]","[""IL""]","[""NISSAN""]","[""TURNING LEFT""]","[""TRUCK""]","[""1""]","[""SE""]","[""1"", ""2""]","[""BICYCLE"", ""DRIVER""]","[""NONE""]","[""2062315""]","[""PASSENGER""]","[""PERSONAL""]","[""2008""]",[],[],[],[],[],[],[],[],[],[],[],[],[],[],[],[],"['18', '32']","[""DID NOT DEPLOY""]","[""TEST NOT OFFERED""]","[""CHICAGO""]","[""2025-10-04T11:30:00.000""]","[""FAILED TO YIELD"", ""NONE""]","[""NOT OBSCURED""]","[""D""]","[""IL""]","[""NONE""]",[],"[""O2163436"", ""O2163437""]","[""BICYCLE"", ""DRIVER""]","[""NORMAL""]","[""HELMET NOT USED"", ""SAFETY BELT USED""]","[""F"", ""M""]","[""IL""]","[""2062315""]","[""60618"", ""60639""]","[""AMB 52""]",[],"[""CROSSING - WITH SIGNAL""]","[""IN CROSSWALK""]","[""NO CONTRASTING CLOTHING""]",[],2025,10,11,4,True,morning,41.92,-87.73,41.92_-87.73,25.0,18,32,OTHER,1
STRAIGHT AND LEVEL,2532,2025-10-04 11:30:00,7,11,10,9368370EE54D69D53C753BDF7AB39E65354E98EAA6EDE59EB15E8347CA56F583806D3908EE0CF5FEA3CFF710864A88A26EC7867CFB3C9F1AFB187DEC5802B73A,NO INJURY / DRIVE AWAY,"OVER $1,500",FUNCTIONING PROPERLY,REAR END,41.9093873162,DAYLIGHT,-87.7561406127,2,30,IMPROPER BACKING,UNKNOWN,DRY,NOT APPLICABLE,W,5215,TRAFFIC SIGNAL,FOUR WAY,CLEAR,0.0,1.0,0.0,0.0,0.0,1.0,1,1,"[""Y""]",[],"[""Y""]","[""2025-10-04T11:30:00.000""]","[""2163579"", ""2163580""]","[""FRONT"", ""REAR""]","[""IL""]","[""NISSAN"", ""UNKNOWN""]","[""BACKING"", ""SLOW/STOP IN TRAFFIC""]","[""OTHER (EXPLAIN IN NARRATIVE)"", ""SENTRA""]","[""1""]","[""E""]","[""1"", ""2""]","[""DRIVER""]","[""UNKNOWN""]","[""2062441"", ""2062445""]","[""PASSENGER"", ""UNKNOWN/NA""]","[""PERSONAL"", ""UNKNOWN/NA""]","[""2012""]",[],[],"[""Y""]",[],[],[],[],[],[],[],[],[],[],[],"[""Y""]",[],['34'],"[""DEPLOYMENT UNKNOWN"", ""NOT APPLICABLE""]","[""TEST NOT OFFERED""]","[""ELMWOOD PARK""]","[""2025-10-04T11:30:00.000""]","[""NONE"", ""UNKNOWN""]","[""NOT OBSCURED"", ""UNKNOWN""]",[],"[""IL""]","[""NONE""]",[],"[""O2163579"", ""O2163580""]","[""DRIVER""]","[""UNKNOWN""]","[""USAGE UNKNOWN""]","[""F"", ""X""]","[""IL""]","[""2062441"", ""2062445""]","[""60707""]",[],[],[],[],[],[],2025,10,11,4,True,morning,41.91,-87.76,41.91_-87.76,34.0,34,34,OTHER,0
STRAIGHT AND LEVEL,1915,2025-10-04 11:30:00,7,11,10,22D92AC7933CF158041D8BE598A10657DFC49A2627F3E0D89775D21273F597DCC085099AA91A0E988FEE885601C0F0DF634D70F0913655F71B2EBD74B11B877E,NO INJURY / DRIVE AWAY,"OVER $1,500",FUNCTIONING PROPERLY,TURNING,41.9546672516,DAYLIGHT,-87.6454106252,2,30,FAILING TO YIELD RIGHT-OF-WAY,NO DEFECTS,DRY,NOT APPLICABLE,N,4000,TRAFFIC SIGNAL,NOT DIVIDED,CLEAR,0.0,0.0,1.0,0.0,0.0,1.0,1,2,"[""Y""]","[""Y""]",[],"[""2025-10-04T11:30:00.000""]","[""2163434"", ""2163435""]","[""FRONT-RIGHT-CORNER"", ""SIDE-LEFT""]","[""IL""]","[""CHEVROLET"", ""VOLKSWAGEN""]","[""STRAIGHT AHEAD"", ""TURNING LEFT""]","[""OTHER (EXPLAIN IN NARRATIVE)"", ""VAN""]","[""1""]","[""N"", ""S""]","[""1"", ""2""]","[""DRIVER""]","[""NONE""]","[""2062312"", ""2062317""]","[""PASSENGER"", ""VAN/MINI-VAN""]","[""OTHER"", ""PERSONAL""]","[""2012"", ""2018""]",[],[],"[""Y""]",[],[],[],[],"[""Y""]","[""Y""]",[],[],[],[],[],[],[],"['35', '69']","[""DID NOT DEPLOY""]","[""TEST NOT OFFERED""]","[""CHICAGO""]","[""2025-10-04T11:30:00.000""]","[""FAILED TO YIELD"", ""NONE""]","[""NOT OBSCURED""]","[""D""]","[""IL""]","[""NONE""]",[],"[""O2163434"", ""O2163435""]","[""DRIVER""]","[""NORMAL""]","[""SAFETY BELT USED""]","[""M""]","[""IL""]","[""2062312"", ""2062317""]","[""60613"", ""60632""]",[],[],[],[],[],[],2025,10,11,4,True,morning,41.95,-87.65,41.95_-87.65,52.0,35,69,FAILURE-TO-YIELD,0
STRAIGHT AND LEVEL,2535,2025-10-04 11:30:00,7,11,10,C2E83B251B33539352A0107E12DF7D050FD99AE2953805E064552EDA9F24040D9C260941F6BB47C9B897CE0740C2C2D38173C84FB3CDC768AA0F72D7EF01741C,NO INJURY / DRIVE AWAY,"$501 - $1,500",NO CONTROLS,PARKED MOTOR VEHICLE,41.9064158015,DAYLIGHT,-87.7168305756,2,30,UNABLE TO DETERMINE,NO DEFECTS,DRY,FAILING TO REDUCE SPEED TO AVOID CRASH,N,1400,NO CONTROLS,NOT DIVIDED,CLEAR,0.0,1.0,0.0,0.0,0.0,1.0,2,0,[],"[""Y""]",[],"[""2025-10-04T11:30:00.000""]","[""2163458"", ""2163459""]","[""FRONT-RIGHT-CORNER"", ""SIDE-LEFT-FRONT""]","[""IL""]","[""FORD"", ""UNKNOWN""]","[""PARKED"", ""STRAIGHT AHEAD""]","[""OTHER (EXPLAIN IN NARRATIVE)"", ""TRANSIT""]","[""0"", ""1""]","[""S""]","[""1"", ""2""]","[""DRIVER"", ""PARKED""]","[""NONE"", ""UNKNOWN""]","[""2062335"", ""2062338""]","[""PASSENGER"", ""VAN/MINI-VAN""]","[""OTHER"", ""UNKNOWN/NA""]","[""2020""]",[],[],[],[],[],[],[],[],"[""Y""]",[],[],[],[],[],[],[],[],"[""DEPLOYMENT UNKNOWN""]","[""TEST NOT OFFERED""]",[],"[""2025-10-04T11:30:00.000""]","[""TOO FAST FOR CONDITIONS""]","[""UNKNOWN""]",[],[],"[""NONE""]",[],"[""O2163458""]","[""DRIVER""]","[""UNKNOWN""]","[""USAGE UNKNOWN""]","[""X""]",[],"[""2062335""]",[],[],[],[],[],[],[],2025,10,11,4,True,morning,41.91,-87.72,41.91_-87.72,0.0,0,0,OTHER,0
STRAIGHT AND LEVEL,1832,2025-10-04 11:30:00,7,11,10,E8B3666B1AC396FD75D5796CAD9B04ED4FB47201E396BD62A18FA12F3B979086DA5805A23A8C8D35485A83D54AD8F749DFF354632F75AD16A86D284644EFDC11,NO INJURY / DRIVE AWAY,"OVER $1,500",NO CONTROLS,PEDALCYCLIST,41.8999082903,DAYLIGHT,-87.6305533977,2,30,UNABLE TO DETERMINE,UNKNOWN,UNKNOWN,UNABLE TO DETERMINE,W,60,NO CONTROLS,NOT DIVIDED,CLEAR,0.0,0.0,0.0,0.0,0.0,1.0,2,1,[],[],[],"[""2025-10-04T11:30:00.000""]","[""2164130"", ""2164131""]","[""REAR-RIGHT-CORNER""]","[""IL""]","[""MAZDA""]","[""STRAIGHT AHEAD""]","[""CX-3""]","[""1""]","[""UNKNOWN""]","[""1"", ""2""]","[""BICYCLE"", ""DRIVER""]","[""UNKNOWN""]","[""2062969""]","[""SPORT UTILITY VEHICLE (SUV)""]","[""PERSONAL""]","[""2018""]","[""Y""]","[""Y""]",[],[],[],"[""N""]",[],"[""N""]",[],[],[],"[""N""]",[],"[""Y""]",[],[],['29'],"[""DEPLOYMENT UNKNOWN""]","[""TEST NOT OFFERED""]","[""CHICAGO""]","[""2025-10-04T11:30:00.000""]","[""FOLLOWED TOO CLOSELY"", ""UNKNOWN""]","[""UNKNOWN""]","[""D""]","[""IL""]","[""UNKNOWN""]",[],"[""O2164130"", ""O2164131""]","[""BICYCLE"", ""DRIVER""]","[""EMOTIONAL""]","[""HELMET NOT USED"", ""USAGE UNKNOWN""]","[""M""]","[""IL""]","[""2062969""]","[""60614""]",[],[],"[""UNKNOWN/NA""]","[""IN ROADWAY""]","[""NO CONTRASTING CLOTHING""]",[],2025,10,11,4,True,morning,41.9,-87.63,41.9_-87.63,29.0,29,29,OTHER,0
STRAIGHT AND LEVEL,511,2025-10-04 11:30:00,7,11,10,F2D1D234964485B8C4AFA08BD0E069AFA75D85565707BDBF17CCF882CEF6C684FA92CBD7582F912FC896678F3FA93C06701B5B5731CBE71471A7BBF9F82E98F9,NO INJURY / DRIVE AWAY,"OVER $1,500",NO CONTROLS,REAR END,41.7202805934,UNKNOWN,-87.6204084201,2,20,UNABLE TO DETERMINE,UNKNOWN,UNKNOWN,NOT APPLICABLE,S,9551,NO CONTROLS,NOT DIVIDED,CLEAR,0.0,0.0,0.0,0.0,0.0,1.0,1,2,[],[],"[""Y""]","[""2025-10-04T11:30:00.000""]","[""2164586"", ""2164587""]","[""FRONT"", ""REAR""]","[""IL""]","[""ALFA ROMEO"", ""VOLKSWAGEN""]","[""STRAIGHT AHEAD""]","[""ATLAS"", ""OTHER (EXPLAIN IN NARRATIVE)""]","[""2"", ""3""]","[""N""]","[""1"", ""2""]","[""DRIVER""]","[""UNKNOWN""]","[""2063414"", ""2063422""]","[""PASSENGER""]","[""PERSONAL""]","[""2021"", ""2025""]",[],[],[],[],[],[],[],[],[],[],"[""1"", ""2""]",[],[],[],"[""Y""]",[],"['12', '32']","[""DEPLOYMENT UNKNOWN"", ""DID NOT DEPLOY""]","[""TEST NOT OFFERED""]","[""CHICAGO""]","[""2025-10-04T11:30:00.000""]","[""UNKNOWN""]","[""UNKNOWN""]","[""D""]","[""IL""]","[""NONE""]",[],"[""O2164586"", ""O2164587"", ""P477709"", ""P477710"", ""P477711""]","[""DRIVER"", ""PASSENGER""]","[""UNKNOWN""]","[""USAGE UNKNOWN""]","[""F"", ""M""]","[""IL""]","[""2063414"", ""2063422""]","[""60637""]",[],"[""12"", ""3""]",[],[],[],[],2025,10,11,4,True,morning,41.72,-87.62,41.72_-87.62,22.0,12,32,OTHER,0
STRAIGHT AND LEVEL,1824,2025-10-04 11:28:00,7,11,10,191891B3915F2B19BEECD014B46E1265D29BC71585A6234AF59AD1423B202997AA30E2AD4D3C17A9DCED8685B189874035F977ACC9C92030D31B84BF770D6691,NO INJURY / DRIVE AWAY,"OVER $1,500",FUNCTIONING PROPERLY,PEDALCYCLIST,41.9111500202,DAYLIGHT,-87.6315312169,2,25,UNABLE TO DETERMINE,NO DEFECTS,DRY,NOT APPLICABLE,N,1599,TRAFFIC SIGNAL,FOUR WAY,CLEAR,0.0,0.0,0.0,0.0,0.0,1.0,2,2,[],[],[],"[""2025-10-04T11:28:00.000""]","[""2182717"", ""2182718""]","[""SIDE-LEFT""]","[""IL""]","[""TESLA""]","[""STRAIGHT AHEAD""]","[""MODEL Y""]","[""1""]","[""E""]","[""1"", ""2""]","[""BICYCLE"", ""DRIVER""]","[""UNKNOWN""]","[""2080605""]","[""SPORT UTILITY VEHICLE (SUV)""]","[""PERSONAL""]","[""2024""]",[],[],[],[],[],"[""Y""]",[],"[""Y""]","[""Y""]",[],[],"[""Y""]",[],[],"[""Y""]",[],"['22', '43']","[""NOT APPLICABLE""]","[""TEST NOT OFFERED""]","[""CHICAGO""]","[""2025-10-04T11:28:00.000""]","[""IMPROPER PASSING"", ""NONE""]","[""NOT OBSCURED""]","[""D""]","[""IL""]","[""NONE"", ""UNKNOWN""]",[],"[""O2182717"", ""O2182718""]","[""BICYCLE"", ""DRIVER""]","[""NORMAL""]","[""HELMET NOT USED"", ""USAGE UNKNOWN""]","[""F"", ""M""]","[""IL""]","[""2080605""]","[""60622""]",[],[],"[""UNKNOWN/NA""]","[""IN ROADWAY""]","[""NO CONTRASTING CLOTHING""]",[],2025,10,11,4,True,morning,41.91,-87.63,41.91_-87.63,32.5,22,43,OTHER,0
STRAIGHT AND LEVEL,823,2025-10-04 11:26:00,7,11,10,4231A3FC10F2E3D0AFF604E98BDC1F6035ADD4F0652D7CA781306396288AB923F299774E57CBCFE01B4363BB059D8AAEED53A7A118FB89B759B14BE0A277A4CE,NO INJURY / DRIVE AWAY,"OVER $1,500",NO CONTROLS,PEDALCYCLIST,41.7770544278,DAYLIGHT,-87.7020125899,2,25,DISTRACTION - FROM OUTSIDE VEHICLE,NO DEFECTS,DRY,FAILING TO REDUCE SPEED TO AVOID CRASH,W,3135,NO CONTROLS,ONE-WAY,CLEAR,0.0,0.0,0.0,0.0,0.0,1.0,2,2,"[""Y""]",[],"[""Y""]","[""2025-10-04T11:26:00.000""]","[""2163453"", ""2163454""]","[""SIDE-RIGHT-FRONT""]","[""IL""]","[""MERCEDES-BENZ""]","[""STRAIGHT AHEAD""]","[""GLE""]","[""1""]","[""E""]","[""1"", ""2""]","[""BICYCLE"", ""DRIVER""]","[""UNKNOWN""]","[""2062332""]","[""SPORT UTILITY VEHICLE (SUV)""]","[""PERSONAL""]","[""2017""]",[],[],[],[],[],[],[],[],[],[],[],[],[],[],[],[],"['31', '68']","[""DID NOT DEPLOY""]","[""TEST NOT OFFERED""]","[""CHICAGO""]","[""2025-10-04T11:26:00.000""]","[""FAILED TO YIELD"", ""NONE""]","[""UNKNOWN""]","[""D""]","[""IL""]","[""NONE""]","[""REFUSED MED ATTENTION ON SCENE""]","[""O2163453"", ""O2163454""]","[""BICYCLE"", ""DRIVER""]","[""NORMAL""]","[""HELMET NOT USED"", ""USAGE UNKNOWN""]","[""F"", ""M""]","[""IL""]","[""2062332""]","[""60629"", ""60652""]","[""CFD AMB#78""]",[],"[""NO ACTION""]","[""IN ROADWAY""]","[""CONTRASTING CLOTHING""]",[],2025,10,11,4,True,morning,41.78,-87.7,41.78_-87.7,49.5,31,68,DISTRACTION/INATTENTION,0
STRAIGHT AND LEVEL,414,2025-10-04 11:20:00,7,11,10,AE41CED12CA82C0C380C15F5930911C9AE62F6E3F8C6C84629B95944AB936D400895ECD8E652ABAD5111E84FF6357CD0F07CF6DF8924E2B68132C9BD48FE41EC,NO INJURY / DRIVE AWAY,"OVER $1,500",NO CONTROLS,PARKED MOTOR VEHICLE,41.7517931857,DAYLIGHT,-87.5685250799,2,30,UNABLE TO DETERMINE,NO DEFECTS,DRY,UNABLE TO DETERMINE,S,7867,NO CONTROLS,OTHER,CLEAR,0.0,1.0,0.0,0.0,0.0,1.0,2,0,[],[],[],"[""2025-10-04T11:20:00.000""]","[""2164340"", ""2164341""]","[""REAR"", ""SIDE-LEFT""]","[""IL""]","[""CHEVROLET"", ""TOYOTA""]","[""BACKING"", ""PARKED""]","[""OTHER (EXPLAIN IN NARRATIVE)"", ""TRAX""]","[""0"", ""1""]","[""N""]","[""1"", ""2""]","[""DRIVER"", ""PARKED""]","[""UNKNOWN""]","[""2063164"", ""2063168""]","[""SPORT UTILITY VEHICLE (SUV)""]","[""NOT IN USE"", ""UNKNOWN/NA""]","[""2006"", ""2019""]",[],[],"[""N"", ""Y""]",[],[],[],"[""Y""]","[""N"", ""Y""]","[""N"", ""Y""]",[],[],[],[],[],[],[],[],"[""DEPLOYMENT UNKNOWN""]","[""TEST NOT OFFERED""]",[],"[""2025-10-04T11:20:00.000""]","[""OTHER""]","[""UNKNOWN""]",[],[],"[""NONE""]",[],"[""O2164340""]","[""DRIVER""]","[""UNKNOWN""]","[""USAGE UNKNOWN""]","[""F""]",[],"[""2063164""]",[],[],[],[],[],[],[],2025,10,11,4,True,morning,41.75,-87.57,41.75_-87.57,0.0,0,0,OTHER,0
STRAIGHT AND LEVEL,414,2025-10-04 11:20:00,7,11,10,D138B75F6303D395629CCB8C8EF447607280BBBAAF7C2AFB4BC83495E9D28BD9A28A02A5778F6A1B87DEB785BC4452491BA30CC73FE6A5CBD7B12181734C0BF4,NO INJURY / DRIVE AWAY,"$501 - $1,500",NO CONTROLS,PARKED MOTOR VEHICLE,41.7587838191,DAYLIGHT,-87.5762866492,2,30,UNABLE TO DETERMINE,UNKNOWN,DRY,NOT APPLICABLE,S,7500,NO CONTROLS,OTHER,CLEAR,0.0,0.0,0.0,0.0,0.0,1.0,2,2,[],"[""Y""]",[],"[""2025-10-04T11:20:00.000""]","[""2167303"", ""2167304""]","[""FRONT-LEFT-CORNER"", ""SIDE-RIGHT""]","[""IL""]","[""CHEVROLET"", ""CHRYSLER""]","[""PARKED"", ""TURNING RIGHT""]","[""IMPALA"", ""TOWN & COUNTRY""]","[""1""]","[""UNKNOWN""]","[""1"", ""2""]","[""DRIVER"", ""PARKED""]","[""NONE"", ""UNKNOWN""]","[""2065961"", ""2065962""]","[""PASSENGER"", ""VAN/MINI-VAN""]","[""OTHER"", ""PERSONAL""]","[""2008"", ""2013""]","[""Y""]","[""Y""]","[""Y""]",[],[],[],"[""N""]",[],"[""Y""]",[],"[""1""]",[],[],[],[],[],"['51', '61']","[""DID NOT DEPLOY"", ""NOT APPLICABLE""]","[""TEST NOT OFFERED""]","[""CHICAGO""]","[""2025-10-04T11:20:00.000""]","[""UNKNOWN""]","[""UNKNOWN""]",[],"[""IL""]","[""NONE""]",[],"[""O2167304"", ""P478219""]","[""DRIVER"", ""PASSENGER""]","[""NORMAL""]","[""NONE PRESENT"", ""SAFETY BELT USED""]","[""F"", ""M""]","[""IL""]","[""2065961"", ""2065962""]","[""60628""]",[],"[""1""]",[],[],[],[],2025,10,11,4,True,morning,41.76,-87.58,41.76_-87.58,56.0,51,61,OTHER,0
STRAIGHT AND LEVEL,1831,2025-10-04 11:15:00,7,11,10,2E6C96F7C678B1D0CC6E45AF4086C3DCB46725C81B500FBAD7B470C6DB25EFA6E9AD439F34043682DC757003989535E38447F1FEA3DA18C5E6D175D5B460AF39,NO INJURY / DRIVE AWAY,"OVER $1,500",NO CONTROLS,SIDESWIPE SAME DIRECTION,41.8946666853,DAYLIGHT,-87.6352438979,2,25,FAILING TO YIELD RIGHT-OF-WAY,NO DEFECTS,DRY,FAILING TO REDUCE SPEED TO AVOID CRASH,W,225,NO CONTROLS,ONE-WAY,CLEAR,0.0,0.0,0.0,0.0,0.0,1.0,1,2,"[""Y""]",[],[],"[""2025-10-04T11:15:00.000""]","[""2163442"", ""2163443""]","[""FRONT-RIGHT-CORNER"", ""SIDE-LEFT""]","[""IL""]","[""AUDI"", ""LEXUS""]","[""ENTERING TRAFFIC LANE FROM PARKING"", ""LEAVING TRAFFIC LANE TO PARK""]","[""Q5"", ""RX""]","[""1""]","[""W""]","[""1"", ""2""]","[""DRIVER""]","[""NONE""]","[""2062321"", ""2062331""]","[""PASSENGER"", ""SPORT UTILITY VEHICLE (SUV)""]","[""PERSONAL""]","[""2008"", ""2021""]",[],[],[],[],[],[],[],"[""Y""]",[],[],[],"[""Y""]",[],[],[],[],"['28', '31']","[""DID NOT DEPLOY""]","[""TEST NOT OFFERED""]","[""CHICAGO""]","[""2025-10-04T11:15:00.000""]","[""FAILED TO YIELD"", ""NONE""]","[""NOT OBSCURED""]","[""D""]","[""IL"", ""MI""]","[""NONE""]",[],"[""O2163442"", ""O2163443""]","[""DRIVER""]","[""NORMAL""]","[""SAFETY BELT USED""]","[""F"", ""M""]","[""IL""]","[""2062321"", ""2062331""]","[""60634"", ""60654""]",[],[],[],[],[],[],2025,10,11,4,True,morning,41.89,-87.64,41.89_-87.64,29.5,28,31,FAILURE-TO-YIELD,0