alignment,beat_of_occurrence,crash_date,crash_day_of_week,crash_hour,crash_month,crash_record_id,crash_type,damage,device_condition,first_crash_type,latitude,lighting_condition,longitude,num_units,posted_speed_limit,prim_contributory_cause,road_defect,roadway_surface_cond,sec_contributory_cause,street_direction,street_no,traffic_control_device,trafficway_type,weather_condition,private_property_i,hit_and_run_i,intersection_related_i,crash_date_est_i,work_zone_i,workers_present_i,veh_count,ppl_count,veh_area_01_i_list_json,veh_area_02_i_list_json,veh_area_12_i_list_json,veh_crash_date_list_json,veh_crash_unit_id_list_json,veh_first_contact_point_list_json,veh_lic_plate_state_list_json,veh_make_list_json,veh_maneuver_list_json,veh_model_list_json,veh_occupant_cnt_list_json,veh_travel_direction_list_json,veh_unit_no_list_json,veh_unit_type_list_json,veh_vehicle_defect_list_json,veh_vehicle_id_list_json,veh_vehicle_type_list_json,veh_vehicle_use_list_json,veh_vehicle_year_list_json,veh_area_03_i_list_json,veh_area_04_i_list_json,veh_area_11_i_list_json,veh_towed_by_list_json,veh_towed_i_list_json,veh_area_07_i_list_json,veh_area_99_i_list_json,veh_area_09_i_list_json,veh_area_10_i_list_json,veh_cmrc_veh_i_list_json,veh_num_passengers_list_json,veh_area_08_i_list_json,veh_area_00_i_list_json,veh_area_05_i_list_json,veh_area_06_i_list_json,veh_towed_to_list_json,ppl_age_list_json,ppl_airbag_deployed_list_json,ppl_bac_result_list_json,ppl_city_list_json,ppl_crash_date_list_json,ppl_driver_action_list_json,ppl_driver_vision_list_json,ppl_drivers_license_class_list_json,ppl_drivers_license_state_list_json,ppl_ejection_list_json,ppl_hospital_list_json,ppl_person_id_list_json,ppl_person_type_list_json,ppl_physical_condition_list_json,ppl_safety_equipment_list_json,ppl_sex_list_json,ppl_state_list_json,ppl_vehicle_id_list_json,ppl_zipcode_list_json,ppl_ems_agency_list_json,ppl_seat_no_list_json,ppl_pedpedal_action_list_json,ppl_pedpedal_location_list_json,ppl_pedpedal_visibility_list_json,ppl_ems_run_no_list_json,year,month,hour,day,is_weekend,hour_bin,lat_bin,lng_bin,grid_id,ppl_age_mean,ppl_age_min,ppl_age_max,prim_contributory_cause_group,ksi_flag
STRAIGHT AND LEVEL,1713,2025-10-04 11:10:00,7,11,10,580E6D2631B9AFBD0EF41DFE39B5DBC1C83D02AADEBE60B36AE63DC3B61A3C6A0107EB5BDCC70F9CB17AC298F86FE0088436D4A7A3B694E8A49524E0FBA4B47A,INJURY AND / OR TOW DUE TO CRASH,"OVER $1,500",NO CONTROLS,PEDESTRIAN,41.9683202132,DAYLIGHT,-87.7108577488,3,30,"OPERATING VEHICLE IN ERRATIC, RECKLESS, CARELESS, NEGLIGENT OR AGGRESSIVE MANNER",NO DEFECTS,DRY,FAILING TO YIELD RIGHT-OF-WAY,W,3259,NO CONTROLS,FOUR WAY,CLEAR,0.0,1.0,1.0,0.0,0.0,1.0,2,2,[],[],[],"[""2025-10-04T11:10:00.000""]","[""2163455"", ""2163456"", ""2163457""]","[""FRONT-LEFT-CORNER""]",[],"[""UNKNOWN""]","[""TURNING LEFT""]","[""OTHER (EXPLAIN IN NARRATIVE)""]","[""1""]","[""SE""]","[""1"", ""2"", ""3""]","[""DRIVER"", ""PEDESTRIAN""]","[""UNKNOWN""]","[""2062328""]","[""VAN/MINI-VAN""]","[""CONSTRUCTION/MAINTENANCE""]",[],[],[],[],[],[],[],"[""Y""]",[],[],[],[],[],[],[],[],[],"['53', '59']","[""DEPLOYMENT UNKNOWN""]","[""TEST NOT OFFERED""]","[""WASHINGTON""]","[""2025-10-04T11:10:00.000""]","[""FAILED TO YIELD"", ""NONE""]","[""NOT OBSCURED"", ""UNKNOWN""]",[],[],"[""NONE""]","[""SWEDISH""]","[""O2163455"", ""O2163456"", ""O2163457""]","[""DRIVER"", ""PEDESTRIAN""]","[""NORMAL"", ""UNKNOWN""]","[""NONE PRESENT"", ""USAGE UNKNOWN""]","[""F"", ""M"", ""X""]","[""IL""]","[""2062328""]","[""61571""]","[""CFD AMB 46""]",[],"[""CROSSING - NO CONTROLS (AT INTERSECTION)"", ""CROSSING - NO CONTROLS (NOT AT INTERSECTION)""]","[""IN CROSSWALK""]","[""CONTRASTING CLOTHING""]",[],2025,10,11,4,True,morning,41.97,-87.71,41.97_-87.71,56.0,53,59,OTHER,1
STRAIGHT AND LEVEL,1824,2025-10-04 11:10:00,7,11,10,09FEA9584975A34CEFA9F5629D9958DDAF813191BA707571214A5B29A34D150F77D010CD1D9066590BA73F9E0DBB0CA227890346C642C7F43FBA28A9E9DAC53B,NO INJURY / DRIVE AWAY,"$501 - $1,500",NO CONTROLS,PARKED MOTOR VEHICLE,41.9032361751,DAYLIGHT,-87.632205824,2,30,UNABLE TO DETERMINE,NO DEFECTS,DRY,UNABLE TO DETERMINE,W,116,NO CONTROLS,ONE-WAY,CLEAR,0.0,0.0,0.0,0.0,0.0,1.0,2,1,"[""Y""]",[],[],"[""2025-10-04T11:10:00.000""]","[""2163430"", ""2163431""]","[""FRONT-RIGHT-CORNER"", ""REAR-LEFT-CORNER""]","[""IL""]","[""TOYOTA""]","[""PARKED IN TRAFFIC LANE"", ""STRAIGHT AHEAD""]","[""COROLLA"", ""RAV4""]","[""0"", ""1""]","[""W""]","[""1"", ""2""]","[""DRIVER"", ""PARKED""]","[""NONE"", ""UNKNOWN""]","[""2062313"", ""2062319""]","[""PASSENGER""]","[""PERSONAL""]","[""2011"", ""2022""]",[],[],[],[],[],"[""Y""]",[],[],[],[],[],[],[],[],[],[],['79'],"[""NOT APPLICABLE""]","[""TEST NOT OFFERED""]","[""CHICAGO""]","[""2025-10-04T11:10:00.000""]","[""UNKNOWN""]","[""UNKNOWN""]","[""D""]","[""IL""]","[""NONE""]",[],"[""O2163430""]","[""DRIVER""]","[""NORMAL""]","[""SAFETY BELT USED""]","[""F""]","[""IL""]","[""2062313""]","[""60610""]",[],[],[],[],[],[],2025,10,11,4,True,morning,41.9,-87.63,41.9_-87.63,79.0,79,79,OTHER,0
STRAIGHT AND LEVEL,1925,2025-10-04 11:00:00,7,11,10,8FBD7180D0A8788443C805B8695EFE36CA39AD0A75345D885E538A8342278C7FA43DA6F1AF3CF44E1DB36CEE67FFF10016D30EF83B3D4B1BB316783F07110F90,NO INJURY / DRIVE AWAY,"OVER $1,500",NO CONTROLS,PARKED MOTOR VEHICLE,41.9401429649,DAYLIGHT,-87.6449369655,2,30,UNABLE TO DETERMINE,UNKNOWN,UNKNOWN,UNABLE TO DETERMINE,W,612,NO CONTROLS,NOT DIVIDED,CLEAR,0.0,1.0,0.0,0.0,0.0,1.0,2,0,[],[],[],"[""2025-10-04T11:00:00.000""]","[""2164300"", ""2164301""]","[""REAR-LEFT-CORNER"", ""UNKNOWN""]","[""FL""]","[""BMW"", ""UNKNOWN""]","[""PARKED"", ""UNKNOWN/NA""]","[""OTHER (EXPLAIN IN NARRATIVE)""]","[""0"", ""1""]","[""UNKNOWN""]","[""1"", ""2""]","[""DRIVER"", ""PARKED""]","[""UNKNOWN""]","[""2063124"", ""2063129""]","[""PASSENGER"", ""UNKNOWN/NA""]","[""NOT IN USE"", ""UNKNOWN/NA""]","[""2026""]",[],[],[],[],[],"[""Y""]","[""Y""]",[],[],[],[],"[""Y""]",[],[],[],[],[],"[""DEPLOYMENT UNKNOWN""]","[""TEST NOT OFFERED""]",[],"[""2025-10-04T11:00:00.000""]","[""UNKNOWN""]","[""UNKNOWN""]",[],[],"[""UNKNOWN""]",[],"[""O2164300""]","[""DRIVER""]","[""UNKNOWN""]","[""USAGE UNKNOWN""]","[""X""]",[],"[""2063124""]",[],[],[],[],[],[],[],2025,10,11,4,True,morning,41.94,-87.64,41.94_-87.64,0.0,0,0,OTHER,0
STRAIGHT AND LEVEL,632,2025-10-04 11:00:00,7,11,10,D3335DFFF5509538F7A7623EDF7E906D36E0A9953B71E4D5F02654026D2F8AB973CF1191F99E5F57C96AD393CACF29AAC9EFC88F59AA01823B8C4664D6FB53A5,NO INJURY / DRIVE AWAY,"OVER $1,500",FUNCTIONING PROPERLY,REAR END,41.7363201685,DAYLIGHT,-87.6194530562,2,35,IMPROPER LANE USAGE,UNKNOWN,UNKNOWN,NOT APPLICABLE,E,151,TRAFFIC SIGNAL,DIVIDED - W/MEDIAN (NOT RAISED),CLEAR,0.0,1.0,0.0,0.0,0.0,1.0,1,2,[],[],[],"[""2025-10-04T11:00:00.000""]","[""2166437"", ""2166438""]","[""FRONT"", ""REAR""]","[""IL""]","[""FORD"", ""UNKNOWN""]","[""CHANGING LANES"", ""STRAIGHT AHEAD""]","[""ESCAPE"", ""OTHER (EXPLAIN IN NARRATIVE)""]","[""1"", ""2""]","[""E""]","[""1"", ""2""]","[""DRIVER""]","[""UNKNOWN""]","[""2065140"", ""2065146""]","[""OTHER"", ""SPORT UTILITY VEHICLE (SUV)""]","[""PERSONAL"", ""UNKNOWN/NA""]","[""2011""]",[],[],[],[],[],[],[],[],[],[],"[""1""]",[],[],[],[],[],"['21', '61']","[""DEPLOYMENT UNKNOWN"", ""NOT APPLICABLE""]","[""TEST NOT OFFERED""]","[""CHICAGO""]","[""2025-10-04T11:00:00.000""]","[""IMPROPER LANE CHANGE"", ""OTHER""]","[""UNKNOWN""]","[""D""]","[""IL""]","[""NONE""]",[],"[""O2166437"", ""O2166438"", ""P478040""]","[""DRIVER"", ""PASSENGER""]","[""UNKNOWN""]","[""SAFETY BELT USED"", ""USAGE UNKNOWN""]","[""M""]","[""IL""]","[""2065140"", ""2065146""]","[""60628""]",[],"[""3""]",[],[],[],[],2025,10,11,4,True,morning,41.74,-87.62,41.74_-87.62,41.0,21,61,OTHER,0
STRAIGHT AND LEVEL,114,2025-10-04 11:00:00,7,11,10,A9B4259C7B5020602710B207732D6CF1A308780BC57C8CCDE94D0CE4637E5EBEE6C9B4CBFDFAE749A4C8C7722C3D6D8F809977E5FB5336FFCF92CD06EDE6F4EB,NO INJURY / DRIVE AWAY,"OVER $1,500",FUNCTIONING PROPERLY,REAR END,41.8846362492,DAYLIGHT,-87.6243138872,2,30,FOLLOWING TOO CLOSELY,NO DEFECTS,DRY,NOT APPLICABLE,N,155,TRAFFIC SIGNAL,NOT DIVIDED,CLEAR,0.0,0.0,1.0,0.0,0.0,1.0,1,2,[],[],"[""Y""]","[""2025-10-04T11:00:00.000""]","[""2163418"", ""2163419""]","[""FRONT"", ""REAR""]","[""IL"", ""MI""]","[""FORD"", ""TOYOTA""]","[""SLOW/STOP IN TRAFFIC"", ""STRAIGHT AHEAD""]","[""ESCAPE"", ""OTHER (EXPLAIN IN NARRATIVE)""]","[""1""]","[""N""]","[""1"", ""2""]","[""DRIVER""]","[""NONE"", ""UNKNOWN""]","[""2062304"", ""2062305""]","[""SPORT UTILITY VEHICLE (SUV)"", ""UNKNOWN/NA""]","[""PERSONAL"", ""TAXI/FOR HIRE""]","[""2018"", ""2019""]",[],[],[],[],[],[],[],[],[],[],[],[],[],[],"[""Y""]",[],"['38', '74']","[""DID NOT DEPLOY""]","[""TEST NOT OFFERED""]","[""CHICAGO""]","[""2025-10-04T11:00:00.000""]","[""FOLLOWED TOO CLOSELY"", ""NONE""]","[""NOT OBSCURED"", ""UNKNOWN""]","[""D""]","[""IL""]","[""NONE""]",[],"[""O2163418"", ""O2163419""]","[""DRIVER""]","[""NORMAL"", ""UNKNOWN""]","[""SAFETY BELT USED""]","[""M""]","[""IL""]","[""2062304"", ""2062305""]","[""60644"", ""60645""]",[],[],[],[],[],[],2025,10,11,4,True,morning,41.88,-87.62,41.88_-87.62,56.0,38,74,FOLLOWING TOO CLOSELY,0
STRAIGHT AND LEVEL,726,2025-10-04 10:46:00,7,10,10,EF9DC9EEC80FA547BDE314FD97B10EFC8061BDD157D1BCD9BA5775D505B61C46318346D1D8E2B2A182FE40EF5C453FD3E7FF9280D9AB41D16E2737F9DD9BB8D4,INJURY AND / OR TOW DUE TO CRASH,"OVER $1,500",NO CONTROLS,ANGLE,41.7721923962,DAYLIGHT,-87.6731532393,2,30,FAILING TO YIELD RIGHT-OF-WAY,NO DEFECTS,DRY,FAILING TO REDUCE SPEED TO AVOID CRASH,W,1946,NO CONTROLS,NOT DIVIDED,CLEAR,0.0,1.0,0.0,0.0,0.0,1.0,1,2,"[""Y""]",[],"[""Y""]","[""2025-10-04T10:46:00.000""]","[""2163403"", ""2163404""]","[""FRONT"", ""SIDE-RIGHT-REAR""]","[""IL""]","[""CHEVROLET"", ""JEEP""]","[""STRAIGHT AHEAD""]","[""GRAND CHEROKEE"", ""OTHER (EXPLAIN IN NARRATIVE)""]","[""1"", ""2""]","[""S"", ""W""]","[""1"", ""2""]","[""DRIVER""]","[""NONE""]","[""2062289"", ""2062293""]","[""PASSENGER""]","[""PERSONAL""]","[""2017"", ""2018""]","[""Y""]","[""Y""]","[""Y""]","[""PRIVATE""]","[""Y""]",[],[],[],[],[],"[""1""]",[],[],"[""Y""]",[],[],"['24', '26']","[""DEPLOYMENT UNKNOWN"", ""DID NOT DEPLOY""]","[""TEST NOT OFFERED""]","[""CHICAGO"", ""CICERO""]","[""2025-10-04T10:46:00.000""]","[""FAILED TO YIELD"", ""NONE""]","[""NOT OBSCURED"", ""UNKNOWN""]","[""D""]","[""IL""]","[""NONE""]",[],"[""O2163403"", ""O2163404"", ""P477415""]","[""DRIVER"", ""PASSENGER""]","[""NORMAL"", ""UNKNOWN""]","[""SAFETY BELT USED"", ""USAGE UNKNOWN""]","[""F"", ""M""]","[""IL""]","[""2062289"", ""2062293""]","[""60609"", ""60804""]",[],"[""3""]",[],[],[],[],2025,10,10,4,True,morning,41.77,-87.67,41.77_-87.67,25.0,24,26,FAILURE-TO-YIELD,0
STRAIGHT AND LEVEL,2223,2025-10-04 10:45:00,7,10,10,BA93895594CBC712C7981AC6463B46F42440DAF3741C7B7BA2A7F960EF2C7559FAEC2B66AAEF96CF0DD3F78BC6E117D3BF1B17BE98C48F0491E72B678A881985,NO INJURY / DRIVE AWAY,"OVER $1,500",NO CONTROLS,FIXED OBJECT,41.7212684659,DAYLIGHT,-87.6498211995,1,5,UNABLE TO DETERMINE,UNKNOWN,WET,UNABLE TO DETERMINE,W,1045,NO CONTROLS,OTHER,CLEAR,1.0,0.0,0.0,0.0,0.0,1.0,1,1,[],[],[],"[""2025-10-04T10:45:00.000""]","[""2165393""]","[""REAR-RIGHT-CORNER""]","[""IL""]","[""CHEVROLET""]","[""STRAIGHT AHEAD""]","[""TAHOE""]","[""1""]","[""S""]","[""1""]","[""DRIVER""]","[""UNKNOWN""]","[""2064168""]","[""SPORT UTILITY VEHICLE (SUV)""]","[""PERSONAL""]","[""2014""]",[],[],[],[],[],[],[],[],[],[],"[""1""]",[],[],"[""Y""]",[],[],['49'],"[""NOT APPLICABLE""]","[""TEST NOT OFFERED""]","[""CHICAGO""]","[""2025-10-04T10:45:00.000""]","[""UNKNOWN""]","[""UNKNOWN""]","[""D""]","[""IL""]","[""NONE""]",[],"[""O2165393"", ""P477856""]","[""DRIVER"", ""PASSENGER""]","[""UNKNOWN""]","[""SAFETY BELT USED""]","[""M""]","[""IL""]","[""2064168""]","[""60620""]",[],"[""1""]",[],[],[],[],2025,10,10,4,True,morning,41.72,-87.65,41.72_-87.65,49.0,49,49,OTHER,0
STRAIGHT AND LEVEL,1911,2025-10-04 10:45:00,7,10,10,7C06C53C7230359E9D1377160132653496DBA381C4A8ECAD146DA07FAB1F6A5E8EC0A897C221D8DF58B2C5F47109C9C4F8EB1DE277EE469CCC346DEAB03E7D33,NO INJURY / DRIVE AWAY,"OVER $1,500",FUNCTIONING PROPERLY,REAR END,41.9541935847,DAYLIGHT,-87.6836752695,2,35,UNABLE TO DETERMINE,NO DEFECTS,DRY,UNABLE TO DETERMINE,W,2200,TRAFFIC SIGNAL,DIVIDED - W/MEDIAN (NOT RAISED),CLEAR,0.0,1.0,0.0,0.0,0.0,1.0,1,0,"[""Y""]",[],"[""Y""]","[""2025-10-04T10:45:00.000""]","[""2163464"", ""2163465""]","[""FRONT"", ""REAR""]","[""VT""]","[""TOYOTA"", ""UNKNOWN""]","[""SLOW/STOP IN TRAFFIC"", ""STRAIGHT AHEAD""]","[""OTHER (EXPLAIN IN NARRATIVE)"", ""RAV4""]","[""1"", ""3""]","[""W""]","[""1"", ""2""]","[""DRIVER""]","[""NONE"", ""UNKNOWN""]","[""2062339"", ""2062341""]","[""PASSENGER""]","[""PERSONAL""]","[""2025""]",[],"[""Y""]","[""Y""]",[],[],"[""Y""]",[],[],[],[],"[""2""]","[""Y""]",[],"[""Y""]","[""Y""]",[],[],"[""DEPLOYMENT UNKNOWN"", ""DID NOT DEPLOY"", ""NOT APPLICABLE""]","[""TEST NOT OFFERED""]","[""BURLINGTON""]","[""2025-10-04T10:45:00.000""]","[""UNKNOWN""]","[""UNKNOWN""]","[""D""]","[""VT""]","[""NONE""]",[],"[""O2163464"", ""O2163465"", ""P477426"", ""P477427""]","[""DRIVER"", ""PASSENGER""]","[""NORMAL"", ""UNKNOWN""]","[""USAGE UNKNOWN""]","[""F"", ""M"", ""X""]",[],"[""2062339"", ""2062341""]","[""05403""]",[],"[""3"", ""6""]",[],[],[],[],2025,10,10,4,True,morning,41.95,-87.68,41.95_-87.68,0.0,0,0,OTHER,0
STRAIGHT AND LEVEL,1632,2025-10-04 10:45:00,7,10,10,475A2FA2C7B3698E7AF9B3C4E0D78E7705C31C4E2CB17948844D45A1728FE9B6B33A2A25BF108BEB7990F358738F30F530712CB9D600EE2E63B76090A41D65A1,NO INJURY / DRIVE AWAY,"OVER $1,500",FUNCTIONING PROPERLY,REAR END,41.9529804979,DAYLIGHT,-87.7893075302,2,30,UNABLE TO DETERMINE,UNKNOWN,DRY,UNABLE TO DETERMINE,W,6506,TRAFFIC SIGNAL,NOT DIVIDED,CLEAR,0.0,0.0,0.0,0.0,0.0,1.0,1,2,"[""Y""]",[],"[""Y""]","[""2025-10-04T10:45:00.000""]","[""2163421"", ""2163422""]","[""FRONT"", ""REAR""]","[""IL""]","[""HYUNDAI"", ""INFINITI""]","[""STRAIGHT AHEAD""]","[""Q50"", ""TUCSON""]","[""1""]","[""E""]","[""1"", ""2""]","[""DRIVER""]","[""UNKNOWN""]","[""2062307"", ""2062310""]","[""PASSENGER""]","[""PERSONAL""]","[""2015"", ""2022""]",[],[],"[""Y""]",[],[],"[""Y""]",[],[],[],[],[],[],[],"[""Y""]","[""Y""]",[],"['36', '38']","[""NOT APPLICABLE""]","[""TEST NOT OFFERED""]","[""CHICAGO"", ""MAYWOOD""]","[""2025-10-04T10:45:00.000""]","[""UNKNOWN""]","[""UNKNOWN""]","[""D""]","[""IL""]","[""NONE""]",[],"[""O2163421"", ""O2163422""]","[""DRIVER""]","[""NORMAL"", ""UNKNOWN""]","[""SAFETY BELT USED""]","[""F"", ""M""]","[""IL""]","[""2062307"", ""2062310""]","[""60153"", ""60634""]",[],[],[],[],[],[],2025,10,10,4,True,morning,41.95,-87.79,41.95_-87.79,37.0,36,38,OTHER,0
STRAIGHT AND LEVEL,922,2025-10-04 10:45:00,7,10,10,2B83BE7B2095223740DDBBE7600D5B2F90AB1F377D80743E2EB3CF4A23AE1100C5707282A5781974CF0960D5A2CAB54087070D8C1B03087ACC505789A2E11D8C,INJURY AND / OR TOW DUE TO CRASH,$500 OR LESS,NO CONTROLS,PEDALCYCLIST,41.8154135698,DAYLIGHT,-87.6970271467,2,20,UNABLE TO DETERMINE,NO DEFECTS,DRY,UNABLE TO DETERMINE,S,4300,NO CONTROLS,ONE-WAY,CLEAR,0.0,0.0,0.0,0.0,0.0,1.0,2,2,"[""Y""]",[],"[""Y""]","[""2025-10-04T10:45:00.000""]","[""2163407"", ""2163408""]","[""FRONT""]","[""IL""]","[""CHEVROLET""]","[""STRAIGHT AHEAD""]","[""TRAX""]","[""1""]","[""S""]","[""1"", ""2""]","[""BICYCLE"", ""DRIVER""]","[""NONE""]","[""2062294""]","[""PASSENGER""]","[""PERSONAL""]","[""2025""]",[],[],"[""Y""]",[],[],[],[],[],[],[],[],[],[],[],[],[],"['31', '72']","[""DID NOT DEPLOY""]","[""TEST NOT OFFERED""]","[""CHICAGO""]","[""2025-10-04T10:45:00.000""]","[""FAILED TO YIELD"", ""NONE""]","[""NOT OBSCURED""]","[""D""]","[""IL""]","[""NONE""]","[""REFUSED""]","[""O2163407"", ""O2163408""]","[""BICYCLE"", ""DRIVER""]","[""NORMAL""]","[""BICYCLE HELMET (PEDACYCLIST INVOLVED ONLY)"", ""SAFETY BELT USED""]","[""F"", ""M""]","[""IL""]","[""2062294""]","[""60609"", ""60632""]","[""CFD""]",[],"[""CROSSING - NO CONTROLS (NOT AT INTERSECTION)""]","[""IN ROADWAY""]","[""NO CONTRASTING CLOTHING""]",[],2025,10,10,4,True,morning,41.82,-87.7,41.82_-87.7,51.5,31,72,OTHER,1
STRAIGHT AND LEVEL,1135,2025-10-04 10:43:00,7,10,10,2C9BAA2BB52D64140CBA8565AEB17911B6A1EDD5E812C9CEC981042AAFA42BC1C5883803B334E838B319F0CC97CF85A2FB2CA961964390E4005BEEEF4C95608B,NO INJURY / DRIVE AWAY,"OVER $1,500",FUNCTIONING PROPERLY,REAR END,41.866720102,DAYLIGHT,-87.6862075034,2,30,FAILING TO REDUCE SPEED TO AVOID CRASH,NO DEFECTS,DRY,FAILING TO REDUCE SPEED TO AVOID CRASH,W,2402,TRAFFIC SIGNAL,NOT DIVIDED,CLEAR,0.0,1.0,0.0,0.0,0.0,1.0,1,1,"[""Y""]",[],"[""Y""]","[""2025-10-04T10:43:00.000""]","[""2163488"", ""2163489""]","[""FRONT"", ""REAR""]","[""IL""]","[""FORD"", ""UNKNOWN""]","[""SLOW/STOP IN TRAFFIC"", ""STRAIGHT AHEAD""]","[""F150"", ""MOTORIZED""]","[""1""]","[""E""]","[""1"", ""2""]","[""DRIVER""]","[""NONE"", ""UNKNOWN""]","[""2062367"", ""2062369""]","[""PICKUP"", ""UNKNOWN/NA""]","[""PERSONAL"", ""UNKNOWN/NA""]","[""2025""]",[],[],"[""Y""]",[],[],"[""Y""]",[],[],[],[],[],[],[],"[""Y""]","[""Y""]",[],['63'],"[""DEPLOYMENT UNKNOWN"", ""NOT APPLICABLE""]","[""TEST NOT OFFERED""]","[""CHICAGO""]","[""2025-10-04T10:43:00.000""]","[""NONE"", ""OTHER""]","[""NOT OBSCURED"", ""UNKNOWN""]","[""D""]","[""IL""]","[""NONE""]",[],"[""O2163488"", ""O2163489""]","[""DRIVER""]","[""NORMAL"", ""UNKNOWN""]","[""SAFETY BELT USED"", ""USAGE UNKNOWN""]","[""F"", ""M""]","[""IL""]","[""2062367"", ""2062369""]","[""60623""]",[],[],[],[],[],[],2025,10,10,4,True,morning,41.87,-87.69,41.87_-87.69,63.0,63,63,SPEEDING,0
STRAIGHT AND LEVEL,825,2025-10-04 10:40:00,7,10,10,1A11AEEC4FC05D860018113B64120A4F49F88397D87A12EC6646806B998BE39596490E1823D2DB13EE4D6BD61FD733D784BF6A18169FBF178E065A7AF9403A4E,INJURY AND / OR TOW DUE TO CRASH,"$501 - $1,500",NO CONTROLS,TURNING,41.7769293131,DAYLIGHT,-87.6837287152,2,30,IMPROPER TURNING/NO SIGNAL,NO DEFECTS,DRY,DISTRACTION - FROM OUTSIDE VEHICLE,S,6414,NO CONTROLS,NOT DIVIDED,CLEAR,0.0,0.0,0.0,0.0,0.0,1.0,1,2,"[""Y""]",[],"[""Y""]","[""2025-10-04T10:40:00.000""]","[""2163605"", ""2163606""]","[""FRONT-LEFT-CORNER"", ""FRONT-RIGHT-CORNER""]","[""IL""]","[""GENERAL MOTORS CORPORATION (GMC)""]","[""TURNING LEFT"", ""TURNING RIGHT""]","[""SIERRA"", ""YUKON""]","[""1"", ""2""]","[""N"", ""S""]","[""1"", ""2""]","[""DRIVER""]","[""NONE""]","[""2062479"", ""2062486""]","[""PICKUP"", ""SPORT UTILITY VEHICLE (SUV)""]","[""PERSONAL""]","[""2001"", ""2014""]",[],[],"[""Y""]",[],[],[],[],[],[],[],"[""1""]",[],[],[],[],[],"['35', '45']","[""DID NOT DEPLOY"", ""NOT APPLICABLE""]","[""TEST NOT OFFERED""]",[],"[""2025-10-04T10:40:00.000""]","[""IMPROPER TURN"", ""NONE""]","[""NOT OBSCURED"", ""OTHER""]",[],"[""IL""]","[""NONE""]",[],"[""O2163605"", ""O2163606"", ""P477469""]","[""DRIVER"", ""PASSENGER""]","[""NORMAL""]","[""SAFETY BELT USED""]","[""F"", ""M""]",[],"[""2062479"", ""2062486""]",[],[],"[""3""]",[],[],[],[],2025,10,10,4,True,morning,41.78,-87.68,41.78_-87.68,40.0,35,45,OTHER,1
STRAIGHT AND LEVEL,524,2025-10-04 10:34:00,7,10,10,0CC316BEF18AE53B80ECB9285D17B2021185FDC559190B1071EB8F75465AB62F86970C84B41E1B105CD8AAD56CE34012416C52D5955B800008B4031DD5936632,INJURY AND / OR TOW DUE TO CRASH,"OVER $1,500",NO CONTROLS,TURNING,41.6848750773,DAYLIGHT,-87.6495040721,2,30,FAILING TO YIELD RIGHT-OF-WAY,NO DEFECTS,DRY,UNABLE TO DETERMINE,W,1101,STOP SIGN/FLASHER,FOUR WAY,CLEAR,0.0,0.0,1.0,1.0,0.0,1.0,1,3,"[""Y""]","[""Y""]","[""Y""]","[""2025-10-04T10:34:00.000""]","[""2163444"", ""2163445""]","[""FRONT""]","[""IL""]","[""PONTIAC"", ""TOYOTA""]","[""STRAIGHT AHEAD"", ""TURNING LEFT""]","[""G6"", ""RAV4""]","[""1"", ""2""]","[""E"", ""NW""]","[""1"", ""2""]","[""DRIVER""]","[""UNKNOWN""]","[""2062345"", ""2062349""]","[""PASSENGER"", ""SPORT UTILITY VEHICLE (SUV)""]","[""PERSONAL""]","[""2007"", ""2024""]",[],[],"[""Y""]","[""CITY OF CHICAGO""]","[""Y""]",[],[],[],[],[],"[""1""]",[],[],[],[],"[""10300 S. DOTY AVE W.""]","['17', '73', '8']","[""DEPLOYED, FRONT"", ""DID NOT DEPLOY""]","[""TEST NOT OFFERED""]","[""CHICAGO""]","[""2025-10-04T10:34:00.000""]","[""FAILED TO YIELD"", ""NONE""]","[""NOT OBSCURED""]","[""A"", ""D""]","[""IL""]","[""NONE""]","[""CHRIST HOSPITAL""]","[""O2163444"", ""O2163445"", ""P477430""]","[""DRIVER"", ""PASSENGER""]","[""NORMAL""]","[""SAFETY BELT USED""]","[""F""]","[""IL""]","[""2062345"", ""2062349""]","[""60615"", ""60652""]",[],"[""6""]",[],[],[],[],2025,10,10,4,True,morning,41.68,-87.65,41.68_-87.65,32.666666666666664,8,73,FAILURE-TO-YIELD,1
STRAIGHT AND LEVEL,1232,2025-10-04 10:30:00,7,10,10,9CE9A540B392E85C0BBF36CF8A85D6EDB7C862D51910A9B5D74F929BC07A33DE820EA58085A29E7EFF4D44B3369302CDE4548022134F6326FF1B5B77D371A9DA,NO INJURY / DRIVE AWAY,$500 OR LESS,NO CONTROLS,PARKED MOTOR VEHICLE,41.8813050666,DAYLIGHT,-87.6498323397,2,30,IMPROPER BACKING,UNKNOWN,DRY,UNABLE TO DETERMINE,S,14,NO CONTROLS,NOT DIVIDED,CLEAR,0.0,0.0,0.0,0.0,0.0,1.0,2,0,[],[],"[""Y""]","[""2025-10-04T10:30:00.000""]","[""2163426"", ""2163427""]","[""FRONT"", ""REAR""]","[""IL""]","[""CHEVROLET"", ""TOYOTA""]","[""BACKING"", ""PARKED""]","[""PRIUS"", ""TRAVERSE""]","[""0"", ""1""]","[""S""]","[""1"", ""2""]","[""DRIVER"", ""PARKED""]","[""UNKNOWN""]","[""2062316"", ""2062324""]","[""PASSENGER"", ""SPORT UTILITY VEHICLE (SUV)""]","[""PERSONAL"", ""UNKNOWN/NA""]","[""2011"", ""2021""]",[],[],[],[],[],[],"[""Y""]",[],[],[],[],[],[],[],[],[],[],"[""DEPLOYMENT UNKNOWN""]","[""TEST NOT OFFERED""]",[],"[""2025-10-04T10:30:00.000""]","[""IMPROPER BACKING""]","[""UNKNOWN""]",[],[],"[""NONE""]","[""N/A""]","[""O2163426""]","[""DRIVER""]","[""UNKNOWN""]","[""USAGE UNKNOWN""]","[""X""]",[],"[""2062316""]",[],"[""N/A""]",[],[],[],[],[],2025,10,10,4,True,morning,41.88,-87.65,41.88_-87.65,0.0,0,0,OTHER,0