alignment,beat_of_occurrence,crash_date,crash_day_of_week,crash_hour,crash_month,crash_record_id,crash_type,damage,device_condition,first_crash_type,latitude,lighting_condition,longitude,num_units,posted_speed_limit,prim_contributory_cause,road_defect,roadway_surface_cond,sec_contributory_cause,street_direction,street_no,traffic_control_device,trafficway_type,weather_condition,private_property_i,hit_and_run_i,intersection_related_i,crash_date_est_i,work_zone_i,workers_present_i,veh_count,ppl_count,veh_area_01_i_list_json,veh_area_02_i_list_json,veh_area_12_i_list_json,veh_crash_date_list_json,veh_crash_unit_id_list_json,veh_first_contact_point_list_json,veh_lic_plate_state_list_json,veh_make_list_json,veh_maneuver_list_json,veh_model_list_json,veh_occupant_cnt_list_json,veh_travel_direction_list_json,veh_unit_no_list_json,veh_unit_type_list_json,veh_vehicle_defect_list_json,veh_vehicle_id_list_json,veh_vehicle_type_list_json,veh_vehicle_use_list_json,veh_vehicle_year_list_json,veh_area_03_i_list_json,veh_area_04_i_list_json,veh_area_11_i_list_json,veh_towed_by_list_json,veh_towed_i_list_json,veh_area_07_i_list_json,veh_area_99_i_list_json,veh_area_09_i_list_json,veh_area_10_i_list_json,veh_cmrc_veh_i_list_json,veh_num_passengers_list_json,veh_area_08_i_list_json,veh_area_00_i_list_json,veh_area_05_i_list_json,veh_area_06_i_list_json,veh_towed_to_list_json,ppl_age_list_json,ppl_airbag_deployed_list_json,ppl_bac_result_list_json,ppl_city_list_json,ppl_crash_date_list_json,ppl_driver_action_list_json,ppl_driver_vision_list_json,ppl_drivers_license_class_list_json,ppl_drivers_license_state_list_json,ppl_ejection_list_json,ppl_hospital_list_json,ppl_person_id_list_json,ppl_person_type_list_json,ppl_physical_condition_list_json,ppl_safety_equipment_list_json,ppl_sex_list_json,ppl_state_list_json,ppl_vehicle_id_list_json,ppl_zipcode_list_json,ppl_ems_agency_list_json,ppl_seat_no_list_json,ppl_pedpedal_action_list_json,ppl_pedpedal_location_list_json,ppl_pedpedal_visibility_list_json,ppl_ems_run_no_list_json,year,month,hour,day,is_weekend,hour_bin,lat_bin,lng_bin,grid_id,ppl_age_mean,ppl_age_min,ppl_age_max,prim_contributory_cause_group,ksi_flag
STRAIGHT AND LEVEL,1432,2025-10-04 10:30:00,7,10,10,27FF5F8ECE8493B63606B8978A8423A47934F28BDC6E9C8AD5E2EF081B1E641DFE29900DD84A8488656B7BFD58E48D46B0EA043F36E1EDBDFEAF84CEF52455DF,NO INJURY / DRIVE AWAY,"OVER $1,500",NO CONTROLS,TURNING,41.9243626226,DAYLIGHT,-87.6874788214,2,30,DRIVING SKILLS/KNOWLEDGE/EXPERIENCE,NO DEFECTS,DRY,NOT APPLICABLE,N,2335,NO CONTROLS,NOT DIVIDED,CLEAR,0.0,0.0,0.0,0.0,0.0,1.0,1,4,[],[],[],"[""2025-10-04T10:30:00.000""]","[""2163409"", ""2163410""]","[""REAR-LEFT-CORNER"", ""SIDE-RIGHT-REAR""]","[""IL""]","[""MAZDA"", ""SUBARU""]","[""STRAIGHT AHEAD"", ""TURNING RIGHT""]","[""IMPREZA"", ""MAZDA3""]","[""1"", ""3""]","[""N"", ""W""]","[""1"", ""2""]","[""DRIVER""]","[""NONE""]","[""2062301"", ""2062303""]","[""PASSENGER""]","[""PERSONAL""]","[""2016"", ""2021""]",[],"[""Y""]",[],[],[],"[""N"", ""Y""]",[],[],[],[],"[""2""]",[],[],[],[],[],"['12', '15', '17', '33']","[""DID NOT DEPLOY""]","[""TEST NOT OFFERED""]","[""CHICAGO""]","[""2025-10-04T10:30:00.000""]","[""NONE"", ""OTHER""]","[""NOT OBSCURED""]",[],"[""IL""]","[""NONE""]",[],"[""O2163409"", ""O2163410"", ""P477418"", ""P477419""]","[""DRIVER"", ""PASSENGER""]","[""NORMAL""]","[""USAGE UNKNOWN""]","[""F"", ""M""]","[""IL""]","[""2062301"", ""2062303""]","[""60623"", ""60642""]",[],"[""3"", ""6""]",[],[],[],[],2025,10,10,4,True,morning,41.92,-87.69,41.92_-87.69,19.25,12,33,OTHER,0
STRAIGHT AND LEVEL,1434,2025-10-04 10:30:00,7,10,10,8EFE4C11D15C44D19DF097B3861999D64FB2A214FD07AAF109035BDB9D45F1B98439A68E4C5D7E0AC3F2FD6483BFE2CF1F3D6FA2BADC7BC2213B83D38972C1B6,NO INJURY / DRIVE AWAY,"OVER $1,500",NO CONTROLS,SIDESWIPE SAME DIRECTION,41.9104094996,DAYLIGHT,-87.689056601,2,30,RELATED TO BUS STOP,UNKNOWN,DRY,NOT APPLICABLE,W,2444,NO CONTROLS,NOT DIVIDED,CLEAR,0.0,0.0,0.0,0.0,0.0,1.0,1,2,[],[],[],"[""2025-10-04T10:30:00.000""]","[""2163413"", ""2163425""]","[""FRONT-LEFT-CORNER"", ""REAR-RIGHT-CORNER""]","[""IL""]","[""MAZDA"", ""NOVA BUS""]","[""ENTERING TRAFFIC LANE FROM PARKING"", ""LEAVING TRAFFIC LANE TO PARK""]","[""CX-5"", ""LFS""]","[""1"", ""2""]","[""W""]","[""1"", ""2""]","[""DRIVER""]","[""UNKNOWN""]","[""2062302"", ""2062311""]","[""BUS OVER 15 PASS."", ""PASSENGER""]","[""CTA"", ""PERSONAL""]","[""2017"", ""2023""]",[],"[""Y""]","[""Y""]",[],[],[],[],[],"[""Y""]",[],"[""1""]",[],[],"[""Y""]",[],[],"['24', '30']","[""DID NOT DEPLOY""]","[""TEST NOT OFFERED""]","[""CHICAGO""]","[""2025-10-04T10:30:00.000""]","[""OTHER""]","[""OTHER"", ""UNKNOWN""]","[""A"", ""D""]","[""IL""]","[""NONE""]",[],"[""O2163413"", ""O2163425"", ""P477417""]","[""DRIVER"", ""PASSENGER""]","[""NORMAL""]","[""USAGE UNKNOWN""]","[""F"", ""M""]","[""IL""]","[""2062302"", ""2062311""]","[""60651"", ""60661""]",[],"[""3""]",[],[],[],[],2025,10,10,4,True,morning,41.91,-87.69,41.91_-87.69,27.0,24,30,OTHER,0
STRAIGHT AND LEVEL,124,2025-10-04 10:25:00,7,10,10,092091B7E554AEFCDFF4C03A34AEE260606D4C3368C174F6AB1AEADCE486B5752088082EF19264FAC3468BE2C9C6FE15B2531BBFB7B87F761FF483214B5475CE,NO INJURY / DRIVE AWAY,"OVER $1,500",FUNCTIONING PROPERLY,TURNING,41.8673283915,DAYLIGHT,-87.6422642382,2,30,UNABLE TO DETERMINE,NO DEFECTS,DRY,UNABLE TO DETERMINE,W,600,TRAFFIC SIGNAL,T-INTERSECTION,CLEAR,0.0,0.0,1.0,0.0,0.0,1.0,1,0,[],[],[],"[""2025-10-04T10:25:00.000""]","[""2163446"", ""2163447""]","[""FRONT-LEFT-CORNER"", ""SIDE-RIGHT""]",[],"[""TOYOTA"", ""VOLKSWAGEN""]","[""STRAIGHT AHEAD"", ""TURNING LEFT""]","[""COROLLA"", ""OTHER (EXPLAIN IN NARRATIVE)""]","[""1""]","[""S""]","[""1"", ""2""]","[""DRIVER""]","[""NONE"", ""UNKNOWN""]","[""2062327"", ""2062334""]","[""PASSENGER""]","[""PERSONAL"", ""UNKNOWN/NA""]",[],[],[],[],[],[],[],[],[],[],[],[],[],[],[],[],[],[],"[""DEPLOYMENT UNKNOWN"", ""DID NOT DEPLOY""]","[""TEST NOT OFFERED""]",[],"[""2025-10-04T10:25:00.000""]","[""IMPROPER TURN"", ""UNKNOWN""]","[""NOT OBSCURED"", ""UNKNOWN""]",[],"[""NV""]","[""NONE""]",[],"[""O2163446"", ""O2163447""]","[""DRIVER""]","[""NORMAL"", ""UNKNOWN""]","[""SAFETY BELT USED"", ""USAGE UNKNOWN""]","[""F"", ""X""]",[],"[""2062327"", ""2062334""]",[],[],[],[],[],[],[],2025,10,10,4,True,morning,41.87,-87.64,41.87_-87.64,0.0,0,0,OTHER,0
STRAIGHT AND LEVEL,214,2025-10-04 10:25:00,7,10,10,91F3D4393B719CF4FE59ABB20939D6677DFAB0B08B008037E84C942BE7C1758B1646DB372F5BF9FF0190B2E3C617C4193DEF77D27D079A1283B1E322ACA37C4A,NO INJURY / DRIVE AWAY,"OVER $1,500",NO CONTROLS,SIDESWIPE SAME DIRECTION,41.8184973596,DAYLIGHT,-87.5966206683,2,45,IMPROPER LANE USAGE,NO DEFECTS,DRY,NOT APPLICABLE,S,4200,NO CONTROLS,DIVIDED - W/MEDIAN BARRIER,CLEAR,0.0,0.0,0.0,0.0,0.0,1.0,1,1,[],[],[],"[""2025-10-04T10:25:00.000""]","[""2163989"", ""2163990""]","[""FRONT-LEFT-CORNER"", ""SIDE-RIGHT""]","[""IL""]","[""MINI"", ""UNKNOWN""]","[""STRAIGHT AHEAD""]","[""COOPER"", ""MOTORIZED""]","[""1""]","[""S""]","[""1"", ""2""]","[""DRIVER""]","[""NONE""]","[""2062845"", ""2062847""]","[""PASSENGER""]","[""PERSONAL""]","[""2024""]","[""Y""]",[],"[""Y""]",[],[],[],[],[],[],[],[],[],[],[],[],[],['53'],"[""DEPLOYMENT UNKNOWN"", ""NOT APPLICABLE""]","[""TEST NOT OFFERED""]","[""CHICAGO""]","[""2025-10-04T10:25:00.000""]","[""IMPROPER LANE CHANGE"", ""NONE""]","[""NOT OBSCURED"", ""UNKNOWN""]","[""D""]","[""IL""]","[""NONE""]",[],"[""O2163989"", ""O2163990""]","[""DRIVER""]","[""NORMAL"", ""UNKNOWN""]","[""SAFETY BELT USED"", ""USAGE UNKNOWN""]","[""F"", ""M""]","[""IL""]","[""2062845"", ""2062847""]","[""60614""]",[],[],[],[],[],[],2025,10,10,4,True,morning,41.82,-87.6,41.82_-87.6,53.0,53,53,OTHER,0
STRAIGHT AND LEVEL,1732,2025-10-04 10:20:00,7,10,10,451C75BF65A04F6E039A9124F2A024EC243B66ABC151B17BFB7F4DDC629B37E5EEA39FC29457CC0DEC8FFED47F79572BCA389A01762378BA732D9227BD3F384B,INJURY AND / OR TOW DUE TO CRASH,"OVER $1,500",NO CONTROLS,PEDALCYCLIST,41.9392743933,DAYLIGHT,-87.7199973074,2,30,UNABLE TO DETERMINE,UNKNOWN,UNKNOWN,UNABLE TO DETERMINE,N,3200,NO CONTROLS,DIVIDED - W/MEDIAN (NOT RAISED),CLEAR,0.0,0.0,0.0,0.0,0.0,1.0,2,1,[],[],"[""Y""]","[""2025-10-04T10:20:00.000""]","[""2165170"", ""2165171""]","[""FRONT""]","[""XX""]","[""FORD""]","[""TURNING LEFT""]","[""EDGE""]","[""1""]","[""S""]","[""1"", ""2""]","[""BICYCLE"", ""DRIVER""]","[""UNKNOWN""]","[""2063964""]","[""SPORT UTILITY VEHICLE (SUV)""]","[""PERSONAL""]","[""2015""]",[],[],[],[],[],[],[],[],[],[],[],[],[],[],[],[],['39'],"[""DEPLOYMENT UNKNOWN""]","[""TEST NOT OFFERED""]","[""CHICAGO""]","[""2025-10-04T10:20:00.000""]","[""NONE"", ""UNKNOWN""]","[""UNKNOWN""]",[],"[""XX""]","[""UNKNOWN""]",[],"[""O2165170"", ""O2165171""]","[""BICYCLE"", ""DRIVER""]","[""UNKNOWN""]","[""BICYCLE HELMET (PEDACYCLIST INVOLVED ONLY)"", ""USAGE UNKNOWN""]","[""M""]","[""IL""]","[""2063964""]","[""60634""]",[],[],"[""WITH TRAFFIC""]","[""IN ROADWAY""]","[""NO CONTRASTING CLOTHING""]",[],2025,10,10,4,True,morning,41.94,-87.72,41.94_-87.72,39.0,39,39,OTHER,1
STRAIGHT AND LEVEL,422,2025-10-04 10:00:00,7,10,10,AF16B44ADFC024748CBCBDF6D0F78A584C3200A849123A6540FAABCEFEAAD2920D47F8D613A7E80BC3B479AD2C48012AA0A258AFEDC165CA33BB36581209FB9C,NO INJURY / DRIVE AWAY,"OVER $1,500",NO CONTROLS,SIDESWIPE SAME DIRECTION,41.7517139224,DAYLIGHT,-87.5594306144,2,30,DRIVING SKILLS/KNOWLEDGE/EXPERIENCE,NO DEFECTS,DRY,NOT APPLICABLE,E,2649,NO CONTROLS,NOT DIVIDED,CLEAR,0.0,0.0,0.0,0.0,0.0,1.0,1,1,"[""Y""]","[""Y""]",[],"[""2025-10-04T10:00:00.000""]","[""2163472"", ""2163473""]","[""FRONT-RIGHT-CORNER"", ""SIDE-LEFT""]","[""IL""]","[""JEEP"", ""NISSAN""]","[""STRAIGHT AHEAD""]","[""ALTIMA"", ""RENEGADE""]","[""1""]","[""E""]","[""1"", ""2""]","[""DRIVER""]","[""NONE""]","[""2062354"", ""2062362""]","[""PASSENGER"", ""SPORT UTILITY VEHICLE (SUV)""]","[""PERSONAL"", ""UNKNOWN/NA""]","[""2018"", ""2020""]",[],[],[],[],[],[],"[""Y""]",[],[],[],[],[],[],[],[],[],['38'],"[""DEPLOYMENT UNKNOWN"", ""DID NOT DEPLOY""]","[""TEST NOT OFFERED""]","[""CHICAGO""]","[""2025-10-04T10:00:00.000""]","[""OTHER"", ""UNKNOWN""]","[""NOT OBSCURED"", ""UNKNOWN""]","[""D""]","[""IL""]","[""NONE""]",[],"[""O2163472"", ""O2163473""]","[""DRIVER""]","[""NORMAL"", ""UNKNOWN""]","[""SAFETY BELT USED"", ""USAGE UNKNOWN""]","[""F"", ""M""]","[""IL""]","[""2062354"", ""2062362""]","[""60649""]",[],[],[],[],[],[],2025,10,10,4,True,morning,41.75,-87.56,41.75_-87.56,38.0,38,38,OTHER,0
STRAIGHT AND LEVEL,332,2025-10-04 10:00:00,7,10,10,7F1639C7911B38E12331C5F421395264C2EBEF5C30DEBAF72DE4DFF4C9E9CC5F2D49CF853C7D417FF9E41218D62FB07AC60D7E7683632C0C470EFDC864536B78,INJURY AND / OR TOW DUE TO CRASH,$500 OR LESS,NO CONTROLS,PEDALCYCLIST,41.7728515607,DAYLIGHT,-87.5864419163,2,30,UNABLE TO DETERMINE,UNKNOWN,DRY,UNABLE TO DETERMINE,S,6714,NO CONTROLS,PARKING LOT,CLEAR,0.0,1.0,0.0,0.0,0.0,1.0,2,1,[],[],[],"[""2025-10-04T10:00:00.000""]","[""2163615"", ""2163616""]","[""FRONT""]","[""IL""]","[""JEEP""]","[""UNKNOWN/NA""]","[""JEEP""]","[""1""]","[""E""]","[""1"", ""2""]","[""BICYCLE"", ""DRIVER""]","[""UNKNOWN""]","[""2062492""]","[""UNKNOWN/NA""]","[""UNKNOWN/NA""]",[],[],[],[],[],[],[],"[""Y""]",[],[],[],[],[],[],[],[],[],['14'],"[""DEPLOYMENT UNKNOWN""]","[""TEST NOT OFFERED""]","[""CHICAGO""]","[""2025-10-04T10:00:00.000""]","[""FAILED TO YIELD"", ""NONE""]","[""NOT OBSCURED"", ""UNKNOWN""]","[""0""]","[""XX""]","[""NONE""]","[""COMER CHILDREN'S HOSPITAL""]","[""O2163615"", ""O2163616""]","[""BICYCLE"", ""DRIVER""]","[""NORMAL"", ""UNKNOWN""]","[""HELMET NOT USED"", ""USAGE UNKNOWN""]","[""F"", ""M""]","[""IL""]","[""2062492""]","[""60619""]",[],[],"[""CROSSING - NO CONTROLS (NOT AT INTERSECTION)""]","[""DRIVEWAY ACCESS""]","[""NO CONTRASTING CLOTHING""]",[],2025,10,10,4,True,morning,41.77,-87.59,41.77_-87.59,14.0,14,14,OTHER,1
STRAIGHT AND LEVEL,1235,2025-10-04 10:00:00,7,10,10,BAD777FF0D761D7476BE6FB601A782EC0000FC676710A2E177936468639ECD4F8DA90D09C910D4A79E6C77E21B44188A2A263E02869A345348C74E58D8257FD3,NO INJURY / DRIVE AWAY,"OVER $1,500",NO CONTROLS,TURNING,41.8576047098,DAYLIGHT,-87.6436359963,2,30,FAILING TO YIELD RIGHT-OF-WAY,NO DEFECTS,DRY,FAILING TO YIELD RIGHT-OF-WAY,S,1755,NO CONTROLS,DIVIDED - W/MEDIAN (NOT RAISED),CLEAR,0.0,0.0,0.0,0.0,0.0,1.0,1,3,[],[],[],"[""2025-10-04T10:00:00.000""]","[""2163432"", ""2163433""]","[""FRONT-LEFT-CORNER"", ""FRONT-RIGHT-CORNER""]","[""IL""]","[""ALFA ROMEO"", ""GENERAL MOTORS CORPORATION (GMC)""]","[""TURNING RIGHT""]","[""OTHER (EXPLAIN IN NARRATIVE)"", ""STELVIO""]","[""1"", ""2""]","[""W""]","[""1"", ""2""]","[""DRIVER""]","[""NONE""]","[""2062318"", ""2062326""]","[""PASSENGER"", ""TRUCK - SINGLE UNIT""]","[""COMMERCIAL - SINGLE UNIT"", ""PERSONAL""]","[""2006"", ""2022""]",[],[],"[""Y""]",[],[],[],[],"[""Y""]","[""Y""]",[],"[""1""]",[],"[""Y""]",[],[],[],"['18', '29', '46']","[""NOT APPLICABLE""]","[""TEST NOT OFFERED""]","[""BERWYN""]","[""2025-10-04T10:00:00.000""]","[""NONE""]","[""NOT OBSCURED""]","[""D""]","[""IL"", ""IN""]","[""NONE""]","[""DNA""]","[""O2163432"", ""O2163433"", ""P477424""]","[""DRIVER"", ""PASSENGER""]","[""NORMAL""]","[""NONE PRESENT"", ""USAGE UNKNOWN""]","[""F"", ""M""]","[""IL"", ""IN""]","[""2062318"", ""2062326""]","[""46214"", ""60402""]","[""DNA""]","[""3""]",[],[],[],"[""DNA""]",2025,10,10,4,True,morning,41.86,-87.64,41.86_-87.64,31.0,18,46,FAILURE-TO-YIELD,0
STRAIGHT AND LEVEL,2534,2025-10-04 09:52:00,7,9,10,F215DCD70D4CC14C356600BEEEFDE648FC4F0507B255E59DAD1D1C1A892E684EA433A034988CFE6D65EAA076F8DB8D4BAED8284F06425579ACA4167719E547AE,NO INJURY / DRIVE AWAY,"OVER $1,500",FUNCTIONING PROPERLY,REAR END,41.9102002914,DAYLIGHT,-87.7360112573,2,30,DRIVING SKILLS/KNOWLEDGE/EXPERIENCE,UNKNOWN,DRY,FAILING TO REDUCE SPEED TO AVOID CRASH,N,1611,TRAFFIC SIGNAL,DIVIDED - W/MEDIAN (NOT RAISED),CLEAR,0.0,0.0,0.0,0.0,0.0,1.0,1,3,"[""Y""]",[],"[""Y""]","[""2025-10-04T09:52:00.000""]","[""2163401"", ""2163417""]","[""FRONT-RIGHT-CORNER"", ""REAR-LEFT-CORNER""]","[""IL""]","[""BMW"", ""DODGE""]","[""STRAIGHT AHEAD""]","[""JOURNEY"", ""X5""]","[""1"", ""2""]","[""N""]","[""1"", ""2""]","[""DRIVER""]","[""UNKNOWN""]","[""2062288"", ""2062299""]","[""SPORT UTILITY VEHICLE (SUV)""]","[""PERSONAL""]","[""2016"", ""2018""]",[],[],[],[],[],"[""Y""]",[],[],[],[],"[""1""]",[],[],[],"[""Y""]",[],"['43', '60', '76']","[""NOT APPLICABLE""]","[""TEST NOT OFFERED""]","[""CHICAGO""]","[""2025-10-04T09:52:00.000""]","[""UNKNOWN""]","[""UNKNOWN""]","[""D""]","[""IL""]","[""NONE""]",[],"[""O2163401"", ""O2163417"", ""P477416""]","[""DRIVER"", ""PASSENGER""]","[""UNKNOWN""]","[""USAGE UNKNOWN""]","[""F"", ""M""]","[""IL""]","[""2062288"", ""2062299""]","[""60624"", ""60636""]",[],"[""6""]",[],[],[],[],2025,10,9,4,True,morning,41.91,-87.74,41.91_-87.74,59.666666666666664,43,76,OTHER,0
STRAIGHT AND LEVEL,1912,2025-10-04 09:40:00,7,9,10,696405EDEA7AF0021B70B808A8AD116A1134AE0350412FAF00424BBAF22A619D9E77C20B5ABC15F7A1F3A7CB058A87DC4A877915A0AF95018C4B01E7B4E82751,NO INJURY / DRIVE AWAY,"OVER $1,500",NO CONTROLS,PARKED MOTOR VEHICLE,41.9687002966,DAYLIGHT,-87.6751090975,2,20,UNABLE TO DETERMINE,NO DEFECTS,DRY,UNABLE TO DETERMINE,W,1809,NO CONTROLS,PARKING LOT,CLEAR,0.0,1.0,0.0,0.0,0.0,1.0,2,0,"[""Y""]","[""Y""]",[],"[""2025-10-04T09:40:00.000""]","[""2163399"", ""2163400""]","[""FRONT-RIGHT-CORNER"", ""REAR-RIGHT-CORNER""]","[""IL""]","[""MERCEDES-BENZ"", ""SUBARU""]","[""BACKING"", ""PARKED""]","[""GLA"", ""OTHER (EXPLAIN IN NARRATIVE)""]","[""0"", ""1""]","[""UNKNOWN""]","[""1"", ""2""]","[""DRIVER"", ""PARKED""]","[""NONE"", ""UNKNOWN""]","[""2062284"", ""2062286""]","[""PASSENGER""]","[""PERSONAL"", ""UNKNOWN/NA""]","[""2020""]",[],[],[],[],[],[],[],[],[],[],[],[],[],[],[],[],[],"[""NOT APPLICABLE""]","[""TEST NOT OFFERED""]",[],"[""2025-10-04T09:40:00.000""]","[""UNKNOWN""]","[""UNKNOWN""]",[],[],"[""NONE""]",[],"[""O2163399""]","[""DRIVER""]","[""UNKNOWN""]","[""USAGE UNKNOWN""]","[""X""]",[],"[""2062284""]",[],[],[],[],[],[],[],2025,10,9,4,True,morning,41.97,-87.68,41.97_-87.68,0.0,0,0,OTHER,0
STRAIGHT AND LEVEL,1812,2025-10-04 09:35:00,7,9,10,7B0C7B4E2AE40E858426DE581820C14C9BA8FC524F0C222063A5CBEA01DC5681E4848EADC698C6F55601FE9954F3A87C4622073B11C0AE7B8B1E45750DDA226F,NO INJURY / DRIVE AWAY,"$501 - $1,500",FUNCTIONING PROPERLY,PARKED MOTOR VEHICLE,41.923878487,DAYLIGHT,-87.639472096,2,30,NOT APPLICABLE,NO DEFECTS,DRY,NOT APPLICABLE,W,406,TRAFFIC SIGNAL,NOT DIVIDED,CLEAR,0.0,0.0,0.0,0.0,0.0,1.0,2,1,[],[],[],"[""2025-10-04T09:35:00.000""]","[""2163379"", ""2163380""]","[""REAR-LEFT-CORNER"", ""REAR-RIGHT-CORNER""]","[""IL""]","[""FORD"", ""VOLKSWAGEN""]","[""PARKED"", ""STRAIGHT AHEAD""]","[""OTHER (EXPLAIN IN NARRATIVE)"", ""PASSAT""]","[""0"", ""1""]","[""E""]","[""1"", ""2""]","[""DRIVER"", ""PARKED""]","[""UNKNOWN""]","[""2062271"", ""2062280""]","[""PASSENGER"", ""TRUCK - SINGLE UNIT""]","[""UNKNOWN/NA""]","[""2016"", ""2019""]",[],[],[],[],[],"[""Y""]",[],[],[],[],[],"[""Y""]",[],"[""Y""]","[""Y""]",[],['43'],"[""DID NOT DEPLOY""]","[""TEST NOT OFFERED""]","[""COUNTRYSIDE""]","[""2025-10-04T09:35:00.000""]","[""OTHER""]","[""UNKNOWN""]","[""D""]","[""IL""]","[""NONE""]",[],"[""O2163379""]","[""DRIVER""]","[""NORMAL""]","[""USAGE UNKNOWN""]","[""M""]","[""IL""]","[""2062271""]","[""60525""]",[],[],[],[],[],[],2025,10,9,4,True,morning,41.92,-87.64,41.92_-87.64,43.0,43,43,OTHER,0
STRAIGHT AND LEVEL,222,2025-10-04 09:30:00,7,9,10,165FF2AA38A0CF11AE15EE96332ED2B5F6FE2697E44C759E7AB45F76421FD11F0E769AA41C54EA1CE758FA9E4087D192C3267F30E2AC478DF498F7E653E73C4E,NO INJURY / DRIVE AWAY,"$501 - $1,500",NO CONTROLS,PARKED MOTOR VEHICLE,41.8061955495,DAYLIGHT,-87.5895782827,2,35,UNABLE TO DETERMINE,UNKNOWN,UNKNOWN,NOT APPLICABLE,S,4850,NO CONTROLS,DIVIDED - W/MEDIAN (NOT RAISED),CLEAR,0.0,1.0,0.0,0.0,0.0,1.0,2,0,[],[],[],"[""2025-10-04T09:30:00.000""]","[""2163388"", ""2163389""]","[""FRONT-LEFT-CORNER"", ""UNKNOWN""]","[""IL""]","[""LEXUS"", ""UNKNOWN""]","[""PARKED"", ""UNKNOWN/NA""]","[""LS460"", ""OTHER (EXPLAIN IN NARRATIVE)""]","[""0"", ""1""]","[""S"", ""UNKNOWN""]","[""1"", ""2""]","[""DRIVER"", ""PARKED""]","[""UNKNOWN""]","[""2062272"", ""2062279""]","[""PASSENGER"", ""UNKNOWN/NA""]","[""PERSONAL"", ""UNKNOWN/NA""]","[""2014""]",[],[],"[""Y""]",[],[],[],"[""Y""]",[],"[""Y""]",[],[],[],[],[],[],[],[],"[""DEPLOYMENT UNKNOWN""]","[""TEST NOT OFFERED""]",[],"[""2025-10-04T09:30:00.000""]","[""UNKNOWN""]","[""UNKNOWN""]",[],[],"[""NONE""]",[],"[""O2163388""]","[""DRIVER""]","[""UNKNOWN""]","[""USAGE UNKNOWN""]","[""X""]",[],"[""2062272""]",[],[],[],[],[],[],[],2025,10,9,4,True,morning,41.81,-87.59,41.81_-87.59,0.0,0,0,OTHER,0
STRAIGHT AND LEVEL,2532,2025-10-04 09:20:00,7,9,10,CBD4E9CECCC2FB45F88D7A9ABDD3B8D4CE95D68168DF4E689A1CEC33EFD6EE0BB9316523E8916B106A99CA47F8CE63710A3C21A9CC473AC82E6513885733647C,NO INJURY / DRIVE AWAY,"$501 - $1,500",NO CONTROLS,REAR TO SIDE,41.9093030323,DAYLIGHT,-87.7627063814,2,10,FAILING TO YIELD RIGHT-OF-WAY,NO DEFECTS,DRY,NOT APPLICABLE,W,5455,NO CONTROLS,PARKING LOT,CLEAR,0.0,0.0,0.0,0.0,0.0,1.0,1,1,[],[],[],"[""2025-10-04T09:20:00.000""]","[""2163397"", ""2163398""]","[""REAR-RIGHT-CORNER"", ""SIDE-RIGHT-REAR""]","[""IL""]","[""CHRYSLER"", ""TOYOTA""]","[""BACKING"", ""STRAIGHT AHEAD""]","[""COROLLA"", ""SEBRING""]","[""1"", ""2""]","[""N"", ""W""]","[""1"", ""2""]","[""DRIVER""]","[""NONE"", ""UNKNOWN""]","[""2062283"", ""2062285""]","[""PASSENGER""]","[""PERSONAL"", ""UNKNOWN/NA""]","[""2008"", ""2018""]","[""Y""]","[""Y""]",[],[],[],[],"[""Y""]",[],[],[],"[""1""]",[],[],[],[],[],['23'],"[""DID NOT DEPLOY"", ""NOT APPLICABLE""]","[""TEST NOT OFFERED""]","[""CHICAGO"", ""CICERO""]","[""2025-10-04T09:20:00.000""]","[""IMPROPER BACKING"", ""NONE""]","[""NOT OBSCURED"", ""UNKNOWN""]","[""D""]","[""IL"", ""XX""]","[""NONE""]",[],"[""O2163397"", ""O2163398"", ""P477413""]","[""DRIVER"", ""PASSENGER""]","[""NORMAL"", ""UNKNOWN""]","[""SAFETY BELT USED"", ""USAGE UNKNOWN""]","[""F""]","[""IL""]","[""2062283"", ""2062285""]","[""60608""]",[],"[""5""]",[],[],[],[],2025,10,9,4,True,morning,41.91,-87.76,41.91_-87.76,23.0,23,23,FAILURE-TO-YIELD,0
STRAIGHT AND LEVEL,1115,2025-10-04 09:15:00,7,9,10,32F78B2D09B2E515031BADC0CB30E8ECA0FDC452E0A50B95F4336348B6FCD10BE40CAA03AA5072E23EE57D62BE50B74969EF6229D2951405E8E13C4EFB483CDC,INJURY AND / OR TOW DUE TO CRASH,"OVER $1,500",NO CONTROLS,SIDESWIPE SAME DIRECTION,41.8771805903,DAYLIGHT,-87.7268888347,2,30,UNABLE TO DETERMINE,NO DEFECTS,DRY,NOT APPLICABLE,W,4032,NO CONTROLS,DIVIDED - W/MEDIAN (NOT RAISED),CLEAR,0.0,1.0,0.0,0.0,0.0,1.0,1,1,[],[],[],"[""2025-10-04T09:15:00.000""]","[""2163405"", ""2163406""]","[""SIDE-LEFT"", ""UNKNOWN""]","[""IL""]","[""UNKNOWN""]","[""PASSING/OVERTAKING"", ""STRAIGHT AHEAD""]","[""OTHER (EXPLAIN IN NARRATIVE)""]","[""1""]","[""W""]","[""1"", ""2""]","[""DRIVER""]","[""NONE"", ""UNKNOWN""]","[""2062291"", ""2062295""]","[""BUS OVER 15 PASS."", ""VAN/MINI-VAN""]","[""CTA"", ""PERSONAL""]","[""2016""]",[],[],"[""Y""]",[],[],[],"[""Y""]","[""Y""]","[""Y""]",[],[],[],[],[],[],[],['50'],"[""DEPLOYMENT UNKNOWN"", ""NOT APPLICABLE""]","[""TEST NOT OFFERED""]","[""CHICAGO""]","[""2025-10-04T09:15:00.000""]","[""IMPROPER PASSING"", ""NONE""]","[""NOT OBSCURED"", ""UNKNOWN""]","[""B""]","[""IL""]","[""NONE""]","[""HUMBOLDT PARK"", ""UNK""]","[""O2163405"", ""O2163406""]","[""DRIVER""]","[""NORMAL"", ""UNKNOWN""]","[""USAGE UNKNOWN""]","[""F"", ""X""]","[""IL""]","[""2062291"", ""2062295""]","[""60637""]","[""CFD AMB 77""]",[],[],[],[],[],2025,10,9,4,True,morning,41.88,-87.73,41.88_-87.73,50.0,50,50,OTHER,1