alignment,beat_of_occurrence,crash_date,crash_day_of_week,crash_hour,crash_month,crash_record_id,crash_type,damage,device_condition,first_crash_type,latitude,lighting_condition,longitude,num_units,posted_speed_limit,prim_contributory_cause,road_defect,roadway_surface_cond,sec_contributory_cause,street_direction,street_no,traffic_control_device,trafficway_type,weather_condition,private_property_i,hit_and_run_i,intersection_related_i,crash_date_est_i,work_zone_i,workers_present_i,veh_count,ppl_count,veh_area_01_i_list_json,veh_area_02_i_list_json,veh_area_12_i_list_json,veh_crash_date_list_json,veh_crash_unit_id_list_json,veh_first_contact_point_list_json,veh_lic_plate_state_list_json,veh_make_list_json,veh_maneuver_list_json,veh_model_list_json,veh_occupant_cnt_list_json,veh_travel_direction_list_json,veh_unit_no_list_json,veh_unit_type_list_json,veh_vehicle_defect_list_json,veh_vehicle_id_list_json,veh_vehicle_type_list_json,veh_vehicle_use_list_json,veh_vehicle_year_list_json,veh_area_03_i_list_json,veh_area_04_i_list_json,veh_area_11_i_list_json,veh_towed_by_list_json,veh_towed_i_list_json,veh_area_07_i_list_json,veh_area_99_i_list_json,veh_area_09_i_list_json,veh_area_10_i_list_json,veh_cmrc_veh_i_list_json,veh_num_passengers_list_json,veh_area_08_i_list_json,veh_area_00_i_list_json,veh_area_05_i_list_json,veh_area_06_i_list_json,veh_towed_to_list_json,ppl_age_list_json,ppl_airbag_deployed_list_json,ppl_bac_result_list_json,ppl_city_list_json,ppl_crash_date_list_json,ppl_driver_action_list_json,ppl_driver_vision_list_json,ppl_drivers_license_class_list_json,ppl_drivers_license_state_list_json,ppl_ejection_list_json,ppl_hospital_list_json,ppl_person_id_list_json,ppl_person_type_list_json,ppl_physical_condition_list_json,ppl_safety_equipment_list_json,ppl_sex_list_json,ppl_state_list_json,ppl_vehicle_id_list_json,ppl_zipcode_list_json,ppl_ems_agency_list_json,ppl_seat_no_list_json,ppl_pedpedal_action_list_json,ppl_pedpedal_location_list_json,ppl_pedpedal_visibility_list_json,ppl_ems_run_no_list_json,year,month,hour,day,is_weekend,hour_bin,lat_bin,lng_bin,grid_id,ppl_age_mean,ppl_age_min,ppl_age_max,prim_contributory_cause_group,ksi_flag
STRAIGHT AND LEVEL,1631,2025-10-04 09:15:00,7,9,10,00876DC963FCF11DADF3A41363666E43805B029CD1E2282693758B07E9CA5A2CA3D3BD5E8FA44BF1E32CCB3F8BDD37A4CAE985A4EBF8D7987573FB8D32B1234A,NO INJURY / DRIVE AWAY,"OVER $1,500",NO CONTROLS,TURNING,41.9424718492,DAYLIGHT,-87.8312210297,2,30,IMPROPER OVERTAKING/PASSING,NO DEFECTS,DRY,UNABLE TO DETERMINE,W,8164,NO CONTROLS,FOUR WAY,CLEAR,0.0,1.0,0.0,0.0,0.0,1.0,1,1,"[""Y""]",[],[],"[""2025-10-04T09:15:00.000""]","[""2163474"", ""2163475""]","[""FRONT-RIGHT-CORNER"", ""REAR-RIGHT-CORNER""]","[""IL""]","[""BUICK"", ""KIA""]","[""STRAIGHT AHEAD"", ""TURNING RIGHT""]","[""CARNIVAL"", ""LESABRE""]","[""1"", ""2""]","[""W""]","[""1"", ""2""]","[""DRIVER""]","[""NONE"", ""UNKNOWN""]","[""2062353"", ""2062357""]","[""PASSENGER""]","[""PERSONAL"", ""UNKNOWN/NA""]","[""1999"", ""2024""]",[],"[""N""]",[],[],[],[],[],[],[],[],"[""1""]",[],[],"[""Y""]",[],[],['32'],"[""DEPLOYMENT UNKNOWN"", ""NOT APPLICABLE""]","[""TEST NOT OFFERED""]","[""CHICAGO""]","[""2025-10-04T09:15:00.000""]","[""IMPROPER LANE CHANGE"", ""NONE""]","[""NOT OBSCURED"", ""UNKNOWN""]",[],"[""IL""]","[""NONE""]",[],"[""O2163474"", ""O2163475"", ""P477436""]","[""DRIVER"", ""PASSENGER""]","[""NORMAL"", ""UNKNOWN""]","[""SAFETY BELT USED"", ""USAGE UNKNOWN""]","[""F"", ""M""]","[""IL""]","[""2062353"", ""2062357""]","[""60634""]",[],"[""3""]",[],[],[],[],2025,10,9,4,True,morning,41.94,-87.83,41.94_-87.83,32.0,32,32,OTHER,0
STRAIGHT AND LEVEL,233,2025-10-04 09:04:00,7,9,10,C2100569D1DEE77DCC596694D2FBE82F0AF6501D17A0509263007D3EEAD8405CF27E4563C7BA6A9B756AEB215B8395689717D081321961FF2ED0F08D0DD58FBA,NO INJURY / DRIVE AWAY,"OVER $1,500",NO CONTROLS,FIXED OBJECT,41.7861815227,DAYLIGHT,-87.6107247396,1,30,"EVASIVE ACTION DUE TO ANIMAL, OBJECT, NONMOTORIST",NO DEFECTS,UNKNOWN,UNABLE TO DETERMINE,S,5945,NO CONTROLS,NOT DIVIDED,CLEAR,0.0,0.0,0.0,0.0,0.0,1.0,1,1,[],[],"[""Y""]","[""2025-10-04T09:04:00.000""]","[""2163448""]","[""FRONT""]",[],"[""TESLA""]","[""AVOIDING VEHICLES/OBJECTS""]","[""MODEL 3""]","[""1""]","[""S""]","[""1""]","[""DRIVER""]","[""NONE""]","[""2062323""]","[""PASSENGER""]","[""PERSONAL""]","[""2018""]",[],[],"[""Y""]",[],[],[],[],[],[],[],[],[],[],[],[],[],['51'],"[""NOT APPLICABLE""]","[""TEST NOT OFFERED""]","[""CHICAGO""]","[""2025-10-04T09:04:00.000""]","[""UNKNOWN""]","[""UNKNOWN""]","[""D""]","[""IL""]","[""NONE""]",[],"[""O2163448""]","[""DRIVER""]","[""UNKNOWN""]","[""SAFETY BELT USED""]","[""M""]","[""IL""]","[""2062323""]","[""60653""]",[],[],[],[],[],[],2025,10,9,4,True,morning,41.79,-87.61,41.79_-87.61,51.0,51,51,OTHER,0
STRAIGHT AND LEVEL,2512,2025-10-04 09:00:00,7,9,10,55335BE3D6F9E58FF5382D8EC21BE199CB88F4390C587147C83F3334FB9E4A35A7D7C289C9A8E58187685B7A700195DF1F49B17722D01CC9EE5DA3191604C6B9,NO INJURY / DRIVE AWAY,"OVER $1,500",FUNCTIONING PROPERLY,REAR END,41.9237283237,DAYLIGHT,-87.7927766139,2,30,UNABLE TO DETERMINE,NO DEFECTS,DRY,NOT APPLICABLE,W,6656,TRAFFIC SIGNAL,T-INTERSECTION,CLEAR,0.0,0.0,1.0,0.0,0.0,1.0,1,2,"[""Y""]",[],"[""Y""]","[""2025-10-04T09:00:00.000""]","[""2164013"", ""2164014""]","[""FRONT"", ""REAR""]","[""IL""]","[""CHEVROLET"", ""NISSAN""]","[""SLOW/STOP IN TRAFFIC"", ""UNKNOWN/NA""]","[""CRUZE"", ""ROGUE""]","[""1""]","[""SW"", ""W""]","[""1"", ""2""]","[""DRIVER""]","[""NONE"", ""UNKNOWN""]","[""2062864"", ""2062867""]","[""PASSENGER""]","[""PERSONAL""]","[""2012"", ""2021""]",[],[],"[""Y""]",[],[],"[""Y""]",[],[],[],[],[],[],[],"[""Y""]","[""Y""]",[],"['31', '33']","[""NOT APPLICABLE""]","[""TEST NOT OFFERED""]","[""CHICAGO""]","[""2025-10-04T09:00:00.000""]","[""NONE"", ""UNKNOWN""]","[""NOT OBSCURED"", ""UNKNOWN""]","[""D""]","[""IL""]","[""NONE""]",[],"[""O2164013"", ""O2164014""]","[""DRIVER""]","[""NORMAL""]","[""USAGE UNKNOWN""]","[""F"", ""M""]","[""IL""]","[""2062864"", ""2062867""]","[""60639""]",[],[],[],[],[],[],2025,10,9,4,True,morning,41.92,-87.79,41.92_-87.79,32.0,31,33,OTHER,0
STRAIGHT AND LEVEL,723,2025-10-04 08:43:00,7,8,10,0EDFBEDB278D989052C980BD020C9FDF2C3F3DFCF63F969FF2ADE5B2F7D1AB2E7DBDCBB5FA3E55ADFD4E7522A4AD281B8E5C8A3CD23E36277E6C9D6022441187,NO INJURY / DRIVE AWAY,"OVER $1,500",NO CONTROLS,SIDESWIPE SAME DIRECTION,41.7743300522,DAYLIGHT,-87.6444984617,2,30,UNABLE TO DETERMINE,NO DEFECTS,DRY,UNABLE TO DETERMINE,S,6559,NO CONTROLS,NOT DIVIDED,CLEAR,0.0,0.0,0.0,0.0,0.0,1.0,1,0,"[""Y""]",[],[],"[""2025-10-04T08:43:00.000""]","[""2163375"", ""2163376""]","[""REAR"", ""SIDE-RIGHT""]","[""IL""]","[""GENERAL MOTORS CORPORATION (GMC)"", ""NISSAN""]","[""PASSING/OVERTAKING"", ""STRAIGHT AHEAD""]","[""ACADIA"", ""ALTIMA""]","[""1""]","[""N""]","[""1"", ""2""]","[""DRIVER""]","[""NONE"", ""UNKNOWN""]","[""2062261"", ""2062265""]","[""PASSENGER"", ""UNKNOWN/NA""]","[""PERSONAL"", ""UNKNOWN/NA""]","[""2014"", ""2022""]",[],[],[],[],[],[],[],[],[],[],[],"[""Y""]",[],[],[],[],[],"[""NOT APPLICABLE""]","[""TEST NOT OFFERED""]","[""CHICAGO""]","[""2025-10-04T08:43:00.000""]","[""IMPROPER PASSING"", ""NONE""]","[""NOT OBSCURED"", ""UNKNOWN""]",[],"[""IL""]","[""NONE""]",[],"[""O2163375"", ""O2163376""]","[""DRIVER""]","[""NORMAL"", ""UNKNOWN""]","[""SAFETY BELT USED"", ""USAGE UNKNOWN""]","[""F""]",[],"[""2062261"", ""2062265""]",[],[],[],[],[],[],[],2025,10,8,4,True,morning,41.77,-87.64,41.77_-87.64,0.0,0,0,OTHER,0
STRAIGHT AND LEVEL,225,2025-10-04 08:39:00,7,8,10,50F3C5B819AF982BD7C39CEDAA8566B8E0978BD58DE85EC22C4298D90428CB1A25BD56494022590A4FA420C8AA246C53FBE13DEC34E1AA6D010ECCFDC3CA9E15,NO INJURY / DRIVE AWAY,"OVER $1,500",FUNCTIONING PROPERLY,REAR TO FRONT,41.7941481735,DAYLIGHT,-87.629148607,2,30,UNABLE TO DETERMINE,NO DEFECTS,DRY,NOT APPLICABLE,S,5501,STOP SIGN/FLASHER,NOT DIVIDED,CLEAR,0.0,0.0,0.0,0.0,0.0,1.0,1,1,"[""Y""]",[],"[""Y""]","[""2025-10-04T08:39:00.000""]","[""2163395"", ""2163396""]","[""FRONT"", ""REAR""]","[""IL""]","[""DODGE"", ""FORD""]","[""BACKING"", ""SLOW/STOP IN TRAFFIC""]","[""CARAVAN"", ""OTHER (EXPLAIN IN NARRATIVE)""]","[""1""]","[""N"", ""S""]","[""1"", ""2""]","[""DRIVER""]","[""UNKNOWN""]","[""2062287"", ""2062292""]","[""BUS UP TO 15 PASS."", ""VAN/MINI-VAN""]","[""OTHER"", ""UNKNOWN/NA""]","[""2010"", ""2020""]",[],[],"[""Y""]",[],[],[],[],[],[],"[""N""]",[],"[""N""]",[],[],[],[],['29'],"[""NOT APPLICABLE""]","[""TEST NOT OFFERED""]","[""CHICAGO""]","[""2025-10-04T08:39:00.000""]","[""UNKNOWN""]","[""UNKNOWN""]","[""C""]","[""IL"", ""XX""]","[""NONE""]",[],"[""O2163395"", ""O2163396""]","[""DRIVER""]","[""NORMAL"", ""UNKNOWN""]","[""USAGE UNKNOWN""]","[""M""]","[""IL""]","[""2062287"", ""2062292""]","[""60805""]",[],[],[],[],[],[],2025,10,8,4,True,morning,41.79,-87.63,41.79_-87.63,29.0,29,29,OTHER,0
STRAIGHT AND LEVEL,2533,2025-10-04 08:30:00,7,8,10,12763868FDA348016E84C9FF920F06FF72BD2AD09077921A29EAF971C2E4AE8CB483892C389C7123D951168DEF7FC39879FE939B3E174CDC424888988E829CA9,INJURY AND / OR TOW DUE TO CRASH,"OVER $1,500",FUNCTIONING PROPERLY,ANGLE,41.9097919949,DAYLIGHT,-87.7399137204,3,30,DISREGARDING TRAFFIC SIGNALS,NO DEFECTS,DRY,NOT APPLICABLE,N,1600,TRAFFIC SIGNAL,FOUR WAY,CLEAR,0.0,0.0,1.0,0.0,0.0,1.0,1,3,"[""Y""]","[""Y""]","[""Y""]","[""2025-10-04T08:30:00.000""]","[""2163383"", ""2163384"", ""2163385""]","[""FRONT"", ""FRONT-RIGHT-CORNER"", ""SIDE-LEFT-FRONT""]","[""IL""]","[""CHEVROLET"", ""HYUNDAI"", ""KIA""]","[""SLOW/STOP IN TRAFFIC"", ""STRAIGHT AHEAD""]","[""SANTA FE"", ""SOUL"", ""VAN""]","[""1"", ""2""]","[""E"", ""N"", ""S""]","[""1"", ""2"", ""3""]","[""DRIVER""]","[""NONE""]","[""2062270"", ""2062278"", ""2062282""]","[""PASSENGER"", ""VAN/MINI-VAN""]","[""PERSONAL""]","[""2003"", ""2011"", ""2012""]","[""Y""]",[],"[""Y""]","[""INSURANCE""]","[""Y""]",[],[],[],[],[],"[""1""]",[],[],[],[],"[""UNKNOWN""]","['38', '46', '50']","[""DEPLOYED, FRONT"", ""DEPLOYMENT UNKNOWN"", ""DID NOT DEPLOY"", ""NOT APPLICABLE""]","[""TEST NOT OFFERED""]","[""CHICAGO""]","[""2025-10-04T08:30:00.000""]","[""DISREGARDED CONTROL DEVICES"", ""NONE""]","[""NOT OBSCURED""]","[""D""]","[""IL""]","[""NONE""]","[""HUMBOLT PARK HEALTH""]","[""O2163383"", ""O2163384"", ""O2163385"", ""P477412""]","[""DRIVER"", ""PASSENGER""]","[""NORMAL""]","[""USAGE UNKNOWN""]","[""F"", ""M""]","[""IL""]","[""2062270"", ""2062278"", ""2062282""]","[""60623"", ""60651""]","[""CFD""]","[""3""]",[],[],[],"[""52""]",2025,10,8,4,True,morning,41.91,-87.74,41.91_-87.74,44.666666666666664,38,50,OTHER,1
STRAIGHT AND LEVEL,412,2025-10-04 08:30:00,7,8,10,DFECF285DDF3BECFC5D45E472E95D1BF6FD9AEB102D977775F9AD1089EE92B5A400AE950E5537FB0433C5F1723BDB07D7A4833E85002A20C6FCBCA6C95CBA0C9,NO INJURY / DRIVE AWAY,"OVER $1,500",NO CONTROLS,SIDESWIPE SAME DIRECTION,41.7367954576,DAYLIGHT,-87.5862725091,2,30,NOT APPLICABLE,UNKNOWN,UNKNOWN,NOT APPLICABLE,E,1543,NO CONTROLS,DIVIDED - W/MEDIAN (NOT RAISED),CLEAR,0.0,0.0,0.0,0.0,0.0,1.0,1,2,"[""Y""]",[],[],"[""2025-10-04T08:30:00.000""]","[""2166019"", ""2166020""]","[""FRONT-RIGHT-CORNER"", ""SIDE-LEFT""]","[""IL""]","[""FORD"", ""HYUNDAI""]","[""UNKNOWN/NA""]","[""OTHER (EXPLAIN IN NARRATIVE)"", ""VENUE""]","[""1""]","[""W""]","[""1"", ""2""]","[""DRIVER""]","[""UNKNOWN""]","[""2064749"", ""2064750""]","[""PICKUP"", ""SPORT UTILITY VEHICLE (SUV)""]","[""UNKNOWN/NA""]","[""1991"", ""2024""]",[],[],[],[],[],[],[],"[""Y""]","[""Y""]",[],[],"[""Y""]",[],[],[],[],"['28', '66']","[""DID NOT DEPLOY""]","[""TEST NOT OFFERED""]","[""CHICAGO"", ""JOLIET""]","[""2025-10-04T08:30:00.000""]","[""UNKNOWN""]","[""UNKNOWN""]","[""B"", ""D""]","[""IL""]","[""NONE""]",[],"[""O2166019"", ""O2166020""]","[""DRIVER""]","[""NORMAL""]","[""SAFETY BELT USED""]","[""F"", ""M""]","[""IL""]","[""2064749"", ""2064750""]","[""60432"", ""60619""]",[],[],[],[],[],[],2025,10,8,4,True,morning,41.74,-87.59,41.74_-87.59,47.0,28,66,OTHER,0
STRAIGHT AND LEVEL,935,2025-10-04 08:10:00,7,8,10,42E20732CD8B8FD06D202B4E4BBB08C0994D94D707EDE17DCBDCA2C4E7B56FF81F8AF387C45F3C680E70FF3336B92B22D38582E0AF421BAA0948B5DB24755D0A,NO INJURY / DRIVE AWAY,"OVER $1,500",NO CONTROLS,FIXED OBJECT,41.8088209635,DAYLIGHT,-87.6453896283,1,15,DRIVING SKILLS/KNOWLEDGE/EXPERIENCE,NO DEFECTS,DRY,NOT APPLICABLE,S,4701,NO CONTROLS,ALLEY,CLEAR,0.0,0.0,0.0,0.0,0.0,1.0,1,1,"[""Y""]","[""Y""]",[],"[""2025-10-04T08:10:00.000""]","[""2163367""]","[""REAR-LEFT-CORNER""]","[""IN""]","[""INTERNATIONAL HARVESTER COMPANY""]","[""STRAIGHT AHEAD""]","[""INTERNATIONAL HARVESTER CO.""]","[""1""]","[""S""]","[""1""]","[""DRIVER""]","[""UNKNOWN""]","[""2062257""]","[""TRUCK - SINGLE UNIT""]","[""OTHER""]","[""2025""]","[""Y""]","[""Y""]",[],[],[],[],[],[],[],[],[],[],[],"[""Y""]",[],[],['64'],"[""NOT APPLICABLE""]","[""TEST NOT OFFERED""]","[""SUMMIT ARGO""]","[""2025-10-04T08:10:00.000""]","[""OTHER""]","[""UNKNOWN""]","[""AM""]","[""IL""]","[""NONE""]","[""REFUSED""]","[""O2163367""]","[""DRIVER""]","[""NORMAL""]","[""SAFETY BELT USED""]","[""M""]","[""IL""]","[""2062257""]","[""60501""]",[],[],[],[],[],[],2025,10,8,4,True,morning,41.81,-87.65,41.81_-87.65,64.0,64,64,OTHER,0
STRAIGHT AND LEVEL,1712,2025-10-04 08:00:00,7,8,10,A3633152E4084CC1B369EE8E6B9ED6C52790BCF1EA5AEF1F32FAE72B71FF73ECDC4F3751188C39A6F1F53FEAC740BE18603D74CC2A1B53B63B00FE9AA22D4506,INJURY AND / OR TOW DUE TO CRASH,"$501 - $1,500",NO CONTROLS,PARKED MOTOR VEHICLE,41.9684221199,DAYLIGHT,-87.72152048,2,30,UNABLE TO DETERMINE,NO DEFECTS,DRY,UNABLE TO DETERMINE,W,3718,NO CONTROLS,DIVIDED - W/MEDIAN (NOT RAISED),CLEAR,0.0,1.0,0.0,0.0,0.0,1.0,2,0,[],[],[],"[""2025-10-04T08:00:00.000""]","[""2163377"", ""2163378""]","[""SIDE-LEFT"", ""UNKNOWN""]","[""IL""]","[""FORD"", ""UNKNOWN""]","[""PARKED"", ""UNKNOWN/NA""]","[""ESCAPE"", ""OTHER (EXPLAIN IN NARRATIVE)""]","[""0"", ""1""]","[""W""]","[""1"", ""2""]","[""DRIVER"", ""PARKED""]","[""NONE"", ""UNKNOWN""]","[""2062264"", ""2062266""]","[""SPORT UTILITY VEHICLE (SUV)"", ""UNKNOWN/NA""]","[""OTHER"", ""UNKNOWN/NA""]","[""2025""]",[],[],"[""Y""]",[],"[""Y""]","[""N""]","[""Y""]","[""Y""]","[""Y""]",[],[],"[""Y""]",[],[],[],[],[],"[""DEPLOYMENT UNKNOWN""]","[""TEST NOT OFFERED""]",[],"[""2025-10-04T08:00:00.000""]","[""UNKNOWN""]","[""UNKNOWN""]",[],[],"[""NONE""]",[],"[""O2163377""]","[""DRIVER""]","[""UNKNOWN""]","[""USAGE UNKNOWN""]","[""X""]",[],"[""2062264""]",[],[],[],[],[],[],[],2025,10,8,4,True,morning,41.97,-87.72,41.97_-87.72,0.0,0,0,OTHER,0
STRAIGHT AND LEVEL,1531,2025-10-04 08:00:00,7,8,10,62F89654EBE734645BDCD2B05B6C0B4A9B608A7AEFE9C30D56BBF914E3185D7C900768C864C0FD369B15E42C0E8497CDD1FE2357FED864EBC3FAA5257B0A1FCB,NO INJURY / DRIVE AWAY,"OVER $1,500",NO CONTROLS,PARKED MOTOR VEHICLE,41.9015027604,UNKNOWN,-87.7531599376,2,25,UNABLE TO DETERMINE,NO DEFECTS,DRY,NOT APPLICABLE,N,1135,NO CONTROLS,ONE-WAY,CLEAR,0.0,1.0,0.0,1.0,0.0,1.0,2,0,[],[],[],"[""2025-10-04T08:00:00.000""]","[""2163370"", ""2163371""]","[""REAR-LEFT-CORNER"", ""UNKNOWN""]","[""IL"", ""XX""]","[""CADILLAC"", ""UNKNOWN""]","[""PARKED"", ""UNKNOWN/NA""]","[""OTHER (EXPLAIN IN NARRATIVE)"", ""XTS""]","[""0"", ""1""]","[""S"", ""UNKNOWN""]","[""1"", ""2""]","[""DRIVER"", ""PARKED""]","[""NONE"", ""UNKNOWN""]","[""2062258"", ""2062262""]","[""PASSENGER"", ""UNKNOWN/NA""]","[""NOT IN USE"", ""UNKNOWN/NA""]","[""2016"", ""2018""]",[],[],[],[],[],"[""Y""]",[],"[""Y""]",[],[],[],"[""Y""]",[],[],[],[],[],"[""DEPLOYMENT UNKNOWN""]","[""TEST NOT OFFERED""]",[],"[""2025-10-04T08:00:00.000""]","[""UNKNOWN""]","[""UNKNOWN""]",[],"[""XX""]","[""UNKNOWN""]",[],"[""O2163370""]","[""DRIVER""]","[""UNKNOWN""]","[""USAGE UNKNOWN""]","[""X""]",[],"[""2062258""]",[],[],[],[],[],[],[],2025,10,8,4,True,morning,41.9,-87.75,41.9_-87.75,0.0,0,0,OTHER,0
STRAIGHT AND LEVEL,632,2025-10-04 07:49:00,7,7,10,6F0966C50CCE091E14D42AE453ABD2184942067D7A1D8FBA93DA04A166C215ABA540834036113F2D352FA8CA0885E9EB163324ED8FD737FE46D2728A8DF0407F,INJURY AND / OR TOW DUE TO CRASH,"OVER $1,500",NO CONTROLS,SIDESWIPE SAME DIRECTION,41.7367253793,DAYLIGHT,-87.6071663276,2,30,FAILING TO YIELD RIGHT-OF-WAY,UNKNOWN,UNKNOWN,FOLLOWING TOO CLOSELY,E,700,NO CONTROLS,NOT DIVIDED,CLEAR,0.0,0.0,1.0,0.0,0.0,1.0,1,3,"[""Y""]","[""Y""]","[""Y""]","[""2025-10-04T07:49:00.000""]","[""2163365"", ""2163366""]","[""FRONT"", ""REAR""]","[""IL""]","[""DODGE"", ""FORD""]","[""STRAIGHT AHEAD""]","[""CHALLENGER"", ""OTHER (EXPLAIN IN NARRATIVE)""]","[""1"", ""2""]","[""E""]","[""1"", ""2""]","[""DRIVER""]","[""UNKNOWN""]","[""2062252"", ""2062255""]","[""OTHER"", ""PASSENGER""]","[""AMBULANCE"", ""PERSONAL""]",[],"[""Y""]","[""Y""]","[""Y""]",[],"[""N""]",[],"[""Y""]",[],[],[],"[""1""]",[],[],"[""Y""]","[""Y""]",[],"['29', '35', '57']","[""DEPLOYED, FRONT"", ""DID NOT DEPLOY"", ""NOT APPLICABLE""]","[""TEST NOT OFFERED""]","[""CHICAGO"", ""EAST MOLINE""]","[""2025-10-04T07:49:00.000""]","[""NONE"", ""TOO FAST FOR CONDITIONS""]","[""UNKNOWN""]","[""D""]","[""IL""]","[""NONE""]","[""UNIVERSITY OF CHICAGO""]","[""O2163365"", ""O2163366"", ""P477411""]","[""DRIVER"", ""PASSENGER""]","[""EMOTIONAL"", ""REMOVED BY EMS""]","[""SAFETY BELT USED"", ""USAGE UNKNOWN""]","[""F"", ""M""]","[""IL""]","[""2062252"", ""2062255""]","[""60619"", ""60620"", ""61244""]","[""CHICAGO FIRE""]","[""2""]",[],[],[],"[""37""]",2025,10,7,4,True,morning,41.74,-87.61,41.74_-87.61,40.333333333333336,29,57,FAILURE-TO-YIELD,1
STRAIGHT AND LEVEL,1731,2025-10-04 07:46:00,7,7,10,7CBD527B2A07ED86B7103FBDA4D5C0969DA8C800BDA0DCBD53C5A4E5A2CE554E3705DCB5431EBB1E2F92E8709C9C4C559942A81410B1423C1B8CC96065411DA6,INJURY AND / OR TOW DUE TO CRASH,"OVER $1,500",FUNCTIONING PROPERLY,TURNING,41.9534353109,DAYLIGHT,-87.738207068,5,30,FAILING TO YIELD RIGHT-OF-WAY,NO DEFECTS,DRY,UNDER THE INFLUENCE OF ALCOHOL/DRUGS (USE WHEN ARREST IS EFFECTED),N,3998,TRAFFIC SIGNAL,FOUR WAY,CLEAR,0.0,1.0,1.0,0.0,0.0,1.0,2,5,"[""N"", ""Y""]","[""Y""]","[""N"", ""Y""]","[""2025-10-04T07:46:00.000""]","[""2170186"", ""2170187"", ""2170188"", ""2170189"", ""2170190""]","[""FRONT-LEFT-CORNER"", ""FRONT-RIGHT-CORNER"", ""REAR-RIGHT-CORNER"", ""SIDE-RIGHT"", ""UNKNOWN""]","[""IL""]","[""AUDI"", ""HONDA"", ""HYUNDAI"", ""TOYOTA""]","[""PARKED"", ""STRAIGHT AHEAD"", ""TURNING LEFT""]","[""4RUNNER"", ""ACCORD"", ""Q5"", ""SANTA FE"", ""SEQUOIA""]","[""0"", ""1"", ""2""]","[""E"", ""S"", ""W""]","[""1"", ""2"", ""3"", ""4"", ""5""]","[""DRIVER"", ""PARKED""]","[""NONE"", ""UNKNOWN""]","[""2068693"", ""2068694"", ""2068695"", ""2068696"", ""2068697""]","[""PASSENGER"", ""SPORT UTILITY VEHICLE (SUV)""]","[""OTHER"", ""PERSONAL""]","[""2004"", ""2008"", ""2009"", ""2024""]","[""Y""]","[""Y""]","[""Y""]",[],"[""Y""]",[],"[""Y""]",[],"[""Y""]",[],"[""1"", ""2""]",[],[],"[""Y""]",[],[],"['11', '45', '49', '53', '8']","[""DEPLOYED, FRONT"", ""DID NOT DEPLOY"", ""NOT APPLICABLE""]","[""TEST NOT OFFERED"", ""TEST REFUSED""]","[""CHICAGO""]","[""2025-10-04T07:46:00.000""]","[""FAILED TO YIELD"", ""NONE""]","[""NOT OBSCURED"", ""UNKNOWN""]","[""D""]","[""IL""]","[""NONE""]",[],"[""O2170186"", ""O2170187"", ""P478813"", ""P478814"", ""P478815""]","[""DRIVER"", ""PASSENGER""]","[""IMPAIRED - ALCOHOL"", ""NORMAL""]","[""SAFETY BELT USED"", ""USAGE UNKNOWN""]","[""F"", ""M""]","[""IL""]","[""2068693"", ""2068694"", ""2068695""]","[""60618"", ""60641""]",[],"[""2"", ""3"", ""6""]",[],[],[],[],2025,10,7,4,True,morning,41.95,-87.74,41.95_-87.74,33.2,8,53,FAILURE-TO-YIELD,1
STRAIGHT AND LEVEL,1032,2025-10-04 07:30:00,7,7,10,7768DB9F2512484C402488E59F7F3294460B60152F677E13B2FBF1F397C312D0DF4B43658B2B867399B8BC1AA112AE27E5D75AF0E015588220FA7EB0D575D936,INJURY AND / OR TOW DUE TO CRASH,"OVER $1,500",FUNCTIONING PROPERLY,ANGLE,41.8407452996,DAYLIGHT,-87.7075062762,2,20,DISREGARDING STOP SIGN,NO DEFECTS,DRY,FAILING TO REDUCE SPEED TO AVOID CRASH,S,2800,STOP SIGN/FLASHER,T-INTERSECTION,CLEAR,0.0,1.0,1.0,0.0,0.0,1.0,1,1,"[""Y""]","[""Y""]",[],"[""2025-10-04T07:30:00.000""]","[""2163343"", ""2163344""]","[""SIDE-RIGHT"", ""UNKNOWN""]","[""IL""]","[""FORD"", ""TOYOTA""]","[""STRAIGHT AHEAD""]","[""CAMRY"", ""ESCAPE""]","[""1"", ""3""]","[""N"", ""W""]","[""1"", ""2""]","[""DRIVER""]","[""UNKNOWN""]","[""2062237"", ""2062246""]","[""PASSENGER"", ""SPORT UTILITY VEHICLE (SUV)""]","[""PERSONAL"", ""UNKNOWN/NA""]","[""2010"", ""2014""]","[""Y""]",[],[],[],"[""Y""]",[],"[""Y""]",[],[],[],"[""2""]",[],[],[],[],[],['42'],"[""DEPLOYMENT UNKNOWN"", ""NOT APPLICABLE""]","[""TEST NOT OFFERED""]","[""CHICAGO""]","[""2025-10-04T07:30:00.000""]","[""DISREGARDED CONTROL DEVICES"", ""NONE""]","[""UNKNOWN""]","[""D""]","[""IL""]","[""NONE""]",[],"[""O2163343"", ""O2163344"", ""P477420"", ""P477421""]","[""DRIVER"", ""PASSENGER""]","[""NORMAL"", ""UNKNOWN""]","[""SAFETY BELT USED"", ""USAGE UNKNOWN""]","[""F"", ""M""]","[""IL""]","[""2062237"", ""2062246""]","[""60804""]",[],"[""4"", ""6""]",[],[],[],[],2025,10,7,4,True,morning,41.84,-87.71,41.84_-87.71,42.0,42,42,OTHER,0