alignment,beat_of_occurrence,crash_date,crash_day_of_week,crash_hour,crash_month,crash_record_id,crash_type,damage,device_condition,first_crash_type,latitude,lighting_condition,longitude,num_units,posted_speed_limit,prim_contributory_cause,road_defect,roadway_surface_cond,sec_contributory_cause,street_direction,street_no,traffic_control_device,trafficway_type,weather_condition,private_property_i,hit_and_run_i,intersection_related_i,crash_date_est_i,work_zone_i,workers_present_i,veh_count,ppl_count,veh_area_01_i_list_json,veh_area_02_i_list_json,veh_area_12_i_list_json,veh_crash_date_list_json,veh_crash_unit_id_list_json,veh_first_contact_point_list_json,veh_lic_plate_state_list_json,veh_make_list_json,veh_maneuver_list_json,veh_model_list_json,veh_occupant_cnt_list_json,veh_travel_direction_list_json,veh_unit_no_list_json,veh_unit_type_list_json,veh_vehicle_defect_list_json,veh_vehicle_id_list_json,veh_vehicle_type_list_json,veh_vehicle_use_list_json,veh_vehicle_year_list_json,veh_area_03_i_list_json,veh_area_04_i_list_json,veh_area_11_i_list_json,veh_towed_by_list_json,veh_towed_i_list_json,veh_area_07_i_list_json,veh_area_99_i_list_json,veh_area_09_i_list_json,veh_area_10_i_list_json,veh_cmrc_veh_i_list_json,veh_num_passengers_list_json,veh_area_08_i_list_json,veh_area_00_i_list_json,veh_area_05_i_list_json,veh_area_06_i_list_json,veh_towed_to_list_json,ppl_age_list_json,ppl_airbag_deployed_list_json,ppl_bac_result_list_json,ppl_city_list_json,ppl_crash_date_list_json,ppl_driver_action_list_json,ppl_driver_vision_list_json,ppl_drivers_license_class_list_json,ppl_drivers_license_state_list_json,ppl_ejection_list_json,ppl_hospital_list_json,ppl_person_id_list_json,ppl_person_type_list_json,ppl_physical_condition_list_json,ppl_safety_equipment_list_json,ppl_sex_list_json,ppl_state_list_json,ppl_vehicle_id_list_json,ppl_zipcode_list_json,ppl_ems_agency_list_json,ppl_seat_no_list_json,ppl_pedpedal_action_list_json,ppl_pedpedal_location_list_json,ppl_pedpedal_visibility_list_json,ppl_ems_run_no_list_json,year,month,hour,day,is_weekend,hour_bin,lat_bin,lng_bin,grid_id,ppl_age_mean,ppl_age_min,ppl_age_max,prim_contributory_cause_group,ksi_flag
STRAIGHT AND LEVEL,2033,2025-10-04 07:30:00,7,7,10,E94C45625923CDEAE1EC4C50F586B1805C2C87FA6DD74AA6E79264E4982224D49F3D7893C4ACF734C42943D3289871CA87E420FDD71512AE965B6D18D16C25F2,NO INJURY / DRIVE AWAY,"OVER $1,500",NO CONTROLS,REAR TO SIDE,41.9715773243,DAYLIGHT,-87.6598877581,2,25,DRIVING SKILLS/KNOWLEDGE/EXPERIENCE,UNKNOWN,DRY,DRIVING SKILLS/KNOWLEDGE/EXPERIENCE,N,4902,NO CONTROLS,NOT DIVIDED,CLEAR,0.0,0.0,0.0,0.0,0.0,1.0,1,1,[],[],"[""Y""]","[""2025-10-04T07:30:00.000""]","[""2163351"", ""2163352""]","[""FRONT"", ""SIDE-RIGHT-REAR""]","[""IL""]","[""ACURA"", ""BUICK""]","[""STRAIGHT AHEAD""]","[""LUCERNE"", ""RLX""]","[""1""]","[""E"", ""S""]","[""1"", ""2""]","[""DRIVER""]","[""UNKNOWN""]","[""2062245"", ""2062248""]","[""PASSENGER""]","[""PERSONAL""]","[""2007"", ""2019""]","[""Y""]","[""Y""]",[],[],[],[],[],[],[],[],[],[],"[""Y""]","[""Y""]",[],[],['57'],"[""DID NOT DEPLOY"", ""NOT APPLICABLE""]","[""TEST NOT OFFERED""]","[""CHICAGO""]","[""2025-10-04T07:30:00.000""]","[""FAILED TO YIELD"", ""NONE""]","[""UNKNOWN""]","[""D""]","[""IL""]","[""NONE""]",[],"[""O2163351"", ""O2163352""]","[""DRIVER""]","[""UNKNOWN""]","[""USAGE UNKNOWN""]","[""F"", ""M""]","[""IL""]","[""2062245"", ""2062248""]","[""60640"", ""60660""]",[],[],[],[],[],[],2025,10,7,4,True,morning,41.97,-87.66,41.97_-87.66,57.0,57,57,OTHER,0
STRAIGHT AND LEVEL,1215,2025-10-04 06:27:00,7,6,10,9AFA72BB3A2E86C8F8C7EAF09203A7A8D0A73D0AF641C614549B2498F1146DA92751FCF80B693A6745FCC979A57AEA0B6BE47DC6432B98DE357F5EECB6A0ECA5,NO INJURY / DRIVE AWAY,"OVER $1,500",NO CONTROLS,TURNING,41.8917697782,DAWN,-87.6586046142,2,30,FAILING TO YIELD RIGHT-OF-WAY,NO DEFECTS,DRY,NOT APPLICABLE,N,520,NO CONTROLS,NOT DIVIDED,CLEAR,0.0,0.0,0.0,0.0,0.0,1.0,1,0,[],[],[],"[""2025-10-04T06:27:00.000""]","[""2170594"", ""2170595""]","[""FRONT-LEFT-CORNER"", ""SIDE-RIGHT""]","[""IL""]","[""JEEP"", ""VOLKSWAGEN""]","[""ENTERING TRAFFIC LANE FROM PARKING"", ""TURNING RIGHT""]","[""GRAND CHEROKEE"", ""JETTA""]","[""1""]","[""SW""]","[""1"", ""2""]","[""DRIVER""]","[""NONE""]","[""2069076"", ""2069077""]","[""PASSENGER""]","[""PERSONAL""]","[""2024""]","[""Y""]","[""Y""]","[""Y""]",[],[],[],[],[],"[""Y""]",[],[],[],[],"[""Y""]",[],[],[],"[""NOT APPLICABLE""]","[""TEST NOT OFFERED""]","[""CHICAGO""]","[""2025-10-04T06:27:00.000""]","[""FAILED TO YIELD"", ""NONE""]","[""NOT OBSCURED""]",[],"[""IL""]","[""NONE""]",[],"[""O2170594"", ""O2170595""]","[""DRIVER""]","[""NORMAL""]","[""SAFETY BELT USED""]","[""F"", ""M""]","[""IL""]","[""2069076"", ""2069077""]","[""60642""]",[],[],[],[],[],[],2025,10,6,4,True,night,41.89,-87.66,41.89_-87.66,0.0,0,0,FAILURE-TO-YIELD,0
STRAIGHT AND LEVEL,1011,2025-10-04 06:25:00,7,6,10,8B78F8B0D654ACF63E2E4F5B8EB98989FF7386EECDA36B7BEA971CFEFF8CA2532121C5F3555E0D746AA26B848468C0F25BA4FBE1802EC557EC2BD19FE88A7CA3,INJURY AND / OR TOW DUE TO CRASH,"OVER $1,500",FUNCTIONING PROPERLY,ANGLE,41.8660827491,"DARKNESS, LIGHTED ROAD",-87.7250123343,2,30,UNABLE TO DETERMINE,NO DEFECTS,DRY,UNABLE TO DETERMINE,S,1201,TRAFFIC SIGNAL,NOT DIVIDED,CLEAR,0.0,1.0,1.0,0.0,0.0,1.0,1,1,"[""Y""]",[],"[""Y""]","[""2025-10-04T06:25:00.000""]","[""2165338"", ""2165339""]","[""FRONT"", ""REAR-RIGHT-CORNER""]","[""IL""]","[""TOYOTA"", ""UNKNOWN""]","[""STRAIGHT AHEAD""]","[""4RUNNER"", ""OTHER (EXPLAIN IN NARRATIVE)""]","[""1""]","[""N"", ""W""]","[""1"", ""2""]","[""DRIVER""]","[""NONE"", ""UNKNOWN""]","[""2064107"", ""2064119""]","[""PASSENGER""]","[""PERSONAL"", ""UNKNOWN/NA""]","[""2006""]",[],[],"[""Y""]",[],[],"[""Y""]",[],[],[],[],[],[],[],"[""Y""]",[],[],['31'],"[""DEPLOYMENT UNKNOWN"", ""NOT APPLICABLE""]","[""TEST NOT OFFERED""]","[""CHICAGO""]","[""2025-10-04T06:25:00.000""]","[""DISREGARDED CONTROL DEVICES"", ""NONE""]","[""NOT OBSCURED"", ""UNKNOWN""]","[""D""]","[""IL""]","[""NONE""]",[],"[""O2165338"", ""O2165339""]","[""DRIVER""]","[""NORMAL"", ""UNKNOWN""]","[""SAFETY BELT USED"", ""USAGE UNKNOWN""]","[""F"", ""X""]","[""IL""]","[""2064107"", ""2064119""]","[""60623""]",[],[],[],[],[],[],2025,10,6,4,True,night,41.87,-87.73,41.87_-87.73,31.0,31,31,OTHER,1
STRAIGHT AND LEVEL,1013,2025-10-04 06:23:00,7,6,10,7D62743E4E43A968FEC9C968D0C803A5912C02C236874CF2A1B63027BCCD1EDD7B85E4FC8A4C1883D080EED997DD1AFB3011D887E6653AD6FB6B7482B21230E8,INJURY AND / OR TOW DUE TO CRASH,"OVER $1,500",NO CONTROLS,PARKED MOTOR VEHICLE,41.844223868,UNKNOWN,-87.7341368071,2,30,UNABLE TO DETERMINE,NO DEFECTS,DRY,UNABLE TO DETERMINE,S,2557,NO CONTROLS,DIVIDED - W/MEDIAN (NOT RAISED),CLEAR,0.0,0.0,0.0,0.0,0.0,1.0,2,0,"[""Y""]","[""Y""]",[],"[""2025-10-04T06:23:00.000""]","[""2163333"", ""2163334""]","[""FRONT-RIGHT-CORNER"", ""REAR-RIGHT-CORNER""]","[""IL""]","[""FORD"", ""HYUNDAI""]","[""PARKED"", ""UNKNOWN/NA""]","[""ESCAPE"", ""GENESIS""]","[""0"", ""1""]","[""N""]","[""1"", ""2""]","[""DRIVER"", ""PARKED""]","[""UNKNOWN""]","[""2062225"", ""2062226""]","[""PASSENGER"", ""SPORT UTILITY VEHICLE (SUV)""]","[""UNKNOWN/NA""]","[""2009"", ""2016""]",[],[],[],"[""city of chicago""]","[""Y""]","[""Y""]",[],"[""Y""]",[],[],[],"[""Y""]",[],[],[],[],[],"[""DEPLOYMENT UNKNOWN""]","[""TEST NOT OFFERED""]",[],"[""2025-10-04T06:23:00.000""]","[""UNKNOWN""]","[""UNKNOWN""]",[],[],"[""NONE""]",[],"[""O2163333""]","[""DRIVER""]","[""UNKNOWN""]","[""USAGE UNKNOWN""]","[""X""]",[],"[""2062225""]",[],[],[],[],[],[],[],2025,10,6,4,True,night,41.84,-87.73,41.84_-87.73,0.0,0,0,OTHER,0
STRAIGHT AND LEVEL,2221,2025-10-04 06:15:00,7,6,10,7635EEB07CA917D3773EC0FF27759992D542CC3BC06F2444BA4945A42308E2CB766812DB380E07298536F03323AA671929F1492DCDF29873648142688D602DC2,INJURY AND / OR TOW DUE TO CRASH,"OVER $1,500",NO CONTROLS,PARKED MOTOR VEHICLE,41.7229408562,DAYLIGHT,-87.6615625911,3,30,"EVASIVE ACTION DUE TO ANIMAL, OBJECT, NONMOTORIST",NO DEFECTS,DRY,FAILING TO REDUCE SPEED TO AVOID CRASH,W,1531,NO CONTROLS,NOT DIVIDED,CLEAR,0.0,0.0,0.0,0.0,0.0,1.0,2,1,"[""Y""]","[""Y""]","[""Y""]","[""2025-10-04T06:15:00.000""]","[""2163449"", ""2163450"", ""2163451""]","[""FRONT"", ""REAR""]","[""IL"", ""NB"", ""WI""]","[""GENESIS"", ""JEEP"", ""PORSCHE""]","[""PARKED"", ""TURNING LEFT""]","[""G70"", ""GRAND CHEROKEE"", ""MACAN""]","[""0"", ""1""]","[""S"", ""UNKNOWN""]","[""1"", ""2"", ""3""]","[""DRIVER"", ""PARKED""]","[""UNKNOWN""]","[""2062325"", ""2062346"", ""2062350""]","[""SPORT UTILITY VEHICLE (SUV)""]","[""NOT IN USE"", ""PERSONAL""]","[""2005"", ""2015"", ""2022""]",[],"[""Y""]","[""Y""]","[""UNKNOWN""]","[""Y""]","[""Y""]",[],[],"[""Y""]",[],[],"[""Y""]",[],"[""Y""]","[""Y""]","[""UNKNOWN""]",['31'],"[""DEPLOYED, FRONT""]","[""TEST NOT OFFERED""]","[""LINCOLN""]","[""2025-10-04T06:15:00.000""]","[""OTHER""]","[""NOT OBSCURED""]",[],"[""NB""]","[""NONE""]",[],"[""O2163449""]","[""DRIVER""]","[""NORMAL""]","[""USAGE UNKNOWN""]","[""M""]","[""NB""]","[""2062325""]","[""68508""]",[],[],[],[],[],[],2025,10,6,4,True,night,41.72,-87.66,41.72_-87.66,31.0,31,31,OTHER,0
STRAIGHT ON GRADE,222,2025-10-04 06:09:00,7,6,10,D2106D8E1AB038FF96476570FD7B39974D57EDC6B4C4334D6062B47440E536281ACBC73A8FBC43E6DA07664F7C50A738BB96FAA8EA9B79EC5628BB48D4C31163,INJURY AND / OR TOW DUE TO CRASH,"OVER $1,500",NO CONTROLS,FIXED OBJECT,41.8113372069,"DARKNESS, LIGHTED ROAD",-87.5890009443,2,40,FAILING TO YIELD RIGHT-OF-WAY,UNKNOWN,UNKNOWN,FAILING TO YIELD RIGHT-OF-WAY,S,4653,NO CONTROLS,DIVIDED - W/MEDIAN BARRIER,CLEAR,0.0,0.0,0.0,0.0,0.0,1.0,1,1,"[""Y""]","[""Y""]",[],"[""2025-10-04T06:09:00.000""]","[""2163353"", ""2163357""]","[""FRONT-RIGHT-CORNER"", ""UNKNOWN""]","[""IL""]","[""CADILLAC"", ""UNKNOWN""]","[""STRAIGHT AHEAD""]","[""CT4"", ""OTHER (EXPLAIN IN NARRATIVE)""]","[""1""]","[""N""]","[""1"", ""2""]","[""DRIVER""]","[""UNKNOWN""]","[""2062247"", ""2062249""]","[""PASSENGER"", ""UNKNOWN/NA""]","[""PERSONAL"", ""UNKNOWN/NA""]","[""2013""]",[],[],[],[],"[""Y""]",[],"[""Y""]",[],[],[],[],[],[],[],[],"[""10300 S DOTY ROAD""]",['39'],"[""DEPLOYMENT UNKNOWN"", ""DID NOT DEPLOY""]","[""TEST NOT OFFERED""]","[""CHICAGO""]","[""2025-10-04T06:09:00.000""]","[""IMPROPER LANE CHANGE"", ""NONE""]","[""UNKNOWN""]","[""D""]","[""IL"", ""XX""]","[""NONE""]",[],"[""O2163353"", ""O2163357""]","[""DRIVER""]","[""NORMAL"", ""UNKNOWN""]","[""SAFETY BELT USED"", ""USAGE UNKNOWN""]","[""M"", ""X""]","[""IL""]","[""2062247"", ""2062249""]","[""60628""]",[],[],[],[],[],[],2025,10,6,4,True,night,41.81,-87.59,41.81_-87.59,39.0,39,39,FAILURE-TO-YIELD,0
STRAIGHT AND LEVEL,1532,2025-10-04 06:00:00,7,6,10,3CF52C9B0607C0540A172EA58E1D829C90A2B6D9CF2C0896A4B8AA92EC86F953797D13617BC0566C29281E3BF3A2565BD1B8265E2EA8ECE31B9902C12ED8C875,NO INJURY / DRIVE AWAY,"$501 - $1,500",NO CONTROLS,PARKED MOTOR VEHICLE,41.8896598599,DUSK,-87.747614946,2,30,DRIVING SKILLS/KNOWLEDGE/EXPERIENCE,NO DEFECTS,DRY,UNABLE TO DETERMINE,W,4848,NO CONTROLS,ONE-WAY,CLEAR,0.0,1.0,0.0,0.0,0.0,1.0,2,0,"[""N""]","[""Y""]",[],"[""2025-10-04T06:00:00.000""]","[""2163753"", ""2163754""]","[""SIDE-RIGHT-REAR"", ""UNKNOWN""]","[""FL""]","[""HYUNDAI"", ""UNKNOWN""]","[""PARKED"", ""UNKNOWN/NA""]","[""ELANTRA"", ""MOTORIZED""]","[""0"", ""1""]","[""UNKNOWN""]","[""1"", ""2""]","[""DRIVER"", ""PARKED""]","[""NONE"", ""UNKNOWN""]","[""2062616"", ""2062634""]","[""PASSENGER"", ""UNKNOWN/NA""]","[""PERSONAL"", ""UNKNOWN/NA""]","[""2025""]","[""Y""]","[""Y""]",[],[],[],[],"[""Y""]",[],[],[],[],[],[],[],[],[],[],"[""DEPLOYMENT UNKNOWN""]","[""TEST NOT OFFERED""]",[],"[""2025-10-04T06:00:00.000""]","[""UNKNOWN""]","[""UNKNOWN""]",[],[],"[""NONE""]",[],"[""O2163753""]","[""DRIVER""]","[""UNKNOWN""]","[""USAGE UNKNOWN""]","[""X""]",[],"[""2062634""]",[],[],[],[],[],[],[],2025,10,6,4,True,night,41.89,-87.75,41.89_-87.75,0.0,0,0,OTHER,0
STRAIGHT AND LEVEL,1221,2025-10-04 05:30:00,7,5,10,CBBCB7C2B8684EAB7F466C4955516972ACB9EEC1E3A69C3046269F98CE2EFB849F60E95EB4E1A92AF29C743137CD172CF4F707B91DCBED010BAD32E3830D8798,INJURY AND / OR TOW DUE TO CRASH,"OVER $1,500",FUNCTIONING PROPERLY,PARKED MOTOR VEHICLE,41.8906903881,"DARKNESS, LIGHTED ROAD",-87.6783166532,2,30,IMPROPER LANE USAGE,UNKNOWN,UNKNOWN,FAILING TO REDUCE SPEED TO AVOID CRASH,W,2035,NO CONTROLS,NOT DIVIDED,CLEAR,0.0,0.0,0.0,0.0,0.0,1.0,2,1,[],[],[],"[""2025-10-04T05:30:00.000""]","[""2163341"", ""2163342""]","[""FRONT-LEFT-CORNER""]","[""IL""]","[""DODGE"", ""SUBARU""]","[""PARKED"", ""STRAIGHT AHEAD""]","[""LEGACY"", ""RAM PROMASTER""]","[""0"", ""2""]","[""E"", ""W""]","[""1"", ""2""]","[""DRIVER"", ""PARKED""]","[""UNKNOWN""]","[""2062234"", ""2062235""]","[""PASSENGER"", ""VAN/MINI-VAN""]","[""OTHER"", ""PERSONAL""]","[""2006"", ""2022""]",[],[],"[""Y""]","[""CHICAGO NORTHWEST TOW"", ""JIMMY'S TOW PRIVATE TOW""]","[""Y""]",[],[],[],"[""Y""]",[],"[""1""]",[],[],[],[],"[""UNKNOWN LOCATION""]",['22'],"[""DEPLOYMENT UNKNOWN""]","[""TEST NOT OFFERED""]","[""ZION""]","[""2025-10-04T05:30:00.000""]","[""DISREGARDED CONTROL DEVICES""]","[""UNKNOWN""]","[""D""]","[""IL""]","[""NONE""]",[],"[""O2163341"", ""P477410""]","[""DRIVER"", ""PASSENGER""]","[""UNKNOWN""]","[""USAGE UNKNOWN""]","[""F"", ""M""]","[""IL""]","[""2062234""]","[""60099""]",[],"[""3""]",[],[],[],[],2025,10,5,4,True,night,41.89,-87.68,41.89_-87.68,22.0,22,22,OTHER,1
STRAIGHT AND LEVEL,2023,2025-10-04 05:04:00,7,5,10,D74D46E226F7D07C322E01A12A312498B994665C771AC29F0B028F7F2F225091E68469710339BCB6018B519B6F5D9C638F8F395A05D5A21AE80586CB4C61D3E9,INJURY AND / OR TOW DUE TO CRASH,"OVER $1,500",FUNCTIONING PROPERLY,PARKED MOTOR VEHICLE,41.9801592231,"DARKNESS, LIGHTED ROAD",-87.655162786,2,25,DRIVING ON WRONG SIDE/WRONG WAY,NO DEFECTS,DRY,NOT APPLICABLE,W,1000,TRAFFIC SIGNAL,DIVIDED - W/MEDIAN (NOT RAISED),CLEAR,0.0,1.0,0.0,0.0,0.0,1.0,2,0,"[""Y""]","[""Y""]","[""Y""]","[""2025-10-04T05:04:00.000""]","[""2163325"", ""2163326""]","[""FRONT"", ""SIDE-RIGHT-FRONT""]","[""IL""]","[""BMW"", ""KIA""]","[""PARKED"", ""TURNING RIGHT""]","[""328I"", ""SPORTAGE""]","[""0"", ""1""]","[""N"", ""SW""]","[""1"", ""2""]","[""DRIVER"", ""PARKED""]","[""UNKNOWN""]","[""2062214"", ""2062219""]","[""PASSENGER"", ""SPORT UTILITY VEHICLE (SUV)""]","[""NOT IN USE"", ""OTHER""]","[""2011"", ""2025""]",[],[],"[""Y""]","[""CITY TOW""]","[""Y""]",[],[],[],"[""Y""]",[],[],[],[],[],"[""Y""]","[""CITY POUND""]",[],"[""DEPLOYMENT UNKNOWN""]","[""TEST NOT OFFERED""]",[],"[""2025-10-04T05:04:00.000""]","[""IMPROPER TURN""]","[""UNKNOWN""]",[],[],"[""NONE""]",[],"[""O2163325""]","[""DRIVER""]","[""UNKNOWN""]","[""USAGE UNKNOWN""]","[""X""]",[],"[""2062214""]",[],[],[],[],[],[],[],2025,10,5,4,True,night,41.98,-87.66,41.98_-87.66,0.0,0,0,OTHER,0
STRAIGHT AND LEVEL,321,2025-10-04 04:55:00,7,4,10,3C61E4ED7DB626EABB861363A1DC70170AD0539F5C48856EE20C365B2886BD6D397092946557DB3758F8EB6F13202335F621DE4EE397D64A431B61057D09D528,NO INJURY / DRIVE AWAY,"$501 - $1,500",NO CONTROLS,PARKED MOTOR VEHICLE,41.7664308925,UNKNOWN,-87.6057478606,2,15,DRIVING SKILLS/KNOWLEDGE/EXPERIENCE,NO DEFECTS,DRY,UNABLE TO DETERMINE,S,7040,NO CONTROLS,PARKING LOT,CLEAR,0.0,1.0,0.0,0.0,0.0,1.0,2,0,[],[],[],"[""2025-10-04T04:55:00.000""]","[""2164070"", ""2164071""]","[""SIDE-LEFT""]","[""IL""]","[""MAZDA"", ""UNKNOWN""]","[""PARKED"", ""UNKNOWN/NA""]","[""CX-9"", ""MOTORIZED""]","[""0"", ""1""]","[""NW"", ""UNKNOWN""]","[""1"", ""2""]","[""DRIVER"", ""PARKED""]","[""NONE"", ""UNKNOWN""]","[""2062917"", ""2062920""]","[""SPORT UTILITY VEHICLE (SUV)"", ""UNKNOWN/NA""]","[""PERSONAL"", ""UNKNOWN/NA""]","[""2016""]",[],[],[],[],[],"[""Y""]",[],"[""Y""]",[],[],[],"[""Y""]",[],"[""N""]","[""Y""]",[],[],"[""NOT APPLICABLE""]","[""TEST NOT OFFERED""]",[],"[""2025-10-04T04:55:00.000""]","[""UNKNOWN""]","[""UNKNOWN""]",[],[],"[""NONE""]",[],"[""O2164070""]","[""DRIVER""]","[""UNKNOWN""]","[""USAGE UNKNOWN""]","[""X""]",[],"[""2062917""]",[],[],[],[],[],[],[],2025,10,4,4,True,night,41.77,-87.61,41.77_-87.61,0.0,0,0,OTHER,0
STRAIGHT AND LEVEL,913,2025-10-04 04:32:00,7,4,10,84EEEE22C413DFCE17F44809E202FF306C8159CD9E98F3453E7B4B189818298911BEC9A00D6C38B3B7D5C0E82ACDD90C40C41E1FAD0930C6D4123B12179E84EE,INJURY AND / OR TOW DUE TO CRASH,"OVER $1,500",FUNCTIONING PROPERLY,PARKED MOTOR VEHICLE,41.8355331455,"DARKNESS, LIGHTED ROAD",-87.6512276159,4,30,FAILING TO REDUCE SPEED TO AVOID CRASH,NO DEFECTS,DRY,NOT APPLICABLE,S,3220,STOP SIGN/FLASHER,NOT DIVIDED,CLEAR,0.0,0.0,0.0,0.0,0.0,1.0,2,1,"[""Y""]","[""Y""]","[""Y""]","[""2025-10-04T04:32:00.000""]","[""2163313"", ""2163314"", ""2163315"", ""2163316""]","[""FRONT"", ""FRONT-LEFT-CORNER"", ""SIDE-LEFT-FRONT""]","[""IL"", ""IN""]","[""CHEVROLET"", ""HONDA"", ""MAZDA"", ""SUBARU""]","[""PARKED"", ""STRAIGHT AHEAD""]","[""CR-V"", ""CROSSTREK"", ""CX-5"", ""TRAX""]","[""0"", ""1""]","[""N"", ""S""]","[""1"", ""2"", ""3"", ""4""]","[""DRIVER"", ""PARKED""]","[""NONE"", ""UNKNOWN""]","[""2062206"", ""2062208"", ""2062209"", ""2062217""]","[""PASSENGER"", ""SPORT UTILITY VEHICLE (SUV)""]","[""PERSONAL"", ""UNKNOWN/NA""]","[""2019"", ""2020"", ""2025""]","[""Y""]","[""Y""]","[""Y""]","[""PERSONAL TOW""]","[""Y""]","[""N"", ""Y""]","[""N""]","[""Y""]","[""Y""]",[],[],"[""Y""]",[],"[""Y""]","[""N"", ""Y""]",[],['34'],"[""DEPLOYED, FRONT""]","[""TEST NOT OFFERED""]","[""CHICAGO""]","[""2025-10-04T04:32:00.000""]","[""OTHER""]","[""NOT OBSCURED""]",[],"[""IN""]","[""NONE""]",[],"[""O2163313""]","[""DRIVER""]","[""FATIGUED/ASLEEP""]","[""USAGE UNKNOWN""]","[""M""]","[""IL""]","[""2062206""]","[""60608""]",[],[],[],[],[],[],2025,10,4,4,True,night,41.84,-87.65,41.84_-87.65,34.0,34,34,SPEEDING,0
STRAIGHT AND LEVEL,1123,2025-10-04 04:32:00,7,4,10,C6B2B03304F1AA2B68D03DB54E65F0E1F0C0A55CDEF6EC159961FE782FB4FB3FAB4240346854D7FD8230D74CA5AB71C63A46F44BF39CFF137D91AA381565284E,INJURY AND / OR TOW DUE TO CRASH,"OVER $1,500",FUNCTIONING PROPERLY,HEAD ON,41.8847536764,"DARKNESS, LIGHTED ROAD",-87.7112297886,2,30,DISREGARDING TRAFFIC SIGNALS,UNKNOWN,DRY,DISREGARDING TRAFFIC SIGNALS,W,3400,TRAFFIC SIGNAL,FOUR WAY,CLEAR,0.0,0.0,1.0,0.0,0.0,1.0,1,2,"[""Y""]","[""Y""]","[""Y""]","[""2025-10-04T04:32:00.000""]","[""2163323"", ""2163324""]","[""FRONT"", ""SIDE-RIGHT""]","[""IL""]","[""CHEVROLET""]","[""STRAIGHT AHEAD""]","[""IMPALA"", ""OTHER (EXPLAIN IN NARRATIVE)""]","[""1"", ""4""]","[""N"", ""S""]","[""1"", ""2""]","[""DRIVER""]","[""NONE"", ""UNKNOWN""]","[""2062213"", ""2062216""]","[""PASSENGER""]","[""PERSONAL""]","[""2006"", ""2013""]","[""Y""]","[""Y""]","[""Y""]","[""CITY OF CHICAGO""]","[""Y""]","[""Y""]",[],"[""Y""]","[""Y""]",[],"[""3""]","[""Y""]",[],"[""Y""]","[""Y""]","[""POUND 6""]","['35', '44']","[""DEPLOYED, COMBINATION""]","[""TEST NOT OFFERED""]","[""CHICAGO""]","[""2025-10-04T04:32:00.000""]","[""DISREGARDED CONTROL DEVICES"", ""NONE""]","[""NOT OBSCURED"", ""WINDSHIELD (WATER/ICE)""]","[""D""]","[""IL""]","[""NONE""]","[""STROGER""]","[""O2163323"", ""O2163324"", ""P477404"", ""P477405"", ""P477406""]","[""DRIVER"", ""PASSENGER""]","[""NORMAL"", ""REMOVED BY EMS""]","[""NONE PRESENT"", ""SAFETY BELT USED""]","[""M"", ""X""]","[""IL""]","[""2062213"", ""2062216""]","[""60624"", ""60644""]","[""CFD AMB 64""]","[""3"", ""4"", ""6""]",[],[],[],[],2025,10,4,4,True,night,41.88,-87.71,41.88_-87.71,39.5,35,44,OTHER,1
STRAIGHT AND LEVEL,321,2025-10-04 04:28:00,7,4,10,6460FCE90C8D023A8089920D4A2FDCEB730FA83892426D0560DC2FEDDDC0B8AA6762D7E9397B5B1C89F4DD27770A741497DC65A5DD4DDA3BC88AF766C67F9515,INJURY AND / OR TOW DUE TO CRASH,"OVER $1,500",NO CONTROLS,FIXED OBJECT,41.7750194858,"DARKNESS, LIGHTED ROAD",-87.5910533505,1,20,DRIVING SKILLS/KNOWLEDGE/EXPERIENCE,NO DEFECTS,DRY,FAILING TO REDUCE SPEED TO AVOID CRASH,E,1401,NO CONTROLS,NOT DIVIDED,CLEAR,0.0,0.0,0.0,0.0,0.0,1.0,1,1,"[""Y""]","[""Y""]","[""Y""]","[""2025-10-04T04:28:00.000""]","[""2163309""]","[""FRONT""]",[],"[""DODGE""]","[""UNKNOWN/NA""]","[""DURANGO""]","[""1""]","[""E""]","[""1""]","[""DRIVER""]","[""UNKNOWN""]","[""2062201""]","[""SPORT UTILITY VEHICLE (SUV)""]","[""PERSONAL""]","[""2015""]","[""Y""]",[],"[""Y""]",[],"[""Y""]","[""Y""]",[],"[""Y""]","[""Y""]",[],[],"[""Y""]",[],[],[],[],['30'],"[""DID NOT DEPLOY""]","[""TEST NOT OFFERED""]","[""CHICAGO""]","[""2025-10-04T04:28:00.000""]","[""UNKNOWN""]","[""UNKNOWN""]",[],[],"[""NONE""]",[],"[""O2163309""]","[""DRIVER""]","[""NORMAL""]","[""USAGE UNKNOWN""]","[""M""]","[""IL""]","[""2062201""]","[""60651""]",[],[],[],[],[],[],2025,10,4,4,True,night,41.78,-87.59,41.78_-87.59,30.0,30,30,OTHER,0
STRAIGHT AND LEVEL,2024,2025-10-04 04:24:00,7,4,10,551BD99861B45CE4754EFA166D0FEB4F889961778F55B3A520677ED26C0ED2F64B24BE3DB8975361447F44557751620E8A3BB0F757CDDD263DB3A2FAF6A9188A,INJURY AND / OR TOW DUE TO CRASH,"OVER $1,500",FUNCTIONING PROPERLY,FIXED OBJECT,41.9766216279,"DARKNESS, LIGHTED ROAD",-87.6507900262,1,30,UNABLE TO DETERMINE,NO DEFECTS,DRY,NOT APPLICABLE,N,5200,YIELD,RAMP,CLEAR,0.0,0.0,0.0,0.0,0.0,1.0,1,1,"[""Y""]",[],"[""Y""]","[""2025-10-04T04:24:00.000""]","[""2163312""]","[""FRONT""]","[""IL""]","[""BMW""]","[""STRAIGHT AHEAD""]","[""OTHER (EXPLAIN IN NARRATIVE)""]","[""1""]","[""N""]","[""1""]","[""DRIVER""]","[""NONE""]","[""2062203""]","[""PASSENGER""]","[""PERSONAL""]","[""2015""]",[],[],"[""Y""]","[""PRIVATE TOW""]","[""Y""]",[],[],[],[],[],[],[],[],[],[],"[""AUTOBODY SHOP""]",['33'],"[""DID NOT DEPLOY""]","[""TEST NOT OFFERED""]","[""CHICAGO""]","[""2025-10-04T04:24:00.000""]","[""TOO FAST FOR CONDITIONS""]","[""NOT OBSCURED""]","[""D""]","[""IL""]","[""NONE""]","[""REFUSED""]","[""O2163312""]","[""DRIVER""]","[""NORMAL""]","[""SAFETY BELT USED""]","[""M""]","[""IL""]","[""2062203""]","[""60618""]","[""REFUSED""]",[],[],[],[],[],2025,10,4,4,True,night,41.98,-87.65,41.98_-87.65,33.0,33,33,OTHER,0