alignment,beat_of_occurrence,crash_date,crash_day_of_week,crash_hour,crash_month,crash_record_id,crash_type,damage,device_condition,first_crash_type,latitude,lighting_condition,longitude,num_units,posted_speed_limit,prim_contributory_cause,road_defect,roadway_surface_cond,sec_contributory_cause,street_direction,street_no,traffic_control_device,trafficway_type,weather_condition,private_property_i,hit_and_run_i,intersection_related_i,crash_date_est_i,work_zone_i,workers_present_i,veh_count,ppl_count,veh_area_01_i_list_json,veh_area_02_i_list_json,veh_area_12_i_list_json,veh_crash_date_list_json,veh_crash_unit_id_list_json,veh_first_contact_point_list_json,veh_lic_plate_state_list_json,veh_make_list_json,veh_maneuver_list_json,veh_model_list_json,veh_occupant_cnt_list_json,veh_travel_direction_list_json,veh_unit_no_list_json,veh_unit_type_list_json,veh_vehicle_defect_list_json,veh_vehicle_id_list_json,veh_vehicle_type_list_json,veh_vehicle_use_list_json,veh_vehicle_year_list_json,veh_area_03_i_list_json,veh_area_04_i_list_json,veh_area_11_i_list_json,veh_towed_by_list_json,veh_towed_i_list_json,veh_area_07_i_list_json,veh_area_99_i_list_json,veh_area_09_i_list_json,veh_area_10_i_list_json,veh_cmrc_veh_i_list_json,veh_num_passengers_list_json,veh_area_08_i_list_json,veh_area_00_i_list_json,veh_area_05_i_list_json,veh_area_06_i_list_json,veh_towed_to_list_json,ppl_age_list_json,ppl_airbag_deployed_list_json,ppl_bac_result_list_json,ppl_city_list_json,ppl_crash_date_list_json,ppl_driver_action_list_json,ppl_driver_vision_list_json,ppl_drivers_license_class_list_json,ppl_drivers_license_state_list_json,ppl_ejection_list_json,ppl_hospital_list_json,ppl_person_id_list_json,ppl_person_type_list_json,ppl_physical_condition_list_json,ppl_safety_equipment_list_json,ppl_sex_list_json,ppl_state_list_json,ppl_vehicle_id_list_json,ppl_zipcode_list_json,ppl_ems_agency_list_json,ppl_seat_no_list_json,ppl_pedpedal_action_list_json,ppl_pedpedal_location_list_json,ppl_pedpedal_visibility_list_json,ppl_ems_run_no_list_json,year,month,hour,day,is_weekend,hour_bin,lat_bin,lng_bin,grid_id,ppl_age_mean,ppl_age_min,ppl_age_max,prim_contributory_cause_group,ksi_flag
STRAIGHT AND LEVEL,1424,2025-10-04 04:19:00,7,4,10,9215B1B132E105972C8517D7A0A696C4060F2FCB15FAA281C5AC6858695F3F62D8041B5A6AF0E2990113DE4CCF33F00A92716792733963309BBD4A8A01B5B371,INJURY AND / OR TOW DUE TO CRASH,"OVER $1,500",NO CONTROLS,REAR END,41.90335951,"DARKNESS, LIGHTED ROAD",-87.6733973379,2,30,FOLLOWING TOO CLOSELY,NO DEFECTS,DRY,FOLLOWING TOO CLOSELY,W,1824,NO CONTROLS,FOUR WAY,CLEAR,0.0,1.0,0.0,0.0,0.0,1.0,1,1,[],[],[],"[""2025-10-04T04:19:00.000""]","[""2192778"", ""2192779""]","[""FRONT"", ""REAR""]","[""IL""]","[""NISSAN"", ""TOYOTA""]","[""STRAIGHT AHEAD""]","[""COROLLA"", ""OTHER (EXPLAIN IN NARRATIVE)""]","[""1"", ""3""]","[""W""]","[""1"", ""2""]","[""DRIVER""]","[""NONE"", ""UNKNOWN""]","[""2090044"", ""2090045""]","[""PASSENGER""]","[""PERSONAL""]","[""2017"", ""2022""]",[],[],[],[],"[""Y""]","[""Y""]","[""Y""]",[],[],[],"[""2""]",[],[],"[""Y""]","[""Y""]",[],['28'],"[""DEPLOYMENT UNKNOWN"", ""DID NOT DEPLOY"", ""NOT APPLICABLE""]","[""TEST NOT OFFERED""]","[""CHICAGO"", ""GURNEE"", ""MUNDELEIN""]","[""2025-10-04T04:19:00.000""]","[""FOLLOWED TOO CLOSELY"", ""NONE""]","[""NOT OBSCURED"", ""UNKNOWN""]","[""D""]","[""IL""]","[""NONE""]",[],"[""O2192778"", ""O2192779"", ""P483506"", ""P483507""]","[""DRIVER"", ""PASSENGER""]","[""NORMAL"", ""UNKNOWN""]","[""SAFETY BELT USED"", ""USAGE UNKNOWN""]","[""F"", ""M"", ""X""]","[""IL""]","[""2090044"", ""2090045""]","[""60031"", ""60060"", ""60622""]",[],"[""10"", ""3""]",[],[],[],[],2025,10,4,4,True,night,41.9,-87.67,41.9_-87.67,28.0,28,28,FOLLOWING TOO CLOSELY,0
STRAIGHT AND LEVEL,1632,2025-10-04 04:05:00,7,4,10,530888E2D4BF58C07BCD6B98D37E4C7F941F2ACE3A05CF3A6C1453DF3D66FB007B97A7EF849B19F31092792AA3ABA0FB9A42190778584F6000601D701F744A60,NO INJURY / DRIVE AWAY,"OVER $1,500",NO CONTROLS,PARKED MOTOR VEHICLE,41.9413933989,"DARKNESS, LIGHTED ROAD",-87.8054792752,2,15,FAILING TO REDUCE SPEED TO AVOID CRASH,NO DEFECTS,DRY,UNABLE TO DETERMINE,N,3353,NO CONTROLS,ONE-WAY,CLEAR,0.0,0.0,0.0,0.0,0.0,1.0,2,1,"[""Y""]",[],[],"[""2025-10-04T04:05:00.000""]","[""2163310"", ""2163311""]","[""FRONT-RIGHT-CORNER"", ""REAR-LEFT-CORNER""]","[""IL""]","[""INFINITI"", ""NISSAN""]","[""PARKED"", ""STRAIGHT AHEAD""]","[""ALTIMA"", ""Q60""]","[""0"", ""1""]","[""N""]","[""1"", ""2""]","[""DRIVER"", ""PARKED""]","[""UNKNOWN""]","[""2062202"", ""2062204""]","[""PASSENGER""]","[""NOT IN USE"", ""PERSONAL""]","[""2015"", ""2023""]",[],[],[],[],[],"[""Y""]",[],[],[],[],[],"[""Y""]",[],[],[],[],['35'],"[""DID NOT DEPLOY""]","[""TEST NOT OFFERED""]","[""CHICAGO""]","[""2025-10-04T04:05:00.000""]","[""OTHER""]","[""UNKNOWN""]","[""D""]","[""IL""]","[""NONE""]",[],"[""O2163310""]","[""DRIVER""]","[""UNKNOWN""]","[""USAGE UNKNOWN""]","[""F""]","[""IL""]","[""2062202""]","[""60634""]",[],[],[],[],[],[],2025,10,4,4,True,night,41.94,-87.81,41.94_-87.81,35.0,35,35,SPEEDING,0
STRAIGHT AND LEVEL,1912,2025-10-04 04:00:00,7,4,10,8219524F44CEFED93124C260566DC118A2595C0AE3AC6CB407A55D681075AC5ADFACD89F9543B8D66D22D359D6A3C8752121E3A8AD9E4FEFA9B62E3AC4EC733D,INJURY AND / OR TOW DUE TO CRASH,"OVER $1,500",NO CONTROLS,PARKED MOTOR VEHICLE,41.9660170243,"DARKNESS, LIGHTED ROAD",-87.6670417826,2,30,UNDER THE INFLUENCE OF ALCOHOL/DRUGS (USE WHEN ARREST IS EFFECTED),NO DEFECTS,DRY,UNDER THE INFLUENCE OF ALCOHOL/DRUGS (USE WHEN ARREST IS EFFECTED),N,4624,NO CONTROLS,NOT DIVIDED,CLEAR,0.0,0.0,0.0,0.0,0.0,1.0,2,2,"[""Y""]","[""Y""]","[""Y""]","[""2025-10-04T04:00:00.000""]","[""2163327"", ""2163328""]","[""FRONT-RIGHT-CORNER"", ""REAR-RIGHT-CORNER""]","[""IL""]","[""BMW"", ""LEXUS""]","[""PARKED"", ""STRAIGHT AHEAD""]","[""540"", ""OTHER (EXPLAIN IN NARRATIVE)""]","[""2""]","[""S""]","[""1"", ""2""]","[""DRIVER"", ""PARKED""]","[""NONE"", ""UNKNOWN""]","[""2062218"", ""2062222""]","[""PASSENGER"", ""SPORT UTILITY VEHICLE (SUV)""]","[""PERSONAL""]","[""2018"", ""2025""]","[""Y""]","[""Y""]","[""Y""]",[],"[""Y""]","[""Y""]",[],"[""Y""]","[""Y""]",[],"[""1"", ""2""]","[""Y""]",[],[],[],[],"['31', '49']","[""DEPLOYED, COMBINATION"", ""DID NOT DEPLOY"", ""NOT APPLICABLE""]","[""TEST TAKEN""]","[""CHICAGO""]","[""2025-10-04T04:00:00.000""]","[""OTHER""]","[""UNKNOWN""]","[""D""]","[""IL""]","[""NONE""]",[],"[""O2163327"", ""P477407"", ""P477408"", ""P477409""]","[""DRIVER"", ""PASSENGER""]","[""IMPAIRED - ALCOHOL""]","[""NONE PRESENT"", ""USAGE UNKNOWN""]","[""M""]","[""IL""]","[""2062218"", ""2062222""]","[""60613"", ""60625""]",[],"[""1"", ""3""]",[],[],[],[],2025,10,4,4,True,night,41.97,-87.67,41.97_-87.67,40.0,31,49,DUI/IMPAIRMENT,1
STRAIGHT AND LEVEL,411,2025-10-04 03:51:00,7,3,10,EA689BB9E7E7F6136B5678C188C4B8E3BA85C139C0DA5DE71816581FDCA041692874FD709FEA351BF782AE18C411DA9DB9BED9CC92A32D8A7879177C811E58D6,INJURY AND / OR TOW DUE TO CRASH,"OVER $1,500",FUNCTIONING PROPERLY,REAR END,41.7442968461,"DARKNESS, LIGHTED ROAD",-87.5852294684,2,35,UNABLE TO DETERMINE,NO DEFECTS,DRY,NOT APPLICABLE,S,8293,TRAFFIC SIGNAL,DIVIDED - W/MEDIAN BARRIER,CLEAR,0.0,0.0,0.0,0.0,0.0,1.0,1,3,"[""Y""]",[],"[""Y""]","[""2025-10-04T03:51:00.000""]","[""2163307"", ""2163308""]","[""FRONT"", ""REAR""]","[""IL""]","[""DODGE""]","[""STARTING IN TRAFFIC"", ""STRAIGHT AHEAD""]","[""CHARGER"", ""JOURNEY""]","[""1"", ""2""]","[""S""]","[""1"", ""2""]","[""DRIVER""]","[""UNKNOWN""]","[""2062198"", ""2062199""]","[""PASSENGER""]","[""PERSONAL""]","[""2009"", ""2015""]",[],[],"[""Y""]","[""PRIVATE TOW""]","[""Y""]","[""Y""]",[],[],[],[],"[""1""]",[],[],"[""Y""]","[""Y""]",[],"['32', '34', '45']","[""DEPLOYED, FRONT"", ""NOT APPLICABLE""]","[""TEST NOT OFFERED""]","[""CALUMET CITY"", ""CHICAGO""]","[""2025-10-04T03:51:00.000""]","[""NONE"", ""UNKNOWN""]","[""UNKNOWN""]","[""D""]","[""IL""]","[""NONE""]",[],"[""O2163307"", ""O2163308"", ""P477400""]","[""DRIVER"", ""PASSENGER""]","[""UNKNOWN""]","[""USAGE UNKNOWN""]","[""F"", ""M""]","[""IL""]","[""2062198"", ""2062199""]","[""60409"", ""60617""]",[],"[""3""]",[],[],[],[],2025,10,3,4,True,night,41.74,-87.59,41.74_-87.59,37.0,32,45,OTHER,1
STRAIGHT AND LEVEL,414,2025-10-04 03:36:00,7,3,10,DB65E7F14ED1F13BCBC6DC172690313EA67E774591DAD1F7B42C67CC59908E2D94843BAEB6FEFEF3C84398F8D540FF5F17915145F8E238133CC1CF4C1DC0761C,INJURY AND / OR TOW DUE TO CRASH,"OVER $1,500",NO CONTROLS,PARKED MOTOR VEHICLE,41.7524389753,"DARKNESS, LIGHTED ROAD",-87.5798139039,3,20,IMPROPER LANE USAGE,NO DEFECTS,DRY,DRIVING SKILLS/KNOWLEDGE/EXPERIENCE,S,7830,NO CONTROLS,ONE-WAY,CLEAR,0.0,0.0,0.0,0.0,0.0,1.0,2,1,"[""Y""]","[""Y""]",[],"[""2025-10-04T03:36:00.000""]","[""2163320"", ""2163321"", ""2163322""]","[""SIDE-LEFT"", ""SIDE-LEFT-REAR"", ""SIDE-RIGHT""]","[""IL""]","[""CHEVROLET"", ""JEEP"", ""LEXUS""]","[""PARKED"", ""STRAIGHT AHEAD""]","[""CHEROKEE"", ""MALIBU"", ""RX""]","[""0"", ""1""]","[""S"", ""UNKNOWN""]","[""1"", ""2"", ""3""]","[""DRIVER"", ""PARKED""]","[""NONE""]","[""2062211"", ""2062212"", ""2062215""]","[""PASSENGER""]","[""PERSONAL""]","[""2016"", ""2018"", ""2020""]","[""Y""]","[""Y""]","[""Y""]",[],"[""Y""]","[""Y""]",[],"[""Y""]","[""Y""]",[],[],"[""Y""]",[],"[""Y""]",[],[],['24'],"[""NOT APPLICABLE""]","[""TEST NOT OFFERED""]","[""CHICAGO""]","[""2025-10-04T03:36:00.000""]","[""OTHER""]","[""NOT OBSCURED""]",[],[],"[""NONE""]",[],"[""O2163320""]","[""DRIVER""]","[""NORMAL""]","[""USAGE UNKNOWN""]","[""F""]","[""IL""]","[""2062211""]","[""60649""]",[],[],[],[],[],[],2025,10,3,4,True,night,41.75,-87.58,41.75_-87.58,24.0,24,24,OTHER,0
STRAIGHT AND LEVEL,1811,2025-10-04 03:32:00,7,3,10,26458C822F19A1CB112A2C0D6016ED1FEF547BCB292DC89EA23C6164ED3BB972C338FDD1AC3180E4F8A1A03786F98A24A1BE41999C2C0AB421C90B6AE54108E8,NO INJURY / DRIVE AWAY,"OVER $1,500",NO CONTROLS,PARKED MOTOR VEHICLE,41.9168663444,"DARKNESS, LIGHTED ROAD",-87.6576124706,2,30,"OPERATING VEHICLE IN ERRATIC, RECKLESS, CARELESS, NEGLIGENT OR AGGRESSIVE MANNER",NO DEFECTS,DRY,DRIVING ON WRONG SIDE/WRONG WAY,N,1965,NO CONTROLS,NOT DIVIDED,CLEAR,0.0,1.0,0.0,0.0,0.0,1.0,2,0,"[""Y""]",[],[],"[""2025-10-04T03:32:00.000""]","[""2163301"", ""2163302""]","[""FRONT-RIGHT-CORNER"", ""REAR-RIGHT-CORNER""]","[""IL""]","[""FORD""]","[""OTHER"", ""PARKED""]","[""EXPLORER"", ""MUSTANG""]","[""0"", ""1""]","[""NW"", ""SE""]","[""1"", ""2""]","[""DRIVER"", ""PARKED""]","[""NONE"", ""UNKNOWN""]","[""2062193"", ""2062194""]","[""PASSENGER"", ""SPORT UTILITY VEHICLE (SUV)""]","[""PERSONAL"", ""POLICE""]",[],[],"[""Y""]",[],[],[],[],[],[],[],[],[],[],[],"[""Y""]",[],[],[],"[""DEPLOYMENT UNKNOWN""]","[""TEST NOT OFFERED""]",[],"[""2025-10-04T03:32:00.000""]","[""EVADING POLICE VEHICLE""]","[""UNKNOWN""]",[],[],"[""NONE""]",[],"[""O2163301""]","[""DRIVER""]","[""UNKNOWN""]","[""USAGE UNKNOWN""]","[""M""]",[],"[""2062193""]",[],[],[],[],[],[],[],2025,10,3,4,True,night,41.92,-87.66,41.92_-87.66,0.0,0,0,OTHER,0
STRAIGHT AND LEVEL,1612,2025-10-04 03:30:00,7,3,10,14C55DE25B4812C3C2A935A2B3F9F1E1BE0AB829F684EAB6E9F13815B371BEA54BBDA5478FC1F389EC1856D239BBE7023DF0FBEF8356851ACB1A2B0251B06003,NO INJURY / DRIVE AWAY,"OVER $1,500",FUNCTIONING PROPERLY,REAR END,41.9828764684,DARKNESS,-87.8070768414,2,30,UNABLE TO DETERMINE,UNKNOWN,DRY,UNABLE TO DETERMINE,W,7200,TRAFFIC SIGNAL,FOUR WAY,CLEAR,0.0,0.0,1.0,0.0,0.0,1.0,1,2,"[""Y""]",[],"[""Y""]","[""2025-10-04T03:30:00.000""]","[""2163339"", ""2163340""]","[""FRONT"", ""REAR""]","[""IL""]","[""SUBARU"", ""TOYOTA""]","[""STRAIGHT AHEAD""]","[""CAMRY"", ""CROSSTREK""]","[""1""]","[""W""]","[""1"", ""2""]","[""DRIVER""]","[""UNKNOWN""]","[""2062229"", ""2062231""]","[""PASSENGER""]","[""PERSONAL""]","[""2010"", ""2015""]",[],[],"[""Y""]",[],[],"[""Y""]",[],[],[],[],[],[],[],"[""Y""]","[""Y""]",[],"['22', '57']","[""NOT APPLICABLE""]","[""TEST NOT OFFERED""]","[""CHICAGO"", ""SKOKIE""]","[""2025-10-04T03:30:00.000""]","[""UNKNOWN""]","[""UNKNOWN""]","[""D""]","[""IL""]","[""NONE""]",[],"[""O2163339"", ""O2163340""]","[""DRIVER""]","[""NORMAL"", ""UNKNOWN""]","[""SAFETY BELT USED""]","[""M""]","[""IL""]","[""2062229"", ""2062231""]","[""60077"", ""60634""]",[],[],[],[],[],[],2025,10,3,4,True,night,41.98,-87.81,41.98_-87.81,39.5,22,57,OTHER,0
STRAIGHT AND LEVEL,1912,2025-10-04 03:17:00,7,3,10,A937D3F508D62AEB8D7756B4D3CD735DBEF7406F546E88F51CC54122847AF154025592F6AC6213DE8510148A41C43C4220FC1A623C3F626F9E3281CAE924B316,NO INJURY / DRIVE AWAY,$500 OR LESS,NO CONTROLS,SIDESWIPE SAME DIRECTION,41.9544650858,DARKNESS,-87.6641846644,2,35,IMPROPER OVERTAKING/PASSING,NO DEFECTS,DRY,NOT APPLICABLE,W,1346,NO CONTROLS,NOT DIVIDED,CLEAR,0.0,1.0,0.0,0.0,0.0,1.0,1,1,[],[],[],"[""2025-10-04T03:17:00.000""]","[""2163297"", ""2163298""]","[""FRONT-LEFT-CORNER"", ""UNKNOWN""]","[""IL"", ""XX""]","[""TOYOTA"", ""UNKNOWN""]","[""PASSING/OVERTAKING"", ""STRAIGHT AHEAD""]","[""OTHER (EXPLAIN IN NARRATIVE)"", ""PRIUS""]","[""1""]","[""W""]","[""1"", ""2""]","[""DRIVER""]","[""NONE""]","[""2062189"", ""2062190""]","[""PASSENGER""]","[""PERSONAL"", ""UNKNOWN/NA""]","[""2015""]",[],[],[],[],[],[],[],[],"[""Y""]",[],[],[],[],[],[],[],['23'],"[""DEPLOYMENT UNKNOWN"", ""DID NOT DEPLOY""]","[""TEST NOT OFFERED""]","[""SKOKIE""]","[""2025-10-04T03:17:00.000""]","[""IMPROPER LANE CHANGE"", ""NONE""]","[""NOT OBSCURED"", ""UNKNOWN""]","[""D""]","[""IL""]","[""NONE""]",[],"[""O2163297"", ""O2163298""]","[""DRIVER""]","[""NORMAL"", ""UNKNOWN""]","[""NONE PRESENT"", ""SAFETY BELT USED""]","[""M"", ""X""]","[""IL""]","[""2062189"", ""2062190""]","[""60077""]",[],[],[],[],[],[],2025,10,3,4,True,night,41.95,-87.66,41.95_-87.66,23.0,23,23,OTHER,0
STRAIGHT AND LEVEL,1932,2025-10-04 02:59:00,7,2,10,D6C6DAD6422BE28E993C90997C4775D5BD897644F7443DAF345C7832FEE0FFFD274DAB6EBCD6DA905B5DEBDAB3CAB2357437D6F844FA18AC2372518FE3F4A350,INJURY AND / OR TOW DUE TO CRASH,"OVER $1,500",NO CONTROLS,PARKED MOTOR VEHICLE,41.9275352066,"DARKNESS, LIGHTED ROAD",-87.6586765759,2,30,HAD BEEN DRINKING (USE WHEN ARREST IS NOT MADE),NO DEFECTS,DRY,PHYSICAL CONDITION OF DRIVER,N,2512,NO CONTROLS,NOT DIVIDED,CLEAR,0.0,1.0,0.0,0.0,0.0,1.0,2,0,"[""Y""]","[""Y""]","[""Y""]","[""2025-10-04T02:59:00.000""]","[""2163299"", ""2163300""]","[""FRONT-LEFT-CORNER"", ""FRONT-RIGHT-CORNER""]","[""IL""]","[""HONDA"", ""UNKNOWN""]","[""PARKED"", ""STRAIGHT AHEAD""]","[""CIVIC"", ""MOTORIZED""]","[""0"", ""1""]","[""S""]","[""1"", ""2""]","[""DRIVER"", ""PARKED""]","[""NONE""]","[""2062191"", ""2062192""]","[""PASSENGER""]","[""NOT IN USE"", ""PERSONAL""]","[""2005""]","[""Y""]","[""Y""]","[""Y""]",[],"[""Y""]",[],"[""N""]",[],"[""Y""]",[],[],[],[],[],[],[],[],"[""DEPLOYMENT UNKNOWN""]","[""TEST NOT OFFERED""]",[],"[""2025-10-04T02:59:00.000""]","[""OTHER""]","[""UNKNOWN""]",[],[],"[""NONE""]",[],"[""O2163299""]","[""DRIVER""]","[""IMPAIRED - ALCOHOL AND DRUGS""]","[""USAGE UNKNOWN""]","[""M""]",[],"[""2062191""]",[],[],[],[],[],[],[],2025,10,2,4,True,night,41.93,-87.66,41.93_-87.66,0.0,0,0,OTHER,0
STRAIGHT AND LEVEL,1711,2025-10-04 02:36:00,7,2,10,BB2A096DF16506848A1697A5C144A0E171787CF978E826842650D879E003A461C134FA2C4788ED15B7B860D1650AFE69D25921BBB0B28F3BAEFE7DF423D47DE9,INJURY AND / OR TOW DUE TO CRASH,"OVER $1,500",FUNCTIONING PROPERLY,TURNING,41.9897893574,"DARKNESS, LIGHTED ROAD",-87.7482635674,2,30,NOT APPLICABLE,NO DEFECTS,DRY,NOT APPLICABLE,W,4759,TRAFFIC SIGNAL,DIVIDED - W/MEDIAN (NOT RAISED),CLEAR,0.0,0.0,1.0,0.0,0.0,1.0,1,3,"[""Y""]",[],[],"[""2025-10-04T02:36:00.000""]","[""2163287"", ""2163288""]","[""FRONT-LEFT-CORNER"", ""FRONT-RIGHT-CORNER""]","[""IL""]","[""NISSAN"", ""TOYOTA""]","[""STRAIGHT AHEAD"", ""TURNING LEFT""]","[""SIENNA"", ""VERSA""]","[""1"", ""2""]","[""E""]","[""1"", ""2""]","[""DRIVER""]","[""NONE""]","[""2062178"", ""2062184""]","[""PASSENGER"", ""VAN/MINI-VAN""]","[""PERSONAL""]","[""2010"", ""2015""]",[],[],"[""N"", ""Y""]","[""private""]","[""Y""]",[],[],[],[],[],"[""1""]",[],[],[],[],[],"['18', '26', '57']","[""NOT APPLICABLE""]","[""TEST NOT OFFERED""]","[""HIGHLAND PARK"", ""MORTON GROVE""]","[""2025-10-04T02:36:00.000""]","[""NONE""]","[""NOT OBSCURED""]","[""D""]","[""IL""]","[""NONE""]",[],"[""O2163287"", ""O2163288"", ""P477396""]","[""DRIVER"", ""PASSENGER""]","[""NORMAL""]","[""SAFETY BELT USED""]","[""F"", ""M""]","[""IL""]","[""2062178"", ""2062184""]","[""60035"", ""60053""]",[],"[""4""]",[],[],[],[],2025,10,2,4,True,night,41.99,-87.75,41.99_-87.75,33.666666666666664,18,57,OTHER,0
STRAIGHT AND LEVEL,1121,2025-10-04 02:34:00,7,2,10,C0F92D7278FD81182998A49C9A5FD5966F027865934DB8CB0A43931FCC3B37368A85E6CF351E94483F90B0BEEB1039312D914FE9D9E2E93B61850576B246D0D0,INJURY AND / OR TOW DUE TO CRASH,"OVER $1,500",FUNCTIONING PROPERLY,FIXED OBJECT,41.8937834975,"DARKNESS, LIGHTED ROAD",-87.7115366594,1,30,UNABLE TO DETERMINE,NO DEFECTS,DRY,UNABLE TO DETERMINE,W,3402,STOP SIGN/FLASHER,NOT DIVIDED,CLEAR,0.0,1.0,0.0,0.0,0.0,1.0,1,0,[],[],[],"[""2025-10-04T02:34:00.000""]","[""2163293""]","[""UNKNOWN""]","[""IL""]","[""HYUNDAI""]","[""UNKNOWN/NA""]","[""ELANTRA""]","[""1""]","[""UNKNOWN""]","[""1""]","[""DRIVER""]","[""UNKNOWN""]","[""2062182""]","[""PASSENGER""]","[""UNKNOWN/NA""]","[""2011""]",[],[],[],"[""cpd""]","[""Y""]",[],[],[],[],[],[],[],[],[],[],"[""city tow""]",[],"[""DEPLOYMENT UNKNOWN""]","[""TEST NOT OFFERED""]",[],"[""2025-10-04T02:34:00.000""]","[""UNKNOWN""]","[""UNKNOWN""]",[],[],"[""UNKNOWN""]",[],"[""O2163293""]","[""DRIVER""]","[""UNKNOWN""]","[""USAGE UNKNOWN""]","[""X""]",[],"[""2062182""]",[],[],[],[],[],[],[],2025,10,2,4,True,night,41.89,-87.71,41.89_-87.71,0.0,0,0,OTHER,0
STRAIGHT AND LEVEL,1235,2025-10-04 02:30:00,7,2,10,A7165A30E2783298D6BDCEDD311B84EFC1461129E022922A6E6D86414BEF59E761C77CD18E11E65CD1E822D622AFC248B27622352EBFED5A7BFCDDE86EE8EACE,NO INJURY / DRIVE AWAY,"OVER $1,500",FUNCTIONING PROPERLY,REAR TO FRONT,41.8527166252,"DARKNESS, LIGHTED ROAD",-87.6448893836,2,30,IMPROPER BACKING,NO DEFECTS,DRY,NOT APPLICABLE,S,2198,STOP SIGN/FLASHER,NOT DIVIDED,CLEAR,0.0,0.0,1.0,0.0,0.0,1.0,1,3,[],[],"[""Y""]","[""2025-10-04T02:30:00.000""]","[""2164616"", ""2164617""]","[""FRONT"", ""REAR""]","[""IL"", ""MI""]","[""DODGE"", ""TOYOTA""]","[""BACKING"", ""SLOW/STOP IN TRAFFIC""]","[""PRIUS"", ""RAM 1500 PU""]","[""1"", ""2""]","[""UNKNOWN""]","[""1"", ""2""]","[""DRIVER""]","[""NONE""]","[""2063424"", ""2063431""]","[""PASSENGER"", ""PICKUP""]","[""PERSONAL""]","[""1998"", ""2024""]",[],[],[],[],[],[],[],[],[],[],"[""1""]",[],[],[],"[""Y""]",[],"['27', '37', '39']","[""DID NOT DEPLOY""]","[""TEST NOT OFFERED""]","[""BARTLETT"", ""CHICAGO"", ""HANOVER PARK""]","[""2025-10-04T02:30:00.000""]","[""IMPROPER BACKING"", ""NONE""]","[""NOT OBSCURED"", ""UNKNOWN""]","[""D""]","[""IL""]","[""NONE""]",[],"[""O2164616"", ""O2164617"", ""P477712""]","[""DRIVER"", ""PASSENGER""]","[""NORMAL"", ""UNKNOWN""]","[""SAFETY BELT USED"", ""USAGE UNKNOWN""]","[""F"", ""M""]","[""IL""]","[""2063424"", ""2063431""]","[""60103"", ""60133"", ""60629""]",[],"[""3""]",[],[],[],[],2025,10,2,4,True,night,41.85,-87.64,41.85_-87.64,34.333333333333336,27,39,OTHER,0
STRAIGHT AND LEVEL,1423,2025-10-04 02:30:00,7,2,10,733F5C091B8D09AA0F6E604DF20F2542553F98AEF31295F9FF9754CCCCEF83EEC3148C3F6716AD9B7F41F03A55E29D857F432D9B5612E752B83474F53E666D30,INJURY AND / OR TOW DUE TO CRASH,"OVER $1,500",NO CONTROLS,FIXED OBJECT,41.9030403382,"DARKNESS, LIGHTED ROAD",-87.696222404,1,30,DISTRACTION - FROM INSIDE VEHICLE,UNKNOWN,DRY,NOT APPLICABLE,W,2744,NO CONTROLS,NOT DIVIDED,CLEAR,0.0,0.0,0.0,0.0,0.0,1.0,1,1,"[""Y""]","[""Y""]","[""Y""]","[""2025-10-04T02:30:00.000""]","[""2163296""]","[""FRONT""]","[""IL""]","[""NISSAN""]","[""STRAIGHT AHEAD""]","[""VERSA""]","[""1""]","[""E""]","[""1""]","[""DRIVER""]","[""UNKNOWN""]","[""2062187""]","[""PASSENGER""]","[""PERSONAL""]","[""2012""]","[""Y""]","[""Y""]","[""Y""]","[""FIVE STAR TOWING""]","[""Y""]","[""Y""]",[],"[""Y""]","[""Y""]",[],[],"[""Y""]",[],"[""Y""]","[""Y""]","[""DRIVER ADRESS""]",['25'],"[""DEPLOYED, COMBINATION""]","[""TEST NOT OFFERED""]","[""CHICAGO""]","[""2025-10-04T02:30:00.000""]","[""OTHER""]","[""UNKNOWN""]","[""D""]","[""IL""]","[""NONE""]",[],"[""O2163296""]","[""DRIVER""]","[""UNKNOWN""]","[""USAGE UNKNOWN""]","[""F""]","[""IL""]","[""2062187""]","[""60659""]",[],[],[],[],[],[],2025,10,2,4,True,night,41.9,-87.7,41.9_-87.7,25.0,25,25,DISTRACTION/INATTENTION,0