alignment,beat_of_occurrence,crash_date,crash_day_of_week,crash_hour,crash_month,crash_record_id,crash_type,damage,device_condition,first_crash_type,latitude,lighting_condition,longitude,num_units,posted_speed_limit,prim_contributory_cause,road_defect,roadway_surface_cond,sec_contributory_cause,street_direction,street_no,traffic_control_device,trafficway_type,weather_condition,private_property_i,hit_and_run_i,intersection_related_i,crash_date_est_i,work_zone_i,workers_present_i,veh_count,ppl_count,veh_area_01_i_list_json,veh_area_02_i_list_json,veh_area_12_i_list_json,veh_crash_date_list_json,veh_crash_unit_id_list_json,veh_first_contact_point_list_json,veh_lic_plate_state_list_json,veh_make_list_json,veh_maneuver_list_json,veh_model_list_json,veh_occupant_cnt_list_json,veh_travel_direction_list_json,veh_unit_no_list_json,veh_unit_type_list_json,veh_vehicle_defect_list_json,veh_vehicle_id_list_json,veh_vehicle_type_list_json,veh_vehicle_use_list_json,veh_vehicle_year_list_json,veh_area_03_i_list_json,veh_area_04_i_list_json,veh_area_11_i_list_json,veh_towed_by_list_json,veh_towed_i_list_json,veh_area_07_i_list_json,veh_area_99_i_list_json,veh_area_09_i_list_json,veh_area_10_i_list_json,veh_cmrc_veh_i_list_json,veh_num_passengers_list_json,veh_area_08_i_list_json,veh_area_00_i_list_json,veh_area_05_i_list_json,veh_area_06_i_list_json,veh_towed_to_list_json,ppl_age_list_json,ppl_airbag_deployed_list_json,ppl_bac_result_list_json,ppl_city_list_json,ppl_crash_date_list_json,ppl_driver_action_list_json,ppl_driver_vision_list_json,ppl_drivers_license_class_list_json,ppl_drivers_license_state_list_json,ppl_ejection_list_json,ppl_hospital_list_json,ppl_person_id_list_json,ppl_person_type_list_json,ppl_physical_condition_list_json,ppl_safety_equipment_list_json,ppl_sex_list_json,ppl_state_list_json,ppl_vehicle_id_list_json,ppl_zipcode_list_json,ppl_ems_agency_list_json,ppl_seat_no_list_json,ppl_pedpedal_action_list_json,ppl_pedpedal_location_list_json,ppl_pedpedal_visibility_list_json,ppl_ems_run_no_list_json,year,month,hour,day,is_weekend,hour_bin,lat_bin,lng_bin,grid_id,ppl_age_mean,ppl_age_min,ppl_age_max,prim_contributory_cause_group,ksi_flag
STRAIGHT AND LEVEL,815,2025-10-04 02:26:00,7,2,10,D0AD4DD5C9418B093A65CA129949A5DC2D3A1D0BD80C306340BA94404ACD7C5AEB5AC8A8603014C569FDD24B8096A81B55B43E80ABBE6059FB7C0938BAB2D1C8,NO INJURY / DRIVE AWAY,"OVER $1,500",FUNCTIONING PROPERLY,REAR END,41.8075334573,"DARKNESS, LIGHTED ROAD",-87.7430034212,2,30,FOLLOWING TOO CLOSELY,UNKNOWN,DRY,UNABLE TO DETERMINE,S,4701,TRAFFIC SIGNAL,NOT DIVIDED,CLEAR,0.0,0.0,0.0,0.0,0.0,1.0,1,2,[],[],[],"[""2025-10-04T02:26:00.000""]","[""2163294"", ""2163295""]","[""UNKNOWN""]","[""IL""]","[""JEEP"", ""TOYOTA""]","[""STRAIGHT AHEAD""]","[""OTHER (EXPLAIN IN NARRATIVE)"", ""WAGONEER""]","[""1""]","[""S""]","[""1"", ""2""]","[""DRIVER""]","[""UNKNOWN""]","[""2062185"", ""2062186""]","[""PASSENGER""]","[""UNKNOWN/NA""]","[""2018"", ""2025""]",[],[],[],[],[],"[""Y""]","[""N"", ""Y""]",[],[],[],[],[],[],"[""Y""]","[""Y""]",[],"['24', '25']","[""NOT APPLICABLE""]","[""TEST NOT OFFERED""]","[""CHICAGO"", ""WORTH""]","[""2025-10-04T02:26:00.000""]","[""FOLLOWED TOO CLOSELY"", ""NONE""]","[""UNKNOWN""]","[""D""]","[""IL""]","[""NONE""]",[],"[""O2163294"", ""O2163295""]","[""DRIVER""]","[""NORMAL""]","[""USAGE UNKNOWN""]","[""M""]","[""IL""]","[""2062185"", ""2062186""]","[""60482"", ""60629""]",[],[],[],[],[],[],2025,10,2,4,True,night,41.81,-87.74,41.81_-87.74,24.5,24,25,FOLLOWING TOO CLOSELY,0
STRAIGHT AND LEVEL,1031,2025-10-04 02:25:00,7,2,10,18916D3959342200DFA2B1A82F70A9E646C4A4A3AC8A0BF2C72185097774AD59F719FE301C0C6D10ADDE7EB20840B41D3AEE329BAC44CE334DE7CF5F4CC49C0B,INJURY AND / OR TOW DUE TO CRASH,"OVER $1,500",NO CONTROLS,PARKED MOTOR VEHICLE,41.8428349117,"DARKNESS, LIGHTED ROAD",-87.7340963827,4,30,UNABLE TO DETERMINE,NO DEFECTS,DRY,NOT APPLICABLE,S,2643,NO CONTROLS,NOT DIVIDED,CLEAR,0.0,1.0,0.0,0.0,0.0,1.0,2,0,"[""Y""]",[],"[""Y""]","[""2025-10-04T02:25:00.000""]","[""2163617"", ""2163618"", ""2163619"", ""2163620""]","[""FRONT"", ""REAR"", ""SIDE-LEFT""]","[""IL""]","[""FORD"", ""HONDA"", ""NISSAN""]","[""PARKED"", ""UNKNOWN/NA""]","[""ALTIMA"", ""CR-V"", ""EXPLORER"", ""MURANO""]","[""0"", ""1""]","[""N"", ""UNKNOWN""]","[""1"", ""2"", ""3"", ""4""]","[""DRIVER"", ""PARKED""]","[""NONE"", ""UNKNOWN""]","[""2062482"", ""2062483"", ""2062484"", ""2062485""]","[""PASSENGER"", ""SPORT UTILITY VEHICLE (SUV)""]","[""UNKNOWN/NA""]","[""2004"", ""2010"", ""2015"", ""2022""]",[],[],"[""Y""]","[""CITY OF CHICAGO""]","[""Y""]","[""Y""]",[],"[""Y""]","[""Y""]",[],[],"[""Y""]",[],"[""Y""]","[""Y""]",[],[],"[""DEPLOYMENT UNKNOWN""]","[""TEST NOT OFFERED""]",[],"[""2025-10-04T02:25:00.000""]","[""UNKNOWN""]","[""UNKNOWN""]",[],[],"[""NONE""]",[],"[""O2163617""]","[""DRIVER""]","[""UNKNOWN""]","[""USAGE UNKNOWN""]","[""M""]",[],"[""2062482""]",[],[],[],[],[],[],[],2025,10,2,4,True,night,41.84,-87.73,41.84_-87.73,0.0,0,0,OTHER,0
STRAIGHT ON HILLCREST,911,2025-10-04 02:16:00,7,2,10,1C777C276E90236431616D07EA57F08D0E29E58751B8407FEF930238ACE36D65D13567F504D7D74D2EE33E06778BF6623E1F2214D9500A142ABD0F29A83949A1,INJURY AND / OR TOW DUE TO CRASH,"OVER $1,500",NO CONTROLS,REAR END,41.8315742532,"DARKNESS, LIGHTED ROAD",-87.7048147158,2,30,DRIVING SKILLS/KNOWLEDGE/EXPERIENCE,UNKNOWN,DRY,UNABLE TO DETERMINE,S,3400,NO CONTROLS,NOT DIVIDED,CLEAR,0.0,0.0,0.0,0.0,0.0,1.0,1,3,"[""N""]",[],"[""Y""]","[""2025-10-04T02:16:00.000""]","[""2163291"", ""2163292""]","[""FRONT-LEFT-CORNER"", ""REAR-RIGHT-CORNER""]","[""IL""]","[""HONDA"", ""TOYOTA""]","[""STRAIGHT AHEAD""]","[""CIVIC"", ""PRIUS""]","[""1"", ""2""]","[""N""]","[""1"", ""2""]","[""DRIVER""]","[""NONE"", ""UNKNOWN""]","[""2062179"", ""2062180""]","[""PASSENGER""]","[""PERSONAL"", ""RIDESHARE SERVICE""]","[""2012"", ""2025""]",[],[],"[""Y""]","[""PRIVATE TOW""]","[""Y""]",[],[],[],[],[],"[""1""]",[],[],"[""Y""]","[""Y""]",[],"['25', '37', '43']","[""DEPLOYED, SIDE"", ""DID NOT DEPLOY""]","[""TEST NOT OFFERED""]","[""BURBANK"", ""CHICAGO""]","[""2025-10-04T02:16:00.000""]","[""FOLLOWED TOO CLOSELY"", ""NONE""]","[""NOT OBSCURED""]",[],"[""IL""]","[""NONE""]","[""REFUSED""]","[""O2163291"", ""O2163292"", ""P477397""]","[""DRIVER"", ""PASSENGER""]","[""NORMAL""]","[""SAFETY BELT USED""]","[""M""]","[""IL""]","[""2062179"", ""2062180""]","[""60459"", ""60622"", ""60632""]",[],"[""4""]",[],[],[],[],2025,10,2,4,True,night,41.83,-87.7,41.83_-87.7,35.0,25,43,OTHER,1
STRAIGHT AND LEVEL,1932,2025-10-04 02:00:00,7,2,10,8E1635AB9AD3125DA33E80F4E37361FD0531132473568E7E13E36DBCD173C980AC968A200517D46B82B3EB0A218F344868D55B65AE3E9F848B6C9C7EA92DD2B3,NO INJURY / DRIVE AWAY,"OVER $1,500",NO CONTROLS,PARKED MOTOR VEHICLE,41.9272698667,UNKNOWN,-87.6586682111,2,30,UNABLE TO DETERMINE,UNKNOWN,UNKNOWN,NOT APPLICABLE,N,2504,NO CONTROLS,NOT DIVIDED,CLEAR,0.0,1.0,0.0,1.0,0.0,1.0,2,0,[],[],[],"[""2025-10-04T02:00:00.000""]","[""2164123"", ""2164124""]","[""REAR-LEFT-CORNER"", ""UNKNOWN""]","[""IL""]","[""LINCOLN"", ""UNKNOWN""]","[""PARKED"", ""UNKNOWN/NA""]","[""MKZ"", ""OTHER (EXPLAIN IN NARRATIVE)""]","[""0"", ""1""]","[""S""]","[""1"", ""2""]","[""DRIVER"", ""PARKED""]","[""UNKNOWN""]","[""2062961"", ""2062963""]","[""PASSENGER"", ""UNKNOWN/NA""]","[""NOT IN USE"", ""UNKNOWN/NA""]","[""2010""]",[],[],[],[],[],"[""Y""]","[""Y""]",[],[],[],[],"[""Y""]",[],[],[],[],[],"[""DEPLOYMENT UNKNOWN""]","[""TEST NOT OFFERED""]",[],"[""2025-10-04T02:00:00.000""]","[""UNKNOWN""]","[""UNKNOWN""]",[],[],"[""UNKNOWN""]",[],"[""O2164123""]","[""DRIVER""]","[""UNKNOWN""]","[""USAGE UNKNOWN""]","[""X""]",[],"[""2062961""]",[],[],[],[],[],[],[],2025,10,2,4,True,night,41.93,-87.66,41.93_-87.66,0.0,0,0,OTHER,0
STRAIGHT AND LEVEL,1923,2025-10-04 02:00:00,7,2,10,CCE7CF2228F269E47512051CD4CAD878D0E2A947E23B18FC64217386BE0DF2166A0F40E8EE5C337279522808B3DA8B4272E7EB074D65AD69958D83474935B14D,INJURY AND / OR TOW DUE TO CRASH,"OVER $1,500",NO CONTROLS,PARKED MOTOR VEHICLE,41.9516650571,"DARKNESS, LIGHTED ROAD",-87.6546067236,3,30,UNABLE TO DETERMINE,NO DEFECTS,DRY,NOT APPLICABLE,N,3816,NO CONTROLS,NOT DIVIDED,CLEAR,0.0,1.0,0.0,1.0,0.0,1.0,2,0,"[""Y""]","[""Y""]",[],"[""2025-10-04T02:00:00.000""]","[""2163372"", ""2163373"", ""2163374""]","[""FRONT-RIGHT-CORNER"", ""REAR"", ""REAR-LEFT-CORNER""]","[""IL"", ""IN""]","[""CHEVROLET"", ""MITSUBISHI"", ""TOYOTA""]","[""PARKED"", ""STRAIGHT AHEAD""]","[""AVALON"", ""TRAVERSE"", ""TRUCK""]","[""0"", ""1""]","[""S""]","[""1"", ""2"", ""3""]","[""DRIVER"", ""PARKED""]","[""NONE""]","[""2062260"", ""2062263"", ""2062269""]","[""PASSENGER"", ""SPORT UTILITY VEHICLE (SUV)""]","[""NOT IN USE"", ""UNKNOWN/NA""]","[""2014"", ""2015"", ""2022""]",[],[],[],[],"[""Y""]","[""Y""]","[""Y""]","[""Y""]",[],[],[],"[""Y""]",[],"[""Y""]","[""Y""]","[""PRIVATE""]",[],"[""DEPLOYMENT UNKNOWN""]","[""TEST NOT OFFERED""]",[],"[""2025-10-04T02:00:00.000""]","[""UNKNOWN""]","[""UNKNOWN""]",[],[],"[""NONE""]",[],"[""O2163372""]","[""DRIVER""]","[""UNKNOWN""]","[""USAGE UNKNOWN""]","[""X""]",[],"[""2062260""]",[],[],[],[],[],[],[],2025,10,2,4,True,night,41.95,-87.65,41.95_-87.65,0.0,0,0,OTHER,0
STRAIGHT AND LEVEL,2012,2025-10-04 02:00:00,7,2,10,A20D1A4FB39AA84BA36037704679F1D10C1298908A76AB470EBC191B35F8B6DBDD5A0620FF03A15B64E031A95BA574EDC72E706F9E43A69B842FC714027E2ECC,NO INJURY / DRIVE AWAY,"$501 - $1,500",NO CONTROLS,PARKED MOTOR VEHICLE,41.9790199014,DARKNESS,-87.6820909276,2,25,UNABLE TO DETERMINE,NO DEFECTS,DRY,NOT APPLICABLE,N,5340,NO CONTROLS,NOT DIVIDED,CLEAR,0.0,1.0,0.0,0.0,0.0,1.0,2,0,[],[],[],"[""2025-10-04T02:00:00.000""]","[""2163440"", ""2163441""]","[""SIDE-LEFT-FRONT"", ""UNKNOWN""]","[""IL"", ""XX""]","[""FORD"", ""UNKNOWN""]","[""PARKED"", ""STRAIGHT AHEAD""]","[""MOTORIZED"", ""TAURUS""]","[""0"", ""1""]","[""N"", ""UNKNOWN""]","[""1"", ""2""]","[""DRIVER"", ""PARKED""]","[""NONE"", ""UNKNOWN""]","[""2062322"", ""2062330""]","[""PASSENGER"", ""UNKNOWN/NA""]","[""NOT IN USE"", ""UNKNOWN/NA""]","[""2009""]",[],[],[],[],[],[],"[""Y""]","[""Y""]","[""Y""]",[],[],[],[],[],[],[],[],"[""DEPLOYMENT UNKNOWN""]","[""TEST NOT OFFERED""]",[],"[""2025-10-04T02:00:00.000""]","[""UNKNOWN""]","[""UNKNOWN""]",[],[],"[""UNKNOWN""]",[],"[""O2163440""]","[""DRIVER""]","[""UNKNOWN""]","[""USAGE UNKNOWN""]","[""X""]",[],"[""2062322""]",[],[],[],[],[],[],[],2025,10,2,4,True,night,41.98,-87.68,41.98_-87.68,0.0,0,0,OTHER,0
STRAIGHT AND LEVEL,1731,2025-10-04 01:45:00,7,1,10,E69F26C90F11E78EB16D9207C8E578EE8A3C31D633B154F5F78CEA5454435C3B6DC530F9301586939D9FD35655358A2AF228E4BDB38C8D8C3683DE74D093CF97,INJURY AND / OR TOW DUE TO CRASH,"OVER $1,500",NO CONTROLS,PARKED MOTOR VEHICLE,41.9391577821,"DARKNESS, LIGHTED ROAD",-87.7308056017,2,30,UNABLE TO DETERMINE,NO DEFECTS,DRY,NOT APPLICABLE,W,4128,NO CONTROLS,DIVIDED - W/MEDIAN (NOT RAISED),CLEAR,0.0,1.0,0.0,0.0,0.0,1.0,2,0,"[""Y""]","[""Y""]","[""Y""]","[""2025-10-04T01:45:00.000""]","[""2163281"", ""2163282""]","[""FRONT"", ""REAR""]","[""IL""]","[""CHEVROLET"", ""NISSAN""]","[""PARKED"", ""STRAIGHT AHEAD""]","[""SENTRA"", ""SILVERADO""]","[""0"", ""1""]","[""W""]","[""1"", ""2""]","[""DRIVER"", ""PARKED""]","[""UNKNOWN""]","[""2062170"", ""2062172""]","[""PASSENGER"", ""PICKUP""]","[""PERSONAL"", ""UNKNOWN/NA""]","[""2008"", ""2022""]",[],[],"[""Y""]","[""CITY OF CHICAGO""]","[""Y""]","[""Y""]",[],[],[],[],[],[],[],"[""Y""]","[""Y""]",[],[],"[""DEPLOYED, COMBINATION""]","[""TEST NOT OFFERED""]",[],"[""2025-10-04T01:45:00.000""]","[""UNKNOWN""]","[""UNKNOWN""]",[],[],"[""NONE""]",[],"[""O2163281""]","[""DRIVER""]","[""UNKNOWN""]","[""USAGE UNKNOWN""]","[""X""]",[],"[""2062170""]",[],[],[],[],[],[],[],2025,10,1,4,True,night,41.94,-87.73,41.94_-87.73,0.0,0,0,OTHER,0
STRAIGHT AND LEVEL,2222,2025-10-04 01:40:00,7,1,10,4CD23E6BEF5247F45C143AE584A5F4CAC212F9F27DF35851398B817535C38C657848059F916A88641B269941120921470678CCB668171C0B382D7640D0D9A63B,INJURY AND / OR TOW DUE TO CRASH,"OVER $1,500",NO CONTROLS,TURNING,41.7265986448,"DARKNESS, LIGHTED ROAD",-87.6488807101,2,30,IMPROPER OVERTAKING/PASSING,NO DEFECTS,DRY,UNABLE TO DETERMINE,S,9208,NO CONTROLS,NOT DIVIDED,CLEAR,0.0,1.0,0.0,1.0,0.0,1.0,1,2,"[""Y""]","[""Y""]","[""Y""]","[""2025-10-04T01:40:00.000""]","[""2163277"", ""2163278""]","[""REAR-RIGHT-CORNER"", ""SIDE-LEFT""]","[""IL""]","[""JEEP"", ""UNKNOWN""]","[""STRAIGHT AHEAD"", ""TURNING RIGHT""]","[""GRAND CHEROKEE"", ""OTHER (EXPLAIN IN NARRATIVE)""]","[""1"", ""2""]","[""S""]","[""1"", ""2""]","[""DRIVER""]","[""NONE"", ""UNKNOWN""]","[""2062162"", ""2062169""]","[""PASSENGER"", ""UNKNOWN/NA""]","[""PERSONAL"", ""UNKNOWN/NA""]","[""2022""]","[""Y""]","[""Y""]","[""Y""]","[""e and r""]","[""Y""]","[""Y""]","[""Y""]","[""Y""]","[""Y""]",[],"[""1""]","[""Y""]",[],"[""Y""]","[""N""]","[""103/doty""]","['23', '32']","[""DEPLOYED, COMBINATION"", ""DEPLOYMENT UNKNOWN""]","[""TEST NOT OFFERED""]","[""CHCAGO"", ""CHICAGO""]","[""2025-10-04T01:40:00.000""]","[""IMPROPER LANE CHANGE"", ""UNKNOWN""]","[""NOT OBSCURED"", ""UNKNOWN""]","[""D""]","[""IL""]","[""NONE"", ""TRAPPED/EXTRICATED"", ""UNKNOWN""]","[""CHRIST""]","[""O2163277"", ""O2163278"", ""P477394""]","[""DRIVER"", ""PASSENGER""]","[""NORMAL"", ""UNKNOWN""]","[""SAFETY BELT USED"", ""USAGE UNKNOWN""]","[""F"", ""M"", ""X""]","[""IL""]","[""2062162"", ""2062169""]","[""60620"", ""60628""]","[""CFD""]","[""3""]",[],[],[],"[""60""]",2025,10,1,4,True,night,41.73,-87.65,41.73_-87.65,27.5,23,32,OTHER,1
STRAIGHT AND LEVEL,1034,2025-10-04 01:31:00,7,1,10,747FAE9D6E5BAEF3967624C4B8CEE770F52E461B546AF5402329732C749791A61EB43E197C150CA1FE0F8807EDE3A9742AD6A781E7CC6A353F5E4F94295FD1C7,NO INJURY / DRIVE AWAY,$500 OR LESS,FUNCTIONING PROPERLY,REAR END,41.8446122548,"DARKNESS, LIGHTED ROAD",-87.6945111136,2,30,"OPERATING VEHICLE IN ERRATIC, RECKLESS, CARELESS, NEGLIGENT OR AGGRESSIVE MANNER",NO DEFECTS,DRY,NOT APPLICABLE,S,2601,TRAFFIC SIGNAL,NOT DIVIDED,CLEAR,0.0,1.0,0.0,0.0,0.0,1.0,1,1,"[""Y""]",[],"[""Y""]","[""2025-10-04T01:31:00.000""]","[""2163273"", ""2163274""]","[""FRONT"", ""REAR-LEFT-CORNER""]","[""IL""]","[""NISSAN"", ""UNKNOWN""]","[""STRAIGHT AHEAD""]","[""MOTORIZED"", ""ROGUE""]","[""1""]","[""E""]","[""1"", ""2""]","[""DRIVER""]","[""NONE"", ""UNKNOWN""]","[""2062160"", ""2062166""]","[""PASSENGER"", ""UNKNOWN/NA""]","[""PERSONAL"", ""UNKNOWN/NA""]","[""2021""]",[],[],"[""Y""]",[],[],"[""Y""]",[],[],[],[],[],[],[],[],"[""Y""]",[],['36'],"[""DEPLOYMENT UNKNOWN"", ""NOT APPLICABLE""]","[""TEST NOT OFFERED""]","[""CHICAGO HEIGHTS""]","[""2025-10-04T01:31:00.000""]","[""NONE"", ""OTHER""]","[""NOT OBSCURED"", ""UNKNOWN""]","[""D""]","[""IL""]","[""NONE""]",[],"[""O2163273"", ""O2163274""]","[""DRIVER""]","[""NORMAL"", ""UNKNOWN""]","[""USAGE UNKNOWN""]","[""F"", ""X""]","[""IL""]","[""2062160"", ""2062166""]","[""60411""]",[],[],[],[],[],[],2025,10,1,4,True,night,41.84,-87.69,41.84_-87.69,36.0,36,36,OTHER,0
STRAIGHT AND LEVEL,1011,2025-10-04 01:26:00,7,1,10,69A076FBD9AA30B1D78AD53DE2F4D595E6DCCE0F268A68AD31C7F4D392E994670F1195CEFC3F3D21D861F56266DA92D73CB2EDE4D111464A33C283862F915CBF,INJURY AND / OR TOW DUE TO CRASH,"OVER $1,500",NO CONTROLS,TURNING,41.8658889298,"DARKNESS, LIGHTED ROAD",-87.7372787921,2,30,FAILING TO REDUCE SPEED TO AVOID CRASH,NO DEFECTS,DRY,NOT APPLICABLE,W,4459,NO CONTROLS,NOT DIVIDED,CLEAR,0.0,0.0,1.0,0.0,0.0,1.0,1,2,"[""Y""]","[""Y""]","[""Y""]","[""2025-10-04T01:26:00.000""]","[""2169691"", ""2169692""]","[""FRONT"", ""FRONT-LEFT-CORNER""]","[""IL""]","[""CHEVROLET"", ""VOLVO""]","[""STRAIGHT AHEAD"", ""TURNING LEFT""]","[""MALIBU"", ""S70""]","[""1""]","[""E"", ""N""]","[""1"", ""2""]","[""DRIVER""]","[""NONE"", ""UNKNOWN""]","[""2068219"", ""2068220""]","[""PASSENGER""]","[""PERSONAL""]","[""2013"", ""2019""]","[""Y""]",[],"[""Y""]","[""private tow"", ""streets and sans""]","[""Y""]",[],[],"[""Y""]","[""Y""]",[],[],[],[],[],[],"[""unknown""]","['28', '42']","[""DEPLOYED, COMBINATION""]","[""TEST NOT OFFERED""]","[""CHICAGO""]","[""2025-10-04T01:26:00.000""]","[""NONE"", ""TOO FAST FOR CONDITIONS""]","[""NOT OBSCURED""]","[""D""]","[""IL""]","[""UNKNOWN""]","[""MT SINAI""]","[""O2169691"", ""O2169692""]","[""DRIVER""]","[""UNKNOWN""]","[""USAGE UNKNOWN""]","[""M""]","[""IL""]","[""2068219"", ""2068220""]","[""60623""]","[""AMBO 77""]",[],[],[],[],[],2025,10,1,4,True,night,41.87,-87.74,41.87_-87.74,35.0,28,42,SPEEDING,1
STRAIGHT AND LEVEL,523,2025-10-04 01:18:00,7,1,10,CB2965B3ABACAE0D890D2FCF1D4E1D5036AE52DC7860683919304050EC687702507AD97674339B0E78A8C9F7C877158262C55FB165B6FFB2125D538740896992,NO INJURY / DRIVE AWAY,"OVER $1,500",FUNCTIONING PROPERLY,REAR END,41.6633998647,DARKNESS,-87.6377508479,2,35,UNABLE TO DETERMINE,NO DEFECTS,DRY,NOT APPLICABLE,W,628,NO CONTROLS,FOUR WAY,CLEAR,0.0,1.0,0.0,0.0,0.0,1.0,1,1,"[""Y""]",[],"[""Y""]","[""2025-10-04T01:18:00.000""]","[""2178643"", ""2178644""]","[""FRONT"", ""REAR""]","[""IL""]","[""JEEP"", ""UNKNOWN""]","[""STRAIGHT AHEAD""]","[""OTHER (EXPLAIN IN NARRATIVE)"", ""WRANGLER""]","[""1""]","[""E""]","[""1"", ""2""]","[""DRIVER""]","[""NONE"", ""UNKNOWN""]","[""2076736"", ""2076737""]","[""PASSENGER"", ""UNKNOWN/NA""]","[""PERSONAL"", ""UNKNOWN/NA""]","[""2021""]",[],[],"[""Y""]",[],[],[],[],[],[],[],[],[],[],"[""Y""]","[""Y""]",[],['59'],"[""DEPLOYMENT UNKNOWN"", ""NOT APPLICABLE""]","[""TEST NOT OFFERED"", ""TEST REFUSED""]","[""CHICAGO""]","[""2025-10-04T01:18:00.000""]","[""NONE""]","[""NOT OBSCURED"", ""UNKNOWN""]","[""D""]","[""IL""]","[""NONE""]",[],"[""O2178643"", ""O2178644""]","[""DRIVER""]","[""NORMAL"", ""UNKNOWN""]","[""SAFETY BELT USED"", ""USAGE UNKNOWN""]","[""F"", ""X""]","[""IL""]","[""2076736"", ""2076737""]","[""60628""]",[],[],[],[],[],[],2025,10,1,4,True,night,41.66,-87.64,41.66_-87.64,59.0,59,59,OTHER,0
STRAIGHT AND LEVEL,1732,2025-10-04 01:16:00,7,1,10,D01FC89473A2DF7567968ADDED01A09A6EE3075433FF672F255B05BAED14F34BB9B6B60D1685AB4BD6639BB7A1EA7B3F536440242FFA224DA4E39C563C6D4E7F,NO INJURY / DRIVE AWAY,$500 OR LESS,NO CONTROLS,PARKED MOTOR VEHICLE,41.9394119889,DARKNESS,-87.7184736887,2,15,UNABLE TO DETERMINE,UNKNOWN,DRY,UNABLE TO DETERMINE,N,3205,NO CONTROLS,PARKING LOT,CLEAR,0.0,1.0,0.0,0.0,0.0,1.0,2,1,[],[],[],"[""2025-10-04T01:16:00.000""]","[""2163269"", ""2163270""]","[""SIDE-LEFT"", ""UNKNOWN""]","[""MD""]","[""JEEP"", ""VOLKSWAGEN""]","[""PARKED"", ""STRAIGHT AHEAD""]","[""JEEP"", ""JETTA""]","[""1"", ""2""]","[""N"", ""UNKNOWN""]","[""1"", ""2""]","[""DRIVER"", ""PARKED""]","[""UNKNOWN""]","[""2062159"", ""2062164""]","[""PASSENGER"", ""UNKNOWN/NA""]","[""PERSONAL"", ""UNKNOWN/NA""]","[""2024""]",[],[],"[""Y""]",[],[],"[""Y""]","[""Y""]","[""Y""]","[""Y""]",[],"[""2""]",[],[],[],[],[],['27'],"[""DEPLOYMENT UNKNOWN"", ""DID NOT DEPLOY""]","[""TEST NOT OFFERED""]","[""CHICAGO""]","[""2025-10-04T01:16:00.000""]","[""IMPROPER PARKING""]","[""UNKNOWN""]",[],[],"[""NONE""]",[],"[""O2163269"", ""P477392"", ""P477393""]","[""DRIVER"", ""PASSENGER""]","[""UNKNOWN""]","[""USAGE UNKNOWN""]","[""F"", ""M"", ""X""]","[""IL""]","[""2062159"", ""2062164""]","[""60618""]",[],"[""1"", ""3""]",[],[],[],[],2025,10,1,4,True,night,41.94,-87.72,41.94_-87.72,27.0,27,27,OTHER,0
STRAIGHT AND LEVEL,2213,2025-10-04 01:05:00,7,1,10,400AD3ECF61FB7862A3F99126C1138103D7CE40BD139C7F5EA97D50372D81AA46BE0B42073E1650CA40F8EE927CEE12EB57DD2382187C5B1CEB08FC66EC790B7,NO INJURY / DRIVE AWAY,"OVER $1,500",NO CONTROLS,PARKED MOTOR VEHICLE,41.716844619,"DARKNESS, LIGHTED ROAD",-87.6557629062,4,30,UNABLE TO DETERMINE,UNKNOWN,DRY,NOT APPLICABLE,W,1311,NO CONTROLS,NOT DIVIDED,CLEAR,0.0,1.0,0.0,0.0,0.0,1.0,2,0,"[""Y""]",[],"[""Y""]","[""2025-10-04T01:05:00.000""]","[""2164482"", ""2164483"", ""2164484"", ""2164485""]","[""FRONT"", ""REAR""]","[""IL""]","[""BMW"", ""CHEVROLET"", ""JEEP"", ""TOYOTA""]","[""PARKED"", ""STRAIGHT AHEAD""]","[""330I"", ""COROLLA"", ""CRUZE"", ""GRAND CHEROKEE""]","[""0"", ""1""]","[""E""]","[""1"", ""2"", ""3"", ""4""]","[""DRIVER"", ""PARKED""]","[""UNKNOWN""]","[""2063299"", ""2063300"", ""2063301"", ""2063302""]","[""PASSENGER""]","[""NOT IN USE"", ""PERSONAL""]","[""2006"", ""2014"", ""2017""]",[],[],"[""Y""]",[],[],"[""Y""]","[""Y""]",[],[],[],[],[],[],"[""Y""]","[""Y""]",[],[],"[""DEPLOYMENT UNKNOWN""]","[""TEST NOT OFFERED""]",[],"[""2025-10-04T01:05:00.000""]","[""OTHER""]","[""UNKNOWN""]",[],[],"[""UNKNOWN""]",[],"[""O2164482""]","[""DRIVER""]","[""UNKNOWN""]","[""USAGE UNKNOWN""]","[""F""]",[],"[""2063299""]",[],[],[],[],[],[],[],2025,10,1,4,True,night,41.72,-87.66,41.72_-87.66,0.0,0,0,OTHER,0
STRAIGHT AND LEVEL,1613,2025-10-04 01:00:00,7,1,10,BEF89BD6F9F402CCD0B6C16535DEA20536DAC69FEB2CD9E1A5321D996AC6888BC518ABC2475585A7E21C01751B62CB02C0C9C4E91B55729487C19E04E4A23DE2,NO INJURY / DRIVE AWAY,"OVER $1,500",NO CONTROLS,PARKED MOTOR VEHICLE,41.9744949762,UNKNOWN,-87.8131607673,2,25,UNABLE TO DETERMINE,UNKNOWN,UNKNOWN,NOT APPLICABLE,W,7430,NO CONTROLS,NOT DIVIDED,CLEAR,0.0,1.0,0.0,1.0,0.0,1.0,2,0,[],[],[],"[""2025-10-04T01:00:00.000""]","[""2164541"", ""2164542""]","[""SIDE-RIGHT"", ""UNKNOWN""]","[""IL""]","[""FORD"", ""UNKNOWN""]","[""PARKED"", ""UNKNOWN/NA""]","[""F150"", ""OTHER (EXPLAIN IN NARRATIVE)""]","[""0"", ""1""]","[""S"", ""UNKNOWN""]","[""1"", ""2""]","[""DRIVER"", ""PARKED""]","[""UNKNOWN""]","[""2063348"", ""2063354""]","[""PICKUP"", ""UNKNOWN/NA""]","[""NOT IN USE"", ""UNKNOWN/NA""]","[""2020""]",[],"[""Y""]",[],[],[],[],"[""Y""]",[],[],[],[],[],[],[],[],[],[],"[""DEPLOYMENT UNKNOWN""]","[""TEST NOT OFFERED""]",[],"[""2025-10-04T01:00:00.000""]","[""UNKNOWN""]","[""UNKNOWN""]",[],[],"[""NONE""]",[],"[""O2164541""]","[""DRIVER""]","[""UNKNOWN""]","[""USAGE UNKNOWN""]","[""X""]",[],"[""2063348""]",[],[],[],[],[],[],[],2025,10,1,4,True,night,41.97,-87.81,41.97_-87.81,0.0,0,0,OTHER,0