alignment,beat_of_occurrence,crash_date,crash_day_of_week,crash_hour,crash_month,crash_record_id,crash_type,damage,device_condition,first_crash_type,latitude,lighting_condition,longitude,num_units,posted_speed_limit,prim_contributory_cause,road_defect,roadway_surface_cond,sec_contributory_cause,street_direction,street_no,traffic_control_device,trafficway_type,weather_condition,private_property_i,hit_and_run_i,intersection_related_i,crash_date_est_i,work_zone_i,workers_present_i,veh_count,ppl_count,veh_area_01_i_list_json,veh_area_02_i_list_json,veh_area_12_i_list_json,veh_crash_date_list_json,veh_crash_unit_id_list_json,veh_first_contact_point_list_json,veh_lic_plate_state_list_json,veh_make_list_json,veh_maneuver_list_json,veh_model_list_json,veh_occupant_cnt_list_json,veh_travel_direction_list_json,veh_unit_no_list_json,veh_unit_type_list_json,veh_vehicle_defect_list_json,veh_vehicle_id_list_json,veh_vehicle_type_list_json,veh_vehicle_use_list_json,veh_vehicle_year_list_json,veh_area_03_i_list_json,veh_area_04_i_list_json,veh_area_11_i_list_json,veh_towed_by_list_json,veh_towed_i_list_json,veh_area_07_i_list_json,veh_area_99_i_list_json,veh_area_09_i_list_json,veh_area_10_i_list_json,veh_cmrc_veh_i_list_json,veh_num_passengers_list_json,veh_area_08_i_list_json,veh_area_00_i_list_json,veh_area_05_i_list_json,veh_area_06_i_list_json,veh_towed_to_list_json,ppl_age_list_json,ppl_airbag_deployed_list_json,ppl_bac_result_list_json,ppl_city_list_json,ppl_crash_date_list_json,ppl_driver_action_list_json,ppl_driver_vision_list_json,ppl_drivers_license_class_list_json,ppl_drivers_license_state_list_json,ppl_ejection_list_json,ppl_hospital_list_json,ppl_person_id_list_json,ppl_person_type_list_json,ppl_physical_condition_list_json,ppl_safety_equipment_list_json,ppl_sex_list_json,ppl_state_list_json,ppl_vehicle_id_list_json,ppl_zipcode_list_json,ppl_ems_agency_list_json,ppl_seat_no_list_json,ppl_pedpedal_action_list_json,ppl_pedpedal_location_list_json,ppl_pedpedal_visibility_list_json,ppl_ems_run_no_list_json,year,month,hour,day,is_weekend,hour_bin,lat_bin,lng_bin,grid_id,ppl_age_mean,ppl_age_min,ppl_age_max,prim_contributory_cause_group,ksi_flag
STRAIGHT AND LEVEL,1633,2025-10-04 00:49:00,7,0,10,6AD1681BC13AA8AD208E63CE664C843ED07D84A5BA629FCBB7DA2F78E3F98C8D91A87B9C8E1F8C2E4ABBC1D0DE815EC17EE245DD4D675238065B67976A933375,INJURY AND / OR TOW DUE TO CRASH,"OVER $1,500",FUNCTIONING PROPERLY,ANGLE,41.9412350694,"DARKNESS, LIGHTED ROAD",-87.7764694518,2,30,FAILING TO REDUCE SPEED TO AVOID CRASH,NO DEFECTS,DRY,FAILING TO YIELD RIGHT-OF-WAY,N,3330,STOP SIGN/FLASHER,FOUR WAY,CLEAR,0.0,1.0,1.0,0.0,0.0,1.0,1,1,"[""Y""]",[],"[""Y""]","[""2025-10-04T00:49:00.000""]","[""2163260"", ""2163261""]","[""FRONT"", ""FRONT-LEFT-CORNER""]","[""IL""]","[""LEXUS"", ""MERCEDES-BENZ""]","[""STRAIGHT AHEAD""]","[""C300"", ""IS250""]","[""1"", ""2""]","[""S"", ""W""]","[""1"", ""2""]","[""DRIVER""]","[""UNKNOWN""]","[""2062147"", ""2062152""]","[""PASSENGER""]","[""PERSONAL""]","[""2010"", ""2021""]",[],[],"[""Y""]","[""city tow"", ""private""]","[""Y""]","[""N""]",[],"[""Y""]","[""Y""]",[],"[""1""]","[""Y""]",[],[],[],"[""pound""]",['25'],"[""DEPLOYED, COMBINATION""]","[""TEST NOT OFFERED""]","[""CHICAGO""]","[""2025-10-04T00:49:00.000""]","[""FAILED TO YIELD"", ""NONE""]","[""NOT OBSCURED"", ""UNKNOWN""]","[""D""]","[""IL"", ""XX""]","[""NONE""]",[],"[""O2163260"", ""O2163261"", ""P477391""]","[""DRIVER"", ""PASSENGER""]","[""NORMAL"", ""UNKNOWN""]","[""SAFETY BELT USED"", ""USAGE UNKNOWN""]","[""F"", ""M""]","[""IL""]","[""2062147"", ""2062152""]","[""60647""]",[],"[""3""]",[],[],[],[],2025,10,0,4,True,afternoon,41.94,-87.78,41.94_-87.78,25.0,25,25,SPEEDING,1
STRAIGHT AND LEVEL,1831,2025-10-04 00:48:00,7,0,10,EC2FB0654E4D7EC9733442D5B3B529503C1E5283E2FCDA5F02830E6DFBCE63887A6DB4D85ADC040F0D864F51B5FDA46790B5019DAC4619CB3EB9D10F3FD5A27C,INJURY AND / OR TOW DUE TO CRASH,"OVER $1,500",FUNCTIONING PROPERLY,ANGLE,41.8932767034,"DARKNESS, LIGHTED ROAD",-87.6356894424,2,30,DISREGARDING TRAFFIC SIGNALS,NO DEFECTS,DRY,FAILING TO REDUCE SPEED TO AVOID CRASH,W,300,TRAFFIC SIGNAL,FOUR WAY,CLEAR,0.0,0.0,1.0,0.0,0.0,1.0,1,3,"[""Y""]","[""Y""]","[""Y""]","[""2025-10-04T00:48:00.000""]","[""2163279"", ""2163280""]","[""FRONT"", ""SIDE-RIGHT""]","[""IL""]","[""AUDI"", ""LAND ROVER""]","[""STRAIGHT AHEAD""]","[""A8"", ""RANGE ROVER (EVOQUE / SPORT / VELAR)""]","[""1"", ""2""]","[""N"", ""W""]","[""1"", ""2""]","[""DRIVER""]","[""NONE""]","[""2062173"", ""2062174""]","[""PASSENGER""]","[""PERSONAL""]","[""2014"", ""2023""]","[""Y""]","[""Y""]","[""Y""]","[""PRIVATE TOW""]","[""Y""]",[],[],[],[],[],"[""1""]",[],[],"[""Y""]",[],[],"['33', '35', '41']","[""DEPLOYED, FRONT"", ""DID NOT DEPLOY""]","[""TEST NOT OFFERED""]","[""CHICAGO""]","[""2025-10-04T00:48:00.000""]","[""DISREGARDED CONTROL DEVICES"", ""NONE""]","[""UNKNOWN""]","[""D""]","[""IL""]","[""NONE""]","[""NORTHWESTERN HOSPITAL""]","[""O2163279"", ""O2163280"", ""P477395""]","[""DRIVER"", ""PASSENGER""]","[""NORMAL""]","[""SAFETY BELT USED""]","[""F"", ""M""]","[""IL""]","[""2062173"", ""2062174""]","[""60619"", ""60636"", ""60654""]","[""CFD 74"", ""CFD AMB 74""]","[""2""]",[],[],[],[],2025,10,0,4,True,afternoon,41.89,-87.64,41.89_-87.64,36.333333333333336,33,41,OTHER,1
STRAIGHT AND LEVEL,2531,2025-10-04 00:31:00,7,0,10,B86853A668CCBFF9B6EA5EE9585B2672EE80FC3D72C16D12BA390D553974330D9D5D60D6205BE8F42A01E0AF29521B6622FCCBB5247C36418F075E259D0EB263,NO INJURY / DRIVE AWAY,$500 OR LESS,NO CONTROLS,SIDESWIPE SAME DIRECTION,41.9092684429,"DARKNESS, LIGHTED ROAD",-87.7657728685,2,30,UNABLE TO DETERMINE,NO DEFECTS,DRY,UNABLE TO DETERMINE,W,5601,NO CONTROLS,NOT DIVIDED,CLEAR,0.0,1.0,0.0,0.0,0.0,1.0,1,1,[],[],[],"[""2025-10-04T00:31:00.000""]","[""2163258"", ""2163259""]","[""SIDE-LEFT-FRONT"", ""UNKNOWN""]","[""IL""]","[""NOVA BUS"", ""UNKNOWN""]","[""UNKNOWN/NA""]","[""OTHER (EXPLAIN IN NARRATIVE)""]","[""1""]","[""E""]","[""1"", ""2""]","[""DRIVER""]","[""UNKNOWN""]","[""2062145"", ""2062154""]","[""BUS OVER 15 PASS."", ""UNKNOWN/NA""]","[""CTA"", ""PERSONAL""]","[""2024""]",[],[],[],[],[],[],"[""Y""]",[],"[""Y""]","[""Y""]",[],[],[],[],[],[],['34'],"[""DEPLOYMENT UNKNOWN"", ""NOT APPLICABLE""]","[""TEST NOT OFFERED""]",[],"[""2025-10-04T00:31:00.000""]","[""NONE"", ""UNKNOWN""]","[""UNKNOWN""]","[""B""]","[""IL""]","[""NONE""]",[],"[""O2163258"", ""O2163259""]","[""DRIVER""]","[""NORMAL"", ""UNKNOWN""]","[""USAGE UNKNOWN""]","[""M"", ""X""]",[],"[""2062145"", ""2062154""]",[],[],[],[],[],[],[],2025,10,0,4,True,afternoon,41.91,-87.77,41.91_-87.77,34.0,34,34,OTHER,0
STRAIGHT AND LEVEL,113,2025-10-04 00:20:00,7,0,10,6715B220DBAEEFC67923CD11E861E95365CA7E0DDCBF61CCB2752ED7A7D6F2EFE756FC9D22FF3E9203EDA0A27EDFD3828E7615C9B1A8FAD4CECE2AE9A4196908,NO INJURY / DRIVE AWAY,"OVER $1,500",FUNCTIONING PROPERLY,REAR TO FRONT,41.8782173453,"DARKNESS, LIGHTED ROAD",-87.6244558403,2,30,UNABLE TO DETERMINE,NO DEFECTS,DRY,UNABLE TO DETERMINE,S,300,TRAFFIC SIGNAL,DIVIDED - W/MEDIAN BARRIER,CLEAR,0.0,0.0,1.0,0.0,0.0,1.0,1,2,"[""Y""]",[],"[""Y""]","[""2025-10-04T00:20:00.000""]","[""2163696"", ""2163697""]","[""FRONT"", ""NONE""]","[""IL""]","[""NISSAN"", ""TOYOTA""]","[""BACKING"", ""SLOW/STOP IN TRAFFIC""]","[""COROLLA"", ""SENTRA""]","[""1"", ""3""]","[""N"", ""S""]","[""1"", ""2""]","[""DRIVER""]","[""NONE"", ""UNKNOWN""]","[""2062563"", ""2062571""]","[""PASSENGER""]","[""RIDESHARE SERVICE"", ""UNKNOWN/NA""]","[""2009"", ""2020""]",[],[],"[""Y""]",[],[],[],"[""Y""]",[],[],[],"[""2""]",[],[],[],[],[],"['18', '29']","[""NOT APPLICABLE""]","[""TEST NOT OFFERED""]","[""BRIDGEVIEW"", ""MADISON""]","[""2025-10-04T00:20:00.000""]","[""IMPROPER BACKING"", ""NONE""]","[""NOT OBSCURED"", ""UNKNOWN""]","[""A""]","[""IL"", ""WI""]","[""NONE""]",[],"[""O2163696"", ""O2163697"", ""P477488"", ""P477490""]","[""DRIVER"", ""PASSENGER""]","[""NORMAL"", ""UNKNOWN""]","[""SAFETY BELT USED"", ""USAGE UNKNOWN""]","[""F"", ""M""]","[""IL"", ""WI""]","[""2062563"", ""2062571""]","[""53704"", ""60455""]",[],"[""4"", ""6""]",[],[],[],[],2025,10,0,4,True,afternoon,41.88,-87.62,41.88_-87.62,23.5,18,29,OTHER,0
STRAIGHT AND LEVEL,434,2025-10-04 00:04:00,7,0,10,B497783BFA613F88A628B3DAB5FE6B768C93F1FE9919467346E0C1DD34D1294B4E29B34CD576C81A8FD38BCCC3F118DFA8F2FD8C4D4A8FB898BAB4751FC4C5D9,INJURY AND / OR TOW DUE TO CRASH,"OVER $1,500",NO CONTROLS,HEAD ON,41.6931290191,DARKNESS,-87.576691946,3,35,DRIVING ON WRONG SIDE/WRONG WAY,NO DEFECTS,DRY,"OPERATING VEHICLE IN ERRATIC, RECKLESS, CARELESS, NEGLIGENT OR AGGRESSIVE MANNER",S,11118,NO CONTROLS,NOT DIVIDED,CLEAR,0.0,0.0,0.0,1.0,0.0,1.0,1,5,"[""Y""]",[],"[""Y""]","[""2025-10-04T00:04:00.000""]","[""2163317"", ""2163318"", ""2163319""]","[""FRONT-LEFT-CORNER""]","[""IL"", ""IN""]","[""DODGE"", ""HONDA"", ""VOLKSWAGEN""]","[""ENTERING TRAFFIC LANE FROM PARKING"", ""PASSING/OVERTAKING""]","[""CHARGER"", ""CIVIC"", ""TIGUAN""]","[""1"", ""2""]","[""NW"", ""SE""]","[""1"", ""2"", ""3""]","[""DRIVER""]","[""UNKNOWN""]","[""2062205"", ""2062207"", ""2062210""]","[""PASSENGER""]","[""PERSONAL""]","[""2009"", ""2016"", ""2024""]",[],[],"[""Y""]","[""CITY TOW"", ""REPO TOWING""]","[""Y""]","[""Y""]",[],"[""Y""]","[""Y""]",[],"[""1""]","[""Y""]",[],[],[],"[""DOTY POUND #2"", ""RESIDENCE""]","['19', '20', '23', '24', '45']","[""DEPLOYED, COMBINATION"", ""DID NOT DEPLOY"", ""NOT APPLICABLE""]","[""TEST NOT OFFERED"", ""TEST TAKEN""]","[""CHICAGO"", ""EAST CHICAGO"", ""GARY"", ""LANSING""]","[""2025-10-04T00:04:00.000""]","[""OTHER"", ""UNKNOWN"", ""WRONG WAY/SIDE""]","[""NOT OBSCURED"", ""UNKNOWN""]","[""D""]","[""IL"", ""IN""]","[""NONE""]","[""REFUSED EMS"", ""TRINITY HOSPITAL"", ""TRINITY HOSPITAL EMERGENCY"", ""UNIVERSITY OF CHICAGO""]","[""O2163317"", ""O2163318"", ""O2163319"", ""P477402"", ""P477403""]","[""DRIVER"", ""PASSENGER""]","[""IMPAIRED - ALCOHOL"", ""UNKNOWN""]","[""USAGE UNKNOWN""]","[""F"", ""M""]","[""IL"", ""IN""]","[""2062205"", ""2062207"", ""2062210""]","[""46312"", ""46406"", ""60438"", ""60617"", ""60628""]","[""AMB#70"", ""NONE"", ""REFUSED"", ""REFUSED EMS"", ""TRANSPORTED BY WITNESS""]","[""3""]",[],[],[],[],2025,10,0,4,True,afternoon,41.69,-87.58,41.69_-87.58,26.2,19,45,OTHER,1
STRAIGHT AND LEVEL,1922,2025-10-04 00:01:00,7,0,10,ADAF0C850F760009D725584B96B19F2A58D0D05265F5139C515D4EEB015DE17240DBA4BD8A83F81521B836413F878D7CC1C2EFA03392D489C0D6BA4806026C3A,NO INJURY / DRIVE AWAY,"$501 - $1,500",NO CONTROLS,PARKED MOTOR VEHICLE,41.9450068295,UNKNOWN,-87.6722126253,2,15,UNABLE TO DETERMINE,UNKNOWN,UNKNOWN,UNABLE TO DETERMINE,W,1721,NO CONTROLS,NOT DIVIDED,CLEAR,0.0,1.0,0.0,1.0,0.0,1.0,2,0,[],[],[],"[""2025-10-04T00:01:00.000""]","[""2163337"", ""2163338""]","[""SIDE-LEFT"", ""UNKNOWN""]","[""IL"", ""XX""]","[""TOYOTA"", ""UNKNOWN""]","[""PARKED"", ""UNKNOWN/NA""]","[""OTHER (EXPLAIN IN NARRATIVE)"", ""RAV4""]","[""0"", ""1""]","[""E"", ""UNKNOWN""]","[""1"", ""2""]","[""DRIVER"", ""PARKED""]","[""UNKNOWN""]","[""2062230"", ""2062232""]","[""SPORT UTILITY VEHICLE (SUV)"", ""UNKNOWN/NA""]","[""NOT IN USE"", ""UNKNOWN/NA""]","[""2023""]",[],[],[],[],[],[],"[""Y""]","[""Y""]",[],[],[],[],[],[],[],[],[],"[""DEPLOYMENT UNKNOWN""]","[""TEST NOT OFFERED""]",[],"[""2025-10-04T00:01:00.000""]","[""UNKNOWN""]","[""UNKNOWN""]",[],"[""XX""]","[""UNKNOWN""]",[],"[""O2163337""]","[""DRIVER""]","[""UNKNOWN""]","[""USAGE UNKNOWN""]","[""X""]",[],"[""2062230""]",[],[],[],[],[],[],[],2025,10,0,4,True,afternoon,41.95,-87.67,41.95_-87.67,0.0,0,0,OTHER,0
STRAIGHT AND LEVEL,1812,2025-10-03 23:30:00,6,23,10,FEF2B83029DF47CBD5560B10BAB16FC606A41A8F1D55C7A4EA3A135FD4E69063A440BF78BB2E98B4334094280A0D9C682AE7D49FA17DA70EC860AC0A4331941F,NO INJURY / DRIVE AWAY,"OVER $1,500",NO CONTROLS,TURNING,41.921499657,DARKNESS,-87.6430316647,2,30,UNABLE TO DETERMINE,UNKNOWN,DRY,UNABLE TO DETERMINE,N,2159,NO CONTROLS,NOT DIVIDED,CLEAR,0.0,0.0,0.0,0.0,0.0,1.0,1,2,"[""Y""]","[""Y""]","[""Y""]","[""2025-10-03T23:30:00.000""]","[""2164622"", ""2164623""]","[""FRONT-LEFT-CORNER"", ""SIDE-RIGHT""]","[""IL""]","[""HYUNDAI""]","[""STRAIGHT AHEAD"", ""U-TURN""]","[""ELANTRA"", ""SONATA""]","[""1""]","[""S""]","[""1"", ""2""]","[""DRIVER""]","[""UNKNOWN""]","[""2063433"", ""2063441""]","[""PASSENGER""]","[""PERSONAL""]","[""2018"", ""2023""]",[],[],"[""Y""]",[],[],[],[],[],"[""Y""]",[],[],[],[],[],[],[],"['23', '26']","[""NOT APPLICABLE""]","[""TEST NOT OFFERED""]","[""JOLIET"", ""PARK FOREST""]","[""2025-10-03T23:30:00.000""]","[""UNKNOWN""]","[""UNKNOWN""]","[""D""]","[""IL""]","[""NONE""]",[],"[""O2164622"", ""O2164623""]","[""DRIVER""]","[""NORMAL""]","[""SAFETY BELT USED""]","[""F""]","[""IL""]","[""2063433"", ""2063441""]","[""60431"", ""60466""]",[],[],[],[],[],[],2025,10,23,3,False,evening,41.92,-87.64,41.92_-87.64,24.5,23,26,OTHER,0
STRAIGHT AND LEVEL,1731,2025-10-03 23:20:00,6,23,10,A0C04682CDFFAFB40D6DF46C40A0F0F77DC048BA744B285CD11D6A2BC4FFC22F72C229B74AFB82D354E01094FCAA1509544270315DD1C510885A9CDBB5F5D94D,NO INJURY / DRIVE AWAY,"OVER $1,500",NO CONTROLS,PARKED MOTOR VEHICLE,41.942653243,"DARKNESS, LIGHTED ROAD",-87.7274381378,2,30,UNABLE TO DETERMINE,NO DEFECTS,DRY,UNABLE TO DETERMINE,N,3364,NO CONTROLS,DIVIDED - W/MEDIAN (NOT RAISED),CLEAR,0.0,1.0,0.0,0.0,0.0,1.0,2,0,"[""Y""]","[""Y""]",[],"[""2025-10-03T23:20:00.000""]","[""2163386"", ""2163387""]","[""SIDE-LEFT"", ""SIDE-RIGHT""]","[""IL""]","[""JEEP"", ""UNKNOWN""]","[""PARKED"", ""STRAIGHT AHEAD""]","[""COMPASS"", ""OTHER (EXPLAIN IN NARRATIVE)""]","[""0"", ""1""]","[""S""]","[""1"", ""2""]","[""DRIVER"", ""PARKED""]","[""NONE"", ""UNKNOWN""]","[""2062268"", ""2062274""]","[""PASSENGER"", ""UNKNOWN/NA""]","[""PERSONAL""]","[""2022""]","[""Y""]","[""Y""]","[""Y""]",[],[],[],[],"[""Y""]","[""Y""]",[],[],"[""Y""]",[],[],[],[],[],"[""DEPLOYMENT UNKNOWN""]","[""TEST NOT OFFERED""]",[],"[""2025-10-03T23:20:00.000""]","[""UNKNOWN""]","[""UNKNOWN""]",[],[],"[""NONE""]",[],"[""O2163386""]","[""DRIVER""]","[""UNKNOWN""]","[""USAGE UNKNOWN""]","[""X""]",[],"[""2062268""]",[],[],[],[],[],[],[],2025,10,23,3,False,evening,41.94,-87.73,41.94_-87.73,0.0,0,0,OTHER,0
STRAIGHT AND LEVEL,915,2025-10-03 23:15:00,6,23,10,3C7E57AB730B6F5D9977B355C9F62601751490342C35F3023618C3585B1FB4A62241E88D46348DDC3C6E4EAE3EC829F11D38D2499023BE89E4F2C06A1FABAFAB,NO INJURY / DRIVE AWAY,"OVER $1,500",NO CONTROLS,PARKED MOTOR VEHICLE,41.830450321,DARKNESS,-87.6447344844,2,35,IMPROPER LANE USAGE,NO DEFECTS,DRY,NOT APPLICABLE,S,3509,NO CONTROLS,OTHER,CLEAR,0.0,1.0,0.0,0.0,0.0,1.0,2,0,[],[],[],"[""2025-10-03T23:15:00.000""]","[""2164673"", ""2164674""]","[""FRONT"", ""FRONT-LEFT-CORNER""]","[""CA""]","[""CHEVROLET"", ""FORD""]","[""PARKED"", ""TURNING RIGHT""]","[""EDGE"", ""OTHER (EXPLAIN IN NARRATIVE)""]","[""0"", ""1""]","[""S"", ""W""]","[""1"", ""2""]","[""DRIVER"", ""PARKED""]","[""NONE"", ""UNKNOWN""]","[""2063483"", ""2063488""]","[""PASSENGER"", ""SPORT UTILITY VEHICLE (SUV)""]","[""UNKNOWN/NA""]","[""2024""]",[],[],"[""Y""]",[],[],[],"[""Y""]",[],"[""Y""]",[],[],[],[],[],[],[],[],"[""DEPLOYMENT UNKNOWN""]","[""TEST NOT OFFERED""]",[],"[""2025-10-03T23:15:00.000""]","[""UNKNOWN""]","[""UNKNOWN""]",[],[],"[""NONE""]",[],"[""O2164673""]","[""DRIVER""]","[""UNKNOWN""]","[""USAGE UNKNOWN""]","[""X""]",[],"[""2063483""]",[],[],[],[],[],[],[],2025,10,23,3,False,evening,41.83,-87.64,41.83_-87.64,0.0,0,0,OTHER,0
STRAIGHT AND LEVEL,1833,2025-10-03 23:10:00,6,23,10,625F379CEE510F842211D5BFA81FF2CD9BA994333A2AC553CDC1AF2B19F83F783E4A000C05186E0313B6D27AAB92C9F607988B116A2A9243D4EB01FE77204D5C,INJURY AND / OR TOW DUE TO CRASH,"OVER $1,500",FUNCTIONING PROPERLY,TURNING,41.8968599115,"DARKNESS, LIGHTED ROAD",-87.617065534,2,40,DISREGARDING TRAFFIC SIGNALS,NO DEFECTS,DRY,FAILING TO YIELD RIGHT-OF-WAY,N,802,TRAFFIC SIGNAL,DIVIDED - W/MEDIAN BARRIER,CLEAR,0.0,0.0,1.0,0.0,0.0,1.0,1,2,"[""Y""]",[],"[""Y""]","[""2025-10-03T23:10:00.000""]","[""2163245"", ""2163246""]","[""FRONT-LEFT-CORNER"", ""FRONT-RIGHT-CORNER""]","[""IL""]","[""LINCOLN"", ""MAZDA""]","[""STRAIGHT AHEAD"", ""TURNING LEFT""]","[""CORSAIR"", ""CX-9""]","[""1"", ""3""]","[""N"", ""S""]","[""1"", ""2""]","[""DRIVER""]","[""UNKNOWN""]","[""2062134"", ""2062137""]","[""SPORT UTILITY VEHICLE (SUV)""]","[""PERSONAL""]","[""2015"", ""2023""]",[],[],"[""Y""]","[""STREETS AND SANITATION""]","[""Y""]",[],[],[],[],[],"[""2""]",[],[],[],[],"[""CENTRAL POUND""]","['31', '56']","[""DEPLOYED, COMBINATION"", ""DEPLOYED, FRONT""]","[""TEST NOT OFFERED""]","[""ELGIN"", ""GLENVIEW""]","[""2025-10-03T23:10:00.000""]","[""DISREGARDED CONTROL DEVICES"", ""NONE""]","[""NOT OBSCURED""]","[""D""]","[""IL""]","[""NONE""]","[""NORTHWESTERN MEMORIAL HOSPITAL""]","[""O2163245"", ""O2163246"", ""P477386"", ""P477387""]","[""DRIVER"", ""PASSENGER""]","[""NORMAL"", ""REMOVED BY EMS""]","[""SAFETY BELT USED""]","[""F"", ""M""]","[""IL""]","[""2062134"", ""2062137""]","[""60025"", ""60120""]","[""CFD""]","[""3"", ""6""]",[],[],[],[],2025,10,23,3,False,evening,41.9,-87.62,41.9_-87.62,43.5,31,56,OTHER,1
STRAIGHT AND LEVEL,1223,2025-10-03 23:06:00,6,23,10,ACCB54AA94580FA189AD84CF415A59B98D3E37F19F1571FD67C8872A4356600BF29E4B138E4D7E9A8D6FB4526E4E475B3AC02ED4EF34CFBE072BC23A6C9C67F7,INJURY AND / OR TOW DUE TO CRASH,"OVER $1,500",FUNCTIONING PROPERLY,ANGLE,41.881422591,"DARKNESS, LIGHTED ROAD",-87.6767064773,2,30,DISREGARDING TRAFFIC SIGNALS,NO DEFECTS,DRY,"OPERATING VEHICLE IN ERRATIC, RECKLESS, CARELESS, NEGLIGENT OR AGGRESSIVE MANNER",W,2000,TRAFFIC SIGNAL,FOUR WAY,CLEAR,0.0,0.0,1.0,1.0,0.0,1.0,1,4,"[""Y""]",[],"[""Y""]","[""2025-10-03T23:06:00.000""]","[""2163241"", ""2163242""]","[""FRONT"", ""SIDE-LEFT""]","[""IL""]","[""HONDA"", ""TOYOTA""]","[""STRAIGHT AHEAD""]","[""ACCORD"", ""PRIUS""]","[""2""]","[""E"", ""N""]","[""1"", ""2""]","[""DRIVER""]","[""NONE""]","[""2062128"", ""2062146""]","[""PASSENGER""]","[""OTHER"", ""PERSONAL""]","[""2008"", ""2010""]",[],[],"[""Y""]","[""CITY OF CHICAGO"", ""PRIVATE TOW""]","[""Y""]","[""Y""]",[],"[""Y""]","[""Y""]",[],"[""1""]","[""Y""]",[],"[""Y""]",[],"[""POUND 6""]","['13', '16', '62', '66']","[""DEPLOYED, COMBINATION"", ""DEPLOYED, FRONT""]","[""TEST NOT OFFERED""]","[""CHICAGO""]","[""2025-10-03T23:06:00.000""]","[""DISREGARDED CONTROL DEVICES"", ""NONE""]","[""NOT OBSCURED""]",[],"[""IL""]","[""NONE""]","[""STROGER""]","[""O2163241"", ""O2163242"", ""P477384"", ""P477390""]","[""DRIVER"", ""PASSENGER""]","[""NORMAL"", ""UNKNOWN""]","[""SAFETY BELT USED"", ""USAGE UNKNOWN""]","[""F"", ""M""]","[""IL""]","[""2062128"", ""2062146""]","[""60607"", ""60610"", ""60617"", ""60651""]","[""CFD""]","[""3""]",[],[],[],"[""33""]",2025,10,23,3,False,evening,41.88,-87.68,41.88_-87.68,39.25,13,66,OTHER,0
STRAIGHT AND LEVEL,1122,2025-10-03 23:05:00,6,23,10,D9F2EB7EDDE647F1774E00B1C94876EF0024A32E7A70AF87CFB0C7B6EE9D5AA07DE05D0335B24C85C41D6411991F1890DBB0D0BBA23D7B679B0141E3432C5CA3,NO INJURY / DRIVE AWAY,"OVER $1,500",NO CONTROLS,SIDESWIPE SAME DIRECTION,41.8817651782,DARKNESS,-87.7228731926,2,30,UNABLE TO DETERMINE,NO DEFECTS,DRY,NOT APPLICABLE,W,3855,NO CONTROLS,FOUR WAY,CLEAR,0.0,1.0,1.0,0.0,0.0,1.0,1,1,[],[],[],"[""2025-10-03T23:05:00.000""]","[""2163243"", ""2163244""]","[""REAR"", ""UNKNOWN""]","[""IL""]","[""CADILLAC"", ""TOYOTA""]","[""OTHER"", ""STRAIGHT AHEAD""]","[""CAMRY"", ""OTHER (EXPLAIN IN NARRATIVE)""]","[""1"", ""2""]","[""UNKNOWN""]","[""1"", ""2""]","[""DRIVER""]","[""NONE""]","[""2062139"", ""2062142""]","[""PASSENGER"", ""UNKNOWN/NA""]","[""PERSONAL""]","[""2008""]",[],[],[],[],[],"[""Y""]","[""Y""]",[],[],[],"[""1""]",[],[],"[""Y""]","[""Y""]",[],['20'],"[""DEPLOYMENT UNKNOWN"", ""DID NOT DEPLOY""]","[""TEST NOT OFFERED""]","[""CHICAGO""]","[""2025-10-03T23:05:00.000""]","[""IMPROPER LANE CHANGE"", ""NONE""]","[""NOT OBSCURED"", ""UNKNOWN""]","[""D""]","[""IL""]","[""NONE""]",[],"[""O2163243"", ""O2163244"", ""P477389""]","[""DRIVER"", ""PASSENGER""]","[""NORMAL"", ""UNKNOWN""]","[""SAFETY BELT USED"", ""USAGE UNKNOWN""]","[""F"", ""M""]","[""IL""]","[""2062139"", ""2062142""]","[""60639""]",[],"[""3""]",[],[],[],[],2025,10,23,3,False,evening,41.88,-87.72,41.88_-87.72,20.0,20,20,OTHER,0
STRAIGHT AND LEVEL,1221,2025-10-03 22:50:00,6,22,10,3B3D3861A6788621D95C3B543C90A83F013121A1000396CA7D9CBE5F1E4EB732FCF3B0AAC19ECE23BF9AC02F60D358F832035A5531FDBAB23B04428F8BF8B203,NO INJURY / DRIVE AWAY,"OVER $1,500",NO CONTROLS,SIDESWIPE SAME DIRECTION,41.8915051516,"DARKNESS, LIGHTED ROAD",-87.7021344486,2,30,IMPROPER LANE USAGE,UNKNOWN,DRY,UNABLE TO DETERMINE,N,532,OTHER,NOT DIVIDED,CLEAR,0.0,0.0,0.0,0.0,0.0,1.0,1,2,"[""Y""]","[""Y""]",[],"[""2025-10-03T22:50:00.000""]","[""2163230"", ""2163231""]","[""OTHER"", ""SIDE-RIGHT""]","[""IL""]","[""MERCEDES-BENZ"", ""NISSAN""]","[""STRAIGHT AHEAD"", ""UNKNOWN/NA""]","[""ALTIMA"", ""S-CLASS""]","[""1""]","[""S""]","[""1"", ""2""]","[""DRIVER""]","[""UNKNOWN""]","[""2062127"", ""2062130""]","[""PASSENGER""]","[""PERSONAL""]","[""2008"", ""2021""]","[""Y""]",[],[],[],[],[],"[""Y""]",[],[],[],[],[],[],[],[],[],"['20', '60']","[""DID NOT DEPLOY""]","[""TEST NOT OFFERED""]","[""CHIAGO""]","[""2025-10-03T22:50:00.000""]","[""IMPROPER LANE CHANGE"", ""UNKNOWN""]","[""NOT OBSCURED"", ""UNKNOWN""]","[""D""]",[],"[""NONE""]",[],"[""O2163230"", ""O2163231""]","[""DRIVER""]","[""NORMAL""]","[""SAFETY BELT USED""]","[""F"", ""M""]","[""IL""]","[""2062127"", ""2062130""]","[""60644"", ""60651""]",[],[],[],[],[],[],2025,10,22,3,False,evening,41.89,-87.7,41.89_-87.7,40.0,20,60,OTHER,0