alignment,beat_of_occurrence,crash_date,crash_day_of_week,crash_hour,crash_month,crash_record_id,crash_type,damage,device_condition,first_crash_type,latitude,lighting_condition,longitude,num_units,posted_speed_limit,prim_contributory_cause,road_defect,roadway_surface_cond,sec_contributory_cause,street_direction,street_no,traffic_control_device,trafficway_type,weather_condition,private_property_i,hit_and_run_i,intersection_related_i,crash_date_est_i,work_zone_i,workers_present_i,veh_count,ppl_count,veh_area_01_i_list_json,veh_area_02_i_list_json,veh_area_12_i_list_json,veh_crash_date_list_json,veh_crash_unit_id_list_json,veh_first_contact_point_list_json,veh_lic_plate_state_list_json,veh_make_list_json,veh_maneuver_list_json,veh_model_list_json,veh_occupant_cnt_list_json,veh_travel_direction_list_json,veh_unit_no_list_json,veh_unit_type_list_json,veh_vehicle_defect_list_json,veh_vehicle_id_list_json,veh_vehicle_type_list_json,veh_vehicle_use_list_json,veh_vehicle_year_list_json,veh_area_03_i_list_json,veh_area_04_i_list_json,veh_area_11_i_list_json,veh_towed_by_list_json,veh_towed_i_list_json,veh_area_07_i_list_json,veh_area_99_i_list_json,veh_area_09_i_list_json,veh_area_10_i_list_json,veh_cmrc_veh_i_list_json,veh_num_passengers_list_json,veh_area_08_i_list_json,veh_area_00_i_list_json,veh_area_05_i_list_json,veh_area_06_i_list_json,veh_towed_to_list_json,ppl_age_list_json,ppl_airbag_deployed_list_json,ppl_bac_result_list_json,ppl_city_list_json,ppl_crash_date_list_json,ppl_driver_action_list_json,ppl_driver_vision_list_json,ppl_drivers_license_class_list_json,ppl_drivers_license_state_list_json,ppl_ejection_list_json,ppl_hospital_list_json,ppl_person_id_list_json,ppl_person_type_list_json,ppl_physical_condition_list_json,ppl_safety_equipment_list_json,ppl_sex_list_json,ppl_state_list_json,ppl_vehicle_id_list_json,ppl_zipcode_list_json,ppl_ems_agency_list_json,ppl_seat_no_list_json,ppl_pedpedal_action_list_json,ppl_pedpedal_location_list_json,ppl_pedpedal_visibility_list_json,ppl_ems_run_no_list_json,year,month,hour,day,is_weekend,hour_bin,lat_bin,lng_bin,grid_id,ppl_age_mean,ppl_age_min,ppl_age_max,prim_contributory_cause_group,ksi_flag
STRAIGHT AND LEVEL,434,2025-10-03 22:45:00,6,22,10,18DEB87888DE3928FBC9654D90DA4B2AA4EFD223FFE146BDB0B679FE1410885CD9050CA92EC45FB55FFF4B4528A3CB2824DB5FC667A5F1FA04BA5D4E377A74F2,NO INJURY / DRIVE AWAY,"OVER $1,500",NO CONTROLS,PARKED MOTOR VEHICLE,41.7054649869,"DARKNESS, LIGHTED ROAD",-87.5619084096,2,35,DRIVING SKILLS/KNOWLEDGE/EXPERIENCE,NO DEFECTS,DRY,UNABLE TO DETERMINE,S,10431,NO CONTROLS,NOT DIVIDED,CLEAR,0.0,1.0,0.0,0.0,0.0,1.0,2,0,[],[],[],"[""2025-10-03T22:45:00.000""]","[""2163349"", ""2163350""]","[""SIDE-LEFT"", ""UNKNOWN""]","[""IL"", ""MI""]","[""TOYOTA"", ""UNKNOWN""]","[""PARKED"", ""UNKNOWN/NA""]","[""OTHER (EXPLAIN IN NARRATIVE)"", ""RAV4""]","[""0"", ""1""]","[""UNKNOWN""]","[""1"", ""2""]","[""DRIVER"", ""PARKED""]","[""NONE"", ""UNKNOWN""]","[""2062236"", ""2062238""]","[""PASSENGER"", ""UNKNOWN/NA""]","[""PERSONAL"", ""UNKNOWN/NA""]","[""2025""]",[],[],[],[],[],[],"[""Y""]",[],"[""Y""]",[],[],[],[],[],[],[],[],"[""DEPLOYMENT UNKNOWN""]","[""TEST NOT OFFERED""]",[],"[""2025-10-03T22:45:00.000""]","[""UNKNOWN""]","[""UNKNOWN""]",[],[],"[""NONE""]",[],"[""O2163349""]","[""DRIVER""]","[""UNKNOWN""]","[""USAGE UNKNOWN""]","[""X""]",[],"[""2062236""]",[],[],[],[],[],[],[],2025,10,22,3,False,evening,41.71,-87.56,41.71_-87.56,0.0,0,0,OTHER,0
STRAIGHT AND LEVEL,431,2025-10-03 22:40:00,6,22,10,5783A4F0A20037FE5AC6FA4B9D19EDCE94700BBC0F3B2E0B75389A3825A7B155B05223F8DE2DF5B2281D20AD034E94B2CB277B8ED75902FE9E149A6AED977E02,INJURY AND / OR TOW DUE TO CRASH,"OVER $1,500",NO CONTROLS,TURNING,41.7134169315,DARKNESS,-87.5482190646,2,30,UNABLE TO DETERMINE,NO DEFECTS,DRY,NOT APPLICABLE,E,3073,NO CONTROLS,NOT DIVIDED,CLEAR,0.0,0.0,0.0,0.0,0.0,1.0,1,2,"[""Y""]",[],"[""Y""]","[""2025-10-03T22:40:00.000""]","[""2163252"", ""2163253""]","[""FRONT"", ""SIDE-LEFT""]","[""IN""]","[""DODGE"", ""HONDA""]","[""STRAIGHT AHEAD"", ""TURNING LEFT""]","[""ACCORD"", ""CARAVAN""]","[""1""]","[""E""]","[""1"", ""2""]","[""DRIVER""]","[""NONE""]","[""2062140"", ""2062150""]","[""PASSENGER""]","[""PERSONAL""]","[""2020"", ""2021""]",[],[],"[""Y""]",[],"[""Y""]","[""Y""]",[],"[""Y""]","[""Y""]",[],[],"[""Y""]",[],[],[],[],"['25', '54']","[""DEPLOYED, FRONT"", ""DEPLOYMENT UNKNOWN""]","[""TEST NOT OFFERED""]","[""HAMMOND"", ""WHITING""]","[""2025-10-03T22:40:00.000""]","[""UNKNOWN""]","[""UNKNOWN""]","[""A""]","[""IN""]","[""NONE""]",[],"[""O2163252"", ""O2163253""]","[""DRIVER""]","[""UNKNOWN""]","[""USAGE UNKNOWN""]","[""M""]","[""IN""]","[""2062140"", ""2062150""]","[""46327"", ""46394""]",[],[],[],[],[],[],2025,10,22,3,False,evening,41.71,-87.55,41.71_-87.55,39.5,25,54,OTHER,0
STRAIGHT AND LEVEL,1123,2025-10-03 22:36:00,6,22,10,F21A538635051B6F54EFF0526144A5E02B6FCAF2D3764826581CF92A942FFC7FD6DDBC343D6078BD971ACC0DAA7EDE8869E7BC2F778DC5B52AA7BE352FA329CA,NO INJURY / DRIVE AWAY,"OVER $1,500",NO CONTROLS,PARKED MOTOR VEHICLE,41.8828927877,"DARKNESS, LIGHTED ROAD",-87.7071557493,3,30,UNABLE TO DETERMINE,NO DEFECTS,DRY,UNABLE TO DETERMINE,W,3224,NO CONTROLS,ONE-WAY,CLEAR,0.0,1.0,0.0,0.0,0.0,1.0,2,0,"[""N""]",[],"[""N""]","[""2025-10-03T22:36:00.000""]","[""2163232"", ""2163233"", ""2163234""]","[""REAR"", ""REAR-LEFT-CORNER"", ""UNKNOWN""]","[""IL""]","[""CHEVROLET"", ""FORD"", ""NISSAN""]","[""PARKED"", ""UNKNOWN/NA""]","[""ALTIMA"", ""ESCAPE"", ""TRAX""]","[""0"", ""1""]","[""W""]","[""1"", ""2"", ""3""]","[""DRIVER"", ""PARKED""]","[""UNKNOWN""]","[""2062120"", ""2062122"", ""2062123""]","[""PASSENGER"", ""SPORT UTILITY VEHICLE (SUV)"", ""UNKNOWN/NA""]","[""UNKNOWN/NA""]","[""2020""]",[],[],"[""N""]",[],[],"[""Y""]","[""Y""]","[""Y""]",[],[],[],"[""Y""]",[],"[""N"", ""Y""]","[""Y""]",[],[],"[""DEPLOYMENT UNKNOWN""]","[""TEST NOT OFFERED""]",[],"[""2025-10-03T22:36:00.000""]","[""UNKNOWN""]","[""UNKNOWN""]",[],[],"[""UNKNOWN""]",[],"[""O2163232""]","[""DRIVER""]","[""UNKNOWN""]","[""USAGE UNKNOWN""]","[""M""]",[],"[""2062120""]",[],[],[],[],[],[],[],2025,10,22,3,False,evening,41.88,-87.71,41.88_-87.71,0.0,0,0,OTHER,0
STRAIGHT AND LEVEL,1212,2025-10-03 22:35:00,6,22,10,C4BBE34C08A45B0BD89BF114E22B145D9BB4189E7047DC87CC1C3EA9677C05251DF16AD654D453F07F8ECF89E3960914AA1D32F276A25A566501C26B77AC4F72,NO INJURY / DRIVE AWAY,"$501 - $1,500",NO CONTROLS,REAR END,41.8976052115,DUSK,-87.6870365404,3,30,UNABLE TO DETERMINE,UNKNOWN,DRY,NOT APPLICABLE,N,900,NO CONTROLS,NOT DIVIDED,CLEAR,0.0,0.0,1.0,0.0,0.0,1.0,1,3,[],[],[],"[""2025-10-03T22:35:00.000""]","[""2163262"", ""2163263"", ""2163264""]","[""FRONT"", ""REAR""]","[""IL"", ""MN""]","[""HONDA"", ""LINCOLN"", ""NISSAN""]","[""STRAIGHT AHEAD""]","[""ACCORD"", ""MKZ"", ""VERSA""]","[""1""]","[""S""]","[""1"", ""2"", ""3""]","[""DRIVER""]","[""UNKNOWN""]","[""2062151"", ""2062155"", ""2062158""]","[""PASSENGER""]","[""PERSONAL""]","[""2015"", ""2020""]",[],[],[],[],[],[],[],[],[],[],[],[],[],[],[],[],"['23', '35', '46']","[""DID NOT DEPLOY""]","[""TEST NOT OFFERED""]","[""CHICAGO"", ""MINNEAPOLIS""]","[""2025-10-03T22:35:00.000""]","[""FAILED TO YIELD"", ""UNKNOWN""]","[""UNKNOWN""]","[""D""]","[""IL"", ""MN""]","[""NONE""]","[""99""]","[""O2163262"", ""O2163263"", ""O2163264""]","[""DRIVER""]","[""NORMAL""]","[""SAFETY BELT USED""]","[""F"", ""M""]","[""IL"", ""MN""]","[""2062151"", ""2062155"", ""2062158""]","[""55403"", ""60612"", ""60626""]","[""99""]",[],[],[],[],[],2025,10,22,3,False,evening,41.9,-87.69,41.9_-87.69,34.666666666666664,23,46,OTHER,0
STRAIGHT AND LEVEL,1934,2025-10-03 22:10:00,6,22,10,77FA800650E2680C34A546FA6476E5ECC02FBFFF493C7E31A69BB15D3EDF813EB9CFC6C0D21FCF4F7AFFD7AE49CFFABF97D282E63F50A1E9E08044303DB37D1D,INJURY AND / OR TOW DUE TO CRASH,"OVER $1,500",NO CONTROLS,REAR END,41.9388722681,"DARKNESS, LIGHTED ROAD",-87.6370196279,3,55,DRIVING SKILLS/KNOWLEDGE/EXPERIENCE,NO DEFECTS,DRY,DRIVING SKILLS/KNOWLEDGE/EXPERIENCE,N,3138,NO CONTROLS,DIVIDED - W/MEDIAN BARRIER,CLEAR,0.0,0.0,0.0,0.0,0.0,1.0,1,3,"[""Y""]",[],"[""Y""]","[""2025-10-03T22:10:00.000""]","[""2163247"", ""2163248"", ""2163249""]","[""FRONT"", ""REAR""]","[""IL""]","[""HONDA"", ""NISSAN"", ""TOYOTA""]","[""STRAIGHT AHEAD""]","[""OTHER (EXPLAIN IN NARRATIVE)""]","[""1""]","[""S""]","[""1"", ""2"", ""3""]","[""DRIVER""]","[""NONE"", ""UNKNOWN""]","[""2062129"", ""2062131"", ""2062133""]","[""PASSENGER""]","[""PERSONAL"", ""TAXI/FOR HIRE""]","[""2013"", ""2016"", ""2024""]",[],[],"[""Y""]","[""CHICAGO TOWING""]","[""Y""]","[""Y""]",[],[],[],[],[],"[""Y""]",[],"[""Y""]","[""Y""]",[],"['18', '34', '54']","[""DEPLOYED, FRONT"", ""DID NOT DEPLOY"", ""NOT APPLICABLE""]","[""TEST NOT OFFERED"", ""TEST REFUSED""]","[""CHICAGO"", ""SOUTH HOLLAND""]","[""2025-10-03T22:10:00.000""]","[""NONE"", ""OTHER""]","[""NOT OBSCURED"", ""UNKNOWN""]","[""D""]","[""IL""]","[""NONE""]",[],"[""O2163247"", ""O2163248"", ""O2163249""]","[""DRIVER""]","[""NORMAL""]","[""USAGE UNKNOWN""]","[""F"", ""M""]","[""IL""]","[""2062129"", ""2062131"", ""2062133""]","[""60473"", ""60634"", ""60660""]",[],[],[],[],[],[],2025,10,22,3,False,evening,41.94,-87.64,41.94_-87.64,35.333333333333336,18,54,OTHER,0
STRAIGHT AND LEVEL,211,2025-10-03 22:00:00,6,22,10,F5DF7169B4110A81FAED80FCD9EF2A6554FA215D26340872E575EEE8B7487BB15AF38FD2986F6AF971772EB16F164472DA76477EC7AEF5DDBB4175489B3FC0F0,INJURY AND / OR TOW DUE TO CRASH,"OVER $1,500",FUNCTIONING PROPERLY,REAR END,41.8384036194,DUSK,-87.6115063227,2,25,FAILING TO REDUCE SPEED TO AVOID CRASH,NO DEFECTS,DRY,FAILING TO REDUCE SPEED TO AVOID CRASH,E,551,TRAFFIC SIGNAL,TRAFFIC ROUTE,CLEAR,0.0,0.0,0.0,0.0,0.0,1.0,1,2,"[""Y""]",[],"[""Y""]","[""2025-10-03T22:00:00.000""]","[""2165638"", ""2165639""]","[""FRONT"", ""REAR""]","[""IN""]","[""KIA"", ""TOYOTA""]","[""SLOW/STOP IN TRAFFIC"", ""UNKNOWN/NA""]","[""CAMRY"", ""NIRO""]","[""1""]","[""W""]","[""1"", ""2""]","[""DRIVER""]","[""NONE""]","[""2064386"", ""2064397""]","[""PASSENGER"", ""SPORT UTILITY VEHICLE (SUV)""]","[""PERSONAL""]","[""2017""]",[],[],"[""Y""]",[],"[""Y""]","[""Y""]",[],[],[],[],[],[],[],"[""Y""]","[""Y""]","[""UNKNOWN""]","['34', '35']","[""DEPLOYED, COMBINATION"", ""DID NOT DEPLOY""]","[""TEST NOT OFFERED""]","[""EAST CHICAGO"", ""HAMMOND""]","[""2025-10-03T22:00:00.000""]","[""DISREGARDED CONTROL DEVICES"", ""NONE""]","[""NOT OBSCURED""]","[""D""]","[""IL"", ""IN""]","[""NONE""]",[],"[""O2165638"", ""O2165639""]","[""DRIVER""]","[""NORMAL"", ""UNKNOWN""]","[""SAFETY BELT USED""]","[""F""]","[""IN""]","[""2064386"", ""2064397""]","[""46312"", ""46320""]","[""19""]",[],[],[],[],[],2025,10,22,3,False,evening,41.84,-87.61,41.84_-87.61,34.5,34,35,SPEEDING,1
STRAIGHT AND LEVEL,123,2025-10-03 22:00:00,6,22,10,8998704C772CC8B4DE6DD51474C2F12EEB5098AC70DCE83BFA7230760624349DF00CA8243D848786861A93E29D2D5FA8E5C54CAC1CFB5FC469EDC544DE384175,NO INJURY / DRIVE AWAY,"OVER $1,500",NO CONTROLS,SIDESWIPE SAME DIRECTION,41.8722907442,DAYLIGHT,-87.6304653382,2,25,NOT APPLICABLE,NO DEFECTS,DRY,NOT APPLICABLE,S,775,NO CONTROLS,NOT DIVIDED,CLEAR,0.0,0.0,0.0,0.0,0.0,1.0,1,2,"[""Y""]","[""Y""]","[""Y""]","[""2025-10-03T22:00:00.000""]","[""2169282"", ""2169283""]","[""FRONT-RIGHT-CORNER"", ""SIDE-LEFT""]","[""IL""]","[""HONDA"", ""JEEP""]","[""MERGING"", ""SLOW/STOP IN TRAFFIC""]","[""CHEROKEE"", ""CIVIC""]","[""1"", ""2""]","[""S""]","[""1"", ""2""]","[""DRIVER""]","[""NONE""]","[""2067834"", ""2067842""]","[""PASSENGER""]","[""PERSONAL""]","[""2019""]",[],[],"[""Y""]",[],[],"[""Y""]",[],"[""Y""]","[""Y""]",[],"[""1""]","[""Y""]",[],[],[],[],"['31', '38']","[""NOT APPLICABLE""]","[""TEST NOT OFFERED""]","[""DOLTON"", ""HILLSIDE""]","[""2025-10-03T22:00:00.000""]","[""NONE""]","[""NOT OBSCURED""]",[],"[""IL""]","[""NONE""]",[],"[""O2169282"", ""O2169283"", ""P478639""]","[""DRIVER"", ""PASSENGER""]","[""NORMAL""]","[""USAGE UNKNOWN""]","[""F""]","[""IL""]","[""2067834"", ""2067842""]","[""60162"", ""60419""]",[],"[""2""]",[],[],[],[],2025,10,22,3,False,evening,41.87,-87.63,41.87_-87.63,34.5,31,38,OTHER,0
STRAIGHT AND LEVEL,1234,2025-10-03 22:00:00,6,22,10,CCC14A737D12D5243DF994E8EE54742E5B8C4BEFC45D4D0C242DC762497751123ABFEDD1E0214B30242A9CE74D65A33DC74E089FAF966EDCBE1348D43CF3161F,NO INJURY / DRIVE AWAY,"OVER $1,500",FUNCTIONING PROPERLY,TURNING,41.8524363898,"DARKNESS, LIGHTED ROAD",-87.6784452813,2,30,FAILING TO YIELD RIGHT-OF-WAY,UNKNOWN,DRY,UNABLE TO DETERMINE,S,2150,STOP SIGN/FLASHER,DIVIDED - W/MEDIAN (NOT RAISED),CLEAR,0.0,0.0,0.0,0.0,0.0,1.0,1,2,[],[],[],"[""2025-10-03T22:00:00.000""]","[""2163358"", ""2163359""]","[""FRONT"", ""REAR-RIGHT-CORNER""]","[""IL""]","[""CHEVROLET"", ""HONDA""]","[""STRAIGHT AHEAD"", ""TURNING LEFT""]","[""CIVIC"", ""IMPALA""]","[""1""]","[""E"", ""W""]","[""1"", ""2""]","[""DRIVER""]","[""UNKNOWN""]","[""2062250"", ""2062253""]","[""PASSENGER""]","[""PERSONAL""]","[""2017""]",[],"[""Y""]",[],[],[],[],"[""Y""]",[],[],[],[],[],[],"[""Y""]",[],[],"['26', '43']","[""NOT APPLICABLE""]","[""TEST NOT OFFERED""]","[""CHICAGO""]","[""2025-10-03T22:00:00.000""]","[""FAILED TO YIELD"", ""NONE""]","[""NOT OBSCURED"", ""UNKNOWN""]","[""D""]","[""IL""]","[""NONE""]","[""N/A""]","[""O2163358"", ""O2163359""]","[""DRIVER""]","[""NORMAL""]","[""SAFETY BELT USED"", ""USAGE UNKNOWN""]","[""F"", ""M""]","[""IL""]","[""2062250"", ""2062253""]","[""60632"", ""60637""]","[""N/A""]",[],[],[],[],[],2025,10,22,3,False,evening,41.85,-87.68,41.85_-87.68,34.5,26,43,FAILURE-TO-YIELD,0
STRAIGHT AND LEVEL,612,2025-10-03 21:55:00,6,21,10,766507C37756C8FF5F4DA9742A3696B1C158094AABE957CEC676CD085FE7EE897FF35D1C4329511B31C798A291E410BE811C3C8C43B8289682BD5418E778B041,NO INJURY / DRIVE AWAY,"OVER $1,500",NO CONTROLS,PARKED MOTOR VEHICLE,41.752410192,DARKNESS,-87.6549351872,2,30,UNABLE TO DETERMINE,UNKNOWN,DRY,UNABLE TO DETERMINE,W,1228,NO CONTROLS,UNKNOWN,CLEAR,0.0,1.0,0.0,0.0,0.0,1.0,2,0,"[""Y""]","[""Y""]","[""Y""]","[""2025-10-03T21:55:00.000""]","[""2163239"", ""2163240""]","[""FRONT-LEFT-CORNER"", ""SIDE-RIGHT""]","[""IL""]","[""GENERAL MOTORS CORPORATION (GMC)"", ""TOYOTA""]","[""PARKED"", ""STRAIGHT AHEAD""]","[""PRIUS"", ""YUKON""]","[""0"", ""1""]","[""S""]","[""1"", ""2""]","[""DRIVER"", ""PARKED""]","[""UNKNOWN""]","[""2062132"", ""2062135""]","[""PASSENGER""]","[""UNKNOWN/NA""]","[""2013"", ""2014""]","[""Y""]","[""Y""]","[""Y""]",[],[],[],[],"[""Y""]","[""Y""]",[],[],[],[],"[""Y""]",[],[],[],"[""DEPLOYMENT UNKNOWN""]","[""TEST NOT OFFERED""]",[],"[""2025-10-03T21:55:00.000""]","[""UNKNOWN""]","[""UNKNOWN""]",[],[],"[""UNKNOWN""]",[],"[""O2163239""]","[""DRIVER""]","[""UNKNOWN""]","[""USAGE UNKNOWN""]","[""M""]",[],"[""2062132""]",[],[],[],[],[],[],[],2025,10,21,3,False,evening,41.75,-87.65,41.75_-87.65,0.0,0,0,OTHER,0
"CURVE, LEVEL",2012,2025-10-03 21:50:00,6,21,10,22C34B8D6BCF742DF4DE43F1CBA92D3D2A840EA1A589CF0666783E6D66D18D7017DB274D43B1085E33E268A1439A86CF041A450A7007F9DAB40D15A461B94254,NO INJURY / DRIVE AWAY,"OVER $1,500",FUNCTIONING PROPERLY,SIDESWIPE SAME DIRECTION,41.9905233381,"DARKNESS, LIGHTED ROAD",-87.6719126733,2,30,IMPROPER OVERTAKING/PASSING,NO DEFECTS,DRY,FOLLOWING TOO CLOSELY,N,5990,TRAFFIC SIGNAL,DIVIDED - W/MEDIAN (NOT RAISED),CLEAR,0.0,1.0,0.0,0.0,0.0,1.0,1,1,"[""Y""]","[""Y""]",[],"[""2025-10-03T21:50:00.000""]","[""2163212"", ""2163213""]","[""SIDE-LEFT"", ""SIDE-RIGHT""]","[""IL""]","[""HONDA"", ""SUBARU""]","[""MERGING"", ""PASSING/OVERTAKING""]","[""INSIGHT"", ""OTHER (EXPLAIN IN NARRATIVE)""]","[""1""]","[""E""]","[""1"", ""2""]","[""DRIVER""]","[""NONE"", ""UNKNOWN""]","[""2062097"", ""2062100""]","[""PASSENGER""]","[""PERSONAL""]","[""2016"", ""2019""]","[""Y""]","[""Y""]","[""Y""]",[],[],"[""Y""]",[],"[""Y""]","[""Y""]",[],[],"[""Y""]",[],[],[],[],['66'],"[""DEPLOYMENT UNKNOWN"", ""DID NOT DEPLOY""]","[""TEST NOT OFFERED""]","[""CHICAGO""]","[""2025-10-03T21:50:00.000""]","[""IMPROPER PASSING"", ""NONE""]","[""NOT OBSCURED"", ""UNKNOWN""]","[""D""]","[""IL""]","[""NONE""]","[""REFUSED""]","[""O2163212"", ""O2163213""]","[""DRIVER""]","[""NORMAL"", ""UNKNOWN""]","[""SAFETY BELT USED"", ""USAGE UNKNOWN""]","[""M""]","[""IL""]","[""2062097"", ""2062100""]","[""60640""]",[],[],[],[],[],[],2025,10,21,3,False,evening,41.99,-87.67,41.99_-87.67,66.0,66,66,OTHER,0
STRAIGHT AND LEVEL,2031,2025-10-03 21:50:00,6,21,10,5593ED5B5B932B4C83481DD8471E3C5F9CE0C9AC1B7F88FF9B36E7A6AA721A1412F6431CF5725607DE99DFF4F1D94368BAA9AC191D424972469B0B75A9115A9A,INJURY AND / OR TOW DUE TO CRASH,"OVER $1,500",FUNCTIONING PROPERLY,REAR TO FRONT,41.9757430354,"DARKNESS, LIGHTED ROAD",-87.6889974195,2,30,UNABLE TO DETERMINE,NO DEFECTS,DRY,NOT APPLICABLE,N,5157,TRAFFIC SIGNAL,DIVIDED - W/MEDIAN (NOT RAISED),CLEAR,0.0,0.0,1.0,0.0,0.0,1.0,1,3,"[""Y""]",[],"[""Y""]","[""2025-10-03T21:50:00.000""]","[""2163250"", ""2163251""]","[""FRONT"", ""REAR-RIGHT-CORNER""]","[""IL""]","[""BMW"", ""HONDA""]","[""SKIDDING/CONTROL LOSS"", ""STRAIGHT AHEAD""]","[""CR-V"", ""M-5""]","[""1"", ""2""]","[""N"", ""S""]","[""1"", ""2""]","[""DRIVER""]","[""NONE"", ""UNKNOWN""]","[""2062138"", ""2062171""]","[""PASSENGER""]","[""NOT IN USE"", ""PERSONAL""]","[""2006"", ""2019""]",[],"[""Y""]","[""Y""]","[""BUTCH"", ""CITY OF CHICAGO""]","[""Y""]","[""Y""]",[],"[""Y""]","[""Y""]",[],"[""1""]","[""Y""]",[],"[""Y""]","[""Y""]","[""701 S. SACRAMENTO"", ""ELITE ON JARVIS""]","['17', '25', '34']","[""DEPLOYED, COMBINATION"", ""DEPLOYED, FRONT""]","[""TEST NOT OFFERED""]","[""CHICAGO"", ""OAKLAWN""]","[""2025-10-03T21:50:00.000""]","[""OTHER"", ""UNKNOWN""]","[""NOT OBSCURED"", ""UNKNOWN""]","[""D""]","[""IL""]","[""NONE""]","[""ST. FRANCIS HOSPITAL"", ""SWEDISH HOSPITAL""]","[""O2163250"", ""O2163251"", ""P477388""]","[""DRIVER"", ""PASSENGER""]","[""NORMAL"", ""UNKNOWN""]","[""SAFETY BELT USED"", ""USAGE UNKNOWN""]","[""F"", ""M""]","[""IL""]","[""2062138"", ""2062171""]","[""60453"", ""60641""]","[""CFD 13""]","[""6""]",[],[],[],[],2025,10,21,3,False,evening,41.98,-87.69,41.98_-87.69,25.333333333333332,17,34,OTHER,1
STRAIGHT AND LEVEL,122,2025-10-03 21:50:00,6,21,10,AE862276F38A05C365C9982A84602A39636F782D92E8A6A1391D5C3C8FDD4A024F3B1E82EA0331594495F3B0A5F1F7FFD857A926AC39B218455CEBC8046920A8,NO INJURY / DRIVE AWAY,"OVER $1,500",NO CONTROLS,HEAD ON,41.8858220479,DARKNESS,-87.6323037351,2,30,UNABLE TO DETERMINE,NO DEFECTS,DRY,NOT APPLICABLE,N,203,NO CONTROLS,FOUR WAY,CLEAR,0.0,0.0,0.0,0.0,0.0,1.0,1,2,"[""Y""]","[""Y""]","[""Y""]","[""2025-10-03T21:50:00.000""]","[""2163235"", ""2163236""]","[""FRONT"", ""SIDE-RIGHT""]","[""IL""]","[""FORD"", ""NISSAN""]","[""STRAIGHT AHEAD"", ""UNKNOWN/NA""]","[""OTHER (EXPLAIN IN NARRATIVE)"", ""SENTRA""]","[""1""]","[""UNKNOWN""]","[""1"", ""2""]","[""DRIVER""]","[""NONE""]","[""2062124"", ""2062136""]","[""PASSENGER""]","[""PERSONAL""]","[""2018"", ""2019""]","[""Y""]","[""Y""]","[""Y""]",[],[],[],[],[],[],[],[],[],[],[],[],[],"['18', '35']","[""DID NOT DEPLOY""]","[""TEST NOT OFFERED""]","[""BOILINGBROOK""]","[""2025-10-03T21:50:00.000""]","[""NONE"", ""UNKNOWN""]","[""NOT OBSCURED""]","[""D""]","[""IL""]","[""NONE""]",[],"[""O2163235"", ""O2163236""]","[""DRIVER""]","[""NORMAL""]","[""SAFETY BELT USED"", ""USAGE UNKNOWN""]","[""M""]","[""IL""]","[""2062124"", ""2062136""]","[""60440""]",[],[],[],[],[],[],2025,10,21,3,False,evening,41.89,-87.63,41.89_-87.63,26.5,18,35,OTHER,0
STRAIGHT AND LEVEL,2524,2025-10-03 21:45:00,6,21,10,ECB91674B36D7F2BA5D997CBDE5BDC56A0C0A98E22E417D1B6D88A3A34B36230A912016A8CA334A1241D80D0C4332EB9AC5E337DE30AE3F6EE4B8B1FE79FC7A9,NO INJURY / DRIVE AWAY,"OVER $1,500",FUNCTIONING PROPERLY,ANGLE,41.928297289,"DARKNESS, LIGHTED ROAD",-87.72343007,2,30,FAILING TO YIELD RIGHT-OF-WAY,NO DEFECTS,DRY,NOT APPLICABLE,W,3834,STOP SIGN/FLASHER,NOT DIVIDED,CLEAR,0.0,0.0,0.0,0.0,0.0,1.0,1,2,[],"[""Y""]",[],"[""2025-10-03T21:45:00.000""]","[""2163203"", ""2163204""]","[""FRONT"", ""SIDE-RIGHT""]","[""IL""]","[""CHEVROLET"", ""JEEP""]","[""PASSING/OVERTAKING"", ""STRAIGHT AHEAD""]","[""CHEROKEE"", ""MALIBU""]","[""1""]","[""N"", ""W""]","[""1"", ""2""]","[""DRIVER""]","[""NONE""]","[""2062105"", ""2062108""]","[""PASSENGER"", ""SPORT UTILITY VEHICLE (SUV)""]","[""PERSONAL""]","[""2010"", ""2021""]","[""Y""]","[""Y""]",[],[],[],[],[],[],[],[],[],[],[],[],[],[],"['20', '47']","[""DID NOT DEPLOY""]","[""TEST NOT OFFERED""]","[""CHICAGO""]","[""2025-10-03T21:45:00.000""]","[""FAILED TO YIELD"", ""NONE""]","[""UNKNOWN""]",[],"[""IL""]","[""NONE""]",[],"[""O2163203"", ""O2163204""]","[""DRIVER""]","[""UNKNOWN""]","[""SAFETY BELT USED""]","[""F"", ""M""]","[""IL""]","[""2062105"", ""2062108""]","[""60639"", ""60651""]",[],[],[],[],[],[],2025,10,21,3,False,evening,41.93,-87.72,41.93_-87.72,33.5,20,47,FAILURE-TO-YIELD,0