alignment,beat_of_occurrence,crash_date,crash_day_of_week,crash_hour,crash_month,crash_record_id,crash_type,damage,device_condition,first_crash_type,latitude,lighting_condition,longitude,num_units,posted_speed_limit,prim_contributory_cause,road_defect,roadway_surface_cond,sec_contributory_cause,street_direction,street_no,traffic_control_device,trafficway_type,weather_condition,private_property_i,hit_and_run_i,intersection_related_i,crash_date_est_i,work_zone_i,workers_present_i,veh_count,ppl_count,veh_area_01_i_list_json,veh_area_02_i_list_json,veh_area_12_i_list_json,veh_crash_date_list_json,veh_crash_unit_id_list_json,veh_first_contact_point_list_json,veh_lic_plate_state_list_json,veh_make_list_json,veh_maneuver_list_json,veh_model_list_json,veh_occupant_cnt_list_json,veh_travel_direction_list_json,veh_unit_no_list_json,veh_unit_type_list_json,veh_vehicle_defect_list_json,veh_vehicle_id_list_json,veh_vehicle_type_list_json,veh_vehicle_use_list_json,veh_vehicle_year_list_json,veh_area_03_i_list_json,veh_area_04_i_list_json,veh_area_11_i_list_json,veh_towed_by_list_json,veh_towed_i_list_json,veh_area_07_i_list_json,veh_area_99_i_list_json,veh_area_09_i_list_json,veh_area_10_i_list_json,veh_cmrc_veh_i_list_json,veh_num_passengers_list_json,veh_area_08_i_list_json,veh_area_00_i_list_json,veh_area_05_i_list_json,veh_area_06_i_list_json,veh_towed_to_list_json,ppl_age_list_json,ppl_airbag_deployed_list_json,ppl_bac_result_list_json,ppl_city_list_json,ppl_crash_date_list_json,ppl_driver_action_list_json,ppl_driver_vision_list_json,ppl_drivers_license_class_list_json,ppl_drivers_license_state_list_json,ppl_ejection_list_json,ppl_hospital_list_json,ppl_person_id_list_json,ppl_person_type_list_json,ppl_physical_condition_list_json,ppl_safety_equipment_list_json,ppl_sex_list_json,ppl_state_list_json,ppl_vehicle_id_list_json,ppl_zipcode_list_json,ppl_ems_agency_list_json,ppl_seat_no_list_json,ppl_pedpedal_action_list_json,ppl_pedpedal_location_list_json,ppl_pedpedal_visibility_list_json,ppl_ems_run_no_list_json,year,month,hour,day,is_weekend,hour_bin,lat_bin,lng_bin,grid_id,ppl_age_mean,ppl_age_min,ppl_age_max,prim_contributory_cause_group,ksi_flag
STRAIGHT ON GRADE,914,2025-10-03 21:45:00,6,21,10,E9F06DDD4FCF9834272411A04D6F283B696876B0209F82B6FE3A6E9D97CADA61C3F3D46BCA8F6DA0052B8072BBD22A90C7768B15008807DA0969DF6903B19013,INJURY AND / OR TOW DUE TO CRASH,"OVER $1,500",FUNCTIONING PROPERLY,TURNING,41.8527729546,DARKNESS,-87.6383849101,3,30,FAILING TO REDUCE SPEED TO AVOID CRASH,NO DEFECTS,DRY,NOT APPLICABLE,S,2201,TRAFFIC SIGNAL,FOUR WAY,CLEAR,0.0,0.0,1.0,0.0,0.0,1.0,1,4,"[""Y""]",[],"[""Y""]","[""2025-10-03T21:45:00.000""]","[""2163227"", ""2163228"", ""2163229""]","[""FRONT"", ""FRONT-LEFT-CORNER"", ""SIDE-LEFT-FRONT""]","[""IL""]","[""CHEVROLET"", ""LEXUS""]","[""STRAIGHT AHEAD"", ""TURNING LEFT""]","[""MALIBU"", ""RX350"", ""TRAX""]","[""1"", ""2""]","[""N"", ""S""]","[""1"", ""2"", ""3""]","[""DRIVER""]","[""NONE""]","[""2062117"", ""2062118"", ""2062119""]","[""PASSENGER"", ""SPORT UTILITY VEHICLE (SUV)""]","[""PERSONAL""]","[""2006"", ""2016"", ""2024""]",[],[],"[""Y""]","[""PRIVATE TOW""]","[""Y""]",[],[],"[""Y""]","[""Y""]",[],"[""1""]","[""Y""]",[],[],[],"[""OWNER""]","['18', '19', '23', '28']","[""DEPLOYED, FRONT"", ""NOT APPLICABLE""]","[""TEST NOT OFFERED""]","[""BELLWOOD"", ""CHICAGO""]","[""2025-10-03T21:45:00.000""]","[""FAILED TO YIELD"", ""NONE""]","[""NOT OBSCURED""]","[""D""]","[""IL""]","[""NONE""]","[""REFUSED""]","[""O2163227"", ""O2163228"", ""O2163229"", ""P477382""]","[""DRIVER"", ""PASSENGER""]","[""NORMAL""]","[""SAFETY BELT USED""]","[""F"", ""M""]","[""IL""]","[""2062117"", ""2062118"", ""2062119""]","[""60104"", ""60612"", ""60623"", ""60657""]","[""66"", ""CFD"", ""CFD66""]","[""2""]",[],[],[],"[""66""]",2025,10,21,3,False,evening,41.85,-87.64,41.85_-87.64,22.0,18,28,SPEEDING,0
STRAIGHT AND LEVEL,712,2025-10-03 21:39:00,6,21,10,05F042C667817B53806FC32A28AE61D0E0FD3DC7BEE356794E6B666A392B0BC4C1E01732E93FE2B7A41F7BF3E1300AD7013B09A6C31EFA4A39C334A46CF3A94E,NO INJURY / DRIVE AWAY,"OVER $1,500",NO CONTROLS,SIDESWIPE SAME DIRECTION,41.779811255,DARKNESS,-87.6478023155,2,30,DISTRACTION - FROM INSIDE VEHICLE,NO DEFECTS,DRY,IMPROPER LANE USAGE,W,912,NO CONTROLS,NOT DIVIDED,CLEAR,0.0,0.0,0.0,0.0,0.0,1.0,1,2,"[""Y""]","[""Y""]",[],"[""2025-10-03T21:39:00.000""]","[""2163205"", ""2163206""]","[""FRONT-RIGHT-CORNER"", ""OTHER""]","[""IL"", ""WI""]","[""JEEP"", ""VOLKSWAGEN""]","[""STRAIGHT AHEAD""]","[""CHEROKEE"", ""JETTA""]","[""1"", ""4""]","[""W""]","[""1"", ""2""]","[""DRIVER""]","[""NONE""]","[""2062093"", ""2062099""]","[""PASSENGER""]","[""PERSONAL""]","[""2013"", ""2016""]",[],[],"[""N"", ""Y""]",[],[],[],[],[],"[""N"", ""Y""]",[],"[""3""]",[],[],[],[],[],"['23', '41']","[""NOT APPLICABLE""]","[""TEST NOT OFFERED""]","[""CHICAGO""]","[""2025-10-03T21:39:00.000""]","[""IMPROPER PASSING"", ""NONE""]","[""NOT OBSCURED""]",[],"[""IL""]","[""NONE""]",[],"[""O2163205"", ""O2163206"", ""P477377"", ""P477378"", ""P477379""]","[""DRIVER"", ""PASSENGER""]","[""NORMAL""]","[""BOOSTER SEAT"", ""USAGE UNKNOWN""]","[""F"", ""M""]","[""IL""]","[""2062093"", ""2062099""]","[""60649"", ""60652""]",[],"[""10"", ""12"", ""3""]",[],[],[],[],2025,10,21,3,False,evening,41.78,-87.65,41.78_-87.65,32.0,23,41,DISTRACTION/INATTENTION,0
STRAIGHT AND LEVEL,414,2025-10-03 21:30:00,6,21,10,E8CF41917456F5169E6D224B3CE6455B5D703CFB169F954E0F9399C72EA449C92B83944C176E465785478421C323412019FD9FEE74FBA7CE0018757F93006071,INJURY AND / OR TOW DUE TO CRASH,"OVER $1,500",NO CONTROLS,PARKED MOTOR VEHICLE,41.7586989324,DARKNESS,-87.5821142325,3,30,FAILING TO REDUCE SPEED TO AVOID CRASH,UNKNOWN,UNKNOWN,NOT APPLICABLE,E,1735,NO CONTROLS,NOT DIVIDED,CLEAR,0.0,1.0,0.0,0.0,0.0,1.0,2,0,"[""Y""]",[],"[""Y""]","[""2025-10-03T21:30:00.000""]","[""2163346"", ""2163347"", ""2163348""]","[""FRONT-RIGHT-CORNER"", ""REAR"", ""REAR-LEFT-CORNER""]","[""GA"", ""IL""]","[""GENERAL MOTORS CORPORATION (GMC)"", ""TOYOTA""]","[""PARKED"", ""STRAIGHT AHEAD""]","[""CAMRY"", ""DENALI"", ""TERRAIN""]","[""0"", ""1""]","[""E""]","[""1"", ""2"", ""3""]","[""DRIVER"", ""PARKED""]","[""UNKNOWN""]","[""2062239"", ""2062240"", ""2062241""]","[""PASSENGER""]","[""UNKNOWN/NA""]","[""2011"", ""2012""]",[],[],"[""Y""]","[""city""]","[""Y""]","[""Y""]",[],[],[],[],[],"[""Y""]",[],[],"[""Y""]","[""impound""]",[],"[""DEPLOYED, FRONT""]","[""TEST NOT OFFERED""]",[],"[""2025-10-03T21:30:00.000""]","[""OTHER""]","[""UNKNOWN""]",[],[],"[""NONE""]",[],"[""O2163348""]","[""DRIVER""]","[""UNKNOWN""]","[""USAGE UNKNOWN""]","[""M""]",[],"[""2062239""]",[],[],[],[],[],[],[],2025,10,21,3,False,evening,41.76,-87.58,41.76_-87.58,0.0,0,0,SPEEDING,0
STRAIGHT AND LEVEL,911,2025-10-03 21:30:00,6,21,10,B65D715A10F1717C129170C92A105FD1A568FD5A88DA3F1EEAA7488783E86098595A80C89B06BD75091908C75704722682DCED7D37FDBB73CE9E9DD40C3F6F78,NO INJURY / DRIVE AWAY,"OVER $1,500",NO CONTROLS,REAR END,41.8262216048,DAYLIGHT,-87.7046503143,2,30,DISREGARDING TRAFFIC SIGNALS,NO DEFECTS,DRY,FOLLOWING TOO CLOSELY,S,3700,NO CONTROLS,NOT DIVIDED,CLEAR,0.0,1.0,0.0,0.0,0.0,1.0,1,1,"[""Y""]",[],"[""Y""]","[""2025-10-03T21:30:00.000""]","[""2163214"", ""2163215""]","[""FRONT"", ""REAR""]","[""IL""]","[""CHEVROLET"", ""FORD""]","[""STRAIGHT AHEAD""]","[""FIESTA"", ""OTHER (EXPLAIN IN NARRATIVE)""]","[""1""]","[""S""]","[""1"", ""2""]","[""DRIVER""]","[""NONE""]","[""2062103"", ""2062106""]","[""PASSENGER"", ""PICKUP""]","[""PERSONAL""]","[""2003"", ""2015""]",[],[],"[""Y""]",[],[],"[""Y""]",[],[],[],[],[],[],[],"[""Y""]","[""Y""]",[],['56'],"[""DEPLOYMENT UNKNOWN"", ""NOT APPLICABLE""]","[""TEST NOT OFFERED""]","[""CHICAGO""]","[""2025-10-03T21:30:00.000""]","[""DISREGARDED CONTROL DEVICES"", ""NONE""]","[""NOT OBSCURED"", ""UNKNOWN""]","[""D""]","[""IL""]","[""NONE""]",[],"[""O2163214"", ""O2163215""]","[""DRIVER""]","[""NORMAL"", ""UNKNOWN""]","[""SAFETY BELT USED"", ""USAGE UNKNOWN""]","[""F"", ""M""]","[""IL""]","[""2062103"", ""2062106""]","[""60632""]",[],[],[],[],[],[],2025,10,21,3,False,evening,41.83,-87.7,41.83_-87.7,56.0,56,56,OTHER,0
STRAIGHT AND LEVEL,1424,2025-10-03 21:30:00,6,21,10,978BF5EB42A286E42DCC9C46D292155DDE4548E08E4DBCFF3903541672BC9BE6D99487E437E289E05C854D3FAA881A9905EFC26EB2D252DBE7A574E1C82D0442,NO INJURY / DRIVE AWAY,"OVER $1,500",NO CONTROLS,SIDESWIPE SAME DIRECTION,41.9034342402,DUSK,-87.6688542716,2,30,FAILING TO YIELD RIGHT-OF-WAY,NO DEFECTS,DRY,DRIVING SKILLS/KNOWLEDGE/EXPERIENCE,W,1632,NO CONTROLS,DIVIDED - W/MEDIAN (NOT RAISED),CLEAR,0.0,0.0,0.0,0.0,0.0,1.0,1,3,"[""Y""]","[""Y""]","[""Y""]","[""2025-10-03T21:30:00.000""]","[""2163207"", ""2163208""]","[""FRONT"", ""SIDE-RIGHT-FRONT""]","[""IL""]","[""HONDA"", ""TOYOTA""]","[""ENTERING TRAFFIC LANE FROM PARKING"", ""STRAIGHT AHEAD""]","[""CIVIC"", ""COROLLA""]","[""1"", ""2""]","[""W""]","[""1"", ""2""]","[""DRIVER""]","[""NONE""]","[""2062092"", ""2062096""]","[""PASSENGER""]","[""NOT IN USE"", ""PERSONAL""]","[""2012"", ""2013""]",[],[],"[""Y""]",[],[],[],[],[],[],[],"[""1""]",[],[],[],[],[],"['27', '29', '31']","[""DID NOT DEPLOY""]","[""TEST NOT OFFERED""]","[""CLEARWATER"", ""PALATINE"", ""SKOKIE""]","[""2025-10-03T21:30:00.000""]","[""FAILED TO YIELD"", ""NONE""]","[""NOT OBSCURED""]","[""D"", ""E""]","[""FL"", ""IL""]","[""NONE""]",[],"[""O2163207"", ""O2163208"", ""P477376""]","[""DRIVER"", ""PASSENGER""]","[""NORMAL""]","[""SAFETY BELT USED""]","[""F"", ""M""]","[""FL"", ""IL""]","[""2062092"", ""2062096""]","[""33759"", ""60067"", ""60076""]",[],"[""2""]",[],[],[],[],2025,10,21,3,False,evening,41.9,-87.67,41.9_-87.67,29.0,27,31,FAILURE-TO-YIELD,0
STRAIGHT AND LEVEL,2412,2025-10-03 21:30:00,6,21,10,625709ABD11C1711F9D615B2A5B4E8159EBC32FC787D01E8F1F6048D5A543B814F501CCD62DB384B9AA3E36E0F1718029A5896E610378B524B36063901E13E8F,NO INJURY / DRIVE AWAY,"OVER $1,500",NO CONTROLS,REAR TO FRONT,41.9994446571,"DARKNESS, LIGHTED ROAD",-87.6836923905,2,25,IMPROPER BACKING,NO DEFECTS,DRY,FAILING TO YIELD RIGHT-OF-WAY,N,6455,NO CONTROLS,ONE-WAY,CLEAR,0.0,0.0,0.0,0.0,0.0,1.0,1,2,[],[],"[""Y""]","[""2025-10-03T21:30:00.000""]","[""2163254"", ""2163255""]","[""FRONT"", ""REAR""]","[""IL""]","[""HONDA"", ""TOYOTA""]","[""BACKING"", ""STRAIGHT AHEAD""]","[""CR-V"", ""PRIUS""]","[""1""]","[""N"", ""S""]","[""1"", ""2""]","[""DRIVER""]","[""NONE"", ""UNKNOWN""]","[""2062143"", ""2062148""]","[""PASSENGER"", ""SPORT UTILITY VEHICLE (SUV)""]","[""PERSONAL""]","[""2014"", ""2015""]",[],[],[],[],[],[],[],[],[],[],[],[],[],[],"[""Y""]",[],"['27', '45']","[""DID NOT DEPLOY"", ""NOT APPLICABLE""]","[""TEST NOT OFFERED""]","[""CHICAGO"", ""EVANSTON""]","[""2025-10-03T21:30:00.000""]","[""IMPROPER BACKING"", ""NONE""]","[""NOT OBSCURED""]","[""D""]","[""IL""]","[""NONE""]",[],"[""O2163254"", ""O2163255""]","[""DRIVER""]","[""NORMAL""]","[""SAFETY BELT USED""]","[""F""]","[""IL""]","[""2062143"", ""2062148""]","[""60202"", ""60660""]",[],[],[],[],[],[],2025,10,21,3,False,evening,42.0,-87.68,42.0_-87.68,36.0,27,45,OTHER,0
STRAIGHT AND LEVEL,532,2025-10-03 21:25:00,6,21,10,DAE2A65F7722099CD8D79618B4BD31EA7B50B54FF43E6D0B3372BE67D7D24743A272FB77E4BEABEA1868749C7B6CF33FB1C054BC86919786E7E6623CB066B35C,INJURY AND / OR TOW DUE TO CRASH,"$501 - $1,500",FUNCTIONING PROPERLY,FIXED OBJECT,41.6632544787,"DARKNESS, LIGHTED ROAD",-87.6177886599,1,30,UNABLE TO DETERMINE,NO DEFECTS,DRY,NOT APPLICABLE,S,12700,STOP SIGN/FLASHER,NOT DIVIDED,CLEAR,0.0,0.0,0.0,0.0,0.0,1.0,1,1,"[""Y""]",[],"[""Y""]","[""2025-10-03T21:25:00.000""]","[""2163200""]","[""FRONT-LEFT-CORNER""]",[],"[""FORD""]","[""TURNING RIGHT""]","[""EXPLORER""]","[""1""]","[""S""]","[""1""]","[""DRIVER""]","[""UNKNOWN""]","[""2062086""]","[""OTHER""]","[""POLICE""]",[],[],[],"[""Y""]",[],[],[],[],[],[],[],[],[],[],[],[],[],['30'],"[""DEPLOYED, COMBINATION""]","[""TEST NOT OFFERED""]","[""STEGER""]","[""2025-10-03T21:25:00.000""]","[""UNKNOWN""]","[""NOT OBSCURED""]","[""D""]","[""IL""]","[""NONE""]",[],"[""O2163200""]","[""DRIVER""]","[""NORMAL""]","[""USAGE UNKNOWN""]","[""M""]","[""IL""]","[""2062086""]","[""60475""]",[],[],[],[],[],[],2025,10,21,3,False,evening,41.66,-87.62,41.66_-87.62,30.0,30,30,OTHER,1
STRAIGHT AND LEVEL,1121,2025-10-03 21:25:00,6,21,10,667978E2CFA416102FDD6EE974261A24192D89D7E8EBDDFA528CC5616840287C7E09D28E7491C0D65F29A9A91B9AB00AFBC6505BFC5C9B71BE2A831609F59B36,NO INJURY / DRIVE AWAY,$500 OR LESS,NO CONTROLS,PEDALCYCLIST,41.8956153135,"DARKNESS, LIGHTED ROAD",-87.7067053251,2,30,UNABLE TO DETERMINE,NO DEFECTS,DRY,NOT APPLICABLE,N,800,NO CONTROLS,PARKING LOT,CLEAR,0.0,0.0,0.0,0.0,0.0,1.0,2,3,"[""Y""]","[""Y""]",[],"[""2025-10-03T21:25:00.000""]","[""2163210"", ""2163211""]","[""SIDE-RIGHT""]","[""IL""]","[""CHEVROLET""]","[""STRAIGHT AHEAD""]","[""MALIBU""]","[""2""]","[""S""]","[""1"", ""2""]","[""BICYCLE"", ""DRIVER""]","[""UNKNOWN""]","[""2062098""]","[""PASSENGER""]","[""PERSONAL""]","[""2008""]",[],[],[],[],[],[],[],[],[],[],"[""1""]",[],[],[],[],[],"['15', '37', '53']","[""DID NOT DEPLOY""]","[""TEST NOT OFFERED""]","[""CHICAGO""]","[""2025-10-03T21:25:00.000""]","[""UNKNOWN"", ""WRONG WAY/SIDE""]","[""NOT OBSCURED""]",[],[],"[""NONE"", ""UNKNOWN""]",[],"[""O2163210"", ""O2163211"", ""P477380""]","[""BICYCLE"", ""DRIVER"", ""PASSENGER""]","[""UNKNOWN""]","[""HELMET NOT USED"", ""SAFETY BELT USED""]","[""F"", ""M""]","[""IL""]","[""2062098""]","[""60651""]",[],"[""3""]","[""AGAINST TRAFFIC""]","[""IN CROSSWALK""]","[""NO CONTRASTING CLOTHING""]",[],2025,10,21,3,False,evening,41.9,-87.71,41.9_-87.71,35.0,15,53,OTHER,0
STRAIGHT AND LEVEL,1733,2025-10-03 21:17:00,6,21,10,FE67421B6BEBA2DF48C6F1E92D843383F4DE2A03365D47D26BC9D87C8EE3AA66B579B2AC6E4BFCC9500066AAEFB779BC3246497E2C2A772129EAACB5624EF916,NO INJURY / DRIVE AWAY,"OVER $1,500",NO CONTROLS,FIXED OBJECT,41.9406950532,"DARKNESS, LIGHTED ROAD",-87.7029133399,2,30,UNABLE TO DETERMINE,NO DEFECTS,DRY,UNABLE TO DETERMINE,N,3244,NO CONTROLS,NOT DIVIDED,CLEAR,0.0,1.0,0.0,0.0,0.0,1.0,2,0,[],[],[],"[""2025-10-03T21:17:00.000""]","[""2163237"", ""2163238""]","[""SIDE-LEFT""]","[""IL""]","[""FORD""]","[""PARKED""]","[""EDGE""]","[""0""]","[""S""]","[""1"", ""2""]","[""BICYCLE"", ""PARKED""]","[""NONE""]","[""2062125""]","[""SPORT UTILITY VEHICLE (SUV)""]","[""PERSONAL""]","[""2014""]",[],[],"[""Y""]",[],[],[],[],[],"[""Y""]",[],[],[],[],[],[],[],[],[],"[""TEST NOT OFFERED""]",[],"[""2025-10-03T21:17:00.000""]","[""UNKNOWN""]","[""UNKNOWN""]",[],[],"[""NONE""]","[""DNA""]","[""O2163237""]","[""BICYCLE""]","[""UNKNOWN""]","[""BICYCLE HELMET (PEDACYCLIST INVOLVED ONLY)""]","[""F""]",[],[],[],"[""DNA""]",[],"[""NO ACTION""]","[""IN ROADWAY""]","[""NO CONTRASTING CLOTHING""]",[],2025,10,21,3,False,evening,41.94,-87.7,41.94_-87.7,0.0,0,0,OTHER,0
STRAIGHT AND LEVEL,1232,2025-10-03 21:15:00,6,21,10,C066BB8B643589F256097E85B3E218DF23FF48F20D4FB71B7AC960585F37C2F2B9AB2A2B8F5FAA5BB5C0B4F6E51214493B65028FB0AC51E6485D0179DC5BE344,NO INJURY / DRIVE AWAY,"OVER $1,500",NO CONTROLS,REAR END,41.8785465544,"DARKNESS, LIGHTED ROAD",-87.6474082865,2,30,FOLLOWING TOO CLOSELY,UNKNOWN,UNKNOWN,FOLLOWING TOO CLOSELY,S,220,NO CONTROLS,NOT DIVIDED,CLEAR,0.0,0.0,0.0,0.0,0.0,1.0,1,2,[],[],[],"[""2025-10-03T21:15:00.000""]","[""2163183"", ""2163184""]","[""FRONT"", ""REAR""]","[""IL""]","[""FORD"", ""TOYOTA""]","[""STRAIGHT AHEAD""]","[""CAMRY"", ""WINDSTAR""]","[""1""]","[""S""]","[""1"", ""2""]","[""DRIVER""]","[""UNKNOWN""]","[""2062067"", ""2062070""]","[""PASSENGER"", ""VAN/MINI-VAN""]","[""TAXI/FOR HIRE"", ""UNKNOWN/NA""]","[""2015"", ""2017""]",[],[],[],[],[],[],[],[],[],[],[],[],[],[],[],[],"['42', '48']","[""DEPLOYMENT UNKNOWN""]","[""TEST NOT OFFERED""]","[""CHICAGO"", ""FOREST PARK""]","[""2025-10-03T21:15:00.000""]","[""FOLLOWED TOO CLOSELY"", ""UNKNOWN""]","[""UNKNOWN""]","[""D""]","[""IL""]","[""NONE""]",[],"[""O2163183"", ""O2163184""]","[""DRIVER""]","[""NORMAL"", ""UNKNOWN""]","[""USAGE UNKNOWN""]","[""F"", ""M""]","[""IL""]","[""2062067"", ""2062070""]","[""60130"", ""60645""]",[],[],[],[],[],[],2025,10,21,3,False,evening,41.88,-87.65,41.88_-87.65,45.0,42,48,FOLLOWING TOO CLOSELY,0
STRAIGHT AND LEVEL,212,2025-10-03 21:11:00,6,21,10,20F15C5AD1D9B69232EDB08F95E278440B72E7633D1EF8B5021472F4BA3DCFFCE65A7F67677D5F8F6594534D4E70490314108D9CEB5E6CDE41B18D0887317624,INJURY AND / OR TOW DUE TO CRASH,"OVER $1,500",FUNCTIONING PROPERLY,PARKED MOTOR VEHICLE,41.827363248,"DARKNESS, LIGHTED ROAD",-87.621826931,2,30,DRIVING SKILLS/KNOWLEDGE/EXPERIENCE,NO DEFECTS,DRY,FAILING TO REDUCE SPEED TO AVOID CRASH,S,3700,NO CONTROLS,ONE-WAY,CLEAR,0.0,0.0,0.0,0.0,0.0,1.0,2,1,"[""Y""]","[""Y""]","[""Y""]","[""2025-10-03T21:11:00.000""]","[""2163199"", ""2163209""]","[""FRONT"", ""TOTAL (ALL AREAS)""]","[""IL""]","[""CHEVROLET"", ""HYUNDAI""]","[""PARKED"", ""STRAIGHT AHEAD""]","[""SONATA"", ""TRAX""]","[""0"", ""1""]","[""N"", ""UNKNOWN""]","[""1"", ""2""]","[""DRIVER"", ""PARKED""]","[""NONE"", ""UNKNOWN""]","[""2062080"", ""2062091""]","[""PASSENGER"", ""SPORT UTILITY VEHICLE (SUV)""]","[""PERSONAL""]","[""2011"", ""2020""]","[""Y""]",[],"[""Y""]","[""PERSONAL TOW ORDERED""]","[""Y""]","[""Y""]",[],"[""Y""]","[""Y""]",[],[],[],[],"[""Y""]","[""Y""]",[],['26'],"[""DEPLOYED, FRONT""]","[""TEST NOT OFFERED""]","[""CHICAGO""]","[""2025-10-03T21:11:00.000""]","[""TOO FAST FOR CONDITIONS""]","[""UNKNOWN""]",[],[],"[""NONE""]","[""UNIVERSITY OF CHICAGO HOSPITAL""]","[""O2163199""]","[""DRIVER""]","[""OTHER""]","[""SAFETY BELT USED""]","[""F""]","[""IL""]","[""2062080""]","[""60653""]",[],[],[],[],[],[],2025,10,21,3,False,evening,41.83,-87.62,41.83_-87.62,26.0,26,26,OTHER,1
STRAIGHT AND LEVEL,225,2025-10-03 21:00:00,6,21,10,6A64829C2D6D0F7C392715E6EF2847623683FF9D1E4F6DBB2088658F31003AA069C5A47C3A6C403DAECEA906D330DFF3744B2DF1EA6B81E64C5905AB1689F5EB,NO INJURY / DRIVE AWAY,$500 OR LESS,FUNCTIONING PROPERLY,SIDESWIPE SAME DIRECTION,41.7940915382,"DARKNESS, LIGHTED ROAD",-87.6304664415,2,30,UNABLE TO DETERMINE,NO DEFECTS,DRY,NOT APPLICABLE,W,185,TRAFFIC SIGNAL,DIVIDED - W/MEDIAN BARRIER,CLEAR,0.0,1.0,0.0,1.0,0.0,1.0,1,1,[],"[""Y""]",[],"[""2025-10-03T21:00:00.000""]","[""2163201"", ""2163202""]","[""NONE"", ""UNKNOWN""]","[""IL""]","[""FORD"", ""KIA""]","[""CHANGING LANES"", ""PASSING/OVERTAKING""]","[""FUSION"", ""SPORTAGE""]","[""1"", ""2""]","[""E""]","[""1"", ""2""]","[""DRIVER""]","[""NONE"", ""UNKNOWN""]","[""2062085"", ""2062089""]","[""PASSENGER"", ""UNKNOWN/NA""]","[""PERSONAL"", ""UNKNOWN/NA""]","[""2023""]","[""Y""]","[""Y""]",[],[],[],[],"[""Y""]",[],[],[],"[""1""]",[],[],[],[],[],['25'],"[""DEPLOYMENT UNKNOWN"", ""NOT APPLICABLE""]","[""TEST NOT OFFERED""]","[""ADDISON""]","[""2025-10-03T21:00:00.000""]","[""NONE"", ""UNKNOWN""]","[""NOT OBSCURED"", ""UNKNOWN""]","[""D""]","[""IL""]","[""NONE"", ""UNKNOWN""]",[],"[""O2163201"", ""O2163202"", ""P477375""]","[""DRIVER"", ""PASSENGER""]","[""NORMAL"", ""UNKNOWN""]","[""SAFETY BELT USED"", ""USAGE UNKNOWN""]","[""F"", ""X""]","[""IL""]","[""2062085"", ""2062089""]","[""60101""]",[],"[""2""]",[],[],[],[],2025,10,21,3,False,evening,41.79,-87.63,41.79_-87.63,25.0,25,25,OTHER,0
STRAIGHT AND LEVEL,2521,2025-10-03 21:00:00,6,21,10,2280F228E1FBE11D25426FC2FB8ABAEE5F58750A88CDEEB57FCB87BB4DCE117ECC01C9F7039AF0C473460B0BA5055E9533550C43D060A9F86529DBC0B31555A2,NO INJURY / DRIVE AWAY,"OVER $1,500",NO CONTROLS,PARKED MOTOR VEHICLE,41.9347160828,"DARKNESS, LIGHTED ROAD",-87.7563967638,3,20,IMPROPER OVERTAKING/PASSING,NO DEFECTS,DRY,NOT APPLICABLE,N,2949,NO CONTROLS,DIVIDED - W/MEDIAN (NOT RAISED),CLEAR,0.0,0.0,0.0,0.0,0.0,1.0,2,0,"[""Y""]","[""Y""]",[],"[""2025-10-03T21:00:00.000""]","[""2163224"", ""2163225"", ""2163226""]","[""SIDE-LEFT"", ""SIDE-RIGHT""]","[""IL""]","[""BMW"", ""HONDA"", ""TOYOTA""]","[""PARKED"", ""PASSING/OVERTAKING""]","[""ACCORD"", ""CAMRY"", ""OTHER (EXPLAIN IN NARRATIVE)""]","[""0"", ""1""]","[""S""]","[""1"", ""2"", ""3""]","[""DRIVER"", ""PARKED""]","[""NONE""]","[""2062107"", ""2062111"", ""2062114""]","[""PASSENGER""]","[""PERSONAL""]","[""1998"", ""2009"", ""2014""]","[""Y""]","[""Y""]",[],[],[],[],[],"[""Y""]","[""Y""]",[],[],"[""Y""]",[],[],[],[],[],"[""NOT APPLICABLE""]","[""TEST NOT OFFERED""]","[""CHICAGO""]","[""2025-10-03T21:00:00.000""]","[""IMPROPER PASSING""]","[""NOT OBSCURED""]","[""D""]","[""IL""]","[""NONE""]",[],"[""O2163224""]","[""DRIVER""]","[""NORMAL""]","[""SAFETY BELT USED""]","[""F""]","[""IL""]","[""2062111""]","[""60618""]",[],[],[],[],[],[],2025,10,21,3,False,evening,41.93,-87.76,41.93_-87.76,0.0,0,0,OTHER,0