alignment,beat_of_occurrence,crash_date,crash_day_of_week,crash_hour,crash_month,crash_record_id,crash_type,damage,device_condition,first_crash_type,latitude,lighting_condition,longitude,num_units,posted_speed_limit,prim_contributory_cause,road_defect,roadway_surface_cond,sec_contributory_cause,street_direction,street_no,traffic_control_device,trafficway_type,weather_condition,private_property_i,hit_and_run_i,intersection_related_i,crash_date_est_i,work_zone_i,workers_present_i,veh_count,ppl_count,veh_area_01_i_list_json,veh_area_02_i_list_json,veh_area_12_i_list_json,veh_crash_date_list_json,veh_crash_unit_id_list_json,veh_first_contact_point_list_json,veh_lic_plate_state_list_json,veh_make_list_json,veh_maneuver_list_json,veh_model_list_json,veh_occupant_cnt_list_json,veh_travel_direction_list_json,veh_unit_no_list_json,veh_unit_type_list_json,veh_vehicle_defect_list_json,veh_vehicle_id_list_json,veh_vehicle_type_list_json,veh_vehicle_use_list_json,veh_vehicle_year_list_json,veh_area_03_i_list_json,veh_area_04_i_list_json,veh_area_11_i_list_json,veh_towed_by_list_json,veh_towed_i_list_json,veh_area_07_i_list_json,veh_area_99_i_list_json,veh_area_09_i_list_json,veh_area_10_i_list_json,veh_cmrc_veh_i_list_json,veh_num_passengers_list_json,veh_area_08_i_list_json,veh_area_00_i_list_json,veh_area_05_i_list_json,veh_area_06_i_list_json,veh_towed_to_list_json,ppl_age_list_json,ppl_airbag_deployed_list_json,ppl_bac_result_list_json,ppl_city_list_json,ppl_crash_date_list_json,ppl_driver_action_list_json,ppl_driver_vision_list_json,ppl_drivers_license_class_list_json,ppl_drivers_license_state_list_json,ppl_ejection_list_json,ppl_hospital_list_json,ppl_person_id_list_json,ppl_person_type_list_json,ppl_physical_condition_list_json,ppl_safety_equipment_list_json,ppl_sex_list_json,ppl_state_list_json,ppl_vehicle_id_list_json,ppl_zipcode_list_json,ppl_ems_agency_list_json,ppl_seat_no_list_json,ppl_pedpedal_action_list_json,ppl_pedpedal_location_list_json,ppl_pedpedal_visibility_list_json,ppl_ems_run_no_list_json,year,month,hour,day,is_weekend,hour_bin,lat_bin,lng_bin,grid_id,ppl_age_mean,ppl_age_min,ppl_age_max,prim_contributory_cause_group,ksi_flag
STRAIGHT AND LEVEL,815,2025-10-03 20:55:00,6,20,10,CF6D458B5B12DE0F3919B59098E6F78000BF0DDC2588F7A2F14CB0B784F2C81CE9295CA3AD0D27DE674EA0589C41AEA19CD01110181B8C0287899B1D5AAB3AC2,NO INJURY / DRIVE AWAY,"OVER $1,500",NO CONTROLS,ANGLE,41.7949323224,"DARKNESS, LIGHTED ROAD",-87.7245000069,2,30,UNABLE TO DETERMINE,NO DEFECTS,DRY,NOT APPLICABLE,W,4031,NO CONTROLS,T-INTERSECTION,CLEAR,0.0,0.0,0.0,0.0,0.0,1.0,1,2,"[""Y""]",[],"[""Y""]","[""2025-10-03T20:55:00.000""]","[""2163174"", ""2163175""]","[""FRONT-RIGHT-CORNER"", ""REAR-RIGHT-CORNER""]","[""IL""]","[""NISSAN""]","[""STRAIGHT AHEAD""]","[""FRONTIER"", ""SENTRA""]","[""1""]","[""N"", ""W""]","[""1"", ""2""]","[""DRIVER""]","[""NONE""]","[""2062066"", ""2062069""]","[""PASSENGER"", ""SPORT UTILITY VEHICLE (SUV)""]","[""PERSONAL""]","[""2013"", ""2021""]",[],"[""Y""]",[],[],[],[],[],[],[],[],[],[],[],"[""Y""]",[],[],"['18', '65']","[""DID NOT DEPLOY""]","[""TEST NOT OFFERED""]","[""CHICAGO""]","[""2025-10-03T20:55:00.000""]","[""NONE"", ""OTHER""]","[""NOT OBSCURED""]",[],"[""IL""]","[""NONE""]",[],"[""O2163174"", ""O2163175""]","[""DRIVER""]","[""NORMAL""]","[""SAFETY BELT USED""]","[""M""]","[""IL""]","[""2062066"", ""2062069""]","[""60632""]",[],[],[],[],[],[],2025,10,20,3,False,evening,41.79,-87.72,41.79_-87.72,41.5,18,65,OTHER,0
STRAIGHT AND LEVEL,2521,2025-10-03 20:48:00,6,20,10,FBC67FBDCDC3113009F3B2F5CB3E4C5D8A477C4BEE754CE72A45035FFB22694F09852E1AD19EEBA11FE1E2B81728C2436F35CC67A1EB6A2BBD4F7C0D559CA81A,NO INJURY / DRIVE AWAY,"OVER $1,500",NO CONTROLS,PARKED MOTOR VEHICLE,41.9377897839,"DARKNESS, LIGHTED ROAD",-87.7481136208,2,30,UNABLE TO DETERMINE,NO DEFECTS,DRY,NOT APPLICABLE,W,4831,NO CONTROLS,ONE-WAY,CLEAR,0.0,1.0,0.0,0.0,0.0,1.0,2,0,"[""Y""]","[""Y""]",[],"[""2025-10-03T20:48:00.000""]","[""2163575"", ""2163576""]","[""SIDE-LEFT"", ""SIDE-RIGHT""]","[""IL""]","[""TOYOTA"", ""UNKNOWN""]","[""PARKED"", ""STRAIGHT AHEAD""]","[""CAMRY"", ""OTHER (EXPLAIN IN NARRATIVE)""]","[""0"", ""1""]","[""E""]","[""1"", ""2""]","[""DRIVER"", ""PARKED""]","[""NONE"", ""UNKNOWN""]","[""2062467"", ""2062473""]","[""PASSENGER""]","[""PERSONAL"", ""UNKNOWN/NA""]","[""2009""]","[""Y""]",[],[],[],[],[],"[""Y""]",[],[],[],[],[],[],[],[],[],[],"[""DEPLOYMENT UNKNOWN""]","[""TEST NOT OFFERED""]",[],"[""2025-10-03T20:48:00.000""]","[""UNKNOWN""]","[""UNKNOWN""]",[],[],"[""NONE""]",[],"[""O2163575""]","[""DRIVER""]","[""UNKNOWN""]","[""USAGE UNKNOWN""]","[""X""]",[],"[""2062467""]",[],[],[],[],[],[],[],2025,10,20,3,False,evening,41.94,-87.75,41.94_-87.75,0.0,0,0,OTHER,0
STRAIGHT AND LEVEL,631,2025-10-03 20:45:00,6,20,10,127B940AA48C055D59F26656A3BCFB886C713BA51245854AC96C470E4BEF82CE1D0F50006A525F67718D0BEBDA8B9C0C7DE90DBF3090DD9C155277B7BA2B261F,NO INJURY / DRIVE AWAY,"OVER $1,500",NO CONTROLS,PARKED MOTOR VEHICLE,41.7481104894,DARKNESS,-87.600392542,2,30,UNABLE TO DETERMINE,UNKNOWN,DRY,UNABLE TO DETERMINE,S,8046,NO CONTROLS,ONE-WAY,CLEAR,0.0,0.0,0.0,0.0,0.0,1.0,2,0,[],[],[],"[""2025-10-03T20:45:00.000""]","[""2163335"", ""2163336""]","[""REAR-LEFT-CORNER"", ""SIDE-LEFT-FRONT""]","[""IL""]","[""HYUNDAI"", ""NISSAN""]","[""BACKING"", ""PARKED""]","[""MURANO"", ""SONATA""]","[""0"", ""1""]","[""S""]","[""1"", ""2""]","[""DRIVER"", ""PARKED""]","[""NONE"", ""UNKNOWN""]","[""2062228"", ""2062233""]","[""PASSENGER""]","[""PERSONAL""]","[""2016"", ""2025""]",[],[],"[""Y""]",[],[],"[""Y""]",[],[],[],[],[],[],[],[],[],[],[],"[""NOT APPLICABLE""]","[""TEST NOT OFFERED""]","[""CHICAGO""]","[""2025-10-03T20:45:00.000""]","[""UNKNOWN""]","[""NOT OBSCURED""]","[""D""]","[""XX""]","[""NONE""]",[],"[""O2163336""]","[""DRIVER""]","[""NORMAL""]","[""USAGE UNKNOWN""]","[""M""]","[""IL""]","[""2062233""]","[""60620""]",[],[],[],[],[],[],2025,10,20,3,False,evening,41.75,-87.6,41.75_-87.6,0.0,0,0,OTHER,0
STRAIGHT AND LEVEL,832,2025-10-03 20:37:00,6,20,10,A5342AFFBA01F4D8BFF239D80DD970815C24D31E8F36EEEED6F810955EC4D504B14570552D3DE8B0691CE8B437240059DC2DB6F7F6DB6B6214EE95BA5F271A92,INJURY AND / OR TOW DUE TO CRASH,"$501 - $1,500",NO CONTROLS,PARKED MOTOR VEHICLE,41.7722185366,"DARKNESS, LIGHTED ROAD",-87.6881940682,3,30,DRIVING ON WRONG SIDE/WRONG WAY,NO DEFECTS,DRY,NOT APPLICABLE,S,6651,NO CONTROLS,DIVIDED - W/MEDIAN (NOT RAISED),CLEAR,0.0,0.0,0.0,0.0,0.0,1.0,2,1,"[""Y""]",[],"[""Y""]","[""2025-10-03T20:37:00.000""]","[""2163216"", ""2163217"", ""2163218""]","[""FRONT"", ""FRONT-RIGHT-CORNER"", ""REAR""]","[""IL"", ""IN""]","[""CHEVROLET"", ""DODGE"", ""MERCURY""]","[""DRIVING WRONG WAY"", ""PARKED""]","[""MOUNTAINEER"", ""RAM 1500 PU"", ""TAHOE""]","[""0"", ""1""]","[""E"", ""S""]","[""1"", ""2"", ""3""]","[""DRIVER"", ""PARKED""]","[""NONE""]","[""2062104"", ""2062109"", ""2062113""]","[""PASSENGER"", ""PICKUP""]","[""PERSONAL""]","[""2002"", ""2006"", ""2021""]",[],[],[],[],[],[],[],[],[],[],[],[],[],[],"[""Y""]",[],['41'],"[""NOT APPLICABLE""]","[""TEST NOT OFFERED""]","[""CHICAGO""]","[""2025-10-03T20:37:00.000""]","[""WRONG WAY/SIDE""]","[""NOT OBSCURED""]",[],"[""IL""]","[""NONE""]","[""HOLY CROSS""]","[""O2163216""]","[""DRIVER""]","[""UNKNOWN""]","[""USAGE UNKNOWN""]","[""M""]","[""IL""]","[""2062104""]",[],"[""A""]",[],[],[],[],[],2025,10,20,3,False,evening,41.77,-87.69,41.77_-87.69,41.0,41,41,OTHER,1
STRAIGHT AND LEVEL,1935,2025-10-03 20:35:00,6,20,10,554B4F30190CE16007AE6F115017F56C238C72EB2E78020AF803B3112FE973C152FD84223440A3D5907114E71A8455650DCD4FECDDFF764403D9A8868D113085,INJURY AND / OR TOW DUE TO CRASH,"OVER $1,500",NO CONTROLS,PEDESTRIAN,41.929545167,"DARKNESS, LIGHTED ROAD",-87.6429731778,3,30,UNABLE TO DETERMINE,UNKNOWN,UNKNOWN,NOT APPLICABLE,N,2576,NO CONTROLS,DIVIDED - W/MEDIAN (NOT RAISED),CLEAR,0.0,0.0,0.0,0.0,0.0,1.0,2,2,[],[],[],"[""2025-10-03T20:35:00.000""]","[""2163221"", ""2163222"", ""2163223""]","[""FRONT-LEFT-CORNER""]","[""IL""]","[""CHEVROLET""]","[""STRAIGHT AHEAD""]","[""TRAVERSE""]","[""1""]","[""N""]","[""1"", ""2"", ""3""]","[""DRIVER"", ""PEDESTRIAN""]","[""UNKNOWN""]","[""2062126""]","[""PASSENGER""]","[""PERSONAL""]","[""2018""]",[],[],"[""Y""]",[],[],[],[],[],"[""Y""]",[],[],[],[],[],[],[],"['24', '46']","[""NOT APPLICABLE""]","[""TEST NOT OFFERED""]","[""CHICAGO"", ""HINSDALE""]","[""2025-10-03T20:35:00.000""]","[""UNKNOWN""]","[""UNKNOWN""]","[""D""]","[""IL""]","[""NONE""]","[""ILLINOIS MASONIC""]","[""O2163221"", ""O2163222"", ""O2163223""]","[""DRIVER"", ""PEDESTRIAN""]","[""UNKNOWN""]","[""HELMET NOT USED"", ""NONE PRESENT"", ""USAGE UNKNOWN""]","[""F"", ""M""]","[""IL""]","[""2062126""]","[""60521"", ""60614"", ""60804""]","[""CFD AMB 62""]",[],"[""WITH TRAFFIC""]","[""UNKNOWN/NA""]","[""OTHER LIGHT SOURCE USED""]",[],2025,10,20,3,False,evening,41.93,-87.64,41.93_-87.64,35.0,24,46,OTHER,1
STRAIGHT AND LEVEL,1113,2025-10-03 20:34:00,6,20,10,88670473D46DED8B13672F152C814858D3A61D0166D89CC4A9BA4FC0C2D31977CF33B6D41CB8580E99EDE9A8552456E38CE09A1023E31CFDF3E7D78CB0392BD3,INJURY AND / OR TOW DUE TO CRASH,"OVER $1,500",NO CONTROLS,TURNING,41.8804421891,"DARKNESS, LIGHTED ROAD",-87.7405996011,3,30,FAILING TO YIELD RIGHT-OF-WAY,NO DEFECTS,DRY,UNABLE TO DETERMINE,W,4599,NO CONTROLS,NOT DIVIDED,CLEAR,0.0,0.0,1.0,0.0,0.0,1.0,1,4,"[""Y""]",[],"[""Y""]","[""2025-10-03T20:34:00.000""]","[""2163196"", ""2163197"", ""2163198""]","[""FRONT"", ""FRONT-LEFT-CORNER""]","[""IL""]","[""FORD"", ""GENERAL MOTORS CORPORATION (GMC)"", ""NISSAN""]","[""STRAIGHT AHEAD"", ""TURNING LEFT""]","[""MUSTANG"", ""SENTRA"", ""YUKON""]","[""1"", ""2""]","[""E"", ""N""]","[""1"", ""2"", ""3""]","[""DRIVER""]","[""UNKNOWN""]","[""2062084"", ""2062090"", ""2062094""]","[""PASSENGER""]","[""PERSONAL""]","[""2007"", ""2012"", ""2020""]",[],[],"[""Y""]","[""personal tow""]","[""Y""]","[""N""]",[],"[""Y""]","[""Y""]",[],"[""1""]",[],[],[],"[""N""]",[],"['17', '41', '57', '60']","[""DEPLOYED, COMBINATION"", ""DEPLOYED, FRONT""]","[""TEST NOT OFFERED""]","[""CHICAGO"", ""FORT MYERS"", ""HILLSIDE""]","[""2025-10-03T20:34:00.000""]","[""FAILED TO YIELD"", ""NONE""]","[""NOT OBSCURED""]","[""D""]","[""IL""]","[""NONE""]","[""REFUSED""]","[""O2163196"", ""O2163197"", ""O2163198"", ""P477374""]","[""DRIVER"", ""PASSENGER""]","[""NORMAL""]","[""USAGE UNKNOWN""]","[""F"", ""M""]","[""FL"", ""IL""]","[""2062084"", ""2062090"", ""2062094""]","[""33916"", ""60162"", ""60644""]","[""10""]","[""3""]",[],[],[],[],2025,10,20,3,False,evening,41.88,-87.74,41.88_-87.74,43.75,17,60,FAILURE-TO-YIELD,0
STRAIGHT AND LEVEL,1632,2025-10-03 20:30:00,6,20,10,9CE2681D0EDCC2FF6EFC52A4413F8336AB4287CB12637F5025E438CAB942436E3414EF9DF70F2CACBD740022DE88F3ED526A14370ED873E9EB3F9440955B1983,NO INJURY / DRIVE AWAY,"OVER $1,500",NO CONTROLS,REAR END,41.9510476128,"DARKNESS, LIGHTED ROAD",-87.7866238797,2,30,FOLLOWING TOO CLOSELY,NO DEFECTS,DRY,NOT APPLICABLE,N,3898,NO CONTROLS,DIVIDED - W/MEDIAN (NOT RAISED),CLEAR,0.0,0.0,0.0,0.0,0.0,1.0,1,2,[],[],"[""Y""]","[""2025-10-03T20:30:00.000""]","[""2163185"", ""2163186""]","[""FRONT"", ""REAR""]","[""IL""]","[""HONDA"", ""TOYOTA""]","[""STRAIGHT AHEAD""]","[""ODYSSEY"", ""PRIUS""]","[""1""]","[""S""]","[""1"", ""2""]","[""DRIVER""]","[""NONE""]","[""2062068"", ""2062073""]","[""PASSENGER"", ""VAN/MINI-VAN""]","[""PERSONAL""]","[""2008"", ""2011""]",[],[],[],[],[],"[""Y""]",[],[],[],[],[],[],[],"[""Y""]","[""Y""]",[],"['27', '49']","[""NOT APPLICABLE""]","[""TEST NOT OFFERED""]","[""CHICAGO"", ""OAK PARK""]","[""2025-10-03T20:30:00.000""]","[""FOLLOWED TOO CLOSELY"", ""NONE""]","[""NOT OBSCURED""]","[""D""]","[""IL""]","[""NONE""]",[],"[""O2163185"", ""O2163186""]","[""DRIVER""]","[""NORMAL""]","[""SAFETY BELT USED""]","[""F"", ""M""]","[""IL""]","[""2062068"", ""2062073""]","[""60302"", ""60639""]",[],[],[],[],[],[],2025,10,20,3,False,evening,41.95,-87.79,41.95_-87.79,38.0,27,49,FOLLOWING TOO CLOSELY,0
STRAIGHT AND LEVEL,2433,2025-10-03 20:30:00,6,20,10,E23AAA152D35B9183816B369ADE80EC207701FCF180F68773BCA36B56E61F47EBAD581F6608A9D024365FF77818E17C3ED5C01D23D5EA0EB3FE55DD357A22028,NO INJURY / DRIVE AWAY,"OVER $1,500",FUNCTIONING PROPERLY,TURNING,41.9907226326,"DARKNESS, LIGHTED ROAD",-87.6722886042,2,30,IMPROPER TURNING/NO SIGNAL,NO DEFECTS,DRY,IMPROPER LANE USAGE,N,6000,TRAFFIC SIGNAL,Y-INTERSECTION,CLEAR,0.0,0.0,1.0,0.0,0.0,1.0,1,2,"[""Y""]",[],[],"[""2025-10-03T20:30:00.000""]","[""2163187"", ""2163188""]","[""FRONT-RIGHT-CORNER""]","[""IL"", ""MI""]","[""DODGE"", ""JEEP""]","[""STRAIGHT AHEAD"", ""TURNING LEFT""]","[""CHEROKEE"", ""OTHER (EXPLAIN IN NARRATIVE)""]","[""1""]","[""N"", ""W""]","[""1"", ""2""]","[""DRIVER""]","[""UNKNOWN""]","[""2062076"", ""2062082""]","[""PASSENGER""]","[""PERSONAL""]","[""2021"", ""2023""]",[],[],"[""Y""]",[],[],[],[],[],"[""Y""]",[],[],[],[],[],[],[],"['28', '42']","[""DID NOT DEPLOY""]","[""TEST NOT OFFERED""]","[""BLOOMFIELD"", ""CHICAGO""]","[""2025-10-03T20:30:00.000""]","[""IMPROPER TURN"", ""NONE""]","[""UNKNOWN""]",[],"[""IL"", ""MI""]","[""NONE""]",[],"[""O2163187"", ""O2163188""]","[""DRIVER""]","[""UNKNOWN""]","[""USAGE UNKNOWN""]","[""F"", ""M""]","[""IL"", ""MI""]","[""2062076"", ""2062082""]","[""48324"", ""60625""]",[],[],[],[],[],[],2025,10,20,3,False,evening,41.99,-87.67,41.99_-87.67,35.0,28,42,OTHER,0
STRAIGHT AND LEVEL,1414,2025-10-03 20:00:00,6,20,10,F793CD89EB41D03D96D5B87E04021B1AC9227433F46428836685A05EB09DC840E94E124F0710795D77C1B7A88421358B2761D78236C2BC0B204FFA2A62A943CB,NO INJURY / DRIVE AWAY,"OVER $1,500",NO CONTROLS,SIDESWIPE SAME DIRECTION,41.9219778799,"DARKNESS, LIGHTED ROAD",-87.7023686929,2,30,UNABLE TO DETERMINE,NO DEFECTS,DRY,UNABLE TO DETERMINE,N,2212,NO CONTROLS,NOT DIVIDED,CLEAR,0.0,1.0,0.0,0.0,0.0,1.0,1,1,"[""Y""]",[],"[""Y""]","[""2025-10-03T20:00:00.000""]","[""2163143"", ""2163144""]","[""FRONT-LEFT-CORNER"", ""FRONT-RIGHT-CORNER""]","[""IL""]","[""SATURN"", ""SUBARU""]","[""STRAIGHT AHEAD""]","[""AURA"", ""CROSSTREK""]","[""1""]","[""UNKNOWN""]","[""1"", ""2""]","[""DRIVER""]","[""NONE""]","[""2062037"", ""2062052""]","[""PASSENGER""]","[""PERSONAL""]","[""2009"", ""2025""]",[],[],"[""Y""]",[],[],[],"[""Y""]",[],[],[],[],[],[],[],[],[],['47'],"[""DID NOT DEPLOY""]","[""TEST NOT OFFERED""]","[""CHICAGO""]","[""2025-10-03T20:00:00.000""]","[""FAILED TO YIELD"", ""NONE""]","[""NOT OBSCURED"", ""UNKNOWN""]","[""D""]","[""IL"", ""XX""]","[""NONE""]",[],"[""O2163143"", ""O2163144""]","[""DRIVER""]","[""NORMAL"", ""UNKNOWN""]","[""SAFETY BELT USED"", ""USAGE UNKNOWN""]","[""F"", ""M""]","[""IL""]","[""2062037"", ""2062052""]","[""60647""]",[],[],[],[],[],[],2025,10,20,3,False,evening,41.92,-87.7,41.92_-87.7,47.0,47,47,OTHER,0
STRAIGHT AND LEVEL,1925,2025-10-03 20:00:00,6,20,10,4BB59B06A6B20ACF672AE8F2B43C743F37133A36064EB8FF9EF5B0491E06D43B4E247D1EFF01849B4E188501038AEC2CFF2754FCABEBA05260663F96F40D9F21,NO INJURY / DRIVE AWAY,"OVER $1,500",NO CONTROLS,TURNING,41.9410162524,"DARKNESS, LIGHTED ROAD",-87.644576475,2,30,FAILING TO YIELD RIGHT-OF-WAY,UNKNOWN,UNKNOWN,FAILING TO YIELD RIGHT-OF-WAY,N,3230,NO CONTROLS,FOUR WAY,CLEAR,0.0,0.0,1.0,0.0,0.0,1.0,1,2,[],[],"[""Y""]","[""2025-10-03T20:00:00.000""]","[""2163164"", ""2163165""]","[""FRONT"", ""FRONT-LEFT-CORNER""]","[""IL"", ""WI""]","[""JEEP"", ""SUBARU""]","[""STRAIGHT AHEAD"", ""TURNING LEFT""]","[""CHEROKEE"", ""LEGACY""]","[""1""]","[""NW"", ""S""]","[""1"", ""2""]","[""DRIVER""]","[""UNKNOWN""]","[""2062059"", ""2062064""]","[""PASSENGER"", ""SPORT UTILITY VEHICLE (SUV)""]","[""UNKNOWN/NA""]","[""2019"", ""2025""]",[],[],"[""Y""]",[],[],[],[],[],[],[],[],[],[],[],[],[],"['25', '52']","[""DID NOT DEPLOY""]","[""TEST NOT OFFERED""]","[""CHICAGO"", ""SHOREWOOD""]","[""2025-10-03T20:00:00.000""]","[""FAILED TO YIELD"", ""NONE""]","[""UNKNOWN""]","[""D""]","[""IL"", ""WI""]","[""NONE""]",[],"[""O2163164"", ""O2163165""]","[""DRIVER""]","[""NORMAL""]","[""USAGE UNKNOWN""]","[""F"", ""M""]","[""IL"", ""WI""]","[""2062059"", ""2062064""]","[""53211"", ""60630""]",[],[],[],[],[],[],2025,10,20,3,False,evening,41.94,-87.64,41.94_-87.64,38.5,25,52,FAILURE-TO-YIELD,0
STRAIGHT AND LEVEL,2433,2025-10-03 20:00:00,6,20,10,223FBB40E56FB18503CFAC3C61BC0F37B040A170E01463757778C128A7993CAC1EAB565BB936101D9F6E5BC714AB028A99F816656FD1BFA09ABFB0D836ACD35A,NO INJURY / DRIVE AWAY,"OVER $1,500",NO CONTROLS,PARKED MOTOR VEHICLE,41.9929701364,UNKNOWN,-87.671750801,2,25,UNABLE TO DETERMINE,NO DEFECTS,DRY,UNABLE TO DETERMINE,W,1636,NO CONTROLS,ONE-WAY,CLEAR,0.0,1.0,0.0,1.0,0.0,1.0,2,0,"[""Y""]",[],[],"[""2025-10-03T20:00:00.000""]","[""2163423"", ""2163424""]","[""FRONT-RIGHT-CORNER"", ""UNKNOWN""]","[""IL""]","[""NISSAN"", ""UNKNOWN""]","[""PARKED"", ""UNKNOWN/NA""]","[""ALTIMA"", ""OTHER (EXPLAIN IN NARRATIVE)""]","[""0"", ""1""]","[""E"", ""UNKNOWN""]","[""1"", ""2""]","[""DRIVER"", ""PARKED""]","[""NONE"", ""UNKNOWN""]","[""2062308"", ""2062309""]","[""PASSENGER"", ""UNKNOWN/NA""]","[""PERSONAL"", ""UNKNOWN/NA""]","[""2024""]",[],[],[],[],[],[],"[""Y""]",[],[],[],[],[],[],[],[],[],[],"[""DEPLOYMENT UNKNOWN""]","[""TEST NOT OFFERED""]",[],"[""2025-10-03T20:00:00.000""]","[""UNKNOWN""]","[""UNKNOWN""]",[],[],"[""NONE""]",[],"[""O2163423""]","[""DRIVER""]","[""UNKNOWN""]","[""USAGE UNKNOWN""]","[""X""]",[],"[""2062308""]",[],[],[],[],[],[],[],2025,10,20,3,False,evening,41.99,-87.67,41.99_-87.67,0.0,0,0,OTHER,0
STRAIGHT AND LEVEL,333,2025-10-03 20:00:00,6,20,10,115A8BB68471AB7B83E50A76245E2B18B07DEB0D2689F5E2F8A7F43500B6D77A1548E9E729D14EFE8F113164A9F1541FF4479B3DD8C23F7C3E04BB0C67C5C183,NO INJURY / DRIVE AWAY,"OVER $1,500",FUNCTIONING PROPERLY,REAR END,41.7589868647,"DARKNESS, LIGHTED ROAD",-87.576082626,2,30,IMPROPER OVERTAKING/PASSING,NO DEFECTS,DRY,UNABLE TO DETERMINE,E,2000,TRAFFIC SIGNAL,DIVIDED - W/MEDIAN (NOT RAISED),CLEAR,0.0,1.0,0.0,0.0,0.0,1.0,1,1,"[""Y""]",[],[],"[""2025-10-03T20:00:00.000""]","[""2163189"", ""2163190""]","[""FRONT"", ""REAR""]","[""IL""]","[""FORD"", ""MERCEDES-BENZ""]","[""MERGING"", ""STRAIGHT AHEAD""]","[""GLK350"", ""OTHER (EXPLAIN IN NARRATIVE)""]","[""1""]","[""E""]","[""1"", ""2""]","[""DRIVER""]","[""NONE""]","[""2062074"", ""2062081""]","[""SPORT UTILITY VEHICLE (SUV)"", ""VAN/MINI-VAN""]","[""COMMERCIAL - SINGLE UNIT"", ""PERSONAL""]","[""2010"", ""2023""]",[],[],[],[],[],"[""Y""]",[],[],[],"[""N""]",[],[],[],[],[],[],['25'],"[""DEPLOYMENT UNKNOWN"", ""DID NOT DEPLOY""]","[""TEST NOT OFFERED""]","[""CHICAGO""]","[""2025-10-03T20:00:00.000""]","[""IMPROPER LANE CHANGE"", ""NONE""]","[""NOT OBSCURED"", ""UNKNOWN""]","[""D""]","[""IL""]","[""NONE""]",[],"[""O2163189"", ""O2163190""]","[""DRIVER""]","[""NORMAL"", ""UNKNOWN""]","[""SAFETY BELT USED"", ""USAGE UNKNOWN""]","[""M""]","[""IL""]","[""2062074"", ""2062081""]","[""60649""]",[],[],[],[],[],[],2025,10,20,3,False,evening,41.76,-87.58,41.76_-87.58,25.0,25,25,OTHER,0
STRAIGHT AND LEVEL,1834,2025-10-03 19:45:00,6,19,10,EF84FE076441E2E992DF4DB4E8701BA1799CAD5985BAF28D5E0A0D5111BBFB83BDA228AA9533E81775B2ED11C35BEB97BA90E44FCADDC0A9160BF6AA3BDB31DE,NO INJURY / DRIVE AWAY,"OVER $1,500",FUNCTIONING PROPERLY,PARKED MOTOR VEHICLE,41.8894882678,"DARKNESS, LIGHTED ROAD",-87.6177670275,2,30,UNABLE TO DETERMINE,NO DEFECTS,DRY,NOT APPLICABLE,N,430,STOP SIGN/FLASHER,DIVIDED - W/MEDIAN (NOT RAISED),CLEAR,0.0,0.0,0.0,0.0,0.0,1.0,2,2,[],[],[],"[""2025-10-03T19:45:00.000""]","[""2164863"", ""2164864""]","[""FRONT-LEFT-CORNER"", ""REAR-RIGHT-CORNER""]","[""IL""]","[""DODGE"", ""TOYOTA""]","[""BACKING"", ""PARKED""]","[""MAGNUM"", ""RAV4""]","[""1""]","[""N"", ""S""]","[""1"", ""2""]","[""DRIVER"", ""PARKED""]","[""NONE""]","[""2063665"", ""2063667""]","[""PASSENGER"", ""SPORT UTILITY VEHICLE (SUV)""]","[""PERSONAL""]","[""2005"", ""2024""]",[],[],"[""N"", ""Y""]",[],[],[],"[""Y""]",[],[],[],"[""1""]",[],[],"[""N""]",[],[],"['60', '64']","[""NOT APPLICABLE""]","[""TEST NOT OFFERED""]","[""CHICAGO""]","[""2025-10-03T19:45:00.000""]","[""UNKNOWN""]","[""NOT OBSCURED""]","[""D""]","[""IL""]","[""NONE""]",[],"[""O2164863"", ""P477748""]","[""DRIVER"", ""PASSENGER""]","[""NORMAL""]","[""SAFETY BELT USED"", ""USAGE UNKNOWN""]","[""F"", ""M""]","[""IL""]","[""2063665"", ""2063667""]","[""60614"", ""60641""]",[],"[""1""]",[],[],[],[],2025,10,19,3,False,evening,41.89,-87.62,41.89_-87.62,62.0,60,64,OTHER,0
STRAIGHT AND LEVEL,1914,2025-10-03 19:45:00,6,19,10,DE101644EEC3E40EEC9CD77C478DBAEDC086B11E2B50457CF5A18823D1844A2274435E893A683844FD476AC1806DB8E4195E01A933DF9DCCD1302BE6A29B8A6F,NO INJURY / DRIVE AWAY,$500 OR LESS,NO CONTROLS,PARKED MOTOR VEHICLE,41.96718583,DUSK,-87.653693274,2,30,UNABLE TO DETERMINE,NO DEFECTS,DRY,NOT APPLICABLE,W,925,NO CONTROLS,NOT DIVIDED,CLEAR,0.0,0.0,0.0,0.0,0.0,1.0,2,0,[],[],"[""Y""]","[""2025-10-03T19:45:00.000""]","[""2164029"", ""2164030""]","[""FRONT"", ""REAR""]","[""IL"", ""MI""]","[""FORD"", ""TOYOTA""]","[""OTHER"", ""PARKED""]","[""ESCAPE"", ""OTHER (EXPLAIN IN NARRATIVE)""]","[""0"", ""1""]","[""W""]","[""1"", ""2""]","[""DRIVER"", ""PARKED""]","[""NONE""]","[""2062878"", ""2062881""]","[""PASSENGER""]","[""NOT IN USE"", ""PERSONAL""]","[""2025""]",[],[],[],[],[],[],"[""Y""]",[],[],[],[],[],[],[],[],[],[],"[""DEPLOYMENT UNKNOWN""]","[""TEST NOT OFFERED""]",[],"[""2025-10-03T19:45:00.000""]","[""NONE""]","[""UNKNOWN""]",[],[],"[""NONE""]",[],"[""O2164029""]","[""DRIVER""]","[""UNKNOWN""]","[""USAGE UNKNOWN""]","[""M""]",[],"[""2062878""]",[],[],[],[],[],[],[],2025,10,19,3,False,evening,41.97,-87.65,41.97_-87.65,0.0,0,0,OTHER,0