alignment,beat_of_occurrence,crash_date,crash_day_of_week,crash_hour,crash_month,crash_record_id,crash_type,damage,device_condition,first_crash_type,latitude,lighting_condition,longitude,num_units,posted_speed_limit,prim_contributory_cause,road_defect,roadway_surface_cond,sec_contributory_cause,street_direction,street_no,traffic_control_device,trafficway_type,weather_condition,private_property_i,hit_and_run_i,intersection_related_i,crash_date_est_i,work_zone_i,workers_present_i,veh_count,ppl_count,veh_area_01_i_list_json,veh_area_02_i_list_json,veh_area_12_i_list_json,veh_crash_date_list_json,veh_crash_unit_id_list_json,veh_first_contact_point_list_json,veh_lic_plate_state_list_json,veh_make_list_json,veh_maneuver_list_json,veh_model_list_json,veh_occupant_cnt_list_json,veh_travel_direction_list_json,veh_unit_no_list_json,veh_unit_type_list_json,veh_vehicle_defect_list_json,veh_vehicle_id_list_json,veh_vehicle_type_list_json,veh_vehicle_use_list_json,veh_vehicle_year_list_json,veh_area_03_i_list_json,veh_area_04_i_list_json,veh_area_11_i_list_json,veh_towed_by_list_json,veh_towed_i_list_json,veh_area_07_i_list_json,veh_area_99_i_list_json,veh_area_09_i_list_json,veh_area_10_i_list_json,veh_cmrc_veh_i_list_json,veh_num_passengers_list_json,veh_area_08_i_list_json,veh_area_00_i_list_json,veh_area_05_i_list_json,veh_area_06_i_list_json,veh_towed_to_list_json,ppl_age_list_json,ppl_airbag_deployed_list_json,ppl_bac_result_list_json,ppl_city_list_json,ppl_crash_date_list_json,ppl_driver_action_list_json,ppl_driver_vision_list_json,ppl_drivers_license_class_list_json,ppl_drivers_license_state_list_json,ppl_ejection_list_json,ppl_hospital_list_json,ppl_person_id_list_json,ppl_person_type_list_json,ppl_physical_condition_list_json,ppl_safety_equipment_list_json,ppl_sex_list_json,ppl_state_list_json,ppl_vehicle_id_list_json,ppl_zipcode_list_json,ppl_ems_agency_list_json,ppl_seat_no_list_json,ppl_pedpedal_action_list_json,ppl_pedpedal_location_list_json,ppl_pedpedal_visibility_list_json,ppl_ems_run_no_list_json,year,month,hour,day,is_weekend,hour_bin,lat_bin,lng_bin,grid_id,ppl_age_mean,ppl_age_min,ppl_age_max,prim_contributory_cause_group,ksi_flag
STRAIGHT AND LEVEL,1814,2025-10-03 19:45:00,6,19,10,28B6621C5C55B5E45CD83FD5459495086E8BDDBD1DC790E7AF11D40939E5F169D0AB462993106C3D67B5629590F94382B26CFD7B17DAF9A2F8615B4A991BAFB6,NO INJURY / DRIVE AWAY,"OVER $1,500",NO CONTROLS,SIDESWIPE SAME DIRECTION,41.9166358564,"DARKNESS, LIGHTED ROAD",-87.6377643586,2,30,IMPROPER OVERTAKING/PASSING,UNKNOWN,DRY,FAILING TO REDUCE SPEED TO AVOID CRASH,W,334,NO CONTROLS,NOT DIVIDED,CLEAR,0.0,1.0,0.0,0.0,0.0,1.0,1,1,[],[],[],"[""2025-10-03T19:45:00.000""]","[""2163145"", ""2163146""]","[""FRONT-LEFT-CORNER"", ""UNKNOWN""]","[""AZ"", ""IL""]","[""DODGE"", ""FORD""]","[""PASSING/OVERTAKING"", ""SLOW/STOP IN TRAFFIC""]","[""OTHER (EXPLAIN IN NARRATIVE)""]","[""1"", ""2""]","[""W""]","[""1"", ""2""]","[""DRIVER""]","[""NONE"", ""UNKNOWN""]","[""2062038"", ""2062045""]","[""OTHER"", ""TRUCK - SINGLE UNIT""]","[""TOW TRUCK"", ""UNKNOWN/NA""]","[""2015"", ""2018""]",[],[],"[""Y""]",[],[],[],"[""Y""]",[],[],[],"[""1""]",[],[],[],[],[],['28'],"[""DEPLOYMENT UNKNOWN"", ""DID NOT DEPLOY""]","[""TEST NOT OFFERED""]","[""CHICAGO""]","[""2025-10-03T19:45:00.000""]","[""IMPROPER PASSING"", ""NONE""]","[""NOT OBSCURED"", ""UNKNOWN""]","[""C""]","[""IL""]","[""NONE""]",[],"[""O2163145"", ""O2163146"", ""P477366""]","[""DRIVER"", ""PASSENGER""]","[""NORMAL"", ""UNKNOWN""]","[""USAGE UNKNOWN""]","[""F"", ""M""]","[""IL""]","[""2062038"", ""2062045""]","[""60654""]",[],"[""3""]",[],[],[],[],2025,10,19,3,False,evening,41.92,-87.64,41.92_-87.64,28.0,28,28,OTHER,0
STRAIGHT AND LEVEL,111,2025-10-03 19:44:00,6,19,10,C34C3B2FB301992C772F2995F3FFFA3FA81D69E04451C4AC00722CD4736EB9AA0E688D85E0B71420A477A8D4EA9375821608BC172E055D943875C27DD24ABF97,NO INJURY / DRIVE AWAY,"OVER $1,500",NO CONTROLS,SIDESWIPE SAME DIRECTION,41.8847797046,"DARKNESS, LIGHTED ROAD",-87.6308006675,2,30,UNABLE TO DETERMINE,NO DEFECTS,DRY,UNABLE TO DETERMINE,N,161,NO CONTROLS,ONE-WAY,CLEAR,0.0,1.0,0.0,0.0,0.0,1.0,1,1,[],[],[],"[""2025-10-03T19:44:00.000""]","[""2163159"", ""2163160""]","[""FRONT"", ""SIDE-LEFT-REAR""]","[""IL""]","[""TOYOTA"", ""UNKNOWN""]","[""STRAIGHT AHEAD"", ""UNKNOWN/NA""]","[""MOTORIZED"", ""RAV4""]","[""1""]","[""S""]","[""1"", ""2""]","[""DRIVER""]","[""NONE"", ""UNKNOWN""]","[""2062050"", ""2062060""]","[""PASSENGER""]","[""PERSONAL"", ""UNKNOWN/NA""]","[""2025""]",[],[],[],[],[],"[""Y""]","[""Y""]",[],[],[],[],"[""Y""]",[],[],[],[],['27'],"[""DEPLOYMENT UNKNOWN"", ""NOT APPLICABLE""]","[""TEST NOT OFFERED""]","[""CHICAGO""]","[""2025-10-03T19:44:00.000""]","[""UNKNOWN""]","[""NOT OBSCURED"", ""UNKNOWN""]","[""D""]","[""IL""]","[""UNKNOWN""]",[],"[""O2163159"", ""O2163160""]","[""DRIVER""]","[""NORMAL"", ""UNKNOWN""]","[""NONE PRESENT"", ""USAGE UNKNOWN""]","[""M"", ""X""]","[""IL""]","[""2062050"", ""2062060""]","[""60659""]",[],[],[],[],[],[],2025,10,19,3,False,evening,41.88,-87.63,41.88_-87.63,27.0,27,27,OTHER,0
STRAIGHT AND LEVEL,2212,2025-10-03 19:44:00,6,19,10,A66CD90502C1395985F3EC733C4EFBCD59D2D4BDF890F880EC0D89641D5AE898168FC5479344754F53D6C5D5880403A160951A2F620F93524ACC30397D4499A4,INJURY AND / OR TOW DUE TO CRASH,"OVER $1,500",NO CONTROLS,PARKED MOTOR VEHICLE,41.6989429263,"DARKNESS, LIGHTED ROAD",-87.6851450646,2,30,UNABLE TO DETERMINE,UNKNOWN,DRY,UNABLE TO DETERMINE,W,2533,NO CONTROLS,NOT DIVIDED,CLEAR,0.0,0.0,0.0,0.0,0.0,1.0,2,1,"[""Y""]",[],"[""Y""]","[""2025-10-03T19:44:00.000""]","[""2163166"", ""2163167""]","[""FRONT"", ""REAR-LEFT-CORNER""]","[""IL""]","[""HYUNDAI"", ""TOYOTA""]","[""PARKED"", ""STRAIGHT AHEAD""]","[""COROLLA"", ""ELANTRA""]","[""0"", ""1""]","[""S""]","[""1"", ""2""]","[""DRIVER"", ""DRIVERLESS""]","[""UNKNOWN""]","[""2062061"", ""2062063""]","[""PASSENGER""]","[""NOT IN USE"", ""PERSONAL""]","[""2006"", ""2024""]",[],[],"[""Y""]",[],[],"[""Y""]",[],[],[],[],[],[],[],[],[],[],['24'],"[""DEPLOYMENT UNKNOWN""]","[""TEST NOT OFFERED""]","[""ALSIP""]","[""2025-10-03T19:44:00.000""]","[""UNKNOWN""]","[""UNKNOWN""]","[""D""]","[""IL""]","[""NONE""]","[""LCM""]","[""O2163166""]","[""DRIVER""]","[""UNKNOWN""]","[""USAGE UNKNOWN""]","[""F""]","[""IL""]","[""2062061""]","[""60803""]","[""17""]",[],[],[],[],[],2025,10,19,3,False,evening,41.7,-87.69,41.7_-87.69,24.0,24,24,OTHER,1
STRAIGHT AND LEVEL,2534,2025-10-03 19:40:00,6,19,10,CF11A56A35306B3C8630DEB4A2FB26D8BF223FD3AB99A028C6A594D609D5D9DF1E96DB2A4F96A695F6217DB489653FC24BA821E6F90CDEA5C122343DBB4C87AC,NO INJURY / DRIVE AWAY,$500 OR LESS,FUNCTIONING PROPERLY,REAR END,41.9098866865,"DARKNESS, LIGHTED ROAD",-87.7346768456,2,30,DISTRACTION - FROM INSIDE VEHICLE,NO DEFECTS,DRY,FOLLOWING TOO CLOSELY,W,4322,STOP SIGN/FLASHER,NOT DIVIDED,CLEAR,0.0,1.0,0.0,0.0,0.0,1.0,1,1,"[""Y""]",[],"[""Y""]","[""2025-10-03T19:40:00.000""]","[""2163687"", ""2163688""]","[""FRONT"", ""REAR""]","[""IL""]","[""FORD"", ""TOYOTA""]","[""SLOW/STOP IN TRAFFIC"", ""STRAIGHT AHEAD""]","[""VAN"", ""YARIS""]","[""1""]","[""W""]","[""1"", ""2""]","[""DRIVER""]","[""NONE"", ""UNKNOWN""]","[""2062560"", ""2062569""]","[""OTHER"", ""PASSENGER""]","[""PERSONAL"", ""UNKNOWN/NA""]","[""2006"", ""2015""]",[],[],"[""Y""]",[],[],"[""Y""]",[],[],[],[],[],[],[],"[""Y""]","[""Y""]",[],['31'],"[""DEPLOYMENT UNKNOWN"", ""DID NOT DEPLOY""]","[""TEST NOT OFFERED""]","[""CHICAGO""]","[""2025-10-03T19:40:00.000""]","[""DISREGARDED CONTROL DEVICES"", ""NONE""]","[""NOT OBSCURED"", ""UNKNOWN""]","[""D""]","[""IL""]","[""NONE""]",[],"[""O2163687"", ""O2163688""]","[""DRIVER""]","[""NORMAL"", ""UNKNOWN""]","[""SAFETY BELT USED"", ""USAGE UNKNOWN""]","[""M""]","[""IL""]","[""2062560"", ""2062569""]","[""60639""]",[],[],[],[],[],[],2025,10,19,3,False,evening,41.91,-87.73,41.91_-87.73,31.0,31,31,DISTRACTION/INATTENTION,0
STRAIGHT AND LEVEL,1224,2025-10-03 19:35:00,6,19,10,7D3F19643B3768353C7B8C2C8AB7A766E4AF8BA8D366B528CBF79E85053F3660247DA508D557D38959844D893014F416C6A5777D1FCFB8BD4DDEB000EC43E5F5,NO INJURY / DRIVE AWAY,"OVER $1,500",FUNCTIONING PROPERLY,ANGLE,41.8831741685,"DARKNESS, LIGHTED ROAD",-87.6520164537,2,30,DISREGARDING TRAFFIC SIGNALS,NO DEFECTS,DRY,DISREGARDING TRAFFIC SIGNALS,W,998,TRAFFIC SIGNAL,NOT DIVIDED,CLEAR,0.0,0.0,1.0,0.0,0.0,1.0,1,2,"[""Y""]","[""Y""]","[""Y""]","[""2025-10-03T19:35:00.000""]","[""2163141"", ""2163142""]","[""FRONT-LEFT-CORNER"", ""FRONT-RIGHT-CORNER""]","[""IL"", ""TX""]","[""GENESIS"", ""VOLKSWAGEN""]","[""STRAIGHT AHEAD""]","[""G80"", ""PASSAT""]","[""1""]","[""E"", ""S""]","[""1"", ""2""]","[""DRIVER""]","[""UNKNOWN""]","[""2062035"", ""2062048""]","[""PASSENGER""]","[""PERSONAL""]","[""2016"", ""2017""]",[],[],"[""Y""]",[],[],[],[],[],[],[],[],[],[],[],[],[],"['28', '39']","[""NOT APPLICABLE""]","[""TEST NOT OFFERED""]","[""CHICAGO""]","[""2025-10-03T19:35:00.000""]","[""DISREGARDED CONTROL DEVICES"", ""NONE""]","[""NOT OBSCURED""]","[""C"", ""D""]","[""IL""]","[""NONE""]","[""REFUSED""]","[""O2163141"", ""O2163142""]","[""DRIVER""]","[""NORMAL""]","[""USAGE UNKNOWN""]","[""M""]","[""IL""]","[""2062035"", ""2062048""]","[""60607"", ""60608""]","[""N/A""]",[],[],[],[],[],2025,10,19,3,False,evening,41.88,-87.65,41.88_-87.65,33.5,28,39,OTHER,0
STRAIGHT AND LEVEL,2213,2025-10-03 19:30:00,6,19,10,05AB017F3962036687C528D1711C5FD36DC6EBE7313BFC9C1199B5A6F02F4F5748AAD792AE475F59B1450BBF48FFF33E496C6DD41B122B93F792134B0A957B9B,NO INJURY / DRIVE AWAY,"OVER $1,500",NO CONTROLS,REAR END,41.7139740833,"DARKNESS, LIGHTED ROAD",-87.6690147696,2,30,FOLLOWING TOO CLOSELY,NO DEFECTS,DRY,FAILING TO YIELD RIGHT-OF-WAY,W,1900,NO CONTROLS,NOT DIVIDED,CLEAR,0.0,0.0,1.0,0.0,0.0,1.0,1,2,"[""Y""]",[],"[""Y""]","[""2025-10-03T19:30:00.000""]","[""2163179"", ""2163180""]","[""FRONT"", ""REAR""]","[""IL""]","[""FORD"", ""HONDA""]","[""STRAIGHT AHEAD""]","[""CIVIC"", ""ESCAPE""]","[""1"", ""2""]","[""E""]","[""1"", ""2""]","[""DRIVER""]","[""NONE""]","[""2062083"", ""2062121""]","[""PASSENGER""]","[""PERSONAL""]","[""2012"", ""2022""]",[],[],"[""Y""]",[],[],"[""Y""]",[],[],[],[],"[""1""]",[],[],"[""Y""]","[""Y""]",[],"['18', '54']","[""DEPLOYMENT UNKNOWN"", ""DID NOT DEPLOY"", ""NOT APPLICABLE""]","[""TEST NOT OFFERED""]","[""CHICAGO"", ""EVERGREEN"", ""UNK""]","[""2025-10-03T19:30:00.000""]","[""FOLLOWED TOO CLOSELY"", ""NONE""]","[""NOT OBSCURED""]","[""D""]","[""IL""]","[""NONE"", ""UNKNOWN""]",[],"[""O2163179"", ""O2163180"", ""P477383""]","[""DRIVER"", ""PASSENGER""]","[""NORMAL""]","[""SAFETY BELT USED"", ""USAGE UNKNOWN""]","[""F""]","[""IL""]","[""2062083"", ""2062121""]","[""60620"", ""60805""]",[],"[""3""]",[],[],[],[],2025,10,19,3,False,evening,41.71,-87.67,41.71_-87.67,36.0,18,54,FOLLOWING TOO CLOSELY,0
STRAIGHT AND LEVEL,1822,2025-10-03 19:26:00,6,19,10,CDBE9E572063D26179C67604720BD9FF6532DDE008D4BB455B0F4863519FF9F2CFEF7A00A10D9E9E7987A4837871E622CE77FCEC72D71F4D8DD5A088D8068C82,NO INJURY / DRIVE AWAY,"OVER $1,500",NO CONTROLS,SIDESWIPE SAME DIRECTION,41.9107292921,DUSK,-87.6531526219,2,30,IMPROPER OVERTAKING/PASSING,UNKNOWN,UNKNOWN,FAILING TO REDUCE SPEED TO AVOID CRASH,W,1001,NO CONTROLS,DIVIDED - W/MEDIAN (NOT RAISED),CLEAR,0.0,1.0,0.0,0.0,0.0,1.0,1,1,[],[],[],"[""2025-10-03T19:26:00.000""]","[""2163133"", ""2163134""]","[""REAR-LEFT-CORNER"", ""UNKNOWN""]","[""IL"", ""TX""]","[""JEEP"", ""LINCOLN""]","[""PASSING/OVERTAKING"", ""SLOW/STOP IN TRAFFIC""]","[""GRAND CHEROKEE"", ""NAVIGATOR""]","[""1""]","[""E""]","[""1"", ""2""]","[""DRIVER""]","[""NONE"", ""UNKNOWN""]","[""2062027"", ""2062028""]","[""SPORT UTILITY VEHICLE (SUV)""]","[""PERSONAL"", ""UNKNOWN/NA""]","[""2023"", ""2025""]",[],[],[],[],[],"[""Y""]","[""Y""]",[],[],[],[],"[""Y""]",[],[],[],[],['28'],"[""DEPLOYMENT UNKNOWN"", ""DID NOT DEPLOY""]","[""TEST NOT OFFERED""]","[""CHICAGO""]","[""2025-10-03T19:26:00.000""]","[""IMPROPER PASSING"", ""NONE""]","[""NOT OBSCURED"", ""UNKNOWN""]","[""D""]","[""IL""]","[""NONE""]",[],"[""O2163133"", ""O2163134""]","[""DRIVER""]","[""NORMAL"", ""UNKNOWN""]","[""SAFETY BELT USED"", ""USAGE UNKNOWN""]","[""F"", ""X""]","[""IL""]","[""2062027"", ""2062028""]","[""60626""]",[],[],[],[],[],[],2025,10,19,3,False,evening,41.91,-87.65,41.91_-87.65,28.0,28,28,OTHER,0
STRAIGHT AND LEVEL,2512,2025-10-03 19:25:00,6,19,10,271B024EB0FBD2752DFF9EBD83B8906F115A3DF6FA94D404F439D67CFDA20DD29413FFE9456521F6B8B5AD1C11B48892B081FE375FFADC4BDF615FD6F7B8C097,NO INJURY / DRIVE AWAY,"OVER $1,500",FUNCTIONING PROPERLY,REAR TO FRONT,41.9225488617,"DARKNESS, LIGHTED ROAD",-87.7855297562,2,30,IMPROPER BACKING,UNKNOWN,DRY,"OPERATING VEHICLE IN ERRATIC, RECKLESS, CARELESS, NEGLIGENT OR AGGRESSIVE MANNER",W,6401,STOP SIGN/FLASHER,NOT DIVIDED,CLEAR,0.0,1.0,0.0,0.0,0.0,1.0,1,1,[],[],"[""Y""]","[""2025-10-03T19:25:00.000""]","[""2163139"", ""2163140""]","[""FRONT"", ""REAR""]","[""IL"", ""WI""]","[""LEXUS"", ""TOYOTA""]","[""BACKING"", ""SLOW/STOP IN TRAFFIC""]","[""RX350"", ""SIENNA""]","[""1""]","[""E"", ""W""]","[""1"", ""2""]","[""DRIVER""]","[""UNKNOWN""]","[""2062032"", ""2062044""]","[""SPORT UTILITY VEHICLE (SUV)"", ""VAN/MINI-VAN""]","[""PERSONAL"", ""UNKNOWN/NA""]","[""2004"", ""2017""]",[],[],[],[],[],[],"[""Y""]",[],[],[],[],[],[],[],[],[],['58'],"[""DEPLOYMENT UNKNOWN"", ""DID NOT DEPLOY""]","[""TEST NOT OFFERED""]","[""MEQUON""]","[""2025-10-03T19:25:00.000""]","[""IMPROPER BACKING"", ""OTHER""]","[""NOT OBSCURED"", ""UNKNOWN""]","[""D""]","[""WI""]","[""NONE""]",[],"[""O2163139"", ""O2163140""]","[""DRIVER""]","[""NORMAL"", ""UNKNOWN""]","[""SAFETY BELT USED"", ""USAGE UNKNOWN""]","[""F"", ""M""]","[""WI""]","[""2062032"", ""2062044""]","[""53097""]",[],[],[],[],[],[],2025,10,19,3,False,evening,41.92,-87.79,41.92_-87.79,58.0,58,58,OTHER,0
STRAIGHT AND LEVEL,1831,2025-10-03 19:20:00,6,19,10,84728D65394A157960DC15110AF3824F55FCD2AFA698CABE155129F0AC04960CE5E5BCB1EF0D5DD8B8A4AB7AEFE6A22B5204DFF212FF7187150E64380386AE44,NO INJURY / DRIVE AWAY,$500 OR LESS,FUNCTIONING PROPERLY,REAR END,41.8947091562,DARKNESS,-87.6372715049,2,30,FOLLOWING TOO CLOSELY,NO DEFECTS,DRY,FOLLOWING TOO CLOSELY,N,678,TRAFFIC SIGNAL,NOT DIVIDED,CLEAR,0.0,0.0,0.0,0.0,0.0,1.0,1,1,[],[],[],"[""2025-10-03T19:20:00.000""]","[""2163125"", ""2163126""]","[""REAR"", ""UNKNOWN""]","[""IL"", ""IN""]","[""HYUNDAI"", ""MAZDA""]","[""STRAIGHT AHEAD""]","[""MAZDA3"", ""SANTA FE""]","[""1""]","[""S""]","[""1"", ""2""]","[""DRIVER""]","[""NONE""]","[""2062014"", ""2062019""]","[""PASSENGER"", ""SPORT UTILITY VEHICLE (SUV)""]","[""PERSONAL"", ""UNKNOWN/NA""]","[""2022"", ""2026""]",[],[],[],[],[],[],"[""Y""]",[],[],[],[],[],[],[],"[""Y""]",[],['33'],"[""DEPLOYMENT UNKNOWN"", ""NOT APPLICABLE""]","[""TEST NOT OFFERED""]","[""CHICAGO""]","[""2025-10-03T19:20:00.000""]","[""FOLLOWED TOO CLOSELY"", ""NONE""]","[""NOT OBSCURED"", ""UNKNOWN""]",[],"[""IL""]","[""NONE""]",[],"[""O2163125"", ""O2163126""]","[""DRIVER""]","[""NORMAL"", ""UNKNOWN""]","[""SAFETY BELT USED"", ""USAGE UNKNOWN""]","[""M""]","[""IL""]","[""2062014"", ""2062019""]","[""60625""]",[],[],[],[],[],[],2025,10,19,3,False,evening,41.89,-87.64,41.89_-87.64,33.0,33,33,FOLLOWING TOO CLOSELY,0
STRAIGHT AND LEVEL,821,2025-10-03 19:18:00,6,19,10,E52F59F709F67E691ED03A12A62986B6F862FD1ADC2D08A170FC0E4BCAA2FBCA021BA1A4745BD216B7C2E6A9DF05335D714EEF00469B1AEB43620BE20BFB9B36,INJURY AND / OR TOW DUE TO CRASH,"OVER $1,500",FUNCTIONING PROPERLY,REAR END,41.807958146,DARKNESS,-87.7140060064,3,30,FAILING TO YIELD RIGHT-OF-WAY,NO DEFECTS,DRY,FAILING TO YIELD RIGHT-OF-WAY,S,4691,TRAFFIC SIGNAL,CENTER TURN LANE,CLEAR,0.0,1.0,0.0,0.0,0.0,1.0,1,4,"[""Y""]",[],"[""Y""]","[""2025-10-03T19:18:00.000""]","[""2163152"", ""2163153"", ""2163154""]","[""FRONT"", ""REAR""]","[""IL""]","[""BUICK"", ""FORD"", ""KIA""]","[""STRAIGHT AHEAD""]","[""ENCLAVE"", ""ESCAPE"", ""OPTIMA / K5""]","[""2"", ""3""]","[""SW""]","[""1"", ""2"", ""3""]","[""DRIVER""]","[""NONE""]","[""2062043"", ""2062057"", ""2062062""]","[""PASSENGER"", ""SPORT UTILITY VEHICLE (SUV)""]","[""PERSONAL"", ""UNKNOWN/NA""]","[""2012"", ""2016"", ""2020""]",[],[],"[""Y""]",[],"[""Y""]","[""Y""]",[],[],[],[],"[""1"", ""2""]",[],[],"[""Y""]","[""Y""]",[],"['10', '37', '39', '8']","[""DEPLOYED, FRONT"", ""DID NOT DEPLOY""]","[""TEST NOT OFFERED""]","[""CHICAGO""]","[""2025-10-03T19:18:00.000""]","[""FAILED TO YIELD"", ""NONE""]","[""NOT OBSCURED"", ""UNKNOWN""]","[""D""]","[""IL""]","[""NONE""]",[],"[""O2163152"", ""O2163153"", ""O2163154"", ""P477365"", ""P477371"", ""P477372"", ""P477373""]","[""DRIVER"", ""PASSENGER""]","[""NORMAL"", ""UNKNOWN""]","[""SAFETY BELT USED"", ""USAGE UNKNOWN""]","[""F"", ""M""]","[""IL""]","[""2062043"", ""2062057"", ""2062062""]","[""60608"", ""60629""]",[],"[""3"", ""4"", ""6""]",[],[],[],[],2025,10,19,3,False,evening,41.81,-87.71,41.81_-87.71,23.5,8,39,FAILURE-TO-YIELD,0
STRAIGHT AND LEVEL,2232,2025-10-03 19:00:00,6,19,10,029F19E9A87276A31EA1304AAF6CE545495880679B75F68C9E880D837B1BFEAE383A2610C1828211DD45538DE3E02A5DE30A278FF64EB2CBE116C8E2A04C0956,INJURY AND / OR TOW DUE TO CRASH,"OVER $1,500",NO CONTROLS,SIDESWIPE SAME DIRECTION,41.7086439852,"DARKNESS, LIGHTED ROAD",-87.6430243478,2,30,DRIVING SKILLS/KNOWLEDGE/EXPERIENCE,NO DEFECTS,DRY,NOT APPLICABLE,S,10200,NO CONTROLS,NOT DIVIDED,CLEAR,0.0,1.0,0.0,0.0,0.0,1.0,1,2,"[""Y""]","[""Y""]","[""Y""]","[""2025-10-03T19:00:00.000""]","[""2164113"", ""2164114""]","[""FRONT-RIGHT-CORNER"", ""SIDE-LEFT""]","[""IL""]","[""FORD"", ""KIA""]","[""STRAIGHT AHEAD""]","[""EXPLORER"", ""SORENTO""]","[""1""]","[""S""]","[""1"", ""2""]","[""DRIVER""]","[""NONE"", ""UNKNOWN""]","[""2062950"", ""2062951""]","[""PASSENGER"", ""SPORT UTILITY VEHICLE (SUV)""]","[""PERSONAL"", ""POLICE""]","[""2011"", ""2022""]","[""Y""]",[],"[""Y""]","[""E&R""]","[""Y""]",[],[],"[""Y""]","[""Y""]",[],[],"[""Y""]",[],[],[],"[""10300 S DOTY""]","['16', '57']","[""DID NOT DEPLOY"", ""NOT APPLICABLE""]","[""TEST NOT OFFERED""]","[""CHICAGO""]","[""2025-10-03T19:00:00.000""]","[""OTHER"", ""UNKNOWN""]","[""NOT OBSCURED"", ""UNKNOWN""]","[""DM""]","[""IL""]","[""NONE""]",[],"[""O2164113"", ""O2164114""]","[""DRIVER""]","[""NORMAL"", ""UNKNOWN""]","[""SAFETY BELT USED"", ""USAGE UNKNOWN""]","[""M""]","[""IL""]","[""2062950"", ""2062951""]","[""60653"", ""60827""]",[],[],[],[],[],[],2025,10,19,3,False,evening,41.71,-87.64,41.71_-87.64,36.5,16,57,OTHER,0
STRAIGHT AND LEVEL,1723,2025-10-03 19:00:00,6,19,10,7C2E5FF1917D9B78E87591ED9FE4A4F9892BDF21F995C300E29C8966A51F34BB4C506E5DD9D001D6138402990EBDBA0CC0E1D68199C92E11F6D5CA287B92FD92,NO INJURY / DRIVE AWAY,"OVER $1,500",NO CONTROLS,PARKED MOTOR VEHICLE,41.9638747064,UNKNOWN,-87.7143003627,2,20,UNABLE TO DETERMINE,UNKNOWN,UNKNOWN,NOT APPLICABLE,N,4531,NO CONTROLS,ONE-WAY,CLEAR,0.0,1.0,0.0,1.0,0.0,1.0,2,0,[],[],[],"[""2025-10-03T19:00:00.000""]","[""2163415"", ""2163416""]","[""FRONT"", ""REAR""]","[""IL""]","[""JEEP"", ""UNKNOWN""]","[""PARKED"", ""UNKNOWN/NA""]","[""MOTORIZED"", ""WRANGLER""]","[""0"", ""1""]","[""N""]","[""1"", ""2""]","[""DRIVER"", ""PARKED""]","[""UNKNOWN""]","[""2062297"", ""2062300""]","[""SPORT UTILITY VEHICLE (SUV)"", ""UNKNOWN/NA""]","[""NOT IN USE"", ""UNKNOWN/NA""]","[""2021""]",[],[],[],[],[],"[""Y""]","[""Y""]",[],[],[],[],[],[],"[""Y""]","[""Y""]",[],[],"[""DEPLOYMENT UNKNOWN""]","[""TEST NOT OFFERED""]",[],"[""2025-10-03T19:00:00.000""]","[""IMPROPER PARKING""]","[""UNKNOWN""]",[],[],"[""NONE""]",[],"[""O2163415""]","[""DRIVER""]","[""UNKNOWN""]","[""USAGE UNKNOWN""]","[""X""]",[],"[""2062297""]",[],[],[],[],[],[],[],2025,10,19,3,False,evening,41.96,-87.71,41.96_-87.71,0.0,0,0,OTHER,0
STRAIGHT AND LEVEL,711,2025-10-03 19:00:00,6,19,10,0818ED762BE23BF6E2916970BF732FC308DFCBDD47880BC52124E3E597A78A8322A2389DBDBFF82A627163E50AB65F47E76B8551D5F37FDEA52EAE04004436C9,NO INJURY / DRIVE AWAY,"OVER $1,500",NO CONTROLS,PARKED MOTOR VEHICLE,41.78083961,DAWN,-87.6324957223,2,30,NOT APPLICABLE,NO DEFECTS,DRY,NOT APPLICABLE,S,6223,NO CONTROLS,OTHER,CLEAR,0.0,1.0,0.0,0.0,0.0,1.0,2,0,"[""Y""]","[""Y""]",[],"[""2025-10-03T19:00:00.000""]","[""2163162"", ""2163163""]","[""REAR-LEFT-CORNER"", ""UNKNOWN""]","[""IL""]","[""BUICK"", ""UNKNOWN""]","[""PARKED"", ""UNKNOWN/NA""]","[""LACROSSE"", ""MOTORIZED""]","[""0"", ""1""]","[""UNKNOWN""]","[""1"", ""2""]","[""DRIVER"", ""PARKED""]","[""NONE"", ""UNKNOWN""]","[""2062055"", ""2062058""]","[""PASSENGER"", ""UNKNOWN/NA""]","[""PERSONAL"", ""UNKNOWN/NA""]","[""2011""]",[],[],[],[],[],"[""Y""]","[""Y""]","[""Y""]",[],[],[],"[""Y""]",[],[],[],[],[],"[""DEPLOYMENT UNKNOWN""]","[""TEST NOT OFFERED""]",[],"[""2025-10-03T19:00:00.000""]","[""UNKNOWN""]","[""UNKNOWN""]",[],[],"[""UNKNOWN""]",[],"[""O2163162""]","[""DRIVER""]","[""UNKNOWN""]","[""USAGE UNKNOWN""]","[""X""]",[],"[""2062055""]",[],[],[],[],[],[],[],2025,10,19,3,False,evening,41.78,-87.63,41.78_-87.63,0.0,0,0,OTHER,0
STRAIGHT AND LEVEL,1834,2025-10-03 19:00:00,6,19,10,271034B56D93CAF5D3527570FDCBF1F5C0565ABD6CB6E51D0FDFD71E210AECB0C1E32143EAFACF558791DBA275D8BE10F1DEBE9FC5C1F91F02D3DD15C9E9B94C,NO INJURY / DRIVE AWAY,"$501 - $1,500",NO CONTROLS,PARKED MOTOR VEHICLE,41.8920941369,DUSK,-87.6115698839,2,10,UNABLE TO DETERMINE,NO DEFECTS,DRY,UNABLE TO DETERMINE,E,600,NO CONTROLS,PARKING LOT,CLEAR,0.0,0.0,0.0,0.0,0.0,1.0,2,0,"[""Y""]",[],[],"[""2025-10-03T19:00:00.000""]","[""2163191"", ""2163192""]","[""FRONT-RIGHT-CORNER"", ""SIDE-RIGHT""]","[""IL""]","[""BMW"", ""TOYOTA""]","[""LEAVING TRAFFIC LANE TO PARK"", ""PARKED""]","[""CAMRY"", ""M-3""]","[""0"", ""1""]","[""E""]","[""1"", ""2""]","[""DRIVER"", ""PARKED""]","[""UNKNOWN""]","[""2062078"", ""2062079""]","[""PASSENGER""]","[""NOT IN USE"", ""PERSONAL""]",[],"[""Y""]",[],[],[],[],[],[],[],[],[],[],[],[],[],[],[],[],"[""NOT APPLICABLE""]","[""TEST NOT OFFERED""]","[""KRONENWETTER""]","[""2025-10-03T19:00:00.000""]","[""OTHER""]","[""UNKNOWN""]",[],"[""WI""]","[""NONE""]",[],"[""O2163191""]","[""DRIVER""]","[""NORMAL""]","[""USAGE UNKNOWN""]","[""F""]","[""WI""]","[""2062078""]","[""54455""]",[],[],[],[],[],[],2025,10,19,3,False,evening,41.89,-87.61,41.89_-87.61,0.0,0,0,OTHER,0