alignment,beat_of_occurrence,crash_date,crash_day_of_week,crash_hour,crash_month,crash_record_id,crash_type,damage,device_condition,first_crash_type,latitude,lighting_condition,longitude,num_units,posted_speed_limit,prim_contributory_cause,road_defect,roadway_surface_cond,sec_contributory_cause,street_direction,street_no,traffic_control_device,trafficway_type,weather_condition,private_property_i,hit_and_run_i,intersection_related_i,crash_date_est_i,work_zone_i,workers_present_i,veh_count,ppl_count,veh_area_01_i_list_json,veh_area_02_i_list_json,veh_area_12_i_list_json,veh_crash_date_list_json,veh_crash_unit_id_list_json,veh_first_contact_point_list_json,veh_lic_plate_state_list_json,veh_make_list_json,veh_maneuver_list_json,veh_model_list_json,veh_occupant_cnt_list_json,veh_travel_direction_list_json,veh_unit_no_list_json,veh_unit_type_list_json,veh_vehicle_defect_list_json,veh_vehicle_id_list_json,veh_vehicle_type_list_json,veh_vehicle_use_list_json,veh_vehicle_year_list_json,veh_area_03_i_list_json,veh_area_04_i_list_json,veh_area_11_i_list_json,veh_towed_by_list_json,veh_towed_i_list_json,veh_area_07_i_list_json,veh_area_99_i_list_json,veh_area_09_i_list_json,veh_area_10_i_list_json,veh_cmrc_veh_i_list_json,veh_num_passengers_list_json,veh_area_08_i_list_json,veh_area_00_i_list_json,veh_area_05_i_list_json,veh_area_06_i_list_json,veh_towed_to_list_json,ppl_age_list_json,ppl_airbag_deployed_list_json,ppl_bac_result_list_json,ppl_city_list_json,ppl_crash_date_list_json,ppl_driver_action_list_json,ppl_driver_vision_list_json,ppl_drivers_license_class_list_json,ppl_drivers_license_state_list_json,ppl_ejection_list_json,ppl_hospital_list_json,ppl_person_id_list_json,ppl_person_type_list_json,ppl_physical_condition_list_json,ppl_safety_equipment_list_json,ppl_sex_list_json,ppl_state_list_json,ppl_vehicle_id_list_json,ppl_zipcode_list_json,ppl_ems_agency_list_json,ppl_seat_no_list_json,ppl_pedpedal_action_list_json,ppl_pedpedal_location_list_json,ppl_pedpedal_visibility_list_json,ppl_ems_run_no_list_json,year,month,hour,day,is_weekend,hour_bin,lat_bin,lng_bin,grid_id,ppl_age_mean,ppl_age_min,ppl_age_max,prim_contributory_cause_group,ksi_flag
STRAIGHT AND LEVEL,1413,2025-10-03 19:00:00,6,19,10,3A5477B289E3709F110907E4AF5A6415BE8A0CBE27703AD73DDE9BA4DCA11BB1B5D87F902A0C5B1E1CF9C7DE728875B1E0D93C07589B7AC0E3D9AE0A324211B5,INJURY AND / OR TOW DUE TO CRASH,$500 OR LESS,NO CONTROLS,PEDALCYCLIST,41.9174252757,"DARKNESS, LIGHTED ROAD",-87.7140126163,2,30,IMPROPER TURNING/NO SIGNAL,NO DEFECTS,DRY,DISREGARDING ROAD MARKINGS,W,3510,NO CONTROLS,NOT DIVIDED,CLEAR,0.0,1.0,0.0,0.0,0.0,1.0,2,1,"[""Y""]","[""Y""]",[],"[""2025-10-03T19:00:00.000""]","[""2164121"", ""2164122""]","[""FRONT-RIGHT-CORNER""]",[],"[""HONDA""]","[""U-TURN""]","[""OTHER (EXPLAIN IN NARRATIVE)""]","[""1""]","[""N""]","[""1"", ""2""]","[""BICYCLE"", ""DRIVER""]","[""UNKNOWN""]","[""2062962""]","[""SPORT UTILITY VEHICLE (SUV)""]","[""UNKNOWN/NA""]",[],[],[],[],[],[],[],[],[],[],[],[],[],[],[],[],[],['19'],"[""DEPLOYMENT UNKNOWN""]","[""TEST NOT OFFERED""]","[""CHICAGO""]","[""2025-10-03T19:00:00.000""]","[""IMPROPER TURN"", ""NONE""]","[""NOT OBSCURED"", ""UNKNOWN""]",[],[],"[""NONE"", ""TOTALLY EJECTED""]","[""ST. MARY'S""]","[""O2164121"", ""O2164122""]","[""BICYCLE"", ""DRIVER""]","[""NORMAL"", ""UNKNOWN""]","[""HELMET NOT USED"", ""USAGE UNKNOWN""]","[""F"", ""M""]","[""IL""]","[""2062962""]","[""60647""]",[],[],"[""WITH TRAFFIC""]","[""BIKE LANE""]","[""NO CONTRASTING CLOTHING""]",[],2025,10,19,3,False,evening,41.92,-87.71,41.92_-87.71,19.0,19,19,OTHER,1
STRAIGHT AND LEVEL,123,2025-10-03 19:00:00,6,19,10,F459BDB89C1A0E2AA15FCF25A7233E16F01E49F06021043953D3A26542B98511B59FD32714DFC8575BB6A0536BD86B8E2D1556043C75A0E5225B96F308492F24,NO INJURY / DRIVE AWAY,"OVER $1,500",NO CONTROLS,SIDESWIPE SAME DIRECTION,41.8674482494,"DARKNESS, LIGHTED ROAD",-87.6326997479,2,30,UNABLE TO DETERMINE,NO DEFECTS,DRY,UNABLE TO DETERMINE,W,160,NO CONTROLS,NOT DIVIDED,CLEAR,0.0,0.0,0.0,0.0,0.0,1.0,1,2,[],[],[],"[""2025-10-03T19:00:00.000""]","[""2163131"", ""2163132""]","[""SIDE-LEFT"", ""UNKNOWN""]","[""IL""]","[""GENERAL MOTORS CORPORATION (GMC)"", ""VOLVO""]","[""STRAIGHT AHEAD""]","[""TRUCK"", ""YUKON""]","[""1""]","[""W""]","[""1"", ""2""]","[""DRIVER""]","[""NONE""]","[""2062030"", ""2062036""]","[""PASSENGER"", ""TRACTOR W/ SEMI-TRAILER""]","[""OTHER"", ""PERSONAL""]","[""2022"", ""2024""]",[],[],"[""Y""]",[],[],"[""Y""]","[""Y""]","[""Y""]","[""Y""]","[""N""]",[],"[""Y""]",[],[],[],[],"['44', '47']","[""NOT APPLICABLE""]","[""TEST NOT OFFERED""]","[""CHICAGO"", ""PALATINE""]","[""2025-10-03T19:00:00.000""]","[""NONE""]","[""NOT OBSCURED""]","[""C"", ""D""]","[""IL""]","[""NONE""]",[],"[""O2163131"", ""O2163132""]","[""DRIVER""]","[""NORMAL""]","[""SAFETY BELT USED""]","[""F"", ""M""]","[""IL""]","[""2062030"", ""2062036""]","[""60074"", ""60534""]",[],[],[],[],[],[],2025,10,19,3,False,evening,41.87,-87.63,41.87_-87.63,45.5,44,47,OTHER,0
STRAIGHT AND LEVEL,1622,2025-10-03 19:00:00,6,19,10,7C4FEE245EC2875E50E24B3B6ED4632F7CFEE268D443FE679D150811702B7E10CB1BCCB3644BD9708D169601BB661A4FC7A5A76E9D15FC82034E43A116533817,NO INJURY / DRIVE AWAY,"OVER $1,500",FUNCTIONING PROPERLY,REAR END,41.9848066365,DUSK,-87.7853971867,2,30,FOLLOWING TOO CLOSELY,NO DEFECTS,DRY,UNABLE TO DETERMINE,N,5675,STOP SIGN/FLASHER,NOT DIVIDED,CLEAR,0.0,0.0,1.0,0.0,0.0,1.0,1,2,[],[],[],"[""2025-10-03T19:00:00.000""]","[""2165719"", ""2165720""]","[""REAR"", ""REAR-LEFT-CORNER""]","[""IL"", ""NB""]","[""CHEVROLET"", ""FORD""]","[""STRAIGHT AHEAD""]","[""EQUINOX"", ""F150""]","[""1""]","[""W""]","[""1"", ""2""]","[""DRIVER""]","[""NONE"", ""UNKNOWN""]","[""2064473"", ""2064481""]","[""PICKUP"", ""SPORT UTILITY VEHICLE (SUV)""]","[""PERSONAL"", ""UNKNOWN/NA""]","[""2005"", ""2024""]",[],[],[],[],[],"[""Y""]",[],[],[],[],[],[],[],[],"[""Y""]",[],"['21', '22']","[""DID NOT DEPLOY""]","[""TEST NOT OFFERED""]","[""CHICAGO"", ""PAPILLION""]","[""2025-10-03T19:00:00.000""]","[""FOLLOWED TOO CLOSELY"", ""NONE""]","[""NOT OBSCURED""]","[""D"", ""O""]","[""IL"", ""NB""]","[""NONE""]","[""NO INJURIES REPORTED AT THIS TIME""]","[""O2165719"", ""O2165720""]","[""DRIVER""]","[""NORMAL"", ""UNKNOWN""]","[""SAFETY BELT USED""]","[""F"", ""M""]","[""IL"", ""NB""]","[""2064473"", ""2064481""]","[""60646"", ""68046""]",[],[],[],[],[],[],2025,10,19,3,False,evening,41.98,-87.79,41.98_-87.79,21.5,21,22,FOLLOWING TOO CLOSELY,0
STRAIGHT AND LEVEL,522,2025-10-03 19:00:00,6,19,10,92B3F22B8580E7825AFA6A939068D81434EDDD58B18D8A89681F62CCA7EA8F8246F1122A992DD0D3ED8DF087547F832669D688A44E204C688BE20EABAB143FC9,INJURY AND / OR TOW DUE TO CRASH,"OVER $1,500",NO CONTROLS,PARKED MOTOR VEHICLE,41.68695402,"DARKNESS, LIGHTED ROAD",-87.6291688446,3,30,DRIVING SKILLS/KNOWLEDGE/EXPERIENCE,NO DEFECTS,DRY,NOT APPLICABLE,W,237,NO CONTROLS,NOT DIVIDED,CLEAR,0.0,1.0,0.0,0.0,0.0,1.0,2,1,"[""Y""]","[""Y""]","[""Y""]","[""2025-10-03T19:00:00.000""]","[""2163807"", ""2163808"", ""2163809""]","[""FRONT-RIGHT-CORNER"", ""SIDE-LEFT""]","[""IL""]","[""DODGE"", ""FORD"", ""KIA""]","[""PARKED"", ""STRAIGHT AHEAD""]","[""AVENGER"", ""ESCAPE"", ""SORENTO""]","[""0"", ""1""]","[""E"", ""S""]","[""1"", ""2"", ""3""]","[""DRIVER"", ""PARKED""]","[""UNKNOWN""]","[""2062675"", ""2062679"", ""2062691""]","[""PASSENGER"", ""SPORT UTILITY VEHICLE (SUV)""]","[""PERSONAL"", ""UNKNOWN/NA""]","[""2011"", ""2013"", ""2014""]","[""Y""]",[],"[""Y""]","[""E&R""]","[""Y""]","[""Y""]",[],"[""Y""]","[""Y""]",[],[],"[""Y""]",[],[],[],"[""103RD DOTY""]",['16'],"[""NOT APPLICABLE""]","[""TEST NOT OFFERED""]","[""CHICAGO""]","[""2025-10-03T19:00:00.000""]","[""UNKNOWN""]","[""UNKNOWN""]",[],"[""IL""]","[""NONE""]",[],"[""O2163807""]","[""DRIVER""]","[""UNKNOWN""]","[""USAGE UNKNOWN""]","[""M""]","[""IL""]","[""2062675""]","[""60827""]",[],[],[],[],[],[],2025,10,19,3,False,evening,41.69,-87.63,41.69_-87.63,16.0,16,16,OTHER,0
STRAIGHT AND LEVEL,813,2025-10-03 19:00:00,6,19,10,E523661CC400D2FC1A8CF03A35B216351A389A6303E47A48F6949727015BAA2A3B34F1CB38015FCD255D316EC1AB96BBE573FF63148283FB35CD53C03D21822B,NO INJURY / DRIVE AWAY,"OVER $1,500",FUNCTIONING PROPERLY,TURNING,41.7749229945,"DARKNESS, LIGHTED ROAD",-87.7423209596,2,30,DRIVING SKILLS/KNOWLEDGE/EXPERIENCE,UNKNOWN,UNKNOWN,NOT APPLICABLE,S,6456,TRAFFIC SIGNAL,NOT DIVIDED,CLEAR,0.0,0.0,0.0,0.0,0.0,1.0,1,2,"[""Y""]","[""Y""]","[""Y""]","[""2025-10-03T19:00:00.000""]","[""2163118"", ""2163119""]","[""FRONT"", ""SIDE-RIGHT""]","[""IL""]","[""NISSAN""]","[""STRAIGHT AHEAD"", ""TURNING LEFT""]","[""ALTIMA"", ""ROGUE""]","[""1"", ""2""]","[""S"", ""W""]","[""1"", ""2""]","[""DRIVER""]","[""NONE""]","[""2062008"", ""2062012""]","[""PASSENGER"", ""SPORT UTILITY VEHICLE (SUV)""]","[""PERSONAL""]","[""2008"", ""2015""]","[""Y""]","[""Y""]","[""N""]",[],[],[],[],[],[],[],"[""1""]",[],[],[],[],[],"['37', '42']","[""DID NOT DEPLOY""]","[""TEST NOT OFFERED""]","[""CHICAGO"", ""OAK LAWN""]","[""2025-10-03T19:00:00.000""]","[""OTHER""]","[""NOT OBSCURED""]",[],"[""IL""]","[""NONE"", ""UNKNOWN""]",[],"[""O2163118"", ""O2163119"", ""P477355""]","[""DRIVER"", ""PASSENGER""]","[""NORMAL""]","[""SAFETY BELT USED""]","[""F"", ""M""]","[""IL""]","[""2062008"", ""2062012""]","[""60638""]",[],"[""6""]",[],[],[],[],2025,10,19,3,False,evening,41.77,-87.74,41.77_-87.74,39.5,37,42,OTHER,0
STRAIGHT AND LEVEL,1912,2025-10-03 18:56:00,6,18,10,06CE0066A155D88070B5A718D6DF6F08BB16994443D77A4DA0E4C63C26F6953816F687627B0620497C860FB444F8554D9A46E8EA14A6A9DE923E6EA7BF9BD564,NO INJURY / DRIVE AWAY,"OVER $1,500",NO CONTROLS,REAR TO FRONT,41.9600808388,DAYLIGHT,-87.6737880529,2,20,UNABLE TO DETERMINE,NO DEFECTS,DRY,FAILING TO YIELD RIGHT-OF-WAY,N,4311,NO CONTROLS,ONE-WAY,CLEAR,0.0,0.0,0.0,0.0,0.0,1.0,1,2,[],[],"[""Y""]","[""2025-10-03T18:56:00.000""]","[""2163137"", ""2163138""]","[""FRONT"", ""REAR""]","[""IL""]","[""BMW"", ""TOYOTA""]","[""BACKING"", ""SLOW/STOP IN TRAFFIC""]","[""PRIUS"", ""X5""]","[""1""]","[""N"", ""S""]","[""1"", ""2""]","[""DRIVER""]","[""NONE"", ""OTHER""]","[""2062031"", ""2062042""]","[""PASSENGER""]","[""PERSONAL""]","[""2016"", ""2021""]",[],[],[],[],[],[],[],[],[],[],[],[],[],[],"[""Y""]",[],"['29', '54']","[""DID NOT DEPLOY""]","[""TEST NOT OFFERED""]","[""EVANTON"", ""SAUGATUCK""]","[""2025-10-03T18:56:00.000""]","[""IMPROPER BACKING"", ""NONE""]","[""NOT OBSCURED""]","[""D""]","[""IL"", ""MI""]","[""NONE""]",[],"[""O2163137"", ""O2163138""]","[""DRIVER""]","[""NORMAL""]","[""SAFETY BELT USED"", ""USAGE UNKNOWN""]","[""M""]","[""IL"", ""MI""]","[""2062031"", ""2062042""]","[""49453"", ""60201""]",[],[],[],[],[],[],2025,10,18,3,False,afternoon,41.96,-87.67,41.96_-87.67,41.5,29,54,OTHER,0
STRAIGHT AND LEVEL,1412,2025-10-03 18:50:00,6,18,10,F39B76A4A9DF000D969278EB380D5BFCCF4CEE6A0B9FD403504406AB5D816AD79AEE940F89F8E1ABDD0EC62C9457B3899655B1FD3F85453EB597404C1D000782,NO INJURY / DRIVE AWAY,"$501 - $1,500",NO CONTROLS,TURNING,41.9374236571,DUSK,-87.7122823127,2,30,FAILING TO YIELD RIGHT-OF-WAY,NO DEFECTS,DRY,FAILING TO REDUCE SPEED TO AVOID CRASH,N,3099,STOP SIGN/FLASHER,FOUR WAY,CLEAR,0.0,0.0,0.0,0.0,0.0,1.0,1,1,[],[],[],"[""2025-10-03T18:50:00.000""]","[""2163120"", ""2163121""]","[""FRONT-LEFT-CORNER"", ""UNKNOWN""]","[""IL""]","[""HONDA"", ""JEEP""]","[""STRAIGHT AHEAD"", ""TURNING LEFT""]","[""COMPASS"", ""CR-V""]","[""1""]","[""E"", ""N""]","[""1"", ""2""]","[""DRIVER""]","[""NONE"", ""UNKNOWN""]","[""2062013"", ""2062020""]","[""PASSENGER""]","[""PERSONAL"", ""UNKNOWN/NA""]","[""2018"", ""2025""]",[],[],"[""Y""]",[],[],[],"[""Y""]",[],"[""Y""]",[],[],[],[],[],[],[],['64'],"[""DEPLOYMENT UNKNOWN""]","[""TEST NOT OFFERED""]",[],"[""2025-10-03T18:50:00.000""]","[""FAILED TO YIELD"", ""NONE""]","[""NOT OBSCURED"", ""UNKNOWN""]","[""D""]","[""IL""]","[""NONE"", ""UNKNOWN""]",[],"[""O2163120"", ""O2163121""]","[""DRIVER""]","[""NORMAL"", ""UNKNOWN""]","[""USAGE UNKNOWN""]","[""F"", ""M""]",[],"[""2062013"", ""2062020""]",[],[],[],[],[],[],[],2025,10,18,3,False,afternoon,41.94,-87.71,41.94_-87.71,64.0,64,64,FAILURE-TO-YIELD,0
STRAIGHT AND LEVEL,1133,2025-10-03 18:42:00,6,18,10,D93605FF9EE955A19A2C7D90FCAF624D7FE88296DF7B9F4A6674D2DF8CCE04335B9632C898284B6EC222765083B8B137F7C453B53AE0C44D335121D273EE5E79,INJURY AND / OR TOW DUE TO CRASH,"OVER $1,500",NO CONTROLS,FIXED OBJECT,41.8707112905,"DARKNESS, LIGHTED ROAD",-87.7174269613,3,30,UNABLE TO DETERMINE,NO DEFECTS,DRY,NOT APPLICABLE,W,3647,NO CONTROLS,PARKING LOT,CLEAR,1.0,1.0,0.0,0.0,0.0,1.0,2,0,"[""Y""]","[""Y""]","[""Y""]","[""2025-10-03T18:42:00.000""]","[""2163147"", ""2163148"", ""2163149""]","[""FRONT"", ""FRONT-RIGHT-CORNER"", ""REAR-RIGHT-CORNER""]","[""IL""]","[""CHRYSLER"", ""HYUNDAI"", ""NISSAN""]","[""PARKED"", ""UNKNOWN/NA""]","[""200"", ""MURANO"", ""SONATA""]","[""0"", ""1""]","[""E"", ""N""]","[""1"", ""2"", ""3""]","[""DRIVER"", ""PARKED""]","[""UNKNOWN""]","[""2062039"", ""2062041"", ""2062047""]","[""PASSENGER""]","[""NOT IN USE"", ""PERSONAL""]","[""2007"", ""2011"", ""2012""]","[""Y""]","[""Y""]","[""Y""]","[""CPD""]","[""Y""]",[],[],[],[],[],[],[],[],"[""Y""]",[],"[""Pound 6""]",[],"[""NOT APPLICABLE""]","[""TEST NOT OFFERED""]",[],"[""2025-10-03T18:42:00.000""]","[""UNKNOWN""]","[""UNKNOWN""]",[],[],"[""NONE""]",[],"[""O2163147""]","[""DRIVER""]","[""UNKNOWN""]","[""USAGE UNKNOWN""]","[""M""]",[],"[""2062039""]",[],[],[],[],[],[],[],2025,10,18,3,False,afternoon,41.87,-87.72,41.87_-87.72,0.0,0,0,OTHER,0
STRAIGHT AND LEVEL,322,2025-10-03 18:37:00,6,18,10,CDC65B1D689D62ED326B29A9E45075DC126554D32E95BA5CE2FD97C66896C1DB667541130657C69F77B7CA9C91750A2FE1D1AEC9A4DC32C2103EA5E62AAEBB2E,NO INJURY / DRIVE AWAY,"OVER $1,500",NO CONTROLS,PARKED MOTOR VEHICLE,41.7707732158,DARKNESS,-87.6126324764,2,30,UNABLE TO DETERMINE,NO DEFECTS,DRY,NOT APPLICABLE,S,6800,NO CONTROLS,NOT DIVIDED,CLEAR,0.0,0.0,0.0,0.0,0.0,1.0,2,1,"[""Y""]",[],[],"[""2025-10-03T18:37:00.000""]","[""2163129"", ""2163130""]","[""FRONT-RIGHT-CORNER"", ""SIDE-LEFT""]","[""IL""]","[""MERCEDES-BENZ"", ""NISSAN""]","[""PARKED"", ""STRAIGHT AHEAD""]","[""GLE"", ""SENTRA""]","[""0"", ""1""]","[""S""]","[""1"", ""2""]","[""DRIVER"", ""PARKED""]","[""NONE""]","[""2062018"", ""2062024""]","[""PASSENGER""]","[""PERSONAL""]","[""2010"", ""2021""]",[],[],"[""Y""]",[],[],"[""Y""]",[],"[""Y""]","[""Y""]",[],[],"[""Y""]",[],[],[],[],['55'],"[""NOT APPLICABLE""]","[""TEST NOT OFFERED""]","[""BERWYN""]","[""2025-10-03T18:37:00.000""]","[""FOLLOWED TOO CLOSELY""]","[""UNKNOWN""]","[""D""]","[""IL""]","[""NONE""]",[],"[""O2163129""]","[""DRIVER""]","[""NORMAL""]","[""USAGE UNKNOWN""]","[""M""]","[""IL""]","[""2062018""]","[""60402""]",[],[],[],[],[],[],2025,10,18,3,False,afternoon,41.77,-87.61,41.77_-87.61,55.0,55,55,OTHER,0
STRAIGHT AND LEVEL,2532,2025-10-03 18:30:00,6,18,10,EA43F9A0092CB77A9C2C99EDBDA38DADAAE4048C3CF4AC7400D40103847DECBA1A1C7EB714BF8FE74CC3F4BF4A2120C38755AF75284CC27C5D29BE79A2ADCE58,INJURY AND / OR TOW DUE TO CRASH,"OVER $1,500",NO CONTROLS,PARKED MOTOR VEHICLE,41.9088210448,DUSK,-87.7623018555,3,20,"EVASIVE ACTION DUE TO ANIMAL, OBJECT, NONMOTORIST",NO DEFECTS,DRY,NOT APPLICABLE,N,1540,NO CONTROLS,ONE-WAY,CLEAR,0.0,0.0,0.0,0.0,0.0,1.0,2,1,"[""Y""]","[""Y""]","[""Y""]","[""2025-10-03T18:30:00.000""]","[""2163122"", ""2163123"", ""2163124""]","[""FRONT-RIGHT-CORNER"", ""REAR"", ""SIDE-LEFT-REAR""]","[""IL""]","[""FORD"", ""HONDA""]","[""OTHER"", ""PARKED""]","[""CR-V"", ""ESCAPE"", ""EXPLORER""]","[""0"", ""1""]","[""S""]","[""1"", ""2"", ""3""]","[""DRIVER"", ""PARKED""]","[""UNKNOWN""]","[""2062015"", ""2062023"", ""2062026""]","[""PASSENGER""]","[""PERSONAL""]","[""2013"", ""2020"", ""2022""]",[],[],"[""Y""]","[""private""]","[""Y""]","[""Y""]",[],[],[],[],[],"[""Y""]",[],"[""Y""]","[""Y""]",[],['54'],"[""NOT APPLICABLE""]","[""TEST NOT OFFERED""]","[""CHICAGO""]","[""2025-10-03T18:30:00.000""]","[""OVERCORRECTED""]","[""UNKNOWN""]",[],"[""IL""]","[""NONE""]",[],"[""O2163122""]","[""DRIVER""]","[""NORMAL""]","[""USAGE UNKNOWN""]","[""M""]","[""IL""]","[""2062015""]","[""60651""]",[],[],[],[],[],[],2025,10,18,3,False,afternoon,41.91,-87.76,41.91_-87.76,54.0,54,54,OTHER,0
STRAIGHT AND LEVEL,2512,2025-10-03 18:30:00,6,18,10,69A3721190D56679E338A27F34FE362A0329C04DCB45745613CAEB756F2715F59761B82AC04E8818A730C37175DE394E094C94E5110FBC67AF0F5118EA635DC4,INJURY AND / OR TOW DUE TO CRASH,$500 OR LESS,OTHER,REAR END,41.9236732565,UNKNOWN,-87.7996266459,2,0,DISTRACTION - FROM INSIDE VEHICLE,OTHER,OTHER,DISTRACTION - FROM INSIDE VEHICLE,W,6948,NO CONTROLS,OTHER,CLEAR,1.0,0.0,0.0,0.0,0.0,1.0,1,2,[],[],[],"[""2025-10-03T18:30:00.000""]","[""2163194"", ""2163195""]","[""FRONT"", ""REAR""]","[""IL""]","[""HONDA""]","[""OTHER"", ""STRAIGHT AHEAD""]","[""HR-V"", ""ODYSSEY""]","[""1"", ""2""]","[""S""]","[""1"", ""2""]","[""DRIVER""]","[""UNKNOWN""]","[""2062102"", ""2062110""]","[""PASSENGER"", ""VAN/MINI-VAN""]","[""PERSONAL""]","[""2016"", ""2021""]",[],[],[],[],[],[],[],[],[],[],"[""1""]",[],"[""Y""]",[],"[""Y""]",[],"['33', '46']","[""DID NOT DEPLOY"", ""NOT APPLICABLE""]","[""TEST NOT OFFERED""]","[""CHICAGO""]","[""2025-10-03T18:30:00.000""]","[""OTHER""]","[""OTHER""]","[""D""]","[""IL""]","[""NONE""]","[""DNA""]","[""O2163194"", ""O2163195"", ""P477381""]","[""DRIVER"", ""PASSENGER""]","[""NORMAL""]","[""CHILD RESTRAINT - FORWARD FACING"", ""SAFETY BELT USED""]","[""F"", ""M""]","[""IL""]","[""2062102"", ""2062110""]","[""60634""]","[""DNA""]","[""6""]",[],[],[],[],2025,10,18,3,False,afternoon,41.92,-87.8,41.92_-87.8,39.5,33,46,DISTRACTION/INATTENTION,1
STRAIGHT AND LEVEL,2533,2025-10-03 18:30:00,6,18,10,54EA2F92A71EDD17B073344D2F83ACA5FF93C0738B9E2AB4AFD14E29E89AE4CE8C12685A480828602999FEC0C94C210EE7A2A3A8767556621C88212DA51947A2,NO INJURY / DRIVE AWAY,"$501 - $1,500",NO CONTROLS,REAR TO FRONT,41.9113106294,DAYLIGHT,-87.7488456017,2,30,FAILING TO YIELD RIGHT-OF-WAY,NO DEFECTS,DRY,FAILING TO REDUCE SPEED TO AVOID CRASH,W,4877,NO CONTROLS,ONE-WAY,CLEAR,0.0,0.0,0.0,0.0,0.0,1.0,1,3,[],[],"[""Y""]","[""2025-10-03T18:30:00.000""]","[""2163155"", ""2163156""]","[""FRONT"", ""REAR""]","[""IL""]","[""CHEVROLET"", ""FORD""]","[""ENTERING TRAFFIC LANE FROM PARKING"", ""SLOW/STOP IN TRAFFIC""]","[""EXPLORER"", ""MALIBU""]","[""2""]","[""NW"", ""S""]","[""1"", ""2""]","[""DRIVER""]","[""UNKNOWN""]","[""2062046"", ""2062054""]","[""UNKNOWN/NA""]","[""POLICE"", ""UNKNOWN/NA""]","[""2011""]",[],[],[],[],[],[],[],[],[],[],"[""1""]",[],[],[],"[""Y""]",[],"['18', '25', '51']","[""DID NOT DEPLOY""]","[""TEST NOT OFFERED""]","[""CHICAGO""]","[""2025-10-03T18:30:00.000""]","[""IMPROPER BACKING"", ""OTHER""]","[""NOT OBSCURED"", ""UNKNOWN""]","[""C"", ""D""]","[""IL""]","[""NONE""]",[],"[""O2163155"", ""O2163156"", ""P477367"", ""P477369""]","[""DRIVER"", ""PASSENGER""]","[""NORMAL""]","[""SAFETY BELT USED"", ""USAGE UNKNOWN""]","[""F"", ""M""]","[""IL""]","[""2062046"", ""2062054""]","[""60639""]",[],"[""12"", ""3""]",[],[],[],[],2025,10,18,3,False,afternoon,41.91,-87.75,41.91_-87.75,31.333333333333332,18,51,FAILURE-TO-YIELD,0
STRAIGHT AND LEVEL,1611,2025-10-03 18:30:00,6,18,10,2C85A107DF2DFA7836089BCD98028517964B4376425022173CFE0764B04C495992067B83E1276E06AAF8203DAA9077549E87AD105C7F0386251451074DAC4297,NO INJURY / DRIVE AWAY,"OVER $1,500",FUNCTIONING PROPERLY,SIDESWIPE SAME DIRECTION,41.9972418991,DAYLIGHT,-87.7878541532,2,35,IMPROPER OVERTAKING/PASSING,NO DEFECTS,DRY,FOLLOWING TOO CLOSELY,W,6409,TRAFFIC SIGNAL,NOT DIVIDED,CLEAR,0.0,0.0,1.0,0.0,0.0,1.0,1,2,[],"[""Y""]",[],"[""2025-10-03T18:30:00.000""]","[""2164669"", ""2164670""]","[""SIDE-RIGHT"", ""UNKNOWN""]","[""IL""]","[""HONDA"", ""SCION""]","[""OTHER"", ""STRAIGHT AHEAD""]","[""CIVIC"", ""IQ""]","[""1""]","[""E""]","[""1"", ""2""]","[""DRIVER""]","[""NONE"", ""UNKNOWN""]","[""2063477"", ""2063481""]","[""PASSENGER""]","[""PERSONAL"", ""UNKNOWN/NA""]","[""2012"", ""2017""]","[""Y""]","[""Y""]",[],[],[],[],"[""Y""]",[],[],[],[],[],[],[],[],[],"['24', '50']","[""DEPLOYMENT UNKNOWN"", ""DID NOT DEPLOY""]","[""TEST NOT OFFERED""]","[""DES PLAINES"", ""NAPERVILLE""]","[""2025-10-03T18:30:00.000""]","[""IMPROPER PASSING"", ""NONE""]","[""NOT OBSCURED"", ""UNKNOWN""]","[""D""]","[""IL""]","[""NONE""]",[],"[""O2164669"", ""O2164670""]","[""DRIVER""]","[""NORMAL"", ""UNKNOWN""]","[""SAFETY BELT USED"", ""USAGE UNKNOWN""]","[""F""]","[""IL""]","[""2063477"", ""2063481""]","[""60016"", ""60564""]",[],[],[],[],[],[],2025,10,18,3,False,afternoon,42.0,-87.79,42.0_-87.79,37.0,24,50,OTHER,0