alignment,beat_of_occurrence,crash_date,crash_day_of_week,crash_hour,crash_month,crash_record_id,crash_type,damage,device_condition,first_crash_type,latitude,lighting_condition,longitude,num_units,posted_speed_limit,prim_contributory_cause,road_defect,roadway_surface_cond,sec_contributory_cause,street_direction,street_no,traffic_control_device,trafficway_type,weather_condition,private_property_i,hit_and_run_i,intersection_related_i,crash_date_est_i,work_zone_i,workers_present_i,veh_count,ppl_count,veh_area_01_i_list_json,veh_area_02_i_list_json,veh_area_12_i_list_json,veh_crash_date_list_json,veh_crash_unit_id_list_json,veh_first_contact_point_list_json,veh_lic_plate_state_list_json,veh_make_list_json,veh_maneuver_list_json,veh_model_list_json,veh_occupant_cnt_list_json,veh_travel_direction_list_json,veh_unit_no_list_json,veh_unit_type_list_json,veh_vehicle_defect_list_json,veh_vehicle_id_list_json,veh_vehicle_type_list_json,veh_vehicle_use_list_json,veh_vehicle_year_list_json,veh_area_03_i_list_json,veh_area_04_i_list_json,veh_area_11_i_list_json,veh_towed_by_list_json,veh_towed_i_list_json,veh_area_07_i_list_json,veh_area_99_i_list_json,veh_area_09_i_list_json,veh_area_10_i_list_json,veh_cmrc_veh_i_list_json,veh_num_passengers_list_json,veh_area_08_i_list_json,veh_area_00_i_list_json,veh_area_05_i_list_json,veh_area_06_i_list_json,veh_towed_to_list_json,ppl_age_list_json,ppl_airbag_deployed_list_json,ppl_bac_result_list_json,ppl_city_list_json,ppl_crash_date_list_json,ppl_driver_action_list_json,ppl_driver_vision_list_json,ppl_drivers_license_class_list_json,ppl_drivers_license_state_list_json,ppl_ejection_list_json,ppl_hospital_list_json,ppl_person_id_list_json,ppl_person_type_list_json,ppl_physical_condition_list_json,ppl_safety_equipment_list_json,ppl_sex_list_json,ppl_state_list_json,ppl_vehicle_id_list_json,ppl_zipcode_list_json,ppl_ems_agency_list_json,ppl_seat_no_list_json,ppl_pedpedal_action_list_json,ppl_pedpedal_location_list_json,ppl_pedpedal_visibility_list_json,ppl_ems_run_no_list_json,year,month,hour,day,is_weekend,hour_bin,lat_bin,lng_bin,grid_id,ppl_age_mean,ppl_age_min,ppl_age_max,prim_contributory_cause_group,ksi_flag
STRAIGHT AND LEVEL,1513,2025-10-03 18:23:00,6,18,10,1AD569ED79945AC9AE65C4F5F7A69983265EA87EE65688DF6C76B145F77FC981066D8104CF9595B6A46A3B30F38356420FB4722C48764E89355504225B969174,NO INJURY / DRIVE AWAY,"$501 - $1,500",FUNCTIONING PROPERLY,REAR END,41.8736407663,DAYLIGHT,-87.6723897727,2,30,UNABLE TO DETERMINE,NO DEFECTS,DRY,NOT APPLICABLE,S,851,TRAFFIC SIGNAL,NOT DIVIDED,CLEAR,0.0,1.0,0.0,0.0,0.0,1.0,1,1,[],[],[],"[""2025-10-03T18:23:00.000""]","[""2163181"", ""2163182""]","[""FRONT"", ""REAR""]","[""IL"", ""NY""]","[""BUICK"", ""NISSAN""]","[""SLOW/STOP IN TRAFFIC"", ""STRAIGHT AHEAD""]","[""ALTIMA"", ""ENVISION""]","[""1""]","[""N""]","[""1"", ""2""]","[""DRIVER""]","[""NONE"", ""UNKNOWN""]","[""2062072"", ""2062075""]","[""PASSENGER"", ""SPORT UTILITY VEHICLE (SUV)""]","[""PERSONAL"", ""UNKNOWN/NA""]","[""2011"", ""2024""]",[],[],[],[],[],"[""Y""]","[""Y""]",[],[],[],[],[],[],"[""Y""]","[""Y""]",[],['36'],"[""DEPLOYMENT UNKNOWN"", ""NOT APPLICABLE""]","[""TEST NOT OFFERED"", ""TEST REFUSED""]","[""OAK PARK""]","[""2025-10-03T18:23:00.000""]","[""OTHER"", ""UNKNOWN""]","[""NOT OBSCURED"", ""UNKNOWN""]",[],[],"[""NONE""]",[],"[""O2163181"", ""O2163182""]","[""DRIVER""]","[""NORMAL"", ""UNKNOWN""]","[""SAFETY BELT USED"", ""USAGE UNKNOWN""]","[""F"", ""M""]","[""IL""]","[""2062072"", ""2062075""]","[""60304""]",[],[],[],[],[],[],2025,10,18,3,False,afternoon,41.87,-87.67,NAN_NAN,36.0,36,36,OTHER,0
STRAIGHT AND LEVEL,2412,2025-10-03 18:20:00,6,18,10,230739B8B262387252BC1ADF0F21D3ED29EE698E43059DDEEE2A01769385EE649A19E16992E2BB1F71F454B24EE527F137F64FB3312ED4BC3E21F7580CC16218,NO INJURY / DRIVE AWAY,"OVER $1,500",NO CONTROLS,REAR END,41.997838114,UNKNOWN,-87.6899485368,2,30,FOLLOWING TOO CLOSELY,UNKNOWN,UNKNOWN,UNABLE TO DETERMINE,W,2400,NO CONTROLS,DIVIDED - W/MEDIAN (NOT RAISED),CLEAR,0.0,1.0,0.0,0.0,0.0,1.0,1,1,"[""Y""]",[],"[""Y""]","[""2025-10-03T18:20:00.000""]","[""2163116"", ""2163117""]","[""FRONT-RIGHT-CORNER"", ""REAR-LEFT-CORNER""]","[""IL""]","[""BMW"", ""HONDA""]","[""UNKNOWN/NA""]","[""CIVIC"", ""OTHER (EXPLAIN IN NARRATIVE)""]","[""1"", ""2""]","[""W""]","[""1"", ""2""]","[""DRIVER""]","[""UNKNOWN""]","[""2062010"", ""2062022""]","[""UNKNOWN/NA""]","[""UNKNOWN/NA""]","[""2013"", ""2017""]",[],[],[],[],[],"[""Y""]",[],[],[],[],"[""1""]",[],[],[],"[""Y""]",[],['35'],"[""DEPLOYMENT UNKNOWN""]","[""TEST NOT OFFERED""]","[""SKOKIE""]","[""2025-10-03T18:20:00.000""]","[""UNKNOWN""]","[""UNKNOWN""]",[],"[""IL""]","[""NONE""]",[],"[""O2163116"", ""O2163117"", ""P477359""]","[""DRIVER"", ""PASSENGER""]","[""UNKNOWN""]","[""USAGE UNKNOWN""]","[""F"", ""M"", ""X""]","[""IL""]","[""2062010"", ""2062022""]","[""60076""]",[],"[""3""]",[],[],[],[],2025,10,18,3,False,afternoon,42.0,-87.69,42.0_-87.69,35.0,35,35,FOLLOWING TOO CLOSELY,0
STRAIGHT AND LEVEL,632,2025-10-03 18:10:00,6,18,10,188C00FAA820EF275D5D1FF593FAF51A6A6724DCBB5CED40F47C9E17F938A2E7056769A80DEC9ED900E0282D3DF6DB1353E850E5637DCCFA18B8B6AE06811ECD,NO INJURY / DRIVE AWAY,"OVER $1,500",FUNCTIONING PROPERLY,REAR END,41.7437109663,DAYLIGHT,-87.6148811193,2,35,FOLLOWING TOO CLOSELY,NO DEFECTS,DRY,UNABLE TO DETERMINE,S,8300,TRAFFIC SIGNAL,DIVIDED - W/MEDIAN (NOT RAISED),CLEAR,0.0,0.0,1.0,0.0,0.0,1.0,1,0,"[""Y""]",[],"[""Y""]","[""2025-10-03T18:10:00.000""]","[""2163065"", ""2163066""]","[""FRONT"", ""REAR""]","[""IL""]","[""BUICK"", ""HYUNDAI""]","[""STRAIGHT AHEAD""]","[""GENESIS"", ""RENDEZVOUS""]","[""1""]","[""W""]","[""1"", ""2""]","[""DRIVER""]","[""NONE""]","[""2061960"", ""2061961""]","[""PASSENGER""]","[""PERSONAL"", ""UNKNOWN/NA""]","[""2004"", ""2022""]",[],[],"[""N"", ""Y""]",[],[],"[""N"", ""Y""]",[],[],[],[],[],[],[],"[""Y""]","[""Y""]",[],[],"[""DEPLOYMENT UNKNOWN"", ""DID NOT DEPLOY""]","[""TEST NOT OFFERED""]",[],"[""2025-10-03T18:10:00.000""]","[""FOLLOWED TOO CLOSELY"", ""NONE""]","[""NOT OBSCURED"", ""UNKNOWN""]","[""D""]","[""IL""]","[""NONE""]",[],"[""O2163065"", ""O2163066""]","[""DRIVER""]","[""NORMAL"", ""UNKNOWN""]","[""SAFETY BELT USED"", ""USAGE UNKNOWN""]","[""F"", ""M""]",[],"[""2061960"", ""2061961""]",[],[],[],[],[],[],[],2025,10,18,3,False,afternoon,41.74,-87.61,41.74_-87.61,0.0,0,0,FOLLOWING TOO CLOSELY,0
STRAIGHT AND LEVEL,2223,2025-10-03 18:05:00,6,18,10,EDB502A62B049A0117A94C8487EAC06C40FD62CCB266D1EB1028184820D542923FA5EC08DE281F8B69DA78B9596593CB7BB20F93E66FE4E69786F17AB83EB954,INJURY AND / OR TOW DUE TO CRASH,"OVER $1,500",OTHER,ANGLE,41.7233949547,DAYLIGHT,-87.6432022589,2,20,UNABLE TO DETERMINE,UNKNOWN,DRY,NOT APPLICABLE,W,770,STOP SIGN/FLASHER,FOUR WAY,CLEAR,0.0,0.0,1.0,0.0,0.0,1.0,1,5,"[""Y""]",[],"[""Y""]","[""2025-10-03T18:05:00.000""]","[""2163127"", ""2163128""]","[""FRONT"", ""REAR-LEFT-CORNER""]","[""IL""]","[""BUICK"", ""HONDA""]","[""STRAIGHT AHEAD""]","[""CIVIC"", ""OTHER (EXPLAIN IN NARRATIVE)""]","[""2"", ""4""]","[""E"", ""S""]","[""1"", ""2""]","[""DRIVER""]","[""UNKNOWN""]","[""2062021"", ""2062029""]","[""PASSENGER""]","[""PERSONAL""]","[""2022"", ""2025""]",[],[],"[""Y""]","[""INSURANCE""]","[""Y""]","[""Y""]",[],[],[],[],"[""1"", ""3""]","[""Y""]",[],[],[],[],"['1', '27', '30', '32', '4']","[""DEPLOYED, COMBINATION""]","[""TEST NOT OFFERED""]","[""CHICAGO""]","[""2025-10-03T18:05:00.000""]","[""FAILED TO YIELD"", ""UNKNOWN""]","[""UNKNOWN""]","[""D""]","[""IL""]","[""NONE""]","[""LITTLE COMPANY OF MARY"", ""ROSELAND HOSPITAL""]","[""O2163127"", ""O2163128"", ""P477358"", ""P477360"", ""P477361"", ""P477363""]","[""DRIVER"", ""PASSENGER""]","[""NORMAL"", ""UNKNOWN""]","[""CHILD RESTRAINT - FORWARD FACING"", ""SAFETY BELT USED""]","[""F"", ""M""]","[""IL""]","[""2062021"", ""2062029""]","[""60620"", ""60652""]","[""76"", ""79""]","[""3"", ""4"", ""6""]",[],[],[],[],2025,10,18,3,False,afternoon,41.72,-87.64,41.72_-87.64,18.8,1,32,OTHER,1
STRAIGHT AND LEVEL,913,2025-10-03 18:00:00,6,18,10,2B11D4C98BF8465B9CEE2B52CB0D6FD6FF1782E0EA7230D2670149568B42D4F4C4EF4A7CCE842670088676C5703FBD55FC035A2853421FB25349904D18E081F9,NO INJURY / DRIVE AWAY,"$501 - $1,500",FUNCTIONING PROPERLY,TURNING,41.8371805417,DUSK,-87.6512444314,2,25,UNABLE TO DETERMINE,NO DEFECTS,DRY,UNABLE TO DETERMINE,W,1000,STOP SIGN/FLASHER,NOT DIVIDED,CLEAR,0.0,0.0,0.0,0.0,0.0,1.0,1,1,"[""Y""]",[],[],"[""2025-10-03T18:00:00.000""]","[""2167089"", ""2167090""]","[""FRONT-RIGHT-CORNER"", ""SIDE-LEFT""]","[""IL""]","[""SUBARU""]","[""STRAIGHT AHEAD"", ""TURNING LEFT""]","[""FORESTER""]","[""1""]","[""E"", ""N""]","[""1"", ""2""]","[""DRIVER""]","[""NONE""]","[""2065761"", ""2065766""]","[""PASSENGER""]","[""PERSONAL""]","[""2020"", ""2021""]",[],[],[],[],[],"[""Y""]",[],[],[],[],[],[],[],[],[],[],['30'],"[""DEPLOYMENT UNKNOWN"", ""DID NOT DEPLOY""]","[""TEST NOT OFFERED""]","[""CHICAGO""]","[""2025-10-03T18:00:00.000""]","[""FAILED TO YIELD"", ""NONE""]","[""NOT OBSCURED"", ""UNKNOWN""]","[""D""]","[""IL""]","[""NONE""]",[],"[""O2167089"", ""O2167090""]","[""DRIVER""]","[""NORMAL"", ""UNKNOWN""]","[""SAFETY BELT USED"", ""USAGE UNKNOWN""]","[""F"", ""M""]","[""IL""]","[""2065761"", ""2065766""]","[""60608""]",[],[],[],[],[],[],2025,10,18,3,False,afternoon,41.84,-87.65,41.84_-87.65,30.0,30,30,OTHER,0
STRAIGHT AND LEVEL,913,2025-10-03 18:00:00,6,18,10,BC605333690998720DB79D4780BB3032E808D58DF421E59B4F83A7F748FE7F0C77D8CE0F97599C5C5EE7EEAF6DE328FE93BA392013703797958A5AFAE853DEE2,INJURY AND / OR TOW DUE TO CRASH,"OVER $1,500",NO CONTROLS,TURNING,41.840048039,DUSK,-87.6555685583,2,30,UNABLE TO DETERMINE,NO DEFECTS,DRY,NOT APPLICABLE,S,2984,NO CONTROLS,NOT DIVIDED,CLEAR,0.0,0.0,0.0,0.0,0.0,1.0,1,4,"[""Y""]",[],"[""Y""]","[""2025-10-03T18:00:00.000""]","[""2163091"", ""2163092""]","[""FRONT-LEFT-CORNER"", ""FRONT-RIGHT-CORNER""]","[""IL""]","[""KIA""]","[""STRAIGHT AHEAD"", ""TURNING LEFT""]","[""FORTE"", ""SOUL""]","[""1"", ""4""]","[""S"", ""W""]","[""1"", ""2""]","[""DRIVER""]","[""NONE""]","[""2061984"", ""2062003""]","[""PASSENGER""]","[""PERSONAL""]","[""2011"", ""2015""]",[],[],"[""N"", ""Y""]",[],[],[],[],[],"[""Y""]",[],"[""3""]",[],[],[],[],[],"['37', '5', '6', '9']","[""NOT APPLICABLE""]","[""TEST NOT OFFERED""]","[""CHICAGO""]","[""2025-10-03T18:00:00.000""]","[""NONE"", ""UNKNOWN""]","[""NOT OBSCURED""]","[""D""]","[""IL""]","[""NONE""]","[""REFUSED""]","[""O2163091"", ""O2163092"", ""P477348"", ""P477349"", ""P477350""]","[""DRIVER"", ""PASSENGER""]","[""NORMAL""]","[""CHILD RESTRAINT - TYPE UNKNOWN"", ""SAFETY BELT USED""]","[""F"", ""M""]","[""IL""]","[""2061984"", ""2062003""]","[""60608"", ""60609""]",[],"[""4"", ""5"", ""6""]",[],[],[],[],2025,10,18,3,False,afternoon,41.84,-87.66,41.84_-87.66,14.25,5,37,OTHER,1
STRAIGHT AND LEVEL,2534,2025-10-03 17:57:00,6,17,10,9EE68364821B90D18AE119F4211D99D21B35BB445678FDA7C20FC9750086B449C934526F29D6058E860B8A0A5D7F3683243A73179144D98B3E79890F3636EE6D,NO INJURY / DRIVE AWAY,"$501 - $1,500",NO CONTROLS,PARKED MOTOR VEHICLE,41.9067319396,DUSK,-87.7287243219,2,20,UNABLE TO DETERMINE,NO DEFECTS,DRY,UNABLE TO DETERMINE,N,1413,NO CONTROLS,ONE-WAY,CLEAR,0.0,1.0,0.0,0.0,0.0,1.0,2,0,[],[],"[""Y""]","[""2025-10-03T17:57:00.000""]","[""2163102"", ""2163103""]","[""FRONT-LEFT-CORNER"", ""SIDE-RIGHT""]","[""IL""]","[""DODGE"", ""VOLKSWAGEN""]","[""PARKED"", ""STRAIGHT AHEAD""]","[""CHARGER"", ""JETTA""]","[""0"", ""1""]","[""N""]","[""1"", ""2""]","[""DRIVER"", ""PARKED""]","[""UNKNOWN""]","[""2061989"", ""2061997""]","[""PASSENGER""]","[""UNKNOWN/NA""]","[""2016""]","[""Y""]","[""Y""]","[""Y""]",[],[],[],[],[],"[""Y""]",[],[],[],[],[],[],[],[],"[""DEPLOYMENT UNKNOWN""]","[""TEST NOT OFFERED""]",[],"[""2025-10-03T17:57:00.000""]","[""UNKNOWN""]","[""UNKNOWN""]",[],"[""XX""]","[""NONE""]",[],"[""O2163102""]","[""DRIVER""]","[""UNKNOWN""]","[""USAGE UNKNOWN""]","[""X""]",[],"[""2061989""]",[],[],[],[],[],[],[],2025,10,17,3,False,afternoon,41.91,-87.73,41.91_-87.73,0.0,0,0,OTHER,0
STRAIGHT AND LEVEL,1022,2025-10-03 17:57:00,6,17,10,952C2BEE549CEA025128D20E34885DB008CB1C815673DA8EC943BFE6D70950A666723A34EE5F5AF5BE3910C6F9F98964AAC43BD657B069CE4805BC34BFCE3230,NO INJURY / DRIVE AWAY,"OVER $1,500",NO CONTROLS,ANGLE,41.8555427315,DAYLIGHT,-87.70408759,2,25,UNABLE TO DETERMINE,NO DEFECTS,DRY,UNABLE TO DETERMINE,W,3130,NO CONTROLS,NOT DIVIDED,CLEAR,0.0,0.0,1.0,0.0,0.0,1.0,1,2,"[""Y""]",[],"[""Y""]","[""2025-10-03T17:57:00.000""]","[""2163075"", ""2163076""]","[""FRONT"", ""REAR""]","[""IL""]","[""CHEVROLET"", ""HONDA""]","[""STRAIGHT AHEAD""]","[""ACCORD"", ""EQUINOX""]","[""1""]","[""N"", ""W""]","[""1"", ""2""]","[""DRIVER""]","[""NONE""]","[""2061967"", ""2061980""]","[""PASSENGER"", ""SPORT UTILITY VEHICLE (SUV)""]","[""PERSONAL""]","[""2003"", ""2020""]",[],[],"[""Y""]",[],[],"[""Y""]",[],[],[],[],[],[],[],"[""Y""]","[""Y""]",[],"['21', '24']","[""NOT APPLICABLE""]","[""TEST NOT OFFERED""]","[""CHICAGO""]","[""2025-10-03T17:57:00.000""]","[""NONE""]","[""NOT OBSCURED""]","[""D""]","[""IL""]","[""NONE""]",[],"[""O2163075"", ""O2163076""]","[""DRIVER""]","[""NORMAL""]","[""NONE PRESENT"", ""SAFETY BELT USED""]","[""F"", ""M""]","[""IL""]","[""2061967"", ""2061980""]","[""60623"", ""60632""]",[],[],[],[],[],[],2025,10,17,3,False,afternoon,41.86,-87.7,41.86_-87.7,22.5,21,24,OTHER,0
STRAIGHT AND LEVEL,1112,2025-10-03 17:55:00,6,17,10,3ADED1073D60A97AAC4B081DF5F78F84C6DD609A1FC536422B8FD254467732CB0011CC5C2D4020019374586953A294EEC4AA6B52AE21EF32E5E1A8D9F10B0EC7,INJURY AND / OR TOW DUE TO CRASH,$500 OR LESS,FUNCTIONING PROPERLY,PEDALCYCLIST,41.8955222528,DAYLIGHT,-87.7212546491,2,30,FAILING TO YIELD RIGHT-OF-WAY,UNKNOWN,DRY,UNABLE TO DETERMINE,W,3800,TRAFFIC SIGNAL,FOUR WAY,CLEAR,0.0,1.0,1.0,0.0,0.0,1.0,2,2,[],[],[],"[""2025-10-03T17:55:00.000""]","[""2163081"", ""2163082""]","[""FRONT""]","[""IL""]","[""ISUZU""]","[""STRAIGHT AHEAD""]","[""OTHER (EXPLAIN IN NARRATIVE)""]","[""2""]","[""W""]","[""1"", ""2""]","[""BICYCLE"", ""DRIVER""]","[""UNKNOWN""]","[""2061974""]","[""TRACTOR W/ SEMI-TRAILER""]","[""UNKNOWN/NA""]","[""2020""]",[],[],[],[],[],[],[],[],[],[],"[""1""]",[],[],[],[],[],"['27', '33']","[""NOT APPLICABLE""]","[""TEST NOT OFFERED""]","[""CHICAGO"", ""PERRY""]","[""2025-10-03T17:55:00.000""]","[""FAILED TO YIELD"", ""NONE""]","[""UNKNOWN""]","[""B""]","[""OK""]","[""NONE"", ""TOTALLY EJECTED""]",[],"[""O2163081"", ""O2163082"", ""P477345""]","[""BICYCLE"", ""DRIVER"", ""PASSENGER""]","[""NORMAL"", ""UNKNOWN""]","[""HELMET NOT USED"", ""USAGE UNKNOWN""]","[""F"", ""M""]","[""IL"", ""OK""]","[""2061974""]","[""60618"", ""73077""]",[],"[""3""]","[""CROSSING - AGAINST SIGNAL""]","[""IN ROADWAY""]","[""NO CONTRASTING CLOTHING""]",[],2025,10,17,3,False,afternoon,41.9,-87.72,41.9_-87.72,30.0,27,33,FAILURE-TO-YIELD,1
STRAIGHT AND LEVEL,411,2025-10-03 17:53:00,6,17,10,552A33D30291AAAB091A6EB431E3C0BE11EE15338DE96C5867688A664227B9F103CFCE1284CA0FE39022194BFF8F9FE9D3C10E76ED0DA3BB543BD5ACA5AE9654,INJURY AND / OR TOW DUE TO CRASH,"OVER $1,500",FUNCTIONING PROPERLY,REAR END,41.758689547,DAYLIGHT,-87.5847321966,2,35,FOLLOWING TOO CLOSELY,NO DEFECTS,DRY,FOLLOWING TOO CLOSELY,S,7500,TRAFFIC SIGNAL,NOT DIVIDED,CLEAR,0.0,0.0,1.0,0.0,0.0,1.0,1,2,"[""Y""]",[],"[""Y""]","[""2025-10-03T17:53:00.000""]","[""2163063"", ""2163064""]","[""FRONT"", ""REAR""]","[""IL""]","[""BMW"", ""CHEVROLET""]","[""STRAIGHT AHEAD""]","[""525IA"", ""TAHOE""]","[""1"", ""7""]","[""W""]","[""1"", ""2""]","[""DRIVER""]","[""NONE""]","[""2061958"", ""2061963""]","[""PASSENGER""]","[""PERSONAL""]","[""2002"", ""2004""]",[],[],"[""Y""]",[],[],"[""Y""]",[],[],[],[],"[""6""]",[],[],"[""Y""]","[""Y""]",[],"['40', '66']","[""DID NOT DEPLOY""]","[""TEST NOT OFFERED""]","[""CHICAGO"", ""MURPHYSBORO""]","[""2025-10-03T17:53:00.000""]","[""FOLLOWED TOO CLOSELY"", ""OTHER""]","[""NOT OBSCURED""]","[""D""]","[""IL""]","[""NONE""]","[""COMER HOSPITAL""]","[""O2163063"", ""O2163064"", ""P477338"", ""P477339"", ""P477340"", ""P477341"", ""P477342"", ""P477343""]","[""DRIVER"", ""PASSENGER""]","[""NORMAL""]","[""SAFETY BELT USED""]","[""F"", ""M""]","[""IL""]","[""2061958"", ""2061963""]","[""60617"", ""62966""]",[],"[""10"", ""2"", ""3"", ""4"", ""5"", ""6""]",[],[],[],[],2025,10,17,3,False,afternoon,41.76,-87.58,41.76_-87.58,53.0,40,66,FOLLOWING TOO CLOSELY,1
STRAIGHT AND LEVEL,622,2025-10-03 17:50:00,6,17,10,FE59BCF9FC21E2AA8DCB7BEB7B165B687B2B2464233ABFB8A6F806CF1080726EDAA6007F788C87FBB4954E50B5BFB735BD7BFAF9B676B2F7836B4A271253CCB4,INJURY AND / OR TOW DUE TO CRASH,"OVER $1,500",NO CONTROLS,ANGLE,41.7442243467,DAYLIGHT,-87.6357871989,2,30,FAILING TO YIELD RIGHT-OF-WAY,NO DEFECTS,DRY,IMPROPER TURNING/NO SIGNAL,W,448,NO CONTROLS,NOT DIVIDED,CLEAR,0.0,0.0,0.0,0.0,0.0,1.0,1,2,"[""Y""]","[""Y""]","[""Y""]","[""2025-10-03T17:50:00.000""]","[""2163067"", ""2163068""]","[""FRONT-LEFT-CORNER"", ""FRONT-RIGHT-CORNER""]","[""IL""]","[""CHRYSLER"", ""NISSAN""]","[""STRAIGHT AHEAD""]","[""300"", ""VERSA""]","[""1""]","[""NE"", ""W""]","[""1"", ""2""]","[""DRIVER""]","[""UNKNOWN""]","[""2061964"", ""2061970""]","[""PASSENGER""]","[""PERSONAL""]","[""2012"", ""2019""]",[],[],"[""Y""]",[],[],[],[],[],[],[],[],[],[],[],[],[],"['47', '58']","[""DID NOT DEPLOY""]","[""TEST NOT OFFERED""]","[""CHICAGO""]","[""2025-10-03T17:50:00.000""]","[""FAILED TO YIELD"", ""NONE""]","[""UNKNOWN""]","[""D""]","[""IL""]","[""NONE""]","[""ST BENARD""]","[""O2163067"", ""O2163068""]","[""DRIVER""]","[""NORMAL""]","[""SAFETY BELT USED"", ""USAGE UNKNOWN""]","[""F"", ""M""]","[""IL""]","[""2061964"", ""2061970""]","[""60619"", ""60628""]","[""CFD 55""]",[],[],[],[],[],2025,10,17,3,False,afternoon,41.74,-87.64,41.74_-87.64,52.5,47,58,FAILURE-TO-YIELD,1
STRAIGHT AND LEVEL,1132,2025-10-03 17:33:00,6,17,10,CFB7B1C7A67F482BE960D3380EC2201A213C67386CCB6EAAEABD80209EA9FAA3EA0A450874011441BF09BB00EB26AA837391EF282C35D0ED49A3D579F0E10717,NO INJURY / DRIVE AWAY,"OVER $1,500",NO CONTROLS,PARKED MOTOR VEHICLE,41.8766987352,DAYLIGHT,-87.7256791793,2,30,UNABLE TO DETERMINE,UNKNOWN,DRY,UNABLE TO DETERMINE,S,310,NO CONTROLS,NOT DIVIDED,CLEAR,0.0,0.0,0.0,0.0,0.0,1.0,2,1,"[""Y""]","[""Y""]","[""Y""]","[""2025-10-03T17:33:00.000""]","[""2163071"", ""2163072""]","[""FRONT"", ""TOP""]","[""IL""]","[""FORD"", ""NOVA BUS""]","[""PARKED"", ""STRAIGHT AHEAD""]","[""F250"", ""LFS""]","[""0"", ""1""]","[""S"", ""W""]","[""1"", ""2""]","[""DRIVER"", ""PARKED""]","[""UNKNOWN""]","[""2061965"", ""2061972""]","[""BUS OVER 15 PASS."", ""PICKUP""]","[""CONSTRUCTION/MAINTENANCE"", ""CTA""]","[""2004"", ""2023""]","[""Y""]","[""Y""]",[],[],[],[],[],[],[],"[""N""]",[],[],[],"[""Y""]",[],[],['30'],"[""DID NOT DEPLOY""]","[""TEST NOT OFFERED""]","[""CHICAGO""]","[""2025-10-03T17:33:00.000""]","[""OTHER""]","[""UNKNOWN""]","[""A""]","[""IL""]","[""NONE""]",[],"[""O2163071""]","[""DRIVER""]","[""NORMAL""]","[""USAGE UNKNOWN""]","[""M""]","[""IL""]","[""2061965""]","[""60661""]",[],[],[],[],[],[],2025,10,17,3,False,afternoon,41.88,-87.73,41.88_-87.73,30.0,30,30,OTHER,0
STRAIGHT AND LEVEL,314,2025-10-03 17:30:00,6,17,10,84C87A943B32CDD4473FEA9122154725330F65E869B482B1301F8A530FC837C5DAD8C7C8599705B0CB9A25115CFE835D019DD0FF2B445EBA1C78026E0F88BBF1,NO INJURY / DRIVE AWAY,"$501 - $1,500",FUNCTIONING PROPERLY,PARKED MOTOR VEHICLE,41.7819056713,DAYLIGHT,-87.6009529714,2,30,IMPROPER OVERTAKING/PASSING,NO DEFECTS,DRY,NOT APPLICABLE,S,6211,TRAFFIC SIGNAL,ONE-WAY,CLEAR,0.0,1.0,0.0,0.0,0.0,1.0,2,0,[],[],[],"[""2025-10-03T17:30:00.000""]","[""2164017"", ""2164018""]","[""SIDE-LEFT-REAR"", ""UNKNOWN""]","[""AR""]","[""TOYOTA"", ""UNKNOWN""]","[""PARKED"", ""PASSING/OVERTAKING""]","[""CAMRY"", ""MOTORIZED""]","[""0"", ""1""]","[""S""]","[""1"", ""2""]","[""DRIVER"", ""PARKED""]","[""NONE"", ""UNKNOWN""]","[""2062871"", ""2062880""]","[""PASSENGER"", ""UNKNOWN/NA""]","[""PERSONAL"", ""UNKNOWN/NA""]","[""2014""]",[],[],[],[],[],[],"[""Y""]",[],[],[],[],"[""Y""]",[],[],[],[],[],"[""DEPLOYMENT UNKNOWN""]","[""TEST NOT OFFERED""]",[],"[""2025-10-03T17:30:00.000""]","[""IMPROPER PASSING""]","[""UNKNOWN""]",[],[],"[""NONE""]","[""NONE""]","[""O2164017""]","[""DRIVER""]","[""UNKNOWN""]","[""USAGE UNKNOWN""]","[""X""]",[],"[""2062871""]",[],[],[],[],[],[],[],2025,10,17,3,False,afternoon,41.78,-87.6,41.78_-87.6,0.0,0,0,OTHER,0
STRAIGHT AND LEVEL,2534,2025-10-03 17:26:00,6,17,10,20528622DAABDBF6753358D132C723ACE0BB609D7C47ED8EF941C24CC55C237E43044104CB7A9FCA58037EB47C51F8FC4B6C82DA9BC1462DE8852E07553F0D74,NO INJURY / DRIVE AWAY,"OVER $1,500",FUNCTIONING PROPERLY,PARKED MOTOR VEHICLE,41.9060480129,DAYLIGHT,-87.7311722291,2,30,UNABLE TO DETERMINE,UNKNOWN,DRY,NOT APPLICABLE,N,1355,STOP SIGN/FLASHER,ONE-WAY,CLEAR,0.0,1.0,0.0,0.0,0.0,1.0,2,0,"[""Y""]","[""Y""]",[],"[""2025-10-03T17:26:00.000""]","[""2163104"", ""2163105""]","[""SIDE-RIGHT"", ""UNKNOWN""]","[""IL""]","[""CHEVROLET"", ""DODGE""]","[""PARKED"", ""STRAIGHT AHEAD""]","[""EQUINOX"", ""OTHER (EXPLAIN IN NARRATIVE)""]","[""0"", ""1""]","[""S""]","[""1"", ""2""]","[""DRIVER"", ""PARKED""]","[""UNKNOWN""]","[""2061987"", ""2061990""]","[""PASSENGER"", ""SPORT UTILITY VEHICLE (SUV)""]","[""NOT IN USE"", ""UNKNOWN/NA""]","[""2011""]","[""Y""]","[""Y""]",[],[],[],[],"[""Y""]",[],[],[],[],[],[],"[""Y""]",[],[],[],"[""DEPLOYMENT UNKNOWN""]","[""TEST NOT OFFERED""]",[],"[""2025-10-03T17:26:00.000""]","[""UNKNOWN""]","[""UNKNOWN""]",[],[],"[""NONE""]",[],"[""O2163104""]","[""DRIVER""]","[""UNKNOWN""]","[""USAGE UNKNOWN""]","[""X""]",[],"[""2061987""]",[],[],[],[],[],[],[],2025,10,17,3,False,afternoon,41.91,-87.73,41.91_-87.73,0.0,0,0,OTHER,0