alignment,beat_of_occurrence,crash_date,crash_day_of_week,crash_hour,crash_month,crash_record_id,crash_type,damage,device_condition,first_crash_type,latitude,lighting_condition,longitude,num_units,posted_speed_limit,prim_contributory_cause,road_defect,roadway_surface_cond,sec_contributory_cause,street_direction,street_no,traffic_control_device,trafficway_type,weather_condition,private_property_i,hit_and_run_i,intersection_related_i,crash_date_est_i,work_zone_i,workers_present_i,veh_count,ppl_count,veh_area_01_i_list_json,veh_area_02_i_list_json,veh_area_12_i_list_json,veh_crash_date_list_json,veh_crash_unit_id_list_json,veh_first_contact_point_list_json,veh_lic_plate_state_list_json,veh_make_list_json,veh_maneuver_list_json,veh_model_list_json,veh_occupant_cnt_list_json,veh_travel_direction_list_json,veh_unit_no_list_json,veh_unit_type_list_json,veh_vehicle_defect_list_json,veh_vehicle_id_list_json,veh_vehicle_type_list_json,veh_vehicle_use_list_json,veh_vehicle_year_list_json,veh_area_03_i_list_json,veh_area_04_i_list_json,veh_area_11_i_list_json,veh_towed_by_list_json,veh_towed_i_list_json,veh_area_07_i_list_json,veh_area_99_i_list_json,veh_area_09_i_list_json,veh_area_10_i_list_json,veh_cmrc_veh_i_list_json,veh_num_passengers_list_json,veh_area_08_i_list_json,veh_area_00_i_list_json,veh_area_05_i_list_json,veh_area_06_i_list_json,veh_towed_to_list_json,ppl_age_list_json,ppl_airbag_deployed_list_json,ppl_bac_result_list_json,ppl_city_list_json,ppl_crash_date_list_json,ppl_driver_action_list_json,ppl_driver_vision_list_json,ppl_drivers_license_class_list_json,ppl_drivers_license_state_list_json,ppl_ejection_list_json,ppl_hospital_list_json,ppl_person_id_list_json,ppl_person_type_list_json,ppl_physical_condition_list_json,ppl_safety_equipment_list_json,ppl_sex_list_json,ppl_state_list_json,ppl_vehicle_id_list_json,ppl_zipcode_list_json,ppl_ems_agency_list_json,ppl_seat_no_list_json,ppl_pedpedal_action_list_json,ppl_pedpedal_location_list_json,ppl_pedpedal_visibility_list_json,ppl_ems_run_no_list_json,year,month,hour,day,is_weekend,hour_bin,lat_bin,lng_bin,grid_id,ppl_age_mean,ppl_age_min,ppl_age_max,prim_contributory_cause_group,ksi_flag
STRAIGHT AND LEVEL,1634,2025-10-03 17:25:00,6,17,10,9D2D257F714F4081C93716505951A6594667F168338611A10C788206AA86B11645F90654B80FD3587C7744CA8F5417171CFCEFDE8F6897851777826E8D7E0F2B,INJURY AND / OR TOW DUE TO CRASH,"OVER $1,500",NO CONTROLS,ANGLE,41.9487435941,DAYLIGHT,-87.7478911191,2,25,FAILING TO YIELD RIGHT-OF-WAY,UNKNOWN,DRY,NOT APPLICABLE,W,4813,NO CONTROLS,ALLEY,CLEAR,0.0,0.0,0.0,0.0,0.0,1.0,1,2,"[""Y""]","[""Y""]","[""Y""]","[""2025-10-03T17:25:00.000""]","[""2163061"", ""2163062""]","[""FRONT"", ""SIDE-RIGHT""]","[""IL""]","[""BMW"", ""KIA""]","[""STRAIGHT AHEAD""]","[""OTHER (EXPLAIN IN NARRATIVE)""]","[""1""]","[""N"", ""W""]","[""1"", ""2""]","[""DRIVER""]","[""UNKNOWN""]","[""2061957"", ""2061966""]","[""PASSENGER""]","[""PERSONAL""]","[""2011"", ""2018""]","[""Y""]","[""Y""]","[""Y""]","[""PRIVATE"", ""private""]","[""Y""]",[],[],[],[],[],[],[],[],"[""Y""]",[],"[""UNKNOWN"", ""unknown""]","['28', '49']","[""DEPLOYED, COMBINATION""]","[""TEST NOT OFFERED""]","[""CHICAGO"", ""LINCOLNWOOD""]","[""2025-10-03T17:25:00.000""]","[""FAILED TO YIELD"", ""OTHER""]","[""UNKNOWN""]",[],"[""IL""]","[""NONE""]",[],"[""O2163061"", ""O2163062""]","[""DRIVER""]","[""UNKNOWN""]","[""USAGE UNKNOWN""]","[""F"", ""M""]","[""IL""]","[""2061957"", ""2061966""]","[""60641"", ""60712""]",[],[],[],[],[],[],2025,10,17,3,False,afternoon,41.95,-87.75,41.95_-87.75,38.5,28,49,FAILURE-TO-YIELD,1
STRAIGHT AND LEVEL,1911,2025-10-03 17:24:00,6,17,10,0E5B161D567F0416AD105554C9444E4E26D0BFBE0EB47C32FD79ED738D20A5DE91035C140FDBC4ACE855743E7C7787E3DF88902FDB6CE2A806F4BA80F949A0AD,NO INJURY / DRIVE AWAY,"OVER $1,500",FUNCTIONING PROPERLY,REAR END,41.9635155272,DAYLIGHT,-87.6886001516,2,30,DRIVING SKILLS/KNOWLEDGE/EXPERIENCE,UNKNOWN,DRY,NOT APPLICABLE,N,4511,TRAFFIC SIGNAL,FOUR WAY,CLEAR,0.0,1.0,0.0,0.0,0.0,1.0,1,1,[],[],[],"[""2025-10-03T17:24:00.000""]","[""2163038"", ""2163039""]","[""FRONT"", ""REAR-LEFT-CORNER""]","[""IL""]","[""FORD"", ""VOLKSWAGEN""]","[""STRAIGHT AHEAD""]","[""FOCUS"", ""JETTA""]","[""1""]","[""N""]","[""1"", ""2""]","[""DRIVER""]","[""UNKNOWN""]","[""2061947"", ""2061953""]","[""PASSENGER""]","[""PERSONAL""]","[""2010"", ""2014""]",[],[],[],[],[],"[""Y""]","[""Y""]",[],[],[],[],"[""Y""]",[],[],"[""Y""]",[],['27'],"[""NOT APPLICABLE""]","[""TEST NOT OFFERED""]","[""CHICAGO""]","[""2025-10-03T17:24:00.000""]","[""OTHER""]","[""UNKNOWN""]","[""D""]","[""IL""]","[""NONE""]",[],"[""O2163038"", ""O2163039""]","[""DRIVER""]","[""NORMAL"", ""UNKNOWN""]","[""USAGE UNKNOWN""]","[""F"", ""M""]","[""IL""]","[""2061947"", ""2061953""]","[""60639""]",[],[],[],[],[],[],2025,10,17,3,False,afternoon,41.96,-87.69,41.96_-87.69,27.0,27,27,OTHER,0
STRAIGHT ON GRADE,235,2025-10-03 17:18:00,6,17,10,79AEA033E66E00A3177D91196AE4F43766B530211215FBDC51712C3A4D9E14E126B90C14844886B8873FE52600EA483F6AFBBB5F939E6EF9C41F3B85F76AAE84,NO INJURY / DRIVE AWAY,"$501 - $1,500",NO CONTROLS,SIDESWIPE SAME DIRECTION,41.7951885625,DAYLIGHT,-87.5793730012,2,35,HAD BEEN DRINKING (USE WHEN ARREST IS NOT MADE),UNKNOWN,DRY,NOT APPLICABLE,S,5500,NO CONTROLS,DIVIDED - W/MEDIAN BARRIER,CLEAR,0.0,0.0,0.0,0.0,0.0,1.0,1,3,[],[],"[""Y""]","[""2025-10-03T17:18:00.000""]","[""2163059"", ""2163060""]","[""FRONT"", ""SIDE-LEFT-REAR""]","[""IL"", ""VA""]","[""CHEVROLET"", ""KIA""]","[""CHANGING LANES"", ""STRAIGHT AHEAD""]","[""MALIBU"", ""OTHER (EXPLAIN IN NARRATIVE)""]","[""1"", ""3""]","[""S""]","[""1"", ""2""]","[""DRIVER""]","[""NONE"", ""UNKNOWN""]","[""2061975"", ""2061992""]","[""PASSENGER""]","[""OTHER"", ""PERSONAL""]","[""2018"", ""2023""]","[""N""]","[""N""]",[],[],[],[],[],"[""Y""]","[""Y""]",[],"[""2""]",[],[],[],[],[],"['30', '71', '76']","[""NOT APPLICABLE""]","[""TEST NOT OFFERED""]","[""CHICAGO"", ""HARVEY""]","[""2025-10-03T17:18:00.000""]","[""IMPROPER LANE CHANGE"", ""NONE""]","[""NOT OBSCURED"", ""UNKNOWN""]","[""D""]","[""IL""]","[""NONE""]",[],"[""O2163059"", ""O2163060"", ""P477344"", ""P477346""]","[""DRIVER"", ""PASSENGER""]","[""NORMAL"", ""UNKNOWN""]","[""SAFETY BELT USED"", ""USAGE UNKNOWN""]","[""F"", ""M""]","[""IL""]","[""2061975"", ""2061992""]","[""60426"", ""60639""]",[],"[""3"", ""5""]",[],[],[],[],2025,10,17,3,False,afternoon,41.8,-87.58,41.8_-87.58,59.0,30,76,OTHER,0
STRAIGHT AND LEVEL,1432,2025-10-03 17:14:00,6,17,10,394C5DE40AD7BFCEE8B35BE610BA59B9ECE1C80655B1A86AC8065CBD97BBA63E0E4DAABC69B97C1A947AACADF73D9E8ABFA88A7F58FA301CAB00D720271FC44B,INJURY AND / OR TOW DUE TO CRASH,"OVER $1,500",NO CONTROLS,TURNING,41.9290557256,DAYLIGHT,-87.6869541134,2,30,UNABLE TO DETERMINE,UNKNOWN,DRY,UNABLE TO DETERMINE,W,2365,NO CONTROLS,UNKNOWN INTERSECTION TYPE,CLEAR,0.0,0.0,1.0,0.0,0.0,1.0,1,2,"[""Y""]",[],"[""Y""]","[""2025-10-03T17:14:00.000""]","[""2163057"", ""2163058""]","[""FRONT-RIGHT-CORNER"", ""SIDE-LEFT-FRONT""]","[""IL""]","[""TOYOTA"", ""VOLKSWAGEN""]","[""TURNING LEFT""]","[""GOLF"", ""RAV4""]","[""1""]","[""S"", ""W""]","[""1"", ""2""]","[""DRIVER""]","[""UNKNOWN""]","[""2061982"", ""2062001""]","[""PASSENGER""]","[""PERSONAL""]","[""2005"", ""2015""]",[],[],"[""Y""]","[""UNKNOWN""]","[""Y""]",[],[],[],[],[],[],[],[],[],[],[],"['0', '40']","[""DEPLOYED, FRONT"", ""DID NOT DEPLOY""]","[""TEST NOT OFFERED""]","[""CHICAGO""]","[""2025-10-03T17:14:00.000""]","[""UNKNOWN""]","[""UNKNOWN""]","[""D""]","[""IL""]","[""NONE""]",[],"[""O2163057"", ""O2163058""]","[""DRIVER""]","[""UNKNOWN""]","[""USAGE UNKNOWN""]","[""M""]","[""IL""]","[""2061982"", ""2062001""]","[""60639"", ""60647""]",[],[],[],[],[],[],2025,10,17,3,False,afternoon,41.93,-87.69,41.93_-87.69,20.0,0,40,OTHER,0
STRAIGHT AND LEVEL,1115,2025-10-03 17:12:00,6,17,10,1B6F296EB74978DB268DA929124DDAFFE9C14898772109C2388AFE8974B3F691035A6C832419E4ED9E1F70D2C128B988396819CFA6C5694B713E123DAF14E387,NO INJURY / DRIVE AWAY,"OVER $1,500",FUNCTIONING PROPERLY,ANGLE,41.8808342998,DAYLIGHT,-87.7257965972,2,20,UNABLE TO DETERMINE,NO DEFECTS,DRY,UNABLE TO DETERMINE,W,4000,TRAFFIC SIGNAL,DIVIDED - W/MEDIAN (NOT RAISED),CLEAR,0.0,1.0,1.0,0.0,0.0,1.0,1,4,"[""Y""]",[],[],"[""2025-10-03T17:12:00.000""]","[""2163428"", ""2163429""]","[""FRONT"", ""FRONT-RIGHT-CORNER""]","[""IL""]","[""FORD"", ""NISSAN""]","[""STRAIGHT AHEAD""]","[""OTHER (EXPLAIN IN NARRATIVE)"", ""ROGUE""]","[""1"", ""4""]","[""S"", ""W""]","[""1"", ""2""]","[""DRIVER""]","[""NONE"", ""UNKNOWN""]","[""2062314"", ""2062320""]","[""SPORT UTILITY VEHICLE (SUV)"", ""UNKNOWN/NA""]","[""PERSONAL"", ""UNKNOWN/NA""]","[""2007"", ""2019""]",[],[],[],[],[],[],[],[],[],[],"[""3""]",[],[],[],[],[],"['16', '20', '41', '65']","[""DEPLOYMENT UNKNOWN"", ""DID NOT DEPLOY"", ""NOT APPLICABLE""]","[""TEST NOT OFFERED""]","[""CHICAGO""]","[""2025-10-03T17:12:00.000""]","[""NONE"", ""UNKNOWN""]","[""NOT OBSCURED"", ""UNKNOWN""]","[""D""]","[""IL""]","[""NONE""]",[],"[""O2163428"", ""O2163429"", ""P477422"", ""P477423"", ""P477425""]","[""DRIVER"", ""PASSENGER""]","[""NORMAL"", ""UNKNOWN""]","[""SAFETY BELT USED"", ""USAGE UNKNOWN""]","[""F"", ""M""]","[""IL""]","[""2062314"", ""2062320""]","[""60612"", ""60651""]",[],"[""2"", ""4"", ""6""]",[],[],[],[],2025,10,17,3,False,afternoon,41.88,-87.73,41.88_-87.73,35.5,16,65,OTHER,0
STRAIGHT AND LEVEL,1034,2025-10-03 17:10:00,6,17,10,122FE54FF8DAC00BF9AC8688F0462FC7DD3A4710781CE1FAE39DF79EBE9FE57E2794F94B2F42E37CC32F8A20BA113140B071DA178B4C55A803D629A17D4C176D,NO INJURY / DRIVE AWAY,"OVER $1,500",NO CONTROLS,SIDESWIPE SAME DIRECTION,41.8382432053,UNKNOWN,-87.6907173654,2,30,UNABLE TO DETERMINE,UNKNOWN,UNKNOWN,NOT APPLICABLE,W,2600,NO CONTROLS,NOT DIVIDED,CLEAR,0.0,1.0,0.0,0.0,0.0,1.0,1,1,"[""Y""]","[""Y""]",[],"[""2025-10-03T17:10:00.000""]","[""2163097"", ""2163098""]","[""FRONT-RIGHT-CORNER"", ""UNKNOWN""]","[""IL"", ""TX""]","[""FORD"", ""NISSAN""]","[""PASSING/OVERTAKING"", ""STRAIGHT AHEAD""]","[""FOCUS"", ""OTHER (EXPLAIN IN NARRATIVE)""]","[""1""]","[""W""]","[""1"", ""2""]","[""DRIVER""]","[""UNKNOWN""]","[""2061986"", ""2061993""]","[""OTHER"", ""PASSENGER""]","[""PERSONAL""]","[""2009"", ""2023""]",[],[],[],[],[],[],"[""Y""]",[],[],[],[],[],[],[],[],[],['56'],"[""DEPLOYMENT UNKNOWN""]","[""TEST NOT OFFERED""]","[""CHICAGO""]","[""2025-10-03T17:10:00.000""]","[""UNKNOWN""]","[""UNKNOWN""]","[""D""]","[""IL""]","[""NONE""]",[],"[""O2163097"", ""O2163098""]","[""DRIVER""]","[""NORMAL"", ""UNKNOWN""]","[""USAGE UNKNOWN""]","[""M"", ""X""]","[""IL""]","[""2061986"", ""2061993""]","[""60618""]",[],[],[],[],[],[],2025,10,17,3,False,afternoon,41.84,-87.69,41.84_-87.69,56.0,56,56,OTHER,0
STRAIGHT AND LEVEL,2024,2025-10-03 17:10:00,6,17,10,9CBC3C7B8D1E108D15766C93A060316E9C2EB2A802F8AF4D547CDAAFDF85DDB6AC5220546DB9DFB0CCBE1390713A3C9ACDCE3E5E0D9F4A2CB212B2BAA1899BFB,INJURY AND / OR TOW DUE TO CRASH,"OVER $1,500",NO CONTROLS,FIXED OBJECT,41.9703241872,DAYLIGHT,-87.6479725301,1,40,UNABLE TO DETERMINE,NO DEFECTS,DRY,NOT APPLICABLE,N,4821,NO CONTROLS,DIVIDED - W/MEDIAN BARRIER,CLEAR,0.0,0.0,0.0,0.0,0.0,1.0,1,2,"[""Y""]","[""Y""]",[],"[""2025-10-03T17:10:00.000""]","[""2162999""]","[""SIDE-RIGHT""]","[""IL""]","[""FORD""]","[""STRAIGHT AHEAD""]","[""ESCAPE""]","[""3""]","[""N""]","[""1""]","[""DRIVER""]","[""TIRES""]","[""2061893""]","[""SPORT UTILITY VEHICLE (SUV)""]","[""PERSONAL""]","[""2013""]","[""Y""]","[""Y""]",[],"[""PRIAVATE TOW""]","[""Y""]",[],[],[],[],[],"[""2""]","[""Y""]",[],"[""Y""]",[],[],"['16', '17']","[""DEPLOYED, FRONT"", ""DID NOT DEPLOY""]","[""TEST NOT OFFERED""]","[""CHICAGO"", ""CHICAHO""]","[""2025-10-03T17:10:00.000""]","[""NONE""]","[""UNKNOWN""]","[""D""]","[""IL""]","[""NONE""]","[""LURIES""]","[""O2162999"", ""P477319"", ""P477322""]","[""DRIVER"", ""PASSENGER""]","[""UNKNOWN""]","[""SAFETY BELT USED""]","[""F""]","[""IL""]","[""2061893""]","[""60614"", ""60631"", ""60660""]","[""CFD""]","[""11"", ""2""]",[],[],[],"[""13""]",2025,10,17,3,False,afternoon,41.97,-87.65,41.97_-87.65,16.5,16,17,OTHER,1
STRAIGHT AND LEVEL,812,2025-10-03 17:10:00,6,17,10,93F5AA1D69DC936B4D406C9830239FA6FE88FDAC56B6F7F26900185D6C3C63C59CD414250E567CF12475613DFD405E14430E773C08F86E358125B59830EA7EEA,NO INJURY / DRIVE AWAY,"$501 - $1,500",NO CONTROLS,TURNING,41.777764765,DAYLIGHT,-87.7814150439,2,30,IMPROPER TURNING/NO SIGNAL,UNKNOWN,DRY,IMPROPER TURNING/NO SIGNAL,S,6258,NO CONTROLS,DIVIDED - W/MEDIAN (NOT RAISED),CLEAR,0.0,0.0,0.0,0.0,0.0,1.0,1,2,"[""Y""]",[],[],"[""2025-10-03T17:10:00.000""]","[""2163694"", ""2163695""]","[""FRONT-RIGHT-CORNER"", ""SIDE-LEFT""]","[""IL""]","[""JEEP"", ""NISSAN""]","[""STRAIGHT AHEAD"", ""TURNING RIGHT""]","[""SENTRA"", ""WRANGLER""]","[""1""]","[""S""]","[""1"", ""2""]","[""DRIVER""]","[""UNKNOWN""]","[""2062566"", ""2062577""]","[""PASSENGER"", ""SPORT UTILITY VEHICLE (SUV)""]","[""PERSONAL""]","[""2018""]",[],[],[],[],[],[],[],"[""Y""]","[""Y""]",[],[],"[""Y""]",[],[],[],[],"['19', '52']","[""DID NOT DEPLOY""]","[""TEST NOT OFFERED""]","[""CHICAGO""]","[""2025-10-03T17:10:00.000""]","[""IMPROPER TURN"", ""NONE""]","[""UNKNOWN""]","[""D""]","[""IL""]","[""NONE""]",[],"[""O2163694"", ""O2163695""]","[""DRIVER""]","[""NORMAL""]","[""SAFETY BELT USED""]","[""F"", ""M""]","[""IL""]","[""2062566"", ""2062577""]","[""60638""]",[],[],[],[],[],[],2025,10,17,3,False,afternoon,41.78,-87.78,41.78_-87.78,35.5,19,52,OTHER,0
STRAIGHT AND LEVEL,1113,2025-10-03 17:09:00,6,17,10,67CB96D465508511883CD72A007BBF5A32215653129626814CB2262CD8CEF657935D7890F8F21B76AC8140E6C2E4B5CC12723C7AFCBB320767BEB0D2AFE3C30E,NO INJURY / DRIVE AWAY,"OVER $1,500",FUNCTIONING PROPERLY,SIDESWIPE SAME DIRECTION,41.8768543005,DAYLIGHT,-87.7450001961,2,30,IMPROPER OVERTAKING/PASSING,NO DEFECTS,DRY,UNABLE TO DETERMINE,S,257,TRAFFIC SIGNAL,NOT DIVIDED,CLEAR,0.0,1.0,1.0,0.0,0.0,1.0,1,1,[],[],[],"[""2025-10-03T17:09:00.000""]","[""2163093"", ""2163094""]","[""FRONT-LEFT-CORNER"", ""UNKNOWN""]","[""IL""]","[""CHEVROLET"", ""UNKNOWN""]","[""CHANGING LANES"", ""STRAIGHT AHEAD""]","[""EQUINOX"", ""MOTORIZED""]","[""1""]","[""N""]","[""1"", ""2""]","[""DRIVER""]","[""NONE"", ""UNKNOWN""]","[""2062000"", ""2062002""]","[""SPORT UTILITY VEHICLE (SUV)"", ""UNKNOWN/NA""]","[""CTA"", ""UNKNOWN/NA""]","[""2024""]",[],[],"[""Y""]",[],[],[],"[""Y""]",[],[],[],[],[],[],[],[],[],['54'],"[""DEPLOYMENT UNKNOWN"", ""DID NOT DEPLOY""]","[""TEST NOT OFFERED""]","[""CHICAGO""]","[""2025-10-03T17:09:00.000""]","[""IMPROPER LANE CHANGE"", ""NONE""]","[""NOT OBSCURED"", ""UNKNOWN""]","[""K""]","[""IL""]","[""NONE""]",[],"[""O2163093"", ""O2163094""]","[""DRIVER""]","[""NORMAL"", ""UNKNOWN""]","[""USAGE UNKNOWN""]","[""F"", ""X""]","[""IL""]","[""2062000"", ""2062002""]","[""60623""]",[],[],[],[],[],[],2025,10,17,3,False,afternoon,41.88,-87.75,41.88_-87.75,54.0,54,54,OTHER,0
STRAIGHT AND LEVEL,611,2025-10-03 17:00:00,6,17,10,4FEF40E1C1128BF85168D1F1E6AF7D7AD2C2C9EB0A4873B027DF001AF5D7625BECCAC9B04DE7A619F8D95DAEE994E3A91C41562511917A7784840DBFDB8D4FFC,NO INJURY / DRIVE AWAY,"OVER $1,500",FUNCTIONING PROPERLY,PARKED MOTOR VEHICLE,41.755889247,"DARKNESS, LIGHTED ROAD",-87.6666569864,2,30,UNABLE TO DETERMINE,NO DEFECTS,DRY,UNABLE TO DETERMINE,W,1714,TRAFFIC SIGNAL,NOT DIVIDED,CLEAR,0.0,1.0,0.0,1.0,0.0,1.0,2,0,"[""Y""]",[],"[""Y""]","[""2025-10-03T17:00:00.000""]","[""2163256"", ""2163257""]","[""FRONT"", ""UNKNOWN""]",[],"[""HYUNDAI"", ""UNKNOWN""]","[""PARKED"", ""UNKNOWN/NA""]","[""ELANTRA"", ""MOTORIZED""]","[""0"", ""1""]","[""UNKNOWN"", ""W""]","[""1"", ""2""]","[""DRIVER"", ""PARKED""]","[""UNKNOWN""]","[""2062141"", ""2062144""]","[""PASSENGER"", ""UNKNOWN/NA""]","[""PERSONAL"", ""UNKNOWN/NA""]",[],[],[],"[""Y""]",[],[],[],"[""Y""]",[],[],[],[],[],[],[],[],[],[],"[""DEPLOYMENT UNKNOWN""]","[""TEST NOT OFFERED""]",[],"[""2025-10-03T17:00:00.000""]","[""UNKNOWN""]","[""UNKNOWN""]",[],[],"[""UNKNOWN""]",[],"[""O2163256""]","[""DRIVER""]","[""UNKNOWN""]","[""USAGE UNKNOWN""]","[""X""]",[],"[""2062141""]",[],[],[],[],[],[],[],2025,10,17,3,False,afternoon,41.76,-87.67,41.76_-87.67,0.0,0,0,OTHER,0
STRAIGHT AND LEVEL,234,2025-10-03 17:00:00,6,17,10,6B25FFF84E7919E1AF7669BF7DB8C554DFF90863289A0C17A7508853B5D077617BCE7EB822C0731151B4F4E38C73935C786C5A2679B06EED23385585B762CA81,NO INJURY / DRIVE AWAY,"OVER $1,500",NO CONTROLS,PARKED MOTOR VEHICLE,41.7993614461,DAYLIGHT,-87.5951845862,3,30,NOT APPLICABLE,NO DEFECTS,DRY,NOT APPLICABLE,E,1235,NO CONTROLS,OTHER,CLEAR,0.0,0.0,0.0,0.0,0.0,1.0,2,4,"[""Y""]",[],"[""Y""]","[""2025-10-03T17:00:00.000""]","[""2163099"", ""2163100"", ""2163101""]","[""FRONT-LEFT-CORNER"", ""REAR"", ""REAR-LEFT-CORNER""]","[""IL""]","[""CHEVROLET"", ""FREIGHTLINER CORPORATION"", ""KIA""]","[""PARKED"", ""STRAIGHT AHEAD""]","[""FREIGHTLINER CORP."", ""SORENTO"", ""TRAIL BLAZER""]","[""0"", ""1"", ""4""]","[""N"", ""UNKNOWN"", ""W""]","[""1"", ""2"", ""3""]","[""DRIVER"", ""PARKED""]","[""UNKNOWN""]","[""2061991"", ""2061996"", ""2062006""]","[""PASSENGER"", ""TRUCK - SINGLE UNIT""]","[""OTHER"", ""PERSONAL""]","[""2004"", ""2015"", ""2018""]",[],"[""Y""]","[""Y""]",[],[],"[""Y""]",[],[],[],[],"[""3""]","[""N""]",[],[],"[""Y""]",[],"['2', '27', '53', '6']","[""DID NOT DEPLOY""]","[""TEST NOT OFFERED""]","[""CHICAGO""]","[""2025-10-03T17:00:00.000""]","[""NONE"", ""OTHER""]","[""UNKNOWN""]","[""D""]","[""IL""]","[""NONE""]",[],"[""O2163099"", ""O2163101"", ""P477353"", ""P477354"", ""P477356""]","[""DRIVER"", ""PASSENGER""]","[""NORMAL""]","[""CHILD RESTRAINT - FORWARD FACING"", ""CHILD RESTRAINT - REAR FACING"", ""USAGE UNKNOWN""]","[""F"", ""M""]","[""IL""]","[""2061991"", ""2062006""]","[""60619"", ""60649""]",[],"[""3"", ""4"", ""6""]",[],[],[],[],2025,10,17,3,False,afternoon,41.8,-87.6,41.8_-87.6,22.0,2,53,OTHER,0
STRAIGHT AND LEVEL,2511,2025-10-03 17:00:00,6,17,10,575AF256625A2235CBF55708760D71F6A4284E2DDCD11DFF73B53FD6DADD5CE493BE7E6D4330C06C42948BD262A6892079B29886D6D0A110AC0EC46191C0234F,NO INJURY / DRIVE AWAY,"OVER $1,500",FUNCTIONING PROPERLY,TURNING,41.938245949,DAYLIGHT,-87.7833814982,2,30,UNABLE TO DETERMINE,NO DEFECTS,DRY,UNABLE TO DETERMINE,W,6259,STOP SIGN/FLASHER,NOT DIVIDED,CLEAR,0.0,0.0,0.0,0.0,0.0,1.0,1,2,[],[],"[""Y""]","[""2025-10-03T17:00:00.000""]","[""2163486"", ""2163487""]","[""FRONT-LEFT-CORNER""]","[""IL""]","[""FORD"", ""NISSAN""]","[""TURNING LEFT""]","[""RANGER"", ""SENTRA""]","[""1""]","[""NW"", ""SE""]","[""1"", ""2""]","[""DRIVER""]","[""NONE""]","[""2062368"", ""2062372""]","[""PASSENGER"", ""PICKUP""]","[""PERSONAL""]","[""2002"", ""2011""]",[],[],"[""Y""]",[],[],[],[],[],"[""Y""]",[],[],[],[],[],[],[],"['23', '51']","[""NOT APPLICABLE""]","[""TEST NOT OFFERED""]","[""CHICAGO""]","[""2025-10-03T17:00:00.000""]","[""NONE"", ""OTHER""]","[""NOT OBSCURED""]","[""D""]","[""IL""]","[""NONE""]",[],"[""O2163486"", ""O2163487""]","[""DRIVER""]","[""NORMAL""]","[""USAGE UNKNOWN""]","[""M""]","[""IL""]","[""2062368"", ""2062372""]","[""60634""]",[],[],[],[],[],[],2025,10,17,3,False,afternoon,41.94,-87.78,41.94_-87.78,37.0,23,51,OTHER,0
STRAIGHT AND LEVEL,131,2025-10-03 17:00:00,6,17,10,714B0BAE0A73B882255AEF87E28D1217B54BFFDE99A92DEA902E733BA7DA77F1A774931454A2993CA4B5BD9F37AACC17AD03EA11342459E6B74D212B87F37067,NO INJURY / DRIVE AWAY,"$501 - $1,500",NO CONTROLS,SIDESWIPE SAME DIRECTION,41.8527737152,DAYLIGHT,-87.623952413,2,30,DRIVING SKILLS/KNOWLEDGE/EXPERIENCE,NO DEFECTS,DRY,IMPROPER TURNING/NO SIGNAL,S,2200,NO CONTROLS,CENTER TURN LANE,CLEAR,0.0,0.0,0.0,0.0,0.0,1.0,1,2,[],[],[],"[""2025-10-03T17:00:00.000""]","[""2163085"", ""2163086""]","[""FRONT-LEFT-CORNER"", ""SIDE-RIGHT""]","[""IL""]","[""AUDI"", ""MAZDA""]","[""MERGING"", ""STRAIGHT AHEAD""]","[""CX-5"", ""SQ5""]","[""1"", ""2""]","[""E""]","[""1"", ""2""]","[""DRIVER""]","[""NONE""]","[""2061981"", ""2061988""]","[""PASSENGER"", ""PICKUP""]","[""PERSONAL""]","[""2020"", ""2024""]","[""Y""]","[""Y""]","[""Y""]",[],[],[],[],[],[],[],"[""1""]",[],[],"[""Y""]",[],[],"['71', '84']","[""DID NOT DEPLOY""]","[""TEST NOT OFFERED""]","[""CHICAGO"", ""MIAMI""]","[""2025-10-03T17:00:00.000""]","[""IMPROPER LANE CHANGE"", ""UNKNOWN""]","[""UNKNOWN""]","[""D""]","[""IL""]","[""NONE""]",[],"[""O2163085"", ""O2163086"", ""P477347""]","[""DRIVER"", ""PASSENGER""]","[""NORMAL"", ""UNKNOWN""]","[""USAGE UNKNOWN""]","[""F"", ""M""]","[""FL"", ""IL""]","[""2061981"", ""2061988""]","[""33177"", ""60608"", ""60616""]",[],"[""3""]",[],[],[],[],2025,10,17,3,False,afternoon,41.85,-87.62,41.85_-87.62,77.5,71,84,OTHER,0