alignment,beat_of_occurrence,crash_date,crash_day_of_week,crash_hour,crash_month,crash_record_id,crash_type,damage,device_condition,first_crash_type,latitude,lighting_condition,longitude,num_units,posted_speed_limit,prim_contributory_cause,road_defect,roadway_surface_cond,sec_contributory_cause,street_direction,street_no,traffic_control_device,trafficway_type,weather_condition,private_property_i,hit_and_run_i,intersection_related_i,crash_date_est_i,work_zone_i,workers_present_i,veh_count,ppl_count,veh_area_01_i_list_json,veh_area_02_i_list_json,veh_area_12_i_list_json,veh_crash_date_list_json,veh_crash_unit_id_list_json,veh_first_contact_point_list_json,veh_lic_plate_state_list_json,veh_make_list_json,veh_maneuver_list_json,veh_model_list_json,veh_occupant_cnt_list_json,veh_travel_direction_list_json,veh_unit_no_list_json,veh_unit_type_list_json,veh_vehicle_defect_list_json,veh_vehicle_id_list_json,veh_vehicle_type_list_json,veh_vehicle_use_list_json,veh_vehicle_year_list_json,veh_area_03_i_list_json,veh_area_04_i_list_json,veh_area_11_i_list_json,veh_towed_by_list_json,veh_towed_i_list_json,veh_area_07_i_list_json,veh_area_99_i_list_json,veh_area_09_i_list_json,veh_area_10_i_list_json,veh_cmrc_veh_i_list_json,veh_num_passengers_list_json,veh_area_08_i_list_json,veh_area_00_i_list_json,veh_area_05_i_list_json,veh_area_06_i_list_json,veh_towed_to_list_json,ppl_age_list_json,ppl_airbag_deployed_list_json,ppl_bac_result_list_json,ppl_city_list_json,ppl_crash_date_list_json,ppl_driver_action_list_json,ppl_driver_vision_list_json,ppl_drivers_license_class_list_json,ppl_drivers_license_state_list_json,ppl_ejection_list_json,ppl_hospital_list_json,ppl_person_id_list_json,ppl_person_type_list_json,ppl_physical_condition_list_json,ppl_safety_equipment_list_json,ppl_sex_list_json,ppl_state_list_json,ppl_vehicle_id_list_json,ppl_zipcode_list_json,ppl_ems_agency_list_json,ppl_seat_no_list_json,ppl_pedpedal_action_list_json,ppl_pedpedal_location_list_json,ppl_pedpedal_visibility_list_json,ppl_ems_run_no_list_json,year,month,hour,day,is_weekend,hour_bin,lat_bin,lng_bin,grid_id,ppl_age_mean,ppl_age_min,ppl_age_max,prim_contributory_cause_group,ksi_flag
STRAIGHT AND LEVEL,815,2025-10-03 17:00:00,6,17,10,BA60BC393B43D5EACAC6C88A4165E3A56D17C2F0EEF92AA682490D26F6F98F49B6DDB9B37017D4B3B740E7FF443E62481D4D0CF20975D5A0052E9BF480EB1403,NO INJURY / DRIVE AWAY,"OVER $1,500",NO CONTROLS,REAR END,41.8009278452,DAYLIGHT,-87.729129081,2,30,UNABLE TO DETERMINE,NO DEFECTS,DRY,UNABLE TO DETERMINE,S,5100,NO CONTROLS,FOUR WAY,CLEAR,0.0,0.0,0.0,0.0,0.0,1.0,1,2,"[""Y""]",[],"[""Y""]","[""2025-10-03T17:00:00.000""]","[""2163077"", ""2163078""]","[""FRONT"", ""REAR""]","[""IL""]","[""HONDA""]","[""STRAIGHT AHEAD""]","[""ACCORD"", ""HR-V""]","[""1""]","[""W""]","[""1"", ""2""]","[""DRIVER""]","[""UNKNOWN""]","[""2061968"", ""2061976""]","[""PASSENGER""]","[""PERSONAL""]","[""2017"", ""2020""]",[],[],"[""Y""]",[],[],"[""Y""]",[],[],[],[],[],[],[],"[""Y""]",[],[],"['25', '68']","[""NOT APPLICABLE""]","[""TEST NOT OFFERED""]","[""CHICAGO""]","[""2025-10-03T17:00:00.000""]","[""NONE"", ""UNKNOWN""]","[""BLINDED - SUNLIGHT"", ""NOT OBSCURED""]","[""D""]","[""IL""]","[""NONE""]",[],"[""O2163077"", ""O2163078""]","[""DRIVER""]","[""NORMAL""]","[""SAFETY BELT USED""]","[""F"", ""M""]","[""IL""]","[""2061968"", ""2061976""]","[""60632"", ""60636""]",[],[],[],[],[],[],2025,10,17,3,False,afternoon,41.8,-87.73,41.8_-87.73,46.5,25,68,OTHER,0
STRAIGHT AND LEVEL,1232,2025-10-03 17:00:00,6,17,10,E3859B2AF914A6038656F9ECBCCFB069524D7BB993CAC21A081C479ADEB8E3A83919DD86BFA643D625B1528B3646B307A6AE3F15B3C4572E0C7A736BC8215224,NO INJURY / DRIVE AWAY,"OVER $1,500",NO CONTROLS,SIDESWIPE SAME DIRECTION,41.864904573,DAYLIGHT,-87.6459812838,2,15,DRIVING SKILLS/KNOWLEDGE/EXPERIENCE,NO DEFECTS,DRY,DRIVING SKILLS/KNOWLEDGE/EXPERIENCE,W,722,NO CONTROLS,NOT DIVIDED,CLEAR,0.0,0.0,0.0,0.0,0.0,1.0,1,2,"[""Y""]",[],"[""Y""]","[""2025-10-03T17:00:00.000""]","[""2163020"", ""2163021""]","[""FRONT-LEFT-CORNER"", ""REAR-RIGHT-CORNER""]","[""IL""]","[""BUICK"", ""FORD""]","[""STRAIGHT AHEAD""]","[""ENCLAVE"", ""OTHER (EXPLAIN IN NARRATIVE)""]","[""1""]","[""E""]","[""1"", ""2""]","[""DRIVER""]","[""NONE"", ""UNKNOWN""]","[""2061914"", ""2061921""]","[""BUS UP TO 15 PASS."", ""PASSENGER""]","[""OTHER"", ""PERSONAL""]","[""2015"", ""2020""]",[],"[""Y""]","[""Y""]",[],[],[],[],[],[],[],[],[],[],"[""Y""]",[],[],"['54', '64']","[""NOT APPLICABLE""]","[""TEST NOT OFFERED""]","[""CHICAGO"", ""COUNTRY CLUB HILLS""]","[""2025-10-03T17:00:00.000""]","[""IMPROPER LANE CHANGE"", ""NONE""]","[""NOT OBSCURED""]","[""D""]","[""IL""]","[""NONE""]","[""REFUSED""]","[""O2163020"", ""O2163021""]","[""DRIVER""]","[""NORMAL""]","[""USAGE UNKNOWN""]","[""M""]","[""IL""]","[""2061914"", ""2061921""]","[""60478"", ""60628""]","[""N/A""]",[],[],[],[],[],2025,10,17,3,False,afternoon,41.86,-87.65,41.86_-87.65,59.0,54,64,OTHER,0
STRAIGHT AND LEVEL,2033,2025-10-03 17:00:00,6,17,10,AF9CF8C8C10727E25C0F72331FB83B091B9652A410FD3ED5608E947FC1573647A5CA21E15B9F4FBCFEA72AB8FE941D67C41872E2F26E570C82FD3B82C3887E38,NO INJURY / DRIVE AWAY,"OVER $1,500",NO CONTROLS,PARKED MOTOR VEHICLE,41.9715164409,UNKNOWN,-87.6598856362,2,30,UNABLE TO DETERMINE,UNKNOWN,UNKNOWN,UNABLE TO DETERMINE,N,4900,NO CONTROLS,DIVIDED - W/MEDIAN (NOT RAISED),CLEAR,0.0,0.0,0.0,0.0,0.0,1.0,2,2,[],[],"[""Y""]","[""2025-10-03T17:00:00.000""]","[""2163157"", ""2163158""]","[""FRONT"", ""REAR""]","[""IL""]","[""FORD"", ""TOYOTA""]","[""PARKED"", ""UNKNOWN/NA""]","[""CAMRY"", ""MUSTANG""]","[""1""]","[""S""]","[""1"", ""2""]","[""DRIVER"", ""PARKED""]","[""UNKNOWN""]","[""2062049"", ""2062056""]","[""UNKNOWN/NA""]","[""UNKNOWN/NA""]","[""2000"", ""2019""]",[],[],[],[],[],[],[],[],[],[],"[""1""]",[],[],[],"[""Y""]",[],"['29', '32']","[""DEPLOYMENT UNKNOWN""]","[""TEST NOT OFFERED""]","[""CHICAGO"", ""MONTGOMERY""]","[""2025-10-03T17:00:00.000""]","[""UNKNOWN""]","[""UNKNOWN""]",[],"[""IL""]","[""NONE""]",[],"[""O2163157"", ""P477370""]","[""DRIVER"", ""PASSENGER""]","[""UNKNOWN""]","[""USAGE UNKNOWN""]","[""M""]","[""IL""]","[""2062049"", ""2062056""]","[""60538"", ""60640""]",[],"[""1""]",[],[],[],[],2025,10,17,3,False,afternoon,41.97,-87.66,41.97_-87.66,30.5,29,32,OTHER,0
STRAIGHT AND LEVEL,2531,2025-10-03 16:48:00,6,16,10,F06AF95EBAA315C90CA0F9DA315D9CECF06BDE202CAD867A076E747AA647E900BC1A4E8446DA88D50F93A74579153EC655081F371F62B320DEE324BD57255308,NO INJURY / DRIVE AWAY,$500 OR LESS,NO CONTROLS,REAR END,41.9076455761,DAYLIGHT,-87.7754024454,2,30,UNABLE TO DETERMINE,UNKNOWN,DRY,UNABLE TO DETERMINE,N,1505,NO CONTROLS,NOT DIVIDED,CLEAR,0.0,0.0,0.0,0.0,0.0,1.0,1,3,"[""Y""]",[],"[""Y""]","[""2025-10-03T16:48:00.000""]","[""2163046"", ""2163047""]","[""FRONT"", ""REAR""]","[""IL""]","[""FORD"", ""TOYOTA""]","[""STRAIGHT AHEAD""]","[""CAMRY"", ""EXPLORER""]","[""1"", ""2""]","[""N""]","[""1"", ""2""]","[""DRIVER""]","[""UNKNOWN""]","[""2061938"", ""2061955""]","[""PASSENGER""]","[""PERSONAL""]","[""2014"", ""2021""]",[],[],"[""Y""]",[],[],[],[],[],[],[],"[""1""]",[],[],[],"[""Y""]",[],"['32', '33', '46']","[""NOT APPLICABLE""]","[""TEST NOT OFFERED""]","[""CHICAGO""]","[""2025-10-03T16:48:00.000""]","[""NONE"", ""UNKNOWN""]","[""UNKNOWN""]",[],"[""IL""]","[""NONE""]",[],"[""O2163046"", ""O2163047"", ""P477337""]","[""DRIVER"", ""PASSENGER""]","[""NORMAL""]","[""USAGE UNKNOWN""]","[""F"", ""M""]","[""IL""]","[""2061938"", ""2061955""]","[""60641"", ""60647"", ""60707""]",[],"[""3""]",[],[],[],[],2025,10,16,3,False,afternoon,41.91,-87.78,41.91_-87.78,37.0,32,46,OTHER,0
STRAIGHT AND LEVEL,511,2025-10-03 16:47:00,6,16,10,9FD97F471576096413FA9DD6816B43BF5B074756F79DD70BB073C744CA5C09F3805D0FBFF743E0428029F2450F6DD1873421164702BC43961905EDEECCE245DD,NO INJURY / DRIVE AWAY,"OVER $1,500",FUNCTIONING PROPERLY,SIDESWIPE SAME DIRECTION,41.7074261755,DAWN,-87.6137099049,2,30,UNABLE TO DETERMINE,NO DEFECTS,DRY,NOT APPLICABLE,E,400,TRAFFIC SIGNAL,NOT DIVIDED,CLEAR,0.0,1.0,0.0,0.0,0.0,1.0,1,1,[],[],[],"[""2025-10-03T16:47:00.000""]","[""2164769"", ""2164770""]","[""FRONT"", ""SIDE-RIGHT""]","[""IL""]","[""FORD""]","[""PASSING/OVERTAKING"", ""STRAIGHT AHEAD""]","[""ESCAPE"", ""OTHER (EXPLAIN IN NARRATIVE)""]","[""1""]","[""W""]","[""1"", ""2""]","[""DRIVER""]","[""NONE"", ""UNKNOWN""]","[""2063579"", ""2063587""]","[""PASSENGER""]","[""PERSONAL""]","[""2018"", ""2024""]","[""Y""]","[""Y""]",[],[],[],[],"[""Y""]",[],[],[],[],[],[],[],[],[],['67'],"[""DID NOT DEPLOY""]","[""TEST NOT OFFERED""]","[""CHICAGO""]","[""2025-10-03T16:47:00.000""]","[""NONE"", ""UNKNOWN""]","[""NOT OBSCURED"", ""UNKNOWN""]","[""D""]","[""IL""]","[""NONE""]",[],"[""O2164769"", ""O2164770""]","[""DRIVER""]","[""NORMAL"", ""UNKNOWN""]","[""SAFETY BELT USED"", ""USAGE UNKNOWN""]","[""M""]","[""IL""]","[""2063579"", ""2063587""]",[],[],[],[],[],[],[],2025,10,16,3,False,afternoon,41.71,-87.61,41.71_-87.61,67.0,67,67,OTHER,0
STRAIGHT ON GRADE,2211,2025-10-03 16:45:00,6,16,10,614E128135E21B101DAC130F7931262FF496515AED7C4CD26FB0CCE2595A4AA82CA546515502E02577971141E2F821CE7EBEE52B3BCAC568CE3E9225D6BE84B7,INJURY AND / OR TOW DUE TO CRASH,"OVER $1,500",NO CONTROLS,REAR END,41.7089979605,DAYLIGHT,-87.720872323,2,30,UNABLE TO DETERMINE,NO DEFECTS,DRY,UNABLE TO DETERMINE,S,10117,NO CONTROLS,NOT DIVIDED,CLEAR,0.0,0.0,0.0,0.0,0.0,1.0,1,2,"[""Y""]",[],"[""Y""]","[""2025-10-03T16:45:00.000""]","[""2163040"", ""2163041""]","[""FRONT"", ""REAR""]","[""IL""]","[""HONDA"", ""TOYOTA""]","[""SLOW/STOP IN TRAFFIC"", ""STRAIGHT AHEAD""]","[""CIVIC"", ""PRIUS""]","[""1""]","[""N""]","[""1"", ""2""]","[""DRIVER""]","[""UNKNOWN""]","[""2061941"", ""2061954""]","[""PASSENGER""]","[""PERSONAL""]","[""2007"", ""2015""]",[],[],"[""Y""]",[],"[""Y""]","[""Y""]",[],[],[],[],[],[],[],"[""Y""]","[""Y""]",[],"['48', '49']","[""DEPLOYED, FRONT"", ""NOT APPLICABLE""]","[""TEST NOT OFFERED""]","[""NEW LENOX"", ""WATERBURY""]","[""2025-10-03T16:45:00.000""]","[""UNKNOWN""]","[""UNKNOWN""]","[""D""]","[""CT"", ""IL""]","[""NONE""]","[""CHRIST HOSPITAL""]","[""O2163040"", ""O2163041""]","[""DRIVER""]","[""NORMAL""]","[""SAFETY BELT USED"", ""USAGE UNKNOWN""]","[""M""]","[""CT"", ""IL""]","[""2061941"", ""2061954""]","[""06706"", ""60451""]","[""17""]",[],[],[],[],[],2025,10,16,3,False,afternoon,41.71,-87.72,41.71_-87.72,48.5,48,49,OTHER,1
STRAIGHT AND LEVEL,1925,2025-10-03 16:40:00,6,16,10,38C5DEDCAB9319598434366095B7DDC6EAB7C2937DF578FF13DF211BFA7FE9D9F6F71C1BE3390108541277B50422C42C64DF2B7CFCAC122175E044F66B0ABF11,NO INJURY / DRIVE AWAY,"$501 - $1,500",NO CONTROLS,PARKED MOTOR VEHICLE,41.9421728206,DAYLIGHT,-87.6404071307,2,25,DRIVING SKILLS/KNOWLEDGE/EXPERIENCE,NO DEFECTS,DRY,DRIVING SKILLS/KNOWLEDGE/EXPERIENCE,W,411,NO CONTROLS,ONE-WAY,CLEAR,0.0,0.0,0.0,0.0,0.0,1.0,2,1,[],[],[],"[""2025-10-03T16:40:00.000""]","[""2163014"", ""2163015""]","[""SIDE-RIGHT-REAR""]","[""IL""]","[""GENERAL MOTORS CORPORATION (GMC)"", ""MITSUBISHI""]","[""BACKING"", ""PARKED""]","[""OTHER (EXPLAIN IN NARRATIVE)""]","[""0"", ""1""]","[""E""]","[""1"", ""2""]","[""DRIVER"", ""PARKED""]","[""NONE""]","[""2061904"", ""2061915""]","[""SPORT UTILITY VEHICLE (SUV)"", ""TRUCK - SINGLE UNIT""]","[""COMMERCIAL - SINGLE UNIT"", ""NOT IN USE""]","[""2015"", ""2020""]",[],"[""Y""]",[],[],[],[],[],[],[],[],[],[],"[""Y""]","[""Y""]",[],[],['25'],"[""NOT APPLICABLE""]","[""TEST NOT OFFERED""]","[""CHICAGO""]","[""2025-10-03T16:40:00.000""]","[""FOLLOWED TOO CLOSELY""]","[""PARKED VEHICLES""]","[""C""]","[""CA""]","[""NONE""]",[],"[""O2163014""]","[""DRIVER""]","[""NORMAL""]","[""USAGE UNKNOWN""]","[""F""]","[""IL""]","[""2061904""]","[""60659""]",[],[],[],[],[],[],2025,10,16,3,False,afternoon,41.94,-87.64,41.94_-87.64,25.0,25,25,OTHER,0
STRAIGHT AND LEVEL,2211,2025-10-03 16:35:00,6,16,10,2FDEF2506A372EC3A4A7375D29313F48D629E6C5A405A21D482D6B7045CA82C6323A99E645F95F3B5D84865B1223DD6275DA73DF1C04E123085C5891A7CEBD75,NO INJURY / DRIVE AWAY,"$501 - $1,500",NO CONTROLS,SIDESWIPE SAME DIRECTION,41.7021813877,DAYLIGHT,-87.7206107565,2,30,UNABLE TO DETERMINE,UNKNOWN,DRY,UNABLE TO DETERMINE,S,10501,NO CONTROLS,NOT DIVIDED,CLEAR,0.0,0.0,0.0,0.0,0.0,1.0,1,0,"[""Y""]",[],[],"[""2025-10-03T16:35:00.000""]","[""2163411"", ""2163412""]","[""FRONT-RIGHT-CORNER"", ""SIDE-LEFT""]","[""IL""]","[""FORD"", ""NISSAN""]","[""STRAIGHT AHEAD""]","[""ALTIMA"", ""F150""]","[""1""]","[""N""]","[""1"", ""2""]","[""DRIVER""]","[""UNKNOWN""]","[""2062296"", ""2062298""]","[""PASSENGER"", ""PICKUP""]","[""PERSONAL""]","[""2011"", ""2017""]",[],[],[],[],[],[],[],"[""Y""]",[],[],[],[],[],[],[],[],[],"[""NOT APPLICABLE""]","[""TEST NOT OFFERED""]","[""ALSIP"", ""OAK LAWN""]","[""2025-10-03T16:35:00.000""]","[""UNKNOWN""]","[""UNKNOWN""]","[""D""]","[""IL""]","[""NONE""]",[],"[""O2163411"", ""O2163412""]","[""DRIVER""]","[""NORMAL"", ""UNKNOWN""]","[""USAGE UNKNOWN""]","[""F"", ""M""]","[""IL""]","[""2062296"", ""2062298""]","[""60453"", ""60803""]",[],[],[],[],[],[],2025,10,16,3,False,afternoon,41.7,-87.72,41.7_-87.72,0.0,0,0,OTHER,0
STRAIGHT AND LEVEL,1122,2025-10-03 16:33:00,6,16,10,34CB6D170915FEAF4DB142324738A5E8F799700A28E221C94B4A969D475198E0DCCBD760A16AECED697754ED45035B2B571A845BFEC8901E648B7503862500B9,NO INJURY / DRIVE AWAY,"OVER $1,500",NO CONTROLS,REAR TO SIDE,41.8824463969,UNKNOWN,-87.7209896655,2,30,FAILING TO YIELD RIGHT-OF-WAY,UNKNOWN,UNKNOWN,FAILING TO YIELD RIGHT-OF-WAY,N,116,NO CONTROLS,ALLEY,CLEAR,0.0,0.0,0.0,0.0,0.0,1.0,1,2,[],"[""Y""]",[],"[""2025-10-03T16:33:00.000""]","[""2163135"", ""2163136""]","[""SIDE-RIGHT"", ""UNKNOWN""]","[""IL""]","[""GENERAL MOTORS CORPORATION (GMC)"", ""HYUNDAI""]","[""BACKING"", ""STRAIGHT AHEAD""]","[""ELANTRA"", ""SONOMA""]","[""1""]","[""E"", ""S""]","[""1"", ""2""]","[""DRIVER""]","[""UNKNOWN""]","[""2062040"", ""2062053""]","[""PICKUP"", ""VAN/MINI-VAN""]","[""UNKNOWN/NA""]","[""2003"", ""2016""]","[""Y""]",[],[],[],[],[],"[""Y""]",[],[],[],[],[],[],[],[],[],"['40', '48']","[""NOT APPLICABLE""]","[""TEST NOT OFFERED""]","[""CHICAGO""]","[""2025-10-03T16:33:00.000""]","[""FAILED TO YIELD"", ""NONE""]","[""UNKNOWN""]","[""D""]","[""IL""]","[""NONE""]",[],"[""O2163135"", ""O2163136""]","[""DRIVER""]","[""NORMAL"", ""UNKNOWN""]","[""USAGE UNKNOWN""]","[""M""]","[""IL""]","[""2062040"", ""2062053""]","[""60621"", ""60624""]",[],[],[],[],[],[],2025,10,16,3,False,afternoon,41.88,-87.72,41.88_-87.72,44.0,40,48,FAILURE-TO-YIELD,0
STRAIGHT AND LEVEL,824,2025-10-03 16:31:00,6,16,10,B20A7AB35A221D0F9DB4EA13A2D82855B419F5AA44AD496D7A768B200D43B177168C5241A3C3248C86FEB0FDE7F784247B5EBC59A4FAC4AD6F9586CDCB286A60,NO INJURY / DRIVE AWAY,"OVER $1,500",NO CONTROLS,REAR END,41.7881749221,DAYLIGHT,-87.7033438969,2,30,IMPROPER LANE USAGE,NO DEFECTS,DRY,IMPROPER OVERTAKING/PASSING,W,3198,NO CONTROLS,NOT DIVIDED,CLEAR,0.0,0.0,0.0,0.0,0.0,1.0,1,2,"[""Y""]",[],[],"[""2025-10-03T16:31:00.000""]","[""2163032"", ""2163033""]","[""FRONT-RIGHT-CORNER"", ""SIDE-LEFT-REAR""]","[""IL""]","[""CHEVROLET"", ""LEXUS""]","[""PASSING/OVERTAKING"", ""STRAIGHT AHEAD""]","[""MALIBU"", ""OTHER (EXPLAIN IN NARRATIVE)""]","[""1""]","[""S""]","[""1"", ""2""]","[""DRIVER""]","[""UNKNOWN""]","[""2061931"", ""2061948""]","[""PASSENGER""]","[""PERSONAL""]","[""2005"", ""2012""]",[],[],"[""N""]",[],[],"[""Y""]",[],[],[],"[""N""]",[],"[""Y""]",[],[],[],[],"['17', '38']","[""DID NOT DEPLOY""]","[""TEST NOT OFFERED""]","[""CHICAGO""]","[""2025-10-03T16:31:00.000""]","[""NONE"", ""UNKNOWN""]","[""UNKNOWN""]","[""D""]","[""IL""]","[""NONE""]",[],"[""O2163032"", ""O2163033""]","[""DRIVER""]","[""UNKNOWN""]","[""USAGE UNKNOWN""]","[""M""]","[""IL""]","[""2061931"", ""2061948""]","[""60629""]",[],[],[],[],[],[],2025,10,16,3,False,afternoon,41.79,-87.7,41.79_-87.7,27.5,17,38,OTHER,0
STRAIGHT AND LEVEL,1034,2025-10-03 16:30:00,6,16,10,D9FA00D80AA3EF0016DCD53B00ABF6F20DF27D7C9F2B1596A08A37E76DBE21119A4D2D6D44317D0EB79CC3D70F335BBC134C046ABB70DCAC669D6986C2055A6A,NO INJURY / DRIVE AWAY,"$501 - $1,500",NO CONTROLS,REAR TO FRONT,41.8519838396,DAYLIGHT,-87.6857857042,2,15,IMPROPER BACKING,NO DEFECTS,DRY,UNABLE TO DETERMINE,S,2200,NO CONTROLS,PARKING LOT,CLEAR,0.0,0.0,0.0,0.0,0.0,1.0,1,3,[],[],"[""Y""]","[""2025-10-03T16:30:00.000""]","[""2162981"", ""2162982""]","[""FRONT"", ""REAR""]","[""IL""]","[""BUICK"", ""FORD""]","[""BACKING"", ""STRAIGHT AHEAD""]","[""ENCLAVE"", ""FUSION""]","[""1"", ""2""]","[""UNKNOWN""]","[""1"", ""2""]","[""DRIVER""]","[""UNKNOWN""]","[""2061883"", ""2061899""]","[""PASSENGER"", ""SPORT UTILITY VEHICLE (SUV)""]","[""OTHER"", ""PERSONAL""]","[""2008"", ""2012""]",[],[],"[""Y""]",[],[],"[""Y""]",[],[],[],[],"[""1""]",[],[],[],"[""Y""]",[],"['45', '59', '60']","[""NOT APPLICABLE""]","[""TEST NOT OFFERED""]","[""CHICAGO""]","[""2025-10-03T16:30:00.000""]","[""IMPROPER BACKING"", ""NONE""]","[""UNKNOWN""]","[""D""]","[""IL""]","[""NONE""]",[],"[""O2162981"", ""O2162982"", ""P477324""]","[""DRIVER"", ""PASSENGER""]","[""NORMAL""]","[""USAGE UNKNOWN""]","[""F"", ""M""]","[""IL""]","[""2061883"", ""2061899""]","[""60608"", ""60623""]",[],"[""2""]",[],[],[],[],2025,10,16,3,False,afternoon,41.85,-87.69,41.85_-87.69,54.666666666666664,45,60,OTHER,0
STRAIGHT AND LEVEL,2031,2025-10-03 16:30:00,6,16,10,C1A558D7559110109519DB31BE2449F2EE3A91D8B9F12CDEFD3265ABCDCC178492D2BD71B013C0A99AACBE41E0B2D5E618E2F8372A7BDD394BD4F37A9CECECE5,NO INJURY / DRIVE AWAY,"OVER $1,500",NO CONTROLS,SIDESWIPE SAME DIRECTION,41.9687645887,DAYLIGHT,-87.6859941801,2,30,FAILING TO YIELD RIGHT-OF-WAY,NO DEFECTS,DRY,FAILING TO YIELD RIGHT-OF-WAY,W,2248,NO CONTROLS,NOT DIVIDED,CLEAR,0.0,0.0,0.0,0.0,0.0,1.0,1,0,"[""Y""]",[],[],"[""2025-10-03T16:30:00.000""]","[""2163331"", ""2163332""]","[""FRONT-RIGHT-CORNER"", ""SIDE-LEFT""]","[""IL""]","[""GENERAL MOTORS CORPORATION (GMC)"", ""MERCEDES-BENZ""]","[""CHANGING LANES"", ""STRAIGHT AHEAD""]","[""GLK350"", ""OTHER (EXPLAIN IN NARRATIVE)""]","[""1""]","[""W""]","[""1"", ""2""]","[""DRIVER""]","[""NONE""]","[""2062223"", ""2062224""]","[""PASSENGER""]","[""PERSONAL""]","[""2013"", ""2015""]",[],[],[],[],[],[],[],"[""Y""]",[],[],[],"[""Y""]",[],[],[],[],[],"[""DID NOT DEPLOY""]","[""TEST NOT OFFERED""]","[""HARWOOD HEIGHTS""]","[""2025-10-03T16:30:00.000""]","[""FAILED TO YIELD"", ""NONE""]","[""UNKNOWN""]","[""D""]","[""IL""]","[""NONE""]",[],"[""O2163331"", ""O2163332""]","[""DRIVER""]","[""IMPAIRED - ALCOHOL"", ""NORMAL""]","[""SAFETY BELT USED"", ""USAGE UNKNOWN""]","[""M""]","[""IL""]","[""2062223"", ""2062224""]","[""60609"", ""60706""]",[],[],[],[],[],[],2025,10,16,3,False,afternoon,41.97,-87.69,41.97_-87.69,0.0,0,0,FAILURE-TO-YIELD,0
STRAIGHT AND LEVEL,622,2025-10-03 16:30:00,6,16,10,830EDF2AC84D7CEFA92F3F083CDC7D1A0A710862A2DC70F0AABE9A207F5BED19B4AA364B7AF0D07F88C789F55AF0821E8B24D2E609A4F15564EC308BFE203B6F,NO INJURY / DRIVE AWAY,"$501 - $1,500",NO CONTROLS,TURNING,41.7434249367,DAYLIGHT,-87.6322927618,2,30,UNABLE TO DETERMINE,UNKNOWN,UNKNOWN,NOT APPLICABLE,W,315,TRAFFIC SIGNAL,DIVIDED - W/MEDIAN (NOT RAISED),CLEAR,0.0,0.0,0.0,0.0,0.0,1.0,1,2,[],[],[],"[""2025-10-03T16:30:00.000""]","[""2164601"", ""2164602""]","[""FRONT-LEFT-CORNER"", ""SIDE-LEFT""]","[""IL""]","[""LEXUS"", ""NISSAN""]","[""STRAIGHT AHEAD"", ""TURNING LEFT""]","[""ES350"", ""ROGUE""]","[""1""]","[""S"", ""W""]","[""1"", ""2""]","[""DRIVER""]","[""UNKNOWN""]","[""2063416"", ""2063419""]","[""PASSENGER""]","[""PERSONAL""]","[""2014"", ""2023""]",[],[],"[""Y""]",[],[],"[""Y""]",[],"[""Y""]","[""Y""]",[],[],"[""Y""]",[],[],[],[],"['24', '38']","[""NOT APPLICABLE""]","[""TEST NOT OFFERED""]","[""CHICAGO"", ""PARK FOREST""]","[""2025-10-03T16:30:00.000""]","[""IMPROPER TURN"", ""NONE""]","[""UNKNOWN""]","[""D""]","[""IL""]","[""NONE""]",[],"[""O2164601"", ""O2164602""]","[""DRIVER""]","[""UNKNOWN""]","[""USAGE UNKNOWN""]","[""F"", ""M""]","[""IL""]","[""2063416"", ""2063419""]","[""60466"", ""60628""]",[],[],[],[],[],[],2025,10,16,3,False,afternoon,41.74,-87.63,41.74_-87.63,31.0,24,38,OTHER,0
STRAIGHT AND LEVEL,815,2025-10-03 16:30:00,6,16,10,4DA7CA3FC6258FDFE24D31F7D7BFCC380958035B8FC5C998CA85C297271D17D990EF22D3C0B03BC812CA43548376B781736484984D8F41B760B5EFA209280D24,NO INJURY / DRIVE AWAY,"OVER $1,500",NO CONTROLS,SIDESWIPE SAME DIRECTION,41.8055468625,DAYLIGHT,-87.7236605943,2,30,DRIVING SKILLS/KNOWLEDGE/EXPERIENCE,UNKNOWN,UNKNOWN,NOT APPLICABLE,S,4814,NO CONTROLS,NOT DIVIDED,CLEAR,0.0,0.0,0.0,0.0,0.0,1.0,1,2,[],[],[],"[""2025-10-03T16:30:00.000""]","[""2162993"", ""2162994""]","[""REAR-LEFT-CORNER"", ""REAR-RIGHT-CORNER""]","[""IL""]","[""HONDA"", ""KIA""]","[""PASSING/OVERTAKING"", ""STRAIGHT AHEAD""]","[""OPTIMA / K5"", ""PILOT""]","[""1"", ""2""]","[""S""]","[""1"", ""2""]","[""DRIVER""]","[""NONE""]","[""2061887"", ""2061898""]","[""PASSENGER"", ""SPORT UTILITY VEHICLE (SUV)""]","[""PERSONAL""]","[""2011"", ""2015""]",[],[],[],[],[],"[""Y""]",[],[],[],[],"[""1""]",[],[],"[""Y""]",[],[],"['26', '49']","[""DID NOT DEPLOY"", ""NOT APPLICABLE""]","[""TEST NOT OFFERED""]","[""CHICAGO""]","[""2025-10-03T16:30:00.000""]","[""IMPROPER LANE CHANGE"", ""NONE""]","[""NOT OBSCURED""]",[],"[""IL""]","[""NONE"", ""UNKNOWN""]",[],"[""O2162993"", ""O2162994"", ""P477320""]","[""DRIVER"", ""PASSENGER""]","[""NORMAL""]","[""SAFETY BELT USED""]","[""F"", ""M""]","[""IL""]","[""2061887"", ""2061898""]","[""60625"", ""60629""]",[],"[""6""]",[],[],[],[],2025,10,16,3,False,afternoon,41.81,-87.72,41.81_-87.72,37.5,26,49,OTHER,0