alignment,beat_of_occurrence,crash_date,crash_day_of_week,crash_hour,crash_month,crash_record_id,crash_type,damage,device_condition,first_crash_type,latitude,lighting_condition,longitude,num_units,posted_speed_limit,prim_contributory_cause,road_defect,roadway_surface_cond,sec_contributory_cause,street_direction,street_no,traffic_control_device,trafficway_type,weather_condition,private_property_i,hit_and_run_i,intersection_related_i,crash_date_est_i,work_zone_i,workers_present_i,veh_count,ppl_count,veh_area_01_i_list_json,veh_area_02_i_list_json,veh_area_12_i_list_json,veh_crash_date_list_json,veh_crash_unit_id_list_json,veh_first_contact_point_list_json,veh_lic_plate_state_list_json,veh_make_list_json,veh_maneuver_list_json,veh_model_list_json,veh_occupant_cnt_list_json,veh_travel_direction_list_json,veh_unit_no_list_json,veh_unit_type_list_json,veh_vehicle_defect_list_json,veh_vehicle_id_list_json,veh_vehicle_type_list_json,veh_vehicle_use_list_json,veh_vehicle_year_list_json,veh_area_03_i_list_json,veh_area_04_i_list_json,veh_area_11_i_list_json,veh_towed_by_list_json,veh_towed_i_list_json,veh_area_07_i_list_json,veh_area_99_i_list_json,veh_area_09_i_list_json,veh_area_10_i_list_json,veh_cmrc_veh_i_list_json,veh_num_passengers_list_json,veh_area_08_i_list_json,veh_area_00_i_list_json,veh_area_05_i_list_json,veh_area_06_i_list_json,veh_towed_to_list_json,ppl_age_list_json,ppl_airbag_deployed_list_json,ppl_bac_result_list_json,ppl_city_list_json,ppl_crash_date_list_json,ppl_driver_action_list_json,ppl_driver_vision_list_json,ppl_drivers_license_class_list_json,ppl_drivers_license_state_list_json,ppl_ejection_list_json,ppl_hospital_list_json,ppl_person_id_list_json,ppl_person_type_list_json,ppl_physical_condition_list_json,ppl_safety_equipment_list_json,ppl_sex_list_json,ppl_state_list_json,ppl_vehicle_id_list_json,ppl_zipcode_list_json,ppl_ems_agency_list_json,ppl_seat_no_list_json,ppl_pedpedal_action_list_json,ppl_pedpedal_location_list_json,ppl_pedpedal_visibility_list_json,ppl_ems_run_no_list_json,year,month,hour,day,is_weekend,hour_bin,lat_bin,lng_bin,grid_id,ppl_age_mean,ppl_age_min,ppl_age_max,prim_contributory_cause_group,ksi_flag
STRAIGHT AND LEVEL,231,2025-10-03 16:28:00,6,16,10,A2CFB1C28AEBCA743910246447E343285D7D2B822C1B7F3DA05F8BF330A2F3768885E6BC1DC234AB7FD26A321AB3F79DB52922EC0B810E8FD9F0ED67B1D36226,INJURY AND / OR TOW DUE TO CRASH,"OVER $1,500",NO CONTROLS,PEDESTRIAN,41.7948202079,DAYLIGHT,-87.6216162386,2,15,UNABLE TO DETERMINE,UNKNOWN,DRY,UNABLE TO DETERMINE,E,118,NO CONTROLS,ALLEY,CLEAR,0.0,0.0,0.0,0.0,0.0,1.0,2,2,"[""N""]",[],"[""N""]","[""2025-10-03T16:28:00.000""]","[""2163073"", ""2163074""]","[""UNKNOWN""]","[""IL""]","[""MERCEDES-BENZ""]","[""UNKNOWN/NA""]","[""C-CLASS""]","[""1""]","[""S""]","[""1"", ""2""]","[""DRIVER"", ""PEDESTRIAN""]","[""UNKNOWN""]","[""2061969""]","[""PASSENGER""]","[""UNKNOWN/NA""]",[],[],[],"[""N""]",[],[],[],[],[],[],[],[],[],"[""Y""]",[],[],[],"['28', '30']","[""DID NOT DEPLOY""]","[""TEST NOT OFFERED""]","[""CHICAGO""]","[""2025-10-03T16:28:00.000""]","[""UNKNOWN""]","[""UNKNOWN""]",[],"[""IL""]","[""NONE""]","[""UNIVERSITY OF CHICAGO HOSPITAL""]","[""O2163073"", ""O2163074""]","[""DRIVER"", ""PEDESTRIAN""]","[""NORMAL"", ""UNKNOWN""]","[""NONE PRESENT"", ""USAGE UNKNOWN""]","[""F""]","[""IL""]","[""2061969""]","[""60617"", ""60620""]",[],[],"[""UNKNOWN/NA""]","[""NOT IN ROADWAY""]","[""NO CONTRASTING CLOTHING""]",[],2025,10,16,3,False,afternoon,41.79,-87.62,41.79_-87.62,29.0,28,30,OTHER,1
STRAIGHT AND LEVEL,114,2025-10-03 16:27:00,6,16,10,9055C219E08458C2254B149B0F5CF67203A643D7FCF83CDDD0963D504880DE9255AE32D2A50D697690018D7A195091115BC3D831BEEB4B20DBD7D02DF157997C,NO INJURY / DRIVE AWAY,"$501 - $1,500",NO CONTROLS,REAR END,41.8808560477,DAYLIGHT,-87.6176358918,2,40,FOLLOWING TOO CLOSELY,UNKNOWN,UNKNOWN,UNABLE TO DETERMINE,S,100,TRAFFIC SIGNAL,DIVIDED - W/MEDIAN BARRIER,CLEAR,0.0,0.0,0.0,0.0,0.0,1.0,1,2,[],[],[],"[""2025-10-03T16:27:00.000""]","[""2164502"", ""2164503""]","[""FRONT-LEFT-CORNER"", ""REAR""]","[""IL"", ""IN""]","[""LAND ROVER"", ""LINCOLN""]","[""STRAIGHT AHEAD""]","[""OTHER (EXPLAIN IN NARRATIVE)"", ""RANGE ROVER (EVOQUE / SPORT / VELAR)""]","[""1""]","[""S""]","[""1"", ""2""]","[""DRIVER""]","[""NONE"", ""UNKNOWN""]","[""2063353"", ""2063388""]","[""PASSENGER""]","[""PERSONAL""]","[""2016""]",[],[],"[""Y""]",[],[],"[""Y""]",[],[],[],[],[],[],[],"[""Y""]","[""Y""]",[],"['34', '42']","[""NOT APPLICABLE""]","[""TEST NOT OFFERED""]","[""CHICAGO""]","[""2025-10-03T16:27:00.000""]","[""FOLLOWED TOO CLOSELY"", ""NONE""]","[""NOT OBSCURED"", ""UNKNOWN""]","[""D""]","[""IL""]","[""NONE""]",[],"[""O2164502"", ""O2164503""]","[""DRIVER""]","[""NORMAL"", ""UNKNOWN""]","[""SAFETY BELT USED"", ""USAGE UNKNOWN""]","[""F"", ""M""]","[""IL""]","[""2063353"", ""2063388""]","[""60621"", ""60653""]",[],[],[],[],[],[],2025,10,16,3,False,afternoon,41.88,-87.62,41.88_-87.62,38.0,34,42,FOLLOWING TOO CLOSELY,0
STRAIGHT AND LEVEL,431,2025-10-03 16:26:00,6,16,10,DD3A000A52E1963CB7B02D6AA77226B0D2C1A5BDFE21AE6100D569A83B2036C619A7118833771FC9CE4BF42B512807C8D5BCCD75EB895EE749057162153D8A84,NO INJURY / DRIVE AWAY,"OVER $1,500",NO CONTROLS,SIDESWIPE SAME DIRECTION,41.722375907,DAYLIGHT,-87.5754999033,2,30,UNABLE TO DETERMINE,NO DEFECTS,DRY,UNABLE TO DETERMINE,S,9500,NO CONTROLS,FOUR WAY,CLEAR,0.0,0.0,0.0,0.0,0.0,1.0,1,2,[],[],[],"[""2025-10-03T16:26:00.000""]","[""2162980"", ""2163001""]","[""FRONT-RIGHT-CORNER"", ""OTHER""]","[""IL""]","[""HONDA"", ""NEW FLYER""]","[""STRAIGHT AHEAD""]","[""CR-V"", ""OTHER (EXPLAIN IN NARRATIVE)""]","[""1""]","[""N""]","[""1"", ""2""]","[""DRIVER""]","[""NONE"", ""UNKNOWN""]","[""2061876"", ""2061897""]","[""BUS UP TO 15 PASS."", ""PASSENGER""]","[""CTA"", ""PERSONAL""]","[""2021""]",[],[],[],[],[],[],[],[],[],"[""N""]",[],[],"[""Y""]",[],[],[],"['50', '69']","[""DID NOT DEPLOY""]","[""TEST NOT OFFERED""]","[""CHICAGO""]","[""2025-10-03T16:26:00.000""]","[""NONE"", ""UNKNOWN""]","[""NOT OBSCURED"", ""UNKNOWN""]","[""B"", ""D""]","[""IL""]","[""NONE""]",[],"[""O2162980"", ""O2163001""]","[""DRIVER""]","[""NORMAL""]","[""NONE PRESENT""]","[""F"", ""M""]","[""IL""]","[""2061876"", ""2061897""]","[""60617""]",[],[],[],[],[],[],2025,10,16,3,False,afternoon,41.72,-87.58,41.72_-87.58,59.5,50,69,OTHER,0
STRAIGHT AND LEVEL,1031,2025-10-03 16:25:00,6,16,10,42B0ADF249DD51E1A035EC4A257FB748BEC8770B84B27817DE092C2C360DFB2ED08DE6A24656E59E559B87BB64A08F2DE4F80E35DA9C36D1E62D04CE4E28781D,NO INJURY / DRIVE AWAY,"OVER $1,500",NO CONTROLS,ANGLE,41.8437976967,DAYLIGHT,-87.7341265384,2,30,UNABLE TO DETERMINE,UNKNOWN,DRY,UNABLE TO DETERMINE,S,2609,NO CONTROLS,DIVIDED - W/MEDIAN (NOT RAISED),CLEAR,0.0,0.0,0.0,0.0,0.0,1.0,1,2,"[""Y""]",[],[],"[""2025-10-03T16:25:00.000""]","[""2167282"", ""2167283""]","[""FRONT-RIGHT-CORNER"", ""UNKNOWN""]","[""IL""]","[""HYUNDAI"", ""JEEP""]","[""UNKNOWN/NA""]","[""COMPASS"", ""ELANTRA""]","[""1""]","[""N"", ""W""]","[""1"", ""2""]","[""DRIVER""]","[""OTHER"", ""UNKNOWN""]","[""2065952"", ""2065958""]","[""PASSENGER""]","[""PERSONAL"", ""UNKNOWN/NA""]","[""2019"", ""2023""]",[],[],[],[],[],[],"[""Y""]",[],[],[],[],[],[],[],[],[],"['21', '30']","[""NOT APPLICABLE""]","[""TEST NOT OFFERED""]","[""CHICAGO"", ""CICERO""]","[""2025-10-03T16:25:00.000""]","[""UNKNOWN""]","[""UNKNOWN""]","[""D""]","[""IL""]","[""NONE""]",[],"[""O2167282"", ""O2167283""]","[""DRIVER""]","[""NORMAL"", ""UNKNOWN""]","[""USAGE UNKNOWN""]","[""F""]","[""IL""]","[""2065952"", ""2065958""]","[""60632"", ""60804""]",[],[],[],[],[],[],2025,10,16,3,False,afternoon,41.84,-87.73,41.84_-87.73,25.5,21,30,OTHER,0
STRAIGHT AND LEVEL,1021,2025-10-03 16:25:00,6,16,10,6942B9AE198ABEFFFCD89088BDC6CD671DE7D52E3D49354FC6BEB606A12AFB0834AB304BADA9096B2114774226004D1B311557EF6A607EC035F5A90A8EB75D88,NO INJURY / DRIVE AWAY,"$501 - $1,500",FUNCTIONING PROPERLY,REAR END,41.8563505381,DAYLIGHT,-87.7103752492,2,30,FOLLOWING TOO CLOSELY,NO DEFECTS,DRY,FOLLOWING TOO CLOSELY,W,3400,TRAFFIC SIGNAL,NOT DIVIDED,CLEAR,0.0,0.0,0.0,0.0,0.0,1.0,1,2,[],[],"[""Y""]","[""2025-10-03T16:25:00.000""]","[""2162960"", ""2162961""]","[""FRONT"", ""REAR""]","[""IL""]","[""FORD"", ""LAND ROVER""]","[""SLOW/STOP IN TRAFFIC"", ""STRAIGHT AHEAD""]","[""OTHER (EXPLAIN IN NARRATIVE)""]","[""1""]","[""W""]","[""1"", ""2""]","[""DRIVER""]","[""NONE""]","[""2061850"", ""2061858""]","[""SPORT UTILITY VEHICLE (SUV)"", ""TRUCK - SINGLE UNIT""]","[""OTHER"", ""PERSONAL""]","[""2015"", ""2022""]",[],[],[],[],[],[],[],[],[],[],[],[],[],[],"[""Y""]",[],"['30', '47']","[""DID NOT DEPLOY""]","[""TEST NOT OFFERED""]","[""CHICAGO"", ""JOLIET""]","[""2025-10-03T16:25:00.000""]","[""FOLLOWED TOO CLOSELY"", ""NONE""]","[""NOT OBSCURED""]","[""D""]","[""IL""]","[""NONE""]",[],"[""O2162960"", ""O2162961""]","[""DRIVER""]","[""NORMAL""]","[""SAFETY BELT USED""]","[""M""]","[""IL""]","[""2061850"", ""2061858""]","[""60435"", ""60638""]",[],[],[],[],[],[],2025,10,16,3,False,afternoon,41.86,-87.71,41.86_-87.71,38.5,30,47,FOLLOWING TOO CLOSELY,0
STRAIGHT AND LEVEL,411,2025-10-03 16:24:00,6,16,10,57B2DD66858E70B8AD88D0A39BDE139623F168767C9A839286709A1E65EA2388FFF2AD2A24FB875C4F90F232DD1C6E4D87E208FEDB96FD6408248F1D56A96688,INJURY AND / OR TOW DUE TO CRASH,"OVER $1,500",FUNCTIONING PROPERLY,ANGLE,41.7442454841,DAYLIGHT,-87.5911032929,2,30,FAILING TO YIELD RIGHT-OF-WAY,NO DEFECTS,DRY,UNABLE TO DETERMINE,E,1344,STOP SIGN/FLASHER,FOUR WAY,CLEAR,0.0,0.0,1.0,0.0,0.0,1.0,1,2,"[""Y""]","[""Y""]","[""Y""]","[""2025-10-03T16:24:00.000""]","[""2163051"", ""2163052""]","[""FRONT-RIGHT-CORNER"", ""SIDE-LEFT""]","[""IL""]","[""CHEVROLET"", ""NISSAN""]","[""STARTING IN TRAFFIC"", ""STRAIGHT AHEAD""]","[""EQUINOX"", ""VERSA""]","[""1""]","[""N"", ""W""]","[""1"", ""2""]","[""DRIVER""]","[""NONE""]","[""2061952"", ""2061956""]","[""PASSENGER"", ""SPORT UTILITY VEHICLE (SUV)""]","[""PERSONAL""]","[""2019"", ""2021""]",[],[],"[""Y""]","[""AAA""]","[""Y""]",[],[],"[""Y""]","[""Y""]",[],[],"[""Y""]",[],[],[],"[""OWNER'S CHOICE""]","['30', '33']","[""DEPLOYED, COMBINATION"", ""DEPLOYED, FRONT""]","[""TEST NOT OFFERED""]","[""CHICAGO"", ""OAK LAWN""]","[""2025-10-03T16:24:00.000""]","[""FAILED TO YIELD"", ""NONE""]","[""NOT OBSCURED"", ""OTHER""]","[""D""]","[""IL""]","[""NONE""]","[""REFUSED EMS""]","[""O2163051"", ""O2163052""]","[""DRIVER""]","[""NORMAL""]","[""SAFETY BELT USED""]","[""F"", ""M""]","[""IL""]","[""2061952"", ""2061956""]","[""60453"", ""60655""]",[],[],[],[],[],[],2025,10,16,3,False,afternoon,41.74,-87.59,41.74_-87.59,31.5,30,33,FAILURE-TO-YIELD,1
STRAIGHT AND LEVEL,1731,2025-10-03 16:20:00,6,16,10,4EC0219594BD5CAAAD0CDF1DB819308CAAFA945047433CA90FE0B997D6991F8705FB3A45D05526767605D5410E1BB66092DCA37106171263ACC2594BBF8E044E,NO INJURY / DRIVE AWAY,"OVER $1,500",NO CONTROLS,REAR END,41.9392037499,DAYLIGHT,-87.7273101341,2,30,FOLLOWING TOO CLOSELY,UNKNOWN,DRY,NOT APPLICABLE,W,4000,NO CONTROLS,NOT DIVIDED,CLEAR,0.0,1.0,0.0,1.0,0.0,1.0,1,1,"[""Y""]",[],"[""Y""]","[""2025-10-03T16:20:00.000""]","[""2162972"", ""2162973""]","[""FRONT"", ""REAR""]","[""IL""]","[""FORD""]","[""STRAIGHT AHEAD""]","[""EXPLORER"", ""OTHER (EXPLAIN IN NARRATIVE)""]","[""1""]","[""E""]","[""1"", ""2""]","[""DRIVER""]","[""UNKNOWN""]","[""2061861"", ""2061873""]","[""PASSENGER""]","[""PERSONAL"", ""UNKNOWN/NA""]","[""2000"", ""2016""]",[],[],"[""Y""]",[],[],"[""Y""]",[],[],[],[],[],[],[],"[""Y""]","[""Y""]",[],['50'],"[""DEPLOYMENT UNKNOWN"", ""NOT APPLICABLE""]","[""TEST NOT OFFERED""]","[""MAYWOOD""]","[""2025-10-03T16:20:00.000""]","[""FOLLOWED TOO CLOSELY"", ""NONE""]","[""UNKNOWN""]","[""D""]","[""IL""]","[""NONE""]",[],"[""O2162972"", ""O2162973""]","[""DRIVER""]","[""UNKNOWN""]","[""USAGE UNKNOWN""]","[""M""]","[""IL""]","[""2061861"", ""2061873""]","[""60153""]",[],[],[],[],[],[],2025,10,16,3,False,afternoon,41.94,-87.73,41.94_-87.73,50.0,50,50,FOLLOWING TOO CLOSELY,0
STRAIGHT AND LEVEL,1031,2025-10-03 16:15:00,6,16,10,DABC684A265FCF4CD9E791611804581C513F9601F532D4549581CC172C39360D775355B751F382611790A8BA9E2BA6D14F2173F0DDBD7EA4B5C0E22245E0931F,NO INJURY / DRIVE AWAY,"OVER $1,500",NO CONTROLS,TURNING,41.843741087,DAYLIGHT,-87.7341245609,2,25,UNABLE TO DETERMINE,NO DEFECTS,DRY,UNABLE TO DETERMINE,S,2611,NO CONTROLS,ALLEY,CLEAR,0.0,0.0,1.0,1.0,0.0,1.0,1,2,"[""Y""]","[""Y""]","[""Y""]","[""2025-10-03T16:15:00.000""]","[""2166764"", ""2166765""]","[""FRONT"", ""SIDE-RIGHT""]","[""IL""]","[""HYUNDAI"", ""JEEP""]","[""STRAIGHT AHEAD"", ""TURNING RIGHT""]","[""COMPASS"", ""ELANTRA""]","[""1""]","[""N"", ""W""]","[""1"", ""2""]","[""DRIVER""]","[""NONE""]","[""2065451"", ""2065457""]","[""PASSENGER"", ""SPORT UTILITY VEHICLE (SUV)""]","[""PERSONAL""]","[""2019"", ""2023""]","[""Y""]","[""Y""]","[""Y""]",[],[],[],[],[],[],[],[],[],[],"[""Y""]",[],[],"['21', '30']","[""NOT APPLICABLE""]","[""TEST NOT OFFERED""]","[""CICERO""]","[""2025-10-03T16:15:00.000""]","[""NONE""]","[""NOT OBSCURED""]","[""D""]","[""IL""]","[""NONE""]",[],"[""O2166764"", ""O2166765""]","[""DRIVER""]","[""NORMAL""]","[""NONE PRESENT"", ""SAFETY BELT USED""]","[""F""]","[""IL""]","[""2065451"", ""2065457""]","[""60804""]",[],[],[],[],[],[],2025,10,16,3,False,afternoon,41.84,-87.73,41.84_-87.73,25.5,21,30,OTHER,0
STRAIGHT AND LEVEL,414,2025-10-03 16:15:00,6,16,10,A838C656514BA9CF518A62016862FFE9A9E04FA0AA4C8B8FD5753B1E4D646410A43F09073FF06571382E91962058F110A739E7FFD1807D1CA93232E0BFDFA018,NO INJURY / DRIVE AWAY,"$501 - $1,500",NO CONTROLS,PARKED MOTOR VEHICLE,41.7484273995,DAYLIGHT,-87.5782108297,2,15,NOT APPLICABLE,NO DEFECTS,DRY,NOT APPLICABLE,S,8045,NO CONTROLS,ONE-WAY,CLEAR,0.0,0.0,0.0,0.0,0.0,1.0,2,1,[],[],[],"[""2025-10-03T16:15:00.000""]","[""2163016"", ""2163017""]","[""FRONT-LEFT-CORNER"", ""REAR-RIGHT-CORNER""]","[""IL""]","[""GENERAL MOTORS CORPORATION (GMC)"", ""NISSAN""]","[""PARKED"", ""STRAIGHT AHEAD""]","[""ALTIMA"", ""TERRAIN""]","[""0"", ""1""]","[""N""]","[""1"", ""2""]","[""DRIVER"", ""PARKED""]","[""NONE"", ""UNKNOWN""]","[""2061905"", ""2061911""]","[""PASSENGER""]","[""PERSONAL""]","[""2012"", ""2014""]",[],[],"[""Y""]",[],[],[],[],[],"[""Y""]",[],[],[],[],"[""Y""]","[""Y""]",[],['0'],"[""NOT APPLICABLE""]","[""TEST NOT OFFERED""]","[""CHICAGO""]","[""2025-10-03T16:15:00.000""]","[""UNKNOWN""]","[""UNKNOWN""]","[""D""]","[""IL""]","[""NONE""]",[],"[""O2163016""]","[""DRIVER""]","[""UNKNOWN""]","[""SAFETY BELT USED""]","[""F""]","[""IL""]","[""2061905""]","[""60617""]",[],[],[],[],[],[],2025,10,16,3,False,afternoon,41.75,-87.58,41.75_-87.58,0.0,0,0,OTHER,0
STRAIGHT ON GRADE,711,2025-10-03 16:15:00,6,16,10,6E4417B08DED572782C8ED020B884E1F4B7F2E381584348FD3EC6487B3972CF8E1D65CF6076E6DA739FB39D3709EC0BC79BDF1B04FAF292E0892BB3183AE1DAD,NO INJURY / DRIVE AWAY,"OVER $1,500",FUNCTIONING PROPERLY,SIDESWIPE SAME DIRECTION,41.7941994854,DAYLIGHT,-87.6319254825,2,30,IMPROPER OVERTAKING/PASSING,NO DEFECTS,DRY,FAILING TO YIELD RIGHT-OF-WAY,S,5500,TRAFFIC SIGNAL,DIVIDED - W/MEDIAN (NOT RAISED),CLEAR,0.0,1.0,0.0,0.0,0.0,1.0,1,1,[],[],[],"[""2025-10-03T16:15:00.000""]","[""2163593"", ""2163594""]","[""FRONT-LEFT-CORNER"", ""OTHER""]","[""IL""]","[""BUICK"", ""SUBARU""]","[""STRAIGHT AHEAD""]","[""ENCORE"", ""OTHER (EXPLAIN IN NARRATIVE)""]","[""1""]","[""E""]","[""1"", ""2""]","[""DRIVER""]","[""UNKNOWN""]","[""2062458"", ""2062471""]","[""SPORT UTILITY VEHICLE (SUV)""]","[""PERSONAL""]","[""2024"", ""2025""]","[""Y""]",[],"[""Y""]",[],[],[],[],[],"[""Y""]",[],[],[],[],[],[],[],['30'],"[""DEPLOYMENT UNKNOWN"", ""DID NOT DEPLOY""]","[""TEST NOT OFFERED""]","[""CHICAGO""]","[""2025-10-03T16:15:00.000""]","[""IMPROPER LANE CHANGE"", ""NONE""]","[""UNKNOWN""]","[""D""]","[""IL""]","[""NONE""]",[],"[""O2163593"", ""O2163594""]","[""DRIVER""]","[""UNKNOWN""]","[""SAFETY BELT USED"", ""USAGE UNKNOWN""]","[""F"", ""M""]","[""IL""]","[""2062458"", ""2062471""]","[""60620"", ""60638""]",[],[],[],[],[],[],2025,10,16,3,False,afternoon,41.79,-87.63,41.79_-87.63,30.0,30,30,OTHER,0
STRAIGHT AND LEVEL,2413,2025-10-03 16:15:00,6,16,10,60607E42B36C89234D9CE6CFC48C4848CFC58226178655AE76AAC8CBAF4AE1E93624A7342AF34AD2785A0D7777F472C8208C53D9C98DEEBD38D2BDF3A366D20E,INJURY AND / OR TOW DUE TO CRASH,"OVER $1,500",FUNCTIONING PROPERLY,PEDESTRIAN,41.9977021069,DAYLIGHT,-87.6850682166,2,30,FAILING TO REDUCE SPEED TO AVOID CRASH,NO DEFECTS,DRY,NOT APPLICABLE,W,2201,TRAFFIC SIGNAL,NOT DIVIDED,CLEAR,0.0,1.0,1.0,0.0,0.0,1.0,2,1,[],[],[],"[""2025-10-03T16:15:00.000""]","[""2163069"", ""2163070""]","[""UNKNOWN""]",[],"[""UNKNOWN""]","[""STRAIGHT AHEAD""]","[""OTHER (EXPLAIN IN NARRATIVE)""]","[""1""]","[""UNKNOWN""]","[""1"", ""2""]","[""DRIVER"", ""PEDESTRIAN""]","[""UNKNOWN""]","[""2061959""]","[""PASSENGER""]","[""PERSONAL""]",[],[],[],[],[],[],[],"[""Y""]",[],[],[],[],[],[],[],[],[],['16'],"[""DEPLOYMENT UNKNOWN""]","[""TEST NOT OFFERED""]","[""CHICAGO""]","[""2025-10-03T16:15:00.000""]","[""FAILED TO YIELD""]","[""UNKNOWN""]",[],[],"[""NONE""]","[""ST FRANCIS""]","[""O2163069"", ""O2163070""]","[""DRIVER"", ""PEDESTRIAN""]","[""NORMAL"", ""UNKNOWN""]","[""USAGE UNKNOWN""]","[""M"", ""X""]","[""IL""]","[""2061959""]","[""60645""]","[""46""]",[],"[""UNKNOWN/NA""]","[""UNKNOWN/NA""]","[""NO CONTRASTING CLOTHING""]",[],2025,10,16,3,False,afternoon,42.0,-87.69,42.0_-87.69,16.0,16,16,SPEEDING,1
STRAIGHT AND LEVEL,1231,2025-10-03 16:15:00,6,16,10,4CE38F04F20CE6BCDF0AF7DB8F370D54E59AC2F08AE99248D1D29A76C3E4A7BDC63C96820A1B846566754A592942CB92FF415A8A9FE55FD206504A3FFED276FC,NO INJURY / DRIVE AWAY,"OVER $1,500",NO CONTROLS,REAR TO FRONT,41.8689035554,DAYLIGHT,-87.6663019085,2,20,UNABLE TO DETERMINE,NO DEFECTS,DRY,UNABLE TO DETERMINE,S,1011,NO CONTROLS,OTHER,CLEAR,1.0,0.0,0.0,0.0,0.0,1.0,1,2,"[""Y""]",[],[],"[""2025-10-03T16:15:00.000""]","[""2163110"", ""2163111""]","[""FRONT-RIGHT-CORNER"", ""REAR""]","[""IL""]","[""FORD"", ""GENERAL MOTORS CORPORATION (GMC)""]","[""BACKING""]","[""JIMMY"", ""OTHER (EXPLAIN IN NARRATIVE)""]","[""1""]","[""UNKNOWN""]","[""1"", ""2""]","[""DRIVER""]","[""NONE""]","[""2062005"", ""2062007""]","[""PASSENGER"", ""PICKUP""]","[""DRIVER EDUCATION"", ""PERSONAL""]","[""2008"", ""2011""]",[],[],[],[],[],[],[],[],[],[],[],[],[],[],"[""Y""]",[],"['25', '79']","[""DID NOT DEPLOY""]","[""TEST NOT OFFERED""]","[""CHICAGO""]","[""2025-10-03T16:15:00.000""]","[""NONE""]","[""NOT OBSCURED"", ""UNKNOWN""]",[],"[""IL""]","[""NONE""]",[],"[""O2163110"", ""O2163111""]","[""DRIVER""]","[""NORMAL""]","[""SAFETY BELT USED""]","[""F"", ""M""]","[""IL""]","[""2062005"", ""2062007""]","[""60607""]",[],[],[],[],[],[],2025,10,16,3,False,afternoon,41.87,-87.67,41.87_-87.67,52.0,25,79,OTHER,0
STRAIGHT AND LEVEL,2212,2025-10-03 16:15:00,6,16,10,3A2C1DB091AA904771006031779639AD1945B0EAD9E9AC3CEFEB75A9BDAFF9DDCA235EB366C9AA0C0CD3C1CE3E046C5D62D979ECA3BDC8A83170DFCBDA22A1E6,NO INJURY / DRIVE AWAY,"$501 - $1,500",NO CONTROLS,PARKED MOTOR VEHICLE,41.8736407663,DAYLIGHT,-87.6723897727,2,30,UNABLE TO DETERMINE,NO DEFECTS,DRY,NOT APPLICABLE,W,1745,NO CONTROLS,NOT DIVIDED,CLEAR,0.0,0.0,0.0,0.0,0.0,1.0,2,1,"[""Y""]","[""Y""]",[],"[""2025-10-03T16:15:00.000""]","[""2162951"", ""2162952""]","[""FRONT-RIGHT-CORNER"", ""SIDE-LEFT""]","[""IL""]","[""CHEVROLET"", ""NISSAN""]","[""PARKED"", ""STRAIGHT AHEAD""]","[""SENTRA"", ""TRAX""]","[""0"", ""1""]","[""W""]","[""1"", ""2""]","[""DRIVER"", ""PARKED""]","[""NONE""]","[""2061846"", ""2061853""]","[""PASSENGER""]","[""PERSONAL""]","[""2020"", ""2022""]",[],[],[],[],[],[],[],"[""Y""]","[""Y""]",[],[],[],[],[],[],[],['25'],"[""NOT APPLICABLE""]","[""TEST NOT OFFERED""]","[""CHICAGO""]","[""2025-10-03T16:15:00.000""]","[""NONE""]","[""NOT OBSCURED""]","[""D""]","[""IL""]","[""NONE""]",[],"[""O2162952""]","[""DRIVER""]","[""NORMAL""]","[""SAFETY BELT USED""]","[""M""]","[""IL""]","[""2061853""]","[""60620""]",[],[],[],[],[],[],2025,10,16,3,False,afternoon,41.87,-87.67,NAN_NAN,25.0,25,25,OTHER,0
STRAIGHT AND LEVEL,832,2025-10-03 16:10:00,6,16,10,81041686CDAB9996ED8279D7A9E3F119F11DA9F1AF6AA3B09DFE5150AD576475FDAF89E1C420AFFB7A67FA82E18FED119B38CE46B27D8C83341804AA31B1CEE8,NO INJURY / DRIVE AWAY,"$501 - $1,500",NO CONTROLS,TURNING,41.768425613,DAYLIGHT,-87.6831998755,2,30,IMPROPER OVERTAKING/PASSING,NO DEFECTS,DRY,NOT APPLICABLE,S,6899,NO CONTROLS,DIVIDED - W/MEDIAN (NOT RAISED),CLEAR,0.0,0.0,0.0,0.0,0.0,1.0,1,2,[],[],[],"[""2025-10-03T16:10:00.000""]","[""2162997"", ""2162998""]","[""FRONT-LEFT-CORNER"", ""REAR-RIGHT-CORNER""]","[""IL""]","[""CHEVROLET"", ""NOVA BUS""]","[""STRAIGHT AHEAD"", ""TURNING RIGHT""]","[""OTHER (EXPLAIN IN NARRATIVE)"", ""SILVERADO""]","[""1""]","[""N""]","[""1"", ""2""]","[""DRIVER""]","[""NONE""]","[""2061894"", ""2061908""]","[""BUS OVER 15 PASS."", ""PICKUP""]","[""COMMERCIAL - SINGLE UNIT"", ""CTA""]","[""2015"", ""2022""]",[],"[""Y""]","[""Y""]",[],[],[],[],[],[],[],[],[],[],"[""Y""]",[],[],"['50', '62']","[""NOT APPLICABLE""]","[""TEST NOT OFFERED""]","[""CHICAGO"", ""PORTAGE""]","[""2025-10-03T16:10:00.000""]","[""IMPROPER LANE CHANGE"", ""NONE""]","[""NOT OBSCURED""]","[""PS""]","[""IL"", ""IN""]","[""NONE""]",[],"[""O2162997"", ""O2162998""]","[""DRIVER""]","[""NORMAL""]","[""USAGE UNKNOWN""]","[""M""]","[""IL"", ""IN""]","[""2061894"", ""2061908""]","[""46368"", ""60649""]",[],[],[],[],[],[],2025,10,16,3,False,afternoon,41.77,-87.68,41.77_-87.68,56.0,50,62,OTHER,0