alignment,beat_of_occurrence,crash_date,crash_day_of_week,crash_hour,crash_month,crash_record_id,crash_type,damage,device_condition,first_crash_type,latitude,lighting_condition,longitude,num_units,posted_speed_limit,prim_contributory_cause,road_defect,roadway_surface_cond,sec_contributory_cause,street_direction,street_no,traffic_control_device,trafficway_type,weather_condition,private_property_i,hit_and_run_i,intersection_related_i,crash_date_est_i,work_zone_i,workers_present_i,veh_count,ppl_count,veh_area_01_i_list_json,veh_area_02_i_list_json,veh_area_12_i_list_json,veh_crash_date_list_json,veh_crash_unit_id_list_json,veh_first_contact_point_list_json,veh_lic_plate_state_list_json,veh_make_list_json,veh_maneuver_list_json,veh_model_list_json,veh_occupant_cnt_list_json,veh_travel_direction_list_json,veh_unit_no_list_json,veh_unit_type_list_json,veh_vehicle_defect_list_json,veh_vehicle_id_list_json,veh_vehicle_type_list_json,veh_vehicle_use_list_json,veh_vehicle_year_list_json,veh_area_03_i_list_json,veh_area_04_i_list_json,veh_area_11_i_list_json,veh_towed_by_list_json,veh_towed_i_list_json,veh_area_07_i_list_json,veh_area_99_i_list_json,veh_area_09_i_list_json,veh_area_10_i_list_json,veh_cmrc_veh_i_list_json,veh_num_passengers_list_json,veh_area_08_i_list_json,veh_area_00_i_list_json,veh_area_05_i_list_json,veh_area_06_i_list_json,veh_towed_to_list_json,ppl_age_list_json,ppl_airbag_deployed_list_json,ppl_bac_result_list_json,ppl_city_list_json,ppl_crash_date_list_json,ppl_driver_action_list_json,ppl_driver_vision_list_json,ppl_drivers_license_class_list_json,ppl_drivers_license_state_list_json,ppl_ejection_list_json,ppl_hospital_list_json,ppl_person_id_list_json,ppl_person_type_list_json,ppl_physical_condition_list_json,ppl_safety_equipment_list_json,ppl_sex_list_json,ppl_state_list_json,ppl_vehicle_id_list_json,ppl_zipcode_list_json,ppl_ems_agency_list_json,ppl_seat_no_list_json,ppl_pedpedal_action_list_json,ppl_pedpedal_location_list_json,ppl_pedpedal_visibility_list_json,ppl_ems_run_no_list_json,year,month,hour,day,is_weekend,hour_bin,lat_bin,lng_bin,grid_id,ppl_age_mean,ppl_age_min,ppl_age_max,prim_contributory_cause_group,ksi_flag
STRAIGHT AND LEVEL,822,2025-10-03 16:10:00,6,16,10,74713C6E2DC8385557A189D59D6DCB43370AA33157FE926946FE8AEA35058FAA0197460E5ADDF45B7E2E4F7905C3A935F2F04779E66C11AE074515AED57E3570,NO INJURY / DRIVE AWAY,"$501 - $1,500",NO CONTROLS,PARKED MOTOR VEHICLE,41.798117382,DAYLIGHT,-87.7072189425,2,30,NOT APPLICABLE,NO DEFECTS,DRY,NOT APPLICABLE,S,5227,NO CONTROLS,ONE-WAY,CLEAR,0.0,0.0,0.0,0.0,0.0,1.0,2,1,[],"[""Y""]",[],"[""2025-10-03T16:10:00.000""]","[""2163044"", ""2163045""]","[""FRONT-LEFT-CORNER"", ""SIDE-RIGHT""]","[""IL""]","[""ACURA"", ""HONDA""]","[""PARKED"", ""STRAIGHT AHEAD""]","[""CR-V"", ""TLX""]","[""1"", ""2""]","[""N""]","[""1"", ""2""]","[""DRIVER"", ""PARKED""]","[""NONE""]","[""2061939"", ""2061946""]","[""SPORT UTILITY VEHICLE (SUV)""]","[""PERSONAL""]","[""2008"", ""2022""]","[""Y""]",[],"[""Y""]",[],[],[],[],"[""N""]","[""N"", ""Y""]",[],"[""1""]",[],[],[],[],[],['69'],"[""DID NOT DEPLOY"", ""NOT APPLICABLE""]","[""TEST NOT OFFERED""]",[],"[""2025-10-03T16:10:00.000""]","[""NONE""]","[""NOT OBSCURED""]",[],"[""IL""]","[""NONE""]",[],"[""O2163045"", ""P477333"", ""P477334""]","[""DRIVER"", ""PASSENGER""]","[""NORMAL""]","[""SAFETY BELT USED""]","[""F"", ""M""]",[],"[""2061939"", ""2061946""]",[],[],"[""3""]",[],[],[],[],2025,10,16,3,False,afternoon,41.8,-87.71,41.8_-87.71,69.0,69,69,OTHER,0
STRAIGHT AND LEVEL,614,2025-10-03 16:10:00,6,16,10,272DD01F8C2ABB788158B18386D93ED5EC59E9F803FF05BDFE1BD648CFD9BDD341A241D30CF599B6ABD81AA60A6B1D1C98CF06DDB80DBE53A466B20455CBBAC7,INJURY AND / OR TOW DUE TO CRASH,"OVER $1,500",NO CONTROLS,TURNING,41.7419068462,DAYLIGHT,-87.6633712794,2,30,UNABLE TO DETERMINE,UNKNOWN,DRY,UNABLE TO DETERMINE,S,8338,NO CONTROLS,DIVIDED - W/MEDIAN (NOT RAISED),CLEAR,0.0,0.0,0.0,0.0,0.0,1.0,1,3,[],"[""Y""]","[""Y""]","[""2025-10-03T16:10:00.000""]","[""2163079"", ""2163080""]","[""FRONT"", ""SIDE-RIGHT""]","[""IL""]","[""CHEVROLET"", ""SATURN""]","[""STRAIGHT AHEAD"", ""U-TURN""]","[""ION"", ""MALIBU""]","[""1"", ""2""]","[""N"", ""S""]","[""1"", ""2""]","[""DRIVER""]","[""UNKNOWN""]","[""2061985"", ""2061999""]","[""UNKNOWN/NA""]","[""UNKNOWN/NA""]","[""2004"", ""2014""]","[""Y""]",[],"[""Y""]",[],[],[],[],[],[],[],"[""1""]",[],[],[],[],[],"['27', '3', '84']","[""DEPLOYED, COMBINATION"", ""DEPLOYMENT UNKNOWN""]","[""TEST NOT OFFERED""]","[""CHICAGO""]","[""2025-10-03T16:10:00.000""]","[""UNKNOWN""]","[""UNKNOWN""]",[],"[""IL""]","[""NONE""]","[""CHRIST""]","[""O2163079"", ""O2163080"", ""P477351""]","[""DRIVER"", ""PASSENGER""]","[""NORMAL""]","[""USAGE UNKNOWN""]","[""F"", ""M""]","[""IL""]","[""2061985"", ""2061999""]","[""60620"", ""60827""]",[],"[""6""]",[],[],[],[],2025,10,16,3,False,afternoon,41.74,-87.66,41.74_-87.66,38.0,3,84,OTHER,1
STRAIGHT AND LEVEL,1513,2025-10-03 16:00:00,6,16,10,7CE15A1410D746D3EBE49C1F9ED2EAE028B5922702344D5754A3E55B1DE09DF55DB0E108C53DEEA73EFC72BDF5F4E70913EE9BB5C4E53B8D57FFC5A459323AD5,NO INJURY / DRIVE AWAY,"OVER $1,500",NO CONTROLS,TURNING,41.8792020561,DAYLIGHT,-87.7649742406,2,30,UNABLE TO DETERMINE,NO DEFECTS,DRY,UNABLE TO DETERMINE,S,100,NO CONTROLS,DIVIDED - W/MEDIAN (NOT RAISED),CLEAR,0.0,0.0,0.0,0.0,0.0,1.0,1,1,[],[],[],"[""2025-10-03T16:00:00.000""]","[""2162934"", ""2162935""]","[""FRONT"", ""SIDE-RIGHT-REAR""]","[""IL""]","[""FORD"", ""HONDA""]","[""STRAIGHT AHEAD"", ""TURNING LEFT""]","[""ACCORD"", ""EDGE""]","[""1""]","[""N"", ""S""]","[""1"", ""2""]","[""DRIVER""]","[""NONE"", ""UNKNOWN""]","[""2061832"", ""2061840""]","[""PASSENGER"", ""SPORT UTILITY VEHICLE (SUV)""]","[""PERSONAL"", ""UNKNOWN/NA""]","[""2007"", ""2009""]",[],"[""Y""]",[],[],[],[],"[""Y""]",[],[],[],[],[],[],"[""Y""]",[],[],['38'],"[""DID NOT DEPLOY""]","[""TEST NOT OFFERED""]","[""CHICAGO""]","[""2025-10-03T16:00:00.000""]","[""UNKNOWN""]","[""NOT OBSCURED"", ""UNKNOWN""]","[""D""]","[""IL""]","[""NONE""]",[],"[""O2162934"", ""O2162935""]","[""DRIVER""]","[""NORMAL"", ""UNKNOWN""]","[""SAFETY BELT USED"", ""USAGE UNKNOWN""]","[""F"", ""M""]","[""IL""]","[""2061832"", ""2061840""]","[""60628""]",[],[],[],[],[],[],2025,10,16,3,False,afternoon,41.88,-87.76,41.88_-87.76,38.0,38,38,OTHER,0
STRAIGHT AND LEVEL,711,2025-10-03 16:00:00,6,16,10,5EA220D8D629172FFF052DF7833DA1973ED431F0D67B52C7A07A7FC30A15C3BE8546947901358C3CA07E102A4D407AE61B53BB2C3448E4BA72B88C9830250F25,NO INJURY / DRIVE AWAY,"$501 - $1,500",NO CONTROLS,SIDESWIPE SAME DIRECTION,41.7940538546,DAYLIGHT,-87.6327603613,2,30,NOT APPLICABLE,NO DEFECTS,DRY,NOT APPLICABLE,W,255,NO CONTROLS,NOT DIVIDED,CLEAR,0.0,1.0,0.0,0.0,0.0,1.0,1,1,[],"[""Y""]",[],"[""2025-10-03T16:00:00.000""]","[""2163008"", ""2163009""]","[""SIDE-LEFT"", ""SIDE-RIGHT""]","[""IL""]","[""BUICK"", ""SUBARU""]","[""STRAIGHT AHEAD""]","[""ENCORE"", ""OUTBACK""]","[""1""]","[""E""]","[""1"", ""2""]","[""DRIVER""]","[""NONE""]","[""2061900"", ""2061910""]","[""PASSENGER""]","[""PERSONAL""]","[""2024"", ""2025""]","[""Y""]","[""Y""]","[""Y""]",[],[],[],[],[],"[""Y""]",[],[],[],[],"[""Y""]",[],[],['53'],"[""NOT APPLICABLE""]","[""TEST NOT OFFERED""]","[""CHICAGO""]","[""2025-10-03T16:00:00.000""]","[""NONE"", ""OTHER""]","[""NOT OBSCURED""]","[""D""]","[""IL""]","[""NONE""]",[],"[""O2163008"", ""O2163009""]","[""DRIVER""]","[""NORMAL""]","[""SAFETY BELT USED"", ""USAGE UNKNOWN""]","[""F"", ""M""]","[""IL""]","[""2061900"", ""2061910""]","[""60638""]",[],[],[],[],[],[],2025,10,16,3,False,afternoon,41.79,-87.63,41.79_-87.63,53.0,53,53,OTHER,0
STRAIGHT AND LEVEL,815,2025-10-03 16:00:00,6,16,10,51C75BAA98E05EDA9E48AE427F2A7429186A7AC43B863BB024E8649F221AA95DC2044C8EFD2015B17DF449E50B24EEAFA7FBC3A9F2E39F1D974E3C39E286EBBB,NO INJURY / DRIVE AWAY,"OVER $1,500",FUNCTIONING PROPERLY,REAR END,41.7930697255,DAYLIGHT,-87.7421646361,2,30,FOLLOWING TOO CLOSELY,NO DEFECTS,DRY,FAILING TO YIELD RIGHT-OF-WAY,S,5498,TRAFFIC SIGNAL,DIVIDED - W/MEDIAN BARRIER,CLEAR,0.0,0.0,0.0,0.0,0.0,1.0,1,2,"[""Y""]",[],"[""Y""]","[""2025-10-03T16:00:00.000""]","[""2163027"", ""2163028""]","[""FRONT"", ""REAR""]","[""IL""]","[""GENERAL MOTORS CORPORATION (GMC)"", ""JEEP""]","[""SLOW/STOP IN TRAFFIC""]","[""PATRIOT"", ""SAVANNAH""]","[""1""]","[""N""]","[""1"", ""2""]","[""DRIVER""]","[""NONE""]","[""2061922"", ""2061944""]","[""SPORT UTILITY VEHICLE (SUV)"", ""TRUCK - SINGLE UNIT""]","[""OTHER"", ""PERSONAL""]","[""2004"", ""2017""]",[],[],"[""Y""]",[],[],"[""Y""]",[],[],[],[],[],[],[],"[""Y""]","[""Y""]",[],"['21', '29']","[""DID NOT DEPLOY""]","[""TEST NOT OFFERED""]","[""CHICAGO""]","[""2025-10-03T16:00:00.000""]","[""FOLLOWED TOO CLOSELY"", ""UNKNOWN""]","[""UNKNOWN""]","[""D""]","[""IL""]","[""NONE""]",[],"[""O2163027"", ""O2163028""]","[""DRIVER""]","[""NORMAL""]","[""USAGE UNKNOWN""]","[""M""]","[""IL""]","[""2061922"", ""2061944""]","[""60459"", ""60638""]","[""CFD""]",[],[],[],[],[],2025,10,16,3,False,afternoon,41.79,-87.74,41.79_-87.74,25.0,21,29,FOLLOWING TOO CLOSELY,0
STRAIGHT AND LEVEL,1935,2025-10-03 15:58:00,6,15,10,BE0EF4918164A2C3DB6F5EFBA8A6A55D00D7CE7BC1E1859593D75F1DB11B83102DE0DCDFF3D9690E376F6FDFE52E561A56AC987B13AF297C69F458614A87FBD6,NO INJURY / DRIVE AWAY,"OVER $1,500",NO CONTROLS,PARKED MOTOR VEHICLE,41.9291932092,DAYLIGHT,-87.6489493132,2,25,NOT APPLICABLE,NO DEFECTS,DRY,NOT APPLICABLE,W,800,NO CONTROLS,NOT DIVIDED,CLEAR,0.0,1.0,0.0,0.0,0.0,1.0,2,0,[],[],"[""Y""]","[""2025-10-03T15:58:00.000""]","[""2169159"", ""2169160""]","[""SIDE-LEFT"", ""UNKNOWN""]","[""CO""]","[""SUBARU"", ""UNKNOWN""]","[""PARKED"", ""STRAIGHT AHEAD""]","[""OTHER (EXPLAIN IN NARRATIVE)"", ""OUTBACK""]","[""0"", ""1""]","[""E""]","[""1"", ""2""]","[""DRIVER"", ""PARKED""]","[""NONE""]","[""2067727"", ""2067730""]","[""PASSENGER""]","[""PERSONAL""]","[""2020""]",[],[],"[""Y""]",[],[],"[""Y""]","[""Y""]","[""Y""]","[""Y""]",[],[],"[""Y""]",[],[],[],[],[],"[""DEPLOYMENT UNKNOWN""]","[""TEST NOT OFFERED""]",[],"[""2025-10-03T15:58:00.000""]","[""UNKNOWN""]","[""UNKNOWN""]",[],[],"[""NONE""]",[],"[""O2169159""]","[""DRIVER""]","[""UNKNOWN""]","[""USAGE UNKNOWN""]","[""X""]",[],"[""2067727""]",[],[],[],[],[],[],[],2025,10,15,3,False,afternoon,41.93,-87.65,41.93_-87.65,0.0,0,0,OTHER,0
STRAIGHT AND LEVEL,223,2025-10-03 15:55:00,6,15,10,4696253BD42F24CC91D8A9EFB5E1BF67EEB22E2870E9A55E0506395C0FC39E8D9B58E3AFAF3499CD649C2ADFD3555ACDA3E093544C63C23C069F4C540E173CE9,NO INJURY / DRIVE AWAY,"OVER $1,500",NO CONTROLS,REAR END,41.8022170584,DAYLIGHT,-87.615452152,2,30,FOLLOWING TOO CLOSELY,NO DEFECTS,DRY,FAILING TO REDUCE SPEED TO AVOID CRASH,E,404,NO CONTROLS,NOT DIVIDED,CLEAR,0.0,1.0,0.0,0.0,0.0,1.0,1,2,[],[],"[""N""]","[""2025-10-03T15:55:00.000""]","[""2162995"", ""2162996""]","[""REAR"", ""UNKNOWN""]","[""IL""]","[""BUICK"", ""CHEVROLET""]","[""STRAIGHT AHEAD""]","[""LACROSSE"", ""TAHOE""]","[""1"", ""2""]","[""E""]","[""1"", ""2""]","[""DRIVER""]","[""NONE"", ""UNKNOWN""]","[""2061888"", ""2061895""]","[""PASSENGER"", ""SPORT UTILITY VEHICLE (SUV)""]","[""PERSONAL""]","[""2007"", ""2016""]",[],[],[],[],[],"[""Y""]",[],[],[],[],"[""1""]",[],[],"[""Y""]","[""Y""]",[],"['67', '73']","[""DEPLOYMENT UNKNOWN"", ""NOT APPLICABLE""]","[""TEST NOT OFFERED""]","[""CHICAGO""]","[""2025-10-03T15:55:00.000""]","[""NONE"", ""UNKNOWN""]","[""NOT OBSCURED"", ""UNKNOWN""]","[""D""]","[""IL""]","[""NONE""]",[],"[""O2162995"", ""O2162996"", ""P477321""]","[""DRIVER"", ""PASSENGER""]","[""NORMAL"", ""UNKNOWN""]","[""SAFETY BELT USED"", ""USAGE UNKNOWN""]","[""F"", ""M""]","[""IL""]","[""2061888"", ""2061895""]","[""60615""]",[],"[""3""]",[],[],[],[],2025,10,15,3,False,afternoon,41.8,-87.62,41.8_-87.62,70.0,67,73,FOLLOWING TOO CLOSELY,0
STRAIGHT AND LEVEL,622,2025-10-03 15:53:00,6,15,10,80EF882CC78C1A496C4D28A18D6281F012413C09B8E3DB8544E96DC447BBF10884D328C3B1565BF626B58B42F36805281AA13DB33D464EAB9687B3A9B547B78C,INJURY AND / OR TOW DUE TO CRASH,"OVER $1,500",FUNCTIONING PROPERLY,TURNING,41.7363347132,DAYLIGHT,-87.6286452216,2,30,UNABLE TO DETERMINE,NO DEFECTS,DRY,NOT APPLICABLE,W,160,TRAFFIC SIGNAL,FOUR WAY,CLEAR,0.0,1.0,1.0,0.0,0.0,1.0,1,1,"[""Y""]","[""Y""]","[""Y""]","[""2025-10-03T15:53:00.000""]","[""2162942"", ""2162943""]","[""FRONT"", ""SIDE-RIGHT""]","[""IL""]","[""BUICK"", ""DODGE""]","[""STRAIGHT AHEAD"", ""TURNING RIGHT""]","[""DURANGO"", ""REGAL""]","[""1""]","[""E"", ""S""]","[""1"", ""2""]","[""DRIVER""]","[""UNKNOWN""]","[""2061844"", ""2061845""]","[""PASSENGER"", ""SPORT UTILITY VEHICLE (SUV)""]","[""PERSONAL"", ""UNKNOWN/NA""]","[""2011""]","[""Y""]","[""Y""]","[""Y""]","[""state farm""]","[""Y""]",[],[],[],[],[],[],[],[],[],[],[],['77'],"[""DEPLOYED, COMBINATION"", ""DEPLOYMENT UNKNOWN""]","[""TEST NOT OFFERED""]","[""CHICAGO""]","[""2025-10-03T15:53:00.000""]","[""NONE"", ""UNKNOWN""]","[""UNKNOWN""]","[""D""]","[""IL""]","[""NONE""]",[],"[""O2162942"", ""O2162943""]","[""DRIVER""]","[""UNKNOWN""]","[""SAFETY BELT USED"", ""USAGE UNKNOWN""]","[""F"", ""X""]","[""IL""]","[""2061844"", ""2061845""]","[""60619""]",[],[],[],[],[],[],2025,10,15,3,False,afternoon,41.74,-87.63,41.74_-87.63,77.0,77,77,OTHER,0
STRAIGHT AND LEVEL,1732,2025-10-03 15:50:00,6,15,10,182D8716A54DB2878610F2E88893271FBB3836890E0528B1FC6897692F533158B71589990D45BCD613A93155D684D0A28AE6FDCBD9E6ED391370D9606E198F50,NO INJURY / DRIVE AWAY,"OVER $1,500",NO CONTROLS,SIDESWIPE SAME DIRECTION,41.9477886092,DAYLIGHT,-87.7128976601,2,30,FAILING TO REDUCE SPEED TO AVOID CRASH,NO DEFECTS,DRY,FAILING TO REDUCE SPEED TO AVOID CRASH,N,3640,NO CONTROLS,DIVIDED - W/MEDIAN (NOT RAISED),CLEAR,0.0,0.0,0.0,0.0,0.0,1.0,1,2,"[""Y""]","[""Y""]",[],"[""2025-10-03T15:50:00.000""]","[""2162962"", ""2162963""]","[""SIDE-LEFT"", ""SIDE-RIGHT""]","[""CA"", ""IL""]","[""HONDA"", ""MAZDA""]","[""ENTERING TRAFFIC LANE FROM PARKING"", ""STRAIGHT AHEAD""]","[""CIVIC"", ""CX-5""]","[""1""]","[""S""]","[""1"", ""2""]","[""DRIVER""]","[""NONE""]","[""2061855"", ""2061866""]","[""PASSENGER""]","[""PERSONAL""]","[""2014"", ""2024""]",[],[],"[""Y""]",[],[],[],[],"[""Y""]","[""Y""]",[],[],[],[],[],[],[],"['22', '34']","[""NOT APPLICABLE""]","[""TEST NOT OFFERED""]","[""CHICAGO"", ""LOS ANGELES""]","[""2025-10-03T15:50:00.000""]","[""IMPROPER LANE CHANGE"", ""NONE""]","[""NOT OBSCURED""]","[""C"", ""D""]","[""CA"", ""IL""]","[""NONE""]",[],"[""O2162962"", ""O2162963""]","[""DRIVER""]","[""NORMAL""]","[""SAFETY BELT USED""]","[""F"", ""M""]","[""CA"", ""IL""]","[""2061855"", ""2061866""]","[""60641"", ""90057""]",[],[],[],[],[],[],2025,10,15,3,False,afternoon,41.95,-87.71,41.95_-87.71,28.0,22,34,SPEEDING,0
STRAIGHT AND LEVEL,2533,2025-10-03 15:50:00,6,15,10,6C4F586EED014BEEF5AA370261041A6D257C8F5463A379219316E83452F05500458B0E93266549AEF651807ABC34E0D924CADC9E1583080177A67F24EAF65AC0,NO INJURY / DRIVE AWAY,"OVER $1,500",FUNCTIONING PROPERLY,SIDESWIPE SAME DIRECTION,41.9097883039,DAYLIGHT,-87.7364046674,2,30,FAILING TO YIELD RIGHT-OF-WAY,UNKNOWN,DRY,NOT APPLICABLE,N,1600,TRAFFIC SIGNAL,DIVIDED - W/MEDIAN (NOT RAISED),CLEAR,0.0,0.0,0.0,0.0,0.0,1.0,1,5,"[""Y""]","[""Y""]",[],"[""2025-10-03T15:50:00.000""]","[""2163018"", ""2163019""]","[""FRONT-LEFT-CORNER"", ""FRONT-RIGHT-CORNER""]","[""IL""]","[""TESLA"", ""TOYOTA""]","[""CHANGING LANES"", ""STRAIGHT AHEAD""]","[""OTHER (EXPLAIN IN NARRATIVE)"", ""PRIUS""]","[""1"", ""5""]","[""S""]","[""1"", ""2""]","[""DRIVER""]","[""UNKNOWN""]","[""2061912"", ""2061919""]","[""PASSENGER""]","[""UNKNOWN/NA""]","[""2013"", ""2023""]","[""Y""]",[],"[""Y""]",[],[],[],[],[],"[""Y""]",[],"[""4""]",[],[],[],[],[],"['10', '15', '33', '34', '4']","[""DID NOT DEPLOY""]","[""TEST NOT OFFERED""]","[""CHICAGO""]","[""2025-10-03T15:50:00.000""]","[""FAILED TO YIELD"", ""NONE""]","[""UNKNOWN""]","[""D""]","[""IL""]","[""NONE""]",[],"[""O2163018"", ""O2163019"", ""P477325"", ""P477326"", ""P477327"", ""P477328""]","[""DRIVER"", ""PASSENGER""]","[""NORMAL""]","[""USAGE UNKNOWN""]","[""F"", ""M""]","[""IL""]","[""2061912"", ""2061919""]","[""60618"", ""60651""]",[],"[""3"", ""4"", ""5"", ""6""]",[],[],[],[],2025,10,15,3,False,afternoon,41.91,-87.74,41.91_-87.74,19.2,4,34,FAILURE-TO-YIELD,0
STRAIGHT AND LEVEL,1024,2025-10-03 15:50:00,6,15,10,5D903ECC1D1B5A04AB44BFD7FD6FCA8621A5584FB4E82B4265A9A4A2157469E46BF6AE145504B5C87A944B808A712D199FD660E13EDA9DBB644BB0B8240BB480,NO INJURY / DRIVE AWAY,"OVER $1,500",NO CONTROLS,SIDESWIPE SAME DIRECTION,41.8517586076,DAYLIGHT,-87.7108875274,2,30,NOT APPLICABLE,NO DEFECTS,DRY,NOT APPLICABLE,W,3416,NO CONTROLS,NOT DIVIDED,CLEAR,0.0,0.0,0.0,0.0,0.0,1.0,1,3,[],[],[],"[""2025-10-03T15:50:00.000""]","[""2162966"", ""2162967""]","[""FRONT-LEFT-CORNER"", ""REAR-RIGHT-CORNER""]","[""IL""]","[""PEERLESS INTERNATIONAL COMPANY, INC."", ""TOYOTA""]","[""STRAIGHT AHEAD""]","[""PEERLESS INTERNATIONAL CO., INC."", ""RAV4""]","[""1"", ""2""]","[""E""]","[""1"", ""2""]","[""DRIVER""]","[""NONE""]","[""2061857"", ""2061868""]","[""PASSENGER""]","[""NOT IN USE""]","[""2015""]","[""Y""]","[""Y""]","[""Y""]",[],[],[],[],[],"[""Y""]",[],"[""1""]",[],[],[],[],[],"['30', '31', '56']","[""NOT APPLICABLE""]","[""TEST NOT OFFERED""]","[""BERWYN"", ""CHICAGO"", ""ROCKFORD""]","[""2025-10-03T15:50:00.000""]","[""NONE""]","[""NOT OBSCURED""]","[""D""]","[""IL""]","[""NONE""]",[],"[""O2162966"", ""O2162967"", ""P477315""]","[""DRIVER"", ""PASSENGER""]","[""NORMAL""]","[""NONE PRESENT""]","[""F"", ""M""]","[""IL""]","[""2061857"", ""2061868""]","[""60402"", ""60623"", ""61108""]",[],"[""3""]",[],[],[],[],2025,10,15,3,False,afternoon,41.85,-87.71,41.85_-87.71,39.0,30,56,OTHER,0
STRAIGHT AND LEVEL,2221,2025-10-03 15:50:00,6,15,10,C9DEB1A8C219A032DC3DDAB1943CF2A7D636F743D3CE392C3602A7BC571548F8D3A8D4249935C1D109CA5160A72647F7E5FE0EF69D3A34838587AD1274C5787E,NO INJURY / DRIVE AWAY,"OVER $1,500",NO CONTROLS,PARKED MOTOR VEHICLE,41.7265509696,DAYLIGHT,-87.662840329,3,30,NOT APPLICABLE,NO DEFECTS,DRY,NOT APPLICABLE,W,1601,NO CONTROLS,NOT DIVIDED,CLEAR,0.0,0.0,0.0,0.0,0.0,1.0,2,0,"[""Y""]","[""N""]",[],"[""2025-10-03T15:50:00.000""]","[""2163022"", ""2163023"", ""2163024""]","[""FRONT-RIGHT-CORNER"", ""SIDE-LEFT"", ""UNKNOWN""]","[""IL""]","[""CHEVROLET"", ""DODGE"", ""KIA""]","[""PARKED"", ""UNKNOWN/NA""]","[""CHARGER"", ""EQUINOX"", ""SORENTO""]","[""0"", ""1""]","[""E"", ""W""]","[""1"", ""2"", ""3""]","[""DRIVER"", ""PARKED""]","[""NONE"", ""UNKNOWN""]","[""2061913"", ""2061916"", ""2061917""]","[""PASSENGER"", ""SPORT UTILITY VEHICLE (SUV)""]","[""NOT IN USE""]","[""2014"", ""2017""]","[""N""]","[""N""]","[""Y""]",[],[],[],[],[],"[""Y""]",[],[],[],[],"[""N""]",[],[],[],"[""DEPLOYMENT UNKNOWN""]","[""TEST NOT OFFERED""]","[""COUNTRY CLUB HILLS""]","[""2025-10-03T15:50:00.000""]","[""UNKNOWN""]","[""UNKNOWN""]",[],[],"[""NONE""]",[],"[""O2163022""]","[""DRIVER""]","[""UNKNOWN""]","[""USAGE UNKNOWN""]","[""F""]","[""IL""]","[""2061913""]","[""60478""]",[],[],[],[],[],[],2025,10,15,3,False,afternoon,41.73,-87.66,41.73_-87.66,0.0,0,0,OTHER,0
STRAIGHT AND LEVEL,1013,2025-10-03 15:50:00,6,15,10,D2E04D5E30C6650CBC4C8D85F925780CA1E2BA1E463F77FF2690099ED9B2E5BF5EF5EACEA7BD063721820A6558A13A4677502BBDDFC1997DC10ACE8257DF1CDD,INJURY AND / OR TOW DUE TO CRASH,"OVER $1,500",FUNCTIONING PROPERLY,TURNING,41.847940442,DAYLIGHT,-87.7150387918,2,30,FAILING TO YIELD RIGHT-OF-WAY,NO DEFECTS,DRY,FAILING TO YIELD RIGHT-OF-WAY,S,2400,STOP SIGN/FLASHER,NOT DIVIDED,CLEAR,0.0,0.0,0.0,0.0,0.0,1.0,1,2,"[""Y""]",[],"[""Y""]","[""2025-10-03T15:50:00.000""]","[""2163089"", ""2163090""]","[""FRONT-LEFT-CORNER"", ""FRONT-RIGHT-CORNER""]","[""IL""]","[""JEEP"", ""LEXUS""]","[""STRAIGHT AHEAD"", ""TURNING LEFT""]","[""GRAND CHEROKEE"", ""OTHER (EXPLAIN IN NARRATIVE)""]","[""1""]","[""N"", ""S""]","[""1"", ""2""]","[""DRIVER""]","[""NONE""]","[""2061977"", ""2061978""]","[""PASSENGER"", ""SPORT UTILITY VEHICLE (SUV)""]","[""PERSONAL""]","[""1997"", ""2005""]",[],[],"[""Y""]","[""PRIVATE TOW""]","[""Y""]",[],[],[],[],[],[],[],[],[],[],[],"['36', '81']","[""DID NOT DEPLOY""]","[""TEST NOT OFFERED""]","[""CHICAGO""]","[""2025-10-03T15:50:00.000""]","[""FAILED TO YIELD"", ""NONE""]","[""NOT OBSCURED""]","[""D""]","[""IL""]","[""NONE""]",[],"[""O2163089"", ""O2163090""]","[""DRIVER""]","[""NORMAL""]","[""SAFETY BELT USED""]","[""M""]","[""IL""]","[""2061977"", ""2061978""]","[""60618"", ""60623""]",[],[],[],[],[],[],2025,10,15,3,False,afternoon,41.85,-87.72,41.85_-87.72,58.5,36,81,FAILURE-TO-YIELD,0
STRAIGHT AND LEVEL,2511,2025-10-03 15:50:00,6,15,10,D9F7DF0E73DE90ADFAED006DAAED2DD659A5711FF5332901F2A64FBE09879AD81FDB0CD866DE58C250A4206204505AE8839BFC7CF0E58DAE9E3A4365FBCC7DD7,NO INJURY / DRIVE AWAY,$500 OR LESS,NO CONTROLS,SIDESWIPE SAME DIRECTION,41.9380653341,DAYLIGHT,-87.7946111289,2,25,FAILING TO YIELD RIGHT-OF-WAY,NO DEFECTS,DRY,FAILING TO YIELD RIGHT-OF-WAY,W,6733,NO CONTROLS,ONE-WAY,CLEAR,0.0,0.0,0.0,0.0,0.0,1.0,1,4,[],[],[],"[""2025-10-03T15:50:00.000""]","[""2163025"", ""2163026""]","[""FRONT-LEFT-CORNER"", ""SIDE-RIGHT-REAR""]","[""IL""]","[""FORD"", ""TOYOTA""]","[""STRAIGHT AHEAD""]","[""CAMRY"", ""F150""]","[""1"", ""3""]","[""E""]","[""1"", ""2""]","[""DRIVER""]","[""NONE"", ""UNKNOWN""]","[""2061918"", ""2061925""]","[""PASSENGER"", ""PICKUP""]","[""PERSONAL""]","[""2007"", ""2024""]",[],"[""Y""]","[""Y""]",[],[],[],[],[],[],[],"[""2""]",[],[],[],[],[],"['24', '41', '7', '9']","[""NOT APPLICABLE""]","[""TEST NOT OFFERED""]","[""CHICAGO""]","[""2025-10-03T15:50:00.000""]","[""FAILED TO YIELD"", ""NONE""]","[""NOT OBSCURED"", ""UNKNOWN""]","[""C"", ""D""]","[""IL""]","[""NONE""]",[],"[""O2163025"", ""O2163026"", ""P477329"", ""P477330""]","[""DRIVER"", ""PASSENGER""]","[""NORMAL""]","[""SAFETY BELT USED""]","[""F"", ""M""]","[""IL""]","[""2061918"", ""2061925""]","[""60634""]",[],"[""4"", ""6""]",[],[],[],[],2025,10,15,3,False,afternoon,41.94,-87.79,41.94_-87.79,20.25,7,41,FAILURE-TO-YIELD,0