alignment,beat_of_occurrence,crash_date,crash_day_of_week,crash_hour,crash_month,crash_record_id,crash_type,damage,device_condition,first_crash_type,latitude,lighting_condition,longitude,num_units,posted_speed_limit,prim_contributory_cause,road_defect,roadway_surface_cond,sec_contributory_cause,street_direction,street_no,traffic_control_device,trafficway_type,weather_condition,private_property_i,hit_and_run_i,intersection_related_i,crash_date_est_i,work_zone_i,workers_present_i,veh_count,ppl_count,veh_area_01_i_list_json,veh_area_02_i_list_json,veh_area_12_i_list_json,veh_crash_date_list_json,veh_crash_unit_id_list_json,veh_first_contact_point_list_json,veh_lic_plate_state_list_json,veh_make_list_json,veh_maneuver_list_json,veh_model_list_json,veh_occupant_cnt_list_json,veh_travel_direction_list_json,veh_unit_no_list_json,veh_unit_type_list_json,veh_vehicle_defect_list_json,veh_vehicle_id_list_json,veh_vehicle_type_list_json,veh_vehicle_use_list_json,veh_vehicle_year_list_json,veh_area_03_i_list_json,veh_area_04_i_list_json,veh_area_11_i_list_json,veh_towed_by_list_json,veh_towed_i_list_json,veh_area_07_i_list_json,veh_area_99_i_list_json,veh_area_09_i_list_json,veh_area_10_i_list_json,veh_cmrc_veh_i_list_json,veh_num_passengers_list_json,veh_area_08_i_list_json,veh_area_00_i_list_json,veh_area_05_i_list_json,veh_area_06_i_list_json,veh_towed_to_list_json,ppl_age_list_json,ppl_airbag_deployed_list_json,ppl_bac_result_list_json,ppl_city_list_json,ppl_crash_date_list_json,ppl_driver_action_list_json,ppl_driver_vision_list_json,ppl_drivers_license_class_list_json,ppl_drivers_license_state_list_json,ppl_ejection_list_json,ppl_hospital_list_json,ppl_person_id_list_json,ppl_person_type_list_json,ppl_physical_condition_list_json,ppl_safety_equipment_list_json,ppl_sex_list_json,ppl_state_list_json,ppl_vehicle_id_list_json,ppl_zipcode_list_json,ppl_ems_agency_list_json,ppl_seat_no_list_json,ppl_pedpedal_action_list_json,ppl_pedpedal_location_list_json,ppl_pedpedal_visibility_list_json,ppl_ems_run_no_list_json,year,month,hour,day,is_weekend,hour_bin,lat_bin,lng_bin,grid_id,ppl_age_mean,ppl_age_min,ppl_age_max,prim_contributory_cause_group,ksi_flag
STRAIGHT AND LEVEL,1013,2025-10-03 15:45:00,6,15,10,5EAD1A9E2C8EA37366E62CE55E0A0F1DBE54C63E45A151CAD16996438F4599C77380F2546ED777C7D3344DD3BEEC01A0A71CE88D4424859C957BB6FE86C0163B,NO INJURY / DRIVE AWAY,"OVER $1,500",NO CONTROLS,PARKED MOTOR VEHICLE,41.8442494336,DAYLIGHT,-87.732620605,2,10,UNABLE TO DETERMINE,NO DEFECTS,DRY,UNABLE TO DETERMINE,W,4334,NO CONTROLS,PARKING LOT,CLEAR,1.0,1.0,0.0,0.0,0.0,1.0,2,1,"[""Y""]",[],"[""Y""]","[""2025-10-03T15:45:00.000""]","[""2162929"", ""2162930""]","[""FRONT"", ""REAR""]","[""IL""]","[""FORD"", ""HONDA""]","[""PARKED"", ""STRAIGHT AHEAD""]","[""CR-V"", ""RANGER""]","[""1""]","[""N""]","[""1"", ""2""]","[""DRIVER"", ""PARKED""]","[""NONE""]","[""2061818"", ""2061821""]","[""PICKUP"", ""SPORT UTILITY VEHICLE (SUV)""]","[""NOT IN USE"", ""PERSONAL""]","[""2008"", ""2024""]",[],[],"[""Y""]",[],[],"[""Y""]",[],[],[],[],"[""1""]",[],[],"[""Y""]","[""Y""]",[],['20'],"[""DEPLOYMENT UNKNOWN"", ""NOT APPLICABLE""]","[""TEST NOT OFFERED""]","[""CHICAGO""]","[""2025-10-03T15:45:00.000""]","[""NONE""]","[""UNKNOWN""]",[],[],"[""NONE""]",[],"[""O2162929"", ""P477309""]","[""DRIVER"", ""PASSENGER""]","[""UNKNOWN""]","[""SAFETY BELT USED"", ""USAGE UNKNOWN""]","[""F""]","[""IL""]","[""2061818"", ""2061821""]","[""60623""]",[],"[""1""]",[],[],[],[],2025,10,15,3,False,afternoon,41.84,-87.73,41.84_-87.73,20.0,20,20,OTHER,0
STRAIGHT AND LEVEL,1132,2025-10-03 15:45:00,6,15,10,4735441FE2F7DC5568AF7599D08F3EC062E025B0E59E1C7C56D8DA4942EED1D810A07DD72F6A34CD08387916A31A55C05F1F216980BCB29B28AD1B973C4B0F8D,INJURY AND / OR TOW DUE TO CRASH,"OVER $1,500",FUNCTIONING PROPERLY,ANGLE,41.8662106354,DAYLIGHT,-87.7301279853,2,30,DISREGARDING TRAFFIC SIGNALS,UNKNOWN,DRY,UNABLE TO DETERMINE,W,4200,TRAFFIC SIGNAL,FOUR WAY,CLEAR,0.0,0.0,1.0,0.0,0.0,1.0,1,4,"[""Y""]",[],"[""Y""]","[""2025-10-03T15:45:00.000""]","[""2163034"", ""2163035""]","[""FRONT"", ""FRONT-LEFT-CORNER""]","[""IL""]","[""KIA"", ""NISSAN""]","[""STRAIGHT AHEAD""]","[""ALTIMA"", ""FORTE""]","[""1"", ""3""]","[""E"", ""N""]","[""1"", ""2""]","[""DRIVER""]","[""UNKNOWN""]","[""2061937"", ""2061949""]","[""PASSENGER""]","[""PERSONAL""]","[""2014"", ""2017""]",[],[],"[""Y""]","[""OWNER""]","[""Y""]",[],[],[],"[""Y""]",[],"[""2""]",[],[],[],[],[],"['16', '34', '35', '4']","[""DEPLOYED, COMBINATION"", ""DID NOT DEPLOY""]","[""TEST NOT OFFERED""]","[""CHICAGO""]","[""2025-10-03T15:45:00.000""]","[""DISREGARDED CONTROL DEVICES"", ""NONE""]","[""UNKNOWN""]","[""D""]","[""IL""]","[""NONE""]",[],"[""O2163034"", ""O2163035"", ""P477335"", ""P477336""]","[""DRIVER"", ""PASSENGER""]","[""NORMAL""]","[""USAGE UNKNOWN""]","[""F""]","[""IL""]","[""2061937"", ""2061949""]","[""60623"", ""60639""]",[],"[""3"", ""6""]",[],[],[],[],2025,10,15,3,False,afternoon,41.87,-87.73,41.87_-87.73,22.25,4,35,OTHER,1
STRAIGHT AND LEVEL,1834,2025-10-03 15:43:00,6,15,10,E09B67417258089930B9F510C341BA8ABA00DE40C8A8B6D64084513DB99757BDBCC773BDD90200643185572D62A6662638A79CA41F84DE8BCFA6DBB029E3098E,NO INJURY / DRIVE AWAY,"OVER $1,500",FUNCTIONING PROPERLY,SIDESWIPE SAME DIRECTION,41.8911183327,DAYLIGHT,-87.6143846846,2,35,UNABLE TO DETERMINE,NO DEFECTS,DRY,UNABLE TO DETERMINE,N,500,TRAFFIC SIGNAL,DIVIDED - W/MEDIAN BARRIER,CLEAR,0.0,1.0,0.0,0.0,0.0,1.0,1,1,"[""Y""]","[""Y""]",[],"[""2025-10-03T15:43:00.000""]","[""2163675"", ""2163676""]","[""FRONT-LEFT-CORNER"", ""FRONT-RIGHT-CORNER""]","[""OH""]","[""INFINITI"", ""MERCURY""]","[""MERGING"", ""STRAIGHT AHEAD""]","[""MOUNTAINEER"", ""QX80""]","[""1""]","[""N""]","[""1"", ""2""]","[""DRIVER""]","[""NONE""]","[""2062544"", ""2062547""]","[""PASSENGER"", ""UNKNOWN/NA""]","[""PERSONAL"", ""UNKNOWN/NA""]","[""2016""]","[""Y""]",[],"[""Y""]",[],[],[],[],[],"[""Y""]",[],[],[],[],[],[],[],['48'],"[""DEPLOYMENT UNKNOWN"", ""NOT APPLICABLE""]","[""TEST NOT OFFERED""]","[""ROANOKE""]","[""2025-10-03T15:43:00.000""]","[""NONE"", ""UNKNOWN""]","[""NOT OBSCURED"", ""UNKNOWN""]",[],"[""OH""]","[""NONE""]",[],"[""O2163675"", ""O2163676""]","[""DRIVER""]","[""NORMAL"", ""UNKNOWN""]","[""SAFETY BELT USED"", ""USAGE UNKNOWN""]","[""F"", ""M""]","[""IN""]","[""2062544"", ""2062547""]","[""46783""]",[],[],[],[],[],[],2025,10,15,3,False,afternoon,41.89,-87.61,41.89_-87.61,48.0,48,48,OTHER,0
STRAIGHT AND LEVEL,1014,2025-10-03 15:43:00,6,15,10,B1C5613C4382810C3D15D748774B4DBC29B3993B311B8EC4D79C30A39820727CA9CBB1EADB9CCD7B2A58ACAAC44661E03E16B17018507FAA7629B32B4D8A2BF8,NO INJURY / DRIVE AWAY,"OVER $1,500",NO CONTROLS,REAR END,41.854563883,DAYLIGHT,-87.7154413077,3,30,FOLLOWING TOO CLOSELY,NO DEFECTS,DRY,FOLLOWING TOO CLOSELY,W,3606,NO CONTROLS,NOT DIVIDED,CLEAR,0.0,0.0,0.0,0.0,0.0,1.0,1,3,[],[],"[""Y""]","[""2025-10-03T15:43:00.000""]","[""2162931"", ""2162932"", ""2162933""]","[""FRONT"", ""REAR""]","[""IL""]","[""FORD"", ""HYUNDAI"", ""JEEP""]","[""SLOW/STOP IN TRAFFIC"", ""STRAIGHT AHEAD""]","[""JEEP"", ""OTHER (EXPLAIN IN NARRATIVE)"", ""TRANSIT""]","[""1""]","[""W""]","[""1"", ""2"", ""3""]","[""DRIVER""]","[""NONE""]","[""2061824"", ""2061826"", ""2061831""]","[""PASSENGER""]","[""PERSONAL"", ""UNKNOWN/NA""]","[""2017"", ""2019"", ""2021""]",[],[],[],[],[],[],[],[],[],[],[],[],[],[],"[""Y""]",[],"['30', '34', '44']","[""DEPLOYMENT UNKNOWN"", ""DID NOT DEPLOY""]","[""TEST NOT OFFERED""]","[""BERWYN"", ""CHICAGO""]","[""2025-10-03T15:43:00.000""]","[""FOLLOWED TOO CLOSELY"", ""NONE""]","[""NOT OBSCURED""]","[""D""]","[""IL""]","[""NONE""]",[],"[""O2162931"", ""O2162932"", ""O2162933""]","[""DRIVER""]","[""NORMAL""]","[""SAFETY BELT USED""]","[""F"", ""M""]","[""IL""]","[""2061824"", ""2061826"", ""2061831""]","[""60402"", ""60623"", ""60638""]",[],[],[],[],[],[],2025,10,15,3,False,afternoon,41.85,-87.72,41.85_-87.72,36.0,30,44,FOLLOWING TOO CLOSELY,0
STRAIGHT AND LEVEL,1811,2025-10-03 15:43:00,6,15,10,54087C7E6755E72A6F035ABF0EA696D5D46EA510281596C77A59F5B6A932B44883A5F07EE12670C1A1C377180CAB3EC1900FDCAB290749DAF3F423E9F4C37E16,NO INJURY / DRIVE AWAY,"OVER $1,500",FUNCTIONING PROPERLY,REAR END,41.9243596298,DAYLIGHT,-87.6684376348,2,30,FOLLOWING TOO CLOSELY,UNKNOWN,DRY,NOT APPLICABLE,N,2338,TRAFFIC SIGNAL,NOT DIVIDED,CLEAR,0.0,0.0,0.0,0.0,0.0,1.0,1,2,"[""Y""]",[],"[""Y""]","[""2025-10-03T15:43:00.000""]","[""2162923"", ""2162924""]","[""FRONT"", ""REAR""]","[""IL""]","[""HYUNDAI"", ""TOYOTA""]","[""SLOW/STOP IN TRAFFIC"", ""STRAIGHT AHEAD""]","[""4RUNNER"", ""SANTA FE""]","[""1""]","[""N""]","[""1"", ""2""]","[""DRIVER""]","[""UNKNOWN""]","[""2061813"", ""2061825""]","[""PASSENGER""]","[""PERSONAL""]","[""2020"", ""2023""]",[],[],"[""Y""]",[],[],"[""Y""]",[],[],[],[],[],[],[],"[""Y""]","[""Y""]",[],"['16', '37']","[""NOT APPLICABLE""]","[""TEST NOT OFFERED""]","[""GLEN ELLYN"", ""SOUTH ELGIN""]","[""2025-10-03T15:43:00.000""]","[""FOLLOWED TOO CLOSELY"", ""NONE""]","[""UNKNOWN""]","[""D""]","[""IL""]","[""NONE""]",[],"[""O2162923"", ""O2162924""]","[""DRIVER""]","[""UNKNOWN""]","[""USAGE UNKNOWN""]","[""F"", ""M""]","[""IL""]","[""2061813"", ""2061825""]","[""60137"", ""60177""]",[],[],[],[],[],[],2025,10,15,3,False,afternoon,41.92,-87.67,41.92_-87.67,26.5,16,37,FOLLOWING TOO CLOSELY,0
STRAIGHT AND LEVEL,1711,2025-10-03 15:40:00,6,15,10,2FA9EC7BD18C8EAED491A350F7B76807D90BFC5E8482F3A8F4CC3CC3AD90CAE57386245A64D88375186EB5254901C420F693FA0701F85ECCEB12B2F4DB33DB06,NO INJURY / DRIVE AWAY,"$501 - $1,500",NO CONTROLS,SIDESWIPE SAME DIRECTION,41.9840931518,DAYLIGHT,-87.7151583966,2,15,UNABLE TO DETERMINE,UNKNOWN,DRY,UNABLE TO DETERMINE,N,5636,NO CONTROLS,ALLEY,CLEAR,0.0,0.0,0.0,0.0,0.0,1.0,1,2,[],[],[],"[""2025-10-03T15:40:00.000""]","[""2162970"", ""2162971""]","[""SIDE-LEFT"", ""SIDE-RIGHT-REAR""]","[""IL""]","[""FORD""]","[""OTHER"", ""STRAIGHT AHEAD""]","[""ESCAPE""]","[""1"", ""2""]","[""S""]","[""1"", ""2""]","[""DRIVER""]","[""UNKNOWN""]","[""2061864"", ""2061875""]","[""PASSENGER""]","[""PERSONAL""]","[""2012"", ""2021""]",[],"[""Y""]",[],[],[],[],[],"[""Y""]","[""Y""]",[],"[""1""]","[""Y""]",[],[],[],[],"['33', '43']","[""NOT APPLICABLE""]","[""TEST NOT OFFERED""]","[""CHICAGO""]","[""2025-10-03T15:40:00.000""]","[""NONE"", ""OTHER""]","[""UNKNOWN""]","[""D""]","[""IL""]","[""NONE""]",[],"[""O2162970"", ""O2162971"", ""P477314""]","[""DRIVER"", ""PASSENGER""]","[""NORMAL"", ""UNKNOWN""]","[""USAGE UNKNOWN""]","[""F"", ""M""]","[""IL""]","[""2061864"", ""2061875""]","[""60625"", ""60659""]",[],"[""6""]",[],[],[],[],2025,10,15,3,False,afternoon,41.98,-87.72,41.98_-87.72,38.0,33,43,OTHER,0
STRAIGHT AND LEVEL,123,2025-10-03 15:31:00,6,15,10,48E67394A47A0C8A96A25307C54572C9FF63A8394C2C6785E47D451F0E7611CF6FD3E1AA33B413C09BFE7204D4824EB479A0057B30CE9BB4AFF829B154D0E8C9,NO INJURY / DRIVE AWAY,"OVER $1,500",NO CONTROLS,PARKED MOTOR VEHICLE,41.8704734936,DAYLIGHT,-87.6307062426,2,30,UNABLE TO DETERMINE,NO DEFECTS,DRY,NOT APPLICABLE,S,900,NO CONTROLS,NOT DIVIDED,CLEAR,0.0,0.0,0.0,0.0,0.0,1.0,2,1,[],[],"[""Y""]","[""2025-10-03T15:31:00.000""]","[""2162927"", ""2162928""]","[""FRONT-LEFT-CORNER"", ""FRONT-RIGHT-CORNER""]","[""IL""]","[""TESLA"", ""TOYOTA""]","[""PARKED"", ""STRAIGHT AHEAD""]","[""MODEL S"", ""TACOMA""]","[""0"", ""1""]","[""S"", ""UNKNOWN""]","[""1"", ""2""]","[""DRIVER"", ""PARKED""]","[""NONE""]","[""2061819"", ""2061828""]","[""PASSENGER""]","[""PERSONAL""]","[""2017"", ""2022""]",[],[],"[""Y""]",[],[],[],"[""N""]",[],"[""Y""]",[],[],[],"[""Y""]",[],[],[],['36'],"[""DID NOT DEPLOY""]","[""TEST NOT OFFERED""]","[""CHICAGO""]","[""2025-10-03T15:31:00.000""]","[""NONE""]","[""NOT OBSCURED""]","[""D""]","[""IL""]","[""NONE""]",[],"[""O2162928""]","[""DRIVER""]","[""NORMAL""]","[""SAFETY BELT USED""]","[""M""]","[""IL""]","[""2061828""]","[""60617""]",[],[],[],[],[],[],2025,10,15,3,False,afternoon,41.87,-87.63,41.87_-87.63,36.0,36,36,OTHER,0
STRAIGHT AND LEVEL,1911,2025-10-03 15:30:00,6,15,10,0F06105C8CED6262E3ABB7F54A3E3E8E0366F3A364028F947F1E9C8BD5A2F8BBF90C303A0B1EF4106D1C815E3EB6665A2EBD05D91B686F471F7E2E473C5F377D,INJURY AND / OR TOW DUE TO CRASH,$500 OR LESS,NO CONTROLS,PEDALCYCLIST,41.9613949833,DAYLIGHT,-87.6929262371,2,20,FAILING TO YIELD RIGHT-OF-WAY,NO DEFECTS,DRY,NOT APPLICABLE,W,2544,NO CONTROLS,NOT DIVIDED,CLEAR,0.0,0.0,0.0,0.0,0.0,1.0,2,1,[],[],[],"[""2025-10-03T15:30:00.000""]","[""2164306"", ""2164307""]","[""FRONT-LEFT-CORNER""]","[""IL""]","[""TOYOTA""]","[""UNKNOWN/NA""]","[""RAV4""]","[""1""]","[""E""]","[""1"", ""2""]","[""BICYCLE"", ""DRIVER""]","[""UNKNOWN""]","[""2063134""]","[""PASSENGER""]","[""PERSONAL""]","[""2022""]",[],[],[],[],[],[],[],"[""Y""]",[],[],[],[],[],[],[],[],['36'],"[""DID NOT DEPLOY""]","[""TEST NOT OFFERED""]","[""CHICAGO""]","[""2025-10-03T15:30:00.000""]","[""NONE"", ""OTHER""]","[""NOT OBSCURED"", ""UNKNOWN""]",[],[],"[""NONE""]",[],"[""O2164306"", ""O2164307""]","[""BICYCLE"", ""DRIVER""]","[""NORMAL"", ""UNKNOWN""]","[""HELMET NOT USED"", ""USAGE UNKNOWN""]","[""M""]","[""IL""]","[""2063134""]","[""60618""]",[],[],"[""NO ACTION""]","[""IN ROADWAY""]","[""NO CONTRASTING CLOTHING""]",[],2025,10,15,3,False,afternoon,41.96,-87.69,41.96_-87.69,36.0,36,36,FAILURE-TO-YIELD,1
STRAIGHT AND LEVEL,1423,2025-10-03 15:30:00,6,15,10,01E55C03C741F7817537B5981F777992F13B73C0BA92E5C231345DBBA6C828B0F8C5191787B3C10658FDF3D39E9DB5E6728FA665A6BDD82A7C38D88C3713E224,NO INJURY / DRIVE AWAY,"OVER $1,500",NO CONTROLS,PARKED MOTOR VEHICLE,41.9058108733,DAYLIGHT,-87.6977468533,2,20,UNABLE TO DETERMINE,UNKNOWN,DRY,NOT APPLICABLE,N,1335,NO CONTROLS,NOT DIVIDED,CLEAR,0.0,1.0,0.0,0.0,0.0,1.0,2,0,[],[],[],"[""2025-10-03T15:30:00.000""]","[""2163106"", ""2163107""]","[""SIDE-LEFT"", ""UNKNOWN""]","[""IL""]","[""NISSAN"", ""UNKNOWN""]","[""PARKED"", ""UNKNOWN/NA""]","[""ALTIMA"", ""OTHER (EXPLAIN IN NARRATIVE)""]","[""0"", ""1""]","[""S"", ""UNKNOWN""]","[""1"", ""2""]","[""DRIVER"", ""PARKED""]","[""UNKNOWN""]","[""2061995"", ""2061998""]","[""PASSENGER"", ""UNKNOWN/NA""]","[""PERSONAL"", ""UNKNOWN/NA""]","[""2025""]",[],[],[],[],[],[],"[""Y""]","[""Y""]","[""Y""]",[],[],"[""Y""]",[],[],[],[],[],"[""DEPLOYMENT UNKNOWN""]","[""TEST NOT OFFERED""]",[],"[""2025-10-03T15:30:00.000""]","[""OTHER""]","[""UNKNOWN""]",[],[],"[""UNKNOWN""]",[],"[""O2163106""]","[""DRIVER""]","[""UNKNOWN""]","[""USAGE UNKNOWN""]","[""X""]",[],"[""2061995""]",[],[],[],[],[],[],[],2025,10,15,3,False,afternoon,41.91,-87.7,41.91_-87.7,0.0,0,0,OTHER,0
STRAIGHT AND LEVEL,1414,2025-10-03 15:30:00,6,15,10,0EC96BE5203B1DFD7DA1DAF9C3A63454D32827D60956BC2EEEEAAFFAB3A122FAD2B0C42812997CE2AD751CF6D80FA3F791DE2F9FA0D911E99F9A5E4A8C030CB6,INJURY AND / OR TOW DUE TO CRASH,"OVER $1,500",FUNCTIONING PROPERLY,REAR END,41.9278635405,DAYLIGHT,-87.7064151008,3,30,UNABLE TO DETERMINE,NO DEFECTS,DRY,NOT APPLICABLE,W,3137,TRAFFIC SIGNAL,NOT DIVIDED,CLEAR,0.0,1.0,0.0,0.0,0.0,1.0,1,5,[],[],[],"[""2025-10-03T15:30:00.000""]","[""2174609"", ""2174610"", ""2174611""]","[""FRONT"", ""REAR"", ""REAR-RIGHT-CORNER""]","[""IL""]","[""HONDA"", ""HYUNDAI"", ""NISSAN""]","[""SLOW/STOP IN TRAFFIC"", ""UNKNOWN/NA""]","[""ELANTRA"", ""PILOT"", ""ROGUE""]","[""1"", ""4""]","[""E""]","[""1"", ""2"", ""3""]","[""DRIVER""]","[""NONE"", ""UNKNOWN""]","[""2072896"", ""2072908"", ""2072938""]","[""PASSENGER"", ""SPORT UTILITY VEHICLE (SUV)""]","[""PERSONAL"", ""UNKNOWN/NA""]","[""2016"", ""2017"", ""2024""]",[],[],"[""Y""]",[],[],[],"[""Y""]",[],[],[],"[""3""]",[],[],"[""Y""]",[],[],"['2', '25', '56', '62', '8']","[""DEPLOYMENT UNKNOWN"", ""DID NOT DEPLOY""]","[""TEST NOT OFFERED""]","[""CHGO"", ""CHICAGO""]","[""2025-10-03T15:30:00.000""]","[""NONE"", ""OTHER"", ""UNKNOWN""]","[""NOT OBSCURED"", ""UNKNOWN""]","[""D""]","[""IL""]","[""NONE""]",[],"[""O2174609"", ""O2174610"", ""O2174611"", ""P479774"", ""P479775"", ""P479778""]","[""DRIVER"", ""PASSENGER""]","[""NORMAL"", ""UNKNOWN""]","[""USAGE UNKNOWN""]","[""F""]","[""IL""]","[""2072896"", ""2072908"", ""2072938""]","[""60651"", ""60657""]",[],"[""3"", ""4"", ""6""]",[],[],[],[],2025,10,15,3,False,afternoon,41.93,-87.71,41.93_-87.71,30.6,2,62,OTHER,1
STRAIGHT AND LEVEL,1414,2025-10-03 15:30:00,6,15,10,A8B081D4FA110E8C00B3FBE28708C746680F959134211D32574435C9BE4ED2FCB5C1F93A4AF2BD2506D2484D7352AD4B348982F99331C0196D50A4B24DDD6CF4,INJURY AND / OR TOW DUE TO CRASH,"OVER $1,500",NO CONTROLS,SIDESWIPE SAME DIRECTION,41.9288414541,DAYLIGHT,-87.7076221644,3,30,IMPROPER OVERTAKING/PASSING,UNKNOWN,DRY,NOT APPLICABLE,W,3198,NO CONTROLS,NOT DIVIDED,CLEAR,0.0,1.0,0.0,1.0,0.0,1.0,1,1,"[""N"", ""Y""]","[""Y""]",[],"[""2025-10-03T15:30:00.000""]","[""2166189"", ""2166190"", ""2166191""]","[""FRONT-LEFT-CORNER"", ""FRONT-RIGHT-CORNER"", ""SIDE-RIGHT-REAR""]","[""IL""]","[""HONDA"", ""NISSAN"", ""UNKNOWN""]","[""CHANGING LANES"", ""STRAIGHT AHEAD""]","[""MOTORIZED"", ""OTHER (EXPLAIN IN NARRATIVE)"", ""ROGUE""]","[""1""]","[""E""]","[""1"", ""2"", ""3""]","[""DRIVER""]","[""UNKNOWN""]","[""2064899"", ""2064900"", ""2064901""]","[""PASSENGER""]","[""PERSONAL"", ""UNKNOWN/NA""]","[""2016"", ""2024""]","[""Y""]","[""Y""]","[""Y""]",[],[],[],[],"[""Y""]","[""Y""]",[],[],[],[],"[""Y""]",[],[],['62'],"[""DEPLOYMENT UNKNOWN"", ""NOT APPLICABLE""]","[""TEST NOT OFFERED""]","[""CHICAGO""]","[""2025-10-03T15:30:00.000""]","[""IMPROPER LANE CHANGE"", ""NONE""]","[""UNKNOWN""]","[""D""]","[""IL""]","[""NONE""]",[],"[""O2166189"", ""O2166190"", ""O2166191""]","[""DRIVER""]","[""UNKNOWN""]","[""USAGE UNKNOWN""]","[""F""]","[""IL""]","[""2064899"", ""2064900"", ""2064901""]","[""60657""]",[],[],[],[],[],[],2025,10,15,3,False,afternoon,41.93,-87.71,41.93_-87.71,62.0,62,62,OTHER,1
STRAIGHT AND LEVEL,414,2025-10-03 15:30:00,6,15,10,5753A99A91581461F4CEE0FC73BB432C5866D6D2642850856E3C6DF20798F1662B9097B915C632B26D5019CB0799282BFBE729AE3AF6739A6725F1334796D122,INJURY AND / OR TOW DUE TO CRASH,"OVER $1,500",NO CONTROLS,PARKED MOTOR VEHICLE,41.7485967948,DAYLIGHT,-87.5782145522,2,20,DRIVING SKILLS/KNOWLEDGE/EXPERIENCE,NO DEFECTS,DRY,EQUIPMENT - VEHICLE CONDITION,S,8039,NO CONTROLS,ONE-WAY,CLEAR,0.0,0.0,0.0,0.0,0.0,1.0,2,1,[],[],"[""Y""]","[""2025-10-03T15:30:00.000""]","[""2163635"", ""2163636""]","[""FRONT-LEFT-CORNER"", ""SIDE-RIGHT-REAR""]","[""IL""]","[""GENERAL MOTORS CORPORATION (GMC)"", ""NISSAN""]","[""PARKED"", ""STRAIGHT AHEAD""]","[""ALTIMA"", ""YUKON""]","[""0"", ""1""]","[""N""]","[""1"", ""2""]","[""DRIVER"", ""PARKED""]","[""NONE""]","[""2062502"", ""2062522""]","[""PASSENGER"", ""SPORT UTILITY VEHICLE (SUV)""]","[""NOT IN USE"", ""PERSONAL""]","[""2012"", ""2014""]","[""Y""]","[""Y""]","[""Y""]","[""UNK""]","[""Y""]",[],[],[],"[""Y""]",[],[],[],[],"[""Y""]",[],[],['82'],"[""DID NOT DEPLOY""]","[""TEST NOT OFFERED""]","[""CHICAGO""]","[""2025-10-03T15:30:00.000""]","[""OTHER""]","[""NOT OBSCURED""]","[""D""]","[""IL""]","[""NONE""]",[],"[""O2163635""]","[""DRIVER""]","[""NORMAL""]","[""SAFETY BELT USED""]","[""F""]","[""IL""]","[""2062502""]","[""60617""]",[],[],[],[],[],[],2025,10,15,3,False,afternoon,41.75,-87.58,41.75_-87.58,82.0,82,82,OTHER,0
STRAIGHT AND LEVEL,811,2025-10-03 15:30:00,6,15,10,90256D404D3FA750168A284321D88B3675F8817C2D168CBF03310D03E9CF40A825D0ADFF4693450F0958E15F96092EA73AA91254DD1E08BCE0BC0495B974E366,NO INJURY / DRIVE AWAY,"OVER $1,500",NO CONTROLS,ANGLE,41.7927581757,DAYLIGHT,-87.7892960867,2,30,FAILING TO YIELD RIGHT-OF-WAY,NO DEFECTS,DRY,NOT APPLICABLE,S,5444,NO CONTROLS,ONE-WAY,CLEAR,0.0,0.0,0.0,0.0,0.0,1.0,1,2,"[""Y""]",[],[],"[""2025-10-03T15:30:00.000""]","[""2162938"", ""2162939""]","[""FRONT-LEFT-CORNER"", ""FRONT-RIGHT-CORNER""]","[""IL""]","[""HYUNDAI"", ""TOYOTA""]","[""STRAIGHT AHEAD""]","[""HIGHLANDER"", ""TUCSON""]","[""1"", ""3""]","[""E"", ""N""]","[""1"", ""2""]","[""DRIVER""]","[""NONE""]","[""2061830"", ""2061839""]","[""PASSENGER"", ""SPORT UTILITY VEHICLE (SUV)""]","[""PERSONAL""]","[""2019"", ""2022""]",[],[],"[""Y""]",[],[],[],[],[],[],[],"[""2""]",[],[],[],[],[],"['27', '60']","[""DID NOT DEPLOY""]","[""TEST NOT OFFERED""]","[""CHICAGO"", ""OAK PARK""]","[""2025-10-03T15:30:00.000""]","[""FAILED TO YIELD"", ""NONE""]","[""NOT OBSCURED""]","[""D""]","[""IL""]","[""NONE""]",[],"[""O2162938"", ""O2162939"", ""P477307"", ""P477308""]","[""DRIVER"", ""PASSENGER""]","[""NORMAL""]","[""SAFETY BELT USED""]","[""F"", ""M""]","[""IL""]","[""2061830"", ""2061839""]","[""60304"", ""60638""]",[],"[""3"", ""5""]",[],[],[],[],2025,10,15,3,False,afternoon,41.79,-87.79,41.79_-87.79,43.5,27,60,FAILURE-TO-YIELD,0