alignment,beat_of_occurrence,crash_date,crash_day_of_week,crash_hour,crash_month,crash_record_id,crash_type,damage,device_condition,first_crash_type,latitude,lighting_condition,longitude,num_units,posted_speed_limit,prim_contributory_cause,road_defect,roadway_surface_cond,sec_contributory_cause,street_direction,street_no,traffic_control_device,trafficway_type,weather_condition,private_property_i,hit_and_run_i,intersection_related_i,crash_date_est_i,work_zone_i,workers_present_i,veh_count,ppl_count,veh_area_01_i_list_json,veh_area_02_i_list_json,veh_area_12_i_list_json,veh_crash_date_list_json,veh_crash_unit_id_list_json,veh_first_contact_point_list_json,veh_lic_plate_state_list_json,veh_make_list_json,veh_maneuver_list_json,veh_model_list_json,veh_occupant_cnt_list_json,veh_travel_direction_list_json,veh_unit_no_list_json,veh_unit_type_list_json,veh_vehicle_defect_list_json,veh_vehicle_id_list_json,veh_vehicle_type_list_json,veh_vehicle_use_list_json,veh_vehicle_year_list_json,veh_area_03_i_list_json,veh_area_04_i_list_json,veh_area_11_i_list_json,veh_towed_by_list_json,veh_towed_i_list_json,veh_area_07_i_list_json,veh_area_99_i_list_json,veh_area_09_i_list_json,veh_area_10_i_list_json,veh_cmrc_veh_i_list_json,veh_num_passengers_list_json,veh_area_08_i_list_json,veh_area_00_i_list_json,veh_area_05_i_list_json,veh_area_06_i_list_json,veh_towed_to_list_json,ppl_age_list_json,ppl_airbag_deployed_list_json,ppl_bac_result_list_json,ppl_city_list_json,ppl_crash_date_list_json,ppl_driver_action_list_json,ppl_driver_vision_list_json,ppl_drivers_license_class_list_json,ppl_drivers_license_state_list_json,ppl_ejection_list_json,ppl_hospital_list_json,ppl_person_id_list_json,ppl_person_type_list_json,ppl_physical_condition_list_json,ppl_safety_equipment_list_json,ppl_sex_list_json,ppl_state_list_json,ppl_vehicle_id_list_json,ppl_zipcode_list_json,ppl_ems_agency_list_json,ppl_seat_no_list_json,ppl_pedpedal_action_list_json,ppl_pedpedal_location_list_json,ppl_pedpedal_visibility_list_json,ppl_ems_run_no_list_json,year,month,hour,day,is_weekend,hour_bin,lat_bin,lng_bin,grid_id,ppl_age_mean,ppl_age_min,ppl_age_max,prim_contributory_cause_group,ksi_flag
STRAIGHT AND LEVEL,232,2025-10-03 15:27:00,6,15,10,8084F8BABE6A990D5B552A4E36F4ED84C3B93CC9284B6A0EADF4797D10E1F884237B05A2B065A9D02DBBD9EF5E81C1966E4E2D4E957AEC96A9F6752DB5E00A92,INJURY AND / OR TOW DUE TO CRASH,"OVER $1,500",FUNCTIONING PROPERLY,ANGLE,41.7873718465,DAYLIGHT,-87.6300902279,2,30,FAILING TO YIELD RIGHT-OF-WAY,NO DEFECTS,DRY,FAILING TO YIELD RIGHT-OF-WAY,W,160,STOP SIGN/FLASHER,NOT DIVIDED,CLEAR,0.0,0.0,0.0,1.0,0.0,1.0,1,2,"[""Y""]",[],[],"[""2025-10-03T15:27:00.000""]","[""2162968"", ""2162969""]","[""FRONT-LEFT-CORNER"", ""FRONT-RIGHT-CORNER""]","[""IL""]","[""HYUNDAI"", ""RANGE ROVER OF NORTH AMERICA""]","[""STRAIGHT AHEAD""]","[""RANGE ROVER OF NORTH AMERICA"", ""SANTA FE""]","[""1""]","[""S"", ""W""]","[""1"", ""2""]","[""DRIVER""]","[""NONE"", ""UNKNOWN""]","[""2061863"", ""2061874""]","[""SPORT UTILITY VEHICLE (SUV)""]","[""PERSONAL""]","[""2013"", ""2020""]",[],[],"[""Y""]","[""FOREVER YOUNG""]","[""Y""]",[],[],[],[],[],[],[],[],[],[],[],"['28', '36']","[""DID NOT DEPLOY""]","[""TEST NOT OFFERED""]","[""GLENWOOD"", ""MATTESON""]","[""2025-10-03T15:27:00.000""]","[""FAILED TO YIELD"", ""NONE""]","[""NOT OBSCURED"", ""OTHER""]","[""D""]","[""IL""]","[""NONE""]",[],"[""O2162968"", ""O2162969""]","[""DRIVER""]","[""NORMAL""]","[""SAFETY BELT USED""]","[""F""]","[""IL""]","[""2061863"", ""2061874""]","[""60425"", ""60443""]",[],[],[],[],[],[],2025,10,15,3,False,afternoon,41.79,-87.63,41.79_-87.63,32.0,28,36,FAILURE-TO-YIELD,0
STRAIGHT AND LEVEL,112,2025-10-03 15:20:00,6,15,10,87F9C77B48138E61C7E1C0A2F97BEE9E8AF1557EDF892584A92CD0E6A25A74B51CC612ACE95DBA71B2808D3FAE467F75D79ED0343EAB4650DC9E9377CCA3C108,NO INJURY / DRIVE AWAY,"$501 - $1,500",NO CONTROLS,OTHER OBJECT,41.8801815994,DAYLIGHT,-87.6260056749,1,30,NOT APPLICABLE,NO DEFECTS,DRY,UNABLE TO DETERMINE,S,125,NO CONTROLS,ALLEY,CLEAR,0.0,0.0,0.0,0.0,0.0,1.0,1,1,"[""Y""]","[""Y""]",[],"[""2025-10-03T15:20:00.000""]","[""2162889""]","[""SIDE-RIGHT""]","[""IL""]","[""FORD""]","[""STRAIGHT AHEAD""]","[""EXPLORER""]","[""2""]","[""N""]","[""1""]","[""DRIVER""]","[""NONE""]","[""2061787""]","[""PASSENGER""]","[""POLICE""]","[""2016""]","[""Y""]","[""Y""]",[],[],[],[],[],[],[],[],"[""1""]",[],[],"[""Y""]",[],[],['35'],"[""NOT APPLICABLE""]","[""TEST NOT OFFERED""]","[""CHICAGO""]","[""2025-10-03T15:20:00.000""]","[""OTHER""]","[""NOT OBSCURED""]","[""D""]","[""IL""]","[""NONE""]",[],"[""O2162889"", ""P477297""]","[""DRIVER"", ""PASSENGER""]","[""NORMAL""]","[""USAGE UNKNOWN""]","[""M""]","[""IL""]","[""2061787""]","[""60616""]",[],"[""3""]",[],[],[],[],2025,10,15,3,False,afternoon,41.88,-87.63,41.88_-87.63,35.0,35,35,OTHER,0
STRAIGHT AND LEVEL,632,2025-10-03 15:20:00,6,15,10,028758DC28F9FFE6AFA1B7D82D201B5CFA6D665ED6F45AC5BD62937F1268CDD14BE5971D0F4C38F23896882CF8AE07A80C585E4ED96E65131A764965BA25AB66,NO INJURY / DRIVE AWAY,$500 OR LESS,FUNCTIONING PROPERLY,REAR END,41.7366015585,DAYLIGHT,-87.6049681002,2,30,UNABLE TO DETERMINE,NO DEFECTS,DRY,NOT APPLICABLE,S,8700,TRAFFIC SIGNAL,FOUR WAY,CLEAR,0.0,1.0,1.0,0.0,0.0,1.0,1,1,[],[],[],"[""2025-10-03T15:20:00.000""]","[""2163083"", ""2163084""]","[""FRONT"", ""REAR""]","[""IL""]","[""NEW FLYER"", ""UNKNOWN""]","[""STRAIGHT AHEAD""]","[""OTHER (EXPLAIN IN NARRATIVE)""]","[""1""]","[""N""]","[""1"", ""2""]","[""DRIVER""]","[""NONE"", ""UNKNOWN""]","[""2061973"", ""2061979""]","[""BUS OVER 15 PASS."", ""UNKNOWN/NA""]","[""CTA"", ""UNKNOWN/NA""]","[""2006""]",[],[],[],[],[],[],"[""Y""]",[],[],[],[],[],[],[],[],[],['39'],"[""DEPLOYMENT UNKNOWN"", ""DID NOT DEPLOY""]","[""TEST NOT OFFERED""]","[""CHICAGO""]","[""2025-10-03T15:20:00.000""]","[""FOLLOWED TOO CLOSELY"", ""NONE""]","[""NOT OBSCURED"", ""UNKNOWN""]",[],"[""IL""]","[""NONE""]",[],"[""O2163083"", ""O2163084""]","[""DRIVER""]","[""NORMAL"", ""UNKNOWN""]","[""USAGE UNKNOWN""]","[""F"", ""X""]","[""IL""]","[""2061973"", ""2061979""]","[""60637""]",[],[],[],[],[],[],2025,10,15,3,False,afternoon,41.74,-87.6,41.74_-87.6,39.0,39,39,OTHER,0
STRAIGHT AND LEVEL,813,2025-10-03 15:20:00,6,15,10,39BBB87F372F92CD5526C369BE9E3190263920D38CBAAFD0FDAE5223453C0DEB1260EE0AF88D48AC2A61B8A3F3F15ECAC9D3D142FA9E2B36F0EDA72DACFA4E1F,NO INJURY / DRIVE AWAY,"OVER $1,500",NO CONTROLS,REAR END,41.7893293233,DAYLIGHT,-87.7416456442,2,30,FOLLOWING TOO CLOSELY,UNKNOWN,UNKNOWN,NOT APPLICABLE,S,5700,NO CONTROLS,DIVIDED - W/MEDIAN BARRIER,CLEAR,0.0,1.0,0.0,0.0,0.0,1.0,1,1,[],[],[],"[""2025-10-03T15:20:00.000""]","[""2162925"", ""2162926""]","[""FRONT"", ""REAR-LEFT-CORNER""]","[""IL""]","[""MERCEDES-BENZ"", ""TESLA""]","[""STRAIGHT AHEAD""]","[""ML500"", ""MODEL Y""]","[""1""]","[""S""]","[""1"", ""2""]","[""DRIVER""]","[""NONE""]","[""2061820"", ""2061827""]","[""SPORT UTILITY VEHICLE (SUV)""]","[""PERSONAL""]","[""2003"", ""2024""]",[],[],[],[],[],"[""Y""]","[""Y""]",[],[],[],[],[],[],[],[],[],['27'],"[""DEPLOYMENT UNKNOWN"", ""DID NOT DEPLOY""]","[""TEST NOT OFFERED""]","[""CHICAGO""]","[""2025-10-03T15:20:00.000""]","[""NONE""]","[""NOT OBSCURED"", ""UNKNOWN""]",[],"[""IL""]","[""NONE""]",[],"[""O2162925"", ""O2162926""]","[""DRIVER""]","[""NORMAL"", ""UNKNOWN""]","[""SAFETY BELT USED"", ""USAGE UNKNOWN""]","[""M""]","[""IL""]","[""2061820"", ""2061827""]","[""60632""]",[],[],[],[],[],[],2025,10,15,3,False,afternoon,41.79,-87.74,41.79_-87.74,27.0,27,27,FOLLOWING TOO CLOSELY,0
STRAIGHT AND LEVEL,724,2025-10-03 15:20:00,6,15,10,93D35A64DDECCA5173F45B84764E7CED847A2E0794C633412CD39A39126264A2995C152A53126B85205F76EC3ADEAD18011FDF575C930675EEFF0937E1F28CF3,NO INJURY / DRIVE AWAY,"$501 - $1,500",NO CONTROLS,PARKED MOTOR VEHICLE,41.7778738985,DAYLIGHT,-87.656320261,2,30,EQUIPMENT - VEHICLE CONDITION,NO DEFECTS,DRY,UNABLE TO DETERMINE,W,1246,NO CONTROLS,NOT DIVIDED,CLEAR,0.0,0.0,0.0,0.0,0.0,1.0,2,0,"[""Y""]","[""Y""]","[""Y""]","[""2025-10-03T15:20:00.000""]","[""2162906"", ""2162907""]","[""FRONT-RIGHT-CORNER""]","[""IL""]","[""CHEVROLET"", ""JEEP""]","[""PARKED"", ""UNKNOWN/NA""]","[""GRAND CHEROKEE"", ""MALIBU""]","[""0""]","[""E"", ""W""]","[""1"", ""2""]","[""DRIVERLESS"", ""PARKED""]","[""NONE"", ""UNKNOWN""]","[""2061797"", ""2061814""]","[""PASSENGER""]","[""PERSONAL""]","[""2004"", ""2022""]",[],[],[],[],[],[],[],[],[],[],[],[],[],[],[],[],[],"[""DID NOT DEPLOY""]","[""TEST NOT OFFERED""]","[""CHICAGO""]","[""2025-10-07T08:00:00.000""]","[""UNKNOWN""]","[""UNKNOWN""]","[""D""]","[""IL""]","[""NONE""]",[],"[""O2161905"", ""O2161906""]","[""DRIVER""]","[""NORMAL""]","[""USAGE UNKNOWN""]","[""F"", ""M""]","[""IL""]",[],[],[],[],[],[],[],[],2025,10,15,3,False,afternoon,41.78,-87.66,41.78_-87.66,0.0,0,0,OTHER,0
STRAIGHT AND LEVEL,1631,2025-10-03 15:20:00,6,15,10,C597376ECAC96E184702A67F1BACBEACEFE2EBAD5C36225F4555D5E1AF29D17C5D2D3D2875FB57864C4DB39AA4A966A5DF01AC5AC8B8106224CEF9CABC572E22,NO INJURY / DRIVE AWAY,"OVER $1,500",NO CONTROLS,PARKED MOTOR VEHICLE,41.9389859689,DAYLIGHT,-87.8069290648,2,10,UNABLE TO DETERMINE,UNKNOWN,DRY,NOT APPLICABLE,N,3232,NO CONTROLS,PARKING LOT,CLEAR,1.0,0.0,0.0,0.0,0.0,1.0,2,1,[],[],[],"[""2025-10-03T15:20:00.000""]","[""2162900"", ""2162901""]","[""REAR"", ""SIDE-RIGHT-REAR""]","[""IL""]","[""CHEVROLET"", ""TOYOTA""]","[""BACKING"", ""PARKED""]","[""RAV4"", ""TAHOE""]","[""0"", ""1""]","[""UNKNOWN""]","[""1"", ""2""]","[""DRIVER"", ""PARKED""]","[""UNKNOWN""]","[""2061799"", ""2061807""]","[""SPORT UTILITY VEHICLE (SUV)""]","[""NOT IN USE"", ""OTHER""]","[""2016"", ""2021""]",[],[],[],[],[],[],"[""Y""]",[],[],[],[],[],[],"[""Y""]",[],[],['43'],"[""NOT APPLICABLE""]","[""TEST NOT OFFERED""]","[""ELMWOOD PARK""]","[""2025-10-03T15:20:00.000""]","[""OTHER""]","[""UNKNOWN""]","[""D""]","[""IL""]","[""NONE""]",[],"[""O2162900""]","[""DRIVER""]","[""UNKNOWN""]","[""USAGE UNKNOWN""]","[""M""]","[""IL""]","[""2061799""]","[""60707""]",[],[],[],[],[],[],2025,10,15,3,False,afternoon,41.94,-87.81,41.94_-87.81,43.0,43,43,OTHER,0
STRAIGHT AND LEVEL,1612,2025-10-03 15:20:00,6,15,10,9DD382D767768E39D22C1AF1D3B6AE809D3C2888E63146AA43F9FDF670E3D11FEF8E1D93F71EE4B7EE4BD515F95472C3918200159A6CED54FBD7F574A8D7C2C7,NO INJURY / DRIVE AWAY,$500 OR LESS,NO CONTROLS,REAR END,41.9845813006,DAYLIGHT,-87.8067789236,2,30,UNABLE TO DETERMINE,NO DEFECTS,DRY,UNABLE TO DETERMINE,N,5691,NO CONTROLS,DIVIDED - W/MEDIAN BARRIER,CLEAR,0.0,0.0,0.0,0.0,0.0,1.0,1,1,[],[],"[""Y""]","[""2025-10-03T15:20:00.000""]","[""2162917"", ""2162918""]","[""FRONT"", ""REAR""]","[""IL""]","[""FORD"", ""UNKNOWN""]","[""STRAIGHT AHEAD"", ""UNKNOWN/NA""]","[""ENGINE"", ""F150""]","[""1""]","[""S""]","[""1"", ""2""]","[""DRIVER""]","[""NONE""]","[""2061808"", ""2061817""]","[""PASSENGER"", ""PICKUP""]","[""PERSONAL"", ""UNKNOWN/NA""]","[""2016""]",[],[],[],[],[],[],[],[],[],[],[],[],[],[],"[""Y""]",[],['17'],"[""DEPLOYMENT UNKNOWN"", ""NOT APPLICABLE""]","[""TEST NOT OFFERED""]","[""CHICAGO""]","[""2025-10-03T15:20:00.000""]","[""FAILED TO YIELD"", ""NONE""]","[""NOT OBSCURED"", ""UNKNOWN""]","[""D""]","[""IL""]","[""NONE""]",[],"[""O2162917"", ""O2162918""]","[""DRIVER""]","[""NORMAL"", ""UNKNOWN""]","[""SAFETY BELT USED"", ""USAGE UNKNOWN""]","[""M""]","[""IL""]","[""2061808"", ""2061817""]","[""60631""]",[],[],[],[],[],[],2025,10,15,3,False,afternoon,41.98,-87.81,41.98_-87.81,17.0,17,17,OTHER,0
STRAIGHT AND LEVEL,815,2025-10-03 15:19:00,6,15,10,A95DFD29188ED4DDDA92E9A8604D49E4D9C1CF42DAAADCA4DEAD99C665AF27CF057AFE928E65DEA5742656D1313EC12BD2B43CC7EC7AF4852A0E820935E3365B,NO INJURY / DRIVE AWAY,"$501 - $1,500",NO CONTROLS,TURNING,41.798505044,DAYLIGHT,-87.7234587371,2,30,FAILING TO YIELD RIGHT-OF-WAY,NO DEFECTS,DRY,NOT APPLICABLE,S,5200,NO CONTROLS,NOT DIVIDED,CLEAR,0.0,0.0,0.0,0.0,0.0,1.0,1,2,"[""Y""]","[""Y""]","[""Y""]","[""2025-10-03T15:19:00.000""]","[""2163053"", ""2163054""]","[""FRONT-RIGHT-CORNER"", ""SIDE-LEFT-FRONT""]","[""IL""]","[""KENWORTH MOTOR TRUCK COMPANY"", ""NISSAN""]","[""STRAIGHT AHEAD"", ""TURNING RIGHT""]","[""ALTIMA"", ""KENWORTH MOTOR TRUCK CO.""]","[""1""]","[""N"", ""NW""]","[""1"", ""2""]","[""DRIVER""]","[""NONE""]","[""2061942"", ""2061943""]","[""PASSENGER"", ""TRUCK - SINGLE UNIT""]","[""CONSTRUCTION/MAINTENANCE"", ""PERSONAL""]","[""1997"", ""2021""]",[],[],"[""Y""]",[],[],[],[],[],"[""Y""]",[],[],[],[],[],[],[],"['22', '37']","[""NOT APPLICABLE""]","[""TEST NOT OFFERED""]","[""CHICAGO""]","[""2025-10-03T15:19:00.000""]","[""FAILED TO YIELD"", ""NONE""]","[""NOT OBSCURED""]","[""D""]","[""IL""]","[""NONE""]",[],"[""O2163053"", ""O2163054""]","[""DRIVER""]","[""NORMAL""]","[""SAFETY BELT USED""]","[""F"", ""M""]","[""IL""]","[""2061942"", ""2061943""]","[""60617"", ""60629""]",[],[],[],[],[],[],2025,10,15,3,False,afternoon,41.8,-87.72,41.8_-87.72,29.5,22,37,FAILURE-TO-YIELD,0
STRAIGHT AND LEVEL,222,2025-10-03 15:18:00,6,15,10,B67D9E4C6C4FA184606A799EF75D09F1F3BAF48D02F4E55491E63A6D4BE48F6777FCE5B800AB07622590175BFF97AD52B899A0A644605B421D33D3FDAFC96E82,NO INJURY / DRIVE AWAY,"OVER $1,500",NO CONTROLS,PARKED MOTOR VEHICLE,41.8078759014,DAYLIGHT,-87.6021721548,2,25,UNABLE TO DETERMINE,NO DEFECTS,DRY,UNABLE TO DETERMINE,E,940,NO CONTROLS,NOT DIVIDED,CLEAR,0.0,1.0,0.0,1.0,0.0,1.0,2,0,[],[],[],"[""2025-10-03T15:18:00.000""]","[""2182705"", ""2182706""]","[""FRONT-LEFT-CORNER"", ""UNKNOWN""]","[""NY""]","[""TOYOTA"", ""UNKNOWN""]","[""PARKED"", ""UNKNOWN/NA""]","[""OTHER (EXPLAIN IN NARRATIVE)"", ""RAV4""]","[""0"", ""1""]","[""UNKNOWN""]","[""1"", ""2""]","[""DRIVER"", ""PARKED""]","[""NONE"", ""UNKNOWN""]","[""2080593"", ""2080594""]","[""PASSENGER"", ""UNKNOWN/NA""]","[""NOT IN USE"", ""UNKNOWN/NA""]","[""2021""]",[],[],"[""Y""]",[],[],[],"[""Y""]",[],"[""Y""]",[],[],[],[],[],[],[],[],"[""DEPLOYMENT UNKNOWN""]","[""TEST NOT OFFERED""]",[],"[""2025-10-03T15:18:00.000""]","[""UNKNOWN""]","[""UNKNOWN""]",[],[],"[""UNKNOWN""]",[],"[""O2182705""]","[""DRIVER""]","[""UNKNOWN""]","[""USAGE UNKNOWN""]","[""X""]",[],"[""2080593""]",[],[],[],[],[],[],[],2025,10,15,3,False,afternoon,41.81,-87.6,41.81_-87.6,0.0,0,0,OTHER,0
STRAIGHT AND LEVEL,624,2025-10-03 15:16:00,6,15,10,43DCFE0266827876533BD45D04B6E11DFEFEC891177C68B597DC8DF579D1C22CD9F0A42C2B9C9D49702003C5FAFBE9B26113647D6A1F88A11B3E4A1D5A3D9D51,NO INJURY / DRIVE AWAY,"OVER $1,500",FUNCTIONING PROPERLY,ANGLE,41.7566928609,DAYLIGHT,-87.6030348822,2,30,FAILING TO YIELD RIGHT-OF-WAY,NO DEFECTS,DRY,FAILING TO YIELD RIGHT-OF-WAY,S,7600,STOP SIGN/FLASHER,T-INTERSECTION,CLEAR,0.0,0.0,1.0,0.0,0.0,1.0,1,3,"[""Y""]","[""Y""]","[""Y""]","[""2025-10-03T15:16:00.000""]","[""2162978"", ""2162979""]","[""FRONT-LEFT-CORNER"", ""FRONT-RIGHT-CORNER""]","[""IL""]","[""HONDA"", ""NISSAN""]","[""STRAIGHT AHEAD""]","[""ALTIMA"", ""CIVIC""]","[""1"", ""2""]","[""E"", ""S""]","[""1"", ""2""]","[""DRIVER""]","[""UNKNOWN""]","[""2061879"", ""2061896""]","[""PASSENGER""]","[""PERSONAL""]","[""2014"", ""2025""]",[],[],"[""Y""]",[],[],[],[],[],"[""Y""]",[],"[""1""]",[],[],[],[],[],"['0', '24', '26']","[""NOT APPLICABLE""]","[""TEST NOT OFFERED""]","[""CHICAGO""]","[""2025-10-03T15:16:00.000""]","[""FAILED TO YIELD"", ""NONE""]","[""UNKNOWN""]","[""D""]","[""IL""]","[""NONE""]",[],"[""O2162978"", ""O2162979"", ""P477323""]","[""DRIVER"", ""PASSENGER""]","[""NORMAL"", ""UNKNOWN""]","[""USAGE UNKNOWN""]","[""F"", ""M""]","[""IL""]","[""2061879"", ""2061896""]","[""60620"", ""60632""]",[],"[""3""]",[],[],[],[],2025,10,15,3,False,afternoon,41.76,-87.6,41.76_-87.6,16.666666666666668,0,26,FAILURE-TO-YIELD,0
STRAIGHT AND LEVEL,1622,2025-10-03 15:15:00,6,15,10,91322D197E1FC225444941210618CD1F4DBB883F610914920F8B96AED53FFAEFEBB07340AE4FDA382927DA813D4E0F970DB633F90D5ED28D123136D553241177,NO INJURY / DRIVE AWAY,"OVER $1,500",NO CONTROLS,REAR END,41.9654074741,DAYLIGHT,-87.7770355594,2,30,FOLLOWING TOO CLOSELY,NO DEFECTS,DRY,FAILING TO REDUCE SPEED TO AVOID CRASH,N,4647,NO CONTROLS,NOT DIVIDED,CLEAR,0.0,0.0,0.0,0.0,0.0,1.0,1,3,[],[],"[""Y""]","[""2025-10-03T15:15:00.000""]","[""2163087"", ""2163088""]","[""FRONT"", ""REAR""]","[""IL""]","[""NISSAN"", ""SUBARU""]","[""STRAIGHT AHEAD""]","[""FORESTER"", ""PATHFINDER""]","[""1"", ""2""]","[""N""]","[""1"", ""2""]","[""DRIVER""]","[""NONE"", ""UNKNOWN""]","[""2061983"", ""2061994""]","[""PASSENGER"", ""SPORT UTILITY VEHICLE (SUV)""]","[""PERSONAL""]","[""2012"", ""2023""]",[],[],[],[],[],[],[],[],[],[],"[""1""]",[],[],[],"[""Y""]",[],"['16', '17', '50']","[""DID NOT DEPLOY""]","[""TEST NOT OFFERED""]","[""CHICAGO""]","[""2025-10-03T15:15:00.000""]","[""FAILED TO YIELD"", ""NONE""]","[""NOT OBSCURED"", ""UNKNOWN""]","[""D""]","[""IL""]","[""NONE""]",[],"[""O2163087"", ""O2163088"", ""P477352""]","[""DRIVER"", ""PASSENGER""]","[""NORMAL"", ""UNKNOWN""]","[""SAFETY BELT USED""]","[""F"", ""M""]","[""IL""]","[""2061983"", ""2061994""]","[""60646"", ""60656""]",[],"[""3""]",[],[],[],[],2025,10,15,3,False,afternoon,41.97,-87.78,41.97_-87.78,27.666666666666668,16,50,FOLLOWING TOO CLOSELY,0
STRAIGHT AND LEVEL,1811,2025-10-03 15:10:00,6,15,10,4396BA9EAC5B08001BDBE80E25C465B7B811A13B1684E428668B192514762ECBFFE92DAA9A09AE892FF36971EE2B9F31A12A404DCF738871B2CB6A21FE655887,NO INJURY / DRIVE AWAY,$500 OR LESS,NO CONTROLS,REAR END,41.9165502983,DAYLIGHT,-87.6571654807,2,10,IMPROPER BACKING,UNKNOWN,DRY,UNABLE TO DETERMINE,N,1953,NO CONTROLS,PARKING LOT,CLEAR,1.0,0.0,0.0,0.0,0.0,1.0,1,1,[],[],[],"[""2025-10-03T15:10:00.000""]","[""2162991"", ""2162992""]","[""REAR-LEFT-CORNER"", ""UNKNOWN""]","[""IL""]","[""HYUNDAI"", ""LEXUS""]","[""BACKING""]","[""RX350"", ""TUCSON""]","[""1""]","[""UNKNOWN""]","[""1"", ""2""]","[""DRIVER""]","[""UNKNOWN""]","[""2061886"", ""2061901""]","[""SPORT UTILITY VEHICLE (SUV)""]","[""PERSONAL"", ""UNKNOWN/NA""]","[""2010"", ""2022""]",[],[],[],[],[],"[""Y""]","[""Y""]",[],[],[],[],[],[],[],[],[],['30'],"[""DEPLOYMENT UNKNOWN"", ""NOT APPLICABLE""]","[""TEST NOT OFFERED""]","[""CHICAGO""]","[""2025-10-03T15:10:00.000""]","[""IMPROPER BACKING"", ""NONE""]","[""NOT OBSCURED"", ""UNKNOWN""]","[""D""]","[""IL""]","[""UNKNOWN""]",[],"[""O2162991"", ""O2162992""]","[""DRIVER""]","[""NORMAL"", ""UNKNOWN""]","[""USAGE UNKNOWN""]","[""F"", ""M""]","[""IL""]","[""2061886"", ""2061901""]","[""60657""]",[],[],[],[],[],[],2025,10,15,3,False,afternoon,41.92,-87.66,41.92_-87.66,30.0,30,30,OTHER,0
STRAIGHT AND LEVEL,935,2025-10-03 15:10:00,6,15,10,026903158C4C2832DD460B74374F52960B75284F2D207F368EFBA4D9104A328C143F59639BE30280BDE927E5E2EF076724740B9B55631A62FCD6694DA42A5B27,NO INJURY / DRIVE AWAY,"OVER $1,500",NO CONTROLS,REAR END,41.8017556968,DAYLIGHT,-87.6419403937,2,30,FOLLOWING TOO CLOSELY,NO DEFECTS,DRY,NOT APPLICABLE,W,632,NO CONTROLS,NOT DIVIDED,CLEAR,0.0,0.0,0.0,0.0,0.0,1.0,1,2,[],[],"[""Y""]","[""2025-10-03T15:10:00.000""]","[""2162904"", ""2162905""]","[""FRONT"", ""OTHER""]","[""IL""]","[""DODGE""]","[""STRAIGHT AHEAD""]","[""CHARGER"", ""RAM 1500 PU""]","[""1""]","[""E""]","[""1"", ""2""]","[""DRIVER""]","[""UNKNOWN""]","[""2061802"", ""2061811""]","[""PASSENGER"", ""PICKUP""]","[""PERSONAL""]","[""2006"", ""2019""]",[],[],[],[],[],[],[],[],[],[],[],[],"[""Y""]",[],[],[],"['25', '46']","[""DID NOT DEPLOY""]","[""TEST NOT OFFERED""]","[""CHICAGO""]","[""2025-10-03T15:10:00.000""]","[""FOLLOWED TOO CLOSELY"", ""NONE""]","[""UNKNOWN""]","[""D""]","[""IL""]","[""NONE""]",[],"[""O2162904"", ""O2162905""]","[""DRIVER""]","[""NORMAL""]","[""USAGE UNKNOWN""]","[""M""]","[""IL""]","[""2061802"", ""2061811""]","[""60609""]",[],[],[],[],[],[],2025,10,15,3,False,afternoon,41.8,-87.64,41.8_-87.64,35.5,25,46,FOLLOWING TOO CLOSELY,0
STRAIGHT AND LEVEL,1213,2025-10-03 15:05:00,6,15,10,8E70D145FCF91A40CD66EED27C4B6F2438024D854D89B20A41D0FDEC066BE63D3784E979B79FFBC6AE7A166599EAAA1787C48789F8E5270ED3F27D120FDD7FD6,NO INJURY / DRIVE AWAY,"OVER $1,500",NO CONTROLS,PEDALCYCLIST,41.8976050687,DAYLIGHT,-87.6574079485,2,30,FAILING TO YIELD RIGHT-OF-WAY,NO DEFECTS,DRY,FAILING TO YIELD RIGHT-OF-WAY,N,899,NO CONTROLS,NOT DIVIDED,CLEAR,0.0,0.0,1.0,0.0,0.0,1.0,2,2,"[""Y""]",[],[],"[""2025-10-03T15:05:00.000""]","[""2162908"", ""2162909""]","[""FRONT-RIGHT-CORNER""]","[""IN""]","[""HONDA""]","[""TURNING RIGHT""]","[""ACCORD""]","[""1""]","[""N""]","[""1"", ""2""]","[""BICYCLE"", ""DRIVER""]","[""UNKNOWN""]","[""2061806""]","[""PASSENGER""]","[""PERSONAL""]","[""2020""]",[],[],[],[],[],[],[],[],[],[],[],[],[],[],[],[],"['28', '33']","[""NOT APPLICABLE""]","[""TEST NOT OFFERED""]","[""CHICAGO"", ""HOBART""]","[""2025-10-03T15:05:00.000""]","[""FAILED TO YIELD"", ""NONE""]","[""NOT OBSCURED""]","[""B""]","[""IN""]","[""NONE""]","[""REFUSED""]","[""O2162908"", ""O2162909""]","[""BICYCLE"", ""DRIVER""]","[""NORMAL""]","[""BICYCLE HELMET (PEDACYCLIST INVOLVED ONLY)"", ""USAGE UNKNOWN""]","[""F""]","[""IL"", ""IN""]","[""2061806""]","[""46342"", ""60622""]","[""N/A""]",[],"[""CROSSING - NO CONTROLS (AT INTERSECTION)""]","[""BIKE LANE""]","[""OTHER LIGHT SOURCE USED""]",[],2025,10,15,3,False,afternoon,41.9,-87.66,41.9_-87.66,30.5,28,33,FAILURE-TO-YIELD,0