alignment,beat_of_occurrence,crash_date,crash_day_of_week,crash_hour,crash_month,crash_record_id,crash_type,damage,device_condition,first_crash_type,latitude,lighting_condition,longitude,num_units,posted_speed_limit,prim_contributory_cause,road_defect,roadway_surface_cond,sec_contributory_cause,street_direction,street_no,traffic_control_device,trafficway_type,weather_condition,private_property_i,hit_and_run_i,intersection_related_i,crash_date_est_i,work_zone_i,workers_present_i,veh_count,ppl_count,veh_area_01_i_list_json,veh_area_02_i_list_json,veh_area_12_i_list_json,veh_crash_date_list_json,veh_crash_unit_id_list_json,veh_first_contact_point_list_json,veh_lic_plate_state_list_json,veh_make_list_json,veh_maneuver_list_json,veh_model_list_json,veh_occupant_cnt_list_json,veh_travel_direction_list_json,veh_unit_no_list_json,veh_unit_type_list_json,veh_vehicle_defect_list_json,veh_vehicle_id_list_json,veh_vehicle_type_list_json,veh_vehicle_use_list_json,veh_vehicle_year_list_json,veh_area_03_i_list_json,veh_area_04_i_list_json,veh_area_11_i_list_json,veh_towed_by_list_json,veh_towed_i_list_json,veh_area_07_i_list_json,veh_area_99_i_list_json,veh_area_09_i_list_json,veh_area_10_i_list_json,veh_cmrc_veh_i_list_json,veh_num_passengers_list_json,veh_area_08_i_list_json,veh_area_00_i_list_json,veh_area_05_i_list_json,veh_area_06_i_list_json,veh_towed_to_list_json,ppl_age_list_json,ppl_airbag_deployed_list_json,ppl_bac_result_list_json,ppl_city_list_json,ppl_crash_date_list_json,ppl_driver_action_list_json,ppl_driver_vision_list_json,ppl_drivers_license_class_list_json,ppl_drivers_license_state_list_json,ppl_ejection_list_json,ppl_hospital_list_json,ppl_person_id_list_json,ppl_person_type_list_json,ppl_physical_condition_list_json,ppl_safety_equipment_list_json,ppl_sex_list_json,ppl_state_list_json,ppl_vehicle_id_list_json,ppl_zipcode_list_json,ppl_ems_agency_list_json,ppl_seat_no_list_json,ppl_pedpedal_action_list_json,ppl_pedpedal_location_list_json,ppl_pedpedal_visibility_list_json,ppl_ems_run_no_list_json,year,month,hour,day,is_weekend,hour_bin,lat_bin,lng_bin,grid_id,ppl_age_mean,ppl_age_min,ppl_age_max,prim_contributory_cause_group,ksi_flag
STRAIGHT AND LEVEL,2522,2025-10-03 13:55:00,6,13,10,242E74277A111627781E3E764E069576E57EE28749006BFDFE84C78983C95FDDF5C299E5050F34D53571CF0A2FA0B2AEFFDF4386BCEDDC6D7D15C08595976A5E,NO INJURY / DRIVE AWAY,"OVER $1,500",NO CONTROLS,ANGLE,41.9240787189,DAYLIGHT,-87.7461495693,2,30,UNABLE TO DETERMINE,UNKNOWN,DRY,NOT APPLICABLE,N,2355,NO CONTROLS,DIVIDED - W/MEDIAN (NOT RAISED),CLEAR,0.0,0.0,0.0,0.0,0.0,1.0,1,2,"[""Y""]",[],"[""Y""]","[""2025-10-03T13:55:00.000""]","[""2162845"", ""2162846""]","[""FRONT-LEFT-CORNER"", ""FRONT-RIGHT-CORNER""]","[""IL""]","[""HONDA"", ""TOYOTA""]","[""ENTERING TRAFFIC LANE FROM PARKING"", ""OTHER""]","[""CIVIC"", ""RAV4""]","[""1""]","[""N"", ""NE""]","[""1"", ""2""]","[""DRIVER""]","[""UNKNOWN""]","[""2061748"", ""2061756""]","[""PASSENGER"", ""SPORT UTILITY VEHICLE (SUV)""]","[""OTHER"", ""PERSONAL""]","[""2022"", ""2023""]",[],[],"[""Y""]",[],[],[],[],[],[],[],[],[],[],[],[],[],"['28', '41']","[""NOT APPLICABLE""]","[""TEST NOT OFFERED""]","[""CHICAGO""]","[""2025-10-03T13:55:00.000""]","[""OTHER""]","[""UNKNOWN""]","[""D""]","[""IL""]","[""NONE""]",[],"[""O2162845"", ""O2162846""]","[""DRIVER""]","[""NORMAL""]","[""USAGE UNKNOWN""]","[""F"", ""M""]","[""IL""]","[""2061748"", ""2061756""]","[""60639"", ""60641""]",[],[],[],[],[],[],2025,10,13,3,False,afternoon,41.92,-87.75,41.92_-87.75,34.5,28,41,OTHER,0
STRAIGHT AND LEVEL,722,2025-10-03 13:52:00,6,13,10,B28FED722405CA6805F1B14A5B99AD6D075F34DB53C5EBEDAC764486C68C68416D3D86C56B358E2A651A79D404FF999561E5BB53365D03775DD666A4B2105CDC,INJURY AND / OR TOW DUE TO CRASH,"OVER $1,500",NO CONTROLS,REAR END,41.7693973002,DAYLIGHT,-87.6297211221,3,30,UNABLE TO DETERMINE,NO DEFECTS,DRY,UNABLE TO DETERMINE,S,6851,NO CONTROLS,DIVIDED - W/MEDIAN BARRIER,CLEAR,0.0,0.0,0.0,0.0,0.0,1.0,1,4,"[""Y""]","[""Y""]","[""Y""]","[""2025-10-03T13:52:00.000""]","[""2162842"", ""2162843"", ""2162844""]","[""FRONT-RIGHT-CORNER"", ""REAR-LEFT-CORNER"", ""SIDE-RIGHT-REAR""]","[""IL"", ""NY""]","[""BUICK"", ""CHEVROLET"", ""NISSAN""]","[""CHANGING LANES"", ""STRAIGHT AHEAD""]","[""ENCORE"", ""OTHER (EXPLAIN IN NARRATIVE)"", ""ROGUE""]","[""2""]","[""N""]","[""1"", ""2"", ""3""]","[""DRIVER""]","[""UNKNOWN""]","[""2061747"", ""2061755"", ""2061764""]","[""SPORT UTILITY VEHICLE (SUV)""]","[""PERSONAL""]","[""2015"", ""2024"", ""2026""]",[],"[""Y""]","[""Y""]","[""Private""]","[""Y""]","[""Y""]",[],[],"[""Y""]",[],"[""1""]","[""Y""]",[],"[""Y""]","[""Y""]","[""unknown""]","['25', '47', '48', '8']","[""NOT APPLICABLE""]","[""TEST NOT OFFERED""]","[""CHICAGO""]","[""2025-10-03T13:52:00.000""]","[""FAILED TO YIELD"", ""UNKNOWN""]","[""NOT OBSCURED"", ""UNKNOWN""]","[""D""]","[""IL""]","[""NONE""]","[""ST. BERNARD""]","[""O2162842"", ""O2162843"", ""O2162844"", ""P477289"", ""P477291"", ""P477292""]","[""DRIVER"", ""PASSENGER""]","[""EMOTIONAL"", ""NORMAL""]","[""USAGE UNKNOWN""]","[""F"", ""M""]","[""IL""]","[""2061747"", ""2061755"", ""2061764""]","[""60620"", ""60628"", ""60653""]","[""CFD EMS #14""]","[""3""]",[],[],[],[],2025,10,13,3,False,afternoon,41.77,-87.63,41.77_-87.63,32.0,8,48,OTHER,1
STRAIGHT AND LEVEL,2233,2025-10-03 13:30:00,6,13,10,317525B041E6C6ED5678EB6C76B882866E630E17B43EBD15F67822FB50732B8163FBA2004805DC3B2504BE55EF959BA85FB311DC509945294191791A99414B12,INJURY AND / OR TOW DUE TO CRASH,"OVER $1,500",FUNCTIONING PROPERLY,ANGLE,41.6922631234,DAYLIGHT,-87.6425226876,2,30,UNABLE TO DETERMINE,NO DEFECTS,DRY,UNABLE TO DETERMINE,S,11100,TRAFFIC SIGNAL,DIVIDED - W/MEDIAN BARRIER,CLEAR,0.0,0.0,1.0,0.0,0.0,1.0,1,2,[],[],"[""Y""]","[""2025-10-03T13:30:00.000""]","[""2188879"", ""2188880""]","[""FRONT"", ""SIDE-LEFT-FRONT""]","[""IL""]","[""NISSAN""]","[""STRAIGHT AHEAD""]","[""NV CARGO"", ""SENTRA""]","[""1"", ""2""]","[""S"", ""W""]","[""1"", ""2""]","[""DRIVER""]","[""UNKNOWN""]","[""2086324"", ""2086325""]","[""PASSENGER"", ""VAN/MINI-VAN""]","[""PERSONAL""]","[""2021"", ""2024""]",[],[],"[""Y""]","[""unk""]","[""Y""]",[],[],"[""Y""]","[""Y""]",[],"[""1""]",[],[],[],[],"[""unk""]","['26', '38']","[""DEPLOYED, FRONT""]","[""TEST NOT OFFERED""]","[""PALATINE"", ""RIVERDALE""]","[""2025-10-03T13:30:00.000""]","[""UNKNOWN""]","[""UNKNOWN""]","[""D""]","[""IL""]","[""NONE""]","[""LITTLE COMPANY""]","[""O2188879"", ""O2188880"", ""P482737""]","[""DRIVER"", ""PASSENGER""]","[""NORMAL"", ""UNKNOWN""]","[""SAFETY BELT USED""]","[""F"", ""M""]","[""IL""]","[""2086324"", ""2086325""]","[""60074"", ""60827""]","[""CFD""]","[""2""]",[],[],[],"[""76""]",2025,10,13,3,False,afternoon,41.69,-87.64,41.69_-87.64,32.0,26,38,OTHER,1
STRAIGHT AND LEVEL,1014,2025-10-03 13:30:00,6,13,10,B5EDD649B67AA2C38525F1AB0A923FB60DB55BBA9E9EDCC700DB5120AC19001289581C36C967723222AE26033196D3B6C758757E3A3B2DC65D35829039A1373D,INJURY AND / OR TOW DUE TO CRASH,"OVER $1,500",NO CONTROLS,PARKED MOTOR VEHICLE,41.855841225,DAYLIGHT,-87.717735348,2,30,UNABLE TO DETERMINE,NO DEFECTS,DRY,UNABLE TO DETERMINE,S,1842,NO CONTROLS,ONE-WAY,CLEAR,0.0,1.0,0.0,1.0,0.0,1.0,2,0,[],[],[],"[""2025-10-03T13:30:00.000""]","[""2162919"", ""2162920""]","[""REAR-LEFT-CORNER"", ""UNKNOWN""]","[""IL""]","[""TESLA"", ""UNKNOWN""]","[""PARKED"", ""UNKNOWN/NA""]","[""MODEL 3"", ""MOTORIZED""]","[""0"", ""1""]","[""S"", ""UNKNOWN""]","[""1"", ""2""]","[""DRIVER"", ""PARKED""]","[""UNKNOWN""]","[""2061809"", ""2061816""]","[""PASSENGER"", ""UNKNOWN/NA""]","[""NOT IN USE"", ""UNKNOWN/NA""]","[""2023""]",[],[],[],"[""PRIVATE""]","[""Y""]","[""Y""]",[],[],[],[],[],[],[],[],[],"[""UNK""]",[],"[""DEPLOYMENT UNKNOWN""]","[""TEST NOT OFFERED""]",[],"[""2025-10-03T13:30:00.000""]","[""UNKNOWN""]","[""UNKNOWN""]",[],[],"[""NONE""]",[],"[""O2162919""]","[""DRIVER""]","[""UNKNOWN""]","[""USAGE UNKNOWN""]","[""X""]",[],"[""2061809""]",[],[],[],[],[],[],[],2025,10,13,3,False,afternoon,41.86,-87.72,41.86_-87.72,0.0,0,0,OTHER,0
STRAIGHT AND LEVEL,813,2025-10-03 13:30:00,6,13,10,F9BFBF31AF51468C8C6A8CDABDEC4698300079FD56206995D7464D079EBBAE562B6651049115CE2A506302B6119E9622B5DB8ADF30C33737478D277B7E88E14D,NO INJURY / DRIVE AWAY,"OVER $1,500",NO CONTROLS,SIDESWIPE SAME DIRECTION,41.7785478711,DAYLIGHT,-87.7228193118,2,30,DRIVING SKILLS/KNOWLEDGE/EXPERIENCE,UNKNOWN,UNKNOWN,NOT APPLICABLE,W,4001,NO CONTROLS,NOT DIVIDED,CLEAR,0.0,1.0,0.0,0.0,0.0,1.0,1,1,"[""Y""]",[],[],"[""2025-10-03T13:30:00.000""]","[""2162892"", ""2162893""]","[""SIDE-LEFT-FRONT"", ""UNKNOWN""]","[""IL""]","[""CHEVROLET"", ""UNKNOWN""]","[""PASSING/OVERTAKING"", ""SLOW/STOP IN TRAFFIC""]","[""OTHER (EXPLAIN IN NARRATIVE)"", ""TRAIL BLAZER""]","[""1"", ""2""]","[""E""]","[""1"", ""2""]","[""DRIVER""]","[""NONE""]","[""2061789"", ""2061793""]","[""PASSENGER"", ""SPORT UTILITY VEHICLE (SUV)""]","[""PERSONAL""]","[""2006""]",[],[],[],[],[],[],"[""Y""]",[],[],[],"[""1""]",[],[],[],[],[],['20'],"[""DEPLOYMENT UNKNOWN"", ""DID NOT DEPLOY""]","[""TEST NOT OFFERED""]","[""CHICAGO""]","[""2025-10-03T13:30:00.000""]","[""IMPROPER PASSING"", ""NONE""]","[""NOT OBSCURED"", ""UNKNOWN""]",[],"[""IL""]","[""NONE"", ""UNKNOWN""]",[],"[""O2162892"", ""O2162893"", ""P477298""]","[""DRIVER"", ""PASSENGER""]","[""NORMAL"", ""UNKNOWN""]","[""SAFETY BELT NOT USED"", ""SAFETY BELT USED"", ""USAGE UNKNOWN""]","[""M""]","[""IL""]","[""2061789"", ""2061793""]","[""60638""]",[],"[""3""]",[],[],[],[],2025,10,13,3,False,afternoon,41.78,-87.72,41.78_-87.72,20.0,20,20,OTHER,0
STRAIGHT AND LEVEL,2532,2025-10-03 13:28:00,6,13,10,65F80D14006E1E8D1F8C9E242FF896E44BC6766C8B970E29BD2C7E8059E15CA84F27787207B39DF3E676A4DEF04D1E14589B6EE95C2614591AF8F931567DB30F,NO INJURY / DRIVE AWAY,"OVER $1,500",NO CONTROLS,TURNING,41.9132323579,DAYLIGHT,-87.75594598,3,30,DISREGARDING TRAFFIC SIGNALS,UNKNOWN,DRY,DISREGARDING TRAFFIC SIGNALS,N,1800,TRAFFIC SIGNAL,FOUR WAY,CLEAR,0.0,1.0,1.0,0.0,0.0,1.0,1,4,"[""Y""]",[],"[""Y""]","[""2025-10-03T13:28:00.000""]","[""2162825"", ""2162826"", ""2162827""]","[""FRONT-LEFT-CORNER"", ""FRONT-RIGHT-CORNER"", ""SIDE-LEFT""]","[""IL""]","[""CHEVROLET"", ""TOYOTA"", ""UNKNOWN""]","[""SLOW/STOP IN TRAFFIC"", ""STRAIGHT AHEAD"", ""TURNING LEFT""]","[""COROLLA"", ""OTHER (EXPLAIN IN NARRATIVE)"", ""TRAX""]","[""1"", ""5""]","[""E"", ""N"", ""S""]","[""1"", ""2"", ""3""]","[""DRIVER""]","[""UNKNOWN""]","[""2061730"", ""2061734"", ""2061740""]","[""PASSENGER""]","[""PERSONAL"", ""UNKNOWN/NA""]","[""2021""]",[],[],"[""Y""]",[],[],[],"[""Y""]","[""Y""]",[],[],"[""4""]",[],[],[],[],[],"['3', '33', '34', '57']","[""DEPLOYMENT UNKNOWN"", ""DID NOT DEPLOY"", ""NOT APPLICABLE""]","[""TEST NOT OFFERED""]","[""CHICAGO""]","[""2025-10-03T13:28:00.000""]","[""DISREGARDED CONTROL DEVICES"", ""NONE""]","[""UNKNOWN""]","[""D""]","[""IL""]","[""NONE"", ""UNKNOWN""]",[],"[""O2162825"", ""O2162826"", ""O2162827"", ""P477282"", ""P477283"", ""P477284"", ""P477286""]","[""DRIVER"", ""PASSENGER""]","[""UNKNOWN""]","[""USAGE UNKNOWN""]","[""F"", ""M""]","[""IL""]","[""2061730"", ""2061734"", ""2061740""]","[""60639""]",[],"[""10"", ""11"", ""12"", ""3""]",[],[],[],[],2025,10,13,3,False,afternoon,41.91,-87.76,41.91_-87.76,31.75,3,57,OTHER,0
STRAIGHT AND LEVEL,711,2025-10-03 13:23:00,6,13,10,C8F25BAB6B233D2BBAA0D039448605378BDB048A0E3EF6A7CA9F60FFF096A65DE8155ECAE4C6B16FDB1A873A5364E406459F89CA0A5CCC1CF31DEC02B8974D9C,NO INJURY / DRIVE AWAY,"OVER $1,500",NO CONTROLS,SIDESWIPE SAME DIRECTION,41.7934398791,DAYLIGHT,-87.6319568479,2,25,UNABLE TO DETERMINE,NO DEFECTS,DRY,UNABLE TO DETERMINE,S,5522,NO CONTROLS,NOT DIVIDED,CLEAR,0.0,0.0,0.0,0.0,0.0,1.0,1,3,[],[],[],"[""2025-10-03T13:23:00.000""]","[""2162837"", ""2162838""]","[""FRONT-LEFT-CORNER""]","[""IL""]","[""MERCEDES-BENZ"", ""TOYOTA""]","[""STRAIGHT AHEAD""]","[""GLK300"", ""PRIUS""]","[""1"", ""2""]","[""S""]","[""1"", ""2""]","[""DRIVER""]","[""NONE"", ""UNKNOWN""]","[""2061741"", ""2061744""]","[""PASSENGER"", ""SPORT UTILITY VEHICLE (SUV)""]","[""PERSONAL""]","[""2013"", ""2022""]",[],[],"[""Y""]",[],[],[],[],[],"[""Y""]",[],"[""1""]",[],[],[],[],[],"['0', '32', '36']","[""NOT APPLICABLE""]","[""TEST NOT OFFERED""]","[""CHICAGO""]","[""2025-10-03T13:23:00.000""]","[""NONE"", ""UNKNOWN""]","[""NOT OBSCURED"", ""UNKNOWN""]","[""D""]","[""IL""]","[""NONE""]","[""REFUSED""]","[""O2162837"", ""O2162838"", ""P477287""]","[""DRIVER"", ""PASSENGER""]","[""NORMAL"", ""UNKNOWN""]","[""SAFETY BELT USED""]","[""F"", ""M""]","[""IL""]","[""2061741"", ""2061744""]","[""60609"", ""60619""]",[],"[""3""]",[],[],[],[],2025,10,13,3,False,afternoon,41.79,-87.63,41.79_-87.63,22.666666666666668,0,36,OTHER,0
STRAIGHT AND LEVEL,2413,2025-10-03 13:15:00,6,13,10,EFF210A5422A6DAB59BA36008519195BB596385C13F11076AF1C4AAE30DB414207496B6561B98DD91654E114E0D9C9704841525A5C79C704A4B6057B96E087EE,NO INJURY / DRIVE AWAY,$500 OR LESS,NO CONTROLS,REAR TO FRONT,41.9905520817,DAYLIGHT,-87.6994643962,2,30,IMPROPER BACKING,UNKNOWN,DRY,UNABLE TO DETERMINE,W,2800,TRAFFIC SIGNAL,NOT DIVIDED,CLEAR,0.0,1.0,0.0,0.0,0.0,1.0,1,1,"[""Y""]",[],"[""Y""]","[""2025-10-03T13:15:00.000""]","[""2162803"", ""2162804""]","[""FRONT-RIGHT-CORNER"", ""REAR""]","[""IL""]","[""HYUNDAI"", ""TOYOTA""]","[""BACKING"", ""STRAIGHT AHEAD""]","[""OTHER (EXPLAIN IN NARRATIVE)"", ""SIENNA""]","[""1""]","[""E"", ""W""]","[""1"", ""2""]","[""DRIVER""]","[""UNKNOWN""]","[""2061696"", ""2061706""]","[""PASSENGER""]","[""PERSONAL""]","[""2004"", ""2013""]",[],[],[],[],[],[],[],[],[],[],[],[],[],[],"[""Y""]",[],['32'],"[""DEPLOYMENT UNKNOWN"", ""NOT APPLICABLE""]","[""TEST NOT OFFERED""]","[""SKOKIE""]","[""2025-10-03T13:15:00.000""]","[""IMPROPER BACKING"", ""NONE""]","[""NOT OBSCURED"", ""UNKNOWN""]","[""D""]","[""IL""]","[""NONE""]",[],"[""O2162803"", ""O2162804""]","[""DRIVER""]","[""NORMAL"", ""UNKNOWN""]","[""USAGE UNKNOWN""]","[""M""]","[""IL""]","[""2061696"", ""2061706""]","[""60076""]",[],[],[],[],[],[],2025,10,13,3,False,afternoon,41.99,-87.7,41.99_-87.7,32.0,32,32,OTHER,0
STRAIGHT AND LEVEL,613,2025-10-03 13:00:00,6,13,10,B9E01926FFDE67D2EDDD19106C4F07B0B2CC9D301613FE471E62D36E4420338B536EC08795700E26FE3E526F4682A0AA507F055E528DE665C4D8F5254C50BC67,NO INJURY / DRIVE AWAY,"OVER $1,500",NO CONTROLS,REAR END,41.7432644906,DAYLIGHT,-87.6439749802,2,30,UNABLE TO DETERMINE,NO DEFECTS,DRY,UNABLE TO DETERMINE,S,8300,NO CONTROLS,NOT DIVIDED,CLEAR,0.0,1.0,0.0,0.0,0.0,1.0,1,1,"[""Y""]",[],"[""Y""]","[""2025-10-03T13:00:00.000""]","[""2164845"", ""2164846""]","[""FRONT"", ""REAR""]","[""IL"", ""IN""]","[""CHEVROLET"", ""HONDA""]","[""STRAIGHT AHEAD""]","[""MALIBU"", ""OTHER (EXPLAIN IN NARRATIVE)""]","[""1""]","[""S""]","[""1"", ""2""]","[""DRIVER""]","[""NONE"", ""UNKNOWN""]","[""2063643"", ""2063648""]","[""PASSENGER""]","[""PERSONAL""]","[""2020""]",[],[],"[""Y""]",[],[],"[""Y""]",[],[],[],[],[],[],[],"[""Y""]","[""Y""]",[],['23'],"[""DEPLOYMENT UNKNOWN"", ""NOT APPLICABLE""]","[""TEST NOT OFFERED""]","[""CHICAGO""]","[""2025-10-03T13:00:00.000""]","[""NONE"", ""UNKNOWN""]","[""NOT OBSCURED"", ""UNKNOWN""]",[],"[""IL""]","[""NONE""]",[],"[""O2164845"", ""O2164846""]","[""DRIVER""]","[""NORMAL"", ""UNKNOWN""]","[""USAGE UNKNOWN""]","[""M""]","[""IL""]","[""2063643"", ""2063648""]","[""60629""]",[],[],[],[],[],[],2025,10,13,3,False,afternoon,41.74,-87.64,41.74_-87.64,23.0,23,23,OTHER,0
STRAIGHT AND LEVEL,512,2025-10-03 13:00:00,6,13,10,8FFA1F88DC59555C38B503B559973517D8E30E090946210A06889CB0FD2254D3CAEA951F6857649E0728A8DF7E654028234ACC39871CA73FCFE044B7A286D15E,NO INJURY / DRIVE AWAY,"OVER $1,500",NO CONTROLS,PARKED MOTOR VEHICLE,41.7015567308,DAYLIGHT,-87.6110202009,2,25,UNABLE TO DETERMINE,NO DEFECTS,DRY,NOT APPLICABLE,S,10609,NO CONTROLS,ONE-WAY,CLEAR,0.0,1.0,0.0,0.0,0.0,1.0,2,0,"[""Y""]","[""Y""]",[],"[""2025-10-03T13:00:00.000""]","[""2162902"", ""2162903""]","[""FRONT-LEFT-CORNER"", ""SIDE-RIGHT""]","[""IL""]","[""FREIGHTLINER CORPORATION"", ""MERCEDES-BENZ""]","[""PARKED"", ""STRAIGHT AHEAD""]","[""FREIGHTLINER CORP."", ""GLK350""]","[""0"", ""1""]","[""N""]","[""1"", ""2""]","[""DRIVER"", ""PARKED""]","[""NONE"", ""UNKNOWN""]","[""2061796"", ""2061812""]","[""SPORT UTILITY VEHICLE (SUV)"", ""TRUCK - SINGLE UNIT""]","[""COMMERCIAL - SINGLE UNIT"", ""NOT IN USE""]","[""2013"", ""2021""]","[""Y""]","[""Y""]","[""Y""]",[],[],[],[],[],"[""Y""]",[],[],[],[],"[""Y""]",[],[],[],"[""DEPLOYMENT UNKNOWN""]","[""TEST NOT OFFERED""]",[],"[""2025-10-03T13:00:00.000""]","[""UNKNOWN""]","[""UNKNOWN""]",[],"[""XX""]","[""NONE""]",[],"[""O2162902""]","[""DRIVER""]","[""UNKNOWN""]","[""USAGE UNKNOWN""]","[""M""]",[],"[""2061812""]",[],[],[],[],[],[],[],2025,10,13,3,False,afternoon,41.7,-87.61,41.7_-87.61,0.0,0,0,OTHER,0
STRAIGHT AND LEVEL,1411,2025-10-03 13:00:00,6,13,10,615ED0D646C9D1DC99E4983311BAB5C74325343C23C7CE3520209F731DC46373806D9406B290445D92CE99B4C78213DCA4699500D372EDE06CFD1CE5C4160E9A,NO INJURY / DRIVE AWAY,"OVER $1,500",FUNCTIONING PROPERLY,ANGLE,41.9357873975,DAYLIGHT,-87.6978726556,2,30,DRIVING SKILLS/KNOWLEDGE/EXPERIENCE,UNKNOWN,DRY,NOT APPLICABLE,N,3000,STOP SIGN/FLASHER,FOUR WAY,CLEAR,0.0,0.0,1.0,0.0,0.0,1.0,1,2,[],[],[],"[""2025-10-03T13:00:00.000""]","[""2162811"", ""2162812""]","[""FRONT"", ""REAR-RIGHT-CORNER""]","[""IL""]","[""CHEVROLET"", ""GENERAL MOTORS CORPORATION (GMC)""]","[""STRAIGHT AHEAD""]","[""HHR"", ""OTHER (EXPLAIN IN NARRATIVE)""]","[""1""]","[""N"", ""W""]","[""1"", ""2""]","[""DRIVER""]","[""UNKNOWN""]","[""2061704"", ""2061711""]","[""PASSENGER"", ""PICKUP""]","[""PERSONAL""]","[""2002"", ""2010""]","[""Y""]","[""Y""]",[],[],[],[],"[""Y""]",[],[],[],[],[],[],"[""Y""]",[],[],"['48', '70']","[""NOT APPLICABLE""]","[""TEST NOT OFFERED""]","[""CHICAGO""]","[""2025-10-03T13:00:00.000""]","[""OTHER""]","[""UNKNOWN""]","[""D""]","[""IL""]","[""NONE""]",[],"[""O2162811"", ""O2162812""]","[""DRIVER""]","[""NORMAL"", ""UNKNOWN""]","[""USAGE UNKNOWN""]","[""M""]","[""IL""]","[""2061704"", ""2061711""]","[""60634"", ""60639""]",[],[],[],[],[],[],2025,10,13,3,False,afternoon,41.94,-87.7,41.94_-87.7,59.0,48,70,OTHER,0
STRAIGHT AND LEVEL,911,2025-10-03 13:00:00,6,13,10,46E8D5907ED45AD59E636AE1AE0F16194A96541BCE1FE0F80F1399EC2275226D36B2F7501E62192449568E8399776686E13C043B449ACDEDF9C99D3D7A336D49,NO INJURY / DRIVE AWAY,"OVER $1,500",NO CONTROLS,SIDESWIPE SAME DIRECTION,41.8227034571,DAYLIGHT,-87.7042462359,2,30,IMPROPER LANE USAGE,NO DEFECTS,DRY,IMPROPER LANE USAGE,W,3156,NO CONTROLS,NOT DIVIDED,CLEAR,0.0,0.0,0.0,0.0,0.0,1.0,1,1,"[""Y""]","[""Y""]",[],"[""2025-10-03T13:00:00.000""]","[""2162828"", ""2162829""]","[""FRONT-RIGHT-CORNER"", ""REAR-LEFT-CORNER""]","[""IL""]","[""G. & C. MANUFACTURING COMPANY"", ""TOYOTA""]","[""STRAIGHT AHEAD""]","[""G. & C. MFG. CO."", ""SIENNA""]","[""1""]","[""W""]","[""1"", ""2""]","[""DRIVER""]","[""UNKNOWN""]","[""2061733"", ""2061745""]","[""PASSENGER""]","[""PERSONAL""]","[""1997"", ""2021""]",[],[],[],[],[],"[""Y""]",[],[],[],[],[],"[""Y""]",[],[],[],[],['0'],"[""NOT APPLICABLE""]","[""TEST NOT OFFERED""]","[""CHICAGO""]","[""2025-10-03T13:00:00.000""]","[""IMPROPER LANE CHANGE"", ""UNKNOWN""]","[""NOT OBSCURED""]","[""D""]","[""IL""]","[""NONE""]",[],"[""O2162828"", ""O2162829""]","[""DRIVER""]","[""NORMAL""]","[""SAFETY BELT USED""]","[""M""]","[""IL""]","[""2061733"", ""2061745""]","[""60608"", ""60632""]",[],[],[],[],[],[],2025,10,13,3,False,afternoon,41.82,-87.7,41.82_-87.7,0.0,0,0,OTHER,0
STRAIGHT AND LEVEL,832,2025-10-03 12:55:00,6,12,10,5D1C8C283F8799A5B36D82ECB94FF808C328EABAEFB1D7E352AADCC921FE7EE6250C04575E4F852CA7F355EF13F3971BAB8D1BD37747727DAACFED4ECFF8B176,NO INJURY / DRIVE AWAY,"$501 - $1,500",NO CONTROLS,SIDESWIPE SAME DIRECTION,41.7647949149,DAYLIGHT,-87.683098276,2,30,NOT APPLICABLE,NO DEFECTS,DRY,NOT APPLICABLE,S,7059,NO CONTROLS,OTHER,CLEAR,0.0,0.0,0.0,0.0,0.0,1.0,1,2,"[""N""]",[],"[""Y""]","[""2025-10-03T12:55:00.000""]","[""2162785"", ""2162786""]","[""FRONT-LEFT-CORNER"", ""SIDE-RIGHT""]","[""IL"", ""MN""]","[""FORD"", ""JEEP""]","[""STRAIGHT AHEAD""]","[""FUSION"", ""GRAND CHEROKEE""]","[""2""]","[""UNKNOWN""]","[""1"", ""2""]","[""DRIVER""]","[""NONE""]","[""2061699"", ""2061717""]","[""PASSENGER""]","[""PERSONAL""]","[""2010"", ""2021""]","[""Y""]","[""Y""]","[""Y""]",[],[],[],[],[],[],[],"[""1""]",[],[],[],[],[],"['38', '67']","[""NOT APPLICABLE""]","[""TEST NOT OFFERED""]","[""CHICAGO""]","[""2025-10-03T12:55:00.000""]","[""NONE"", ""OTHER""]","[""NOT OBSCURED""]","[""A"", ""D""]","[""IL"", ""MN""]","[""NONE""]",[],"[""O2162785"", ""O2162786"", ""P477275"", ""P477281""]","[""DRIVER"", ""PASSENGER""]","[""NORMAL""]","[""SAFETY BELT USED""]","[""F"", ""M""]","[""IL""]","[""2061699"", ""2061717""]","[""60620"", ""60628""]",[],"[""3""]",[],[],[],[],2025,10,12,3,False,morning,41.76,-87.68,41.76_-87.68,52.5,38,67,OTHER,0
STRAIGHT AND LEVEL,2511,2025-10-03 12:53:00,6,12,10,0065028406DB9356356878C3EA72A56166A66BE3AA9CC022539D1B4E81E65937FA96DB5EE9E1AEA4170A964F4FC4AC1C7B4C02ED4935FE8EE4B46BC1DF731B7D,INJURY AND / OR TOW DUE TO CRASH,"OVER $1,500",NO CONTROLS,ANGLE,41.931134804,DAYLIGHT,-87.7840262089,3,30,"OPERATING VEHICLE IN ERRATIC, RECKLESS, CARELESS, NEGLIGENT OR AGGRESSIVE MANNER",UNKNOWN,DRY,FAILING TO REDUCE SPEED TO AVOID CRASH,W,6318,NO CONTROLS,NOT DIVIDED,CLEAR,0.0,1.0,0.0,0.0,0.0,1.0,2,1,[],[],"[""Y""]","[""2025-10-03T12:53:00.000""]","[""2162849"", ""2162850"", ""2162859""]","[""FRONT"", ""REAR"", ""UNKNOWN""]","[""IL""]","[""HONDA"", ""KIA"", ""TOYOTA""]","[""PARKED"", ""UNKNOWN/NA""]","[""CR-V"", ""HIGHLANDER"", ""SORENTO""]","[""0"", ""1""]","[""E"", ""UNKNOWN"", ""W""]","[""1"", ""2"", ""3""]","[""DRIVER"", ""PARKED""]","[""UNKNOWN""]","[""2061750"", ""2061761"", ""2061765""]","[""SPORT UTILITY VEHICLE (SUV)""]","[""PERSONAL""]","[""2003"", ""2011"", ""2014""]",[],[],[],[],"[""Y""]",[],"[""Y""]",[],[],[],[],[],[],[],"[""Y""]",[],['18'],"[""DEPLOYMENT UNKNOWN"", ""NOT APPLICABLE""]","[""TEST NOT OFFERED""]","[""CHICAGO""]","[""2025-10-03T12:53:00.000""]","[""UNKNOWN""]","[""UNKNOWN""]","[""D""]","[""IL""]","[""NONE""]","[""COMMUNITY FIRST""]","[""O2162849"", ""O2162850""]","[""DRIVER""]","[""NORMAL"", ""UNKNOWN""]","[""USAGE UNKNOWN""]","[""F"", ""M""]","[""IL""]","[""2061750"", ""2061765""]","[""60707""]","[""CFD #48""]",[],[],[],[],[],2025,10,12,3,False,morning,41.93,-87.78,41.93_-87.78,18.0,18,18,OTHER,1