alignment,beat_of_occurrence,crash_date,crash_day_of_week,crash_hour,crash_month,crash_record_id,crash_type,damage,device_condition,first_crash_type,latitude,lighting_condition,longitude,num_units,posted_speed_limit,prim_contributory_cause,road_defect,roadway_surface_cond,sec_contributory_cause,street_direction,street_no,traffic_control_device,trafficway_type,weather_condition,private_property_i,hit_and_run_i,intersection_related_i,crash_date_est_i,work_zone_i,workers_present_i,veh_count,ppl_count,veh_area_01_i_list_json,veh_area_02_i_list_json,veh_area_12_i_list_json,veh_crash_date_list_json,veh_crash_unit_id_list_json,veh_first_contact_point_list_json,veh_lic_plate_state_list_json,veh_make_list_json,veh_maneuver_list_json,veh_model_list_json,veh_occupant_cnt_list_json,veh_travel_direction_list_json,veh_unit_no_list_json,veh_unit_type_list_json,veh_vehicle_defect_list_json,veh_vehicle_id_list_json,veh_vehicle_type_list_json,veh_vehicle_use_list_json,veh_vehicle_year_list_json,veh_area_03_i_list_json,veh_area_04_i_list_json,veh_area_11_i_list_json,veh_towed_by_list_json,veh_towed_i_list_json,veh_area_07_i_list_json,veh_area_99_i_list_json,veh_area_09_i_list_json,veh_area_10_i_list_json,veh_cmrc_veh_i_list_json,veh_num_passengers_list_json,veh_area_08_i_list_json,veh_area_00_i_list_json,veh_area_05_i_list_json,veh_area_06_i_list_json,veh_towed_to_list_json,ppl_age_list_json,ppl_airbag_deployed_list_json,ppl_bac_result_list_json,ppl_city_list_json,ppl_crash_date_list_json,ppl_driver_action_list_json,ppl_driver_vision_list_json,ppl_drivers_license_class_list_json,ppl_drivers_license_state_list_json,ppl_ejection_list_json,ppl_hospital_list_json,ppl_person_id_list_json,ppl_person_type_list_json,ppl_physical_condition_list_json,ppl_safety_equipment_list_json,ppl_sex_list_json,ppl_state_list_json,ppl_vehicle_id_list_json,ppl_zipcode_list_json,ppl_ems_agency_list_json,ppl_seat_no_list_json,ppl_pedpedal_action_list_json,ppl_pedpedal_location_list_json,ppl_pedpedal_visibility_list_json,ppl_ems_run_no_list_json,year,month,hour,day,is_weekend,hour_bin,lat_bin,lng_bin,grid_id,ppl_age_mean,ppl_age_min,ppl_age_max,prim_contributory_cause_group,ksi_flag
STRAIGHT AND LEVEL,1411,2025-10-03 12:52:00,6,12,10,FF77507BC080F7BE524D3BED5E49BBC57391DB02F520592C6E5229529425A2197C63A06DB85444A9A7A7A7CC3950C6CBFC8B0761769E695E3763AC0A9930F35F,NO INJURY / DRIVE AWAY,"OVER $1,500",FUNCTIONING PROPERLY,ANGLE,41.9356806821,DAYLIGHT,-87.6975764373,2,30,UNABLE TO DETERMINE,NO DEFECTS,DRY,UNABLE TO DETERMINE,N,2959,STOP SIGN/FLASHER,DIVIDED - W/MEDIAN (NOT RAISED),CLEAR,0.0,0.0,0.0,0.0,0.0,1.0,1,2,[],[],"[""Y""]","[""2025-10-03T12:52:00.000""]","[""2162805"", ""2162806""]","[""FRONT"", ""REAR-RIGHT-CORNER""]","[""IL""]","[""CHEVROLET"", ""GENERAL MOTORS CORPORATION (GMC)""]","[""STRAIGHT AHEAD""]","[""OTHER (EXPLAIN IN NARRATIVE)""]","[""1""]","[""N"", ""W""]","[""1"", ""2""]","[""DRIVER""]","[""NONE""]","[""2061702"", ""2061712""]","[""PASSENGER""]","[""PERSONAL""]","[""2002"", ""2010""]",[],"[""Y""]",[],[],[],[],[],[],[],[],[],[],[],"[""Y""]",[],[],"['48', '70']","[""DID NOT DEPLOY""]","[""TEST NOT OFFERED""]","[""CHICAGO""]","[""2025-10-03T12:52:00.000""]","[""NONE""]","[""NOT OBSCURED""]","[""D""]","[""IL""]","[""NONE""]",[],"[""O2162805"", ""O2162806""]","[""DRIVER""]","[""NORMAL""]","[""SAFETY BELT USED""]","[""M""]","[""IL""]","[""2061702"", ""2061712""]","[""60634"", ""60639""]",[],[],[],[],[],[],2025,10,12,3,False,morning,41.94,-87.7,41.94_-87.7,59.0,48,70,OTHER,0
STRAIGHT AND LEVEL,2212,2025-10-03 12:45:00,6,12,10,1F691FA8A6EC733BB870CFDC68054A99C661F686BAF46DD8837294B6DE3024C6FA28F59CB5D1535CAA5B33892382060C4743B288CDBCE0589B76E7874DF44458,NO INJURY / DRIVE AWAY,"$501 - $1,500",NO CONTROLS,PARKED MOTOR VEHICLE,41.6971831785,DAYLIGHT,-87.6814733766,2,30,DRIVING SKILLS/KNOWLEDGE/EXPERIENCE,NO DEFECTS,DRY,UNABLE TO DETERMINE,S,10802,NO CONTROLS,DIVIDED - W/MEDIAN (NOT RAISED),CLEAR,0.0,0.0,0.0,0.0,0.0,1.0,2,2,[],[],[],"[""2025-10-03T12:45:00.000""]","[""2162793"", ""2162794""]","[""SIDE-LEFT-REAR"", ""SIDE-RIGHT-REAR""]","[""IL""]","[""JEEP"", ""NISSAN""]","[""PARKED"", ""TURNING RIGHT""]","[""GRAND CHEROKEE"", ""PATHFINDER""]","[""1"", ""2""]","[""S"", ""SE""]","[""1"", ""2""]","[""DRIVER"", ""PARKED""]","[""NONE"", ""UNKNOWN""]","[""2061856"", ""2061862""]","[""SPORT UTILITY VEHICLE (SUV)""]","[""PERSONAL""]","[""2017"", ""2025""]",[],[],[],[],[],"[""Y""]",[],[],[],[],"[""2""]",[],[],"[""Y""]",[],[],"['70', '78']","[""DID NOT DEPLOY""]","[""TEST NOT OFFERED""]","[""CHICAGO"", ""RIVERDALE""]","[""2025-10-03T12:45:00.000""]","[""IMPROPER TURN""]","[""UNKNOWN""]","[""D""]","[""IL""]","[""NONE""]",[],"[""O2162793"", ""P477313"", ""P477317""]","[""DRIVER"", ""PASSENGER""]","[""UNKNOWN""]","[""SAFETY BELT USED"", ""USAGE UNKNOWN""]","[""F"", ""X""]","[""IL""]","[""2061856"", ""2061862""]","[""60655"", ""60827""]",[],"[""3"", ""6""]",[],[],[],[],2025,10,12,3,False,morning,41.7,-87.68,41.7_-87.68,74.0,70,78,OTHER,0
STRAIGHT AND LEVEL,1934,2025-10-03 12:45:00,6,12,10,046B5E7455016837266D82B1250784F31717C861C5E5F0CD136F868074E00CF190E57A2D0FD6FB3A4A60AAFC8CC210353E393BB6EC2D5527E3858141E0D5FCC0,NO INJURY / DRIVE AWAY,"$501 - $1,500",NO CONTROLS,SIDESWIPE SAME DIRECTION,41.9398398809,DAYLIGHT,-87.6396956744,2,30,IMPROPER OVERTAKING/PASSING,UNKNOWN,DRY,IMPROPER LANE USAGE,N,3172,NO CONTROLS,DIVIDED - W/MEDIAN (NOT RAISED),CLEAR,0.0,0.0,0.0,0.0,0.0,1.0,1,1,[],"[""Y""]",[],"[""2025-10-03T12:45:00.000""]","[""2162847"", ""2162848""]","[""SIDE-RIGHT"", ""UNKNOWN""]","[""IL""]","[""CHEVROLET"", ""UNKNOWN""]","[""CHANGING LANES"", ""STRAIGHT AHEAD""]","[""MALIBU"", ""OTHER (EXPLAIN IN NARRATIVE)""]","[""1"", ""2""]","[""N""]","[""1"", ""2""]","[""DRIVER""]","[""UNKNOWN""]","[""2061746"", ""2061779""]","[""PASSENGER"", ""UNKNOWN/NA""]","[""PERSONAL"", ""UNKNOWN/NA""]","[""2018""]","[""Y""]",[],[],[],[],[],"[""Y""]",[],[],[],"[""1""]",[],[],[],[],[],['26'],"[""DEPLOYMENT UNKNOWN"", ""NOT APPLICABLE""]","[""TEST NOT OFFERED""]","[""PENFIELD""]","[""2025-10-03T12:45:00.000""]","[""IMPROPER LANE CHANGE"", ""NONE""]","[""UNKNOWN""]","[""D""]","[""IL""]","[""NONE"", ""UNKNOWN""]",[],"[""O2162847"", ""O2162848"", ""P477295""]","[""DRIVER"", ""PASSENGER""]","[""NORMAL"", ""UNKNOWN""]","[""USAGE UNKNOWN""]","[""F"", ""M""]","[""IL""]","[""2061746"", ""2061779""]","[""61862""]",[],"[""3""]",[],[],[],[],2025,10,12,3,False,morning,41.94,-87.64,41.94_-87.64,26.0,26,26,OTHER,0
STRAIGHT AND LEVEL,1833,2025-10-03 12:36:00,6,12,10,AAB433C75D321773729B0D4342D2B64FED025A8C3315DEE6D11C302CD91156EDEA87E09F8C6E02F9F7A8742882F64B1EC92A7BF783C18D280A604FE5D25892AD,NO INJURY / DRIVE AWAY,"$501 - $1,500",NO CONTROLS,OTHER OBJECT,41.8992644712,DAYLIGHT,-87.6273795984,1,25,UNABLE TO DETERMINE,NO DEFECTS,DRY,NOT APPLICABLE,E,20,NO CONTROLS,ONE-WAY,CLEAR,0.0,0.0,0.0,0.0,0.0,1.0,1,2,"[""Y""]",[],[],"[""2025-10-03T12:36:00.000""]","[""2167329""]","[""FRONT-RIGHT-CORNER""]","[""IL""]","[""CHEVROLET""]","[""STRAIGHT AHEAD""]","[""OTHER (EXPLAIN IN NARRATIVE)""]","[""2""]","[""E""]","[""1""]","[""DRIVER""]","[""NONE""]","[""2065996""]","[""VAN/MINI-VAN""]","[""OTHER""]","[""2017""]",[],[],[],[],[],[],[],[],[],[],"[""1""]",[],[],[],[],[],"['49', '52']","[""NOT APPLICABLE""]","[""TEST NOT OFFERED""]","[""CHICAGO"", ""SKOKIE""]","[""2025-10-03T12:36:00.000""]","[""OTHER""]","[""NOT OBSCURED""]","[""D""]","[""IL""]","[""NONE""]",[],"[""O2167329"", ""P478225""]","[""DRIVER"", ""PASSENGER""]","[""NORMAL""]","[""NONE PRESENT"", ""USAGE UNKNOWN""]","[""M""]","[""IL""]","[""2065996""]","[""60076"", ""60622""]",[],"[""3""]",[],[],[],[],2025,10,12,3,False,morning,41.9,-87.63,41.9_-87.63,50.5,49,52,OTHER,0
STRAIGHT AND LEVEL,1834,2025-10-03 12:30:00,6,12,10,5D3FC6A9044C767C2BBD5837C104CF36CA9869815C92EB640E22EB0E03471147EC70CD92EE4D7849EE12222D320FACC005BEAC1D29DD451617C0EC35B66CF511,NO INJURY / DRIVE AWAY,"OVER $1,500",NO CONTROLS,SIDESWIPE SAME DIRECTION,41.8912550819,DAYLIGHT,-87.6137508142,2,30,UNABLE TO DETERMINE,UNKNOWN,UNKNOWN,UNABLE TO DETERMINE,N,505,NO CONTROLS,NOT DIVIDED,CLEAR,0.0,0.0,0.0,0.0,0.0,1.0,1,2,[],[],[],"[""2025-10-03T12:30:00.000""]","[""2162797"", ""2162798""]","[""FRONT-LEFT-CORNER"", ""REAR-RIGHT-CORNER""]","[""IL""]","[""CHEVROLET"", ""HONDA""]","[""CHANGING LANES"", ""STRAIGHT AHEAD""]","[""EXPRESS"", ""HR-V""]","[""1""]","[""UNKNOWN""]","[""1"", ""2""]","[""DRIVER""]","[""UNKNOWN""]","[""2061694"", ""2061703""]","[""SPORT UTILITY VEHICLE (SUV)"", ""VAN/MINI-VAN""]","[""COMMERCIAL - SINGLE UNIT"", ""PERSONAL""]","[""2012"", ""2018""]","[""Y""]","[""Y""]","[""Y""]",[],[],[],[],[],"[""Y""]",[],[],[],[],"[""Y""]",[],[],"['26', '31']","[""DEPLOYMENT UNKNOWN""]","[""TEST NOT OFFERED""]","[""BERWYN"", ""CHICAGO""]","[""2025-10-03T12:30:00.000""]","[""IMPROPER LANE CHANGE"", ""UNKNOWN""]","[""UNKNOWN""]","[""D""]","[""IL""]","[""UNKNOWN""]",[],"[""O2162797"", ""O2162798""]","[""DRIVER""]","[""EMOTIONAL"", ""UNKNOWN""]","[""USAGE UNKNOWN""]","[""M""]","[""IL""]","[""2061694"", ""2061703""]","[""60402"", ""60651""]",[],[],[],[],[],[],2025,10,12,3,False,morning,41.89,-87.61,41.89_-87.61,28.5,26,31,OTHER,0
STRAIGHT AND LEVEL,221,2025-10-03 12:30:00,6,12,10,2A206C114436BC93FAF204AEC9E3A7FA3878DDED7907A8D45B633A38DC4EB6585D42A29B38474DF3ED2A3BAE2B8CF42E056B6832DEFAF989B1A4D7071B5D09EB,NO INJURY / DRIVE AWAY,"OVER $1,500",NO CONTROLS,PARKED MOTOR VEHICLE,41.809518057,DAYLIGHT,-87.6149775903,2,25,UNABLE TO DETERMINE,UNKNOWN,DRY,UNABLE TO DETERMINE,E,432,NO CONTROLS,NOT DIVIDED,CLEAR,0.0,0.0,0.0,0.0,0.0,1.0,2,0,[],[],[],"[""2025-10-03T12:30:00.000""]","[""2162807"", ""2162808""]","[""REAR-LEFT-CORNER"", ""UNKNOWN""]","[""IL""]","[""CADILLAC"", ""UNKNOWN""]","[""PARKED"", ""UNKNOWN/NA""]","[""DEVILLE"", ""OTHER (EXPLAIN IN NARRATIVE)""]","[""0"", ""1""]","[""UNKNOWN""]","[""1"", ""2""]","[""DRIVER"", ""PARKED""]","[""UNKNOWN""]","[""2061701"", ""2061718""]","[""PASSENGER"", ""UNKNOWN/NA""]","[""PERSONAL"", ""UNKNOWN/NA""]","[""2007""]",[],[],[],[],[],"[""Y""]","[""Y""]",[],[],[],[],"[""Y""]",[],[],[],[],[],"[""DEPLOYMENT UNKNOWN""]","[""TEST NOT OFFERED""]",[],"[""2025-10-03T12:30:00.000""]","[""UNKNOWN""]","[""UNKNOWN""]",[],[],"[""NONE""]",[],"[""O2162807""]","[""DRIVER""]","[""UNKNOWN""]","[""USAGE UNKNOWN""]","[""X""]",[],"[""2061701""]",[],[],[],[],[],[],[],2025,10,12,3,False,morning,41.81,-87.61,41.81_-87.61,0.0,0,0,OTHER,0
STRAIGHT AND LEVEL,124,2025-10-03 12:30:00,6,12,10,B222CC5C3D7A4DBA3C28F7882CFD4C4C89078B871531221F272B3C51C84AA883BA81D3E48EACA173C0C1D91653F2975AE266D6FC5D1FC0D20A418ACCC3165D0B,NO INJURY / DRIVE AWAY,"OVER $1,500",NO CONTROLS,SIDESWIPE SAME DIRECTION,41.8677288042,DAYLIGHT,-87.6420588326,2,35,FOLLOWING TOO CLOSELY,NO DEFECTS,DRY,IMPROPER OVERTAKING/PASSING,S,1141,NO CONTROLS,ONE-WAY,CLEAR,0.0,0.0,0.0,0.0,0.0,1.0,1,2,"[""Y""]","[""Y""]",[],"[""2025-10-03T12:30:00.000""]","[""2162781"", ""2162782""]","[""FRONT-RIGHT-CORNER"", ""SIDE-LEFT-REAR""]","[""IL"", ""IN""]","[""FREIGHTLINER CORPORATION"", ""JEEP""]","[""STRAIGHT AHEAD""]","[""FREIGHTLINER CORP."", ""WRANGLER""]","[""1""]","[""N""]","[""1"", ""2""]","[""DRIVER""]","[""NONE"", ""UNKNOWN""]","[""2061688"", ""2061728""]","[""SPORT UTILITY VEHICLE (SUV)"", ""TRACTOR W/ SEMI-TRAILER""]","[""OTHER"", ""PERSONAL""]","[""2015"", ""2024""]","[""Y""]",[],"[""Y""]",[],[],"[""Y""]",[],"[""Y""]","[""Y""]","[""N""]",[],"[""Y""]",[],[],[],[],"['31', '68']","[""DID NOT DEPLOY""]","[""TEST NOT OFFERED""]","[""CHICAGO"", ""HOUSTON""]","[""2025-10-03T12:30:00.000""]","[""NONE"", ""UNKNOWN""]","[""NOT OBSCURED"", ""UNKNOWN""]","[""A"", ""D""]","[""IL"", ""TX""]","[""NONE""]",[],"[""O2162781"", ""O2162782""]","[""DRIVER""]","[""NORMAL""]","[""USAGE UNKNOWN""]","[""M""]","[""IL"", ""TX""]","[""2061688"", ""2061728""]","[""60605"", ""77035""]",[],[],[],[],[],[],2025,10,12,3,False,morning,41.87,-87.64,41.87_-87.64,49.5,31,68,FOLLOWING TOO CLOSELY,0
STRAIGHT AND LEVEL,1731,2025-10-03 12:25:00,6,12,10,0496CBA1FCE52BE3B8EB333A3D749B0260050424ABCA0BBA03D2852AAF7E8E7FF8629623BF623B72A1EB1EEACD193630F50EFFB59ABEBB58FD024CF52506C729,NO INJURY / DRIVE AWAY,"OVER $1,500",FUNCTIONING PROPERLY,SIDESWIPE SAME DIRECTION,41.9530328756,DAYLIGHT,-87.7391117546,2,25,IMPROPER LANE USAGE,NO DEFECTS,DRY,UNABLE TO DETERMINE,N,3945,STOP SIGN/FLASHER,ONE-WAY,CLEAR,0.0,0.0,1.0,0.0,0.0,1.0,1,2,[],[],[],"[""2025-10-03T12:25:00.000""]","[""2162775"", ""2162776""]","[""FRONT-LEFT-CORNER"", ""SIDE-LEFT""]","[""IL""]","[""KIA"", ""TOYOTA""]","[""OTHER"", ""PASSING/OVERTAKING""]","[""RAV4"", ""SOUL""]","[""1"", ""2""]","[""N""]","[""1"", ""2""]","[""DRIVER""]","[""NONE"", ""OTHER""]","[""2061683"", ""2061685""]","[""PASSENGER""]","[""PERSONAL"", ""RIDESHARE SERVICE""]","[""2016"", ""2023""]",[],[],"[""Y""]",[],[],[],[],"[""Y""]","[""Y""]",[],"[""1""]","[""Y""]",[],[],[],[],"['33', '48']","[""DID NOT DEPLOY"", ""NOT APPLICABLE""]","[""TEST NOT OFFERED"", ""TEST REFUSED""]","[""CHICAGO""]","[""2025-10-03T12:25:00.000""]","[""OTHER""]","[""UNKNOWN""]","[""B"", ""D""]","[""IL""]","[""NONE""]",[],"[""O2162775"", ""O2162776"", ""P477272""]","[""DRIVER"", ""PASSENGER""]","[""NORMAL""]","[""SAFETY BELT USED"", ""USAGE UNKNOWN""]","[""F"", ""M""]","[""IL""]","[""2061683"", ""2061685""]","[""60618"", ""60639""]",[],"[""6""]",[],[],[],[],2025,10,12,3,False,morning,41.95,-87.74,41.95_-87.74,40.5,33,48,OTHER,0
STRAIGHT AND LEVEL,835,2025-10-03 12:25:00,6,12,10,EC960F8055D79AAA189BCF225BE1BBFAAB156A6427CB0EEF882779754D77532F26717D3EC8E7065AB1509A50182F008BEB8A2B703014EA9872F94BFF894FAA0D,INJURY AND / OR TOW DUE TO CRASH,"OVER $1,500",NO CONTROLS,ANGLE,41.7507041586,DAYLIGHT,-87.6830116583,2,35,UNABLE TO DETERMINE,NO DEFECTS,DRY,FAILING TO YIELD RIGHT-OF-WAY,S,7840,NO CONTROLS,NOT DIVIDED,CLEAR,0.0,1.0,0.0,0.0,0.0,1.0,1,1,"[""Y""]","[""Y""]","[""Y""]","[""2025-10-03T12:25:00.000""]","[""2162809"", ""2162810""]","[""FRONT"", ""FRONT-RIGHT-CORNER""]","[""IL""]","[""CHEVROLET"", ""NISSAN""]","[""OTHER"", ""STRAIGHT AHEAD""]","[""MALIBU"", ""ROGUE""]","[""1""]","[""E"", ""S""]","[""1"", ""2""]","[""DRIVER""]","[""NONE"", ""UNKNOWN""]","[""2061698"", ""2061708""]","[""PASSENGER"", ""UNKNOWN/NA""]","[""PERSONAL"", ""UNKNOWN/NA""]","[""2016""]","[""Y""]",[],"[""Y""]","[""BY OWNER""]","[""Y""]",[],[],[],[],[],[],[],[],[],[],[],['37'],"[""DEPLOYMENT UNKNOWN""]","[""TEST NOT OFFERED""]","[""CHICAGO""]","[""2025-10-03T12:25:00.000""]","[""FAILED TO YIELD"", ""NONE""]","[""NOT OBSCURED"", ""UNKNOWN""]","[""D""]","[""IL""]","[""NONE""]",[],"[""O2162809"", ""O2162810""]","[""DRIVER""]","[""NORMAL"", ""UNKNOWN""]","[""SAFETY BELT USED"", ""USAGE UNKNOWN""]","[""F"", ""M""]","[""IL""]","[""2061698"", ""2061708""]","[""60629""]",[],[],[],[],[],[],2025,10,12,3,False,morning,41.75,-87.68,41.75_-87.68,37.0,37,37,OTHER,0
STRAIGHT AND LEVEL,632,2025-10-03 12:23:00,6,12,10,0A55A880638F828A0E8E47258F61DC6A7A06E838628DCDB53B0396CED98D38F27270CFFBE4EF7177C33C2A0A55C9EB8D617660BFEFCACCCE864711358D7E1F3B,NO INJURY / DRIVE AWAY,"OVER $1,500",NO CONTROLS,ANGLE,41.7364086677,DAYLIGHT,-87.6241855927,2,30,FAILING TO YIELD RIGHT-OF-WAY,NO DEFECTS,DRY,FAILING TO YIELD RIGHT-OF-WAY,W,2,NO CONTROLS,DIVIDED - W/MEDIAN (NOT RAISED),CLEAR,0.0,0.0,0.0,0.0,0.0,1.0,1,1,"[""Y""]","[""Y""]","[""Y""]","[""2025-10-03T12:23:00.000""]","[""2162801"", ""2162802""]","[""FRONT-LEFT-CORNER"", ""FRONT-RIGHT-CORNER""]","[""IL""]","[""BUICK"", ""CHEVROLET""]","[""ENTERING TRAFFIC LANE FROM PARKING"", ""STRAIGHT AHEAD""]","[""ENCORE"", ""MONTE CARLO""]","[""1"", ""2""]","[""S"", ""W""]","[""1"", ""2""]","[""DRIVER""]","[""NONE""]","[""2061705"", ""2061715""]","[""PASSENGER""]","[""PERSONAL""]","[""2007"", ""2018""]",[],[],"[""Y""]",[],[],[],[],[],[],[],"[""1""]",[],[],[],[],[],['39'],"[""DID NOT DEPLOY""]","[""TEST NOT OFFERED"", ""TEST REFUSED""]","[""CHICAGO""]","[""2025-10-03T12:23:00.000""]","[""FAILED TO YIELD"", ""NONE""]","[""NOT OBSCURED"", ""OTHER""]","[""D""]","[""IL""]","[""NONE""]",[],"[""O2162801"", ""O2162802"", ""P477276""]","[""DRIVER"", ""PASSENGER""]","[""NORMAL""]","[""SAFETY BELT USED""]","[""F"", ""M""]","[""IL""]","[""2061705"", ""2061715""]","[""60636"", ""60637""]",[],"[""3""]",[],[],[],[],2025,10,12,3,False,morning,41.74,-87.62,41.74_-87.62,39.0,39,39,FAILURE-TO-YIELD,0
STRAIGHT AND LEVEL,1722,2025-10-03 12:23:00,6,12,10,B7868E66DFFCF3B49C992291BE9B4E968C933092DD64AE7003C1BDF7247CBC532F0E4F80E6A2A99BDC7885587FB8151092BAE9B82B15B47473033BF93A07973D,NO INJURY / DRIVE AWAY,"OVER $1,500",FUNCTIONING PROPERLY,TURNING,41.9536244207,UNKNOWN,-87.7392222541,2,30,UNABLE TO DETERMINE,UNKNOWN,UNKNOWN,NOT APPLICABLE,W,4432,STOP SIGN/FLASHER,T-INTERSECTION,CLEAR,0.0,0.0,0.0,0.0,0.0,1.0,1,2,[],"[""Y""]",[],"[""2025-10-03T12:23:00.000""]","[""2162936"", ""2162937""]","[""FRONT-LEFT-CORNER"", ""SIDE-RIGHT""]","[""IL""]","[""KIA"", ""TOYOTA""]","[""STRAIGHT AHEAD"", ""TURNING RIGHT""]","[""OTHER (EXPLAIN IN NARRATIVE)"", ""SOUL""]","[""1""]","[""E"", ""N""]","[""1"", ""2""]","[""DRIVER""]","[""UNKNOWN""]","[""2061829"", ""2061838""]","[""OTHER"", ""SPORT UTILITY VEHICLE (SUV)""]","[""PERSONAL""]","[""2016"", ""2023""]","[""Y""]","[""Y""]","[""Y""]",[],[],[],[],[],"[""Y""]",[],[],[],[],[],[],[],"['33', '48']","[""DEPLOYMENT UNKNOWN""]","[""TEST NOT OFFERED""]","[""CHICAGO""]","[""2025-10-03T12:23:00.000""]","[""UNKNOWN""]","[""UNKNOWN""]","[""B"", ""D""]","[""IL""]","[""NONE""]",[],"[""O2162936"", ""O2162937""]","[""DRIVER""]","[""NORMAL"", ""UNKNOWN""]","[""USAGE UNKNOWN""]","[""F"", ""M""]","[""IL""]","[""2061829"", ""2061838""]","[""60618"", ""60639""]",[],[],[],[],[],[],2025,10,12,3,False,morning,41.95,-87.74,41.95_-87.74,40.5,33,48,OTHER,0
STRAIGHT AND LEVEL,1214,2025-10-03 12:19:00,6,12,10,1F9D242A95700C16965DF34ECB73969C887B68FCC13545E9F92EC50FDE76279A3891DBE626105B57A723B03A6FBB795231682E17513FA781C47F066442459002,NO INJURY / DRIVE AWAY,"$501 - $1,500",FUNCTIONING PROPERLY,REAR END,41.8856948719,DAYLIGHT,-87.6473280324,2,30,FAILING TO YIELD RIGHT-OF-WAY,NO DEFECTS,DRY,FAILING TO YIELD RIGHT-OF-WAY,N,201,TRAFFIC SIGNAL,FOUR WAY,CLEAR,0.0,0.0,1.0,0.0,0.0,1.0,1,3,"[""Y""]",[],"[""Y""]","[""2025-10-03T12:19:00.000""]","[""2162910"", ""2162911""]","[""FRONT"", ""NONE""]","[""IL"", ""PA""]","[""FREIGHTLINER CORPORATION"", ""VOLKSWAGEN""]","[""BACKING"", ""SLOW/STOP IN TRAFFIC""]","[""JETTA"", ""OTHER (EXPLAIN IN NARRATIVE)""]","[""1"", ""2""]","[""N""]","[""1"", ""2""]","[""DRIVER""]","[""OTHER"", ""UNKNOWN""]","[""2061843"", ""2061867""]","[""PASSENGER"", ""TRUCK - SINGLE UNIT""]","[""COMMERCIAL - MULTI-UNIT"", ""DRIVER EDUCATION""]","[""2015"", ""2025""]",[],[],"[""Y""]",[],[],[],[],[],[],[],"[""1""]",[],"[""Y""]",[],[],[],"['29', '47', '63']","[""NOT APPLICABLE""]","[""TEST NOT OFFERED"", ""TEST REFUSED""]","[""CHICAGO"", ""LAKEMOOR"", ""PHILADELPHIA""]","[""2025-10-03T12:19:00.000""]","[""FOLLOWED TOO CLOSELY"", ""NONE""]","[""NOT OBSCURED"", ""WINDSHIELD (WATER/ICE)""]",[],"[""IL"", ""PA""]","[""NONE""]",[],"[""O2162910"", ""O2162911"", ""P477310""]","[""DRIVER"", ""PASSENGER""]","[""NORMAL""]","[""USAGE UNKNOWN""]","[""M""]","[""IL"", ""PA""]","[""2061843"", ""2061867""]","[""19153"", ""60051"", ""60651""]",[],"[""3""]",[],[],[],[],2025,10,12,3,False,morning,41.89,-87.65,41.89_-87.65,46.333333333333336,29,63,FAILURE-TO-YIELD,0
STRAIGHT AND LEVEL,934,2025-10-03 12:15:00,6,12,10,FC235616A2305CE466AC6B0DC000A134A845A3A977CD5500B7E0E2684101A0A4D05CE4B8C4F109DFE63735DC9AAF1A96025FF3CB6ADF6D024CD346C0BD5E0B6A,NO INJURY / DRIVE AWAY,"OVER $1,500",NO CONTROLS,PEDALCYCLIST,41.8012416838,DAYLIGHT,-87.6637026542,2,30,UNABLE TO DETERMINE,UNKNOWN,DRY,UNABLE TO DETERMINE,S,5100,NO CONTROLS,UNKNOWN,CLEAR,0.0,0.0,0.0,0.0,0.0,1.0,2,1,"[""Y""]",[],[],"[""2025-10-03T12:15:00.000""]","[""2162841"", ""2162881""]","[""UNKNOWN""]","[""IL""]","[""CHEVROLET""]","[""UNKNOWN/NA""]","[""CRUZE""]","[""1""]","[""UNKNOWN""]","[""1"", ""2""]","[""BICYCLE"", ""DRIVER""]","[""UNKNOWN""]","[""2061751""]","[""UNKNOWN/NA""]","[""UNKNOWN/NA""]","[""2016""]",[],[],[],[],[],[],[],[],[],[],[],[],[],[],[],[],['71'],"[""NOT APPLICABLE""]","[""TEST NOT OFFERED""]","[""CHICAGO""]","[""2025-10-03T12:15:00.000""]","[""UNKNOWN""]","[""UNKNOWN""]","[""D""]","[""IL""]","[""NONE"", ""UNKNOWN""]",[],"[""O2162841"", ""O2162881""]","[""BICYCLE"", ""DRIVER""]","[""NORMAL""]","[""HELMET NOT USED"", ""SAFETY BELT USED""]","[""M""]","[""IL""]","[""2061751""]","[""60615""]",[],[],"[""CROSSING - AGAINST SIGNAL""]","[""IN ROADWAY""]","[""NO CONTRASTING CLOTHING""]",[],2025,10,12,3,False,morning,41.8,-87.66,41.8_-87.66,71.0,71,71,OTHER,0