alignment,beat_of_occurrence,crash_date,crash_day_of_week,crash_hour,crash_month,crash_record_id,crash_type,damage,device_condition,first_crash_type,latitude,lighting_condition,longitude,num_units,posted_speed_limit,prim_contributory_cause,road_defect,roadway_surface_cond,sec_contributory_cause,street_direction,street_no,traffic_control_device,trafficway_type,weather_condition,private_property_i,hit_and_run_i,intersection_related_i,crash_date_est_i,work_zone_i,workers_present_i,veh_count,ppl_count,veh_area_01_i_list_json,veh_area_02_i_list_json,veh_area_12_i_list_json,veh_crash_date_list_json,veh_crash_unit_id_list_json,veh_first_contact_point_list_json,veh_lic_plate_state_list_json,veh_make_list_json,veh_maneuver_list_json,veh_model_list_json,veh_occupant_cnt_list_json,veh_travel_direction_list_json,veh_unit_no_list_json,veh_unit_type_list_json,veh_vehicle_defect_list_json,veh_vehicle_id_list_json,veh_vehicle_type_list_json,veh_vehicle_use_list_json,veh_vehicle_year_list_json,veh_area_03_i_list_json,veh_area_04_i_list_json,veh_area_11_i_list_json,veh_towed_by_list_json,veh_towed_i_list_json,veh_area_07_i_list_json,veh_area_99_i_list_json,veh_area_09_i_list_json,veh_area_10_i_list_json,veh_cmrc_veh_i_list_json,veh_num_passengers_list_json,veh_area_08_i_list_json,veh_area_00_i_list_json,veh_area_05_i_list_json,veh_area_06_i_list_json,veh_towed_to_list_json,ppl_age_list_json,ppl_airbag_deployed_list_json,ppl_bac_result_list_json,ppl_city_list_json,ppl_crash_date_list_json,ppl_driver_action_list_json,ppl_driver_vision_list_json,ppl_drivers_license_class_list_json,ppl_drivers_license_state_list_json,ppl_ejection_list_json,ppl_hospital_list_json,ppl_person_id_list_json,ppl_person_type_list_json,ppl_physical_condition_list_json,ppl_safety_equipment_list_json,ppl_sex_list_json,ppl_state_list_json,ppl_vehicle_id_list_json,ppl_zipcode_list_json,ppl_ems_agency_list_json,ppl_seat_no_list_json,ppl_pedpedal_action_list_json,ppl_pedpedal_location_list_json,ppl_pedpedal_visibility_list_json,ppl_ems_run_no_list_json,year,month,hour,day,is_weekend,hour_bin,lat_bin,lng_bin,grid_id,ppl_age_mean,ppl_age_min,ppl_age_max,prim_contributory_cause_group,ksi_flag
STRAIGHT AND LEVEL,2522,2025-10-03 12:15:00,6,12,10,C3AD370383ECB960B3F1C249E0580ABB9B612DBD136B6AF02D3DA588C3D05B0CAA5291B2C8B50871E3FDF69444FF09237B4F0E39FFD78051110345C69B25795A,NO INJURY / DRIVE AWAY,"OVER $1,500",NO CONTROLS,TURNING,41.9230909849,DAYLIGHT,-87.7556800438,2,10,UNABLE TO DETERMINE,UNKNOWN,DRY,NOT APPLICABLE,W,5151,NO CONTROLS,ALLEY,CLEAR,0.0,0.0,0.0,0.0,0.0,1.0,1,2,"[""Y""]","[""Y""]","[""Y""]","[""2025-10-03T12:15:00.000""]","[""2162789"", ""2162790""]","[""FRONT"", ""SIDE-RIGHT""]","[""IL""]","[""JEEP"", ""NISSAN""]","[""STRAIGHT AHEAD"", ""TURNING RIGHT""]","[""CHEROKEE"", ""ROGUE""]","[""1""]","[""E"", ""NE""]","[""1"", ""2""]","[""DRIVER""]","[""UNKNOWN""]","[""2061693"", ""2061700""]","[""SPORT UTILITY VEHICLE (SUV)""]","[""PERSONAL""]","[""2018"", ""2019""]","[""Y""]","[""Y""]",[],[],[],[],[],[],[],[],[],[],[],[],[],[],"['28', '63']","[""NOT APPLICABLE""]","[""TEST NOT OFFERED""]","[""CHICAGO""]","[""2025-10-03T12:15:00.000""]","[""NONE"", ""OTHER""]","[""UNKNOWN""]","[""D""]","[""IL""]","[""NONE""]",[],"[""O2162789"", ""O2162790""]","[""DRIVER""]","[""NORMAL""]","[""USAGE UNKNOWN""]","[""F"", ""M""]","[""IL""]","[""2061693"", ""2061700""]","[""60639""]",[],[],[],[],[],[],2025,10,12,3,False,morning,41.92,-87.76,41.92_-87.76,45.5,28,63,OTHER,0
STRAIGHT AND LEVEL,1925,2025-10-03 12:13:00,6,12,10,B66E8DE104AD1ED3C6F0C15131D98DC72DD67298B097308AC19635D8032136F23D2E80C931F85FF856C699EA22F408AD636AA80E2024BE9376BFF4B9D2B0AC9B,NO INJURY / DRIVE AWAY,"$501 - $1,500",NO CONTROLS,TURNING,41.9483549695,DAYLIGHT,-87.6480417337,2,15,UNABLE TO DETERMINE,UNKNOWN,DRY,NOT APPLICABLE,N,3636,NO CONTROLS,PARKING LOT,CLEAR,0.0,0.0,0.0,0.0,0.0,1.0,1,2,"[""Y""]",[],[],"[""2025-10-03T12:13:00.000""]","[""2162795"", ""2162796""]","[""FRONT-RIGHT-CORNER"", ""SIDE-LEFT""]","[""IL""]","[""HONDA"", ""KIA""]","[""OTHER"", ""TURNING LEFT""]","[""HR-V"", ""OPTIMA / K5""]","[""1""]","[""S""]","[""1"", ""2""]","[""DRIVER""]","[""UNKNOWN""]","[""2061707"", ""2061716""]","[""PASSENGER""]","[""PERSONAL""]","[""2024"", ""2025""]",[],[],[],[],[],[],[],"[""Y""]",[],[],[],[],[],[],[],[],"['30', '53']","[""DID NOT DEPLOY""]","[""TEST NOT OFFERED""]","[""CHICAGO""]","[""2025-10-03T12:13:00.000""]","[""OTHER""]","[""UNKNOWN""]","[""D""]","[""IL""]","[""NONE""]",[],"[""O2162795"", ""O2162796""]","[""DRIVER""]","[""UNKNOWN""]","[""USAGE UNKNOWN""]","[""F"", ""M""]","[""IL""]","[""2061707"", ""2061716""]","[""60611"", ""60640""]",[],[],[],[],[],[],2025,10,12,3,False,morning,41.95,-87.65,41.95_-87.65,41.5,30,53,OTHER,0
STRAIGHT AND LEVEL,2212,2025-10-03 12:12:00,6,12,10,D8DAF94D79C030E7E346101C458585B670EFBD5A3012C585908828B887404C8F0AF3F52B6A4AC805730389E1D1CC2546CCD5421DEA7536260D9B8C8C508EABBC,NO INJURY / DRIVE AWAY,"OVER $1,500",FUNCTIONING PROPERLY,REAR END,41.7062881165,DAYLIGHT,-87.68147073,2,30,UNABLE TO DETERMINE,NO DEFECTS,DRY,NOT APPLICABLE,S,10301,TRAFFIC SIGNAL,FOUR WAY,CLEAR,0.0,1.0,0.0,0.0,0.0,1.0,1,0,[],[],[],"[""2025-10-03T12:12:00.000""]","[""2162764"", ""2162765""]","[""FRONT"", ""REAR""]","[""IL""]","[""CHEVROLET""]","[""STRAIGHT AHEAD""]","[""COBALT"", ""MALIBU""]","[""1""]","[""N""]","[""1"", ""2""]","[""DRIVER""]","[""NONE"", ""UNKNOWN""]","[""2061667"", ""2061670""]","[""PASSENGER""]","[""PERSONAL"", ""UNKNOWN/NA""]","[""2006"", ""2007""]",[],[],[],[],[],[],[],[],[],[],[],[],[],[],[],[],[],"[""DEPLOYMENT UNKNOWN"", ""DID NOT DEPLOY""]","[""TEST NOT OFFERED""]","[""CHICAGO""]","[""2025-10-03T12:12:00.000""]","[""FAILED TO YIELD"", ""NONE""]","[""NOT OBSCURED"", ""UNKNOWN""]",[],"[""IL""]","[""NONE""]",[],"[""O2162764"", ""O2162765""]","[""DRIVER""]","[""NORMAL"", ""UNKNOWN""]","[""SAFETY BELT NOT USED"", ""USAGE UNKNOWN""]","[""F""]","[""IL""]","[""2061667"", ""2061670""]","[""60620""]",[],[],[],[],[],[],2025,10,12,3,False,morning,41.71,-87.68,41.71_-87.68,0.0,0,0,OTHER,0
STRAIGHT AND LEVEL,814,2025-10-03 12:10:00,6,12,10,5C0C039AA4B9E0968266281760FFA91187C25E4E82B56679D2049A97268FD1409F561F3FE2FDB2FDFD1293275D7F30C9852EAA2290EC8BD3EB65782E17EC1541,NO INJURY / DRIVE AWAY,"OVER $1,500",NO CONTROLS,SIDESWIPE SAME DIRECTION,41.8090695474,DAYLIGHT,-87.7433331881,2,30,UNABLE TO DETERMINE,NO DEFECTS,DRY,NOT APPLICABLE,S,4610,NO CONTROLS,DIVIDED - W/MEDIAN BARRIER,CLEAR,0.0,0.0,0.0,0.0,0.0,1.0,1,2,"[""Y""]","[""Y""]",[],"[""2025-10-03T12:10:00.000""]","[""2162771"", ""2162772""]","[""SIDE-LEFT-REAR"", ""SIDE-RIGHT""]","[""IL""]","[""LEXUS"", ""SUBARU""]","[""STRAIGHT AHEAD""]","[""FORESTER"", ""RX300""]","[""1""]","[""S""]","[""1"", ""2""]","[""DRIVER""]","[""NONE""]","[""2061678"", ""2061680""]","[""PASSENGER"", ""SPORT UTILITY VEHICLE (SUV)""]","[""PERSONAL""]","[""2001"", ""2020""]","[""Y""]","[""Y""]",[],[],[],"[""Y""]",[],[],[],[],[],"[""Y""]",[],"[""Y""]",[],[],"['67', '71']","[""DID NOT DEPLOY""]","[""TEST NOT OFFERED""]","[""ALSIP"", ""BURBANK""]","[""2025-10-03T12:10:00.000""]","[""OTHER""]","[""NOT OBSCURED""]","[""D""]","[""IL""]","[""NONE""]",[],"[""O2162771"", ""O2162772""]","[""DRIVER""]","[""NORMAL""]","[""SAFETY BELT USED""]","[""F""]","[""IL""]","[""2061678"", ""2061680""]","[""60459"", ""60803""]",[],[],[],[],[],[],2025,10,12,3,False,morning,41.81,-87.74,41.81_-87.74,69.0,67,71,OTHER,0
STRAIGHT AND LEVEL,1931,2025-10-03 12:10:00,6,12,10,5C0599ADAD74E651D11426F66DD3F3A102607E8B04B8FA530C3D9C4A86CF7A2DEA52CAF82B570894A4C087DCC63717A5EA43CFADC2FA21A9A12B0566AB132FE3,NO INJURY / DRIVE AWAY,$500 OR LESS,NO CONTROLS,PARKED MOTOR VEHICLE,41.9310210058,DAYLIGHT,-87.6768640181,2,10,IMPROPER BACKING,NO DEFECTS,DRY,UNABLE TO DETERMINE,N,2746,NO CONTROLS,PARKING LOT,CLEAR,0.0,1.0,0.0,0.0,0.0,1.0,2,0,[],[],[],"[""2025-10-03T12:10:00.000""]","[""2167388"", ""2167389""]","[""REAR""]","[""IL""]","[""MAZDA"", ""UNKNOWN""]","[""BACKING"", ""PARKED""]","[""MAZDA6"", ""OTHER (EXPLAIN IN NARRATIVE)""]","[""0"", ""1""]","[""S""]","[""1"", ""2""]","[""DRIVER"", ""PARKED""]","[""NONE"", ""UNKNOWN""]","[""2066047"", ""2066050""]","[""PASSENGER"", ""UNKNOWN/NA""]","[""NOT IN USE"", ""UNKNOWN/NA""]","[""2004""]",[],[],[],[],[],[],[],[],[],[],[],[],[],[],[],[],[],"[""DEPLOYMENT UNKNOWN""]","[""TEST NOT OFFERED""]",[],"[""2025-10-03T12:10:00.000""]","[""IMPROPER BACKING""]","[""UNKNOWN""]",[],[],"[""NONE""]",[],"[""O2167388""]","[""DRIVER""]","[""UNKNOWN""]","[""USAGE UNKNOWN""]","[""F""]",[],"[""2066047""]",[],[],[],[],[],[],[],2025,10,12,3,False,morning,41.93,-87.68,41.93_-87.68,0.0,0,0,OTHER,0
STRAIGHT AND LEVEL,1431,2025-10-03 12:05:00,6,12,10,4FB4A5336061DCC7E4203EE9F6707001188B08BC6C46677247736222B0B0032DBA21DA40B2D7669F11B384261198116D2C5DC17F5663D526D0A11CA53A837757,NO INJURY / DRIVE AWAY,"OVER $1,500",NO CONTROLS,TURNING,41.9254871449,DAYLIGHT,-87.6878100486,2,30,IMPROPER TURNING/NO SIGNAL,UNKNOWN,DRY,IMPROPER OVERTAKING/PASSING,N,2416,NO CONTROLS,DIVIDED - W/MEDIAN (NOT RAISED),CLEAR,0.0,0.0,0.0,0.0,0.0,1.0,1,2,[],[],"[""Y""]","[""2025-10-03T12:05:00.000""]","[""2162813"", ""2162814""]","[""FRONT-LEFT-CORNER"", ""REAR-RIGHT-CORNER""]","[""IL""]","[""FORD"", ""HYUNDAI""]","[""STRAIGHT AHEAD"", ""TURNING RIGHT""]","[""ELANTRA"", ""RANGER""]","[""1""]","[""S"", ""SW""]","[""1"", ""2""]","[""DRIVER""]","[""NONE""]","[""2061714"", ""2061721""]","[""PASSENGER""]","[""PERSONAL""]","[""1996""]",[],[],"[""Y""]",[],[],[],[],[],[],[],[],[],[],"[""Y""]",[],[],"['53', '78']","[""DID NOT DEPLOY""]","[""TEST NOT OFFERED""]","[""CHICAGO""]","[""2025-10-03T12:05:00.000""]","[""IMPROPER TURN"", ""NONE""]","[""UNKNOWN""]",[],"[""IL""]","[""NONE""]",[],"[""O2162813"", ""O2162814""]","[""DRIVER""]","[""NORMAL""]","[""SAFETY BELT USED""]","[""F"", ""M""]","[""IL""]","[""2061714"", ""2061721""]","[""60608"", ""60647""]",[],[],[],[],[],[],2025,10,12,3,False,morning,41.93,-87.69,41.93_-87.69,65.5,53,78,OTHER,0
STRAIGHT AND LEVEL,913,2025-10-03 12:05:00,6,12,10,608216CC2333B946C37C96826196986BEC0C74DFD59EFC47B02A2CDCF7BAD463D4B539E321194C2392D5DDBA3D1E1AE7D2F442CC3D866E1ABAE4A76D21B2AF01,NO INJURY / DRIVE AWAY,"OVER $1,500",FUNCTIONING PROPERLY,PARKED MOTOR VEHICLE,41.8383819289,"DARKNESS, LIGHTED ROAD",-87.651470176,2,30,IMPROPER BACKING,NO DEFECTS,DRY,FAILING TO REDUCE SPEED TO AVOID CRASH,S,3053,TRAFFIC SIGNAL,ONE-WAY,CLEAR,0.0,1.0,0.0,1.0,0.0,1.0,2,0,"[""Y""]",[],"[""Y""]","[""2025-10-03T12:05:00.000""]","[""2168683"", ""2168684""]","[""FRONT"", ""REAR""]","[""IL""]","[""KIA"", ""TOYOTA""]","[""BACKING"", ""PARKED""]","[""OTHER (EXPLAIN IN NARRATIVE)"", ""YARIS""]","[""0"", ""1""]","[""N"", ""S""]","[""1"", ""2""]","[""DRIVER"", ""PARKED""]","[""NONE"", ""UNKNOWN""]","[""2067292"", ""2067293""]","[""PASSENGER""]","[""PERSONAL"", ""UNKNOWN/NA""]","[""2009"", ""2017""]",[],[],"[""Y""]",[],[],[],"[""Y""]",[],[],[],[],[],[],[],[],[],[],"[""DEPLOYMENT UNKNOWN""]","[""TEST NOT OFFERED""]","[""ROMEOVILLE""]","[""2025-10-03T12:05:00.000""]","[""IMPROPER BACKING""]","[""UNKNOWN""]",[],[],"[""NONE""]","[""DNA""]","[""O2168683""]","[""DRIVER""]","[""UNKNOWN""]","[""USAGE UNKNOWN""]","[""M""]","[""IL""]","[""2067292""]","[""60446""]","[""DNA""]",[],[],[],[],[],2025,10,12,3,False,morning,41.84,-87.65,41.84_-87.65,0.0,0,0,OTHER,0
STRAIGHT AND LEVEL,1622,2025-10-03 12:03:00,6,12,10,BED42AB5BA7E063E63F74FEE8E873A2CBC47BA41C6F02FBB08FCC95838431471D68E002439EF259809E6045F91CB16AC9AD49AF2D6ADBBBBF4C50321562EB32F,NO INJURY / DRIVE AWAY,"$501 - $1,500",NO CONTROLS,REAR END,41.9796410618,DAYLIGHT,-87.7876517691,2,30,UNABLE TO DETERMINE,NO DEFECTS,DRY,NOT APPLICABLE,N,5411,NO CONTROLS,NOT DIVIDED,CLEAR,0.0,0.0,0.0,0.0,0.0,1.0,1,2,"[""Y""]",[],"[""Y""]","[""2025-10-03T12:03:00.000""]","[""2162779"", ""2162780""]","[""FRONT"", ""REAR""]","[""IL""]","[""CHEVROLET""]","[""SLOW/STOP IN TRAFFIC""]","[""OTHER (EXPLAIN IN NARRATIVE)"", ""TRAVERSE""]","[""1""]","[""N""]","[""1"", ""2""]","[""DRIVER""]","[""NONE""]","[""2061686"", ""2061691""]","[""PASSENGER"", ""SPORT UTILITY VEHICLE (SUV)""]","[""COMMERCIAL - SINGLE UNIT"", ""PERSONAL""]","[""2020"", ""2022""]",[],[],[],[],[],"[""Y""]",[],[],[],[],[],[],[],"[""Y""]","[""Y""]",[],"['19', '50']","[""NOT APPLICABLE""]","[""TEST NOT OFFERED""]","[""CHICAGO""]","[""2025-10-03T12:03:00.000""]","[""NONE"", ""UNKNOWN""]","[""NOT OBSCURED""]",[],"[""IL""]","[""NONE""]",[],"[""O2162779"", ""O2162780""]","[""DRIVER""]","[""NORMAL""]","[""USAGE UNKNOWN""]","[""F"", ""M""]","[""IL""]","[""2061686"", ""2061691""]","[""60634"", ""60656""]",[],[],[],[],[],[],2025,10,12,3,False,morning,41.98,-87.79,41.98_-87.79,34.5,19,50,OTHER,0
STRAIGHT AND LEVEL,623,2025-10-03 12:00:00,6,12,10,C94C60013FBF79AEE063C9ADCE379DA550169460DDBB2D06919DC3F20804C0C2B36D6C8C9A5D7F4CDEFE8F304DD3A7E08D39669C6EF8F4CB8E973689D8551ECD,NO INJURY / DRIVE AWAY,"OVER $1,500",FUNCTIONING PROPERLY,TURNING,41.7564004067,DAYLIGHT,-87.6248696859,2,35,IMPROPER OVERTAKING/PASSING,NO DEFECTS,DRY,IMPROPER TURNING/NO SIGNAL,S,7600,TRAFFIC SIGNAL,DIVIDED - W/MEDIAN (NOT RAISED),CLEAR,0.0,1.0,1.0,0.0,0.0,1.0,1,0,"[""Y""]",[],"[""Y""]","[""2025-10-03T12:00:00.000""]","[""2162864"", ""2162865""]","[""FRONT-LEFT-CORNER"", ""FRONT-RIGHT-CORNER""]","[""IL""]","[""HONDA"", ""NISSAN""]","[""TURNING LEFT""]","[""MURANO"", ""PILOT""]","[""1""]","[""N""]","[""1"", ""2""]","[""DRIVER""]","[""NONE"", ""UNKNOWN""]","[""2061773"", ""2061775""]","[""SPORT UTILITY VEHICLE (SUV)""]","[""PERSONAL"", ""UNKNOWN/NA""]","[""2007"", ""2015""]",[],[],"[""Y""]",[],[],[],[],[],"[""Y""]",[],[],[],[],[],[],[],[],"[""DEPLOYMENT UNKNOWN"", ""DID NOT DEPLOY""]","[""TEST NOT OFFERED""]",[],"[""2025-10-03T12:00:00.000""]","[""IMPROPER TURN"", ""NONE""]","[""NOT OBSCURED"", ""UNKNOWN""]","[""D""]","[""IL""]","[""NONE""]",[],"[""O2162864"", ""O2162865""]","[""DRIVER""]","[""NORMAL"", ""UNKNOWN""]","[""SAFETY BELT USED"", ""USAGE UNKNOWN""]","[""F"", ""M""]",[],"[""2061773"", ""2061775""]",[],[],[],[],[],[],[],2025,10,12,3,False,morning,41.76,-87.62,41.76_-87.62,0.0,0,0,OTHER,0
STRAIGHT AND LEVEL,1134,2025-10-03 12:00:00,6,12,10,90B0E32E99C19C2D7DB684D36F1A64AFA60AC737997FD6CB1A8E4F15BE1FC5DAB2C00B1A21B9E8F56485CBFFDED3DE1B15CB33B25B436C5094CE22B22246F0A2,NO INJURY / DRIVE AWAY,"OVER $1,500",NO CONTROLS,PARKED MOTOR VEHICLE,41.8728951775,DAYLIGHT,-87.7052344577,2,20,UNABLE TO DETERMINE,NO DEFECTS,DRY,UNABLE TO DETERMINE,W,3144,NO CONTROLS,ONE-WAY,CLEAR,0.0,1.0,0.0,0.0,0.0,1.0,2,3,[],[],[],"[""2025-10-03T12:00:00.000""]","[""2162815"", ""2162816""]","[""REAR-RIGHT-CORNER"", ""UNKNOWN""]","[""IL""]","[""DODGE"", ""JEEP""]","[""PARKED"", ""STRAIGHT AHEAD""]","[""GRAND CARAVAN"", ""LIBERTY""]","[""1"", ""3""]","[""E""]","[""1"", ""2""]","[""DRIVER"", ""PARKED""]","[""UNKNOWN""]","[""2061713"", ""2061719""]","[""PASSENGER""]","[""PERSONAL""]","[""2007"", ""2019""]","[""Y""]","[""Y""]",[],[],[],[],"[""Y""]",[],[],[],"[""3""]",[],[],"[""Y""]","[""Y""]",[],"['46', '63', '67']","[""DEPLOYMENT UNKNOWN"", ""DID NOT DEPLOY""]","[""TEST NOT OFFERED""]","[""CHICAGO""]","[""2025-10-03T12:00:00.000""]","[""UNKNOWN""]","[""UNKNOWN""]",[],[],"[""NONE""]",[],"[""O2162815"", ""P477278"", ""P477279"", ""P477280""]","[""DRIVER"", ""PASSENGER""]","[""UNKNOWN""]","[""USAGE UNKNOWN""]","[""F"", ""M"", ""X""]","[""IL""]","[""2061713"", ""2061719""]","[""60612"", ""60643""]",[],"[""1"", ""3"", ""6""]",[],[],[],[],2025,10,12,3,False,morning,41.87,-87.71,41.87_-87.71,58.666666666666664,46,67,OTHER,0
STRAIGHT AND LEVEL,1034,2025-10-03 12:00:00,6,12,10,4EBA57B1E3439265EB3AF79E049139F5D68176FFA88679914C9EB07E6A0C09A8A9429288EC71BE110666084447EAF32717C0AECAA48B0D52B5537DC184C771A4,NO INJURY / DRIVE AWAY,"OVER $1,500",FUNCTIONING PROPERLY,REAR END,41.8476772004,DAYLIGHT,-87.6783166822,3,35,UNABLE TO DETERMINE,NO DEFECTS,DRY,UNABLE TO DETERMINE,S,2462,TRAFFIC SIGNAL,NOT DIVIDED,CLEAR,0.0,1.0,0.0,0.0,0.0,1.0,1,1,"[""Y""]","[""Y""]","[""Y""]","[""2025-10-03T12:00:00.000""]","[""2163176"", ""2163177"", ""2163178""]","[""REAR"", ""UNKNOWN""]","[""IL""]","[""ACURA"", ""JEEP"", ""UNKNOWN""]","[""SLOW/STOP IN TRAFFIC"", ""STRAIGHT AHEAD"", ""TURNING LEFT""]","[""COMPASS"", ""ENCLOSED BODY"", ""RL""]","[""1""]","[""E""]","[""1"", ""2"", ""3""]","[""DRIVER""]","[""NONE""]","[""2062077"", ""2062087"", ""2062088""]","[""PASSENGER""]","[""PERSONAL""]","[""2020""]","[""Y""]","[""Y""]",[],[],[],[],[],[],[],[],[],[],[],"[""Y""]","[""Y""]",[],['17'],"[""DEPLOYMENT UNKNOWN"", ""DID NOT DEPLOY"", ""NOT APPLICABLE""]","[""TEST NOT OFFERED""]","[""CHICAGO""]","[""2025-10-03T12:00:00.000""]","[""FAILED TO YIELD"", ""FOLLOWED TOO CLOSELY"", ""NONE""]","[""NOT OBSCURED"", ""UNKNOWN""]",[],"[""IL""]","[""NONE""]",[],"[""O2163176"", ""O2163177"", ""O2163178""]","[""DRIVER""]","[""NORMAL"", ""UNKNOWN""]","[""USAGE UNKNOWN""]","[""F"", ""X""]","[""IL""]","[""2062077"", ""2062087"", ""2062088""]","[""60623"", ""60660""]",[],[],[],[],[],[],2025,10,12,3,False,morning,41.85,-87.68,41.85_-87.68,17.0,17,17,OTHER,0
STRAIGHT AND LEVEL,822,2025-10-03 12:00:00,6,12,10,474EDF3C5B6DA7BFE4C34A930C2DE061AF06B1395E8F1D08A1375CD72B64EBE45621F3793F71A746E223B748F0E3F1D72D7BCC89E4E8F3D634C6390C154A60A5,NO INJURY / DRIVE AWAY,"OVER $1,500",NO CONTROLS,PARKED MOTOR VEHICLE,41.7953598882,DAYLIGHT,-87.7096938772,2,35,FAILING TO YIELD RIGHT-OF-WAY,NO DEFECTS,DRY,UNABLE TO DETERMINE,W,3428,NO CONTROLS,NOT DIVIDED,CLEAR,0.0,1.0,0.0,0.0,0.0,1.0,2,0,[],[],[],"[""2025-10-03T12:00:00.000""]","[""2162819"", ""2162820""]","[""REAR-RIGHT-CORNER"", ""UNKNOWN""]","[""IL""]","[""DODGE"", ""PORSCHE""]","[""PARKED"", ""STRAIGHT AHEAD""]","[""CAYENNE"", ""RAM 2500 PU""]","[""0"", ""1""]","[""E"", ""W""]","[""1"", ""2""]","[""DRIVER"", ""PARKED""]","[""NONE"", ""UNKNOWN""]","[""2061722"", ""2061725""]","[""PASSENGER"", ""PICKUP""]","[""NOT IN USE"", ""PERSONAL""]","[""2011""]","[""Y""]","[""Y""]",[],[],[],[],"[""Y""]",[],[],[],[],[],[],"[""Y""]","[""Y""]",[],[],"[""NOT APPLICABLE""]","[""TEST NOT OFFERED""]",[],"[""2025-10-03T12:00:00.000""]","[""NONE""]","[""NOT OBSCURED""]",[],[],"[""NONE""]",[],"[""O2162819""]","[""DRIVER""]","[""NORMAL""]","[""USAGE UNKNOWN""]","[""M""]",[],"[""2061722""]",[],[],[],[],[],[],[],2025,10,12,3,False,morning,41.8,-87.71,41.8_-87.71,0.0,0,0,FAILURE-TO-YIELD,0
STRAIGHT AND LEVEL,124,2025-10-03 12:00:00,6,12,10,0C0A64BC54D4A41F10C6992EEE6BDE11E4D03D01B4FC952A6307AE6397FC4B57725932F1C87DA76BD98527B726344A387D21629CA915797A5D74049CEC6C4120,INJURY AND / OR TOW DUE TO CRASH,"OVER $1,500",NO CONTROLS,REAR TO SIDE,41.8698325614,DAYLIGHT,-87.6419369875,2,30,IMPROPER BACKING,NO DEFECTS,DRY,UNABLE TO DETERMINE,W,564,NO CONTROLS,PARKING LOT,CLEAR,0.0,0.0,0.0,0.0,0.0,1.0,1,2,[],[],[],"[""2025-10-03T12:00:00.000""]","[""2162799"", ""2162800""]","[""REAR"", ""SIDE-LEFT""]","[""IL""]","[""HYUNDAI"", ""MERCEDES-BENZ""]","[""BACKING"", ""STRAIGHT AHEAD""]","[""250 SERIES"", ""ELANTRA""]","[""1""]","[""UNKNOWN""]","[""1"", ""2""]","[""DRIVER""]","[""NONE""]","[""2061710"", ""2061723""]","[""PASSENGER""]","[""PERSONAL""]","[""2005"", ""2020""]",[],[],[],[],[],[],[],"[""Y""]","[""Y""]",[],[],"[""Y""]",[],[],"[""Y""]",[],"['0', '19']","[""NOT APPLICABLE""]","[""TEST NOT OFFERED""]","[""BERWYN"", ""PALOS HILLS""]","[""2025-10-03T12:00:00.000""]","[""IMPROPER BACKING"", ""NONE""]","[""UNKNOWN""]","[""D""]","[""IL""]","[""NONE""]",[],"[""O2162799"", ""O2162800""]","[""DRIVER""]","[""NORMAL""]","[""USAGE UNKNOWN""]","[""M""]","[""IL""]","[""2061710"", ""2061723""]","[""60402"", ""60465""]",[],[],[],[],[],[],2025,10,12,3,False,morning,41.87,-87.64,41.87_-87.64,9.5,0,19,OTHER,1
STRAIGHT AND LEVEL,1711,2025-10-03 11:45:00,6,11,10,8B38232702268F597E0AA0DAA2E2AB5C6AC995B1278D708FF712A49D77AF02D4F455260C6FB3B7683F4791FAA62AD76E14AFB3218B4B36B649623CA0A210BD9E,NO INJURY / DRIVE AWAY,"OVER $1,500",NO CONTROLS,FIXED OBJECT,41.9904461648,DAYLIGHT,-87.7129735231,1,10,"VISION OBSCURED (SIGNS, TREE LIMBS, BUILDINGS, ETC.)",NO DEFECTS,DRY,DRIVING SKILLS/KNOWLEDGE/EXPERIENCE,W,3334,NO CONTROLS,ALLEY,CLEAR,0.0,0.0,0.0,0.0,0.0,1.0,1,1,[],[],[],"[""2025-10-03T11:45:00.000""]","[""2162766""]","[""REAR-LEFT-CORNER""]","[""FL""]","[""GENERAL MOTORS CORPORATION (GMC)""]","[""BACKING""]","[""SIERRA""]","[""1""]","[""N""]","[""1""]","[""DRIVER""]","[""NONE""]","[""2061672""]","[""PICKUP""]","[""PERSONAL""]","[""2015""]",[],[],[],[],[],"[""Y""]",[],[],[],[],[],[],[],[],"[""Y""]",[],['57'],"[""DID NOT DEPLOY""]","[""TEST NOT OFFERED""]","[""OCALA""]","[""2025-10-03T11:45:00.000""]","[""IMPROPER BACKING""]","[""BUILDINGS""]",[],"[""FL""]","[""NONE""]","[""REFUSED""]","[""O2162766""]","[""DRIVER""]","[""NORMAL""]","[""SAFETY BELT USED""]","[""M""]","[""FL""]","[""2061672""]","[""34480""]",[],[],[],[],[],[],2025,10,11,3,False,morning,41.99,-87.71,41.99_-87.71,57.0,57,57,LIGHTING/VISIBILITY,0