alignment,beat_of_occurrence,crash_date,crash_day_of_week,crash_hour,crash_month,crash_record_id,crash_type,damage,device_condition,first_crash_type,latitude,lighting_condition,longitude,num_units,posted_speed_limit,prim_contributory_cause,road_defect,roadway_surface_cond,sec_contributory_cause,street_direction,street_no,traffic_control_device,trafficway_type,weather_condition,private_property_i,hit_and_run_i,intersection_related_i,crash_date_est_i,work_zone_i,workers_present_i,veh_count,ppl_count,veh_area_01_i_list_json,veh_area_02_i_list_json,veh_area_12_i_list_json,veh_crash_date_list_json,veh_crash_unit_id_list_json,veh_first_contact_point_list_json,veh_lic_plate_state_list_json,veh_make_list_json,veh_maneuver_list_json,veh_model_list_json,veh_occupant_cnt_list_json,veh_travel_direction_list_json,veh_unit_no_list_json,veh_unit_type_list_json,veh_vehicle_defect_list_json,veh_vehicle_id_list_json,veh_vehicle_type_list_json,veh_vehicle_use_list_json,veh_vehicle_year_list_json,veh_area_03_i_list_json,veh_area_04_i_list_json,veh_area_11_i_list_json,veh_towed_by_list_json,veh_towed_i_list_json,veh_area_07_i_list_json,veh_area_99_i_list_json,veh_area_09_i_list_json,veh_area_10_i_list_json,veh_cmrc_veh_i_list_json,veh_num_passengers_list_json,veh_area_08_i_list_json,veh_area_00_i_list_json,veh_area_05_i_list_json,veh_area_06_i_list_json,veh_towed_to_list_json,ppl_age_list_json,ppl_airbag_deployed_list_json,ppl_bac_result_list_json,ppl_city_list_json,ppl_crash_date_list_json,ppl_driver_action_list_json,ppl_driver_vision_list_json,ppl_drivers_license_class_list_json,ppl_drivers_license_state_list_json,ppl_ejection_list_json,ppl_hospital_list_json,ppl_person_id_list_json,ppl_person_type_list_json,ppl_physical_condition_list_json,ppl_safety_equipment_list_json,ppl_sex_list_json,ppl_state_list_json,ppl_vehicle_id_list_json,ppl_zipcode_list_json,ppl_ems_agency_list_json,ppl_seat_no_list_json,ppl_pedpedal_action_list_json,ppl_pedpedal_location_list_json,ppl_pedpedal_visibility_list_json,ppl_ems_run_no_list_json,year,month,hour,day,is_weekend,hour_bin,lat_bin,lng_bin,grid_id,ppl_age_mean,ppl_age_min,ppl_age_max,prim_contributory_cause_group,ksi_flag
STRAIGHT AND LEVEL,931,2025-10-03 11:45:00,6,11,10,521E4C3B11CCA8AB87558A2FC0829377DCE078B9C1DF3B74A60F3E2F3F0D92552BA8D1D5F6B8CBAE5561EE4403FFA2738C07B4B093C1A7342F44C5AE178D5F4F,NO INJURY / DRIVE AWAY,"$501 - $1,500",NO CONTROLS,REAR END,41.8013116904,DAYLIGHT,-87.6770450982,2,30,FOLLOWING TOO CLOSELY,NO DEFECTS,DRY,CELL PHONE USE OTHER THAN TEXTING,W,2100,STOP SIGN/FLASHER,NOT DIVIDED,CLEAR,0.0,0.0,1.0,0.0,0.0,1.0,1,2,[],[],"[""Y""]","[""2025-10-03T11:45:00.000""]","[""2164462"", ""2164463""]","[""FRONT"", ""REAR""]","[""IL""]","[""NISSAN"", ""YELLOWSTONE, INC.""]","[""SLOW/STOP IN TRAFFIC"", ""STRAIGHT AHEAD""]","[""ALTIMA"", ""YELLOWSTONE, INC.""]","[""1"", ""2""]","[""W""]","[""1"", ""2""]","[""DRIVER""]","[""NONE""]","[""2063283"", ""2063397""]","[""BUS OVER 15 PASS."", ""PASSENGER""]","[""PERSONAL"", ""SCHOOL BUS""]","[""2009"", ""2019""]",[],[],[],[],[],[],[],[],[],[],"[""1""]",[],[],[],"[""Y""]",[],"['23', '33']","[""DID NOT DEPLOY""]","[""TEST NOT OFFERED""]","[""CHICAGO""]","[""2025-10-03T11:45:00.000""]","[""FOLLOWED TOO CLOSELY"", ""NONE""]","[""NOT OBSCURED""]","[""B"", ""D""]","[""IL""]","[""NONE""]",[],"[""O2164462"", ""O2164463"", ""P477841""]","[""DRIVER"", ""PASSENGER""]","[""NORMAL""]","[""SAFETY BELT USED""]","[""F""]","[""IL""]","[""2063283"", ""2063397""]","[""60609"", ""60639""]",[],"[""10""]",[],[],[],[],2025,10,11,3,False,morning,41.8,-87.68,41.8_-87.68,28.0,23,33,FOLLOWING TOO CLOSELY,0
STRAIGHT AND LEVEL,412,2025-10-03 11:45:00,6,11,10,C065738789938E175CC14561E4AED4B820557B70D0985BFD71B12F43DD2466D15AFE1E17734F362FDC9A9624F52E02F83818C0D8BA65B56F1D881E6B1759D2BE,NO INJURY / DRIVE AWAY,$500 OR LESS,NO CONTROLS,PARKED MOTOR VEHICLE,41.7367954576,DAYLIGHT,-87.5862725091,2,15,UNABLE TO DETERMINE,NO DEFECTS,DRY,NOT APPLICABLE,E,1543,NO CONTROLS,PARKING LOT,CLEAR,0.0,0.0,0.0,0.0,0.0,1.0,2,2,"[""Y""]","[""Y""]",[],"[""2025-10-03T11:45:00.000""]","[""2163305"", ""2163306""]","[""SIDE-LEFT"", ""SIDE-RIGHT""]","[""IL""]","[""FORD"", ""MAZDA""]","[""OTHER"", ""PARKED""]","[""CX-5"", ""FUSION""]","[""1""]","[""S""]","[""1"", ""2""]","[""DRIVER"", ""PARKED""]","[""NONE""]","[""2062197"", ""2062200""]","[""PASSENGER"", ""SPORT UTILITY VEHICLE (SUV)""]","[""PERSONAL""]","[""2016""]","[""Y""]","[""Y""]",[],[],[],[],[],"[""Y""]","[""Y""]",[],"[""1""]","[""Y""]",[],"[""Y""]",[],[],"['71', '74']","[""NOT APPLICABLE""]","[""TEST NOT OFFERED""]","[""CHICAGO""]","[""2025-10-03T11:45:00.000""]","[""NONE""]","[""NOT OBSCURED""]","[""D""]","[""IL""]","[""NONE""]",[],"[""O2163306"", ""P477401""]","[""DRIVER"", ""PASSENGER""]","[""NORMAL""]","[""SAFETY BELT USED""]","[""M""]","[""IL""]","[""2062197"", ""2062200""]","[""60615"", ""60619""]",[],"[""1""]",[],[],[],[],2025,10,11,3,False,morning,41.74,-87.59,41.74_-87.59,72.5,71,74,OTHER,0
STRAIGHT AND LEVEL,1824,2025-10-03 11:30:00,6,11,10,8FED33195A7C6D7C0C1A5DA6EE8B0CDAA2AFF0D247E49F7281ABD400231538912D872F538CB92988B5DD872AEBF35C5E0EDEE162B6A7A3826FFA6D467D1A9E18,NO INJURY / DRIVE AWAY,"OVER $1,500",NO CONTROLS,SIDESWIPE SAME DIRECTION,41.9009013487,DAYLIGHT,-87.625628848,2,30,FAILING TO YIELD RIGHT-OF-WAY,NO DEFECTS,DRY,FAILING TO REDUCE SPEED TO AVOID CRASH,E,100,NO CONTROLS,NOT DIVIDED,CLEAR,0.0,0.0,0.0,0.0,0.0,1.0,1,2,"[""Y""]",[],[],"[""2025-10-03T11:30:00.000""]","[""2162762"", ""2162763""]","[""FRONT-RIGHT-CORNER""]","[""IL""]","[""HONDA"", ""TOYOTA""]","[""CHANGING LANES"", ""STRAIGHT AHEAD""]","[""PILOT"", ""PRIUS""]","[""2""]","[""W""]","[""1"", ""2""]","[""DRIVER""]","[""NONE""]","[""2061669"", ""2061671""]","[""PASSENGER"", ""SPORT UTILITY VEHICLE (SUV)""]","[""RIDESHARE SERVICE""]","[""2009"", ""2010""]",[],[],"[""Y""]",[],[],[],[],"[""Y""]","[""Y""]",[],"[""1""]","[""Y""]",[],[],[],[],"['34', '65']","[""DID NOT DEPLOY""]","[""TEST NOT OFFERED""]","[""CHICAGO""]","[""2025-10-03T11:30:00.000""]","[""FAILED TO YIELD"", ""NONE""]","[""NOT OBSCURED""]","[""D""]","[""IL""]","[""NONE""]",[],"[""O2162762"", ""O2162763"", ""P477269"", ""P477270""]","[""DRIVER"", ""PASSENGER""]","[""NORMAL""]","[""SAFETY BELT USED""]","[""F"", ""M""]","[""IL""]","[""2061669"", ""2061671""]","[""60625"", ""60628""]",[],"[""6""]",[],[],[],[],2025,10,11,3,False,morning,41.9,-87.63,41.9_-87.63,49.5,34,65,FAILURE-TO-YIELD,0
STRAIGHT AND LEVEL,1923,2025-10-03 11:30:00,6,11,10,AB52E491BF6103A1C8A777E4A2ED4C375378B0D37D57E7ECE38D2984D831656E170B868A100AE57BFD6E36E5C32EF7716F7416F6805C7D5F6524E57A46303D7D,NO INJURY / DRIVE AWAY,$500 OR LESS,NO CONTROLS,OTHER OBJECT,41.9488084137,DAYLIGHT,-87.6622877585,1,10,NOT APPLICABLE,NO DEFECTS,DRY,NOT APPLICABLE,W,1315,NO CONTROLS,ALLEY,CLEAR,0.0,0.0,0.0,0.0,0.0,1.0,1,1,[],[],[],"[""2025-10-03T11:30:00.000""]","[""2162745""]","[""SIDE-RIGHT-REAR""]","[""IL""]","[""AUTOCAR""]","[""BACKING""]","[""AUTOCAR""]","[""1""]","[""S""]","[""1""]","[""DRIVER""]","[""NONE""]","[""2061653""]","[""TRUCK - SINGLE UNIT""]","[""OTHER""]","[""2007""]",[],[],[],[],[],[],[],[],[],[],[],[],"[""Y""]",[],[],[],['61'],"[""NOT APPLICABLE""]","[""TEST NOT OFFERED""]","[""CHICAGO""]","[""2025-10-03T11:30:00.000""]","[""NONE""]","[""OTHER""]",[],"[""IL""]","[""NONE""]",[],"[""O2162745""]","[""DRIVER""]","[""NORMAL""]","[""USAGE UNKNOWN""]","[""M""]",[],"[""2061653""]",[],[],[],[],[],[],[],2025,10,11,3,False,morning,41.95,-87.66,41.95_-87.66,61.0,61,61,OTHER,0
STRAIGHT AND LEVEL,1912,2025-10-03 11:20:00,6,11,10,AC1A9F86AAFE67777AB28E4C1C6C924F699EB66149B8D28EB13A0DD6A0067F8EC19CA9E5EAD87F7536159D445AC45EED1004C80F613E3F9C15100CC7DB67BD2A,NO INJURY / DRIVE AWAY,"OVER $1,500",NO CONTROLS,PARKED MOTOR VEHICLE,41.9615849341,DAYLIGHT,-87.6773328485,2,20,UNABLE TO DETERMINE,NO DEFECTS,DRY,NOT APPLICABLE,W,1930,NO CONTROLS,NOT DIVIDED,CLEAR,0.0,0.0,0.0,0.0,0.0,1.0,2,0,[],[],[],"[""2025-10-03T11:20:00.000""]","[""2162783"", ""2162784""]","[""FRONT-LEFT-CORNER"", ""UNKNOWN""]","[""IL""]","[""TESLA"", ""UNKNOWN""]","[""PARKED"", ""UNKNOWN/NA""]","[""MODEL 3"", ""MOTORIZED""]","[""0"", ""1""]","[""W""]","[""1"", ""2""]","[""DRIVER"", ""PARKED""]","[""NONE"", ""UNKNOWN""]","[""2061689"", ""2061692""]","[""PASSENGER"", ""UNKNOWN/NA""]","[""PERSONAL"", ""UNKNOWN/NA""]","[""2025""]",[],[],"[""Y""]",[],[],[],"[""Y""]",[],[],[],[],[],"[""N""]",[],[],[],[],"[""DEPLOYMENT UNKNOWN""]","[""TEST NOT OFFERED""]",[],"[""2025-10-03T11:20:00.000""]","[""UNKNOWN""]","[""UNKNOWN""]",[],[],"[""NONE""]",[],"[""O2162783""]","[""DRIVER""]","[""UNKNOWN""]","[""USAGE UNKNOWN""]","[""X""]",[],"[""2061689""]",[],[],[],[],[],[],[],2025,10,11,3,False,morning,41.96,-87.68,41.96_-87.68,0.0,0,0,OTHER,0
STRAIGHT AND LEVEL,431,2025-10-03 11:20:00,6,11,10,9B4901F2DB4E73F2CE29E65555405C14F9F6E0E525C419D0BFBB8C3095A1EE4FD9C35AEB1F714033F0ED86FDDD87D3B0C2563DF9B41C64271D0D211F3E96AAB6,INJURY AND / OR TOW DUE TO CRASH,"OVER $1,500",FUNCTIONING PROPERLY,ANGLE,41.7223544483,DAYLIGHT,-87.5757780641,2,30,FAILING TO YIELD RIGHT-OF-WAY,NO DEFECTS,DRY,DRIVING SKILLS/KNOWLEDGE/EXPERIENCE,E,1951,TRAFFIC SIGNAL,DIVIDED - W/MEDIAN (NOT RAISED),CLEAR,0.0,0.0,1.0,0.0,0.0,1.0,1,2,[],[],"[""Y""]","[""2025-10-03T11:20:00.000""]","[""2162749"", ""2162750""]","[""FRONT"", ""SIDE-LEFT""]","[""IL""]","[""CHEVROLET""]","[""STARTING IN TRAFFIC"", ""STRAIGHT AHEAD""]","[""IMPALA"", ""TRAX""]","[""1""]","[""E"", ""N""]","[""1"", ""2""]","[""DRIVER""]","[""NONE""]","[""2061656"", ""2061661""]","[""PASSENGER""]","[""PERSONAL""]","[""2011"", ""2018""]",[],[],"[""Y""]","[""PRIVATE TOW""]","[""Y""]",[],[],"[""Y""]","[""Y""]",[],[],[],[],[],[],[],"['31', '37']","[""DID NOT DEPLOY""]","[""TEST NOT OFFERED""]","[""CHICAGO""]","[""2025-10-03T11:20:00.000""]","[""FAILED TO YIELD"", ""NONE""]","[""NOT OBSCURED""]","[""D""]","[""IL""]","[""NONE""]",[],"[""O2162749"", ""O2162750""]","[""DRIVER""]","[""NORMAL""]","[""SAFETY BELT USED""]","[""M""]","[""IL""]","[""2061656"", ""2061661""]","[""60628"", ""60637""]",[],[],[],[],[],[],2025,10,11,3,False,morning,41.72,-87.58,41.72_-87.58,34.0,31,37,FAILURE-TO-YIELD,0
STRAIGHT AND LEVEL,613,2025-10-03 11:15:00,6,11,10,D202D3428E721BE242554A9850F91915426F22FC698FAE21B3005B17A446977A801EAE264E4C548C8D7AADF4FFF068508F9CC4F5D431C9BF6CC9418554CA9931,NO INJURY / DRIVE AWAY,"OVER $1,500",NO CONTROLS,PARKED MOTOR VEHICLE,41.7395938275,DAYLIGHT,-87.6447874487,2,30,UNABLE TO DETERMINE,NO DEFECTS,DRY,UNABLE TO DETERMINE,S,8501,NO CONTROLS,ONE-WAY,CLEAR,0.0,0.0,0.0,0.0,0.0,1.0,2,1,"[""Y""]","[""Y""]",[],"[""2025-10-03T11:15:00.000""]","[""2162753"", ""2162754""]","[""FRONT-RIGHT-CORNER"", ""REAR-LEFT-CORNER""]","[""IL""]","[""FORD"", ""TESLA""]","[""PARKED"", ""STRAIGHT AHEAD""]","[""MODEL 3"", ""OTHER (EXPLAIN IN NARRATIVE)""]","[""0"", ""1""]","[""E""]","[""1"", ""2""]","[""DRIVER"", ""PARKED""]","[""NONE""]","[""2061660"", ""2061668""]","[""OTHER"", ""PASSENGER""]","[""PERSONAL""]","[""2022""]",[],[],[],[],[],"[""Y""]",[],[],[],[],[],"[""Y""]",[],[],[],[],['63'],"[""NOT APPLICABLE""]","[""TEST NOT OFFERED""]","[""GLENDALE HEIGHT""]","[""2025-10-03T11:15:00.000""]","[""NONE""]","[""NOT OBSCURED""]","[""C""]","[""IL""]","[""NONE""]",[],"[""O2162753""]","[""DRIVER""]","[""NORMAL""]","[""SAFETY BELT USED""]","[""M""]","[""IL""]","[""2061660""]",[],[],[],[],[],[],[],2025,10,11,3,False,morning,41.74,-87.64,41.74_-87.64,63.0,63,63,OTHER,0
STRAIGHT AND LEVEL,1923,2025-10-03 11:15:00,6,11,10,712A5DD6C458A3F13B0A6A0EA64B5E3C34CA02E95DBDD13D1FBFBF8F1912946C83F3DBE4C8D1EEBB25574D9A938E587E0FD3F344A769AFA56EE0B31D46046A52,NO INJURY / DRIVE AWAY,"OVER $1,500",NO CONTROLS,REAR END,41.9472170023,DAYLIGHT,-87.6616595815,2,30,UNABLE TO DETERMINE,UNKNOWN,UNKNOWN,NOT APPLICABLE,W,1300,STOP SIGN/FLASHER,FOUR WAY,CLEAR,0.0,0.0,1.0,0.0,0.0,1.0,1,0,[],[],"[""Y""]","[""2025-10-03T11:15:00.000""]","[""2162722"", ""2162723""]","[""FRONT"", ""REAR""]","[""IL""]","[""LINCOLN"", ""TOYOTA""]","[""SLOW/STOP IN TRAFFIC"", ""STRAIGHT AHEAD""]","[""CORSAIR"", ""TACOMA""]","[""1""]","[""E""]","[""1"", ""2""]","[""DRIVER""]","[""UNKNOWN""]","[""2061627"", ""2061633""]","[""PASSENGER""]","[""UNKNOWN/NA""]","[""2025""]",[],[],[],[],[],[],[],[],[],[],[],[],[],[],"[""Y""]",[],[],"[""NOT APPLICABLE""]","[""TEST NOT OFFERED""]",[],"[""2025-10-03T11:15:00.000""]","[""UNKNOWN""]","[""UNKNOWN""]",[],"[""IL""]","[""NONE""]",[],"[""O2162722"", ""O2162723""]","[""DRIVER""]","[""UNKNOWN""]","[""USAGE UNKNOWN""]","[""M""]",[],"[""2061627"", ""2061633""]",[],[],[],[],[],[],[],2025,10,11,3,False,morning,41.95,-87.66,41.95_-87.66,0.0,0,0,OTHER,0
STRAIGHT AND LEVEL,131,2025-10-03 11:14:00,6,11,10,A10C8CA32276A56636CE68020AE6848EF7E7E9BD9B90C095CC611C4BFB7E8AF4BBC027DD547FD51CA1877464DFC8461C949D86A9C86725BE4BACAB0F4FE0928D,NO INJURY / DRIVE AWAY,"$501 - $1,500",FUNCTIONING PROPERLY,SIDESWIPE SAME DIRECTION,41.8527791585,DAYLIGHT,-87.6272344009,2,30,IMPROPER LANE USAGE,NO DEFECTS,DRY,NOT APPLICABLE,S,2200,TRAFFIC SIGNAL,NOT DIVIDED,CLEAR,0.0,0.0,1.0,0.0,0.0,1.0,1,2,[],[],[],"[""2025-10-03T11:14:00.000""]","[""2162751"", ""2162752""]","[""REAR-LEFT-CORNER"", ""SIDE-RIGHT""]","[""IL""]","[""BUICK"", ""NISSAN""]","[""CHANGING LANES"", ""STRAIGHT AHEAD""]","[""OTHER (EXPLAIN IN NARRATIVE)"", ""ROGUE""]","[""1"", ""3""]","[""S""]","[""1"", ""2""]","[""DRIVER""]","[""NONE""]","[""2061657"", ""2061663""]","[""PASSENGER"", ""SPORT UTILITY VEHICLE (SUV)""]","[""PERSONAL""]","[""2019"", ""2025""]","[""Y""]",[],[],[],[],"[""Y""]",[],[],[],[],"[""2""]",[],[],[],[],[],"['24', '54']","[""DID NOT DEPLOY""]","[""TEST NOT OFFERED""]","[""CHICAGO""]","[""2025-10-03T11:14:00.000""]","[""IMPROPER LANE CHANGE"", ""NONE""]","[""NOT OBSCURED""]",[],"[""IL""]","[""NONE"", ""UNKNOWN""]","[""NONE""]","[""O2162751"", ""O2162752"", ""P477267"", ""P477268""]","[""DRIVER"", ""PASSENGER""]","[""NORMAL""]","[""SAFETY BELT USED""]","[""F"", ""M""]","[""IL""]","[""2061657"", ""2061663""]","[""60605"", ""60653""]",[],"[""4"", ""6""]",[],[],[],[],2025,10,11,3,False,morning,41.85,-87.63,41.85_-87.63,39.0,24,54,OTHER,0
STRAIGHT AND LEVEL,824,2025-10-03 11:10:00,6,11,10,1849A3259ABA3390B0C3545CA8346EA455B6F65DAA103126A0C249028F246D5BEF1D1116E9967B2D85BFBA5DC4492F6BB7B1EB2BFCDC2FC75FA66703F21E8358,NO INJURY / DRIVE AWAY,"OVER $1,500",FUNCTIONING PROPERLY,REAR END,41.7923388699,DAYLIGHT,-87.6838521504,2,30,"VISION OBSCURED (SIGNS, TREE LIMBS, BUILDINGS, ETC.)",NO DEFECTS,DRY,UNABLE TO DETERMINE,S,5549,TRAFFIC SIGNAL,DIVIDED - W/MEDIAN (NOT RAISED),CLEAR,0.0,0.0,0.0,0.0,0.0,1.0,1,2,[],[],"[""Y""]","[""2025-10-03T11:10:00.000""]","[""2162777"", ""2162778""]","[""NONE"", ""OTHER""]","[""IL""]","[""FORD""]","[""SLOW/STOP IN TRAFFIC"", ""STRAIGHT AHEAD""]","[""F650"", ""TRANSIT""]","[""1""]","[""N""]","[""1"", ""2""]","[""DRIVER""]","[""NONE""]","[""2061682"", ""2061684""]","[""OTHER VEHICLE WITH TRAILER"", ""VAN/MINI-VAN""]","[""OTHER""]","[""2003"", ""2024""]",[],[],[],[],[],[],[],[],[],[],[],[],"[""Y""]",[],[],[],"['42', '51']","[""NOT APPLICABLE""]","[""TEST NOT OFFERED""]","[""CHICAGO"", ""NILES""]","[""2025-10-03T11:10:00.000""]","[""NONE"", ""TOO FAST FOR CONDITIONS""]","[""BLINDED - SUNLIGHT"", ""NOT OBSCURED""]","[""D""]","[""IL""]","[""NONE""]",[],"[""O2162777"", ""O2162778""]","[""DRIVER""]","[""NORMAL""]","[""SAFETY BELT USED""]","[""M""]","[""IL""]","[""2061682"", ""2061684""]","[""60638"", ""60714""]",[],[],[],[],[],[],2025,10,11,3,False,morning,41.79,-87.68,41.79_-87.68,46.5,42,51,LIGHTING/VISIBILITY,0
STRAIGHT AND LEVEL,835,2025-10-03 11:05:00,6,11,10,EC5D236F1BF1248DBEDB0E33397149A205B52F26D28D122BC77B2605391CC9E14C5CEF67D527C018BE2FF19C8C20BDD8A29C9F4AFE0A1912F15BECFC0EA5229A,INJURY AND / OR TOW DUE TO CRASH,"OVER $1,500",NO CONTROLS,TURNING,41.7498354515,DAYLIGHT,-87.7117853572,2,30,UNABLE TO DETERMINE,NO DEFECTS,DRY,UNABLE TO DETERMINE,W,3556,NO CONTROLS,DIVIDED - W/MEDIAN BARRIER,CLEAR,0.0,0.0,1.0,0.0,0.0,1.0,1,2,"[""Y""]","[""Y""]","[""Y""]","[""2025-10-03T11:05:00.000""]","[""2162716"", ""2162717""]","[""FRONT-RIGHT-CORNER"", ""SIDE-LEFT-FRONT""]","[""IL""]","[""CHEVROLET"", ""TOYOTA""]","[""STRAIGHT AHEAD"", ""TURNING LEFT""]","[""COROLLA"", ""EQUINOX""]","[""1""]","[""N"", ""W""]","[""1"", ""2""]","[""DRIVER""]","[""NONE""]","[""2061629"", ""2061639""]","[""PASSENGER"", ""SPORT UTILITY VEHICLE (SUV)""]","[""PERSONAL"", ""UNKNOWN/NA""]","[""2015"", ""2019""]","[""Y""]",[],"[""Y""]","[""OWNER""]","[""Y""]",[],[],[],"[""Y""]",[],[],[],[],[],[],[],"['32', '39']","[""DEPLOYED, FRONT"", ""DID NOT DEPLOY""]","[""TEST NOT OFFERED""]","[""BLUEISLAND"", ""CHICAGO""]","[""2025-10-03T11:05:00.000""]","[""UNKNOWN""]","[""NOT OBSCURED"", ""UNKNOWN""]","[""D""]","[""IL""]","[""NONE""]","[""HXH""]","[""O2162716"", ""O2162717""]","[""DRIVER""]","[""NORMAL""]","[""SAFETY BELT USED"", ""USAGE UNKNOWN""]","[""F"", ""M""]","[""IL""]","[""2061629"", ""2061639""]","[""60406"", ""60652""]","[""CFD""]",[],[],[],[],[],2025,10,11,3,False,morning,41.75,-87.71,41.75_-87.71,35.5,32,39,OTHER,1
STRAIGHT AND LEVEL,2534,2025-10-03 11:05:00,6,11,10,47AD7E3A3E149D8F6DC25F74E0ABDB53357554C837A3605D01858FAD8BA2982B62578BBE7A8951C52938E4090104FA4D4476102696B33F312CE18324846EE086,NO INJURY / DRIVE AWAY,"OVER $1,500",NO CONTROLS,PARKED MOTOR VEHICLE,41.9098770283,DAYLIGHT,-87.7354854,2,10,UNABLE TO DETERMINE,UNKNOWN,DRY,UNABLE TO DETERMINE,W,4348,NO CONTROLS,PARKING LOT,CLEAR,1.0,1.0,0.0,0.0,0.0,1.0,2,0,[],[],[],"[""2025-10-03T11:05:00.000""]","[""2162741"", ""2162742""]","[""FRONT-RIGHT-CORNER"", ""SIDE-LEFT""]","[""IL""]","[""KIA"", ""UNKNOWN""]","[""PARKED"", ""TURNING LEFT""]","[""OTHER (EXPLAIN IN NARRATIVE)"", ""SOUL""]","[""0"", ""1""]","[""E"", ""N""]","[""1"", ""2""]","[""DRIVER"", ""PARKED""]","[""UNKNOWN""]","[""2061647"", ""2061655""]","[""PASSENGER"", ""PICKUP""]","[""PERSONAL"", ""UNKNOWN/NA""]","[""2011""]",[],[],[],[],[],[],"[""Y""]","[""Y""]",[],[],[],[],[],[],[],[],[],"[""NOT APPLICABLE""]","[""TEST NOT OFFERED""]",[],"[""2025-10-03T11:05:00.000""]","[""UNKNOWN""]","[""UNKNOWN""]",[],"[""XX""]","[""NONE""]",[],"[""O2162741""]","[""DRIVER""]","[""UNKNOWN""]","[""USAGE UNKNOWN""]","[""M""]",[],"[""2061647""]",[],[],[],[],[],[],[],2025,10,11,3,False,morning,41.91,-87.74,41.91_-87.74,0.0,0,0,OTHER,0
STRAIGHT AND LEVEL,1624,2025-10-03 11:00:00,6,11,10,EB6D3A0953601985849DCD3DAAAB50131AF5EBB368AAE1784EE41337DE65B7A8FC5A54EAAB182587F6442608C87A4B8A1CA1BE3A72ABD6BD0FFEED8EB2E0B3C4,NO INJURY / DRIVE AWAY,"$501 - $1,500",NO CONTROLS,PARKED MOTOR VEHICLE,41.9556340044,DAYLIGHT,-87.762302331,2,30,UNABLE TO DETERMINE,NO DEFECTS,DRY,UNABLE TO DETERMINE,N,4118,NO CONTROLS,NOT DIVIDED,CLEAR,0.0,1.0,0.0,0.0,0.0,1.0,2,0,[],[],[],"[""2025-10-03T11:00:00.000""]","[""2162896"", ""2162897""]","[""REAR-LEFT-CORNER"", ""UNKNOWN""]","[""IL""]","[""FLEETWOOD ENTERPRISES, INC."", ""MAZDA""]","[""BACKING"", ""PARKED""]","[""CX-30"", ""FLEETWOOD ENTERPRISES, INC.""]","[""0"", ""1""]","[""UNKNOWN""]","[""1"", ""2""]","[""DRIVER"", ""PARKED""]","[""NONE"", ""UNKNOWN""]","[""2061792"", ""2061795""]","[""PASSENGER"", ""TRUCK - SINGLE UNIT""]","[""OTHER"", ""PERSONAL""]","[""2024""]",[],[],[],[],[],"[""Y""]","[""Y""]",[],[],[],[],[],[],[],[],[],[],"[""DEPLOYMENT UNKNOWN""]","[""TEST NOT OFFERED""]",[],"[""2025-10-03T11:00:00.000""]","[""UNKNOWN""]","[""UNKNOWN""]",[],[],"[""UNKNOWN""]",[],"[""O2162896""]","[""DRIVER""]","[""UNKNOWN""]","[""USAGE UNKNOWN""]","[""X""]",[],"[""2061795""]",[],[],[],[],[],[],[],2025,10,11,3,False,morning,41.96,-87.76,41.96_-87.76,0.0,0,0,OTHER,0
STRAIGHT AND LEVEL,413,2025-10-03 11:00:00,6,11,10,8A84DD7349EB85E9171D65CA54C94105BE97CC51D32C726304EC7D81A4BC5A749B4C2AE55C3EF24C464158C26595B490069153233DAAF13D1D0C2D5DF35BAB71,NO INJURY / DRIVE AWAY,"OVER $1,500",NO CONTROLS,PARKED MOTOR VEHICLE,41.7267181504,DAYLIGHT,-87.5753147953,2,30,IMPROPER BACKING,NO DEFECTS,DRY,NOT APPLICABLE,S,9241,NO CONTROLS,NOT DIVIDED,CLEAR,0.0,0.0,0.0,0.0,0.0,1.0,2,1,[],[],[],"[""2025-10-03T11:00:00.000""]","[""2162862"", ""2162863""]","[""SIDE-LEFT"", ""SIDE-RIGHT-REAR""]","[""IL""]","[""CHEVROLET"", ""TOYOTA""]","[""BACKING"", ""PARKED""]","[""TRAIL BLAZER"", ""TUNDRA""]","[""0"", ""1""]","[""E"", ""N""]","[""1"", ""2""]","[""DRIVER"", ""PARKED""]","[""NONE"", ""UNKNOWN""]","[""2061766"", ""2061780""]","[""PASSENGER"", ""PICKUP""]","[""PERSONAL""]","[""2020"", ""2024""]",[],[],[],[],[],[],[],"[""Y""]",[],[],[],[],[],"[""Y""]",[],[],['56'],"[""DID NOT DEPLOY""]","[""TEST NOT OFFERED""]","[""CHICAGO""]","[""2025-10-03T11:00:00.000""]","[""IMPROPER BACKING""]","[""NOT OBSCURED""]","[""D""]","[""IL""]","[""NONE""]",[],"[""O2162862""]","[""DRIVER""]","[""NORMAL""]","[""SAFETY BELT USED""]","[""F""]","[""IL""]","[""2061766""]","[""60617""]",[],[],[],[],[],[],2025,10,11,3,False,morning,41.73,-87.58,41.73_-87.58,56.0,56,56,OTHER,0
STRAIGHT AND LEVEL,614,2025-10-03 11:00:00,6,11,10,0DBA396BA85FBCFC0E628371A48D927C25E4827F6CAC36F983ED5103BD44CC9350EE0CE06C3DA977EFB57D1F2E56BB6D560B3209F2A4C3BA89F2BEBAC614E767,NO INJURY / DRIVE AWAY,"OVER $1,500",NO CONTROLS,PARKED MOTOR VEHICLE,41.7436616627,DAYLIGHT,-87.6682733762,2,20,UNABLE TO DETERMINE,NO DEFECTS,DRY,NOT APPLICABLE,S,8238,NO CONTROLS,ONE-WAY,CLEAR,0.0,1.0,0.0,0.0,0.0,1.0,2,0,[],[],"[""Y""]","[""2025-10-03T11:00:00.000""]","[""2162729"", ""2162730""]","[""FRONT"", ""UNKNOWN""]","[""IL""]","[""UNKNOWN"", ""VOLKSWAGEN""]","[""PARKED"", ""UNKNOWN/NA""]","[""JETTA"", ""OTHER (EXPLAIN IN NARRATIVE)""]","[""0"", ""1""]","[""S"", ""UNKNOWN""]","[""1"", ""2""]","[""DRIVER"", ""PARKED""]","[""NONE"", ""UNKNOWN""]","[""2061628"", ""2061630""]","[""PASSENGER"", ""UNKNOWN/NA""]","[""PERSONAL"", ""UNKNOWN/NA""]","[""2025""]",[],[],[],[],[],[],"[""Y""]",[],[],[],[],[],[],[],[],[],[],"[""DEPLOYMENT UNKNOWN""]","[""TEST NOT OFFERED""]",[],"[""2025-10-03T11:00:00.000""]","[""UNKNOWN""]","[""UNKNOWN""]",[],[],"[""NONE""]",[],"[""O2162729""]","[""DRIVER""]","[""UNKNOWN""]","[""USAGE UNKNOWN""]","[""X""]",[],"[""2061628""]",[],[],[],[],[],[],[],2025,10,11,3,False,morning,41.74,-87.67,41.74_-87.67,0.0,0,0,OTHER,0