alignment,beat_of_occurrence,crash_date,crash_day_of_week,crash_hour,crash_month,crash_record_id,crash_type,damage,device_condition,first_crash_type,latitude,lighting_condition,longitude,num_units,posted_speed_limit,prim_contributory_cause,road_defect,roadway_surface_cond,sec_contributory_cause,street_direction,street_no,traffic_control_device,trafficway_type,weather_condition,private_property_i,hit_and_run_i,intersection_related_i,crash_date_est_i,work_zone_i,workers_present_i,veh_count,ppl_count,veh_area_01_i_list_json,veh_area_02_i_list_json,veh_area_12_i_list_json,veh_crash_date_list_json,veh_crash_unit_id_list_json,veh_first_contact_point_list_json,veh_lic_plate_state_list_json,veh_make_list_json,veh_maneuver_list_json,veh_model_list_json,veh_occupant_cnt_list_json,veh_travel_direction_list_json,veh_unit_no_list_json,veh_unit_type_list_json,veh_vehicle_defect_list_json,veh_vehicle_id_list_json,veh_vehicle_type_list_json,veh_vehicle_use_list_json,veh_vehicle_year_list_json,veh_area_03_i_list_json,veh_area_04_i_list_json,veh_area_11_i_list_json,veh_towed_by_list_json,veh_towed_i_list_json,veh_area_07_i_list_json,veh_area_99_i_list_json,veh_area_09_i_list_json,veh_area_10_i_list_json,veh_cmrc_veh_i_list_json,veh_num_passengers_list_json,veh_area_08_i_list_json,veh_area_00_i_list_json,veh_area_05_i_list_json,veh_area_06_i_list_json,veh_towed_to_list_json,ppl_age_list_json,ppl_airbag_deployed_list_json,ppl_bac_result_list_json,ppl_city_list_json,ppl_crash_date_list_json,ppl_driver_action_list_json,ppl_driver_vision_list_json,ppl_drivers_license_class_list_json,ppl_drivers_license_state_list_json,ppl_ejection_list_json,ppl_hospital_list_json,ppl_person_id_list_json,ppl_person_type_list_json,ppl_physical_condition_list_json,ppl_safety_equipment_list_json,ppl_sex_list_json,ppl_state_list_json,ppl_vehicle_id_list_json,ppl_zipcode_list_json,ppl_ems_agency_list_json,ppl_seat_no_list_json,ppl_pedpedal_action_list_json,ppl_pedpedal_location_list_json,ppl_pedpedal_visibility_list_json,ppl_ems_run_no_list_json,year,month,hour,day,is_weekend,hour_bin,lat_bin,lng_bin,grid_id,ppl_age_mean,ppl_age_min,ppl_age_max,prim_contributory_cause_group,ksi_flag
STRAIGHT AND LEVEL,313,2025-10-03 10:40:00,6,10,10,F20363820893F797753796988CA942AAD41B7D2C89EC4BDB56B29EE2E89B2E984D3F34AEE2B511D80A518E4A0E17A3E06E95779125621A756FD6F59871BE72EB,NO INJURY / DRIVE AWAY,"OVER $1,500",FUNCTIONING PROPERLY,REAR END,41.785387445,DAYLIGHT,-87.606183761,2,15,FOLLOWING TOO CLOSELY,NO DEFECTS,DRY,NOT APPLICABLE,S,6014,STOP SIGN/FLASHER,NOT DIVIDED,CLEAR,0.0,0.0,0.0,0.0,0.0,1.0,1,2,"[""Y""]","[""Y""]","[""Y""]","[""2025-10-03T10:40:00.000""]","[""2162710"", ""2162711""]","[""FRONT-RIGHT-CORNER"", ""REAR-LEFT-CORNER""]","[""IL"", ""IN""]","[""BUICK"", ""NISSAN""]","[""STRAIGHT AHEAD""]","[""ALTIMA"", ""LACROSSE""]","[""1""]","[""E""]","[""1"", ""2""]","[""DRIVER""]","[""NONE""]","[""2061623"", ""2061645""]","[""PASSENGER""]","[""PERSONAL""]","[""2016""]",[],[],[],[],[],"[""Y""]",[],[],[],[],[],"[""Y""]",[],[],"[""Y""]",[],"['52', '57']","[""NOT APPLICABLE""]","[""TEST NOT OFFERED""]","[""HILLSIDE"", ""MERRIVILLE""]","[""2025-10-03T10:40:00.000""]","[""FOLLOWED TOO CLOSELY"", ""NONE""]","[""NOT OBSCURED""]","[""D""]","[""IL"", ""IN""]","[""NONE""]",[],"[""O2162710"", ""O2162711""]","[""DRIVER""]","[""NORMAL"", ""UNKNOWN""]","[""USAGE UNKNOWN""]","[""F""]","[""IL"", ""IN""]","[""2061623"", ""2061645""]","[""46410"", ""60162""]",[],[],[],[],[],[],2025,10,10,3,False,morning,41.79,-87.61,41.79_-87.61,54.5,52,57,FOLLOWING TOO CLOSELY,0
STRAIGHT AND LEVEL,1833,2025-10-03 10:40:00,6,10,10,3E083AFA0097FBBD0895932686F5725BEC079CA4660F4FA6BA570EDE219EB79FF73A25AB811563BA0FDF433A0BBEA4BA70FA66CF037541F12CB37966DADF7445,NO INJURY / DRIVE AWAY,"OVER $1,500",NO CONTROLS,SIDESWIPE SAME DIRECTION,41.8993040964,DAYLIGHT,-87.6252364915,2,30,NOT APPLICABLE,NO DEFECTS,DRY,NOT APPLICABLE,E,120,NO CONTROLS,ONE-WAY,CLEAR,0.0,0.0,0.0,0.0,0.0,1.0,1,2,[],[],[],"[""2025-10-03T10:40:00.000""]","[""2163150"", ""2163151""]","[""FRONT-LEFT-CORNER"", ""SIDE-RIGHT""]","[""IL""]","[""LINCOLN"", ""TOYOTA""]","[""OTHER"", ""STRAIGHT AHEAD""]","[""HIGHLANDER"", ""OTHER (EXPLAIN IN NARRATIVE)""]","[""1"", ""2""]","[""E""]","[""1"", ""2""]","[""DRIVER""]","[""NONE""]","[""2062033"", ""2062034""]","[""SPORT UTILITY VEHICLE (SUV)""]","[""PERSONAL"", ""RIDESHARE SERVICE""]","[""2022""]","[""Y""]",[],"[""Y""]",[],[],[],[],[],[],[],"[""1""]",[],[],[],[],[],"['41', '47']","[""DID NOT DEPLOY"", ""NOT APPLICABLE""]","[""TEST NOT OFFERED""]","[""CHICAGO""]","[""2025-10-03T10:40:00.000""]","[""NONE""]","[""NOT OBSCURED""]","[""D""]","[""IL""]","[""NONE""]",[],"[""O2163150"", ""O2163151"", ""P477364""]","[""DRIVER"", ""PASSENGER""]","[""NORMAL""]","[""SAFETY BELT NOT USED"", ""SAFETY BELT USED"", ""USAGE UNKNOWN""]","[""M""]","[""IL""]","[""2062033"", ""2062034""]","[""60640"", ""60659""]",[],"[""6""]",[],[],[],[],2025,10,10,3,False,morning,41.9,-87.63,41.9_-87.63,44.0,41,47,OTHER,0
STRAIGHT AND LEVEL,1632,2025-10-03 10:28:00,6,10,10,38823A796FE21AA95B8F2FAD956DD774DF503660566A71DE6A7BAD89F44344C7EB72F1FA3F43A5D922D9D01FF1E2454DC0874158931AA2CF78939DEE7C44DEF2,INJURY AND / OR TOW DUE TO CRASH,$500 OR LESS,FUNCTIONING PROPERLY,ANGLE,41.9526437098,DAYLIGHT,-87.7956932249,2,30,FAILING TO YIELD RIGHT-OF-WAY,NO DEFECTS,DRY,NOT APPLICABLE,W,6747,TRAFFIC SIGNAL,DIVIDED - W/MEDIAN (NOT RAISED),CLEAR,0.0,0.0,0.0,0.0,0.0,1.0,1,2,[],[],"[""Y""]","[""2025-10-03T10:28:00.000""]","[""2162708"", ""2162709""]","[""SIDE-LEFT-FRONT"", ""SIDE-LEFT-REAR""]","[""IL""]","[""HONDA""]","[""STARTING IN TRAFFIC"", ""STRAIGHT AHEAD""]","[""CIVIC"", ""PILOT""]","[""1""]","[""E"", ""N""]","[""1"", ""2""]","[""DRIVER""]","[""NONE""]","[""2061613"", ""2061617""]","[""PASSENGER"", ""SPORT UTILITY VEHICLE (SUV)""]","[""PERSONAL""]","[""2011"", ""2013""]",[],[],"[""Y""]",[],[],[],[],"[""Y""]",[],[],[],"[""Y""]",[],[],[],[],"['24', '32']","[""DID NOT DEPLOY""]","[""TEST NOT OFFERED""]","[""CHICAGO""]","[""2025-10-03T10:28:00.000""]","[""FAILED TO YIELD"", ""NONE""]","[""NOT OBSCURED""]","[""D""]","[""IL""]","[""NONE""]","[""RES NORTH""]","[""O2162708"", ""O2162709""]","[""DRIVER""]","[""NORMAL""]","[""SAFETY BELT USED""]","[""F"", ""M""]","[""IL""]","[""2061613"", ""2061617""]","[""60634""]",[],[],[],[],[],[],2025,10,10,3,False,morning,41.95,-87.8,41.95_-87.8,28.0,24,32,FAILURE-TO-YIELD,1
STRAIGHT AND LEVEL,823,2025-10-03 10:25:00,6,10,10,766C89823A60B35A8FFDD233432CE20EB94C4F00979B64D17963703835DD10D03903F728D65E52A56FB470BD0FB51D3526B7B7651EDE921453B459342C23EC9D,NO INJURY / DRIVE AWAY,"$501 - $1,500",FUNCTIONING PROPERLY,ANGLE,41.7789457502,DAYLIGHT,-87.703283119,2,30,DISREGARDING TRAFFIC SIGNALS,NO DEFECTS,DRY,DISREGARDING TRAFFIC SIGNALS,S,6300,TRAFFIC SIGNAL,FOUR WAY,CLEAR,0.0,0.0,1.0,0.0,0.0,1.0,1,1,"[""Y""]",[],[],"[""2025-10-03T10:25:00.000""]","[""2168780"", ""2168781""]","[""FRONT-RIGHT-CORNER"", ""REAR-RIGHT-CORNER""]","[""IL""]","[""CHRYSLER"", ""TOYOTA""]","[""STRAIGHT AHEAD""]","[""CARAVAN"", ""YARIS""]","[""1"", ""2""]","[""E"", ""S""]","[""1"", ""2""]","[""DRIVER""]","[""NONE"", ""UNKNOWN""]","[""2067379"", ""2067383""]","[""PASSENGER"", ""VAN/MINI-VAN""]","[""PERSONAL"", ""POLICE""]","[""2015"", ""2026""]",[],[],[],[],[],[],[],[],[],[],"[""1""]",[],[],"[""Y""]",[],[],['29'],"[""DID NOT DEPLOY""]","[""TEST NOT OFFERED""]","[""CHICAGO""]","[""2025-10-03T10:25:00.000""]","[""DISREGARDED CONTROL DEVICES"", ""NONE""]","[""NOT OBSCURED"", ""UNKNOWN""]","[""D""]","[""IL""]","[""NONE""]",[],"[""O2168780"", ""O2168781"", ""P478544""]","[""DRIVER"", ""PASSENGER""]","[""NORMAL"", ""UNKNOWN""]","[""SAFETY BELT USED"", ""USAGE UNKNOWN""]","[""M""]","[""IL""]","[""2067379"", ""2067383""]","[""60629""]",[],"[""6""]",[],[],[],[],2025,10,10,3,False,morning,41.78,-87.7,41.78_-87.7,29.0,29,29,OTHER,0
STRAIGHT AND LEVEL,1622,2025-10-03 10:21:00,6,10,10,12FCA4A930377C322D8733AF2DFE18FC0ECFCE92CDD653DB088A64892A99EF889DDD63804F3D24111262985DE3644B4A4E07D68DEE24D511AF331600412DEAF1,NO INJURY / DRIVE AWAY,"OVER $1,500",NO CONTROLS,SIDESWIPE SAME DIRECTION,41.9806483551,DAYLIGHT,-87.7876316641,2,25,IMPROPER OVERTAKING/PASSING,NO DEFECTS,DRY,NOT APPLICABLE,N,5447,NO CONTROLS,NOT DIVIDED,CLEAR,0.0,1.0,0.0,0.0,0.0,1.0,1,3,"[""Y""]",[],[],"[""2025-10-03T10:21:00.000""]","[""2162697"", ""2162698""]","[""FRONT-RIGHT-CORNER"", ""REAR-LEFT-CORNER""]","[""IL""]","[""HONDA"", ""JEEP""]","[""PASSING/OVERTAKING"", ""STRAIGHT AHEAD""]","[""LAREDO"", ""PASSPORT""]","[""2"", ""3""]","[""N""]","[""1"", ""2""]","[""DRIVER""]","[""NONE""]","[""2061604"", ""2061612""]","[""SPORT UTILITY VEHICLE (SUV)""]","[""PERSONAL""]","[""2010"", ""2021""]",[],[],[],[],[],"[""Y""]",[],[],[],[],"[""1"", ""2""]",[],[],[],[],[],"['21', '25', '27']","[""DID NOT DEPLOY"", ""NOT APPLICABLE""]","[""TEST NOT OFFERED""]","[""BRIDGEVIEW"", ""CHICAGO"", ""MIDLOTHIAN""]","[""2025-10-03T10:21:00.000""]","[""IMPROPER PASSING"", ""NONE""]","[""NOT OBSCURED"", ""UNKNOWN""]","[""B"", ""D""]","[""IL""]","[""NONE""]",[],"[""O2162697"", ""O2162698"", ""P477255"", ""P477258"", ""P477259""]","[""DRIVER"", ""PASSENGER""]","[""NORMAL"", ""UNKNOWN""]","[""SAFETY BELT USED""]","[""F"", ""M""]","[""IL""]","[""2061604"", ""2061612""]","[""60445"", ""60455"", ""60645""]",[],"[""2"", ""5""]",[],[],[],[],2025,10,10,3,False,morning,41.98,-87.79,41.98_-87.79,24.333333333333332,21,27,OTHER,0
STRAIGHT AND LEVEL,823,2025-10-03 10:20:00,6,10,10,5498D0ACB4CE1DE5231BE0353820EED59E7C4085991FFAEE7012556457F3F694B903475B4D2899AE1B517E83652E20FDC2C2DB232DCD973314244450D2216CC2,NO INJURY / DRIVE AWAY,"OVER $1,500",FUNCTIONING PROPERLY,SIDESWIPE SAME DIRECTION,41.7788657404,DAYLIGHT,-87.7032822812,2,30,FOLLOWING TOO CLOSELY,NO DEFECTS,DRY,FOLLOWING TOO CLOSELY,S,6302,STOP SIGN/FLASHER,DIVIDED - W/MEDIAN (NOT RAISED),CLEAR,0.0,1.0,0.0,0.0,0.0,1.0,1,2,"[""Y""]",[],[],"[""2025-10-03T10:20:00.000""]","[""2162718"", ""2162719""]","[""FRONT-LEFT-CORNER"", ""SIDE-RIGHT-REAR""]","[""FL"", ""IL""]","[""CHRYSLER"", ""FORD""]","[""CHANGING LANES"", ""STRAIGHT AHEAD""]","[""F250"", ""PACIFICA""]","[""1"", ""3""]","[""N""]","[""1"", ""2""]","[""DRIVER""]","[""NONE""]","[""2061625"", ""2061631""]","[""SPORT UTILITY VEHICLE (SUV)"", ""VAN/MINI-VAN""]","[""PERSONAL"", ""POLICE""]","[""2006"", ""2025""]",[],"[""Y""]","[""Y""]",[],[],"[""Y""]",[],[],[],[],"[""2""]",[],[],[],[],[],"['27', '37']","[""DID NOT DEPLOY""]","[""TEST NOT OFFERED""]","[""BLAINE"", ""LYONS"", ""ROCHESTER"", ""WEST SENECA""]","[""2025-10-03T10:20:00.000""]","[""EVADING POLICE VEHICLE"", ""NONE""]","[""NOT OBSCURED""]","[""D""]","[""WA"", ""XX""]","[""NONE""]",[],"[""O2162718"", ""O2162719"", ""P477265"", ""P477266""]","[""DRIVER"", ""PASSENGER""]","[""NORMAL""]","[""NONE PRESENT"", ""SAFETY BELT USED""]","[""M""]","[""IL"", ""NY"", ""WA""]","[""2061625"", ""2061631""]","[""60534"", ""98230-9307""]",[],"[""2"", ""3""]",[],[],[],[],2025,10,10,3,False,morning,41.78,-87.7,41.78_-87.7,32.0,27,37,FOLLOWING TOO CLOSELY,0
STRAIGHT AND LEVEL,1935,2025-10-03 10:15:00,6,10,10,A77C0311CE801DD695B5949D191F2799AD10F8089CA71C3A7759CB79B6AE1DFD23798969230012FDE3DA4C69AD512FFC2A0F7C29FC693B0CB99925474C47D615,NO INJURY / DRIVE AWAY,"$501 - $1,500",NO CONTROLS,PARKED MOTOR VEHICLE,41.9268370337,DAYLIGHT,-87.6407770591,2,30,IMPROPER OVERTAKING/PASSING,NO DEFECTS,DRY,UNABLE TO DETERMINE,W,445,NO CONTROLS,NOT DIVIDED,CLEAR,0.0,1.0,0.0,0.0,0.0,1.0,2,0,"[""N""]","[""N""]","[""Y""]","[""2025-10-03T10:15:00.000""]","[""2162701"", ""2162702""]","[""SIDE-LEFT"", ""SIDE-RIGHT""]","[""IN""]","[""LEXUS"", ""UNKNOWN""]","[""PARKED"", ""STRAIGHT AHEAD""]","[""ES"", ""OTHER (EXPLAIN IN NARRATIVE)""]","[""0"", ""1""]","[""E""]","[""1"", ""2""]","[""DRIVER"", ""PARKED""]","[""NONE"", ""UNKNOWN""]","[""2061606"", ""2061611""]","[""PASSENGER"", ""UNKNOWN/NA""]","[""NOT IN USE"", ""OTHER""]","[""1900"", ""2021""]","[""Y""]","[""N""]","[""Y""]",[],[],[],"[""Y""]","[""Y""]","[""Y""]",[],[],[],[],[],[],[],[],"[""DEPLOYMENT UNKNOWN""]","[""TEST NOT OFFERED""]",[],"[""2025-10-03T10:15:00.000""]","[""IMPROPER PASSING""]","[""UNKNOWN""]",[],[],"[""NONE""]",[],"[""O2162701""]","[""DRIVER""]","[""UNKNOWN""]","[""USAGE UNKNOWN""]","[""X""]",[],"[""2061606""]",[],[],[],[],[],[],[],2025,10,10,3,False,morning,41.93,-87.64,41.93_-87.64,0.0,0,0,OTHER,0
STRAIGHT AND LEVEL,1033,2025-10-03 10:12:00,6,10,10,766EA65985DAB8125C99C5990FB6F051F0EE3D1CD8CE1E4583CCB42CE77EF59CFA8EC131429A07433D6ED66FD52A8EE63DAC9C81D5F3AA610DCD8EE83960DD98,NO INJURY / DRIVE AWAY,$500 OR LESS,NO CONTROLS,FIXED OBJECT,41.8465144909,DAYLIGHT,-87.6992254412,2,25,UNABLE TO DETERMINE,NO DEFECTS,DRY,UNABLE TO DETERMINE,W,2934,NO CONTROLS,ALLEY,CLEAR,0.0,0.0,0.0,0.0,0.0,1.0,1,1,[],"[""Y""]",[],"[""2025-10-03T10:12:00.000""]","[""2162728"", ""2162733""]","[""SIDE-RIGHT""]","[""IL""]","[""AUTOCAR""]","[""BACKING""]","[""AUTOCAR""]","[""1""]","[""W""]","[""1""]","[""DRIVER""]","[""NONE""]","[""2061640""]","[""OTHER""]","[""OTHER""]","[""2010""]",[],[],[],[],[],[],[],[],[],[],[],[],[],[],[],[],['50'],"[""DID NOT DEPLOY""]","[""TEST NOT OFFERED""]","[""CHICAGO""]","[""2025-10-03T10:12:00.000""]","[""UNKNOWN""]","[""NOT OBSCURED""]","[""K""]","[""IL""]","[""NONE""]","[""REFUSED""]","[""O2162733""]","[""DRIVER""]","[""NORMAL""]","[""USAGE UNKNOWN""]","[""F""]","[""IL""]","[""2061640""]","[""60652""]",[],[],[],[],[],[],2025,10,10,3,False,morning,41.85,-87.7,41.85_-87.7,50.0,50,50,OTHER,0
STRAIGHT AND LEVEL,1632,2025-10-03 10:09:00,6,10,10,C26BEC72B8A38096DD0CE07EAC05F218905130A759D027BBED26D4F304E82C21D6E03280203B9DB8BFB2A99FEAD1D8CAF49C6029D4CE03FA61D7E0378FBB3A3F,NO INJURY / DRIVE AWAY,"OVER $1,500",NO CONTROLS,ANGLE,41.9538787492,DAYLIGHT,-87.7867387396,2,30,UNABLE TO DETERMINE,NO DEFECTS,DRY,UNABLE TO DETERMINE,N,4028,NO CONTROLS,ALLEY,CLEAR,0.0,0.0,0.0,0.0,0.0,1.0,1,2,"[""Y""]","[""Y""]","[""Y""]","[""2025-10-03T10:09:00.000""]","[""2162731"", ""2162732""]","[""FRONT"", ""FRONT-LEFT-CORNER""]","[""IL""]","[""MAZDA"", ""TOYOTA""]","[""MERGING"", ""STRAIGHT AHEAD""]","[""COROLLA"", ""CX-5""]","[""1""]","[""N"", ""W""]","[""1"", ""2""]","[""DRIVER""]","[""NONE""]","[""2061634"", ""2061637""]","[""PASSENGER""]","[""PERSONAL""]","[""2019"", ""2023""]",[],[],"[""Y""]",[],[],[],[],"[""Y""]","[""Y""]",[],[],[],[],[],[],[],"['45', '85']","[""DEPLOYED, COMBINATION"", ""NOT APPLICABLE""]","[""TEST NOT OFFERED""]","[""CHICAGO""]","[""2025-10-03T10:09:00.000""]","[""NONE"", ""UNKNOWN""]","[""NOT OBSCURED""]","[""D""]","[""IL""]","[""NONE""]","[""REFUSED MEDICAL ATTENTION""]","[""O2162731"", ""O2162732""]","[""DRIVER""]","[""NORMAL""]","[""NONE PRESENT"", ""SAFETY BELT USED""]","[""F"", ""M""]","[""IL""]","[""2061634"", ""2061637""]","[""60634"", ""60641""]",[],[],[],[],[],[],2025,10,10,3,False,morning,41.95,-87.79,41.95_-87.79,65.0,45,85,OTHER,0
STRAIGHT AND LEVEL,211,2025-10-03 09:50:00,6,9,10,11462A3231625B6600B4844E8057C843FA0B0567BFAB69415B9ECE38704BCEF0AA16A41E0FA518EBA927872957D1C36EDABF2CBFE7EFCE523A3036EADABC9CB9,INJURY AND / OR TOW DUE TO CRASH,"OVER $1,500",FUNCTIONING PROPERLY,PEDALCYCLIST,41.8366769356,DAYLIGHT,-87.6195046435,2,15,FAILING TO YIELD RIGHT-OF-WAY,NO DEFECTS,DRY,UNABLE TO DETERMINE,E,298,STOP SIGN/FLASHER,NOT DIVIDED,CLEAR,0.0,0.0,1.0,0.0,0.0,1.0,2,2,[],[],[],"[""2025-10-03T09:50:00.000""]","[""2162787"", ""2162788""]","[""FRONT-RIGHT-CORNER""]","[""IL""]","[""CHEVROLET""]","[""TURNING RIGHT""]","[""AVALANCHE""]","[""1""]","[""E""]","[""1"", ""2""]","[""BICYCLE"", ""DRIVER""]","[""NONE""]","[""2061687""]","[""PASSENGER""]","[""PERSONAL""]","[""2002""]",[],[],[],[],[],[],[],[],[],[],[],[],"[""Y""]",[],[],[],"['22', '60']","[""DID NOT DEPLOY""]","[""TEST NOT OFFERED""]","[""CHICAGO""]","[""2025-10-03T09:50:00.000""]","[""FAILED TO YIELD"", ""NONE""]","[""NOT OBSCURED""]","[""D""]","[""IL""]","[""NONE""]","[""INSIGHT HOSPITAL""]","[""O2162787"", ""O2162788""]","[""BICYCLE"", ""DRIVER""]","[""NORMAL""]","[""HELMET NOT USED"", ""SAFETY BELT USED""]","[""F"", ""M""]","[""IL""]","[""2061687""]","[""60608""]",[],[],"[""CROSSING - CONTROLS PRESENT (NOT AT INTERSECTION)""]","[""IN CROSSWALK""]","[""NO CONTRASTING CLOTHING""]",[],2025,10,9,3,False,morning,41.84,-87.62,41.84_-87.62,41.0,22,60,FAILURE-TO-YIELD,1
STRAIGHT AND LEVEL,614,2025-10-03 09:50:00,6,9,10,8016DDA52AF0FEF0ACA91FA93946856A6BC732349B2FCB37633DB787FC57208A9633EAEA436C6518BD1C94760B99225C2A5ED20593A1913596A6707955F279FB,NO INJURY / DRIVE AWAY,$500 OR LESS,NO CONTROLS,PARKED MOTOR VEHICLE,41.741327123,DAYLIGHT,-87.6642774286,2,30,OBSTRUCTED CROSSWALKS,NO DEFECTS,DRY,UNABLE TO DETERMINE,S,8359,NO CONTROLS,NOT DIVIDED,CLEAR,0.0,0.0,0.0,0.0,0.0,1.0,2,1,[],[],[],"[""2025-10-03T09:50:00.000""]","[""2162687"", ""2162688""]","[""SIDE-LEFT-REAR"", ""SIDE-RIGHT-REAR""]","[""IL""]","[""SPARTAN MOTORS, INC. (CHARLOTTE, MI)"", ""TOYOTA""]","[""PARKED"", ""TURNING RIGHT""]","[""RAV4"", ""SPARTAN MOTORS, INC. (MFD. IN CHARLOTTE, MI)""]","[""0"", ""4""]","[""N""]","[""1"", ""2""]","[""DRIVER"", ""DRIVERLESS""]","[""NONE""]","[""2061605"", ""2061615""]","[""PASSENGER"", ""TRUCK - SINGLE UNIT""]","[""FIRE"", ""NOT IN USE""]","[""2019""]",[],"[""Y""]",[],[],[],"[""Y""]",[],[],[],[],"[""3""]","[""Y""]",[],[],[],[],['37'],"[""DID NOT DEPLOY"", ""NOT APPLICABLE""]","[""TEST NOT OFFERED""]","[""CHICAGO""]","[""2025-10-03T09:50:00.000""]","[""NONE""]","[""NOT OBSCURED""]","[""B""]","[""IL""]","[""NONE""]",[],"[""O2162687"", ""P477252"", ""P477253"", ""P477254""]","[""DRIVER"", ""PASSENGER""]","[""NORMAL""]","[""SAFETY BELT USED""]","[""M""]","[""IL""]","[""2061605""]","[""60620""]",[],"[""4"", ""5"", ""6""]",[],[],[],[],2025,10,9,3,False,morning,41.74,-87.66,41.74_-87.66,37.0,37,37,OTHER,0
STRAIGHT AND LEVEL,123,2025-10-03 09:29:00,6,9,10,EF60CB5F52690103EF5DE5DA503093041C441E46F0B951CD47751D1FE2CB899DF97EE2E4ABD1629733F736E33FED198F2F2895AD3487050995E6E9FE97DA827A,INJURY AND / OR TOW DUE TO CRASH,"OVER $1,500",FUNCTIONING PROPERLY,TURNING,41.8732231872,DAYLIGHT,-87.6243487329,2,30,DRIVING SKILLS/KNOWLEDGE/EXPERIENCE,NO DEFECTS,DRY,DRIVING SKILLS/KNOWLEDGE/EXPERIENCE,S,698,TRAFFIC SIGNAL,DIVIDED - W/MEDIAN BARRIER,CLEAR,0.0,0.0,1.0,0.0,0.0,1.0,1,3,"[""Y""]","[""Y""]","[""Y""]","[""2025-10-03T09:29:00.000""]","[""2162691"", ""2162692""]","[""FRONT-LEFT-CORNER"", ""SIDE-RIGHT-REAR""]","[""IL""]","[""MAZDA"", ""TOYOTA""]","[""STRAIGHT AHEAD"", ""TURNING LEFT""]","[""CX-30"", ""OTHER (EXPLAIN IN NARRATIVE)""]","[""1"", ""2""]","[""E"", ""N""]","[""1"", ""2""]","[""DRIVER""]","[""NONE""]","[""2061600"", ""2061603""]","[""PASSENGER""]","[""PERSONAL"", ""TAXI/FOR HIRE""]","[""2021""]","[""Y""]","[""Y""]","[""Y""]",[],[],[],[],"[""Y""]","[""Y""]",[],"[""1""]",[],[],"[""Y""]",[],[],"['39', '46', '54']","[""DEPLOYED, SIDE"", ""NOT APPLICABLE""]","[""TEST NOT OFFERED""]","[""CHICAGO"", ""SOUTH HOLLAND""]","[""2025-10-03T09:29:00.000""]","[""IMPROPER TURN"", ""NONE""]","[""NOT OBSCURED""]","[""D""]","[""IL""]","[""NONE""]","[""NORTHWESTERN""]","[""O2162691"", ""O2162692"", ""P477251""]","[""DRIVER"", ""PASSENGER""]","[""NORMAL""]","[""SAFETY BELT USED"", ""USAGE UNKNOWN""]","[""F"", ""M""]","[""IL""]","[""2061600"", ""2061603""]","[""60473"", ""60603"", ""60616""]","[""CFD""]","[""12""]",[],[],[],"[""41""]",2025,10,9,3,False,morning,41.87,-87.62,41.87_-87.62,46.333333333333336,39,54,OTHER,1
STRAIGHT AND LEVEL,1623,2025-10-03 09:15:00,6,9,10,3A1A60A710DFA37AA9C1E6E5354C9DB2FE3F0064BC32B946954D7A2F5339854183011C37536E1A02B23303232F9AF969880D5037396D89B5FD65883E8B2E507A,NO INJURY / DRIVE AWAY,"OVER $1,500",NO CONTROLS,PARKED MOTOR VEHICLE,41.9663668604,DAYLIGHT,-87.7623082164,2,25,FOLLOWING TOO CLOSELY,NO DEFECTS,DRY,NOT APPLICABLE,W,5371,NO CONTROLS,ONE-WAY,CLEAR,0.0,0.0,0.0,0.0,0.0,1.0,2,1,[],[],[],"[""2025-10-03T09:15:00.000""]","[""2162739"", ""2162740""]","[""FRONT-LEFT-CORNER"", ""REAR-RIGHT-CORNER""]","[""IL""]","[""GRUMANN-OLSEN"", ""TOYOTA""]","[""PARKED"", ""STRAIGHT AHEAD""]","[""COROLLA"", ""GRUMANN-OLSEN""]","[""0"", ""1""]","[""W""]","[""1"", ""2""]","[""DRIVER"", ""PARKED""]","[""NONE""]","[""2061642"", ""2061650""]","[""PASSENGER"", ""VAN/MINI-VAN""]","[""OTHER"", ""PERSONAL""]","[""2011""]",[],[],"[""Y""]",[],[],[],[],[],[],[],[],[],[],[],[],[],['65'],"[""DID NOT DEPLOY""]","[""TEST NOT OFFERED""]","[""CHICAGO""]","[""2025-10-03T09:15:00.000""]","[""FOLLOWED TOO CLOSELY""]","[""NOT OBSCURED""]","[""D""]","[""IL""]","[""NONE""]",[],"[""O2162739""]","[""DRIVER""]","[""NORMAL""]","[""SAFETY BELT USED""]","[""M""]","[""IL""]","[""2061650""]","[""60634""]",[],[],[],[],[],[],2025,10,9,3,False,morning,41.97,-87.76,41.97_-87.76,65.0,65,65,FOLLOWING TOO CLOSELY,0