alignment,beat_of_occurrence,crash_date,crash_day_of_week,crash_hour,crash_month,crash_record_id,crash_type,damage,device_condition,first_crash_type,latitude,lighting_condition,longitude,num_units,posted_speed_limit,prim_contributory_cause,road_defect,roadway_surface_cond,sec_contributory_cause,street_direction,street_no,traffic_control_device,trafficway_type,weather_condition,private_property_i,hit_and_run_i,intersection_related_i,crash_date_est_i,work_zone_i,workers_present_i,veh_count,ppl_count,veh_area_01_i_list_json,veh_area_02_i_list_json,veh_area_12_i_list_json,veh_crash_date_list_json,veh_crash_unit_id_list_json,veh_first_contact_point_list_json,veh_lic_plate_state_list_json,veh_make_list_json,veh_maneuver_list_json,veh_model_list_json,veh_occupant_cnt_list_json,veh_travel_direction_list_json,veh_unit_no_list_json,veh_unit_type_list_json,veh_vehicle_defect_list_json,veh_vehicle_id_list_json,veh_vehicle_type_list_json,veh_vehicle_use_list_json,veh_vehicle_year_list_json,veh_area_03_i_list_json,veh_area_04_i_list_json,veh_area_11_i_list_json,veh_towed_by_list_json,veh_towed_i_list_json,veh_area_07_i_list_json,veh_area_99_i_list_json,veh_area_09_i_list_json,veh_area_10_i_list_json,veh_cmrc_veh_i_list_json,veh_num_passengers_list_json,veh_area_08_i_list_json,veh_area_00_i_list_json,veh_area_05_i_list_json,veh_area_06_i_list_json,veh_towed_to_list_json,ppl_age_list_json,ppl_airbag_deployed_list_json,ppl_bac_result_list_json,ppl_city_list_json,ppl_crash_date_list_json,ppl_driver_action_list_json,ppl_driver_vision_list_json,ppl_drivers_license_class_list_json,ppl_drivers_license_state_list_json,ppl_ejection_list_json,ppl_hospital_list_json,ppl_person_id_list_json,ppl_person_type_list_json,ppl_physical_condition_list_json,ppl_safety_equipment_list_json,ppl_sex_list_json,ppl_state_list_json,ppl_vehicle_id_list_json,ppl_zipcode_list_json,ppl_ems_agency_list_json,ppl_seat_no_list_json,ppl_pedpedal_action_list_json,ppl_pedpedal_location_list_json,ppl_pedpedal_visibility_list_json,ppl_ems_run_no_list_json,year,month,hour,day,is_weekend,hour_bin,lat_bin,lng_bin,grid_id,ppl_age_mean,ppl_age_min,ppl_age_max,prim_contributory_cause_group,ksi_flag
STRAIGHT AND LEVEL,1733,2025-10-03 09:15:00,6,9,10,481DE2F05A1C58E4DF8F6F0297ED9FB4C263091D2FF16B55AF91D7486CC42D19BBE7E54C038AB17EFC103149A94A8155A622896F912436CA10659F8054DEE142,NO INJURY / DRIVE AWAY,$500 OR LESS,NO CONTROLS,REAR END,41.9465425148,DAYLIGHT,-87.7024758312,2,15,UNABLE TO DETERMINE,UNKNOWN,DRY,UNABLE TO DETERMINE,W,2949,NO CONTROLS,PARKING LOT,CLEAR,0.0,0.0,0.0,0.0,0.0,1.0,1,2,[],[],[],"[""2025-10-03T09:15:00.000""]","[""2162681"", ""2162682""]","[""REAR-RIGHT-CORNER""]","[""IL""]","[""HONDA"", ""SUBARU""]","[""ENTERING TRAFFIC LANE FROM PARKING""]","[""CROSSTREK"", ""PILOT""]","[""1""]","[""W""]","[""1"", ""2""]","[""DRIVER""]","[""UNKNOWN""]","[""2061589"", ""2061592""]","[""SPORT UTILITY VEHICLE (SUV)""]","[""PERSONAL"", ""UNKNOWN/NA""]","[""2013"", ""2024""]",[],[],[],[],[],[],[],[],[],[],[],[],[],"[""Y""]",[],[],"['40', '44']","[""DID NOT DEPLOY""]","[""TEST NOT OFFERED""]","[""CHICAGO""]","[""2025-10-03T09:15:00.000""]","[""OTHER"", ""UNKNOWN""]","[""UNKNOWN""]","[""D""]","[""IL""]","[""NONE""]",[],"[""O2162681"", ""O2162682""]","[""DRIVER""]","[""NORMAL"", ""UNKNOWN""]","[""USAGE UNKNOWN""]","[""F""]","[""IL""]","[""2061589"", ""2061592""]","[""60618""]",[],[],[],[],[],[],2025,10,9,3,False,morning,41.95,-87.7,41.95_-87.7,42.0,40,44,OTHER,0
STRAIGHT AND LEVEL,1522,2025-10-03 09:12:00,6,9,10,B51F9E9217F5AAE62E4B9E875395C9178D6BDD973121C17E0CE545FBA9B5271F06D463773240A3AFDD5E618894DBE6ABBABE2DF6250B58687E276BEC9E28B3D7,NO INJURY / DRIVE AWAY,"OVER $1,500",FUNCTIONING PROPERLY,TURNING,41.865937523,DAYLIGHT,-87.7546942276,2,30,IMPROPER TURNING/NO SIGNAL,NO DEFECTS,DRY,FAILING TO YIELD RIGHT-OF-WAY,S,1158,TRAFFIC SIGNAL,NOT DIVIDED,CLEAR,0.0,0.0,1.0,0.0,0.0,1.0,1,3,"[""Y""]","[""Y""]","[""Y""]","[""2025-10-03T09:12:00.000""]","[""2162714"", ""2162715""]","[""SIDE-RIGHT-FRONT"", ""SIDE-RIGHT-REAR""]","[""IL""]","[""KIA"", ""VOLKSWAGEN""]","[""STRAIGHT AHEAD"", ""TURNING LEFT""]","[""JETTA"", ""SPECTRA""]","[""1"", ""2""]","[""N"", ""S""]","[""1"", ""2""]","[""DRIVER""]","[""NONE""]","[""2061622"", ""2061632""]","[""PASSENGER""]","[""PERSONAL""]","[""2009"", ""2012""]",[],"[""Y""]",[],[],[],"[""Y""]",[],[],[],[],"[""1""]",[],[],"[""Y""]","[""Y""]",[],"['21', '26', '30']","[""DID NOT DEPLOY""]","[""TEST NOT OFFERED""]","[""CHICAGO"", ""CICERO""]","[""2025-10-03T09:12:00.000""]","[""IMPROPER TURN"", ""NONE""]","[""NOT OBSCURED""]","[""D""]","[""IL""]","[""NONE""]","[""DECLINED""]","[""O2162714"", ""O2162715"", ""P477264""]","[""DRIVER"", ""PASSENGER""]","[""NORMAL""]","[""SAFETY BELT USED""]","[""F"", ""M""]","[""IL""]","[""2061622"", ""2061632""]","[""60644"", ""60804""]",[],"[""3""]",[],[],[],[],2025,10,9,3,False,morning,41.87,-87.75,41.87_-87.75,25.666666666666668,21,30,OTHER,0
STRAIGHT AND LEVEL,1831,2025-10-03 09:09:00,6,9,10,74ED10BE82A92ADCF11A9A23DE80A8665514362B1592EC734693733855D968217751159A33CCC38834699CF08C880C3B9EF6469A4A30996E3F1248D662A3579B,INJURY AND / OR TOW DUE TO CRASH,"OVER $1,500",FUNCTIONING PROPERLY,TURNING,41.8916567898,DAYLIGHT,-87.6369610306,2,30,FAILING TO REDUCE SPEED TO AVOID CRASH,UNKNOWN,DRY,NOT APPLICABLE,W,336,TRAFFIC SIGNAL,NOT DIVIDED,CLEAR,0.0,0.0,1.0,0.0,0.0,1.0,1,2,"[""Y""]",[],"[""Y""]","[""2025-10-03T09:09:00.000""]","[""2162695"", ""2162696""]","[""FRONT""]","[""IL""]","[""HONDA""]","[""STRAIGHT AHEAD"", ""TURNING LEFT""]","[""ACCORD"", ""CR-V""]","[""1""]","[""E"", ""W""]","[""1"", ""2""]","[""DRIVER""]","[""UNKNOWN""]","[""2061601"", ""2061607""]","[""PASSENGER""]","[""PERSONAL""]","[""2007"", ""2012""]",[],[],"[""Y""]","[""personal""]","[""Y""]",[],[],[],[],[],[],[],[],[],[],"[""unknown""]","['28', '30']","[""NOT APPLICABLE""]","[""TEST NOT OFFERED""]","[""CHICAGO""]","[""2025-10-03T09:09:00.000""]","[""IMPROPER TURN"", ""NONE""]","[""UNKNOWN""]","[""D""]","[""IL""]","[""NONE""]",[],"[""O2162695"", ""O2162696""]","[""DRIVER""]","[""NORMAL""]","[""USAGE UNKNOWN""]","[""M""]","[""IL""]","[""2061601"", ""2061607""]","[""60608"", ""60611""]",[],[],[],[],[],[],2025,10,9,3,False,morning,41.89,-87.64,41.89_-87.64,29.0,28,30,SPEEDING,0
STRAIGHT AND LEVEL,1724,2025-10-03 09:02:00,6,9,10,1A757A12C07713FD403946D20BB597553D48640BDAA49F0A5943D0B92D76FA38E3EDDA1111B797EF4715D5397C2BB2E11EDDD43A5983A688AE614C73DE2E95B1,NO INJURY / DRIVE AWAY,$500 OR LESS,NO CONTROLS,SIDESWIPE OPPOSITE DIRECTION,41.9606458833,DAYLIGHT,-87.7080815092,2,10,UNABLE TO DETERMINE,NO DEFECTS,DRY,UNABLE TO DETERMINE,N,4343,NO CONTROLS,PARKING LOT,CLEAR,1.0,0.0,0.0,0.0,0.0,1.0,1,2,[],[],[],"[""2025-10-03T09:02:00.000""]","[""2165168"", ""2165169""]","[""REAR-LEFT-CORNER""]","[""IL""]","[""HONDA"", ""MERCEDES-BENZ""]","[""OTHER""]","[""HR-V"", ""TRUCK""]","[""1""]","[""NE"", ""S""]","[""1"", ""2""]","[""DRIVER""]","[""NONE"", ""UNKNOWN""]","[""2063963"", ""2063976""]","[""SPORT UTILITY VEHICLE (SUV)"", ""TRUCK - SINGLE UNIT""]","[""OTHER"", ""PERSONAL""]","[""2021""]",[],[],[],[],[],[],[],[],[],"[""Y""]",[],[],"[""Y""]",[],[],[],"['39', '42']","[""DID NOT DEPLOY""]","[""TEST NOT OFFERED""]","[""CHICAGO""]","[""2025-10-03T09:02:00.000""]","[""NONE"", ""OTHER""]","[""NOT OBSCURED"", ""UNKNOWN""]","[""D""]","[""IL""]","[""NONE""]",[],"[""O2165168"", ""O2165169""]","[""DRIVER""]","[""NORMAL"", ""UNKNOWN""]","[""SAFETY BELT USED"", ""USAGE UNKNOWN""]","[""F"", ""M""]","[""IL""]","[""2063963"", ""2063976""]","[""60625"", ""60647""]",[],[],[],[],[],[],2025,10,9,3,False,morning,41.96,-87.71,41.96_-87.71,40.5,39,42,OTHER,0
STRAIGHT AND LEVEL,1124,2025-10-03 09:01:00,6,9,10,05F80712186E6718621111A21D2766CAC62D739844B1A46041178AC0B83D66FCCBB05DE47102E64186F3CC192DD83175E25D9FBE8ED67FC84E80E85C3A137A51,NO INJURY / DRIVE AWAY,"OVER $1,500",NO CONTROLS,SIDESWIPE SAME DIRECTION,41.8760334941,DAYLIGHT,-87.7014903311,2,30,IMPROPER OVERTAKING/PASSING,NO DEFECTS,DRY,NOT APPLICABLE,W,3006,TRAFFIC SIGNAL,FOUR WAY,CLEAR,0.0,0.0,0.0,0.0,0.0,1.0,1,2,"[""Y""]","[""Y""]",[],"[""2025-10-03T09:01:00.000""]","[""2162637"", ""2162638""]","[""FRONT-LEFT-CORNER"", ""SIDE-RIGHT""]","[""IL""]","[""MITSUBISHI"", ""UNKNOWN""]","[""PASSING/OVERTAKING"", ""STRAIGHT AHEAD""]","[""OTHER (EXPLAIN IN NARRATIVE)"", ""OUTLANDER""]","[""1""]","[""S""]","[""1"", ""2""]","[""DRIVER""]","[""UNKNOWN""]","[""2061547"", ""2061551""]","[""PASSENGER""]","[""PERSONAL""]","[""2017""]","[""Y""]","[""Y""]","[""Y""]",[],[],[],"[""Y""]","[""Y""]","[""Y""]",[],[],[],[],[],[],[],"['19', '29']","[""NOT APPLICABLE""]","[""TEST NOT OFFERED""]","[""CHICAGO""]","[""2025-10-03T09:01:00.000""]","[""IMPROPER LANE CHANGE"", ""NONE""]","[""UNKNOWN""]","[""D""]","[""IL""]","[""NONE""]",[],"[""O2162637"", ""O2162638""]","[""DRIVER""]","[""NORMAL"", ""UNKNOWN""]","[""USAGE UNKNOWN""]","[""F""]","[""IL""]","[""2061547"", ""2061551""]","[""60612"", ""60623""]",[],[],[],[],[],[],2025,10,9,3,False,morning,41.88,-87.7,41.88_-87.7,24.0,19,29,OTHER,0
STRAIGHT AND LEVEL,814,2025-10-03 09:00:00,6,9,10,D73B3455CCC35804057297034512BBDD7DF1EC90F0D6BCD4115960B695439730A408ACBBAAE50FF072F3669136D07087669907B759E3D0D2B3F38DDC4A877FE6,NO INJURY / DRIVE AWAY,"OVER $1,500",NO CONTROLS,SIDESWIPE SAME DIRECTION,41.8185316305,DAYLIGHT,-87.7436116053,2,30,IMPROPER LANE USAGE,NO DEFECTS,DRY,NOT APPLICABLE,S,4084,TRAFFIC SIGNAL,DIVIDED - W/MEDIAN BARRIER,CLEAR,0.0,0.0,0.0,0.0,0.0,1.0,1,1,"[""Y""]",[],[],"[""2025-10-03T09:00:00.000""]","[""2163677"", ""2163678""]","[""FRONT-LEFT-CORNER"", ""REAR-LEFT-CORNER""]","[""IL""]","[""HONDA"", ""NISSAN""]","[""CHANGING LANES"", ""STRAIGHT AHEAD""]","[""CIVIC"", ""SENTRA""]","[""1""]","[""S""]","[""1"", ""2""]","[""DRIVER""]","[""NONE""]","[""2062550"", ""2062555""]","[""PASSENGER""]","[""PERSONAL""]","[""2007"", ""2019""]",[],[],[],[],[],"[""Y""]",[],[],[],[],[],[],[],[],[],[],['20'],"[""DEPLOYMENT UNKNOWN"", ""NOT APPLICABLE""]","[""TEST NOT OFFERED""]","[""CHICAGO""]","[""2025-10-03T09:00:00.000""]","[""IMPROPER LANE CHANGE"", ""NONE""]","[""NOT OBSCURED""]","[""D""]","[""IL""]","[""NONE""]",[],"[""O2163677"", ""O2163678""]","[""DRIVER""]","[""NORMAL""]","[""USAGE UNKNOWN""]","[""M""]","[""IL""]","[""2062550"", ""2062555""]","[""60652""]",[],[],[],[],[],[],2025,10,9,3,False,morning,41.82,-87.74,41.82_-87.74,20.0,20,20,OTHER,0
STRAIGHT AND LEVEL,1651,2025-10-03 09:00:00,6,9,10,D0E9AA57292DAC6D43DB1AF929B6B31F4B9643A21D14BB4ABC02C3A9A5D586F23088BD8CFD14EB0F3927115DB70B83EC5EC9D3EA59F4139C66F92B52AB80BA02,NO INJURY / DRIVE AWAY,"OVER $1,500",NO CONTROLS,SIDESWIPE SAME DIRECTION,41.8736407663,DAYLIGHT,-87.6723897727,2,25,IMPROPER LANE USAGE,NO DEFECTS,DRY,NOT APPLICABLE,W,1,OTHER,ONE-WAY,CLEAR,0.0,0.0,0.0,0.0,0.0,1.0,1,2,[],"[""Y""]",[],"[""2025-10-03T09:00:00.000""]","[""2162676"", ""2162677""]","[""SIDE-LEFT"", ""SIDE-RIGHT-FRONT""]","[""IL""]","[""HONDA"", ""KIA""]","[""CHANGING LANES"", ""STRAIGHT AHEAD""]","[""ACCORD"", ""SELTOS""]","[""1""]","[""SE""]","[""1"", ""2""]","[""DRIVER""]","[""NONE""]","[""2061586"", ""2061591""]","[""PASSENGER""]","[""OTHER"", ""PERSONAL""]","[""2007"", ""2025""]","[""Y""]",[],[],[],[],[],[],[],"[""Y""]",[],[],[],[],[],[],[],"['31', '45']","[""NOT APPLICABLE""]","[""TEST NOT OFFERED""]","[""COLUMBUS"", ""RAINIER""]","[""2025-10-03T09:00:00.000""]","[""IMPROPER LANE CHANGE"", ""NONE""]","[""NOT OBSCURED""]","[""D""]","[""OH"", ""OR""]","[""NONE""]",[],"[""O2162676"", ""O2162677""]","[""DRIVER""]","[""NORMAL""]","[""SAFETY BELT USED""]","[""M""]","[""OH"", ""OR""]","[""2061586"", ""2061591""]","[""43212"", ""97048""]",[],[],[],[],[],[],2025,10,9,3,False,morning,41.87,-87.67,NAN_NAN,38.0,31,45,OTHER,0
STRAIGHT AND LEVEL,222,2025-10-03 09:00:00,6,9,10,18866B00C7129BC0539018D9BFF570F5133A4C0517EAA05ED276C66A06131F687BDA37B60D2F17822A61D18DD27DC7B522152AC5E2FE31528A1BD624A9C4B23C,INJURY AND / OR TOW DUE TO CRASH,"OVER $1,500",FUNCTIONING PROPERLY,TURNING,41.8102195856,DAYLIGHT,-87.5903019893,2,30,IMPROPER TURNING/NO SIGNAL,NO DEFECTS,DRY,UNABLE TO DETERMINE,S,4700,TRAFFIC SIGNAL,DIVIDED - W/MEDIAN (NOT RAISED),CLEAR,0.0,0.0,0.0,0.0,0.0,1.0,1,2,"[""Y""]","[""Y""]","[""Y""]","[""2025-10-03T09:00:00.000""]","[""2162693"", ""2162694""]","[""TOTAL (ALL AREAS)""]","[""IL""]","[""BMW"", ""JEEP""]","[""MERGING"", ""TURNING LEFT""]","[""COMPASS"", ""X3""]","[""1""]","[""S""]","[""1"", ""2""]","[""DRIVER""]","[""NONE""]","[""2061599"", ""2061602""]","[""PASSENGER""]","[""PERSONAL""]","[""2019"", ""2022""]",[],[],"[""Y""]","[""private""]","[""Y""]",[],[],[],"[""Y""]",[],[],[],[],[],[],"[""home""]","['23', '49']","[""NOT APPLICABLE""]","[""TEST NOT OFFERED""]","[""CHICAGO""]","[""2025-10-03T09:00:00.000""]","[""IMPROPER TURN""]","[""NOT OBSCURED""]","[""D""]","[""IL""]","[""NONE""]",[],"[""O2162693"", ""O2162694""]","[""DRIVER""]","[""NORMAL""]","[""SAFETY BELT USED""]","[""F"", ""M""]","[""IL""]","[""2061599"", ""2061602""]","[""60623"", ""60653""]",[],[],[],[],[],[],2025,10,9,3,False,morning,41.81,-87.59,41.81_-87.59,36.0,23,49,OTHER,0
STRAIGHT AND LEVEL,723,2025-10-03 08:54:00,6,8,10,0345EFCB593C1D20161C31492C2CD041D47C1EC3613DDBDBA426AD32DAAD9EC55775CEEF4373AADDAF56C5685B10A96A1480172075222A0E8C40CF322CC16C36,INJURY AND / OR TOW DUE TO CRASH,"OVER $1,500",FUNCTIONING PROPERLY,ANGLE,41.7689464893,DAYLIGHT,-87.644570662,2,30,FAILING TO REDUCE SPEED TO AVOID CRASH,NO DEFECTS,DRY,DISREGARDING TRAFFIC SIGNALS,W,800,TRAFFIC SIGNAL,NOT DIVIDED,CLEAR,0.0,0.0,0.0,0.0,0.0,1.0,1,2,"[""Y""]",[],"[""Y""]","[""2025-10-03T08:54:00.000""]","[""2162664"", ""2162665""]","[""FRONT"", ""SIDE-LEFT-REAR""]","[""FL"", ""IL""]","[""DODGE"", ""TOYOTA""]","[""STRAIGHT AHEAD""]","[""HIGHLANDER"", ""JOURNEY""]","[""1""]","[""S"", ""W""]","[""1"", ""2""]","[""DRIVER""]","[""NONE""]","[""2061573"", ""2061583""]","[""PASSENGER""]","[""PERSONAL""]","[""2010"", ""2014""]",[],[],"[""Y""]","[""PRIVATE""]","[""Y""]","[""Y""]",[],"[""N""]",[],[],[],"[""Y""]",[],[],[],[],"['39', '67']","[""DEPLOYED, COMBINATION"", ""DID NOT DEPLOY""]","[""TEST NOT OFFERED""]","[""CHICAGO"", ""KEY WEST""]","[""2025-10-03T08:54:00.000""]","[""DISREGARDED CONTROL DEVICES"", ""NONE""]","[""NOT OBSCURED""]","[""D"", ""E""]","[""FL"", ""IL""]","[""NONE""]",[],"[""O2162664"", ""O2162665""]","[""DRIVER""]","[""NORMAL""]","[""SAFETY BELT USED""]","[""F"", ""M""]","[""FL"", ""IL""]","[""2061573"", ""2061583""]","[""33040"", ""60619""]",[],[],[],[],[],[],2025,10,8,3,False,morning,41.77,-87.64,41.77_-87.64,53.0,39,67,SPEEDING,0
STRAIGHT AND LEVEL,1613,2025-10-03 08:50:00,6,8,10,69EBCA6F168C807D224AAE70959EC3C2E3C77227037CF59033DA95E4F11A79BAB978504FFA546BE5ED0FD8E66511B836A145EFD0F442721F072C34C44E178C89,NO INJURY / DRIVE AWAY,"OVER $1,500",NO CONTROLS,REAR TO SIDE,41.9745429477,DAYLIGHT,-87.8113468842,2,10,IMPROPER BACKING,NO DEFECTS,DRY,NOT APPLICABLE,W,7342,NO CONTROLS,PARKING LOT,CLEAR,0.0,0.0,0.0,0.0,0.0,1.0,1,2,"[""Y""]",[],[],"[""2025-10-03T08:50:00.000""]","[""2162726"", ""2162727""]","[""FRONT-RIGHT-CORNER"", ""REAR""]","[""IL""]","[""CADILLAC"", ""HONDA""]","[""BACKING"", ""STRAIGHT AHEAD""]","[""CT4"", ""PILOT""]","[""1""]","[""E"", ""N""]","[""1"", ""2""]","[""DRIVER""]","[""NONE""]","[""2061638"", ""2061643""]","[""PASSENGER""]","[""PERSONAL""]","[""2010"", ""2025""]",[],[],[],[],[],[],[],[],[],[],[],[],[],[],"[""Y""]",[],"['54', '59']","[""DID NOT DEPLOY""]","[""TEST NOT OFFERED""]","[""CHICAGO""]","[""2025-10-03T08:50:00.000""]","[""IMPROPER BACKING"", ""NONE""]","[""NOT OBSCURED""]","[""D""]","[""IL""]","[""NONE""]",[],"[""O2162726"", ""O2162727""]","[""DRIVER""]","[""NORMAL""]","[""SAFETY BELT USED""]","[""F"", ""M""]","[""IL""]","[""2061638"", ""2061643""]","[""60631"", ""60634""]",[],[],[],[],[],[],2025,10,8,3,False,morning,41.97,-87.81,41.97_-87.81,56.5,54,59,OTHER,0
STRAIGHT ON GRADE,834,2025-10-03 08:50:00,6,8,10,BD56F68A1F195BA7B61B91960724243A277FA675AF335ED79A02278282650E13AAC5D4720307AF3CF02CE508009EB52E937D1CF8A228320BDC129DD26882ED94,NO INJURY / DRIVE AWAY,"$501 - $1,500",NO CONTROLS,PARKED MOTOR VEHICLE,41.7413017836,DAYLIGHT,-87.7127058837,2,25,EQUIPMENT - VEHICLE CONDITION,NO DEFECTS,DRY,UNABLE TO DETERMINE,W,3617,NO CONTROLS,NOT DIVIDED,CLEAR,0.0,0.0,0.0,0.0,0.0,1.0,2,1,[],[],[],"[""2025-10-03T08:50:00.000""]","[""2162657"", ""2162658""]","[""SIDE-LEFT-FRONT"", ""SIDE-RIGHT-REAR""]","[""IL""]","[""CHEVROLET""]","[""PARKED"", ""STRAIGHT AHEAD""]","[""EXPRESS""]","[""0"", ""1""]","[""E""]","[""1"", ""2""]","[""DRIVER"", ""PARKED""]","[""NONE""]","[""2061559"", ""2061570""]","[""BUS UP TO 15 PASS."", ""VAN/MINI-VAN""]","[""OTHER"", ""SCHOOL BUS""]","[""2014"", ""2023""]",[],"[""Y""]",[],[],[],[],[],[],"[""Y""]",[],[],[],[],[],[],[],['32'],"[""NOT APPLICABLE""]","[""TEST NOT OFFERED""]","[""CHICAGO""]","[""2025-10-03T08:50:00.000""]","[""NONE""]","[""NOT OBSCURED""]","[""A""]","[""IL""]","[""NONE""]",[],"[""O2162657""]","[""DRIVER""]","[""NORMAL""]","[""SAFETY BELT USED""]","[""F""]","[""IL""]","[""2061559""]","[""60628""]",[],[],[],[],[],[],2025,10,8,3,False,morning,41.74,-87.71,41.74_-87.71,32.0,32,32,OTHER,0
STRAIGHT AND LEVEL,611,2025-10-03 08:45:00,6,8,10,F4F56FD97E05DAA1724075818E6A31CC858A8656567C5D340EDFCD49675767AA1BC33EDAE31C9807AD9223B18DDA7620C5F34F7E0A94D3638F65ED01CB38187F,NO INJURY / DRIVE AWAY,$500 OR LESS,FUNCTIONING PROPERLY,SIDESWIPE SAME DIRECTION,41.7504561433,DAYLIGHT,-87.6639424446,2,30,UNABLE TO DETERMINE,NO DEFECTS,DRY,UNABLE TO DETERMINE,W,1612,TRAFFIC SIGNAL,DIVIDED - W/MEDIAN (NOT RAISED),CLEAR,0.0,0.0,1.0,0.0,0.0,1.0,1,3,[],[],[],"[""2025-10-03T08:45:00.000""]","[""2162641"", ""2162642""]","[""SIDE-LEFT-FRONT"", ""SIDE-RIGHT""]","[""IL"", ""XX""]","[""GENERAL MOTORS CORPORATION (GMC)"", ""UNKNOWN""]","[""SLOW/STOP IN TRAFFIC"", ""STRAIGHT AHEAD""]","[""ACADIA"", ""OTHER (EXPLAIN IN NARRATIVE)""]","[""1"", ""2""]","[""W""]","[""1"", ""2""]","[""DRIVER""]","[""NONE""]","[""2061550"", ""2061556""]","[""PASSENGER"", ""TRUCK - SINGLE UNIT""]","[""FIRE"", ""RIDESHARE SERVICE""]","[""2020""]",[],[],"[""Y""]",[],[],[],[],[],[],[],"[""1""]",[],"[""Y""]",[],[],[],"['12', '39', '42']","[""DID NOT DEPLOY"", ""NOT APPLICABLE""]","[""TEST NOT OFFERED""]","[""BLUE ISLAND"", ""CHICAGO""]","[""2025-10-03T08:45:00.000""]","[""NONE"", ""OTHER""]","[""NOT OBSCURED""]","[""B"", ""D""]","[""IL""]","[""NONE""]",[],"[""O2162641"", ""O2162642"", ""P477247""]","[""DRIVER"", ""PASSENGER""]","[""NORMAL""]","[""USAGE UNKNOWN""]","[""F"", ""M""]","[""IL""]","[""2061550"", ""2061556""]","[""60406"", ""60620""]",[],"[""4""]",[],[],[],[],2025,10,8,3,False,morning,41.75,-87.66,41.75_-87.66,31.0,12,42,OTHER,0
STRAIGHT AND LEVEL,1424,2025-10-03 08:41:00,6,8,10,9B582EE9A9184373A3AC48A60A8255982E296FB33F78DA49AD12E2EF0E181B96100AFCE0E4DADD9AA087FFB9F886958CCF3BEF66FC7BCB46D12BC51482A13E66,NO INJURY / DRIVE AWAY,"$501 - $1,500",FUNCTIONING PROPERLY,ANGLE,41.9060803949,DAYLIGHT,-87.6799067106,2,30,FAILING TO YIELD RIGHT-OF-WAY,NO DEFECTS,DRY,FAILING TO YIELD RIGHT-OF-WAY,W,2100,STOP SIGN/FLASHER,FOUR WAY,CLEAR,0.0,0.0,1.0,0.0,0.0,1.0,1,1,[],[],[],"[""2025-10-03T08:41:00.000""]","[""2162635"", ""2162636""]","[""FRONT"", ""SIDE-RIGHT-REAR""]","[""IL""]","[""NISSAN"", ""SUBARU""]","[""STRAIGHT AHEAD""]","[""FORESTER"", ""ROGUE""]","[""1""]","[""E"", ""N""]","[""1"", ""2""]","[""DRIVER""]","[""NONE"", ""OTHER""]","[""2061552"", ""2061560""]","[""SPORT UTILITY VEHICLE (SUV)""]","[""PERSONAL""]","[""2021"", ""2022""]",[],"[""Y""]",[],[],[],[],[],[],[],[],[],[],[],"[""Y""]",[],[],['26'],"[""DID NOT DEPLOY""]","[""TEST NOT OFFERED""]","[""CHICAGO""]","[""2025-10-03T08:41:00.000""]","[""FAILED TO YIELD"", ""NONE""]","[""NOT OBSCURED"", ""UNKNOWN""]","[""D""]","[""IL""]","[""NONE""]",[],"[""O2162635"", ""O2162636""]","[""DRIVER""]","[""NORMAL""]","[""SAFETY BELT USED"", ""USAGE UNKNOWN""]","[""F""]","[""IL""]","[""2061552"", ""2061560""]","[""60639""]",[],[],[],[],[],[],2025,10,8,3,False,morning,41.91,-87.68,41.91_-87.68,26.0,26,26,FAILURE-TO-YIELD,0
STRAIGHT AND LEVEL,113,2025-10-03 08:40:00,6,8,10,7FD1B99E7CCF685CA7A6235459B39784C56377A0CC5AB6CD3B2A70BC07C8E0E16A8BC8BCAC2A64BD568693493EF9737F687685FD4657C2D21643C83287FC0529,NO INJURY / DRIVE AWAY,$500 OR LESS,FUNCTIONING PROPERLY,PEDALCYCLIST,41.8765584525,DAYLIGHT,-87.6294013408,2,30,FAILING TO YIELD RIGHT-OF-WAY,NO DEFECTS,DRY,NOT APPLICABLE,S,412,TRAFFIC SIGNAL,ONE-WAY,CLEAR,0.0,0.0,0.0,0.0,0.0,1.0,2,1,[],[],[],"[""2025-10-03T08:40:00.000""]","[""2162773"", ""2162774""]","[""SIDE-LEFT""]","[""IL""]","[""VOLVO""]","[""LEAVING TRAFFIC LANE TO PARK""]","[""XC60""]","[""2""]","[""W""]","[""1"", ""2""]","[""BICYCLE"", ""DRIVER""]","[""NONE""]","[""2061681""]","[""PASSENGER""]","[""PERSONAL""]","[""2018""]",[],[],[],[],[],[],[],"[""Y""]",[],[],"[""1""]",[],[],[],[],[],['41'],"[""DID NOT DEPLOY""]","[""TEST NOT OFFERED""]","[""LEMONT""]","[""2025-10-03T08:40:00.000""]","[""FAILED TO YIELD"", ""NONE""]","[""NOT OBSCURED""]",[],"[""IL""]","[""NONE""]","[""NONE""]","[""O2162773"", ""O2162774"", ""P477271""]","[""BICYCLE"", ""DRIVER"", ""PASSENGER""]","[""NORMAL""]","[""BICYCLE HELMET (PEDACYCLIST INVOLVED ONLY)"", ""SAFETY BELT USED""]","[""F"", ""M""]","[""IL""]","[""2061681""]","[""60439""]",[],"[""3""]","[""PLAYING IN ROADWAY""]","[""DRIVEWAY ACCESS""]","[""NO CONTRASTING CLOTHING""]",[],2025,10,8,3,False,morning,41.88,-87.63,41.88_-87.63,41.0,41,41,FAILURE-TO-YIELD,0