alignment,beat_of_occurrence,crash_date,crash_day_of_week,crash_hour,crash_month,crash_record_id,crash_type,damage,device_condition,first_crash_type,latitude,lighting_condition,longitude,num_units,posted_speed_limit,prim_contributory_cause,road_defect,roadway_surface_cond,sec_contributory_cause,street_direction,street_no,traffic_control_device,trafficway_type,weather_condition,private_property_i,hit_and_run_i,intersection_related_i,crash_date_est_i,work_zone_i,workers_present_i,veh_count,ppl_count,veh_area_01_i_list_json,veh_area_02_i_list_json,veh_area_12_i_list_json,veh_crash_date_list_json,veh_crash_unit_id_list_json,veh_first_contact_point_list_json,veh_lic_plate_state_list_json,veh_make_list_json,veh_maneuver_list_json,veh_model_list_json,veh_occupant_cnt_list_json,veh_travel_direction_list_json,veh_unit_no_list_json,veh_unit_type_list_json,veh_vehicle_defect_list_json,veh_vehicle_id_list_json,veh_vehicle_type_list_json,veh_vehicle_use_list_json,veh_vehicle_year_list_json,veh_area_03_i_list_json,veh_area_04_i_list_json,veh_area_11_i_list_json,veh_towed_by_list_json,veh_towed_i_list_json,veh_area_07_i_list_json,veh_area_99_i_list_json,veh_area_09_i_list_json,veh_area_10_i_list_json,veh_cmrc_veh_i_list_json,veh_num_passengers_list_json,veh_area_08_i_list_json,veh_area_00_i_list_json,veh_area_05_i_list_json,veh_area_06_i_list_json,veh_towed_to_list_json,ppl_age_list_json,ppl_airbag_deployed_list_json,ppl_bac_result_list_json,ppl_city_list_json,ppl_crash_date_list_json,ppl_driver_action_list_json,ppl_driver_vision_list_json,ppl_drivers_license_class_list_json,ppl_drivers_license_state_list_json,ppl_ejection_list_json,ppl_hospital_list_json,ppl_person_id_list_json,ppl_person_type_list_json,ppl_physical_condition_list_json,ppl_safety_equipment_list_json,ppl_sex_list_json,ppl_state_list_json,ppl_vehicle_id_list_json,ppl_zipcode_list_json,ppl_ems_agency_list_json,ppl_seat_no_list_json,ppl_pedpedal_action_list_json,ppl_pedpedal_location_list_json,ppl_pedpedal_visibility_list_json,ppl_ems_run_no_list_json,year,month,hour,day,is_weekend,hour_bin,lat_bin,lng_bin,grid_id,ppl_age_mean,ppl_age_min,ppl_age_max,prim_contributory_cause_group,ksi_flag
STRAIGHT AND LEVEL,1022,2025-10-03 08:37:00,6,8,10,18C525B5B7BD832D004AFC13A6BF8F51A7658067E66C0EF43EC38EE715820E104429FE2A1774AAB252F2F34D59DBF297057D2C805C203FD0B61A8AE365CFBBFA,NO INJURY / DRIVE AWAY,"OVER $1,500",NO CONTROLS,PARKED MOTOR VEHICLE,41.8532013524,DAYLIGHT,-87.7027143583,2,30,NOT APPLICABLE,UNKNOWN,DRY,NOT APPLICABLE,S,2115,NO CONTROLS,NOT DIVIDED,CLEAR,0.0,0.0,0.0,0.0,0.0,1.0,2,2,[],[],[],"[""2025-10-03T08:37:00.000""]","[""2162653"", ""2162654""]","[""SIDE-LEFT"", ""SIDE-RIGHT-REAR""]","[""IL""]","[""AUTOCAR"", ""JEEP""]","[""AVOIDING VEHICLES/OBJECTS"", ""PARKED""]","[""AUTOCAR"", ""GRAND CHEROKEE""]","[""0"", ""3""]","[""N""]","[""1"", ""2""]","[""DRIVER"", ""PARKED""]","[""UNKNOWN""]","[""2061565"", ""2061579""]","[""OTHER"", ""PASSENGER""]","[""COMMERCIAL - SINGLE UNIT"", ""NOT IN USE""]","[""2009"", ""2013""]",[],[],[],[],[],[],[],"[""Y""]","[""Y""]","[""N""]","[""2""]","[""Y""]",[],"[""Y""]",[],[],"['19', '42']","[""DID NOT DEPLOY""]","[""TEST NOT OFFERED""]","[""CHICAGO""]","[""2025-10-03T08:37:00.000""]","[""OTHER""]","[""UNKNOWN""]","[""A""]","[""IL""]","[""NONE""]",[],"[""O2162653"", ""P477256"", ""P477257""]","[""DRIVER"", ""PASSENGER""]","[""UNKNOWN""]","[""SAFETY BELT USED""]","[""M""]","[""IL""]","[""2061565""]",[],[],"[""2"", ""3""]",[],[],[],[],2025,10,8,3,False,morning,41.85,-87.7,41.85_-87.7,30.5,19,42,OTHER,0
STRAIGHT AND LEVEL,122,2025-10-03 08:35:00,6,8,10,DBF7CF47EA9BEFA913AC8D8E8614DE93F0BA8ACD5CFD6FF4FF34BBCCF24FF9004D8AC19BDC97BE6BC7C8D562F24C6BEFBCA9C87355E14DA3C70F237E78607C93,NO INJURY / DRIVE AWAY,$500 OR LESS,NO CONTROLS,REAR END,41.8842525065,DAYLIGHT,-87.6325786655,2,30,UNABLE TO DETERMINE,NO DEFECTS,DRY,UNABLE TO DETERMINE,N,140,NO CONTROLS,NOT DIVIDED,CLEAR,0.0,1.0,0.0,0.0,0.0,1.0,1,1,[],[],"[""Y""]","[""2025-10-03T08:35:00.000""]","[""2162683"", ""2162684""]","[""FRONT"", ""REAR""]","[""IL""]","[""THOMAS BUILT BUS COMPANY"", ""UNKNOWN""]","[""STRAIGHT AHEAD""]","[""OTHER (EXPLAIN IN NARRATIVE)"", ""THOMAS BUILT BUS CO.""]","[""1""]","[""S""]","[""1"", ""2""]","[""DRIVER""]","[""NONE"", ""UNKNOWN""]","[""2061593"", ""2061594""]","[""PASSENGER"", ""UNKNOWN/NA""]","[""PERSONAL"", ""UNKNOWN/NA""]","[""2023""]",[],[],[],[],[],[],[],[],[],[],[],[],[],[],"[""Y""]",[],['57'],"[""DEPLOYMENT UNKNOWN"", ""NOT APPLICABLE""]","[""TEST NOT OFFERED""]","[""CHICAGO""]","[""2025-10-03T08:35:00.000""]","[""NONE"", ""UNKNOWN""]","[""NOT OBSCURED"", ""UNKNOWN""]",[],"[""IL""]","[""NONE""]",[],"[""O2162683"", ""O2162684""]","[""DRIVER""]","[""NORMAL"", ""UNKNOWN""]","[""SAFETY BELT USED"", ""USAGE UNKNOWN""]","[""M"", ""X""]","[""IL""]","[""2061593"", ""2061594""]","[""60641""]",[],[],[],[],[],[],2025,10,8,3,False,morning,41.88,-87.63,41.88_-87.63,57.0,57,57,OTHER,0
STRAIGHT AND LEVEL,2012,2025-10-03 08:35:00,6,8,10,C5CD3B744DB6827CDC4EBC57F0F269F6E08FEE57B196C850B274B879AE09F85A86B245C6A4A042D2141C17585363EEB754D46EE594866D4105D55E6AAB68C74E,NO INJURY / DRIVE AWAY,$500 OR LESS,NO CONTROLS,REAR TO SIDE,41.9762051282,DAYLIGHT,-87.6747765499,2,30,IMPROPER BACKING,NO DEFECTS,DRY,IMPROPER BACKING,W,1800,NO CONTROLS,NOT DIVIDED,CLEAR,0.0,1.0,0.0,0.0,0.0,1.0,1,1,[],[],[],"[""2025-10-03T08:35:00.000""]","[""2162631"", ""2162632""]","[""REAR-LEFT-CORNER"", ""REAR-RIGHT-CORNER""]","[""IL""]","[""TOYOTA"", ""UNKNOWN""]","[""BACKING"", ""STRAIGHT AHEAD""]","[""MOTORIZED"", ""SIENNA""]","[""1""]","[""E"", ""NW""]","[""1"", ""2""]","[""DRIVER""]","[""NONE""]","[""2061541"", ""2061548""]","[""PASSENGER""]","[""PERSONAL""]","[""2022""]",[],"[""Y""]",[],[],[],"[""Y""]",[],[],[],[],[],[],[],"[""Y""]",[],[],['38'],"[""DEPLOYMENT UNKNOWN"", ""NOT APPLICABLE""]","[""TEST NOT OFFERED""]","[""SPOKANE""]","[""2025-10-03T08:35:00.000""]","[""NONE"", ""UNKNOWN""]","[""NOT OBSCURED"", ""UNKNOWN""]","[""D""]","[""WA""]","[""NONE""]",[],"[""O2162631"", ""O2162632""]","[""DRIVER""]","[""NORMAL"", ""UNKNOWN""]","[""SAFETY BELT USED"", ""USAGE UNKNOWN""]","[""M"", ""X""]","[""WA""]","[""2061541"", ""2061548""]","[""99208""]",[],[],[],[],[],[],2025,10,8,3,False,morning,41.98,-87.67,41.98_-87.67,38.0,38,38,OTHER,0
STRAIGHT AND LEVEL,2525,2025-10-03 08:32:00,6,8,10,2F9276EF5BF04ADBBCD0E19722A6879031C2C8A4308E8C0C7A3F0C0DAFB0448DCCA0C1116EBAD77390B4876DCFEC90B9493C36DF5505C23AF8EE8289B6DD1E31,NO INJURY / DRIVE AWAY,$500 OR LESS,NO CONTROLS,REAR TO SIDE,41.918244845,DAYLIGHT,-87.7264469595,2,15,IMPROPER BACKING,UNKNOWN,UNKNOWN,UNABLE TO DETERMINE,N,2035,NO CONTROLS,PARKING LOT,CLEAR,1.0,0.0,0.0,0.0,0.0,1.0,1,1,[],[],[],"[""2025-10-03T08:32:00.000""]","[""2162674"", ""2162675""]","[""REAR-RIGHT-CORNER"", ""SIDE-RIGHT""]","[""IL""]","[""NISSAN"", ""UNKNOWN""]","[""BACKING"", ""SLOW/STOP IN TRAFFIC""]","[""ALTIMA"", ""MOTORIZED""]","[""1""]","[""S"", ""SE""]","[""1"", ""2""]","[""DRIVER""]","[""UNKNOWN""]","[""2061580"", ""2061584""]","[""PASSENGER""]","[""PERSONAL"", ""UNKNOWN/NA""]","[""2012""]",[],"[""Y""]",[],[],[],[],[],[],[],[],[],[],[],"[""Y""]",[],[],['25'],"[""DEPLOYMENT UNKNOWN"", ""DID NOT DEPLOY""]","[""TEST NOT OFFERED""]","[""CHICAGO""]","[""2025-10-03T08:32:00.000""]","[""IMPROPER BACKING"", ""NONE""]","[""UNKNOWN""]","[""D""]","[""IL""]","[""NONE""]",[],"[""O2162674"", ""O2162675""]","[""DRIVER""]","[""UNKNOWN""]","[""SAFETY BELT USED"", ""USAGE UNKNOWN""]","[""F"", ""X""]","[""IL""]","[""2061580"", ""2061584""]","[""60639""]",[],[],[],[],[],[],2025,10,8,3,False,morning,41.92,-87.73,41.92_-87.73,25.0,25,25,OTHER,0
STRAIGHT AND LEVEL,815,2025-10-03 08:31:00,6,8,10,F6409F5A374909EC8012B2B6B880407F9069F2475E07562E1C4DC0F6DFA4883DACE28024593BA01A774F5EF77165A387C0BF0C0445C54391FE0B437A9AA2587B,NO INJURY / DRIVE AWAY,$500 OR LESS,FUNCTIONING PROPERLY,REAR END,41.8071388616,DAYLIGHT,-87.7429940159,2,30,FOLLOWING TOO CLOSELY,NO DEFECTS,DRY,UNABLE TO DETERMINE,S,4715,TRAFFIC SIGNAL,NOT DIVIDED,CLEAR,0.0,0.0,1.0,0.0,0.0,1.0,1,2,[],[],"[""Y""]","[""2025-10-03T08:31:00.000""]","[""2162668"", ""2162669""]","[""FRONT"", ""REAR""]","[""CT"", ""IL""]","[""CHEVROLET"", ""KIA""]","[""SLOW/STOP IN TRAFFIC""]","[""C/K 1500"", ""OTHER (EXPLAIN IN NARRATIVE)""]","[""1""]","[""N""]","[""1"", ""2""]","[""DRIVER""]","[""NONE"", ""UNKNOWN""]","[""2061567"", ""2061576""]","[""PASSENGER"", ""PICKUP""]","[""PERSONAL""]","[""2008"", ""2025""]",[],[],[],[],[],[],[],[],[],[],[],[],[],[],"[""Y""]",[],"['20', '56']","[""DID NOT DEPLOY""]","[""TEST NOT OFFERED""]","[""CHICAGO"", ""SALEM""]","[""2025-10-03T08:31:00.000""]","[""FOLLOWED TOO CLOSELY"", ""NONE""]","[""NOT OBSCURED""]","[""DM"", ""NO""]","[""CT"", ""IL""]","[""NONE""]",[],"[""O2162668"", ""O2162669""]","[""DRIVER""]","[""NORMAL""]","[""SAFETY BELT USED""]","[""F"", ""M""]","[""IL"", ""MA""]","[""2061567"", ""2061576""]","[""01970"", ""60632""]",[],[],[],[],[],[],2025,10,8,3,False,morning,41.81,-87.74,41.81_-87.74,38.0,20,56,FOLLOWING TOO CLOSELY,0
STRAIGHT AND LEVEL,815,2025-10-03 08:30:00,6,8,10,25D597FD976B28344A743413CB7B785701081BD5D0B383645666143475CF75EF7B858DF2544837D59DCEA680AAC68C2BB7849539AE5D57880CEA8DA0C71387A5,NO INJURY / DRIVE AWAY,"OVER $1,500",NO CONTROLS,OTHER OBJECT,41.8090402985,UNKNOWN,-87.7283762329,1,10,UNABLE TO DETERMINE,UNKNOWN,UNKNOWN,NOT APPLICABLE,S,4619,NO CONTROLS,ALLEY,CLEAR,0.0,0.0,0.0,0.0,0.0,1.0,1,1,[],[],[],"[""2025-10-03T08:30:00.000""]","[""2166660""]","[""REAR""]","[""IL""]","[""ACURA""]","[""BACKING""]","[""TLX""]","[""1""]","[""UNKNOWN""]","[""1""]","[""DRIVER""]","[""NONE""]","[""2065353""]","[""PASSENGER""]","[""UNKNOWN/NA""]","[""2016""]",[],[],[],[],[],[],[],[],[],[],[],[],[],[],"[""Y""]",[],['15'],"[""DEPLOYMENT UNKNOWN""]","[""TEST NOT OFFERED""]","[""CHICAGO""]","[""2025-10-03T08:30:00.000""]","[""OTHER""]","[""UNKNOWN""]",[],[],"[""NONE""]",[],"[""O2166660""]","[""DRIVER""]","[""UNKNOWN""]","[""USAGE UNKNOWN""]","[""F""]","[""IL""]","[""2065353""]","[""60632""]",[],[],[],[],[],[],2025,10,8,3,False,morning,41.81,-87.73,41.81_-87.73,15.0,15,15,OTHER,0
STRAIGHT AND LEVEL,1922,2025-10-03 08:30:00,6,8,10,680D4313076BA0C2BBDA7791C0A037D14CA0974308383AC0448243BCCD1CCA2D66982ACE82102BCFB5B9142DAF8BDEAAF901566E74C5F3CA065B876CB32BD0B3,INJURY AND / OR TOW DUE TO CRASH,$500 OR LESS,NO CONTROLS,PEDALCYCLIST,41.950517379,DAYLIGHT,-87.670029788,2,25,DRIVING SKILLS/KNOWLEDGE/EXPERIENCE,NO DEFECTS,DRY,DRIVING SKILLS/KNOWLEDGE/EXPERIENCE,W,1625,NO CONTROLS,NOT DIVIDED,CLEAR,0.0,0.0,0.0,0.0,0.0,1.0,2,1,[],[],[],"[""2025-10-03T08:30:00.000""]","[""2162647"", ""2162648""]","[""FRONT""]","[""IL""]","[""TOYOTA""]","[""STRAIGHT AHEAD""]","[""VENZA""]","[""1""]","[""E""]","[""1"", ""2""]","[""BICYCLE"", ""DRIVER""]","[""NONE""]","[""2061554""]","[""PASSENGER""]","[""PERSONAL""]","[""2021""]",[],[],[],[],[],[],[],[],[],[],[],[],"[""Y""]",[],[],[],['27'],"[""DID NOT DEPLOY""]","[""TEST NOT OFFERED""]","[""CHICAGO""]","[""2025-10-03T08:30:00.000""]","[""NONE"", ""TEXTING""]","[""NOT OBSCURED""]",[],"[""IL""]","[""NONE""]",[],"[""O2162647"", ""O2162648""]","[""BICYCLE"", ""DRIVER""]","[""NORMAL""]","[""BICYCLE HELMET (PEDACYCLIST INVOLVED ONLY)"", ""SAFETY BELT USED""]","[""F""]","[""IL""]","[""2061554""]","[""60613""]",[],[],"[""NO ACTION""]","[""IN ROADWAY""]","[""NO CONTRASTING CLOTHING""]",[],2025,10,8,3,False,morning,41.95,-87.67,41.95_-87.67,27.0,27,27,OTHER,1
STRAIGHT AND LEVEL,832,2025-10-03 08:29:00,6,8,10,F6CD6358C465BAA9BC130E4269056B41FAD15E36913B5159791856C59F6D7F78E1B051E50456E028DC7899814DC38FAB7474EF4DA779FF1D7D82608A6DE48034,NO INJURY / DRIVE AWAY,"OVER $1,500",NO CONTROLS,ANGLE,41.7720688848,DAYLIGHT,-87.684606418,2,30,FAILING TO YIELD RIGHT-OF-WAY,NO DEFECTS,DRY,FAILING TO REDUCE SPEED TO AVOID CRASH,W,2428,NO CONTROLS,NOT DIVIDED,CLEAR,0.0,0.0,0.0,0.0,0.0,1.0,1,4,"[""Y""]",[],"[""Y""]","[""2025-10-03T08:29:00.000""]","[""2162659"", ""2162660""]","[""FRONT"", ""SIDE-RIGHT""]","[""IL""]","[""CHRYSLER"", ""TOYOTA""]","[""STRAIGHT AHEAD""]","[""CAMRY"", ""TOWN & COUNTRY""]","[""2""]","[""N"", ""W""]","[""1"", ""2""]","[""DRIVER""]","[""UNKNOWN""]","[""2061561"", ""2061577""]","[""PASSENGER"", ""VAN/MINI-VAN""]","[""PERSONAL""]","[""2005"", ""2012""]","[""Y""]",[],"[""Y""]",[],[],[],[],[],[],[],"[""1""]",[],[],[],[],[],"['0', '35', '44', '53']","[""DID NOT DEPLOY""]","[""TEST NOT OFFERED""]","[""CHICAGO""]","[""2025-10-03T08:29:00.000""]","[""FAILED TO YIELD"", ""NONE""]","[""BLINDED - SUNLIGHT"", ""NOT OBSCURED""]","[""D""]","[""IL""]","[""NONE""]","[""REFUSED MED ATTENTION ON SCENE"", ""RERFUSED MED ATTENTION ON SCENE""]","[""O2162659"", ""O2162660"", ""P477249"", ""P477250""]","[""DRIVER"", ""PASSENGER""]","[""NORMAL""]","[""CHILD RESTRAINT - REAR FACING"", ""USAGE UNKNOWN""]","[""F""]","[""IL""]","[""2061561"", ""2061577""]","[""60629"", ""60632"", ""60639""]","[""CFD AMB"", ""CFD AMB#58""]","[""3"", ""4""]",[],[],[],"[""58""]",2025,10,8,3,False,morning,41.77,-87.68,41.77_-87.68,33.0,0,53,FAILURE-TO-YIELD,0
STRAIGHT AND LEVEL,1034,2025-10-03 08:26:00,6,8,10,B4FF27BB06D862F3E47E8CE342AD15AD823FB44B61F95FF310A595F62C05378072D42A241FCD056946741328DAA61CC8AFC3BFDBEEC9E7BA4510DE97FB344A08,NO INJURY / DRIVE AWAY,"OVER $1,500",FUNCTIONING PROPERLY,SIDESWIPE SAME DIRECTION,41.8380156832,DAYLIGHT,-87.6897957162,2,30,IMPROPER LANE USAGE,NO DEFECTS,DRY,UNABLE TO DETERMINE,W,2604,STOP SIGN/FLASHER,FOUR WAY,CLEAR,0.0,0.0,1.0,0.0,0.0,1.0,1,3,[],"[""Y""]",[],"[""2025-10-03T08:26:00.000""]","[""2162614"", ""2162615""]","[""FRONT-LEFT-CORNER"", ""SIDE-RIGHT""]","[""IL""]","[""CHEVROLET"", ""VOLKSWAGEN""]","[""CHANGING LANES"", ""STRAIGHT AHEAD""]","[""BEETLE"", ""EQUINOX""]","[""1"", ""2""]","[""NW""]","[""1"", ""2""]","[""DRIVER""]","[""NONE""]","[""2061530"", ""2061540""]","[""PASSENGER"", ""SPORT UTILITY VEHICLE (SUV)""]","[""PERSONAL""]","[""2013"", ""2017""]","[""Y""]","[""Y""]","[""Y""]",[],[],[],[],[],"[""Y""]",[],"[""1""]",[],[],[],[],[],"['17', '52', '54']","[""DID NOT DEPLOY""]","[""TEST NOT OFFERED""]","[""CHICAGO"", ""OLYMPIA FIELDS""]","[""2025-10-03T08:26:00.000""]","[""IMPROPER LANE CHANGE"", ""NONE""]","[""UNKNOWN""]","[""D""]","[""IL""]","[""NONE""]","[""NONE""]","[""O2162614"", ""O2162615"", ""P477243""]","[""DRIVER"", ""PASSENGER""]","[""NORMAL""]","[""SAFETY BELT USED""]","[""F"", ""M""]","[""IL""]","[""2061530"", ""2061540""]","[""60461"", ""60623""]",[],"[""3""]",[],[],[],[],2025,10,8,3,False,morning,41.84,-87.69,41.84_-87.69,41.0,17,54,OTHER,0
STRAIGHT AND LEVEL,234,2025-10-03 08:20:00,6,8,10,F723BAD15ACCDDF375D10EFA0EAE05C8A7AC70E43ABBA1346F614D8ABF990CAD1E4FE451B9BD48BD13C33CCB9C703704637D849B2116B6A8080FA852FAF4ED5B,NO INJURY / DRIVE AWAY,"OVER $1,500",NO CONTROLS,TURNING,41.8023797296,DAYLIGHT,-87.5879794066,2,30,IMPROPER OVERTAKING/PASSING,NO DEFECTS,DRY,NOT APPLICABLE,S,5100,NO CONTROLS,FOUR WAY,CLEAR,0.0,0.0,1.0,0.0,0.0,1.0,1,2,"[""N""]","[""N""]",[],"[""2025-10-03T08:20:00.000""]","[""2162643"", ""2162644""]","[""REAR"", ""SIDE-LEFT""]","[""IL""]","[""TOYOTA"", ""TRANSIT""]","[""TURNING LEFT""]","[""COROLLA"", ""TRANSIT""]","[""1""]","[""N""]","[""1"", ""2""]","[""DRIVER""]","[""NONE"", ""UNKNOWN""]","[""2061555"", ""2061566""]","[""BUS OVER 15 PASS."", ""PASSENGER""]","[""CTA"", ""PERSONAL""]","[""2011"", ""2013""]","[""Y""]","[""Y""]",[],[],[],[],[],[],[],[],[],[],"[""Y""]","[""Y""]",[],[],"['33', '55']","[""NOT APPLICABLE""]","[""TEST NOT OFFERED""]","[""CHICAGO""]","[""2025-10-03T08:20:00.000""]","[""IMPROPER TURN"", ""NONE""]","[""NOT OBSCURED""]","[""B"", ""D""]","[""IL""]","[""NONE""]",[],"[""O2162643"", ""O2162644""]","[""DRIVER""]","[""NORMAL""]","[""USAGE UNKNOWN""]","[""F"", ""M""]","[""IL""]","[""2061555"", ""2061566""]","[""60615"", ""60620""]",[],[],[],[],[],[],2025,10,8,3,False,morning,41.8,-87.59,41.8_-87.59,44.0,33,55,OTHER,0
STRAIGHT AND LEVEL,825,2025-10-03 08:20:00,6,8,10,3C2EDF98D1D53FDD0898959ACD531692F59CDB7622E47DA5EFBDC8ACC719A460FE2755D2129C112D5747D20048F9B06A20347EB872026E93942CA43013F40C75,NO INJURY / DRIVE AWAY,"OVER $1,500",NO CONTROLS,SIDESWIPE SAME DIRECTION,41.7790155755,DAYLIGHT,-87.6862325672,2,30,FAILING TO REDUCE SPEED TO AVOID CRASH,NO DEFECTS,DRY,DRIVING SKILLS/KNOWLEDGE/EXPERIENCE,S,6304,NO CONTROLS,ONE-WAY,CLEAR,0.0,0.0,0.0,0.0,0.0,1.0,1,3,[],[],[],"[""2025-10-03T08:20:00.000""]","[""2162629"", ""2162630""]","[""SIDE-LEFT"", ""SIDE-RIGHT""]","[""IL""]","[""FORD"", ""THOMAS BUILT BUS COMPANY""]","[""SLOW/STOP IN TRAFFIC"", ""STRAIGHT AHEAD""]","[""FUSION"", ""THOMAS BUILT BUS CO.""]","[""1"", ""2""]","[""S""]","[""1"", ""2""]","[""DRIVER""]","[""NONE""]","[""2061538"", ""2061543""]","[""BUS OVER 15 PASS."", ""PASSENGER""]","[""PERSONAL"", ""SCHOOL BUS""]","[""2011"", ""2016""]","[""Y""]",[],"[""Y""]",[],[],"[""Y""]",[],"[""N""]","[""Y""]",[],"[""1""]","[""Y""]",[],[],[],[],"['1', '38', '83']","[""DID NOT DEPLOY"", ""NOT APPLICABLE""]","[""TEST NOT OFFERED""]","[""CHICAGO""]","[""2025-10-03T08:20:00.000""]","[""FAILED TO YIELD"", ""NONE""]","[""NOT OBSCURED""]","[""B"", ""D""]","[""IL""]","[""NONE""]",[],"[""O2162629"", ""O2162630"", ""P477245""]","[""DRIVER"", ""PASSENGER""]","[""NORMAL""]","[""CHILD RESTRAINT - REAR FACING"", ""NONE PRESENT"", ""SAFETY BELT USED""]","[""F"", ""M""]","[""IL""]","[""2061538"", ""2061543""]","[""60629"", ""60652""]",[],"[""12""]",[],[],[],[],2025,10,8,3,False,morning,41.78,-87.69,41.78_-87.69,40.666666666666664,1,83,SPEEDING,0
STRAIGHT AND LEVEL,822,2025-10-03 08:20:00,6,8,10,0D1F1779043C9F2C106DEFDED05434830A750A7DA8B2FC0351653A0BF07405B9AD11D27E5ECCBA971A128F1898C007BE166C0A07FF2953CC16D752F5BE428E02,NO INJURY / DRIVE AWAY,"OVER $1,500",NO CONTROLS,SIDESWIPE SAME DIRECTION,41.7881283123,DAYLIGHT,-87.7182635398,2,20,IMPROPER LANE USAGE,NO DEFECTS,DRY,UNABLE TO DETERMINE,S,5750,NO CONTROLS,ONE-WAY,CLEAR,0.0,0.0,0.0,0.0,0.0,1.0,1,2,"[""Y""]",[],"[""Y""]","[""2025-10-03T08:20:00.000""]","[""2166614"", ""2166615""]","[""FRONT-RIGHT-CORNER"", ""SIDE-LEFT""]","[""IL""]","[""HONDA"", ""TOYOTA""]","[""ENTERING TRAFFIC LANE FROM PARKING"", ""SLOW/STOP IN TRAFFIC""]","[""COROLLA"", ""HR-V""]","[""1""]","[""N""]","[""1"", ""2""]","[""DRIVER""]","[""NONE""]","[""2065310"", ""2065314""]","[""PASSENGER"", ""SPORT UTILITY VEHICLE (SUV)""]","[""PERSONAL""]","[""2007"", ""2025""]",[],[],"[""N""]",[],[],[],[],"[""N"", ""Y""]","[""N"", ""Y""]",[],[],[],[],[],[],[],"['44', '48']","[""DID NOT DEPLOY""]","[""TEST NOT OFFERED""]","[""CHICAGO""]","[""2025-10-03T08:20:00.000""]","[""IMPROPER LANE CHANGE"", ""NONE""]","[""NOT OBSCURED""]","[""D""]","[""IL""]","[""NONE""]",[],"[""O2166614"", ""O2166615""]","[""DRIVER""]","[""NORMAL"", ""UNKNOWN""]","[""SAFETY BELT USED""]","[""F"", ""M""]","[""IL""]","[""2065310"", ""2065314""]","[""60629""]",[],[],[],[],[],[],2025,10,8,3,False,morning,41.79,-87.72,41.79_-87.72,46.0,44,48,OTHER,0
STRAIGHT AND LEVEL,824,2025-10-03 08:15:00,6,8,10,F756F45D8F5BFCE29CF038ACE6C5D7D21EC36A4592884BEE8E5D038027ABD8E45FFC58408AD5AEE8BD1151C7BFD8AC6582C80A3750EC1F64292182C107DCAB05,INJURY AND / OR TOW DUE TO CRASH,"OVER $1,500",NO CONTROLS,PARKED MOTOR VEHICLE,41.7917913771,DAYLIGHT,-87.7033609431,2,35,UNABLE TO DETERMINE,NO DEFECTS,DRY,DRIVING SKILLS/KNOWLEDGE/EXPERIENCE,S,5559,NO CONTROLS,NOT DIVIDED,CLEAR,0.0,1.0,0.0,0.0,0.0,1.0,2,0,[],[],"[""Y""]","[""2025-10-03T08:15:00.000""]","[""2162767"", ""2162768""]","[""FRONT-LEFT-CORNER"", ""UNKNOWN""]","[""IL""]","[""LEXUS"", ""UNKNOWN""]","[""PARKED"", ""STRAIGHT AHEAD""]","[""IS300"", ""MOTORIZED""]","[""0"", ""1""]","[""N""]","[""1"", ""2""]","[""DRIVER"", ""PARKED""]","[""NONE"", ""UNKNOWN""]","[""2061673"", ""2061675""]","[""PASSENGER"", ""UNKNOWN/NA""]","[""NOT IN USE"", ""UNKNOWN/NA""]","[""2017""]",[],[],"[""Y""]","[""UNK""]","[""Y""]",[],"[""Y""]","[""Y""]","[""Y""]",[],[],[],[],[],[],"[""UNK""]",[],"[""DEPLOYMENT UNKNOWN""]","[""TEST NOT OFFERED""]",[],"[""2025-10-03T08:15:00.000""]","[""UNKNOWN""]","[""UNKNOWN""]",[],[],"[""NONE""]",[],"[""O2162767""]","[""DRIVER""]","[""UNKNOWN""]","[""USAGE UNKNOWN""]","[""X""]",[],"[""2061673""]",[],[],[],[],[],[],[],2025,10,8,3,False,morning,41.79,-87.7,41.79_-87.7,0.0,0,0,OTHER,0
STRAIGHT AND LEVEL,731,2025-10-03 08:00:00,6,8,10,BD60E85CF8E37BB56289A2BC8084C2508C89D53C5771AB0D2C5B9DFB6EF7E72B2CEACAB63B0550C66B8F43B2AC52FEF51C01117AAE62E9F31A273FA0B867C5C8,NO INJURY / DRIVE AWAY,"OVER $1,500",NO CONTROLS,REAR END,41.7654660803,UNKNOWN,-87.6346349131,2,30,UNABLE TO DETERMINE,UNKNOWN,UNKNOWN,UNABLE TO DETERMINE,W,398,NO CONTROLS,ONE-WAY,CLEAR,0.0,0.0,0.0,0.0,0.0,1.0,1,2,"[""Y""]",[],"[""Y""]","[""2025-10-03T08:00:00.000""]","[""2162666"", ""2162667""]","[""FRONT"", ""REAR""]","[""IL"", ""XX""]","[""AUDI"", ""CHEVROLET""]","[""STRAIGHT AHEAD""]","[""CAPRICE"", ""Q5""]","[""1""]","[""E""]","[""1"", ""2""]","[""DRIVER""]","[""UNKNOWN""]","[""2061572"", ""2061578""]","[""UNKNOWN/NA""]","[""UNKNOWN/NA""]","[""2010""]",[],[],"[""Y""]",[],[],"[""Y""]",[],[],[],[],[],[],[],"[""Y""]","[""Y""]",[],"['41', '50']","[""NOT APPLICABLE""]","[""TEST NOT OFFERED""]","[""CHICAGO"", ""EAST CHICAGO""]","[""2025-10-03T08:00:00.000""]","[""UNKNOWN""]","[""UNKNOWN""]",[],"[""IN"", ""XX""]","[""NONE""]",[],"[""O2162666"", ""O2162667""]","[""DRIVER""]","[""UNKNOWN""]","[""USAGE UNKNOWN""]","[""F"", ""M""]","[""IL"", ""IN""]","[""2061572"", ""2061578""]",[],[],[],[],[],[],[],2025,10,8,3,False,morning,41.77,-87.63,41.77_-87.63,45.5,41,50,OTHER,0