alignment,beat_of_occurrence,crash_date,crash_day_of_week,crash_hour,crash_month,crash_record_id,crash_type,damage,device_condition,first_crash_type,latitude,lighting_condition,longitude,num_units,posted_speed_limit,prim_contributory_cause,road_defect,roadway_surface_cond,sec_contributory_cause,street_direction,street_no,traffic_control_device,trafficway_type,weather_condition,private_property_i,hit_and_run_i,intersection_related_i,crash_date_est_i,work_zone_i,workers_present_i,veh_count,ppl_count,veh_area_01_i_list_json,veh_area_02_i_list_json,veh_area_12_i_list_json,veh_crash_date_list_json,veh_crash_unit_id_list_json,veh_first_contact_point_list_json,veh_lic_plate_state_list_json,veh_make_list_json,veh_maneuver_list_json,veh_model_list_json,veh_occupant_cnt_list_json,veh_travel_direction_list_json,veh_unit_no_list_json,veh_unit_type_list_json,veh_vehicle_defect_list_json,veh_vehicle_id_list_json,veh_vehicle_type_list_json,veh_vehicle_use_list_json,veh_vehicle_year_list_json,veh_area_03_i_list_json,veh_area_04_i_list_json,veh_area_11_i_list_json,veh_towed_by_list_json,veh_towed_i_list_json,veh_area_07_i_list_json,veh_area_99_i_list_json,veh_area_09_i_list_json,veh_area_10_i_list_json,veh_cmrc_veh_i_list_json,veh_num_passengers_list_json,veh_area_08_i_list_json,veh_area_00_i_list_json,veh_area_05_i_list_json,veh_area_06_i_list_json,veh_towed_to_list_json,ppl_age_list_json,ppl_airbag_deployed_list_json,ppl_bac_result_list_json,ppl_city_list_json,ppl_crash_date_list_json,ppl_driver_action_list_json,ppl_driver_vision_list_json,ppl_drivers_license_class_list_json,ppl_drivers_license_state_list_json,ppl_ejection_list_json,ppl_hospital_list_json,ppl_person_id_list_json,ppl_person_type_list_json,ppl_physical_condition_list_json,ppl_safety_equipment_list_json,ppl_sex_list_json,ppl_state_list_json,ppl_vehicle_id_list_json,ppl_zipcode_list_json,ppl_ems_agency_list_json,ppl_seat_no_list_json,ppl_pedpedal_action_list_json,ppl_pedpedal_location_list_json,ppl_pedpedal_visibility_list_json,ppl_ems_run_no_list_json,year,month,hour,day,is_weekend,hour_bin,lat_bin,lng_bin,grid_id,ppl_age_mean,ppl_age_min,ppl_age_max,prim_contributory_cause_group,ksi_flag
STRAIGHT AND LEVEL,632,2025-10-03 08:00:00,6,8,10,AFD1451670502CA57019888868B884D475BDEDCD95FF0FC7DC7F9547620A5C99B281C3272D8DB971D46FC5BDB3DEE096569EB274B6302D57FAB3A109141CB388,INJURY AND / OR TOW DUE TO CRASH,"OVER $1,500",FUNCTIONING PROPERLY,REAR END,41.7438799131,DAYLIGHT,-87.604883139,2,30,FAILING TO REDUCE SPEED TO AVOID CRASH,NO DEFECTS,DRY,NOT APPLICABLE,S,8301,TRAFFIC SIGNAL,FOUR WAY,CLEAR,0.0,0.0,0.0,0.0,0.0,1.0,1,2,"[""Y""]",[],"[""Y""]","[""2025-10-03T08:00:00.000""]","[""2162655"", ""2162656""]","[""FRONT"", ""REAR""]","[""IL""]","[""CHEVROLET"", ""JEEP""]","[""STRAIGHT AHEAD""]","[""COMPASS"", ""MALIBU""]","[""1""]","[""N""]","[""1"", ""2""]","[""DRIVER""]","[""UNKNOWN""]","[""2061558"", ""2061571""]","[""PASSENGER""]","[""PERSONAL""]","[""2016"", ""2022""]",[],[],"[""Y""]",[],[],"[""Y""]",[],[],[],[],[],[],[],"[""Y""]","[""Y""]",[],"['50', '54']","[""NOT APPLICABLE""]","[""TEST NOT OFFERED""]","[""CHICAGO"", ""HAZEL CREST""]","[""2025-10-03T08:00:00.000""]","[""NONE"", ""OTHER""]","[""NOT OBSCURED""]","[""D""]","[""IL""]","[""NONE""]",[],"[""O2162655"", ""O2162656""]","[""DRIVER""]","[""NORMAL""]","[""SAFETY BELT USED""]","[""F"", ""M""]","[""IL""]","[""2061558"", ""2061571""]","[""60429"", ""60619""]",[],[],[],[],[],[],2025,10,8,3,False,morning,41.74,-87.6,41.74_-87.6,52.0,50,54,SPEEDING,1
STRAIGHT AND LEVEL,1533,2025-10-03 08:00:00,6,8,10,5FD0DABB810C362C1C9F54E16433CE515BFFC7A426296054C59BCE789511B822D4CA9EAC9C6AC3F36BD3E65F34C7A4D72680D55B5DF9629B4E3A1601B3768C65,NO INJURY / DRIVE AWAY,"OVER $1,500",FUNCTIONING PROPERLY,ANGLE,41.8702311448,DAYLIGHT,-87.7450403653,2,20,UNABLE TO DETERMINE,NO DEFECTS,DRY,UNABLE TO DETERMINE,S,800,STOP SIGN/FLASHER,DIVIDED - W/MEDIAN (NOT RAISED),CLEAR,0.0,0.0,0.0,0.0,0.0,1.0,1,2,[],[],[],"[""2025-10-03T08:00:00.000""]","[""2162649"", ""2162650""]","[""FRONT"", ""REAR-RIGHT-CORNER""]","[""IL""]","[""DODGE"", ""HYUNDAI""]","[""STRAIGHT AHEAD""]","[""RAM 2500 PU"", ""TIBURON""]","[""1""]","[""S"", ""W""]","[""1"", ""2""]","[""DRIVER""]","[""NONE""]","[""2061553"", ""2061563""]","[""PASSENGER"", ""PICKUP""]","[""PERSONAL""]","[""2002"", ""2007""]",[],[],[],[],[],[],[],[],[],[],[],[],[],[],[],[],"['23', '27']","[""DID NOT DEPLOY""]","[""TEST NOT OFFERED""]","[""CHICAGO""]","[""2025-10-03T08:00:00.000""]","[""NONE""]","[""NOT OBSCURED""]","[""A"", ""D""]","[""IL""]","[""NONE""]",[],"[""O2162649"", ""O2162650""]","[""DRIVER""]","[""NORMAL""]","[""SAFETY BELT USED""]","[""M""]","[""IL""]","[""2061553"", ""2061563""]","[""60634"", ""60639""]",[],[],[],[],[],[],2025,10,8,3,False,morning,41.87,-87.75,41.87_-87.75,25.0,23,27,OTHER,0
STRAIGHT AND LEVEL,1111,2025-10-03 07:58:00,6,7,10,BF39932811C16AF291AD96E3ACB6C4DD54EDD1803DA520AED58B44D5BA5C0A6D8D2B4AD9935F5EFE386AA8A6DE677FF5F9E169F717B118FD93DB15A78493C411,NO INJURY / DRIVE AWAY,"$501 - $1,500",FUNCTIONING PROPERLY,REAR END,41.8913392689,DAYLIGHT,-87.7455309066,2,25,UNABLE TO DETERMINE,UNKNOWN,DRY,UNABLE TO DETERMINE,N,557,TRAFFIC SIGNAL,NOT DIVIDED,CLEAR,0.0,0.0,0.0,0.0,0.0,1.0,1,2,[],[],"[""Y""]","[""2025-10-03T07:58:00.000""]","[""2162622"", ""2162623""]","[""FRONT"", ""REAR""]","[""IL""]","[""TOYOTA""]","[""STRAIGHT AHEAD""]","[""4RUNNER"", ""CAMRY""]","[""1""]","[""N""]","[""1"", ""2""]","[""DRIVER""]","[""UNKNOWN""]","[""2061539"", ""2061545""]","[""PASSENGER"", ""SPORT UTILITY VEHICLE (SUV)""]","[""PERSONAL"", ""UNKNOWN/NA""]","[""2009"", ""2019""]",[],[],[],[],[],[],[],[],[],[],[],[],[],[],"[""Y""]",[],"['22', '29']","[""NOT APPLICABLE""]","[""TEST NOT OFFERED""]","[""CHICAGO""]","[""2025-10-03T07:58:00.000""]","[""UNKNOWN""]","[""UNKNOWN""]","[""D""]","[""IL""]","[""NONE""]",[],"[""O2162622"", ""O2162623""]","[""DRIVER""]","[""NORMAL"", ""UNKNOWN""]","[""USAGE UNKNOWN""]","[""F"", ""M""]","[""IL""]","[""2061539"", ""2061545""]","[""60651"", ""60659""]",[],[],[],[],[],[],2025,10,7,3,False,morning,41.89,-87.75,41.89_-87.75,25.5,22,29,OTHER,0
STRAIGHT AND LEVEL,1812,2025-10-03 07:55:00,6,7,10,7BD7A818D7B0CB781CC1132E6E85F21A7437099773FFB305D1BE39D2898EF7AEAD405985196BEC4411E25B091B8EA3BE9EE3874C3D57A04942125A755196D807,NO INJURY / DRIVE AWAY,"OVER $1,500",NO CONTROLS,SIDESWIPE SAME DIRECTION,41.9183262452,DAYLIGHT,-87.6459742718,2,30,FAILING TO YIELD RIGHT-OF-WAY,NO DEFECTS,DRY,NOT APPLICABLE,W,656,NO CONTROLS,DIVIDED - W/MEDIAN (NOT RAISED),CLEAR,0.0,0.0,0.0,0.0,0.0,1.0,1,2,"[""Y""]","[""Y""]",[],"[""2025-10-03T07:55:00.000""]","[""2162724"", ""2162725""]","[""FRONT-LEFT-CORNER"", ""FRONT-RIGHT-CORNER""]","[""IL""]","[""BUICK"", ""FORD""]","[""MERGING"", ""STRAIGHT AHEAD""]","[""ENCLAVE"", ""FOCUS""]","[""1""]","[""W""]","[""1"", ""2""]","[""DRIVER""]","[""NONE""]","[""2061636"", ""2061646""]","[""PASSENGER"", ""SPORT UTILITY VEHICLE (SUV)""]","[""PERSONAL""]","[""2013"", ""2016""]","[""Y""]","[""Y""]","[""Y""]",[],[],[],[],[],[],[],[],[],[],[],[],[],"['22', '30']","[""DID NOT DEPLOY""]","[""TEST NOT OFFERED""]","[""CHICAGO""]","[""2025-10-03T07:55:00.000""]","[""FAILED TO YIELD"", ""NONE""]","[""NOT OBSCURED""]","[""D""]","[""IL""]","[""NONE""]",[],"[""O2162724"", ""O2162725""]","[""DRIVER""]","[""NORMAL""]","[""SAFETY BELT USED""]","[""F"", ""M""]","[""IL""]","[""2061636"", ""2061646""]","[""60630"", ""60653""]",[],[],[],[],[],[],2025,10,7,3,False,morning,41.92,-87.65,41.92_-87.65,26.0,22,30,FAILURE-TO-YIELD,0
STRAIGHT AND LEVEL,1225,2025-10-03 07:50:00,6,7,10,41403CE9FECAC74201F6FB02E1236B9A9CDDA72C60225AC2A6A902EBA3AF00ACAF28452593A45EE1E8931E9EBA4DDA6484AA4648380E02F152AECB44476070A0,NO INJURY / DRIVE AWAY,"OVER $1,500",NO CONTROLS,PARKED MOTOR VEHICLE,41.8704637282,DAYLIGHT,-87.6793603047,2,30,IMPROPER OVERTAKING/PASSING,NO DEFECTS,DRY,NOT APPLICABLE,W,2102,NO CONTROLS,DIVIDED - W/MEDIAN (NOT RAISED),CLEAR,0.0,0.0,0.0,0.0,0.0,1.0,2,1,"[""Y""]","[""Y""]",[],"[""2025-10-03T07:50:00.000""]","[""2168849"", ""2168850""]","[""FRONT-RIGHT-CORNER"", ""SIDE-LEFT-FRONT""]","[""IL""]","[""HYUNDAI"", ""MACK TRUCKS, INC.""]","[""PARKED"", ""STRAIGHT AHEAD""]","[""MACK TRUCKS, INC."", ""TUCSON""]","[""0"", ""1""]","[""N""]","[""1"", ""2""]","[""DRIVER"", ""PARKED""]","[""NONE"", ""UNKNOWN""]","[""2067444"", ""2067448""]","[""PASSENGER"", ""TRACTOR W/ SEMI-TRAILER""]","[""OTHER"", ""PERSONAL""]","[""2014"", ""2023""]",[],[],"[""Y""]",[],[],[],[],[],"[""Y""]",[],[],[],[],[],[],[],['27'],"[""NOT APPLICABLE""]","[""TEST NOT OFFERED""]","[""BERWYN""]","[""2025-10-03T07:50:00.000""]","[""IMPROPER PASSING""]","[""UNKNOWN""]","[""D""]","[""IL""]","[""NONE""]",[],"[""O2168849""]","[""DRIVER""]","[""NORMAL""]","[""SAFETY BELT USED""]","[""F""]","[""IL""]","[""2067444""]","[""60402""]",[],[],[],[],[],[],2025,10,7,3,False,morning,41.87,-87.68,41.87_-87.68,27.0,27,27,OTHER,0
STRAIGHT AND LEVEL,1011,2025-10-03 07:50:00,6,7,10,C17825777D08FA0E47B7279F3E3A1B28E615C4F174F12FB12CD051075A8791B4944D0A50DBD4351E2A9BDDB6B14A50FF82A26B28C2857B5B9F0E1BC6639D93CD,NO INJURY / DRIVE AWAY,"OVER $1,500",NO CONTROLS,PARKED MOTOR VEHICLE,41.8612855129,DAYLIGHT,-87.7212252057,2,20,UNABLE TO DETERMINE,UNKNOWN,DRY,UNABLE TO DETERMINE,S,1443,NO CONTROLS,ONE-WAY,CLEAR,0.0,1.0,0.0,0.0,0.0,1.0,2,0,[],[],[],"[""2025-10-03T07:50:00.000""]","[""2162608"", ""2162609""]","[""REAR-LEFT-CORNER"", ""UNKNOWN""]","[""IL""]","[""FORD"", ""UNKNOWN""]","[""PARKED"", ""UNKNOWN/NA""]","[""ESCAPE"", ""OTHER (EXPLAIN IN NARRATIVE)""]","[""0"", ""1""]","[""N""]","[""1"", ""2""]","[""DRIVER"", ""PARKED""]","[""OTHER"", ""UNKNOWN""]","[""2061520"", ""2061524""]","[""SPORT UTILITY VEHICLE (SUV)"", ""UNKNOWN/NA""]","[""NOT IN USE"", ""UNKNOWN/NA""]","[""2025""]",[],[],[],[],[],"[""Y""]","[""Y""]",[],[],[],[],"[""Y""]",[],[],[],[],[],"[""DEPLOYMENT UNKNOWN""]","[""TEST NOT OFFERED""]",[],"[""2025-10-03T07:50:00.000""]","[""UNKNOWN""]","[""UNKNOWN""]",[],[],"[""NONE""]",[],"[""O2162608""]","[""DRIVER""]","[""UNKNOWN""]","[""USAGE UNKNOWN""]","[""X""]",[],"[""2061520""]",[],[],[],[],[],[],[],2025,10,7,3,False,morning,41.86,-87.72,41.86_-87.72,0.0,0,0,OTHER,0
STRAIGHT AND LEVEL,1631,2025-10-03 07:50:00,6,7,10,B9BAC1B74B576193EF7DAD15FF15A25020757E7A42C56C0FCD5CC4C83EFAC20099E52CE5F03CA5E178D22B8A1B5CA034DF27CDE84B1DA810EC4200B427F6A05F,INJURY AND / OR TOW DUE TO CRASH,"OVER $1,500",NO CONTROLS,REAR END,41.9498995451,DAYLIGHT,-87.8367595611,2,30,UNABLE TO DETERMINE,NO DEFECTS,DRY,NOT APPLICABLE,N,3850,NO CONTROLS,DIVIDED - W/MEDIAN BARRIER,CLEAR,0.0,1.0,0.0,0.0,0.0,1.0,1,1,"[""Y""]",[],"[""Y""]","[""2025-10-03T07:50:00.000""]","[""2162604"", ""2162605""]","[""FRONT-RIGHT-CORNER"", ""REAR-LEFT-CORNER""]","[""FL""]","[""KIA"", ""TOYOTA""]","[""CHANGING LANES"", ""STRAIGHT AHEAD""]","[""CAMRY"", ""FORTE""]","[""1""]","[""S""]","[""1"", ""2""]","[""DRIVER""]","[""NONE"", ""UNKNOWN""]","[""2061518"", ""2061521""]","[""PASSENGER""]","[""PERSONAL"", ""UNKNOWN/NA""]","[""2020""]",[],[],[],[],"[""Y""]","[""Y""]",[],[],[],[],[],[],[],"[""N""]","[""Y""]",[],['37'],"[""DEPLOYMENT UNKNOWN"", ""NOT APPLICABLE""]","[""TEST NOT OFFERED""]","[""CHICAGO""]","[""2025-10-03T07:50:00.000""]","[""NONE"", ""OTHER""]","[""NOT OBSCURED"", ""UNKNOWN""]","[""D""]","[""IL""]","[""NONE""]",[],"[""O2162604"", ""O2162605""]","[""DRIVER""]","[""NORMAL"", ""UNKNOWN""]","[""SAFETY BELT USED"", ""USAGE UNKNOWN""]","[""M""]","[""IL""]","[""2061518"", ""2061521""]","[""60615""]",[],[],[],[],[],[],2025,10,7,3,False,morning,41.95,-87.84,41.95_-87.84,37.0,37,37,OTHER,0
STRAIGHT AND LEVEL,822,2025-10-03 07:45:00,6,7,10,315E8D5D522D01E3F97D0468C2CBA5568E44210AF8ED1C506B975563C650675D01DE09A70E3D1C395180FB57EA070545F12612C861E0758E8D90B69DA6E1F257,NO INJURY / DRIVE AWAY,"$501 - $1,500",FUNCTIONING PROPERLY,TURNING,41.7862117045,DAYLIGHT,-87.712609273,2,30,IMPROPER TURNING/NO SIGNAL,NO DEFECTS,DRY,NOT APPLICABLE,W,3542,STOP SIGN/FLASHER,NOT DIVIDED,CLEAR,0.0,0.0,0.0,0.0,0.0,1.0,1,1,[],[],[],"[""2025-10-03T07:45:00.000""]","[""2167681"", ""2167682""]","[""FRONT-LEFT-CORNER""]","[""IL""]","[""CHEVROLET"", ""FORD""]","[""SLOW/STOP IN TRAFFIC"", ""TURNING LEFT""]","[""BLAZER"", ""FOCUS""]","[""1""]","[""E"", ""S""]","[""1"", ""2""]","[""DRIVER""]","[""NONE""]","[""2066320"", ""2066325""]","[""PASSENGER"", ""SPORT UTILITY VEHICLE (SUV)""]","[""PERSONAL""]","[""2010"", ""2019""]",[],[],"[""Y""]",[],[],[],[],[],[],[],[],[],[],[],[],[],['21'],"[""DEPLOYMENT UNKNOWN"", ""DID NOT DEPLOY""]","[""TEST NOT OFFERED""]",[],"[""2025-10-03T07:45:00.000""]","[""IMPROPER TURN"", ""NONE""]","[""NOT OBSCURED"", ""UNKNOWN""]",[],"[""IL""]","[""NONE""]",[],"[""O2167681"", ""O2167682""]","[""DRIVER""]","[""NORMAL"", ""UNKNOWN""]","[""SAFETY BELT USED"", ""USAGE UNKNOWN""]","[""F"", ""M""]",[],"[""2066320"", ""2066325""]",[],[],[],[],[],[],[],2025,10,7,3,False,morning,41.79,-87.71,41.79_-87.71,21.0,21,21,OTHER,0
STRAIGHT AND LEVEL,114,2025-10-03 07:44:00,6,7,10,0482CCD7B4F6184E0BD7940EC26FEC71A5C11C7E619A0B4A5EC9D5609676D00D6BAD0F9C1389EDA9939F6B610A6D857F6AD56AA8A0589CA6E9FD5E8F583F316D,INJURY AND / OR TOW DUE TO CRASH,"OVER $1,500",FUNCTIONING PROPERLY,REAR END,41.8869732009,DAYLIGHT,-87.6208483326,3,30,FOLLOWING TOO CLOSELY,NO DEFECTS,DRY,DISTRACTION - FROM INSIDE VEHICLE,N,300,TRAFFIC SIGNAL,FOUR WAY,CLEAR,0.0,1.0,1.0,0.0,0.0,1.0,1,3,[],[],"[""Y""]","[""2025-10-03T07:44:00.000""]","[""2162624"", ""2162625"", ""2162626""]","[""FRONT"", ""REAR""]","[""IL""]","[""HYUNDAI"", ""LEXUS"", ""UNKNOWN""]","[""STRAIGHT AHEAD""]","[""ENGINE"", ""ENTOURAGE"", ""NX""]","[""1"", ""2""]","[""S""]","[""1"", ""2"", ""3""]","[""DRIVER""]","[""NONE"", ""UNKNOWN""]","[""2061534"", ""2061536"", ""2061544""]","[""SPORT UTILITY VEHICLE (SUV)"", ""VAN/MINI-VAN""]","[""COMMERCIAL - SINGLE UNIT"", ""PERSONAL"", ""UNKNOWN/NA""]","[""2008"", ""2019""]",[],[],[],[],[],[],[],[],[],[],"[""1""]",[],[],[],"[""Y""]",[],"['39', '52', '64']","[""DEPLOYMENT UNKNOWN"", ""DID NOT DEPLOY"", ""NOT APPLICABLE""]","[""TEST NOT OFFERED""]","[""CHICAGO"", ""MOUTN PROSPECT"", ""UNK""]","[""2025-10-03T07:44:00.000""]","[""FOLLOWED TOO CLOSELY"", ""NONE""]","[""NOT OBSCURED"", ""UNKNOWN""]","[""D"", ""U""]","[""IL"", ""XX""]","[""NONE""]","[""NORTHWESTERN MEMORIAL""]","[""O2162624"", ""O2162625"", ""O2162626"", ""P477246""]","[""DRIVER"", ""PASSENGER""]","[""NORMAL"", ""UNKNOWN""]","[""USAGE UNKNOWN""]","[""F"", ""M"", ""X""]","[""IL"", ""XX""]","[""2061534"", ""2061536"", ""2061544""]","[""60056"", ""60611"", ""60620""]","[""CFD AMB 42""]","[""4""]",[],[],[],"[""42""]",2025,10,7,3,False,morning,41.89,-87.62,41.89_-87.62,51.666666666666664,39,64,FOLLOWING TOO CLOSELY,1
STRAIGHT AND LEVEL,1912,2025-10-03 07:30:00,6,7,10,678720C8B5338FCB29C11B4C819BE16FBBF00CA717752B896D28EE871BB93B029ED0535EBAB1DFCD39D988AD1EA7618B06D8EF329001CA1A4C1795AFF859DB2A,INJURY AND / OR TOW DUE TO CRASH,"OVER $1,500",FUNCTIONING PROPERLY,PEDALCYCLIST,41.9687631749,DAYLIGHT,-87.6701851412,2,30,DRIVING SKILLS/KNOWLEDGE/EXPERIENCE,NO DEFECTS,DRY,UNABLE TO DETERMINE,W,1617,TRAFFIC SIGNAL,DIVIDED - W/MEDIAN (NOT RAISED),CLEAR,0.0,0.0,0.0,0.0,0.0,1.0,2,2,[],[],[],"[""2025-10-03T07:30:00.000""]","[""2162645"", ""2162646""]","[""REAR""]","[""IL""]","[""VOLKSWAGEN""]","[""STRAIGHT AHEAD""]","[""OTHER (EXPLAIN IN NARRATIVE)""]","[""1""]","[""S""]","[""1"", ""2""]","[""BICYCLE"", ""DRIVER""]","[""NONE""]","[""2061582""]","[""SPORT UTILITY VEHICLE (SUV)""]","[""PERSONAL""]","[""2022""]",[],[],[],[],[],[],[],[],[],[],[],[],[],[],"[""Y""]",[],"['39', '46']","[""NOT APPLICABLE""]","[""TEST NOT OFFERED""]","[""CHICAGO""]","[""2025-10-03T07:30:00.000""]","[""NONE"", ""TOO FAST FOR CONDITIONS""]","[""NOT OBSCURED""]","[""D""]","[""IL""]","[""NONE""]","[""99"", ""ILLINOIS MASONIC""]","[""O2162645"", ""O2162646""]","[""BICYCLE"", ""DRIVER""]","[""NORMAL""]","[""BICYCLE HELMET (PEDACYCLIST INVOLVED ONLY)"", ""NONE PRESENT""]","[""F"", ""M""]","[""IL""]","[""2061582""]","[""60613"", ""60625""]","[""CFD/EMS 31""]",[],"[""WITH TRAFFIC""]","[""IN ROADWAY""]","[""NO CONTRASTING CLOTHING""]",[],2025,10,7,3,False,morning,41.97,-87.67,41.97_-87.67,42.5,39,46,OTHER,1
STRAIGHT AND LEVEL,414,2025-10-03 07:20:00,6,7,10,5EBB183855E00294F54808BDB8653488B35FFE731E8EA7C6689C5AA4C20AFC70728BA5F6DC13CCB09A1091316268D2A30829FBC6DABD0468F65DC94B0B5EFFBF,INJURY AND / OR TOW DUE TO CRASH,"OVER $1,500",FUNCTIONING PROPERLY,PEDESTRIAN,41.7570569211,DAYLIGHT,-87.5686300046,2,20,DISREGARDING STOP SIGN,NO DEFECTS,DRY,DISREGARDING STOP SIGN,S,7601,STOP SIGN/FLASHER,NOT DIVIDED,CLEAR,0.0,0.0,0.0,0.0,0.0,1.0,2,1,"[""Y""]",[],"[""Y""]","[""2025-10-03T07:20:00.000""]","[""2189851"", ""2189852""]","[""FRONT""]","[""IL""]","[""FORD""]","[""STRAIGHT AHEAD""]","[""FUSION""]","[""1""]","[""W""]","[""1"", ""2""]","[""DRIVER"", ""PEDESTRIAN""]","[""UNKNOWN""]","[""2087253""]","[""UNKNOWN/NA""]","[""UNKNOWN/NA""]","[""2017""]",[],[],"[""Y""]",[],[],[],[],[],[],[],[],[],[],[],[],[],['50'],"[""DEPLOYMENT UNKNOWN""]","[""TEST NOT OFFERED""]","[""CHICAGO""]","[""2025-10-03T07:20:00.000""]","[""DISREGARDED CONTROL DEVICES"", ""NONE""]","[""NOT OBSCURED"", ""UNKNOWN""]",[],[],"[""NONE""]","[""UNIVERSITY OF CHICAGO""]","[""O2189851"", ""O2189852""]","[""DRIVER"", ""PEDESTRIAN""]","[""REMOVED BY EMS"", ""UNKNOWN""]","[""NONE PRESENT"", ""USAGE UNKNOWN""]","[""M"", ""X""]","[""IL""]","[""2087253""]","[""60649""]","[""AMB 22""]",[],"[""CROSSING - CONTROLS PRESENT (NOT AT INTERSECTION)""]","[""UNKNOWN/NA""]","[""NO CONTRASTING CLOTHING""]",[],2025,10,7,3,False,morning,41.76,-87.57,41.76_-87.57,50.0,50,50,OTHER,1
STRAIGHT AND LEVEL,1522,2025-10-03 07:19:00,6,7,10,606A6A1422C423E2B0812A01B0606F0D81E9B911CAD77A1AAD663DF8D39B704DC5FAE14F21F9AC80077F7CCCC541A4E3FADADB475D0A2175356AEFF41D2ACB3F,INJURY AND / OR TOW DUE TO CRASH,"OVER $1,500",NO CONTROLS,OTHER OBJECT,41.8785285008,DAYLIGHT,-87.7646555086,2,25,FAILING TO YIELD RIGHT-OF-WAY,NO DEFECTS,DRY,FAILING TO REDUCE SPEED TO AVOID CRASH,S,121,STOP SIGN/FLASHER,NOT DIVIDED,CLEAR,0.0,0.0,0.0,0.0,0.0,1.0,2,2,"[""Y""]",[],"[""Y""]","[""2025-10-03T07:19:00.000""]","[""2162620"", ""2162621""]","[""FRONT""]","[""IL""]","[""TOYOTA""]","[""STRAIGHT AHEAD""]","[""RAV4""]","[""1""]","[""N""]","[""1"", ""2""]","[""DRIVER"", ""NON-MOTOR VEHICLE""]","[""UNKNOWN""]","[""2061532""]","[""SPORT UTILITY VEHICLE (SUV)""]","[""PERSONAL""]","[""2020""]",[],[],"[""Y""]",[],[],[],[],[],[],[],[],[],[],[],[],[],"['15', '59']","[""DID NOT DEPLOY"", ""NOT APPLICABLE""]","[""TEST NOT OFFERED""]","[""CHICAGO""]","[""2025-10-03T07:19:00.000""]","[""FAILED TO YIELD"", ""OTHER""]","[""UNKNOWN""]",[],"[""IL""]","[""NONE""]","[""WEST SUBURBAN""]","[""O2162620"", ""O2162621""]","[""DRIVER"", ""NON-MOTOR VEHICLE""]","[""NORMAL""]","[""USAGE UNKNOWN""]","[""F"", ""M""]","[""IL""]","[""2061532""]","[""60639"", ""60644""]",[],[],"[""CROSSING - NO CONTROLS (AT INTERSECTION)""]","[""IN CROSSWALK""]","[""NO CONTRASTING CLOTHING""]",[],2025,10,7,3,False,morning,41.88,-87.76,41.88_-87.76,37.0,15,59,FAILURE-TO-YIELD,1
STRAIGHT AND LEVEL,815,2025-10-03 07:15:00,6,7,10,DCA3FC6104779F31E18F65B9003AAA8C1F05CC97B132129E3BC2B9C8D1F89749CBA0398CDC69EB0F9ED0D5CCE736EB08EA8A820F237C3D6D37C7946BBA510F3D,NO INJURY / DRIVE AWAY,"OVER $1,500",NO CONTROLS,TURNING,41.7951160545,DAYLIGHT,-87.7279800721,2,30,FAILING TO YIELD RIGHT-OF-WAY,NO DEFECTS,DRY,FAILING TO YIELD RIGHT-OF-WAY,W,4156,NO CONTROLS,NOT DIVIDED,CLEAR,0.0,0.0,0.0,0.0,0.0,1.0,1,0,[],[],[],"[""2025-10-03T07:15:00.000""]","[""2162606"", ""2162607""]","[""FRONT-LEFT-CORNER"", ""REAR-RIGHT-CORNER""]","[""IL""]","[""ACURA"", ""MAZDA""]","[""STRAIGHT AHEAD"", ""TURNING RIGHT""]","[""CX-5"", ""RLX""]","[""1""]","[""SW"", ""W""]","[""1"", ""2""]","[""DRIVER""]","[""NONE""]","[""2061526"", ""2061528""]","[""PASSENGER""]","[""PERSONAL""]","[""2019"", ""2021""]",[],[],"[""Y""]",[],[],[],[],[],[],[],[],[],[],"[""Y""]",[],[],[],"[""DID NOT DEPLOY""]","[""TEST NOT OFFERED""]","[""CHICAGO""]","[""2025-10-03T07:15:00.000""]","[""FAILED TO YIELD"", ""NONE""]","[""UNKNOWN""]","[""D""]","[""IL""]","[""NONE"", ""TRAPPED/EXTRICATED""]",[],"[""O2162606"", ""O2162607""]","[""DRIVER""]","[""NORMAL""]","[""SAFETY BELT USED""]","[""F"", ""M""]","[""IL""]","[""2061526"", ""2061528""]","[""60632""]",[],[],[],[],[],[],2025,10,7,3,False,morning,41.8,-87.73,41.8_-87.73,0.0,0,0,FAILURE-TO-YIELD,0