alignment,beat_of_occurrence,crash_date,crash_day_of_week,crash_hour,crash_month,crash_record_id,crash_type,damage,device_condition,first_crash_type,latitude,lighting_condition,longitude,num_units,posted_speed_limit,prim_contributory_cause,road_defect,roadway_surface_cond,sec_contributory_cause,street_direction,street_no,traffic_control_device,trafficway_type,weather_condition,private_property_i,hit_and_run_i,intersection_related_i,crash_date_est_i,work_zone_i,workers_present_i,veh_count,ppl_count,veh_area_01_i_list_json,veh_area_02_i_list_json,veh_area_12_i_list_json,veh_crash_date_list_json,veh_crash_unit_id_list_json,veh_first_contact_point_list_json,veh_lic_plate_state_list_json,veh_make_list_json,veh_maneuver_list_json,veh_model_list_json,veh_occupant_cnt_list_json,veh_travel_direction_list_json,veh_unit_no_list_json,veh_unit_type_list_json,veh_vehicle_defect_list_json,veh_vehicle_id_list_json,veh_vehicle_type_list_json,veh_vehicle_use_list_json,veh_vehicle_year_list_json,veh_area_03_i_list_json,veh_area_04_i_list_json,veh_area_11_i_list_json,veh_towed_by_list_json,veh_towed_i_list_json,veh_area_07_i_list_json,veh_area_99_i_list_json,veh_area_09_i_list_json,veh_area_10_i_list_json,veh_cmrc_veh_i_list_json,veh_num_passengers_list_json,veh_area_08_i_list_json,veh_area_00_i_list_json,veh_area_05_i_list_json,veh_area_06_i_list_json,veh_towed_to_list_json,ppl_age_list_json,ppl_airbag_deployed_list_json,ppl_bac_result_list_json,ppl_city_list_json,ppl_crash_date_list_json,ppl_driver_action_list_json,ppl_driver_vision_list_json,ppl_drivers_license_class_list_json,ppl_drivers_license_state_list_json,ppl_ejection_list_json,ppl_hospital_list_json,ppl_person_id_list_json,ppl_person_type_list_json,ppl_physical_condition_list_json,ppl_safety_equipment_list_json,ppl_sex_list_json,ppl_state_list_json,ppl_vehicle_id_list_json,ppl_zipcode_list_json,ppl_ems_agency_list_json,ppl_seat_no_list_json,ppl_pedpedal_action_list_json,ppl_pedpedal_location_list_json,ppl_pedpedal_visibility_list_json,ppl_ems_run_no_list_json,year,month,hour,day,is_weekend,hour_bin,lat_bin,lng_bin,grid_id,ppl_age_mean,ppl_age_min,ppl_age_max,prim_contributory_cause_group,ksi_flag
STRAIGHT AND LEVEL,531,2025-10-03 07:13:00,6,7,10,899180B98BAEC68C4543DAA7E0C7BBC1B69042AD72D6A23576127E0D4D0FCB3157E5A7B83764E29FC98ABF29C338416C10A3671BE6D7CAAEE11D2FD63FA332B2,NO INJURY / DRIVE AWAY,$500 OR LESS,FUNCTIONING PROPERLY,REAR END,41.6854868561,DAYLIGHT,-87.6179033168,2,30,UNABLE TO DETERMINE,UNKNOWN,DRY,UNABLE TO DETERMINE,E,202,TRAFFIC SIGNAL,NOT DIVIDED,CLEAR,0.0,0.0,1.0,0.0,0.0,1.0,1,0,[],[],"[""Y""]","[""2025-10-03T07:13:00.000""]","[""2162596"", ""2162597""]","[""FRONT"", ""REAR""]","[""IL""]","[""FORD"", ""HONDA""]","[""SLOW/STOP IN TRAFFIC"", ""STRAIGHT AHEAD""]","[""CIVIC"", ""SUNLINER""]","[""1""]","[""W""]","[""1"", ""2""]","[""DRIVER""]","[""UNKNOWN""]","[""2061510"", ""2061512""]","[""BUS UP TO 15 PASS."", ""PASSENGER""]","[""RIDESHARE SERVICE"", ""UNKNOWN/NA""]","[""2020""]",[],[],[],[],[],[],[],[],[],[],[],[],[],[],"[""Y""]",[],[],"[""NOT APPLICABLE""]","[""TEST NOT OFFERED""]","[""CHICAGO"", ""HAMMOND""]","[""2025-10-03T07:13:00.000""]","[""UNKNOWN""]","[""UNKNOWN""]","[""D""]","[""IL"", ""IN""]","[""NONE""]",[],"[""O2162596"", ""O2162597""]","[""DRIVER""]","[""NORMAL"", ""UNKNOWN""]","[""USAGE UNKNOWN""]","[""F"", ""M""]","[""IL"", ""IN""]","[""2061510"", ""2061512""]","[""46323"", ""60619""]",[],[],[],[],[],[],2025,10,7,3,False,morning,41.69,-87.62,41.69_-87.62,0.0,0,0,OTHER,0
STRAIGHT AND LEVEL,1121,2025-10-03 07:10:00,6,7,10,B99CCC041CCACD909AE86444E082E8F4CD141510A07A108B3A455FAC0DF152AA3EFA328E09F1DE2C33BE444018EEDDADB1FAC5DA097B1605BF20744FA64E03C1,NO INJURY / DRIVE AWAY,"OVER $1,500",NO CONTROLS,REAR END,41.9026808434,DAYLIGHT,-87.7111912688,2,25,UNABLE TO DETERMINE,NO DEFECTS,DRY,UNABLE TO DETERMINE,W,3345,NO CONTROLS,DIVIDED - W/MEDIAN (NOT RAISED),CLEAR,0.0,0.0,0.0,0.0,0.0,1.0,1,1,[],[],"[""Y""]","[""2025-10-03T07:10:00.000""]","[""2162594"", ""2162595""]","[""FRONT"", ""REAR""]","[""IL""]","[""CHEVROLET"", ""VOLKSWAGEN""]","[""STRAIGHT AHEAD""]","[""CRUZE"", ""TIGUAN""]","[""1""]","[""E""]","[""1"", ""2""]","[""DRIVER""]","[""NONE"", ""UNKNOWN""]","[""2061511"", ""2061513""]","[""PASSENGER"", ""SPORT UTILITY VEHICLE (SUV)""]","[""PERSONAL""]","[""2013"", ""2019""]",[],[],[],[],[],[],[],[],[],[],[],[],[],[],"[""Y""]",[],['40'],"[""DID NOT DEPLOY""]","[""TEST NOT OFFERED""]","[""CHICAGO"", ""SCHILLER PARK""]","[""2025-10-03T07:10:00.000""]","[""NONE"", ""UNKNOWN""]","[""UNKNOWN""]","[""D""]","[""IL""]","[""UNKNOWN""]",[],"[""O2162594"", ""O2162595""]","[""DRIVER""]","[""NORMAL""]","[""SAFETY BELT USED""]","[""F"", ""M""]","[""IL""]","[""2061511"", ""2061513""]","[""60176"", ""60651""]",[],[],[],[],[],[],2025,10,7,3,False,morning,41.9,-87.71,41.9_-87.71,40.0,40,40,OTHER,0
STRAIGHT AND LEVEL,433,2025-10-03 07:10:00,6,7,10,11D02B3A8D9D76B8A8691D8A0B023CC1AC4DB5553A9C4131D3EEDB277F0BA41C09D23360EF9E1B8DFE76256F056914D1D4E478F0D416B3E9609FE2469041E15F,NO INJURY / DRIVE AWAY,"$501 - $1,500",NO CONTROLS,PARKED MOTOR VEHICLE,41.6545593684,DAYLIGHT,-87.5445770029,2,15,IMPROPER BACKING,UNKNOWN,UNKNOWN,UNABLE TO DETERMINE,S,13231,NO CONTROLS,PARKING LOT,CLEAR,0.0,0.0,0.0,0.0,0.0,1.0,2,2,"[""Y""]","[""Y""]",[],"[""2025-10-03T07:10:00.000""]","[""2162639"", ""2162640""]","[""FRONT-RIGHT-CORNER"", ""REAR-LEFT-CORNER""]","[""IL"", ""IN""]","[""CHEVROLET"", ""FORD""]","[""BACKING"", ""PARKED""]","[""ESCAPE"", ""MALIBU""]","[""0"", ""2""]","[""UNKNOWN""]","[""1"", ""2""]","[""DRIVER"", ""PARKED""]","[""NONE"", ""UNKNOWN""]","[""2061549"", ""2061588""]","[""PASSENGER""]","[""NOT IN USE"", ""PERSONAL""]","[""2014"", ""2015""]",[],[],[],[],[],"[""Y""]","[""Y""]",[],[],[],"[""1""]",[],[],[],[],[],"['52', '61']","[""DEPLOYMENT UNKNOWN"", ""NOT APPLICABLE""]","[""TEST NOT OFFERED""]","[""CHICAGO""]","[""2025-10-03T07:10:00.000""]","[""IMPROPER BACKING""]","[""UNKNOWN""]","[""D""]",[],"[""UNKNOWN""]",[],"[""O2162639"", ""P477248""]","[""DRIVER"", ""PASSENGER""]","[""UNKNOWN""]","[""USAGE UNKNOWN""]","[""F""]","[""IL""]","[""2061549""]","[""60605""]",[],"[""2""]",[],[],[],[],2025,10,7,3,False,morning,41.65,-87.54,41.65_-87.54,56.5,52,61,OTHER,0
STRAIGHT AND LEVEL,911,2025-10-03 07:00:00,6,7,10,FD99AF6DA0752BD32D583D825371C2FAEA2A05D9FB0292E7512EEE76338575B3B8BEFFA262F160F97FAE1B71FDF782FEF9C543AEE3350544FD102626F2065146,INJURY AND / OR TOW DUE TO CRASH,"OVER $1,500",NO CONTROLS,REAR END,41.8262046444,DAYLIGHT,-87.6847654775,2,30,FOLLOWING TOO CLOSELY,NO DEFECTS,DRY,DRIVING SKILLS/KNOWLEDGE/EXPERIENCE,S,3709,NO CONTROLS,DIVIDED - W/MEDIAN (NOT RAISED),CLEAR,0.0,0.0,0.0,0.0,0.0,1.0,1,3,[],[],"[""Y""]","[""2025-10-03T07:00:00.000""]","[""2162627"", ""2162628""]","[""FRONT"", ""REAR""]","[""FL"", ""IL""]","[""FORD"", ""TOYOTA""]","[""STRAIGHT AHEAD""]","[""COROLLA"", ""ESCAPE""]","[""1"", ""2""]","[""N""]","[""1"", ""2""]","[""DRIVER""]","[""NONE""]","[""2061537"", ""2061542""]","[""PASSENGER"", ""SPORT UTILITY VEHICLE (SUV)""]","[""PERSONAL"", ""RIDESHARE SERVICE""]","[""2013"", ""2023""]",[],[],[],"[""PIERRA TOWING""]","[""Y""]",[],[],[],[],[],"[""1""]",[],[],[],"[""Y""]","[""OWNER'S CHOICE""]","['26', '48', '53']","[""DID NOT DEPLOY""]","[""TEST NOT OFFERED""]","[""CHICAGO""]","[""2025-10-03T07:00:00.000""]","[""FOLLOWED TOO CLOSELY"", ""NONE""]","[""NOT OBSCURED""]","[""D""]","[""IL""]","[""NONE""]",[],"[""O2162627"", ""O2162628"", ""P477244""]","[""DRIVER"", ""PASSENGER""]","[""NORMAL""]","[""SAFETY BELT USED""]","[""F"", ""M""]","[""IL""]","[""2061537"", ""2061542""]","[""60629"", ""60632"", ""60653""]",[],"[""6""]",[],[],[],[],2025,10,7,3,False,morning,41.83,-87.68,41.83_-87.68,42.333333333333336,26,53,FOLLOWING TOO CLOSELY,1
STRAIGHT AND LEVEL,731,2025-10-03 07:00:00,6,7,10,F8A52CD8DC746709A4A750DA8B62459D3B7A23DF95C193ECCA5CBA8E63873FE5F189F0254AF48B2CEAC59EEEF0BB7D11570E0F79CCDD45860449D6AB8861BEA9,NO INJURY / DRIVE AWAY,"$501 - $1,500",NO CONTROLS,PARKED MOTOR VEHICLE,41.7653356994,UNKNOWN,-87.6291767576,2,30,UNABLE TO DETERMINE,NO DEFECTS,DRY,UNABLE TO DETERMINE,W,147,NO CONTROLS,NOT DIVIDED,CLEAR,0.0,1.0,0.0,1.0,0.0,1.0,2,0,[],[],[],"[""2025-10-03T07:00:00.000""]","[""2162610"", ""2162611""]","[""REAR-LEFT-CORNER"", ""UNKNOWN""]","[""IL""]","[""UNKNOWN"", ""VOLKSWAGEN""]","[""PARKED"", ""STRAIGHT AHEAD""]","[""MOTORIZED"", ""TIGUAN""]","[""0"", ""1""]","[""E"", ""UNKNOWN""]","[""1"", ""2""]","[""DRIVER"", ""PARKED""]","[""NONE"", ""UNKNOWN""]","[""2061519"", ""2061522""]","[""PASSENGER"", ""UNKNOWN/NA""]","[""PERSONAL"", ""UNKNOWN/NA""]","[""2022""]",[],[],[],[],[],"[""Y""]",[],[],[],[],[],[],[],[],[],[],[],"[""DEPLOYMENT UNKNOWN""]","[""TEST NOT OFFERED""]",[],"[""2025-10-03T07:00:00.000""]","[""UNKNOWN""]","[""UNKNOWN""]",[],[],"[""UNKNOWN""]",[],"[""O2162610""]","[""DRIVER""]","[""UNKNOWN""]","[""USAGE UNKNOWN""]","[""X""]",[],"[""2061519""]",[],[],[],[],[],[],[],2025,10,7,3,False,morning,41.77,-87.63,41.77_-87.63,0.0,0,0,OTHER,0
STRAIGHT AND LEVEL,1723,2025-10-03 06:40:00,6,6,10,9E394365CAB8F517B11E9C36113F226F249F77CA1F9DD8E0C292552A661C11F3AD426C65FBB7B7A81B0018746272F376FB5F8C08D384768BFD283BA9B74CA61C,INJURY AND / OR TOW DUE TO CRASH,$500 OR LESS,FUNCTIONING PROPERLY,PEDESTRIAN,41.9539644692,DAYLIGHT,-87.7130532087,2,30,DISREGARDING OTHER TRAFFIC SIGNS,NO DEFECTS,DRY,UNABLE TO DETERMINE,W,3402,TRAFFIC SIGNAL,FOUR WAY,CLEAR,0.0,1.0,0.0,0.0,0.0,1.0,2,1,"[""Y""]",[],"[""Y""]","[""2025-10-03T06:40:00.000""]","[""2162598"", ""2162599""]","[""FRONT-RIGHT-CORNER""]",[],"[""TOYOTA""]","[""TURNING LEFT""]","[""4RUNNER""]","[""1""]","[""W""]","[""1"", ""2""]","[""DRIVER"", ""PEDESTRIAN""]","[""UNKNOWN""]","[""2061514""]","[""SPORT UTILITY VEHICLE (SUV)""]","[""UNKNOWN/NA""]",[],[],[],[],[],[],[],[],[],[],[],[],[],[],[],[],[],['14'],"[""DEPLOYMENT UNKNOWN""]","[""TEST NOT OFFERED""]","[""CHICAGO""]","[""2025-10-03T06:40:00.000""]","[""CELL PHONE USE OTHER THAN TEXTING"", ""OTHER""]","[""OTHER"", ""UNKNOWN""]",[],[],"[""NONE""]","[""SWEDISH""]","[""O2162598"", ""O2162599""]","[""DRIVER"", ""PEDESTRIAN""]","[""NORMAL"", ""UNKNOWN""]","[""NONE PRESENT"", ""USAGE UNKNOWN""]","[""M"", ""X""]","[""IL""]","[""2061514""]","[""60618""]","[""32""]",[],"[""CROSSING - WITH SIGNAL""]","[""IN CROSSWALK""]","[""NO CONTRASTING CLOTHING""]",[],2025,10,6,3,False,night,41.95,-87.71,41.95_-87.71,14.0,14,14,OTHER,1
STRAIGHT AND LEVEL,822,2025-10-03 06:30:00,6,6,10,3AB1EF580B68256AF2192BBB5845119745F4A18EC656A5D00B1566A0A96EB4BE48C08BCE133C0D501388CBA2A52D4A99DD77BFC94AD270C16966B31053BC6561,NO INJURY / DRIVE AWAY,"$501 - $1,500",FUNCTIONING PROPERLY,REAR END,41.7860486166,DAYLIGHT,-87.7228424157,2,30,UNABLE TO DETERMINE,UNKNOWN,UNKNOWN,NOT APPLICABLE,W,3958,TRAFFIC SIGNAL,NOT DIVIDED,CLEAR,0.0,1.0,0.0,0.0,0.0,1.0,1,1,[],[],[],"[""2025-10-03T06:30:00.000""]","[""2162590"", ""2162591""]","[""FRONT"", ""REAR""]","[""IL""]","[""HYUNDAI"", ""NISSAN""]","[""SLOW/STOP IN TRAFFIC"", ""UNKNOWN/NA""]","[""OTHER (EXPLAIN IN NARRATIVE)"", ""PATHFINDER""]","[""1""]","[""W""]","[""1"", ""2""]","[""DRIVER""]","[""NONE"", ""UNKNOWN""]","[""2061506"", ""2061508""]","[""SPORT UTILITY VEHICLE (SUV)""]","[""UNKNOWN/NA""]","[""2005"", ""2025""]",[],[],[],[],[],[],"[""Y""]",[],[],[],[],[],[],[],"[""Y""]",[],['60'],"[""DEPLOYMENT UNKNOWN"", ""NOT APPLICABLE""]","[""TEST NOT OFFERED""]","[""CHICAGO""]","[""2025-10-03T06:30:00.000""]","[""NONE"", ""UNKNOWN""]","[""NOT OBSCURED"", ""UNKNOWN""]","[""D""]","[""IL""]","[""NONE""]",[],"[""O2162590"", ""O2162591""]","[""DRIVER""]","[""NORMAL"", ""UNKNOWN""]","[""SAFETY BELT USED"", ""USAGE UNKNOWN""]","[""F"", ""M""]","[""IL""]","[""2061506"", ""2061508""]","[""60629""]",[],[],[],[],[],[],2025,10,6,3,False,night,41.79,-87.72,41.79_-87.72,60.0,60,60,OTHER,0
STRAIGHT AND LEVEL,1831,2025-10-03 06:30:00,6,6,10,897FB041CBBCE044CC565D6AACBA308071BCA00E74BD82ACD75A14950CA9AF8CD9B360A9012FF8B75BE76063EE818C82B3A53F004D9F9079B775CA8C2A7C19E7,NO INJURY / DRIVE AWAY,"OVER $1,500",NO CONTROLS,PARKED MOTOR VEHICLE,41.8907159389,DAYLIGHT,-87.6301474451,2,25,NOT APPLICABLE,NO DEFECTS,DRY,NOT APPLICABLE,W,55,NO CONTROLS,OTHER,CLEAR,0.0,1.0,0.0,0.0,0.0,1.0,2,0,[],[],[],"[""2025-10-03T06:30:00.000""]","[""2162600"", ""2162601""]","[""REAR-RIGHT-CORNER"", ""UNKNOWN""]","[""IL""]","[""FORD"", ""UNKNOWN""]","[""PARKED"", ""UNKNOWN/NA""]","[""EXPLORER"", ""OTHER (EXPLAIN IN NARRATIVE)""]","[""0"", ""1""]","[""N"", ""UNKNOWN""]","[""1"", ""2""]","[""DRIVER"", ""PARKED""]","[""NONE"", ""UNKNOWN""]","[""2061515"", ""2061516""]","[""SPORT UTILITY VEHICLE (SUV)"", ""UNKNOWN/NA""]","[""NOT IN USE"", ""UNKNOWN/NA""]","[""2023""]",[],[],[],[],[],[],[],[],[],[],[],[],[],"[""Y""]",[],[],[],"[""DEPLOYMENT UNKNOWN""]","[""TEST NOT OFFERED""]",[],"[""2025-10-03T06:30:00.000""]","[""UNKNOWN""]","[""UNKNOWN""]",[],[],"[""NONE""]",[],"[""O2162600""]","[""DRIVER""]","[""UNKNOWN""]","[""USAGE UNKNOWN""]","[""X""]",[],"[""2061515""]",[],[],[],[],[],[],[],2025,10,6,3,False,night,41.89,-87.63,41.89_-87.63,0.0,0,0,OTHER,0
STRAIGHT AND LEVEL,433,2025-10-03 06:20:00,6,6,10,F385146C58C45C3EDD863DB156D97F111AEC76CFF3860DC06F14BDC3FD0DD08FADCA035304203047B63A2A1D5F7C1DE461A02CC907E7501E2E37E9B9FC82C99F,NO INJURY / DRIVE AWAY,"OVER $1,500",FUNCTIONING PROPERLY,SIDESWIPE SAME DIRECTION,41.6668098259,DAYLIGHT,-87.5493471801,2,25,FAILING TO REDUCE SPEED TO AVOID CRASH,NO DEFECTS,DRY,UNABLE TO DETERMINE,E,3032,STOP SIGN/FLASHER,FOUR WAY,CLEAR,0.0,1.0,0.0,0.0,0.0,1.0,1,0,"[""Y""]",[],"[""Y""]","[""2025-10-03T06:20:00.000""]","[""2162633"", ""2162663""]","[""FRONT-RIGHT-CORNER"", ""SIDE-LEFT""]","[""IL""]","[""NISSAN"", ""TOYOTA""]","[""STRAIGHT AHEAD""]","[""ALTIMA"", ""CAMRY""]","[""1""]","[""W""]","[""1"", ""2""]","[""DRIVER""]","[""UNKNOWN""]","[""2061546"", ""2061562""]","[""PASSENGER""]","[""PERSONAL"", ""UNKNOWN/NA""]","[""2018""]",[],[],[],[],[],[],[],"[""Y""]",[],[],[],[],[],[],[],[],[],"[""DEPLOYMENT UNKNOWN"", ""DID NOT DEPLOY""]","[""TEST NOT OFFERED""]","[""CHICAGO""]","[""2025-10-03T06:20:00.000""]","[""IMPROPER LANE CHANGE""]","[""NOT OBSCURED"", ""UNKNOWN""]","[""D""]","[""IL""]","[""NONE""]",[],"[""O2162633"", ""O2162663""]","[""DRIVER""]","[""NORMAL"", ""UNKNOWN""]","[""SAFETY BELT USED"", ""USAGE UNKNOWN""]","[""F"", ""X""]","[""IL""]","[""2061546"", ""2061562""]","[""60617""]",[],[],[],[],[],[],2025,10,6,3,False,night,41.67,-87.55,41.67_-87.55,0.0,0,0,SPEEDING,0
STRAIGHT AND LEVEL,1654,2025-10-03 05:43:00,6,5,10,8EF2824DED9A8DF89345876503A22400E903E60E3C7B413598677CED12C4ABFE6FDF25C634462386B89D4112870330DCA28228B6E620E8E54198FC0F9323BD2A,NO INJURY / DRIVE AWAY,"OVER $1,500",NO CONTROLS,PARKED MOTOR VEHICLE,41.8736407663,"DARKNESS, LIGHTED ROAD",-87.6723897727,2,20,DRIVING SKILLS/KNOWLEDGE/EXPERIENCE,NO DEFECTS,DRY,UNABLE TO DETERMINE,W,10909,NO CONTROLS,PARKING LOT,CLEAR,0.0,0.0,0.0,0.0,0.0,1.0,2,1,[],[],[],"[""2025-10-03T05:43:00.000""]","[""2162582"", ""2162583""]","[""REAR-RIGHT-CORNER"", ""SIDE-LEFT-FRONT""]","[""IL"", ""IN""]","[""FREIGHTLINER CORPORATION""]","[""PARKED"", ""STARTING IN TRAFFIC""]","[""FREIGHTLINER CORP.""]","[""0"", ""1""]","[""E""]","[""1"", ""2""]","[""DRIVER"", ""DRIVERLESS""]","[""NONE""]","[""2061497"", ""2061504""]","[""TRACTOR W/ SEMI-TRAILER""]","[""COMMERCIAL - MULTI-UNIT"", ""NOT IN USE""]","[""2016"", ""2022""]",[],[],"[""Y""]",[],[],[],[],[],"[""Y""]","[""Y""]",[],[],[],"[""Y""]",[],[],['40'],"[""DID NOT DEPLOY""]","[""TEST NOT OFFERED""]","[""RACINE""]","[""2025-10-03T05:43:00.000""]","[""IMPROPER PARKING""]","[""NOT OBSCURED""]","[""A""]","[""WI""]","[""NONE""]",[],"[""O2162582""]","[""DRIVER""]","[""NORMAL""]","[""SAFETY BELT USED""]","[""M""]","[""WI""]","[""2061497""]","[""53406""]",[],[],[],[],[],[],2025,10,5,3,False,night,41.87,-87.67,NAN_NAN,40.0,40,40,OTHER,0
STRAIGHT AND LEVEL,1031,2025-10-03 05:29:00,6,5,10,ED3A612377EC245C91370F6B046F22C8E137A5A8F9CA72A789EF651A08374BAC36BA1F9C904B5D7C332136E55B51A627F56F898503590F11C73F8114501016B5,INJURY AND / OR TOW DUE TO CRASH,"OVER $1,500",NO CONTROLS,TURNING,41.830223541,"DARKNESS, LIGHTED ROAD",-87.7243519545,2,30,FAILING TO YIELD RIGHT-OF-WAY,NO DEFECTS,DRY,NOT APPLICABLE,S,3500,TRAFFIC SIGNAL,FOUR WAY,CLEAR,0.0,0.0,1.0,0.0,0.0,1.0,1,3,"[""Y""]","[""Y""]","[""Y""]","[""2025-10-03T05:29:00.000""]","[""2162576"", ""2162577""]","[""FRONT-RIGHT-CORNER"", ""SIDE-LEFT-REAR""]","[""IL""]","[""CHEVROLET"", ""NISSAN""]","[""STRAIGHT AHEAD"", ""TURNING LEFT""]","[""ALTIMA"", ""TRAVERSE""]","[""1"", ""3""]","[""S"", ""W""]","[""1"", ""2""]","[""DRIVER""]","[""NONE""]","[""2061491"", ""2061493""]","[""PASSENGER""]","[""PERSONAL""]","[""2012"", ""2021""]",[],[],"[""Y""]","[""PERSONAL TOW""]","[""Y""]","[""Y""]",[],[],[],[],"[""2""]","[""Y""]",[],[],[],[],"['22', '24', '44']","[""NOT APPLICABLE""]","[""TEST NOT OFFERED""]","[""CHICAGO""]","[""2025-10-03T05:29:00.000""]","[""FAILED TO YIELD"", ""NONE""]","[""NOT OBSCURED""]","[""D""]","[""IL""]","[""NONE""]",[],"[""O2162576"", ""O2162577"", ""P477240"", ""P477241""]","[""DRIVER"", ""PASSENGER""]","[""NORMAL""]","[""NONE PRESENT"", ""USAGE UNKNOWN""]","[""F"", ""M""]","[""IL""]","[""2061491"", ""2061493""]","[""6027"", ""60623"", ""60827""]",[],"[""3"", ""6""]",[],[],[],[],2025,10,5,3,False,night,41.83,-87.72,41.83_-87.72,30.0,22,44,FAILURE-TO-YIELD,0
STRAIGHT AND LEVEL,1831,2025-10-03 05:15:00,6,5,10,1C42D50FD8A484AACD61407BC5408971B9B607CEB6178BF986658F0F8B9D17D12BB40478759305F3E269251E0EFCC5EA68C7640E71644CFC24986D2D3D3872CA,NO INJURY / DRIVE AWAY,"OVER $1,500",NO CONTROLS,PARKED MOTOR VEHICLE,41.8922675897,"DARKNESS, LIGHTED ROAD",-87.6350084062,2,30,UNABLE TO DETERMINE,NO DEFECTS,DRY,UNABLE TO DETERMINE,W,221,NO CONTROLS,ONE-WAY,CLOUDY/OVERCAST,0.0,1.0,0.0,0.0,0.0,1.0,2,0,"[""Y""]","[""Y""]","[""Y""]","[""2025-10-03T05:15:00.000""]","[""2162578"", ""2162579""]","[""FRONT-RIGHT-CORNER"", ""REAR-LEFT-CORNER""]","[""IL""]","[""FORD"", ""HONDA""]","[""PARKED"", ""STRAIGHT AHEAD""]","[""EXPEDITION"", ""HR-V""]","[""0"", ""1""]","[""E"", ""UNKNOWN""]","[""1"", ""2""]","[""DRIVER"", ""PARKED""]","[""NONE"", ""UNKNOWN""]","[""2061495"", ""2061499""]","[""SPORT UTILITY VEHICLE (SUV)""]","[""NOT IN USE"", ""UNKNOWN/NA""]","[""2016"", ""2024""]",[],[],"[""Y""]",[],[],[],[],[],"[""Y""]",[],[],[],[],[],[],[],[],"[""DEPLOYMENT UNKNOWN""]","[""TEST NOT OFFERED""]",[],"[""2025-10-03T05:15:00.000""]","[""UNKNOWN""]","[""UNKNOWN""]",[],[],"[""NONE""]",[],"[""O2162578""]","[""DRIVER""]","[""UNKNOWN""]","[""USAGE UNKNOWN""]","[""M""]",[],"[""2061495""]",[],[],[],[],[],[],[],2025,10,5,3,False,night,41.89,-87.64,41.89_-87.64,0.0,0,0,OTHER,0
STRAIGHT AND LEVEL,1131,2025-10-03 05:00:00,6,5,10,2AE04BF78552857362BEA95D589CF34F241AFE5A7518006281841ED32DEBB492C59353CDA5BA99B6C8F1D2686B4857BB854CAE7937769D5D2D304AC5F3E839B0,INJURY AND / OR TOW DUE TO CRASH,"OVER $1,500",NO CONTROLS,PARKED MOTOR VEHICLE,41.8724191944,DARKNESS,-87.7426813927,2,30,UNABLE TO DETERMINE,UNKNOWN,UNKNOWN,NOT APPLICABLE,W,4702,NO CONTROLS,NOT DIVIDED,CLEAR,0.0,1.0,0.0,0.0,0.0,1.0,2,0,[],[],[],"[""2025-10-03T05:00:00.000""]","[""2162830"", ""2162831""]","[""REAR-LEFT-CORNER"", ""UNKNOWN""]","[""IL""]","[""MERCEDES-BENZ"", ""UNKNOWN""]","[""PARKED"", ""UNKNOWN/NA""]","[""OTHER (EXPLAIN IN NARRATIVE)"", ""S-CLASS""]","[""0"", ""1""]","[""W""]","[""1"", ""2""]","[""DRIVER"", ""PARKED""]","[""NONE"", ""UNKNOWN""]","[""2061731"", ""2061735""]","[""PASSENGER"", ""UNKNOWN/NA""]","[""PERSONAL"", ""UNKNOWN/NA""]","[""2022""]",[],[],[],"[""PRIVATE TOW""]","[""Y""]","[""Y""]","[""Y""]",[],[],[],[],"[""Y""]",[],[],"[""Y""]",[],[],"[""DEPLOYMENT UNKNOWN""]","[""TEST NOT OFFERED""]",[],"[""2025-10-03T05:00:00.000""]","[""UNKNOWN""]","[""UNKNOWN""]",[],[],"[""NONE""]",[],"[""O2162830""]","[""DRIVER""]","[""UNKNOWN""]","[""USAGE UNKNOWN""]","[""X""]",[],"[""2061731""]",[],[],[],[],[],[],[],2025,10,5,3,False,night,41.87,-87.74,41.87_-87.74,0.0,0,0,OTHER,0
STRAIGHT AND LEVEL,1034,2025-10-03 04:43:00,6,4,10,F8CD3B42C499D89A256BA9B179B3E6DBF5997033E3B55201CC727CC467C782DDD12533E9171DEE63FE4CCDEC156672B258F25BD6BB62BE85AEB7E2EF66E8A6A8,NO INJURY / DRIVE AWAY,"$501 - $1,500",FUNCTIONING PROPERLY,SIDESWIPE SAME DIRECTION,41.8448203764,"DARKNESS, LIGHTED ROAD",-87.6855931141,2,30,IMPROPER LANE USAGE,NO DEFECTS,DRY,NOT APPLICABLE,S,2600,TRAFFIC SIGNAL,FOUR WAY,CLEAR,0.0,1.0,1.0,0.0,0.0,1.0,1,1,"[""N""]",[],[],"[""2025-10-03T04:43:00.000""]","[""2162574"", ""2162575""]","[""SIDE-LEFT"", ""UNKNOWN""]","[""IL"", ""XX""]","[""INFINITI"", ""UNKNOWN""]","[""CHANGING LANES"", ""STRAIGHT AHEAD""]","[""G37"", ""MOTORIZED""]","[""1""]","[""N""]","[""1"", ""2""]","[""DRIVER""]","[""UNKNOWN""]","[""2061492"", ""2061494""]","[""PASSENGER""]","[""PERSONAL"", ""UNKNOWN/NA""]","[""2012""]",[],[],"[""N""]",[],[],"[""N""]","[""Y""]","[""Y""]","[""N""]",[],[],"[""Y""]",[],[],[],[],['54'],"[""DEPLOYED, SIDE"", ""DEPLOYMENT UNKNOWN""]","[""TEST NOT OFFERED""]","[""CHICAGO""]","[""2025-10-03T04:43:00.000""]","[""IMPROPER LANE CHANGE"", ""OTHER""]","[""UNKNOWN""]","[""D""]","[""IL"", ""XX""]","[""UNKNOWN""]",[],"[""O2162574"", ""O2162575""]","[""DRIVER""]","[""NORMAL"", ""UNKNOWN""]","[""USAGE UNKNOWN""]","[""F"", ""X""]","[""IL""]","[""2061492"", ""2061494""]","[""60652""]",[],[],[],[],[],[],2025,10,4,3,False,night,41.84,-87.69,41.84_-87.69,54.0,54,54,OTHER,0