alignment,beat_of_occurrence,crash_date,crash_day_of_week,crash_hour,crash_month,crash_record_id,crash_type,damage,device_condition,first_crash_type,latitude,lighting_condition,longitude,num_units,posted_speed_limit,prim_contributory_cause,road_defect,roadway_surface_cond,sec_contributory_cause,street_direction,street_no,traffic_control_device,trafficway_type,weather_condition,private_property_i,hit_and_run_i,intersection_related_i,crash_date_est_i,work_zone_i,workers_present_i,veh_count,ppl_count,veh_area_01_i_list_json,veh_area_02_i_list_json,veh_area_12_i_list_json,veh_crash_date_list_json,veh_crash_unit_id_list_json,veh_first_contact_point_list_json,veh_lic_plate_state_list_json,veh_make_list_json,veh_maneuver_list_json,veh_model_list_json,veh_occupant_cnt_list_json,veh_travel_direction_list_json,veh_unit_no_list_json,veh_unit_type_list_json,veh_vehicle_defect_list_json,veh_vehicle_id_list_json,veh_vehicle_type_list_json,veh_vehicle_use_list_json,veh_vehicle_year_list_json,veh_area_03_i_list_json,veh_area_04_i_list_json,veh_area_11_i_list_json,veh_towed_by_list_json,veh_towed_i_list_json,veh_area_07_i_list_json,veh_area_99_i_list_json,veh_area_09_i_list_json,veh_area_10_i_list_json,veh_cmrc_veh_i_list_json,veh_num_passengers_list_json,veh_area_08_i_list_json,veh_area_00_i_list_json,veh_area_05_i_list_json,veh_area_06_i_list_json,veh_towed_to_list_json,ppl_age_list_json,ppl_airbag_deployed_list_json,ppl_bac_result_list_json,ppl_city_list_json,ppl_crash_date_list_json,ppl_driver_action_list_json,ppl_driver_vision_list_json,ppl_drivers_license_class_list_json,ppl_drivers_license_state_list_json,ppl_ejection_list_json,ppl_hospital_list_json,ppl_person_id_list_json,ppl_person_type_list_json,ppl_physical_condition_list_json,ppl_safety_equipment_list_json,ppl_sex_list_json,ppl_state_list_json,ppl_vehicle_id_list_json,ppl_zipcode_list_json,ppl_ems_agency_list_json,ppl_seat_no_list_json,ppl_pedpedal_action_list_json,ppl_pedpedal_location_list_json,ppl_pedpedal_visibility_list_json,ppl_ems_run_no_list_json,year,month,hour,day,is_weekend,hour_bin,lat_bin,lng_bin,grid_id,ppl_age_mean,ppl_age_min,ppl_age_max,prim_contributory_cause_group,ksi_flag
STRAIGHT AND LEVEL,323,2025-10-03 03:41:00,6,3,10,5B583880795F0D57025B2CCE9424A8C9A0993EDFB4F5B1B26EF49546E0E456CF053067EA307682D72487BEB1CBEA6910A47977CA395A9ECF0ABE15006BEDC081,NO INJURY / DRIVE AWAY,"OVER $1,500",NO CONTROLS,REAR TO FRONT,41.7586627308,"DARKNESS, LIGHTED ROAD",-87.6246224631,2,30,IMPROPER BACKING,NO DEFECTS,DRY,NOT APPLICABLE,S,7447,NO CONTROLS,OTHER,CLEAR,0.0,1.0,0.0,0.0,0.0,1.0,1,1,[],[],[],"[""2025-10-03T03:41:00.000""]","[""2162584"", ""2162585""]","[""FRONT"", ""REAR""]","[""IL""]","[""CHEVROLET""]","[""BACKING"", ""UNKNOWN/NA""]","[""TAHOE"", ""TRAIL BLAZER""]","[""1"", ""2""]","[""N"", ""S""]","[""1"", ""2""]","[""DRIVER""]","[""NONE""]","[""2061500"", ""2061505""]","[""SPORT UTILITY VEHICLE (SUV)""]","[""PERSONAL""]","[""2007"", ""2021""]",[],[],[],[],[],"[""Y""]","[""Y""]",[],[],[],"[""1""]",[],[],"[""Y""]","[""Y""]",[],['69'],"[""DEPLOYMENT UNKNOWN"", ""NOT APPLICABLE""]","[""TEST NOT OFFERED""]","[""SOUTH HOLLAND""]","[""2025-10-03T03:41:00.000""]","[""IMPROPER BACKING"", ""UNKNOWN""]","[""NOT OBSCURED"", ""UNKNOWN""]","[""D*""]","[""IL""]","[""NONE""]",[],"[""O2162584"", ""O2162585"", ""P477242""]","[""DRIVER"", ""PASSENGER""]","[""NORMAL"", ""UNKNOWN""]","[""USAGE UNKNOWN""]","[""M""]","[""IL""]","[""2061500"", ""2061505""]","[""60473""]",[],"[""3""]",[],[],[],[],2025,10,3,3,False,night,41.76,-87.62,41.76_-87.62,69.0,69,69,OTHER,0
STRAIGHT AND LEVEL,2512,2025-10-03 03:10:00,6,3,10,121F4F1270DDC5CED0CED45514D908A7D2C851A4457CBC049F0C61CFDD061A6389AFF5835D48F9C44CA602B29C93A460FD3914EA5F4463D376CAFDFCA96DA1CE,INJURY AND / OR TOW DUE TO CRASH,"OVER $1,500",NO CONTROLS,PARKED MOTOR VEHICLE,41.9274999696,"DARKNESS, LIGHTED ROAD",-87.7820611114,3,20,DRIVING ON WRONG SIDE/WRONG WAY,NO DEFECTS,DRY,UNABLE TO DETERMINE,W,6232,NO CONTROLS,ONE-WAY,CLEAR,0.0,1.0,0.0,0.0,0.0,1.0,2,0,"[""Y""]","[""Y""]","[""Y""]","[""2025-10-03T03:10:00.000""]","[""2162703"", ""2162704"", ""2162705""]","[""FRONT"", ""FRONT-RIGHT-CORNER""]","[""IL""]","[""FORD"", ""TOYOTA"", ""UNKNOWN""]","[""PARKED"", ""STRAIGHT AHEAD""]","[""EXPLORER"", ""OTHER (EXPLAIN IN NARRATIVE)"", ""VENZA""]","[""0"", ""1""]","[""E"", ""W""]","[""1"", ""2"", ""3""]","[""DRIVER"", ""PARKED""]","[""UNKNOWN""]","[""2061608"", ""2061610"", ""2061614""]","[""PASSENGER"", ""SPORT UTILITY VEHICLE (SUV)""]","[""NOT IN USE"", ""UNKNOWN/NA""]","[""2014"", ""2015""]","[""Y""]","[""Y""]",[],"[""privet tow""]","[""Y""]",[],[],[],[],[],[],"[""Y""]",[],"[""Y""]","[""Y""]",[],[],"[""DEPLOYMENT UNKNOWN""]","[""TEST NOT OFFERED""]",[],"[""2025-10-03T03:10:00.000""]","[""WRONG WAY/SIDE""]","[""UNKNOWN""]",[],[],"[""NONE""]",[],"[""O2162703""]","[""DRIVER""]","[""UNKNOWN""]","[""USAGE UNKNOWN""]","[""X""]",[],"[""2061608""]",[],[],[],[],[],[],[],2025,10,3,3,False,night,41.93,-87.78,41.93_-87.78,0.0,0,0,OTHER,0
STRAIGHT AND LEVEL,2221,2025-10-03 02:46:00,6,2,10,7801B6977D60344F94F8F4E295E8A47DEEF1BCDC04C7AB70058CCEA3A82528BF6E65453A478415A97BF7B4B9914A5D7F7C8CA02E0629B2C243C33FCDD5230872,INJURY AND / OR TOW DUE TO CRASH,"$501 - $1,500",NO CONTROLS,FIXED OBJECT,41.7300169147,"DARKNESS, LIGHTED ROAD",-87.6788385962,1,25,UNABLE TO DETERMINE,NO DEFECTS,DRY,NOT APPLICABLE,S,9000,NO CONTROLS,NOT DIVIDED,CLEAR,0.0,0.0,0.0,1.0,0.0,1.0,1,1,"[""Y""]",[],[],"[""2025-10-03T02:46:00.000""]","[""2162573""]","[""FRONT-RIGHT-CORNER""]","[""IL""]","[""FORD""]","[""STRAIGHT AHEAD""]","[""EXPLORER""]","[""1""]","[""N""]","[""1""]","[""DRIVER""]","[""NONE""]","[""2061490""]","[""PASSENGER""]","[""PERSONAL""]","[""2021""]",[],[],[],[],"[""Y""]",[],[],[],[],[],[],[],[],[],[],"[""POUND 2""]",['45'],"[""DID NOT DEPLOY""]","[""TEST NOT OFFERED""]","[""CHICAGO""]","[""2025-10-03T02:46:00.000""]","[""UNKNOWN""]","[""UNKNOWN""]","[""D""]","[""IL""]","[""NONE""]",[],"[""O2162573""]","[""DRIVER""]","[""UNKNOWN""]","[""USAGE UNKNOWN""]","[""F""]","[""IL""]","[""2061490""]","[""60643""]",[],[],[],[],[],[],2025,10,2,3,False,night,41.73,-87.68,41.73_-87.68,45.0,45,45,OTHER,0
STRAIGHT AND LEVEL,2433,2025-10-03 02:30:00,6,2,10,DFD460AF2D9A385BD3CE1E704DB7E4EB04BCF05ABA8E547B661A8B431BCA9EC8D5DD2B3BA820E8DCB8D4FDE460879BB27082782686392A9492B167959BE131BF,NO INJURY / DRIVE AWAY,"$501 - $1,500",NO CONTROLS,SIDESWIPE SAME DIRECTION,41.9980861072,DARKNESS,-87.6598835791,2,35,NOT APPLICABLE,NO DEFECTS,DRY,NOT APPLICABLE,W,1135,NO CONTROLS,NOT DIVIDED,CLEAR,0.0,0.0,0.0,0.0,0.0,1.0,1,3,"[""Y""]",[],[],"[""2025-10-03T02:30:00.000""]","[""2162571"", ""2162572""]","[""FRONT"", ""SIDE-LEFT-REAR""]","[""IL""]","[""CHEVROLET""]","[""STRAIGHT AHEAD""]","[""SILVERADO"", ""TAHOE""]","[""1"", ""3""]","[""E""]","[""1"", ""2""]","[""DRIVER""]","[""UNKNOWN""]","[""2061488"", ""2061489""]","[""PASSENGER"", ""PICKUP""]","[""PERSONAL""]","[""2008"", ""2014""]",[],[],[],[],[],[],[],"[""Y""]",[],[],"[""2""]","[""Y""]",[],[],[],[],"['24', '25', '39']","[""NOT APPLICABLE""]","[""TEST NOT OFFERED""]","[""CHICAGO"", ""JOLIET"", ""MANHATTAN"", ""ORLAND PARK""]","[""2025-10-03T02:30:00.000""]","[""UNKNOWN""]","[""UNKNOWN""]","[""D""]","[""IL""]","[""NONE"", ""UNKNOWN""]",[],"[""O2162571"", ""O2162572"", ""P477238"", ""P477239""]","[""DRIVER"", ""PASSENGER""]","[""NORMAL""]","[""USAGE UNKNOWN""]","[""M""]","[""IL""]","[""2061488"", ""2061489""]","[""60436"", ""60442"", ""60467"", ""60619""]",[],"[""3"", ""6""]",[],[],[],[],2025,10,2,3,False,night,42.0,-87.66,42.0_-87.66,29.333333333333332,24,39,OTHER,0
STRAIGHT AND LEVEL,633,2025-10-03 01:01:00,6,1,10,8343207971CC1D12884922DF8967575C72786E3A4C88A90FDFDC7B3CCE9FB2664188D1C95F316918B2E995374FBEFCCE6A7C34D5E19EB7A1AAE9E3C5B510B90F,INJURY AND / OR TOW DUE TO CRASH,"OVER $1,500",FUNCTIONING PROPERLY,TURNING,41.7221546496,DARKNESS,-87.6046013499,2,30,DISREGARDING TRAFFIC SIGNALS,NO DEFECTS,DRY,NOT APPLICABLE,E,798,TRAFFIC SIGNAL,T-INTERSECTION,CLEAR,0.0,0.0,1.0,0.0,0.0,1.0,1,2,"[""Y""]",[],"[""Y""]","[""2025-10-03T01:01:00.000""]","[""2162569"", ""2162570""]","[""FRONT"", ""SIDE-LEFT""]","[""IL""]","[""HONDA"", ""VOLKSWAGEN""]","[""STRAIGHT AHEAD"", ""TURNING LEFT""]","[""ACCORD"", ""ROUTAN""]","[""1""]","[""E"", ""W""]","[""1"", ""2""]","[""DRIVER""]","[""UNKNOWN""]","[""2061486"", ""2061487""]","[""PASSENGER"", ""VAN/MINI-VAN""]","[""PERSONAL""]","[""2011"", ""2015""]",[],[],"[""Y""]","[""PERSONAL TOW""]","[""Y""]",[],[],"[""Y""]","[""Y""]",[],[],"[""Y""]",[],[],[],"[""UNK""]","['33', '35']","[""DID NOT DEPLOY"", ""NOT APPLICABLE""]","[""TEST NOT OFFERED""]","[""CHICAGO""]","[""2025-10-03T01:01:00.000""]","[""DISREGARDED CONTROL DEVICES"", ""NONE""]","[""UNKNOWN""]","[""D""]","[""IL""]","[""NONE""]",[],"[""O2162569"", ""O2162570""]","[""DRIVER""]","[""UNKNOWN""]","[""SAFETY BELT USED"", ""USAGE UNKNOWN""]","[""F""]","[""IL""]","[""2061486"", ""2061487""]","[""60619"", ""60636""]",[],[],[],[],[],[],2025,10,1,3,False,night,41.72,-87.6,41.72_-87.6,34.0,33,35,OTHER,0
STRAIGHT AND LEVEL,1111,2025-10-03 01:00:00,6,1,10,A04AB36AE1AAD5595DFA3288A92F70A9AB71E84C1D29E54892827181BA730275F60EC6B114AD412C29097FA59A387190FB02959BB3A486CA970F3F7F20110E83,NO INJURY / DRIVE AWAY,"OVER $1,500",NO CONTROLS,PARKED MOTOR VEHICLE,41.8924006128,"DARKNESS, LIGHTED ROAD",-87.7444612587,2,30,DRIVING SKILLS/KNOWLEDGE/EXPERIENCE,UNKNOWN,DRY,UNABLE TO DETERMINE,W,4724,NO CONTROLS,ONE-WAY,CLEAR,0.0,1.0,0.0,0.0,0.0,1.0,2,0,"[""Y""]","[""Y""]","[""Y""]","[""2025-10-03T01:00:00.000""]","[""2163824"", ""2163825""]","[""FRONT-RIGHT-CORNER"", ""UNKNOWN""]","[""IL""]","[""FORD"", ""UNKNOWN""]","[""OTHER"", ""PARKED""]","[""MUSTANG"", ""OTHER (EXPLAIN IN NARRATIVE)""]","[""0"", ""1""]","[""UNKNOWN""]","[""1"", ""2""]","[""DRIVER"", ""PARKED""]","[""UNKNOWN""]","[""2062704"", ""2062713""]","[""PASSENGER"", ""PICKUP""]","[""NOT IN USE"", ""UNKNOWN/NA""]",[],[],[],"[""Y""]",[],[],[],"[""Y""]",[],"[""Y""]",[],[],[],[],[],[],[],[],"[""DEPLOYMENT UNKNOWN""]","[""TEST NOT OFFERED""]",[],"[""2025-10-03T01:00:00.000""]","[""OTHER""]","[""UNKNOWN""]",[],[],"[""NONE""]",[],"[""O2163824""]","[""DRIVER""]","[""UNKNOWN""]","[""USAGE UNKNOWN""]","[""X""]",[],"[""2062704""]",[],[],[],[],[],[],[],2025,10,1,3,False,night,41.89,-87.74,41.89_-87.74,0.0,0,0,OTHER,0
STRAIGHT AND LEVEL,712,2025-10-03 00:15:00,6,0,10,37767C33A94F29AFE5097E7E998DBDB494541937D4A1FB6557FAC5E821E96276D239CAD51FE75DC6AA1B2F8557BA241EC2C28AE83D7BBA600BF2C4D6DDF991D7,NO INJURY / DRIVE AWAY,"OVER $1,500",FUNCTIONING PROPERLY,REAR END,41.7798596793,"DARKNESS, LIGHTED ROAD",-87.6448527816,3,30,FAILING TO REDUCE SPEED TO AVOID CRASH,NO DEFECTS,DRY,FAILING TO REDUCE SPEED TO AVOID CRASH,W,800,TRAFFIC SIGNAL,FOUR WAY,CLEAR,0.0,0.0,0.0,0.0,0.0,1.0,1,3,[],[],"[""Y""]","[""2025-10-03T00:15:00.000""]","[""2162564"", ""2162565"", ""2162566""]","[""FRONT-LEFT-CORNER"", ""REAR""]","[""IL""]","[""DODGE"", ""LINCOLN""]","[""STRAIGHT AHEAD""]","[""CARAVAN"", ""MKZ"", ""NAVIGATOR""]","[""1""]","[""E""]","[""1"", ""2"", ""3""]","[""DRIVER""]","[""NONE""]","[""2061480"", ""2061483"", ""2061485""]","[""PASSENGER"", ""VAN/MINI-VAN""]","[""PERSONAL""]","[""2009"", ""2016"", ""2022""]",[],[],"[""Y""]",[],[],"[""Y""]",[],[],[],[],[],[],[],"[""Y""]","[""Y""]",[],"['50', '59', '85']","[""DID NOT DEPLOY"", ""NOT APPLICABLE""]","[""TEST NOT OFFERED""]","[""AURORA"", ""MOKENA"", ""MOUNT PROSPECT""]","[""2025-10-03T00:15:00.000""]","[""NONE"", ""TOO FAST FOR CONDITIONS""]","[""NOT OBSCURED""]","[""C"", ""D""]","[""IL""]","[""NONE""]",[],"[""O2162564"", ""O2162565"", ""O2162566""]","[""DRIVER""]","[""NORMAL""]","[""NONE PRESENT""]","[""M""]","[""IL""]","[""2061480"", ""2061483"", ""2061485""]","[""60056"", ""60448"", ""60506""]",[],[],[],[],[],[],2025,10,0,3,False,afternoon,41.78,-87.64,41.78_-87.64,64.66666666666667,50,85,SPEEDING,0
STRAIGHT AND LEVEL,322,2025-10-03 00:10:00,6,0,10,2A36C08A82ABD909D11C462529FECB47F338F5275472DFBE15E2A7C1CCAF3C656BE90CE466B6829C7AF6B28F849BE134E31EF6F18969F82EA5F8E2A5DC0D22AF,INJURY AND / OR TOW DUE TO CRASH,"OVER $1,500",FUNCTIONING PROPERLY,ANGLE,41.7657205926,"DARKNESS, LIGHTED ROAD",-87.6201809103,2,30,DISREGARDING TRAFFIC SIGNALS,NO DEFECTS,DRY,NOT APPLICABLE,E,198,TRAFFIC SIGNAL,FOUR WAY,CLEAR,0.0,0.0,1.0,0.0,0.0,1.0,1,2,"[""Y""]",[],"[""Y""]","[""2025-10-03T00:10:00.000""]","[""2162561"", ""2162562""]","[""FRONT"", ""SIDE-RIGHT-REAR""]","[""IL""]","[""NISSAN"", ""VOLKSWAGEN""]","[""STRAIGHT AHEAD""]","[""JETTA"", ""ROGUE""]","[""1""]","[""S"", ""W""]","[""1"", ""2""]","[""DRIVER""]","[""NONE""]","[""2061479"", ""2061481""]","[""PASSENGER""]","[""PERSONAL""]","[""2011"", ""2015""]","[""Y""]","[""Y""]","[""Y""]","[""private""]","[""Y""]",[],[],[],[],[],[],[],[],"[""Y""]","[""Y""]","[""private""]","['37', '60']","[""DEPLOYED, COMBINATION""]","[""TEST NOT OFFERED""]","[""CHICAGO""]","[""2025-10-03T00:10:00.000""]","[""DISREGARDED CONTROL DEVICES"", ""OTHER""]","[""NOT OBSCURED""]","[""D""]","[""IL""]","[""NONE""]","[""REFUSED""]","[""O2162561"", ""O2162562""]","[""DRIVER""]","[""NORMAL""]","[""SAFETY BELT USED""]","[""F"", ""M""]","[""IL""]","[""2061479"", ""2061481""]","[""60617"", ""60637""]",[],[],[],[],[],[],2025,10,0,3,False,afternoon,41.77,-87.62,41.77_-87.62,48.5,37,60,OTHER,0
STRAIGHT AND LEVEL,213,2025-10-03 00:05:00,6,0,10,6875B41783AC41749D072B8641A45CD24028406F3F1FA8F0E0FA549B491DE14160DEA33DE2770603073AC473A63D213D80CCC2BD3FFA812777D746835E2EC806,INJURY AND / OR TOW DUE TO CRASH,"OVER $1,500",NO CONTROLS,FIXED OBJECT,41.8237819257,"DARKNESS, LIGHTED ROAD",-87.6296251881,1,30,UNABLE TO DETERMINE,NO DEFECTS,DRY,NOT APPLICABLE,W,126,NO CONTROLS,NOT DIVIDED,CLEAR,0.0,0.0,0.0,0.0,0.0,1.0,1,1,"[""Y""]",[],"[""Y""]","[""2025-10-03T00:05:00.000""]","[""2162549""]","[""FRONT-RIGHT-CORNER""]","[""IL""]","[""NISSAN""]","[""STRAIGHT AHEAD""]","[""VERSA""]","[""1""]","[""W""]","[""1""]","[""DRIVER""]","[""NONE""]","[""2061464""]","[""PASSENGER""]","[""PERSONAL""]","[""2011""]",[],[],"[""Y""]","[""SS #""]","[""Y""]",[],[],[],"[""Y""]",[],[],[],[],[],[],"[""103RD DOTY (POUND #2)""]",['20'],"[""DEPLOYED, COMBINATION""]","[""TEST NOT OFFERED""]","[""CHICAGO""]","[""2025-10-03T00:05:00.000""]","[""UNKNOWN""]","[""NOT OBSCURED""]","[""D""]","[""IL""]","[""NONE""]","[""UNIVERSITY OF CHICAGO""]","[""O2162549""]","[""DRIVER""]","[""NORMAL""]","[""USAGE UNKNOWN""]","[""F""]","[""IL""]","[""2061464""]","[""60643""]","[""CFD EMS 57""]",[],[],[],[],[],2025,10,0,3,False,afternoon,41.82,-87.63,41.82_-87.63,20.0,20,20,OTHER,1
STRAIGHT AND LEVEL,813,2025-10-02 23:51:00,5,23,10,6E63320EC62BF6AACF3C7A5645C69902FB0AEAC1E949D40B8E22B07CF4B969400F563725BA63BB35D61E0017D3941ABCB1DF98C2DAB13CD94FEC45609414B3B5,INJURY AND / OR TOW DUE TO CRASH,"OVER $1,500",FUNCTIONING PROPERLY,HEAD ON,41.7819896563,"DARKNESS, LIGHTED ROAD",-87.7425550815,3,30,DISREGARDING TRAFFIC SIGNALS,NO DEFECTS,DRY,NOT APPLICABLE,S,6100,TRAFFIC SIGNAL,NOT DIVIDED,CLEAR,0.0,0.0,0.0,0.0,0.0,1.0,1,3,"[""Y""]","[""Y""]","[""Y""]","[""2025-10-02T23:51:00.000""]","[""2162556"", ""2162557"", ""2162558""]","[""FRONT"", ""SIDE-RIGHT-REAR""]","[""IL""]","[""ACURA"", ""FORD""]","[""STRAIGHT AHEAD""]","[""F150"", ""MUSTANG"", ""TLX""]","[""1""]","[""N"", ""S"", ""W""]","[""1"", ""2"", ""3""]","[""DRIVER""]","[""NONE""]","[""2061473"", ""2061475"", ""2061476""]","[""PASSENGER"", ""PICKUP""]","[""PERSONAL""]","[""2014"", ""2015"", ""2016""]","[""Y""]","[""Y""]","[""Y""]","[""PERSNAL TOW"", ""PERSONAL TOW""]","[""Y""]","[""Y""]",[],[],[],[],[],[],[],"[""Y""]","[""Y""]","[""RESIDENCE""]","['22', '31', '63']","[""DEPLOYED, COMBINATION"", ""DEPLOYED, FRONT"", ""DID NOT DEPLOY""]","[""TEST NOT OFFERED""]","[""BERWYN"", ""CHICAGO""]","[""2025-10-02T23:51:00.000""]","[""DISREGARDED CONTROL DEVICES"", ""NONE""]","[""NOT OBSCURED"", ""UNKNOWN""]","[""D""]","[""IL""]","[""NONE""]",[],"[""O2162556"", ""O2162557"", ""O2162558""]","[""DRIVER""]","[""NORMAL""]","[""SAFETY BELT USED"", ""USAGE UNKNOWN""]","[""M""]","[""IL""]","[""2061473"", ""2061475"", ""2061476""]","[""60402"", ""60629""]",[],[],[],[],[],[],2025,10,23,2,False,evening,41.78,-87.74,41.78_-87.74,38.666666666666664,22,63,OTHER,0
STRAIGHT AND LEVEL,1623,2025-10-02 23:45:00,5,23,10,1FAD811DB2D1A71DF772557F4243EE4245BE36BFF498307A41D3C7AFD5BB53528BF1281772AFE7B13ADDBAA782F6E04911E84F22C3567D9E5471EB1E03152D53,NO INJURY / DRIVE AWAY,"OVER $1,500",FUNCTIONING PROPERLY,TURNING,41.9644511676,UNKNOWN,-87.7477764313,2,30,FOLLOWING TOO CLOSELY,UNKNOWN,UNKNOWN,NOT APPLICABLE,N,4600,TRAFFIC SIGNAL,FOUR WAY,CLEAR,0.0,0.0,0.0,1.0,0.0,1.0,1,2,"[""Y""]",[],"[""Y""]","[""2025-10-02T23:45:00.000""]","[""2169375"", ""2169376""]","[""FRONT"", ""REAR""]","[""IL""]","[""BMW"", ""CHEVROLET""]","[""STRAIGHT AHEAD"", ""TURNING RIGHT""]","[""BOLT"", ""OTHER (EXPLAIN IN NARRATIVE)""]","[""1""]","[""N""]","[""1"", ""2""]","[""DRIVER""]","[""UNKNOWN""]","[""2067917"", ""2067918""]","[""PASSENGER"", ""SPORT UTILITY VEHICLE (SUV)""]","[""PERSONAL"", ""UNKNOWN/NA""]","[""2010"", ""2023""]",[],[],"[""Y""]",[],[],"[""Y""]",[],[],[],[],[],[],[],"[""Y""]","[""Y""]",[],"['35', '45']","[""DEPLOYMENT UNKNOWN""]","[""TEST NOT OFFERED""]","[""HARDWOOD HEIGHTS"", ""MILWAUKEE""]","[""2025-10-02T23:45:00.000""]","[""FOLLOWED TOO CLOSELY"", ""NONE""]","[""UNKNOWN""]","[""D""]","[""IL"", ""WI""]","[""UNKNOWN""]",[],"[""O2169375"", ""O2169376""]","[""DRIVER""]","[""UNKNOWN""]","[""USAGE UNKNOWN""]","[""M""]","[""IL"", ""WI""]","[""2067917"", ""2067918""]","[""53224"", ""60706""]",[],[],[],[],[],[],2025,10,23,2,False,evening,41.96,-87.75,41.96_-87.75,40.0,35,45,FOLLOWING TOO CLOSELY,0
STRAIGHT AND LEVEL,1631,2025-10-02 23:34:00,5,23,10,B6156A45A7FA270D38749D9C13DEB81B56761530A64B3B07C68EAD1E1F555564163D865F0F209E08499434CB827447DE0FC9A36287E787D797C0FC82D1A9FBD5,NO INJURY / DRIVE AWAY,"OVER $1,500",NO CONTROLS,PARKED MOTOR VEHICLE,41.9395587097,"DARKNESS, LIGHTED ROAD",-87.8140718409,2,30,UNABLE TO DETERMINE,NO DEFECTS,DRY,NOT APPLICABLE,W,7469,NO CONTROLS,NOT DIVIDED,CLEAR,0.0,1.0,0.0,1.0,0.0,1.0,2,0,[],[],[],"[""2025-10-02T23:34:00.000""]","[""2162544"", ""2162545""]","[""FRONT-RIGHT-CORNER"", ""REAR-LEFT-CORNER""]","[""IL""]","[""GENERAL MOTORS CORPORATION (GMC)"", ""UNKNOWN""]","[""PARKED"", ""STRAIGHT AHEAD""]","[""ENGINE"", ""TERRAIN""]","[""0"", ""1""]","[""E""]","[""1"", ""2""]","[""DRIVER"", ""DRIVERLESS""]","[""UNKNOWN""]","[""2061460"", ""2061462""]","[""PASSENGER"", ""UNKNOWN/NA""]","[""PERSONAL"", ""UNKNOWN/NA""]","[""2019""]",[],[],"[""Y""]",[],[],"[""Y""]","[""Y""]","[""Y""]","[""Y""]",[],[],"[""Y""]",[],[],"[""Y""]",[],[],"[""DEPLOYMENT UNKNOWN""]","[""TEST NOT OFFERED""]",[],"[""2025-10-02T23:34:00.000""]","[""UNKNOWN""]","[""UNKNOWN""]",[],[],"[""UNKNOWN""]",[],"[""O2162544""]","[""DRIVER""]","[""UNKNOWN""]","[""USAGE UNKNOWN""]","[""X""]",[],"[""2061460""]",[],[],[],[],[],[],[],2025,10,23,2,False,evening,41.94,-87.81,41.94_-87.81,0.0,0,0,OTHER,0
STRAIGHT AND LEVEL,1633,2025-10-02 23:29:00,5,23,10,53B54FC352FD86E276FDDB5FFA9E6DAD49E293A0931DAE696252BC29C5AF6A9C1E083FBE24207ECCAD63E505C7B9CB940B561E85D9E20FF7CE864712039BDE89,INJURY AND / OR TOW DUE TO CRASH,"OVER $1,500",NO CONTROLS,FIXED OBJECT,41.9385455171,"DARKNESS, LIGHTED ROAD",-87.7771680292,1,30,UNABLE TO DETERMINE,NO DEFECTS,DRY,NOT APPLICABLE,W,6022,NO CONTROLS,DIVIDED - W/MEDIAN (NOT RAISED),CLEAR,0.0,0.0,0.0,0.0,0.0,1.0,1,1,"[""Y""]","[""Y""]","[""Y""]","[""2025-10-02T23:29:00.000""]","[""2162548""]","[""FRONT-RIGHT-CORNER""]","[""IL""]","[""SUBARU""]","[""STRAIGHT AHEAD""]","[""OUTBACK""]","[""1""]","[""W""]","[""1""]","[""DRIVER""]","[""UNKNOWN""]","[""2061463""]","[""PASSENGER""]","[""PERSONAL""]","[""2018""]",[],[],"[""Y""]","[""STREETS AND SAN""]","[""Y""]",[],[],[],"[""Y""]",[],[],[],[],[],[],[],['22'],"[""DEPLOYED, COMBINATION""]","[""TEST NOT OFFERED""]","[""CHICAGO""]","[""2025-10-02T23:29:00.000""]","[""UNKNOWN""]","[""NOT OBSCURED""]","[""D""]","[""IL""]","[""NONE""]",[],"[""O2162548""]","[""DRIVER""]","[""REMOVED BY EMS""]","[""USAGE UNKNOWN""]","[""M""]","[""IL""]","[""2061463""]","[""60634""]",[],[],[],[],[],[],2025,10,23,2,False,evening,41.94,-87.78,41.94_-87.78,22.0,22,22,OTHER,1
STRAIGHT AND LEVEL,421,2025-10-02 23:12:00,5,23,10,7EE4EE920F370E8000F4B8348420CB36B36E6EAE5E9E263A8A1DBE6D1FEDFAB0C64E8EEEEEBC37F14E305770D9AB446FC36CA40B887D44D16EEDA4E05CF331A1,INJURY AND / OR TOW DUE TO CRASH,"$501 - $1,500",NO CONTROLS,ANGLE,41.7587121747,UNKNOWN,-87.5554679583,2,30,UNABLE TO DETERMINE,UNKNOWN,UNKNOWN,NOT APPLICABLE,S,7600,STOP SIGN/FLASHER,FOUR WAY,CLEAR,0.0,1.0,1.0,0.0,0.0,1.0,1,1,"[""Y""]","[""Y""]","[""Y""]","[""2025-10-02T23:12:00.000""]","[""2162567"", ""2162568""]","[""FRONT""]","[""IL"", ""XX""]","[""HONDA"", ""NISSAN""]","[""STRAIGHT AHEAD""]","[""HR-V"", ""MURANO""]","[""1""]","[""E"", ""N""]","[""1"", ""2""]","[""DRIVER""]","[""UNKNOWN""]","[""2061482"", ""2061484""]","[""SPORT UTILITY VEHICLE (SUV)""]","[""PERSONAL"", ""UNKNOWN/NA""]","[""2012"", ""2019""]","[""Y""]",[],"[""Y""]","[""UNKNOWN""]","[""Y""]",[],"[""Y""]",[],[],[],[],[],[],[],[],"[""UNKNOWN""]",['29'],"[""DEPLOYMENT UNKNOWN"", ""DID NOT DEPLOY""]","[""TEST NOT OFFERED""]","[""CHICAGO""]","[""2025-10-02T23:12:00.000""]","[""UNKNOWN""]","[""UNKNOWN""]","[""D""]","[""IL""]","[""NONE""]",[],"[""O2162567"", ""O2162568""]","[""DRIVER""]","[""UNKNOWN""]","[""USAGE UNKNOWN""]","[""M""]","[""IL""]","[""2061482"", ""2061484""]","[""60649""]",[],[],[],[],[],[],2025,10,23,2,False,evening,41.76,-87.56,41.76_-87.56,29.0,29,29,OTHER,0