alignment,beat_of_occurrence,crash_date,crash_day_of_week,crash_hour,crash_month,crash_record_id,crash_type,damage,device_condition,first_crash_type,latitude,lighting_condition,longitude,num_units,posted_speed_limit,prim_contributory_cause,road_defect,roadway_surface_cond,sec_contributory_cause,street_direction,street_no,traffic_control_device,trafficway_type,weather_condition,private_property_i,hit_and_run_i,intersection_related_i,crash_date_est_i,work_zone_i,workers_present_i,veh_count,ppl_count,veh_area_01_i_list_json,veh_area_02_i_list_json,veh_area_12_i_list_json,veh_crash_date_list_json,veh_crash_unit_id_list_json,veh_first_contact_point_list_json,veh_lic_plate_state_list_json,veh_make_list_json,veh_maneuver_list_json,veh_model_list_json,veh_occupant_cnt_list_json,veh_travel_direction_list_json,veh_unit_no_list_json,veh_unit_type_list_json,veh_vehicle_defect_list_json,veh_vehicle_id_list_json,veh_vehicle_type_list_json,veh_vehicle_use_list_json,veh_vehicle_year_list_json,veh_area_03_i_list_json,veh_area_04_i_list_json,veh_area_11_i_list_json,veh_towed_by_list_json,veh_towed_i_list_json,veh_area_07_i_list_json,veh_area_99_i_list_json,veh_area_09_i_list_json,veh_area_10_i_list_json,veh_cmrc_veh_i_list_json,veh_num_passengers_list_json,veh_area_08_i_list_json,veh_area_00_i_list_json,veh_area_05_i_list_json,veh_area_06_i_list_json,veh_towed_to_list_json,ppl_age_list_json,ppl_airbag_deployed_list_json,ppl_bac_result_list_json,ppl_city_list_json,ppl_crash_date_list_json,ppl_driver_action_list_json,ppl_driver_vision_list_json,ppl_drivers_license_class_list_json,ppl_drivers_license_state_list_json,ppl_ejection_list_json,ppl_hospital_list_json,ppl_person_id_list_json,ppl_person_type_list_json,ppl_physical_condition_list_json,ppl_safety_equipment_list_json,ppl_sex_list_json,ppl_state_list_json,ppl_vehicle_id_list_json,ppl_zipcode_list_json,ppl_ems_agency_list_json,ppl_seat_no_list_json,ppl_pedpedal_action_list_json,ppl_pedpedal_location_list_json,ppl_pedpedal_visibility_list_json,ppl_ems_run_no_list_json,year,month,hour,day,is_weekend,hour_bin,lat_bin,lng_bin,grid_id,ppl_age_mean,ppl_age_min,ppl_age_max,prim_contributory_cause_group,ksi_flag
STRAIGHT AND LEVEL,832,2025-10-02 23:07:00,5,23,10,2C0BD86750762ABC3EC930E1BF2F7E7B1E17ADF6087C1916D7675A019223DF7B3973FA08845E351A67849A1E3E146E0EBDFBF98EE6D70868C043B0AB1FDC2105,INJURY AND / OR TOW DUE TO CRASH,"OVER $1,500",FUNCTIONING PROPERLY,PEDALCYCLIST,41.7684427355,"DARKNESS, LIGHTED ROAD",-87.6832805538,2,30,IMPROPER OVERTAKING/PASSING,NO DEFECTS,DRY,NOT APPLICABLE,W,2398,TRAFFIC SIGNAL,NOT DIVIDED,CLEAR,0.0,1.0,0.0,0.0,0.0,1.0,2,1,[],[],[],"[""2025-10-02T23:07:00.000""]","[""2162554"", ""2162555""]","[""UNKNOWN""]",[],"[""NISSAN""]","[""TURNING RIGHT""]","[""OTHER (EXPLAIN IN NARRATIVE)""]","[""1""]","[""N""]","[""1"", ""2""]","[""BICYCLE"", ""DRIVER""]","[""UNKNOWN""]","[""2061471""]","[""PASSENGER""]","[""UNKNOWN/NA""]",[],[],[],[],[],[],[],[],[],[],[],[],[],[],[],[],[],['21'],"[""DEPLOYMENT UNKNOWN""]","[""TEST NOT OFFERED""]","[""CHICAGO""]","[""2025-10-02T23:07:00.000""]","[""IMPROPER TURN"", ""NONE""]","[""NOT OBSCURED"", ""UNKNOWN""]",[],[],"[""NONE""]","[""CHRIST HOSPITAL""]","[""O2162554"", ""O2162555""]","[""BICYCLE"", ""DRIVER""]","[""NORMAL"", ""UNKNOWN""]","[""HELMET NOT USED"", ""USAGE UNKNOWN""]","[""F"", ""M""]","[""IL""]","[""2061471""]","[""60629""]","[""58""]",[],"[""WITH TRAFFIC""]","[""IN ROADWAY""]","[""NO CONTRASTING CLOTHING""]",[],2025,10,23,2,False,evening,41.77,-87.68,41.77_-87.68,21.0,21,21,OTHER,1
STRAIGHT AND LEVEL,912,2025-10-02 23:00:00,5,23,10,77FB75AC40DF1EA933E730F02F21CBE6B67BAA5C94A67C992F4501EB70352E306027D875CD6902A066C51E1FE51627CA984218E5C92A37431EE1C278CBCAFFBB,INJURY AND / OR TOW DUE TO CRASH,"OVER $1,500",FUNCTIONING PROPERLY,REAR END,41.8306118786,DUSK,-87.6655072051,3,35,FAILING TO REDUCE SPEED TO AVOID CRASH,NO DEFECTS,DRY,NOT APPLICABLE,W,1558,TRAFFIC SIGNAL,NOT DIVIDED,CLEAR,0.0,0.0,0.0,0.0,0.0,1.0,1,4,[],[],"[""Y""]","[""2025-10-02T23:00:00.000""]","[""2162541"", ""2162542"", ""2162543""]","[""FRONT"", ""REAR""]","[""IL""]","[""CHEVROLET"", ""LINCOLN"", ""NISSAN""]","[""STRAIGHT AHEAD""]","[""ALTIMA"", ""CORSAIR"", ""EQUINOX""]","[""1"", ""2""]","[""W""]","[""1"", ""2"", ""3""]","[""DRIVER""]","[""NONE""]","[""2061459"", ""2061465"", ""2061469""]","[""PASSENGER""]","[""PERSONAL""]","[""2012"", ""2019"", ""2023""]",[],[],"[""Y""]",[],[],[],[],[],[],[],"[""1""]",[],[],[],"[""Y""]",[],"['19', '28', '56', '77']","[""DEPLOYED, FRONT"", ""DID NOT DEPLOY"", ""NOT APPLICABLE""]","[""TEST NOT OFFERED""]","[""CHICAGO""]","[""2025-10-02T23:00:00.000""]","[""NONE"", ""OTHER""]","[""NOT OBSCURED""]",[],"[""IL""]","[""NONE""]","[""UIC""]","[""O2162541"", ""O2162542"", ""O2162543"", ""P477236""]","[""DRIVER"", ""PASSENGER""]","[""NORMAL"", ""UNKNOWN""]","[""NONE PRESENT"", ""USAGE UNKNOWN""]","[""F"", ""M""]","[""IL""]","[""2061459"", ""2061465"", ""2061469""]","[""60609"", ""60624"", ""60636""]","[""CPD""]","[""5""]",[],[],[],"[""68""]",2025,10,23,2,False,evening,41.83,-87.67,41.83_-87.67,45.0,19,77,SPEEDING,1
STRAIGHT AND LEVEL,824,2025-10-02 23:00:00,5,23,10,5F2909FCCE9E044848B66019D91EE20C526B32264B0CAC3D9F8DFCCF7C38BDF3C7F218DAA06CDF4973BA05F7B4980A1268365883A3A8961ECE0166D4FFAB1E02,INJURY AND / OR TOW DUE TO CRASH,$500 OR LESS,NO CONTROLS,ANGLE,41.7901363764,"DARKNESS, LIGHTED ROAD",-87.694982157,2,30,UNABLE TO DETERMINE,NO DEFECTS,DRY,NOT APPLICABLE,W,2832,STOP SIGN/FLASHER,NOT DIVIDED,CLEAR,0.0,1.0,0.0,0.0,0.0,1.0,1,1,"[""Y""]",[],[],"[""2025-10-02T23:00:00.000""]","[""2162531"", ""2162532""]","[""FRONT"", ""FRONT-RIGHT-CORNER""]","[""IL""]","[""CHEVROLET"", ""UNKNOWN""]","[""STRAIGHT AHEAD""]","[""CORVETTE"", ""OTHER (EXPLAIN IN NARRATIVE)""]","[""1""]","[""S"", ""W""]","[""1"", ""2""]","[""DRIVER""]","[""NONE""]","[""2061446"", ""2061448""]","[""PASSENGER"", ""PICKUP""]","[""PERSONAL""]","[""2009""]",[],[],[],"[""RNQ Towing""]","[""Y""]",[],"[""Y""]",[],[],[],[],[],[],[],[],[],['46'],"[""DEPLOYMENT UNKNOWN"", ""DID NOT DEPLOY""]","[""TEST NOT OFFERED""]","[""CHICAGO""]","[""2025-10-02T23:00:00.000""]","[""DISREGARDED CONTROL DEVICES"", ""NONE""]","[""NOT OBSCURED"", ""UNKNOWN""]",[],"[""IL""]","[""NONE""]",[],"[""O2162531"", ""O2162532""]","[""DRIVER""]","[""NORMAL"", ""UNKNOWN""]","[""SAFETY BELT USED"", ""USAGE UNKNOWN""]","[""F"", ""X""]","[""IL""]","[""2061446"", ""2061448""]","[""60632""]",[],[],[],[],[],[],2025,10,23,2,False,evening,41.79,-87.69,41.79_-87.69,46.0,46,46,OTHER,0
STRAIGHT AND LEVEL,131,2025-10-02 23:00:00,5,23,10,5390A3506A2BA72E2CC646C7B7107BDC02CA4C8DECD5D9F1164F701283B891407C967C4DC3519C5BA27F8A5F294C59AA82D6865B6F9FA11EFAE050A3A7158E55,NO INJURY / DRIVE AWAY,"OVER $1,500",NO CONTROLS,REAR END,41.8653453841,"DARKNESS, LIGHTED ROAD",-87.6259326024,2,30,FAILING TO REDUCE SPEED TO AVOID CRASH,NO DEFECTS,DRY,NOT APPLICABLE,S,1312,NO CONTROLS,NOT DIVIDED,CLEAR,0.0,1.0,0.0,0.0,0.0,1.0,1,1,"[""N"", ""Y""]",[],"[""Y""]","[""2025-10-02T23:00:00.000""]","[""2162550"", ""2162551""]","[""FRONT"", ""REAR""]","[""IL""]","[""TOYOTA"", ""UNKNOWN""]","[""STRAIGHT AHEAD""]","[""OTHER (EXPLAIN IN NARRATIVE)"", ""PRIUS""]","[""1""]","[""S""]","[""1"", ""2""]","[""DRIVER""]","[""NONE"", ""UNKNOWN""]","[""2061466"", ""2061468""]","[""PASSENGER"", ""UNKNOWN/NA""]","[""TAXI/FOR HIRE"", ""UNKNOWN/NA""]","[""2014""]",[],[],[],[],[],"[""Y""]",[],[],[],[],[],[],[],"[""N"", ""Y""]","[""N"", ""Y""]",[],['59'],"[""DEPLOYMENT UNKNOWN"", ""NOT APPLICABLE""]","[""TEST NOT OFFERED""]","[""DES PLAINES""]","[""2025-10-02T23:00:00.000""]","[""NONE"", ""OTHER""]","[""NOT OBSCURED"", ""UNKNOWN""]","[""D""]","[""IL""]","[""NONE""]",[],"[""O2162550"", ""O2162551""]","[""DRIVER""]","[""NORMAL"", ""UNKNOWN""]","[""SAFETY BELT USED"", ""USAGE UNKNOWN""]","[""M"", ""X""]","[""IL""]","[""2061466"", ""2061468""]","[""60016""]",[],[],[],[],[],[],2025,10,23,2,False,evening,41.87,-87.63,41.87_-87.63,59.0,59,59,SPEEDING,0
STRAIGHT AND LEVEL,1824,2025-10-02 22:54:00,5,22,10,B3A1320EB5EF80080CCB072F320DF720B374F014E2D94BB0439AEA6B18FE1A7ED6F735D246FD36097CBF6729E7D7BCFD76A93745DEC3FAD7FBB8488FF9056250,INJURY AND / OR TOW DUE TO CRASH,$500 OR LESS,NO CONTROLS,PEDESTRIAN,41.9038253092,"DARKNESS, LIGHTED ROAD",-87.6290763886,2,30,FAILING TO YIELD RIGHT-OF-WAY,NO DEFECTS,DRY,FAILING TO YIELD RIGHT-OF-WAY,W,9,NO CONTROLS,NOT DIVIDED,CLEAR,0.0,0.0,0.0,0.0,0.0,1.0,2,2,[],[],[],"[""2025-10-02T22:54:00.000""]","[""2162529"", ""2162530""]","[""NONE""]","[""IL""]","[""TOYOTA""]","[""STRAIGHT AHEAD""]","[""CAMRY""]","[""1""]","[""E""]","[""1"", ""2""]","[""DRIVER"", ""PEDESTRIAN""]","[""NONE""]","[""2061447""]","[""PASSENGER""]","[""TAXI/FOR HIRE""]","[""2014""]",[],[],[],[],[],[],[],[],[],[],[],[],[],[],[],[],"['28', '70']","[""NOT APPLICABLE""]","[""TEST NOT OFFERED""]","[""CHICAGO"", ""SKOKIE""]","[""2025-10-02T22:54:00.000""]","[""FAILED TO YIELD"", ""OTHER""]","[""NOT OBSCURED""]","[""D""]","[""IL""]","[""NONE""]",[],"[""O2162529"", ""O2162530""]","[""DRIVER"", ""PEDESTRIAN""]","[""NORMAL""]","[""NONE PRESENT"", ""SAFETY BELT USED""]","[""M""]","[""IL""]","[""2061447""]","[""60077"", ""60653""]","[""EMS 11""]",[],"[""CROSSING - NO CONTROLS (NOT AT INTERSECTION)""]","[""IN ROADWAY""]","[""NO CONTRASTING CLOTHING""]",[],2025,10,22,2,False,evening,41.9,-87.63,41.9_-87.63,49.0,28,70,FAILURE-TO-YIELD,1
STRAIGHT AND LEVEL,1221,2025-10-02 22:52:00,5,22,10,79C08B36240938B5C931161A17985B39E2AC6AC8BD5D4AD4F2004CC9C45BBC32C45688F06B40ECF054577EF3E002E3079BCAB223B747A3A803DD576DB045C61C,INJURY AND / OR TOW DUE TO CRASH,"OVER $1,500",NO CONTROLS,REAR END,41.8940894436,"DARKNESS, LIGHTED ROAD",-87.702011776,2,30,UNABLE TO DETERMINE,UNKNOWN,UNKNOWN,NOT APPLICABLE,N,711,NO CONTROLS,DIVIDED - W/MEDIAN (NOT RAISED),CLEAR,0.0,0.0,0.0,0.0,0.0,1.0,1,3,[],[],"[""Y""]","[""2025-10-02T22:52:00.000""]","[""2162546"", ""2162547""]","[""FRONT-RIGHT-CORNER"", ""SIDE-LEFT-REAR""]","[""IL""]","[""DODGE"", ""TOYOTA""]","[""STRAIGHT AHEAD""]","[""HIGHLANDER"", ""JOURNEY""]","[""1"", ""2""]","[""N""]","[""1"", ""2""]","[""DRIVER""]","[""NONE"", ""UNKNOWN""]","[""2061461"", ""2061467""]","[""SPORT UTILITY VEHICLE (SUV)""]","[""PERSONAL""]","[""2013"", ""2018""]",[],[],[],"[""city of chicago"", ""private""]","[""Y""]",[],[],[],[],[],"[""1""]",[],[],[],"[""Y""]","[""701  n sacramento"", ""unk""]","['27', '43', '44']","[""DEPLOYED, COMBINATION"", ""DEPLOYMENT UNKNOWN""]","[""TEST NOT OFFERED""]","[""CHICAGO"", ""DES PLAINS""]","[""2025-10-02T22:52:00.000""]","[""UNKNOWN""]","[""UNKNOWN""]","[""D""]","[""IL""]","[""NONE""]",[],"[""O2162546"", ""O2162547"", ""P477235""]","[""DRIVER"", ""PASSENGER""]","[""NORMAL""]","[""SAFETY BELT USED""]","[""F"", ""M""]","[""IL""]","[""2061461"", ""2061467""]","[""60016"", ""60619"", ""60645""]","[""CFD""]","[""3""]",[],[],[],"[""65""]",2025,10,22,2,False,evening,41.89,-87.7,41.89_-87.7,38.0,27,44,OTHER,0
STRAIGHT AND LEVEL,1424,2025-10-02 22:46:00,5,22,10,036820D48126CB7F0757806BE6F13221284AD78E7252E0191DA9D185CECA1D31C11B797FC4C1709839143726052E5664B036782F26A36FB6BFFC8A8B79F9D5CD,INJURY AND / OR TOW DUE TO CRASH,"OVER $1,500",FUNCTIONING PROPERLY,PEDESTRIAN,41.9102469636,"DARKNESS, LIGHTED ROAD",-87.6848404458,2,30,IMPROPER OVERTAKING/PASSING,NO DEFECTS,DRY,UNABLE TO DETERMINE,W,2301,TRAFFIC SIGNAL,NOT DIVIDED,CLEAR,0.0,0.0,0.0,0.0,0.0,1.0,2,1,"[""Y""]",[],"[""Y""]","[""2025-10-02T22:46:00.000""]","[""2172134"", ""2172135""]","[""FRONT-RIGHT-CORNER""]","[""IL""]","[""CHEVROLET""]","[""STRAIGHT AHEAD""]","[""TRAIL BLAZER""]","[""1""]","[""E""]","[""1"", ""2""]","[""DRIVER"", ""PEDESTRIAN""]","[""UNKNOWN""]","[""2070555""]","[""PASSENGER""]","[""PERSONAL""]","[""2024""]",[],[],[],[],[],[],[],[],[],[],[],[],[],[],[],[],['20'],"[""NOT APPLICABLE""]","[""TEST NOT OFFERED""]","[""CHICAGO""]","[""2025-10-02T22:46:00.000""]","[""IMPROPER LANE CHANGE"", ""NONE""]","[""NOT OBSCURED"", ""UNKNOWN""]","[""D""]","[""IL""]","[""NONE""]","[""STROGER""]","[""O2172134"", ""O2172135""]","[""DRIVER"", ""PEDESTRIAN""]","[""NORMAL"", ""UNKNOWN""]","[""NONE PRESENT"", ""SAFETY BELT USED""]","[""F""]","[""IL""]","[""2070555""]","[""60639"", ""60647""]","[""53""]",[],"[""TURNING LEFT""]","[""IN ROADWAY""]","[""NO CONTRASTING CLOTHING""]",[],2025,10,22,2,False,evening,41.91,-87.68,41.91_-87.68,20.0,20,20,OTHER,1
STRAIGHT AND LEVEL,1631,2025-10-02 22:39:00,5,22,10,F592F7D3EE82FC02BF3D866CEE7C0092625155BC26B4DF807D2B2D9534CC37180F3733FAE41FBEF5A23ACA3DB2D548C397E3AC484FAA9AA42BED2CFA50D2AF07,INJURY AND / OR TOW DUE TO CRASH,"OVER $1,500",FUNCTIONING PROPERLY,SIDESWIPE SAME DIRECTION,41.9517350884,"DARKNESS, LIGHTED ROAD",-87.8365134852,2,35,FAILING TO REDUCE SPEED TO AVOID CRASH,NO DEFECTS,DRY,FOLLOWING TOO CLOSELY,N,3951,TRAFFIC SIGNAL,DIVIDED - W/MEDIAN (NOT RAISED),CLEAR,0.0,0.0,0.0,0.0,0.0,1.0,1,2,[],[],[],"[""2025-10-02T22:39:00.000""]","[""2162537"", ""2162538""]","[""FRONT-LEFT-CORNER"", ""REAR-RIGHT-CORNER""]","[""IL""]","[""NISSAN"", ""TOYOTA""]","[""STRAIGHT AHEAD""]","[""RAV4"", ""ROGUE""]","[""1""]","[""N""]","[""1"", ""2""]","[""DRIVER""]","[""UNKNOWN""]","[""2061454"", ""2061457""]","[""PASSENGER""]","[""PERSONAL""]","[""2010"", ""2025""]",[],"[""Y""]","[""Y""]","[""PRIVATE""]","[""Y""]",[],[],"[""N""]","[""Y""]",[],[],[],[],"[""Y""]",[],"[""DNA""]","['25', '36']","[""DID NOT DEPLOY""]","[""TEST NOT OFFERED""]","[""CHICAGO"", ""PALATINE""]","[""2025-10-02T22:39:00.000""]","[""FOLLOWED TOO CLOSELY"", ""NONE""]","[""NOT OBSCURED""]","[""D""]","[""IL""]","[""NONE""]",[],"[""O2162537"", ""O2162538""]","[""DRIVER""]","[""NORMAL""]","[""SAFETY BELT USED""]","[""M""]","[""IL""]","[""2061454"", ""2061457""]","[""60074"", ""60652""]",[],[],[],[],[],[],2025,10,22,2,False,evening,41.95,-87.84,41.95_-87.84,30.5,25,36,SPEEDING,1
STRAIGHT AND LEVEL,2223,2025-10-02 22:20:00,5,22,10,21159AE60AEA7E0BCED101D861EDB0898EB2F9FE1569841DEACD44650D7561327CA8B9A3D5198FCAD1677436891E750128E004CF412F95F9A914A7F24B61F091,NO INJURY / DRIVE AWAY,"$501 - $1,500",NO CONTROLS,REAR TO SIDE,41.719735537,"DARKNESS, LIGHTED ROAD",-87.6433142052,2,30,FAILING TO YIELD RIGHT-OF-WAY,UNKNOWN,UNKNOWN,UNABLE TO DETERMINE,S,9560,NO CONTROLS,DIVIDED - W/MEDIAN BARRIER,CLEAR,0.0,0.0,0.0,0.0,0.0,1.0,1,2,[],[],[],"[""2025-10-02T22:20:00.000""]","[""2180173"", ""2180174""]","[""FRONT"", ""SIDE-RIGHT-REAR""]","[""IL""]","[""LEXUS"", ""VOLKSWAGEN""]","[""STRAIGHT AHEAD""]","[""ES"", ""JETTA""]","[""1""]","[""E"", ""S""]","[""1"", ""2""]","[""DRIVER""]","[""UNKNOWN""]","[""2078163"", ""2078164""]","[""PASSENGER"", ""UNKNOWN/NA""]","[""PERSONAL""]","[""2008"", ""2013""]",[],"[""Y""]",[],[],[],[],[],[],"[""Y""]",[],[],[],[],[],[],[],"['20', '31']","[""DEPLOYMENT UNKNOWN"", ""DID NOT DEPLOY""]","[""TEST NOT OFFERED""]","[""CHICAGO"", ""ORLAND HILLS""]","[""2025-10-02T22:20:00.000""]","[""FAILED TO YIELD"", ""UNKNOWN""]","[""UNKNOWN""]","[""D""]","[""IL""]","[""NONE""]",[],"[""O2180173"", ""O2180174""]","[""DRIVER""]","[""UNKNOWN""]","[""USAGE UNKNOWN""]","[""F""]","[""IL""]","[""2078163"", ""2078164""]","[""60487"", ""60643""]",[],[],[],[],[],[],2025,10,22,2,False,evening,41.72,-87.64,41.72_-87.64,25.5,20,31,FAILURE-TO-YIELD,0
STRAIGHT AND LEVEL,2223,2025-10-02 22:10:00,5,22,10,64E8773F148FDE05E5E5AC7E0C30FE6FFCF7F5015932FE1FAF869A4BDCCC3DF3C99B1866B5544FE123F9B0DF9014B6E50568FDFF858D51151F6DE0D67DBDBB95,NO INJURY / DRIVE AWAY,"OVER $1,500",NO CONTROLS,SIDESWIPE SAME DIRECTION,41.7210389721,DARKNESS,-87.643350114,2,30,UNABLE TO DETERMINE,NO DEFECTS,DRY,UNABLE TO DETERMINE,S,9512,NO CONTROLS,DIVIDED - W/MEDIAN (NOT RAISED),CLEAR,0.0,0.0,0.0,0.0,0.0,1.0,1,1,"[""Y""]",[],[],"[""2025-10-02T22:10:00.000""]","[""2162769"", ""2162770""]","[""SIDE-LEFT"", ""SIDE-RIGHT-FRONT""]","[""IL""]","[""LEXUS"", ""VOLKSWAGEN""]","[""PASSING/OVERTAKING"", ""STRAIGHT AHEAD""]","[""ES350"", ""JETTA""]","[""1""]","[""S""]","[""1"", ""2""]","[""DRIVER""]","[""NONE""]","[""2061674"", ""2061677""]","[""PASSENGER""]","[""PERSONAL""]","[""2008"", ""2013""]",[],[],[],[],[],[],[],[],"[""Y""]",[],[],[],[],[],[],[],['31'],"[""DID NOT DEPLOY""]","[""TEST NOT OFFERED""]","[""CHICAGO"", ""ORLAND HILLS""]","[""2025-10-02T22:10:00.000""]","[""IMPROPER PASSING"", ""NONE""]","[""NOT OBSCURED""]","[""D""]","[""IL"", ""XX""]","[""NONE""]",[],"[""O2162769"", ""O2162770""]","[""DRIVER""]","[""NORMAL""]","[""SAFETY BELT USED""]","[""F""]","[""IL""]","[""2061674"", ""2061677""]","[""60487"", ""60643""]",[],[],[],[],[],[],2025,10,22,2,False,evening,41.72,-87.64,41.72_-87.64,31.0,31,31,OTHER,0
STRAIGHT AND LEVEL,1924,2025-10-02 22:00:00,5,22,10,0A16766ADBAA615E8ECAA9906F9AFCE049507E62BF79B9F6412FAC9201DFAA8E6B1F5482CAB18088449EA472856C41330D10C4327CDF02CB94BD1967CBE9B5F5,INJURY AND / OR TOW DUE TO CRASH,"OVER $1,500",FUNCTIONING PROPERLY,REAR END,41.9437132538,"DARKNESS, LIGHTED ROAD",-87.6535383359,3,30,FAILING TO REDUCE SPEED TO AVOID CRASH,NO DEFECTS,DRY,UNABLE TO DETERMINE,N,3403,TRAFFIC SIGNAL,NOT DIVIDED,CLEAR,0.0,0.0,1.0,0.0,0.0,1.0,1,3,[],[],"[""Y""]","[""2025-10-02T22:00:00.000""]","[""2162514"", ""2162515"", ""2162516""]","[""FRONT"", ""REAR""]","[""IL""]","[""BMW"", ""TESLA"", ""TOYOTA""]","[""SLOW/STOP IN TRAFFIC"", ""STRAIGHT AHEAD""]","[""328I"", ""AVALON"", ""MODEL S""]","[""1""]","[""N""]","[""1"", ""2"", ""3""]","[""DRIVER""]","[""UNKNOWN""]","[""2061432"", ""2061433"", ""2061438""]","[""PASSENGER"", ""UNKNOWN/NA""]","[""PERSONAL"", ""UNKNOWN/NA""]","[""1996"", ""2013"", ""2020""]",[],[],[],[],[],[],[],[],[],[],[],[],[],[],"[""Y""]",[],"['19', '26', '51']","[""NOT APPLICABLE""]","[""TEST NOT OFFERED"", ""TEST PERFORMED, RESULTS UNKNOWN""]","[""CHICAGO""]","[""2025-10-02T22:00:00.000""]","[""NONE"", ""OTHER""]","[""NOT OBSCURED"", ""UNKNOWN""]","[""D""]","[""IL""]","[""NONE""]",[],"[""O2162514"", ""O2162515"", ""O2162516""]","[""DRIVER""]","[""NORMAL""]","[""USAGE UNKNOWN""]","[""M""]","[""IL""]","[""2061432"", ""2061433"", ""2061438""]","[""60618"", ""60659""]",[],[],[],[],[],[],2025,10,22,2,False,evening,41.94,-87.65,41.94_-87.65,32.0,19,51,SPEEDING,1
STRAIGHT AND LEVEL,121,2025-10-02 22:00:00,5,22,10,D9D473BAB109ED546D155A865268E46C05CA5D0B82DD61CE4F888BA906BE530086B9C2FB82982377C03B11946F0731ADDD1F43BA37E970DC454DD9F7E5745670,INJURY AND / OR TOW DUE TO CRASH,"OVER $1,500",OTHER,TURNING,41.8830557647,"DARKNESS, LIGHTED ROAD",-87.6440921376,2,35,IMPROPER TURNING/NO SIGNAL,NO DEFECTS,DRY,NOT APPLICABLE,W,635,STOP SIGN/FLASHER,ONE-WAY,CLEAR,0.0,0.0,0.0,0.0,0.0,1.0,1,2,[],[],[],"[""2025-10-02T22:00:00.000""]","[""2162539"", ""2162540""]","[""FRONT-LEFT-CORNER"", ""SIDE-LEFT""]","[""IL""]","[""HARLEY-DAVIDSON"", ""HYUNDAI""]","[""STRAIGHT AHEAD"", ""TURNING RIGHT""]","[""AZERA"", ""HARLEY-DAVIDSON""]","[""1""]","[""E""]","[""1"", ""2""]","[""DRIVER""]","[""NONE""]","[""2061455"", ""2061458""]","[""MOTORCYCLE (OVER 150CC)"", ""PASSENGER""]","[""PERSONAL""]","[""2003"", ""2012""]",[],[],"[""Y""]",[],[],"[""Y""]",[],"[""Y""]","[""Y""]",[],[],"[""Y""]",[],[],[],[],"['30', '36']","[""NOT APPLICABLE""]","[""TEST NOT OFFERED""]","[""CHICAGO"", ""NAPERVILLE""]","[""2025-10-02T22:00:00.000""]","[""IMPROPER TURN"", ""NONE""]","[""UNKNOWN""]",[],"[""IL""]","[""NONE""]",[],"[""O2162539"", ""O2162540""]","[""DRIVER""]","[""NORMAL""]","[""DOT COMPLIANT MOTORCYCLE HELMET"", ""USAGE UNKNOWN""]","[""M""]","[""IL""]","[""2061455"", ""2061458""]","[""60563"", ""60643""]",[],[],[],[],[],[],2025,10,22,2,False,evening,41.88,-87.64,41.88_-87.64,33.0,30,36,OTHER,1
STRAIGHT AND LEVEL,1221,2025-10-02 21:55:00,5,21,10,CB22D655D3935EEA0350BB1C605E7BAAE5035A5017AA5874C0A534E403DCB138829A0E2B7799F205812DDC34EC2A121E294F4F6B21FA41AFE53D71C6E3DA1D62,INJURY AND / OR TOW DUE TO CRASH,"OVER $1,500",FUNCTIONING PROPERLY,TURNING,41.89571957,"DARKNESS, LIGHTED ROAD",-87.6818231196,2,30,DISREGARDING TRAFFIC SIGNALS,NO DEFECTS,DRY,UNABLE TO DETERMINE,W,2159,TRAFFIC SIGNAL,FOUR WAY,CLEAR,0.0,0.0,1.0,0.0,0.0,1.0,1,2,"[""Y""]","[""Y""]",[],"[""2025-10-02T21:55:00.000""]","[""2162533"", ""2162534""]","[""FRONT-LEFT-CORNER""]","[""IL""]","[""CHEVROLET"", ""HONDA""]","[""STRAIGHT AHEAD"", ""TURNING LEFT""]","[""ACCORD"", ""EL CAMINO""]","[""1""]","[""E"", ""SE""]","[""1"", ""2""]","[""DRIVER""]","[""UNKNOWN""]","[""2061449"", ""2061451""]","[""PASSENGER"", ""SPORT UTILITY VEHICLE (SUV)""]","[""PERSONAL""]","[""2015"", ""2024""]",[],[],"[""Y""]","[""Private""]","[""Y""]",[],[],"[""Y""]","[""Y""]",[],[],"[""Y""]",[],[],[],"[""Private Lot""]","['28', '29']","[""NOT APPLICABLE""]","[""TEST NOT OFFERED""]","[""CHCIAGO"", ""CHICAGO""]","[""2025-10-02T21:55:00.000""]","[""NONE"", ""UNKNOWN""]","[""NOT OBSCURED""]","[""D""]","[""IL""]","[""NONE""]",[],"[""O2162533"", ""O2162534""]","[""DRIVER""]","[""NORMAL""]","[""USAGE UNKNOWN""]","[""F"", ""M""]","[""IL""]","[""2061449"", ""2061451""]","[""60622"", ""60642""]",[],[],[],[],[],[],2025,10,21,2,False,evening,41.9,-87.68,41.9_-87.68,28.5,28,29,OTHER,0