alignment,beat_of_occurrence,crash_date,crash_day_of_week,crash_hour,crash_month,crash_record_id,crash_type,damage,device_condition,first_crash_type,latitude,lighting_condition,longitude,num_units,posted_speed_limit,prim_contributory_cause,road_defect,roadway_surface_cond,sec_contributory_cause,street_direction,street_no,traffic_control_device,trafficway_type,weather_condition,private_property_i,hit_and_run_i,intersection_related_i,crash_date_est_i,work_zone_i,workers_present_i,veh_count,ppl_count,veh_area_01_i_list_json,veh_area_02_i_list_json,veh_area_12_i_list_json,veh_crash_date_list_json,veh_crash_unit_id_list_json,veh_first_contact_point_list_json,veh_lic_plate_state_list_json,veh_make_list_json,veh_maneuver_list_json,veh_model_list_json,veh_occupant_cnt_list_json,veh_travel_direction_list_json,veh_unit_no_list_json,veh_unit_type_list_json,veh_vehicle_defect_list_json,veh_vehicle_id_list_json,veh_vehicle_type_list_json,veh_vehicle_use_list_json,veh_vehicle_year_list_json,veh_area_03_i_list_json,veh_area_04_i_list_json,veh_area_11_i_list_json,veh_towed_by_list_json,veh_towed_i_list_json,veh_area_07_i_list_json,veh_area_99_i_list_json,veh_area_09_i_list_json,veh_area_10_i_list_json,veh_cmrc_veh_i_list_json,veh_num_passengers_list_json,veh_area_08_i_list_json,veh_area_00_i_list_json,veh_area_05_i_list_json,veh_area_06_i_list_json,veh_towed_to_list_json,ppl_age_list_json,ppl_airbag_deployed_list_json,ppl_bac_result_list_json,ppl_city_list_json,ppl_crash_date_list_json,ppl_driver_action_list_json,ppl_driver_vision_list_json,ppl_drivers_license_class_list_json,ppl_drivers_license_state_list_json,ppl_ejection_list_json,ppl_hospital_list_json,ppl_person_id_list_json,ppl_person_type_list_json,ppl_physical_condition_list_json,ppl_safety_equipment_list_json,ppl_sex_list_json,ppl_state_list_json,ppl_vehicle_id_list_json,ppl_zipcode_list_json,ppl_ems_agency_list_json,ppl_seat_no_list_json,ppl_pedpedal_action_list_json,ppl_pedpedal_location_list_json,ppl_pedpedal_visibility_list_json,ppl_ems_run_no_list_json,year,month,hour,day,is_weekend,hour_bin,lat_bin,lng_bin,grid_id,ppl_age_mean,ppl_age_min,ppl_age_max,prim_contributory_cause_group,ksi_flag
STRAIGHT AND LEVEL,1831,2025-10-02 21:40:00,5,21,10,82EABD3FA270DAD29162BB6DD083C5701F1AB53DD3D4739A9C2EA6B6BDED3D31961E070DF4299E0B5231CA7BDC8BBFDC66B295FF0D8212163B208D65816E5F4E,NO INJURY / DRIVE AWAY,"OVER $1,500",FUNCTIONING PROPERLY,TURNING,41.8916012848,"DARKNESS, LIGHTED ROAD",-87.6297967052,2,30,IMPROPER TURNING/NO SIGNAL,NO DEFECTS,DRY,NOT APPLICABLE,N,528,TRAFFIC SIGNAL,NOT REPORTED,CLEAR,0.0,0.0,1.0,0.0,0.0,1.0,1,2,"[""Y""]","[""Y""]",[],"[""2025-10-02T21:40:00.000""]","[""2162504"", ""2162505""]","[""FRONT-RIGHT-CORNER"", ""SIDE-LEFT""]","[""IL""]","[""FORD"", ""LINCOLN""]","[""STRAIGHT AHEAD"", ""TURNING LEFT""]","[""FUSION"", ""NAVIGATOR""]","[""1"", ""3""]","[""N"", ""W""]","[""1"", ""2""]","[""DRIVER""]","[""NONE""]","[""2061422"", ""2061424""]","[""PASSENGER"", ""SPORT UTILITY VEHICLE (SUV)""]","[""PERSONAL""]","[""2016"", ""2023""]",[],[],"[""Y""]",[],[],[],[],"[""Y""]","[""Y""]",[],"[""2""]","[""Y""]",[],[],[],[],"['27', '48']","[""DID NOT DEPLOY"", ""NOT APPLICABLE""]","[""TEST NOT OFFERED""]","[""CHICAGO""]","[""2025-10-02T21:40:00.000""]","[""IMPROPER TURN"", ""NONE""]","[""NOT OBSCURED""]","[""D"", ""D*""]","[""IL""]","[""NONE""]",[],"[""O2162504"", ""O2162505"", ""P477233"", ""P477234""]","[""DRIVER"", ""PASSENGER""]","[""NORMAL""]","[""SAFETY BELT USED""]","[""F"", ""M"", ""X""]","[""IL""]","[""2061422"", ""2061424""]","[""60616"", ""60659""]",[],"[""4"", ""6""]",[],[],[],[],2025,10,21,2,False,evening,41.89,-87.63,41.89_-87.63,37.5,27,48,OTHER,0
STRAIGHT AND LEVEL,711,2025-10-02 21:37:00,5,21,10,A75F5B891C114FC65FBC2B104F54574B7D70AFF190E901A18E76194FBF1A31BF8AB29A3CB8654973C7E5101DEB6D70BB569B04A5EBAE3B88E06ED4F7E07A6B49,INJURY AND / OR TOW DUE TO CRASH,"OVER $1,500",NO CONTROLS,FIXED OBJECT,41.7871093744,DAWN,-87.6336446218,1,30,FAILING TO REDUCE SPEED TO AVOID CRASH,NO DEFECTS,DRY,NOT APPLICABLE,W,321,NO CONTROLS,NOT DIVIDED,CLEAR,0.0,0.0,0.0,0.0,0.0,1.0,1,1,[],[],"[""Y""]","[""2025-10-02T21:37:00.000""]","[""2162506""]","[""FRONT-RIGHT-CORNER""]","[""IL""]","[""SATURN""]","[""STRAIGHT AHEAD""]","[""ION""]","[""1""]","[""W""]","[""1""]","[""DRIVER""]","[""UNKNOWN""]","[""2061423""]","[""PASSENGER""]","[""PERSONAL""]","[""2007""]",[],[],"[""Y""]","[""OWNER""]","[""Y""]",[],[],[],"[""Y""]",[],[],[],[],[],[],[],['55'],"[""DEPLOYED, FRONT""]","[""TEST NOT OFFERED""]","[""CHICAGO""]","[""2025-10-02T21:37:00.000""]","[""UNKNOWN""]","[""UNKNOWN""]","[""D""]","[""IL""]","[""UNKNOWN""]",[],"[""O2162506""]","[""DRIVER""]","[""NORMAL""]","[""USAGE UNKNOWN""]","[""F""]","[""IL""]","[""2061423""]","[""60425""]",[],[],[],[],[],[],2025,10,21,2,False,evening,41.79,-87.63,41.79_-87.63,55.0,55,55,SPEEDING,0
STRAIGHT AND LEVEL,813,2025-10-02 21:30:00,5,21,10,A20CEC943AE9AC87AFB1FE55FAB887931A983684CE2FAF526E8C1A5964D8549CA61DF5A03710E4E70B74E96ABB67DC49E350F149328531F485A5EE12A66878DB,NO INJURY / DRIVE AWAY,"OVER $1,500",NO CONTROLS,SIDESWIPE SAME DIRECTION,41.7807479756,DARKNESS,-87.7422195457,2,30,UNABLE TO DETERMINE,NO DEFECTS,DRY,UNABLE TO DETERMINE,S,6145,NO CONTROLS,NOT DIVIDED,CLEAR,0.0,0.0,0.0,0.0,0.0,1.0,1,0,[],[],[],"[""2025-10-02T21:30:00.000""]","[""2164614"", ""2164615""]","[""FRONT-LEFT-CORNER"", ""SIDE-RIGHT-REAR""]","[""IN""]","[""LINCOLN"", ""NISSAN""]","[""CHANGING LANES"", ""STRAIGHT AHEAD""]","[""NAUTILUS"", ""OTHER (EXPLAIN IN NARRATIVE)""]","[""1""]","[""S""]","[""1"", ""2""]","[""DRIVER""]","[""NONE"", ""OTHER""]","[""2063426"", ""2063436""]","[""PASSENGER""]","[""PERSONAL""]","[""2016"", ""2023""]",[],"[""Y""]","[""Y""]",[],[],[],[],[],[],[],[],[],[],"[""Y""]",[],[],[],"[""DID NOT DEPLOY"", ""NOT APPLICABLE""]","[""TEST NOT OFFERED""]","[""BLUFFTON"", ""OAK LAWN""]","[""2025-10-02T21:30:00.000""]","[""FAILED TO YIELD"", ""NONE""]","[""UNKNOWN""]","[""D""]","[""IL"", ""IN""]","[""NONE""]",[],"[""O2164614"", ""O2164615""]","[""DRIVER""]","[""NORMAL""]","[""SAFETY BELT USED"", ""USAGE UNKNOWN""]","[""M""]",[],"[""2063426"", ""2063436""]","[""60453""]",[],[],[],[],[],[],2025,10,21,2,False,evening,41.78,-87.74,41.78_-87.74,0.0,0,0,OTHER,0
STRAIGHT AND LEVEL,2013,2025-10-02 21:30:00,5,21,10,A0D9E7D25BB257C0977FE7C14D0B283BA365DBBC9F15CA40795FA463A2FB04B0C0256AD8B0FA1BEAE6C18B37BB95F6407A24275443CD71365F97EB2D952AEFC4,INJURY AND / OR TOW DUE TO CRASH,"OVER $1,500",FUNCTIONING PROPERLY,REAR END,41.9764252328,"DARKNESS, LIGHTED ROAD",-87.6604117609,2,30,FOLLOWING TOO CLOSELY,NO DEFECTS,DRY,UNABLE TO DETERMINE,W,1210,TRAFFIC SIGNAL,FOUR WAY,CLEAR,0.0,0.0,0.0,0.0,0.0,1.0,1,1,[],[],[],"[""2025-10-02T21:30:00.000""]","[""2163466"", ""2163467""]","[""FRONT"", ""REAR""]","[""IL"", ""KY""]","[""FORD"", ""NISSAN""]","[""STRAIGHT AHEAD""]","[""F150"", ""SENTRA""]","[""1""]","[""E""]","[""1"", ""2""]","[""DRIVER""]","[""NONE"", ""UNKNOWN""]","[""2062344"", ""2062348""]","[""PASSENGER"", ""PICKUP""]","[""PERSONAL""]","[""2007"", ""2020""]",[],"[""Y""]",[],[],[],"[""Y""]","[""Y""]",[],[],[],[],"[""Y""]",[],"[""Y""]","[""Y""]",[],['36'],"[""DID NOT DEPLOY"", ""NOT APPLICABLE""]","[""TEST NOT OFFERED""]","[""CHICAGO""]","[""2025-10-02T21:30:00.000""]","[""FOLLOWED TOO CLOSELY"", ""NONE""]","[""NOT OBSCURED"", ""UNKNOWN""]","[""D""]","[""IL""]","[""NONE""]",[],"[""O2163466"", ""O2163467""]","[""DRIVER""]","[""NORMAL"", ""UNKNOWN""]","[""SAFETY BELT USED"", ""USAGE UNKNOWN""]","[""F"", ""M""]","[""IL""]","[""2062344"", ""2062348""]","[""60645""]",[],[],[],[],[],[],2025,10,21,2,False,evening,41.98,-87.66,41.98_-87.66,36.0,36,36,FOLLOWING TOO CLOSELY,1
STRAIGHT AND LEVEL,533,2025-10-02 21:30:00,5,21,10,92290B676329E87E2E3BB28F3AE8A45179F8F1511DEF6E32CC73F6A02EAFEAF95EC65594B248919E9AC5C77C73BCE6931A8A64F60A3DFE402AAD96ADBE591FB2,INJURY AND / OR TOW DUE TO CRASH,"OVER $1,500",NO CONTROLS,REAR END,41.6593684947,DUSK,-87.5975461382,3,35,FOLLOWING TOO CLOSELY,NO DEFECTS,DRY,FOLLOWING TOO CLOSELY,E,1001,NO CONTROLS,NOT DIVIDED,CLEAR,0.0,0.0,0.0,0.0,0.0,1.0,2,2,"[""Y""]",[],"[""Y""]","[""2025-10-02T21:30:00.000""]","[""2162511"", ""2162512"", ""2162513""]","[""FRONT"", ""REAR""]","[""IL"", ""IN""]","[""DODGE"", ""JEEP"", ""NISSAN""]","[""STRAIGHT AHEAD""]","[""COMMANDER"", ""GRAND CARAVAN"", ""MURANO""]","[""0"", ""1""]","[""E""]","[""1"", ""2"", ""3""]","[""DISABLED VEHICLE"", ""DRIVER""]","[""NONE""]","[""2061435"", ""2061445"", ""2061456""]","[""PASSENGER""]","[""PERSONAL""]","[""2006"", ""2012"", ""2017""]",[],[],"[""Y""]","[""AAA"", ""INSURANCE""]","[""Y""]","[""Y""]",[],[],[],[],[],[],[],"[""Y""]","[""Y""]",[],"['30', '42']","[""DID NOT DEPLOY"", ""NOT APPLICABLE""]","[""TEST NOT OFFERED""]","[""CHICAGO"", ""RIVERDALE""]","[""2025-10-02T21:30:00.000""]","[""FOLLOWED TOO CLOSELY"", ""NONE""]","[""NOT OBSCURED""]",[],"[""IL""]","[""NONE""]",[],"[""O2162511"", ""O2162512""]","[""DRIVER""]","[""NORMAL""]","[""USAGE UNKNOWN""]","[""M""]","[""IL""]","[""2061435"", ""2061445""]",[],[],[],[],[],[],[],2025,10,21,2,False,evening,41.66,-87.6,41.66_-87.6,36.0,30,42,FOLLOWING TOO CLOSELY,0
STRAIGHT AND LEVEL,1224,2025-10-02 21:30:00,5,21,10,5EA1DB569B3F8FA010BD753C1077E774B38FB3A3C4C95073E22C6F7CBD1D0105188F3D78A1BBE5E54B1E16B212AE9661A47071B870349EDADE9F8E51FF620D3E,NO INJURY / DRIVE AWAY,"$501 - $1,500",NO CONTROLS,ANGLE,41.8855418494,"DARKNESS, LIGHTED ROAD",-87.6482289578,2,30,UNABLE TO DETERMINE,UNKNOWN,DRY,UNABLE TO DETERMINE,W,817,STOP SIGN/FLASHER,NOT DIVIDED,CLEAR,0.0,1.0,1.0,0.0,0.0,1.0,1,1,"[""Y""]",[],"[""Y""]","[""2025-10-02T21:30:00.000""]","[""2162519"", ""2162520""]","[""FRONT-RIGHT-CORNER"", ""REAR-RIGHT-CORNER""]","[""IL""]","[""CHEVROLET"", ""NISSAN""]","[""STRAIGHT AHEAD""]","[""CRUZE"", ""ROGUE""]","[""1""]","[""E"", ""N""]","[""1"", ""2""]","[""DRIVER""]","[""UNKNOWN""]","[""2061429"", ""2061431""]","[""PASSENGER"", ""SPORT UTILITY VEHICLE (SUV)""]","[""PERSONAL""]","[""2012"", ""2018""]",[],"[""Y""]",[],[],[],[],[],[],[],[],[],[],[],"[""Y""]",[],[],['22'],"[""DEPLOYMENT UNKNOWN"", ""NOT APPLICABLE""]","[""TEST NOT OFFERED""]","[""CHICAGO""]","[""2025-10-02T21:30:00.000""]","[""FAILED TO YIELD"", ""OTHER""]","[""UNKNOWN""]","[""D""]","[""IL""]","[""NONE""]",[],"[""O2162519"", ""O2162520""]","[""DRIVER""]","[""NORMAL"", ""UNKNOWN""]","[""USAGE UNKNOWN""]","[""F"", ""X""]","[""IL""]","[""2061429"", ""2061431""]","[""60632""]",[],[],[],[],[],[],2025,10,21,2,False,evening,41.89,-87.65,41.89_-87.65,22.0,22,22,OTHER,0
STRAIGHT AND LEVEL,613,2025-10-02 21:28:00,5,21,10,8C9A4367DED96DFE10B33B835EECB3C93B895EB778D02B1476E5C448B74F1ABBC4F66C7BA54D923D0252F14B609D90E8B986837DF73A8759D37C14A5B5530D97,INJURY AND / OR TOW DUE TO CRASH,"OVER $1,500",FUNCTIONING PROPERLY,TURNING,41.7367054252,"DARKNESS, LIGHTED ROAD",-87.6449885665,2,30,FAILING TO YIELD RIGHT-OF-WAY,NO DEFECTS,DRY,NOT APPLICABLE,S,8694,TRAFFIC SIGNAL,FOUR WAY,CLEAR,0.0,0.0,1.0,0.0,0.0,1.0,1,1,"[""Y""]",[],"[""Y""]","[""2025-10-02T21:28:00.000""]","[""2162521"", ""2162522""]","[""FRONT""]","[""IL""]","[""CHEVROLET"", ""TOYOTA""]","[""STRAIGHT AHEAD"", ""TURNING LEFT""]","[""COROLLA"", ""EQUINOX""]","[""1""]","[""E"", ""W""]","[""1"", ""2""]","[""DRIVER""]","[""NONE""]","[""2061434"", ""2061441""]","[""PASSENGER""]","[""PERSONAL""]","[""2010"", ""2021""]",[],[],"[""Y""]",[],[],[],[],[],[],[],[],[],[],[],[],[],['25'],"[""DEPLOYED, COMBINATION""]","[""TEST NOT OFFERED""]","[""CHICAGO""]","[""2025-10-02T21:28:00.000""]","[""FAILED TO YIELD"", ""NONE""]","[""NOT OBSCURED""]",[],"[""IL""]","[""NONE""]","[""LITTLE COMPANY OF MARY""]","[""O2162521"", ""O2162522""]","[""DRIVER""]","[""NORMAL""]","[""SAFETY BELT USED""]","[""F"", ""M""]","[""IL""]","[""2061434"", ""2061441""]","[""60628""]","[""CFD AMB""]",[],[],[],[],[],2025,10,21,2,False,evening,41.74,-87.64,41.74_-87.64,25.0,25,25,FAILURE-TO-YIELD,1
STRAIGHT AND LEVEL,912,2025-10-02 21:10:00,5,21,10,3476177D1CDA931FEDC0E0C43FB6BB80A1A8804E5CA8F103630438766D0DCD4AB158AD88788C72029A7BF03C38120F86BC16C9DB66C96791D63E0CE73CD13595,INJURY AND / OR TOW DUE TO CRASH,"OVER $1,500",FUNCTIONING PROPERLY,REAR END,41.8343416618,"DARKNESS, LIGHTED ROAD",-87.6755304274,2,30,FAILING TO REDUCE SPEED TO AVOID CRASH,NO DEFECTS,DRY,FAILING TO REDUCE SPEED TO AVOID CRASH,S,3250,TRAFFIC SIGNAL,NOT DIVIDED,CLEAR,0.0,0.0,0.0,0.0,0.0,1.0,1,3,"[""Y""]",[],"[""Y""]","[""2025-10-02T21:10:00.000""]","[""2162559"", ""2162560""]","[""FRONT"", ""REAR""]","[""IL""]","[""FORD"", ""TOYOTA""]","[""STRAIGHT AHEAD""]","[""FOCUS"", ""HIGHLANDER""]","[""1"", ""2""]","[""S""]","[""1"", ""2""]","[""DRIVER""]","[""NONE"", ""UNKNOWN""]","[""2061474"", ""2061477""]","[""PASSENGER"", ""SPORT UTILITY VEHICLE (SUV)""]","[""PERSONAL""]","[""2007"", ""2019""]",[],[],"[""Y""]","[""CITY OF CHICAGO""]","[""Y""]","[""Y""]",[],[],[],[],"[""1""]",[],[],"[""Y""]","[""Y""]","[""DOTY""]","['23', '39', '56']","[""DEPLOYED, FRONT"", ""DID NOT DEPLOY""]","[""TEST NOT OFFERED""]","[""CHICAGO"", ""DARIEN""]","[""2025-10-02T21:10:00.000""]","[""FOLLOWED TOO CLOSELY"", ""NONE""]","[""NOT OBSCURED""]","[""D""]","[""IL""]","[""NONE""]",[],"[""O2162559"", ""O2162560"", ""P477237""]","[""DRIVER"", ""PASSENGER""]","[""NORMAL""]","[""USAGE UNKNOWN""]","[""F"", ""M""]","[""IL""]","[""2061474"", ""2061477""]","[""60561"", ""60609"", ""60621""]",[],"[""3""]",[],[],[],[],2025,10,21,2,False,evening,41.83,-87.68,41.83_-87.68,39.333333333333336,23,56,SPEEDING,0
STRAIGHT AND LEVEL,1411,2025-10-02 21:00:00,5,21,10,F9F205F0C009D076EB5DB3358357BE29136E744A8882D36BFE2DFCC93E2E76DEEA35A4982B3DCFAF6E1DA2CE099ADA6F9965079D576DF1C92D36B7366B1CCD19,NO INJURY / DRIVE AWAY,"OVER $1,500",NO CONTROLS,SIDESWIPE SAME DIRECTION,41.9322598035,"DARKNESS, LIGHTED ROAD",-87.6977686957,2,30,IMPROPER LANE USAGE,NO DEFECTS,DRY,IMPROPER OVERTAKING/PASSING,N,2804,NO CONTROLS,DIVIDED - W/MEDIAN (NOT RAISED),CLEAR,0.0,0.0,0.0,0.0,0.0,1.0,1,2,"[""Y""]","[""Y""]",[],"[""2025-10-02T21:00:00.000""]","[""2162525"", ""2162526""]","[""FRONT-RIGHT-CORNER"", ""REAR-LEFT-CORNER""]","[""IL"", ""MI""]","[""FORD"", ""UNKNOWN""]","[""CHANGING LANES"", ""STRAIGHT AHEAD""]","[""ESCAPE"", ""OTHER (EXPLAIN IN NARRATIVE)""]","[""1""]","[""S""]","[""1"", ""2""]","[""DRIVER""]","[""NONE"", ""UNKNOWN""]","[""2061437"", ""2061440""]","[""PASSENGER"", ""SPORT UTILITY VEHICLE (SUV)""]","[""PERSONAL"", ""UNKNOWN/NA""]","[""2018"", ""2023""]",[],[],[],[],[],"[""Y""]",[],[],[],[],[],"[""Y""]",[],[],[],[],"['27', '66']","[""NOT APPLICABLE""]","[""TEST NOT OFFERED""]","[""CHICAGO"", ""HUNTLEY""]","[""2025-10-02T21:00:00.000""]","[""IMPROPER LANE CHANGE"", ""NONE""]","[""NOT OBSCURED"", ""UNKNOWN""]","[""D""]","[""IL""]","[""NONE""]",[],"[""O2162525"", ""O2162526""]","[""DRIVER""]","[""NORMAL"", ""UNKNOWN""]","[""SAFETY BELT USED"", ""USAGE UNKNOWN""]","[""F"", ""M""]","[""IL""]","[""2061437"", ""2061440""]","[""60142"", ""60613""]",[],[],[],[],[],[],2025,10,21,2,False,evening,41.93,-87.7,41.93_-87.7,46.5,27,66,OTHER,0
STRAIGHT AND LEVEL,434,2025-10-02 20:57:00,5,20,10,C57BE2D3EF9C8CE5B0A39FD580EDC2C6978538FB88DA0C98D6B28FE045E64C5BCBF1A7E59ECE9E121D58F49BBC18817BF2219C751EAE1575B47258BE5ECA6B27,NO INJURY / DRIVE AWAY,"OVER $1,500",NO CONTROLS,PARKED MOTOR VEHICLE,41.6592787385,"DARKNESS, LIGHTED ROAD",-87.5628454383,2,15,IMPROPER BACKING,NO DEFECTS,DRY,NOT APPLICABLE,E,2510,NO CONTROLS,PARKING LOT,CLEAR,0.0,0.0,0.0,0.0,0.0,1.0,2,0,"[""Y""]","[""N""]","[""Y""]","[""2025-10-02T20:57:00.000""]","[""2165417"", ""2165418""]","[""FRONT-RIGHT-CORNER"", ""REAR""]","[""IN""]","[""BOB S TRAILER"", ""FORD""]","[""BACKING"", ""PARKED""]","[""BOB S TRAILER"", ""ECOSPORT""]","[""0"", ""1""]","[""E"", ""W""]","[""1"", ""2""]","[""DRIVER"", ""PARKED""]","[""NONE"", ""UNKNOWN""]","[""2064194"", ""2064199""]","[""OTHER"", ""PASSENGER""]","[""NOT IN USE"", ""OTHER""]","[""2021""]",[],[],[],[],[],"[""Y""]",[],[],[],[],[],[],[],"[""Y""]","[""Y""]",[],[],"[""DEPLOYMENT UNKNOWN""]","[""TEST NOT OFFERED""]",[],"[""2025-10-02T20:57:00.000""]","[""UNKNOWN""]","[""UNKNOWN""]",[],[],"[""NONE""]",[],"[""O2165417""]","[""DRIVER""]","[""UNKNOWN""]","[""USAGE UNKNOWN""]","[""M""]",[],"[""2064199""]",[],[],[],[],[],[],[],2025,10,20,2,False,evening,41.66,-87.56,41.66_-87.56,0.0,0,0,OTHER,0
STRAIGHT AND LEVEL,1032,2025-10-02 20:30:00,5,20,10,A2BFE7C21857D2835C0949C79B1EFC8CC414AE7B7DB4466ED2BF9D75770DECD5F5791ACD729A24A0AA58BCF2A5E6DCEF39961D90B9727E4A7F26119561A0F361,INJURY AND / OR TOW DUE TO CRASH,"OVER $1,500",FUNCTIONING PROPERLY,REAR END,41.8444248308,"DARKNESS, LIGHTED ROAD",-87.7051854523,2,25,UNABLE TO DETERMINE,NO DEFECTS,DRY,UNABLE TO DETERMINE,S,2600,TRAFFIC SIGNAL,NOT DIVIDED,CLEAR,0.0,0.0,1.0,0.0,0.0,1.0,1,2,"[""Y""]",[],"[""Y""]","[""2025-10-02T20:30:00.000""]","[""2162823"", ""2162824""]","[""FRONT"", ""REAR""]","[""IL""]","[""GENERAL MOTORS CORPORATION (GMC)"", ""NISSAN""]","[""STRAIGHT AHEAD""]","[""CANYON"", ""VERSA""]","[""1""]","[""N""]","[""1"", ""2""]","[""DRIVER""]","[""NONE""]","[""2061727"", ""2061729""]","[""PASSENGER"", ""PICKUP""]","[""PERSONAL""]","[""2004"", ""2021""]",[],[],"[""Y""]",[],[],"[""Y""]",[],[],[],[],[],[],[],"[""Y""]","[""Y""]",[],"['32', '34']","[""NOT APPLICABLE""]","[""TEST NOT OFFERED""]","[""CHICAGO""]","[""2025-10-02T20:30:00.000""]","[""NONE""]","[""NOT OBSCURED""]","[""D""]","[""IL""]","[""NONE""]",[],"[""O2162823"", ""O2162824""]","[""DRIVER""]","[""NORMAL""]","[""SAFETY BELT USED"", ""USAGE UNKNOWN""]","[""F"", ""M""]","[""IL""]","[""2061727"", ""2061729""]","[""60623""]",[],[],[],[],[],[],2025,10,20,2,False,evening,41.84,-87.71,41.84_-87.71,33.0,32,34,OTHER,1
STRAIGHT AND LEVEL,122,2025-10-02 20:16:00,5,20,10,8515759B6080A11C21E79461702819BAF71F5F6F68D6D6891F0423E629B8EACFC71E952448EB6FE30F50FC61614A1288594E4222819E6F8D47D6674FEBBB2974,INJURY AND / OR TOW DUE TO CRASH,"OVER $1,500",FUNCTIONING PROPERLY,HEAD ON,41.8756706525,DARKNESS,-87.6308589554,2,30,DISREGARDING TRAFFIC SIGNALS,NO DEFECTS,DRY,FAILING TO REDUCE SPEED TO AVOID CRASH,S,498,TRAFFIC SIGNAL,DIVIDED - W/MEDIAN BARRIER,CLEAR,0.0,0.0,1.0,0.0,0.0,1.0,1,4,"[""Y""]",[],"[""Y""]","[""2025-10-02T20:16:00.000""]","[""2162491"", ""2162492""]","[""FRONT"", ""SIDE-LEFT-REAR""]","[""IL"", ""IN""]","[""BMW"", ""JEEP""]","[""STRAIGHT AHEAD""]","[""5 SERIES"", ""CHEROKEE""]","[""1"", ""3""]","[""UNKNOWN"", ""W""]","[""1"", ""2""]","[""DRIVER""]","[""NONE""]","[""2061403"", ""2061411""]","[""PASSENGER""]","[""PERSONAL""]","[""2015"", ""2018""]",[],[],"[""Y""]","[""private tow""]","[""Y""]","[""Y""]",[],"[""Y""]",[],[],"[""2""]","[""Y""]",[],[],"[""Y""]",[],"['41', '47', '69', '70']","[""DEPLOYED, SIDE"", ""NOT APPLICABLE""]","[""TEST NOT OFFERED""]","[""CHICAGO""]","[""2025-10-02T20:16:00.000""]","[""DISREGARDED CONTROL DEVICES"", ""NONE""]","[""NOT OBSCURED""]","[""D""]","[""IL""]","[""NONE""]",[],"[""O2162491"", ""O2162492"", ""P477231"", ""P477232""]","[""DRIVER"", ""PASSENGER""]","[""NORMAL""]","[""NONE PRESENT""]","[""F"", ""M""]","[""IL""]","[""2061403"", ""2061411""]","[""60619""]",[],"[""2"", ""5""]",[],[],[],[],2025,10,20,2,False,evening,41.88,-87.63,41.88_-87.63,56.75,41,70,OTHER,0
"CURVE, LEVEL",1623,2025-10-02 20:00:00,5,20,10,ADB347DA017045338B9235FF607123ABBB7ED777F53B551D0B94AE8985A19A0A7D86F22C3D6D2A919A1C305C1FCA37A0F54AE18C353D94F644F0B195034F8F99,NO INJURY / DRIVE AWAY,"OVER $1,500",NO CONTROLS,SIDESWIPE SAME DIRECTION,41.9663139381,"DARKNESS, LIGHTED ROAD",-87.7478465784,2,30,IMPROPER OVERTAKING/PASSING,NO DEFECTS,DRY,FAILING TO REDUCE SPEED TO AVOID CRASH,N,4700,NO CONTROLS,OTHER,CLEAR,0.0,0.0,0.0,0.0,0.0,1.0,1,2,[],"[""Y""]",[],"[""2025-10-02T20:00:00.000""]","[""2162495"", ""2162496""]","[""FRONT-LEFT-CORNER"", ""SIDE-RIGHT""]","[""IL""]","[""GENERAL MOTORS CORPORATION (GMC)"", ""HYUNDAI""]","[""PASSING/OVERTAKING"", ""STRAIGHT AHEAD""]","[""SONATA"", ""TERRAIN""]","[""1""]","[""S""]","[""1"", ""2""]","[""DRIVER""]","[""NONE"", ""UNKNOWN""]","[""2061407"", ""2061412""]","[""PASSENGER"", ""SPORT UTILITY VEHICLE (SUV)""]","[""PERSONAL""]","[""2011"", ""2015""]","[""Y""]","[""Y""]","[""Y""]",[],[],[],[],[],[],[],[],[],[],[],[],[],"['19', '60']","[""NOT APPLICABLE""]","[""TEST NOT OFFERED""]","[""CHICAGO""]","[""2025-10-02T20:00:00.000""]","[""IMPROPER PASSING"", ""NONE""]","[""NOT OBSCURED""]","[""D""]","[""IL""]","[""NONE""]","[""DNA"", ""REFUSED""]","[""O2162495"", ""O2162496""]","[""DRIVER""]","[""NORMAL"", ""UNKNOWN""]","[""SAFETY BELT USED""]","[""F"", ""M""]","[""IL""]","[""2061407"", ""2061412""]","[""60639"", ""60646""]","[""DNA""]",[],[],[],[],[],2025,10,20,2,False,evening,41.97,-87.75,41.97_-87.75,39.5,19,60,OTHER,0
STRAIGHT AND LEVEL,1532,2025-10-02 20:00:00,5,20,10,F082E9C84FC2E8545A5E56AF60B6B8B135823A89526EBCFB335FF49C03686F4ABD47B7362E5F58725CEA497B2FBCB93B7FA72815FAD69A898DDA4DD8E7C23622,NO INJURY / DRIVE AWAY,"OVER $1,500",NO CONTROLS,PARKED MOTOR VEHICLE,41.8894336382,"DARKNESS, LIGHTED ROAD",-87.7528054442,3,30,UNABLE TO DETERMINE,UNKNOWN,UNKNOWN,UNABLE TO DETERMINE,N,501,NO CONTROLS,ONE-WAY,CLEAR,0.0,1.0,0.0,0.0,0.0,1.0,2,0,"[""N""]","[""Y""]",[],"[""2025-10-02T20:00:00.000""]","[""2169515"", ""2169516"", ""2169517""]","[""FRONT-LEFT-CORNER"", ""FRONT-RIGHT-CORNER"", ""REAR-RIGHT-CORNER""]","[""IL"", ""XX""]","[""CHEVROLET"", ""FORD"", ""UNKNOWN""]","[""PARKED"", ""UNKNOWN/NA""]","[""CRUZE"", ""FUSION"", ""OTHER (EXPLAIN IN NARRATIVE)""]","[""0"", ""1""]","[""S""]","[""1"", ""2"", ""3""]","[""DRIVER"", ""PARKED""]","[""UNKNOWN""]","[""2068054"", ""2068055"", ""2068056""]","[""PASSENGER""]","[""PERSONAL""]","[""2011"", ""2013""]","[""Y""]",[],"[""Y""]",[],[],[],[],[],[],[],[],[],[],"[""Y""]",[],[],[],"[""DEPLOYMENT UNKNOWN""]","[""TEST NOT OFFERED""]","[""UNKNOWN""]","[""2025-10-02T20:00:00.000""]","[""UNKNOWN""]","[""UNKNOWN""]",[],"[""XX""]","[""NONE""]","[""UNKNOWN""]","[""O2169515""]","[""DRIVER""]","[""UNKNOWN""]","[""USAGE UNKNOWN""]","[""F""]","[""XX""]","[""2068054""]",[],[],[],[],[],[],[],2025,10,20,2,False,evening,41.89,-87.75,41.89_-87.75,0.0,0,0,OTHER,0