alignment,beat_of_occurrence,crash_date,crash_day_of_week,crash_hour,crash_month,crash_record_id,crash_type,damage,device_condition,first_crash_type,latitude,lighting_condition,longitude,num_units,posted_speed_limit,prim_contributory_cause,road_defect,roadway_surface_cond,sec_contributory_cause,street_direction,street_no,traffic_control_device,trafficway_type,weather_condition,private_property_i,hit_and_run_i,intersection_related_i,crash_date_est_i,work_zone_i,workers_present_i,veh_count,ppl_count,veh_area_01_i_list_json,veh_area_02_i_list_json,veh_area_12_i_list_json,veh_crash_date_list_json,veh_crash_unit_id_list_json,veh_first_contact_point_list_json,veh_lic_plate_state_list_json,veh_make_list_json,veh_maneuver_list_json,veh_model_list_json,veh_occupant_cnt_list_json,veh_travel_direction_list_json,veh_unit_no_list_json,veh_unit_type_list_json,veh_vehicle_defect_list_json,veh_vehicle_id_list_json,veh_vehicle_type_list_json,veh_vehicle_use_list_json,veh_vehicle_year_list_json,veh_area_03_i_list_json,veh_area_04_i_list_json,veh_area_11_i_list_json,veh_towed_by_list_json,veh_towed_i_list_json,veh_area_07_i_list_json,veh_area_99_i_list_json,veh_area_09_i_list_json,veh_area_10_i_list_json,veh_cmrc_veh_i_list_json,veh_num_passengers_list_json,veh_area_08_i_list_json,veh_area_00_i_list_json,veh_area_05_i_list_json,veh_area_06_i_list_json,veh_towed_to_list_json,ppl_age_list_json,ppl_airbag_deployed_list_json,ppl_bac_result_list_json,ppl_city_list_json,ppl_crash_date_list_json,ppl_driver_action_list_json,ppl_driver_vision_list_json,ppl_drivers_license_class_list_json,ppl_drivers_license_state_list_json,ppl_ejection_list_json,ppl_hospital_list_json,ppl_person_id_list_json,ppl_person_type_list_json,ppl_physical_condition_list_json,ppl_safety_equipment_list_json,ppl_sex_list_json,ppl_state_list_json,ppl_vehicle_id_list_json,ppl_zipcode_list_json,ppl_ems_agency_list_json,ppl_seat_no_list_json,ppl_pedpedal_action_list_json,ppl_pedpedal_location_list_json,ppl_pedpedal_visibility_list_json,ppl_ems_run_no_list_json,year,month,hour,day,is_weekend,hour_bin,lat_bin,lng_bin,grid_id,ppl_age_mean,ppl_age_min,ppl_age_max,prim_contributory_cause_group,ksi_flag
STRAIGHT AND LEVEL,1022,2025-10-02 20:00:00,5,20,10,BBCCACFE9DA00F9553AEFCF67C622018358F5BF28C1035ED516B6A972CD6E861F6B46D0C512C57A6FCC65B0EDA1E07D9CBC64F208B62F111DBF41A4AC83CA974,NO INJURY / DRIVE AWAY,"$501 - $1,500",NO CONTROLS,SIDESWIPE SAME DIRECTION,41.8589284728,UNKNOWN,-87.7030525184,2,30,IMPROPER OVERTAKING/PASSING,UNKNOWN,UNKNOWN,UNABLE TO DETERMINE,W,3100,TRAFFIC SIGNAL,FOUR WAY,CLEAR,0.0,0.0,1.0,0.0,0.0,1.0,1,1,"[""Y""]",[],"[""Y""]","[""2025-10-02T20:00:00.000""]","[""2162493"", ""2162494""]","[""FRONT-RIGHT-CORNER"", ""REAR-LEFT-CORNER""]","[""IL""]","[""CHEVROLET"", ""JEEP""]","[""PASSING/OVERTAKING"", ""STRAIGHT AHEAD""]","[""COMPASS"", ""MALIBU""]","[""1""]","[""E""]","[""1"", ""2""]","[""DRIVER""]","[""UNKNOWN""]","[""2061409"", ""2061414""]","[""PASSENGER""]","[""OTHER"", ""PERSONAL""]","[""2019"", ""2024""]","[""Y""]",[],[],[],[],"[""Y""]",[],[],[],[],[],"[""Y""]",[],[],"[""Y""]",[],['20'],"[""DEPLOYMENT UNKNOWN"", ""DID NOT DEPLOY""]","[""TEST NOT OFFERED""]","[""CICERO""]","[""2025-10-02T20:00:00.000""]","[""IMPROPER LANE CHANGE"", ""UNKNOWN""]","[""UNKNOWN""]","[""D""]","[""IL""]","[""NONE""]",[],"[""O2162493"", ""O2162494""]","[""DRIVER""]","[""UNKNOWN""]","[""USAGE UNKNOWN""]","[""M""]","[""IL""]","[""2061409"", ""2061414""]","[""60804""]",[],[],[],[],[],[],2025,10,20,2,False,evening,41.86,-87.7,41.86_-87.7,20.0,20,20,OTHER,0
STRAIGHT AND LEVEL,215,2025-10-02 19:50:00,5,19,10,AB0B8DCB2C139548D2430D84A11A5E44E75B5F5C8516E864649D2F8D7D0109CD5D06D2677C20AABF7218A4596447CE569843BE3EB29704B8DB3AB1A97073B7B3,NO INJURY / DRIVE AWAY,"$501 - $1,500",NO CONTROLS,ANGLE,41.8110794885,"DARKNESS, LIGHTED ROAD",-87.6183474172,2,15,FAILING TO YIELD RIGHT-OF-WAY,NO DEFECTS,DRY,NOT APPLICABLE,S,4600,NO CONTROLS,ALLEY,CLEAR,0.0,0.0,0.0,1.0,0.0,1.0,1,2,"[""Y""]","[""Y""]","[""Y""]","[""2025-10-02T19:50:00.000""]","[""2162485"", ""2162486""]","[""FRONT"", ""SIDE-RIGHT""]","[""IL""]","[""CHEVROLET"", ""MITSUBISHI""]","[""STRAIGHT AHEAD""]","[""MALIBU"", ""OUTLANDER""]","[""1""]","[""S"", ""W""]","[""1"", ""2""]","[""DRIVER""]","[""NONE"", ""UNKNOWN""]","[""2061406"", ""2061410""]","[""PASSENGER""]","[""PERSONAL""]","[""2019"", ""2020""]","[""Y""]","[""Y""]","[""Y""]",[],[],[],[],[],[],[],[],[],[],[],[],[],"['0', '37']","[""NOT APPLICABLE""]","[""TEST NOT OFFERED""]","[""CHICAGO""]","[""2025-10-02T19:50:00.000""]","[""FAILED TO YIELD"", ""NONE""]","[""NOT OBSCURED""]","[""A"", ""D""]","[""IL""]","[""NONE""]",[],"[""O2162485"", ""O2162486""]","[""DRIVER""]","[""NORMAL""]","[""NONE PRESENT"", ""USAGE UNKNOWN""]","[""F"", ""M""]","[""IL""]","[""2061406"", ""2061410""]","[""60615"", ""60653""]",[],[],[],[],[],[],2025,10,19,2,False,evening,41.81,-87.62,41.81_-87.62,18.5,0,37,FAILURE-TO-YIELD,0
STRAIGHT AND LEVEL,1724,2025-10-02 19:47:00,5,19,10,93D331CC43EE7151990AE2206D303C6DAFDAC5D4B228275CD8D92C80BF9A84FFCAD11287DBB550943964A59790D06080658938FE4A01195D00E952C073EE044A,INJURY AND / OR TOW DUE TO CRASH,"OVER $1,500",NO CONTROLS,REAR END,41.9540460856,"DARKNESS, LIGHTED ROAD",-87.7054357707,3,30,FAILING TO REDUCE SPEED TO AVOID CRASH,NO DEFECTS,DRY,FAILING TO REDUCE SPEED TO AVOID CRASH,W,3056,NO CONTROLS,DIVIDED - W/MEDIAN BARRIER,CLEAR,0.0,0.0,0.0,0.0,0.0,1.0,1,3,"[""Y""]",[],"[""Y""]","[""2025-10-02T19:47:00.000""]","[""2162474"", ""2162475"", ""2162476""]","[""FRONT"", ""REAR""]","[""IL""]","[""HONDA"", ""TOYOTA""]","[""STRAIGHT AHEAD""]","[""CAMRY"", ""COROLLA"", ""CR-V""]","[""1"", ""2""]","[""W""]","[""1"", ""2"", ""3""]","[""DRIVER""]","[""UNKNOWN""]","[""2061390"", ""2061397"", ""2061404""]","[""PASSENGER""]","[""PERSONAL""]","[""2010"", ""2021"", ""2022""]",[],[],"[""Y""]","[""per driver's arrangement""]","[""Y""]","[""Y""]","[""Y""]",[],[],[],"[""1""]",[],[],"[""Y""]","[""Y""]","[""per driver's request""]","['24', '31', '55']","[""DID NOT DEPLOY""]","[""TEST NOT OFFERED""]","[""CHICAGO""]","[""2025-10-02T19:47:00.000""]","[""FOLLOWED TOO CLOSELY"", ""NONE""]","[""NOT OBSCURED""]","[""D""]","[""IL""]","[""NONE"", ""UNKNOWN""]",[],"[""O2162474"", ""O2162475"", ""O2162476"", ""P477230""]","[""DRIVER"", ""PASSENGER""]","[""NORMAL""]","[""NONE PRESENT"", ""USAGE UNKNOWN""]","[""F"", ""M""]","[""IL""]","[""2061390"", ""2061397"", ""2061404""]","[""60618"", ""60625"", ""60641""]",[],"[""3""]",[],[],[],[],2025,10,19,2,False,evening,41.95,-87.71,41.95_-87.71,36.666666666666664,24,55,SPEEDING,0
STRAIGHT AND LEVEL,413,2025-10-02 19:46:00,5,19,10,2F815AD683EBB6258CD5223DAB77243B851EC47BACB8E85DFCB510B69819F3BFC33AB859DECBE838B8A63EABE1D273BD93D096A029F29819DDFBCCFF01D32685,NO INJURY / DRIVE AWAY,"OVER $1,500",FUNCTIONING PROPERLY,TURNING,41.7224873073,DUSK,-87.5825146421,2,30,DISREGARDING TRAFFIC SIGNALS,NO DEFECTS,DRY,NOT APPLICABLE,E,1700,TRAFFIC SIGNAL,T-INTERSECTION,CLEAR,0.0,0.0,1.0,0.0,0.0,1.0,1,2,"[""Y""]","[""Y""]","[""Y""]","[""2025-10-02T19:46:00.000""]","[""2162509"", ""2162510""]","[""FRONT"", ""FRONT-RIGHT-CORNER""]","[""IL"", ""TN""]","[""DODGE"", ""JEEP""]","[""STRAIGHT AHEAD"", ""TURNING LEFT""]","[""CARAVAN"", ""CHEROKEE""]","[""1""]","[""W""]","[""1"", ""2""]","[""DRIVER""]","[""UNKNOWN""]","[""2061426"", ""2061453""]","[""PASSENGER""]","[""PERSONAL""]","[""2016"", ""2017""]","[""Y""]","[""Y""]","[""Y""]",[],[],[],"[""Y""]",[],[],[],[],[],[],"[""Y""]",[],[],"['28', '75']","[""DEPLOYED, FRONT"", ""DEPLOYMENT UNKNOWN""]","[""TEST NOT OFFERED""]","[""CHICAGO""]","[""2025-10-02T19:46:00.000""]","[""DISREGARDED CONTROL DEVICES"", ""UNKNOWN""]","[""UNKNOWN""]",[],"[""IL"", ""TN""]","[""NONE""]",[],"[""O2162509"", ""O2162510""]","[""DRIVER""]","[""NORMAL"", ""UNKNOWN""]","[""USAGE UNKNOWN""]","[""F"", ""M""]","[""IL""]","[""2061426"", ""2061453""]","[""60619"", ""60652""]",[],[],[],[],[],[],2025,10,19,2,False,evening,41.72,-87.58,41.72_-87.58,51.5,28,75,OTHER,0
STRAIGHT AND LEVEL,324,2025-10-02 19:45:00,5,19,10,024B1AA46B2F9E843DC0F122830398B40BAA00FC60A9CF1F0A9BF147221026468DE5A220B90B59448DA99A32F7DA31CD592398CE56291E698ABD3918FAC46F10,NO INJURY / DRIVE AWAY,"OVER $1,500",FUNCTIONING IMPROPERLY,SIDESWIPE SAME DIRECTION,41.7659281922,DARKNESS,-87.5864700779,2,30,IMPROPER TURNING/NO SIGNAL,NO DEFECTS,DRY,NOT APPLICABLE,S,7100,NO CONTROLS,NOT DIVIDED,CLEAR,0.0,0.0,1.0,0.0,0.0,1.0,1,3,[],"[""Y""]",[],"[""2025-10-02T19:45:00.000""]","[""2162461"", ""2162462""]","[""SIDE-LEFT"", ""SIDE-RIGHT""]","[""IL""]","[""FORD"", ""HYUNDAI""]","[""PASSING/OVERTAKING"", ""STRAIGHT AHEAD""]","[""ESCAPE"", ""SANTA FE""]","[""1"", ""2""]","[""N""]","[""1"", ""2""]","[""DRIVER""]","[""NONE""]","[""2061376"", ""2061378""]","[""SPORT UTILITY VEHICLE (SUV)""]","[""PERSONAL""]","[""2011"", ""2017""]","[""Y""]","[""Y""]","[""Y""]",[],[],[],[],"[""Y""]","[""Y""]",[],"[""1""]",[],[],[],[],[],"['1', '25', '32']","[""DID NOT DEPLOY"", ""NOT APPLICABLE""]","[""TEST NOT OFFERED""]","[""CHICAGO""]","[""2025-10-02T19:45:00.000""]","[""IMPROPER TURN"", ""NONE""]","[""NOT OBSCURED""]","[""D""]","[""IL""]","[""NONE""]",[],"[""O2162461"", ""O2162462"", ""P477227""]","[""DRIVER"", ""PASSENGER""]","[""NORMAL""]","[""USAGE UNKNOWN""]","[""F"", ""M""]","[""IL""]","[""2061376"", ""2061378""]","[""60617"", ""60649""]",[],"[""4""]",[],[],[],[],2025,10,19,2,False,evening,41.77,-87.59,41.77_-87.59,19.333333333333332,1,32,OTHER,0
STRAIGHT AND LEVEL,2511,2025-10-02 19:45:00,5,19,10,B13165255C5056BC1DF7350CF734B08E825AC05FA2F3DACD8A454976774C5703C9EDF5D8F836EEBFDA1B79649E20432AB1021C869309EC212E134098E2876F6E,NO INJURY / DRIVE AWAY,"OVER $1,500",NO CONTROLS,TURNING,41.9329771751,DARKNESS,-87.7859027226,2,30,FAILING TO YIELD RIGHT-OF-WAY,NO DEFECTS,DRY,FAILING TO YIELD RIGHT-OF-WAY,N,2902,NO CONTROLS,FOUR WAY,CLEAR,0.0,0.0,1.0,0.0,0.0,1.0,1,2,"[""Y""]","[""Y""]","[""Y""]","[""2025-10-02T19:45:00.000""]","[""2162489"", ""2162490""]","[""FRONT"", ""FRONT-RIGHT-CORNER""]","[""IL""]","[""HYUNDAI"", ""TOYOTA""]","[""STRAIGHT AHEAD"", ""TURNING LEFT""]","[""ELANTRA"", ""HIGHLANDER""]","[""1""]","[""E"", ""N""]","[""1"", ""2""]","[""DRIVER""]","[""NONE""]","[""2061402"", ""2061408""]","[""PASSENGER""]","[""PERSONAL""]","[""2005"", ""2015""]",[],[],"[""Y""]",[],[],[],[],[],[],[],[],[],[],[],[],[],"['23', '33']","[""DID NOT DEPLOY""]","[""TEST NOT OFFERED""]","[""DES PLAINES"", ""MELROSE PARK""]","[""2025-10-02T19:45:00.000""]","[""FAILED TO YIELD"", ""NONE""]","[""NOT OBSCURED"", ""UNKNOWN""]","[""D""]","[""IL""]","[""NONE""]",[],"[""O2162489"", ""O2162490""]","[""DRIVER""]","[""NORMAL""]","[""SAFETY BELT USED""]","[""F"", ""M""]","[""IL""]","[""2061402"", ""2061408""]","[""60016"", ""60160-3031""]",[],[],[],[],[],[],2025,10,19,2,False,evening,41.93,-87.79,41.93_-87.79,28.0,23,33,FAILURE-TO-YIELD,0
STRAIGHT AND LEVEL,1214,2025-10-02 19:42:00,5,19,10,E00731DB971AA397BED3AB24C1CABE14E32C909F0F82723F3E73C40213E5431118F730E12EFE116E611D42969C2138928964C5E0814532F56650F670E62F332E,INJURY AND / OR TOW DUE TO CRASH,"OVER $1,500",NO CONTROLS,ANGLE,41.8913388723,"DARKNESS, LIGHTED ROAD",-87.6443105283,2,30,UNABLE TO DETERMINE,NO DEFECTS,DRY,UNABLE TO DETERMINE,W,634,NO CONTROLS,NOT DIVIDED,CLEAR,0.0,0.0,0.0,0.0,0.0,1.0,1,2,"[""Y""]",[],"[""Y""]","[""2025-10-02T19:42:00.000""]","[""2162483"", ""2162484""]","[""FRONT"", ""SIDE-LEFT""]","[""IL""]","[""HYUNDAI"", ""JEEP""]","[""STRAIGHT AHEAD""]","[""GRAND CHEROKEE"", ""SANTA FE""]","[""1""]","[""S"", ""W""]","[""1"", ""2""]","[""DRIVER""]","[""NONE"", ""UNKNOWN""]","[""2061393"", ""2061396""]","[""PASSENGER""]","[""PERSONAL""]","[""2017"", ""2018""]",[],[],"[""Y""]",[],[],[],[],"[""Y""]","[""Y""]",[],[],"[""Y""]",[],[],[],[],"['23', '43']","[""DEPLOYMENT UNKNOWN"", ""DID NOT DEPLOY""]","[""TEST NOT OFFERED""]","[""CHICAGO""]","[""2025-10-02T19:42:00.000""]","[""NONE"", ""UNKNOWN""]","[""NOT OBSCURED"", ""UNKNOWN""]","[""D""]","[""IL"", ""WI""]","[""NONE""]",[],"[""O2162483"", ""O2162484""]","[""DRIVER""]","[""NORMAL"", ""UNKNOWN""]","[""USAGE UNKNOWN""]","[""F"", ""M""]","[""IL""]","[""2061393"", ""2061396""]","[""60611"", ""60659""]",[],[],[],[],[],[],2025,10,19,2,False,evening,41.89,-87.64,41.89_-87.64,33.0,23,43,OTHER,1
STRAIGHT AND LEVEL,814,2025-10-02 19:42:00,5,19,10,8F54900912372A6C5D5BCF95EA6810FF950E66BE57067CC4892FE2D6072282743F78A5DC0C9DCC24672CDBE2FD5D34CD3237391A2BDE7FAD32DEB16820B1FADC,NO INJURY / DRIVE AWAY,"OVER $1,500",FUNCTIONING PROPERLY,REAR END,41.8148367504,DARKNESS,-87.7435014806,2,30,FOLLOWING TOO CLOSELY,NO DEFECTS,DRY,UNABLE TO DETERMINE,S,4300,TRAFFIC SIGNAL,NOT DIVIDED,CLEAR,0.0,1.0,0.0,0.0,0.0,1.0,1,2,"[""Y""]",[],"[""Y""]","[""2025-10-02T19:42:00.000""]","[""2198403"", ""2198404""]","[""FRONT"", ""REAR""]","[""IL""]","[""BMW"", ""CHEVROLET""]","[""STRAIGHT AHEAD""]","[""2000 SERIES"", ""SILVERADO""]","[""1""]","[""S""]","[""1"", ""2""]","[""DRIVER""]","[""NONE""]","[""2095434"", ""2095436""]","[""PASSENGER"", ""PICKUP""]","[""PERSONAL""]","[""2005""]",[],[],"[""N"", ""Y""]",[],[],"[""Y""]",[],[],[],[],[],[],[],"[""Y""]",[],[],"['18', '22']","[""DID NOT DEPLOY"", ""NOT APPLICABLE""]","[""TEST NOT OFFERED""]","[""BURBANK"", ""CHICAGO""]","[""2025-10-02T19:42:00.000""]","[""FAILED TO YIELD"", ""NONE""]","[""NOT OBSCURED"", ""UNKNOWN""]","[""D""]","[""IL""]","[""NONE""]",[],"[""O2198403"", ""O2198404""]","[""DRIVER""]","[""NORMAL""]","[""SAFETY BELT USED"", ""USAGE UNKNOWN""]","[""M""]","[""IL""]","[""2095434"", ""2095436""]","[""60459"", ""60629""]",[],[],[],[],[],[],2025,10,19,2,False,evening,41.81,-87.74,41.81_-87.74,20.0,18,22,FOLLOWING TOO CLOSELY,0
STRAIGHT AND LEVEL,1411,2025-10-02 19:40:00,5,19,10,E7640452B692A67132F5B4AD2D95FE7DC10038157CFC29320C6260683CCAAFC9F86B638BFA6F2C2B4F37D8229FDBBD262E7C2A8824E23F982BF4E35E2EEA894F,NO INJURY / DRIVE AWAY,"OVER $1,500",NO CONTROLS,TURNING,41.9320196619,DARKNESS,-87.6937076041,2,25,IMPROPER TURNING/NO SIGNAL,NO DEFECTS,DRY,NOT APPLICABLE,W,2625,NO CONTROLS,DIVIDED - W/MEDIAN (NOT RAISED),CLEAR,0.0,0.0,1.0,0.0,0.0,1.0,1,2,[],"[""Y""]",[],"[""2025-10-02T19:40:00.000""]","[""2162477"", ""2162478""]","[""FRONT-LEFT-CORNER"", ""SIDE-RIGHT""]","[""IL""]","[""LEXUS"", ""TOYOTA""]","[""STRAIGHT AHEAD"", ""U-TURN""]","[""HIGHLANDER"", ""NX""]","[""1""]","[""E""]","[""1"", ""2""]","[""DRIVER""]","[""NONE""]","[""2061395"", ""2061398""]","[""PASSENGER""]","[""PERSONAL""]","[""2019"", ""2023""]","[""Y""]","[""Y""]","[""Y""]",[],[],[],[],[],[],[],[],[],[],[],[],[],"['34', '41']","[""DID NOT DEPLOY""]","[""TEST NOT OFFERED""]","[""CHICAGO"", ""GLENVIEW""]","[""2025-10-02T19:40:00.000""]","[""NONE"", ""OTHER""]","[""NOT OBSCURED""]","[""D""]","[""IL""]","[""NONE""]",[],"[""O2162477"", ""O2162478""]","[""DRIVER""]","[""NORMAL""]","[""SAFETY BELT USED""]","[""M""]","[""IL""]","[""2061395"", ""2061398""]","[""60025"", ""60660""]",[],[],[],[],[],[],2025,10,19,2,False,evening,41.93,-87.69,41.93_-87.69,37.5,34,41,OTHER,0
STRAIGHT AND LEVEL,2022,2025-10-02 19:36:00,5,19,10,4F9B82CABAB0125E35C38D862744848F98DD8EA6E25AD134FFE0ED5A50CBDC2A59D57467B11F6C3ADBB4E5328C28CC3EE7C159FB5551D8B1B7A24BFB1D55762A,NO INJURY / DRIVE AWAY,"OVER $1,500",NO CONTROLS,SIDESWIPE SAME DIRECTION,41.9837485186,"DARKNESS, LIGHTED ROAD",-87.6591620636,2,30,DRIVING SKILLS/KNOWLEDGE/EXPERIENCE,NO DEFECTS,DRY,NOT APPLICABLE,W,1126,NO CONTROLS,DIVIDED - W/MEDIAN (NOT RAISED),CLEAR,0.0,0.0,0.0,0.0,0.0,1.0,1,2,"[""Y""]","[""Y""]",[],"[""2025-10-02T19:36:00.000""]","[""2162497"", ""2162498""]","[""FRONT-RIGHT-CORNER"", ""SIDE-LEFT""]","[""IL""]","[""NISSAN"", ""TOYOTA""]","[""ENTERING TRAFFIC LANE FROM PARKING"", ""STRAIGHT AHEAD""]","[""CAMRY"", ""ROGUE""]","[""1""]","[""W""]","[""1"", ""2""]","[""DRIVER""]","[""UNKNOWN""]","[""2061413"", ""2061416""]","[""PASSENGER"", ""SPORT UTILITY VEHICLE (SUV)""]","[""PERSONAL""]","[""2008"", ""2020""]",[],[],"[""Y""]",[],[],[],[],"[""Y""]","[""Y""]",[],[],[],[],[],[],[],"['28', '32']","[""NOT APPLICABLE""]","[""TEST NOT OFFERED""]","[""CALUMET CITY"", ""CHICAGO""]","[""2025-10-02T19:36:00.000""]","[""FAILED TO YIELD"", ""NONE""]","[""NOT OBSCURED""]","[""D""]","[""IL""]","[""NONE""]",[],"[""O2162497"", ""O2162498""]","[""DRIVER""]","[""NORMAL""]","[""USAGE UNKNOWN""]","[""F"", ""M""]","[""IL""]","[""2061413"", ""2061416""]","[""60409"", ""60619""]",[],[],[],[],[],[],2025,10,19,2,False,evening,41.98,-87.66,41.98_-87.66,30.0,28,32,OTHER,0
STRAIGHT AND LEVEL,1654,2025-10-02 19:30:00,5,19,10,11E17FA0B32C6A3CFE07BADF69F4245695D0D60DE16925502D806F56EE8C82F6C95C4C08DAEC13200DC7E02958A5FDD38C62122050CDB814439EF698D5AE5574,NO INJURY / DRIVE AWAY,$500 OR LESS,FUNCTIONING PROPERLY,REAR TO FRONT,41.8736407663,"DARKNESS, LIGHTED ROAD",-87.6723897727,2,25,IMPROPER BACKING,NO DEFECTS,DRY,UNABLE TO DETERMINE,N,162,TRAFFIC SIGNAL,T-INTERSECTION,CLEAR,0.0,0.0,1.0,0.0,0.0,1.0,1,2,[],[],"[""Y""]","[""2025-10-02T19:30:00.000""]","[""2162456"", ""2162457""]","[""FRONT"", ""REAR""]","[""IL""]","[""BMW"", ""VOLKSWAGEN""]","[""BACKING"", ""STRAIGHT AHEAD""]","[""OTHER (EXPLAIN IN NARRATIVE)"", ""TIGUAN""]","[""1""]","[""E"", ""W""]","[""1"", ""2""]","[""DRIVER""]","[""NONE""]","[""2061370"", ""2061373""]","[""PASSENGER""]","[""PERSONAL""]","[""2017"", ""2019""]",[],[],[],[],[],[],[],[],[],[],[],[],[],[],"[""Y""]",[],"['32', '60']","[""DID NOT DEPLOY""]","[""TEST TAKEN""]","[""HUNTLEY"", ""WILMETTE""]","[""2025-10-02T19:30:00.000""]","[""IMPROPER BACKING"", ""NONE""]","[""NOT OBSCURED""]","[""D""]","[""IL""]","[""NONE""]","[""REFUSED""]","[""O2162456"", ""O2162457""]","[""DRIVER""]","[""NORMAL""]","[""SAFETY BELT USED""]","[""F""]","[""IL""]","[""2061370"", ""2061373""]","[""60091"", ""60142""]",[],[],[],[],[],[],2025,10,19,2,False,evening,41.87,-87.67,NAN_NAN,46.0,32,60,OTHER,0
STRAIGHT AND LEVEL,2433,2025-10-02 19:27:00,5,19,10,16E1291F1D5AFB104177C7F38A236CCEDE77723C62B03D0D6B6544CB0F1D2302D7594B6F4B611CDE2A462937641F8349D0F21B7C1C968F0B03D3AD5D61F34EB6,NO INJURY / DRIVE AWAY,"$501 - $1,500",FUNCTIONING PROPERLY,REAR END,41.994641657,UNKNOWN,-87.6605557359,2,30,FOLLOWING TOO CLOSELY,UNKNOWN,UNKNOWN,FOLLOWING TOO CLOSELY,N,6200,TRAFFIC SIGNAL,NOT DIVIDED,CLEAR,0.0,0.0,1.0,0.0,0.0,1.0,1,1,"[""Y""]",[],"[""Y""]","[""2025-10-02T19:27:00.000""]","[""2163681"", ""2163682""]","[""FRONT"", ""REAR""]","[""IL""]","[""CHEVROLET"", ""HONDA""]","[""SLOW/STOP IN TRAFFIC"", ""STRAIGHT AHEAD""]","[""BOLT"", ""OTHER (EXPLAIN IN NARRATIVE)""]","[""1""]","[""S""]","[""1"", ""2""]","[""DRIVER""]","[""UNKNOWN""]","[""2062549"", ""2062552""]","[""PASSENGER""]","[""PERSONAL""]","[""2007"", ""2023""]",[],[],"[""Y""]",[],[],"[""Y""]",[],[],[],[],[],[],[],"[""Y""]","[""Y""]",[],['53'],"[""NOT APPLICABLE""]","[""TEST NOT OFFERED""]","[""CHICAGO""]","[""2025-10-02T19:27:00.000""]","[""FOLLOWED TOO CLOSELY"", ""NONE""]","[""UNKNOWN""]",[],"[""IL""]","[""NONE""]",[],"[""O2163681"", ""O2163682""]","[""DRIVER""]","[""NORMAL"", ""UNKNOWN""]","[""USAGE UNKNOWN""]","[""M""]","[""IL""]","[""2062549"", ""2062552""]","[""60640"", ""60647""]",[],[],[],[],[],[],2025,10,19,2,False,evening,41.99,-87.66,41.99_-87.66,53.0,53,53,FOLLOWING TOO CLOSELY,0
STRAIGHT AND LEVEL,1834,2025-10-02 19:13:00,5,19,10,E893E1992973CDDA4B32E68FBF570B8893C372E0E1D6F40C743B9095EDF07B71DEF9D8E7E8A2C64B429AE8B659A7CAE757151E67EEE9768B2A2F0621CDCB97D3,INJURY AND / OR TOW DUE TO CRASH,$500 OR LESS,NO CONTROLS,REAR END,41.893762423,"DARKNESS, LIGHTED ROAD",-87.6143571065,2,40,IMPROPER LANE USAGE,NO DEFECTS,DRY,FAILING TO REDUCE SPEED TO AVOID CRASH,N,631,NO CONTROLS,DIVIDED - W/MEDIAN BARRIER,CLEAR,0.0,0.0,0.0,0.0,0.0,1.0,1,2,[],[],[],"[""2025-10-02T19:13:00.000""]","[""2162481"", ""2162482""]","[""FRONT-LEFT-CORNER"", ""REAR-RIGHT-CORNER""]","[""IL""]","[""DODGE"", ""NISSAN""]","[""CHANGING LANES"", ""SLOW/STOP IN TRAFFIC""]","[""JOURNEY"", ""QUEST""]","[""1""]","[""N""]","[""1"", ""2""]","[""DRIVER""]","[""NONE""]","[""2061389"", ""2061392""]","[""SPORT UTILITY VEHICLE (SUV)"", ""VAN/MINI-VAN""]","[""PERSONAL""]","[""2009"", ""2014""]",[],[],"[""Y""]","[""STREETS AND SANITATION 065663""]","[""Y""]",[],[],[],[],[],[],[],[],"[""Y""]",[],"[""POUND 6 (701 N SACRAMENTO)""]","['29', '42']","[""DID NOT DEPLOY""]","[""TEST NOT OFFERED""]","[""CHICAGO""]","[""2025-10-02T19:13:00.000""]","[""IMPROPER LANE CHANGE"", ""NONE""]","[""NOT OBSCURED""]","[""D""]","[""IL""]","[""NONE""]","[""DOES NOT APPLY"", ""DOES NOTT APPLY""]","[""O2162481"", ""O2162482""]","[""DRIVER""]","[""NORMAL""]","[""USAGE UNKNOWN""]","[""M""]","[""IL""]","[""2061389"", ""2061392""]","[""60610"", ""60641""]","[""DNA""]",[],[],[],[],[],2025,10,19,2,False,evening,41.89,-87.61,41.89_-87.61,35.5,29,42,OTHER,0