alignment,beat_of_occurrence,crash_date,crash_day_of_week,crash_hour,crash_month,crash_record_id,crash_type,damage,device_condition,first_crash_type,latitude,lighting_condition,longitude,num_units,posted_speed_limit,prim_contributory_cause,road_defect,roadway_surface_cond,sec_contributory_cause,street_direction,street_no,traffic_control_device,trafficway_type,weather_condition,private_property_i,hit_and_run_i,intersection_related_i,crash_date_est_i,work_zone_i,workers_present_i,veh_count,ppl_count,veh_area_01_i_list_json,veh_area_02_i_list_json,veh_area_12_i_list_json,veh_crash_date_list_json,veh_crash_unit_id_list_json,veh_first_contact_point_list_json,veh_lic_plate_state_list_json,veh_make_list_json,veh_maneuver_list_json,veh_model_list_json,veh_occupant_cnt_list_json,veh_travel_direction_list_json,veh_unit_no_list_json,veh_unit_type_list_json,veh_vehicle_defect_list_json,veh_vehicle_id_list_json,veh_vehicle_type_list_json,veh_vehicle_use_list_json,veh_vehicle_year_list_json,veh_area_03_i_list_json,veh_area_04_i_list_json,veh_area_11_i_list_json,veh_towed_by_list_json,veh_towed_i_list_json,veh_area_07_i_list_json,veh_area_99_i_list_json,veh_area_09_i_list_json,veh_area_10_i_list_json,veh_cmrc_veh_i_list_json,veh_num_passengers_list_json,veh_area_08_i_list_json,veh_area_00_i_list_json,veh_area_05_i_list_json,veh_area_06_i_list_json,veh_towed_to_list_json,ppl_age_list_json,ppl_airbag_deployed_list_json,ppl_bac_result_list_json,ppl_city_list_json,ppl_crash_date_list_json,ppl_driver_action_list_json,ppl_driver_vision_list_json,ppl_drivers_license_class_list_json,ppl_drivers_license_state_list_json,ppl_ejection_list_json,ppl_hospital_list_json,ppl_person_id_list_json,ppl_person_type_list_json,ppl_physical_condition_list_json,ppl_safety_equipment_list_json,ppl_sex_list_json,ppl_state_list_json,ppl_vehicle_id_list_json,ppl_zipcode_list_json,ppl_ems_agency_list_json,ppl_seat_no_list_json,ppl_pedpedal_action_list_json,ppl_pedpedal_location_list_json,ppl_pedpedal_visibility_list_json,ppl_ems_run_no_list_json,year,month,hour,day,is_weekend,hour_bin,lat_bin,lng_bin,grid_id,ppl_age_mean,ppl_age_min,ppl_age_max,prim_contributory_cause_group,ksi_flag
STRAIGHT AND LEVEL,611,2025-10-02 19:01:00,5,19,10,A169ECF8B03B218D5FB039B496DE6A17744AA07D1CCF5B6B299E1FA6F69F1E68205A8AB1A97AA712F84A0762104A0E7F4719C79E7EBE7950DB155C8CFE7D34CF,INJURY AND / OR TOW DUE TO CRASH,"OVER $1,500",NO CONTROLS,HEAD ON,41.7501439382,DARKNESS,-87.6713534856,2,30,DRIVING ON WRONG SIDE/WRONG WAY,NO DEFECTS,DRY,NOT APPLICABLE,W,1915,NO CONTROLS,NOT DIVIDED,CLEAR,0.0,0.0,0.0,0.0,0.0,1.0,1,2,"[""N"", ""Y""]","[""N""]","[""Y""]","[""2025-10-02T19:01:00.000""]","[""2162440"", ""2162441""]","[""FRONT""]","[""IL""]","[""BUICK"", ""NISSAN""]","[""PASSING/OVERTAKING"", ""STRAIGHT AHEAD""]","[""ALTIMA"", ""CENTURY""]","[""1""]","[""E"", ""W""]","[""1"", ""2""]","[""DRIVER""]","[""NONE""]","[""2061361"", ""2061365""]","[""PASSENGER""]","[""PERSONAL""]","[""2004"", ""2013""]",[],[],"[""N"", ""Y""]",[],"[""N""]",[],[],[],"[""N"", ""Y""]",[],[],[],[],[],[],[],"['30', '32']","[""DEPLOYED, COMBINATION"", ""DEPLOYED, FRONT""]","[""TEST NOT OFFERED""]","[""CHICAGO"", ""DOLTON""]","[""2025-10-02T19:01:00.000""]","[""NONE"", ""WRONG WAY/SIDE""]","[""NOT OBSCURED""]","[""D""]","[""IL""]","[""NONE""]","[""LITTLE COMPANY OF MARY""]","[""O2162440"", ""O2162441""]","[""DRIVER""]","[""NORMAL""]","[""USAGE UNKNOWN""]","[""F"", ""M""]","[""IL""]","[""2061361"", ""2061365""]","[""60419"", ""60620""]","[""CFD""]",[],[],[],[],[],2025,10,19,2,False,evening,41.75,-87.67,41.75_-87.67,31.0,30,32,OTHER,1
STRAIGHT AND LEVEL,613,2025-10-02 19:00:00,5,19,10,B6BE7E0E891CDB8BEBC08F71815A435B125E711A8BB092FDA6FF031474AE2B0B7E621D09FFB119F61146C98DF890403D5D3C6772AE78B95720408723B396579B,NO INJURY / DRIVE AWAY,$500 OR LESS,FUNCTIONING PROPERLY,REAR END,41.7375059122,"DARKNESS, LIGHTED ROAD",-87.644778939,2,30,FOLLOWING TOO CLOSELY,NO DEFECTS,DRY,NOT APPLICABLE,S,8612,TRAFFIC SIGNAL,DIVIDED - W/MEDIAN (NOT RAISED),CLEAR,0.0,0.0,0.0,0.0,0.0,1.0,1,3,"[""Y""]",[],"[""Y""]","[""2025-10-02T19:00:00.000""]","[""2162438"", ""2162439""]","[""FRONT"", ""REAR""]","[""IL""]","[""HONDA"", ""TOYOTA""]","[""STRAIGHT AHEAD""]","[""CAMRY"", ""CR-V""]","[""1"", ""2""]","[""SW""]","[""1"", ""2""]","[""DRIVER""]","[""NONE""]","[""2061353"", ""2061357""]","[""PASSENGER""]","[""PERSONAL""]","[""2017"", ""2018""]",[],[],"[""Y""]",[],[],"[""Y""]",[],[],[],[],"[""1""]",[],[],"[""Y""]","[""Y""]",[],"['3', '36', '50']","[""NOT APPLICABLE""]","[""TEST NOT OFFERED""]","[""CHICAGO"", ""OAK LAWN""]","[""2025-10-02T19:00:00.000""]","[""FAILED TO YIELD"", ""NONE""]","[""NOT OBSCURED""]","[""D""]","[""IL""]","[""NONE""]",[],"[""O2162438"", ""O2162439"", ""P477224""]","[""DRIVER"", ""PASSENGER""]","[""NORMAL""]","[""SAFETY BELT USED""]","[""F"", ""M""]","[""IL""]","[""2061353"", ""2061357""]","[""60453"", ""60643""]",[],"[""5""]",[],[],[],[],2025,10,19,2,False,evening,41.74,-87.64,41.74_-87.64,29.666666666666668,3,50,FOLLOWING TOO CLOSELY,0
STRAIGHT AND LEVEL,621,2025-10-02 19:00:00,5,19,10,9B131273D8B757847394E56C9FE82F67C3C7EEB14E104FC343937A06FD288303E45BF59442DA2632579B1EE3EED29A28B646D4BF8CB6545932A63A47C84BA060,NO INJURY / DRIVE AWAY,"OVER $1,500",FUNCTIONING PROPERLY,SIDESWIPE SAME DIRECTION,41.7563625272,"DARKNESS, LIGHTED ROAD",-87.6345038155,2,30,FOLLOWING TOO CLOSELY,NO DEFECTS,DRY,IMPROPER LANE USAGE,W,400,TRAFFIC SIGNAL,DIVIDED - W/MEDIAN (NOT RAISED),CLEAR,0.0,0.0,1.0,0.0,0.0,1.0,1,2,[],[],[],"[""2025-10-02T19:00:00.000""]","[""2162499"", ""2162500""]","[""REAR"", ""UNKNOWN""]","[""IL""]","[""CHEVROLET"", ""FORD""]","[""STRAIGHT AHEAD"", ""UNKNOWN/NA""]","[""BRONCO / BRONCO II"", ""IMPALA""]","[""1""]","[""W""]","[""1"", ""2""]","[""DRIVER""]","[""NONE"", ""UNKNOWN""]","[""2061417"", ""2061418""]","[""PASSENGER"", ""UNKNOWN/NA""]","[""PERSONAL"", ""UNKNOWN/NA""]","[""2013""]",[],[],[],[],[],"[""Y""]","[""Y""]",[],[],[],[],[],[],[],"[""Y""]",[],"['34', '48']","[""DID NOT DEPLOY""]","[""TEST NOT OFFERED""]","[""BOLINGBROOK""]","[""2025-10-02T19:00:00.000""]","[""IMPROPER PASSING"", ""NONE""]","[""NOT OBSCURED"", ""UNKNOWN""]",[],"[""IL""]","[""NONE""]",[],"[""O2162499"", ""O2162500""]","[""DRIVER""]","[""NORMAL"", ""UNKNOWN""]","[""SAFETY BELT USED"", ""USAGE UNKNOWN""]","[""M""]","[""IL""]","[""2061417"", ""2061418""]","[""60490"", ""60628""]",[],[],[],[],[],[],2025,10,19,2,False,evening,41.76,-87.63,41.76_-87.63,41.0,34,48,FOLLOWING TOO CLOSELY,0
STRAIGHT AND LEVEL,1833,2025-10-02 19:00:00,5,19,10,735EE8EA3F32A5B867223EFE354A587622639BC84E5BB2C4A5813A3B29319F95BEA812F9AE7AD0D275A6FF4FD3BC23D7EBC0CBA8B5C03DEAB707447C90AAB058,NO INJURY / DRIVE AWAY,"OVER $1,500",NO CONTROLS,REAR TO REAR,41.899530672,"DARKNESS, LIGHTED ROAD",-87.6268078711,2,30,UNABLE TO DETERMINE,UNKNOWN,UNKNOWN,UNABLE TO DETERMINE,N,911,NO CONTROLS,NOT DIVIDED,CLEAR,0.0,0.0,0.0,0.0,0.0,1.0,1,2,[],[],[],"[""2025-10-02T19:00:00.000""]","[""2162432"", ""2162433""]","[""SIDE-RIGHT-REAR""]","[""IL""]","[""FORD"", ""TOYOTA""]","[""BACKING"", ""UNKNOWN/NA""]","[""CROWN"", ""F550""]","[""1""]","[""UNKNOWN""]","[""1"", ""2""]","[""DRIVER""]","[""UNKNOWN""]","[""2061350"", ""2061354""]","[""PASSENGER"", ""TRUCK - SINGLE UNIT""]","[""PERSONAL"", ""UNKNOWN/NA""]","[""2018"", ""2023""]","[""Y""]","[""Y""]",[],[],[],[],[],[],[],[],[],[],[],"[""Y""]",[],[],"['38', '62']","[""DEPLOYMENT UNKNOWN""]","[""TEST NOT OFFERED""]","[""AURORA"", ""SUMMIT""]","[""2025-10-02T19:00:00.000""]","[""IMPROPER BACKING"", ""UNKNOWN""]","[""UNKNOWN""]","[""D""]","[""IL""]","[""UNKNOWN""]",[],"[""O2162432"", ""O2162433""]","[""DRIVER""]","[""EMOTIONAL"", ""FATIGUED/ASLEEP""]","[""USAGE UNKNOWN""]","[""F"", ""M""]","[""IL""]","[""2061350"", ""2061354""]","[""60501"", ""60505""]",[],[],[],[],[],[],2025,10,19,2,False,evening,41.9,-87.63,41.9_-87.63,50.0,38,62,OTHER,0
STRAIGHT AND LEVEL,1232,2025-10-02 18:43:00,5,18,10,AB3F048D23EA7FBA1556A9BDE2BBB619F1818A8630E0896B592B906CBCD6B1F3DB76420E500F39261C2BE00B4C6A25255973F438D694F84F1A58E3839A62B92B,NO INJURY / DRIVE AWAY,"OVER $1,500",FUNCTIONING PROPERLY,REAR END,41.8672978274,DAYLIGHT,-87.6444711883,2,30,FOLLOWING TOO CLOSELY,NO DEFECTS,DRY,OBSTRUCTED CROSSWALKS,W,654,TRAFFIC SIGNAL,FOUR WAY,CLEAR,0.0,0.0,0.0,0.0,0.0,1.0,1,2,"[""Y""]",[],"[""Y""]","[""2025-10-02T18:43:00.000""]","[""2162472"", ""2162473""]","[""FRONT"", ""FRONT-RIGHT-CORNER""]","[""IL""]","[""JEEP"", ""NISSAN""]","[""STRAIGHT AHEAD""]","[""GRAND CHEROKEE"", ""ROGUE""]","[""1""]","[""W""]","[""1"", ""2""]","[""DRIVER""]","[""NONE"", ""UNKNOWN""]","[""2061384"", ""2061387""]","[""PASSENGER"", ""SPORT UTILITY VEHICLE (SUV)""]","[""PERSONAL""]","[""2016"", ""2018""]",[],[],"[""Y""]",[],[],[],[],[],[],[],[],[],[],[],[],[],"['44', '54']","[""DID NOT DEPLOY""]","[""TEST NOT OFFERED""]","[""CHICAGO"", ""MELROSE PARK""]","[""2025-10-02T18:43:00.000""]","[""FAILED TO YIELD"", ""NONE""]","[""NOT OBSCURED""]","[""D""]","[""IL""]","[""NONE""]",[],"[""O2162472"", ""O2162473""]","[""DRIVER""]","[""NORMAL""]","[""SAFETY BELT USED""]","[""M""]","[""IL""]","[""2061384"", ""2061387""]","[""60160"", ""60617""]",[],[],[],[],[],[],2025,10,18,2,False,afternoon,41.87,-87.64,41.87_-87.64,49.0,44,54,FOLLOWING TOO CLOSELY,0
STRAIGHT AND LEVEL,834,2025-10-02 18:30:00,5,18,10,56823814AF07BBF86B470906C835D11F6C817884B37D2D0CACF164C19E3C78E050CD04D86D9709560A0673762344C38369258E5C56CC315959F92BA7793BAC49,NO INJURY / DRIVE AWAY,"OVER $1,500",NO CONTROLS,REAR TO SIDE,41.7356549967,DUSK,-87.7021776741,2,10,UNABLE TO DETERMINE,NO DEFECTS,DRY,NOT APPLICABLE,S,8644,NO CONTROLS,PARKING LOT,CLEAR,1.0,0.0,0.0,0.0,0.0,1.0,1,0,[],[],[],"[""2025-10-02T18:30:00.000""]","[""2162446"", ""2162447""]","[""REAR-RIGHT-CORNER"", ""SIDE-RIGHT""]","[""IL""]","[""CHEVROLET"", ""LEXUS""]","[""BACKING"", ""SLOW/STOP IN TRAFFIC""]","[""GS350"", ""MALIBU""]","[""1""]","[""UNKNOWN""]","[""1"", ""2""]","[""DRIVER""]","[""NONE""]","[""2061363"", ""2061367""]","[""PASSENGER""]","[""PERSONAL""]","[""2010"", ""2020""]","[""Y""]","[""Y""]",[],[],[],[],[],[],[],[],[],[],[],"[""Y""]",[],[],[],"[""NOT APPLICABLE""]","[""TEST NOT OFFERED""]","[""CHICAGO""]","[""2025-10-02T18:30:00.000""]","[""FAILED TO YIELD"", ""NONE""]","[""NOT OBSCURED""]","[""D""]","[""IL""]","[""NONE""]",[],"[""O2162446"", ""O2162447""]","[""DRIVER""]","[""NORMAL""]","[""SAFETY BELT USED""]","[""F"", ""M""]","[""IL""]","[""2061363"", ""2061367""]","[""60619"", ""60652""]",[],[],[],[],[],[],2025,10,18,2,False,afternoon,41.74,-87.7,41.74_-87.7,0.0,0,0,OTHER,0
STRAIGHT AND LEVEL,2533,2025-10-02 18:20:00,5,18,10,E83D145EEB9857BF381FC0B1B3F3E733D92A9F77A25AA532CA4314ACF4643DBD4AF442D2C10F02B0D3E704E416416EF8D958E03708D4FF53C78412A6E8DC68B4,NO INJURY / DRIVE AWAY,"OVER $1,500",NO CONTROLS,PARKED MOTOR VEHICLE,41.9097416713,DAYLIGHT,-87.7456374811,2,10,UNABLE TO DETERMINE,UNKNOWN,DRY,NOT APPLICABLE,W,4748,NO CONTROLS,PARKING LOT,CLEAR,1.0,0.0,0.0,0.0,0.0,1.0,2,1,[],[],[],"[""2025-10-02T18:20:00.000""]","[""2162423"", ""2162424""]","[""REAR-RIGHT-CORNER"", ""SIDE-RIGHT-REAR""]","[""IL""]","[""LEXUS"", ""TOYOTA""]","[""BACKING"", ""PARKED""]","[""GS450H"", ""HIGHLANDER""]","[""1""]","[""UNKNOWN""]","[""1"", ""2""]","[""DRIVER"", ""PARKED""]","[""UNKNOWN""]","[""2061342"", ""2061344""]","[""PASSENGER"", ""SPORT UTILITY VEHICLE (SUV)""]","[""NOT IN USE"", ""PERSONAL""]","[""2008"", ""2017""]",[],[],[],[],[],[],[],[],[],[],"[""1""]",[],[],"[""Y""]","[""Y""]",[],['40'],"[""NOT APPLICABLE""]","[""TEST NOT OFFERED""]","[""CHICAGO""]","[""2025-10-02T18:20:00.000""]","[""OTHER""]","[""UNKNOWN""]","[""D""]","[""IL""]","[""NONE""]",[],"[""O2162423"", ""P477223""]","[""DRIVER"", ""PASSENGER""]","[""UNKNOWN""]","[""USAGE UNKNOWN""]","[""M""]","[""IL""]","[""2061342"", ""2061344""]","[""60625""]",[],"[""1""]",[],[],[],[],2025,10,18,2,False,afternoon,41.91,-87.75,41.91_-87.75,40.0,40,40,OTHER,0
STRAIGHT AND LEVEL,1831,2025-10-02 18:16:00,5,18,10,D8215235A44836F0877BC5CF5BA69F50CE511FB67FBDF914DB6F8AA4827FC5A32F7C126F5939ECC5990A19FA7DAB46AA549334237CD7D1902B048A3683D08135,INJURY AND / OR TOW DUE TO CRASH,"OVER $1,500",FUNCTIONING PROPERLY,PEDALCYCLIST,41.8930571855,UNKNOWN,-87.6356861465,2,30,IMPROPER LANE USAGE,UNKNOWN,UNKNOWN,IMPROPER OVERTAKING/PASSING,W,301,TRAFFIC SIGNAL,FOUR WAY,CLEAR,0.0,0.0,1.0,0.0,0.0,1.0,2,2,[],[],[],"[""2025-10-02T18:16:00.000""]","[""2162454"", ""2162455""]","[""FRONT-LEFT-CORNER""]","[""IL""]","[""MERCEDES-BENZ""]","[""STRAIGHT AHEAD""]","[""450 SERIES""]","[""1""]","[""W""]","[""1"", ""2""]","[""BICYCLE"", ""DRIVER""]","[""UNKNOWN""]","[""2061400""]","[""PASSENGER""]","[""PERSONAL""]","[""2017""]",[],[],"[""Y""]",[],[],[],[],[],"[""Y""]",[],[],[],[],[],[],[],"['24', '58']","[""DEPLOYMENT UNKNOWN""]","[""TEST NOT OFFERED""]","[""CHICAGO""]","[""2025-10-02T18:16:00.000""]","[""IMPROPER LANE CHANGE"", ""UNKNOWN""]","[""UNKNOWN""]","[""D""]","[""IL""]","[""UNKNOWN""]","[""REFUSED""]","[""O2162454"", ""O2162455""]","[""BICYCLE"", ""DRIVER""]","[""UNKNOWN""]","[""HELMET NOT USED"", ""USAGE UNKNOWN""]","[""M""]","[""IL""]","[""2061400""]","[""60610"", ""60644""]","[""CFD""]",[],"[""AGAINST TRAFFIC""]","[""IN ROADWAY""]","[""NO CONTRASTING CLOTHING""]",[],2025,10,18,2,False,afternoon,41.89,-87.64,41.89_-87.64,41.0,24,58,OTHER,1
STRAIGHT AND LEVEL,1831,2025-10-02 18:10:00,5,18,10,FA513A6240579311E61D7BBCF9A749B5B4131CEF5BC166D0698166275C6DE1B28187C1EC0A881F0FC6B878136D06CCBD8512EF2D645B5CE50F5FA3CD737E7C70,INJURY AND / OR TOW DUE TO CRASH,"OVER $1,500",NO CONTROLS,REAR END,41.8883148691,DAYLIGHT,-87.636478451,2,30,UNABLE TO DETERMINE,UNKNOWN,UNKNOWN,UNABLE TO DETERMINE,N,333,NO CONTROLS,UNKNOWN,CLEAR,0.0,0.0,0.0,0.0,0.0,1.0,1,2,"[""Y""]",[],"[""Y""]","[""2025-10-02T18:10:00.000""]","[""2162434"", ""2162435""]","[""FRONT"", ""REAR""]","[""IL""]","[""ACURA"", ""TESLA""]","[""STRAIGHT AHEAD""]","[""ADX"", ""MODEL S""]","[""1""]","[""N""]","[""1"", ""2""]","[""DRIVER""]","[""UNKNOWN""]","[""2061352"", ""2061355""]","[""PASSENGER"", ""SPORT UTILITY VEHICLE (SUV)""]","[""UNKNOWN/NA""]","[""2016""]",[],[],"[""Y""]","[""PRIVATE TOW""]","[""Y""]","[""Y""]",[],[],[],[],[],[],[],"[""Y""]","[""Y""]",[],"['30', '48']","[""NOT APPLICABLE""]","[""TEST NOT OFFERED""]","[""CHICAGO"", ""WILMETTE""]","[""2025-10-02T18:10:00.000""]","[""UNKNOWN""]","[""UNKNOWN""]","[""D""]","[""IL""]","[""NONE""]",[],"[""O2162434"", ""O2162435""]","[""DRIVER""]","[""NORMAL""]","[""USAGE UNKNOWN""]","[""M""]","[""IL""]","[""2061352"", ""2061355""]","[""60091"", ""60630""]",[],[],[],[],[],[],2025,10,18,2,False,afternoon,41.89,-87.64,41.89_-87.64,39.0,30,48,OTHER,0
STRAIGHT AND LEVEL,1135,2025-10-02 18:00:00,5,18,10,BAFCC2F9C4A4DF94792336B8EB7C21426C14827E38D7445A11FD5253BE6FFAFC3174098DE16D9B9DC5B5945CE1881B432D85DE3F1547C6F684BAF6847E9354AE,NO INJURY / DRIVE AWAY,"$501 - $1,500",FUNCTIONING PROPERLY,SIDESWIPE SAME DIRECTION,41.8693183197,DAYLIGHT,-87.6862582255,2,30,IMPROPER OVERTAKING/PASSING,NO DEFECTS,DRY,NOT APPLICABLE,S,1000,TRAFFIC SIGNAL,DIVIDED - W/MEDIAN BARRIER,CLEAR,0.0,0.0,0.0,0.0,0.0,1.0,1,2,"[""N""]",[],[],"[""2025-10-02T18:00:00.000""]","[""2162425"", ""2162426""]","[""OTHER"", ""SIDE-LEFT-REAR""]","[""AZ"", ""IL""]","[""GENERAL MOTORS CORPORATION (GMC)"", ""NOVA BUS""]","[""PASSING/OVERTAKING"", ""SLOW/STOP IN TRAFFIC""]","[""OTHER (EXPLAIN IN NARRATIVE)"", ""SAVANNAH""]","[""1"", ""2""]","[""N""]","[""1"", ""2""]","[""DRIVER""]","[""NONE""]","[""2061348"", ""2061360""]","[""BUS OVER 15 PASS."", ""TRUCK - SINGLE UNIT""]","[""CTA"", ""OTHER""]","[""2018"", ""2024""]",[],[],[],[],[],"[""Y""]",[],[],[],[],"[""1""]","[""Y""]",[],[],[],[],"['21', '30']","[""NOT APPLICABLE""]","[""TEST NOT OFFERED""]","[""CHICAGO"", ""NEW BRIGHTON""]","[""2025-10-02T18:00:00.000""]","[""IMPROPER PASSING"", ""NONE""]","[""NOT OBSCURED""]","[""B"", ""D""]","[""IL"", ""MN""]","[""NONE""]",[],"[""O2162425"", ""O2162426"", ""P477226""]","[""DRIVER"", ""PASSENGER""]","[""NORMAL""]","[""SAFETY BELT USED""]","[""F"", ""M""]","[""IL"", ""MN""]","[""2061348"", ""2061360""]","[""55112"", ""60641""]",[],"[""3""]",[],[],[],[],2025,10,18,2,False,afternoon,41.87,-87.69,41.87_-87.69,25.5,21,30,OTHER,0
STRAIGHT AND LEVEL,331,2025-10-02 18:00:00,5,18,10,034450C40AB3ACF005980A0D15E1C21AC5788BF3837552DF08B3068E8656A54B14C9FCA4D7432EE59B242372B598D5CFFF262A46B39FF4ED2DBE212DE118DA52,INJURY AND / OR TOW DUE TO CRASH,"OVER $1,500",FUNCTIONING PROPERLY,SIDESWIPE SAME DIRECTION,41.7814053992,DAYLIGHT,-87.5863354576,2,30,UNABLE TO DETERMINE,NO DEFECTS,DRY,NOT APPLICABLE,S,6251,TRAFFIC SIGNAL,NOT DIVIDED,CLEAR,0.0,0.0,0.0,0.0,0.0,1.0,1,2,"[""Y""]","[""Y""]","[""Y""]","[""2025-10-02T18:00:00.000""]","[""2162463"", ""2162464""]","[""FRONT-RIGHT-CORNER"", ""SIDE-LEFT""]","[""IL""]","[""FORD"", ""HYUNDAI""]","[""CHANGING LANES"", ""STRAIGHT AHEAD""]","[""ESCAPE"", ""KONA""]","[""1"", ""3""]","[""S""]","[""1"", ""2""]","[""DRIVER""]","[""UNKNOWN""]","[""2061377"", ""2061380""]","[""SPORT UTILITY VEHICLE (SUV)""]","[""UNKNOWN/NA""]","[""2018"", ""2021""]","[""Y""]","[""Y""]","[""Y""]",[],[],"[""Y""]",[],"[""Y""]","[""Y""]",[],"[""2""]","[""Y""]",[],"[""Y""]",[],[],"['32', '38']","[""DEPLOYED, COMBINATION"", ""DEPLOYMENT UNKNOWN""]","[""TEST NOT OFFERED""]","[""CHICAGO""]","[""2025-10-02T18:00:00.000""]","[""UNKNOWN""]","[""UNKNOWN""]","[""D""]","[""IL""]","[""UNKNOWN""]","[""COMER CHILDREN'S HOSPITAL"", ""UNIVERSITY OF CHICAGO""]","[""O2162463"", ""O2162464"", ""P477228"", ""P477229""]","[""DRIVER"", ""PASSENGER""]","[""UNKNOWN""]","[""USAGE UNKNOWN""]","[""F"", ""M""]","[""IL""]","[""2061377"", ""2061380""]","[""60620"", ""60649""]","[""CFD""]","[""4"", ""6""]",[],[],[],"[""AMB 22""]",2025,10,18,2,False,afternoon,41.78,-87.59,41.78_-87.59,35.0,32,38,OTHER,1
STRAIGHT AND LEVEL,933,2025-10-02 18:00:00,5,18,10,C4EDA943C05567A86980BFB38462AB5872B705866D35B5B5BF8ED50374DF306E3BC8B1D8437C90881A19C9D7FC8ADD6C43FBA0AC16BA31DC851817C578F692C3,NO INJURY / DRIVE AWAY,"OVER $1,500",NO CONTROLS,PEDALCYCLIST,41.8053634082,DAYLIGHT,-87.658657271,2,30,UNABLE TO DETERMINE,NO DEFECTS,DRY,NOT APPLICABLE,S,4851,NO CONTROLS,ALLEY,CLEAR,0.0,1.0,0.0,0.0,0.0,1.0,2,1,[],[],[],"[""2025-10-02T18:00:00.000""]","[""2162450"", ""2162451""]","[""FRONT-LEFT-CORNER""]","[""IL""]","[""HONDA""]","[""TURNING RIGHT""]","[""CR-V""]","[""1""]","[""S""]","[""1"", ""2""]","[""BICYCLE"", ""DRIVER""]","[""UNKNOWN""]","[""2061366""]","[""SPORT UTILITY VEHICLE (SUV)""]","[""PERSONAL""]","[""2024""]",[],[],"[""Y""]",[],[],[],[],[],[],[],[],[],[],[],[],[],['26'],"[""DID NOT DEPLOY""]","[""TEST NOT OFFERED""]","[""CHICAGO""]","[""2025-10-02T18:00:00.000""]","[""NONE"", ""UNKNOWN""]","[""NOT OBSCURED"", ""UNKNOWN""]","[""D""]","[""IL""]","[""NONE""]",[],"[""O2162450"", ""O2162451""]","[""BICYCLE"", ""DRIVER""]","[""NORMAL"", ""UNKNOWN""]","[""HELMET NOT USED"", ""USAGE UNKNOWN""]","[""M""]","[""IL""]","[""2061366""]","[""60609""]",[],[],"[""UNKNOWN/NA""]","[""IN ROADWAY""]","[""NO CONTRASTING CLOTHING""]",[],2025,10,18,2,False,afternoon,41.81,-87.66,41.81_-87.66,26.0,26,26,OTHER,0
STRAIGHT AND LEVEL,2515,2025-10-02 17:58:00,5,17,10,904FE0BBBC33E825735C07E02588EFBE3D38013539C2DAB522DAD100AACDCEA085D8E335CCA620F9595EC8EF2C76EB134094BC2651DF4E8661421624EFE15737,NO INJURY / DRIVE AWAY,"OVER $1,500",NO CONTROLS,PARKED MOTOR VEHICLE,41.925721951,DAYLIGHT,-87.7638897244,2,30,DRIVING ON WRONG SIDE/WRONG WAY,NO DEFECTS,DRY,NOT APPLICABLE,W,5507,NO CONTROLS,ONE-WAY,CLEAR,0.0,1.0,0.0,0.0,0.0,1.0,2,0,"[""Y""]","[""Y""]","[""Y""]","[""2025-10-02T17:58:00.000""]","[""2162444"", ""2162445""]","[""FRONT-LEFT-CORNER"", ""REAR-RIGHT-CORNER""]","[""IL""]","[""FORD"", ""HONDA""]","[""PARKED"", ""STRAIGHT AHEAD""]","[""CR-V"", ""FOCUS""]","[""0"", ""1""]","[""UNKNOWN"", ""W""]","[""1"", ""2""]","[""DRIVER"", ""PARKED""]","[""NONE"", ""UNKNOWN""]","[""2061358"", ""2061359""]","[""PASSENGER""]","[""PERSONAL"", ""UNKNOWN/NA""]","[""2013""]","[""Y""]","[""Y""]",[],[],[],[],[],[],[],[],[],[],[],"[""Y""]",[],[],[],"[""DEPLOYMENT UNKNOWN""]","[""TEST NOT OFFERED""]",[],"[""2025-10-02T17:58:00.000""]","[""WRONG WAY/SIDE""]","[""UNKNOWN""]",[],[],"[""NONE""]",[],"[""O2162444""]","[""DRIVER""]","[""UNKNOWN""]","[""USAGE UNKNOWN""]","[""M""]",[],"[""2061358""]",[],[],[],[],[],[],[],2025,10,17,2,False,afternoon,41.93,-87.76,41.93_-87.76,0.0,0,0,OTHER,0
STRAIGHT AND LEVEL,1831,2025-10-02 17:50:00,5,17,10,D93431E20BB56B5B8374C9516A17E309A3B93B988020DEF7C1B51A296FCFF3579AF2E09CC0738E99B6E1F978490DA454FD7ECA7734ED67C0AB0C9F2D17275E8C,INJURY AND / OR TOW DUE TO CRASH,$500 OR LESS,FUNCTIONING PROPERLY,PEDESTRIAN,41.8932778164,DAYLIGHT,-87.635764254,2,30,FAILING TO YIELD RIGHT-OF-WAY,NO DEFECTS,DRY,FAILING TO REDUCE SPEED TO AVOID CRASH,N,632,TRAFFIC SIGNAL,FOUR WAY,CLEAR,0.0,0.0,1.0,0.0,0.0,1.0,2,2,"[""N""]",[],[],"[""2025-10-02T17:50:00.000""]","[""2164475"", ""2164476""]","[""FRONT-RIGHT-CORNER""]","[""IL""]","[""CHEVROLET""]","[""TURNING ON RED""]","[""OTHER (EXPLAIN IN NARRATIVE)""]","[""1""]","[""SW""]","[""1"", ""2""]","[""DRIVER"", ""PEDESTRIAN""]","[""NONE""]","[""2063295""]","[""PASSENGER""]","[""UNKNOWN/NA""]","[""2024""]",[],[],[],[],[],[],[],[],[],[],[],[],[],[],[],[],"['25', '53']","[""DID NOT DEPLOY""]","[""TEST NOT OFFERED""]","[""CHICAGO"", ""HILLSIDE""]","[""2025-10-02T17:50:00.000""]","[""FAILED TO YIELD"", ""NONE""]","[""NOT OBSCURED"", ""UNKNOWN""]","[""D""]","[""IL""]","[""NONE""]",[],"[""O2164475"", ""O2164476""]","[""DRIVER"", ""PEDESTRIAN""]","[""UNKNOWN""]","[""NONE PRESENT"", ""USAGE UNKNOWN""]","[""F""]","[""IL""]","[""2063295""]","[""60192"", ""60654""]",[],[],"[""CROSSING - WITH SIGNAL""]","[""IN CROSSWALK""]","[""NO CONTRASTING CLOTHING""]",[],2025,10,17,2,False,afternoon,41.89,-87.64,41.89_-87.64,39.0,25,53,FAILURE-TO-YIELD,1