alignment,beat_of_occurrence,crash_date,crash_day_of_week,crash_hour,crash_month,crash_record_id,crash_type,damage,device_condition,first_crash_type,latitude,lighting_condition,longitude,num_units,posted_speed_limit,prim_contributory_cause,road_defect,roadway_surface_cond,sec_contributory_cause,street_direction,street_no,traffic_control_device,trafficway_type,weather_condition,private_property_i,hit_and_run_i,intersection_related_i,crash_date_est_i,work_zone_i,workers_present_i,veh_count,ppl_count,veh_area_01_i_list_json,veh_area_02_i_list_json,veh_area_12_i_list_json,veh_crash_date_list_json,veh_crash_unit_id_list_json,veh_first_contact_point_list_json,veh_lic_plate_state_list_json,veh_make_list_json,veh_maneuver_list_json,veh_model_list_json,veh_occupant_cnt_list_json,veh_travel_direction_list_json,veh_unit_no_list_json,veh_unit_type_list_json,veh_vehicle_defect_list_json,veh_vehicle_id_list_json,veh_vehicle_type_list_json,veh_vehicle_use_list_json,veh_vehicle_year_list_json,veh_area_03_i_list_json,veh_area_04_i_list_json,veh_area_11_i_list_json,veh_towed_by_list_json,veh_towed_i_list_json,veh_area_07_i_list_json,veh_area_99_i_list_json,veh_area_09_i_list_json,veh_area_10_i_list_json,veh_cmrc_veh_i_list_json,veh_num_passengers_list_json,veh_area_08_i_list_json,veh_area_00_i_list_json,veh_area_05_i_list_json,veh_area_06_i_list_json,veh_towed_to_list_json,ppl_age_list_json,ppl_airbag_deployed_list_json,ppl_bac_result_list_json,ppl_city_list_json,ppl_crash_date_list_json,ppl_driver_action_list_json,ppl_driver_vision_list_json,ppl_drivers_license_class_list_json,ppl_drivers_license_state_list_json,ppl_ejection_list_json,ppl_hospital_list_json,ppl_person_id_list_json,ppl_person_type_list_json,ppl_physical_condition_list_json,ppl_safety_equipment_list_json,ppl_sex_list_json,ppl_state_list_json,ppl_vehicle_id_list_json,ppl_zipcode_list_json,ppl_ems_agency_list_json,ppl_seat_no_list_json,ppl_pedpedal_action_list_json,ppl_pedpedal_location_list_json,ppl_pedpedal_visibility_list_json,ppl_ems_run_no_list_json,year,month,hour,day,is_weekend,hour_bin,lat_bin,lng_bin,grid_id,ppl_age_mean,ppl_age_min,ppl_age_max,prim_contributory_cause_group,ksi_flag
STRAIGHT AND LEVEL,634,2025-10-02 17:40:00,5,17,10,CA131966FE055DC079E99E078E13B41FE8E5D046C8CA239436E9B1E24605C82D5E9216F56F6BBDC36BBE000835A3B05BE0C8AD5972CE1990579F8BFAB8A6A452,NO INJURY / DRIVE AWAY,"OVER $1,500",FUNCTIONING PROPERLY,SIDESWIPE SAME DIRECTION,41.7361651101,UNKNOWN,-87.625587569,2,30,IMPROPER TURNING/NO SIGNAL,UNKNOWN,UNKNOWN,NOT APPLICABLE,S,8700,TRAFFIC SIGNAL,DIVIDED - W/MEDIAN (NOT RAISED),CLEAR,0.0,0.0,0.0,0.0,0.0,1.0,1,0,[],[],[],"[""2025-10-02T17:40:00.000""]","[""2164921"", ""2164922""]","[""FRONT-RIGHT-CORNER"", ""REAR-RIGHT-CORNER""]","[""IL""]","[""JEEP"", ""KIA""]","[""MERGING"", ""STRAIGHT AHEAD""]","[""GRAND CHEROKEE"", ""SELTOS""]","[""1""]","[""W""]","[""1"", ""2""]","[""DRIVER""]","[""UNKNOWN""]","[""2063738"", ""2063752""]","[""PASSENGER"", ""UNKNOWN/NA""]","[""PERSONAL"", ""UNKNOWN/NA""]","[""2020"", ""2022""]",[],[],"[""Y""]",[],[],"[""Y""]",[],[],[],[],[],"[""N""]",[],[],[],[],[],"[""DEPLOYMENT UNKNOWN"", ""DID NOT DEPLOY""]","[""TEST NOT OFFERED""]","[""YORKVILLE""]","[""2025-10-02T17:40:00.000""]","[""NONE"", ""UNKNOWN""]","[""NOT OBSCURED"", ""UNKNOWN""]",[],[],"[""NONE""]",[],"[""O2164921"", ""O2164922""]","[""DRIVER""]","[""NORMAL"", ""UNKNOWN""]","[""USAGE UNKNOWN""]","[""F""]","[""IL""]","[""2063738"", ""2063752""]","[""60560""]",[],[],[],[],[],[],2025,10,17,2,False,afternoon,41.74,-87.63,41.74_-87.63,0.0,0,0,OTHER,0
STRAIGHT AND LEVEL,1413,2025-10-02 17:40:00,5,17,10,BB96F7B9B960BEC1F7D8CD82D51B79315764C45B0CC2CC3CF80640531F370B10044A6CD4E66E933AB3091915C8C217C811A3A08E54C72E3579A7732D7999135E,INJURY AND / OR TOW DUE TO CRASH,"OVER $1,500",NO CONTROLS,PEDALCYCLIST,41.9264163239,DAYLIGHT,-87.7085887115,3,25,UNABLE TO DETERMINE,UNKNOWN,DRY,NOT APPLICABLE,W,3225,NO CONTROLS,ONE-WAY,CLEAR,0.0,0.0,0.0,0.0,0.0,1.0,2,3,[],[],[],"[""2025-10-02T17:40:00.000""]","[""2162429"", ""2162430"", ""2162431""]","[""REAR-RIGHT-CORNER""]","[""IL""]","[""MAZDA""]","[""STRAIGHT AHEAD""]","[""OTHER (EXPLAIN IN NARRATIVE)""]","[""1""]","[""N""]","[""1"", ""2"", ""3""]","[""BICYCLE"", ""DRIVER""]","[""UNKNOWN""]","[""2061382""]","[""PASSENGER""]","[""PERSONAL""]","[""2009""]",[],[],[],[],[],[],[],[],[],[],[],[],[],"[""Y""]",[],[],"['20', '3', '38']","[""NOT APPLICABLE""]","[""TEST NOT OFFERED""]","[""CHICAGO""]","[""2025-10-02T17:40:00.000""]","[""NONE"", ""OTHER"", ""WRONG WAY/SIDE""]","[""UNKNOWN""]",[],[],"[""NONE""]","[""LAURIE'S"", ""NORTHWESTERN""]","[""O2162429"", ""O2162430"", ""O2162431""]","[""BICYCLE"", ""DRIVER""]","[""NORMAL""]","[""BICYCLE HELMET (PEDACYCLIST INVOLVED ONLY)"", ""USAGE UNKNOWN""]","[""F"", ""M""]","[""IL""]","[""2061382""]","[""60625"", ""60647""]",[],[],"[""AGAINST TRAFFIC""]","[""IN ROADWAY""]","[""CONTRASTING CLOTHING""]",[],2025,10,17,2,False,afternoon,41.93,-87.71,41.93_-87.71,20.333333333333332,3,38,OTHER,1
STRAIGHT AND LEVEL,1813,2025-10-02 17:37:00,5,17,10,9ABFEB476067C158C9F1A107BD9D15B39A88AA66357D24B131135B1B136FAFA913361BD9D8891F87EECE8C3F84AFBA7F3E830B0F80C8B977687751094FA0A2CA,NO INJURY / DRIVE AWAY,"OVER $1,500",FUNCTIONING PROPERLY,TURNING,41.9111312353,DAYLIGHT,-87.643384073,2,30,IMPROPER TURNING/NO SIGNAL,NO DEFECTS,DRY,UNABLE TO DETERMINE,W,574,TRAFFIC SIGNAL,DIVIDED - W/MEDIAN (NOT RAISED),CLEAR,0.0,0.0,0.0,0.0,0.0,1.0,1,2,"[""N"", ""Y""]","[""Y""]","[""N"", ""Y""]","[""2025-10-02T17:37:00.000""]","[""2162452"", ""2162453""]","[""FRONT"", ""SIDE-LEFT""]","[""IL"", ""PA""]","[""TOYOTA"", ""VOLKSWAGEN""]","[""STRAIGHT AHEAD"", ""U-TURN""]","[""OTHER (EXPLAIN IN NARRATIVE)""]","[""1""]","[""W""]","[""1"", ""2""]","[""DRIVER""]","[""NONE""]","[""2061364"", ""2061369""]","[""PASSENGER""]","[""PERSONAL""]","[""2012"", ""2015""]",[],[],"[""Y""]",[],[],[],[],"[""Y""]","[""Y""]",[],[],"[""Y""]",[],[],[],[],"['25', '29']","[""DID NOT DEPLOY"", ""NOT APPLICABLE""]","[""TEST NOT OFFERED""]","[""MECHANICSBURG"", ""SKOKIE""]","[""2025-10-02T17:37:00.000""]","[""IMPROPER TURN"", ""NONE""]","[""NOT OBSCURED"", ""UNKNOWN""]","[""D""]","[""IL"", ""PA""]","[""NONE"", ""UNKNOWN""]",[],"[""O2162452"", ""O2162453""]","[""DRIVER""]","[""NORMAL""]","[""SAFETY BELT USED"", ""USAGE UNKNOWN""]","[""M""]","[""IL"", ""PA""]","[""2061364"", ""2061369""]","[""17055"", ""60076""]",[],[],[],[],[],[],2025,10,17,2,False,afternoon,41.91,-87.64,41.91_-87.64,27.0,25,29,OTHER,0
STRAIGHT AND LEVEL,1624,2025-10-02 17:30:00,5,17,10,BC6F866C9D0795C7C4DCFB102B72D439C12054A45E0F532C6F252AB94551AF1F5E371853747FBAA3213F34EA9B3A952287BC9D6C285DF0970663EDB80052488B,NO INJURY / DRIVE AWAY,"OVER $1,500",FUNCTIONING PROPERLY,SIDESWIPE SAME DIRECTION,41.9603739855,DAYLIGHT,-87.767302076,2,30,UNABLE TO DETERMINE,NO DEFECTS,DRY,NOT APPLICABLE,W,5601,TRAFFIC SIGNAL,DIVIDED - W/MEDIAN (NOT RAISED),CLEAR,0.0,0.0,1.0,0.0,0.0,1.0,1,2,[],[],[],"[""2025-10-02T17:30:00.000""]","[""2162381"", ""2162382""]","[""SIDE-LEFT"", ""SIDE-RIGHT""]","[""IL""]","[""FORD"", ""TOYOTA""]","[""STRAIGHT AHEAD""]","[""COROLLA"", ""OTHER (EXPLAIN IN NARRATIVE)""]","[""1""]","[""E""]","[""1"", ""2""]","[""DRIVER""]","[""NONE""]","[""2061316"", ""2061325""]","[""PASSENGER""]","[""PERSONAL""]","[""2014"", ""2023""]",[],"[""Y""]",[],[],[],[],[],[],[],[],[],"[""Y""]",[],[],[],[],"['30', '46']","[""NOT APPLICABLE""]","[""TEST NOT OFFERED""]","[""CHICAGO""]","[""2025-10-02T17:30:00.000""]","[""IMPROPER PASSING"", ""NONE""]","[""NOT OBSCURED""]","[""D""]","[""IL""]","[""NONE""]",[],"[""O2162381"", ""O2162382""]","[""DRIVER""]","[""NORMAL""]","[""SAFETY BELT USED"", ""USAGE UNKNOWN""]","[""M""]","[""IL""]","[""2061316"", ""2061325""]","[""60630""]",[],[],[],[],[],[],2025,10,17,2,False,afternoon,41.96,-87.77,41.96_-87.77,38.0,30,46,OTHER,0
STRAIGHT AND LEVEL,511,2025-10-02 17:30:00,5,17,10,9661A71D0A99A4736CA1AEE21CC884E463A5F2FC58A3232CE3C988DF3C5BD07BD72EC6978408EB0CB13B971C3DD21D24E2DE1BA66BC91B6D97B568C16A5DC31E,INJURY AND / OR TOW DUE TO CRASH,"OVER $1,500",NO CONTROLS,FIXED OBJECT,41.7094933178,DAYLIGHT,-87.6197505922,1,30,UNABLE TO DETERMINE,NO DEFECTS,DRY,NOT APPLICABLE,S,10145,NO CONTROLS,NOT DIVIDED,CLEAR,0.0,0.0,0.0,0.0,0.0,1.0,1,1,"[""Y""]",[],"[""Y""]","[""2025-10-02T17:30:00.000""]","[""2162358""]","[""FRONT""]","[""IL""]","[""TOYOTA""]","[""STRAIGHT AHEAD""]","[""CAMRY""]","[""1""]","[""N""]","[""1""]","[""DRIVER""]","[""NONE""]","[""2061276""]","[""PASSENGER""]","[""PERSONAL""]","[""2017""]",[],[],"[""Y""]","[""E&R TOWING""]","[""Y""]",[],[],[],[],[],[],[],[],[],[],"[""POUND #2""]",['57'],"[""DEPLOYED, COMBINATION""]","[""TEST NOT OFFERED""]","[""CHICAGO""]","[""2025-10-02T17:30:00.000""]","[""UNKNOWN""]","[""NOT OBSCURED""]","[""D""]","[""IL""]","[""NONE""]",[],"[""O2162358""]","[""DRIVER""]","[""NORMAL""]","[""USAGE UNKNOWN""]","[""M""]","[""IL""]","[""2061276""]","[""60643""]","[""CFD 93""]",[],[],[],[],[],2025,10,17,2,False,afternoon,41.71,-87.62,41.71_-87.62,57.0,57,57,OTHER,0
STRAIGHT AND LEVEL,915,2025-10-02 17:28:00,5,17,10,1C231B2BD645189D02E9DA0FEE305DDFC22C4B9DB5572E2783AF20612D5A2A2E6F91B81AFF510CD99F5C9E72EFEFF99B993FCBF725B7B72DD37B3EB6FAF80783,INJURY AND / OR TOW DUE TO CRASH,"OVER $1,500",NO CONTROLS,PARKED MOTOR VEHICLE,41.8295773748,DAYLIGHT,-87.6481047466,2,30,UNABLE TO DETERMINE,NO DEFECTS,DRY,NOT APPLICABLE,W,909,NO CONTROLS,ONE-WAY,CLEAR,0.0,1.0,0.0,0.0,0.0,1.0,2,0,[],"[""Y""]",[],"[""2025-10-02T17:28:00.000""]","[""2162408"", ""2162409""]","[""FRONT"", ""REAR""]","[""IL""]","[""HYUNDAI"", ""TOYOTA""]","[""PARKED"", ""STRAIGHT AHEAD""]","[""COROLLA"", ""OTHER (EXPLAIN IN NARRATIVE)""]","[""0"", ""1""]","[""W""]","[""1"", ""2""]","[""DRIVER"", ""PARKED""]","[""NONE""]","[""2061330"", ""2061334""]","[""PASSENGER""]","[""NOT IN USE"", ""PERSONAL""]","[""1996""]","[""Y""]","[""Y""]",[],"[""PRIVATE TOW""]","[""Y""]","[""Y""]","[""Y""]",[],[],[],[],[],[],"[""Y""]","[""Y""]",[],[],"[""DEPLOYMENT UNKNOWN""]","[""TEST NOT OFFERED""]",[],"[""2025-10-02T17:28:00.000""]","[""UNKNOWN""]","[""UNKNOWN""]",[],[],"[""NONE""]",[],"[""O2162408""]","[""DRIVER""]","[""UNKNOWN""]","[""USAGE UNKNOWN""]","[""F""]",[],"[""2061330""]",[],[],[],[],[],[],[],2025,10,17,2,False,afternoon,41.83,-87.65,41.83_-87.65,0.0,0,0,OTHER,0
STRAIGHT AND LEVEL,1811,2025-10-02 17:26:00,5,17,10,72D33C2A4A1F049318C97BB07D19C4ACF1BD7C2FFC5DCD6194BE300E840BB9E54D50BF94F8A59AB3512C374677E07EBD26F7D28699927658A13D108739108B86,NO INJURY / DRIVE AWAY,"$501 - $1,500",NO CONTROLS,TURNING,41.9165502983,DAYLIGHT,-87.6571654807,2,30,IMPROPER OVERTAKING/PASSING,NO DEFECTS,DRY,DRIVING ON WRONG SIDE/WRONG WAY,N,1953,NO CONTROLS,NOT DIVIDED,CLEAR,0.0,1.0,0.0,0.0,0.0,1.0,1,4,"[""Y""]",[],"[""Y""]","[""2025-10-02T17:26:00.000""]","[""2162361"", ""2162362""]","[""FRONT"", ""FRONT-LEFT-CORNER""]","[""IL""]","[""FORD"", ""HONDA""]","[""STRAIGHT AHEAD"", ""TURNING LEFT""]","[""ACCORD"", ""ESCAPE""]","[""1"", ""4""]","[""N""]","[""1"", ""2""]","[""DRIVER""]","[""NONE"", ""UNKNOWN""]","[""2061281"", ""2061284""]","[""SPORT UTILITY VEHICLE (SUV)"", ""UNKNOWN/NA""]","[""PERSONAL"", ""UNKNOWN/NA""]","[""2010"", ""2018""]",[],[],"[""Y""]",[],[],[],[],[],[],[],"[""3""]",[],[],[],[],[],"['1', '29', '32', '5']","[""DEPLOYMENT UNKNOWN"", ""NOT APPLICABLE""]","[""TEST NOT OFFERED""]","[""CHICAGO""]","[""2025-10-02T17:26:00.000""]","[""IMPROPER PASSING"", ""NONE""]","[""NOT OBSCURED"", ""UNKNOWN""]","[""D""]","[""IL"", ""XX""]","[""NONE""]",[],"[""O2162361"", ""O2162362"", ""P477194"", ""P477195"", ""P477197""]","[""DRIVER"", ""PASSENGER""]","[""NORMAL"", ""UNKNOWN""]","[""CHILD RESTRAINT - REAR FACING"", ""SAFETY BELT USED"", ""USAGE UNKNOWN""]","[""F"", ""M""]","[""IL""]","[""2061281"", ""2061284""]","[""60642"", ""60659""]",[],"[""3"", ""4"", ""6""]",[],[],[],[],2025,10,17,2,False,afternoon,41.92,-87.66,41.92_-87.66,16.75,1,32,OTHER,0
STRAIGHT AND LEVEL,1523,2025-10-02 17:25:00,5,17,10,EF12126013672B110212B2EAAEEBC71D954E10B2D7C2A3EEF3256FA5558FCEE3B8E27C41F04915941FFAC081083632C68F0244CF19865584D3102BB777AC2BAF,NO INJURY / DRIVE AWAY,"OVER $1,500",FUNCTIONING PROPERLY,ANGLE,41.8823752068,DAYLIGHT,-87.7633422885,2,30,FAILING TO YIELD RIGHT-OF-WAY,NO DEFECTS,DRY,UNABLE TO DETERMINE,W,5500,STOP SIGN/FLASHER,FOUR WAY,CLEAR,0.0,1.0,1.0,0.0,0.0,1.0,1,1,[],[],[],"[""2025-10-02T17:25:00.000""]","[""2164469"", ""2164470""]","[""FRONT"", ""SIDE-LEFT""]","[""IL""]","[""MERCEDES-BENZ"", ""UNKNOWN""]","[""STRAIGHT AHEAD""]","[""OTHER (EXPLAIN IN NARRATIVE)""]","[""1"", ""3""]","[""N"", ""W""]","[""1"", ""2""]","[""DRIVER""]","[""NONE"", ""UNKNOWN""]","[""2063289"", ""2063291""]","[""PASSENGER"", ""UNKNOWN/NA""]","[""PERSONAL""]","[""2013""]",[],[],[],[],[],"[""Y""]","[""Y""]","[""Y""]","[""Y""]",[],"[""2""]","[""Y""]",[],[],[],[],['59'],"[""DEPLOYMENT UNKNOWN"", ""DID NOT DEPLOY""]","[""TEST NOT OFFERED""]","[""CHICAGO""]","[""2025-10-02T17:25:00.000""]","[""FAILED TO YIELD"", ""NONE""]","[""NOT OBSCURED"", ""UNKNOWN""]","[""D""]","[""IL""]","[""NONE""]","[""DECLINED""]","[""O2164469"", ""O2164470"", ""P477696"", ""P477697""]","[""DRIVER"", ""PASSENGER""]","[""NORMAL"", ""UNKNOWN""]","[""SAFETY BELT USED"", ""USAGE UNKNOWN""]","[""F"", ""M""]","[""IL""]","[""2063289"", ""2063291""]","[""60644""]",[],"[""3"", ""4""]",[],[],[],[],2025,10,17,2,False,afternoon,41.88,-87.76,41.88_-87.76,59.0,59,59,FAILURE-TO-YIELD,0
STRAIGHT AND LEVEL,1434,2025-10-02 17:25:00,5,17,10,B48CADA61B3ABC5C8C0899A1D4D28CEEBDF70E71642CF2BB28F73B7C579CBE301429E1D7A197A8DECCA6D8F62664D9C53619594E19C24285C99793EAF8DFB368,INJURY AND / OR TOW DUE TO CRASH,"OVER $1,500",OTHER,ANGLE,41.9104486356,DAYLIGHT,-87.68593864,4,30,FAILING TO YIELD RIGHT-OF-WAY,NO DEFECTS,DRY,UNABLE TO DETERMINE,W,2328,OTHER,UNKNOWN INTERSECTION TYPE,CLEAR,0.0,0.0,1.0,0.0,0.0,1.0,1,4,"[""Y""]",[],"[""Y""]","[""2025-10-02T17:25:00.000""]","[""2162465"", ""2162466"", ""2162467"", ""2162468""]","[""FRONT"", ""FRONT-LEFT-CORNER"", ""SIDE-LEFT"", ""SIDE-LEFT-REAR""]","[""IL"", ""WI""]","[""ALFA ROMEO"", ""BMW"", ""JEEP"", ""TOYOTA""]","[""STRAIGHT AHEAD""]","[""CHEROKEE"", ""GIULIA (SERIES)"", ""X3"", ""YARIS""]","[""1""]","[""E"", ""S"", ""W""]","[""1"", ""2"", ""3"", ""4""]","[""DRIVER""]","[""UNKNOWN""]","[""2061383"", ""2061394"", ""2061401"", ""2061415""]","[""PASSENGER"", ""SPORT UTILITY VEHICLE (SUV)""]","[""PERSONAL""]","[""2007"", ""2020"", ""2022""]",[],[],"[""Y""]",[],[],"[""Y""]",[],"[""Y""]","[""Y""]",[],[],"[""Y""]",[],[],[],[],"['27', '32', '36', '43']","[""DEPLOYMENT UNKNOWN"", ""DID NOT DEPLOY""]","[""TEST NOT OFFERED""]","[""CHICAGO"", ""MADISON""]","[""2025-10-02T17:25:00.000""]","[""FAILED TO YIELD"", ""NONE"", ""UNKNOWN""]","[""NOT OBSCURED"", ""UNKNOWN""]","[""D""]","[""IL"", ""WI""]","[""NONE""]","[""ST MARY'S HOSPITAL""]","[""O2162465"", ""O2162466"", ""O2162467"", ""O2162468""]","[""DRIVER""]","[""NORMAL""]","[""USAGE UNKNOWN""]","[""F"", ""M""]","[""IL"", ""WI""]","[""2061383"", ""2061394"", ""2061401"", ""2061415""]","[""53716"", ""60632"", ""60647""]","[""CFD AMB3"", ""CFD AMB44""]",[],[],[],[],[],2025,10,17,2,False,afternoon,41.91,-87.69,41.91_-87.69,34.5,27,43,FAILURE-TO-YIELD,1
STRAIGHT AND LEVEL,1713,2025-10-02 17:25:00,5,17,10,6BD93DB773B6D4766DBF4BAA04E736CF1D4B4B56A79D506704DD6447EDA01430E1264FA3EF8BC4B6676BCC98006BF2D0D469C9F7365858EBC113E1EA42EDA2CA,NO INJURY / DRIVE AWAY,"OVER $1,500",NO CONTROLS,PARKED MOTOR VEHICLE,41.9664038233,"DARKNESS, LIGHTED ROAD",-87.7107117078,2,30,UNABLE TO DETERMINE,NO DEFECTS,DRY,UNABLE TO DETERMINE,N,4661,NO CONTROLS,UNKNOWN,CLEAR,0.0,0.0,0.0,0.0,0.0,1.0,2,1,"[""Y""]",[],[],"[""2025-10-02T17:25:00.000""]","[""2162507"", ""2162508""]","[""FRONT-RIGHT-CORNER"", ""SIDE-LEFT""]","[""IL""]","[""FORD"", ""JEEP""]","[""PARKED"", ""STRAIGHT AHEAD""]","[""EXPLORER"", ""GRAND CHEROKEE""]","[""0"", ""1""]","[""S""]","[""1"", ""2""]","[""DRIVER"", ""PARKED""]","[""NONE"", ""UNKNOWN""]","[""2061425"", ""2061428""]","[""SPORT UTILITY VEHICLE (SUV)""]","[""PERSONAL""]","[""2008"", ""2015""]",[],[],[],[],[],[],[],"[""Y""]","[""Y""]",[],[],"[""Y""]",[],[],[],[],['31'],"[""NOT APPLICABLE""]","[""TEST NOT OFFERED""]","[""CICERO""]","[""2025-10-02T17:25:00.000""]","[""UNKNOWN""]","[""UNKNOWN""]","[""D""]","[""IL""]","[""NONE""]","[""DNA""]","[""O2162507""]","[""DRIVER""]","[""UNKNOWN""]","[""SAFETY BELT USED""]","[""M""]","[""IL""]","[""2061425""]","[""60804""]","[""DNA""]",[],[],[],[],[],2025,10,17,2,False,afternoon,41.97,-87.71,41.97_-87.71,31.0,31,31,OTHER,0
STRAIGHT AND LEVEL,512,2025-10-02 17:20:00,5,17,10,DC6D0F66414114B7459790F6DABBF8152089726A6E7A4F325B362266678DA02B3B360C5664DACDC947D0EC26D1A7CE2CFC1DF055C78718D4DA402725EC9088BD,NO INJURY / DRIVE AWAY,"OVER $1,500",NO CONTROLS,TURNING,41.7071821754,DAYLIGHT,-87.6203614922,2,25,IMPROPER TURNING/NO SIGNAL,NO DEFECTS,DRY,NOT APPLICABLE,S,10300,NO CONTROLS,OTHER,CLEAR,0.0,0.0,0.0,0.0,0.0,1.0,1,2,[],[],[],"[""2025-10-02T17:20:00.000""]","[""2162417"", ""2162418""]","[""SIDE-LEFT-FRONT"", ""SIDE-RIGHT""]","[""IL""]","[""CHEVROLET"", ""TOYOTA""]","[""TURNING RIGHT""]","[""EQUINOX"", ""HIGHLANDER""]","[""1""]","[""N"", ""W""]","[""1"", ""2""]","[""DRIVER""]","[""UNKNOWN""]","[""2061338"", ""2061347""]","[""PASSENGER""]","[""PERSONAL""]","[""2011"", ""2018""]","[""Y""]",[],"[""Y""]",[],[],[],"[""Y""]",[],[],[],[],[],[],[],[],[],"['30', '44']","[""NOT APPLICABLE""]","[""TEST NOT OFFERED""]","[""CHICAGO"", ""SOTH HOLLAND""]","[""2025-10-02T17:20:00.000""]","[""FAILED TO YIELD"", ""NONE""]","[""UNKNOWN""]","[""D""]","[""IL""]","[""NONE"", ""UNKNOWN""]",[],"[""O2162417"", ""O2162418""]","[""DRIVER""]","[""UNKNOWN""]","[""USAGE UNKNOWN""]","[""F"", ""M""]","[""IL""]","[""2061338"", ""2061347""]","[""60473"", ""60628""]",[],[],[],[],[],[],2025,10,17,2,False,afternoon,41.71,-87.62,41.71_-87.62,37.0,30,44,OTHER,0
STRAIGHT AND LEVEL,2511,2025-10-02 17:18:00,5,17,10,AE523289C6939919510D3DF350AA1B9A2C250B9606B9627F62B8661CF977C7BDE8BE62562801FFABC8EB91E0C0823F1FB56FE2AFB5B2306AF7BFDD54735AF6EE,NO INJURY / DRIVE AWAY,$500 OR LESS,NO CONTROLS,SIDESWIPE SAME DIRECTION,41.9378481188,DAYLIGHT,-87.8152337032,2,30,UNABLE TO DETERMINE,UNKNOWN,DRY,NOT APPLICABLE,W,7529,NO CONTROLS,DIVIDED - W/MEDIAN (NOT RAISED),CLEAR,0.0,0.0,0.0,0.0,0.0,1.0,1,2,"[""Y""]","[""Y""]",[],"[""2025-10-02T17:18:00.000""]","[""2162391"", ""2162392""]","[""FRONT-RIGHT-CORNER"", ""SIDE-LEFT-FRONT""]","[""IL""]","[""CADILLAC"", ""DODGE""]","[""CHANGING LANES"", ""PASSING/OVERTAKING""]","[""CHALLENGER"", ""CT5""]","[""1""]","[""E""]","[""1"", ""2""]","[""DRIVER""]","[""UNKNOWN""]","[""2061311"", ""2061322""]","[""PASSENGER""]","[""PERSONAL""]","[""2017"", ""2020""]",[],[],"[""Y""]",[],[],[],[],[],"[""Y""]",[],[],[],[],[],[],[],"['27', '44']","[""NOT APPLICABLE""]","[""TEST NOT OFFERED""]","[""CHICAGO""]","[""2025-10-02T17:18:00.000""]","[""IMPROPER PASSING"", ""OTHER""]","[""UNKNOWN""]","[""D""]","[""IL""]","[""NONE""]",[],"[""O2162391"", ""O2162392""]","[""DRIVER""]","[""NORMAL""]","[""USAGE UNKNOWN""]","[""F"", ""M""]","[""IL""]","[""2061311"", ""2061322""]","[""60639"", ""60707""]",[],[],[],[],[],[],2025,10,17,2,False,afternoon,41.94,-87.82,41.94_-87.82,35.5,27,44,OTHER,0
STRAIGHT AND LEVEL,1222,2025-10-02 17:16:00,5,17,10,8F5619C3A1E5C9A90A37B9CC8AAD250FC3205647C1B48EFD89E7112E9F63839F785FC9FAB0677EC25D1671160EAEFF09F59CAAE72835C3BFE2B4C8760D495385,INJURY AND / OR TOW DUE TO CRASH,"OVER $1,500",NO CONTROLS,FIXED OBJECT,41.8820202951,DAWN,-87.6886534077,1,30,NOT APPLICABLE,NO DEFECTS,DRY,NOT APPLICABLE,N,28,STOP SIGN/FLASHER,FOUR WAY,CLEAR,1.0,0.0,0.0,0.0,0.0,1.0,1,0,"[""Y""]","[""Y""]","[""Y""]","[""2025-10-02T17:16:00.000""]","[""2162401""]","[""TOTAL (ALL AREAS)""]","[""IL""]","[""HYUNDAI""]","[""UNKNOWN/NA""]","[""SONATA""]","[""1""]","[""S""]","[""1""]","[""DRIVER""]","[""UNKNOWN""]","[""2061333""]","[""UNKNOWN/NA""]","[""UNKNOWN/NA""]","[""2014""]","[""Y""]","[""Y""]","[""Y""]","[""Chicago Tow""]","[""Y""]","[""Y""]",[],"[""Y""]","[""Y""]",[],[],"[""Y""]",[],"[""Y""]","[""Y""]",[],[],"[""DEPLOYMENT UNKNOWN""]","[""TEST NOT OFFERED""]",[],"[""2025-10-02T17:16:00.000""]","[""TOO FAST FOR CONDITIONS""]","[""UNKNOWN""]",[],[],"[""UNKNOWN""]",[],"[""O2162401""]","[""DRIVER""]","[""UNKNOWN""]","[""USAGE UNKNOWN""]","[""X""]",[],"[""2061333""]",[],[],[],[],[],[],[],2025,10,17,2,False,afternoon,41.88,-87.69,41.88_-87.69,0.0,0,0,OTHER,0