alignment,beat_of_occurrence,crash_date,crash_day_of_week,crash_hour,crash_month,crash_record_id,crash_type,damage,device_condition,first_crash_type,latitude,lighting_condition,longitude,num_units,posted_speed_limit,prim_contributory_cause,road_defect,roadway_surface_cond,sec_contributory_cause,street_direction,street_no,traffic_control_device,trafficway_type,weather_condition,private_property_i,hit_and_run_i,intersection_related_i,crash_date_est_i,work_zone_i,workers_present_i,veh_count,ppl_count,veh_area_01_i_list_json,veh_area_02_i_list_json,veh_area_12_i_list_json,veh_crash_date_list_json,veh_crash_unit_id_list_json,veh_first_contact_point_list_json,veh_lic_plate_state_list_json,veh_make_list_json,veh_maneuver_list_json,veh_model_list_json,veh_occupant_cnt_list_json,veh_travel_direction_list_json,veh_unit_no_list_json,veh_unit_type_list_json,veh_vehicle_defect_list_json,veh_vehicle_id_list_json,veh_vehicle_type_list_json,veh_vehicle_use_list_json,veh_vehicle_year_list_json,veh_area_03_i_list_json,veh_area_04_i_list_json,veh_area_11_i_list_json,veh_towed_by_list_json,veh_towed_i_list_json,veh_area_07_i_list_json,veh_area_99_i_list_json,veh_area_09_i_list_json,veh_area_10_i_list_json,veh_cmrc_veh_i_list_json,veh_num_passengers_list_json,veh_area_08_i_list_json,veh_area_00_i_list_json,veh_area_05_i_list_json,veh_area_06_i_list_json,veh_towed_to_list_json,ppl_age_list_json,ppl_airbag_deployed_list_json,ppl_bac_result_list_json,ppl_city_list_json,ppl_crash_date_list_json,ppl_driver_action_list_json,ppl_driver_vision_list_json,ppl_drivers_license_class_list_json,ppl_drivers_license_state_list_json,ppl_ejection_list_json,ppl_hospital_list_json,ppl_person_id_list_json,ppl_person_type_list_json,ppl_physical_condition_list_json,ppl_safety_equipment_list_json,ppl_sex_list_json,ppl_state_list_json,ppl_vehicle_id_list_json,ppl_zipcode_list_json,ppl_ems_agency_list_json,ppl_seat_no_list_json,ppl_pedpedal_action_list_json,ppl_pedpedal_location_list_json,ppl_pedpedal_visibility_list_json,ppl_ems_run_no_list_json,year,month,hour,day,is_weekend,hour_bin,lat_bin,lng_bin,grid_id,ppl_age_mean,ppl_age_min,ppl_age_max,prim_contributory_cause_group,ksi_flag
STRAIGHT AND LEVEL,2223,2025-10-02 17:15:00,5,17,10,32CA5BAC6E27E1B50C98620D711C8DABE1C2EBEAB96E85956ED3FC44EB7BD17F3227558B946C1820A3F2833BE17088FF6E00F1316A2571C6EA0B461A62C1037F,INJURY AND / OR TOW DUE TO CRASH,"$501 - $1,500",NO CONTROLS,REAR END,41.7358218831,DUSK,-87.6376761835,2,30,DRIVING SKILLS/KNOWLEDGE/EXPERIENCE,NO DEFECTS,DRY,UNABLE TO DETERMINE,S,8700,NO CONTROLS,DIVIDED - W/MEDIAN BARRIER,CLEAR,0.0,0.0,0.0,0.0,0.0,1.0,1,1,[],[],"[""Y""]","[""2025-10-02T17:15:00.000""]","[""2169655"", ""2169656""]","[""FRONT"", ""REAR""]","[""IL""]","[""TOYOTA"", ""UNKNOWN""]","[""STRAIGHT AHEAD""]","[""MOTORIZED"", ""RAV4""]","[""1""]","[""E""]","[""1"", ""2""]","[""DRIVER""]","[""NONE""]","[""2068195"", ""2068198""]","[""SPORT UTILITY VEHICLE (SUV)"", ""UNKNOWN/NA""]","[""PERSONAL""]","[""2011""]",[],[],[],[],[],[],"[""Y""]",[],[],[],[],[],[],[],[],[],['27'],"[""DID NOT DEPLOY""]","[""TEST NOT OFFERED""]","[""CHICAGO""]","[""2025-10-02T17:15:00.000""]","[""NONE"", ""OTHER""]","[""NOT OBSCURED"", ""UNKNOWN""]","[""D""]","[""IL""]","[""NONE""]",[],"[""O2169655"", ""O2169656""]","[""DRIVER""]","[""NORMAL""]","[""SAFETY BELT USED"", ""USAGE UNKNOWN""]","[""F"", ""M""]","[""IL""]","[""2068195"", ""2068198""]","[""60620""]","[""CFD""]",[],[],[],[],[],2025,10,17,2,False,afternoon,41.74,-87.64,41.74_-87.64,27.0,27,27,OTHER,1
STRAIGHT AND LEVEL,1712,2025-10-02 17:15:00,5,17,10,9938199CD10B965E2F29DA15C52B690E8AD79648880CBB07447FD6C805BB02C691417F7233E3AFBCF3A6EFEFD6D5794D560ACF218FC3C0F70C572692B658F36C,NO INJURY / DRIVE AWAY,"OVER $1,500",NO CONTROLS,TURNING,41.9752429025,DAYLIGHT,-87.7469254244,2,30,IMPROPER TURNING/NO SIGNAL,UNKNOWN,UNKNOWN,UNABLE TO DETERMINE,W,4729,NO CONTROLS,NOT DIVIDED,CLEAR,0.0,0.0,0.0,0.0,0.0,1.0,1,2,"[""Y""]","[""Y""]","[""Y""]","[""2025-10-02T17:15:00.000""]","[""2162347"", ""2162348""]","[""FRONT-LEFT-CORNER"", ""FRONT-RIGHT-CORNER""]","[""IL""]","[""HONDA"", ""TOYOTA""]","[""STRAIGHT AHEAD"", ""U-TURN""]","[""COROLLA"", ""CR-V""]","[""1""]","[""W""]","[""1"", ""2""]","[""DRIVER""]","[""UNKNOWN""]","[""2061273"", ""2061278""]","[""PASSENGER"", ""SPORT UTILITY VEHICLE (SUV)""]","[""UNKNOWN/NA""]","[""2017"", ""2018""]",[],[],"[""Y""]",[],[],[],[],[],"[""Y""]",[],[],[],[],[],[],[],"['39', '41']","[""NOT APPLICABLE""]","[""TEST NOT OFFERED""]","[""CHICAGO"", ""LOMBARD""]","[""2025-10-02T17:15:00.000""]","[""IMPROPER TURN"", ""NONE""]","[""UNKNOWN""]","[""D""]","[""IL""]","[""NONE""]",[],"[""O2162347"", ""O2162348""]","[""DRIVER""]","[""NORMAL""]","[""USAGE UNKNOWN""]","[""F"", ""M""]","[""IL""]","[""2061273"", ""2061278""]","[""60148"", ""60630""]",[],[],[],[],[],[],2025,10,17,2,False,afternoon,41.98,-87.75,41.98_-87.75,40.0,39,41,OTHER,0
STRAIGHT AND LEVEL,923,2025-10-02 17:15:00,5,17,10,B0D93ACA0E0AC41518162FBAF375D9FDC86B739DDA81285C1BAD82E768CB1F3B13851D9F1CDC4280FFAC27E1F97493A0B1FB6D2EF9BDB75949745337D8D23911,NO INJURY / DRIVE AWAY,"OVER $1,500",FUNCTIONING PROPERLY,REAR END,41.7953492546,DAYLIGHT,-87.6841373737,2,35,UNABLE TO DETERMINE,UNKNOWN,DRY,NOT APPLICABLE,W,2400,TRAFFIC SIGNAL,DIVIDED - W/MEDIAN BARRIER,CLEAR,0.0,0.0,0.0,0.0,0.0,1.0,1,0,[],[],[],"[""2025-10-02T17:15:00.000""]","[""2162385"", ""2162386""]","[""FRONT"", ""REAR""]","[""IL""]","[""FORD""]","[""STRAIGHT AHEAD""]","[""EXPLORER"", ""TRANSIT""]","[""1""]","[""E""]","[""1"", ""2""]","[""DRIVER""]","[""UNKNOWN""]","[""2061303"", ""2061309""]","[""BUS OVER 15 PASS."", ""PASSENGER""]","[""OTHER"", ""PERSONAL""]","[""2014""]",[],[],[],[],[],"[""Y""]","[""Y""]",[],[],[],[],[],[],"[""Y""]","[""Y""]",[],[],"[""DID NOT DEPLOY""]","[""TEST NOT OFFERED""]",[],"[""2025-10-02T17:15:00.000""]","[""NONE"", ""UNKNOWN""]","[""UNKNOWN""]",[],[],"[""NONE""]",[],"[""O2162385"", ""O2162386""]","[""DRIVER""]","[""UNKNOWN""]","[""USAGE UNKNOWN""]","[""M""]",[],"[""2061303"", ""2061309""]",[],[],[],[],[],[],[],2025,10,17,2,False,afternoon,41.8,-87.68,41.8_-87.68,0.0,0,0,OTHER,0
STRAIGHT AND LEVEL,235,2025-10-02 17:10:00,5,17,10,C1B596DADD00F840517D27B70F7F37E46E3687856FEA0D4ACC2E3A92E862B718A8804711D00E4BDB618250E1EB5FC6DBCAB4D77CDF9ED2C8212236404F5C6121,NO INJURY / DRIVE AWAY,"OVER $1,500",FUNCTIONING PROPERLY,FIXED OBJECT,41.7914259214,DAYLIGHT,-87.5884096623,1,30,UNABLE TO DETERMINE,NO DEFECTS,DRY,UNABLE TO DETERMINE,E,1515,STOP SIGN/FLASHER,ONE-WAY,CLEAR,0.0,0.0,1.0,0.0,0.0,1.0,1,1,[],[],[],"[""2025-10-02T17:10:00.000""]","[""2162366""]","[""FRONT""]","[""IL""]","[""WESTERN STAR""]","[""TURNING RIGHT""]","[""WESTERN STAR""]","[""2""]","[""S""]","[""1""]","[""DRIVER""]","[""UNKNOWN""]","[""2061291""]","[""SINGLE UNIT TRUCK WITH TRAILER""]","[""OTHER""]","[""2025""]",[],[],[],[],[],[],[],[],[],[],"[""1""]",[],"[""Y""]",[],[],[],['28'],"[""DID NOT DEPLOY""]","[""TEST NOT OFFERED""]","[""CHICAGO""]","[""2025-10-02T17:10:00.000""]","[""OTHER""]","[""NOT OBSCURED""]","[""A""]","[""IL""]","[""NONE""]",[],"[""O2162366"", ""P477209""]","[""DRIVER"", ""PASSENGER""]","[""NORMAL""]","[""USAGE UNKNOWN""]","[""M""]","[""IL""]","[""2061291""]","[""60607"", ""60608""]",[],"[""3""]",[],[],[],[],2025,10,17,2,False,afternoon,41.79,-87.59,41.79_-87.59,28.0,28,28,OTHER,0
STRAIGHT AND LEVEL,2232,2025-10-02 17:07:00,5,17,10,D9B6B16EB10B9585D3657DC85C3B5996E7D115C058177BBB289DF1209B0B5BE03B8BE0F74DF7FC1C676367978279AEEECA4CEA52634A0E816D6CDF8BC6368B16,NO INJURY / DRIVE AWAY,"OVER $1,500",NO CONTROLS,PARKED MOTOR VEHICLE,41.7118516393,DAYLIGHT,-87.637963034,3,20,UNABLE TO DETERMINE,UNKNOWN,DRY,NOT APPLICABLE,S,10019,OTHER,ONE-WAY,CLEAR,0.0,0.0,0.0,0.0,0.0,1.0,2,1,"[""N"", ""Y""]","[""N"", ""Y""]","[""Y""]","[""2025-10-02T17:07:00.000""]","[""2162368"", ""2162369"", ""2162370""]","[""FRONT-LEFT-CORNER"", ""FRONT-RIGHT-CORNER"", ""REAR-RIGHT-CORNER""]","[""IL""]","[""CHEVROLET"", ""FORD""]","[""PARKED"", ""STRAIGHT AHEAD""]","[""EDGE"", ""MALIBU"", ""TRAVERSE""]","[""0"", ""1""]","[""S""]","[""1"", ""2"", ""3""]","[""DRIVER"", ""PARKED""]","[""UNKNOWN""]","[""2061288"", ""2061297"", ""2061305""]","[""PASSENGER""]","[""PERSONAL""]","[""2010"", ""2013"", ""2023""]",[],"[""Y""]","[""Y""]",[],[],[],[],[],"[""Y""]",[],[],[],[],"[""Y""]",[],[],['19'],"[""DID NOT DEPLOY""]","[""TEST NOT OFFERED""]","[""CHICAGO""]","[""2025-10-02T17:07:00.000""]","[""UNKNOWN""]","[""UNKNOWN""]","[""D""]","[""IL""]","[""UNKNOWN""]",[],"[""O2162368""]","[""DRIVER""]","[""UNKNOWN""]","[""SAFETY BELT USED""]","[""M""]","[""IL""]","[""2061288""]","[""60617""]",[],[],[],[],[],[],2025,10,17,2,False,afternoon,41.71,-87.64,41.71_-87.64,19.0,19,19,OTHER,0
STRAIGHT AND LEVEL,923,2025-10-02 17:04:00,5,17,10,D703FD465A65B994F594B26510982BEBA2492A2426403EEE386A98090A1E7D92B17AA6E19F2AB8A15314C49588D9F3153C5738A625613CE7DAF58C2F0B61A200,INJURY AND / OR TOW DUE TO CRASH,"OVER $1,500",FUNCTIONING PROPERLY,REAR TO FRONT,41.7955489055,DAYLIGHT,-87.6836656221,2,30,IMPROPER BACKING,UNKNOWN,DRY,UNABLE TO DETERMINE,S,5400,TRAFFIC SIGNAL,T-INTERSECTION,CLEAR,0.0,1.0,1.0,0.0,0.0,1.0,1,1,"[""Y""]",[],"[""Y""]","[""2025-10-02T17:04:00.000""]","[""2162393"", ""2162394""]","[""FRONT"", ""UNKNOWN""]","[""IL""]","[""FORD"", ""TOYOTA""]","[""SLOW/STOP IN TRAFFIC""]","[""OTHER (EXPLAIN IN NARRATIVE)"", ""RAV4""]","[""1""]","[""NE"", ""SW""]","[""1"", ""2""]","[""DRIVER""]","[""UNKNOWN""]","[""2061314"", ""2061327""]","[""OTHER"", ""SPORT UTILITY VEHICLE (SUV)""]","[""PERSONAL"", ""TOW TRUCK""]","[""2024""]",[],[],"[""Y""]","[""PRIVATE TOW""]","[""Y""]",[],"[""Y""]",[],[],[],[],[],[],[],[],[],['75'],"[""DEPLOYMENT UNKNOWN"", ""DID NOT DEPLOY""]","[""TEST NOT OFFERED""]","[""BURBANK""]","[""2025-10-02T17:04:00.000""]","[""IMPROPER BACKING"", ""NONE""]","[""UNKNOWN""]","[""D""]","[""IL""]","[""NONE""]",[],"[""O2162393"", ""O2162394""]","[""DRIVER""]","[""NORMAL"", ""UNKNOWN""]","[""USAGE UNKNOWN""]","[""M"", ""X""]","[""IL""]","[""2061314"", ""2061327""]","[""60459""]",[],[],[],[],[],[],2025,10,17,2,False,afternoon,41.8,-87.68,41.8_-87.68,75.0,75,75,OTHER,0
STRAIGHT AND LEVEL,632,2025-10-02 16:50:00,5,16,10,CB154C74540C3106CE3C2F1EAB733A55E598FB2E284A4D67C3AD73B7389503917E0A5611654FBE6C53048D369892F4B3A1B1976829AF4498B91B5A5559398925,NO INJURY / DRIVE AWAY,$500 OR LESS,NO CONTROLS,SIDESWIPE SAME DIRECTION,41.7365293486,DAYLIGHT,-87.6240181326,2,25,IMPROPER LANE USAGE,NO DEFECTS,DRY,UNABLE TO DETERMINE,S,8653,NO CONTROLS,ONE-WAY,CLEAR,0.0,0.0,0.0,0.0,0.0,1.0,1,2,[],"[""Y""]",[],"[""2025-10-02T16:50:00.000""]","[""2162377"", ""2162378""]","[""FRONT-RIGHT-CORNER"", ""SIDE-LEFT""]","[""IL""]","[""FORD"", ""NOVA BUS""]","[""MERGING"", ""STRAIGHT AHEAD""]","[""F650"", ""LFS""]","[""1""]","[""N""]","[""1"", ""2""]","[""DRIVER""]","[""NONE""]","[""2061300"", ""2061308""]","[""BUS OVER 15 PASS."", ""TRUCK - SINGLE UNIT""]","[""COMMERCIAL - SINGLE UNIT"", ""CTA""]","[""2017"", ""2023""]",[],[],[],[],[],[],[],"[""Y""]","[""Y""]","[""Y""]",[],"[""Y""]",[],[],[],[],"['33', '34']","[""NOT APPLICABLE""]","[""TEST NOT OFFERED""]","[""WOODRIDGE""]","[""2025-10-02T16:50:00.000""]","[""IMPROPER LANE CHANGE"", ""NONE""]","[""NOT OBSCURED""]","[""B"", ""C""]","[""IL""]","[""NONE""]",[],"[""O2162377"", ""O2162378""]","[""DRIVER""]","[""NORMAL""]","[""SAFETY BELT USED""]","[""F"", ""M""]","[""IL""]","[""2061300"", ""2061308""]","[""60517""]",[],[],[],[],[],[],2025,10,16,2,False,afternoon,41.74,-87.62,41.74_-87.62,33.5,33,34,OTHER,0
STRAIGHT AND LEVEL,812,2025-10-02 16:50:00,5,16,10,3D6BB5E218F8D7741416263B3796521D9E67F2F6A99D92EA31E846E610D8AA3AD76EB585B548BFABF73898FB7105DFF7AA15B54A7263F89EDD58A5D4AA8C3DBD,INJURY AND / OR TOW DUE TO CRASH,"OVER $1,500",FUNCTIONING PROPERLY,REAR END,41.777878666,DAYLIGHT,-87.7763237145,3,30,UNABLE TO DETERMINE,NO DEFECTS,DRY,UNABLE TO DETERMINE,W,6158,TRAFFIC SIGNAL,NOT DIVIDED,CLEAR,0.0,0.0,1.0,0.0,0.0,1.0,1,3,"[""Y""]",[],"[""Y""]","[""2025-10-02T16:50:00.000""]","[""2162338"", ""2162339"", ""2162340""]","[""FRONT"", ""REAR""]","[""IL""]","[""HONDA"", ""JEEP""]","[""SLOW/STOP IN TRAFFIC"", ""STRAIGHT AHEAD""]","[""CIVIC"", ""CR-V"", ""GRAND CHEROKEE""]","[""1""]","[""W""]","[""1"", ""2"", ""3""]","[""DRIVER""]","[""NONE""]","[""2061269"", ""2061275"", ""2061282""]","[""PASSENGER"", ""SPORT UTILITY VEHICLE (SUV)""]","[""PERSONAL""]","[""2005"", ""2016"", ""2020""]",[],[],"[""Y""]","[""SELF PROVIDED""]","[""Y""]","[""Y""]",[],[],[],[],[],[],[],"[""Y""]","[""Y""]","[""UNK""]","['23', '45', '55']","[""DID NOT DEPLOY"", ""NOT APPLICABLE""]","[""TEST NOT OFFERED""]","[""CHICAGO"", ""JUSTICE""]","[""2025-10-02T16:50:00.000""]","[""FOLLOWED TOO CLOSELY"", ""NONE""]","[""NOT OBSCURED""]","[""D""]","[""IL""]","[""NONE""]","[""99"", ""REFUSED""]","[""O2162338"", ""O2162339"", ""O2162340""]","[""DRIVER""]","[""NORMAL""]","[""SAFETY BELT USED""]","[""F"", ""M""]","[""IL""]","[""2061269"", ""2061275"", ""2061282""]","[""60458"", ""60621"", ""60629""]","[""CFD TRK 60"", ""CFD TRK60""]",[],[],[],[],[],2025,10,16,2,False,afternoon,41.78,-87.78,41.78_-87.78,41.0,23,55,OTHER,0
STRAIGHT AND LEVEL,835,2025-10-02 16:49:00,5,16,10,A8E918C2A51DE64D14C9E193C3DABA83CE9A7CFA1B9D7350FCBE373E8F1384230EED870795D8A3D4F2D9B816F6EEFA59EDA946F9496BF7260229E1C54AB0C4CF,NO INJURY / DRIVE AWAY,"OVER $1,500",FUNCTIONING IMPROPERLY,REAR END,41.7503108908,DAYLIGHT,-87.6827074015,2,30,FAILING TO REDUCE SPEED TO AVOID CRASH,NO DEFECTS,DRY,NOT APPLICABLE,S,7855,TRAFFIC SIGNAL,NOT DIVIDED,CLEAR,0.0,0.0,0.0,0.0,0.0,1.0,1,1,"[""Y""]",[],"[""Y""]","[""2025-10-02T16:49:00.000""]","[""2162345"", ""2162346""]","[""FRONT"", ""REAR""]","[""WI""]","[""HONDA"", ""HYUNDAI""]","[""STRAIGHT AHEAD""]","[""ODYSSEY"", ""SANTA FE""]","[""1""]","[""W""]","[""1"", ""2""]","[""DRIVER""]","[""NONE""]","[""2061280"", ""2061283""]","[""PASSENGER""]","[""PERSONAL""]","[""2010""]",[],[],"[""Y""]",[],[],"[""Y""]",[],[],[],[],[],[],[],"[""Y""]","[""Y""]",[],['55'],"[""NOT APPLICABLE""]","[""TEST NOT OFFERED""]","[""CHICAGO""]","[""2025-10-02T16:49:00.000""]","[""FOLLOWED TOO CLOSELY"", ""NONE""]","[""NOT OBSCURED""]","[""D""]","[""IL""]","[""NONE""]",[],"[""O2162345"", ""O2162346""]","[""DRIVER""]","[""NORMAL""]","[""SAFETY BELT USED""]","[""F"", ""M""]","[""IL""]","[""2061280"", ""2061283""]","[""60620""]",[],[],[],[],[],[],2025,10,16,2,False,afternoon,41.75,-87.68,41.75_-87.68,55.0,55,55,SPEEDING,0
STRAIGHT AND LEVEL,224,2025-10-02 16:48:00,5,16,10,7FAF5ABB818167C488F69BAB1EBB8E46104915284CC51B817525988DB208A0585A8076C709133AD5309350A952D52337A2E41EFC3F65623D7B81E3CCA94A9DCF,NO INJURY / DRIVE AWAY,"$501 - $1,500",NO CONTROLS,TURNING,41.8073730019,DAYLIGHT,-87.6229305547,2,30,UNABLE TO DETERMINE,NO DEFECTS,DRY,NOT APPLICABLE,S,4800,NO CONTROLS,NOT DIVIDED,CLEAR,0.0,0.0,0.0,0.0,0.0,1.0,1,1,"[""Y""]",[],"[""Y""]","[""2025-10-02T16:48:00.000""]","[""2166992"", ""2166993""]","[""FRONT-RIGHT-CORNER"", ""UNKNOWN""]","[""IL""]","[""JEEP"", ""LEXUS""]","[""STRAIGHT AHEAD"", ""TURNING LEFT""]","[""GRAND CHEROKEE"", ""NX""]","[""1"", ""3""]","[""S"", ""SE""]","[""1"", ""2""]","[""DRIVER""]","[""UNKNOWN""]","[""2065670"", ""2065671""]","[""PASSENGER"", ""UNKNOWN/NA""]","[""PERSONAL"", ""UNKNOWN/NA""]","[""2014"", ""2017""]",[],[],[],[],[],[],"[""Y""]",[],[],[],"[""2""]",[],[],[],[],[],['58'],"[""DEPLOYMENT UNKNOWN"", ""NOT APPLICABLE""]","[""TEST NOT OFFERED""]","[""CHICAGO"", ""EVERGREEN PARK""]","[""2025-10-02T16:48:00.000""]","[""UNKNOWN""]","[""UNKNOWN""]",[],"[""IL""]","[""NONE""]",[],"[""O2166992"", ""O2166993"", ""P478142"", ""P478143""]","[""DRIVER"", ""PASSENGER""]","[""NORMAL"", ""UNKNOWN""]","[""SAFETY BELT USED"", ""USAGE UNKNOWN""]","[""F"", ""M""]","[""IL""]","[""2065670"", ""2065671""]","[""60636"", ""60642"", ""60805""]",[],"[""3"", ""6""]",[],[],[],[],2025,10,16,2,False,afternoon,41.81,-87.62,41.81_-87.62,58.0,58,58,OTHER,0
STRAIGHT AND LEVEL,2212,2025-10-02 16:45:00,5,16,10,C98258B5ED2E4BF68E4899E020955797193FDBF73A930DBABC0691F65CCAE4825BB535056912830003F4379E749E17D27543AF6491EFCAB9EC6F95B63C7689FD,NO INJURY / DRIVE AWAY,"OVER $1,500",FUNCTIONING PROPERLY,REAR END,41.6918902888,DAYLIGHT,-87.6813131417,2,30,UNABLE TO DETERMINE,NO DEFECTS,DRY,NOT APPLICABLE,W,2402,TRAFFIC SIGNAL,FOUR WAY,CLEAR,0.0,0.0,1.0,0.0,0.0,1.0,1,0,[],[],[],"[""2025-10-02T16:45:00.000""]","[""2162737"", ""2162738""]","[""FRONT"", ""REAR""]","[""IL""]","[""FORD"", ""HONDA""]","[""STRAIGHT AHEAD""]","[""ACCORD"", ""OTHER (EXPLAIN IN NARRATIVE)""]","[""1""]","[""W""]","[""1"", ""2""]","[""DRIVER""]","[""NONE"", ""UNKNOWN""]","[""2061635"", ""2061641""]","[""PASSENGER"", ""VAN/MINI-VAN""]","[""PERSONAL"", ""UNKNOWN/NA""]","[""2008"", ""2018""]",[],[],[],[],[],[],[],[],[],[],[],[],[],[],[],[],[],"[""DID NOT DEPLOY""]","[""TEST NOT OFFERED""]","[""CHICAGO""]","[""2025-10-02T16:45:00.000""]","[""FAILED TO YIELD"", ""NONE""]","[""NOT OBSCURED""]",[],"[""IL""]","[""NONE""]",[],"[""O2162737"", ""O2162738""]","[""DRIVER""]","[""NORMAL""]","[""SAFETY BELT USED"", ""USAGE UNKNOWN""]","[""F"", ""M""]","[""IL""]","[""2061635"", ""2061641""]","[""60655""]",[],[],[],[],[],[],2025,10,16,2,False,afternoon,41.69,-87.68,41.69_-87.68,0.0,0,0,OTHER,0
STRAIGHT AND LEVEL,1915,2025-10-02 16:45:00,5,16,10,9D5BEA1951A75B513F3E05A2647F0753902C558EA936312C341B4DD25983A38A8A9E528BEBCD54D9E4F93EDE59DFC0809677236979B7F09752E8F15D66AE3423,NO INJURY / DRIVE AWAY,"OVER $1,500",FUNCTIONING PROPERLY,PARKED MOTOR VEHICLE,41.9616287407,DAYLIGHT,-87.6349306773,2,15,UNABLE TO DETERMINE,NO DEFECTS,DRY,NOT APPLICABLE,W,315,NO CONTROLS,PARKING LOT,CLEAR,0.0,1.0,0.0,0.0,0.0,1.0,2,0,"[""Y""]",[],"[""Y""]","[""2025-10-02T16:45:00.000""]","[""2169741"", ""2169742""]","[""FRONT"", ""REAR""]","[""IL""]","[""CHEVROLET"", ""HYUNDAI""]","[""BACKING"", ""PARKED""]","[""KONA"", ""OTHER (EXPLAIN IN NARRATIVE)""]","[""0"", ""1""]","[""UNKNOWN""]","[""1"", ""2""]","[""DRIVER"", ""PARKED""]","[""NONE"", ""UNKNOWN""]","[""2068380"", ""2068384""]","[""OTHER"", ""SPORT UTILITY VEHICLE (SUV)""]","[""PERSONAL"", ""UNKNOWN/NA""]","[""2004"", ""2019""]",[],[],"[""Y""]",[],[],[],"[""Y""]",[],[],[],[],[],[],[],[],[],[],"[""DEPLOYMENT UNKNOWN""]","[""TEST NOT OFFERED""]",[],"[""2025-10-02T16:45:00.000""]","[""IMPROPER BACKING""]","[""UNKNOWN""]",[],[],"[""UNKNOWN""]",[],"[""O2169741""]","[""DRIVER""]","[""UNKNOWN""]","[""USAGE UNKNOWN""]","[""X""]",[],"[""2068380""]",[],[],[],[],[],[],[],2025,10,16,2,False,afternoon,41.96,-87.63,41.96_-87.63,0.0,0,0,OTHER,0
STRAIGHT AND LEVEL,1831,2025-10-02 16:45:00,5,16,10,282B62F8A1EA12A72A81082637E593F27EBAB436BC2081184AD2E68E017465AB3B5B0AC91357A3705FC81DB4F3A5DC5F741AF3B6E52A8CA4A0841280A68363A4,NO INJURY / DRIVE AWAY,"OVER $1,500",NO CONTROLS,PARKED MOTOR VEHICLE,41.8942772248,DAYLIGHT,-87.6372582532,2,20,UNABLE TO DETERMINE,NO DEFECTS,DRY,UNABLE TO DETERMINE,N,666,NO CONTROLS,PARKING LOT,CLEAR,1.0,1.0,0.0,0.0,0.0,1.0,2,0,[],[],[],"[""2025-10-02T16:45:00.000""]","[""2162371"", ""2162372""]","[""SIDE-LEFT-REAR"", ""UNKNOWN""]","[""IL""]","[""NISSAN"", ""TESLA""]","[""PARKED"", ""UNKNOWN/NA""]","[""OTHER (EXPLAIN IN NARRATIVE)"", ""ROGUE""]","[""0"", ""1""]","[""UNKNOWN""]","[""1"", ""2""]","[""DRIVER"", ""PARKED""]","[""NONE""]","[""2061287"", ""2061294""]","[""PASSENGER"", ""SPORT UTILITY VEHICLE (SUV)""]","[""PERSONAL""]","[""2015"", ""2021""]",[],[],[],[],[],"[""Y""]",[],[],[],[],[],[],[],[],[],[],[],"[""DEPLOYMENT UNKNOWN""]","[""TEST NOT OFFERED""]",[],"[""2025-10-02T16:45:00.000""]","[""UNKNOWN""]","[""UNKNOWN""]",[],[],"[""NONE""]",[],"[""O2162371""]","[""DRIVER""]","[""UNKNOWN""]","[""USAGE UNKNOWN""]","[""X""]",[],"[""2061287""]",[],[],[],[],[],[],[],2025,10,16,2,False,afternoon,41.89,-87.64,41.89_-87.64,0.0,0,0,OTHER,0
STRAIGHT AND LEVEL,1712,2025-10-02 16:39:00,5,16,10,F370D248E445A83B9E4E55AAB0C121216A45ED22B68EC7EE2FA2C7089D4B4A8972B9A8BCDA7447C7E77C820CF580240CE4842D00C6E23C1D14B16D1CF291CE16,NO INJURY / DRIVE AWAY,"OVER $1,500",NO CONTROLS,REAR END,41.9755712574,DAYLIGHT,-87.7145557489,2,30,FOLLOWING TOO CLOSELY,NO DEFECTS,DRY,NOT APPLICABLE,W,3425,NO CONTROLS,NOT DIVIDED,CLEAR,0.0,0.0,0.0,0.0,0.0,1.0,1,3,[],[],"[""Y""]","[""2025-10-02T16:39:00.000""]","[""2162395"", ""2162396""]","[""FRONT"", ""REAR""]","[""IL""]","[""ACURA"", ""TOYOTA""]","[""STRAIGHT AHEAD""]","[""ADX"", ""SIENNA""]","[""1"", ""2""]","[""E""]","[""1"", ""2""]","[""DRIVER""]","[""NONE""]","[""2061742"", ""2061749""]","[""PASSENGER""]","[""PERSONAL""]","[""2010"", ""2011""]",[],[],"[""Y""]",[],[],[],[],[],[],[],"[""1""]",[],[],"[""Y""]","[""Y""]",[],"['16', '38', '46']","[""DID NOT DEPLOY""]","[""TEST NOT OFFERED""]","[""CHICAGO""]","[""2025-10-02T16:39:00.000""]","[""OTHER""]","[""NOT OBSCURED""]","[""D""]","[""IL""]","[""NONE""]",[],"[""O2162395"", ""O2162396"", ""P477288""]","[""DRIVER"", ""PASSENGER""]","[""NORMAL"", ""UNKNOWN""]","[""SAFETY BELT USED""]","[""F"", ""M""]","[""IL""]","[""2061742"", ""2061749""]","[""60625"", ""60642""]",[],"[""3""]",[],[],[],[],2025,10,16,2,False,afternoon,41.98,-87.71,41.98_-87.71,33.333333333333336,16,46,FOLLOWING TOO CLOSELY,0