alignment,beat_of_occurrence,crash_date,crash_day_of_week,crash_hour,crash_month,crash_record_id,crash_type,damage,device_condition,first_crash_type,latitude,lighting_condition,longitude,num_units,posted_speed_limit,prim_contributory_cause,road_defect,roadway_surface_cond,sec_contributory_cause,street_direction,street_no,traffic_control_device,trafficway_type,weather_condition,private_property_i,hit_and_run_i,intersection_related_i,crash_date_est_i,work_zone_i,workers_present_i,veh_count,ppl_count,veh_area_01_i_list_json,veh_area_02_i_list_json,veh_area_12_i_list_json,veh_crash_date_list_json,veh_crash_unit_id_list_json,veh_first_contact_point_list_json,veh_lic_plate_state_list_json,veh_make_list_json,veh_maneuver_list_json,veh_model_list_json,veh_occupant_cnt_list_json,veh_travel_direction_list_json,veh_unit_no_list_json,veh_unit_type_list_json,veh_vehicle_defect_list_json,veh_vehicle_id_list_json,veh_vehicle_type_list_json,veh_vehicle_use_list_json,veh_vehicle_year_list_json,veh_area_03_i_list_json,veh_area_04_i_list_json,veh_area_11_i_list_json,veh_towed_by_list_json,veh_towed_i_list_json,veh_area_07_i_list_json,veh_area_99_i_list_json,veh_area_09_i_list_json,veh_area_10_i_list_json,veh_cmrc_veh_i_list_json,veh_num_passengers_list_json,veh_area_08_i_list_json,veh_area_00_i_list_json,veh_area_05_i_list_json,veh_area_06_i_list_json,veh_towed_to_list_json,ppl_age_list_json,ppl_airbag_deployed_list_json,ppl_bac_result_list_json,ppl_city_list_json,ppl_crash_date_list_json,ppl_driver_action_list_json,ppl_driver_vision_list_json,ppl_drivers_license_class_list_json,ppl_drivers_license_state_list_json,ppl_ejection_list_json,ppl_hospital_list_json,ppl_person_id_list_json,ppl_person_type_list_json,ppl_physical_condition_list_json,ppl_safety_equipment_list_json,ppl_sex_list_json,ppl_state_list_json,ppl_vehicle_id_list_json,ppl_zipcode_list_json,ppl_ems_agency_list_json,ppl_seat_no_list_json,ppl_pedpedal_action_list_json,ppl_pedpedal_location_list_json,ppl_pedpedal_visibility_list_json,ppl_ems_run_no_list_json,year,month,hour,day,is_weekend,hour_bin,lat_bin,lng_bin,grid_id,ppl_age_mean,ppl_age_min,ppl_age_max,prim_contributory_cause_group,ksi_flag
STRAIGHT AND LEVEL,1422,2025-10-02 16:39:00,5,16,10,420A6AD838FFCADAA71037702BB37415DFF03530CD0D51FDD23D0C86C861BAE059B1053864C06B7AFB0BA6A623CBD4F57DB61FA4AB5CAB120467303C261E1836,INJURY AND / OR TOW DUE TO CRASH,"OVER $1,500",FUNCTIONING PROPERLY,PEDALCYCLIST,41.9094726068,DAYLIGHT,-87.7120401945,2,35,DISREGARDING ROAD MARKINGS,NO DEFECTS,DRY,NOT APPLICABLE,N,1540,TRAFFIC SIGNAL,DIVIDED - W/MEDIAN (NOT RAISED),CLEAR,0.0,0.0,0.0,0.0,0.0,1.0,2,1,[],[],[],"[""2025-10-02T16:39:00.000""]","[""2162387"", ""2162388""]","[""SIDE-LEFT""]","[""IL""]","[""CHEVROLET""]","[""PARKED""]","[""TRAIL BLAZER""]","[""0""]","[""S""]","[""1"", ""2""]","[""BICYCLE"", ""PARKED""]","[""UNKNOWN""]","[""2061310""]","[""PASSENGER""]","[""PERSONAL""]","[""2006""]",[],[],[],[],[],[],[],"[""Y""]",[],[],[],[],[],[],[],[],['22'],[],"[""TEST NOT OFFERED""]","[""CHICAGO""]","[""2025-10-02T16:39:00.000""]","[""OTHER""]","[""NOT OBSCURED""]",[],[],[],"[""HUMBOLDT PARK HEALTH""]","[""O2162387""]","[""BICYCLE""]","[""NORMAL""]","[""HELMET NOT USED""]","[""F""]","[""IL""]",[],"[""60623""]",[],[],"[""WITH TRAFFIC""]","[""NOT IN ROADWAY""]","[""NO CONTRASTING CLOTHING""]",[],2025,10,16,2,False,afternoon,41.91,-87.71,41.91_-87.71,22.0,22,22,OTHER,1
STRAIGHT AND LEVEL,123,2025-10-02 16:31:00,5,16,10,1F8CC2254FD164964AF5E12EE0DB4AABE92B56F3F6CA254EF59871F5F786609BFFB128A4F8DD6056420D4CCB9F1096BCAB47D128ECF53C597A49B0C94F0C9564,NO INJURY / DRIVE AWAY,"$501 - $1,500",FUNCTIONING PROPERLY,TURNING,41.8755371954,DAYLIGHT,-87.6335102178,2,30,UNABLE TO DETERMINE,NO DEFECTS,DRY,UNABLE TO DETERMINE,S,501,TRAFFIC SIGNAL,NOT DIVIDED,CLEAR,0.0,0.0,1.0,0.0,0.0,1.0,1,2,"[""N""]","[""Y""]",[],"[""2025-10-02T16:31:00.000""]","[""2162383"", ""2162384""]","[""FRONT-LEFT-CORNER"", ""SIDE-RIGHT""]","[""IL""]","[""TOYOTA""]","[""TURNING RIGHT""]","[""COROLLA"", ""OTHER (EXPLAIN IN NARRATIVE)""]","[""1""]","[""S""]","[""1"", ""2""]","[""DRIVER""]","[""NONE"", ""UNKNOWN""]","[""2061306"", ""2061315""]","[""PASSENGER"", ""UNKNOWN/NA""]","[""PERSONAL"", ""UNKNOWN/NA""]","[""2017"", ""2021""]","[""Y""]","[""Y""]","[""Y""]",[],[],[],[],[],[],[],[],[],[],"[""Y""]",[],[],"['38', '52']","[""DID NOT DEPLOY""]","[""TEST NOT OFFERED""]","[""BARTLETT"", ""CHIAGO""]","[""2025-10-02T16:31:00.000""]","[""NONE"", ""OTHER""]","[""NOT OBSCURED"", ""UNKNOWN""]","[""D""]","[""IL""]","[""NONE""]",[],"[""O2162383"", ""O2162384""]","[""DRIVER""]","[""NORMAL"", ""UNKNOWN""]","[""SAFETY BELT USED"", ""USAGE UNKNOWN""]","[""F"", ""M""]","[""IL""]","[""2061306"", ""2061315""]","[""60103"", ""60616""]",[],[],[],[],[],[],2025,10,16,2,False,afternoon,41.88,-87.63,41.88_-87.63,45.0,38,52,OTHER,0
STRAIGHT AND LEVEL,524,2025-10-02 16:30:00,5,16,10,CCCF9D69F2698CF0814A0366A4BABA835B06EAE1CEDF5E6E659D1958BA23B67E54EFD68D298328E00B90780785320A9AD4023186891F003B72810A0F70565DA4,INJURY AND / OR TOW DUE TO CRASH,"OVER $1,500",FUNCTIONING PROPERLY,REAR END,41.6849705573,UNKNOWN,-87.6422738806,2,30,DRIVING SKILLS/KNOWLEDGE/EXPERIENCE,UNKNOWN,DRY,NOT APPLICABLE,W,801,TRAFFIC SIGNAL,FOUR WAY,CLEAR,0.0,0.0,0.0,0.0,0.0,1.0,1,5,[],[],"[""Y""]","[""2025-10-02T16:30:00.000""]","[""2162336"", ""2162337""]","[""FRONT"", ""REAR""]","[""IL""]","[""CHEVROLET"", ""JEEP""]","[""STRAIGHT AHEAD""]","[""CHEROKEE"", ""EQUINOX""]","[""2"", ""3""]","[""E""]","[""1"", ""2""]","[""DRIVER""]","[""UNKNOWN""]","[""2061260"", ""2061271""]","[""SPORT UTILITY VEHICLE (SUV)""]","[""PERSONAL""]","[""2017"", ""2020""]",[],[],[],"[""personal tow""]","[""Y""]",[],[],[],[],[],"[""1"", ""2""]",[],[],[],"[""Y""]","[""unknown""]","['0', '1', '27', '62', '64']","[""DID NOT DEPLOY"", ""NOT APPLICABLE""]","[""TEST NOT OFFERED""]","[""CHICAGO"", ""DOLTON""]","[""2025-10-02T16:30:00.000""]","[""NONE"", ""OTHER""]","[""UNKNOWN""]","[""D""]","[""IL""]","[""NONE"", ""UNKNOWN""]",[],"[""O2162336"", ""O2162337"", ""P477173"", ""P477181"", ""P477183""]","[""DRIVER"", ""PASSENGER""]","[""UNKNOWN""]","[""CHILD RESTRAINT - FORWARD FACING"", ""CHILD RESTRAINT - REAR FACING"", ""USAGE UNKNOWN""]","[""F"", ""M""]","[""IL""]","[""2061260"", ""2061271""]","[""60419"", ""60643""]",[],"[""10"", ""12"", ""3""]",[],[],[],[],2025,10,16,2,False,afternoon,41.68,-87.64,41.68_-87.64,30.8,0,64,OTHER,0
STRAIGHT AND LEVEL,224,2025-10-02 16:20:00,5,16,10,56AD4FF457E05FA09D443D7220750BEF14E0425D54CA7C26DA6DE67438A6388C91C0183B8B8BB4625ACE982E50EF4333444C540C94249EEAF9838731F0E13852,NO INJURY / DRIVE AWAY,"$501 - $1,500",NO CONTROLS,SIDESWIPE SAME DIRECTION,41.8022121082,DAYLIGHT,-87.6161382698,2,25,IMPROPER OVERTAKING/PASSING,NO DEFECTS,DRY,IMPROPER OVERTAKING/PASSING,E,380,NO CONTROLS,NOT DIVIDED,CLEAR,0.0,0.0,1.0,0.0,0.0,1.0,1,2,"[""Y""]",[],"[""Y""]","[""2025-10-02T16:20:00.000""]","[""2162329"", ""2162330""]","[""FRONT-RIGHT-CORNER"", ""SIDE-LEFT-REAR""]","[""IL""]","[""FORD"", ""HONDA""]","[""PASSING/OVERTAKING"", ""STRAIGHT AHEAD""]","[""CIVIC"", ""EXPLORER""]","[""1""]","[""W""]","[""1"", ""2""]","[""DRIVER""]","[""NONE""]","[""2061249"", ""2061259""]","[""PASSENGER"", ""SPORT UTILITY VEHICLE (SUV)""]","[""PERSONAL"", ""POLICE""]","[""2006"", ""2023""]",[],[],"[""Y""]",[],[],"[""Y""]",[],[],[],[],[],"[""Y""]",[],[],[],[],"['27', '43']","[""DID NOT DEPLOY""]","[""TEST NOT OFFERED""]","[""CHICAGO""]","[""2025-10-02T16:20:00.000""]","[""EMERGENCY VEHICLE ON CALL"", ""NONE""]","[""NOT OBSCURED""]","[""D""]","[""IL""]","[""NONE""]",[],"[""O2162329"", ""O2162330""]","[""DRIVER""]","[""NORMAL""]","[""USAGE UNKNOWN""]","[""M""]","[""IL""]","[""2061249"", ""2061259""]","[""60609"", ""60629""]",[],[],[],[],[],[],2025,10,16,2,False,afternoon,41.8,-87.62,41.8_-87.62,35.0,27,43,OTHER,0
STRAIGHT AND LEVEL,822,2025-10-02 16:18:00,5,16,10,BA3346A77F0104ACF900DDF296E3F1B2617A78B3C4CA94960188DE77608AEB47CA9FA5D4826E8A2B6A65515DCB14529A7C6BCEA9C9F5AB21149CFD56E117DA7B,INJURY AND / OR TOW DUE TO CRASH,$500 OR LESS,FUNCTIONING PROPERLY,PEDESTRIAN,41.7879702014,DAYLIGHT,-87.7035444651,3,30,FAILING TO YIELD RIGHT-OF-WAY,NO DEFECTS,DRY,IMPROPER OVERTAKING/PASSING,S,5800,PEDESTRIAN CROSSING SIGN,NOT DIVIDED,CLEAR,0.0,0.0,0.0,0.0,0.0,1.0,2,3,[],[],"[""Y""]","[""2025-10-02T16:18:00.000""]","[""2162402"", ""2162403"", ""2162404""]","[""FRONT""]","[""IL""]","[""FORD""]","[""PASSING/OVERTAKING""]","[""ESCAPE""]","[""1""]","[""S""]","[""1"", ""2"", ""3""]","[""DRIVER"", ""PEDESTRIAN""]","[""NONE""]","[""2061326""]","[""PASSENGER""]","[""PERSONAL""]","[""2011""]",[],[],[],[],[],[],[],[],[],[],[],[],[],[],[],[],"['10', '25', '67']","[""NOT APPLICABLE""]","[""TEST NOT OFFERED""]","[""CHICAGO""]","[""2025-10-02T16:18:00.000""]","[""FAILED TO YIELD""]","[""NOT OBSCURED""]","[""D""]","[""IL""]","[""NONE""]","[""SAINT ANTHONY""]","[""O2162402"", ""O2162403"", ""O2162404""]","[""DRIVER"", ""PEDESTRIAN""]","[""NORMAL""]","[""SAFETY BELT USED""]","[""F"", ""M""]","[""IL""]","[""2061326""]","[""60629"", ""60632""]","[""CFD""]",[],"[""CROSSING - WITH SIGNAL""]","[""IN CROSSWALK""]","[""NO CONTRASTING CLOTHING""]",[],2025,10,16,2,False,afternoon,41.79,-87.7,41.79_-87.7,34.0,10,67,FAILURE-TO-YIELD,1
STRAIGHT AND LEVEL,112,2025-10-02 16:15:00,5,16,10,A726AC899E8F6597C2C3249E20C77562FCF98FD3F3F48A47BE6C5E07B53C89B789F0819EA2F7C1102E22DC60D657AEF571BCD3EAD52001089D999702DB5C8E5D,NO INJURY / DRIVE AWAY,"$501 - $1,500",FUNCTIONING IMPROPERLY,ANGLE,41.8819118245,DAYLIGHT,-87.6280093432,2,30,FAILING TO REDUCE SPEED TO AVOID CRASH,NO DEFECTS,DRY,NOT APPLICABLE,W,5,STOP SIGN/FLASHER,FOUR WAY,CLEAR,0.0,1.0,1.0,1.0,0.0,1.0,1,1,[],[],[],"[""2025-10-02T16:15:00.000""]","[""2162602"", ""2162603""]","[""REAR-LEFT-CORNER"", ""UNKNOWN""]","[""IL""]","[""FORD"", ""NISSAN""]","[""STRAIGHT AHEAD""]","[""EXPLORER"", ""MURANO""]","[""1""]","[""S"", ""W""]","[""1"", ""2""]","[""DRIVER""]","[""UNKNOWN""]","[""2061517"", ""2061523""]","[""OTHER"", ""PASSENGER""]","[""PERSONAL"", ""POLICE""]","[""2020""]",[],[],[],[],[],"[""Y""]","[""Y""]",[],[],[],[],"[""Y""]",[],[],"[""Y""]",[],['74'],"[""DEPLOYMENT UNKNOWN"", ""NOT APPLICABLE""]","[""TEST NOT OFFERED""]","[""CHICAGO""]","[""2025-10-02T16:15:00.000""]","[""NONE"", ""OTHER""]","[""UNKNOWN""]","[""D""]","[""IL""]","[""NONE""]",[],"[""O2162602"", ""O2162603""]","[""DRIVER""]","[""NORMAL"", ""UNKNOWN""]","[""USAGE UNKNOWN""]","[""F"", ""X""]","[""IL""]","[""2061517"", ""2061523""]","[""60651""]",[],[],[],[],[],[],2025,10,16,2,False,afternoon,41.88,-87.63,41.88_-87.63,74.0,74,74,SPEEDING,0
STRAIGHT AND LEVEL,633,2025-10-02 16:10:00,5,16,10,639066372B990437AF387AD2245FA20374AFB8EC72DE1D8DA70159EE9F8AD946B3B7628E7998DD38302C8E11672EE9A9B7FB3FEA4F72B565FB7AC7CCF2FFAEE4,NO INJURY / DRIVE AWAY,"$501 - $1,500",NO CONTROLS,ANGLE,41.7220293599,DAYLIGHT,-87.6125400739,2,30,UNABLE TO DETERMINE,UNKNOWN,DRY,NOT APPLICABLE,E,440,NO CONTROLS,NOT DIVIDED,CLEAR,0.0,0.0,0.0,0.0,0.0,1.0,1,2,[],[],[],"[""2025-10-02T16:10:00.000""]","[""2162341"", ""2162342""]","[""SIDE-RIGHT"", ""UNKNOWN""]","[""IL""]","[""CHEVROLET"", ""LAND ROVER""]","[""STRAIGHT AHEAD""]","[""DEFENDER"", ""EQUINOX""]","[""1""]","[""S"", ""W""]","[""1"", ""2""]","[""DRIVER""]","[""UNKNOWN""]","[""2061264"", ""2061267""]","[""PASSENGER"", ""UNKNOWN/NA""]","[""PERSONAL"", ""UNKNOWN/NA""]","[""2021"", ""2024""]","[""Y""]","[""Y""]",[],[],[],[],"[""Y""]",[],[],[],[],[],[],[],[],[],"['34', '36']","[""NOT APPLICABLE""]","[""TEST NOT OFFERED""]","[""CHICAGO"", ""OAK LAWN""]","[""2025-10-02T16:10:00.000""]","[""UNKNOWN""]","[""UNKNOWN""]",[],"[""IL""]","[""NONE""]",[],"[""O2162341"", ""O2162342""]","[""DRIVER""]","[""NORMAL"", ""UNKNOWN""]","[""SAFETY BELT USED"", ""USAGE UNKNOWN""]","[""F"", ""M""]","[""IL""]","[""2061264"", ""2061267""]","[""60453"", ""60619""]",[],[],[],[],[],[],2025,10,16,2,False,afternoon,41.72,-87.61,41.72_-87.61,35.0,34,36,OTHER,0
STRAIGHT AND LEVEL,2012,2025-10-02 16:00:00,5,16,10,14CEC8C0388887D01A10FFA89116F8823C77375A219BD5DD749AD2DC0DEE1AE43720B38917F9B7368BD2AC0241D1D89D4A167690DF18639B00F418DE086E749C,NO INJURY / DRIVE AWAY,$500 OR LESS,NO CONTROLS,SIDESWIPE SAME DIRECTION,41.9817532278,UNKNOWN,-87.670196602,2,25,IMPROPER LANE USAGE,UNKNOWN,UNKNOWN,IMPROPER LANE USAGE,W,1608,STOP SIGN/FLASHER,ONE-WAY,CLEAR,0.0,0.0,0.0,0.0,0.0,1.0,1,1,"[""N""]",[],[],"[""2025-10-02T16:00:00.000""]","[""2162921"", ""2162922""]","[""FRONT-RIGHT-CORNER"", ""REAR-LEFT-CORNER""]","[""IL""]","[""HONDA"", ""TOYOTA""]","[""LEAVING TRAFFIC LANE TO PARK"", ""STRAIGHT AHEAD""]","[""CR-V"", ""RAV4""]","[""1""]","[""S""]","[""1"", ""2""]","[""DRIVER""]","[""UNKNOWN""]","[""2061833"", ""2061848""]","[""PASSENGER"", ""SPORT UTILITY VEHICLE (SUV)""]","[""UNKNOWN/NA""]","[""2003"", ""2025""]",[],[],[],[],[],"[""Y""]","[""N"", ""Y""]",[],[],[],[],[],[],[],[],[],['38'],"[""DEPLOYMENT UNKNOWN"", ""NOT APPLICABLE""]","[""TEST NOT OFFERED""]","[""WESTMONT""]","[""2025-10-02T16:00:00.000""]","[""NONE"", ""UNKNOWN""]","[""UNKNOWN""]","[""D""]","[""IL""]","[""UNKNOWN""]",[],"[""O2162921"", ""O2162922""]","[""DRIVER""]","[""NORMAL"", ""UNKNOWN""]","[""USAGE UNKNOWN""]","[""M"", ""X""]","[""IL""]","[""2061833"", ""2061848""]","[""60559""]",[],[],[],[],[],[],2025,10,16,2,False,afternoon,41.98,-87.67,41.98_-87.67,38.0,38,38,OTHER,0
STRAIGHT AND LEVEL,1833,2025-10-02 16:00:00,5,16,10,3139622B12010E4EF74BE79858ABF7CA9100BBEFD7B3146CA51D97F1197635CA0A0138FEC53E6B485F226F666E427B2599C29E3D97CBE86B99A29A155C882A13,NO INJURY / DRIVE AWAY,"$501 - $1,500",NO CONTROLS,REAR END,41.8983811242,DAYLIGHT,-87.6182880172,2,30,FOLLOWING TOO CLOSELY,NO DEFECTS,DRY,DRIVING SKILLS/KNOWLEDGE/EXPERIENCE,N,860,NO CONTROLS,DIVIDED - W/MEDIAN BARRIER,CLEAR,0.0,0.0,0.0,1.0,0.0,1.0,1,2,[],[],"[""Y""]","[""2025-10-02T16:00:00.000""]","[""2162817"", ""2162818""]","[""FRONT"", ""REAR""]","[""IL""]","[""CHEVROLET""]","[""STRAIGHT AHEAD""]","[""MALIBU"", ""TRAX""]","[""1""]","[""S""]","[""1"", ""2""]","[""DRIVER""]","[""NONE"", ""UNKNOWN""]","[""2061720"", ""2061724""]","[""PASSENGER"", ""UNKNOWN/NA""]","[""PERSONAL""]","[""2019"", ""2024""]",[],[],[],[],[],[],[],[],[],[],[],[],[],[],"[""Y""]",[],"['36', '39']","[""DID NOT DEPLOY"", ""NOT APPLICABLE""]","[""TEST NOT OFFERED""]","[""CHICAGO""]","[""2025-10-02T16:00:00.000""]","[""FOLLOWED TOO CLOSELY"", ""NONE""]","[""NOT OBSCURED""]","[""D""]","[""IL""]","[""NONE""]",[],"[""O2162817"", ""O2162818""]","[""DRIVER""]","[""NORMAL""]","[""SAFETY BELT USED"", ""USAGE UNKNOWN""]","[""F"", ""M""]","[""IL""]","[""2061720"", ""2061724""]","[""60619"", ""60620""]",[],[],[],[],[],[],2025,10,16,2,False,afternoon,41.9,-87.62,41.9_-87.62,37.5,36,39,FOLLOWING TOO CLOSELY,0
STRAIGHT AND LEVEL,233,2025-10-02 15:57:00,5,15,10,14DDFEABC331E08317FB0C713E2BBA921E98E5D018437BE8E3E0D276603FAB19AC22AD427AD14727F28ABCF7FE81B2B3365E6EE719BA5976770F4118AF2F93C1,INJURY AND / OR TOW DUE TO CRASH,"OVER $1,500",OTHER,ANGLE,41.8022206334,DAYLIGHT,-87.60655293,3,25,UNABLE TO DETERMINE,NO DEFECTS,DRY,NOT APPLICABLE,S,5100,OTHER,OTHER,CLEAR,0.0,0.0,1.0,0.0,0.0,1.0,1,10,"[""Y""]","[""Y""]","[""Y""]","[""2025-10-02T15:57:00.000""]","[""2162324"", ""2162325"", ""2162326""]","[""SIDE-LEFT-FRONT"", ""SIDE-RIGHT""]","[""IL""]","[""CHEVROLET"", ""FORD"", ""FREIGHTLINER CORPORATION""]","[""OTHER"", ""STRAIGHT AHEAD""]","[""EDGE"", ""EQUINOX"", ""FREIGHTLINER CORP.""]","[""1"", ""2"", ""31""]","[""N"", ""S"", ""W""]","[""1"", ""2"", ""3""]","[""DRIVER""]","[""NONE""]","[""2061252"", ""2061262"", ""2061320""]","[""BUS OVER 15 PASS."", ""PASSENGER""]","[""PERSONAL"", ""SCHOOL BUS""]","[""2011"", ""2013"", ""2022""]","[""Y""]","[""Y""]","[""Y""]","[""PRIVATE TOW"", ""cityofchicago""]","[""Y""]","[""Y""]",[],"[""Y""]","[""Y""]",[],"[""1"", ""30""]","[""Y""]",[],"[""Y""]","[""Y""]","[""PRIVATE TOW"", ""pound 1""]","['10', '11', '12', '13', '14', '33', '34', '58', '7', '8', '9']","[""DEPLOYED, SIDE"", ""DID NOT DEPLOY""]","[""TEST NOT OFFERED""]","[""CHICAGO"", ""DOLTON""]","[""2025-10-02T15:57:00.000""]","[""DISREGARDED CONTROL DEVICES"", ""NONE""]","[""NOT OBSCURED""]","[""B"", ""D""]","[""IL""]","[""NONE""]",[],"[""O2162324"", ""O2162325"", ""O2162326"", ""P477174"", ""P477175"", ""P477176"", ""P477177"", ""P477178"", ""P477179"", ""P477180"", ""P477182"", ""P477184"", ""P477185"", ""P477186"", ""P477187"", ""P477188"", ""P477189"", ""P477190"", ""P477191"", ""P477192"", ""P477193"", ""P477196"", ""P477198"", ""P477199"", ""P477200"", ""P477202"", ""P477204"", ""P477205"", ""P477206"", ""P477207"", ""P477208"", ""P477210"", ""P477211"", ""P477218""]","[""DRIVER"", ""PASSENGER""]","[""NORMAL"", ""UNKNOWN""]","[""SAFETY BELT USED"", ""USAGE UNKNOWN""]","[""F"", ""M"", ""X""]","[""IL""]","[""2061252"", ""2061262"", ""2061320""]","[""60419"", ""60619"", ""60653""]",[],"[""10"", ""11"", ""12"", ""4"", ""5"", ""6"", ""8""]",[],[],[],[],2025,10,15,2,False,afternoon,41.8,-87.61,41.8_-87.61,19.0,7,58,OTHER,1
STRAIGHT AND LEVEL,632,2025-10-02 15:57:00,5,15,10,35CF3FA54755FB10B45B338E30A8072F48D3203106873A044DFC6D3CEA02648E19B93C4C1BB762F977B014C39D8502130A79ACAB8682B5039414EB000BFBC207,INJURY AND / OR TOW DUE TO CRASH,"OVER $1,500",NO CONTROLS,TURNING,41.7365141544,DAYLIGHT,-87.6065616854,2,30,FAILING TO YIELD RIGHT-OF-WAY,NO DEFECTS,DRY,IMPROPER OVERTAKING/PASSING,E,717,NO CONTROLS,DIVIDED - W/MEDIAN (NOT RAISED),CLEAR,0.0,0.0,0.0,0.0,0.0,1.0,1,2,"[""Y""]",[],"[""Y""]","[""2025-10-02T15:57:00.000""]","[""2162334"", ""2162335""]","[""FRONT"", ""FRONT-LEFT-CORNER""]","[""IL""]","[""CHEVROLET"", ""LAND ROVER""]","[""PASSING/OVERTAKING"", ""TURNING LEFT""]","[""RANGE ROVER (EVOQUE / SPORT / VELAR)"", ""TRAX""]","[""1""]","[""E"", ""W""]","[""1"", ""2""]","[""DRIVER""]","[""NONE""]","[""2061257"", ""2061261""]","[""PASSENGER"", ""SPORT UTILITY VEHICLE (SUV)""]","[""PERSONAL""]","[""2008"", ""2024""]",[],[],"[""Y""]",[],"[""Y""]",[],[],[],"[""Y""]",[],[],[],[],[],[],[],"['39', '58']","[""DID NOT DEPLOY"", ""NOT APPLICABLE""]","[""TEST NOT OFFERED""]","[""CHICAGO"", ""PEORIA""]","[""2025-10-02T15:57:00.000""]","[""FAILED TO YIELD"", ""IMPROPER PASSING""]","[""MOVING VEHICLES"", ""NOT OBSCURED""]","[""D""]","[""IL""]","[""NONE""]",[],"[""O2162334"", ""O2162335""]","[""DRIVER""]","[""NORMAL""]","[""USAGE UNKNOWN""]","[""F"", ""M""]","[""IL""]","[""2061257"", ""2061261""]","[""60643"", ""61602""]",[],[],[],[],[],[],2025,10,15,2,False,afternoon,41.74,-87.61,41.74_-87.61,48.5,39,58,FAILURE-TO-YIELD,0
STRAIGHT AND LEVEL,914,2025-10-02 15:50:00,5,15,10,ADC84BCB6BFFA1588F3F5C750EC719B949FF498C40423DEA90D0FD9A2A6202A32D45F08454B09215609FD4360F7730CFDF9E9E395026CC5BAC5C97376FA22438,NO INJURY / DRIVE AWAY,"OVER $1,500",FUNCTIONING PROPERLY,TURNING,41.8529764275,DAYLIGHT,-87.6310400449,2,30,IMPROPER LANE USAGE,NO DEFECTS,DRY,FAILING TO YIELD RIGHT-OF-WAY,W,140,TRAFFIC SIGNAL,T-INTERSECTION,CLEAR,0.0,0.0,1.0,0.0,0.0,1.0,1,2,"[""Y""]",[],[],"[""2025-10-02T15:50:00.000""]","[""2162311"", ""2162312""]","[""FRONT-RIGHT-CORNER"", ""REAR-LEFT-CORNER""]","[""IL""]","[""FORD"", ""KIA""]","[""TURNING LEFT""]","[""F450"", ""SELTOS""]","[""1""]","[""NW"", ""W""]","[""1"", ""2""]","[""DRIVER""]","[""NONE""]","[""2061247"", ""2061265""]","[""PASSENGER"", ""PICKUP""]","[""OTHER"", ""PERSONAL""]","[""2013"", ""2023""]",[],[],[],[],[],"[""Y""]",[],[],[],[],[],[],[],"[""Y""]","[""Y""]",[],"['52', '55']","[""DID NOT DEPLOY"", ""NOT APPLICABLE""]","[""TEST NOT OFFERED""]","[""CHICAGO""]","[""2025-10-02T15:50:00.000""]","[""IMPROPER LANE CHANGE"", ""OTHER""]","[""UNKNOWN""]","[""D""]","[""IL""]","[""NONE""]",[],"[""O2162311"", ""O2162312""]","[""DRIVER""]","[""NORMAL""]","[""USAGE UNKNOWN""]","[""F"", ""M""]","[""IL""]","[""2061247"", ""2061265""]","[""60585"", ""60616""]",[],[],[],[],[],[],2025,10,15,2,False,afternoon,41.85,-87.63,41.85_-87.63,53.5,52,55,OTHER,0
STRAIGHT AND LEVEL,1232,2025-10-02 15:39:00,5,15,10,04742FEA815BED99B0DC1C8D187D8484D5F0ADF3077853A98F888CFD5CC5237A39AABCBE2A6CB65BF4412760445F48611D23BA9D652B7B921B768A93A9FE50EF,INJURY AND / OR TOW DUE TO CRASH,"$501 - $1,500",NO CONTROLS,PEDALCYCLIST,41.8656602853,DAYLIGHT,-87.6470196016,2,30,UNABLE TO DETERMINE,NO DEFECTS,DRY,UNABLE TO DETERMINE,S,1250,NO CONTROLS,NOT DIVIDED,CLEAR,0.0,0.0,0.0,1.0,0.0,1.0,2,2,"[""Y""]","[""Y""]",[],"[""2025-10-02T15:39:00.000""]","[""2162295"", ""2162296""]","[""FRONT-RIGHT-CORNER""]","[""IL""]","[""TOYOTA""]","[""LEAVING TRAFFIC LANE TO PARK""]","[""RAV4""]","[""1""]","[""S""]","[""1"", ""2""]","[""BICYCLE"", ""DRIVER""]","[""NONE""]","[""2061227""]","[""SPORT UTILITY VEHICLE (SUV)""]","[""TAXI/FOR HIRE""]","[""2024""]",[],[],[],[],[],[],[],[],[],[],[],[],[],[],[],[],"['41', '52']","[""NOT APPLICABLE""]","[""TEST NOT OFFERED""]","[""CHICAGO"", ""WAUKEGAN""]","[""2025-10-02T15:39:00.000""]","[""UNKNOWN""]","[""NOT OBSCURED"", ""UNKNOWN""]","[""A""]","[""IL""]","[""NONE""]",[],"[""O2162295"", ""O2162296""]","[""BICYCLE"", ""DRIVER""]","[""NORMAL""]","[""HELMET NOT USED"", ""USAGE UNKNOWN""]","[""M""]","[""IL""]","[""2061227""]","[""60087"", ""60607""]","[""CFD""]",[],"[""WITH TRAFFIC""]","[""BIKE LANE""]","[""NO CONTRASTING CLOTHING""]",[],2025,10,15,2,False,afternoon,41.87,-87.65,41.87_-87.65,46.5,41,52,OTHER,1