alignment,beat_of_occurrence,crash_date,crash_day_of_week,crash_hour,crash_month,crash_record_id,crash_type,damage,device_condition,first_crash_type,latitude,lighting_condition,longitude,num_units,posted_speed_limit,prim_contributory_cause,road_defect,roadway_surface_cond,sec_contributory_cause,street_direction,street_no,traffic_control_device,trafficway_type,weather_condition,private_property_i,hit_and_run_i,intersection_related_i,crash_date_est_i,work_zone_i,workers_present_i,veh_count,ppl_count,veh_area_01_i_list_json,veh_area_02_i_list_json,veh_area_12_i_list_json,veh_crash_date_list_json,veh_crash_unit_id_list_json,veh_first_contact_point_list_json,veh_lic_plate_state_list_json,veh_make_list_json,veh_maneuver_list_json,veh_model_list_json,veh_occupant_cnt_list_json,veh_travel_direction_list_json,veh_unit_no_list_json,veh_unit_type_list_json,veh_vehicle_defect_list_json,veh_vehicle_id_list_json,veh_vehicle_type_list_json,veh_vehicle_use_list_json,veh_vehicle_year_list_json,veh_area_03_i_list_json,veh_area_04_i_list_json,veh_area_11_i_list_json,veh_towed_by_list_json,veh_towed_i_list_json,veh_area_07_i_list_json,veh_area_99_i_list_json,veh_area_09_i_list_json,veh_area_10_i_list_json,veh_cmrc_veh_i_list_json,veh_num_passengers_list_json,veh_area_08_i_list_json,veh_area_00_i_list_json,veh_area_05_i_list_json,veh_area_06_i_list_json,veh_towed_to_list_json,ppl_age_list_json,ppl_airbag_deployed_list_json,ppl_bac_result_list_json,ppl_city_list_json,ppl_crash_date_list_json,ppl_driver_action_list_json,ppl_driver_vision_list_json,ppl_drivers_license_class_list_json,ppl_drivers_license_state_list_json,ppl_ejection_list_json,ppl_hospital_list_json,ppl_person_id_list_json,ppl_person_type_list_json,ppl_physical_condition_list_json,ppl_safety_equipment_list_json,ppl_sex_list_json,ppl_state_list_json,ppl_vehicle_id_list_json,ppl_zipcode_list_json,ppl_ems_agency_list_json,ppl_seat_no_list_json,ppl_pedpedal_action_list_json,ppl_pedpedal_location_list_json,ppl_pedpedal_visibility_list_json,ppl_ems_run_no_list_json,year,month,hour,day,is_weekend,hour_bin,lat_bin,lng_bin,grid_id,ppl_age_mean,ppl_age_min,ppl_age_max,prim_contributory_cause_group,ksi_flag
STRAIGHT AND LEVEL,1812,2025-10-02 15:35:00,5,15,10,C1D213D046916799535A0CFE7E3728F179F69CECEC0E6DA12A98AB6F5FE9CBD0739D3B389A6E30A365D123BBA7BDF16AA5903B484BC82F7F58E8AD4C03848E8D,NO INJURY / DRIVE AWAY,"$501 - $1,500",NO CONTROLS,REAR END,41.9220096609,DAYLIGHT,-87.642992717,2,30,UNABLE TO DETERMINE,NO DEFECTS,DRY,UNABLE TO DETERMINE,W,540,NO CONTROLS,NOT DIVIDED,CLEAR,0.0,0.0,0.0,0.0,0.0,1.0,1,2,[],[],"[""Y""]","[""2025-10-02T15:35:00.000""]","[""2162678"", ""2162679""]","[""FRONT"", ""REAR""]","[""IL""]","[""LAND ROVER"", ""TOYOTA""]","[""STRAIGHT AHEAD""]","[""PRIUS"", ""RANGE ROVER (EVOQUE / SPORT / VELAR)""]","[""1""]","[""W""]","[""1"", ""2""]","[""DRIVER""]","[""NONE""]","[""2061587"", ""2061590""]","[""PASSENGER""]","[""PERSONAL""]","[""2006"", ""2010""]",[],[],[],[],[],[],[],[],[],[],[],[],[],[],"[""Y""]",[],"['44', '58']","[""DID NOT DEPLOY""]","[""TEST NOT OFFERED""]","[""CHICAGO""]","[""2025-10-02T15:35:00.000""]","[""NONE"", ""UNKNOWN""]","[""NOT OBSCURED""]","[""D""]","[""IL""]","[""NONE""]",[],"[""O2162678"", ""O2162679""]","[""DRIVER""]","[""NORMAL""]","[""SAFETY BELT USED""]","[""F"", ""M""]","[""IL""]","[""2061587"", ""2061590""]","[""60614"", ""60618""]",[],[],[],[],[],[],2025,10,15,2,False,afternoon,41.92,-87.64,41.92_-87.64,51.0,44,58,OTHER,0
STRAIGHT AND LEVEL,1733,2025-10-02 15:30:00,5,15,10,E25946583EC3259F774B2C32113B3BD0D848EF88DF160D6F46AB0C7AD68AE878874D8B362E08C21FC04F5048C81012F57A29A4FD19B8D47FF48EC501E3ED8098,NO INJURY / DRIVE AWAY,"OVER $1,500",NO CONTROLS,REAR END,41.9429303626,DAYLIGHT,-87.7036829518,2,30,FOLLOWING TOO CLOSELY,UNKNOWN,UNKNOWN,FAILING TO REDUCE SPEED TO AVOID CRASH,N,3412,NO CONTROLS,DIVIDED - W/MEDIAN (NOT RAISED),CLEAR,0.0,0.0,0.0,0.0,0.0,1.0,1,2,"[""Y""]",[],"[""Y""]","[""2025-10-02T15:30:00.000""]","[""2162479"", ""2162480""]","[""FRONT"", ""REAR""]","[""IL""]","[""HONDA"", ""LEXUS""]","[""SLOW/STOP IN TRAFFIC""]","[""HR-V"", ""RX450H""]","[""1""]","[""SE""]","[""1"", ""2""]","[""DRIVER""]","[""NONE"", ""UNKNOWN""]","[""2061388"", ""2061391""]","[""SPORT UTILITY VEHICLE (SUV)""]","[""PERSONAL"", ""UNKNOWN/NA""]","[""2010"", ""2022""]",[],[],"[""Y""]",[],[],"[""Y""]",[],[],[],[],[],[],[],"[""Y""]","[""Y""]",[],"['19', '47']","[""DID NOT DEPLOY""]","[""TEST NOT OFFERED""]","[""CHULA VISTA"", ""WHEELING""]","[""2025-10-02T15:30:00.000""]","[""FOLLOWED TOO CLOSELY"", ""OTHER""]","[""NOT OBSCURED"", ""UNKNOWN""]","[""C"", ""D""]","[""CA"", ""IL""]","[""NONE""]",[],"[""O2162479"", ""O2162480""]","[""DRIVER""]","[""NORMAL"", ""UNKNOWN""]","[""SAFETY BELT USED"", ""USAGE UNKNOWN""]","[""F"", ""M""]","[""CA"", ""IL""]","[""2061388"", ""2061391""]","[""60090"", ""91913""]",[],[],[],[],[],[],2025,10,15,2,False,afternoon,41.94,-87.7,41.94_-87.7,33.0,19,47,FOLLOWING TOO CLOSELY,0
STRAIGHT AND LEVEL,726,2025-10-02 15:30:00,5,15,10,21918C1E6D740FD551901766D839CF93F19948C6F170D29EF923CF19F0384BEB04B44718704FD54E1437A7AB4171B27AE95B1B8BE9FB46CB0FFF6BDF1D994192,NO INJURY / DRIVE AWAY,"OVER $1,500",NO CONTROLS,SIDESWIPE SAME DIRECTION,41.7791981449,DAYLIGHT,-87.6745094675,2,30,IMPROPER OVERTAKING/PASSING,NO DEFECTS,DRY,IMPROPER LANE USAGE,W,2013,NO CONTROLS,NOT DIVIDED,CLEAR,0.0,0.0,0.0,0.0,0.0,1.0,1,2,"[""Y""]","[""Y""]","[""Y""]","[""2025-10-02T15:30:00.000""]","[""2162291"", ""2162292""]","[""SIDE-LEFT"", ""SIDE-RIGHT""]","[""IL""]","[""CHEVROLET"", ""HONDA""]","[""PASSING/OVERTAKING"", ""STRAIGHT AHEAD""]","[""CR-V"", ""EQUINOX""]","[""1""]","[""W""]","[""1"", ""2""]","[""DRIVER""]","[""UNKNOWN""]","[""2061223"", ""2061226""]","[""SPORT UTILITY VEHICLE (SUV)""]","[""PERSONAL""]","[""2020"", ""2026""]","[""Y""]",[],[],[],[],[],[],"[""Y""]","[""Y""]",[],[],"[""Y""]",[],[],[],[],"['42', '52']","[""NOT APPLICABLE""]","[""TEST NOT OFFERED""]","[""CHICAGO""]","[""2025-10-02T15:30:00.000""]","[""IMPROPER PASSING"", ""NONE""]","[""UNKNOWN""]","[""D""]","[""IL""]","[""NONE""]",[],"[""O2162291"", ""O2162292""]","[""DRIVER""]","[""UNKNOWN""]","[""SAFETY BELT USED""]","[""F""]","[""IL""]","[""2061223"", ""2061226""]","[""60638"", ""60653""]",[],[],[],[],[],[],2025,10,15,2,False,afternoon,41.78,-87.67,41.78_-87.67,47.0,42,52,OTHER,0
STRAIGHT AND LEVEL,1832,2025-10-02 15:30:00,5,15,10,203284F8F89501A9B9EFFE8199F1DE9638DD07781F5BD7267C2C989D96BC87B176ED14925393CCEF1575C1A65AD2EC15A85737DC818551E9C09ADBE4A3966751,NO INJURY / DRIVE AWAY,"OVER $1,500",FUNCTIONING PROPERLY,REAR END,41.8955421829,DAYLIGHT,-87.629897667,2,30,NOT APPLICABLE,UNKNOWN,DRY,FOLLOWING TOO CLOSELY,N,718,TRAFFIC SIGNAL,DIVIDED - W/MEDIAN (NOT RAISED),CLEAR,0.0,0.0,1.0,0.0,0.0,1.0,1,2,"[""Y""]","[""Y""]",[],"[""2025-10-02T15:30:00.000""]","[""2162586"", ""2162587""]","[""REAR-LEFT-CORNER"", ""SIDE-RIGHT-FRONT""]","[""IL""]","[""HYUNDAI"", ""TOYOTA""]","[""SLOW/STOP IN TRAFFIC"", ""STRAIGHT AHEAD""]","[""COROLLA"", ""OTHER (EXPLAIN IN NARRATIVE)""]","[""1""]","[""S""]","[""1"", ""2""]","[""DRIVER""]","[""UNKNOWN""]","[""2061502"", ""2061503""]","[""PASSENGER""]","[""PERSONAL""]","[""2025""]","[""Y""]",[],[],[],[],"[""Y""]",[],[],[],[],[],[],[],[],"[""Y""]",[],"['24', '30']","[""DID NOT DEPLOY""]","[""TEST NOT OFFERED""]","[""CHICAGO"", ""GLENVIEW""]","[""2025-10-02T15:30:00.000""]","[""FOLLOWED TOO CLOSELY"", ""UNKNOWN""]","[""UNKNOWN""]","[""D""]","[""IL""]","[""NONE""]",[],"[""O2162586"", ""O2162587""]","[""DRIVER""]","[""UNKNOWN""]","[""USAGE UNKNOWN""]","[""F""]","[""IL""]","[""2061502"", ""2061503""]","[""60026"", ""60651""]",[],[],[],[],[],[],2025,10,15,2,False,afternoon,41.9,-87.63,41.9_-87.63,27.0,24,30,OTHER,0
STRAIGHT AND LEVEL,924,2025-10-02 15:20:00,5,15,10,E561A923D4D990D130ED48ABC6D9CBC9BA976C57B92778D61BE1CBB257A25B78F73CF8230569CF5BF57381F30A4AC4412457275CDC218CB20568E64A0755DB67,NO INJURY / DRIVE AWAY,"OVER $1,500",NO CONTROLS,ANGLE,41.8229330376,DAWN,-87.6805573913,2,30,UNABLE TO DETERMINE,NO DEFECTS,DRY,NOT APPLICABLE,W,2211,NO CONTROLS,NOT DIVIDED,CLEAR,0.0,1.0,0.0,0.0,0.0,1.0,1,1,[],[],[],"[""2025-10-02T15:20:00.000""]","[""2162299"", ""2162300""]","[""FRONT"", ""SIDE-RIGHT""]","[""IL""]","[""JEEP"", ""UNKNOWN""]","[""STRAIGHT AHEAD""]","[""GRAND CHEROKEE"", ""OTHER (EXPLAIN IN NARRATIVE)""]","[""1""]","[""UNKNOWN"", ""W""]","[""1"", ""2""]","[""DRIVER""]","[""NONE""]","[""2061228"", ""2061232""]","[""PASSENGER"", ""UNKNOWN/NA""]","[""OTHER"", ""PERSONAL""]","[""2018""]","[""Y""]","[""Y""]",[],[],[],[],[],[],[],[],[],[],[],[],[],[],['60'],"[""DEPLOYMENT UNKNOWN"", ""NOT APPLICABLE""]","[""TEST NOT OFFERED""]","[""CHICAGO""]","[""2025-10-02T15:20:00.000""]","[""NONE""]","[""NOT OBSCURED"", ""UNKNOWN""]",[],"[""IL""]","[""NONE""]","[""REFUSED""]","[""O2162299"", ""O2162300""]","[""DRIVER""]","[""NORMAL"", ""UNKNOWN""]","[""USAGE UNKNOWN""]","[""M"", ""X""]","[""IL""]","[""2061228"", ""2061232""]",[],[],[],[],[],[],[],2025,10,15,2,False,afternoon,41.82,-87.68,41.82_-87.68,60.0,60,60,OTHER,0
STRAIGHT AND LEVEL,1222,2025-10-02 15:19:00,5,15,10,6DEB76EBDDE4997EB2A01BA91E9E9F55AF9EDEB236D01E3C2D308FE5CB36A3FCA1E0BCE4F944DAC5F9238EC39EFA2FFBF36ED175281EBF6E0466CBD8ED0716D8,NO INJURY / DRIVE AWAY,$500 OR LESS,NO CONTROLS,PEDALCYCLIST,41.8812398998,DAYLIGHT,-87.688680994,2,30,NOT APPLICABLE,UNKNOWN,UNKNOWN,NOT APPLICABLE,W,2502,NO CONTROLS,NOT DIVIDED,CLEAR,0.0,0.0,0.0,0.0,0.0,1.0,2,1,"[""Y""]",[],[],"[""2025-10-02T15:19:00.000""]","[""2162379"", ""2162380""]","[""UNKNOWN""]","[""IL""]","[""CHEVROLET""]","[""STRAIGHT AHEAD""]","[""AVALANCHE""]","[""1""]","[""W""]","[""1"", ""2""]","[""BICYCLE"", ""DRIVER""]","[""UNKNOWN""]","[""2061313""]","[""PICKUP""]","[""UNKNOWN/NA""]","[""2013""]",[],[],[],[],[],[],[],[],[],[],[],[],[],[],[],[],['65'],"[""NOT APPLICABLE""]","[""TEST NOT OFFERED""]","[""CHICAGO""]","[""2025-10-02T15:19:00.000""]","[""NONE"", ""OTHER""]","[""UNKNOWN""]",[],"[""IL""]","[""NONE"", ""UNKNOWN""]",[],"[""O2162379"", ""O2162380""]","[""BICYCLE"", ""DRIVER""]","[""NORMAL"", ""UNKNOWN""]","[""BICYCLE HELMET (PEDACYCLIST INVOLVED ONLY)"", ""USAGE UNKNOWN""]","[""M""]","[""IL""]","[""2061313""]","[""60619""]",[],[],"[""OTHER ACTION""]","[""IN ROADWAY""]","[""NO CONTRASTING CLOTHING""]",[],2025,10,15,2,False,afternoon,41.88,-87.69,41.88_-87.69,65.0,65,65,OTHER,0
STRAIGHT AND LEVEL,1111,2025-10-02 15:10:00,5,15,10,47C7F2A0557DF9EAA81DE57D3433BEF72A3EB1F70EA34BACF05A41C7039FFFA4A9B21F8E4C273DEF1E65ABB8DA72BC6846F9F3C4943BC1BF14DA38F1ADDDB913,NO INJURY / DRIVE AWAY,"OVER $1,500",NO CONTROLS,REAR END,41.8949438038,UNKNOWN,-87.7262155324,2,30,UNABLE TO DETERMINE,UNKNOWN,UNKNOWN,NOT APPLICABLE,N,748,NO CONTROLS,NOT DIVIDED,CLEAR,0.0,0.0,0.0,0.0,0.0,1.0,1,1,"[""Y""]","[""Y""]","[""Y""]","[""2025-10-02T15:10:00.000""]","[""2162318"", ""2162319""]","[""FRONT-RIGHT-CORNER"", ""REAR-LEFT-CORNER""]","[""IL""]","[""HONDA"", ""NISSAN""]","[""STRAIGHT AHEAD""]","[""OTHER (EXPLAIN IN NARRATIVE)"", ""PILOT""]","[""1""]","[""S""]","[""1"", ""2""]","[""DRIVER""]","[""NONE""]","[""2061255"", ""2061299""]","[""PASSENGER""]","[""PERSONAL""]","[""2011"", ""2017""]",[],[],[],[],[],"[""Y""]",[],[],[],[],[],"[""Y""]",[],[],[],[],['28'],"[""DEPLOYMENT UNKNOWN"", ""NOT APPLICABLE""]","[""TEST NOT OFFERED""]","[""CHICAGO""]","[""2025-10-02T15:10:00.000""]","[""NONE""]","[""NOT OBSCURED"", ""UNKNOWN""]","[""D""]","[""IL""]","[""NONE""]",[],"[""O2162318"", ""O2162319""]","[""DRIVER""]","[""NORMAL"", ""UNKNOWN""]","[""SAFETY BELT USED"", ""USAGE UNKNOWN""]","[""F""]","[""IL""]","[""2061255"", ""2061299""]","[""60624""]",[],[],[],[],[],[],2025,10,15,2,False,afternoon,41.89,-87.73,41.89_-87.73,28.0,28,28,OTHER,0
STRAIGHT AND LEVEL,1911,2025-10-02 15:10:00,5,15,10,02921151CC23F21101A8662A2800C4A8BDB807356458978E296B36B87D704DE65E6BECC9858ED2C802BDA3F0349F4B9101B3F8C6541D0D38C1E724FBE7739EE3,NO INJURY / DRIVE AWAY,"$501 - $1,500",NO CONTROLS,SIDESWIPE SAME DIRECTION,41.9625429938,DAYLIGHT,-87.6804793417,2,20,UNABLE TO DETERMINE,UNKNOWN,DRY,UNABLE TO DETERMINE,N,4437,NO CONTROLS,DIVIDED - W/MEDIAN (NOT RAISED),CLEAR,0.0,0.0,0.0,0.0,0.0,1.0,1,2,"[""Y""]","[""Y""]",[],"[""2025-10-02T15:10:00.000""]","[""2162262"", ""2162263""]","[""TOTAL (ALL AREAS)""]","[""IL""]","[""HONDA"", ""MAZDA""]","[""ENTERING TRAFFIC LANE FROM PARKING"", ""STRAIGHT AHEAD""]","[""CX-5"", ""ODYSSEY""]","[""1""]","[""N""]","[""1"", ""2""]","[""DRIVER""]","[""UNKNOWN""]","[""2061192"", ""2061203""]","[""PASSENGER"", ""VAN/MINI-VAN""]","[""PERSONAL""]","[""2011"", ""2024""]","[""Y""]","[""Y""]","[""Y""]",[],[],[],[],"[""Y""]","[""Y""]",[],[],"[""Y""]",[],[],[],[],"['42', '61']","[""DID NOT DEPLOY""]","[""TEST NOT OFFERED""]","[""CHICAGO"", ""ROLLING MEADOWS""]","[""2025-10-02T15:10:00.000""]","[""UNKNOWN""]","[""UNKNOWN""]","[""D""]","[""IL""]","[""NONE""]",[],"[""O2162262"", ""O2162263""]","[""DRIVER""]","[""NORMAL""]","[""SAFETY BELT USED""]","[""F""]","[""IL""]","[""2061192"", ""2061203""]","[""60008"", ""60625""]",[],[],[],[],[],[],2025,10,15,2,False,afternoon,41.96,-87.68,41.96_-87.68,51.5,42,61,OTHER,0
STRAIGHT AND LEVEL,821,2025-10-02 15:04:00,5,15,10,8CCEF6C2BFE96288EC71B16D52B6EEBC63E42E87A5CC382952910CB2B48E648FA589042D15F9B66A22C402777584799F82E747323FB891907B1DD404EAAC94CC,NO INJURY / DRIVE AWAY,"OVER $1,500",NO CONTROLS,TURNING,41.8110157155,DAYLIGHT,-87.7090201171,2,30,FAILING TO YIELD RIGHT-OF-WAY,NO DEFECTS,DRY,NOT APPLICABLE,S,4531,NO CONTROLS,T-INTERSECTION,CLEAR,0.0,0.0,1.0,0.0,0.0,1.0,1,2,[],[],"[""Y""]","[""2025-10-02T15:04:00.000""]","[""2162307"", ""2162308""]","[""FRONT"", ""REAR-RIGHT-CORNER""]","[""IL""]","[""AUDI"", ""CHRYSLER""]","[""STRAIGHT AHEAD"", ""TURNING LEFT""]","[""S5"", ""TOWN & COUNTRY""]","[""1""]","[""E"", ""W""]","[""1"", ""2""]","[""DRIVER""]","[""NONE""]","[""2061234"", ""2061241""]","[""PASSENGER"", ""VAN/MINI-VAN""]","[""PERSONAL""]","[""2005"", ""2018""]","[""Y""]","[""Y""]",[],[],[],[],[],[],[],[],[],[],[],"[""Y""]",[],[],"['19', '61']","[""DID NOT DEPLOY""]","[""TEST NOT OFFERED""]","[""CHICAGO""]","[""2025-10-02T15:04:00.000""]","[""FAILED TO YIELD"", ""NONE""]","[""NOT OBSCURED"", ""UNKNOWN""]","[""D""]","[""IL""]","[""NONE""]",[],"[""O2162307"", ""O2162308""]","[""DRIVER""]","[""NORMAL""]","[""SAFETY BELT USED""]","[""M""]","[""IL""]","[""2061234"", ""2061241""]","[""60623"", ""60632""]",[],[],[],[],[],[],2025,10,15,2,False,afternoon,41.81,-87.71,41.81_-87.71,40.0,19,61,FAILURE-TO-YIELD,0
STRAIGHT AND LEVEL,1923,2025-10-02 15:00:00,5,15,10,E21CCFD8889BDDADA0F9E8AEF67689FCFDE1ED0D284BEE1FAC2F6DE7DAFA4BB117486F301868D7F9952D7CEDEDAC937837285FE21379FB9185AD7D9E6CEB2002,NO INJURY / DRIVE AWAY,"OVER $1,500",NO CONTROLS,PARKED MOTOR VEHICLE,41.9511285266,DAYLIGHT,-87.6613250498,2,30,UNABLE TO DETERMINE,NO DEFECTS,DRY,UNABLE TO DETERMINE,W,1250,STOP SIGN/FLASHER,NOT DIVIDED,CLEAR,0.0,0.0,0.0,0.0,0.0,1.0,2,0,[],[],[],"[""2025-10-02T15:00:00.000""]","[""2162356"", ""2162357""]","[""REAR-RIGHT-CORNER"", ""SIDE-LEFT-FRONT""]","[""IL""]","[""GENERAL MOTORS CORPORATION (GMC)"", ""HONDA""]","[""PARKED IN TRAFFIC LANE"", ""TURNING LEFT""]","[""FIT"", ""OTHER (EXPLAIN IN NARRATIVE)""]","[""0"", ""1""]","[""W""]","[""1"", ""2""]","[""DRIVER"", ""PARKED""]","[""UNKNOWN""]","[""2061296"", ""2061304""]","[""PASSENGER"", ""TRACTOR W/ SEMI-TRAILER""]","[""COMMERCIAL - MULTI-UNIT"", ""PERSONAL""]","[""2007"", ""2012""]",[],[],[],[],[],[],[],[],"[""Y""]","[""N""]",[],[],[],"[""Y""]",[],[],[],"[""NOT APPLICABLE""]","[""TEST NOT OFFERED""]","[""CHICAGO""]","[""2025-10-02T15:00:00.000""]","[""UNKNOWN""]","[""UNKNOWN""]","[""C""]","[""IL""]","[""UNKNOWN""]",[],"[""O2162356""]","[""DRIVER""]","[""NORMAL""]","[""USAGE UNKNOWN""]","[""M""]","[""IL""]","[""2061296""]","[""60641""]",[],[],[],[],[],[],2025,10,15,2,False,afternoon,41.95,-87.66,41.95_-87.66,0.0,0,0,OTHER,0
STRAIGHT AND LEVEL,121,2025-10-02 15:00:00,5,15,10,B612A6312065D02150D00735673873CE885F051D184A15B2CE578C38DA028C3651D70819E87C9E12CD336E53D1C9BD8ADBB6E7BA3E16E4771E6B5D4A95645E60,NO INJURY / DRIVE AWAY,"OVER $1,500",NO CONTROLS,REAR END,41.8830557647,DAYLIGHT,-87.6440921376,2,30,FOLLOWING TOO CLOSELY,UNKNOWN,UNKNOWN,FAILING TO REDUCE SPEED TO AVOID CRASH,W,635,STOP SIGN/FLASHER,RAMP,CLEAR,0.0,1.0,0.0,0.0,0.0,1.0,1,1,"[""Y""]",[],"[""Y""]","[""2025-10-02T15:00:00.000""]","[""2162271"", ""2162272""]","[""FRONT"", ""REAR""]","[""IL""]","[""LAND ROVER"", ""VOLKSWAGEN""]","[""SLOW/STOP IN TRAFFIC""]","[""DISCOVERY"", ""OTHER (EXPLAIN IN NARRATIVE)""]","[""1""]","[""N""]","[""1"", ""2""]","[""DRIVER""]","[""NONE"", ""UNKNOWN""]","[""2061197"", ""2061205""]","[""SPORT UTILITY VEHICLE (SUV)""]","[""PERSONAL"", ""UNKNOWN/NA""]","[""2015"", ""2022""]",[],[],"[""Y""]",[],[],"[""Y""]",[],[],[],[],[],[],[],"[""Y""]","[""Y""]",[],['32'],"[""DEPLOYMENT UNKNOWN"", ""DID NOT DEPLOY""]","[""TEST NOT OFFERED""]","[""CHICAGO""]","[""2025-10-02T15:00:00.000""]","[""FOLLOWED TOO CLOSELY"", ""NONE""]","[""NOT OBSCURED"", ""UNKNOWN""]","[""DM""]","[""IL""]","[""NONE""]",[],"[""O2162271"", ""O2162272""]","[""DRIVER""]","[""NORMAL"", ""UNKNOWN""]","[""SAFETY BELT USED"", ""USAGE UNKNOWN""]","[""M""]","[""IL""]","[""2061197"", ""2061205""]","[""60654""]",[],[],[],[],[],[],2025,10,15,2,False,afternoon,41.88,-87.64,41.88_-87.64,32.0,32,32,FOLLOWING TOO CLOSELY,0
STRAIGHT AND LEVEL,2011,2025-10-02 15:00:00,5,15,10,4706BC05EA6A5DC444EA7EC0B42085262BCFF85D5C2665464B37008308010FFE8FFC4CA382AE4BE729EB5349229B1FDDF233A5B26786C1671E5E501F6E51FC43,NO INJURY / DRIVE AWAY,"OVER $1,500",NO CONTROLS,PARKED MOTOR VEHICLE,41.9829706442,DAYLIGHT,-87.6941501377,2,20,NOT APPLICABLE,NO DEFECTS,DRY,NOT APPLICABLE,N,5555,NO CONTROLS,PARKING LOT,CLEAR,1.0,0.0,0.0,0.0,0.0,1.0,2,1,[],[],[],"[""2025-10-02T15:00:00.000""]","[""2163438"", ""2163439""]","[""FRONT-LEFT-CORNER"", ""REAR-RIGHT-CORNER""]","[""IL""]","[""KIA"", ""TOYOTA""]","[""BACKING"", ""PARKED""]","[""COROLLA"", ""OPTIMA / K5""]","[""0"", ""1""]","[""UNKNOWN""]","[""1"", ""2""]","[""DRIVER"", ""PARKED""]","[""NONE"", ""UNKNOWN""]","[""2062336"", ""2062337""]","[""PASSENGER""]","[""PERSONAL""]","[""2020"", ""2025""]",[],"[""Y""]","[""Y""]",[],[],[],[],[],[],[],[],[],[],"[""Y""]",[],[],['0'],"[""NOT APPLICABLE""]","[""TEST NOT OFFERED""]","[""CHICAGO""]","[""2025-10-02T15:00:00.000""]","[""NONE""]","[""NOT OBSCURED""]","[""D""]","[""IL""]","[""NONE""]",[],"[""O2163438""]","[""DRIVER""]","[""NORMAL""]","[""SAFETY BELT USED""]","[""F""]","[""IL""]","[""2062336""]","[""60625""]",[],[],[],[],[],[],2025,10,15,2,False,afternoon,41.98,-87.69,41.98_-87.69,0.0,0,0,OTHER,0
STRAIGHT AND LEVEL,731,2025-10-02 15:00:00,5,15,10,2C94E2FAF7E90FD1454C3E2494C7A12E5AD4D8DAE669F1E7370379B137755E4A88F1C46524A30F7C7250264E708B55F6B418550BFEB526A4D6290C8EBE216791,NO INJURY / DRIVE AWAY,"OVER $1,500",FUNCTIONING PROPERLY,ANGLE,41.7634986117,DAYLIGHT,-87.6311049836,2,30,DISREGARDING STOP SIGN,NO DEFECTS,DRY,UNABLE TO DETERMINE,S,7200,STOP SIGN/FLASHER,NOT DIVIDED,CLEAR,0.0,0.0,1.0,0.0,0.0,1.0,1,2,"[""Y""]","[""Y""]",[],"[""2025-10-02T15:00:00.000""]","[""2162487"", ""2162488""]","[""REAR"", ""SIDE-RIGHT-FRONT""]","[""IL""]","[""FORD"", ""TOYOTA""]","[""STRAIGHT AHEAD""]","[""AVALON"", ""EDGE""]","[""1""]","[""N"", ""W""]","[""1"", ""2""]","[""DRIVER""]","[""NONE""]","[""2061399"", ""2061405""]","[""PASSENGER""]","[""PERSONAL""]","[""2005"", ""2016""]",[],[],[],[],[],[],[],[],[],[],[],[],[],"[""Y""]","[""Y""]",[],"['25', '61']","[""DID NOT DEPLOY""]","[""TEST NOT OFFERED""]","[""CHICAGO""]","[""2025-10-02T15:00:00.000""]","[""DISREGARDED CONTROL DEVICES"", ""NONE""]","[""NOT OBSCURED""]","[""D""]","[""IL""]","[""NONE""]",[],"[""O2162487"", ""O2162488""]","[""DRIVER""]","[""NORMAL""]","[""SAFETY BELT USED""]","[""F"", ""M""]","[""IL""]","[""2061399"", ""2061405""]","[""60620"", ""60621""]",[],[],[],[],[],[],2025,10,15,2,False,afternoon,41.76,-87.63,41.76_-87.63,43.0,25,61,OTHER,0
STRAIGHT AND LEVEL,1632,2025-10-02 14:58:00,5,14,10,78E679DCE65C00C4B74600D03424EC8FAABE94505CD376BFCFA7F5743181B6428A26ED80BC14B284453E5F20F81897EA4FA3C79F0343CADF0ECFF289BC9AE3CC,NO INJURY / DRIVE AWAY,"OVER $1,500",FUNCTIONING PROPERLY,REAR END,41.9599658408,DAYLIGHT,-87.7869467038,3,35,FOLLOWING TOO CLOSELY,NO DEFECTS,DRY,NOT APPLICABLE,N,4352,STOP SIGN/FLASHER,NOT DIVIDED,CLEAR,0.0,0.0,1.0,0.0,0.0,1.0,1,3,"[""Y""]",[],"[""Y""]","[""2025-10-02T14:58:00.000""]","[""2162264"", ""2162265"", ""2162266""]","[""FRONT"", ""REAR""]","[""IL""]","[""HYUNDAI"", ""JEEP"", ""TOYOTA""]","[""STRAIGHT AHEAD""]","[""CHEROKEE"", ""ELANTRA"", ""PRIUS""]","[""1""]","[""N""]","[""1"", ""2"", ""3""]","[""DRIVER""]","[""NONE"", ""UNKNOWN""]","[""2061195"", ""2061204"", ""2061207""]","[""PASSENGER""]","[""PERSONAL""]","[""2008"", ""2015"", ""2017""]",[],[],"[""N"", ""Y""]",[],[],"[""Y""]",[],[],[],[],[],[],[],"[""Y""]","[""Y""]",[],"['38', '42', '69']","[""DID NOT DEPLOY"", ""NOT APPLICABLE""]","[""TEST NOT OFFERED""]","[""ARLINGTON HEIGHTS"", ""CHICAGO""]","[""2025-10-02T14:58:00.000""]","[""FOLLOWED TOO CLOSELY"", ""NONE""]","[""NOT OBSCURED"", ""UNKNOWN""]","[""D""]","[""IL""]","[""NONE""]",[],"[""O2162264"", ""O2162265"", ""O2162266""]","[""DRIVER""]","[""NORMAL""]","[""SAFETY BELT USED"", ""USAGE UNKNOWN""]","[""F"", ""M""]","[""IL""]","[""2061195"", ""2061204"", ""2061207""]","[""60005"", ""60634"", ""60656""]",[],[],[],[],[],[],2025,10,14,2,False,afternoon,41.96,-87.79,41.96_-87.79,49.666666666666664,38,69,FOLLOWING TOO CLOSELY,0