alignment,beat_of_occurrence,crash_date,crash_day_of_week,crash_hour,crash_month,crash_record_id,crash_type,damage,device_condition,first_crash_type,latitude,lighting_condition,longitude,num_units,posted_speed_limit,prim_contributory_cause,road_defect,roadway_surface_cond,sec_contributory_cause,street_direction,street_no,traffic_control_device,trafficway_type,weather_condition,private_property_i,hit_and_run_i,intersection_related_i,crash_date_est_i,work_zone_i,workers_present_i,veh_count,ppl_count,veh_area_01_i_list_json,veh_area_02_i_list_json,veh_area_12_i_list_json,veh_crash_date_list_json,veh_crash_unit_id_list_json,veh_first_contact_point_list_json,veh_lic_plate_state_list_json,veh_make_list_json,veh_maneuver_list_json,veh_model_list_json,veh_occupant_cnt_list_json,veh_travel_direction_list_json,veh_unit_no_list_json,veh_unit_type_list_json,veh_vehicle_defect_list_json,veh_vehicle_id_list_json,veh_vehicle_type_list_json,veh_vehicle_use_list_json,veh_vehicle_year_list_json,veh_area_03_i_list_json,veh_area_04_i_list_json,veh_area_11_i_list_json,veh_towed_by_list_json,veh_towed_i_list_json,veh_area_07_i_list_json,veh_area_99_i_list_json,veh_area_09_i_list_json,veh_area_10_i_list_json,veh_cmrc_veh_i_list_json,veh_num_passengers_list_json,veh_area_08_i_list_json,veh_area_00_i_list_json,veh_area_05_i_list_json,veh_area_06_i_list_json,veh_towed_to_list_json,ppl_age_list_json,ppl_airbag_deployed_list_json,ppl_bac_result_list_json,ppl_city_list_json,ppl_crash_date_list_json,ppl_driver_action_list_json,ppl_driver_vision_list_json,ppl_drivers_license_class_list_json,ppl_drivers_license_state_list_json,ppl_ejection_list_json,ppl_hospital_list_json,ppl_person_id_list_json,ppl_person_type_list_json,ppl_physical_condition_list_json,ppl_safety_equipment_list_json,ppl_sex_list_json,ppl_state_list_json,ppl_vehicle_id_list_json,ppl_zipcode_list_json,ppl_ems_agency_list_json,ppl_seat_no_list_json,ppl_pedpedal_action_list_json,ppl_pedpedal_location_list_json,ppl_pedpedal_visibility_list_json,ppl_ems_run_no_list_json,year,month,hour,day,is_weekend,hour_bin,lat_bin,lng_bin,grid_id,ppl_age_mean,ppl_age_min,ppl_age_max,prim_contributory_cause_group,ksi_flag
STRAIGHT AND LEVEL,1814,2025-10-02 14:58:00,5,14,10,415567A0BAEA7A1C97AFB47533D9515471DE1C526ADA7CB51937000F38897F02D418A906A700EEB1B8C8B100BFA238F3630FF4C94A17CDBA40FA043FB7D9A31B,NO INJURY / DRIVE AWAY,"OVER $1,500",NO CONTROLS,REAR END,41.9133181785,DAYLIGHT,-87.6325351003,2,30,UNABLE TO DETERMINE,UNKNOWN,UNKNOWN,UNABLE TO DETERMINE,W,114,NO CONTROLS,NOT DIVIDED,CLEAR,0.0,0.0,0.0,0.0,0.0,1.0,1,1,[],[],"[""Y""]","[""2025-10-02T14:58:00.000""]","[""2162250"", ""2162251""]","[""FRONT"", ""SIDE-RIGHT-REAR""]","[""IL"", ""TN""]","[""CHEVROLET"", ""HARLEY-DAVIDSON""]","[""STRAIGHT AHEAD""]","[""OTHER (EXPLAIN IN NARRATIVE)"", ""TRAIL BLAZER""]","[""1""]","[""UNKNOWN""]","[""1"", ""2""]","[""DRIVER""]","[""UNKNOWN""]","[""2061177"", ""2061180""]","[""MOTORCYCLE (OVER 150CC)"", ""SPORT UTILITY VEHICLE (SUV)""]","[""PERSONAL""]","[""2024"", ""2025""]",[],"[""Y""]",[],[],[],[],[],[],[],[],[],[],[],"[""Y""]","[""Y""]",[],['46'],"[""DEPLOYMENT UNKNOWN""]","[""TEST NOT OFFERED""]","[""CHICAGO""]","[""2025-10-02T14:58:00.000""]","[""FOLLOWED TOO CLOSELY"", ""UNKNOWN""]","[""UNKNOWN""]","[""D""]","[""IL""]","[""UNKNOWN""]",[],"[""O2162250"", ""O2162251""]","[""DRIVER""]","[""EMOTIONAL""]","[""HELMET NOT USED"", ""USAGE UNKNOWN""]","[""M""]","[""IL""]","[""2061177"", ""2061180""]","[""60618""]",[],[],[],[],[],[],2025,10,14,2,False,afternoon,41.91,-87.63,41.91_-87.63,46.0,46,46,OTHER,0
STRAIGHT AND LEVEL,333,2025-10-02 14:54:00,5,14,10,1970542EF65722FCC28D43A358840C2EC5AC2E81802DFC639BC312CEC7D3B214A9869130641289FD7AAB5B042F6DF3276F53D64E7215A91E4D64BC7D8F700F25,NO INJURY / DRIVE AWAY,"OVER $1,500",NO CONTROLS,SIDESWIPE SAME DIRECTION,41.7621664473,DAYLIGHT,-87.5763603842,2,30,FAILING TO YIELD RIGHT-OF-WAY,NO DEFECTS,DRY,FAILING TO YIELD RIGHT-OF-WAY,S,7310,NO CONTROLS,DIVIDED - W/MEDIAN (NOT RAISED),CLEAR,0.0,0.0,0.0,0.0,0.0,1.0,1,2,"[""Y""]","[""Y""]",[],"[""2025-10-02T14:54:00.000""]","[""2162301"", ""2162302""]","[""FRONT-LEFT-CORNER"", ""FRONT-RIGHT-CORNER""]","[""IL""]","[""CHEVROLET"", ""TESLA""]","[""PASSING/OVERTAKING"", ""STRAIGHT AHEAD""]","[""MALIBU"", ""MODEL Y""]","[""1""]","[""N""]","[""1"", ""2""]","[""DRIVER""]","[""NONE""]","[""2061233"", ""2061242""]","[""PASSENGER""]","[""PERSONAL""]","[""2022""]",[],[],"[""Y""]",[],[],[],[],[],"[""Y""]",[],[],[],[],[],[],[],"['35', '40']","[""DID NOT DEPLOY""]","[""TEST NOT OFFERED""]","[""CHICAGO""]","[""2025-10-02T14:54:00.000""]","[""OTHER""]","[""NOT OBSCURED""]","[""D""]","[""IL""]","[""NONE""]",[],"[""O2162301"", ""O2162302""]","[""DRIVER""]","[""NORMAL""]","[""USAGE UNKNOWN""]","[""F"", ""M""]","[""IL""]","[""2061233"", ""2061242""]","[""60632"", ""60649""]",[],[],[],[],[],[],2025,10,14,2,False,afternoon,41.76,-87.58,41.76_-87.58,37.5,35,40,FAILURE-TO-YIELD,0
STRAIGHT AND LEVEL,1823,2025-10-02 14:49:00,5,14,10,AFF2FB502278C668383CB74023CD59436E6B008A8F666A696D6B6A763CA73841D247976801A5E1CA10A57E42CB2CC5C2CB2D5EBA65D8D154B3C7001A835ADAFB,NO INJURY / DRIVE AWAY,"OVER $1,500",NO CONTROLS,REAR END,41.9037429829,DAYLIGHT,-87.6345513618,2,30,IMPROPER OVERTAKING/PASSING,NO DEFECTS,DRY,NOT APPLICABLE,W,201,NO CONTROLS,NOT DIVIDED,CLEAR,0.0,0.0,0.0,0.0,0.0,1.0,1,1,[],[],"[""Y""]","[""2025-10-02T14:49:00.000""]","[""2162315"", ""2162316""]","[""FRONT"", ""REAR""]","[""IL"", ""MO""]","[""DODGE"", ""TOYOTA""]","[""CHANGING LANES"", ""SLOW/STOP IN TRAFFIC""]","[""CAMRY"", ""CARAVAN""]","[""1""]","[""E""]","[""1"", ""2""]","[""DRIVER""]","[""NONE""]","[""2061254"", ""2061268""]","[""PASSENGER"", ""VAN/MINI-VAN""]","[""PERSONAL""]","[""2006"", ""2017""]",[],[],[],[],[],"[""Y""]",[],[],[],[],[],[],[],[],"[""Y""]",[],['22'],"[""DID NOT DEPLOY""]","[""TEST NOT OFFERED""]","[""CHICAGO"", ""FENTON""]","[""2025-10-02T14:49:00.000""]","[""FOLLOWED TOO CLOSELY"", ""NONE""]","[""NOT OBSCURED""]",[],"[""MO""]","[""NONE""]",[],"[""O2162315"", ""O2162316""]","[""DRIVER""]","[""NORMAL""]","[""SAFETY BELT USED""]","[""F"", ""M""]","[""IL"", ""MO""]","[""2061254"", ""2061268""]","[""60636"", ""63026""]",[],[],[],[],[],[],2025,10,14,2,False,afternoon,41.9,-87.63,41.9_-87.63,22.0,22,22,OTHER,0
STRAIGHT AND LEVEL,1622,2025-10-02 14:45:00,5,14,10,83AE2EEFADAD310E40F9E96F620617BA98DCE42D5C342BBB446BA80C48E97C765549328CA307675B990AFC127F4D6D2316462DD88CB0DF8DB6FF9404E824D16E,NO INJURY / DRIVE AWAY,"$501 - $1,500",FUNCTIONING PROPERLY,TURNING,41.9830062784,DAYLIGHT,-87.7865761475,2,30,UNABLE TO DETERMINE,NO DEFECTS,DRY,UNABLE TO DETERMINE,W,6332,STOP SIGN/FLASHER,NOT DIVIDED,CLEAR,0.0,0.0,1.0,0.0,0.0,1.0,1,5,"[""Y""]",[],"[""Y""]","[""2025-10-02T14:45:00.000""]","[""2162281"", ""2162282""]","[""FRONT-LEFT-CORNER"", ""FRONT-RIGHT-CORNER""]","[""IL""]","[""FORD"", ""HONDA""]","[""STRAIGHT AHEAD"", ""TURNING LEFT""]","[""ACCORD"", ""MAVERICK TRUCK""]","[""1"", ""4""]","[""E"", ""W""]","[""1"", ""2""]","[""DRIVER""]","[""NONE""]","[""2061209"", ""2061215""]","[""PASSENGER"", ""PICKUP""]","[""OTHER"", ""PERSONAL""]","[""2012"", ""2024""]",[],[],"[""Y""]",[],[],[],[],[],[],"[""N""]","[""3""]",[],[],[],[],[],"['35', '36', '45', '54', '64']","[""NOT APPLICABLE""]","[""TEST NOT OFFERED""]","[""CHICAGO"", ""RIVER GROVE"", ""SCHILLER PARK""]","[""2025-10-02T14:45:00.000""]","[""NONE"", ""UNKNOWN""]","[""UNKNOWN""]","[""A"", ""D""]","[""IL""]","[""NONE""]",[],"[""O2162281"", ""O2162282"", ""P477169"", ""P477170"", ""P477171""]","[""DRIVER"", ""PASSENGER""]","[""NORMAL""]","[""USAGE UNKNOWN""]","[""F""]","[""IL""]","[""2061209"", ""2061215""]","[""60171"", ""60176"", ""60621"", ""60656""]",[],"[""3"", ""4"", ""6""]",[],[],[],[],2025,10,14,2,False,afternoon,41.98,-87.79,41.98_-87.79,46.8,35,64,OTHER,0
STRAIGHT AND LEVEL,2533,2025-10-02 14:35:00,5,14,10,A22C8819551EBB2CCBC0221FE09DE13B17B45A8DCE81E47E78A7967D43F4D1EF27DE0F125A822B2A2EB877D2E34C25670700F99016952AB9479D9577FBAF513B,NO INJURY / DRIVE AWAY,"OVER $1,500",FUNCTIONING PROPERLY,ANGLE,41.9023962606,DAYLIGHT,-87.7461261196,2,30,DISREGARDING TRAFFIC SIGNALS,UNKNOWN,DRY,NOT APPLICABLE,N,1200,TRAFFIC SIGNAL,NOT DIVIDED,CLEAR,0.0,1.0,1.0,0.0,0.0,1.0,1,1,[],[],"[""Y""]","[""2025-10-02T14:35:00.000""]","[""2162309"", ""2162310""]","[""FRONT""]","[""IL""]","[""CHEVROLET"", ""UNKNOWN""]","[""STRAIGHT AHEAD""]","[""MALIBU"", ""OTHER (EXPLAIN IN NARRATIVE)""]","[""1""]","[""E"", ""N""]","[""1"", ""2""]","[""DRIVER""]","[""UNKNOWN""]","[""2061236"", ""2061244""]","[""PASSENGER"", ""UNKNOWN/NA""]","[""OTHER"", ""UNKNOWN/NA""]","[""2024""]",[],[],[],[],[],[],"[""Y""]",[],[],[],[],[],[],[],[],[],['37'],"[""DEPLOYMENT UNKNOWN"", ""DID NOT DEPLOY""]","[""TEST NOT OFFERED""]","[""NOBLESVILLE""]","[""2025-10-02T14:35:00.000""]","[""DISREGARDED CONTROL DEVICES"", ""OTHER""]","[""MOVING VEHICLES"", ""UNKNOWN""]","[""C""]","[""WY""]","[""NONE""]",[],"[""O2162309"", ""O2162310""]","[""DRIVER""]","[""NORMAL"", ""UNKNOWN""]","[""SAFETY BELT USED"", ""USAGE UNKNOWN""]","[""M"", ""X""]","[""WY""]","[""2061236"", ""2061244""]","[""46060""]",[],[],[],[],[],[],2025,10,14,2,False,afternoon,41.9,-87.75,41.9_-87.75,37.0,37,37,OTHER,0
STRAIGHT AND LEVEL,624,2025-10-02 14:30:00,5,14,10,D5DC663365D528334903A55DA72808841D10FD7FF783C164CE4BF5439F60704D3E6525709CDC71614E0D679BDFFE41BC02E19C0239890117CA60C8277AF3224F,NO INJURY / DRIVE AWAY,"OVER $1,500",NO CONTROLS,PARKED MOTOR VEHICLE,41.7582790788,UNKNOWN,-87.6079806899,2,30,UNABLE TO DETERMINE,UNKNOWN,UNKNOWN,NOT APPLICABLE,S,7500,NO CONTROLS,PARKING LOT,CLEAR,0.0,0.0,0.0,0.0,0.0,1.0,2,0,[],[],[],"[""2025-10-02T14:30:00.000""]","[""2164751"", ""2164752""]","[""UNKNOWN""]","[""IL""]","[""LAND ROVER"", ""UNKNOWN""]","[""PARKED"", ""UNKNOWN/NA""]","[""OTHER (EXPLAIN IN NARRATIVE)"", ""RANGE ROVER (EVOQUE / SPORT / VELAR)""]","[""0"", ""1""]","[""UNKNOWN""]","[""1"", ""2""]","[""DRIVER"", ""PARKED""]","[""NONE"", ""UNKNOWN""]","[""2063562"", ""2063568""]","[""PASSENGER"", ""UNKNOWN/NA""]","[""PERSONAL"", ""UNKNOWN/NA""]","[""2025""]","[""Y""]","[""Y""]",[],[],[],[],"[""Y""]",[],[],[],[],[],[],[],[],[],[],"[""DEPLOYMENT UNKNOWN""]","[""TEST NOT OFFERED""]",[],"[""2025-10-02T14:30:00.000""]","[""UNKNOWN""]","[""UNKNOWN""]",[],[],"[""UNKNOWN""]",[],"[""O2164751""]","[""DRIVER""]","[""UNKNOWN""]","[""USAGE UNKNOWN""]","[""X""]",[],"[""2063562""]",[],[],[],[],[],[],[],2025,10,14,2,False,afternoon,41.76,-87.61,41.76_-87.61,0.0,0,0,OTHER,0
STRAIGHT AND LEVEL,121,2025-10-02 14:30:00,5,14,10,7E39B533C5FCD80D974EE239F79081D2147EDDB3DABC1A08E78D5922D755D3A239DD739F4968413837B863D67097110022BD18282791B4EA881BF5AB5ACBC85C,NO INJURY / DRIVE AWAY,"OVER $1,500",NO CONTROLS,PARKED MOTOR VEHICLE,41.877914155,DAYLIGHT,-87.6414053975,2,30,IMPROPER BACKING,NO DEFECTS,DRY,IMPROPER BACKING,W,547,NO CONTROLS,ONE-WAY,CLEAR,0.0,0.0,0.0,0.0,0.0,1.0,2,1,"[""Y""]",[],"[""Y""]","[""2025-10-02T14:30:00.000""]","[""2162305"", ""2162306""]","[""FRONT-LEFT-CORNER"", ""REAR""]","[""IL""]","[""FREIGHTLINER CORPORATION"", ""JEEP""]","[""BACKING"", ""PARKED""]","[""FREIGHTLINER CORP."", ""GRAND CHEROKEE""]","[""0"", ""1""]","[""E""]","[""1"", ""2""]","[""DRIVER"", ""PARKED""]","[""UNKNOWN""]","[""2061239"", ""2061245""]","[""PASSENGER"", ""TRUCK - SINGLE UNIT""]","[""OTHER"", ""PERSONAL""]","[""2019""]",[],[],"[""Y""]",[],[],[],[],[],[],"[""N""]",[],[],[],[],"[""Y""]",[],['45'],"[""NOT APPLICABLE""]","[""TEST NOT OFFERED""]","[""CHICAGO""]","[""2025-10-02T14:30:00.000""]","[""UNKNOWN""]","[""UNKNOWN""]",[],[],"[""NONE""]",[],"[""O2162305""]","[""DRIVER""]","[""UNKNOWN""]","[""USAGE UNKNOWN""]","[""M""]","[""IL""]","[""2061239""]","[""60644""]",[],[],[],[],[],[],2025,10,14,2,False,afternoon,41.88,-87.64,41.88_-87.64,45.0,45,45,OTHER,0
STRAIGHT AND LEVEL,2024,2025-10-02 14:30:00,5,14,10,0FD4D8169120129A984ACD5F6423A65B8B908B913FD14E5F6841687E521BE86008ED4A39C59AF084574B462C924242AEF21D611BF6C34F9E42C9054017625187,NO INJURY / DRIVE AWAY,"OVER $1,500",NO CONTROLS,PARKED MOTOR VEHICLE,41.972569719,DAYLIGHT,-87.652460054,2,20,UNABLE TO DETERMINE,UNKNOWN,UNKNOWN,NOT APPLICABLE,W,858,NO CONTROLS,ONE-WAY,CLEAR,0.0,0.0,0.0,0.0,0.0,1.0,2,1,"[""Y""]",[],[],"[""2025-10-02T14:30:00.000""]","[""2162373"", ""2162374""]","[""SIDE-LEFT-REAR"", ""SIDE-RIGHT-FRONT""]","[""IL""]","[""HONDA"", ""ISUZU""]","[""PARKED"", ""STRAIGHT AHEAD""]","[""CR-V"", ""OTHER (EXPLAIN IN NARRATIVE)""]","[""0"", ""3""]","[""E""]","[""1"", ""2""]","[""DRIVER"", ""PARKED""]","[""UNKNOWN""]","[""2061289"", ""2061302""]","[""OTHER"", ""PASSENGER""]","[""NOT IN USE"", ""OTHER""]","[""2022"", ""2024""]",[],[],[],[],[],"[""Y""]",[],[],[],[],"[""2""]",[],[],[],[],[],['24'],"[""DEPLOYMENT UNKNOWN""]","[""TEST NOT OFFERED""]","[""CHICAGO""]","[""2025-10-02T14:30:00.000""]","[""UNKNOWN""]","[""UNKNOWN""]","[""C""]","[""IL""]","[""UNKNOWN""]",[],"[""O2162373"", ""P477201"", ""P477203""]","[""DRIVER"", ""PASSENGER""]","[""NORMAL""]","[""USAGE UNKNOWN""]","[""M""]","[""IL""]","[""2061289""]","[""60623""]",[],"[""2"", ""3""]",[],[],[],[],2025,10,14,2,False,afternoon,41.97,-87.65,41.97_-87.65,24.0,24,24,OTHER,0
STRAIGHT AND LEVEL,1434,2025-10-02 14:30:00,5,14,10,07653ACCB92D0C60CA596D7216E479370DE6BE26C577975E0D16C802FF558F38D9BBD9999FCCFC344BE63F9EFBF49A9C1A1F52A281FF3FA76378CE4CEAE2BE8A,NO INJURY / DRIVE AWAY,"OVER $1,500",NO CONTROLS,PARKED MOTOR VEHICLE,41.9124201158,DAYLIGHT,-87.6773652422,2,30,UNABLE TO DETERMINE,UNKNOWN,UNKNOWN,NOT APPLICABLE,W,1956,NO CONTROLS,NOT DIVIDED,CLEAR,0.0,1.0,0.0,0.0,0.0,1.0,2,0,[],[],[],"[""2025-10-02T14:30:00.000""]","[""2162303"", ""2162304""]","[""FRONT-LEFT-CORNER"", ""UNKNOWN""]","[""IL""]","[""MAZDA"", ""UNKNOWN""]","[""PARKED"", ""UNKNOWN/NA""]","[""CX-30"", ""MOTORIZED""]","[""0"", ""1""]","[""UNKNOWN"", ""W""]","[""1"", ""2""]","[""DRIVER"", ""PARKED""]","[""NONE"", ""UNKNOWN""]","[""2061235"", ""2061238""]","[""SPORT UTILITY VEHICLE (SUV)"", ""UNKNOWN/NA""]","[""NOT IN USE"", ""UNKNOWN/NA""]","[""2024""]",[],[],"[""Y""]",[],[],[],"[""Y""]","[""Y""]","[""Y""]",[],[],[],[],[],[],[],[],"[""DEPLOYMENT UNKNOWN""]","[""TEST NOT OFFERED""]",[],"[""2025-10-02T14:30:00.000""]","[""UNKNOWN""]","[""UNKNOWN""]",[],[],"[""UNKNOWN""]",[],"[""O2162303""]","[""DRIVER""]","[""UNKNOWN""]","[""USAGE UNKNOWN""]","[""X""]",[],"[""2061235""]",[],[],[],[],[],[],[],2025,10,14,2,False,afternoon,41.91,-87.68,41.91_-87.68,0.0,0,0,OTHER,0
STRAIGHT AND LEVEL,1921,2025-10-02 14:30:00,5,14,10,E6E25EDE9D32342CC3C374C5311BEA3533AC142CA811CD03FF7EC7ADD1C47251AAD0C0FF9633EE19E16BCA85DC1403FC9D0945E728276215F0FB6B5490B95B46,NO INJURY / DRIVE AWAY,"OVER $1,500",NO CONTROLS,REAR END,41.9422772753,DAYLIGHT,-87.6878505265,2,30,UNABLE TO DETERMINE,NO DEFECTS,DRY,NOT APPLICABLE,N,3333,NO CONTROLS,DIVIDED - W/MEDIAN (NOT RAISED),CLEAR,0.0,0.0,0.0,0.0,0.0,1.0,1,2,"[""N""]",[],"[""N""]","[""2025-10-02T14:30:00.000""]","[""2162216"", ""2162223""]","[""NONE"", ""REAR""]","[""IL""]","[""FORD"", ""HONDA""]","[""STRAIGHT AHEAD""]","[""ACCORD"", ""TRANSIT CONNECT""]","[""1""]","[""N""]","[""1"", ""2""]","[""DRIVER""]","[""NONE""]","[""2061151"", ""2061153""]","[""PASSENGER"", ""VAN/MINI-VAN""]","[""NOT IN USE"", ""OTHER""]","[""2006"", ""2023""]",[],[],"[""N""]",[],[],"[""Y""]",[],[],[],[],[],[],"[""Y""]","[""Y""]","[""Y""]",[],"['38', '45']","[""DID NOT DEPLOY""]","[""TEST NOT OFFERED""]","[""CHICAGO""]","[""2025-10-02T14:30:00.000""]","[""NONE"", ""UNKNOWN""]","[""NOT OBSCURED""]","[""D""]","[""IL""]","[""NONE""]",[],"[""O2162216"", ""O2162223""]","[""DRIVER""]","[""NORMAL""]","[""SAFETY BELT USED""]","[""F"", ""M""]","[""IL""]","[""2061151"", ""2061153""]","[""60618"", ""60640""]",[],[],[],[],[],[],2025,10,14,2,False,afternoon,41.94,-87.69,41.94_-87.69,41.5,38,45,OTHER,0
STRAIGHT AND LEVEL,1654,2025-10-02 14:19:00,5,14,10,1DE39D5C9857398CA561873AEB964E4C485F5DFBE03354A5FAC12CDA62D1B92903BC7650F4DBAEB9774BAFB00BB309A7365175344593FC2FF14451FA9EC0CB9E,NO INJURY / DRIVE AWAY,"$501 - $1,500",NO CONTROLS,REAR TO FRONT,41.8736407663,DAYLIGHT,-87.6723897727,2,15,IMPROPER BACKING,NO DEFECTS,DRY,NOT APPLICABLE,W,1,NO CONTROLS,PARKING LOT,CLEAR,0.0,0.0,0.0,0.0,0.0,1.0,1,2,"[""N""]",[],"[""Y""]","[""2025-10-02T14:19:00.000""]","[""2162260"", ""2162261""]","[""FRONT"", ""REAR""]","[""IL"", ""WI""]","[""DODGE"", ""LAND ROVER""]","[""BACKING"", ""STRAIGHT AHEAD""]","[""LR3"", ""RAM 1500 PU""]","[""1""]","[""N"", ""S""]","[""1"", ""2""]","[""DRIVER""]","[""NONE""]","[""2061191"", ""2061206""]","[""PASSENGER"", ""PICKUP""]","[""PERSONAL""]","[""2014""]",[],[],[],[],[],[],[],[],[],[],[],[],[],[],"[""Y""]",[],"['64', '67']","[""NOT APPLICABLE""]","[""TEST NOT OFFERED""]","[""CHICAGO"", ""PLAINFIELD""]","[""2025-10-02T14:19:00.000""]","[""IMPROPER BACKING"", ""NONE""]","[""NOT OBSCURED""]","[""D""]","[""IL""]","[""NONE""]",[],"[""O2162260"", ""O2162261""]","[""DRIVER""]","[""NORMAL""]","[""SAFETY BELT USED""]","[""M""]","[""IL""]","[""2061191"", ""2061206""]","[""60544"", ""60660""]",[],[],[],[],[],[],2025,10,14,2,False,afternoon,41.87,-87.67,NAN_NAN,65.5,64,67,OTHER,0
STRAIGHT AND LEVEL,324,2025-10-02 14:16:00,5,14,10,06D71666EE8E0B246F4822F230E326038BAF30E61ECFE463A2821F1F4C9575C3B9DD931E44ABBAB36DD274E8EE20FBBBAE2BE0F2928CC109AF2F6765009DC729,INJURY AND / OR TOW DUE TO CRASH,"OVER $1,500",NO CONTROLS,REAR END,41.7624274285,DAYLIGHT,-87.6005564769,2,20,NOT APPLICABLE,NO DEFECTS,DRY,NOT APPLICABLE,S,7299,NO CONTROLS,NOT DIVIDED,CLEAR,0.0,0.0,0.0,0.0,0.0,1.0,1,2,"[""Y""]","[""Y""]","[""Y""]","[""2025-10-02T14:16:00.000""]","[""2162285"", ""2162286""]","[""FRONT-RIGHT-CORNER"", ""REAR-LEFT-CORNER""]","[""IL""]","[""CHEVROLET"", ""JEEP""]","[""STRAIGHT AHEAD""]","[""EQUINOX"", ""WRANGLER""]","[""1""]","[""S""]","[""1"", ""2""]","[""DRIVER""]","[""NONE"", ""UNKNOWN""]","[""2061214"", ""2061219""]","[""PASSENGER""]","[""NOT IN USE"", ""PERSONAL""]","[""2017"", ""2021""]",[],[],[],[],[],"[""Y""]",[],[],[],[],[],"[""Y""]",[],[],"[""Y""]",[],"['26', '59']","[""NOT APPLICABLE""]","[""TEST NOT OFFERED""]","[""CHICAGO"", ""FLOSSMOOR""]","[""2025-10-02T14:16:00.000""]","[""FOLLOWED TOO CLOSELY"", ""UNKNOWN""]","[""NOT OBSCURED""]","[""D""]","[""IL""]","[""NONE""]",[],"[""O2162285"", ""O2162286""]","[""DRIVER""]","[""NORMAL""]","[""SAFETY BELT USED""]","[""M""]","[""IL""]","[""2061214"", ""2061219""]","[""60422"", ""60617""]",[],[],[],[],[],[],2025,10,14,2,False,afternoon,41.76,-87.6,41.76_-87.6,42.5,26,59,OTHER,1
STRAIGHT AND LEVEL,912,2025-10-02 14:15:00,5,14,10,2300A72BAA767A1AD4B406EB56F284FAC2DF0B370DD505C40BD97C9B5ABBF178228E7A0F2E3F52DA48F46947314AD394222669A92BF81FB8B0D00EB83EE4B6E8,INJURY AND / OR TOW DUE TO CRASH,"OVER $1,500",FUNCTIONING PROPERLY,REAR END,41.8297287175,DAYLIGHT,-87.6784959936,2,30,UNABLE TO DETERMINE,NO DEFECTS,DRY,UNABLE TO DETERMINE,S,3533,TRAFFIC SIGNAL,DIVIDED - W/MEDIAN BARRIER,CLEAR,0.0,0.0,0.0,0.0,0.0,1.0,1,2,"[""Y""]",[],"[""Y""]","[""2025-10-02T14:15:00.000""]","[""2162211"", ""2162212""]","[""FRONT"", ""REAR""]","[""IL""]","[""NISSAN"", ""SUBARU""]","[""STRAIGHT AHEAD""]","[""IMPREZA"", ""ROGUE""]","[""2"", ""3""]","[""SE""]","[""1"", ""2""]","[""DRIVER""]","[""NONE""]","[""2061697"", ""2061709""]","[""PASSENGER""]","[""PERSONAL""]","[""2004"", ""2016""]",[],[],"[""Y""]","[""owner""]","[""Y""]","[""Y""]",[],[],[],[],"[""1"", ""2""]",[],[],"[""Y""]","[""Y""]","[""personal""]","['22', '31']","[""DID NOT DEPLOY""]","[""TEST NOT OFFERED""]","[""CHICAGO""]","[""2025-10-02T14:15:00.000""]","[""NONE"", ""UNKNOWN""]","[""NOT OBSCURED""]","[""D""]","[""IL""]","[""NONE""]","[""REFUSED""]","[""O2162211"", ""O2162212"", ""P477273"", ""P477274"", ""P477277""]","[""DRIVER"", ""PASSENGER""]","[""NORMAL""]","[""SAFETY BELT USED""]","[""F"", ""M""]","[""IL""]","[""2061697"", ""2061709""]","[""60616"", ""60632""]",[],"[""3"", ""4"", ""6""]",[],[],[],[],2025,10,14,2,False,afternoon,41.83,-87.68,41.83_-87.68,26.5,22,31,OTHER,0
STRAIGHT AND LEVEL,835,2025-10-02 14:00:00,5,14,10,9EB2585BAE9A4B9B5E7177BCD147C12A1CBD9F8DABA83E88EDE05F913B94A6C7DEE2EC4E3241C8C6B2AD54995DBFCCA60AA8E71F9940E24AE474833B2A7DC87A,NO INJURY / DRIVE AWAY,"OVER $1,500",NO CONTROLS,PARKED MOTOR VEHICLE,41.7474351652,DAYLIGHT,-87.6951474994,2,30,UNABLE TO DETERMINE,UNKNOWN,DRY,UNABLE TO DETERMINE,S,8020,NO CONTROLS,UNKNOWN,CLEAR,0.0,0.0,0.0,0.0,0.0,1.0,2,1,"[""Y""]","[""Y""]",[],"[""2025-10-02T14:00:00.000""]","[""2169567"", ""2169568""]","[""SIDE-LEFT"", ""SIDE-RIGHT""]","[""IL""]","[""AUDI"", ""NISSAN""]","[""PARKED"", ""STRAIGHT AHEAD""]","[""A5"", ""PATHFINDER""]","[""0"", ""1""]","[""S""]","[""1"", ""2""]","[""DRIVER"", ""PARKED""]","[""NONE"", ""UNKNOWN""]","[""2068122"", ""2068125""]","[""PASSENGER""]","[""PERSONAL""]","[""2014"", ""2023""]","[""Y""]","[""Y""]","[""Y""]",[],[],"[""Y""]",[],"[""Y""]","[""Y""]",[],[],"[""Y""]",[],"[""Y""]",[],[],['34'],"[""NOT APPLICABLE""]","[""TEST NOT OFFERED""]","[""CHICAGO""]","[""2025-10-02T14:00:00.000""]","[""UNKNOWN""]","[""UNKNOWN""]","[""D""]","[""IL""]","[""NONE""]",[],"[""O2169567""]","[""DRIVER""]","[""NORMAL""]","[""USAGE UNKNOWN""]","[""M""]","[""IL""]","[""2068122""]","[""60652""]",[],[],[],[],[],[],2025,10,14,2,False,afternoon,41.75,-87.7,41.75_-87.7,34.0,34,34,OTHER,0