alignment,beat_of_occurrence,crash_date,crash_day_of_week,crash_hour,crash_month,crash_record_id,crash_type,damage,device_condition,first_crash_type,latitude,lighting_condition,longitude,num_units,posted_speed_limit,prim_contributory_cause,road_defect,roadway_surface_cond,sec_contributory_cause,street_direction,street_no,traffic_control_device,trafficway_type,weather_condition,private_property_i,hit_and_run_i,intersection_related_i,crash_date_est_i,work_zone_i,workers_present_i,veh_count,ppl_count,veh_area_01_i_list_json,veh_area_02_i_list_json,veh_area_12_i_list_json,veh_crash_date_list_json,veh_crash_unit_id_list_json,veh_first_contact_point_list_json,veh_lic_plate_state_list_json,veh_make_list_json,veh_maneuver_list_json,veh_model_list_json,veh_occupant_cnt_list_json,veh_travel_direction_list_json,veh_unit_no_list_json,veh_unit_type_list_json,veh_vehicle_defect_list_json,veh_vehicle_id_list_json,veh_vehicle_type_list_json,veh_vehicle_use_list_json,veh_vehicle_year_list_json,veh_area_03_i_list_json,veh_area_04_i_list_json,veh_area_11_i_list_json,veh_towed_by_list_json,veh_towed_i_list_json,veh_area_07_i_list_json,veh_area_99_i_list_json,veh_area_09_i_list_json,veh_area_10_i_list_json,veh_cmrc_veh_i_list_json,veh_num_passengers_list_json,veh_area_08_i_list_json,veh_area_00_i_list_json,veh_area_05_i_list_json,veh_area_06_i_list_json,veh_towed_to_list_json,ppl_age_list_json,ppl_airbag_deployed_list_json,ppl_bac_result_list_json,ppl_city_list_json,ppl_crash_date_list_json,ppl_driver_action_list_json,ppl_driver_vision_list_json,ppl_drivers_license_class_list_json,ppl_drivers_license_state_list_json,ppl_ejection_list_json,ppl_hospital_list_json,ppl_person_id_list_json,ppl_person_type_list_json,ppl_physical_condition_list_json,ppl_safety_equipment_list_json,ppl_sex_list_json,ppl_state_list_json,ppl_vehicle_id_list_json,ppl_zipcode_list_json,ppl_ems_agency_list_json,ppl_seat_no_list_json,ppl_pedpedal_action_list_json,ppl_pedpedal_location_list_json,ppl_pedpedal_visibility_list_json,ppl_ems_run_no_list_json,year,month,hour,day,is_weekend,hour_bin,lat_bin,lng_bin,grid_id,ppl_age_mean,ppl_age_min,ppl_age_max,prim_contributory_cause_group,ksi_flag
STRAIGHT AND LEVEL,2212,2025-10-02 14:00:00,5,14,10,3E0D94021DF756ABAD0FB823FBA8B6E8F175BC5963514349FE2524CC40D9E0F8A19E95AE4784AE4ED6348FE9BCF962AD9077473A367FA7BB7FB9DBA977DC5824,NO INJURY / DRIVE AWAY,"OVER $1,500",NO CONTROLS,PARKED MOTOR VEHICLE,41.6914347795,DAYLIGHT,-87.6685203937,2,10,UNABLE TO DETERMINE,NO DEFECTS,DRY,NOT APPLICABLE,W,1900,NO CONTROLS,PARKING LOT,CLEAR,0.0,1.0,0.0,0.0,0.0,1.0,2,0,"[""Y""]","[""Y""]",[],"[""2025-10-02T14:00:00.000""]","[""2165361"", ""2165362""]","[""SIDE-RIGHT-FRONT"", ""UNKNOWN""]","[""IL""]","[""TOYOTA"", ""UNKNOWN""]","[""PARKED"", ""UNKNOWN/NA""]","[""OTHER (EXPLAIN IN NARRATIVE)"", ""SIENNA""]","[""0"", ""1""]","[""UNKNOWN"", ""W""]","[""1"", ""2""]","[""DRIVER"", ""PARKED""]","[""NONE"", ""UNKNOWN""]","[""2064135"", ""2064141""]","[""PASSENGER"", ""UNKNOWN/NA""]","[""PERSONAL"", ""UNKNOWN/NA""]","[""2017""]",[],[],[],[],[],[],"[""Y""]",[],[],[],[],[],[],[],[],[],[],"[""DEPLOYMENT UNKNOWN""]","[""TEST NOT OFFERED""]",[],"[""2025-10-02T14:00:00.000""]","[""UNKNOWN""]","[""UNKNOWN""]",[],[],"[""UNKNOWN""]",[],"[""O2165361""]","[""DRIVER""]","[""UNKNOWN""]","[""USAGE UNKNOWN""]","[""X""]",[],"[""2064135""]",[],[],[],[],[],[],[],2025,10,14,2,False,afternoon,41.69,-87.67,41.69_-87.67,0.0,0,0,OTHER,0
STRAIGHT AND LEVEL,811,2025-10-02 14:00:00,5,14,10,3388979C594096D2D7FB89A80961CBE79DB9AA9C79DD6A06478D5E03CFE8CFFCE97396D1343E9AEAFDBE58A1748F7D9D3B269B1222BE21F05BEEA9F5A11A2F6F,NO INJURY / DRIVE AWAY,"$501 - $1,500",NO CONTROLS,REAR END,41.7945699676,DAYLIGHT,-87.7705857522,2,10,IMPROPER BACKING,NO DEFECTS,DRY,NOT APPLICABLE,S,6104,NO CONTROLS,PARKING LOT,CLEAR,1.0,0.0,0.0,0.0,0.0,1.0,1,2,[],[],[],"[""2025-10-02T14:00:00.000""]","[""2162217"", ""2162218""]","[""REAR-LEFT-CORNER"", ""REAR-RIGHT-CORNER""]","[""IL""]","[""BUICK"", ""JEEP""]","[""BACKING"", ""SLOW/STOP IN TRAFFIC""]","[""ENCORE"", ""LIBERTY""]","[""1"", ""2""]","[""S"", ""UNKNOWN""]","[""1"", ""2""]","[""DRIVER""]","[""NONE""]","[""2061152"", ""2061157""]","[""SPORT UTILITY VEHICLE (SUV)""]","[""PERSONAL""]","[""2012"", ""2018""]",[],[],[],[],[],"[""Y""]",[],[],[],[],"[""1""]",[],[],"[""Y""]",[],[],"['71', '72']","[""DID NOT DEPLOY"", ""NOT APPLICABLE""]","[""TEST NOT OFFERED""]",[],"[""2025-10-02T14:00:00.000""]","[""IMPROPER BACKING"", ""NONE""]","[""NOT OBSCURED""]",[],"[""IL""]","[""NONE""]",[],"[""O2162217"", ""O2162218"", ""P477161""]","[""DRIVER"", ""PASSENGER""]","[""NORMAL""]","[""SAFETY BELT USED""]","[""F"", ""M""]",[],"[""2061152"", ""2061157""]",[],[],"[""3""]",[],[],[],[],2025,10,14,2,False,afternoon,41.79,-87.77,41.79_-87.77,71.5,71,72,OTHER,0
STRAIGHT AND LEVEL,915,2025-10-02 14:00:00,5,14,10,A90E78EC11B90D4DF45B3AD58E68614BCC30EE98D30AA0F630327B2A90AB12131DDE74CFE6350484EBB566A7707608EBA68043AA3388CF53941085E1E7103BCF,INJURY AND / OR TOW DUE TO CRASH,$500 OR LESS,FUNCTIONING PROPERLY,REAR END,41.8240505951,DAYLIGHT,-87.6314617085,2,30,UNABLE TO DETERMINE,NO DEFECTS,DRY,UNABLE TO DETERMINE,S,3858,TRAFFIC SIGNAL,ONE-WAY,CLEAR,0.0,0.0,1.0,0.0,0.0,1.0,1,2,[],[],"[""Y""]","[""2025-10-02T14:00:00.000""]","[""2162273"", ""2162274""]","[""FRONT"", ""REAR""]","[""IL""]","[""CADILLAC"", ""HONDA""]","[""SLOW/STOP IN TRAFFIC"", ""STRAIGHT AHEAD""]","[""CR-V"", ""XTS""]","[""1""]","[""S""]","[""1"", ""2""]","[""DRIVER""]","[""NONE"", ""UNKNOWN""]","[""2061198"", ""2061211""]","[""PASSENGER""]","[""PERSONAL""]","[""2013"", ""2025""]",[],[],[],[],[],"[""Y""]","[""N""]",[],[],[],[],[],"[""N""]","[""Y""]","[""Y""]",[],"['54', '72']","[""DID NOT DEPLOY"", ""NOT APPLICABLE""]","[""TEST NOT OFFERED""]","[""CHICAGO"", ""PLAINFIELD""]","[""2025-10-02T14:00:00.000""]","[""NONE"", ""OTHER""]","[""NOT OBSCURED""]","[""D""]","[""IL""]","[""NONE""]",[],"[""O2162273"", ""O2162274""]","[""DRIVER""]","[""NORMAL""]","[""SAFETY BELT USED""]","[""M""]","[""IL""]","[""2061198"", ""2061211""]","[""60586"", ""60608""]",[],[],[],[],[],[],2025,10,14,2,False,afternoon,41.82,-87.63,41.82_-87.63,63.0,54,72,OTHER,1
STRAIGHT AND LEVEL,813,2025-10-02 14:00:00,5,14,10,6729B2B98FA17D8366F44D2DCB5241DF2D9391273259C437B92DF81ADBE47BD8BF457B9A54D1A37EB516016742BCD57A28B85C61CE6EE6673432E6A715A3DB5B,NO INJURY / DRIVE AWAY,"OVER $1,500",NO CONTROLS,SIDESWIPE SAME DIRECTION,41.7856529558,UNKNOWN,-87.7411927317,2,30,UNABLE TO DETERMINE,UNKNOWN,UNKNOWN,UNABLE TO DETERMINE,S,5901,NO CONTROLS,UNKNOWN,CLEAR,0.0,0.0,0.0,0.0,0.0,1.0,1,0,"[""Y""]","[""Y""]","[""Y""]","[""2025-10-02T14:00:00.000""]","[""2169705"", ""2169706""]","[""FRONT-RIGHT-CORNER"", ""SIDE-LEFT-REAR""]","[""IL""]","[""JEEP"", ""UNKNOWN""]","[""UNKNOWN/NA""]","[""MOTORIZED"", ""WRANGLER""]","[""1""]","[""UNKNOWN""]","[""1"", ""2""]","[""DRIVER""]","[""UNKNOWN""]","[""2068228"", ""2068229""]","[""UNKNOWN/NA""]","[""UNKNOWN/NA""]",[],[],[],[],[],[],"[""Y""]",[],[],[],[],[],"[""Y""]",[],[],"[""Y""]",[],[],"[""DEPLOYMENT UNKNOWN""]","[""TEST NOT OFFERED""]","[""CEDAR LAKE"", ""OAK LAWN""]","[""2025-10-02T14:00:00.000""]","[""UNKNOWN""]","[""UNKNOWN""]",[],"[""IL""]","[""UNKNOWN""]",[],"[""O2169705"", ""O2169706""]","[""DRIVER""]","[""UNKNOWN""]","[""USAGE UNKNOWN""]","[""F"", ""M""]","[""IL"", ""IN""]","[""2068228"", ""2068229""]","[""46303"", ""60453""]",[],[],[],[],[],[],2025,10,14,2,False,afternoon,41.79,-87.74,41.79_-87.74,0.0,0,0,OTHER,0
STRAIGHT AND LEVEL,1932,2025-10-02 13:55:00,5,13,10,3B9576A74B6703949B44AFE16FEEAEFAE9D426872F65E09AE2BEB9DF15869E3FE291B0822C7DDA9329F3E000F6EBEE4A170EE45176A5A20DA817F6AF319B8146,NO INJURY / DRIVE AWAY,"OVER $1,500",NO CONTROLS,PARKED MOTOR VEHICLE,41.9316668777,DAYLIGHT,-87.6682236191,2,30,DRIVING SKILLS/KNOWLEDGE/EXPERIENCE,NO DEFECTS,DRY,NOT APPLICABLE,N,2735,NO CONTROLS,DIVIDED - W/MEDIAN BARRIER,CLEAR,0.0,0.0,0.0,0.0,0.0,1.0,2,1,[],[],[],"[""2025-10-02T13:55:00.000""]","[""2162283"", ""2162284""]","[""FRONT-LEFT-CORNER"", ""SIDE-RIGHT-REAR""]","[""IL""]","[""FORD"", ""JEEP""]","[""ENTERING TRAFFIC LANE FROM PARKING"", ""PARKED""]","[""COMPASS"", ""TRANSIT""]","[""0"", ""1""]","[""N""]","[""1"", ""2""]","[""DRIVER"", ""PARKED""]","[""NONE"", ""UNKNOWN""]","[""2061212"", ""2061221""]","[""PASSENGER"", ""VAN/MINI-VAN""]","[""CONSTRUCTION/MAINTENANCE"", ""PERSONAL""]","[""2015"", ""2020""]","[""Y""]","[""Y""]","[""Y""]",[],[],[],[],[],"[""Y""]",[],[],[],[],"[""Y""]",[],[],['56'],"[""DID NOT DEPLOY""]","[""TEST NOT OFFERED""]","[""CHICAGO""]","[""2025-10-02T13:55:00.000""]","[""IMPROPER PARKING""]","[""NOT OBSCURED""]","[""A""]","[""IL""]","[""NONE""]",[],"[""O2162283""]","[""DRIVER""]","[""NORMAL""]","[""SAFETY BELT USED""]","[""F""]","[""IL""]","[""2061212""]",[],[],[],[],[],[],[],2025,10,13,2,False,afternoon,41.93,-87.67,41.93_-87.67,56.0,56,56,OTHER,0
STRAIGHT AND LEVEL,833,2025-10-02 13:54:00,5,13,10,9F1D016F4F4325185086027831DF98E8746ABB365E744630437D00516CD30F1FEF9A95EB1288876E30EF660670C613C87166115181A85D596444AC5705C62906,INJURY AND / OR TOW DUE TO CRASH,"OVER $1,500",FUNCTIONING PROPERLY,TURNING,41.7714827844,DAYLIGHT,-87.7226398352,2,30,FAILING TO YIELD RIGHT-OF-WAY,NO DEFECTS,DRY,UNABLE TO DETERMINE,W,4000,TRAFFIC SIGNAL,NOT DIVIDED,CLEAR,0.0,0.0,1.0,0.0,0.0,1.0,1,2,"[""Y""]","[""Y""]","[""Y""]","[""2025-10-02T13:54:00.000""]","[""2170305"", ""2170306""]","[""FRONT"", ""SIDE-RIGHT""]","[""IL""]","[""DODGE"", ""HONDA""]","[""STRAIGHT AHEAD"", ""TURNING LEFT""]","[""CIVIC"", ""DURANGO""]","[""1""]","[""S"", ""W""]","[""1"", ""2""]","[""DRIVER""]","[""NONE""]","[""2068811"", ""2068812""]","[""PASSENGER""]","[""PERSONAL""]","[""2015"", ""2018""]","[""Y""]","[""Y""]","[""Y""]","[""private""]","[""Y""]",[],[],[],[],[],[],[],[],"[""Y""]",[],"[""unk""]","['37', '73']","[""DEPLOYED, SIDE"", ""NOT APPLICABLE""]","[""TEST NOT OFFERED""]","[""POSEN""]","[""2025-10-02T13:54:00.000""]","[""FAILED TO YIELD"", ""NONE""]","[""NOT OBSCURED""]","[""D""]","[""IL""]","[""NONE""]",[],"[""O2170305"", ""O2170306""]","[""DRIVER""]","[""NORMAL""]","[""NONE PRESENT"", ""USAGE UNKNOWN""]","[""F"", ""M""]","[""IL""]","[""2068811"", ""2068812""]","[""60469""]","[""27""]",[],[],[],[],[],2025,10,13,2,False,afternoon,41.77,-87.72,41.77_-87.72,55.0,37,73,FAILURE-TO-YIELD,0
STRAIGHT AND LEVEL,215,2025-10-02 13:48:00,5,13,10,E7574592E8F9731B8407E3A9F75BFC70625BC39379526576F9CE16B7074286244E5320AE37DA99F9262704F541E5C5F81CE55FCBFC2E4950137F87C9293DD44E,NO INJURY / DRIVE AWAY,"OVER $1,500",NO CONTROLS,ANGLE,41.8146727323,DAYLIGHT,-87.6212101245,2,30,UNABLE TO DETERMINE,NO DEFECTS,DRY,UNABLE TO DETERMINE,S,4401,NO CONTROLS,DIVIDED - W/MEDIAN (NOT RAISED),CLEAR,0.0,0.0,1.0,0.0,0.0,1.0,1,2,"[""Y""]",[],"[""Y""]","[""2025-10-02T13:48:00.000""]","[""2162228"", ""2162229""]","[""FRONT"", ""SIDE-LEFT""]","[""IL""]","[""FORD"", ""TOYOTA""]","[""STRAIGHT AHEAD""]","[""TRANSIT"", ""TUNDRA""]","[""1""]","[""E"", ""N""]","[""1"", ""2""]","[""DRIVER""]","[""NONE""]","[""2061175"", ""2061187""]","[""OTHER""]","[""OTHER""]","[""2007"", ""2016""]",[],[],"[""Y""]",[],[],"[""Y""]",[],"[""Y""]",[],[],[],"[""Y""]",[],[],[],[],"['33', '43']","[""DID NOT DEPLOY"", ""NOT APPLICABLE""]","[""TEST NOT OFFERED""]","[""CHICAGO""]","[""2025-10-02T13:48:00.000""]","[""NONE"", ""UNKNOWN""]","[""NOT OBSCURED""]","[""D""]","[""IL""]","[""NONE""]",[],"[""O2162228"", ""O2162229""]","[""DRIVER""]","[""NORMAL""]","[""SAFETY BELT USED""]","[""F"", ""M""]","[""IL""]","[""2061175"", ""2061187""]","[""60609"", ""60614""]",[],[],[],[],[],[],2025,10,13,2,False,afternoon,41.81,-87.62,41.81_-87.62,38.0,33,43,OTHER,0
STRAIGHT AND LEVEL,1731,2025-10-02 13:35:00,5,13,10,17BAD01B96F88972C88844C0905BA4E3B6F75C7D745FCBC1F3B79331B719DAD0CCE209B91001D39ED8432DD1259D06DA33D96BAFCD1DEA713EF3E7EA93CD3C90,NO INJURY / DRIVE AWAY,"$501 - $1,500",NO CONTROLS,PARKED MOTOR VEHICLE,41.9400565149,DAYLIGHT,-87.7396770364,2,30,FAILING TO YIELD RIGHT-OF-WAY,NO DEFECTS,DRY,NOT APPLICABLE,N,3238,NO CONTROLS,NOT DIVIDED,CLEAR,0.0,1.0,0.0,0.0,0.0,1.0,2,0,[],[],[],"[""2025-10-02T13:35:00.000""]","[""2162269"", ""2162270""]","[""FRONT-RIGHT-CORNER"", ""UNKNOWN""]","[""IL"", ""TX""]","[""HYUNDAI"", ""TOYOTA""]","[""PARKED"", ""STRAIGHT AHEAD""]","[""CAMRY"", ""PALISADE""]","[""0"", ""1""]","[""S""]","[""1"", ""2""]","[""DRIVER"", ""PARKED""]","[""NONE""]","[""2061200"", ""2061208""]","[""PASSENGER"", ""SPORT UTILITY VEHICLE (SUV)""]","[""PERSONAL""]","[""2008"", ""2023""]",[],[],"[""Y""]",[],[],[],"[""Y""]",[],"[""Y""]",[],[],[],[],[],[],[],[],"[""DEPLOYMENT UNKNOWN""]","[""TEST NOT OFFERED""]",[],"[""2025-10-02T13:35:00.000""]","[""UNKNOWN""]","[""UNKNOWN""]",[],[],"[""UNKNOWN""]",[],"[""O2162269""]","[""DRIVER""]","[""UNKNOWN""]","[""USAGE UNKNOWN""]","[""X""]",[],"[""2061200""]",[],[],[],[],[],[],[],2025,10,13,2,False,afternoon,41.94,-87.74,41.94_-87.74,0.0,0,0,FAILURE-TO-YIELD,0
STRAIGHT AND LEVEL,2213,2025-10-02 13:30:00,5,13,10,104678F7B19553C3539944E42AA449DE2F440AD54E80ACD57DCB53B22522C1FC691971AA54268B999CAB2C71A053DEE6F13C2AC114A07988E2D182035AFDAC2A,NO INJURY / DRIVE AWAY,"$501 - $1,500",NO CONTROLS,PARKED MOTOR VEHICLE,41.7112058833,DAYLIGHT,-87.6816188184,2,30,UNABLE TO DETERMINE,NO DEFECTS,DRY,NOT APPLICABLE,S,10021,NO CONTROLS,NOT DIVIDED,CLEAR,0.0,0.0,0.0,0.0,0.0,1.0,2,0,[],[],"[""Y""]","[""2025-10-02T13:30:00.000""]","[""2162200"", ""2162201""]","[""FRONT"", ""UNKNOWN""]","[""IL""]","[""MASERATI"", ""UNKNOWN""]","[""PARKED"", ""UNKNOWN/NA""]","[""GHIBLI"", ""OTHER (EXPLAIN IN NARRATIVE)""]","[""0"", ""1""]","[""N"", ""UNKNOWN""]","[""1"", ""2""]","[""DRIVER"", ""PARKED""]","[""UNKNOWN""]","[""2061131"", ""2061134""]","[""PASSENGER"", ""UNKNOWN/NA""]","[""PERSONAL"", ""UNKNOWN/NA""]","[""2017""]",[],[],[],[],[],[],"[""Y""]",[],[],[],[],[],[],[],[],[],[],"[""DEPLOYMENT UNKNOWN""]","[""TEST NOT OFFERED""]",[],"[""2025-10-02T13:30:00.000""]","[""UNKNOWN""]","[""UNKNOWN""]",[],[],"[""NONE""]",[],"[""O2162200""]","[""DRIVER""]","[""UNKNOWN""]","[""USAGE UNKNOWN""]","[""X""]",[],"[""2061131""]",[],[],[],[],[],[],[],2025,10,13,2,False,afternoon,41.71,-87.68,41.71_-87.68,0.0,0,0,OTHER,0
STRAIGHT AND LEVEL,412,2025-10-02 13:30:00,5,13,10,3F6F35B86FF45524662F305DC14A0967E58040B3E45C29AE647F0C224AAEFEA13D21FBAB4F34D71908EC06F252B081A452ED5749CE9D3C235C124C8511195D14,NO INJURY / DRIVE AWAY,"OVER $1,500",NO CONTROLS,PARKED MOTOR VEHICLE,41.737638347,DAYLIGHT,-87.5889300993,2,30,IMPROPER LANE USAGE,NO DEFECTS,DRY,NOT APPLICABLE,S,8635,NO CONTROLS,ONE-WAY,CLEAR,0.0,1.0,0.0,0.0,0.0,1.0,2,0,"[""Y""]","[""Y""]",[],"[""2025-10-02T13:30:00.000""]","[""2162240"", ""2162241""]","[""FRONT-RIGHT-CORNER"", ""SIDE-LEFT-REAR""]",[],"[""LEXUS"", ""UNKNOWN""]","[""PARKED"", ""STRAIGHT AHEAD""]","[""NX"", ""OTHER (EXPLAIN IN NARRATIVE)""]","[""0"", ""1""]","[""N""]","[""1"", ""2""]","[""DRIVER"", ""PARKED""]","[""NONE"", ""UNKNOWN""]","[""2061168"", ""2061188""]","[""PASSENGER"", ""UNKNOWN/NA""]","[""PERSONAL"", ""UNKNOWN/NA""]","[""2019""]",[],[],[],[],[],"[""N"", ""Y""]",[],[],[],[],[],"[""N"", ""Y""]",[],[],[],[],[],"[""DEPLOYMENT UNKNOWN""]","[""TEST NOT OFFERED""]",[],"[""2025-10-02T13:30:00.000""]","[""IMPROPER LANE CHANGE""]","[""UNKNOWN""]",[],[],"[""NONE""]",[],"[""O2162240""]","[""DRIVER""]","[""UNKNOWN""]","[""USAGE UNKNOWN""]","[""X""]",[],"[""2061168""]",[],[],[],[],[],[],[],2025,10,13,2,False,afternoon,41.74,-87.59,41.74_-87.59,0.0,0,0,OTHER,0
STRAIGHT AND LEVEL,1813,2025-10-02 13:30:00,5,13,10,AE5F05C8A81D87224AF43E5B0B2D2354E3C712A0DB4676AC411FA76412800CE3B6D7C6F98D5DD94ABB506E269A0B582F765E2595B2D10E595DE5B70A0BA91B94,NO INJURY / DRIVE AWAY,$500 OR LESS,FUNCTIONING PROPERLY,REAR END,41.9110285098,DAYLIGHT,-87.648335806,2,30,"DISTRACTION - OTHER ELECTRONIC DEVICE (NAVIGATION DEVICE, DVD PLAYER, ETC.)",NO DEFECTS,DRY,FOLLOWING TOO CLOSELY,W,800,TRAFFIC SIGNAL,NOT DIVIDED,CLEAR,0.0,0.0,0.0,0.0,0.0,1.0,1,2,[],[],"[""N"", ""Y""]","[""2025-10-02T13:30:00.000""]","[""2166015"", ""2166016""]","[""FRONT"", ""REAR""]","[""IL""]","[""TOYOTA""]","[""STRAIGHT AHEAD""]","[""CAMRY"", ""RAV4""]","[""1""]","[""E""]","[""1"", ""2""]","[""DRIVER""]","[""NONE""]","[""2064751"", ""2064757""]","[""PASSENGER""]","[""PERSONAL""]","[""2011"", ""2023""]",[],[],[],[],[],[],[],[],[],[],[],[],[],[],"[""Y""]",[],"['26', '28']","[""DID NOT DEPLOY""]","[""TEST NOT OFFERED""]","[""CHICAGO""]","[""2025-10-02T13:30:00.000""]","[""CELL PHONE USE OTHER THAN TEXTING"", ""NONE""]","[""NOT OBSCURED"", ""UNKNOWN""]","[""D""]","[""IL""]","[""NONE""]",[],"[""O2166015"", ""O2166016""]","[""DRIVER""]","[""NORMAL"", ""UNKNOWN""]","[""SAFETY BELT USED""]","[""M""]","[""IL""]","[""2064751"", ""2064757""]","[""60639""]",[],[],[],[],[],[],2025,10,13,2,False,afternoon,41.91,-87.65,41.91_-87.65,27.0,26,28,DISTRACTION/INATTENTION,0
STRAIGHT AND LEVEL,814,2025-10-02 13:30:00,5,13,10,B5AD70AD075D8A471881556ADCFDFA012A9FE18FB481BC7902220F5D149A8CFC7D207CAAB63799A2F8155013038F4A4814AE1BC0936EF4F6E6451A414BC1CCC6,NO INJURY / DRIVE AWAY,$500 OR LESS,NO CONTROLS,SIDESWIPE SAME DIRECTION,41.7966085865,DAYLIGHT,-87.7573238437,2,25,UNABLE TO DETERMINE,NO DEFECTS,DRY,UNABLE TO DETERMINE,S,5772,NO CONTROLS,NOT DIVIDED,CLEAR,0.0,0.0,0.0,0.0,0.0,1.0,1,1,[],[],[],"[""2025-10-02T13:30:00.000""]","[""2166059"", ""2166060""]","[""SIDE-LEFT"", ""SIDE-RIGHT""]","[""IL""]","[""TOYOTA"", ""VOLKSWAGEN""]","[""STRAIGHT AHEAD""]","[""ATLAS"", ""RAV4""]","[""1""]","[""E""]","[""1"", ""2""]","[""DRIVER""]","[""NONE""]","[""2064803"", ""2064806""]","[""SPORT UTILITY VEHICLE (SUV)""]","[""PERSONAL""]","[""2022""]","[""Y""]",[],[],[],[],[],[],[],"[""Y""]",[],[],[],[],[],[],[],['24'],"[""DEPLOYMENT UNKNOWN"", ""NOT APPLICABLE""]","[""TEST NOT OFFERED""]","[""CHICAGO""]","[""2025-10-02T13:30:00.000""]","[""NONE""]","[""NOT OBSCURED"", ""UNKNOWN""]","[""D""]","[""IL""]","[""NONE""]",[],"[""O2166059"", ""O2166060""]","[""DRIVER""]","[""NORMAL"", ""UNKNOWN""]","[""SAFETY BELT USED"", ""USAGE UNKNOWN""]","[""F""]","[""IL""]","[""2064803"", ""2064806""]","[""60638""]",[],[],[],[],[],[],2025,10,13,2,False,afternoon,41.8,-87.76,41.8_-87.76,24.0,24,24,OTHER,0
STRAIGHT AND LEVEL,834,2025-10-02 13:30:00,5,13,10,860116ECEFB80E19ACDB8F0EA28D03AB54796F4DCD1EF1DC4B6BECCB365DEFD120A01AD548F3937B61244ACBE965CE6355F524B8AB4FCF0D177F2A5B5E6D0F9E,NO INJURY / DRIVE AWAY,"OVER $1,500",FUNCTIONING PROPERLY,REAR END,41.7496076695,DAYLIGHT,-87.7041435891,2,30,DRIVING SKILLS/KNOWLEDGE/EXPERIENCE,UNKNOWN,UNKNOWN,NOT APPLICABLE,W,3247,TRAFFIC SIGNAL,NOT DIVIDED,CLEAR,0.0,0.0,0.0,0.0,0.0,1.0,1,2,[],[],[],"[""2025-10-02T13:30:00.000""]","[""2162202"", ""2162203""]","[""FRONT"", ""REAR""]","[""IL""]","[""CHEVROLET"", ""DODGE""]","[""SLOW/STOP IN TRAFFIC"", ""STRAIGHT AHEAD""]","[""EQUINOX"", ""RAM 1500 VAN""]","[""1""]","[""E""]","[""1"", ""2""]","[""DRIVER""]","[""NONE""]","[""2061135"", ""2061142""]","[""SPORT UTILITY VEHICLE (SUV)"", ""VAN/MINI-VAN""]","[""OTHER"", ""PERSONAL""]","[""2012"", ""2023""]",[],[],[],[],[],"[""Y""]","[""Y""]",[],[],[],[],[],[],"[""Y""]","[""Y""]",[],"['26', '47']","[""DID NOT DEPLOY""]","[""TEST NOT OFFERED""]","[""CHICAGO"", ""CICERO""]","[""2025-10-02T13:30:00.000""]","[""FOLLOWED TOO CLOSELY"", ""NONE""]","[""NOT OBSCURED""]",[],"[""IL""]","[""NONE""]",[],"[""O2162202"", ""O2162203""]","[""DRIVER""]","[""NORMAL""]","[""SAFETY BELT USED"", ""USAGE UNKNOWN""]","[""F"", ""M""]","[""IL""]","[""2061135"", ""2061142""]","[""60638"", ""60804""]",[],[],[],[],[],[],2025,10,13,2,False,afternoon,41.75,-87.7,41.75_-87.7,36.5,26,47,OTHER,0
STRAIGHT AND LEVEL,413,2025-10-02 13:24:00,5,13,10,58E15C2ECF42849FF10D4B56AB53BA6FD129E96798DBE7FE8E2FBC5B2B856B02C637145BB957891C8FB9356578D001A2597790A8C0540DC7202D1EF3991A3D7A,NO INJURY / DRIVE AWAY,"OVER $1,500",FUNCTIONING PROPERLY,ANGLE,41.7281293629,DAYLIGHT,-87.5693528191,2,30,UNABLE TO DETERMINE,NO DEFECTS,DRY,UNABLE TO DETERMINE,E,2232,STOP SIGN/FLASHER,FOUR WAY,CLEAR,0.0,0.0,1.0,0.0,0.0,1.0,1,2,"[""Y""]","[""Y""]","[""Y""]","[""2025-10-02T13:24:00.000""]","[""2162254"", ""2162255""]","[""FRONT-LEFT-CORNER"", ""FRONT-RIGHT-CORNER""]","[""IL""]","[""CHEVROLET"", ""NISSAN""]","[""STRAIGHT AHEAD""]","[""AVALANCHE"", ""PATHFINDER""]","[""1""]","[""E"", ""S""]","[""1"", ""2""]","[""DRIVER""]","[""NONE""]","[""2061185"", ""2061199""]","[""SPORT UTILITY VEHICLE (SUV)""]","[""PERSONAL""]","[""2006"", ""2007""]",[],[],"[""Y""]",[],[],[],[],[],"[""Y""]",[],[],[],[],[],[],[],"['61', '64']","[""DID NOT DEPLOY""]","[""TEST NOT OFFERED""]","[""CHICAGO""]","[""2025-10-02T13:24:00.000""]","[""DISREGARDED CONTROL DEVICES"", ""NONE""]","[""NOT OBSCURED""]","[""D""]","[""IL""]","[""NONE""]",[],"[""O2162254"", ""O2162255""]","[""DRIVER""]","[""NORMAL""]","[""SAFETY BELT USED""]","[""M""]","[""IL""]","[""2061185"", ""2061199""]","[""60617""]",[],[],[],[],[],[],2025,10,13,2,False,afternoon,41.73,-87.57,41.73_-87.57,62.5,61,64,OTHER,0