alignment,beat_of_occurrence,crash_date,crash_day_of_week,crash_hour,crash_month,crash_record_id,crash_type,damage,device_condition,first_crash_type,latitude,lighting_condition,longitude,num_units,posted_speed_limit,prim_contributory_cause,road_defect,roadway_surface_cond,sec_contributory_cause,street_direction,street_no,traffic_control_device,trafficway_type,weather_condition,private_property_i,hit_and_run_i,intersection_related_i,crash_date_est_i,work_zone_i,workers_present_i,veh_count,ppl_count,veh_area_01_i_list_json,veh_area_02_i_list_json,veh_area_12_i_list_json,veh_crash_date_list_json,veh_crash_unit_id_list_json,veh_first_contact_point_list_json,veh_lic_plate_state_list_json,veh_make_list_json,veh_maneuver_list_json,veh_model_list_json,veh_occupant_cnt_list_json,veh_travel_direction_list_json,veh_unit_no_list_json,veh_unit_type_list_json,veh_vehicle_defect_list_json,veh_vehicle_id_list_json,veh_vehicle_type_list_json,veh_vehicle_use_list_json,veh_vehicle_year_list_json,veh_area_03_i_list_json,veh_area_04_i_list_json,veh_area_11_i_list_json,veh_towed_by_list_json,veh_towed_i_list_json,veh_area_07_i_list_json,veh_area_99_i_list_json,veh_area_09_i_list_json,veh_area_10_i_list_json,veh_cmrc_veh_i_list_json,veh_num_passengers_list_json,veh_area_08_i_list_json,veh_area_00_i_list_json,veh_area_05_i_list_json,veh_area_06_i_list_json,veh_towed_to_list_json,ppl_age_list_json,ppl_airbag_deployed_list_json,ppl_bac_result_list_json,ppl_city_list_json,ppl_crash_date_list_json,ppl_driver_action_list_json,ppl_driver_vision_list_json,ppl_drivers_license_class_list_json,ppl_drivers_license_state_list_json,ppl_ejection_list_json,ppl_hospital_list_json,ppl_person_id_list_json,ppl_person_type_list_json,ppl_physical_condition_list_json,ppl_safety_equipment_list_json,ppl_sex_list_json,ppl_state_list_json,ppl_vehicle_id_list_json,ppl_zipcode_list_json,ppl_ems_agency_list_json,ppl_seat_no_list_json,ppl_pedpedal_action_list_json,ppl_pedpedal_location_list_json,ppl_pedpedal_visibility_list_json,ppl_ems_run_no_list_json,year,month,hour,day,is_weekend,hour_bin,lat_bin,lng_bin,grid_id,ppl_age_mean,ppl_age_min,ppl_age_max,prim_contributory_cause_group,ksi_flag
STRAIGHT AND LEVEL,715,2025-10-02 13:15:00,5,13,10,93E7772AEE3FC5453AC964174E8906774115F8B1F9C85F0EC3065B643A24BB661195912550A213DBFBD6FD435521AFEF44B262B168B70738F044E49B6AC332FC,NO INJURY / DRIVE AWAY,"OVER $1,500",NO CONTROLS,PARKED MOTOR VEHICLE,41.7930548044,UNKNOWN,-87.6695628295,2,30,UNABLE TO DETERMINE,UNKNOWN,UNKNOWN,NOT APPLICABLE,S,5516,NO CONTROLS,NOT DIVIDED,CLEAR,0.0,1.0,0.0,0.0,0.0,1.0,2,0,"[""Y""]",[],"[""Y""]","[""2025-10-02T13:15:00.000""]","[""2169068"", ""2169069""]","[""FRONT"", ""UNKNOWN""]","[""IL""]","[""CHEVROLET"", ""KIA""]","[""PARKED"", ""UNKNOWN/NA""]","[""IMPALA"", ""OTHER (EXPLAIN IN NARRATIVE)""]","[""0"", ""1""]","[""UNKNOWN""]","[""1"", ""2""]","[""DRIVER"", ""PARKED""]","[""NONE"", ""UNKNOWN""]","[""2067658"", ""2067659""]","[""PASSENGER"", ""UNKNOWN/NA""]","[""NOT IN USE"", ""UNKNOWN/NA""]","[""2015"", ""2017""]",[],[],"[""Y""]",[],[],[],"[""Y""]",[],[],[],[],[],[],[],[],[],[],"[""DEPLOYMENT UNKNOWN""]","[""TEST NOT OFFERED""]",[],"[""2025-10-02T13:15:00.000""]","[""UNKNOWN""]","[""UNKNOWN""]",[],[],"[""UNKNOWN""]",[],"[""O2169068""]","[""DRIVER""]","[""UNKNOWN""]","[""USAGE UNKNOWN""]","[""X""]",[],"[""2067658""]",[],[],[],[],[],[],[],2025,10,13,2,False,afternoon,41.79,-87.67,41.79_-87.67,0.0,0,0,OTHER,0
STRAIGHT AND LEVEL,1621,2025-10-02 13:13:00,5,13,10,C6AE6C64F077A9BDEF0BFB09113AA6B1F6D481D02370BC744FF2D94AB9E039560DB70EC87D349331996FB29C273FE38685B5DB7885A2EFDEA10937B9DD16BA4F,INJURY AND / OR TOW DUE TO CRASH,"$501 - $1,500",FUNCTIONING PROPERLY,REAR END,41.9974368025,DAYLIGHT,-87.763176374,2,30,FOLLOWING TOO CLOSELY,NO DEFECTS,DRY,NOT APPLICABLE,W,5362,TRAFFIC SIGNAL,DIVIDED - W/MEDIAN (NOT RAISED),CLEAR,0.0,0.0,0.0,0.0,0.0,1.0,1,2,[],[],"[""Y""]","[""2025-10-02T13:13:00.000""]","[""2162198"", ""2162199""]","[""FRONT"", ""REAR""]","[""IL""]","[""MERCEDES-BENZ"", ""SUBARU""]","[""SLOW/STOP IN TRAFFIC"", ""STRAIGHT AHEAD""]","[""FORESTER"", ""GLA""]","[""1""]","[""W""]","[""1"", ""2""]","[""DRIVER""]","[""NONE"", ""UNKNOWN""]","[""2061140"", ""2061150""]","[""SPORT UTILITY VEHICLE (SUV)""]","[""PERSONAL""]","[""2011"", ""2019""]",[],[],[],[],[],[],[],[],[],[],[],[],[],"[""Y""]","[""Y""]",[],"['49', '50']","[""DID NOT DEPLOY""]","[""TEST NOT OFFERED""]","[""CHICAGO"", ""NILES""]","[""2025-10-02T13:13:00.000""]","[""FOLLOWED TOO CLOSELY"", ""NONE""]","[""NOT OBSCURED""]",[],"[""IL""]","[""NONE""]","[""REFUSED"", ""RESURRECTION""]","[""O2162198"", ""O2162199""]","[""DRIVER""]","[""NORMAL""]","[""SAFETY BELT USED""]","[""F""]","[""IL""]","[""2061140"", ""2061150""]","[""60625"", ""60714""]","[""CFD ABM #7""]",[],[],[],[],[],2025,10,13,2,False,afternoon,42.0,-87.76,42.0_-87.76,49.5,49,50,FOLLOWING TOO CLOSELY,1
STRAIGHT AND LEVEL,1024,2025-10-02 13:07:00,5,13,10,ABA2063C4E471F7BA11A51A9FBBE6966FF5E5495E7F49F464D420C38B73FEC6F1809AA455A87DFA396E79BB2C493086ADA1752D8F65A6FDC065811048C175A8C,NO INJURY / DRIVE AWAY,"OVER $1,500",FUNCTIONING PROPERLY,SIDESWIPE SAME DIRECTION,41.8446268551,DAYLIGHT,-87.7051026734,2,25,UNABLE TO DETERMINE,NO DEFECTS,DRY,UNABLE TO DETERMINE,W,3200,TRAFFIC SIGNAL,NOT DIVIDED,CLEAR,0.0,1.0,1.0,0.0,0.0,1.0,1,1,[],"[""Y""]",[],"[""2025-10-02T13:07:00.000""]","[""2162194"", ""2162195""]","[""SIDE-LEFT"", ""SIDE-RIGHT""]","[""IL""]","[""FORD"", ""UNKNOWN""]","[""STRAIGHT AHEAD""]","[""FUSION"", ""OTHER (EXPLAIN IN NARRATIVE)""]","[""1""]","[""E""]","[""1"", ""2""]","[""DRIVER""]","[""NONE""]","[""2061129"", ""2061133""]","[""PASSENGER"", ""TRUCK - SINGLE UNIT""]","[""PERSONAL"", ""UNKNOWN/NA""]","[""2013""]","[""Y""]","[""Y""]",[],[],[],[],[],"[""Y""]","[""Y""]",[],[],"[""Y""]",[],[],[],[],['22'],"[""DEPLOYMENT UNKNOWN"", ""NOT APPLICABLE""]","[""TEST NOT OFFERED""]","[""CHICAGO""]","[""2025-10-02T13:07:00.000""]","[""NONE"", ""UNKNOWN""]","[""NOT OBSCURED"", ""UNKNOWN""]","[""D""]","[""IL""]","[""NONE"", ""UNKNOWN""]",[],"[""O2162194"", ""O2162195""]","[""DRIVER""]","[""NORMAL"", ""UNKNOWN""]","[""SAFETY BELT USED"", ""USAGE UNKNOWN""]","[""F"", ""X""]","[""IL""]","[""2061129"", ""2061133""]","[""60632""]",[],[],[],[],[],[],2025,10,13,2,False,afternoon,41.84,-87.71,41.84_-87.71,22.0,22,22,OTHER,0
STRAIGHT AND LEVEL,324,2025-10-02 13:02:00,5,13,10,AC0225990C964AA59A90848737CA93631F47DEA040DAD367BF9AD3414D9FDB45F59094ACDBB0B03091806C2955A474509C4D9BFD7A7F39568C21CBB1F0A7263A,NO INJURY / DRIVE AWAY,"OVER $1,500",NO CONTROLS,OTHER OBJECT,41.7642768682,DAYLIGHT,-87.5864285415,1,30,DISTRACTION - FROM INSIDE VEHICLE,NO DEFECTS,DRY,NOT APPLICABLE,S,7158,NO CONTROLS,NOT DIVIDED,CLEAR,0.0,0.0,0.0,0.0,0.0,1.0,1,1,"[""Y""]",[],"[""Y""]","[""2025-10-02T13:02:00.000""]","[""2162206""]","[""FRONT""]","[""FL""]","[""NISSAN""]","[""STRAIGHT AHEAD""]","[""ROGUE""]","[""1""]","[""S""]","[""1""]","[""DRIVER""]","[""NONE""]","[""2061145""]","[""SPORT UTILITY VEHICLE (SUV)""]","[""PERSONAL""]","[""2024""]",[],[],"[""Y""]",[],[],[],[],[],[],[],[],[],"[""Y""]",[],[],[],['21'],"[""DID NOT DEPLOY""]","[""TEST NOT OFFERED""]","[""CHICAGO""]","[""2025-10-02T13:02:00.000""]","[""OTHER""]","[""NOT OBSCURED""]",[],"[""IL""]","[""NONE""]",[],"[""O2162206""]","[""DRIVER""]","[""NORMAL""]","[""USAGE UNKNOWN""]","[""F""]","[""IL""]","[""2061145""]","[""60617""]",[],[],[],[],[],[],2025,10,13,2,False,afternoon,41.76,-87.59,41.76_-87.59,21.0,21,21,DISTRACTION/INATTENTION,0
STRAIGHT AND LEVEL,1722,2025-10-02 13:01:00,5,13,10,0AA739CCC62981AE327A1B7A63BBF982F1FA1DCF3EB0B8F138AC5F8EE301E33491EB2DB671E471F788DC4709349197726CEF86942E1A87F8838DA61BEFCFA4B3,INJURY AND / OR TOW DUE TO CRASH,"OVER $1,500",NO CONTROLS,FIXED OBJECT,41.953744762,DAYLIGHT,-87.7291328873,1,35,UNABLE TO DETERMINE,NO DEFECTS,DRY,UNABLE TO DETERMINE,W,4098,NO CONTROLS,DIVIDED - W/MEDIAN (NOT RAISED),CLEAR,0.0,0.0,0.0,0.0,0.0,1.0,1,1,[],[],[],"[""2025-10-02T13:01:00.000""]","[""2162179""]","[""TOP""]","[""IN""]","[""VOLVO""]","[""STRAIGHT AHEAD""]","[""780 SERIES""]","[""1""]","[""E""]","[""1""]","[""DRIVER""]","[""NONE""]","[""2061113""]","[""TRACTOR W/ SEMI-TRAILER""]","[""COMMERCIAL - MULTI-UNIT""]","[""2024""]",[],[],[],[],"[""Y""]",[],[],[],[],"[""Y""]",[],[],[],[],[],[],['58'],"[""DID NOT DEPLOY""]","[""TEST NOT OFFERED""]","[""HIGHLAND""]","[""2025-10-02T13:01:00.000""]","[""NONE""]","[""NOT OBSCURED""]","[""A""]","[""IN""]","[""NONE""]",[],"[""O2162179""]","[""DRIVER""]","[""NORMAL""]","[""SAFETY BELT USED""]","[""M""]","[""IN""]","[""2061113""]","[""46322""]",[],[],[],[],[],[],2025,10,13,2,False,afternoon,41.95,-87.73,41.95_-87.73,58.0,58,58,OTHER,0
STRAIGHT AND LEVEL,2535,2025-10-02 13:00:00,5,13,10,0126519EF58EB6409384F77C6CABAECA4CF5A1A4A42B49E6B0158EC106DB3E74825161D3D3141D0EE319F694AFE7DCC66B09200DFB2F1202C1D2843FDA1C37E2,NO INJURY / DRIVE AWAY,"OVER $1,500",FUNCTIONING PROPERLY,ANGLE,41.9082208005,DAYLIGHT,-87.7168914361,2,30,UNABLE TO DETERMINE,UNKNOWN,DRY,NOT APPLICABLE,N,1500,STOP SIGN/FLASHER,FOUR WAY,CLEAR,0.0,0.0,0.0,0.0,0.0,1.0,1,2,"[""Y""]",[],[],"[""2025-10-02T13:00:00.000""]","[""2162230"", ""2162231""]","[""FRONT-RIGHT-CORNER"", ""SIDE-RIGHT-REAR""]","[""IL""]","[""AUDI"", ""HYUNDAI""]","[""STARTING IN TRAFFIC""]","[""Q5"", ""TUCSON""]","[""1"", ""2""]","[""S"", ""W""]","[""1"", ""2""]","[""DRIVER""]","[""UNKNOWN""]","[""2061158"", ""2061159""]","[""SPORT UTILITY VEHICLE (SUV)""]","[""PERSONAL""]","[""2011"", ""2020""]",[],"[""Y""]",[],[],[],[],[],[],[],[],"[""1""]",[],[],"[""Y""]",[],[],"['37', '49']","[""NOT APPLICABLE""]","[""TEST NOT OFFERED""]","[""CHICAGO""]","[""2025-10-02T13:00:00.000""]","[""OTHER""]","[""UNKNOWN""]","[""D""]","[""IL""]","[""NONE""]",[],"[""O2162230"", ""O2162231"", ""P477162""]","[""DRIVER"", ""PASSENGER""]","[""NORMAL""]","[""USAGE UNKNOWN""]","[""F"", ""M""]","[""IL""]","[""2061158"", ""2061159""]","[""60639"", ""60641""]",[],"[""3""]",[],[],[],[],2025,10,13,2,False,afternoon,41.91,-87.72,41.91_-87.72,43.0,37,49,OTHER,0
STRAIGHT AND LEVEL,2024,2025-10-02 12:55:00,5,12,10,F287A2047E8B980A7D2CA720F8B896E9BF8E53376A6A69DB4495EAB67AE2D1B74484894FC60538A8F75244EB527B9D703B652E073B00CBB8615F119BE0CCEB83,NO INJURY / DRIVE AWAY,"OVER $1,500",NO CONTROLS,REAR END,41.9762892129,DAYLIGHT,-87.6547929019,2,30,FAILING TO YIELD RIGHT-OF-WAY,NO DEFECTS,DRY,FAILING TO YIELD RIGHT-OF-WAY,W,959,NO CONTROLS,NOT DIVIDED,CLEAR,0.0,0.0,0.0,0.0,0.0,1.0,1,0,[],[],"[""Y""]","[""2025-10-02T12:55:00.000""]","[""2162661"", ""2162662""]","[""FRONT"", ""REAR""]","[""IL""]","[""HONDA"", ""NISSAN""]","[""SLOW/STOP IN TRAFFIC"", ""STRAIGHT AHEAD""]","[""ACCORD"", ""ROGUE""]","[""1""]","[""W""]","[""1"", ""2""]","[""DRIVER""]","[""NONE""]","[""2061564"", ""2061569""]","[""PASSENGER""]","[""PERSONAL""]","[""2016"", ""2019""]",[],[],[],[],[],[],[],[],[],[],[],[],[],[],"[""Y""]",[],[],"[""DID NOT DEPLOY"", ""NOT APPLICABLE""]","[""TEST NOT OFFERED""]","[""CHICAGO""]","[""2025-10-02T12:55:00.000""]","[""FAILED TO YIELD"", ""NONE""]","[""UNKNOWN""]",[],"[""IL""]","[""NONE""]",[],"[""O2162661"", ""O2162662""]","[""DRIVER""]","[""NORMAL"", ""UNKNOWN""]","[""SAFETY BELT USED"", ""USAGE UNKNOWN""]","[""M""]","[""IL""]","[""2061564"", ""2061569""]","[""60632""]",[],[],[],[],[],[],2025,10,12,2,False,morning,41.98,-87.65,41.98_-87.65,0.0,0,0,FAILURE-TO-YIELD,0
STRAIGHT AND LEVEL,2213,2025-10-02 12:55:00,5,12,10,589947FB17E014E95DFBE420B223EF3B9604208675C1F8ED7C2CE3E3BB57F3BA638D38CF4CC8342A961E679629CC6D29E88F18B1C7E1E5346E836E7C2DEB697B,NO INJURY / DRIVE AWAY,"$501 - $1,500",NO CONTROLS,REAR END,41.713833957,DAYLIGHT,-87.6597106299,2,30,UNABLE TO DETERMINE,UNKNOWN,DRY,NOT APPLICABLE,S,9900,NO CONTROLS,NOT DIVIDED,CLEAR,0.0,0.0,0.0,0.0,0.0,1.0,1,2,[],[],"[""Y""]","[""2025-10-02T12:55:00.000""]","[""2162151"", ""2162152""]","[""FRONT"", ""REAR""]","[""IL""]","[""JEEP"", ""NISSAN""]","[""STRAIGHT AHEAD""]","[""COMPASS"", ""ROGUE""]","[""1""]","[""E""]","[""1"", ""2""]","[""DRIVER""]","[""UNKNOWN""]","[""2061090"", ""2061091""]","[""PASSENGER""]","[""PERSONAL""]","[""2018"", ""2020""]",[],[],[],[],[],[],[],[],[],[],[],[],[],[],"[""Y""]",[],"['37', '46']","[""NOT APPLICABLE""]","[""TEST NOT OFFERED""]","[""CHICAGO""]","[""2025-10-02T12:55:00.000""]","[""UNKNOWN""]","[""UNKNOWN""]",[],"[""IL""]","[""NONE""]",[],"[""O2162151"", ""O2162152""]","[""DRIVER""]","[""NORMAL""]","[""SAFETY BELT USED""]","[""F""]","[""IL""]","[""2061090"", ""2061091""]","[""60626"", ""60629""]",[],[],[],[],[],[],2025,10,12,2,False,morning,41.71,-87.66,41.71_-87.66,41.5,37,46,OTHER,0
STRAIGHT AND LEVEL,123,2025-10-02 12:50:00,5,12,10,14933CBCAFED8338FB841E0EE98EF9DD1E25CDC8F6499A7D3D29A8AD793187536F11C72DB1B6046913A74115B14894E4CC74C1C07DF5B3DC19C5AE27C45D6311,NO INJURY / DRIVE AWAY,"OVER $1,500",NO CONTROLS,REAR END,41.8727988694,DAYLIGHT,-87.6243378103,2,30,FAILING TO REDUCE SPEED TO AVOID CRASH,NO DEFECTS,DRY,UNABLE TO DETERMINE,S,720,NO CONTROLS,DIVIDED - W/MEDIAN (NOT RAISED),CLEAR,0.0,0.0,0.0,0.0,0.0,1.0,1,2,"[""Y""]","[""Y""]","[""Y""]","[""2025-10-02T12:50:00.000""]","[""2162252"", ""2162253""]","[""FRONT-RIGHT-CORNER"", ""REAR-LEFT-CORNER""]","[""IL""]","[""GENERAL MOTORS CORPORATION (GMC)"", ""NEW FLYER""]","[""CHANGING LANES"", ""STRAIGHT AHEAD""]","[""D40LF"", ""YUKON""]","[""1""]","[""S""]","[""1"", ""2""]","[""DRIVER""]","[""UNKNOWN""]","[""2061182"", ""2061190""]","[""BUS OVER 15 PASS."", ""SPORT UTILITY VEHICLE (SUV)""]","[""CTA"", ""UNKNOWN/NA""]","[""2006"", ""2022""]",[],[],[],[],[],"[""Y""]",[],[],[],[],[],"[""Y""]",[],[],"[""Y""]",[],"['35', '60']","[""DEPLOYMENT UNKNOWN""]","[""TEST NOT OFFERED""]","[""CHICAGO"", ""TINLEY PARK""]","[""2025-10-02T12:50:00.000""]","[""NONE"", ""UNKNOWN""]","[""UNKNOWN""]","[""A"", ""B""]","[""IL""]","[""NONE""]",[],"[""O2162252"", ""O2162253""]","[""DRIVER""]","[""UNKNOWN""]","[""USAGE UNKNOWN""]","[""F"", ""M""]","[""IL""]","[""2061182"", ""2061190""]","[""60487"", ""60680""]",[],[],[],[],[],[],2025,10,12,2,False,morning,41.87,-87.62,41.87_-87.62,47.5,35,60,SPEEDING,0
STRAIGHT AND LEVEL,2433,2025-10-02 12:45:00,5,12,10,BF738705AC00460A98C095E0121688207890B59830922E68B13BACEE17C5CE697042B1C2A64277DF913BAD1B26DF7A52F00A141CD603CCFB230065C94D80D19A,NO INJURY / DRIVE AWAY,"$501 - $1,500",NO CONTROLS,REAR END,41.9911817534,DAYLIGHT,-87.6601550832,2,15,UNABLE TO DETERMINE,UNKNOWN,DRY,UNABLE TO DETERMINE,N,6009,NO CONTROLS,PARKING LOT,CLEAR,1.0,0.0,0.0,0.0,0.0,1.0,1,2,[],[],[],"[""2025-10-02T12:45:00.000""]","[""2162157"", ""2162158""]","[""REAR"", ""REAR-LEFT-CORNER""]","[""IL""]","[""KIA"", ""MERCEDES-BENZ""]","[""BACKING"", ""UNKNOWN/NA""]","[""300 SERIES"", ""NIRO""]","[""1""]","[""UNKNOWN""]","[""1"", ""2""]","[""DRIVER""]","[""UNKNOWN""]","[""2061103"", ""2061116""]","[""PASSENGER""]","[""PERSONAL""]","[""2018"", ""2020""]",[],[],[],[],[],"[""Y""]",[],[],[],[],[],[],[],[],"[""Y""]",[],"['50', '55']","[""DID NOT DEPLOY"", ""NOT APPLICABLE""]","[""TEST NOT OFFERED""]","[""CHICAGO""]","[""2025-10-02T12:45:00.000""]","[""UNKNOWN""]","[""UNKNOWN""]","[""D""]","[""IL""]","[""NONE""]",[],"[""O2162157"", ""O2162158""]","[""DRIVER""]","[""UNKNOWN""]","[""USAGE UNKNOWN""]","[""F"", ""M""]","[""IL""]","[""2061103"", ""2061116""]","[""60626""]",[],[],[],[],[],[],2025,10,12,2,False,morning,41.99,-87.66,41.99_-87.66,52.5,50,55,OTHER,0
STRAIGHT AND LEVEL,632,2025-10-02 12:45:00,5,12,10,BDAF21160D3068E064E7D8504D0079911FA57E933493F9D8D1E9DD1A8A7E94044B820B5E46F1BD0DFABDC0764995595F06103CDB9FDFB80B98D6FCF878099502,NO INJURY / DRIVE AWAY,$500 OR LESS,NO CONTROLS,PEDALCYCLIST,41.7420493347,DAYLIGHT,-87.6051231508,2,30,IMPROPER TURNING/NO SIGNAL,NO DEFECTS,DRY,TEXTING,S,8400,NO CONTROLS,DIVIDED - W/MEDIAN (NOT RAISED),CLEAR,0.0,1.0,1.0,0.0,0.0,1.0,2,1,[],[],[],"[""2025-10-02T12:45:00.000""]","[""2162167"", ""2162168""]","[""UNKNOWN""]","[""IL""]","[""HYUNDAI""]","[""U-TURN""]","[""ACCENT""]","[""1""]","[""S""]","[""1"", ""2""]","[""BICYCLE"", ""DRIVER""]","[""UNKNOWN""]","[""2061101""]","[""PASSENGER""]","[""UNKNOWN/NA""]","[""2014""]",[],[],[],[],[],[],"[""Y""]",[],[],[],[],[],[],[],[],[],['51'],"[""DEPLOYMENT UNKNOWN""]","[""TEST NOT OFFERED""]","[""CHICAGO""]","[""2025-10-02T12:45:00.000""]","[""IMPROPER TURN"", ""TEXTING""]","[""UNKNOWN""]",[],[],"[""NONE""]",[],"[""O2162167"", ""O2162168""]","[""BICYCLE"", ""DRIVER""]","[""NORMAL"", ""UNKNOWN""]","[""HELMET NOT USED"", ""USAGE UNKNOWN""]","[""F"", ""M""]","[""IL""]","[""2061101""]","[""60619""]",[],[],"[""OTHER ACTION""]","[""IN ROADWAY""]","[""NO CONTRASTING CLOTHING""]",[],2025,10,12,2,False,morning,41.74,-87.61,41.74_-87.61,51.0,51,51,OTHER,0
STRAIGHT AND LEVEL,814,2025-10-02 12:45:00,5,12,10,B5DC2A0D2B1D7AB44241C089BE48E2BD9D7591D8490A7E445D58B02AD1B85C867A70443DD74ACE0CBBD936FFCA5255309B7668820624B42566952294CEBB7785,NO INJURY / DRIVE AWAY,"OVER $1,500",NO CONTROLS,ANGLE,41.8020558778,UNKNOWN,-87.7431478533,2,35,UNABLE TO DETERMINE,NO DEFECTS,DRY,UNABLE TO DETERMINE,S,5000,NO CONTROLS,RAMP,CLEAR,0.0,1.0,0.0,0.0,0.0,1.0,1,1,"[""Y""]",[],[],"[""2025-10-02T12:45:00.000""]","[""2162186"", ""2162187""]","[""FRONT-RIGHT-CORNER"", ""REAR-LEFT-CORNER""]","[""IL""]","[""CHEVROLET"", ""HYUNDAI""]","[""MERGING"", ""STRAIGHT AHEAD""]","[""ELANTRA"", ""TAHOE""]","[""1""]","[""N"", ""NW""]","[""1"", ""2""]","[""DRIVER""]","[""NONE"", ""UNKNOWN""]","[""2061120"", ""2061125""]","[""PASSENGER""]","[""PERSONAL""]","[""2020"", ""2021""]",[],[],[],[],[],[],[],[],[],[],[],"[""Y""]",[],[],[],[],['50'],"[""DEPLOYMENT UNKNOWN"", ""NOT APPLICABLE""]","[""TEST NOT OFFERED""]","[""CHICAGO"", ""UNK""]","[""2025-10-02T12:45:00.000""]","[""UNKNOWN""]","[""UNKNOWN""]","[""D""]","[""IL"", ""XX""]","[""NONE""]",[],"[""O2162186"", ""O2162187""]","[""DRIVER""]","[""NORMAL"", ""UNKNOWN""]","[""USAGE UNKNOWN""]","[""M"", ""X""]","[""IL"", ""XX""]","[""2061120"", ""2061125""]","[""60061"", ""60641""]",[],[],[],[],[],[],2025,10,12,2,False,morning,41.8,-87.74,41.8_-87.74,50.0,50,50,OTHER,0
STRAIGHT AND LEVEL,1633,2025-10-02 12:45:00,5,12,10,A2A6DEF9F5FBFCE6A46A840D4E2261F7E270F8E17851DB6018D5C98D9CCF5B98DB8337772D2FB02DC497C30F31CA85B70BC50192BCA7E5463E3DCEB64DE9455F,NO INJURY / DRIVE AWAY,"OVER $1,500",NO CONTROLS,REAR END,41.9400006308,DAYLIGHT,-87.7666966056,2,30,FOLLOWING TOO CLOSELY,UNKNOWN,DRY,NOT APPLICABLE,N,3246,NO CONTROLS,NOT DIVIDED,CLEAR,0.0,0.0,0.0,0.0,0.0,1.0,1,2,[],[],"[""Y""]","[""2025-10-02T12:45:00.000""]","[""2162173"", ""2162174""]","[""FRONT"", ""REAR""]","[""IL""]","[""CHEVROLET"", ""FORD""]","[""STRAIGHT AHEAD""]","[""EQUINOX"", ""FOCUS""]","[""1""]","[""S""]","[""1"", ""2""]","[""DRIVER""]","[""UNKNOWN""]","[""2061117"", ""2061122""]","[""PASSENGER"", ""SPORT UTILITY VEHICLE (SUV)""]","[""PERSONAL"", ""UNKNOWN/NA""]","[""2007"", ""2015""]",[],[],[],[],[],[],[],[],[],[],[],[],[],[],"[""Y""]",[],"['44', '72']","[""DID NOT DEPLOY""]","[""TEST NOT OFFERED""]","[""BROADVIEW"", ""CHICAGO""]","[""2025-10-02T12:45:00.000""]","[""FOLLOWED TOO CLOSELY"", ""OTHER""]","[""NOT OBSCURED"", ""UNKNOWN""]","[""D""]","[""IL""]","[""NONE""]",[],"[""O2162173"", ""O2162174""]","[""DRIVER""]","[""NORMAL"", ""UNKNOWN""]","[""SAFETY BELT USED"", ""USAGE UNKNOWN""]","[""F"", ""M""]","[""IL""]","[""2061117"", ""2061122""]","[""60155"", ""60641""]",[],[],[],[],[],[],2025,10,12,2,False,morning,41.94,-87.77,41.94_-87.77,58.0,44,72,FOLLOWING TOO CLOSELY,0
STRAIGHT AND LEVEL,2023,2025-10-02 12:30:00,5,12,10,31F1AC86046D1925B58AAA663E391F417CF3773F4807CB669CDCDFD743F66A77F5A737F3D0EF4B271DF486E469BA1797C2FDED9B55D68B3C2BBC665DBE3BB9CE,NO INJURY / DRIVE AWAY,"OVER $1,500",FUNCTIONING PROPERLY,REAR TO REAR,41.9765216444,DAYLIGHT,-87.6539560783,2,30,DRIVING SKILLS/KNOWLEDGE/EXPERIENCE,NO DEFECTS,DRY,NOT APPLICABLE,W,934,TRAFFIC SIGNAL,DIVIDED - W/MEDIAN (NOT RAISED),CLEAR,0.0,0.0,0.0,0.0,0.0,1.0,1,2,[],[],[],"[""2025-10-02T12:30:00.000""]","[""2162182"", ""2162183""]","[""REAR""]","[""MN"", ""WI""]","[""MACK TRUCKS, INC."", ""TOYOTA""]","[""BACKING"", ""SLOW/STOP IN TRAFFIC""]","[""MACK TRUCKS, INC."", ""RAV4""]","[""1""]","[""E"", ""W""]","[""1"", ""2""]","[""DRIVER""]","[""UNKNOWN""]","[""2061119"", ""2061501""]","[""TRACTOR W/ SEMI-TRAILER"", ""UNKNOWN/NA""]","[""COMMERCIAL - MULTI-UNIT"", ""UNKNOWN/NA""]","[""2019"", ""2025""]",[],[],[],[],[],[],[],[],[],[],[],[],[],[],"[""Y""]",[],"['42', '51']","[""DID NOT DEPLOY"", ""NOT APPLICABLE""]","[""TEST NOT OFFERED""]","[""CJICAGO"", ""KENOSHA""]","[""2025-10-02T12:30:00.000""]","[""IMPROPER TURN"", ""NONE""]","[""NOT OBSCURED"", ""UNKNOWN""]","[""A""]","[""WI""]","[""NONE""]",[],"[""O2162182"", ""O2162183""]","[""DRIVER""]","[""NORMAL""]","[""USAGE UNKNOWN""]","[""M""]","[""IL"", ""WI""]","[""2061119"", ""2061501""]","[""53142"", ""60625""]",[],[],[],[],[],[],2025,10,12,2,False,morning,41.98,-87.65,41.98_-87.65,46.5,42,51,OTHER,0