alignment,beat_of_occurrence,crash_date,crash_day_of_week,crash_hour,crash_month,crash_record_id,crash_type,damage,device_condition,first_crash_type,latitude,lighting_condition,longitude,num_units,posted_speed_limit,prim_contributory_cause,road_defect,roadway_surface_cond,sec_contributory_cause,street_direction,street_no,traffic_control_device,trafficway_type,weather_condition,private_property_i,hit_and_run_i,intersection_related_i,crash_date_est_i,work_zone_i,workers_present_i,veh_count,ppl_count,veh_area_01_i_list_json,veh_area_02_i_list_json,veh_area_12_i_list_json,veh_crash_date_list_json,veh_crash_unit_id_list_json,veh_first_contact_point_list_json,veh_lic_plate_state_list_json,veh_make_list_json,veh_maneuver_list_json,veh_model_list_json,veh_occupant_cnt_list_json,veh_travel_direction_list_json,veh_unit_no_list_json,veh_unit_type_list_json,veh_vehicle_defect_list_json,veh_vehicle_id_list_json,veh_vehicle_type_list_json,veh_vehicle_use_list_json,veh_vehicle_year_list_json,veh_area_03_i_list_json,veh_area_04_i_list_json,veh_area_11_i_list_json,veh_towed_by_list_json,veh_towed_i_list_json,veh_area_07_i_list_json,veh_area_99_i_list_json,veh_area_09_i_list_json,veh_area_10_i_list_json,veh_cmrc_veh_i_list_json,veh_num_passengers_list_json,veh_area_08_i_list_json,veh_area_00_i_list_json,veh_area_05_i_list_json,veh_area_06_i_list_json,veh_towed_to_list_json,ppl_age_list_json,ppl_airbag_deployed_list_json,ppl_bac_result_list_json,ppl_city_list_json,ppl_crash_date_list_json,ppl_driver_action_list_json,ppl_driver_vision_list_json,ppl_drivers_license_class_list_json,ppl_drivers_license_state_list_json,ppl_ejection_list_json,ppl_hospital_list_json,ppl_person_id_list_json,ppl_person_type_list_json,ppl_physical_condition_list_json,ppl_safety_equipment_list_json,ppl_sex_list_json,ppl_state_list_json,ppl_vehicle_id_list_json,ppl_zipcode_list_json,ppl_ems_agency_list_json,ppl_seat_no_list_json,ppl_pedpedal_action_list_json,ppl_pedpedal_location_list_json,ppl_pedpedal_visibility_list_json,ppl_ems_run_no_list_json,year,month,hour,day,is_weekend,hour_bin,lat_bin,lng_bin,grid_id,ppl_age_mean,ppl_age_min,ppl_age_max,prim_contributory_cause_group,ksi_flag
STRAIGHT AND LEVEL,1831,2025-10-02 12:30:00,5,12,10,1FEA47485155F13E3BDF1AEB61AD5D0FBAEB82BDDEEF288F3697880572F1B8F54029CE999EE13ED8951933622D751EB9EF8DE566A6ACA6F60F57464B3A60D55F,NO INJURY / DRIVE AWAY,"OVER $1,500",NO CONTROLS,REAR TO FRONT,41.8915835503,DAYLIGHT,-87.6312722986,2,30,IMPROPER BACKING,UNKNOWN,UNKNOWN,FAILING TO REDUCE SPEED TO AVOID CRASH,N,520,NO CONTROLS,ONE-WAY,CLEAR,0.0,0.0,0.0,0.0,0.0,1.0,1,2,"[""Y""]",[],"[""Y""]","[""2025-10-02T12:30:00.000""]","[""2162791"", ""2162792""]","[""FRONT"", ""REAR""]","[""IL"", ""IN""]","[""FREIGHTLINER CORPORATION"", ""KIA""]","[""BACKING"", ""SLOW/STOP IN TRAFFIC""]","[""FREIGHTLINER CORP."", ""SPORTAGE""]","[""1""]","[""N"", ""S""]","[""1"", ""2""]","[""DRIVER""]","[""NONE"", ""UNKNOWN""]","[""2061690"", ""2061695""]","[""SPORT UTILITY VEHICLE (SUV)"", ""TRACTOR W/ SEMI-TRAILER""]","[""COMMERCIAL - MULTI-UNIT"", ""UNKNOWN/NA""]","[""2013"", ""2023""]",[],[],"[""Y""]",[],[],"[""Y""]",[],[],[],[],[],[],[],"[""Y""]","[""Y""]",[],"['48', '60']","[""DID NOT DEPLOY""]","[""TEST NOT OFFERED""]","[""CHICAGO"", ""DES PLAINES""]","[""2025-10-02T12:30:00.000""]","[""IMPROPER BACKING"", ""NONE""]","[""OTHER"", ""UNKNOWN""]","[""A"", ""D""]","[""IL""]","[""NONE""]",[],"[""O2162791"", ""O2162792""]","[""DRIVER""]","[""NORMAL"", ""UNKNOWN""]","[""SAFETY BELT USED""]","[""F"", ""M""]","[""IL""]","[""2061690"", ""2061695""]","[""60016"", ""60652""]",[],[],[],[],[],[],2025,10,12,2,False,morning,41.89,-87.63,41.89_-87.63,54.0,48,60,OTHER,0
STRAIGHT AND LEVEL,834,2025-10-02 12:30:00,5,12,10,39883794561A1A3D66F6076B260287AC8F8D6FEC110B3D05171F8FF6AAEB366B2268D15AE6DA16A61D9500ABAF0C24114A3B341FF9C95ECABC2AE90413DF78A6,NO INJURY / DRIVE AWAY,"$501 - $1,500",NO CONTROLS,REAR END,41.7352740895,DAYLIGHT,-87.7035112835,2,10,IMPROPER BACKING,NO DEFECTS,DRY,NOT APPLICABLE,W,3250,NO CONTROLS,PARKING LOT,CLEAR,1.0,0.0,0.0,0.0,0.0,1.0,1,2,[],[],[],"[""2025-10-02T12:30:00.000""]","[""2162169"", ""2162170""]","[""REAR"", ""REAR-RIGHT-CORNER""]","[""IL""]","[""CHEVROLET"", ""TOYOTA""]","[""BACKING"", ""SLOW/STOP IN TRAFFIC""]","[""RAV4"", ""SUBURBAN""]","[""1"", ""3""]","[""UNKNOWN""]","[""1"", ""2""]","[""DRIVER""]","[""NONE""]","[""2061104"", ""2061105""]","[""SPORT UTILITY VEHICLE (SUV)""]","[""PERSONAL""]","[""2014"", ""2018""]",[],[],[],[],[],[],"[""Y""]",[],[],[],"[""2""]",[],[],"[""Y""]","[""Y""]",[],"['26', '56']","[""DID NOT DEPLOY"", ""NOT APPLICABLE""]","[""TEST NOT OFFERED""]",[],"[""2025-10-02T12:30:00.000""]","[""IMPROPER BACKING"", ""NONE""]","[""NOT OBSCURED""]",[],"[""IL""]","[""NONE""]",[],"[""O2162169"", ""O2162170"", ""P477163"", ""P477164""]","[""DRIVER"", ""PASSENGER""]","[""NORMAL""]","[""SAFETY BELT USED""]","[""F""]",[],"[""2061104"", ""2061105""]",[],[],"[""3"", ""5""]",[],[],[],[],2025,10,12,2,False,morning,41.74,-87.7,41.74_-87.7,41.0,26,56,OTHER,0
STRAIGHT AND LEVEL,1135,2025-10-02 12:20:00,5,12,10,A7E2D718B5618603C57CECDAECC569A325BB99FDADA233AA16C0A3EA0735F5C82DB34CAB8664997EAC7FD6C9996D4A6BCC18BAD0F5B184616A281DB36F08A51F,NO INJURY / DRIVE AWAY,"OVER $1,500",NO CONTROLS,REAR END,41.873845896,DAYLIGHT,-87.6863812944,2,30,UNABLE TO DETERMINE,NO DEFECTS,DRY,UNABLE TO DETERMINE,S,600,NO CONTROLS,NOT DIVIDED,CLEAR,0.0,0.0,0.0,0.0,0.0,1.0,1,3,[],[],"[""Y""]","[""2025-10-02T12:20:00.000""]","[""2162149"", ""2162150""]","[""FRONT"", ""REAR""]","[""IL""]","[""DODGE"", ""KIA""]","[""STRAIGHT AHEAD""]","[""K9 / K900 / QUORIS"", ""RAM 1500 PU""]","[""1"", ""2""]","[""N""]","[""1"", ""2""]","[""DRIVER""]","[""NONE""]","[""2061126"", ""2061137""]","[""PASSENGER""]","[""PERSONAL""]","[""2016"", ""2025""]",[],[],[],[],[],[],[],[],[],[],"[""1""]",[],[],[],"[""Y""]",[],"['33', '36', '59']","[""DID NOT DEPLOY"", ""NOT APPLICABLE""]","[""TEST NOT OFFERED""]","[""CHICAGO"", ""WILLOWBROOK""]","[""2025-10-02T12:20:00.000""]","[""NONE""]","[""NOT OBSCURED""]","[""D""]","[""IL""]","[""NONE""]",[],"[""O2162149"", ""O2162150"", ""P477160""]","[""DRIVER"", ""PASSENGER""]","[""NORMAL""]","[""NONE PRESENT"", ""SAFETY BELT USED""]","[""F"", ""M""]","[""IL""]","[""2061126"", ""2061137""]","[""60527"", ""60629"", ""60651""]",[],"[""3""]",[],[],[],[],2025,10,12,2,False,morning,41.87,-87.69,41.87_-87.69,42.666666666666664,33,59,OTHER,0
STRAIGHT AND LEVEL,821,2025-10-02 12:20:00,5,12,10,9F2B699084CBF53CE5ED2D03B7BDCF29B29D8E9B8FC8FCA9CD2DA98BFEE07803D76A4ADEF4CB01F1BF1F3B28031476C06548EAEFE86596B59D40B4D0EABA751D,INJURY AND / OR TOW DUE TO CRASH,"OVER $1,500",FUNCTIONING PROPERLY,ANGLE,41.8078396383,DAYLIGHT,-87.7188225402,2,30,UNABLE TO DETERMINE,NO DEFECTS,DRY,UNABLE TO DETERMINE,S,4700,STOP SIGN/FLASHER,FOUR WAY,CLEAR,0.0,0.0,1.0,0.0,0.0,1.0,1,2,"[""Y""]","[""Y""]","[""Y""]","[""2025-10-02T12:20:00.000""]","[""2162131"", ""2162132""]","[""FRONT"", ""REAR-RIGHT-CORNER""]","[""IL""]","[""BMW"", ""TOYOTA""]","[""STRAIGHT AHEAD""]","[""COROLLA"", ""X3""]","[""1""]","[""E"", ""N""]","[""1"", ""2""]","[""DRIVER""]","[""NONE""]","[""2061071"", ""2061075""]","[""PASSENGER"", ""SPORT UTILITY VEHICLE (SUV)""]","[""PERSONAL""]","[""2006"", ""2007""]",[],"[""Y""]","[""Y""]","[""OWNER""]","[""Y""]",[],[],[],"[""Y""]","[""N""]",[],[],[],"[""Y""]","[""Y""]","[""UNK""]","['26', '34']","[""DID NOT DEPLOY""]","[""TEST NOT OFFERED""]","[""CHICAGO""]","[""2025-10-02T12:20:00.000""]","[""NONE""]","[""NOT OBSCURED"", ""SIGNBOARD""]","[""D""]","[""IL""]","[""NONE""]","[""REFUSED""]","[""O2162131"", ""O2162132""]","[""DRIVER""]","[""NORMAL""]","[""SAFETY BELT USED""]","[""F"", ""M""]","[""IL""]","[""2061071"", ""2061075""]","[""60608"", ""60632""]",[],[],[],[],[],[],2025,10,12,2,False,morning,41.81,-87.72,41.81_-87.72,30.0,26,34,OTHER,0
STRAIGHT AND LEVEL,124,2025-10-02 12:20:00,5,12,10,112469581385CCA0D6B97EAE08CD0FC987DEEE02CFA0527AF38125B501F4A0509EAAE046E7ECCBD0502A79EC209C92AECB0839E66CC0789324A3910467ABA8F7,INJURY AND / OR TOW DUE TO CRASH,"OVER $1,500",NO CONTROLS,ANGLE,41.8671431598,UNKNOWN,-87.6392931741,2,30,ROAD CONSTRUCTION/MAINTENANCE,UNKNOWN,UNKNOWN,DRIVING SKILLS/KNOWLEDGE/EXPERIENCE,W,501,NO CONTROLS,DIVIDED - W/MEDIAN (NOT RAISED),CLEAR,0.0,0.0,0.0,0.0,0.0,1.0,1,3,"[""Y""]",[],[],"[""2025-10-02T12:20:00.000""]","[""2162224"", ""2162225""]","[""FRONT-LEFT-CORNER"", ""FRONT-RIGHT-CORNER""]","[""IL""]","[""AUDI"", ""HYUNDAI""]","[""UNKNOWN/NA""]","[""Q3"", ""SONATA""]","[""1"", ""2""]","[""E"", ""N""]","[""1"", ""2""]","[""DRIVER""]","[""UNKNOWN""]","[""2061156"", ""2061169""]","[""PASSENGER"", ""SPORT UTILITY VEHICLE (SUV)""]","[""UNKNOWN/NA""]","[""2019"", ""2020""]",[],[],"[""Y""]",[],[],[],[],[],[],[],"[""1""]",[],[],[],[],[],"['44', '50', '53']","[""NOT APPLICABLE""]","[""TEST NOT OFFERED""]","[""CHICAGO""]","[""2025-10-02T12:20:00.000""]","[""UNKNOWN""]","[""UNKNOWN""]","[""D""]","[""IL""]","[""NONE""]",[],"[""O2162224"", ""O2162225"", ""P477165""]","[""DRIVER"", ""PASSENGER""]","[""UNKNOWN""]","[""USAGE UNKNOWN""]","[""F""]","[""IL""]","[""2061156"", ""2061169""]","[""60605"", ""60642"", ""60651""]",[],"[""3""]",[],[],[],[],2025,10,12,2,False,morning,41.87,-87.64,41.87_-87.64,49.0,44,53,OTHER,1
STRAIGHT AND LEVEL,124,2025-10-02 12:18:00,5,12,10,6B2C84AE2AE82ABA34942F8337E26765059CBD004C61363CE4DBDD64543053BA913D2922EF5DD3A7D4927A72DB0DCD00C869A7ECCE46E4A04D42676330683122,NO INJURY / DRIVE AWAY,"OVER $1,500",NO CONTROLS,PARKED MOTOR VEHICLE,41.8645211937,DAYLIGHT,-87.6393040996,2,30,DRIVING SKILLS/KNOWLEDGE/EXPERIENCE,NO DEFECTS,DRY,UNABLE TO DETERMINE,S,1340,NO CONTROLS,PARKING LOT,CLEAR,0.0,0.0,0.0,0.0,0.0,1.0,2,0,"[""Y""]","[""Y""]",[],"[""2025-10-02T12:18:00.000""]","[""2162747"", ""2162748""]","[""REAR-RIGHT-CORNER"", ""SIDE-RIGHT""]","[""IL""]","[""MAZDA"", ""NISSAN""]","[""BACKING"", ""PARKED""]","[""OTHER (EXPLAIN IN NARRATIVE)"", ""ROGUE""]","[""0"", ""1""]","[""UNKNOWN"", ""W""]","[""1"", ""2""]","[""DRIVER"", ""PARKED""]","[""UNKNOWN""]","[""2061654"", ""2061659""]","[""SPORT UTILITY VEHICLE (SUV)""]","[""PERSONAL"", ""UNKNOWN/NA""]","[""2018"", ""2023""]",[],"[""Y""]",[],[],[],[],[],[],[],[],[],[],[],"[""Y""]",[],[],[],"[""DEPLOYMENT UNKNOWN""]","[""TEST NOT OFFERED""]",[],"[""2025-10-02T12:18:00.000""]","[""IMPROPER PARKING""]","[""UNKNOWN""]",[],[],"[""NONE""]",[],"[""O2162747""]","[""DRIVER""]","[""UNKNOWN""]","[""USAGE UNKNOWN""]","[""F""]",[],"[""2061654""]",[],[],[],[],[],[],[],2025,10,12,2,False,morning,41.86,-87.64,41.86_-87.64,0.0,0,0,OTHER,0
STRAIGHT AND LEVEL,621,2025-10-02 12:10:00,5,12,10,75692692929FF51C8C8CFB459DB6A7C262A4BCDB79CA9E76BB3DA46FE4B36F1C4DBC9C992EFC0B6AFE60DD367C841879C4D646CB885315BB8383E8E3E8C8D37A,NO INJURY / DRIVE AWAY,"OVER $1,500",FUNCTIONING PROPERLY,REAR END,41.7507987732,DAYLIGHT,-87.6408653829,2,30,DRIVING SKILLS/KNOWLEDGE/EXPERIENCE,NO DEFECTS,DRY,DRIVING SKILLS/KNOWLEDGE/EXPERIENCE,W,642,NO CONTROLS,NOT DIVIDED,CLEAR,0.0,1.0,0.0,0.0,0.0,1.0,1,1,"[""Y""]",[],"[""Y""]","[""2025-10-02T12:10:00.000""]","[""2168335"", ""2168336""]","[""FRONT"", ""REAR""]","[""IL""]","[""CHEVROLET"", ""KIA""]","[""ENTERING TRAFFIC LANE FROM PARKING"", ""STRAIGHT AHEAD""]","[""EQUINOX"", ""OTHER (EXPLAIN IN NARRATIVE)""]","[""1""]","[""W""]","[""1"", ""2""]","[""DRIVER""]","[""NONE""]","[""2066949"", ""2066950""]","[""PASSENGER""]","[""NOT IN USE"", ""PERSONAL""]","[""2015"", ""2022""]",[],[],"[""Y""]",[],[],"[""Y""]",[],[],[],[],[],[],[],"[""Y""]","[""Y""]",[],['40'],"[""NOT APPLICABLE""]","[""TEST NOT OFFERED""]","[""CHICAGO""]","[""2025-10-02T12:10:00.000""]","[""IMPROPER PARKING"", ""NONE""]","[""NOT OBSCURED""]",[],"[""IL""]","[""NONE""]",[],"[""O2168335"", ""O2168336""]","[""DRIVER""]","[""NORMAL""]","[""SAFETY BELT USED""]","[""F"", ""M""]","[""IL""]","[""2066949"", ""2066950""]","[""60643"", ""60649""]",[],[],[],[],[],[],2025,10,12,2,False,morning,41.75,-87.64,41.75_-87.64,40.0,40,40,OTHER,0
STRAIGHT AND LEVEL,1711,2025-10-02 12:05:00,5,12,10,6576FA923F77EB4AC7ABA75E172D868AD0D66414A5C5053425985A87036D8939673E0519CE14A17E5039800844E22F81F6D78524ABCBDCE993A7F2FF31C0947D,NO INJURY / DRIVE AWAY,$500 OR LESS,NO CONTROLS,ANGLE,41.9948170432,DAYLIGHT,-87.7143427683,2,10,FAILING TO YIELD RIGHT-OF-WAY,NO DEFECTS,DRY,UNABLE TO DETERMINE,N,6211,NO CONTROLS,PARKING LOT,CLEAR,0.0,0.0,0.0,0.0,0.0,1.0,1,1,[],[],[],"[""2025-10-02T12:05:00.000""]","[""2162196"", ""2162197""]","[""UNKNOWN""]","[""IL""]","[""DODGE"", ""UNKNOWN""]","[""STRAIGHT AHEAD"", ""UNKNOWN/NA""]","[""DAKOTA"", ""OTHER (EXPLAIN IN NARRATIVE)""]","[""1""]","[""UNKNOWN""]","[""1"", ""2""]","[""DRIVER""]","[""NONE"", ""UNKNOWN""]","[""2061127"", ""2061141""]","[""PASSENGER"", ""UNKNOWN/NA""]","[""PERSONAL"", ""UNKNOWN/NA""]","[""2003""]",[],[],[],[],[],[],[],[],[],[],[],[],"[""Y""]",[],[],[],['58'],"[""DEPLOYMENT UNKNOWN"", ""DID NOT DEPLOY""]","[""TEST NOT OFFERED""]","[""CHICAGO""]","[""2025-10-02T12:05:00.000""]","[""FAILED TO YIELD"", ""NONE""]","[""NOT OBSCURED"", ""UNKNOWN""]","[""D""]","[""IL""]","[""NONE""]",[],"[""O2162196"", ""O2162197""]","[""DRIVER""]","[""NORMAL"", ""UNKNOWN""]","[""SAFETY BELT USED"", ""USAGE UNKNOWN""]","[""M""]","[""IL""]","[""2061127"", ""2061141""]","[""60617""]",[],[],[],[],[],[],2025,10,12,2,False,morning,41.99,-87.71,41.99_-87.71,58.0,58,58,FAILURE-TO-YIELD,0
STRAIGHT AND LEVEL,1732,2025-10-02 12:01:00,5,12,10,6208A03B762223D10F01D1ED91B464BA5BEEE4C151BF181933CC4BF10D3367B751971B4BA2536141725D619B0BAB4BDE3BA5FA1A22C8714A3CC08D6CE6FE50C2,INJURY AND / OR TOW DUE TO CRASH,"OVER $1,500",NO CONTROLS,PARKED MOTOR VEHICLE,41.9510051594,UNKNOWN,-87.7279304663,3,30,UNABLE TO DETERMINE,NO DEFECTS,DRY,UNABLE TO DETERMINE,N,3856,NO CONTROLS,ONE-WAY,CLEAR,0.0,1.0,0.0,0.0,0.0,1.0,2,0,"[""Y""]","[""Y""]","[""Y""]","[""2025-10-02T12:01:00.000""]","[""2162501"", ""2162502"", ""2162503""]","[""REAR"", ""UNKNOWN""]","[""IL""]","[""NISSAN"", ""TOYOTA"", ""UNKNOWN""]","[""PARKED"", ""UNKNOWN/NA""]","[""MAXIMA"", ""OTHER (EXPLAIN IN NARRATIVE)"", ""PRIUS""]","[""0"", ""1""]","[""NE""]","[""1"", ""2"", ""3""]","[""DRIVER"", ""PARKED""]","[""UNKNOWN""]","[""2061419"", ""2061420"", ""2061421""]","[""PASSENGER"", ""UNKNOWN/NA""]","[""PERSONAL"", ""UNKNOWN/NA""]","[""2005"", ""2008""]","[""Y""]",[],"[""Y""]","[""PRIVATE""]","[""Y""]","[""Y""]",[],"[""Y""]","[""Y""]",[],[],"[""Y""]",[],"[""Y""]","[""Y""]",[],[],"[""DEPLOYMENT UNKNOWN""]","[""TEST NOT OFFERED""]",[],"[""2025-10-02T12:01:00.000""]","[""UNKNOWN""]","[""UNKNOWN""]",[],[],"[""NONE""]",[],"[""O2162501""]","[""DRIVER""]","[""UNKNOWN""]","[""USAGE UNKNOWN""]","[""X""]",[],"[""2061419""]",[],[],[],[],[],[],[],2025,10,12,2,False,morning,41.95,-87.73,41.95_-87.73,0.0,0,0,OTHER,0
STRAIGHT AND LEVEL,2535,2025-10-02 12:00:00,5,12,10,36B7AEB79D404C2E77CAE98B7D6A1C750255C3D73C97963D0990CE8E61127BE9582CA9D37FC1E3423259F7DBD4BD87E4BC0661C6F12123CA8E54D3239BA10345,NO INJURY / DRIVE AWAY,"OVER $1,500",FUNCTIONING PROPERLY,REAR END,41.9066331476,DAYLIGHT,-87.7262745345,2,25,UNABLE TO DETERMINE,NO DEFECTS,DRY,UNABLE TO DETERMINE,N,1415,TRAFFIC SIGNAL,NOT DIVIDED,CLEAR,0.0,1.0,1.0,0.0,0.0,1.0,1,1,"[""Y""]",[],"[""Y""]","[""2025-10-02T12:00:00.000""]","[""2162141"", ""2162142""]","[""FRONT"", ""REAR""]","[""IL""]","[""DODGE"", ""FORD""]","[""STRAIGHT AHEAD""]","[""F150"", ""RAM 1500 PU""]","[""1""]","[""S""]","[""1"", ""2""]","[""DRIVER""]","[""NONE"", ""UNKNOWN""]","[""2061085"", ""2061089""]","[""PICKUP""]","[""PERSONAL""]","[""1998"", ""2014""]",[],[],"[""Y""]",[],[],"[""Y""]",[],[],[],[],[],[],[],"[""Y""]","[""Y""]",[],['49'],"[""DEPLOYMENT UNKNOWN"", ""NOT APPLICABLE""]","[""TEST NOT OFFERED""]","[""CICERO""]","[""2025-10-02T12:00:00.000""]","[""NONE"", ""UNKNOWN""]","[""NOT OBSCURED"", ""UNKNOWN""]","[""D""]","[""IL""]","[""NONE""]",[],"[""O2162141"", ""O2162142""]","[""DRIVER""]","[""NORMAL"", ""UNKNOWN""]","[""SAFETY BELT USED"", ""USAGE UNKNOWN""]","[""M""]","[""IL""]","[""2061085"", ""2061089""]","[""60804""]",[],[],[],[],[],[],2025,10,12,2,False,morning,41.91,-87.73,41.91_-87.73,49.0,49,49,OTHER,0
STRAIGHT AND LEVEL,1832,2025-10-02 12:00:00,5,12,10,3CB3F974B7E4C6A4B9D9358A660980A727B4EBF00AD226A33668B29FC664429465B22AA298F5DEE9274B50974A1922B460F680CA6787042C41A59B95A73C0A6A,NO INJURY / DRIVE AWAY,"$501 - $1,500",FUNCTIONING PROPERLY,TURNING,41.8932447739,DAYLIGHT,-87.6327867038,2,30,UNABLE TO DETERMINE,NO DEFECTS,DRY,UNABLE TO DETERMINE,N,630,TRAFFIC SIGNAL,DIVIDED - W/MEDIAN BARRIER,CLEAR,0.0,0.0,1.0,0.0,0.0,1.0,1,2,[],[],"[""Y""]","[""2025-10-02T12:00:00.000""]","[""2162125"", ""2162126""]","[""FRONT-LEFT-CORNER"", ""SIDE-RIGHT-REAR""]","[""GA"", ""IL""]","[""KIA"", ""TESLA""]","[""STRAIGHT AHEAD"", ""TURNING RIGHT""]","[""MODEL S"", ""OPTIMA / K5""]","[""1"", ""2""]","[""S""]","[""1"", ""2""]","[""DRIVER""]","[""NONE""]","[""2061062"", ""2061073""]","[""PASSENGER""]","[""PERSONAL""]","[""2015"", ""2019""]","[""Y""]","[""Y""]","[""Y""]",[],[],[],[],[],"[""Y""]",[],"[""1""]",[],[],"[""Y""]",[],[],"['26', '32']","[""DID NOT DEPLOY""]","[""TEST NOT OFFERED""]","[""CHICAGO"", ""LAWRENCEVILLE""]","[""2025-10-02T12:00:00.000""]","[""IMPROPER TURN"", ""NONE""]","[""NOT OBSCURED""]","[""C"", ""D""]","[""GA"", ""IL""]","[""NONE""]",[],"[""O2162125"", ""O2162126"", ""P477157""]","[""DRIVER"", ""PASSENGER""]","[""NORMAL""]","[""SAFETY BELT USED""]","[""F"", ""M""]","[""GA"", ""IL""]","[""2061062"", ""2061073""]","[""30043"", ""60613""]",[],"[""3""]",[],[],[],[],2025,10,12,2,False,morning,41.89,-87.63,41.89_-87.63,29.0,26,32,OTHER,0
STRAIGHT AND LEVEL,1631,2025-10-02 11:50:00,5,11,10,DBAD8D77DC938CBC592FB376902A8034C538798F255BAACDBCAF116DA6C823BD046E60A287EF1F73A8AC3FB663B5840846711DD85449764D0CA9C04D7C869942,NO INJURY / DRIVE AWAY,"OVER $1,500",FUNCTIONING PROPERLY,ANGLE,41.9397186942,DAYLIGHT,-87.8069556192,2,30,FAILING TO YIELD RIGHT-OF-WAY,NO DEFECTS,DRY,NOT APPLICABLE,N,3258,STOP SIGN/FLASHER,NOT DIVIDED,CLEAR,0.0,0.0,0.0,0.0,0.0,1.0,1,2,[],[],"[""Y""]","[""2025-10-02T11:50:00.000""]","[""2162123"", ""2162124""]","[""FRONT"", ""SIDE-LEFT""]","[""IL""]","[""HONDA"", ""HYUNDAI""]","[""STRAIGHT AHEAD""]","[""ODYSSEY"", ""OTHER (EXPLAIN IN NARRATIVE)""]","[""1"", ""3""]","[""S"", ""W""]","[""1"", ""2""]","[""DRIVER""]","[""NONE""]","[""2061072"", ""2061077""]","[""PASSENGER"", ""VAN/MINI-VAN""]","[""PERSONAL""]","[""2022"", ""2025""]",[],[],[],[],[],"[""Y""]",[],[],[],[],"[""2""]",[],[],[],[],[],"['61', '77']","[""DID NOT DEPLOY""]","[""TEST NOT OFFERED""]","[""CHICAGO""]","[""2025-10-02T11:50:00.000""]","[""FAILED TO YIELD"", ""NONE""]","[""NOT OBSCURED"", ""UNKNOWN""]","[""B"", ""D""]","[""IL""]","[""NONE""]",[],"[""O2162123"", ""O2162124"", ""P477155"", ""P477156""]","[""DRIVER"", ""PASSENGER""]","[""NORMAL"", ""UNKNOWN""]","[""SAFETY BELT USED""]","[""F"", ""M""]","[""IL""]","[""2061072"", ""2061077""]","[""60630"", ""60639""]",[],"[""2"", ""5""]",[],[],[],[],2025,10,11,2,False,morning,41.94,-87.81,41.94_-87.81,69.0,61,77,FAILURE-TO-YIELD,0
STRAIGHT AND LEVEL,1623,2025-10-02 11:45:00,5,11,10,720E40C757F07F32CBBC657DB0904E9FF2037BC707BB0F9DEC660CC02BDBBFDA9467C80C0B7965D2D314BFA4F7FEF4EE09CE6A2F664EDCFA19F46A5AC8E73B23,NO INJURY / DRIVE AWAY,"OVER $1,500",FUNCTIONING PROPERLY,REAR END,41.9644511676,DAYLIGHT,-87.7477764313,2,25,DRIVING SKILLS/KNOWLEDGE/EXPERIENCE,NO DEFECTS,DRY,FAILING TO YIELD RIGHT-OF-WAY,N,4600,TRAFFIC SIGNAL,NOT DIVIDED,CLEAR,0.0,1.0,0.0,0.0,0.0,1.0,1,1,"[""Y""]",[],"[""Y""]","[""2025-10-02T11:45:00.000""]","[""2162113"", ""2162114""]","[""FRONT"", ""REAR""]","[""IL""]","[""CHEVROLET"", ""FORD""]","[""STRAIGHT AHEAD""]","[""EQUINOX"", ""MUSTANG MACH-E""]","[""1""]","[""N""]","[""1"", ""2""]","[""DRIVER""]","[""NONE""]","[""2061049"", ""2061054""]","[""SPORT UTILITY VEHICLE (SUV)""]","[""PERSONAL""]","[""2015"", ""2022""]",[],[],"[""Y""]",[],[],"[""Y""]",[],[],[],[],[],[],[],"[""Y""]","[""Y""]",[],['52'],"[""DEPLOYMENT UNKNOWN"", ""DID NOT DEPLOY""]","[""TEST NOT OFFERED""]","[""CHICAGO""]","[""2025-10-02T11:45:00.000""]","[""FAILED TO YIELD"", ""NONE""]","[""NOT OBSCURED"", ""UNKNOWN""]","[""DM""]","[""IL""]","[""NONE""]",[],"[""O2162113"", ""O2162114""]","[""DRIVER""]","[""NORMAL"", ""UNKNOWN""]","[""SAFETY BELT USED"", ""USAGE UNKNOWN""]","[""F"", ""M""]","[""IL""]","[""2061049"", ""2061054""]","[""60641""]",[],[],[],[],[],[],2025,10,11,2,False,morning,41.96,-87.75,41.96_-87.75,52.0,52,52,OTHER,0
STRAIGHT AND LEVEL,1231,2025-10-02 11:45:00,5,11,10,153C3B926CACDC281CA56BAB8DDA8C537A8316DAC93DDFE20E9B7A7D7C654CF2A3AFD5A1954B45984760F3619CCB1062D176FA992346F97054C712AA70B17A00,NO INJURY / DRIVE AWAY,"OVER $1,500",NO CONTROLS,SIDESWIPE SAME DIRECTION,41.8693027853,DAYLIGHT,-87.6715308919,2,30,DISTRACTION - FROM OUTSIDE VEHICLE,NO DEFECTS,DRY,DISTRACTION - FROM OUTSIDE VEHICLE,W,1800,NO CONTROLS,NOT DIVIDED,CLEAR,0.0,0.0,0.0,0.0,0.0,1.0,1,2,[],[],[],"[""2025-10-02T11:45:00.000""]","[""2162127"", ""2162128""]","[""FRONT-LEFT-CORNER"", ""SIDE-RIGHT""]","[""IL""]","[""FORD""]","[""STARTING IN TRAFFIC"", ""STRAIGHT AHEAD""]","[""FUSION"", ""OTHER (EXPLAIN IN NARRATIVE)""]","[""1""]","[""W""]","[""1"", ""2""]","[""DRIVER""]","[""NONE""]","[""2061068"", ""2061076""]","[""BUS UP TO 15 PASS."", ""PASSENGER""]","[""PERSONAL""]","[""2015"", ""2018""]","[""Y""]",[],"[""Y""]",[],[],[],[],[],"[""N""]",[],[],[],[],[],[],[],"['28', '58']","[""DID NOT DEPLOY""]","[""TEST NOT OFFERED""]","[""CHICAGO"", ""CHICSAGO""]","[""2025-10-02T11:45:00.000""]","[""FAILED TO YIELD"", ""NONE""]","[""NOT OBSCURED""]",[],"[""IL""]","[""NONE""]",[],"[""O2162127"", ""O2162128""]","[""DRIVER""]","[""NORMAL""]","[""SAFETY BELT USED""]","[""F"", ""M""]","[""IL""]","[""2061068"", ""2061076""]",[],[],[],[],[],[],[],2025,10,11,2,False,morning,41.87,-87.67,41.87_-87.67,43.0,28,58,DISTRACTION/INATTENTION,0