alignment,beat_of_occurrence,crash_date,crash_day_of_week,crash_hour,crash_month,crash_record_id,crash_type,damage,device_condition,first_crash_type,latitude,lighting_condition,longitude,num_units,posted_speed_limit,prim_contributory_cause,road_defect,roadway_surface_cond,sec_contributory_cause,street_direction,street_no,traffic_control_device,trafficway_type,weather_condition,private_property_i,hit_and_run_i,intersection_related_i,crash_date_est_i,work_zone_i,workers_present_i,veh_count,ppl_count,veh_area_01_i_list_json,veh_area_02_i_list_json,veh_area_12_i_list_json,veh_crash_date_list_json,veh_crash_unit_id_list_json,veh_first_contact_point_list_json,veh_lic_plate_state_list_json,veh_make_list_json,veh_maneuver_list_json,veh_model_list_json,veh_occupant_cnt_list_json,veh_travel_direction_list_json,veh_unit_no_list_json,veh_unit_type_list_json,veh_vehicle_defect_list_json,veh_vehicle_id_list_json,veh_vehicle_type_list_json,veh_vehicle_use_list_json,veh_vehicle_year_list_json,veh_area_03_i_list_json,veh_area_04_i_list_json,veh_area_11_i_list_json,veh_towed_by_list_json,veh_towed_i_list_json,veh_area_07_i_list_json,veh_area_99_i_list_json,veh_area_09_i_list_json,veh_area_10_i_list_json,veh_cmrc_veh_i_list_json,veh_num_passengers_list_json,veh_area_08_i_list_json,veh_area_00_i_list_json,veh_area_05_i_list_json,veh_area_06_i_list_json,veh_towed_to_list_json,ppl_age_list_json,ppl_airbag_deployed_list_json,ppl_bac_result_list_json,ppl_city_list_json,ppl_crash_date_list_json,ppl_driver_action_list_json,ppl_driver_vision_list_json,ppl_drivers_license_class_list_json,ppl_drivers_license_state_list_json,ppl_ejection_list_json,ppl_hospital_list_json,ppl_person_id_list_json,ppl_person_type_list_json,ppl_physical_condition_list_json,ppl_safety_equipment_list_json,ppl_sex_list_json,ppl_state_list_json,ppl_vehicle_id_list_json,ppl_zipcode_list_json,ppl_ems_agency_list_json,ppl_seat_no_list_json,ppl_pedpedal_action_list_json,ppl_pedpedal_location_list_json,ppl_pedpedal_visibility_list_json,ppl_ems_run_no_list_json,year,month,hour,day,is_weekend,hour_bin,lat_bin,lng_bin,grid_id,ppl_age_mean,ppl_age_min,ppl_age_max,prim_contributory_cause_group,ksi_flag
STRAIGHT AND LEVEL,322,2025-10-02 11:30:00,5,11,10,9CBB64573874696C1DA8BB092CD2D9083CA22B513E09814B6FFB281062710A0F5E6C17673DEF5BDF9E4B6DEE9AEC41D964DFAB7D0CDF1577B066D443C4D5A06B,NO INJURY / DRIVE AWAY,"OVER $1,500",NO CONTROLS,ANGLE,41.7656743384,DAYLIGHT,-87.6224168737,2,20,FAILING TO YIELD RIGHT-OF-WAY,UNKNOWN,DRY,NOT APPLICABLE,E,64,NO CONTROLS,ONE-WAY,CLEAR,0.0,0.0,0.0,0.0,0.0,1.0,1,2,[],[],[],"[""2025-10-02T11:30:00.000""]","[""2162153"", ""2162154""]","[""FRONT"", ""UNKNOWN""]","[""IL""]","[""CHEVROLET"", ""DODGE""]","[""STRAIGHT AHEAD""]","[""CAMARO"", ""RAM 2500 PU""]","[""1""]","[""S"", ""W""]","[""1"", ""2""]","[""DRIVER""]","[""UNKNOWN""]","[""2061099"", ""2061106""]","[""PASSENGER"", ""PICKUP""]","[""PERSONAL""]","[""1999"", ""2011""]",[],[],[],[],"[""N""]",[],"[""Y""]",[],[],[],[],[],[],"[""Y""]",[],[],"['24', '38']","[""NOT APPLICABLE""]","[""TEST NOT OFFERED""]","[""CHICAGO"", ""HOMEWOOD""]","[""2025-10-02T11:30:00.000""]","[""FAILED TO YIELD"", ""NONE""]","[""UNKNOWN""]","[""D""]","[""IL""]","[""NONE""]",[],"[""O2162153"", ""O2162154""]","[""DRIVER""]","[""NORMAL""]","[""USAGE UNKNOWN""]","[""M""]","[""IL""]","[""2061099"", ""2061106""]","[""60430"", ""60637""]",[],[],[],[],[],[],2025,10,11,2,False,morning,41.77,-87.62,41.77_-87.62,31.0,24,38,FAILURE-TO-YIELD,0
STRAIGHT AND LEVEL,511,2025-10-02 11:30:00,5,11,10,1609EDDA22A434B86F10BDE8D4AA60831839FD0ABADAD42E0748EEFED6A0EA6B193B12C341324D6003A27C82AB912F3A23C005A840727875AB5DD253C12CC6E2,NO INJURY / DRIVE AWAY,"OVER $1,500",NO CONTROLS,PARKED MOTOR VEHICLE,41.7075095655,DAYLIGHT,-87.6081828189,2,10,UNABLE TO DETERMINE,UNKNOWN,UNKNOWN,UNABLE TO DETERMINE,E,616,NO CONTROLS,PARKING LOT,CLEAR,0.0,0.0,0.0,0.0,0.0,1.0,2,1,[],[],[],"[""2025-10-02T11:30:00.000""]","[""2162275"", ""2162276""]","[""FRONT-LEFT-CORNER"", ""REAR""]","[""IL"", ""WI""]","[""FORD"", ""UNKNOWN""]","[""PARKED"", ""STRAIGHT AHEAD""]","[""ENCLOSED BODY"", ""F150""]","[""0"", ""1""]","[""N"", ""W""]","[""1"", ""2""]","[""DRIVER"", ""PARKED""]","[""OTHER"", ""UNKNOWN""]","[""2061231"", ""2061246""]","[""PICKUP"", ""TRACTOR W/ SEMI-TRAILER""]","[""COMMERCIAL - MULTI-UNIT"", ""PERSONAL""]","[""2022""]",[],[],[],[],[],"[""Y""]","[""Y""]",[],[],"[""Y""]",[],[],[],[],"[""Y""]",[],['42'],"[""DID NOT DEPLOY""]","[""TEST NOT OFFERED""]","[""WAUKEGAN AVE""]","[""2025-10-02T11:30:00.000""]","[""UNKNOWN""]","[""UNKNOWN""]","[""A""]","[""IL""]","[""NONE""]",[],"[""O2162275""]","[""DRIVER""]","[""UNKNOWN""]","[""USAGE UNKNOWN""]","[""M""]","[""IL""]","[""2061231""]","[""60085""]",[],[],[],[],[],[],2025,10,11,2,False,morning,41.71,-87.61,41.71_-87.61,42.0,42,42,OTHER,0
STRAIGHT AND LEVEL,222,2025-10-02 11:27:00,5,11,10,EF6FDA738951DC61E38AF540BFEBE55083653B3B34D02AAD77F3B65236DD229C03204CFEC8D0C8FE49B42474DF6771825BEFAA079BD69ADFEDD035E510ACCC0E,NO INJURY / DRIVE AWAY,"OVER $1,500",NO CONTROLS,SIDESWIPE SAME DIRECTION,41.8095220526,UNKNOWN,-87.599410648,2,30,UNABLE TO DETERMINE,UNKNOWN,UNKNOWN,UNABLE TO DETERMINE,S,4700,NO CONTROLS,NOT DIVIDED,CLEAR,0.0,1.0,0.0,0.0,0.0,1.0,1,1,"[""Y""]",[],[],"[""2025-10-02T11:27:00.000""]","[""2162117"", ""2162118""]","[""FRONT-RIGHT-CORNER"", ""REAR-LEFT-CORNER""]","[""IL"", ""XX""]","[""KIA"", ""UNKNOWN""]","[""STRAIGHT AHEAD""]","[""OTHER (EXPLAIN IN NARRATIVE)"", ""SOUL""]","[""1""]","[""W""]","[""1"", ""2""]","[""DRIVER""]","[""UNKNOWN""]","[""2061055"", ""2061061""]","[""PASSENGER""]","[""PERSONAL""]","[""2022""]",[],[],[],[],[],"[""Y""]",[],[],[],[],[],"[""Y""]",[],[],[],[],['52'],"[""NOT APPLICABLE""]","[""TEST NOT OFFERED""]","[""CHICAGO"", ""UNKNOWN""]","[""2025-10-02T11:27:00.000""]","[""UNKNOWN""]","[""UNKNOWN""]","[""D""]","[""IL"", ""XX""]","[""NONE""]",[],"[""O2162117"", ""O2162118""]","[""DRIVER""]","[""UNKNOWN""]","[""USAGE UNKNOWN""]","[""F"", ""X""]","[""IL"", ""XX""]","[""2061055"", ""2061061""]","[""60615""]",[],[],[],[],[],[],2025,10,11,2,False,morning,41.81,-87.6,41.81_-87.6,52.0,52,52,OTHER,0
STRAIGHT AND LEVEL,122,2025-10-02 11:25:00,5,11,10,FDE214B70A620AA7E941C63607FA6EBB8755EBFA03CA863CBA221FF850E3C988473734AA5C75A6DE674824D2CEEC599447909D5B94E2A20DB47E4C6542439EE1,NO INJURY / DRIVE AWAY,"OVER $1,500",NO CONTROLS,SIDESWIPE SAME DIRECTION,41.8852432327,DAYLIGHT,-87.6371647943,2,30,IMPROPER LANE USAGE,UNKNOWN,UNKNOWN,FAILING TO REDUCE SPEED TO AVOID CRASH,N,180,NO CONTROLS,DIVIDED - W/MEDIAN BARRIER,CLEAR,0.0,1.0,0.0,0.0,0.0,1.0,1,1,[],[],[],"[""2025-10-02T11:25:00.000""]","[""2162448"", ""2162449""]","[""FRONT-LEFT-CORNER"", ""SIDE-RIGHT-REAR""]","[""IL""]","[""CHEVROLET"", ""HONDA""]","[""CHANGING LANES"", ""SLOW/STOP IN TRAFFIC""]","[""CIVIC"", ""TRAIL BLAZER""]","[""1""]","[""N""]","[""1"", ""2""]","[""DRIVER""]","[""NONE"", ""UNKNOWN""]","[""2061371"", ""2061372""]","[""PASSENGER"", ""SPORT UTILITY VEHICLE (SUV)""]","[""RIDESHARE SERVICE"", ""UNKNOWN/NA""]","[""2018"", ""2025""]",[],"[""Y""]","[""Y""]",[],[],[],[],[],"[""Y""]",[],[],[],[],"[""Y""]",[],[],['40'],"[""DEPLOYMENT UNKNOWN"", ""DID NOT DEPLOY""]","[""TEST NOT OFFERED""]","[""ROMEOVILLE""]","[""2025-10-02T11:25:00.000""]","[""IMPROPER LANE CHANGE"", ""OTHER""]","[""NOT OBSCURED"", ""UNKNOWN""]","[""DM""]","[""IL""]","[""NONE""]",[],"[""O2162448"", ""O2162449""]","[""DRIVER""]","[""NORMAL"", ""UNKNOWN""]","[""SAFETY BELT USED"", ""USAGE UNKNOWN""]","[""M"", ""X""]","[""IL""]","[""2061371"", ""2061372""]","[""60446""]",[],[],[],[],[],[],2025,10,11,2,False,morning,41.89,-87.64,41.89_-87.64,40.0,40,40,OTHER,0
STRAIGHT AND LEVEL,433,2025-10-02 11:25:00,5,11,10,7F232CE0DA1AF9F8CD603985045E97B2F2E9E05D567197356CB74DDA4A1C727FD292824C700BDC4733E3C74A4F9CA3382EEC24A91EC2E7DAC336F86442F40868,NO INJURY / DRIVE AWAY,"$501 - $1,500",NO CONTROLS,REAR TO REAR,41.6810595555,DAYLIGHT,-87.5393675414,2,15,UNABLE TO DETERMINE,NO DEFECTS,DRY,UNABLE TO DETERMINE,E,3448,NO CONTROLS,PARKING LOT,CLEAR,0.0,0.0,0.0,0.0,0.0,1.0,1,1,[],[],[],"[""2025-10-02T11:25:00.000""]","[""2162115"", ""2162116""]","[""REAR"", ""REAR-LEFT-CORNER""]","[""IL""]","[""HYUNDAI"", ""VOLKSWAGEN""]","[""BACKING"", ""OTHER""]","[""KONA"", ""OTHER (EXPLAIN IN NARRATIVE)""]","[""1""]","[""UNKNOWN""]","[""1"", ""2""]","[""DRIVER""]","[""NONE""]","[""2061058"", ""2061065""]","[""PASSENGER"", ""SPORT UTILITY VEHICLE (SUV)""]","[""PERSONAL""]","[""2025""]",[],[],[],[],[],"[""Y""]",[],[],[],[],[],[],[],[],"[""Y""]",[],['46'],"[""DID NOT DEPLOY""]","[""TEST NOT OFFERED""]","[""CHICAGO""]","[""2025-10-02T11:25:00.000""]","[""NONE"", ""UNKNOWN""]","[""NOT OBSCURED"", ""UNKNOWN""]","[""D""]","[""IL"", ""XX""]","[""NONE"", ""UNKNOWN""]",[],"[""O2162115"", ""O2162116""]","[""DRIVER""]","[""NORMAL"", ""UNKNOWN""]","[""USAGE UNKNOWN""]","[""F""]","[""IL""]","[""2061058"", ""2061065""]","[""60649""]",[],[],[],[],[],[],2025,10,11,2,False,morning,41.68,-87.54,41.68_-87.54,46.0,46,46,OTHER,0
STRAIGHT AND LEVEL,712,2025-10-02 11:23:00,5,11,10,56EF019205672C6AADFF1EF23B86241CC9F03C32EBA1742235E5B3548A775DD6E54B2F03D0F024123E68F1E9DE1B928BA3A4054D6D495030C3925AF5E1823AA7,INJURY AND / OR TOW DUE TO CRASH,$500 OR LESS,FUNCTIONING PROPERLY,PEDESTRIAN,41.7798596793,DAYLIGHT,-87.6448527816,2,30,FAILING TO YIELD RIGHT-OF-WAY,NO DEFECTS,DRY,UNABLE TO DETERMINE,W,800,TRAFFIC SIGNAL,FOUR WAY,CLEAR,0.0,0.0,1.0,0.0,0.0,1.0,2,2,[],[],[],"[""2025-10-02T11:23:00.000""]","[""2162135"", ""2162136""]","[""FRONT-LEFT-CORNER""]","[""IL""]","[""HONDA""]","[""TURNING RIGHT""]","[""ACCORD""]","[""1""]","[""SW""]","[""1"", ""2""]","[""DRIVER"", ""PEDESTRIAN""]","[""NONE""]","[""2061078""]","[""PASSENGER""]","[""PERSONAL""]","[""2003""]",[],[],"[""Y""]",[],[],[],[],[],[],[],[],[],[],[],[],[],"['27', '38']","[""DID NOT DEPLOY""]","[""TEST NOT OFFERED""]","[""CHICAGO""]","[""2025-10-02T11:23:00.000""]","[""FAILED TO YIELD"", ""NONE""]","[""UNKNOWN""]","[""D""]","[""IL""]","[""NONE""]","[""ST.BERNARD HOSPITAL""]","[""O2162135"", ""O2162136""]","[""DRIVER"", ""PEDESTRIAN""]","[""NORMAL""]","[""USAGE UNKNOWN""]","[""F""]","[""IL""]","[""2061078""]","[""60609"", ""60637""]","[""49""]",[],"[""CROSSING - WITH SIGNAL""]","[""IN CROSSWALK""]","[""NO CONTRASTING CLOTHING""]",[],2025,10,11,2,False,morning,41.78,-87.64,41.78_-87.64,32.5,27,38,FAILURE-TO-YIELD,1
STRAIGHT AND LEVEL,2512,2025-10-02 11:20:00,5,11,10,3FD39C513ACBF913A642A3F664A2C5D5B014C9BDCF56A51F00F75D16AEDA3EFE73B0E7A7068090D1D6F01E7AC2AD5F2E5BE67CB0351A39D77A21E1C1B195B10E,INJURY AND / OR TOW DUE TO CRASH,"$501 - $1,500",FUNCTIONING PROPERLY,REAR END,41.9236704983,DAYLIGHT,-87.7999410897,2,30,UNABLE TO DETERMINE,NO DEFECTS,DRY,NOT APPLICABLE,W,6956,TRAFFIC SIGNAL,FOUR WAY,CLEAR,0.0,1.0,1.0,0.0,0.0,1.0,1,1,[],[],[],"[""2025-10-02T11:20:00.000""]","[""2162137"", ""2162138""]","[""FRONT"", ""REAR""]","[""IL""]","[""CHRYSLER"", ""NOVA BUS""]","[""SLOW/STOP IN TRAFFIC"", ""STRAIGHT AHEAD""]","[""OTHER (EXPLAIN IN NARRATIVE)""]","[""1"", ""2""]","[""W""]","[""1"", ""2""]","[""DRIVER""]","[""NONE"", ""UNKNOWN""]","[""2061070"", ""2061081""]","[""BUS UP TO 15 PASS."", ""VAN/MINI-VAN""]","[""CTA"", ""UNKNOWN/NA""]","[""2023""]",[],[],[],[],[],[],"[""Y""]",[],[],[],"[""1""]",[],[],[],"[""Y""]",[],['56'],"[""DEPLOYMENT UNKNOWN"", ""DID NOT DEPLOY""]","[""TEST NOT OFFERED""]","[""SOUTH HOLLAND""]","[""2025-10-02T11:20:00.000""]","[""NONE"", ""UNKNOWN""]","[""UNKNOWN""]","[""B""]","[""IL""]","[""NONE""]","[""COMMUNITY FIRST HOSPITAL""]","[""O2162137"", ""O2162138"", ""P477154""]","[""DRIVER"", ""PASSENGER""]","[""NORMAL"", ""UNKNOWN""]","[""USAGE UNKNOWN""]","[""F"", ""M""]","[""IL""]","[""2061070"", ""2061081""]","[""60473""]","[""AMB #20""]","[""3""]",[],[],[],[],2025,10,11,2,False,morning,41.92,-87.8,41.92_-87.8,56.0,56,56,OTHER,1
STRAIGHT AND LEVEL,1432,2025-10-02 11:20:00,5,11,10,C5F607765D612967DBE523E10A542572848A614D638F66ED401C3975A64F005346BFF8BE40E21FEBAB47579B18A98BB615117049BCB8CAEA0B672C0B52CF5F5F,NO INJURY / DRIVE AWAY,"OVER $1,500",NO CONTROLS,REAR END,41.9249154545,DAYLIGHT,-87.6779577727,2,30,FOLLOWING TOO CLOSELY,UNKNOWN,UNKNOWN,UNABLE TO DETERMINE,W,2001,NO CONTROLS,NOT DIVIDED,CLEAR,0.0,0.0,0.0,0.0,0.0,1.0,1,2,"[""Y""]",[],"[""Y""]","[""2025-10-02T11:20:00.000""]","[""2162143"", ""2162144""]","[""FRONT"", ""REAR""]","[""IL""]","[""MAZDA"", ""TOYOTA""]","[""STRAIGHT AHEAD""]","[""CAMRY"", ""CX-5""]","[""1""]","[""E""]","[""1"", ""2""]","[""DRIVER""]","[""UNKNOWN""]","[""2061086"", ""2061088""]","[""PASSENGER"", ""SPORT UTILITY VEHICLE (SUV)""]","[""UNKNOWN/NA""]","[""2005"", ""2019""]",[],[],"[""Y""]",[],[],"[""Y""]",[],[],[],[],[],[],[],"[""Y""]","[""Y""]",[],"['0', '41']","[""NOT APPLICABLE""]","[""TEST NOT OFFERED""]","[""CHICAGO"", ""NILES""]","[""2025-10-02T11:20:00.000""]","[""FOLLOWED TOO CLOSELY"", ""UNKNOWN""]","[""UNKNOWN""]","[""D"", ""DM""]","[""IL""]","[""NONE""]",[],"[""O2162143"", ""O2162144""]","[""DRIVER""]","[""NORMAL"", ""UNKNOWN""]","[""USAGE UNKNOWN""]","[""F""]","[""IL""]","[""2061086"", ""2061088""]","[""60631"", ""60714""]",[],[],[],[],[],[],2025,10,11,2,False,morning,41.92,-87.68,41.92_-87.68,20.5,0,41,FOLLOWING TOO CLOSELY,0
STRAIGHT AND LEVEL,131,2025-10-02 11:17:00,5,11,10,C7390122B0BB2EF02BC5B96B07780C67B8980E50A97EFD834D5887A3EFFB4A9695E2F06A2FD0E977B931EC0126826558526AAC769C3E469412E4EC7F22DEA66E,NO INJURY / DRIVE AWAY,"OVER $1,500",FUNCTIONING PROPERLY,TURNING,41.8564944437,DAYLIGHT,-87.6273172202,2,30,IMPROPER TURNING/NO SIGNAL,NO DEFECTS,DRY,NOT APPLICABLE,S,1900,TRAFFIC SIGNAL,DIVIDED - W/MEDIAN (NOT RAISED),CLEAR,0.0,1.0,1.0,0.0,0.0,1.0,1,1,"[""Y""]","[""Y""]","[""Y""]","[""2025-10-02T11:17:00.000""]","[""2162085"", ""2162086""]","[""FRONT"", ""FRONT-RIGHT-CORNER""]","[""IL""]","[""AUDI"", ""JEEP""]","[""STRAIGHT AHEAD"", ""U-TURN""]","[""COMPASS"", ""OTHER (EXPLAIN IN NARRATIVE)""]","[""1""]","[""S""]","[""1"", ""2""]","[""DRIVER""]","[""UNKNOWN""]","[""2061028"", ""2061031""]","[""SPORT UTILITY VEHICLE (SUV)""]","[""PERSONAL"", ""UNKNOWN/NA""]","[""2018""]",[],[],[],[],[],[],[],[],[],[],[],[],[],[],[],[],['37'],"[""DEPLOYMENT UNKNOWN"", ""DID NOT DEPLOY""]","[""TEST NOT OFFERED""]","[""CHICAGO""]","[""2025-10-02T11:17:00.000""]","[""IMPROPER TURN"", ""NONE""]","[""NOT OBSCURED"", ""UNKNOWN""]","[""D""]","[""IL""]","[""NONE""]",[],"[""O2162085"", ""O2162086""]","[""DRIVER""]","[""NORMAL"", ""UNKNOWN""]","[""SAFETY BELT USED"", ""USAGE UNKNOWN""]","[""F"", ""M""]","[""IL""]","[""2061028"", ""2061031""]","[""60605""]",[],[],[],[],[],[],2025,10,11,2,False,morning,41.86,-87.63,41.86_-87.63,37.0,37,37,OTHER,0
STRAIGHT AND LEVEL,723,2025-10-02 11:00:00,5,11,10,809A3A2327E1D7BC005F32520AB952EF57E1AFE4B929E3EEB6C1B8A10950B7B0A82BABC893EC5B8FC9EBB8EED3C350A276B42EE3CF35D1E06CAA431B60C7D464,NO INJURY / DRIVE AWAY,"OVER $1,500",FUNCTIONING PROPERLY,SIDESWIPE SAME DIRECTION,41.7723638849,DAYLIGHT,-87.6445268216,2,30,IMPROPER OVERTAKING/PASSING,NO DEFECTS,DRY,IMPROPER LANE USAGE,W,759,TRAFFIC SIGNAL,NOT DIVIDED,CLEAR,0.0,1.0,0.0,0.0,0.0,1.0,1,1,"[""Y""]","[""Y""]",[],"[""2025-10-02T11:00:00.000""]","[""2162470"", ""2162471""]","[""SIDE-RIGHT"", ""UNKNOWN""]","[""IL""]","[""CHEVROLET"", ""UNKNOWN""]","[""OTHER"", ""STRAIGHT AHEAD""]","[""IMPALA"", ""MOTORIZED""]","[""1""]","[""W""]","[""1"", ""2""]","[""DRIVER""]","[""UNKNOWN""]","[""2061381"", ""2061385""]","[""OTHER"", ""PASSENGER""]","[""OTHER"", ""PERSONAL""]","[""2017""]","[""Y""]",[],[],[],[],[],[],[],[],[],[],[],[],[],[],[],['24'],"[""NOT APPLICABLE""]","[""TEST NOT OFFERED""]","[""CHICAGO""]","[""2025-10-02T11:00:00.000""]","[""IMPROPER PASSING"", ""NONE""]","[""UNKNOWN""]","[""D""]","[""IL""]","[""NONE""]",[],"[""O2162470"", ""O2162471""]","[""DRIVER""]","[""UNKNOWN""]","[""SAFETY BELT USED"", ""USAGE UNKNOWN""]","[""M""]","[""IL""]","[""2061381"", ""2061385""]","[""60620""]",[],[],[],[],[],[],2025,10,11,2,False,morning,41.77,-87.64,41.77_-87.64,24.0,24,24,OTHER,0
STRAIGHT AND LEVEL,1432,2025-10-02 11:00:00,5,11,10,6155E01315AAF0186E27741C1250C63F492AADA1B791AC066F730B70440E9F934E86FF866D9350C4FBAC6CB7B3473926D174860CA774A2B77BE318BA64C44407,NO INJURY / DRIVE AWAY,"OVER $1,500",NO CONTROLS,FIXED OBJECT,41.9227351766,DAYLIGHT,-87.6870320559,1,30,FAILING TO REDUCE SPEED TO AVOID CRASH,NO DEFECTS,DRY,UNABLE TO DETERMINE,W,2346,NO CONTROLS,ALLEY,CLEAR,0.0,0.0,0.0,0.0,0.0,1.0,1,1,"[""Y""]","[""Y""]",[],"[""2025-10-02T11:00:00.000""]","[""2162106""]","[""SIDE-RIGHT""]","[""IL""]","[""AUTOCAR""]","[""TURNING LEFT""]","[""AUTOCAR""]","[""1""]","[""W""]","[""1""]","[""DRIVER""]","[""NONE""]","[""2061046""]","[""TRUCK - SINGLE UNIT""]","[""OTHER""]","[""2015""]","[""Y""]",[],[],[],[],[],[],[],[],[],[],[],[],[],[],[],['43'],"[""NOT APPLICABLE""]","[""TEST NOT OFFERED""]","[""CHICAGO""]","[""2025-10-02T11:00:00.000""]","[""OVERCORRECTED""]","[""NOT OBSCURED""]","[""A""]","[""IL""]","[""NONE""]","[""REFUSED EMS""]","[""O2162106""]","[""DRIVER""]","[""NORMAL""]","[""USAGE UNKNOWN""]","[""M""]","[""IL""]","[""2061046""]","[""60644""]",[],[],[],[],[],[],2025,10,11,2,False,morning,41.92,-87.69,41.92_-87.69,43.0,43,43,SPEEDING,0
STRAIGHT AND LEVEL,2012,2025-10-02 11:00:00,5,11,10,58EA65FDD50D7DC94ACA5920C3A47DA266AE1731E610D62D8068347DBE16095BDAE9256AE5F31CCC0356C4E0799125B46E714524BAB1B146DA40D0BC0DCC2245,NO INJURY / DRIVE AWAY,"OVER $1,500",NO CONTROLS,REAR END,41.9762827519,DAYLIGHT,-87.6695568107,2,30,UNABLE TO DETERMINE,UNKNOWN,DRY,NOT APPLICABLE,W,1550,NO CONTROLS,DIVIDED - W/MEDIAN (NOT RAISED),CLEAR,0.0,0.0,0.0,0.0,0.0,1.0,1,2,[],[],"[""Y""]","[""2025-10-02T11:00:00.000""]","[""2162258"", ""2162259""]","[""FRONT"", ""REAR""]","[""IL""]","[""BUICK"", ""TOYOTA""]","[""OTHER""]","[""CENTURY"", ""RAV4""]","[""1""]","[""W""]","[""1"", ""2""]","[""DRIVER""]","[""UNKNOWN""]","[""2061186"", ""2061194""]","[""PASSENGER"", ""SPORT UTILITY VEHICLE (SUV)""]","[""PERSONAL""]","[""1995"", ""2025""]",[],[],[],[],[],[],[],[],[],[],[],[],[],[],"[""Y""]",[],"['29', '57']","[""NOT APPLICABLE""]","[""TEST NOT OFFERED""]","[""CHICAGO""]","[""2025-10-02T11:00:00.000""]","[""OTHER""]","[""UNKNOWN""]","[""D""]","[""IL""]","[""NONE""]",[],"[""O2162258"", ""O2162259""]","[""DRIVER""]","[""NORMAL"", ""UNKNOWN""]","[""USAGE UNKNOWN""]","[""M""]","[""IL""]","[""2061186"", ""2061194""]","[""60634"", ""60639""]",[],[],[],[],[],[],2025,10,11,2,False,morning,41.98,-87.67,41.98_-87.67,43.0,29,57,OTHER,0
STRAIGHT AND LEVEL,1011,2025-10-02 10:58:00,5,10,10,399971ECD2851177084251EFBA11FBB41E89A8E4F39B789193CB872042DB38BC1D0FA135A437F696852B288EA7096E0626E481BE370EFC50EBE472D025FD2267,NO INJURY / DRIVE AWAY,"OVER $1,500",NO CONTROLS,PARKED MOTOR VEHICLE,41.8638694979,DAYLIGHT,-87.7179350169,2,30,IMPROPER OVERTAKING/PASSING,NO DEFECTS,DRY,NOT APPLICABLE,S,1316,NO CONTROLS,NOT DIVIDED,CLEAR,0.0,1.0,0.0,0.0,0.0,1.0,2,0,"[""Y""]",[],[],"[""2025-10-02T10:58:00.000""]","[""2162081"", ""2162082""]","[""FRONT-RIGHT-CORNER"", ""REAR-LEFT-CORNER""]","[""IL""]","[""CHEVROLET"", ""NISSAN""]","[""PARKED"", ""STRAIGHT AHEAD""]","[""OTHER (EXPLAIN IN NARRATIVE)"", ""TRAIL BLAZER""]","[""0"", ""1""]","[""S""]","[""1"", ""2""]","[""DRIVER"", ""PARKED""]","[""NONE""]","[""2061024"", ""2061026""]","[""PASSENGER""]","[""PERSONAL""]","[""2005"", ""2011""]",[],[],[],[],[],"[""Y""]",[],[],[],[],[],[],[],[],[],[],[],"[""DEPLOYMENT UNKNOWN""]","[""TEST NOT OFFERED""]",[],"[""2025-10-02T10:58:00.000""]","[""IMPROPER PASSING""]","[""UNKNOWN""]",[],[],"[""NONE""]",[],"[""O2162081""]","[""DRIVER""]","[""UNKNOWN""]","[""USAGE UNKNOWN""]","[""F""]",[],"[""2061024""]",[],[],[],[],[],[],[],2025,10,10,2,False,morning,41.86,-87.72,41.86_-87.72,0.0,0,0,OTHER,0
STRAIGHT AND LEVEL,1033,2025-10-02 10:56:00,5,10,10,31C58C3BBF8AD80CCB54F83667F3D9AF273C5100160C412E53FDA3C320CE2BC8DF5DA8E6105708C43727FA74013D923C7944F54FF09854E9A686BFE51FF22355,NO INJURY / DRIVE AWAY,"OVER $1,500",NO CONTROLS,TURNING,41.8444479365,DAYLIGHT,-87.7025065839,2,30,FAILING TO YIELD RIGHT-OF-WAY,NO DEFECTS,DRY,NOT APPLICABLE,W,3059,NO CONTROLS,PARKING LOT,CLEAR,0.0,0.0,0.0,0.0,0.0,1.0,1,2,[],[],"[""Y""]","[""2025-10-02T10:56:00.000""]","[""2162100"", ""2162101""]","[""FRONT"", ""SIDE-LEFT""]","[""IL""]","[""BUICK"", ""SUZUKI""]","[""STRAIGHT AHEAD"", ""TURNING LEFT""]","[""ENCLAVE"", ""OTHER (EXPLAIN IN NARRATIVE)""]","[""1""]","[""W""]","[""1"", ""2""]","[""DRIVER""]","[""NONE""]","[""2061036"", ""2061039""]","[""PASSENGER""]","[""PERSONAL""]","[""2010"", ""2012""]",[],[],[],[],[],[],[],"[""Y""]",[],[],[],[],[],[],[],[],"['26', '50']","[""DID NOT DEPLOY""]","[""TEST NOT OFFERED""]","[""CHICAGO""]","[""2025-10-02T10:56:00.000""]","[""FAILED TO YIELD"", ""NONE""]","[""NOT OBSCURED""]",[],[],"[""NONE""]",[],"[""O2162100"", ""O2162101""]","[""DRIVER""]","[""NORMAL""]","[""SAFETY BELT USED""]","[""F""]","[""IL""]","[""2061036"", ""2061039""]","[""60623"", ""60629""]",[],[],[],[],[],[],2025,10,10,2,False,morning,41.84,-87.7,41.84_-87.7,38.0,26,50,FAILURE-TO-YIELD,0