alignment,beat_of_occurrence,crash_date,crash_day_of_week,crash_hour,crash_month,crash_record_id,crash_type,damage,device_condition,first_crash_type,latitude,lighting_condition,longitude,num_units,posted_speed_limit,prim_contributory_cause,road_defect,roadway_surface_cond,sec_contributory_cause,street_direction,street_no,traffic_control_device,trafficway_type,weather_condition,private_property_i,hit_and_run_i,intersection_related_i,crash_date_est_i,work_zone_i,workers_present_i,veh_count,ppl_count,veh_area_01_i_list_json,veh_area_02_i_list_json,veh_area_12_i_list_json,veh_crash_date_list_json,veh_crash_unit_id_list_json,veh_first_contact_point_list_json,veh_lic_plate_state_list_json,veh_make_list_json,veh_maneuver_list_json,veh_model_list_json,veh_occupant_cnt_list_json,veh_travel_direction_list_json,veh_unit_no_list_json,veh_unit_type_list_json,veh_vehicle_defect_list_json,veh_vehicle_id_list_json,veh_vehicle_type_list_json,veh_vehicle_use_list_json,veh_vehicle_year_list_json,veh_area_03_i_list_json,veh_area_04_i_list_json,veh_area_11_i_list_json,veh_towed_by_list_json,veh_towed_i_list_json,veh_area_07_i_list_json,veh_area_99_i_list_json,veh_area_09_i_list_json,veh_area_10_i_list_json,veh_cmrc_veh_i_list_json,veh_num_passengers_list_json,veh_area_08_i_list_json,veh_area_00_i_list_json,veh_area_05_i_list_json,veh_area_06_i_list_json,veh_towed_to_list_json,ppl_age_list_json,ppl_airbag_deployed_list_json,ppl_bac_result_list_json,ppl_city_list_json,ppl_crash_date_list_json,ppl_driver_action_list_json,ppl_driver_vision_list_json,ppl_drivers_license_class_list_json,ppl_drivers_license_state_list_json,ppl_ejection_list_json,ppl_hospital_list_json,ppl_person_id_list_json,ppl_person_type_list_json,ppl_physical_condition_list_json,ppl_safety_equipment_list_json,ppl_sex_list_json,ppl_state_list_json,ppl_vehicle_id_list_json,ppl_zipcode_list_json,ppl_ems_agency_list_json,ppl_seat_no_list_json,ppl_pedpedal_action_list_json,ppl_pedpedal_location_list_json,ppl_pedpedal_visibility_list_json,ppl_ems_run_no_list_json,year,month,hour,day,is_weekend,hour_bin,lat_bin,lng_bin,grid_id,ppl_age_mean,ppl_age_min,ppl_age_max,prim_contributory_cause_group,ksi_flag
STRAIGHT AND LEVEL,1922,2025-10-02 10:50:00,5,10,10,CA93E82FD34B63BB7258BD76810790D107A3C2BEC7E872BF84B2DA9AF5356C0C8D1EC4155B545CF01B4CFBC4A2A5C2A176DB7F1AC8FFAE277D37E7B5686AA541,NO INJURY / DRIVE AWAY,"OVER $1,500",NO CONTROLS,REAR END,41.9542440811,DAYLIGHT,-87.6642942217,2,30,FOLLOWING TOO CLOSELY,UNKNOWN,UNKNOWN,FOLLOWING TOO CLOSELY,W,1401,NO CONTROLS,DIVIDED - W/MEDIAN (NOT RAISED),CLEAR,0.0,0.0,0.0,0.0,0.0,1.0,1,1,[],[],"[""Y""]","[""2025-10-02T10:50:00.000""]","[""2162098"", ""2162099""]","[""FRONT"", ""REAR""]","[""IL""]","[""DODGE"", ""LAND ROVER""]","[""SLOW/STOP IN TRAFFIC"", ""STRAIGHT AHEAD""]","[""DISCOVERY"", ""RAM 1500 VAN""]","[""1""]","[""E""]","[""1"", ""2""]","[""DRIVER""]","[""UNKNOWN""]","[""2061037"", ""2061041""]","[""SPORT UTILITY VEHICLE (SUV)"", ""TRUCK - SINGLE UNIT""]","[""PERSONAL""]","[""2017"", ""2022""]",[],[],[],[],[],[],[],[],[],[],[],[],[],[],"[""Y""]",[],['31'],"[""DEPLOYMENT UNKNOWN""]","[""TEST NOT OFFERED""]","[""CHICAGO""]","[""2025-10-02T10:50:00.000""]","[""FOLLOWED TOO CLOSELY"", ""NONE""]","[""UNKNOWN""]","[""D""]","[""IL"", ""XX""]","[""UNKNOWN""]",[],"[""O2162098"", ""O2162099""]","[""DRIVER""]","[""UNKNOWN""]","[""USAGE UNKNOWN""]","[""M""]","[""IL""]","[""2061037"", ""2061041""]","[""60657""]",[],[],[],[],[],[],2025,10,10,2,False,morning,41.95,-87.66,41.95_-87.66,31.0,31,31,FOLLOWING TOO CLOSELY,0
STRAIGHT AND LEVEL,914,2025-10-02 10:50:00,5,10,10,0AC5BB9A1AFD90D6320B1B3A5A92FCEFD2891A1446A628C52C18F0F19B56105772002552905DE170F299CB311C31FD49840937B76F138FDB64BB79ADEB552FE0,INJURY AND / OR TOW DUE TO CRASH,"OVER $1,500",NO CONTROLS,TURNING,41.8524723492,DAYLIGHT,-87.638378071,2,30,FAILING TO YIELD RIGHT-OF-WAY,NO DEFECTS,DRY,FAILING TO YIELD RIGHT-OF-WAY,S,2209,NO CONTROLS,NOT DIVIDED,CLEAR,0.0,0.0,0.0,0.0,0.0,1.0,1,2,"[""Y""]","[""Y""]","[""Y""]","[""2025-10-02T10:50:00.000""]","[""2162102"", ""2162103""]","[""FRONT-LEFT-CORNER"", ""FRONT-RIGHT-CORNER""]","[""IL""]","[""MAZDA"", ""TOYOTA""]","[""STRAIGHT AHEAD"", ""TURNING LEFT""]","[""CX-5"", ""SIENNA""]","[""1""]","[""N"", ""SE""]","[""1"", ""2""]","[""DRIVER""]","[""NONE""]","[""2061038"", ""2061042""]","[""PASSENGER""]","[""PERSONAL""]","[""2002"", ""2016""]",[],[],"[""Y""]","[""OWNER'S INSURANCE""]","[""Y""]",[],[],[],"[""Y""]",[],[],[],[],[],[],[],"['60', '61']","[""DID NOT DEPLOY""]","[""TEST NOT OFFERED""]","[""CHICAGO""]","[""2025-10-02T10:50:00.000""]","[""FAILED TO YIELD"", ""NONE""]","[""NOT OBSCURED"", ""UNKNOWN""]","[""D""]","[""IL""]","[""NONE""]",[],"[""O2162102"", ""O2162103""]","[""DRIVER""]","[""NORMAL""]","[""SAFETY BELT USED""]","[""M""]","[""IL""]","[""2061038"", ""2061042""]","[""60608""]",[],[],[],[],[],[],2025,10,10,2,False,morning,41.85,-87.64,41.85_-87.64,60.5,60,61,FAILURE-TO-YIELD,0
STRAIGHT AND LEVEL,2513,2025-10-02 10:36:00,5,10,10,4D5BCC937295ED6F72124B1B22BA0D824684D104636B943317630B33D4E331EC57F7FB1D682E6A77B33807FC7476504B3F4407C340CD3B57A5C02E2791FCD426,NO INJURY / DRIVE AWAY,"OVER $1,500",NO CONTROLS,TURNING,41.9108003188,DAYLIGHT,-87.8056827151,2,30,FAILING TO YIELD RIGHT-OF-WAY,UNKNOWN,DRY,FAILING TO REDUCE SPEED TO AVOID CRASH,N,1701,NO CONTROLS,NOT REPORTED,CLEAR,0.0,0.0,1.0,0.0,0.0,1.0,1,2,"[""Y""]",[],[],"[""2025-10-02T10:36:00.000""]","[""2162094"", ""2162095""]","[""FRONT-LEFT-CORNER"", ""SIDE-RIGHT-FRONT""]","[""IL""]","[""HONDA"", ""UNKNOWN""]","[""STRAIGHT AHEAD"", ""TURNING LEFT""]","[""OTHER (EXPLAIN IN NARRATIVE)"", ""PILOT""]","[""1"", ""2""]","[""E"", ""N""]","[""1"", ""2""]","[""DRIVER""]","[""UNKNOWN""]","[""2061034"", ""2061057""]","[""BUS OVER 15 PASS."", ""PASSENGER""]","[""PERSONAL"", ""UNKNOWN/NA""]","[""2007"", ""2013""]",[],[],"[""Y""]",[],[],[],[],[],[],[],"[""1""]",[],[],[],[],[],"['29', '53']","[""NOT APPLICABLE""]","[""TEST NOT OFFERED""]","[""CALUMET CITY"", ""CHICAGO"", ""ELMWOOD PARK""]","[""2025-10-02T10:36:00.000""]","[""IMPROPER TURN"", ""NONE""]","[""UNKNOWN""]","[""B"", ""D""]","[""IL""]","[""NONE""]",[],"[""O2162094"", ""O2162095"", ""P477150""]","[""DRIVER"", ""PASSENGER""]","[""NORMAL""]","[""USAGE UNKNOWN""]","[""F"", ""M""]","[""IL""]","[""2061034"", ""2061057""]","[""60409"", ""60641"", ""60707""]",[],"[""7""]",[],[],[],[],2025,10,10,2,False,morning,41.91,-87.81,41.91_-87.81,41.0,29,53,FAILURE-TO-YIELD,0
STRAIGHT AND LEVEL,1432,2025-10-02 10:20:00,5,10,10,C208D6350C357269FBAA6ABFFD2E81663B8D705B9FAF6F3CAB155B4DCE8A5A30EBCCA88E9CF477AA87B59EB13A0D3C1A9BFEB098F96DC1A6FA34D3EEC9FCCA5B,NO INJURY / DRIVE AWAY,"OVER $1,500",NO CONTROLS,REAR TO FRONT,41.9248445561,DAYLIGHT,-87.683677143,2,30,IMPROPER BACKING,UNKNOWN,DRY,UNABLE TO DETERMINE,W,2201,NO CONTROLS,DIVIDED - W/MEDIAN (NOT RAISED),CLEAR,0.0,0.0,0.0,0.0,0.0,1.0,1,3,[],[],"[""Y""]","[""2025-10-02T10:20:00.000""]","[""2162090"", ""2162091""]","[""FRONT"", ""REAR""]","[""IL""]","[""AUDI"", ""FREIGHTLINER CORPORATION""]","[""BACKING"", ""STRAIGHT AHEAD""]","[""A4"", ""FREIGHTLINER CORP.""]","[""1"", ""2""]","[""E"", ""W""]","[""1"", ""2""]","[""DRIVER""]","[""UNKNOWN""]","[""2061033"", ""2061044""]","[""OTHER"", ""PASSENGER""]","[""OTHER"", ""PERSONAL""]","[""2010"", ""2014""]",[],[],[],[],[],[],[],[],[],[],"[""1""]",[],[],[],"[""Y""]",[],"['31', '57', '64']","[""NOT APPLICABLE""]","[""TEST NOT OFFERED""]","[""CHICAGO""]","[""2025-10-02T10:20:00.000""]","[""IMPROPER BACKING"", ""OTHER""]","[""UNKNOWN""]","[""D""]","[""IL""]","[""NONE""]",[],"[""O2162090"", ""O2162091"", ""P477148""]","[""DRIVER"", ""PASSENGER""]","[""NORMAL"", ""UNKNOWN""]","[""SAFETY BELT USED""]","[""M""]","[""IL""]","[""2061033"", ""2061044""]","[""60607"", ""60639""]",[],"[""3""]",[],[],[],[],2025,10,10,2,False,morning,41.92,-87.68,41.92_-87.68,50.666666666666664,31,64,OTHER,0
STRAIGHT AND LEVEL,722,2025-10-02 10:15:00,5,10,10,6B840FF24F0EB4B30645B9296992835EA0768416E2F7293F7B07B113FD1FB16424FD4366AF450D249FDB95E294B82A3A59914C784C7B103BEECE9DB7F131E9C1,NO INJURY / DRIVE AWAY,"OVER $1,500",FUNCTIONING PROPERLY,TURNING,41.7799265177,DAYLIGHT,-87.6319793256,2,30,IMPROPER LANE USAGE,NO DEFECTS,DRY,UNABLE TO DETERMINE,S,6300,TRAFFIC SIGNAL,FOUR WAY,CLEAR,0.0,0.0,1.0,0.0,0.0,1.0,1,2,[],"[""Y""]","[""Y""]","[""2025-10-02T10:15:00.000""]","[""2162066"", ""2162067""]","[""FRONT-LEFT-CORNER"", ""SIDE-RIGHT""]","[""IL""]","[""NISSAN"", ""TOYOTA""]","[""STRAIGHT AHEAD"", ""TURNING RIGHT""]","[""OTHER (EXPLAIN IN NARRATIVE)""]","[""1""]","[""S""]","[""1"", ""2""]","[""DRIVER""]","[""NONE""]","[""2061007"", ""2061011""]","[""SPORT UTILITY VEHICLE (SUV)"", ""TRUCK - SINGLE UNIT""]","[""OTHER"", ""PERSONAL""]","[""2022"", ""2024""]","[""Y""]","[""Y""]","[""Y""]",[],[],[],[],[],"[""Y""]",[],[],[],[],[],[],[],"['31', '41']","[""DID NOT DEPLOY""]","[""TEST NOT OFFERED""]","[""CHICAGO""]","[""2025-10-02T10:15:00.000""]","[""IMPROPER LANE CHANGE"", ""OTHER""]","[""NOT OBSCURED"", ""UNKNOWN""]","[""D""]","[""IL""]","[""NONE""]",[],"[""O2162066"", ""O2162067""]","[""DRIVER""]","[""NORMAL""]","[""SAFETY BELT USED""]","[""F""]","[""IL""]","[""2061007"", ""2061011""]","[""60617""]",[],[],[],[],[],[],2025,10,10,2,False,morning,41.78,-87.63,41.78_-87.63,36.0,31,41,OTHER,0
STRAIGHT AND LEVEL,1633,2025-10-02 10:10:00,5,10,10,F63C9429D142EEC2DAC5A89E4E123BE3345A7FA90175029E723A4450C7409F82344284D42079CAC4B510B582CD7DB931CE7E048FE5DBE13197A41F48D147F6E2,NO INJURY / DRIVE AWAY,"OVER $1,500",NO CONTROLS,SIDESWIPE SAME DIRECTION,41.9528082727,DAYLIGHT,-87.7864346964,2,30,UNABLE TO DETERMINE,UNKNOWN,UNKNOWN,UNABLE TO DETERMINE,W,6399,NO CONTROLS,NOT DIVIDED,CLEAR,0.0,0.0,0.0,0.0,0.0,1.0,1,1,[],[],[],"[""2025-10-02T10:10:00.000""]","[""2162180"", ""2162181""]","[""FRONT-LEFT-CORNER"", ""SIDE-RIGHT""]","[""IL""]","[""NISSAN"", ""TOYOTA""]","[""CHANGING LANES"", ""STRAIGHT AHEAD""]","[""RAV4"", ""ROGUE""]","[""1""]","[""W""]","[""1"", ""2""]","[""DRIVER""]","[""UNKNOWN""]","[""2061115"", ""2061121""]","[""SPORT UTILITY VEHICLE (SUV)""]","[""UNKNOWN/NA""]","[""2015"", ""2016""]","[""Y""]","[""Y""]",[],[],[],[],"[""Y""]",[],[],[],[],[],[],"[""Y""]",[],[],['77'],"[""DEPLOYMENT UNKNOWN"", ""NOT APPLICABLE""]","[""TEST NOT OFFERED""]","[""CHICAGO""]","[""2025-10-02T10:10:00.000""]","[""UNKNOWN""]","[""UNKNOWN""]","[""D""]","[""IL""]","[""NONE""]",[],"[""O2162180"", ""O2162181""]","[""DRIVER""]","[""NORMAL"", ""UNKNOWN""]","[""USAGE UNKNOWN""]","[""F"", ""M""]","[""IL""]","[""2061115"", ""2061121""]","[""60634""]",[],[],[],[],[],[],2025,10,10,2,False,morning,41.95,-87.79,41.95_-87.79,77.0,77,77,OTHER,0
STRAIGHT AND LEVEL,2212,2025-10-02 10:05:00,5,10,10,1F017618C948E398E146042294DC583B9FB7898A442D9237CC1FAA10CE51B0F12E4947D264394092D90CA44C3B15CF9D7BB1D730D1DC0AEDF9692CDB20D111F7,NO INJURY / DRIVE AWAY,"$501 - $1,500",FUNCTIONING PROPERLY,SIDESWIPE SAME DIRECTION,41.6905717012,DAYLIGHT,-87.665826382,2,35,UNABLE TO DETERMINE,NO DEFECTS,DRY,UNABLE TO DETERMINE,W,1732,TRAFFIC SIGNAL,FOUR WAY,CLEAR,0.0,0.0,0.0,0.0,0.0,1.0,1,2,[],"[""Y""]",[],"[""2025-10-02T10:05:00.000""]","[""2162064"", ""2162065""]","[""FRONT-LEFT-CORNER"", ""SIDE-RIGHT""]","[""IL""]","[""CHEVROLET""]","[""STRAIGHT AHEAD""]","[""MALIBU""]","[""1""]","[""W""]","[""1"", ""2""]","[""DRIVER""]","[""NONE"", ""UNKNOWN""]","[""2061010"", ""2061017""]","[""PASSENGER""]","[""PERSONAL""]","[""2012"", ""2024""]","[""Y""]","[""Y""]","[""Y""]",[],[],[],[],[],"[""Y""]",[],[],[],[],[],[],[],"['33', '90']","[""DID NOT DEPLOY""]","[""TEST NOT OFFERED""]","[""CHICAGO""]","[""2025-10-02T10:05:00.000""]","[""IMPROPER TURN"", ""OTHER""]","[""NOT OBSCURED"", ""UNKNOWN""]","[""D""]","[""IL""]","[""NONE""]",[],"[""O2162064"", ""O2162065""]","[""DRIVER""]","[""NORMAL"", ""UNKNOWN""]","[""SAFETY BELT USED""]","[""F""]","[""IL""]","[""2061010"", ""2061017""]","[""60621"", ""60643""]",[],[],[],[],[],[],2025,10,10,2,False,morning,41.69,-87.67,41.69_-87.67,61.5,33,90,OTHER,0
STRAIGHT AND LEVEL,1532,2025-10-02 10:00:00,5,10,10,7CF97D295702A2D520DBD232033EA1E29AD650A3D579172A8881E7AC708A35CC33A112519A4538EC62D5AB378B31A2FCC9A7BD9E109186BA352222E320611F1E,NO INJURY / DRIVE AWAY,"OVER $1,500",FUNCTIONING PROPERLY,SIDESWIPE SAME DIRECTION,41.8867491397,DAYLIGHT,-87.7456088529,2,25,IMPROPER LANE USAGE,NO DEFECTS,DRY,IMPROPER LANE USAGE,W,4800,TRAFFIC SIGNAL,NOT DIVIDED,CLEAR,0.0,0.0,0.0,1.0,0.0,1.0,1,2,"[""Y""]",[],[],"[""2025-10-02T10:00:00.000""]","[""2162213"", ""2162214""]","[""FRONT-RIGHT-CORNER"", ""SIDE-LEFT-REAR""]","[""IL""]","[""CHEVROLET"", ""INTERNATIONAL TRAILER CORPORATION""]","[""PASSING/OVERTAKING"", ""STRAIGHT AHEAD""]","[""CAMARO"", ""INTERNATIONAL TRAILER CORP.""]","[""1""]","[""S""]","[""1"", ""2""]","[""DRIVER""]","[""NONE""]","[""2061174"", ""2061210""]","[""PASSENGER"", ""TRACTOR W/ SEMI-TRAILER""]","[""COMMERCIAL - MULTI-UNIT"", ""PERSONAL""]","[""2010"", ""2022""]",[],[],[],[],[],"[""Y""]",[],[],[],[],[],"[""Y""]",[],[],[],[],"['25', '48']","[""DID NOT DEPLOY"", ""NOT APPLICABLE""]","[""TEST NOT OFFERED""]","[""CHICAGO""]","[""2025-10-02T10:00:00.000""]","[""IMPROPER LANE CHANGE"", ""NONE""]","[""NOT OBSCURED""]","[""D""]","[""IL""]","[""NONE"", ""UNKNOWN""]","[""NONE""]","[""O2162213"", ""O2162214""]","[""DRIVER""]","[""NORMAL""]","[""SAFETY BELT USED""]","[""F"", ""M""]","[""IL""]","[""2061174"", ""2061210""]","[""60644""]","[""NONE""]",[],[],[],[],[],2025,10,10,2,False,morning,41.89,-87.75,41.89_-87.75,36.5,25,48,OTHER,0
STRAIGHT AND LEVEL,222,2025-10-02 10:00:00,5,10,10,7A5901A6A54EF392660E72ABCB899121F905F9D24B679B109AA79741FDA1B3675938BBE8FB5F9BF7D33B38F988ED95929B4038A1EF4B6702D7422DA7CA38898D,NO INJURY / DRIVE AWAY,"OVER $1,500",NO CONTROLS,REAR TO REAR,41.8033155906,DAYLIGHT,-87.5852874181,2,10,UNABLE TO DETERMINE,NO DEFECTS,DRY,NOT APPLICABLE,S,5035,NO CONTROLS,PARKING LOT,CLEAR,0.0,0.0,0.0,0.0,0.0,1.0,1,2,[],[],[],"[""2025-10-02T10:00:00.000""]","[""2162107"", ""2162108""]","[""REAR-LEFT-CORNER""]","[""IL""]","[""NISSAN"", ""TOYOTA""]","[""BACKING""]","[""ALTIMA"", ""CAMRY""]","[""1""]","[""E"", ""W""]","[""1"", ""2""]","[""DRIVER""]","[""UNKNOWN""]","[""2061060"", ""2061064""]","[""PASSENGER""]","[""PERSONAL""]","[""2009"", ""2012""]",[],[],[],[],[],"[""Y""]",[],[],[],[],[],"[""Y""]",[],[],[],[],"['44', '60']","[""NOT APPLICABLE""]","[""TEST NOT OFFERED""]","[""CHICAGO""]","[""2025-10-02T10:00:00.000""]","[""NONE"", ""UNKNOWN""]","[""UNKNOWN""]","[""D""]","[""IL""]","[""NONE""]",[],"[""O2162107"", ""O2162108""]","[""DRIVER""]","[""NORMAL"", ""UNKNOWN""]","[""SAFETY BELT USED"", ""USAGE UNKNOWN""]","[""F""]","[""IL""]","[""2061060"", ""2061064""]","[""60615""]",[],[],[],[],[],[],2025,10,10,2,False,morning,41.8,-87.59,41.8_-87.59,52.0,44,60,OTHER,0
STRAIGHT AND LEVEL,1531,2025-10-02 09:40:00,5,9,10,75B87EC3FFA9D56F0C6B7FD3A6E617CB047471D496F1C360B3E78F5FB280CC63507577BEB56AC9F27A025DB84BF33186E086C17FE0C6AE878BE7C9725C97C123,NO INJURY / DRIVE AWAY,"$501 - $1,500",NO CONTROLS,ANGLE,41.8948336616,DAYLIGHT,-87.7553010647,2,30,FAILING TO YIELD RIGHT-OF-WAY,UNKNOWN,DRY,NOT APPLICABLE,W,5153,NO CONTROLS,PARKING LOT,CLEAR,0.0,0.0,0.0,0.0,0.0,1.0,1,1,"[""Y""]",[],[],"[""2025-10-02T09:40:00.000""]","[""2162072"", ""2162073""]","[""SIDE-LEFT-FRONT"", ""SIDE-RIGHT-FRONT""]","[""IL"", ""SC""]","[""BMW"", ""JEEP""]","[""ENTERING TRAFFIC LANE FROM PARKING"", ""STRAIGHT AHEAD""]","[""CHEROKEE"", ""X5""]","[""1""]","[""S"", ""W""]","[""1"", ""2""]","[""DRIVER""]","[""NONE"", ""UNKNOWN""]","[""2061047"", ""2061063""]","[""PASSENGER"", ""SPORT UTILITY VEHICLE (SUV)""]","[""PERSONAL"", ""UNKNOWN/NA""]","[""2010"", ""2020""]",[],[],"[""Y""]",[],[],[],[],[],[],[],[],[],[],[],[],[],['43'],"[""DID NOT DEPLOY""]","[""TEST NOT OFFERED""]","[""COLUMBIA""]","[""2025-10-02T09:40:00.000""]","[""NONE"", ""UNKNOWN""]","[""UNKNOWN""]","[""D""]","[""SC""]","[""NONE""]","[""REFUSED""]","[""O2162072"", ""O2162073""]","[""DRIVER""]","[""NORMAL"", ""UNKNOWN""]","[""USAGE UNKNOWN""]","[""M""]","[""SC""]","[""2061047"", ""2061063""]","[""56209""]",[],[],[],[],[],[],2025,10,9,2,False,morning,41.89,-87.76,41.89_-87.76,43.0,43,43,FAILURE-TO-YIELD,0
STRAIGHT AND LEVEL,726,2025-10-02 09:30:00,5,9,10,C1512FEA2E3012720BC601A513F9363ACA07875ED7DB8E038BE4261538C3A9BA4BE3C8AA4589CB3D36811FFB6626085F93610711956290BE4D99C86B962FCCD0,NO INJURY / DRIVE AWAY,"OVER $1,500",NO CONTROLS,REAR TO REAR,41.7792269207,DAYLIGHT,-87.6740527314,2,30,DRIVING SKILLS/KNOWLEDGE/EXPERIENCE,NO DEFECTS,DRY,NOT APPLICABLE,S,6300,NO CONTROLS,PARKING LOT,CLEAR,1.0,0.0,0.0,0.0,0.0,1.0,1,2,[],[],[],"[""2025-10-02T09:30:00.000""]","[""2162219"", ""2162220""]","[""REAR""]","[""IL""]","[""CHEVROLET"", ""JEEP""]","[""SLOW/STOP IN TRAFFIC""]","[""CHEROKEE"", ""OTHER (EXPLAIN IN NARRATIVE)""]","[""1""]","[""N"", ""S""]","[""1"", ""2""]","[""DRIVER""]","[""NONE""]","[""2061163"", ""2061173""]","[""SPORT UTILITY VEHICLE (SUV)""]","[""PERSONAL"", ""UNKNOWN/NA""]","[""2011"", ""2019""]",[],[],[],[],[],"[""Y""]",[],[],[],[],[],[],[],"[""Y""]","[""Y""]",[],"['48', '66']","[""DID NOT DEPLOY""]","[""TEST NOT OFFERED""]","[""CHICAGO""]","[""2025-10-02T09:30:00.000""]","[""OTHER""]","[""NOT OBSCURED""]","[""D""]","[""IL""]","[""NONE""]",[],"[""O2162219"", ""O2162220""]","[""DRIVER""]","[""NORMAL""]","[""SAFETY BELT USED""]","[""F"", ""M""]","[""IL""]","[""2061163"", ""2061173""]","[""60619"", ""60636""]",[],[],[],[],[],[],2025,10,9,2,False,morning,41.78,-87.67,41.78_-87.67,57.0,48,66,OTHER,0
STRAIGHT AND LEVEL,815,2025-10-02 09:30:00,5,9,10,61459DB2268C4EC0813BFA28948ACB2DE0CA1E819698DB3CA77C80173AD1BDAA4166C3CACA733C3B7E63E8DF2698B8B92C7CFE9ED0359CE09E2B547ED7407FE2,NO INJURY / DRIVE AWAY,"OVER $1,500",NO CONTROLS,PARKED MOTOR VEHICLE,41.7967545719,DAYLIGHT,-87.7234092203,2,20,UNABLE TO DETERMINE,UNKNOWN,DRY,UNABLE TO DETERMINE,S,5300,NO CONTROLS,PARKING LOT,CLEAR,0.0,0.0,0.0,0.0,0.0,1.0,2,1,[],[],[],"[""2025-10-02T09:30:00.000""]","[""2162060"", ""2162061""]","[""REAR"", ""REAR-LEFT-CORNER""]","[""IL"", ""IN""]","[""GENERAL MOTORS CORPORATION (GMC)"", ""VOLVO""]","[""BACKING"", ""PARKED""]","[""ACADIA"", ""TRUCK""]","[""0"", ""1""]","[""E"", ""S""]","[""1"", ""2""]","[""DRIVER"", ""PARKED""]","[""UNKNOWN""]","[""2061005"", ""2061016""]","[""SINGLE UNIT TRUCK WITH TRAILER"", ""SPORT UTILITY VEHICLE (SUV)""]","[""COMMERCIAL - SINGLE UNIT"", ""PERSONAL""]","[""2019"", ""2023""]",[],[],[],[],[],"[""Y""]",[],[],[],"[""Y""]",[],[],[],"[""Y""]","[""Y""]",[],['56'],"[""DID NOT DEPLOY""]","[""TEST NOT OFFERED""]","[""LAKE WORTH""]","[""2025-10-02T09:30:00.000""]","[""UNKNOWN""]","[""NOT OBSCURED""]","[""A""]","[""FL""]","[""NONE""]","[""DNA""]","[""O2162060""]","[""DRIVER""]","[""NORMAL""]","[""SAFETY BELT USED""]","[""M""]","[""FL""]","[""2061005""]","[""33467""]","[""DNA""]",[],[],[],[],[],2025,10,9,2,False,morning,41.8,-87.72,41.8_-87.72,56.0,56,56,OTHER,0
STRAIGHT AND LEVEL,221,2025-10-02 09:30:00,5,9,10,7A33233DAD9A6B49AE83BB6D2C6D5874D44B727C72B11D9EB6594100A0FEDCD830D426F79FEA58C6121A7D0E5573157771308A888EB5BDD6466F31DEB31E354B,NO INJURY / DRIVE AWAY,"OVER $1,500",NO CONTROLS,SIDESWIPE SAME DIRECTION,41.8095004652,UNKNOWN,-87.6162063994,2,30,UNABLE TO DETERMINE,UNKNOWN,UNKNOWN,UNABLE TO DETERMINE,E,400,NO CONTROLS,NOT DIVIDED,CLEAR,0.0,0.0,0.0,0.0,0.0,1.0,1,2,[],[],[],"[""2025-10-02T09:30:00.000""]","[""2162068"", ""2162069""]","[""REAR-RIGHT-CORNER"", ""SIDE-LEFT""]","[""IL""]","[""CHEVROLET"", ""FORD""]","[""STRAIGHT AHEAD""]","[""OTHER (EXPLAIN IN NARRATIVE)""]","[""1""]","[""SW"", ""W""]","[""1"", ""2""]","[""DRIVER""]","[""UNKNOWN""]","[""2061015"", ""2061022""]","[""PASSENGER""]","[""PERSONAL""]","[""2011"", ""2020""]",[],[],[],[],[],[],[],"[""Y""]","[""Y""]",[],[],"[""Y""]",[],"[""Y""]",[],[],"['27', '74']","[""NOT APPLICABLE""]","[""TEST NOT OFFERED""]","[""CHICAGO"", ""SOUTH HOLLAND""]","[""2025-10-02T09:30:00.000""]","[""UNKNOWN""]","[""UNKNOWN""]","[""A""]","[""IL""]","[""NONE""]",[],"[""O2162068"", ""O2162069""]","[""DRIVER""]","[""UNKNOWN""]","[""USAGE UNKNOWN""]","[""F"", ""M""]","[""IL""]","[""2061015"", ""2061022""]","[""60473"", ""60615""]",[],[],[],[],[],[],2025,10,9,2,False,morning,41.81,-87.62,41.81_-87.62,50.5,27,74,OTHER,0
STRAIGHT AND LEVEL,432,2025-10-02 09:30:00,5,9,10,C753580F8AB0626FB0E6336FE64C9CDEC469EB6A0610449AF9EBDE1876B95D552BE745BDEC1722FDDDE019D503AA1484E6137E6C43310FC124443F22348291E2,INJURY AND / OR TOW DUE TO CRASH,"OVER $1,500",FUNCTIONING PROPERLY,REAR END,41.7127022472,DAYLIGHT,-87.5353444048,2,30,UNABLE TO DETERMINE,NO DEFECTS,DRY,UNABLE TO DETERMINE,S,10038,TRAFFIC SIGNAL,OTHER,CLEAR,0.0,0.0,1.0,0.0,0.0,1.0,1,2,[],[],"[""Y""]","[""2025-10-02T09:30:00.000""]","[""2162058"", ""2162059""]","[""FRONT"", ""REAR""]","[""IL""]","[""CHEVROLET"", ""FORD""]","[""STRAIGHT AHEAD""]","[""FUSION"", ""TRAVERSE""]","[""1""]","[""S""]","[""1"", ""2""]","[""DRIVER""]","[""NONE""]","[""2060999"", ""2061003""]","[""PASSENGER""]","[""PERSONAL""]","[""2019""]",[],[],[],[],[],[],[],[],[],[],[],[],[],[],"[""Y""]",[],"['23', '46']","[""NOT APPLICABLE""]","[""TEST NOT OFFERED""]","[""CHICAGO"", ""ORLAND PARK""]","[""2025-10-02T09:30:00.000""]","[""NONE""]","[""NOT OBSCURED""]",[],"[""IL""]","[""NONE""]",[],"[""O2162058"", ""O2162059""]","[""DRIVER""]","[""NORMAL""]","[""USAGE UNKNOWN""]","[""M""]","[""IL""]","[""2060999"", ""2061003""]","[""60462"", ""60617""]",[],[],[],[],[],[],2025,10,9,2,False,morning,41.71,-87.54,41.71_-87.54,34.5,23,46,OTHER,1