alignment,beat_of_occurrence,crash_date,crash_day_of_week,crash_hour,crash_month,crash_record_id,crash_type,damage,device_condition,first_crash_type,latitude,lighting_condition,longitude,num_units,posted_speed_limit,prim_contributory_cause,road_defect,roadway_surface_cond,sec_contributory_cause,street_direction,street_no,traffic_control_device,trafficway_type,weather_condition,private_property_i,hit_and_run_i,intersection_related_i,crash_date_est_i,work_zone_i,workers_present_i,veh_count,ppl_count,veh_area_01_i_list_json,veh_area_02_i_list_json,veh_area_12_i_list_json,veh_crash_date_list_json,veh_crash_unit_id_list_json,veh_first_contact_point_list_json,veh_lic_plate_state_list_json,veh_make_list_json,veh_maneuver_list_json,veh_model_list_json,veh_occupant_cnt_list_json,veh_travel_direction_list_json,veh_unit_no_list_json,veh_unit_type_list_json,veh_vehicle_defect_list_json,veh_vehicle_id_list_json,veh_vehicle_type_list_json,veh_vehicle_use_list_json,veh_vehicle_year_list_json,veh_area_03_i_list_json,veh_area_04_i_list_json,veh_area_11_i_list_json,veh_towed_by_list_json,veh_towed_i_list_json,veh_area_07_i_list_json,veh_area_99_i_list_json,veh_area_09_i_list_json,veh_area_10_i_list_json,veh_cmrc_veh_i_list_json,veh_num_passengers_list_json,veh_area_08_i_list_json,veh_area_00_i_list_json,veh_area_05_i_list_json,veh_area_06_i_list_json,veh_towed_to_list_json,ppl_age_list_json,ppl_airbag_deployed_list_json,ppl_bac_result_list_json,ppl_city_list_json,ppl_crash_date_list_json,ppl_driver_action_list_json,ppl_driver_vision_list_json,ppl_drivers_license_class_list_json,ppl_drivers_license_state_list_json,ppl_ejection_list_json,ppl_hospital_list_json,ppl_person_id_list_json,ppl_person_type_list_json,ppl_physical_condition_list_json,ppl_safety_equipment_list_json,ppl_sex_list_json,ppl_state_list_json,ppl_vehicle_id_list_json,ppl_zipcode_list_json,ppl_ems_agency_list_json,ppl_seat_no_list_json,ppl_pedpedal_action_list_json,ppl_pedpedal_location_list_json,ppl_pedpedal_visibility_list_json,ppl_ems_run_no_list_json,year,month,hour,day,is_weekend,hour_bin,lat_bin,lng_bin,grid_id,ppl_age_mean,ppl_age_min,ppl_age_max,prim_contributory_cause_group,ksi_flag
STRAIGHT AND LEVEL,1111,2025-10-02 09:30:00,5,9,10,E6BDD49ACF3F7B586760892CBDB6216EB8B3824BC83A6E8091F689768BEA3F5022294EF6B315EDD5944F011F7F4BF978A98FAFE37078714FE91B2995F81579E1,NO INJURY / DRIVE AWAY,"OVER $1,500",FUNCTIONING PROPERLY,SIDESWIPE SAME DIRECTION,41.9025602538,DAYLIGHT,-87.7263594668,2,30,UNABLE TO DETERMINE,UNKNOWN,DRY,NOT APPLICABLE,W,4001,TRAFFIC SIGNAL,NOT DIVIDED,CLEAR,0.0,0.0,0.0,0.0,0.0,1.0,1,2,[],[],[],"[""2025-10-02T09:30:00.000""]","[""2162419"", ""2162420""]","[""FRONT-RIGHT-CORNER"", ""SIDE-LEFT""]","[""IL""]","[""HONDA"", ""NISSAN""]","[""SLOW/STOP IN TRAFFIC"", ""STRAIGHT AHEAD""]","[""ACCORD"", ""OTHER (EXPLAIN IN NARRATIVE)""]","[""1""]","[""E""]","[""1"", ""2""]","[""DRIVER""]","[""UNKNOWN""]","[""2061339"", ""2061345""]","[""PASSENGER"", ""UNKNOWN/NA""]","[""PERSONAL""]","[""2008"", ""2023""]",[],[],[],[],[],"[""Y""]","[""Y""]","[""Y""]",[],[],[],"[""Y""]",[],[],[],[],"['19', '26']","[""DID NOT DEPLOY""]","[""TEST NOT OFFERED""]","[""CHICAGO""]","[""2025-10-02T09:30:00.000""]","[""OTHER""]","[""NOT OBSCURED"", ""UNKNOWN""]","[""D""]","[""IL""]","[""NONE""]",[],"[""O2162419"", ""O2162420""]","[""DRIVER""]","[""NORMAL"", ""UNKNOWN""]","[""SAFETY BELT USED"", ""USAGE UNKNOWN""]","[""F"", ""M""]","[""IL""]","[""2061339"", ""2061345""]","[""60634"", ""60641""]",[],[],[],[],[],[],2025,10,9,2,False,morning,41.9,-87.73,41.9_-87.73,22.5,19,26,OTHER,0
STRAIGHT AND LEVEL,213,2025-10-02 09:15:00,5,9,10,7828FD28223ABE2EF8F2AF3753F946AE35C973E1E4CB49A1C6C71FAF3ECC1E2C663086355D89232F5636D5D829DE267DF392192E9069A6CE9C8EE8D104BEED17,NO INJURY / DRIVE AWAY,"OVER $1,500",NO CONTROLS,SIDESWIPE OPPOSITE DIRECTION,41.8297059037,DAYLIGHT,-87.6245868619,2,30,UNABLE TO DETERMINE,NO DEFECTS,DRY,NOT APPLICABLE,E,52,NO CONTROLS,NOT DIVIDED,CLEAR,0.0,0.0,0.0,0.0,0.0,1.0,1,2,[],[],[],"[""2025-10-02T09:15:00.000""]","[""2162054"", ""2162055""]","[""REAR-LEFT-CORNER"", ""SIDE-LEFT""]","[""IL""]","[""GENERAL MOTORS CORPORATION (GMC)"", ""NISSAN""]","[""STRAIGHT AHEAD""]","[""OTHER (EXPLAIN IN NARRATIVE)"", ""SENTRA""]","[""1""]","[""E"", ""W""]","[""1"", ""2""]","[""DRIVER""]","[""UNKNOWN""]","[""2061002"", ""2061009""]","[""PASSENGER"", ""SPORT UTILITY VEHICLE (SUV)""]","[""PERSONAL""]","[""2010"", ""2024""]",[],[],"[""Y""]",[],[],"[""Y""]",[],[],"[""Y""]",[],[],"[""Y""]",[],[],[],[],"['39', '49']","[""NOT APPLICABLE""]","[""TEST NOT OFFERED""]","[""CHICAGO""]","[""2025-10-02T09:15:00.000""]","[""NONE"", ""UNKNOWN""]","[""NOT OBSCURED"", ""UNKNOWN""]","[""D""]","[""IL""]","[""NONE""]",[],"[""O2162054"", ""O2162055""]","[""DRIVER""]","[""NORMAL""]","[""SAFETY BELT USED""]","[""M""]","[""IL""]","[""2061002"", ""2061009""]","[""60608"", ""60631""]",[],[],[],[],[],[],2025,10,9,2,False,morning,41.83,-87.62,41.83_-87.62,44.0,39,49,OTHER,0
STRAIGHT AND LEVEL,1724,2025-10-02 09:10:00,5,9,10,D762956DC45F3480DA7078C07CC07117FCAB69958672E4A5A474664EADC2C190C399399669BBB6FCAC3DF6A71DD7BDD05DEAAD947587108C0466D80FE2F25CB5,NO INJURY / DRIVE AWAY,"$501 - $1,500",NO CONTROLS,ANGLE,41.955878977,DAYLIGHT,-87.698150626,2,10,UNABLE TO DETERMINE,NO DEFECTS,DRY,NOT APPLICABLE,N,4101,NO CONTROLS,PARKING LOT,CLEAR,0.0,1.0,0.0,0.0,0.0,1.0,1,1,"[""Y""]","[""Y""]",[],"[""2025-10-02T09:10:00.000""]","[""2162092"", ""2162093""]","[""FRONT-RIGHT-CORNER"", ""SIDE-LEFT-REAR""]","[""IL""]","[""JAGUAR"", ""LEXUS""]","[""BACKING"", ""ENTERING TRAFFIC LANE FROM PARKING""]","[""OTHER (EXPLAIN IN NARRATIVE)"", ""RX350""]","[""1""]","[""E"", ""NW""]","[""1"", ""2""]","[""DRIVER""]","[""NONE""]","[""2061032"", ""2061035""]","[""PASSENGER"", ""SPORT UTILITY VEHICLE (SUV)""]","[""PERSONAL""]","[""2006"", ""2012""]",[],"[""N""]",[],[],[],"[""Y""]","[""Y""]",[],[],[],[],"[""Y""]",[],"[""N""]","[""Y""]",[],['52'],"[""DEPLOYMENT UNKNOWN"", ""NOT APPLICABLE""]","[""TEST NOT OFFERED""]","[""CHICAGO""]","[""2025-10-02T09:10:00.000""]","[""NONE"", ""UNKNOWN""]","[""NOT OBSCURED"", ""UNKNOWN""]",[],"[""IL""]","[""NONE""]",[],"[""O2162092"", ""O2162093""]","[""DRIVER""]","[""NORMAL"", ""UNKNOWN""]","[""NONE PRESENT"", ""USAGE UNKNOWN""]","[""F""]","[""IL""]","[""2061032"", ""2061035""]","[""60618""]",[],[],[],[],[],[],2025,10,9,2,False,morning,41.96,-87.7,41.96_-87.7,52.0,52,52,OTHER,0
STRAIGHT AND LEVEL,235,2025-10-02 09:09:00,5,9,10,99F62928F4D94869E33503D15011EF87532DB947255E93CB5D2F9DCB63A96D3184FB7B7F9D244D51105368DE1F4B825FF5865F244F845684F9AC9D40673FB22B,INJURY AND / OR TOW DUE TO CRASH,"OVER $1,500",FUNCTIONING PROPERLY,PEDESTRIAN,41.7932957224,DAYLIGHT,-87.5867883368,4,30,UNABLE TO DETERMINE,NO DEFECTS,DRY,UNABLE TO DETERMINE,S,5600,STOP SIGN/FLASHER,T-INTERSECTION,CLEAR,0.0,0.0,0.0,0.0,0.0,1.0,2,3,[],[],"[""Y""]","[""2025-10-02T09:09:00.000""]","[""2162076"", ""2162077"", ""2162080"", ""2162087""]","[""FRONT-LEFT-CORNER""]","[""MO""]","[""NISSAN""]","[""TURNING RIGHT""]","[""SENTRA""]","[""1""]","[""E""]","[""1"", ""2"", ""3"", ""4""]","[""DRIVER"", ""PEDESTRIAN""]","[""OTHER""]","[""2061019""]","[""PASSENGER""]","[""PERSONAL""]","[""2020""]",[],[],"[""Y""]",[],[],[],[],"[""Y""]","[""Y""]",[],[],[],[],[],[],[],"['1', '22', '39']","[""NOT APPLICABLE""]","[""TEST NOT OFFERED""]","[""CHICAGO""]","[""2025-10-02T09:09:00.000""]","[""NONE"", ""UNKNOWN""]","[""NOT OBSCURED"", ""UNKNOWN""]","[""F""]","[""MO""]","[""NONE""]","[""COMERS"", ""UNIVERSITY OF CHICAGO""]","[""O2162076"", ""O2162077"", ""O2162080"", ""O2162087""]","[""DRIVER"", ""PEDESTRIAN""]","[""NORMAL""]","[""NONE PRESENT"", ""SAFETY BELT USED"", ""USAGE UNKNOWN""]","[""F"", ""M""]","[""IL""]","[""2061019""]","[""60615"", ""60637""]",[],[],"[""CROSSING - CONTROLS PRESENT (NOT AT INTERSECTION)""]","[""IN CROSSWALK""]","[""NO CONTRASTING CLOTHING""]",[],2025,10,9,2,False,morning,41.79,-87.59,41.79_-87.59,20.666666666666668,1,39,OTHER,1
STRAIGHT AND LEVEL,225,2025-10-02 09:06:00,5,9,10,9C53FE4138BFC85C35CAA94B1FED1358CB23C9342088AA1D81BC5F37D6DC7796FF0871B0A320C6801A8CBEF1E7B27D63B0915B1288B052AB29321AFFF350D149,NO INJURY / DRIVE AWAY,"OVER $1,500",FUNCTIONING PROPERLY,TURNING,41.7946770026,DAYLIGHT,-87.6304878508,2,30,UNABLE TO DETERMINE,NO DEFECTS,DRY,DRIVING SKILLS/KNOWLEDGE/EXPERIENCE,W,198,TRAFFIC SIGNAL,T-INTERSECTION,CLEAR,0.0,0.0,0.0,0.0,0.0,1.0,1,2,[],"[""Y""]",[],"[""2025-10-02T09:06:00.000""]","[""2162028"", ""2162029""]","[""REAR"", ""SIDE-RIGHT""]","[""IL""]","[""CHEVROLET"", ""DODGE""]","[""TURNING LEFT""]","[""OTHER (EXPLAIN IN NARRATIVE)"", ""RAM 2500 VAN""]","[""1""]","[""E""]","[""1"", ""2""]","[""DRIVER""]","[""NONE""]","[""2060971"", ""2060973""]","[""PICKUP"", ""TRACTOR W/ SEMI-TRAILER""]","[""COMMERCIAL - MULTI-UNIT"", ""PERSONAL""]","[""2015"", ""2017""]",[],"[""Y""]",[],[],[],[],[],[],[],[],[],[],"[""Y""]",[],[],[],"['21', '75']","[""DID NOT DEPLOY""]","[""TEST NOT OFFERED""]","[""CHICAGO"", ""EFFINGHAM""]","[""2025-10-02T09:06:00.000""]","[""OTHER"", ""UNKNOWN""]","[""NOT OBSCURED""]","[""D""]","[""IL""]","[""NONE""]",[],"[""O2162028"", ""O2162029""]","[""DRIVER""]","[""NORMAL""]","[""USAGE UNKNOWN""]","[""F"", ""M""]","[""IL""]","[""2060971"", ""2060973""]","[""60652"", ""62401""]",[],[],[],[],[],[],2025,10,9,2,False,morning,41.79,-87.63,41.79_-87.63,48.0,21,75,OTHER,0
STRAIGHT AND LEVEL,912,2025-10-02 09:05:00,5,9,10,8D8FFFD7B02687AA0E39CD1F646EF50C6C1F7F0BDB501272439B0A684A37CA753617C9BA399A3E65DB1A64EE4639BD3BAACA9DC38838D9956B2CCBFB529750D7,NO INJURY / DRIVE AWAY,"OVER $1,500",FUNCTIONING PROPERLY,REAR TO FRONT,41.832468285,DAYLIGHT,-87.66429187,2,20,IMPROPER BACKING,NO DEFECTS,DRY,UNABLE TO DETERMINE,W,1526,TRAFFIC SIGNAL,NOT DIVIDED,CLEAR,0.0,0.0,0.0,0.0,0.0,1.0,1,2,"[""Y""]",[],"[""Y""]","[""2025-10-02T09:05:00.000""]","[""2162045"", ""2162046""]","[""FRONT"", ""REAR""]","[""IL""]","[""CHEVROLET"", ""PETERBILT MOTORS COMPANY (DIVISION OF PACCAR, INC.)""]","[""BACKING"", ""STRAIGHT AHEAD""]","[""EQUINOX"", ""PETERBILT MOTORS CO., DIVISION PACCAR, INC.""]","[""1""]","[""E"", ""W""]","[""1"", ""2""]","[""DRIVER""]","[""NONE""]","[""2060996"", ""2061045""]","[""PASSENGER"", ""TRUCK - SINGLE UNIT""]","[""COMMERCIAL - SINGLE UNIT"", ""PERSONAL""]","[""2016"", ""2018""]",[],[],"[""Y""]",[],[],"[""Y""]",[],[],[],[],[],[],[],"[""Y""]","[""Y""]",[],"['29', '41']","[""DID NOT DEPLOY""]","[""TEST NOT OFFERED""]","[""CHICAGO"", ""GIBSON CITY""]","[""2025-10-02T09:05:00.000""]","[""IMPROPER BACKING"", ""NONE""]","[""NOT OBSCURED""]","[""D""]","[""IL""]","[""NONE""]","[""REFUSED""]","[""O2162045"", ""O2162046""]","[""DRIVER""]","[""NORMAL""]","[""SAFETY BELT USED""]","[""F"", ""M""]","[""IL""]","[""2060996"", ""2061045""]","[""60651"", ""60936""]",[],[],[],[],[],[],2025,10,9,2,False,morning,41.83,-87.66,41.83_-87.66,35.0,29,41,OTHER,0
STRAIGHT AND LEVEL,915,2025-10-02 09:04:00,5,9,10,6EDAE9A56D02E0D176EE48B8AA96420606CE7425C348019452DA2272D6414CD3048617D4CF8F2ADEB34F7F31E3BB8EAB48EF056BDED6E50731277ECBE97C5CFF,INJURY AND / OR TOW DUE TO CRASH,"OVER $1,500",FUNCTIONING PROPERLY,PEDESTRIAN,41.8306953352,DAYLIGHT,-87.6462509158,2,30,FAILING TO YIELD RIGHT-OF-WAY,NO DEFECTS,DRY,FAILING TO YIELD RIGHT-OF-WAY,S,3500,TRAFFIC SIGNAL,FOUR WAY,CLEAR,0.0,0.0,1.0,0.0,0.0,1.0,2,2,[],[],"[""Y""]","[""2025-10-02T09:04:00.000""]","[""2162050"", ""2162051""]","[""REAR-LEFT-CORNER""]","[""IL""]","[""TOYOTA""]","[""TURNING LEFT""]","[""CAMRY""]","[""1""]","[""NW""]","[""1"", ""2""]","[""DRIVER"", ""PEDESTRIAN""]","[""NONE""]","[""2061012""]","[""PASSENGER""]","[""PERSONAL""]","[""2014""]",[],[],"[""Y""]",[],[],[],[],[],"[""Y""]",[],[],[],[],[],[],[],"['24', '37']","[""NOT APPLICABLE""]","[""TEST NOT OFFERED""]","[""BERWYN"", ""CHICAGO""]","[""2025-10-02T09:04:00.000""]","[""FAILED TO YIELD"", ""NONE""]","[""NOT OBSCURED"", ""UNKNOWN""]","[""D""]","[""IL""]","[""NONE""]","[""STROGER""]","[""O2162050"", ""O2162051""]","[""DRIVER"", ""PEDESTRIAN""]","[""NORMAL""]","[""NONE PRESENT"", ""SAFETY BELT USED""]","[""F"", ""M""]","[""IL""]","[""2061012""]","[""60402"", ""60653""]","[""68""]",[],"[""CROSSING - WITH SIGNAL""]","[""IN CROSSWALK""]","[""NO CONTRASTING CLOTHING""]",[],2025,10,9,2,False,morning,41.83,-87.65,41.83_-87.65,30.5,24,37,FAILURE-TO-YIELD,1
STRAIGHT AND LEVEL,1214,2025-10-02 09:00:00,5,9,10,53D0C6F722859A30CC91FFA0C8BDDA5A3B0269AEADB402A5070C8CAFF4A98FA018CBA3688F552A9BA60E99EE3C6011ECBD213C1D9D4DB518910D6A7101E6F799,NO INJURY / DRIVE AWAY,"$501 - $1,500",NO CONTROLS,PARKED MOTOR VEHICLE,41.8861927963,DAYLIGHT,-87.6473415295,2,30,UNABLE TO DETERMINE,NO DEFECTS,DRY,UNABLE TO DETERMINE,N,215,NO CONTROLS,NOT DIVIDED,CLEAR,0.0,0.0,0.0,0.0,0.0,1.0,2,1,"[""Y""]",[],[],"[""2025-10-02T09:00:00.000""]","[""2162192"", ""2162193""]","[""FRONT-RIGHT-CORNER"", ""SIDE-RIGHT-REAR""]","[""IL""]","[""INFINITI"", ""TESLA""]","[""PARKED"", ""STRAIGHT AHEAD""]","[""OTHER (EXPLAIN IN NARRATIVE)"", ""QX50""]","[""0"", ""1""]","[""UNKNOWN""]","[""1"", ""2""]","[""DRIVER"", ""PARKED""]","[""NONE""]","[""2061124"", ""2061132""]","[""PASSENGER"", ""UNKNOWN/NA""]","[""PERSONAL"", ""UNKNOWN/NA""]","[""2021"", ""2022""]","[""Y""]","[""Y""]",[],[],[],[],[],[],[],[],[],[],[],"[""N""]",[],[],['39'],"[""DID NOT DEPLOY""]","[""TEST NOT OFFERED""]","[""BOLINGBROOK""]","[""2025-10-02T09:00:00.000""]","[""OTHER""]","[""NOT OBSCURED""]","[""D""]","[""IL""]","[""NONE""]",[],"[""O2162192""]","[""DRIVER""]","[""NORMAL""]","[""NONE PRESENT""]","[""F""]","[""IL""]","[""2061124""]","[""60490""]",[],[],[],[],[],[],2025,10,9,2,False,morning,41.89,-87.65,41.89_-87.65,39.0,39,39,OTHER,0
STRAIGHT AND LEVEL,2221,2025-10-02 09:00:00,5,9,10,2EB8F5F3C9724A4B1522FD90C84B0A9749BC9B2071E0D3DA64CA19E1AFDFD4C927D852870EA7B8738C8B65DB455D32C6D5625218CA949A7E73C8BADEC89CAF60,NO INJURY / DRIVE AWAY,"OVER $1,500",NO CONTROLS,SIDESWIPE SAME DIRECTION,41.7213150728,DAYLIGHT,-87.663215018,2,35,IMPROPER LANE USAGE,NO DEFECTS,DRY,NOT APPLICABLE,W,1610,NO CONTROLS,DIVIDED - W/MEDIAN BARRIER,CLEAR,0.0,0.0,0.0,0.0,0.0,1.0,1,2,"[""Y""]","[""Y""]","[""Y""]","[""2025-10-02T09:00:00.000""]","[""2162588"", ""2162589""]","[""FRONT-RIGHT-CORNER"", ""SIDE-LEFT-REAR""]","[""IL""]","[""HONDA"", ""TOYOTA""]","[""STRAIGHT AHEAD""]","[""ACCORD"", ""CAMRY""]","[""1""]","[""W""]","[""1"", ""2""]","[""DRIVER""]","[""NONE""]","[""2061649"", ""2061652""]","[""PASSENGER""]","[""PERSONAL""]","[""2008"", ""2013""]",[],[],[],[],[],"[""Y""]",[],[],[],[],[],"[""Y""]",[],[],[],[],"['25', '49']","[""DID NOT DEPLOY""]","[""TEST NOT OFFERED""]",[],"[""2025-10-02T09:00:00.000""]","[""IMPROPER LANE CHANGE"", ""NONE""]","[""NOT OBSCURED""]",[],"[""IL""]","[""NONE""]",[],"[""O2162588"", ""O2162589""]","[""DRIVER""]","[""NORMAL""]","[""SAFETY BELT USED""]","[""F"", ""M""]",[],"[""2061649"", ""2061652""]",[],[],[],[],[],[],[],2025,10,9,2,False,morning,41.72,-87.66,41.72_-87.66,37.0,25,49,OTHER,0
STRAIGHT AND LEVEL,1231,2025-10-02 09:00:00,5,9,10,063C2482FCB45E8FE460BB8432FEB210CBB8EADD651002CE9AB25C76E9324322114B30D096C09D77A0809D9880732FD39538C6425F02C877B3FCA8B7727C44EF,NO INJURY / DRIVE AWAY,"$501 - $1,500",NO CONTROLS,REAR TO FRONT,41.8776012022,DAYLIGHT,-87.6665401954,2,30,IMPROPER BACKING,NO DEFECTS,DRY,IMPROPER BACKING,S,301,NO CONTROLS,NOT DIVIDED,CLEAR,0.0,0.0,0.0,0.0,0.0,1.0,1,2,"[""Y""]",[],"[""Y""]","[""2025-10-02T09:00:00.000""]","[""2162062"", ""2162063""]","[""FRONT"", ""REAR""]","[""IL""]","[""HINO"", ""LEXUS""]","[""BACKING"", ""STRAIGHT AHEAD""]","[""ES350"", ""OTHER (EXPLAIN IN NARRATIVE)""]","[""1""]","[""N"", ""S""]","[""1"", ""2""]","[""DRIVER""]","[""NONE""]","[""2061006"", ""2061013""]","[""PASSENGER"", ""TRUCK - SINGLE UNIT""]","[""PERSONAL""]","[""2013"", ""2025""]",[],[],"[""Y""]",[],[],[],[],[],[],[],[],[],[],[],"[""Y""]",[],"['56', '66']","[""DID NOT DEPLOY""]","[""TEST NOT OFFERED""]","[""CHICAGO"", ""OAK PARK""]","[""2025-10-02T09:00:00.000""]","[""IMPROPER BACKING"", ""NONE""]","[""NOT OBSCURED"", ""OTHER""]",[],"[""IL""]","[""NONE""]",[],"[""O2162062"", ""O2162063""]","[""DRIVER""]","[""NORMAL""]","[""SAFETY BELT USED""]","[""F"", ""M""]","[""IL""]","[""2061006"", ""2061013""]",[],[],[],[],[],[],[],2025,10,9,2,False,morning,41.88,-87.67,41.88_-87.67,61.0,56,66,OTHER,0
STRAIGHT AND LEVEL,222,2025-10-02 08:55:00,5,8,10,DD3B3EE49AD16C7A79E1B57EF20930B4365955B3308BD29FEC8688FC518864C954A7D5282D7F2CECAF6B09049DBDD25AFA6AF508DE1139187D444B02E38DA38C,NO INJURY / DRIVE AWAY,"OVER $1,500",NO CONTROLS,ANGLE,41.8057122918,DAYLIGHT,-87.5866346016,2,30,UNABLE TO DETERMINE,UNKNOWN,DRY,UNABLE TO DETERMINE,S,4900,NO CONTROLS,UNKNOWN,CLEAR,0.0,0.0,0.0,0.0,0.0,1.0,1,2,"[""Y""]","[""Y""]",[],"[""2025-10-02T08:55:00.000""]","[""2162421"", ""2162422""]","[""SIDE-RIGHT-FRONT"", ""UNKNOWN""]","[""IL"", ""MO""]","[""TOYOTA"", ""UNKNOWN""]","[""UNKNOWN/NA""]","[""OTHER (EXPLAIN IN NARRATIVE)""]","[""1""]","[""UNKNOWN""]","[""1"", ""2""]","[""DRIVER""]","[""UNKNOWN""]","[""2061341"", ""2061343""]","[""UNKNOWN/NA""]","[""UNKNOWN/NA""]","[""2016""]",[],[],[],[],[],[],"[""Y""]",[],[],[],[],[],[],[],[],[],"['22', '46']","[""NOT APPLICABLE""]","[""TEST NOT OFFERED""]","[""CHICAGO""]","[""2025-10-02T08:55:00.000""]","[""UNKNOWN""]","[""UNKNOWN""]","[""D""]","[""IL""]","[""NONE""]",[],"[""O2162421"", ""O2162422""]","[""DRIVER""]","[""NORMAL""]","[""SAFETY BELT USED""]","[""F"", ""M""]","[""IL""]","[""2061341"", ""2061343""]","[""60615""]",[],[],[],[],[],[],2025,10,8,2,False,morning,41.81,-87.59,41.81_-87.59,34.0,22,46,OTHER,0
STRAIGHT AND LEVEL,1024,2025-10-02 08:55:00,5,8,10,625A3832CD7147CD8589C6C2DE4DFDCC0D036C91D2DDC61AD897924B8DDDDE1F99E111FF2B938DD93C92313E71241BAE828D73E5F5C044DB511C0046FB9008F3,NO INJURY / DRIVE AWAY,"OVER $1,500",NO CONTROLS,REAR END,41.8552659092,DAYLIGHT,-87.7124015624,2,30,FOLLOWING TOO CLOSELY,NO DEFECTS,DRY,UNABLE TO DETERMINE,W,3459,NO CONTROLS,DIVIDED - W/MEDIAN (NOT RAISED),CLEAR,0.0,0.0,0.0,0.0,0.0,1.0,1,1,[],[],"[""Y""]","[""2025-10-02T08:55:00.000""]","[""2162034"", ""2162035""]","[""FRONT"", ""REAR""]","[""IL""]","[""HONDA"", ""JEEP""]","[""STRAIGHT AHEAD""]","[""CR-V"", ""GRAND CHEROKEE""]","[""1""]","[""NE""]","[""1"", ""2""]","[""DRIVER""]","[""NONE"", ""UNKNOWN""]","[""2060974"", ""2060983""]","[""SPORT UTILITY VEHICLE (SUV)""]","[""PERSONAL""]","[""2015"", ""2025""]",[],[],[],[],[],"[""Y""]",[],[],[],[],[],[],[],"[""Y""]","[""Y""]",[],['44'],"[""DEPLOYMENT UNKNOWN"", ""DID NOT DEPLOY""]","[""TEST NOT OFFERED""]","[""COUNTRYSIDE""]","[""2025-10-02T08:55:00.000""]","[""FOLLOWED TOO CLOSELY"", ""NONE""]","[""NOT OBSCURED"", ""UNKNOWN""]","[""D""]","[""IL""]","[""NONE""]","[""NONE"", ""UNK""]","[""O2162034"", ""O2162035""]","[""DRIVER""]","[""NORMAL"", ""UNKNOWN""]","[""SAFETY BELT USED"", ""USAGE UNKNOWN""]","[""F"", ""M""]","[""IL""]","[""2060974"", ""2060983""]","[""60525""]",[],[],[],[],[],[],2025,10,8,2,False,morning,41.86,-87.71,41.86_-87.71,44.0,44,44,FOLLOWING TOO CLOSELY,0
STRAIGHT AND LEVEL,1922,2025-10-02 08:45:00,5,8,10,7106A937C7FB16D11C684CC99150A2C4BD7547F408F9606D63B2FD4129C6B548E9C38D236607E849C055196501C7CC724653C6697BE1F7DC47A06B7813BE1A1A,NO INJURY / DRIVE AWAY,"$501 - $1,500",NO CONTROLS,SIDESWIPE SAME DIRECTION,41.9451524031,DAYLIGHT,-87.6726503545,2,30,IMPROPER OVERTAKING/PASSING,NO DEFECTS,DRY,NOT APPLICABLE,N,3500,NO CONTROLS,NOT DIVIDED,CLEAR,0.0,0.0,0.0,0.0,0.0,1.0,1,1,"[""Y""]",[],[],"[""2025-10-02T08:45:00.000""]","[""2162024"", ""2162025""]","[""REAR-LEFT-CORNER"", ""SIDE-RIGHT-FRONT""]","[""IL""]","[""DODGE"", ""TOYOTA""]","[""PASSING/OVERTAKING"", ""STRAIGHT AHEAD""]","[""COROLLA"", ""RAM 1500 PU""]","[""1""]","[""UNKNOWN""]","[""1"", ""2""]","[""DRIVER""]","[""NONE"", ""UNKNOWN""]","[""2060995"", ""2060998""]","[""PASSENGER"", ""PICKUP""]","[""PERSONAL"", ""UNKNOWN/NA""]","[""2014"", ""2021""]",[],[],[],[],[],[],"[""Y""]",[],[],[],[],[],[],[],[],[],['42'],"[""DEPLOYMENT UNKNOWN"", ""DID NOT DEPLOY""]","[""TEST NOT OFFERED""]","[""CHICAGO""]","[""2025-10-02T08:45:00.000""]","[""IMPROPER PASSING"", ""NONE""]","[""NOT OBSCURED"", ""UNKNOWN""]",[],"[""IL""]","[""NONE""]",[],"[""O2162024"", ""O2162025""]","[""DRIVER""]","[""NORMAL"", ""UNKNOWN""]","[""SAFETY BELT USED"", ""USAGE UNKNOWN""]","[""M""]","[""IL""]","[""2060995"", ""2060998""]","[""60618""]",[],[],[],[],[],[],2025,10,8,2,False,morning,41.95,-87.67,41.95_-87.67,42.0,42,42,OTHER,0
STRAIGHT AND LEVEL,2533,2025-10-02 08:45:00,5,8,10,5209ED474756A40A546095E58E5A6936FECAFD2C0967D62A01D3B4A64FD29074C2E3E8A1B9356306D3BCBB283FF9F965974F55363F917828D7402A4769638FF9,NO INJURY / DRIVE AWAY,$500 OR LESS,FUNCTIONING PROPERLY,PEDESTRIAN,41.9164494332,DAYLIGHT,-87.7459346963,2,30,UNABLE TO DETERMINE,NO DEFECTS,DRY,NOT APPLICABLE,N,1945,TRAFFIC SIGNAL,NOT DIVIDED,CLEAR,0.0,1.0,0.0,0.0,0.0,1.0,2,1,[],[],[],"[""2025-10-02T08:45:00.000""]","[""2162188"", ""2162189""]","[""UNKNOWN""]",[],"[""UNKNOWN""]","[""UNKNOWN/NA""]","[""MOTORIZED""]","[""1""]","[""UNKNOWN""]","[""1"", ""2""]","[""DRIVER"", ""PEDESTRIAN""]","[""UNKNOWN""]","[""2061118""]","[""PASSENGER""]","[""UNKNOWN/NA""]",[],[],[],[],[],[],[],"[""Y""]",[],[],[],[],[],[],[],[],[],['31'],"[""DEPLOYMENT UNKNOWN""]","[""TEST NOT OFFERED""]","[""CHICAGO""]","[""2025-10-02T08:45:00.000""]","[""TOO FAST FOR CONDITIONS"", ""UNKNOWN""]","[""UNKNOWN""]",[],[],"[""NONE""]",[],"[""O2162188"", ""O2162189""]","[""DRIVER"", ""PEDESTRIAN""]","[""UNKNOWN""]","[""NONE PRESENT"", ""USAGE UNKNOWN""]","[""M"", ""X""]","[""IL""]","[""2061118""]",[],[],[],"[""AGAINST TRAFFIC""]","[""IN ROADWAY""]","[""NO CONTRASTING CLOTHING""]",[],2025,10,8,2,False,morning,41.92,-87.75,41.92_-87.75,31.0,31,31,OTHER,0