alignment,beat_of_occurrence,crash_date,crash_day_of_week,crash_hour,crash_month,crash_record_id,crash_type,damage,device_condition,first_crash_type,latitude,lighting_condition,longitude,num_units,posted_speed_limit,prim_contributory_cause,road_defect,roadway_surface_cond,sec_contributory_cause,street_direction,street_no,traffic_control_device,trafficway_type,weather_condition,private_property_i,hit_and_run_i,intersection_related_i,crash_date_est_i,work_zone_i,workers_present_i,veh_count,ppl_count,veh_area_01_i_list_json,veh_area_02_i_list_json,veh_area_12_i_list_json,veh_crash_date_list_json,veh_crash_unit_id_list_json,veh_first_contact_point_list_json,veh_lic_plate_state_list_json,veh_make_list_json,veh_maneuver_list_json,veh_model_list_json,veh_occupant_cnt_list_json,veh_travel_direction_list_json,veh_unit_no_list_json,veh_unit_type_list_json,veh_vehicle_defect_list_json,veh_vehicle_id_list_json,veh_vehicle_type_list_json,veh_vehicle_use_list_json,veh_vehicle_year_list_json,veh_area_03_i_list_json,veh_area_04_i_list_json,veh_area_11_i_list_json,veh_towed_by_list_json,veh_towed_i_list_json,veh_area_07_i_list_json,veh_area_99_i_list_json,veh_area_09_i_list_json,veh_area_10_i_list_json,veh_cmrc_veh_i_list_json,veh_num_passengers_list_json,veh_area_08_i_list_json,veh_area_00_i_list_json,veh_area_05_i_list_json,veh_area_06_i_list_json,veh_towed_to_list_json,ppl_age_list_json,ppl_airbag_deployed_list_json,ppl_bac_result_list_json,ppl_city_list_json,ppl_crash_date_list_json,ppl_driver_action_list_json,ppl_driver_vision_list_json,ppl_drivers_license_class_list_json,ppl_drivers_license_state_list_json,ppl_ejection_list_json,ppl_hospital_list_json,ppl_person_id_list_json,ppl_person_type_list_json,ppl_physical_condition_list_json,ppl_safety_equipment_list_json,ppl_sex_list_json,ppl_state_list_json,ppl_vehicle_id_list_json,ppl_zipcode_list_json,ppl_ems_agency_list_json,ppl_seat_no_list_json,ppl_pedpedal_action_list_json,ppl_pedpedal_location_list_json,ppl_pedpedal_visibility_list_json,ppl_ems_run_no_list_json,year,month,hour,day,is_weekend,hour_bin,lat_bin,lng_bin,grid_id,ppl_age_mean,ppl_age_min,ppl_age_max,prim_contributory_cause_group,ksi_flag
STRAIGHT AND LEVEL,1011,2025-10-02 08:44:00,5,8,10,CF9CCEACF511FAAA4742BE615946EBF8AFE3AE25A675BCF4D1CA77E1457DE2731E927CEB516A8BEE17A48E80A7DD3C6B6053228D609672625951C1E13816592C,NO INJURY / DRIVE AWAY,"OVER $1,500",NO CONTROLS,SIDESWIPE SAME DIRECTION,41.8618770906,DAYLIGHT,-87.7203129287,2,30,UNABLE TO DETERMINE,NO DEFECTS,DRY,NOT APPLICABLE,S,1408,NO CONTROLS,ONE-WAY,CLEAR,0.0,0.0,0.0,0.0,0.0,1.0,1,1,"[""Y""]","[""Y""]",[],"[""2025-10-02T08:44:00.000""]","[""2163219"", ""2163220""]","[""SIDE-LEFT"", ""SIDE-RIGHT""]","[""IL""]","[""HONDA"", ""TOYOTA""]","[""ENTERING TRAFFIC LANE FROM PARKING"", ""STRAIGHT AHEAD""]","[""CAMRY"", ""CIVIC""]","[""1"", ""2""]","[""UNKNOWN""]","[""1"", ""2""]","[""DRIVER""]","[""NONE""]","[""2062101"", ""2062112""]","[""PASSENGER""]","[""PERSONAL""]","[""2007""]",[],[],"[""Y""]",[],[],[],[],[],"[""Y""]",[],"[""1""]",[],[],[],[],[],['28'],"[""DEPLOYMENT UNKNOWN"", ""DID NOT DEPLOY""]","[""TEST NOT OFFERED""]","[""CHICAGO""]","[""2025-10-02T08:44:00.000""]","[""NONE"", ""UNKNOWN""]","[""NOT OBSCURED"", ""UNKNOWN""]","[""D""]","[""IL""]","[""NONE""]",[],"[""O2163219"", ""O2163220"", ""P477385""]","[""DRIVER"", ""PASSENGER""]","[""NORMAL"", ""UNKNOWN""]","[""SAFETY BELT USED"", ""USAGE UNKNOWN""]","[""F"", ""M""]","[""IL""]","[""2062101"", ""2062112""]","[""60623""]",[],"[""3""]",[],[],[],[],2025,10,8,2,False,morning,41.86,-87.72,41.86_-87.72,28.0,28,28,OTHER,0
STRAIGHT AND LEVEL,614,2025-10-02 08:30:00,5,8,10,52C9247EEF71E13C1756199C449DF605DAB6AE45227159E755379F2EB07BE8075592356E43C77FF6CC9E13413CF6773E26522C54264DC00F25D7F1935B6933BF,NO INJURY / DRIVE AWAY,"OVER $1,500",NO CONTROLS,REAR END,41.7392746695,DAYLIGHT,-87.6681587623,2,35,FOLLOWING TOO CLOSELY,NO DEFECTS,DRY,UNABLE TO DETERMINE,S,8500,NO CONTROLS,DIVIDED - W/MEDIAN (NOT RAISED),CLEAR,0.0,0.0,0.0,0.0,0.0,1.0,1,0,"[""Y""]",[],"[""Y""]","[""2025-10-02T08:30:00.000""]","[""2162190"", ""2162191""]","[""FRONT"", ""REAR""]","[""IL""]","[""CHEVROLET"", ""UNKNOWN""]","[""OTHER"", ""STRAIGHT AHEAD""]","[""EQUINOX"", ""OTHER (EXPLAIN IN NARRATIVE)""]","[""1""]","[""N""]","[""1"", ""2""]","[""DRIVER""]","[""NONE""]","[""2061128"", ""2061130""]","[""PASSENGER""]","[""PERSONAL"", ""UNKNOWN/NA""]","[""2025""]",[],[],"[""Y""]",[],[],"[""Y""]",[],[],[],[],[],[],[],"[""Y""]","[""Y""]",[],[],"[""DID NOT DEPLOY"", ""NOT APPLICABLE""]","[""TEST NOT OFFERED""]",[],"[""2025-10-02T08:30:00.000""]","[""NONE""]","[""NOT OBSCURED""]","[""D""]","[""IL""]","[""NONE""]",[],"[""O2162190"", ""O2162191""]","[""DRIVER""]","[""NORMAL""]","[""SAFETY BELT USED""]","[""F""]",[],"[""2061128"", ""2061130""]",[],[],[],[],[],[],[],2025,10,8,2,False,morning,41.74,-87.67,41.74_-87.67,0.0,0,0,FOLLOWING TOO CLOSELY,0
STRAIGHT AND LEVEL,2515,2025-10-02 08:30:00,5,8,10,15A745EDCE827BC3FB532B76E279D76C1C11BF35682021ADEBAFE9F3FB52F8307EEF2244DF440C5C6939955F47689746B003F10A318EE73A63C1856A49B745D8,NO INJURY / DRIVE AWAY,"$501 - $1,500",NO CONTROLS,SIDESWIPE SAME DIRECTION,41.9213108663,DAYLIGHT,-87.7660376271,2,30,UNABLE TO DETERMINE,NO DEFECTS,DRY,NOT APPLICABLE,N,2230,NO CONTROLS,NOT DIVIDED,CLEAR,0.0,0.0,0.0,0.0,0.0,1.0,1,2,[],[],[],"[""2025-10-02T08:30:00.000""]","[""2164496"", ""2164497""]","[""REAR-RIGHT-CORNER"", ""SIDE-LEFT""]","[""IL""]","[""DODGE"", ""KIA""]","[""PASSING/OVERTAKING"", ""STRAIGHT AHEAD""]","[""CHARGER"", ""SPECTRA""]","[""1""]","[""S""]","[""1"", ""2""]","[""DRIVER""]","[""NONE""]","[""2063311"", ""2063312""]","[""PASSENGER""]","[""PERSONAL"", ""STATE OWNED""]","[""2009"", ""2021""]",[],"[""N""]",[],[],[],[],"[""Y""]",[],[],[],[],[],[],"[""Y""]",[],[],"['30', '54']","[""NOT APPLICABLE""]","[""TEST NOT OFFERED""]","[""CHICAGO"", ""MATTESON""]","[""2025-10-02T08:30:00.000""]","[""NONE""]","[""NOT OBSCURED""]","[""D""]","[""IL""]","[""NONE""]",[],"[""O2164496"", ""O2164497""]","[""DRIVER""]","[""NORMAL""]","[""SAFETY BELT USED""]","[""F""]","[""IL""]","[""2063311"", ""2063312""]","[""60443"", ""60651""]",[],[],[],[],[],[],2025,10,8,2,False,morning,41.92,-87.77,41.92_-87.77,42.0,30,54,OTHER,0
STRAIGHT AND LEVEL,1834,2025-10-02 08:30:00,5,8,10,A6F5DCFE1BC200E807B1F8F7FBCEE61130E4532D73430D9067E1D370691BDB9D1626AFA63AADBF99BAD2C473578404510F6FDAC0E2FDB13D8A37CF882927EA1D,NO INJURY / DRIVE AWAY,$500 OR LESS,FUNCTIONING PROPERLY,SIDESWIPE SAME DIRECTION,41.893216223,DAYLIGHT,-87.624812444,2,30,IMPROPER OVERTAKING/PASSING,NO DEFECTS,DRY,IMPROPER OVERTAKING/PASSING,E,111,TRAFFIC SIGNAL,ONE-WAY,CLEAR,0.0,0.0,0.0,0.0,0.0,1.0,1,2,[],"[""Y""]",[],"[""2025-10-02T08:30:00.000""]","[""2162052"", ""2162053""]","[""REAR-LEFT-CORNER"", ""SIDE-RIGHT""]","[""IL""]","[""INTERNATIONAL TRAILER CORPORATION"", ""TOYOTA""]","[""PASSING/OVERTAKING"", ""SLOW/STOP IN TRAFFIC""]","[""INTERNATIONAL TRAILER CORP."", ""RAV4""]","[""1""]","[""W""]","[""1"", ""2""]","[""DRIVER""]","[""NONE""]","[""2060994"", ""2061008""]","[""PASSENGER"", ""TRUCK - SINGLE UNIT""]","[""PERSONAL""]","[""2016"", ""2025""]",[],[],[],[],[],"[""Y""]",[],[],[],[],[],[],[],[],[],[],"['27', '42']","[""DID NOT DEPLOY""]","[""TEST NOT OFFERED""]","[""HILLSIDE"", ""WHEATON""]","[""2025-10-02T08:30:00.000""]","[""IMPROPER PASSING"", ""NONE""]","[""NOT OBSCURED"", ""UNKNOWN""]","[""B"", ""D""]","[""IL""]","[""NONE""]",[],"[""O2162052"", ""O2162053""]","[""DRIVER""]","[""NORMAL""]","[""SAFETY BELT USED"", ""USAGE UNKNOWN""]","[""F""]","[""IL""]","[""2060994"", ""2061008""]","[""60162"", ""60189""]",[],[],[],[],[],[],2025,10,8,2,False,morning,41.89,-87.62,41.89_-87.62,34.5,27,42,OTHER,0
STRAIGHT AND LEVEL,914,2025-10-02 08:20:00,5,8,10,3C64DD73E1DC8DE27159B79BD1E102072F27231A37C2ECF7F13EDAC1F7D0C2FC27AF94BD5555B9F45D1D8EA3A2075BC211CABA747FB98CE0B850B2C96A7EED20,NO INJURY / DRIVE AWAY,"OVER $1,500",FUNCTIONING PROPERLY,ANGLE,41.8508370203,DAYLIGHT,-87.638628145,2,30,UNABLE TO DETERMINE,NO DEFECTS,DRY,NOT APPLICABLE,S,2300,STOP SIGN/FLASHER,NOT DIVIDED,CLEAR,0.0,0.0,1.0,0.0,0.0,1.0,1,3,[],[],[],"[""2025-10-02T08:20:00.000""]","[""2162006"", ""2162007""]","[""SIDE-LEFT-REAR"", ""UNKNOWN""]","[""IL""]","[""TESLA"", ""TOYOTA""]","[""STRAIGHT AHEAD""]","[""MODEL Y"", ""RAV4""]","[""1"", ""2""]","[""E"", ""N""]","[""1"", ""2""]","[""DRIVER""]","[""NONE""]","[""2060945"", ""2060952""]","[""PASSENGER""]","[""PERSONAL""]","[""2023"", ""2026""]",[],[],[],[],[],[],"[""Y""]","[""Y""]","[""Y""]",[],"[""1""]","[""Y""]",[],[],[],[],"['31', '45', '8']","[""NOT APPLICABLE""]","[""TEST NOT OFFERED""]","[""CHICAGO""]","[""2025-10-02T08:20:00.000""]","[""FAILED TO YIELD"", ""NONE""]","[""NOT OBSCURED""]","[""D""]","[""IL""]","[""NONE""]","[""REFUSED MEDICAL TREATMENT"", ""UNIVERSITY OF CHICAGO""]","[""O2162006"", ""O2162007"", ""P477140""]","[""DRIVER"", ""PASSENGER""]","[""NORMAL""]","[""SAFETY BELT USED""]","[""F"", ""M""]","[""IL""]","[""2060945"", ""2060952""]","[""60608"", ""60616""]",[],"[""3""]",[],[],[],[],2025,10,8,2,False,morning,41.85,-87.64,41.85_-87.64,28.0,8,45,OTHER,0
STRAIGHT AND LEVEL,1813,2025-10-02 08:20:00,5,8,10,7BB8905C73A16F7FF39E933610C2E7E71B8FABB75B7A8E2CED033EDC91C82A2F19613EDE8B03F90DC105E9FCC592227BC7EC1DC2A5A495CD2C0CAD14352B0C78,INJURY AND / OR TOW DUE TO CRASH,"OVER $1,500",NO CONTROLS,HEAD ON,41.9113599375,DAYLIGHT,-87.6499291656,2,20,DRIVING ON WRONG SIDE/WRONG WAY,UNKNOWN,DRY,DRIVING ON WRONG SIDE/WRONG WAY,N,1617,NO CONTROLS,NOT DIVIDED,CLEAR,0.0,1.0,0.0,0.0,0.0,1.0,1,1,"[""Y""]",[],"[""Y""]","[""2025-10-02T08:20:00.000""]","[""2162020"", ""2162021""]","[""FRONT""]","[""IL""]","[""BMW"", ""TESLA""]","[""STRAIGHT AHEAD""]","[""1600"", ""MODEL 3""]","[""1""]","[""NW"", ""SE""]","[""1"", ""2""]","[""DRIVER""]","[""UNKNOWN""]","[""2060966"", ""2060972""]","[""PASSENGER""]","[""PERSONAL"", ""UNKNOWN/NA""]","[""2020"", ""2025""]",[],[],"[""Y""]",[],"[""Y""]",[],[],[],"[""Y""]",[],[],[],[],[],[],[],['53'],"[""DEPLOYED, FRONT"", ""NOT APPLICABLE""]","[""TEST NOT OFFERED""]","[""HINSDALE""]","[""2025-10-02T08:20:00.000""]","[""NONE"", ""WRONG WAY/SIDE""]","[""UNKNOWN""]","[""D""]","[""IL""]","[""NONE""]",[],"[""O2162020"", ""O2162021""]","[""DRIVER""]","[""NORMAL"", ""UNKNOWN""]","[""USAGE UNKNOWN""]","[""F"", ""M""]","[""IL""]","[""2060966"", ""2060972""]","[""60521""]",[],[],[],[],[],[],2025,10,8,2,False,morning,41.91,-87.65,41.91_-87.65,53.0,53,53,OTHER,0
STRAIGHT AND LEVEL,1222,2025-10-02 08:10:00,5,8,10,3FFD212C90EF05B6626023F76BF9E88500F2B0370A0507D8305A72FF60DC812FCA06506CE0AD1C14A1EA245FC914119D5312AE3022EDD3B385881AAE7B05B77F,NO INJURY / DRIVE AWAY,"OVER $1,500",NO CONTROLS,TURNING,41.8871945394,DAYLIGHT,-87.7015260077,2,30,UNABLE TO DETERMINE,NO DEFECTS,DRY,NOT APPLICABLE,N,320,NO CONTROLS,DIVIDED - W/MEDIAN (NOT RAISED),CLEAR,0.0,0.0,1.0,0.0,0.0,1.0,1,2,[],[],[],"[""2025-10-02T08:10:00.000""]","[""2162014"", ""2162015""]","[""FRONT-LEFT-CORNER""]","[""IL""]","[""HYUNDAI"", ""TOYOTA""]","[""STRAIGHT AHEAD"", ""TURNING RIGHT""]","[""COROLLA"", ""SANTA FE""]","[""1"", ""3""]","[""E"", ""W""]","[""1"", ""2""]","[""DRIVER""]","[""UNKNOWN""]","[""2060964"", ""2060968""]","[""PASSENGER""]","[""PERSONAL""]","[""2008"", ""2011""]",[],[],"[""Y""]",[],[],[],[],[],[],[],"[""2""]",[],[],[],[],[],"['34', '35']","[""DID NOT DEPLOY"", ""NOT APPLICABLE""]","[""TEST NOT OFFERED""]","[""CHICAGO"", ""CICERO""]","[""2025-10-02T08:10:00.000""]","[""OTHER"", ""UNKNOWN""]","[""UNKNOWN""]","[""D""]","[""IL""]","[""NONE""]",[],"[""O2162014"", ""O2162015"", ""P477144"", ""P477145""]","[""DRIVER"", ""PASSENGER""]","[""NORMAL""]","[""SAFETY BELT USED""]","[""F"", ""M""]","[""IL""]","[""2060964"", ""2060968""]","[""60644"", ""60804""]",[],"[""4"", ""6""]",[],[],[],[],2025,10,8,2,False,morning,41.89,-87.7,41.89_-87.7,34.5,34,35,OTHER,0
STRAIGHT AND LEVEL,813,2025-10-02 08:10:00,5,8,10,48E38291BF0EA402C7D9623C44A12F19EA1FA00A505DF0250DBA26F210726A39E12B50F77D32A3A8024563FCC63E9A5D927769461192C7DE2F37DCB384FC2864,NO INJURY / DRIVE AWAY,"$501 - $1,500",NO CONTROLS,REAR END,41.7757792436,DAYLIGHT,-87.7420362941,2,30,IMPROPER BACKING,NO DEFECTS,DRY,NOT APPLICABLE,S,6427,NO CONTROLS,NOT DIVIDED,CLEAR,0.0,1.0,0.0,0.0,0.0,1.0,1,1,[],[],"[""Y""]","[""2025-10-02T08:10:00.000""]","[""2162415"", ""2162416""]","[""FRONT"", ""REAR""]","[""IL""]","[""TOYOTA"", ""UNKNOWN""]","[""BACKING"", ""SLOW/STOP IN TRAFFIC""]","[""CAMRY"", ""OTHER (EXPLAIN IN NARRATIVE)""]","[""1""]","[""S""]","[""1"", ""2""]","[""DRIVER""]","[""NONE"", ""UNKNOWN""]","[""2061337"", ""2061340""]","[""PASSENGER"", ""TRACTOR W/O SEMI-TRAILER""]","[""PERSONAL"", ""UNKNOWN/NA""]","[""2016""]",[],[],[],[],[],[],[],[],[],[],[],[],"[""Y""]",[],"[""N""]",[],['36'],"[""DEPLOYMENT UNKNOWN"", ""NOT APPLICABLE""]","[""TEST NOT OFFERED""]",[],"[""2025-10-02T08:10:00.000""]","[""IMPROPER BACKING"", ""NONE""]","[""NOT OBSCURED"", ""UNKNOWN""]",[],"[""IL""]","[""NONE""]",[],"[""O2162415"", ""O2162416""]","[""DRIVER""]","[""NORMAL"", ""UNKNOWN""]","[""SAFETY BELT USED"", ""USAGE UNKNOWN""]","[""F"", ""X""]",[],"[""2061337"", ""2061340""]",[],[],[],[],[],[],[],2025,10,8,2,False,morning,41.78,-87.74,41.78_-87.74,36.0,36,36,OTHER,0
STRAIGHT AND LEVEL,834,2025-10-02 08:06:00,5,8,10,2A829E7430D4A65F0537C6D45AC386B0FEFB423B22D202AA6168429C9A13941DA2A3FD239EAFDD5B3090B017293BD2FE5449A8A59CB3B8841DAB432D28D18690,NO INJURY / DRIVE AWAY,"$501 - $1,500",NO CONTROLS,SIDESWIPE SAME DIRECTION,41.7349897979,DAYLIGHT,-87.7201555827,2,30,UNABLE TO DETERMINE,NO DEFECTS,UNKNOWN,UNABLE TO DETERMINE,W,3928,NO CONTROLS,NOT DIVIDED,CLEAR,0.0,0.0,0.0,0.0,0.0,1.0,1,0,"[""Y""]",[],[],"[""2025-10-02T08:06:00.000""]","[""2164530"", ""2164531""]","[""FRONT-LEFT-CORNER"", ""SIDE-LEFT-REAR""]","[""IL""]","[""FORD"", ""MERCEDES-BENZ""]","[""STRAIGHT AHEAD""]","[""AMG GT"", ""F150""]","[""1""]","[""W""]","[""1"", ""2""]","[""DRIVER""]","[""UNKNOWN""]","[""2063344"", ""2063352""]","[""PASSENGER"", ""PICKUP""]","[""PERSONAL""]","[""2017"", ""2021""]",[],[],[],[],[],"[""Y""]",[],[],[],[],[],[],[],[],[],[],[],"[""DEPLOYMENT UNKNOWN"", ""NOT APPLICABLE""]","[""TEST NOT OFFERED""]","[""CHICAGO""]","[""2025-10-02T08:06:00.000""]","[""UNKNOWN""]","[""UNKNOWN""]","[""D""]","[""IL""]","[""NONE""]",[],"[""O2164530"", ""O2164531""]","[""DRIVER""]","[""NORMAL"", ""UNKNOWN""]","[""USAGE UNKNOWN""]","[""F""]","[""IL""]","[""2063344"", ""2063352""]","[""60652""]",[],[],[],[],[],[],2025,10,8,2,False,morning,41.73,-87.72,41.73_-87.72,0.0,0,0,OTHER,0
STRAIGHT AND LEVEL,1731,2025-10-02 08:02:00,5,8,10,04DC38FA8DF6D550E6ED0E2B0BFD9259A09EEFDB96DA5113838D15FB1C6A66AB6C1F16498D8C8FA671DF67BE6B83EDB688231D8EE813376B0746ACBC6E7D2BB9,NO INJURY / DRIVE AWAY,"$501 - $1,500",NO CONTROLS,SIDESWIPE SAME DIRECTION,41.9446521174,DAYLIGHT,-87.7306666624,2,30,FAILING TO YIELD RIGHT-OF-WAY,NO DEFECTS,DRY,NOT APPLICABLE,W,4137,NO CONTROLS,ONE-WAY,CLEAR,0.0,0.0,0.0,1.0,0.0,1.0,1,3,[],"[""Y""]",[],"[""2025-10-02T08:02:00.000""]","[""2162012"", ""2162013""]","[""FRONT-LEFT-CORNER"", ""SIDE-RIGHT""]","[""IL""]","[""FORD"", ""HYUNDAI""]","[""ENTERING TRAFFIC LANE FROM PARKING"", ""STRAIGHT AHEAD""]","[""ELANTRA"", ""F150""]","[""1"", ""2""]","[""E""]","[""1"", ""2""]","[""DRIVER""]","[""NONE""]","[""2060954"", ""2060957""]","[""PASSENGER"", ""PICKUP""]","[""PERSONAL""]","[""2018""]","[""Y""]","[""Y""]","[""Y""]",[],[],[],[],[],"[""Y""]",[],"[""1""]",[],[],[],[],[],"['13', '20', '47']","[""DID NOT DEPLOY""]","[""TEST NOT OFFERED""]","[""CH"", ""CHICAGO""]","[""2025-10-02T08:02:00.000""]","[""FAILED TO YIELD"", ""NONE""]","[""NOT OBSCURED""]","[""D""]","[""IL""]","[""NONE""]",[],"[""O2162012"", ""O2162013"", ""P477143""]","[""DRIVER"", ""PASSENGER""]","[""NORMAL""]","[""SAFETY BELT USED""]","[""F"", ""M""]","[""IL""]","[""2060954"", ""2060957""]","[""60641""]",[],"[""4""]",[],[],[],[],2025,10,8,2,False,morning,41.94,-87.73,41.94_-87.73,26.666666666666668,13,47,FAILURE-TO-YIELD,0
STRAIGHT AND LEVEL,1111,2025-10-02 08:01:00,5,8,10,C7603AC5AB5CD40BDDB3DFA676CF110E6A404BD9104F79DBE2BC25875FA5A5F4C2F966DB737DE66661A7FD3F1E614E8C96CD6DE9D3CA3B5C28B0B13621E37526,INJURY AND / OR TOW DUE TO CRASH,"OVER $1,500",NO CONTROLS,ANGLE,41.9007366809,DAYLIGHT,-87.7273274297,2,30,FAILING TO YIELD RIGHT-OF-WAY,NO DEFECTS,DRY,NOT APPLICABLE,N,1059,NO CONTROLS,NOT DIVIDED,CLEAR,0.0,0.0,1.0,0.0,0.0,1.0,1,2,"[""Y""]","[""Y""]","[""Y""]","[""2025-10-02T08:01:00.000""]","[""2162026"", ""2162027""]","[""FRONT"", ""FRONT-RIGHT-CORNER""]","[""IL""]","[""HONDA"", ""LEXUS""]","[""STRAIGHT AHEAD""]","[""ACCORD"", ""NX""]","[""1""]","[""E"", ""N""]","[""1"", ""2""]","[""DRIVER""]","[""NONE"", ""UNKNOWN""]","[""2060991"", ""2060993""]","[""PASSENGER""]","[""PERSONAL""]","[""2017"", ""2021""]","[""Y""]","[""Y""]","[""Y""]","[""City Chicago""]","[""Y""]",[],[],[],[],[],[],[],[],[],[],"[""6""]","['21', '39']","[""DEPLOYED, COMBINATION"", ""NOT APPLICABLE""]","[""TEST NOT OFFERED""]","[""CHICAGO""]","[""2025-10-02T08:01:00.000""]","[""FAILED TO YIELD"", ""NONE""]","[""NOT OBSCURED""]","[""D""]","[""IL""]","[""NONE""]",[],"[""O2162026"", ""O2162027""]","[""DRIVER""]","[""NORMAL""]","[""NONE PRESENT""]","[""F"", ""M""]","[""IL""]","[""2060991"", ""2060993""]","[""60644"", ""60647""]","[""52""]",[],[],[],[],[],2025,10,8,2,False,morning,41.9,-87.73,41.9_-87.73,30.0,21,39,FAILURE-TO-YIELD,0
STRAIGHT AND LEVEL,813,2025-10-02 08:00:00,5,8,10,055B45A9EB86CC259264B947BFCA328E27C9E11BF7993379FAF579E3F3BBB7794127AEF7D8EA59033F2A153962D03A2E4B986F593B2DDAA5DE230B958E3D127F,NO INJURY / DRIVE AWAY,"OVER $1,500",NO CONTROLS,PEDALCYCLIST,41.7857434633,UNKNOWN,-87.7328917418,2,30,UNABLE TO DETERMINE,UNKNOWN,UNKNOWN,UNABLE TO DETERMINE,S,5900,NO CONTROLS,UNKNOWN,CLEAR,0.0,0.0,0.0,0.0,0.0,1.0,2,0,[],[],[],"[""2025-10-02T08:00:00.000""]","[""2162407"", ""2162410""]","[""UNKNOWN""]","[""IL""]","[""TOYOTA""]","[""PARKED""]","[""COROLLA""]","[""0""]","[""UNKNOWN""]","[""1"", ""2""]","[""BICYCLE"", ""PARKED""]","[""UNKNOWN""]","[""2061328""]","[""UNKNOWN/NA""]","[""UNKNOWN/NA""]",[],[],[],[],[],[],[],"[""Y""]",[],[],[],[],[],[],[],[],[],[],[],"[""TEST NOT OFFERED""]",[],"[""2025-10-02T08:00:00.000""]","[""UNKNOWN""]","[""UNKNOWN""]",[],[],"[""UNKNOWN""]",[],"[""O2162407""]","[""BICYCLE""]","[""UNKNOWN""]","[""HELMET NOT USED""]","[""X""]",[],[],[],[],[],"[""WITH TRAFFIC""]","[""UNKNOWN/NA""]","[""NO CONTRASTING CLOTHING""]",[],2025,10,8,2,False,morning,41.79,-87.73,41.79_-87.73,0.0,0,0,OTHER,0
STRAIGHT AND LEVEL,1811,2025-10-02 07:55:00,5,7,10,6974D8ED7A9DEEAFDDB89697CB724F05796A76271B6080F6229B60B159903B0DD05EFBC73269DD85BAA3DD9848E8DCD3EC16AD8A04B22C5B05AD103D783265BC,INJURY AND / OR TOW DUE TO CRASH,"OVER $1,500",FUNCTIONING PROPERLY,PARKED MOTOR VEHICLE,41.9233259838,DAYLIGHT,-87.6634018248,3,30,"OPERATING VEHICLE IN ERRATIC, RECKLESS, CARELESS, NEGLIGENT OR AGGRESSIVE MANNER",NO DEFECTS,DRY,IMPROPER OVERTAKING/PASSING,N,2258,STOP SIGN/FLASHER,NOT DIVIDED,CLEAR,0.0,1.0,0.0,0.0,0.0,1.0,2,0,"[""Y""]",[],"[""Y""]","[""2025-10-02T07:55:00.000""]","[""2162047"", ""2162048"", ""2162049""]","[""FRONT"", ""REAR""]","[""IL""]","[""JEEP"", ""MAZDA"", ""TESLA""]","[""PARKED"", ""PASSING/OVERTAKING""]","[""CHEROKEE"", ""MODEL 3"", ""OTHER (EXPLAIN IN NARRATIVE)""]","[""0"", ""1""]","[""S""]","[""1"", ""2"", ""3""]","[""DRIVER"", ""DRIVERLESS""]","[""UNKNOWN""]","[""2060992"", ""2060997"", ""2061000""]","[""PASSENGER"", ""SPORT UTILITY VEHICLE (SUV)""]","[""NOT IN USE"", ""UNKNOWN/NA""]","[""2014"", ""2020"", ""2025""]",[],[],"[""Y""]",[],"[""Y""]",[],[],[],[],[],[],[],[],"[""Y""]","[""Y""]",[],[],"[""DEPLOYMENT UNKNOWN""]","[""TEST NOT OFFERED""]",[],"[""2025-10-02T07:55:00.000""]","[""OTHER""]","[""UNKNOWN""]",[],[],"[""NONE""]",[],"[""O2162047""]","[""DRIVER""]","[""UNKNOWN""]","[""USAGE UNKNOWN""]","[""M""]",[],"[""2060992""]",[],[],[],[],[],[],[],2025,10,7,2,False,morning,41.92,-87.66,41.92_-87.66,0.0,0,0,OTHER,0
STRAIGHT AND LEVEL,2535,2025-10-02 07:55:00,5,7,10,109FA2760E4037A024FEC156B4FF7D0B1A2AABBAECE39B3E6F233AE4779539A3F269C59B02FAE4D07B40A66E5444C87F696BFD2741F2247EF165F513EE3D1495,INJURY AND / OR TOW DUE TO CRASH,"OVER $1,500",FUNCTIONING PROPERLY,REAR END,41.9028615031,DAYLIGHT,-87.7168984544,2,30,FOLLOWING TOO CLOSELY,NO DEFECTS,DRY,FOLLOWING TOO CLOSELY,W,3606,TRAFFIC SIGNAL,NOT DIVIDED,CLEAR,0.0,0.0,1.0,0.0,0.0,1.0,1,2,"[""Y""]",[],"[""Y""]","[""2025-10-02T07:55:00.000""]","[""2162010"", ""2162011""]","[""FRONT"", ""REAR""]","[""IL"", ""TN""]","[""FORD"", ""JEEP""]","[""STRAIGHT AHEAD""]","[""CHEROKEE"", ""OTHER (EXPLAIN IN NARRATIVE)""]","[""1""]","[""W""]","[""1"", ""2""]","[""DRIVER""]","[""UNKNOWN""]","[""2060959"", ""2060969""]","[""SPORT UTILITY VEHICLE (SUV)"", ""TRUCK - SINGLE UNIT""]","[""PERSONAL"", ""TOW TRUCK""]","[""2021"", ""2025""]",[],[],"[""Y""]","[""CITY TOW""]","[""Y""]",[],"[""Y""]",[],[],[],[],[],[],[],"[""Y""]","[""701 N SACRAMENTO""]","['53', '55']","[""DEPLOYED, FRONT"", ""DID NOT DEPLOY""]","[""TEST NOT OFFERED""]","[""CHICAGO"", ""EVERGREEN PARK""]","[""2025-10-02T07:55:00.000""]","[""NONE"", ""UNKNOWN""]","[""NOT OBSCURED"", ""UNKNOWN""]","[""A"", ""D""]","[""IL""]","[""NONE""]",[],"[""O2162010"", ""O2162011""]","[""DRIVER""]","[""NORMAL"", ""UNKNOWN""]","[""USAGE UNKNOWN""]","[""F"", ""M""]","[""IL""]","[""2060959"", ""2060969""]","[""60634"", ""60805""]",[],[],[],[],[],[],2025,10,7,2,False,morning,41.9,-87.72,41.9_-87.72,54.0,53,55,FOLLOWING TOO CLOSELY,0