alignment,beat_of_occurrence,crash_date,crash_day_of_week,crash_hour,crash_month,crash_record_id,crash_type,damage,device_condition,first_crash_type,latitude,lighting_condition,longitude,num_units,posted_speed_limit,prim_contributory_cause,road_defect,roadway_surface_cond,sec_contributory_cause,street_direction,street_no,traffic_control_device,trafficway_type,weather_condition,private_property_i,hit_and_run_i,intersection_related_i,crash_date_est_i,work_zone_i,workers_present_i,veh_count,ppl_count,veh_area_01_i_list_json,veh_area_02_i_list_json,veh_area_12_i_list_json,veh_crash_date_list_json,veh_crash_unit_id_list_json,veh_first_contact_point_list_json,veh_lic_plate_state_list_json,veh_make_list_json,veh_maneuver_list_json,veh_model_list_json,veh_occupant_cnt_list_json,veh_travel_direction_list_json,veh_unit_no_list_json,veh_unit_type_list_json,veh_vehicle_defect_list_json,veh_vehicle_id_list_json,veh_vehicle_type_list_json,veh_vehicle_use_list_json,veh_vehicle_year_list_json,veh_area_03_i_list_json,veh_area_04_i_list_json,veh_area_11_i_list_json,veh_towed_by_list_json,veh_towed_i_list_json,veh_area_07_i_list_json,veh_area_99_i_list_json,veh_area_09_i_list_json,veh_area_10_i_list_json,veh_cmrc_veh_i_list_json,veh_num_passengers_list_json,veh_area_08_i_list_json,veh_area_00_i_list_json,veh_area_05_i_list_json,veh_area_06_i_list_json,veh_towed_to_list_json,ppl_age_list_json,ppl_airbag_deployed_list_json,ppl_bac_result_list_json,ppl_city_list_json,ppl_crash_date_list_json,ppl_driver_action_list_json,ppl_driver_vision_list_json,ppl_drivers_license_class_list_json,ppl_drivers_license_state_list_json,ppl_ejection_list_json,ppl_hospital_list_json,ppl_person_id_list_json,ppl_person_type_list_json,ppl_physical_condition_list_json,ppl_safety_equipment_list_json,ppl_sex_list_json,ppl_state_list_json,ppl_vehicle_id_list_json,ppl_zipcode_list_json,ppl_ems_agency_list_json,ppl_seat_no_list_json,ppl_pedpedal_action_list_json,ppl_pedpedal_location_list_json,ppl_pedpedal_visibility_list_json,ppl_ems_run_no_list_json,year,month,hour,day,is_weekend,hour_bin,lat_bin,lng_bin,grid_id,ppl_age_mean,ppl_age_min,ppl_age_max,prim_contributory_cause_group,ksi_flag
STRAIGHT AND LEVEL,815,2025-10-02 07:50:00,5,7,10,866F4D3552F42BB7A131C21B73458AA221F93AD37872189B07193373989CEC2684D75D38D81C4F31F3BE9A8C2BE4A1F7C6DE5D6C559A89598EC7BB8AA04D963E,INJURY AND / OR TOW DUE TO CRASH,"OVER $1,500",NO CONTROLS,TURNING,41.7949263135,DAYLIGHT,-87.7249718167,2,30,FAILING TO YIELD RIGHT-OF-WAY,UNKNOWN,DRY,UNABLE TO DETERMINE,W,4043,NO CONTROLS,NOT DIVIDED,CLEAR,0.0,0.0,0.0,0.0,0.0,1.0,1,2,[],[],"[""Y""]","[""2025-10-02T07:50:00.000""]","[""2162036"", ""2162037""]","[""FRONT"", ""SIDE-RIGHT-FRONT""]","[""IL""]","[""CHEVROLET"", ""HONDA""]","[""STRAIGHT AHEAD"", ""TURNING LEFT""]","[""CR-V"", ""TRAX""]","[""1""]","[""E"", ""NW""]","[""1"", ""2""]","[""DRIVER""]","[""UNKNOWN""]","[""2060976"", ""2060984""]","[""PASSENGER"", ""SPORT UTILITY VEHICLE (SUV)""]","[""PERSONAL""]","[""2015"", ""2024""]",[],[],[],"[""OWNER""]","[""Y""]",[],[],[],[],[],[],[],[],[],[],"[""UNK""]","['40', '75']","[""DID NOT DEPLOY""]","[""TEST NOT OFFERED""]","[""BERWYN"", ""CHICAGO""]","[""2025-10-02T07:50:00.000""]","[""FAILED TO YIELD"", ""NONE""]","[""UNKNOWN""]","[""D""]","[""IL""]","[""NONE""]",[],"[""O2162036"", ""O2162037""]","[""DRIVER""]","[""NORMAL""]","[""SAFETY BELT USED""]","[""F"", ""M""]","[""IL""]","[""2060976"", ""2060984""]","[""60402"", ""60632""]",[],[],[],[],[],[],2025,10,7,2,False,morning,41.79,-87.72,41.79_-87.72,57.5,40,75,FAILURE-TO-YIELD,0
STRAIGHT AND LEVEL,1832,2025-10-02 07:45:00,5,7,10,D5023BCF1ECBB3753E211E67C92242FFE6EDA0FFB37A326D50B19CE1EB6CDBF349FF229BD4C8A8CE5AF6A8C6F118D5FA4C185C096F3518B60087E04ED47D71BA,NO INJURY / DRIVE AWAY,"OVER $1,500",FUNCTIONING PROPERLY,PEDALCYCLIST,41.8932075351,DAYLIGHT,-87.6298422078,2,30,IMPROPER TURNING/NO SIGNAL,NO DEFECTS,DRY,NOT APPLICABLE,N,626,TRAFFIC SIGNAL,ONE-WAY,CLEAR,0.0,0.0,1.0,0.0,0.0,1.0,2,1,[],[],[],"[""2025-10-02T07:45:00.000""]","[""2162030"", ""2162031""]","[""NONE""]","[""IL""]","[""FORD""]","[""TURNING LEFT""]","[""OTHER (EXPLAIN IN NARRATIVE)""]","[""1""]","[""N""]","[""1"", ""2""]","[""BICYCLE"", ""DRIVER""]","[""NONE""]","[""2060977""]","[""TRUCK - SINGLE UNIT""]","[""COMMERCIAL - SINGLE UNIT""]","[""2026""]",[],[],[],[],[],[],[],"[""Y""]","[""Y""]",[],[],[],[],[],[],[],['0'],"[""NOT APPLICABLE""]","[""TEST NOT OFFERED""]","[""ELK GROVE VILLAGE"", ""WORTH""]","[""2025-10-02T07:45:00.000""]","[""IMPROPER TURN"", ""NONE""]","[""NOT OBSCURED""]","[""D""]","[""IL""]","[""NONE""]",[],"[""O2162030"", ""O2162031""]","[""BICYCLE"", ""DRIVER""]","[""NORMAL""]","[""HELMET NOT USED"", ""SAFETY BELT USED""]","[""M""]","[""IL""]","[""2060977""]","[""60007"", ""60482""]",[],[],"[""CROSSING - WITH SIGNAL""]","[""BIKEWAY""]","[""NO CONTRASTING CLOTHING""]",[],2025,10,7,2,False,morning,41.89,-87.63,41.89_-87.63,0.0,0,0,OTHER,0
STRAIGHT AND LEVEL,2213,2025-10-02 07:40:00,5,7,10,C17918B0C7D0607D0258FA4815B41EB4D1D463D27810F1E1171E446959170CBBADC2FF28A500230C688EF4DC39188063E803541CDF5755134747FF500257408F,NO INJURY / DRIVE AWAY,"OVER $1,500",NO CONTROLS,ANGLE,41.7210725126,DAYLIGHT,-87.6649389935,2,5,UNABLE TO DETERMINE,UNKNOWN,DRY,UNABLE TO DETERMINE,W,1701,NO CONTROLS,PARKING LOT,CLEAR,1.0,0.0,0.0,0.0,0.0,1.0,1,2,[],[],[],"[""2025-10-02T07:40:00.000""]","[""2162008"", ""2162009""]","[""REAR"", ""SIDE-LEFT""]",[],"[""FORD"", ""HYUNDAI""]","[""BACKING"", ""STRAIGHT AHEAD""]","[""F150"", ""TUCSON""]","[""1""]","[""UNKNOWN""]","[""1"", ""2""]","[""DRIVER""]","[""UNKNOWN""]","[""2060961"", ""2060982""]","[""PASSENGER"", ""UNKNOWN/NA""]","[""PERSONAL""]","[""2005""]",[],[],[],[],[],[],[],"[""Y""]",[],[],[],[],[],[],"[""Y""]",[],"['27', '62']","[""DID NOT DEPLOY""]","[""TEST NOT OFFERED""]","[""CHICAGO""]","[""2025-10-02T07:40:00.000""]","[""UNKNOWN""]","[""UNKNOWN""]",[],"[""IL""]","[""NONE""]",[],"[""O2162008"", ""O2162009""]","[""DRIVER""]","[""NORMAL"", ""UNKNOWN""]","[""USAGE UNKNOWN""]","[""F"", ""M""]","[""IL""]","[""2060961"", ""2060982""]","[""60629""]",[],[],[],[],[],[],2025,10,7,2,False,morning,41.72,-87.66,41.72_-87.66,44.5,27,62,OTHER,0
STRAIGHT AND LEVEL,1112,2025-10-02 07:40:00,5,7,10,86AC87A601F54360EF8966329769ABF2BE16D3E92010F9B9A30AF0E048E877BA8DC6015A57AEB42C460321C31F0D5C73447E218F635ABB80F8B0B5E877337B38,NO INJURY / DRIVE AWAY,"OVER $1,500",NO CONTROLS,SIDESWIPE OPPOSITE DIRECTION,41.8951642629,DAYLIGHT,-87.7259271022,2,30,UNABLE TO DETERMINE,UNKNOWN,DRY,NOT APPLICABLE,N,755,NO CONTROLS,DIVIDED - W/MEDIAN (NOT RAISED),CLEAR,0.0,0.0,0.0,0.0,0.0,1.0,1,1,[],[],[],"[""2025-10-02T07:40:00.000""]","[""2162171"", ""2162172""]","[""FRONT-LEFT-CORNER"", ""SIDE-LEFT""]","[""IL""]","[""CHEVROLET"", ""GENERAL MOTORS CORPORATION (GMC)""]","[""SLOW/STOP IN TRAFFIC"", ""STRAIGHT AHEAD""]","[""OTHER (EXPLAIN IN NARRATIVE)"", ""TERRAIN""]","[""1""]","[""N"", ""S""]","[""1"", ""2""]","[""DRIVER""]","[""UNKNOWN""]","[""2061107"", ""2061112""]","[""SPORT UTILITY VEHICLE (SUV)""]","[""PERSONAL"", ""UNKNOWN/NA""]","[""2010"", ""2011""]",[],[],"[""Y""]",[],[],[],[],"[""Y""]",[],[],[],[],[],[],[],[],['74'],"[""DEPLOYMENT UNKNOWN"", ""NOT APPLICABLE""]","[""TEST NOT OFFERED""]","[""CHICAGO""]","[""2025-10-02T07:40:00.000""]","[""NONE"", ""OTHER""]","[""UNKNOWN""]",[],[],"[""NONE""]",[],"[""O2162171"", ""O2162172""]","[""DRIVER""]","[""UNKNOWN""]","[""USAGE UNKNOWN""]","[""F"", ""M""]","[""IL""]","[""2061107"", ""2061112""]","[""60639""]",[],[],[],[],[],[],2025,10,7,2,False,morning,41.9,-87.73,41.9_-87.73,74.0,74,74,OTHER,0
STRAIGHT AND LEVEL,413,2025-10-02 07:40:00,5,7,10,378EC5AEB37C2737615E7A3A74FEACFC532B329D361967EC0F9ED38C34445DB244F53F11E9DD0217CA3476B67C1340576BDFD130FA9860BE6D00C7B66A483F7F,INJURY AND / OR TOW DUE TO CRASH,"OVER $1,500",FUNCTIONING PROPERLY,PEDALCYCLIST,41.7278141987,DAYLIGHT,-87.5780710492,2,20,DISREGARDING STOP SIGN,NO DEFECTS,DRY,DISREGARDING STOP SIGN,S,9200,STOP SIGN/FLASHER,NOT DIVIDED,CLEAR,0.0,0.0,0.0,0.0,0.0,1.0,2,2,[],[],"[""Y""]","[""2025-10-02T07:40:00.000""]","[""2161984"", ""2161985""]","[""FRONT-LEFT-CORNER""]","[""IL""]","[""NISSAN""]","[""STRAIGHT AHEAD""]","[""ALTIMA""]","[""1""]","[""W""]","[""1"", ""2""]","[""BICYCLE"", ""DRIVER""]","[""NONE""]","[""2060936""]","[""PASSENGER""]","[""PERSONAL""]","[""2013""]",[],[],"[""Y""]",[],[],[],[],[],[],[],[],[],[],[],[],[],"['56', '58']","[""NOT APPLICABLE""]","[""TEST NOT OFFERED""]","[""CHICAGO""]","[""2025-10-02T07:40:00.000""]","[""DISREGARDED CONTROL DEVICES"", ""NONE""]","[""NOT OBSCURED""]","[""D""]","[""IL""]","[""NONE"", ""TOTALLY EJECTED""]","[""UNIVERSITY OF CHICAGO""]","[""O2161984"", ""O2161985""]","[""BICYCLE"", ""DRIVER""]","[""NORMAL""]","[""HELMET NOT USED"", ""SAFETY BELT USED""]","[""M""]","[""IL""]","[""2060936""]","[""60617"", ""60649""]","[""AMB 37""]",[],"[""AGAINST TRAFFIC""]","[""IN ROADWAY""]","[""NO CONTRASTING CLOTHING""]",[],2025,10,7,2,False,morning,41.73,-87.58,41.73_-87.58,57.0,56,58,OTHER,1
STRAIGHT AND LEVEL,1433,2025-10-02 07:30:00,5,7,10,2C03E6AE1DC99B9F1043D72D788C852CC107AD2D103E1F84D694CB6FCA87C5664045302FB0808315AEF0585204FD1B048A6ED22DCC77C63FA539515D80682307,INJURY AND / OR TOW DUE TO CRASH,"OVER $1,500",NO CONTROLS,FIXED OBJECT,41.9105889523,DAYLIGHT,-87.6628410894,1,30,UNABLE TO DETERMINE,NO DEFECTS,DRY,UNABLE TO DETERMINE,W,1401,NO CONTROLS,NOT DIVIDED,CLEAR,0.0,0.0,0.0,0.0,0.0,1.0,1,1,[],[],[],"[""2025-10-02T07:30:00.000""]","[""2161997""]","[""TOP""]","[""IL""]","[""(RECONSTRUCTED TRAILERS)""]","[""STRAIGHT AHEAD""]","[""(RECONSTRUCTED TRAILERS)""]","[""1""]","[""E""]","[""1""]","[""DRIVER""]","[""UNKNOWN""]","[""2060951""]","[""TRACTOR W/ SEMI-TRAILER""]","[""CAMPER/RV - TOWED/MULTI-UNIT""]","[""2022""]",[],[],[],"[""private""]","[""Y""]",[],[],[],[],"[""Y""]",[],[],[],[],"[""Y""]",[],['50'],"[""NOT APPLICABLE""]","[""TEST NOT OFFERED""]","[""SAINSBORO""]","[""2025-10-02T07:30:00.000""]","[""UNKNOWN""]","[""UNKNOWN""]","[""A""]","[""GA""]","[""NONE""]",[],"[""O2161997""]","[""DRIVER""]","[""NORMAL""]","[""NONE PRESENT""]","[""M""]",[],"[""2060951""]","[""30401""]",[],[],[],[],[],[],2025,10,7,2,False,morning,41.91,-87.66,41.91_-87.66,50.0,50,50,OTHER,0
STRAIGHT AND LEVEL,1411,2025-10-02 07:30:00,5,7,10,BA03D7254548793BA301BDA140B5B0538C1CD497E7F53414ECB9C28433CFCFEB96562B63B50A43D9F2A0A7BAA65D3179F01091228CE32FDC3F3ADD3DC3D054F4,NO INJURY / DRIVE AWAY,"$501 - $1,500",NO CONTROLS,PARKED MOTOR VEHICLE,41.9393152352,DAYLIGHT,-87.7028704884,2,30,IMPROPER OVERTAKING/PASSING,UNKNOWN,DRY,UNABLE TO DETERMINE,N,3198,NO CONTROLS,NOT DIVIDED,CLEAR,0.0,0.0,0.0,0.0,0.0,1.0,2,1,[],"[""Y""]",[],"[""2025-10-02T07:30:00.000""]","[""2161990"", ""2161991""]","[""REAR-LEFT-CORNER"", ""SIDE-RIGHT""]","[""IL""]","[""CHRYSLER"", ""TOYOTA""]","[""PARKED"", ""TURNING RIGHT""]","[""300"", ""RAV4""]","[""0"", ""1""]","[""S""]","[""1"", ""2""]","[""DRIVER"", ""PARKED""]","[""NONE""]","[""2060940"", ""2060949""]","[""PASSENGER"", ""SPORT UTILITY VEHICLE (SUV)""]","[""PERSONAL""]","[""2013"", ""2021""]","[""Y""]","[""Y""]",[],[],[],"[""Y""]",[],[],[],[],[],"[""Y""]",[],[],[],[],['31'],"[""DID NOT DEPLOY""]","[""TEST NOT OFFERED""]","[""CHICAGO""]","[""2025-10-02T07:30:00.000""]","[""FOLLOWED TOO CLOSELY""]","[""UNKNOWN""]","[""D""]","[""IL""]","[""NONE""]",[],"[""O2161990""]","[""DRIVER""]","[""NORMAL""]","[""NONE PRESENT""]","[""M""]",[],"[""2060940""]","[""60618""]",[],[],[],[],[],[],2025,10,7,2,False,morning,41.94,-87.7,41.94_-87.7,31.0,31,31,OTHER,0
STRAIGHT AND LEVEL,1122,2025-10-02 07:30:00,5,7,10,55E3CBD2486E526E0C747224658BEFE581CAB88B646396D3A2B73A2ED4E573B41FDD85D8A36148FDDF72A3BCE1E05B85D49EB8A50D54225708465D5B3A5EE262,INJURY AND / OR TOW DUE TO CRASH,"OVER $1,500",NO CONTROLS,REAR END,41.8798045068,DAYLIGHT,-87.7208575747,3,30,UNABLE TO DETERMINE,NO DEFECTS,DRY,UNABLE TO DETERMINE,S,100,NO CONTROLS,TRAFFIC ROUTE,CLEAR,0.0,0.0,1.0,0.0,0.0,1.0,1,3,"[""Y""]",[],"[""Y""]","[""2025-10-02T07:30:00.000""]","[""2161994"", ""2161995"", ""2161996""]","[""FRONT"", ""REAR""]","[""IL"", ""WI""]","[""FORD"", ""SUBARU""]","[""STRAIGHT AHEAD""]","[""EDGE"", ""FORESTER""]","[""1""]","[""S""]","[""1"", ""2"", ""3""]","[""DRIVER""]","[""NONE"", ""UNKNOWN""]","[""2060938"", ""2060942"", ""2060946""]","[""PASSENGER""]","[""PERSONAL""]","[""2010"", ""2013"", ""2014""]",[],"[""Y""]","[""Y""]","[""UNKNOWN""]","[""Y""]","[""N"", ""Y""]","[""N""]",[],[],[],[],"[""Y""]","[""Y""]","[""N"", ""Y""]","[""N"", ""Y""]","[""UNKNOWN""]","['21', '34', '41']","[""DEPLOYED, FRONT"", ""DID NOT DEPLOY"", ""NOT APPLICABLE""]","[""TEST NOT OFFERED""]","[""SAUK VILLAGE"", ""SHOREWOOD""]","[""2025-10-02T07:30:00.000""]","[""FAILED TO YIELD"", ""NONE""]","[""NOT OBSCURED"", ""UNKNOWN""]","[""D""]","[""IL"", ""WI""]","[""NONE""]","[""REFUSED"", ""UNKNOWN""]","[""O2161994"", ""O2161995"", ""O2161996""]","[""DRIVER""]","[""NORMAL"", ""UNKNOWN""]","[""USAGE UNKNOWN""]","[""F"", ""M""]","[""IL"", ""WI""]","[""2060938"", ""2060942"", ""2060946""]","[""53211"", ""60411""]",[],[],[],[],[],[],2025,10,7,2,False,morning,41.88,-87.72,41.88_-87.72,32.0,21,41,OTHER,0
STRAIGHT AND LEVEL,1925,2025-10-02 07:29:00,5,7,10,0B0E982351E9A74B4E81382D9A698F5246ECF26ECFF500211B3DCF2609FDCB97466B6BD9DA2E36F85AB1C0D49583B708174BFF432CB297C40571AAD0700312AB,INJURY AND / OR TOW DUE TO CRASH,"OVER $1,500",NO CONTROLS,REAR END,41.946788855,DAYLIGHT,-87.6423186964,3,40,UNABLE TO DETERMINE,NO DEFECTS,DRY,UNABLE TO DETERMINE,N,3500,NO CONTROLS,OTHER,CLEAR,0.0,0.0,0.0,0.0,0.0,1.0,1,3,"[""Y""]",[],"[""Y""]","[""2025-10-02T07:29:00.000""]","[""2162003"", ""2162004"", ""2162005""]","[""FRONT"", ""REAR""]","[""IL""]","[""BMW"", ""SUBARU"", ""TOYOTA""]","[""STRAIGHT AHEAD""]","[""CAMRY"", ""OUTBACK"", ""X3""]","[""1""]","[""S""]","[""1"", ""2"", ""3""]","[""DRIVER""]","[""UNKNOWN""]","[""2060948"", ""2060955"", ""2060965""]","[""PASSENGER""]","[""PERSONAL""]","[""2007"", ""2014""]",[],[],"[""N"", ""Y""]","[""PRIVATE TOW""]","[""Y""]","[""Y""]",[],[],[],[],[],[],[],"[""Y""]","[""Y""]","[""RESIDENCE""]","['24', '38', '47']","[""DEPLOYED, COMBINATION"", ""DEPLOYED, FRONT"", ""DEPLOYMENT UNKNOWN""]","[""TEST NOT OFFERED""]","[""CHICAGO""]","[""2025-10-02T07:29:00.000""]","[""UNKNOWN""]","[""UNKNOWN""]","[""D""]","[""IL""]","[""NONE""]",[],"[""O2162003"", ""O2162004"", ""O2162005""]","[""DRIVER""]","[""NORMAL""]","[""USAGE UNKNOWN""]","[""F"", ""M""]","[""IL""]","[""2060948"", ""2060955"", ""2060965""]","[""60625"", ""60645"", ""60647""]",[],[],[],[],[],[],2025,10,7,2,False,morning,41.95,-87.64,41.95_-87.64,36.333333333333336,24,47,OTHER,1
STRAIGHT AND LEVEL,915,2025-10-02 07:26:00,5,7,10,738FA1421EBCDBE6C173A4AF099E65D9462CE171552657E96537361B85E8BFE0A00669F29960D58533C9B612A2904E6DBCFA81CA8E54C93B6C8483EDA44637BE,NO INJURY / DRIVE AWAY,"$501 - $1,500",FUNCTIONING PROPERLY,SIDESWIPE SAME DIRECTION,41.8237401222,DAYLIGHT,-87.6324849061,2,30,IMPROPER OVERTAKING/PASSING,NO DEFECTS,DRY,FAILING TO YIELD RIGHT-OF-WAY,W,230,TRAFFIC SIGNAL,NOT DIVIDED,CLEAR,0.0,0.0,0.0,0.0,0.0,1.0,1,2,"[""Y""]",[],[],"[""2025-10-02T07:26:00.000""]","[""2162018"", ""2162019""]","[""FRONT-RIGHT-CORNER"", ""REAR-LEFT-CORNER""]","[""IL""]","[""HYUNDAI"", ""TOYOTA""]","[""CHANGING LANES"", ""STRAIGHT AHEAD""]","[""CAMRY"", ""KONA""]","[""1""]","[""E""]","[""1"", ""2""]","[""DRIVER""]","[""NONE"", ""UNKNOWN""]","[""2060975"", ""2060990""]","[""PASSENGER""]","[""PERSONAL""]","[""2017"", ""2018""]",[],[],[],[],[],"[""Y""]","[""Y""]",[],[],[],[],"[""N""]",[],[],[],[],"['35', '40']","[""NOT APPLICABLE""]","[""TEST NOT OFFERED""]","[""CHICAGO"", ""HAMMOND""]","[""2025-10-02T07:26:00.000""]","[""IMPROPER LANE CHANGE"", ""NONE""]","[""NOT OBSCURED""]","[""D""]","[""IL"", ""IN""]","[""NONE""]","[""REFUSED""]","[""O2162018"", ""O2162019""]","[""DRIVER""]","[""NORMAL""]","[""USAGE UNKNOWN""]","[""F"", ""M""]","[""IL"", ""IN""]","[""2060975"", ""2060990""]","[""46323"", ""60609""]",[],[],[],[],[],[],2025,10,7,2,False,morning,41.82,-87.63,41.82_-87.63,37.5,35,40,OTHER,0
STRAIGHT AND LEVEL,1113,2025-10-02 07:20:00,5,7,10,792F2422B7C826027019F69C72273BCE18C0B8779CE48E628DA20F623813842AF223FDA0EA3720D84F1B9827560E0C62869AF3807257C9861C3E6D79290F40C1,INJURY AND / OR TOW DUE TO CRASH,"$501 - $1,500",FUNCTIONING PROPERLY,SIDESWIPE SAME DIRECTION,41.8830597955,DAYLIGHT,-87.7418658211,2,25,UNABLE TO DETERMINE,NO DEFECTS,DRY,NOT APPLICABLE,W,4641,NO CONTROLS,NOT DIVIDED,CLEAR,0.0,0.0,0.0,0.0,1.0,1.0,1,4,"[""Y""]",[],"[""Y""]","[""2025-10-02T07:20:00.000""]","[""2161982"", ""2161983""]","[""FRONT-RIGHT-CORNER"", ""SIDE-LEFT""]","[""IL""]","[""FORD"", ""JEEP""]","[""ENTERING TRAFFIC LANE FROM PARKING"", ""STRAIGHT AHEAD""]","[""CHEROKEE"", ""SUPER DUTY""]","[""3"", ""4""]","[""E""]","[""1"", ""2""]","[""DRIVER""]","[""NONE""]","[""2060932"", ""2060950""]","[""OTHER"", ""PASSENGER""]","[""CONSTRUCTION/MAINTENANCE"", ""PERSONAL""]","[""2001"", ""2014""]",[],[],"[""Y""]","[""private tow""]","[""Y""]",[],[],"[""Y""]","[""Y""]","[""Y""]","[""2"", ""3""]",[],[],[],[],[],"['28', '30', '37', '44']","[""DID NOT DEPLOY"", ""NOT APPLICABLE""]","[""TEST NOT OFFERED""]","[""JOLIET"", ""STONE PARK""]","[""2025-10-02T07:20:00.000""]","[""NONE"", ""OTHER""]","[""NOT OBSCURED""]","[""D""]","[""IL""]","[""NONE""]",[],"[""O2161982"", ""O2161983"", ""P477137"", ""P477138"", ""P477139"", ""P477141"", ""P477142""]","[""DRIVER"", ""PASSENGER""]","[""NORMAL""]","[""NONE PRESENT"", ""SAFETY BELT USED""]","[""F"", ""M""]","[""IL""]","[""2060932"", ""2060950""]","[""60165"", ""60435""]",[],"[""2"", ""3"", ""4"", ""6""]",[],[],[],[],2025,10,7,2,False,morning,41.88,-87.74,41.88_-87.74,34.75,28,44,OTHER,1
STRAIGHT AND LEVEL,324,2025-10-02 07:15:00,5,7,10,35FB2397509983DAB41B38898DF8F6B2588D95DF79843EED1CEB69EE2E41A501CB159B901D33B0E024F515904D0EEE446A20A4F2301E7DC711A5BC2C9438F26F,NO INJURY / DRIVE AWAY,"OVER $1,500",NO CONTROLS,SIDESWIPE SAME DIRECTION,41.7623619184,UNKNOWN,-87.5863772347,2,30,NOT APPLICABLE,UNKNOWN,DRY,NOT APPLICABLE,S,7300,NO CONTROLS,DIVIDED - W/MEDIAN (NOT RAISED),CLEAR,0.0,0.0,0.0,0.0,0.0,1.0,1,1,"[""N"", ""Y""]","[""Y""]","[""Y""]","[""2025-10-02T07:15:00.000""]","[""2161974"", ""2161975""]","[""FRONT-LEFT-CORNER"", ""FRONT-RIGHT-CORNER""]","[""IL""]","[""DODGE"", ""FORD""]","[""STRAIGHT AHEAD""]","[""CARAVAN"", ""EXPEDITION""]","[""1""]","[""S""]","[""1"", ""2""]","[""DRIVER""]","[""NONE""]","[""2060927"", ""2060928""]","[""PASSENGER""]","[""PERSONAL""]","[""2003"", ""2010""]",[],[],"[""Y""]",[],[],[],[],[],"[""Y""]",[],[],[],[],[],[],[],['19'],"[""NOT APPLICABLE""]","[""TEST NOT OFFERED""]","[""CHICAGO"", ""DANVILLE""]","[""2025-10-02T07:15:00.000""]","[""NONE""]","[""UNKNOWN""]","[""D""]","[""IL""]","[""NONE""]","[""NONE""]","[""O2161974"", ""O2161975""]","[""DRIVER""]","[""NORMAL""]","[""NONE PRESENT""]","[""M""]","[""IL""]","[""2060927"", ""2060928""]","[""60612"", ""61832""]",[],[],[],[],[],[],2025,10,7,2,False,morning,41.76,-87.59,41.76_-87.59,19.0,19,19,OTHER,0
STRAIGHT AND LEVEL,122,2025-10-02 07:15:00,5,7,10,E9327BD849FC22546196C4298C4C830637A2A4F8852A1922ABE459664B93C4B3491C7AA6218E7735DB930BE42BFAB676F919B24DD34C0534E0D1CD0008544D98,INJURY AND / OR TOW DUE TO CRASH,"OVER $1,500",NO CONTROLS,PEDALCYCLIST,41.8831000298,DAYLIGHT,-87.6343782452,2,20,UNABLE TO DETERMINE,NO DEFECTS,DRY,NOT APPLICABLE,W,217,NO CONTROLS,ONE-WAY,CLEAR,0.0,0.0,0.0,0.0,0.0,1.0,2,2,"[""Y""]","[""Y""]","[""Y""]","[""2025-10-02T07:15:00.000""]","[""2162074"", ""2162075""]","[""SIDE-RIGHT""]","[""IL""]","[""TOYOTA""]","[""TURNING RIGHT""]","[""COROLLA""]","[""1""]","[""E""]","[""1"", ""2""]","[""BICYCLE"", ""DRIVER""]","[""UNKNOWN""]","[""2061018""]","[""PASSENGER""]","[""PERSONAL""]","[""2021""]",[],[],[],[],[],[],[],[],[],[],[],[],[],[],[],[],"['23', '31']","[""NOT APPLICABLE""]","[""TEST NOT OFFERED""]","[""CHICAGO"", ""VILLA PARK""]","[""2025-10-02T07:15:00.000""]","[""FAILED TO YIELD"", ""UNKNOWN""]","[""UNKNOWN""]","[""D""]","[""IL""]","[""NONE""]",[],"[""O2162074"", ""O2162075""]","[""BICYCLE"", ""DRIVER""]","[""NORMAL""]","[""BICYCLE HELMET (PEDACYCLIST INVOLVED ONLY)"", ""SAFETY BELT USED""]","[""M""]","[""IL""]","[""2061018""]","[""60181"", ""60660""]",[],[],"[""WITH TRAFFIC""]","[""BIKE LANE""]","[""CONTRASTING CLOTHING""]",[],2025,10,7,2,False,morning,41.88,-87.63,41.88_-87.63,27.0,23,31,OTHER,1