alignment,beat_of_occurrence,crash_date,crash_day_of_week,crash_hour,crash_month,crash_record_id,crash_type,damage,device_condition,first_crash_type,latitude,lighting_condition,longitude,num_units,posted_speed_limit,prim_contributory_cause,road_defect,roadway_surface_cond,sec_contributory_cause,street_direction,street_no,traffic_control_device,trafficway_type,weather_condition,private_property_i,hit_and_run_i,intersection_related_i,crash_date_est_i,work_zone_i,workers_present_i,veh_count,ppl_count,veh_area_01_i_list_json,veh_area_02_i_list_json,veh_area_12_i_list_json,veh_crash_date_list_json,veh_crash_unit_id_list_json,veh_first_contact_point_list_json,veh_lic_plate_state_list_json,veh_make_list_json,veh_maneuver_list_json,veh_model_list_json,veh_occupant_cnt_list_json,veh_travel_direction_list_json,veh_unit_no_list_json,veh_unit_type_list_json,veh_vehicle_defect_list_json,veh_vehicle_id_list_json,veh_vehicle_type_list_json,veh_vehicle_use_list_json,veh_vehicle_year_list_json,veh_area_03_i_list_json,veh_area_04_i_list_json,veh_area_11_i_list_json,veh_towed_by_list_json,veh_towed_i_list_json,veh_area_07_i_list_json,veh_area_99_i_list_json,veh_area_09_i_list_json,veh_area_10_i_list_json,veh_cmrc_veh_i_list_json,veh_num_passengers_list_json,veh_area_08_i_list_json,veh_area_00_i_list_json,veh_area_05_i_list_json,veh_area_06_i_list_json,veh_towed_to_list_json,ppl_age_list_json,ppl_airbag_deployed_list_json,ppl_bac_result_list_json,ppl_city_list_json,ppl_crash_date_list_json,ppl_driver_action_list_json,ppl_driver_vision_list_json,ppl_drivers_license_class_list_json,ppl_drivers_license_state_list_json,ppl_ejection_list_json,ppl_hospital_list_json,ppl_person_id_list_json,ppl_person_type_list_json,ppl_physical_condition_list_json,ppl_safety_equipment_list_json,ppl_sex_list_json,ppl_state_list_json,ppl_vehicle_id_list_json,ppl_zipcode_list_json,ppl_ems_agency_list_json,ppl_seat_no_list_json,ppl_pedpedal_action_list_json,ppl_pedpedal_location_list_json,ppl_pedpedal_visibility_list_json,ppl_ems_run_no_list_json,year,month,hour,day,is_weekend,hour_bin,lat_bin,lng_bin,grid_id,ppl_age_mean,ppl_age_min,ppl_age_max,prim_contributory_cause_group,ksi_flag
"CURVE, LEVEL",412,2025-10-02 07:10:00,5,7,10,CC8DAE18EF2DDE719FF748DE4CC2E906543CF5B70DB1E7A193FDF9EFA53882DFBC19A3864215DAF0A69CFE2790E7136A01901CFBC8425BF07FF2CC13BEE27629,NO INJURY / DRIVE AWAY,"OVER $1,500",FUNCTIONING PROPERLY,REAR TO FRONT,41.7370358388,DAYLIGHT,-87.5685869615,3,35,IMPROPER BACKING,NO DEFECTS,OTHER,DRIVING SKILLS/KNOWLEDGE/EXPERIENCE,S,8700,OTHER,DIVIDED - W/MEDIAN BARRIER,CLEAR,0.0,0.0,0.0,0.0,0.0,1.0,1,3,"[""Y""]",[],[],"[""2025-10-02T07:10:00.000""]","[""2161998"", ""2161999"", ""2162000""]","[""FRONT-RIGHT-CORNER"", ""REAR"", ""SIDE-LEFT-REAR""]","[""IL"", ""IN""]","[""ACURA"", ""FORD"", ""INTERNATIONAL TRAILER CORPORATION""]","[""AVOIDING VEHICLES/OBJECTS"", ""BACKING"", ""SLOW/STOP IN TRAFFIC""]","[""ADX"", ""INTERNATIONAL TRAILER CORP."", ""TRANSIT""]","[""1""]","[""NW"", ""SE""]","[""1"", ""2"", ""3""]","[""DRIVER""]","[""NONE""]","[""2060944"", ""2060958"", ""2060967""]","[""SPORT UTILITY VEHICLE (SUV)"", ""TRACTOR W/ SEMI-TRAILER"", ""VAN/MINI-VAN""]","[""COMMERCIAL - SINGLE UNIT"", ""OTHER"", ""PERSONAL""]","[""2018"", ""2020"", ""2024""]",[],"[""Y""]",[],[],[],[],[],[],[],"[""Y""]",[],"[""Y""]","[""Y""]",[],"[""Y""]",[],"['28', '37', '61']","[""DID NOT DEPLOY""]","[""TEST NOT OFFERED""]","[""HAMMOND"", ""VALPARAISO""]","[""2025-10-02T07:10:00.000""]","[""IMPROPER BACKING"", ""OTHER""]","[""NOT OBSCURED""]","[""A""]","[""IN""]","[""NONE""]","[""REFUSED""]","[""O2161998"", ""O2161999"", ""O2162000""]","[""DRIVER""]","[""NORMAL""]","[""USAGE UNKNOWN""]","[""M""]","[""IN""]","[""2060944"", ""2060958"", ""2060967""]","[""46320"", ""46323"", ""46385""]","[""DNA""]",[],[],[],[],[],2025,10,7,2,False,morning,41.74,-87.57,41.74_-87.57,42.0,28,61,OTHER,0
STRAIGHT AND LEVEL,2221,2025-10-02 07:10:00,5,7,10,92ADD7218979C54080192FBE247316750B337AC529E56036A56124C2F56FA6CEECE086DD9B9C65DBF1EC8FF6738B2F1BC194C3B5BFD3F8951249709D9983752C,INJURY AND / OR TOW DUE TO CRASH,"OVER $1,500",NO CONTROLS,REAR END,41.7303810258,DAYLIGHT,-87.6630516542,2,30,UNABLE TO DETERMINE,UNKNOWN,UNKNOWN,UNABLE TO DETERMINE,S,8998,NO CONTROLS,DIVIDED - W/MEDIAN (NOT RAISED),CLEAR,0.0,1.0,0.0,0.0,0.0,1.0,1,2,[],[],[],"[""2025-10-02T07:10:00.000""]","[""2162096"", ""2162097""]","[""REAR-LEFT-CORNER"", ""SIDE-RIGHT-FRONT""]","[""IL""]","[""CHEVROLET"", ""JEEP""]","[""STRAIGHT AHEAD""]","[""CAVALIER"", ""CHEROKEE""]","[""1"", ""2""]","[""N""]","[""1"", ""2""]","[""DRIVER""]","[""UNKNOWN""]","[""2061040"", ""2061056""]","[""PASSENGER""]","[""UNKNOWN/NA""]","[""2016"", ""2020""]",[],[],[],[],[],"[""Y""]","[""Y""]",[],[],[],"[""1""]",[],[],[],"[""Y""]",[],"['3', '39']","[""DID NOT DEPLOY""]","[""TEST NOT OFFERED""]","[""CHICAGO""]","[""2025-10-02T07:10:00.000""]","[""UNKNOWN""]","[""UNKNOWN""]","[""D""]","[""IL"", ""XX""]","[""NONE""]",[],"[""O2162096"", ""O2162097"", ""P477153""]","[""DRIVER"", ""PASSENGER""]","[""UNKNOWN""]","[""USAGE UNKNOWN""]","[""F""]","[""IL""]","[""2061040"", ""2061056""]","[""60628"", ""60629""]",[],"[""6""]",[],[],[],[],2025,10,7,2,False,morning,41.73,-87.66,41.73_-87.66,21.0,3,39,OTHER,1
STRAIGHT AND LEVEL,614,2025-10-02 07:00:00,5,7,10,65DE0BEEAD64886D60879B6F809BA484AED1BA091ADB74D5F6E992A63A354CC4EDDC51BF9600520E8BCE6FDE9674CC5A8609CA7EDDAED2AA3DA8909BE3477C65,INJURY AND / OR TOW DUE TO CRASH,"OVER $1,500",FUNCTIONING PROPERLY,PEDALCYCLIST,41.7357642612,DAYLIGHT,-87.6727981991,2,35,FAILING TO YIELD RIGHT-OF-WAY,NO DEFECTS,DRY,NOT APPLICABLE,W,2000,TRAFFIC SIGNAL,DIVIDED - W/MEDIAN BARRIER,CLEAR,0.0,0.0,1.0,0.0,0.0,1.0,2,1,[],[],[],"[""2025-10-02T07:00:00.000""]","[""2161986"", ""2161987""]","[""FRONT""]","[""IL""]","[""NISSAN""]","[""TURNING LEFT""]","[""ALTIMA""]","[""1""]","[""NW""]","[""1"", ""2""]","[""BICYCLE"", ""DRIVER""]","[""NONE""]","[""2060985""]","[""PASSENGER""]","[""PERSONAL""]","[""2017""]",[],[],[],[],[],[],[],[],[],[],[],[],"[""Y""]",[],[],[],['51'],"[""DID NOT DEPLOY""]","[""TEST NOT OFFERED""]",[],"[""2025-10-02T07:00:00.000""]","[""FAILED TO YIELD"", ""NONE""]","[""NOT OBSCURED""]",[],[],"[""NONE"", ""TOTALLY EJECTED""]","[""LCM""]","[""O2161986"", ""O2161987""]","[""BICYCLE"", ""DRIVER""]","[""NORMAL""]","[""BICYCLE HELMET (PEDACYCLIST INVOLVED ONLY)"", ""SAFETY BELT USED""]","[""F"", ""M""]",[],"[""2060985""]",[],"[""AMB30""]",[],"[""CROSSING - WITH SIGNAL""]","[""IN CROSSWALK""]","[""CONTRASTING CLOTHING""]",[],2025,10,7,2,False,morning,41.74,-87.67,41.74_-87.67,51.0,51,51,FAILURE-TO-YIELD,1
STRAIGHT AND LEVEL,915,2025-10-02 06:50:00,5,6,10,CBB5C2E0FB239A6F53B7A8B72CEF1A4B0A68DBEBC19DE8656A4EDB53E59800C7D922E9F002C787400B5CB668E14C0CE30A05269A531F27A26AF80FFDE1192042,NO INJURY / DRIVE AWAY,"OVER $1,500",NO CONTROLS,REAR TO FRONT,41.8379674215,DAYLIGHT,-87.6437854128,2,0,IMPROPER BACKING,NO DEFECTS,DRY,UNABLE TO DETERMINE,W,659,NO CONTROLS,PARKING LOT,CLEAR,1.0,0.0,0.0,0.0,0.0,1.0,1,3,[],[],[],"[""2025-10-02T06:50:00.000""]","[""2161980"", ""2161981""]","[""FRONT-LEFT-CORNER"", ""REAR-RIGHT-CORNER""]","[""IL""]","[""KIA"", ""MITSUBISHI""]","[""BACKING"", ""STRAIGHT AHEAD""]","[""OUTLANDER"", ""SEDONA""]","[""1"", ""2""]","[""N"", ""S""]","[""1"", ""2""]","[""DRIVER""]","[""NONE""]","[""2060930"", ""2060935""]","[""SPORT UTILITY VEHICLE (SUV)"", ""VAN/MINI-VAN""]","[""PERSONAL""]","[""2017"", ""2019""]",[],[],"[""Y""]",[],[],[],[],[],[],[],"[""1""]",[],[],"[""Y""]",[],[],"['35', '6', '60']","[""DID NOT DEPLOY"", ""NOT APPLICABLE""]","[""TEST NOT OFFERED""]","[""CHICAGO""]","[""2025-10-02T06:50:00.000""]","[""IMPROPER BACKING"", ""NONE""]","[""NOT OBSCURED""]",[],"[""IL""]","[""NONE""]",[],"[""O2161980"", ""O2161981"", ""P477136""]","[""DRIVER"", ""PASSENGER""]","[""NORMAL""]","[""SAFETY BELT USED""]","[""F"", ""M""]","[""IL""]","[""2060930"", ""2060935""]","[""60616""]",[],"[""6""]",[],[],[],[],2025,10,6,2,False,night,41.84,-87.64,41.84_-87.64,33.666666666666664,6,60,OTHER,0
STRAIGHT AND LEVEL,225,2025-10-02 06:43:00,5,6,10,39C149476CE7C41053B4014750B3D84D18EFCFD7464C2B884CF64BA876B38D05C46C6904A1ED181DF67D6E53957B199974F594BF5235DE942227C1D572143C2E,NO INJURY / DRIVE AWAY,"OVER $1,500",NO CONTROLS,SIDESWIPE SAME DIRECTION,41.7942234422,DAYLIGHT,-87.6242296504,2,30,UNABLE TO DETERMINE,NO DEFECTS,DRY,UNABLE TO DETERMINE,E,39,NO CONTROLS,DIVIDED - W/MEDIAN BARRIER,CLEAR,0.0,0.0,0.0,0.0,0.0,1.0,1,2,[],[],[],"[""2025-10-02T06:43:00.000""]","[""2161960"", ""2161961""]","[""SIDE-LEFT"", ""SIDE-RIGHT""]","[""IL""]","[""FORD"", ""NOVA BUS""]","[""CHANGING LANES"", ""LEAVING TRAFFIC LANE TO PARK""]","[""OTHER (EXPLAIN IN NARRATIVE)"", ""TRANSIT""]","[""1""]","[""E""]","[""1"", ""2""]","[""DRIVER""]","[""NONE""]","[""2060913"", ""2060937""]","[""BUS OVER 15 PASS."", ""TRUCK - SINGLE UNIT""]","[""CTA"", ""OTHER""]","[""2015"", ""2023""]",[],[],"[""Y""]",[],[],[],[],[],[],"[""N""]",[],[],"[""Y""]",[],[],[],"['36', '39']","[""DID NOT DEPLOY""]","[""TEST NOT OFFERED"", ""TEST REFUSED""]","[""CHICAGO""]","[""2025-10-02T06:43:00.000""]","[""NONE"", ""UNKNOWN""]","[""NOT OBSCURED""]","[""D""]","[""IL""]","[""NONE""]",[],"[""O2161960"", ""O2161961""]","[""DRIVER""]","[""NORMAL""]","[""USAGE UNKNOWN""]","[""F"", ""M""]","[""IL""]","[""2060913"", ""2060937""]","[""60620""]",[],[],[],[],[],[],2025,10,6,2,False,night,41.79,-87.62,41.79_-87.62,37.5,36,39,OTHER,0
STRAIGHT AND LEVEL,815,2025-10-02 05:50:00,5,5,10,F4A56D57B246303B210F2D1F441F67F1E9C76E36645D7EF749137388FF29082791706377F3DC2B1FB99F3E07C09FACCD2154A6EBF26F03C8AAFD3A9734BDA3C3,NO INJURY / DRIVE AWAY,"$501 - $1,500",NO CONTROLS,SIDESWIPE SAME DIRECTION,41.8077449083,DAYLIGHT,-87.7247438707,2,30,UNABLE TO DETERMINE,NO DEFECTS,DRY,UNABLE TO DETERMINE,W,4031,NO CONTROLS,NOT DIVIDED,CLEAR,0.0,0.0,0.0,0.0,0.0,1.0,1,2,[],[],[],"[""2025-10-02T05:50:00.000""]","[""2161970"", ""2161971""]","[""FRONT-RIGHT-CORNER"", ""SIDE-LEFT""]","[""IL""]","[""HONDA"", ""NISSAN""]","[""STRAIGHT AHEAD""]","[""CIVIC"", ""PATHFINDER""]","[""1""]","[""E""]","[""1"", ""2""]","[""DRIVER""]","[""NONE""]","[""2060921"", ""2060923""]","[""PASSENGER"", ""SPORT UTILITY VEHICLE (SUV)""]","[""PERSONAL""]","[""2009"", ""2018""]",[],[],[],[],[],[],[],"[""Y""]","[""Y""]",[],[],[],"[""Y""]",[],[],[],"['26', '56']","[""DID NOT DEPLOY""]","[""TEST NOT OFFERED""]","[""CHICAGO""]","[""2025-10-02T05:50:00.000""]","[""NONE""]","[""NOT OBSCURED""]","[""D""]","[""IL""]","[""NONE""]","[""REFUSED""]","[""O2161970"", ""O2161971""]","[""DRIVER""]","[""NORMAL""]","[""SAFETY BELT USED""]","[""F"", ""M""]","[""IL""]","[""2060921"", ""2060923""]","[""60609"", ""60638""]",[],[],[],[],[],[],2025,10,5,2,False,night,41.81,-87.72,41.81_-87.72,41.0,26,56,OTHER,0
STRAIGHT AND LEVEL,1621,2025-10-02 05:48:00,5,5,10,7E3754C17C648F233933DD5646E885CC8EE99D1AACF2655011AD607FA8955791E74F4C35847534F08978E6EDE3FC6B8E5A11BC901D56943EE994BA4838AE8A89,NO INJURY / DRIVE AWAY,"OVER $1,500",FUNCTIONING PROPERLY,REAR END,41.9971961475,"DARKNESS, LIGHTED ROAD",-87.766632847,2,30,FOLLOWING TOO CLOSELY,NO DEFECTS,DRY,FOLLOWING TOO CLOSELY,W,5523,TRAFFIC SIGNAL,FOUR WAY,CLEAR,0.0,0.0,0.0,1.0,0.0,1.0,1,2,[],[],"[""Y""]","[""2025-10-02T05:48:00.000""]","[""2161958"", ""2161959""]","[""FRONT"", ""REAR""]","[""IL""]","[""HYUNDAI"", ""JEEP""]","[""SLOW/STOP IN TRAFFIC"", ""STRAIGHT AHEAD""]","[""CHEROKEE"", ""SANTA FE""]","[""1""]","[""W""]","[""1"", ""2""]","[""DRIVER""]","[""NONE""]","[""2060914"", ""2060916""]","[""PASSENGER""]","[""PERSONAL""]","[""2017"", ""2023""]",[],[],[],[],[],"[""Y""]",[],[],[],[],[],[],[],[],"[""Y""]",[],"['32', '51']","[""DID NOT DEPLOY""]","[""TEST NOT OFFERED""]","[""CHICAGO"", ""PARK RIDGE""]","[""2025-10-02T05:48:00.000""]","[""FOLLOWED TOO CLOSELY"", ""NONE""]","[""NOT OBSCURED""]","[""D""]","[""IL""]","[""NONE""]",[],"[""O2161958"", ""O2161959""]","[""DRIVER""]","[""NORMAL""]","[""SAFETY BELT USED""]","[""F"", ""M""]","[""IL""]","[""2060914"", ""2060916""]","[""60068"", ""60656""]",[],[],[],[],[],[],2025,10,5,2,False,night,42.0,-87.77,42.0_-87.77,41.5,32,51,FOLLOWING TOO CLOSELY,0
STRAIGHT AND LEVEL,1121,2025-10-02 05:44:00,5,5,10,090C70A54FFA2ACADEA83FFFCBD451D8895C354AAF9C0719B01ED6104FEFFA471ADA2C7C297CB2646FBCE3F444A6B170DC0E4B14BB4AC392BCC47196738B90BC,INJURY AND / OR TOW DUE TO CRASH,"OVER $1,500",NO CONTROLS,SIDESWIPE OPPOSITE DIRECTION,41.891480351,"DARKNESS, LIGHTED ROAD",-87.7111689514,2,20,DRIVING ON WRONG SIDE/WRONG WAY,NO DEFECTS,DRY,DRIVING ON WRONG SIDE/WRONG WAY,N,541,NO CONTROLS,NOT DIVIDED,CLEAR,0.0,1.0,0.0,0.0,0.0,1.0,1,1,"[""Y""]",[],[],"[""2025-10-02T05:44:00.000""]","[""2161949"", ""2161950""]","[""FRONT-RIGHT-CORNER"", ""SIDE-RIGHT-REAR""]","[""IL""]","[""JEEP"", ""TESLA""]","[""AVOIDING VEHICLES/OBJECTS"", ""DRIVING WRONG WAY""]","[""COMPASS"", ""OTHER (EXPLAIN IN NARRATIVE)""]","[""1""]","[""N"", ""S""]","[""1"", ""2""]","[""DRIVER""]","[""NONE"", ""UNKNOWN""]","[""2060906"", ""2060912""]","[""SPORT UTILITY VEHICLE (SUV)"", ""TRUCK - SINGLE UNIT""]","[""PERSONAL""]","[""2018"", ""2025""]",[],"[""Y""]",[],"[""city of chicago"", ""personal tow""]","[""Y""]",[],[],[],[],[],[],[],"[""Y""]","[""Y""]",[],"[""personal location"", ""pound 1""]",['33'],"[""DEPLOYMENT UNKNOWN""]","[""TEST NOT OFFERED""]","[""CHICAGO""]","[""2025-10-02T05:44:00.000""]","[""NONE"", ""WRONG WAY/SIDE""]","[""NOT OBSCURED"", ""UNKNOWN""]","[""A""]","[""IL""]","[""NONE"", ""UNKNOWN""]",[],"[""O2161949"", ""O2161950""]","[""DRIVER""]","[""NORMAL"", ""UNKNOWN""]","[""SAFETY BELT USED"", ""USAGE UNKNOWN""]","[""M"", ""X""]","[""IL""]","[""2060906"", ""2060912""]","[""60644""]",[],[],[],[],[],[],2025,10,5,2,False,night,41.89,-87.71,41.89_-87.71,33.0,33,33,OTHER,0
STRAIGHT AND LEVEL,2534,2025-10-02 05:38:00,5,5,10,4003EA91CFEBFB0A2C25687F9A40B8BFB5FBE8E6F33B2C712CF10C846CF2C62D58744ECAD633B504182F7D9173446AE34EE016DBAD8BDADB69BFA56B290C182D,INJURY AND / OR TOW DUE TO CRASH,"OVER $1,500",NO CONTROLS,PARKED MOTOR VEHICLE,41.9087586694,UNKNOWN,-87.7339968711,3,30,FAILING TO REDUCE SPEED TO AVOID CRASH,NO DEFECTS,DRY,UNABLE TO DETERMINE,N,1536,NO CONTROLS,ONE-WAY,CLEAR,0.0,1.0,0.0,0.0,0.0,1.0,2,0,"[""Y""]",[],"[""Y""]","[""2025-10-02T05:38:00.000""]","[""2163392"", ""2163393"", ""2163394""]","[""REAR"", ""UNKNOWN""]","[""IL"", ""XX""]","[""KIA"", ""NISSAN"", ""UNKNOWN""]","[""PARKED"", ""STRAIGHT AHEAD""]","[""ALTIMA"", ""OTHER (EXPLAIN IN NARRATIVE)"", ""RIO / K2""]","[""0"", ""1""]","[""N""]","[""1"", ""2"", ""3""]","[""DRIVER"", ""PARKED""]","[""NONE"", ""UNKNOWN""]","[""2062275"", ""2062276"", ""2062277""]","[""PASSENGER"", ""UNKNOWN/NA""]","[""PERSONAL""]","[""2015"", ""2020""]",[],[],[],"[""PRIVATE""]","[""Y""]","[""Y""]","[""Y""]","[""Y""]",[],[],[],"[""Y""]",[],"[""Y""]","[""Y""]",[],[],"[""DEPLOYMENT UNKNOWN""]","[""TEST NOT OFFERED""]",[],"[""2025-10-02T05:38:00.000""]","[""UNKNOWN""]","[""UNKNOWN""]",[],[],"[""NONE""]",[],"[""O2163392""]","[""DRIVER""]","[""UNKNOWN""]","[""USAGE UNKNOWN""]","[""X""]",[],"[""2062275""]",[],[],[],[],[],[],[],2025,10,5,2,False,night,41.91,-87.73,41.91_-87.73,0.0,0,0,SPEEDING,0
STRAIGHT AND LEVEL,1112,2025-10-02 05:00:00,5,5,10,A124BC3503611F4DFAFEFA8E5A8A12009B2D0016FC016F55A27C887EB5429B79E29D40CD905428AF812502121674901F5D9978386431D479CA26E2F69857181E,INJURY AND / OR TOW DUE TO CRASH,"OVER $1,500",NO CONTROLS,SIDESWIPE OPPOSITE DIRECTION,41.8983906716,"DARKNESS, LIGHTED ROAD",-87.723584248,2,15,UNABLE TO DETERMINE,NO DEFECTS,DRY,NOT APPLICABLE,N,937,NO CONTROLS,ALLEY,CLEAR,0.0,1.0,0.0,0.0,0.0,1.0,1,1,"[""Y""]","[""Y""]","[""Y""]","[""2025-10-02T05:00:00.000""]","[""2162277"", ""2162278""]","[""FRONT"", ""FRONT-RIGHT-CORNER""]","[""IL""]","[""FORD""]","[""STRAIGHT AHEAD""]","[""FUSION"", ""OTHER (EXPLAIN IN NARRATIVE)""]","[""1""]","[""N"", ""S""]","[""1"", ""2""]","[""DRIVER""]","[""UNKNOWN""]","[""2061201"", ""2061220""]","[""PASSENGER""]","[""PERSONAL"", ""UNKNOWN/NA""]","[""2012""]","[""Y""]","[""Y""]",[],[],[],[],"[""Y""]",[],[],[],[],[],[],[],[],[],['46'],"[""DEPLOYMENT UNKNOWN"", ""DID NOT DEPLOY""]","[""TEST NOT OFFERED""]","[""CHICAGO""]","[""2025-10-02T05:00:00.000""]","[""UNKNOWN""]","[""UNKNOWN""]","[""D""]","[""IL""]","[""NONE"", ""UNKNOWN""]","[""REFUSED""]","[""O2162277"", ""O2162278""]","[""DRIVER""]","[""NORMAL"", ""UNKNOWN""]","[""USAGE UNKNOWN""]","[""F"", ""M""]","[""IL""]","[""2061201"", ""2061220""]","[""60651""]",[],[],[],[],[],[],2025,10,5,2,False,night,41.9,-87.72,41.9_-87.72,46.0,46,46,OTHER,1
STRAIGHT AND LEVEL,814,2025-10-02 04:05:00,5,4,10,95712D7943C78BE09FC1B1F007B472CB2618720DFDA7E08C37E4B09161FB2343C0CE496F774A357AE46E6C4AF55472219039003C8D0301ACB92A630305E94A0D,INJURY AND / OR TOW DUE TO CRASH,"OVER $1,500",FUNCTIONING PROPERLY,FIXED OBJECT,41.8163578773,"DARKNESS, LIGHTED ROAD",-87.743526691,1,20,UNABLE TO DETERMINE,NO DEFECTS,DRY,NOT APPLICABLE,S,4210,TRAFFIC SIGNAL,NOT DIVIDED,CLEAR,0.0,1.0,1.0,0.0,0.0,1.0,1,0,"[""Y""]","[""Y""]","[""Y""]","[""2025-10-02T04:05:00.000""]","[""2161938""]","[""FRONT""]","[""IL""]","[""BMW""]","[""STRAIGHT AHEAD""]","[""328I""]","[""1""]","[""W""]","[""1""]","[""DRIVER""]","[""NONE""]","[""2060894""]","[""PASSENGER""]","[""PERSONAL""]","[""2013""]","[""Y""]",[],"[""Y""]","[""city of chicago""]","[""Y""]","[""Y""]",[],"[""Y""]","[""Y""]",[],[],"[""Y""]",[],"[""Y""]","[""Y""]","[""doty rd""]",[],"[""DEPLOYED, FRONT""]","[""TEST NOT OFFERED""]",[],"[""2025-10-02T04:05:00.000""]","[""FAILED TO YIELD""]","[""UNKNOWN""]","[""D""]","[""XX""]","[""NONE""]",[],"[""O2161938""]","[""DRIVER""]","[""UNKNOWN""]","[""USAGE UNKNOWN""]","[""X""]",[],"[""2060894""]",[],[],[],[],[],[],[],2025,10,4,2,False,night,41.82,-87.74,41.82_-87.74,0.0,0,0,OTHER,0
STRAIGHT AND LEVEL,314,2025-10-02 04:00:00,5,4,10,65F55821C1788F65A03ECCF2514ED61B8202D8D46AE537CB4F17F139FADE89BCB2C3578E08864E6C6B27849B0790468B4787D7246CDD7AAD14DA35EDDDDC8632,NO INJURY / DRIVE AWAY,"OVER $1,500",NO CONTROLS,PARKED MOTOR VEHICLE,41.7769655453,"DARKNESS, LIGHTED ROAD",-87.5985226073,2,30,UNABLE TO DETERMINE,NO DEFECTS,DRY,UNABLE TO DETERMINE,E,1100,NO CONTROLS,NOT DIVIDED,CLEAR,0.0,1.0,0.0,0.0,0.0,1.0,2,0,"[""N""]","[""N""]",[],"[""2025-10-02T04:00:00.000""]","[""2162354"", ""2162355""]","[""FRONT-LEFT-CORNER"", ""UNKNOWN""]","[""IL""]","[""INFINITI"", ""UNKNOWN""]","[""PARKED"", ""UNKNOWN/NA""]","[""OTHER (EXPLAIN IN NARRATIVE)"", ""QX60""]","[""0"", ""1""]","[""UNKNOWN"", ""W""]","[""1"", ""2""]","[""DRIVER"", ""PARKED""]","[""NONE"", ""UNKNOWN""]","[""2061274"", ""2061277""]","[""SPORT UTILITY VEHICLE (SUV)"", ""UNKNOWN/NA""]","[""NOT IN USE"", ""UNKNOWN/NA""]","[""2014""]",[],[],"[""Y""]",[],[],[],"[""Y""]",[],"[""Y""]",[],[],[],[],[],[],[],[],"[""DEPLOYMENT UNKNOWN""]","[""TEST NOT OFFERED""]",[],"[""2025-10-02T04:00:00.000""]","[""OTHER""]","[""UNKNOWN""]",[],[],"[""NONE""]",[],"[""O2162354""]","[""DRIVER""]","[""UNKNOWN""]","[""USAGE UNKNOWN""]","[""X""]",[],"[""2061274""]",[],[],[],[],[],[],[],2025,10,4,2,False,night,41.78,-87.6,41.78_-87.6,0.0,0,0,OTHER,0
STRAIGHT AND LEVEL,1834,2025-10-02 03:15:00,5,3,10,5448E3130D80B56CC9E59FDAEF8013554EF9DD35C8FD5E48B277E19105BFE27A717A5AEC176555A882D2002735D494A01B882302A5BBDE96FEF336AD58F0DF7E,NO INJURY / DRIVE AWAY,"OVER $1,500",NO CONTROLS,TURNING,41.8949795111,"DARKNESS, LIGHTED ROAD",-87.6243999705,2,30,IMPROPER TURNING/NO SIGNAL,OTHER,UNKNOWN,NOT APPLICABLE,N,700,NO CONTROLS,FOUR WAY,CLEAR,0.0,0.0,1.0,0.0,0.0,1.0,1,2,"[""Y""]","[""Y""]",[],"[""2025-10-02T03:15:00.000""]","[""2161936"", ""2161937""]","[""FRONT-LEFT-CORNER"", ""FRONT-RIGHT-CORNER""]","[""IL""]","[""FORD"", ""MAZDA""]","[""STRAIGHT AHEAD"", ""TURNING RIGHT""]","[""EXPLORER"", ""MAZDA6""]","[""1""]","[""S""]","[""1"", ""2""]","[""DRIVER""]","[""NONE""]","[""2060892"", ""2060893""]","[""OTHER"", ""PASSENGER""]","[""PERSONAL"", ""POLICE""]","[""2005""]","[""N""]",[],"[""Y""]",[],[],[],[],"[""Y""]","[""Y""]",[],[],"[""Y""]",[],[],[],[],"['30', '62']","[""NOT APPLICABLE""]","[""TEST NOT OFFERED""]","[""CHICAGO"", ""WELLINGTON""]","[""2025-10-02T03:15:00.000""]","[""IMPROPER TURN"", ""NONE""]","[""UNKNOWN""]","[""D"", ""E""]","[""FL"", ""IL""]","[""NONE""]",[],"[""O2161936"", ""O2161937""]","[""DRIVER""]","[""NORMAL""]","[""USAGE UNKNOWN""]","[""F"", ""M""]","[""FL"", ""IL""]","[""2060892"", ""2060893""]","[""33449""]",[],[],[],[],[],[],2025,10,3,2,False,night,41.89,-87.62,41.89_-87.62,46.0,30,62,OTHER,0
STRAIGHT AND LEVEL,821,2025-10-02 02:55:00,5,2,10,339AA0FC6FFF573E36E394A0C058C5271136F77F90898A9B347C0A63CB2BEBBF5D521CA14735D11DE7E823C4EB61D9409E618EA429A91E89422A850FB3D71AA6,NO INJURY / DRIVE AWAY,"$501 - $1,500",FUNCTIONING PROPERLY,TURNING,41.8180187462,"DARKNESS, LIGHTED ROAD",-87.7237903822,2,30,UNABLE TO DETERMINE,UNKNOWN,DRY,UNABLE TO DETERMINE,S,4113,TRAFFIC SIGNAL,NOT DIVIDED,CLEAR,0.0,1.0,0.0,0.0,0.0,1.0,1,1,"[""Y""]","[""Y""]",[],"[""2025-10-02T02:55:00.000""]","[""2161930"", ""2161931""]","[""FRONT-LEFT-CORNER"", ""REAR-LEFT-CORNER""]","[""IL""]","[""NISSAN"", ""UNKNOWN""]","[""STRAIGHT AHEAD"", ""TURNING RIGHT""]","[""OTHER (EXPLAIN IN NARRATIVE)"", ""ROGUE""]","[""1""]","[""N""]","[""1"", ""2""]","[""DRIVER""]","[""UNKNOWN""]","[""2060887"", ""2060889""]","[""PASSENGER"", ""SPORT UTILITY VEHICLE (SUV)""]","[""PERSONAL""]","[""2015""]",[],[],[],[],[],"[""Y""]",[],[],[],[],[],"[""Y""]",[],[],[],[],['55'],"[""DEPLOYMENT UNKNOWN"", ""NOT APPLICABLE""]","[""TEST NOT OFFERED""]","[""CHICAGO""]","[""2025-10-02T02:55:00.000""]","[""FOLLOWED TOO CLOSELY"", ""OTHER""]","[""UNKNOWN""]","[""D""]","[""IL""]","[""NONE""]",[],"[""O2161930"", ""O2161931""]","[""DRIVER""]","[""NORMAL"", ""UNKNOWN""]","[""USAGE UNKNOWN""]","[""M"", ""X""]","[""IL""]","[""2060887"", ""2060889""]","[""60632""]",[],[],[],[],[],[],2025,10,2,2,False,night,41.82,-87.72,41.82_-87.72,55.0,55,55,OTHER,0