alignment,beat_of_occurrence,crash_date,crash_day_of_week,crash_hour,crash_month,crash_record_id,crash_type,damage,device_condition,first_crash_type,latitude,lighting_condition,longitude,num_units,posted_speed_limit,prim_contributory_cause,road_defect,roadway_surface_cond,sec_contributory_cause,street_direction,street_no,traffic_control_device,trafficway_type,weather_condition,private_property_i,hit_and_run_i,intersection_related_i,crash_date_est_i,work_zone_i,workers_present_i,veh_count,ppl_count,veh_area_01_i_list_json,veh_area_02_i_list_json,veh_area_12_i_list_json,veh_crash_date_list_json,veh_crash_unit_id_list_json,veh_first_contact_point_list_json,veh_lic_plate_state_list_json,veh_make_list_json,veh_maneuver_list_json,veh_model_list_json,veh_occupant_cnt_list_json,veh_travel_direction_list_json,veh_unit_no_list_json,veh_unit_type_list_json,veh_vehicle_defect_list_json,veh_vehicle_id_list_json,veh_vehicle_type_list_json,veh_vehicle_use_list_json,veh_vehicle_year_list_json,veh_area_03_i_list_json,veh_area_04_i_list_json,veh_area_11_i_list_json,veh_towed_by_list_json,veh_towed_i_list_json,veh_area_07_i_list_json,veh_area_99_i_list_json,veh_area_09_i_list_json,veh_area_10_i_list_json,veh_cmrc_veh_i_list_json,veh_num_passengers_list_json,veh_area_08_i_list_json,veh_area_00_i_list_json,veh_area_05_i_list_json,veh_area_06_i_list_json,veh_towed_to_list_json,ppl_age_list_json,ppl_airbag_deployed_list_json,ppl_bac_result_list_json,ppl_city_list_json,ppl_crash_date_list_json,ppl_driver_action_list_json,ppl_driver_vision_list_json,ppl_drivers_license_class_list_json,ppl_drivers_license_state_list_json,ppl_ejection_list_json,ppl_hospital_list_json,ppl_person_id_list_json,ppl_person_type_list_json,ppl_physical_condition_list_json,ppl_safety_equipment_list_json,ppl_sex_list_json,ppl_state_list_json,ppl_vehicle_id_list_json,ppl_zipcode_list_json,ppl_ems_agency_list_json,ppl_seat_no_list_json,ppl_pedpedal_action_list_json,ppl_pedpedal_location_list_json,ppl_pedpedal_visibility_list_json,ppl_ems_run_no_list_json,year,month,hour,day,is_weekend,hour_bin,lat_bin,lng_bin,grid_id,ppl_age_mean,ppl_age_min,ppl_age_max,prim_contributory_cause_group,ksi_flag
STRAIGHT AND LEVEL,511,2025-10-02 02:00:00,5,2,10,E8ADF5876D8C6DEBCFD06F4E8D0DF4CC54A064F5618E143712B62DD7EC9DFF953DEA62BB7F22A27892670CE1B13C81D604BAFE11B9A427C1E9D4F11123E45330,INJURY AND / OR TOW DUE TO CRASH,"OVER $1,500",NO CONTROLS,PARKED MOTOR VEHICLE,41.7110706507,"DARKNESS, LIGHTED ROAD",-87.6125019548,2,30,UNABLE TO DETERMINE,NO DEFECTS,DRY,UNABLE TO DETERMINE,S,10059,NO CONTROLS,NOT DIVIDED,CLEAR,0.0,1.0,0.0,0.0,0.0,1.0,2,0,"[""Y""]","[""Y""]","[""Y""]","[""2025-10-02T02:00:00.000""]","[""2161932"", ""2161933""]","[""FRONT"", ""REAR-LEFT-CORNER""]","[""IL""]","[""FORD"", ""INFINITI""]","[""PARKED"", ""STRAIGHT AHEAD""]","[""F550"", ""FX35""]","[""0"", ""1""]","[""UNKNOWN"", ""W""]","[""1"", ""2""]","[""DRIVER"", ""PARKED""]","[""NONE"", ""UNKNOWN""]","[""2060890"", ""2060891""]","[""PASSENGER"", ""TRUCK - SINGLE UNIT""]","[""PERSONAL"", ""TOW TRUCK""]","[""2005"", ""2009""]",[],[],"[""Y""]",[],"[""Y""]","[""Y""]",[],"[""Y""]","[""Y""]",[],[],"[""Y""]",[],[],[],[],[],"[""DEPLOYED, COMBINATION""]","[""TEST NOT OFFERED""]","[""CHICAGO""]","[""2025-10-02T02:00:00.000""]","[""UNKNOWN""]","[""UNKNOWN""]","[""NA""]","[""XX""]","[""NONE""]",[],"[""O2161932""]","[""DRIVER""]","[""UNKNOWN""]","[""USAGE UNKNOWN""]","[""M""]","[""IL""]","[""2060890""]","[""60636""]",[],[],[],[],[],[],2025,10,2,2,False,night,41.71,-87.61,41.71_-87.61,0.0,0,0,OTHER,0
STRAIGHT AND LEVEL,533,2025-10-02 01:50:00,5,1,10,7AB30B204656D22B26944D684960C7ED573F845DAF25E0544DC45983A755094D778488E836CCE1574D09A08250D60FED0BF6B59D9C4B74A18475F5A785A94397,INJURY AND / OR TOW DUE TO CRASH,"OVER $1,500",NO CONTROLS,TURNING,41.6590026709,"DARKNESS, LIGHTED ROAD",-87.6151438687,2,30,FAILING TO REDUCE SPEED TO AVOID CRASH,NO DEFECTS,DRY,NOT APPLICABLE,E,247,NO CONTROLS,NOT DIVIDED,CLEAR,0.0,0.0,0.0,0.0,0.0,1.0,1,4,"[""Y""]",[],"[""Y""]","[""2025-10-02T01:50:00.000""]","[""2161928"", ""2161929""]","[""FRONT"", ""REAR""]","[""IN"", ""TN""]","[""CHEVROLET"", ""NISSAN""]","[""STRAIGHT AHEAD"", ""TURNING LEFT""]","[""KICKS"", ""MALIBU""]","[""1"", ""3""]","[""E""]","[""1"", ""2""]","[""DRIVER""]","[""NONE""]","[""2060886"", ""2060888""]","[""PASSENGER""]","[""PERSONAL""]","[""2022"", ""2023""]",[],[],"[""Y""]","[""PERSONAL TOW""]","[""Y""]","[""Y""]",[],[],[],[],"[""2""]",[],[],"[""Y""]","[""Y""]",[],"['33', '34', '37', '38']","[""DEPLOYED, FRONT"", ""NOT APPLICABLE""]","[""TEST NOT OFFERED""]","[""CHICAGO""]","[""2025-10-02T01:50:00.000""]","[""NONE"", ""UNKNOWN""]","[""NOT OBSCURED"", ""UNKNOWN""]",[],"[""IL""]","[""NONE""]",[],"[""O2161928"", ""O2161929"", ""P477132"", ""P477133""]","[""DRIVER"", ""PASSENGER""]","[""NORMAL""]","[""SAFETY BELT USED""]","[""F"", ""M""]","[""IL""]","[""2060886"", ""2060888""]","[""60620"", ""60628""]",[],"[""12"", ""3""]",[],[],[],[],2025,10,1,2,False,night,41.66,-87.62,41.66_-87.62,35.5,33,38,SPEEDING,1
STRAIGHT AND LEVEL,132,2025-10-02 01:20:00,5,1,10,C09269550CD44D3A0B14ED3C22AB0FE92523BF6FA6D9D5C7ADAC15794E3AC3DCE9764687315AEB4BDCAD89E51D39DD98082B0180D9ECF04B4E3CC118D5566E32,INJURY AND / OR TOW DUE TO CRASH,"OVER $1,500",NO CONTROLS,FIXED OBJECT,41.8569059529,"DARKNESS, LIGHTED ROAD",-87.6157869344,1,40,UNABLE TO DETERMINE,NO DEFECTS,DRY,NOT APPLICABLE,S,1841,NO CONTROLS,RAMP,CLEAR,0.0,0.0,0.0,0.0,0.0,1.0,1,0,[],[],[],"[""2025-10-02T01:20:00.000""]","[""2161923""]","[""TOTAL (ALL AREAS)""]","[""IL""]","[""TOYOTA""]","[""UNKNOWN/NA""]","[""SIENNA""]","[""1""]","[""N""]","[""1""]","[""DRIVER""]","[""NONE""]","[""2060877""]","[""PASSENGER""]","[""UNKNOWN/NA""]","[""2004""]",[],[],[],"[""city of chicago SS#065480""]","[""Y""]",[],[],[],[],[],[],[],[],[],[],"[""DODY""]",[],"[""DEPLOYMENT UNKNOWN""]","[""TEST NOT OFFERED""]",[],"[""2025-10-02T01:20:00.000""]","[""UNKNOWN""]","[""UNKNOWN""]",[],[],"[""UNKNOWN""]",[],"[""O2161923""]","[""DRIVER""]","[""UNKNOWN""]","[""USAGE UNKNOWN""]","[""X""]",[],"[""2060877""]",[],[],[],[],[],[],[],2025,10,1,2,False,night,41.86,-87.62,41.86_-87.62,0.0,0,0,OTHER,0
STRAIGHT AND LEVEL,2413,2025-10-02 01:20:00,5,1,10,7F1CCC3FDA170DCFDFB0697BCA032DA7962C96FE3303EB018614FBAD0B3B634A9776AA21A164C24421272A26AB10BFBE749B07F6D690826B4B1BE28FC4677C31,INJURY AND / OR TOW DUE TO CRASH,"OVER $1,500",NO CONTROLS,REAR TO SIDE,41.9959860435,"DARKNESS, LIGHTED ROAD",-87.6922079686,2,20,NOT APPLICABLE,NO DEFECTS,DRY,NOT APPLICABLE,W,2462,STOP SIGN/FLASHER,ONE-WAY,CLEAR,0.0,1.0,0.0,0.0,0.0,1.0,1,1,[],[],[],"[""2025-10-02T01:20:00.000""]","[""2161924"", ""2161925""]","[""REAR-LEFT-CORNER"", ""UNKNOWN""]","[""IL"", ""XX""]","[""MERCEDES-BENZ"", ""UNKNOWN""]","[""SLOW/STOP IN TRAFFIC"", ""UNKNOWN/NA""]","[""C300"", ""MOTORIZED""]","[""1""]","[""E"", ""UNKNOWN""]","[""1"", ""2""]","[""DRIVER""]","[""NONE"", ""UNKNOWN""]","[""2060880"", ""2060882""]","[""PASSENGER""]","[""PERSONAL"", ""UNKNOWN/NA""]","[""2025""]",[],[],[],[],[],"[""Y""]",[],[],[],[],[],[],[],"[""Y""]","[""Y""]",[],['28'],"[""DEPLOYMENT UNKNOWN"", ""NOT APPLICABLE""]","[""TEST NOT OFFERED""]","[""CHICAGO""]","[""2025-10-02T01:20:00.000""]","[""NONE"", ""UNKNOWN""]","[""NOT OBSCURED"", ""UNKNOWN""]","[""D""]","[""IL""]","[""NONE"", ""UNKNOWN""]","[""SWEDISH HOSPITAL""]","[""O2161924"", ""O2161925""]","[""DRIVER""]","[""NORMAL"", ""UNKNOWN""]","[""SAFETY BELT USED"", ""USAGE UNKNOWN""]","[""M"", ""X""]","[""IL""]","[""2060880"", ""2060882""]","[""60659""]","[""AMB 40""]",[],[],[],[],[],2025,10,1,2,False,night,42.0,-87.69,42.0_-87.69,28.0,28,28,OTHER,1
STRAIGHT AND LEVEL,923,2025-10-02 01:08:00,5,1,10,6DCB454701E019EA4F7AAC7FA634EA1197EABB4B92360E1851B85F32558A8F5252F2FF703C35F15E87984EF6CBE72903F00FA3264E6C3605B2A497763223D901,INJURY AND / OR TOW DUE TO CRASH,"OVER $1,500",NO CONTROLS,ANGLE,41.799271181,"DARKNESS, LIGHTED ROAD",-87.694106118,2,30,FAILING TO YIELD RIGHT-OF-WAY,NO DEFECTS,DRY,NOT APPLICABLE,W,2802,NO CONTROLS,ONE-WAY,CLEAR,0.0,0.0,1.0,0.0,0.0,1.0,1,5,[],[],"[""Y""]","[""2025-10-02T01:08:00.000""]","[""2161921"", ""2161922""]","[""FRONT"", ""REAR-RIGHT-CORNER""]","[""IL""]","[""FORD"", ""HONDA""]","[""STRAIGHT AHEAD""]","[""CIVIC"", ""EXPLORER""]","[""1"", ""4""]","[""S"", ""W""]","[""1"", ""2""]","[""DRIVER""]","[""NONE""]","[""2060878"", ""2060879""]","[""PASSENGER"", ""SPORT UTILITY VEHICLE (SUV)""]","[""PERSONAL""]","[""2012"", ""2020""]",[],"[""Y""]",[],"[""private""]","[""Y""]",[],"[""Y""]",[],[],[],"[""3""]",[],[],"[""Y""]",[],[],"['20', '22', '24', '27', '30']","[""NOT APPLICABLE""]","[""TEST NOT OFFERED""]","[""CHICAGO""]","[""2025-10-02T01:08:00.000""]","[""FAILED TO YIELD"", ""NONE""]","[""NOT OBSCURED""]","[""A"", ""D""]","[""IL""]","[""NONE""]",[],"[""O2161921"", ""O2161922"", ""P477127"", ""P477128"", ""P477129""]","[""DRIVER"", ""PASSENGER""]","[""NORMAL""]","[""USAGE UNKNOWN""]","[""M""]","[""IL""]","[""2060878"", ""2060879""]","[""60629"", ""60636""]",[],"[""3"", ""4"", ""6""]",[],[],[],[],2025,10,1,2,False,night,41.8,-87.69,41.8_-87.69,24.6,20,30,FAILURE-TO-YIELD,0
STRAIGHT AND LEVEL,1722,2025-10-02 00:07:00,5,0,10,D4DADE8B97FC68556050B0CB565A02A80A430415128D255C25F4B7453E0ED4F73FB9730EDAE81B2B4341A05BE30C3EBEE877DB55EBDC0509CEDC7BF26C1EE6BF,INJURY AND / OR TOW DUE TO CRASH,"$501 - $1,500",NO CONTROLS,PARKED MOTOR VEHICLE,41.957365553,"DARKNESS, LIGHTED ROAD",-87.7316082128,3,30,EQUIPMENT - VEHICLE CONDITION,NO DEFECTS,DRY,NOT APPLICABLE,W,4156,NO CONTROLS,NOT DIVIDED,CLEAR,0.0,0.0,0.0,0.0,0.0,1.0,2,1,"[""Y""]","[""Y""]","[""Y""]","[""2025-10-02T00:07:00.000""]","[""2161913"", ""2161914"", ""2161915""]","[""FRONT"", ""FRONT-RIGHT-CORNER"", ""SIDE-LEFT""]","[""IL""]","[""DODGE"", ""FORD"", ""PONTIAC""]","[""AVOIDING VEHICLES/OBJECTS"", ""PARKED"", ""STRAIGHT AHEAD""]","[""CATALINA"", ""EXPLORER"", ""RAM 1500 PU""]","[""0"", ""1"", ""2""]","[""E"", ""W""]","[""1"", ""2"", ""3""]","[""DRIVER"", ""PARKED""]","[""BRAKES"", ""NONE"", ""UNKNOWN""]","[""2060870"", ""2060872"", ""2060874""]","[""PASSENGER"", ""PICKUP"", ""SPORT UTILITY VEHICLE (SUV)""]","[""NOT IN USE"", ""PERSONAL"", ""POLICE""]","[""1975"", ""2013"", ""2023""]",[],[],"[""Y""]",[],"[""Y""]",[],[],"[""Y""]","[""Y""]",[],"[""1""]","[""Y""]",[],[],[],[],['42'],"[""DID NOT DEPLOY"", ""NOT APPLICABLE""]","[""TEST NOT OFFERED""]","[""CHICAGO""]","[""2025-10-02T00:07:00.000""]","[""OTHER""]","[""NOT OBSCURED"", ""UNKNOWN""]","[""D""]","[""IL""]","[""NONE""]",[],"[""O2161913"", ""O2161915"", ""P477125""]","[""DRIVER"", ""PASSENGER""]","[""NORMAL"", ""UNKNOWN""]","[""USAGE UNKNOWN""]","[""M""]","[""IL""]","[""2060870"", ""2060874""]","[""60630"", ""60653""]",[],"[""3""]",[],[],[],[],2025,10,0,2,False,afternoon,41.96,-87.73,41.96_-87.73,42.0,42,42,OTHER,0
STRAIGHT AND LEVEL,2511,2025-10-01 23:50:00,4,23,10,FA72A1CD4E34CE2609248734EA32A6F538502B1D4AB0B49BD15440D913C8F4F97710656413C4825053FD4BD46FA146455167198B051DE156447CDA9154707ECE,INJURY AND / OR TOW DUE TO CRASH,"OVER $1,500",FUNCTIONING PROPERLY,TURNING,41.9309055409,"DARKNESS, LIGHTED ROAD",-87.8028896511,3,30,DISREGARDING STOP SIGN,NO DEFECTS,DRY,NOT APPLICABLE,W,7050,STOP SIGN/FLASHER,NOT DIVIDED,CLEAR,0.0,0.0,1.0,0.0,0.0,1.0,2,4,[],[],"[""Y""]","[""2025-10-01T23:50:00.000""]","[""2161918"", ""2161919"", ""2161920""]","[""FRONT-LEFT-CORNER"", ""FRONT-RIGHT-CORNER"", ""REAR-LEFT-CORNER""]","[""IL""]","[""CHEVROLET"", ""FORD"", ""KIA""]","[""PARKED"", ""STRAIGHT AHEAD"", ""TURNING LEFT""]","[""EQUINOX"", ""MUSTANG"", ""SPORTAGE""]","[""0"", ""2""]","[""N"", ""W""]","[""1"", ""2"", ""3""]","[""DRIVER"", ""PARKED""]","[""NONE"", ""OTHER"", ""UNKNOWN""]","[""2060876"", ""2060881"", ""2060885""]","[""PASSENGER"", ""SPORT UTILITY VEHICLE (SUV)""]","[""PERSONAL""]","[""2006"", ""2016"", ""2018""]",[],[],"[""Y""]",[],"[""Y""]","[""Y""]",[],[],"[""Y""]",[],"[""1""]","[""Y""]",[],[],"[""Y""]","[""2116 N NATCHEZ AVE CHI IL""]","['19', '29', '37', '41']","[""DEPLOYED, COMBINATION"", ""DID NOT DEPLOY""]","[""TEST NOT OFFERED""]","[""CHICAGO""]","[""2025-10-01T23:50:00.000""]","[""UNKNOWN""]","[""NOT OBSCURED""]","[""B"", ""D""]","[""IL""]","[""NONE"", ""UNKNOWN""]","[""REFUSE""]","[""O2161918"", ""O2161919"", ""P477126"", ""P477130""]","[""DRIVER"", ""PASSENGER""]","[""NORMAL""]","[""SAFETY BELT USED""]","[""F"", ""M""]","[""IL""]","[""2060876"", ""2060881""]","[""60639"", ""60707""]","[""CFD ENG CO 125"", ""CFD ENG CO.125""]","[""3""]",[],[],[],[],2025,10,23,1,False,evening,41.93,-87.8,41.93_-87.8,31.5,19,41,OTHER,0
STRAIGHT AND LEVEL,511,2025-10-01 23:45:00,4,23,10,D7181073F473443B49A60946F97696A96B27B838584B91FD55571349CC54222EF2161234B9AD06370D27F30AE69AC8E0DDCC165AC9C0EE97F4520129063D455D,NO INJURY / DRIVE AWAY,"OVER $1,500",NO CONTROLS,PARKED MOTOR VEHICLE,41.7184261982,"DARKNESS, LIGHTED ROAD",-87.5936012725,2,30,UNABLE TO DETERMINE,NO DEFECTS,DRY,UNABLE TO DETERMINE,S,9706,NO CONTROLS,ONE-WAY,CLEAR,0.0,1.0,0.0,0.0,0.0,1.0,2,0,[],[],[],"[""2025-10-01T23:45:00.000""]","[""2162517"", ""2162518""]","[""REAR-LEFT-CORNER"", ""UNKNOWN""]","[""WI""]","[""HYUNDAI"", ""UNKNOWN""]","[""PARKED"", ""UNKNOWN/NA""]","[""ELANTRA"", ""OTHER (EXPLAIN IN NARRATIVE)""]","[""0"", ""1""]","[""S"", ""UNKNOWN""]","[""1"", ""2""]","[""DRIVER"", ""PARKED""]","[""UNKNOWN""]","[""2061427"", ""2061430""]","[""PASSENGER"", ""UNKNOWN/NA""]","[""PERSONAL"", ""UNKNOWN/NA""]","[""2013""]",[],[],[],[],[],"[""Y""]","[""Y""]",[],[],[],[],"[""Y""]",[],[],"[""Y""]",[],[],"[""DEPLOYMENT UNKNOWN""]","[""TEST NOT OFFERED""]",[],"[""2025-10-01T23:45:00.000""]","[""UNKNOWN""]","[""UNKNOWN""]",[],[],"[""UNKNOWN""]",[],"[""O2162517""]","[""DRIVER""]","[""UNKNOWN""]","[""USAGE UNKNOWN""]","[""X""]",[],"[""2061427""]",[],[],[],[],[],[],[],2025,10,23,1,False,evening,41.72,-87.59,41.72_-87.59,0.0,0,0,OTHER,0
STRAIGHT AND LEVEL,1934,2025-10-01 23:40:00,4,23,10,7420445E81970FA79650C97F03238B0209D72963090479687C5F60DE2594E62ED73396F9C66E49CD3C18C587B627B6DF16E6D1BD3A3999ADB2A0BE6686966857,NO INJURY / DRIVE AWAY,$500 OR LESS,NO CONTROLS,REAR END,41.9385691071,"DARKNESS, LIGHTED ROAD",-87.6366161535,2,40,FOLLOWING TOO CLOSELY,NO DEFECTS,DRY,FOLLOWING TOO CLOSELY,N,3130,NO CONTROLS,DIVIDED - W/MEDIAN BARRIER,CLEAR,0.0,0.0,0.0,0.0,0.0,1.0,1,2,[],[],"[""Y""]","[""2025-10-01T23:40:00.000""]","[""2161905"", ""2161906""]","[""FRONT"", ""REAR""]","[""IL""]","[""HONDA"", ""TOYOTA""]","[""STRAIGHT AHEAD""]","[""CAMRY"", ""CIVIC""]","[""1""]","[""S""]","[""1"", ""2""]","[""DRIVER""]","[""NONE""]","[""2060859"", ""2060862""]","[""PASSENGER""]","[""PERSONAL""]","[""2011"", ""2018""]",[],[],[],[],[],[],[],[],[],[],[],[],[],[],"[""Y""]",[],"['22', '41']","[""NOT APPLICABLE""]","[""TEST NOT OFFERED""]","[""BURBANK"", ""CHICAGO""]","[""2025-10-01T23:40:00.000""]","[""FOLLOWED TOO CLOSELY"", ""NONE""]","[""NOT OBSCURED""]","[""D""]","[""IL""]","[""NONE""]",[],"[""O2161905"", ""O2161906""]","[""DRIVER""]","[""NORMAL""]","[""SAFETY BELT USED""]","[""M""]","[""IL""]","[""2060859"", ""2060862""]","[""60459"", ""60632""]",[],[],[],[],[],[],2025,10,23,1,False,evening,41.94,-87.64,41.94_-87.64,31.5,22,41,FOLLOWING TOO CLOSELY,0
STRAIGHT AND LEVEL,2012,2025-10-01 23:40:00,4,23,10,5B491D80889453BDC39061BD8B95A2151EAAB4CDCA01B9D60E1A6ECD0C9DE60B11A99275E5EC8C086FCC8B1A1A03C46D5E32D51AA92F77F0BF153F8BB6DE1857,NO INJURY / DRIVE AWAY,$500 OR LESS,NO CONTROLS,REAR END,41.9906829113,UNKNOWN,-87.6723932994,2,30,UNABLE TO DETERMINE,UNKNOWN,UNKNOWN,NOT APPLICABLE,W,1719,TRAFFIC SIGNAL,DIVIDED - W/MEDIAN (NOT RAISED),CLEAR,0.0,1.0,0.0,0.0,0.0,1.0,1,1,[],[],[],"[""2025-10-01T23:40:00.000""]","[""2162955"", ""2162956""]","[""FRONT"", ""REAR""]","[""IL""]","[""HONDA"", ""TOYOTA""]","[""SLOW/STOP IN TRAFFIC"", ""STRAIGHT AHEAD""]","[""CAMRY"", ""CIVIC""]","[""1"", ""2""]","[""E""]","[""1"", ""2""]","[""DRIVER""]","[""UNKNOWN""]","[""2061847"", ""2061869""]","[""PASSENGER""]","[""UNKNOWN/NA""]","[""2014"", ""2015""]",[],[],[],[],[],[],"[""Y""]",[],[],[],"[""1""]",[],[],[],"[""Y""]",[],['35'],"[""DEPLOYMENT UNKNOWN""]","[""TEST NOT OFFERED""]","[""CHICAGO""]","[""2025-10-01T23:40:00.000""]","[""UNKNOWN""]","[""UNKNOWN""]",[],"[""IL""]","[""NONE""]",[],"[""O2162955"", ""O2162956"", ""P477316""]","[""DRIVER"", ""PASSENGER""]","[""UNKNOWN""]","[""USAGE UNKNOWN""]","[""F"", ""M""]","[""IL""]","[""2061847"", ""2061869""]","[""60660""]",[],"[""3""]",[],[],[],[],2025,10,23,1,False,evening,41.99,-87.67,41.99_-87.67,35.0,35,35,OTHER,0
STRAIGHT AND LEVEL,922,2025-10-01 23:30:00,4,23,10,55383C7F631BB5ACAC844542C22F16F05EE541EB9D44390D53C3F28D8874678C57B59593AE0724CAA0F627DC8E50C1B3FACFE021D81135DD8B78BA83A04221A4,INJURY AND / OR TOW DUE TO CRASH,"OVER $1,500",NOT FUNCTIONING,HEAD ON,41.8044185094,"DARKNESS, LIGHTED ROAD",-87.7037217952,2,30,FAILING TO REDUCE SPEED TO AVOID CRASH,NO DEFECTS,DRY,DRIVING ON WRONG SIDE/WRONG WAY,S,4881,TRAFFIC SIGNAL,NOT DIVIDED,CLEAR,0.0,0.0,0.0,0.0,0.0,1.0,1,3,"[""Y""]",[],"[""Y""]","[""2025-10-01T23:30:00.000""]","[""2161916"", ""2161917""]","[""FRONT""]","[""IL""]","[""CHEVROLET"", ""HONDA""]","[""DRIVING WRONG WAY"", ""STRAIGHT AHEAD""]","[""300 DELUXE"", ""ACCORD""]","[""1"", ""2""]","[""N"", ""S""]","[""1"", ""2""]","[""DRIVER""]","[""NONE"", ""UNKNOWN""]","[""2060871"", ""2060875""]","[""PASSENGER""]","[""PERSONAL""]","[""2005"", ""2011""]",[],[],"[""Y""]",[],"[""Y""]","[""Y""]",[],"[""N""]",[],[],"[""1""]","[""N""]",[],"[""Y""]","[""Y""]",[],"['19', '20', '21']","[""DEPLOYED, COMBINATION""]","[""TEST NOT OFFERED""]","[""CHICAGO"", ""OAK LAWN""]","[""2025-10-01T23:30:00.000""]","[""NONE"", ""WRONG WAY/SIDE""]","[""NOT OBSCURED""]","[""D""]","[""IL""]","[""NONE""]","[""MOUNT SINAI""]","[""O2161916"", ""O2161917"", ""P477123""]","[""DRIVER"", ""PASSENGER""]","[""NORMAL"", ""UNKNOWN""]","[""USAGE UNKNOWN""]","[""F"", ""M""]","[""IL""]","[""2060871"", ""2060875""]","[""60453"", ""60632""]","[""CFD""]","[""3""]",[],[],[],[],2025,10,23,1,False,evening,41.8,-87.7,41.8_-87.7,20.0,19,21,SPEEDING,1
STRAIGHT AND LEVEL,1214,2025-10-01 23:27:00,4,23,10,20403A63821E9478D6A8B4B78EED76D210E98865BD11B60AB5FB7F868DCC6D82B559C1CB8A2B9EA177BA7A69438DBED4B1DF52EE3E0894D177A49DAC2FA272A0,INJURY AND / OR TOW DUE TO CRASH,"OVER $1,500",NO CONTROLS,FIXED OBJECT,41.8910900754,"DARKNESS, LIGHTED ROAD",-87.6464208358,1,30,UNDER THE INFLUENCE OF ALCOHOL/DRUGS (USE WHEN ARREST IS EFFECTED),NO DEFECTS,DRY,UNDER THE INFLUENCE OF ALCOHOL/DRUGS (USE WHEN ARREST IS EFFECTED),W,711,NO CONTROLS,NOT DIVIDED,CLEAR,1.0,0.0,0.0,0.0,0.0,1.0,1,2,"[""Y""]",[],"[""Y""]","[""2025-10-01T23:27:00.000""]","[""2161912""]","[""FRONT""]","[""TN""]","[""JEEP""]","[""OTHER""]","[""GRAND CHEROKEE""]","[""2""]","[""S""]","[""1""]","[""DRIVER""]","[""UNKNOWN""]","[""2060867""]","[""SPORT UTILITY VEHICLE (SUV)""]","[""OTHER""]","[""2024""]",[],[],"[""Y""]","[""CITY OF CHICAGO""]","[""Y""]",[],[],[],[],[],"[""1""]",[],[],[],[],"[""POUND 6""]","['30', '62']","[""DEPLOYED, COMBINATION"", ""DEPLOYED, FRONT""]","[""TEST TAKEN""]","[""CHICAGO""]","[""2025-10-01T23:27:00.000""]","[""OTHER""]","[""NOT OBSCURED""]","[""D""]","[""IL""]","[""NONE""]",[],"[""O2161912"", ""P477120""]","[""DRIVER"", ""PASSENGER""]","[""IMPAIRED - ALCOHOL""]","[""USAGE UNKNOWN""]","[""F"", ""M""]","[""IL""]","[""2060867""]","[""60611"", ""60646""]",[],"[""3""]",[],[],[],[],2025,10,23,1,False,evening,41.89,-87.65,41.89_-87.65,46.0,30,62,DUI/IMPAIRMENT,0
STRAIGHT AND LEVEL,1225,2025-10-01 23:14:00,4,23,10,A0052F7F94678F28B1A15B1EF26DCA5A189B89067C073AEB9B4BC8B59AC46377FDAFC2C1636DA274C91895FBFFCEF1E652DA3216812DD2BF4EAC1F7D6252ADD9,INJURY AND / OR TOW DUE TO CRASH,"OVER $1,500",FUNCTIONING PROPERLY,FIXED OBJECT,41.8689286564,"DARKNESS, LIGHTED ROAD",-87.6815294985,1,30,"OPERATING VEHICLE IN ERRATIC, RECKLESS, CARELESS, NEGLIGENT OR AGGRESSIVE MANNER",NO DEFECTS,DRY,NOT APPLICABLE,W,2201,TRAFFIC SIGNAL,FOUR WAY,CLEAR,0.0,0.0,0.0,0.0,0.0,1.0,1,2,"[""Y""]","[""Y""]","[""Y""]","[""2025-10-01T23:14:00.000""]","[""2161907""]","[""FRONT""]","[""IL""]","[""CHEVROLET""]","[""TURNING RIGHT""]","[""IMPALA""]","[""2""]","[""SW""]","[""1""]","[""DRIVER""]","[""UNKNOWN""]","[""2060861""]","[""PASSENGER""]","[""PERSONAL""]","[""2019""]",[],[],"[""Y""]","[""CITY OF CHICAGO""]","[""Y""]",[],[],[],"[""Y""]",[],"[""1""]",[],[],[],[],"[""6""]","['29', '30']","[""DEPLOYED, COMBINATION""]","[""TEST NOT OFFERED""]","[""CHCIAGO"", ""CHICAGO""]","[""2025-10-01T23:14:00.000""]","[""UNKNOWN""]","[""NOT OBSCURED""]","[""D""]","[""IL""]","[""NONE""]","[""STROGER""]","[""O2161907"", ""P477118""]","[""DRIVER"", ""PASSENGER""]","[""NORMAL""]","[""USAGE UNKNOWN""]","[""F"", ""M""]","[""IL""]","[""2060861""]","[""60608""]","[""80"", ""CFD""]","[""3""]",[],[],[],"[""33""]",2025,10,23,1,False,evening,41.87,-87.68,41.87_-87.68,29.5,29,30,OTHER,1